timestamp,run_name,optimizer_name,seed,dataset,iter,split,loss,lr,mfu_percent,dt_ms
2025-09-15 05:52:22,ADAM_lr0.0003,ADAM,2,shakespeare_char,0,train_eval,4.270771503448486,9.900990099009901e-06,,
2025-09-15 05:52:22,ADAM_lr0.0003,ADAM,2,shakespeare_char,0,val_eval,4.269772529602051,9.900990099009901e-06,,
2025-09-15 05:53:06,ADAM_lr0.0003,ADAM,2,shakespeare_char,0,train_iter,4.265802383422852,9.900990099009901e-06,,46550.34065246582
2025-09-15 05:53:07,ADAM_lr0.0003,ADAM,2,shakespeare_char,1,train_eval,4.083425998687744,1.9801980198019803e-05,,
2025-09-15 05:53:07,ADAM_lr0.0003,ADAM,2,shakespeare_char,1,val_eval,4.0874128341674805,1.9801980198019803e-05,,
2025-09-15 05:53:07,ADAM_lr0.0003,ADAM,2,shakespeare_char,1,train_iter,4.133227825164795,1.9801980198019803e-05,,1105.271339416504
2025-09-15 05:53:08,ADAM_lr0.0003,ADAM,2,shakespeare_char,2,train_eval,3.817706346511841,2.9702970297029702e-05,,
2025-09-15 05:53:08,ADAM_lr0.0003,ADAM,2,shakespeare_char,2,val_eval,3.827702045440674,2.9702970297029702e-05,,
2025-09-15 05:53:08,ADAM_lr0.0003,ADAM,2,shakespeare_char,2,train_iter,3.9058785438537598,2.9702970297029702e-05,,1088.23823928833
2025-09-15 05:53:09,ADAM_lr0.0003,ADAM,2,shakespeare_char,3,train_eval,3.633138418197632,3.9603960396039605e-05,,
2025-09-15 05:53:09,ADAM_lr0.0003,ADAM,2,shakespeare_char,3,val_eval,3.6511876583099365,3.9603960396039605e-05,,
2025-09-15 05:53:09,ADAM_lr0.0003,ADAM,2,shakespeare_char,3,train_iter,3.692080497741699,3.9603960396039605e-05,,1044.3530082702637
2025-09-15 05:53:10,ADAM_lr0.0003,ADAM,2,shakespeare_char,4,train_eval,3.4974770545959473,4.950495049504951e-05,,
2025-09-15 05:53:10,ADAM_lr0.0003,ADAM,2,shakespeare_char,4,val_eval,3.5224502086639404,4.950495049504951e-05,,
2025-09-15 05:53:10,ADAM_lr0.0003,ADAM,2,shakespeare_char,4,train_iter,3.524563789367676,4.950495049504951e-05,,1012.2361183166504
2025-09-15 05:53:11,ADAM_lr0.0003,ADAM,2,shakespeare_char,5,train_eval,3.395801305770874,5.9405940594059404e-05,,
2025-09-15 05:53:11,ADAM_lr0.0003,ADAM,2,shakespeare_char,5,val_eval,3.4276883602142334,5.9405940594059404e-05,,
2025-09-15 05:53:12,ADAM_lr0.0003,ADAM,2,shakespeare_char,5,train_iter,3.4788990020751953,5.9405940594059404e-05,0.06390577088945107,1093.28031539917
2025-09-15 05:53:12,ADAM_lr0.0003,ADAM,2,shakespeare_char,6,train_eval,3.337618112564087,6.930693069306931e-05,0.06390577088945107,
2025-09-15 05:53:12,ADAM_lr0.0003,ADAM,2,shakespeare_char,6,val_eval,3.369858503341675,6.930693069306931e-05,0.06390577088945107,
2025-09-15 05:53:13,ADAM_lr0.0003,ADAM,2,shakespeare_char,6,train_iter,3.385826826095581,6.930693069306931e-05,0.06423169525413093,1040.2278900146484
2025-09-15 05:53:13,ADAM_lr0.0003,ADAM,2,shakespeare_char,7,train_eval,3.2869150638580322,7.920792079207921e-05,0.06423169525413093,
2025-09-15 05:53:13,ADAM_lr0.0003,ADAM,2,shakespeare_char,7,val_eval,3.3185367584228516,7.920792079207921e-05,0.06423169525413093,
2025-09-15 05:53:14,ADAM_lr0.0003,ADAM,2,shakespeare_char,7,train_iter,3.3118369579315186,7.920792079207921e-05,0.06448400153589016,1046.6208457946777
2025-09-15 05:53:14,ADAM_lr0.0003,ADAM,2,shakespeare_char,8,train_eval,3.2517035007476807,8.910891089108912e-05,0.06448400153589016,
2025-09-15 05:53:14,ADAM_lr0.0003,ADAM,2,shakespeare_char,8,val_eval,3.2759439945220947,8.910891089108912e-05,0.06448400153589016,
2025-09-15 05:53:15,ADAM_lr0.0003,ADAM,2,shakespeare_char,8,train_iter,3.3329055309295654,8.910891089108912e-05,0.06495597559672096,1009.5829963684082
2025-09-15 05:53:15,ADAM_lr0.0003,ADAM,2,shakespeare_char,9,train_eval,3.191188335418701,9.900990099009902e-05,0.06495597559672096,
2025-09-15 05:53:15,ADAM_lr0.0003,ADAM,2,shakespeare_char,9,val_eval,3.221334934234619,9.900990099009902e-05,0.06495597559672096,
2025-09-15 05:53:16,ADAM_lr0.0003,ADAM,2,shakespeare_char,9,train_iter,3.223052501678467,9.900990099009902e-05,0.06370575687941052,1331.9709300994873
2025-09-15 05:53:17,ADAM_lr0.0003,ADAM,2,shakespeare_char,10,train_eval,3.1070711612701416,0.0001089108910891089,0.06370575687941052,
2025-09-15 05:53:17,ADAM_lr0.0003,ADAM,2,shakespeare_char,10,val_eval,3.13863468170166,0.0001089108910891089,0.06370575687941052,
2025-09-15 05:53:17,ADAM_lr0.0003,ADAM,2,shakespeare_char,10,train_iter,3.1273746490478516,0.0001089108910891089,0.06214656268236329,1452.117681503296
2025-09-15 05:53:18,ADAM_lr0.0003,ADAM,2,shakespeare_char,11,train_eval,3.0855743885040283,0.00011881188118811881,0.06214656268236329,
2025-09-15 05:53:18,ADAM_lr0.0003,ADAM,2,shakespeare_char,11,val_eval,3.105126142501831,0.00011881188118811881,0.06214656268236329,
2025-09-15 05:53:18,ADAM_lr0.0003,ADAM,2,shakespeare_char,11,train_iter,3.1262598037719727,0.00011881188118811881,0.06248689169111426,1065.859317779541
2025-09-15 05:53:19,ADAM_lr0.0003,ADAM,2,shakespeare_char,12,train_eval,3.0445356369018555,0.00012871287128712872,0.06248689169111426,
2025-09-15 05:53:19,ADAM_lr0.0003,ADAM,2,shakespeare_char,12,val_eval,3.0593607425689697,0.00012871287128712872,0.06248689169111426,
2025-09-15 05:53:20,ADAM_lr0.0003,ADAM,2,shakespeare_char,12,train_iter,3.074932813644409,0.00012871287128712872,0.061286914698878904,1383.8562965393066
2025-09-15 05:53:21,ADAM_lr0.0003,ADAM,2,shakespeare_char,13,train_eval,2.947432279586792,0.00013861386138613863,0.061286914698878904,
2025-09-15 05:53:21,ADAM_lr0.0003,ADAM,2,shakespeare_char,13,val_eval,2.977536201477051,0.00013861386138613863,0.061286914698878904,
2025-09-15 05:53:21,ADAM_lr0.0003,ADAM,2,shakespeare_char,13,train_iter,3.0332915782928467,0.00013861386138613863,0.06014521738863547,1400.9826183319092
2025-09-15 05:53:22,ADAM_lr0.0003,ADAM,2,shakespeare_char,14,train_eval,2.9096999168395996,0.0001485148514851485,0.06014521738863547,
2025-09-15 05:53:22,ADAM_lr0.0003,ADAM,2,shakespeare_char,14,val_eval,2.9290943145751953,0.0001485148514851485,0.06014521738863547,
2025-09-15 05:53:22,ADAM_lr0.0003,ADAM,2,shakespeare_char,14,train_iter,2.992328405380249,0.0001485148514851485,0.06068494494528532,1065.97900390625
2025-09-15 05:53:23,ADAM_lr0.0003,ADAM,2,shakespeare_char,15,train_eval,2.8822765350341797,0.00015841584158415842,0.06068494494528532,
2025-09-15 05:53:23,ADAM_lr0.0003,ADAM,2,shakespeare_char,15,val_eval,2.8999853134155273,0.00015841584158415842,0.06068494494528532,
2025-09-15 05:53:23,ADAM_lr0.0003,ADAM,2,shakespeare_char,15,train_iter,2.889472484588623,0.00015841584158415842,0.06157208165862557,1004.4655799865723
2025-09-15 05:53:24,ADAM_lr0.0003,ADAM,2,shakespeare_char,16,train_eval,2.840214729309082,0.00016831683168316833,0.06157208165862557,
2025-09-15 05:53:24,ADAM_lr0.0003,ADAM,2,shakespeare_char,16,val_eval,2.864065647125244,0.00016831683168316833,0.06157208165862557,
2025-09-15 05:53:24,ADAM_lr0.0003,ADAM,2,shakespeare_char,16,train_iter,2.912452220916748,0.00016831683168316833,0.062284518248458175,1017.0383453369141
2025-09-15 05:53:25,ADAM_lr0.0003,ADAM,2,shakespeare_char,17,train_eval,2.8178744316101074,0.00017821782178217824,0.062284518248458175,
2025-09-15 05:53:25,ADAM_lr0.0003,ADAM,2,shakespeare_char,17,val_eval,2.834003210067749,0.00017821782178217824,0.062284518248458175,
2025-09-15 05:53:25,ADAM_lr0.0003,ADAM,2,shakespeare_char,17,train_iter,2.870612621307373,0.00017821782178217824,0.06261328998224505,1065.495491027832
2025-09-15 05:53:26,ADAM_lr0.0003,ADAM,2,shakespeare_char,18,train_eval,2.7885494232177734,0.00018811881188118812,0.06261328998224505,
2025-09-15 05:53:26,ADAM_lr0.0003,ADAM,2,shakespeare_char,18,val_eval,2.805326223373413,0.00018811881188118812,0.06261328998224505,
2025-09-15 05:53:27,ADAM_lr0.0003,ADAM,2,shakespeare_char,18,train_iter,2.8249659538269043,0.00018811881188118812,0.06261945300648701,1114.750862121582
2025-09-15 05:53:27,ADAM_lr0.0003,ADAM,2,shakespeare_char,19,train_eval,2.7685582637786865,0.00019801980198019803,0.06261945300648701,
2025-09-15 05:53:27,ADAM_lr0.0003,ADAM,2,shakespeare_char,19,val_eval,2.780141592025757,0.00019801980198019803,0.06261945300648701,
2025-09-15 05:53:28,ADAM_lr0.0003,ADAM,2,shakespeare_char,19,train_iter,2.781752109527588,0.00019801980198019803,0.0628238853415118,1080.4646015167236
2025-09-15 05:53:28,ADAM_lr0.0003,ADAM,2,shakespeare_char,20,train_eval,2.744187116622925,0.00020792079207920794,0.0628238853415118,
2025-09-15 05:53:28,ADAM_lr0.0003,ADAM,2,shakespeare_char,20,val_eval,2.747401237487793,0.00020792079207920794,0.0628238853415118,
2025-09-15 05:53:29,ADAM_lr0.0003,ADAM,2,shakespeare_char,20,train_iter,2.814993381500244,0.00020792079207920794,0.06335968271780523,1024.7142314910889
2025-09-15 05:53:29,ADAM_lr0.0003,ADAM,2,shakespeare_char,21,train_eval,2.725754499435425,0.0002178217821782178,0.06335968271780523,
2025-09-15 05:53:29,ADAM_lr0.0003,ADAM,2,shakespeare_char,21,val_eval,2.7269155979156494,0.0002178217821782178,0.06335968271780523,
2025-09-15 05:53:30,ADAM_lr0.0003,ADAM,2,shakespeare_char,21,train_iter,2.7929162979125977,0.0002178217821782178,0.06393082087670554,1011.5222930908203
2025-09-15 05:53:30,ADAM_lr0.0003,ADAM,2,shakespeare_char,22,train_eval,2.706225633621216,0.0002277227722772277,0.06393082087670554,
2025-09-15 05:53:30,ADAM_lr0.0003,ADAM,2,shakespeare_char,22,val_eval,2.705993413925171,0.0002277227722772277,0.06393082087670554,
2025-09-15 05:53:31,ADAM_lr0.0003,ADAM,2,shakespeare_char,22,train_iter,2.7230992317199707,0.0002277227722772277,0.06401609162167318,1078.4673690795898
2025-09-15 05:53:32,ADAM_lr0.0003,ADAM,2,shakespeare_char,23,train_eval,2.6912012100219727,0.00023762376237623762,0.06401609162167318,
2025-09-15 05:53:32,ADAM_lr0.0003,ADAM,2,shakespeare_char,23,val_eval,2.693725347518921,0.00023762376237623762,0.06401609162167318,
2025-09-15 05:53:32,ADAM_lr0.0003,ADAM,2,shakespeare_char,23,train_iter,2.7151496410369873,0.00023762376237623762,0.06427319410658612,1049.2558479309082
2025-09-15 05:53:32,ADAM_lr0.0003,ADAM,2,shakespeare_char,24,train_eval,2.6795690059661865,0.00024752475247524753,0.06427319410658612,
2025-09-15 05:53:32,ADAM_lr0.0003,ADAM,2,shakespeare_char,24,val_eval,2.679652690887451,0.00024752475247524753,0.06427319410658612,
2025-09-15 05:53:33,ADAM_lr0.0003,ADAM,2,shakespeare_char,24,train_iter,2.7096736431121826,0.00024752475247524753,0.06496867825899594,980.8907508850098
2025-09-15 05:53:33,ADAM_lr0.0003,ADAM,2,shakespeare_char,25,train_eval,2.6870336532592773,0.00025742574257425744,0.06496867825899594,
2025-09-15 05:53:33,ADAM_lr0.0003,ADAM,2,shakespeare_char,25,val_eval,2.682840347290039,0.00025742574257425744,0.06496867825899594,
2025-09-15 05:53:33,ADAM_lr0.0003,ADAM,2,shakespeare_char,25,train_iter,2.7114953994750977,0.00025742574257425744,0.06803785368033673,730.3638458251953
2025-09-15 05:53:34,ADAM_lr0.0003,ADAM,2,shakespeare_char,26,train_eval,2.6715199947357178,0.00026732673267326735,0.06803785368033673,
2025-09-15 05:53:34,ADAM_lr0.0003,ADAM,2,shakespeare_char,26,val_eval,2.6709046363830566,0.00026732673267326735,0.06803785368033673,
2025-09-15 05:53:35,ADAM_lr0.0003,ADAM,2,shakespeare_char,26,train_iter,2.6447818279266357,0.00026732673267326735,0.06817301521803824,1006.8807601928711
2025-09-15 05:53:35,ADAM_lr0.0003,ADAM,2,shakespeare_char,27,train_eval,2.6495110988616943,0.00027722772277227726,0.06817301521803824,
2025-09-15 05:53:35,ADAM_lr0.0003,ADAM,2,shakespeare_char,27,val_eval,2.648914098739624,0.00027722772277227726,0.06817301521803824,
2025-09-15 05:53:36,ADAM_lr0.0003,ADAM,2,shakespeare_char,27,train_iter,2.663679599761963,0.00027722772277227726,0.06798091618626861,1054.5628070831299
2025-09-15 05:53:36,ADAM_lr0.0003,ADAM,2,shakespeare_char,28,train_eval,2.6396782398223877,0.00028712871287128717,0.06798091618626861,
2025-09-15 05:53:36,ADAM_lr0.0003,ADAM,2,shakespeare_char,28,val_eval,2.6454708576202393,0.00028712871287128717,0.06798091618626861,
2025-09-15 05:53:37,ADAM_lr0.0003,ADAM,2,shakespeare_char,28,train_iter,2.671264171600342,0.00028712871287128717,0.06608090446349887,1426.4144897460938
2025-09-15 05:53:38,ADAM_lr0.0003,ADAM,2,shakespeare_char,29,train_eval,2.652306318283081,0.000297029702970297,0.06608090446349887,
2025-09-15 05:53:38,ADAM_lr0.0003,ADAM,2,shakespeare_char,29,val_eval,2.6487653255462646,0.000297029702970297,0.06608090446349887,
2025-09-15 05:53:38,ADAM_lr0.0003,ADAM,2,shakespeare_char,29,train_iter,2.6485345363616943,0.000297029702970297,0.06849348301536551,774.5203971862793
2025-09-15 05:53:38,ADAM_lr0.0003,ADAM,2,shakespeare_char,30,train_eval,2.655507802963257,0.00030693069306930693,0.06849348301536551,
2025-09-15 05:53:38,ADAM_lr0.0003,ADAM,2,shakespeare_char,30,val_eval,2.6466710567474365,0.00030693069306930693,0.06849348301536551,
2025-09-15 05:53:38,ADAM_lr0.0003,ADAM,2,shakespeare_char,30,train_iter,2.6567389965057373,0.00030693069306930693,0.0715106668282734,708.1203460693359
2025-09-15 05:53:39,ADAM_lr0.0003,ADAM,2,shakespeare_char,31,train_eval,2.6389596462249756,0.00031683168316831684,0.0715106668282734,
2025-09-15 05:53:39,ADAM_lr0.0003,ADAM,2,shakespeare_char,31,val_eval,2.6246025562286377,0.00031683168316831684,0.0715106668282734,
2025-09-15 05:53:40,ADAM_lr0.0003,ADAM,2,shakespeare_char,31,train_iter,2.6732890605926514,0.00031683168316831684,0.06945210426015969,1371.9561100006104
2025-09-15 05:53:41,ADAM_lr0.0003,ADAM,2,shakespeare_char,32,train_eval,2.621750831604004,0.00032673267326732675,0.06945210426015969,
2025-09-15 05:53:41,ADAM_lr0.0003,ADAM,2,shakespeare_char,32,val_eval,2.610844135284424,0.00032673267326732675,0.06945210426015969,
2025-09-15 05:53:41,ADAM_lr0.0003,ADAM,2,shakespeare_char,32,train_iter,2.6464667320251465,0.00032673267326732675,0.06729928789778263,1457.8709602355957
2025-09-15 05:53:42,ADAM_lr0.0003,ADAM,2,shakespeare_char,33,train_eval,2.613112211227417,0.00033663366336633666,0.06729928789778263,
2025-09-15 05:53:42,ADAM_lr0.0003,ADAM,2,shakespeare_char,33,val_eval,2.607156276702881,0.00033663366336633666,0.06729928789778263,
2025-09-15 05:53:42,ADAM_lr0.0003,ADAM,2,shakespeare_char,33,train_iter,2.584899425506592,0.00033663366336633666,0.06719981720757201,1053.7269115447998
2025-09-15 05:53:43,ADAM_lr0.0003,ADAM,2,shakespeare_char,34,train_eval,2.610848903656006,0.00034653465346534657,0.06719981720757201,
2025-09-15 05:53:43,ADAM_lr0.0003,ADAM,2,shakespeare_char,34,val_eval,2.605254888534546,0.00034653465346534657,0.06719981720757201,
2025-09-15 05:53:43,ADAM_lr0.0003,ADAM,2,shakespeare_char,34,train_iter,2.65444278717041,0.00034653465346534657,0.06708638108516081,1057.5408935546875
2025-09-15 05:53:44,ADAM_lr0.0003,ADAM,2,shakespeare_char,35,train_eval,2.6070306301116943,0.0003564356435643565,0.06708638108516081,
2025-09-15 05:53:44,ADAM_lr0.0003,ADAM,2,shakespeare_char,35,val_eval,2.603611707687378,0.0003564356435643565,0.06708638108516081,
2025-09-15 05:53:44,ADAM_lr0.0003,ADAM,2,shakespeare_char,35,train_iter,2.6153666973114014,0.0003564356435643565,0.06705965129752349,1045.6132888793945
2025-09-15 05:53:45,ADAM_lr0.0003,ADAM,2,shakespeare_char,36,train_eval,2.595893144607544,0.00036633663366336634,0.06705965129752349,
2025-09-15 05:53:45,ADAM_lr0.0003,ADAM,2,shakespeare_char,36,val_eval,2.593648672103882,0.00036633663366336634,0.06705965129752349,
2025-09-15 05:53:45,ADAM_lr0.0003,ADAM,2,shakespeare_char,36,train_iter,2.6215620040893555,0.00036633663366336634,0.06744976916621997,984.5843315124512
2025-09-15 05:53:46,ADAM_lr0.0003,ADAM,2,shakespeare_char,37,train_eval,2.594453811645508,0.00037623762376237625,0.06744976916621997,
2025-09-15 05:53:46,ADAM_lr0.0003,ADAM,2,shakespeare_char,37,val_eval,2.598191738128662,0.00037623762376237625,0.06744976916621997,
2025-09-15 05:53:46,ADAM_lr0.0003,ADAM,2,shakespeare_char,37,train_iter,2.6013174057006836,0.00037623762376237625,0.0701799676342601,737.368106842041
2025-09-15 05:53:47,ADAM_lr0.0003,ADAM,2,shakespeare_char,38,train_eval,2.5876505374908447,0.00038613861386138616,0.0701799676342601,
2025-09-15 05:53:47,ADAM_lr0.0003,ADAM,2,shakespeare_char,38,val_eval,2.597990036010742,0.00038613861386138616,0.0701799676342601,
2025-09-15 05:53:47,ADAM_lr0.0003,ADAM,2,shakespeare_char,38,train_iter,2.5732767581939697,0.00038613861386138616,0.07307518072230741,704.7860622406006
2025-09-15 05:53:48,ADAM_lr0.0003,ADAM,2,shakespeare_char,39,train_eval,2.5917553901672363,0.00039603960396039607,0.07307518072230741,
2025-09-15 05:53:48,ADAM_lr0.0003,ADAM,2,shakespeare_char,39,val_eval,2.590531587600708,0.00039603960396039607,0.07307518072230741,
2025-09-15 05:53:48,ADAM_lr0.0003,ADAM,2,shakespeare_char,39,train_iter,2.6028716564178467,0.00039603960396039607,0.07283504755250739,988.5823726654053
2025-09-15 05:53:49,ADAM_lr0.0003,ADAM,2,shakespeare_char,40,train_eval,2.6002585887908936,0.000405940594059406,0.07283504755250739,
2025-09-15 05:53:49,ADAM_lr0.0003,ADAM,2,shakespeare_char,40,val_eval,2.593299150466919,0.000405940594059406,0.07283504755250739,
2025-09-15 05:53:49,ADAM_lr0.0003,ADAM,2,shakespeare_char,40,train_iter,2.568312168121338,0.000405940594059406,0.07478547859152213,756.6320896148682
2025-09-15 05:53:49,ADAM_lr0.0003,ADAM,2,shakespeare_char,41,train_eval,2.58670711517334,0.0004158415841584159,0.07478547859152213,
2025-09-15 05:53:49,ADAM_lr0.0003,ADAM,2,shakespeare_char,41,val_eval,2.5806026458740234,0.0004158415841584159,0.07478547859152213,
2025-09-15 05:53:50,ADAM_lr0.0003,ADAM,2,shakespeare_char,41,train_iter,2.6254959106445312,0.0004158415841584159,0.07436355986237995,990.0891780853271
2025-09-15 05:53:50,ADAM_lr0.0003,ADAM,2,shakespeare_char,42,train_eval,2.576481580734253,0.0004257425742574258,0.07436355986237995,
2025-09-15 05:53:50,ADAM_lr0.0003,ADAM,2,shakespeare_char,42,val_eval,2.574126958847046,0.0004257425742574258,0.07436355986237995,
2025-09-15 05:53:51,ADAM_lr0.0003,ADAM,2,shakespeare_char,42,train_iter,2.6439826488494873,0.0004257425742574258,0.0740269161184881,984.0810298919678
2025-09-15 05:53:51,ADAM_lr0.0003,ADAM,2,shakespeare_char,43,train_eval,2.573850154876709,0.0004356435643564356,0.0740269161184881,
2025-09-15 05:53:51,ADAM_lr0.0003,ADAM,2,shakespeare_char,43,val_eval,2.571475028991699,0.0004356435643564356,0.0740269161184881,
2025-09-15 05:53:52,ADAM_lr0.0003,ADAM,2,shakespeare_char,43,train_iter,2.5663859844207764,0.0004356435643564356,0.07370230227969933,987.0889186859131
2025-09-15 05:53:52,ADAM_lr0.0003,ADAM,2,shakespeare_char,44,train_eval,2.5759003162384033,0.0004455445544554455,0.07370230227969933,
2025-09-15 05:53:52,ADAM_lr0.0003,ADAM,2,shakespeare_char,44,val_eval,2.5749311447143555,0.0004455445544554455,0.07370230227969933,
2025-09-15 05:53:52,ADAM_lr0.0003,ADAM,2,shakespeare_char,44,train_iter,2.561274528503418,0.0004455445544554455,0.07598569970718586,723.7374782562256
2025-09-15 05:53:53,ADAM_lr0.0003,ADAM,2,shakespeare_char,45,train_eval,2.576115608215332,0.0004554455445544554,0.07598569970718586,
2025-09-15 05:53:53,ADAM_lr0.0003,ADAM,2,shakespeare_char,45,val_eval,2.568000555038452,0.0004554455445544554,0.07598569970718586,
2025-09-15 05:53:53,ADAM_lr0.0003,ADAM,2,shakespeare_char,45,train_iter,2.567847967147827,0.0004554455445544554,0.07537308735015111,1000.1051425933838
2025-09-15 05:53:54,ADAM_lr0.0003,ADAM,2,shakespeare_char,46,train_eval,2.571458101272583,0.0004653465346534653,0.07537308735015111,
2025-09-15 05:53:54,ADAM_lr0.0003,ADAM,2,shakespeare_char,46,val_eval,2.566215753555298,0.0004653465346534653,0.07537308735015111,
2025-09-15 05:53:54,ADAM_lr0.0003,ADAM,2,shakespeare_char,46,train_iter,2.594611406326294,0.0004653465346534653,0.0744821154958843,1051.2094497680664
2025-09-15 05:53:55,ADAM_lr0.0003,ADAM,2,shakespeare_char,47,train_eval,2.562127113342285,0.00047524752475247524,0.0744821154958843,
2025-09-15 05:53:55,ADAM_lr0.0003,ADAM,2,shakespeare_char,47,val_eval,2.566452980041504,0.00047524752475247524,0.0744821154958843,
2025-09-15 05:53:55,ADAM_lr0.0003,ADAM,2,shakespeare_char,47,train_iter,2.5453591346740723,0.00047524752475247524,0.07683919245883568,712.543249130249
2025-09-15 05:53:56,ADAM_lr0.0003,ADAM,2,shakespeare_char,48,train_eval,2.582310438156128,0.00048514851485148515,0.07683919245883568,
2025-09-15 05:53:56,ADAM_lr0.0003,ADAM,2,shakespeare_char,48,val_eval,2.588129997253418,0.00048514851485148515,0.07683919245883568,
2025-09-15 05:53:56,ADAM_lr0.0003,ADAM,2,shakespeare_char,48,train_iter,2.619135856628418,0.00048514851485148515,0.0788676439820926,719.3601131439209
2025-09-15 05:53:57,ADAM_lr0.0003,ADAM,2,shakespeare_char,49,train_eval,2.5642452239990234,0.0004950495049504951,0.0788676439820926,
2025-09-15 05:53:57,ADAM_lr0.0003,ADAM,2,shakespeare_char,49,val_eval,2.5768158435821533,0.0004950495049504951,0.0788676439820926,
2025-09-15 05:53:57,ADAM_lr0.0003,ADAM,2,shakespeare_char,49,train_iter,2.592789649963379,0.0004950495049504951,0.08067305146868459,720.8592891693115
2025-09-15 05:53:57,ADAM_lr0.0003,ADAM,2,shakespeare_char,50,train_eval,2.5598180294036865,0.000504950495049505,0.08067305146868459,
2025-09-15 05:53:57,ADAM_lr0.0003,ADAM,2,shakespeare_char,50,val_eval,2.56190824508667,0.000504950495049505,0.08067305146868459,
2025-09-15 05:53:58,ADAM_lr0.0003,ADAM,2,shakespeare_char,50,train_iter,2.5861644744873047,0.000504950495049505,0.07746875264648047,1436.7022514343262
2025-09-15 05:53:59,ADAM_lr0.0003,ADAM,2,shakespeare_char,51,train_eval,2.559689521789551,0.0005148514851485149,0.07746875264648047,
2025-09-15 05:53:59,ADAM_lr0.0003,ADAM,2,shakespeare_char,51,val_eval,2.5600626468658447,0.0005148514851485149,0.07746875264648047,
2025-09-15 05:53:59,ADAM_lr0.0003,ADAM,2,shakespeare_char,51,train_iter,2.5379390716552734,0.0005148514851485149,0.07642034851960319,1043.0278778076172
2025-09-15 05:54:00,ADAM_lr0.0003,ADAM,2,shakespeare_char,52,train_eval,2.5498430728912354,0.0005247524752475248,0.07642034851960319,
2025-09-15 05:54:00,ADAM_lr0.0003,ADAM,2,shakespeare_char,52,val_eval,2.5568947792053223,0.0005247524752475248,0.07642034851960319,
2025-09-15 05:54:00,ADAM_lr0.0003,ADAM,2,shakespeare_char,52,train_iter,2.5419998168945312,0.0005247524752475248,0.07385389594358234,1376.5301704406738
2025-09-15 05:54:01,ADAM_lr0.0003,ADAM,2,shakespeare_char,53,train_eval,2.5542027950286865,0.0005346534653465347,0.07385389594358234,
2025-09-15 05:54:01,ADAM_lr0.0003,ADAM,2,shakespeare_char,53,val_eval,2.553882360458374,0.0005346534653465347,0.07385389594358234,
2025-09-15 05:54:02,ADAM_lr0.0003,ADAM,2,shakespeare_char,53,train_iter,2.586493968963623,0.0005346534653465347,0.07121739295912516,1471.2274074554443
2025-09-15 05:54:03,ADAM_lr0.0003,ADAM,2,shakespeare_char,54,train_eval,2.5601248741149902,0.0005445544554455446,0.07121739295912516,
2025-09-15 05:54:03,ADAM_lr0.0003,ADAM,2,shakespeare_char,54,val_eval,2.559478521347046,0.0005445544554455446,0.07121739295912516,
2025-09-15 05:54:03,ADAM_lr0.0003,ADAM,2,shakespeare_char,54,train_iter,2.562329053878784,0.0005445544554455446,0.07313290007396823,773.0996608734131
2025-09-15 05:54:03,ADAM_lr0.0003,ADAM,2,shakespeare_char,55,train_eval,2.548881769180298,0.0005544554455445545,0.07313290007396823,
2025-09-15 05:54:03,ADAM_lr0.0003,ADAM,2,shakespeare_char,55,val_eval,2.544968843460083,0.0005544554455445545,0.07313290007396823,
2025-09-15 05:54:04,ADAM_lr0.0003,ADAM,2,shakespeare_char,55,train_iter,2.6182289123535156,0.0005544554455445545,0.0727021655593374,1015.1305198669434
2025-09-15 05:54:04,ADAM_lr0.0003,ADAM,2,shakespeare_char,56,train_eval,2.5593903064727783,0.0005643564356435644,0.0727021655593374,
2025-09-15 05:54:04,ADAM_lr0.0003,ADAM,2,shakespeare_char,56,val_eval,2.5670790672302246,0.0005643564356435644,0.0727021655593374,
2025-09-15 05:54:04,ADAM_lr0.0003,ADAM,2,shakespeare_char,56,train_iter,2.60205340385437,0.0005643564356435644,0.07444907895935306,774.8243808746338
2025-09-15 05:54:05,ADAM_lr0.0003,ADAM,2,shakespeare_char,57,train_eval,2.555121898651123,0.0005742574257425743,0.07444907895935306,
2025-09-15 05:54:05,ADAM_lr0.0003,ADAM,2,shakespeare_char,57,val_eval,2.5641777515411377,0.0005742574257425743,0.07444907895935306,
2025-09-15 05:54:05,ADAM_lr0.0003,ADAM,2,shakespeare_char,57,train_iter,2.598334789276123,0.0005742574257425743,0.07678272140476985,714.491605758667
2025-09-15 05:54:06,ADAM_lr0.0003,ADAM,2,shakespeare_char,58,train_eval,2.5514285564422607,0.0005841584158415842,0.07678272140476985,
2025-09-15 05:54:06,ADAM_lr0.0003,ADAM,2,shakespeare_char,58,val_eval,2.54988169670105,0.0005841584158415842,0.07678272140476985,
2025-09-15 05:54:06,ADAM_lr0.0003,ADAM,2,shakespeare_char,58,train_iter,2.580977439880371,0.0005841584158415842,0.0789366159752634,710.5953693389893
2025-09-15 05:54:07,ADAM_lr0.0003,ADAM,2,shakespeare_char,59,train_eval,2.547194242477417,0.000594059405940594,0.0789366159752634,
2025-09-15 05:54:07,ADAM_lr0.0003,ADAM,2,shakespeare_char,59,val_eval,2.5420448780059814,0.000594059405940594,0.0789366159752634,
2025-09-15 05:54:07,ADAM_lr0.0003,ADAM,2,shakespeare_char,59,train_iter,2.579650640487671,0.000594059405940594,0.07739304669410982,1100.250482559204
2025-09-15 05:54:08,ADAM_lr0.0003,ADAM,2,shakespeare_char,60,train_eval,2.5606844425201416,0.000603960396039604,0.07739304669410982,
2025-09-15 05:54:08,ADAM_lr0.0003,ADAM,2,shakespeare_char,60,val_eval,2.549974203109741,0.000603960396039604,0.07739304669410982,
2025-09-15 05:54:08,ADAM_lr0.0003,ADAM,2,shakespeare_char,60,train_iter,2.5725021362304688,0.000603960396039604,0.07862369611025234,778.8994312286377
2025-09-15 05:54:08,ADAM_lr0.0003,ADAM,2,shakespeare_char,61,train_eval,2.556110143661499,0.0006138613861386139,0.07862369611025234,
2025-09-15 05:54:08,ADAM_lr0.0003,ADAM,2,shakespeare_char,61,val_eval,2.5569560527801514,0.0006138613861386139,0.07862369611025234,
2025-09-15 05:54:08,ADAM_lr0.0003,ADAM,2,shakespeare_char,61,train_iter,2.598829746246338,0.0006138613861386139,0.08046399207840998,720.0796604156494
2025-09-15 05:54:09,ADAM_lr0.0003,ADAM,2,shakespeare_char,62,train_eval,2.539947271347046,0.0006237623762376238,0.08046399207840998,
2025-09-15 05:54:09,ADAM_lr0.0003,ADAM,2,shakespeare_char,62,val_eval,2.5503060817718506,0.0006237623762376238,0.08046399207840998,
2025-09-15 05:54:09,ADAM_lr0.0003,ADAM,2,shakespeare_char,62,train_iter,2.5948102474212646,0.0006237623762376238,0.08222652778705207,712.2783660888672
2025-09-15 05:54:10,ADAM_lr0.0003,ADAM,2,shakespeare_char,63,train_eval,2.548647165298462,0.0006336633663366337,0.08222652778705207,
2025-09-15 05:54:10,ADAM_lr0.0003,ADAM,2,shakespeare_char,63,val_eval,2.5651073455810547,0.0006336633663366337,0.08222652778705207,
2025-09-15 05:54:10,ADAM_lr0.0003,ADAM,2,shakespeare_char,63,train_iter,2.532930850982666,0.0006336633663366337,0.08370016464527001,720.5531597137451
2025-09-15 05:54:11,ADAM_lr0.0003,ADAM,2,shakespeare_char,64,train_eval,2.54833722114563,0.0006435643564356436,0.08370016464527001,
2025-09-15 05:54:11,ADAM_lr0.0003,ADAM,2,shakespeare_char,64,val_eval,2.562223434448242,0.0006435643564356436,0.08370016464527001,
2025-09-15 05:54:11,ADAM_lr0.0003,ADAM,2,shakespeare_char,64,train_iter,2.5766348838806152,0.0006435643564356436,0.08504724994269917,719.0098762512207
2025-09-15 05:54:11,ADAM_lr0.0003,ADAM,2,shakespeare_char,65,train_eval,2.5493242740631104,0.0006534653465346535,0.08504724994269917,
2025-09-15 05:54:11,ADAM_lr0.0003,ADAM,2,shakespeare_char,65,val_eval,2.5572330951690674,0.0006534653465346535,0.08504724994269917,
2025-09-15 05:54:11,ADAM_lr0.0003,ADAM,2,shakespeare_char,65,train_iter,2.569509983062744,0.0006534653465346535,0.08636469631783145,711.3184928894043
2025-09-15 05:54:12,ADAM_lr0.0003,ADAM,2,shakespeare_char,66,train_eval,2.5452535152435303,0.0006633663366336634,0.08636469631783145,
2025-09-15 05:54:12,ADAM_lr0.0003,ADAM,2,shakespeare_char,66,val_eval,2.549722194671631,0.0006633663366336634,0.08636469631783145,
2025-09-15 05:54:12,ADAM_lr0.0003,ADAM,2,shakespeare_char,66,train_iter,2.5638186931610107,0.0006633663366336634,0.08751685049449617,713.7563228607178
2025-09-15 05:54:13,ADAM_lr0.0003,ADAM,2,shakespeare_char,67,train_eval,2.54746150970459,0.0006732673267326733,0.08751685049449617,
2025-09-15 05:54:13,ADAM_lr0.0003,ADAM,2,shakespeare_char,67,val_eval,2.549924850463867,0.0006732673267326733,0.08751685049449617,
2025-09-15 05:54:13,ADAM_lr0.0003,ADAM,2,shakespeare_char,67,train_iter,2.5359134674072266,0.0006732673267326733,0.08855268420984039,713.8369083404541
2025-09-15 05:54:13,ADAM_lr0.0003,ADAM,2,shakespeare_char,68,train_eval,2.552600622177124,0.0006831683168316832,0.08855268420984039,
2025-09-15 05:54:13,ADAM_lr0.0003,ADAM,2,shakespeare_char,68,val_eval,2.5580039024353027,0.0006831683168316832,0.08855268420984039,
2025-09-15 05:54:13,ADAM_lr0.0003,ADAM,2,shakespeare_char,68,train_iter,2.5872607231140137,0.0006831683168316832,0.08943600172495478,717.423677444458
2025-09-15 05:54:14,ADAM_lr0.0003,ADAM,2,shakespeare_char,69,train_eval,2.54948353767395,0.0006930693069306931,0.08943600172495478,
2025-09-15 05:54:14,ADAM_lr0.0003,ADAM,2,shakespeare_char,69,val_eval,2.5527803897857666,0.0006930693069306931,0.08943600172495478,
2025-09-15 05:54:14,ADAM_lr0.0003,ADAM,2,shakespeare_char,69,train_iter,2.5957491397857666,0.0006930693069306931,0.0902960203856899,712.6646041870117
2025-09-15 05:54:15,ADAM_lr0.0003,ADAM,2,shakespeare_char,70,train_eval,2.5470473766326904,0.000702970297029703,0.0902960203856899,
2025-09-15 05:54:15,ADAM_lr0.0003,ADAM,2,shakespeare_char,70,val_eval,2.5585145950317383,0.000702970297029703,0.0902960203856899,
2025-09-15 05:54:15,ADAM_lr0.0003,ADAM,2,shakespeare_char,70,train_iter,2.528301239013672,0.000702970297029703,0.09110932474484555,709.820032119751
2025-09-15 05:54:16,ADAM_lr0.0003,ADAM,2,shakespeare_char,71,train_eval,2.551999807357788,0.000712871287128713,0.09110932474484555,
2025-09-15 05:54:16,ADAM_lr0.0003,ADAM,2,shakespeare_char,71,val_eval,2.5464606285095215,0.000712871287128713,0.09110932474484555,
2025-09-15 05:54:16,ADAM_lr0.0003,ADAM,2,shakespeare_char,71,train_iter,2.6051971912384033,0.000712871287128713,0.09183830756223182,710.0358009338379
2025-09-15 05:54:16,ADAM_lr0.0003,ADAM,2,shakespeare_char,72,train_eval,2.55070424079895,0.0007227722772277228,0.09183830756223182,
2025-09-15 05:54:16,ADAM_lr0.0003,ADAM,2,shakespeare_char,72,val_eval,2.5478053092956543,0.0007227722772277228,0.09183830756223182,
2025-09-15 05:54:16,ADAM_lr0.0003,ADAM,2,shakespeare_char,72,train_iter,2.5632081031799316,0.0007227722772277228,0.09248621797944802,710.6261253356934
2025-09-15 05:54:17,ADAM_lr0.0003,ADAM,2,shakespeare_char,73,train_eval,2.54116153717041,0.0007326732673267327,0.09248621797944802,
2025-09-15 05:54:17,ADAM_lr0.0003,ADAM,2,shakespeare_char,73,val_eval,2.5447936058044434,0.0007326732673267327,0.09248621797944802,
2025-09-15 05:54:17,ADAM_lr0.0003,ADAM,2,shakespeare_char,73,train_iter,2.549123525619507,0.0007326732673267327,0.0929846947741069,716.7971134185791
2025-09-15 05:54:18,ADAM_lr0.0003,ADAM,2,shakespeare_char,74,train_eval,2.532944917678833,0.0007425742574257426,0.0929846947741069,
2025-09-15 05:54:18,ADAM_lr0.0003,ADAM,2,shakespeare_char,74,val_eval,2.540614366531372,0.0007425742574257426,0.0929846947741069,
2025-09-15 05:54:18,ADAM_lr0.0003,ADAM,2,shakespeare_char,74,train_iter,2.533008337020874,0.0007425742574257426,0.08874603724963484,1380.8205127716064
2025-09-15 05:54:19,ADAM_lr0.0003,ADAM,2,shakespeare_char,75,train_eval,2.5456643104553223,0.0007524752475247525,0.08874603724963484,
2025-09-15 05:54:19,ADAM_lr0.0003,ADAM,2,shakespeare_char,75,val_eval,2.554755687713623,0.0007524752475247525,0.08874603724963484,
2025-09-15 05:54:19,ADAM_lr0.0003,ADAM,2,shakespeare_char,75,train_iter,2.493082046508789,0.0007524752475247525,0.08888316728101585,775.2883434295654
2025-09-15 05:54:20,ADAM_lr0.0003,ADAM,2,shakespeare_char,76,train_eval,2.541213035583496,0.0007623762376237624,0.08888316728101585,
2025-09-15 05:54:20,ADAM_lr0.0003,ADAM,2,shakespeare_char,76,val_eval,2.54707670211792,0.0007623762376237624,0.08888316728101585,
2025-09-15 05:54:20,ADAM_lr0.0003,ADAM,2,shakespeare_char,76,train_iter,2.5131936073303223,0.0007623762376237624,0.08979884001240322,712.6376628875732
2025-09-15 05:54:21,ADAM_lr0.0003,ADAM,2,shakespeare_char,77,train_eval,2.529343605041504,0.0007722772277227723,0.08979884001240322,
2025-09-15 05:54:21,ADAM_lr0.0003,ADAM,2,shakespeare_char,77,val_eval,2.542372226715088,0.0007722772277227723,0.08979884001240322,
2025-09-15 05:54:21,ADAM_lr0.0003,ADAM,2,shakespeare_char,77,train_iter,2.5380916595458984,0.0007722772277227723,0.09069133828439167,707.7007293701172
2025-09-15 05:54:21,ADAM_lr0.0003,ADAM,2,shakespeare_char,78,train_eval,2.526492118835449,0.0007821782178217822,0.09069133828439167,
2025-09-15 05:54:21,ADAM_lr0.0003,ADAM,2,shakespeare_char,78,val_eval,2.5424089431762695,0.0007821782178217822,0.09069133828439167,
2025-09-15 05:54:21,ADAM_lr0.0003,ADAM,2,shakespeare_char,78,train_iter,2.5503060817718506,0.0007821782178217822,0.09142737157774362,712.5520706176758
2025-09-15 05:54:22,ADAM_lr0.0003,ADAM,2,shakespeare_char,79,train_eval,2.5388686656951904,0.0007920792079207921,0.09142737157774362,
2025-09-15 05:54:22,ADAM_lr0.0003,ADAM,2,shakespeare_char,79,val_eval,2.5522751808166504,0.0007920792079207921,0.09142737157774362,
2025-09-15 05:54:22,ADAM_lr0.0003,ADAM,2,shakespeare_char,79,train_iter,2.550438404083252,0.0007920792079207921,0.09205300826838315,715.2359485626221
2025-09-15 05:54:23,ADAM_lr0.0003,ADAM,2,shakespeare_char,80,train_eval,2.5503127574920654,0.000801980198019802,0.09205300826838315,
2025-09-15 05:54:23,ADAM_lr0.0003,ADAM,2,shakespeare_char,80,val_eval,2.5586674213409424,0.000801980198019802,0.09205300826838315,
2025-09-15 05:54:23,ADAM_lr0.0003,ADAM,2,shakespeare_char,80,train_iter,2.5331432819366455,0.000801980198019802,0.09273546275870859,706.6004276275635
2025-09-15 05:54:23,ADAM_lr0.0003,ADAM,2,shakespeare_char,81,train_eval,2.5462565422058105,0.000811881188118812,0.09273546275870859,
2025-09-15 05:54:23,ADAM_lr0.0003,ADAM,2,shakespeare_char,81,val_eval,2.545358180999756,0.000811881188118812,0.09273546275870859,
2025-09-15 05:54:23,ADAM_lr0.0003,ADAM,2,shakespeare_char,81,train_iter,2.542752742767334,0.000811881188118812,0.09332509785359545,708.3609104156494
2025-09-15 05:54:24,ADAM_lr0.0003,ADAM,2,shakespeare_char,82,train_eval,2.53961181640625,0.0008217821782178219,0.09332509785359545,
2025-09-15 05:54:24,ADAM_lr0.0003,ADAM,2,shakespeare_char,82,val_eval,2.5465993881225586,0.0008217821782178219,0.09332509785359545,
2025-09-15 05:54:24,ADAM_lr0.0003,ADAM,2,shakespeare_char,82,train_iter,2.5474321842193604,0.0008217821782178219,0.09374308551009249,716.5472507476807
2025-09-15 05:54:25,ADAM_lr0.0003,ADAM,2,shakespeare_char,83,train_eval,2.5322163105010986,0.0008316831683168318,0.09374308551009249,
2025-09-15 05:54:25,ADAM_lr0.0003,ADAM,2,shakespeare_char,83,val_eval,2.5367770195007324,0.0008316831683168318,0.09374308551009249,
2025-09-15 05:54:25,ADAM_lr0.0003,ADAM,2,shakespeare_char,83,train_iter,2.555474042892456,0.0008316831683168318,0.0913880845859391,995.3534603118896
2025-09-15 05:54:26,ADAM_lr0.0003,ADAM,2,shakespeare_char,84,train_eval,2.5200648307800293,0.0008415841584158417,0.0913880845859391,
2025-09-15 05:54:26,ADAM_lr0.0003,ADAM,2,shakespeare_char,84,val_eval,2.5288705825805664,0.0008415841584158417,0.0913880845859391,
2025-09-15 05:54:26,ADAM_lr0.0003,ADAM,2,shakespeare_char,84,train_iter,2.550140142440796,0.0008415841584158417,0.0879274432540848,1230.4484844207764
2025-09-15 05:54:28,ADAM_lr0.0003,ADAM,2,shakespeare_char,85,train_eval,2.5229179859161377,0.0008514851485148516,0.0879274432540848,
2025-09-15 05:54:28,ADAM_lr0.0003,ADAM,2,shakespeare_char,85,val_eval,2.5234267711639404,0.0008514851485148516,0.0879274432540848,
2025-09-15 05:54:28,ADAM_lr0.0003,ADAM,2,shakespeare_char,85,train_iter,2.505429267883301,0.0008514851485148516,0.08326202188168262,1692.7902698516846
2025-09-15 05:54:30,ADAM_lr0.0003,ADAM,2,shakespeare_char,86,train_eval,2.5245468616485596,0.0008613861386138615,0.08326202188168262,
2025-09-15 05:54:30,ADAM_lr0.0003,ADAM,2,shakespeare_char,86,val_eval,2.518778085708618,0.0008613861386138615,0.08326202188168262,
2025-09-15 05:54:30,ADAM_lr0.0003,ADAM,2,shakespeare_char,86,train_iter,2.535517692565918,0.0008613861386138615,0.07856389792444785,1925.7280826568604
2025-09-15 05:54:31,ADAM_lr0.0003,ADAM,2,shakespeare_char,87,train_eval,2.521588087081909,0.0008712871287128712,0.07856389792444785,
2025-09-15 05:54:31,ADAM_lr0.0003,ADAM,2,shakespeare_char,87,val_eval,2.5220916271209717,0.0008712871287128712,0.07856389792444785,
2025-09-15 05:54:31,ADAM_lr0.0003,ADAM,2,shakespeare_char,87,train_iter,2.501965045928955,0.0008712871287128712,0.07731122653097713,1057.9936504364014
2025-09-15 05:54:32,ADAM_lr0.0003,ADAM,2,shakespeare_char,88,train_eval,2.5214991569519043,0.0008811881188118811,0.07731122653097713,
2025-09-15 05:54:32,ADAM_lr0.0003,ADAM,2,shakespeare_char,88,val_eval,2.519770383834839,0.0008811881188118811,0.07731122653097713,
2025-09-15 05:54:32,ADAM_lr0.0003,ADAM,2,shakespeare_char,88,train_iter,2.508204936981201,0.0008811881188118811,0.07762340250940568,868.6351776123047
2025-09-15 05:54:33,ADAM_lr0.0003,ADAM,2,shakespeare_char,89,train_eval,2.5172271728515625,0.000891089108910891,0.07762340250940568,
2025-09-15 05:54:33,ADAM_lr0.0003,ADAM,2,shakespeare_char,89,val_eval,2.522580862045288,0.000891089108910891,0.07762340250940568,
2025-09-15 05:54:33,ADAM_lr0.0003,ADAM,2,shakespeare_char,89,train_iter,2.527568817138672,0.000891089108910891,0.07792745091978533,866.1487102508545
2025-09-15 05:54:34,ADAM_lr0.0003,ADAM,2,shakespeare_char,90,train_eval,2.5181305408477783,0.0009009900990099009,0.07792745091978533,
2025-09-15 05:54:34,ADAM_lr0.0003,ADAM,2,shakespeare_char,90,val_eval,2.5222198963165283,0.0009009900990099009,0.07792745091978533,
2025-09-15 05:54:34,ADAM_lr0.0003,ADAM,2,shakespeare_char,90,train_iter,2.5627334117889404,0.0009009900990099009,0.07828849504863966,856.8644523620605
2025-09-15 05:54:34,ADAM_lr0.0003,ADAM,2,shakespeare_char,91,train_eval,2.519508123397827,0.0009108910891089108,0.07828849504863966,
2025-09-15 05:54:34,ADAM_lr0.0003,ADAM,2,shakespeare_char,91,val_eval,2.5197267532348633,0.0009108910891089108,0.07828849504863966,
2025-09-15 05:54:35,ADAM_lr0.0003,ADAM,2,shakespeare_char,91,train_iter,2.5134201049804688,0.0009108910891089108,0.07838579411047965,881.4737796783447
2025-09-15 05:54:35,ADAM_lr0.0003,ADAM,2,shakespeare_char,92,train_eval,2.5136115550994873,0.0009207920792079207,0.07838579411047965,
2025-09-15 05:54:35,ADAM_lr0.0003,ADAM,2,shakespeare_char,92,val_eval,2.521516799926758,0.0009207920792079207,0.07838579411047965,
2025-09-15 05:54:35,ADAM_lr0.0003,ADAM,2,shakespeare_char,92,train_iter,2.545775890350342,0.0009207920792079207,0.0785879841208537,868.9084053039551
2025-09-15 05:54:36,ADAM_lr0.0003,ADAM,2,shakespeare_char,93,train_eval,2.5106568336486816,0.0009306930693069307,0.0785879841208537,
2025-09-15 05:54:36,ADAM_lr0.0003,ADAM,2,shakespeare_char,93,val_eval,2.524534225463867,0.0009306930693069307,0.0785879841208537,
2025-09-15 05:54:36,ADAM_lr0.0003,ADAM,2,shakespeare_char,93,train_iter,2.4890050888061523,0.0009306930693069307,0.07880816131583947,864.7992610931396
2025-09-15 05:54:37,ADAM_lr0.0003,ADAM,2,shakespeare_char,94,train_eval,2.5151495933532715,0.0009405940594059406,0.07880816131583947,
2025-09-15 05:54:37,ADAM_lr0.0003,ADAM,2,shakespeare_char,94,val_eval,2.5299673080444336,0.0009405940594059406,0.07880816131583947,
2025-09-15 05:54:37,ADAM_lr0.0003,ADAM,2,shakespeare_char,94,train_iter,2.5718541145324707,0.0009405940594059406,0.07883510589289504,883.5234642028809
2025-09-15 05:54:38,ADAM_lr0.0003,ADAM,2,shakespeare_char,95,train_eval,2.512951374053955,0.0009504950495049505,0.07883510589289504,
2025-09-15 05:54:38,ADAM_lr0.0003,ADAM,2,shakespeare_char,95,val_eval,2.5147149562835693,0.0009504950495049505,0.07883510589289504,
2025-09-15 05:54:39,ADAM_lr0.0003,ADAM,2,shakespeare_char,95,train_iter,2.5233287811279297,0.0009504950495049505,0.07536381067028232,1583.4884643554688
2025-09-15 05:54:40,ADAM_lr0.0003,ADAM,2,shakespeare_char,96,train_eval,2.5167200565338135,0.0009603960396039604,0.07536381067028232,
2025-09-15 05:54:40,ADAM_lr0.0003,ADAM,2,shakespeare_char,96,val_eval,2.518406391143799,0.0009603960396039604,0.07536381067028232,
2025-09-15 05:54:40,ADAM_lr0.0003,ADAM,2,shakespeare_char,96,train_iter,2.522247791290283,0.0009603960396039604,0.07426345063874588,1085.5607986450195
2025-09-15 05:54:41,ADAM_lr0.0003,ADAM,2,shakespeare_char,97,train_eval,2.5145153999328613,0.0009702970297029703,0.07426345063874588,
2025-09-15 05:54:41,ADAM_lr0.0003,ADAM,2,shakespeare_char,97,val_eval,2.5098531246185303,0.0009702970297029703,0.07426345063874588,
2025-09-15 05:54:41,ADAM_lr0.0003,ADAM,2,shakespeare_char,97,train_iter,2.545078754425049,0.0009702970297029703,0.07247836696213489,1238.4982109069824
2025-09-15 05:54:42,ADAM_lr0.0003,ADAM,2,shakespeare_char,98,train_eval,2.5048775672912598,0.0009801980198019802,0.07247836696213489,
2025-09-15 05:54:42,ADAM_lr0.0003,ADAM,2,shakespeare_char,98,val_eval,2.5101325511932373,0.0009801980198019802,0.07247836696213489,
2025-09-15 05:54:43,ADAM_lr0.0003,ADAM,2,shakespeare_char,98,train_iter,2.5793139934539795,0.0009801980198019802,0.06997306789965783,1473.1969833374023
2025-09-15 05:54:43,ADAM_lr0.0003,ADAM,2,shakespeare_char,99,train_eval,2.517888069152832,0.0009900990099009901,0.06997306789965783,
2025-09-15 05:54:43,ADAM_lr0.0003,ADAM,2,shakespeare_char,99,val_eval,2.5311453342437744,0.0009900990099009901,0.06997306789965783,
2025-09-15 05:54:43,ADAM_lr0.0003,ADAM,2,shakespeare_char,99,train_iter,2.5464510917663574,0.0009900990099009901,0.07101219970037177,869.3766593933105
2025-09-15 05:54:44,ADAM_lr0.0003,ADAM,2,shakespeare_char,100,train_eval,2.517167091369629,0.001,0.07101219970037177,
2025-09-15 05:54:44,ADAM_lr0.0003,ADAM,2,shakespeare_char,100,val_eval,2.528085231781006,0.001,0.07101219970037177,
2025-09-15 05:56:09,ADAM_lr0.0003,ADAM,2,shakespeare_char,0,train_eval,4.270771503448486,9.900990099009901e-06,,
2025-09-15 05:56:09,ADAM_lr0.0003,ADAM,2,shakespeare_char,0,val_eval,4.269772529602051,9.900990099009901e-06,,
2025-09-15 05:57:33,ADAM_lr0.0003,ADAM,2,shakespeare_char,100,train_iter,2.5043258666992188,0.001,0.06395216629435427,169635.22696495056
2025-09-15 05:57:34,ADAM_lr0.0003,ADAM,2,shakespeare_char,101,train_eval,2.502577304840088,0.000999999907510999,0.06395216629435427,
2025-09-15 05:57:34,ADAM_lr0.0003,ADAM,2,shakespeare_char,101,val_eval,2.5113980770111084,0.000999999907510999,0.06395216629435427,
2025-09-15 05:57:34,ADAM_lr0.0003,ADAM,2,shakespeare_char,101,train_iter,2.5202863216400146,0.000999999907510999,0.06325290258987787,1226.6063690185547
2025-09-15 05:57:36,ADAM_lr0.0003,ADAM,2,shakespeare_char,102,train_eval,2.506732225418091,0.000999999630044034,0.06325290258987787,
2025-09-15 05:57:36,ADAM_lr0.0003,ADAM,2,shakespeare_char,102,val_eval,2.506747245788574,0.000999999630044034,0.06325290258987787,
2025-09-15 05:57:37,ADAM_lr0.0003,ADAM,2,shakespeare_char,102,train_iter,2.5156939029693604,0.000999999630044034,0.05922882094498747,3036.0968112945557
2025-09-15 05:57:39,ADAM_lr0.0003,ADAM,2,shakespeare_char,103,train_eval,2.5053043365478516,0.0009999991675992191,0.05922882094498747,
2025-09-15 05:57:39,ADAM_lr0.0003,ADAM,2,shakespeare_char,103,val_eval,2.514559268951416,0.0009999991675992191,0.05922882094498747,
2025-09-15 05:57:39,ADAM_lr0.0003,ADAM,2,shakespeare_char,103,train_iter,2.490544319152832,0.0009999991675992191,0.05681977831613421,1988.3356094360352
2025-09-15 05:57:41,ADAM_lr0.0003,ADAM,2,shakespeare_char,104,train_eval,2.5163657665252686,0.0009999985201767443,0.05681977831613421,
2025-09-15 05:57:41,ADAM_lr0.0003,ADAM,2,shakespeare_char,104,val_eval,2.5381524562835693,0.0009999985201767443,0.05681977831613421,
2025-09-15 05:57:41,ADAM_lr0.0003,ADAM,2,shakespeare_char,104,train_iter,2.510921001434326,0.0009999985201767443,0.05493827690988695,1838.3727073669434
2025-09-15 05:57:42,ADAM_lr0.0003,ADAM,2,shakespeare_char,105,train_eval,2.5224196910858154,0.000999997687776876,0.05493827690988695,
2025-09-15 05:57:42,ADAM_lr0.0003,ADAM,2,shakespeare_char,105,val_eval,2.5548152923583984,0.000999997687776876,0.05493827690988695,
2025-09-15 05:57:42,ADAM_lr0.0003,ADAM,2,shakespeare_char,105,train_iter,2.5057458877563477,0.000999997687776876,0.054533820678499746,1372.800588607788
2025-09-15 05:57:44,ADAM_lr0.0003,ADAM,2,shakespeare_char,106,train_eval,2.5061120986938477,0.0009999966703999558,0.054533820678499746,
2025-09-15 05:57:44,ADAM_lr0.0003,ADAM,2,shakespeare_char,106,val_eval,2.525466203689575,0.0009999966703999558,0.054533820678499746,
2025-09-15 05:57:44,ADAM_lr0.0003,ADAM,2,shakespeare_char,106,train_iter,2.4972944259643555,0.0009999966703999558,0.05516772214560158,1147.752046585083
2025-09-15 05:57:45,ADAM_lr0.0003,ADAM,2,shakespeare_char,107,train_eval,2.50986385345459,0.0009999954680464025,0.05516772214560158,
2025-09-15 05:57:45,ADAM_lr0.0003,ADAM,2,shakespeare_char,107,val_eval,2.5238122940063477,0.0009999954680464025,0.05516772214560158,
2025-09-15 05:57:45,ADAM_lr0.0003,ADAM,2,shakespeare_char,107,train_iter,2.516414165496826,0.0009999954680464025,0.054782772086886866,1361.4447116851807
2025-09-15 05:57:47,ADAM_lr0.0003,ADAM,2,shakespeare_char,108,train_eval,2.510495662689209,0.00099999408071671,0.054782772086886866,
2025-09-15 05:57:47,ADAM_lr0.0003,ADAM,2,shakespeare_char,108,val_eval,2.520203113555908,0.00099999408071671,0.054782772086886866,
2025-09-15 05:57:47,ADAM_lr0.0003,ADAM,2,shakespeare_char,108,train_iter,2.522686004638672,0.00099999408071671,0.05264413507409935,2092.0493602752686
2025-09-15 05:57:49,ADAM_lr0.0003,ADAM,2,shakespeare_char,109,train_eval,2.502305269241333,0.0009999925084114485,0.05264413507409935,
2025-09-15 05:57:49,ADAM_lr0.0003,ADAM,2,shakespeare_char,109,val_eval,2.51422119140625,0.0009999925084114485,0.05264413507409935,
2025-09-15 05:57:49,ADAM_lr0.0003,ADAM,2,shakespeare_char,109,train_iter,2.492725133895874,0.0009999925084114485,0.050793719505335524,2046.4839935302734
2025-09-15 05:57:51,ADAM_lr0.0003,ADAM,2,shakespeare_char,110,train_eval,2.523925542831421,0.0009999907511312647,0.050793719505335524,
2025-09-15 05:57:51,ADAM_lr0.0003,ADAM,2,shakespeare_char,110,val_eval,2.5493199825286865,0.0009999907511312647,0.050793719505335524,
2025-09-15 05:57:51,ADAM_lr0.0003,ADAM,2,shakespeare_char,110,train_iter,2.5452451705932617,0.0009999907511312647,0.049262213363771595,1969.2661762237549
2025-09-15 05:57:53,ADAM_lr0.0003,ADAM,2,shakespeare_char,111,train_eval,2.5094571113586426,0.0009999888088768807,0.049262213363771595,
2025-09-15 05:57:53,ADAM_lr0.0003,ADAM,2,shakespeare_char,111,val_eval,2.521045446395874,0.0009999888088768807,0.049262213363771595,
2025-09-15 05:57:53,ADAM_lr0.0003,ADAM,2,shakespeare_char,111,train_iter,2.5121865272521973,0.0009999888088768807,0.047536613836413825,2182.9171180725098
2025-09-15 05:57:55,ADAM_lr0.0003,ADAM,2,shakespeare_char,112,train_eval,2.514369249343872,0.000999986681649095,0.047536613836413825,
2025-09-15 05:57:55,ADAM_lr0.0003,ADAM,2,shakespeare_char,112,val_eval,2.515501022338867,0.000999986681649095,0.047536613836413825,
2025-09-15 05:57:55,ADAM_lr0.0003,ADAM,2,shakespeare_char,112,train_iter,2.527209758758545,0.000999986681649095,0.046720410995647714,1774.4166851043701
2025-09-15 05:57:57,ADAM_lr0.0003,ADAM,2,shakespeare_char,113,train_eval,2.503664016723633,0.0009999843694487819,0.046720410995647714,
2025-09-15 05:57:57,ADAM_lr0.0003,ADAM,2,shakespeare_char,113,val_eval,2.5062503814697266,0.0009999843694487819,0.046720410995647714,
2025-09-15 05:57:58,ADAM_lr0.0003,ADAM,2,shakespeare_char,113,train_iter,2.536345958709717,0.0009999843694487819,0.044509324637150675,2839.016914367676
2025-09-15 05:57:59,ADAM_lr0.0003,ADAM,2,shakespeare_char,114,train_eval,2.503232717514038,0.000999981872276892,0.044509324637150675,
2025-09-15 05:57:59,ADAM_lr0.0003,ADAM,2,shakespeare_char,114,val_eval,2.505580186843872,0.000999981872276892,0.044509324637150675,
2025-09-15 05:58:00,ADAM_lr0.0003,ADAM,2,shakespeare_char,114,train_iter,2.547628879547119,0.000999981872276892,0.043417449745656436,2079.9560546875
2025-09-15 05:58:02,ADAM_lr0.0003,ADAM,2,shakespeare_char,115,train_eval,2.49831223487854,0.0009999791901344516,0.043417449745656436,
2025-09-15 05:58:02,ADAM_lr0.0003,ADAM,2,shakespeare_char,115,val_eval,2.5089638233184814,0.0009999791901344516,0.043417449745656436,
2025-09-15 05:58:02,ADAM_lr0.0003,ADAM,2,shakespeare_char,115,train_iter,2.5015299320220947,0.0009999791901344516,0.04283286373697687,1859.5678806304932
2025-09-15 05:58:03,ADAM_lr0.0003,ADAM,2,shakespeare_char,116,train_eval,2.496474504470825,0.0009999763230225634,0.04283286373697687,
2025-09-15 05:58:03,ADAM_lr0.0003,ADAM,2,shakespeare_char,116,val_eval,2.517275094985962,0.0009999763230225634,0.04283286373697687,
2025-09-15 05:58:03,ADAM_lr0.0003,ADAM,2,shakespeare_char,116,train_iter,2.554795980453491,0.0009999763230225634,0.042871932610416226,1616.4085865020752
2025-09-15 05:58:05,ADAM_lr0.0003,ADAM,2,shakespeare_char,117,train_eval,2.506925106048584,0.0009999732709424058,0.042871932610416226,
2025-09-15 05:58:05,ADAM_lr0.0003,ADAM,2,shakespeare_char,117,val_eval,2.5235280990600586,0.0009999732709424058,0.042871932610416226,
2025-09-15 05:58:05,ADAM_lr0.0003,ADAM,2,shakespeare_char,117,train_iter,2.4934349060058594,0.0009999732709424058,0.04352084318200908,1415.42649269104
2025-09-15 05:58:07,ADAM_lr0.0003,ADAM,2,shakespeare_char,118,train_eval,2.5030770301818848,0.0009999700338952336,0.04352084318200908,
2025-09-15 05:58:07,ADAM_lr0.0003,ADAM,2,shakespeare_char,118,val_eval,2.5176808834075928,0.0009999700338952336,0.04352084318200908,
2025-09-15 05:58:07,ADAM_lr0.0003,ADAM,2,shakespeare_char,118,train_iter,2.4962563514709473,0.0009999700338952336,0.04323642921863066,1717.6151275634766
2025-09-15 05:58:08,ADAM_lr0.0003,ADAM,2,shakespeare_char,119,train_eval,2.4965097904205322,0.0009999666118823774,0.04323642921863066,
2025-09-15 05:58:08,ADAM_lr0.0003,ADAM,2,shakespeare_char,119,val_eval,2.5092711448669434,0.0009999666118823774,0.04323642921863066,
2025-09-15 05:58:08,ADAM_lr0.0003,ADAM,2,shakespeare_char,119,train_iter,2.497507095336914,0.0009999666118823774,0.045363298832410734,1083.1220149993896
2025-09-15 05:58:09,ADAM_lr0.0003,ADAM,2,shakespeare_char,120,train_eval,2.499765634536743,0.0009999630049052437,0.045363298832410734,
2025-09-15 05:58:09,ADAM_lr0.0003,ADAM,2,shakespeare_char,120,val_eval,2.52043080329895,0.0009999630049052437,0.045363298832410734,
2025-09-15 05:58:09,ADAM_lr0.0003,ADAM,2,shakespeare_char,120,train_iter,2.5060248374938965,0.0009999630049052437,0.04547499550504011,1503.1523704528809
2025-09-15 05:58:11,ADAM_lr0.0003,ADAM,2,shakespeare_char,121,train_eval,2.5049920082092285,0.0009999592129653152,0.04547499550504011,
2025-09-15 05:58:11,ADAM_lr0.0003,ADAM,2,shakespeare_char,121,val_eval,2.525967597961426,0.0009999592129653152,0.04547499550504011,
2025-09-15 05:58:11,ADAM_lr0.0003,ADAM,2,shakespeare_char,121,train_iter,2.5059571266174316,0.0009999592129653152,0.044743008401460393,1831.1281204223633
2025-09-15 05:58:12,ADAM_lr0.0003,ADAM,2,shakespeare_char,122,train_eval,2.49539852142334,0.0009999552360641507,0.044743008401460393,
2025-09-15 05:58:12,ADAM_lr0.0003,ADAM,2,shakespeare_char,122,val_eval,2.520517349243164,0.0009999552360641507,0.044743008401460393,
2025-09-15 05:58:12,ADAM_lr0.0003,ADAM,2,shakespeare_char,122,train_iter,2.55964994430542,0.0009999552360641507,0.04519755104296313,1417.5114631652832
2025-09-15 05:58:14,ADAM_lr0.0003,ADAM,2,shakespeare_char,123,train_eval,2.4913909435272217,0.000999951074203385,0.04519755104296313,
2025-09-15 05:58:14,ADAM_lr0.0003,ADAM,2,shakespeare_char,123,val_eval,2.505983352661133,0.000999951074203385,0.04519755104296313,
2025-09-15 05:58:14,ADAM_lr0.0003,ADAM,2,shakespeare_char,123,train_iter,2.544354200363159,0.000999951074203385,0.04459407824293726,1784.0113639831543
2025-09-15 05:58:16,ADAM_lr0.0003,ADAM,2,shakespeare_char,124,train_eval,2.4990122318267822,0.0009999467273847289,0.04459407824293726,
2025-09-15 05:58:16,ADAM_lr0.0003,ADAM,2,shakespeare_char,124,val_eval,2.508772850036621,0.0009999467273847289,0.04459407824293726,
2025-09-15 05:58:16,ADAM_lr0.0003,ADAM,2,shakespeare_char,124,train_iter,2.5085511207580566,0.0009999467273847289,0.04368438033858842,1968.24312210083
2025-09-15 05:58:18,ADAM_lr0.0003,ADAM,2,shakespeare_char,125,train_eval,2.5004799365997314,0.000999942195609969,0.04368438033858842,
2025-09-15 05:58:18,ADAM_lr0.0003,ADAM,2,shakespeare_char,125,val_eval,2.5066463947296143,0.000999942195609969,0.04368438033858842,
2025-09-15 05:58:18,ADAM_lr0.0003,ADAM,2,shakespeare_char,125,train_iter,2.496638298034668,0.000999942195609969,0.04298624284061637,1903.5749435424805
2025-09-15 05:58:20,ADAM_lr0.0003,ADAM,2,shakespeare_char,126,train_eval,2.492205858230591,0.0009999374788809685,0.04298624284061637,
2025-09-15 05:58:20,ADAM_lr0.0003,ADAM,2,shakespeare_char,126,val_eval,2.506192207336426,0.0009999374788809685,0.04298624284061637,
2025-09-15 05:58:20,ADAM_lr0.0003,ADAM,2,shakespeare_char,126,train_iter,2.5430893898010254,0.0009999374788809685,0.04179995016570596,2244.8418140411377
2025-09-15 05:58:22,ADAM_lr0.0003,ADAM,2,shakespeare_char,127,train_eval,2.4901864528656006,0.0009999325771996657,0.04179995016570596,
2025-09-15 05:58:22,ADAM_lr0.0003,ADAM,2,shakespeare_char,127,val_eval,2.5138144493103027,0.0009999325771996657,0.04179995016570596,
2025-09-15 05:58:22,ADAM_lr0.0003,ADAM,2,shakespeare_char,127,train_iter,2.48069167137146,0.0009999325771996657,0.04089393545655066,2134.005546569824
2025-09-15 05:58:25,ADAM_lr0.0003,ADAM,2,shakespeare_char,128,train_eval,2.4957072734832764,0.0009999274905680762,0.04089393545655066,
2025-09-15 05:58:25,ADAM_lr0.0003,ADAM,2,shakespeare_char,128,val_eval,2.5167245864868164,0.0009999274905680762,0.04089393545655066,
2025-09-15 05:58:25,ADAM_lr0.0003,ADAM,2,shakespeare_char,128,train_iter,2.5179879665374756,0.0009999274905680762,0.04007158528808585,2138.5366916656494
2025-09-15 05:58:26,ADAM_lr0.0003,ADAM,2,shakespeare_char,129,train_eval,2.4925715923309326,0.0009999222189882903,0.04007158528808585,
2025-09-15 05:58:26,ADAM_lr0.0003,ADAM,2,shakespeare_char,129,val_eval,2.5020594596862793,0.0009999222189882903,0.04007158528808585,
2025-09-15 05:58:27,ADAM_lr0.0003,ADAM,2,shakespeare_char,129,train_iter,2.4664344787597656,0.0009999222189882903,0.03846999249919408,2904.386281967163
2025-09-15 05:58:29,ADAM_lr0.0003,ADAM,2,shakespeare_char,130,train_eval,2.4941940307617188,0.0009999167624624755,0.03846999249919408,
2025-09-15 05:58:29,ADAM_lr0.0003,ADAM,2,shakespeare_char,130,val_eval,2.492974281311035,0.0009999167624624755,0.03846999249919408,
2025-09-15 05:58:30,ADAM_lr0.0003,ADAM,2,shakespeare_char,130,train_iter,2.4873452186584473,0.0009999167624624755,0.037910585744952326,2125.1697540283203
2025-09-15 05:58:31,ADAM_lr0.0003,ADAM,2,shakespeare_char,131,train_eval,2.493023157119751,0.0009999111209928744,0.037910585744952326,
2025-09-15 05:58:31,ADAM_lr0.0003,ADAM,2,shakespeare_char,131,val_eval,2.5036656856536865,0.0009999111209928744,0.037910585744952326,
2025-09-15 05:58:31,ADAM_lr0.0003,ADAM,2,shakespeare_char,131,train_iter,2.4522876739501953,0.0009999111209928744,0.0416982726588476,921.879768371582
2025-09-15 05:58:32,ADAM_lr0.0003,ADAM,2,shakespeare_char,132,train_eval,2.4989359378814697,0.000999905294581806,0.0416982726588476,
2025-09-15 05:58:32,ADAM_lr0.0003,ADAM,2,shakespeare_char,132,val_eval,2.5123353004455566,0.000999905294581806,0.0416982726588476,
2025-09-15 05:58:32,ADAM_lr0.0003,ADAM,2,shakespeare_char,132,train_iter,2.5083775520324707,0.000999905294581806,0.04299661121826147,1277.703046798706
2025-09-15 05:58:33,ADAM_lr0.0003,ADAM,2,shakespeare_char,133,train_eval,2.486494302749634,0.0009998992832316654,0.04299661121826147,
2025-09-15 05:58:33,ADAM_lr0.0003,ADAM,2,shakespeare_char,133,val_eval,2.4994776248931885,0.0009998992832316654,0.04299661121826147,
2025-09-15 05:58:33,ADAM_lr0.0003,ADAM,2,shakespeare_char,133,train_iter,2.5034356117248535,0.0009998992832316654,0.0455230644052001,1023.5240459442139
2025-09-15 05:58:34,ADAM_lr0.0003,ADAM,2,shakespeare_char,134,train_eval,2.4970366954803467,0.0009998930869449237,0.0455230644052001,
2025-09-15 05:58:35,ADAM_lr0.0003,ADAM,2,shakespeare_char,134,val_eval,2.4983270168304443,0.0009998930869449237,0.0455230644052001,
2025-09-15 05:58:35,ADAM_lr0.0003,ADAM,2,shakespeare_char,134,train_iter,2.529182195663452,0.0009998930869449237,0.04510301862462099,1690.767526626587
2025-09-15 05:58:36,ADAM_lr0.0003,ADAM,2,shakespeare_char,135,train_eval,2.4951138496398926,0.000999886705724128,0.04510301862462099,
2025-09-15 05:58:36,ADAM_lr0.0003,ADAM,2,shakespeare_char,135,val_eval,2.508575677871704,0.000999886705724128,0.04510301862462099,
2025-09-15 05:58:36,ADAM_lr0.0003,ADAM,2,shakespeare_char,135,train_iter,2.474754571914673,0.000999886705724128,0.04602046420977257,1287.217617034912
2025-09-15 05:58:37,ADAM_lr0.0003,ADAM,2,shakespeare_char,136,train_eval,2.495387077331543,0.0009998801395719012,0.04602046420977257,
2025-09-15 05:58:37,ADAM_lr0.0003,ADAM,2,shakespeare_char,136,val_eval,2.507969379425049,0.0009998801395719012,0.04602046420977257,
2025-09-15 05:58:37,ADAM_lr0.0003,ADAM,2,shakespeare_char,136,train_iter,2.4913787841796875,0.0009998801395719012,0.04707633279474051,1234.8527908325195
2025-09-15 05:58:39,ADAM_lr0.0003,ADAM,2,shakespeare_char,137,train_eval,2.479297161102295,0.0009998733884909424,0.04707633279474051,
2025-09-15 05:58:39,ADAM_lr0.0003,ADAM,2,shakespeare_char,137,val_eval,2.503455877304077,0.0009998733884909424,0.04707633279474051,
2025-09-15 05:58:39,ADAM_lr0.0003,ADAM,2,shakespeare_char,137,train_iter,2.463649034500122,0.0009998733884909424,0.04688478586342156,1547.0678806304932
2025-09-15 05:58:40,ADAM_lr0.0003,ADAM,2,shakespeare_char,138,train_eval,2.487515926361084,0.0009998664524840269,0.04688478586342156,
2025-09-15 05:58:40,ADAM_lr0.0003,ADAM,2,shakespeare_char,138,val_eval,2.5131304264068604,0.0009998664524840269,0.04688478586342156,
2025-09-15 05:58:40,ADAM_lr0.0003,ADAM,2,shakespeare_char,138,train_iter,2.5003952980041504,0.0009998664524840269,0.04795261530587168,1213.745355606079
2025-09-15 05:58:41,ADAM_lr0.0003,ADAM,2,shakespeare_char,139,train_eval,2.491812229156494,0.0009998593315540057,0.04795261530587168,
2025-09-15 05:58:41,ADAM_lr0.0003,ADAM,2,shakespeare_char,139,val_eval,2.520782232284546,0.0009998593315540057,0.04795261530587168,
2025-09-15 05:58:41,ADAM_lr0.0003,ADAM,2,shakespeare_char,139,train_iter,2.5183942317962646,0.0009998593315540057,0.047335273136794496,1672.2898483276367
2025-09-15 05:58:43,ADAM_lr0.0003,ADAM,2,shakespeare_char,140,train_eval,2.4924302101135254,0.000999852025703806,0.047335273136794496,
2025-09-15 05:58:43,ADAM_lr0.0003,ADAM,2,shakespeare_char,140,val_eval,2.523815631866455,0.000999852025703806,0.047335273136794496,
2025-09-15 05:58:43,ADAM_lr0.0003,ADAM,2,shakespeare_char,140,train_iter,2.479154586791992,0.000999852025703806,0.04638216917730373,1848.1242656707764
2025-09-15 05:58:45,ADAM_lr0.0003,ADAM,2,shakespeare_char,141,train_eval,2.4823920726776123,0.0009998445349364308,0.04638216917730373,
2025-09-15 05:58:45,ADAM_lr0.0003,ADAM,2,shakespeare_char,141,val_eval,2.5128419399261475,0.0009998445349364308,0.04638216917730373,
2025-09-15 05:58:45,ADAM_lr0.0003,ADAM,2,shakespeare_char,141,train_iter,2.4687857627868652,0.0009998445349364308,0.04586675295573349,1694.6470737457275
2025-09-15 05:58:47,ADAM_lr0.0003,ADAM,2,shakespeare_char,142,train_eval,2.481213092803955,0.0009998368592549595,0.04586675295573349,
2025-09-15 05:58:47,ADAM_lr0.0003,ADAM,2,shakespeare_char,142,val_eval,2.499478340148926,0.0009998368592549595,0.04586675295573349,
2025-09-15 05:58:47,ADAM_lr0.0003,ADAM,2,shakespeare_char,142,train_iter,2.457939863204956,0.0009998368592549595,0.04508023669484546,1838.5262489318848
2025-09-15 05:58:48,ADAM_lr0.0003,ADAM,2,shakespeare_char,143,train_eval,2.476762056350708,0.000999828998662547,0.04508023669484546,
2025-09-15 05:58:48,ADAM_lr0.0003,ADAM,2,shakespeare_char,143,val_eval,2.4881844520568848,0.000999828998662547,0.04508023669484546,
2025-09-15 05:58:49,ADAM_lr0.0003,ADAM,2,shakespeare_char,143,train_iter,2.5285773277282715,0.000999828998662547,0.044074568194424756,1994.8554039001465
2025-09-15 05:58:50,ADAM_lr0.0003,ADAM,2,shakespeare_char,144,train_eval,2.483586311340332,0.000999820953162425,0.044074568194424756,
2025-09-15 05:58:50,ADAM_lr0.0003,ADAM,2,shakespeare_char,144,val_eval,2.489999294281006,0.000999820953162425,0.044074568194424756,
2025-09-15 05:58:50,ADAM_lr0.0003,ADAM,2,shakespeare_char,144,train_iter,2.471705436706543,0.000999820953162425,0.0477230090933852,867.276668548584
2025-09-15 05:58:51,ADAM_lr0.0003,ADAM,2,shakespeare_char,145,train_eval,2.4875986576080322,0.0009998127227579003,0.0477230090933852,
2025-09-15 05:58:51,ADAM_lr0.0003,ADAM,2,shakespeare_char,145,val_eval,2.4912519454956055,0.0009998127227579003,0.0477230090933852,
2025-09-15 05:58:51,ADAM_lr0.0003,ADAM,2,shakespeare_char,145,train_iter,2.468747854232788,0.0009998127227579003,0.04747607838289312,1543.8940525054932
2025-09-15 05:58:52,ADAM_lr0.0003,ADAM,2,shakespeare_char,146,train_eval,2.4775381088256836,0.000999804307452356,0.04747607838289312,
2025-09-15 05:58:52,ADAM_lr0.0003,ADAM,2,shakespeare_char,146,val_eval,2.4813458919525146,0.000999804307452356,0.04747607838289312,
2025-09-15 05:58:53,ADAM_lr0.0003,ADAM,2,shakespeare_char,146,train_iter,2.4844136238098145,0.000999804307452356,0.04599758990649108,2137.178659439087
2025-09-15 05:58:55,ADAM_lr0.0003,ADAM,2,shakespeare_char,147,train_eval,2.4795732498168945,0.0009997957072492515,0.04599758990649108,
2025-09-15 05:58:55,ADAM_lr0.0003,ADAM,2,shakespeare_char,147,val_eval,2.486429214477539,0.0009997957072492515,0.04599758990649108,
2025-09-15 05:58:55,ADAM_lr0.0003,ADAM,2,shakespeare_char,147,train_iter,2.4841513633728027,0.0009997957072492515,0.04530899551070323,1786.3457202911377
2025-09-15 05:58:56,ADAM_lr0.0003,ADAM,2,shakespeare_char,148,train_eval,2.483362913131714,0.0009997869221521221,0.04530899551070323,
2025-09-15 05:58:56,ADAM_lr0.0003,ADAM,2,shakespeare_char,148,val_eval,2.497227668762207,0.0009997869221521221,0.04530899551070323,
2025-09-15 05:58:56,ADAM_lr0.0003,ADAM,2,shakespeare_char,148,train_iter,2.4682464599609375,0.0009997869221521221,0.04697482976114461,1127.4797916412354
2025-09-15 05:58:58,ADAM_lr0.0003,ADAM,2,shakespeare_char,149,train_eval,2.493962287902832,0.0009997779521645793,0.04697482976114461,
2025-09-15 05:58:58,ADAM_lr0.0003,ADAM,2,shakespeare_char,149,val_eval,2.514352798461914,0.0009997779521645793,0.04697482976114461,
2025-09-15 05:58:58,ADAM_lr0.0003,ADAM,2,shakespeare_char,149,train_iter,2.4990737438201904,0.0009997779521645793,0.047440900903929176,1353.0781269073486
2025-09-15 05:58:59,ADAM_lr0.0003,ADAM,2,shakespeare_char,150,train_eval,2.4880611896514893,0.0009997687972903096,0.047440900903929176,
2025-09-15 05:58:59,ADAM_lr0.0003,ADAM,2,shakespeare_char,150,val_eval,2.5180165767669678,0.0009997687972903096,0.047440900903929176,
2025-09-15 05:58:59,ADAM_lr0.0003,ADAM,2,shakespeare_char,150,train_iter,2.499669075012207,0.0009997687972903096,0.04756414170451748,1435.4257583618164
2025-09-15 05:59:01,ADAM_lr0.0003,ADAM,2,shakespeare_char,151,train_eval,2.4918947219848633,0.0009997594575330766,0.04756414170451748,
2025-09-15 05:59:01,ADAM_lr0.0003,ADAM,2,shakespeare_char,151,val_eval,2.5210399627685547,0.0009997594575330766,0.04756414170451748,
2025-09-15 05:59:01,ADAM_lr0.0003,ADAM,2,shakespeare_char,151,train_iter,2.48116397857666,0.0009997594575330766,0.046376698130099946,1957.6210975646973
2025-09-15 05:59:03,ADAM_lr0.0003,ADAM,2,shakespeare_char,152,train_eval,2.473726749420166,0.0009997499328967194,0.046376698130099946,
2025-09-15 05:59:03,ADAM_lr0.0003,ADAM,2,shakespeare_char,152,val_eval,2.5044047832489014,0.0009997499328967194,0.046376698130099946,
2025-09-15 05:59:03,ADAM_lr0.0003,ADAM,2,shakespeare_char,152,train_iter,2.4760098457336426,0.0009997499328967194,0.04604491759416876,1622.5898265838623
2025-09-15 05:59:04,ADAM_lr0.0003,ADAM,2,shakespeare_char,153,train_eval,2.480821132659912,0.0009997402233851535,0.04604491759416876,
2025-09-15 05:59:04,ADAM_lr0.0003,ADAM,2,shakespeare_char,153,val_eval,2.5080859661102295,0.0009997402233851535,0.04604491759416876,
2025-09-15 05:59:04,ADAM_lr0.0003,ADAM,2,shakespeare_char,153,train_iter,2.4991836547851562,0.0009997402233851535,0.04582568508669364,1593.2221412658691
2025-09-15 05:59:06,ADAM_lr0.0003,ADAM,2,shakespeare_char,154,train_eval,2.4949798583984375,0.00099973032900237,0.04582568508669364,
2025-09-15 05:59:06,ADAM_lr0.0003,ADAM,2,shakespeare_char,154,val_eval,2.5242345333099365,0.00099973032900237,0.04582568508669364,
2025-09-15 05:59:06,ADAM_lr0.0003,ADAM,2,shakespeare_char,154,train_iter,2.4878759384155273,0.00099973032900237,0.04496529005967549,1877.0463466644287
2025-09-15 05:59:07,ADAM_lr0.0003,ADAM,2,shakespeare_char,155,train_eval,2.4823529720306396,0.000999720249752436,0.04496529005967549,
2025-09-15 05:59:07,ADAM_lr0.0003,ADAM,2,shakespeare_char,155,val_eval,2.505377769470215,0.000999720249752436,0.04496529005967549,
2025-09-15 05:59:07,ADAM_lr0.0003,ADAM,2,shakespeare_char,155,train_iter,2.490164279937744,0.000999720249752436,0.04621764190737792,1215.31343460083
2025-09-15 05:59:09,ADAM_lr0.0003,ADAM,2,shakespeare_char,156,train_eval,2.4711806774139404,0.0009997099856394946,0.04621764190737792,
2025-09-15 05:59:09,ADAM_lr0.0003,ADAM,2,shakespeare_char,156,val_eval,2.485495090484619,0.0009997099856394946,0.04621764190737792,
2025-09-15 05:59:09,ADAM_lr0.0003,ADAM,2,shakespeare_char,156,train_iter,2.4725117683410645,0.0009997099856394946,0.04617135476411664,1526.9865989685059
2025-09-15 05:59:10,ADAM_lr0.0003,ADAM,2,shakespeare_char,157,train_eval,2.4757423400878906,0.0009996995366677653,0.04617135476411664,
2025-09-15 05:59:10,ADAM_lr0.0003,ADAM,2,shakespeare_char,157,val_eval,2.4836173057556152,0.0009996995366677653,0.04617135476411664,
2025-09-15 05:59:10,ADAM_lr0.0003,ADAM,2,shakespeare_char,157,train_iter,2.4941744804382324,0.0009996995366677653,0.046214256122057755,1499.2783069610596
2025-09-15 05:59:11,ADAM_lr0.0003,ADAM,2,shakespeare_char,158,train_eval,2.484182596206665,0.000999688902841543,0.046214256122057755,
2025-09-15 05:59:11,ADAM_lr0.0003,ADAM,2,shakespeare_char,158,val_eval,2.4814822673797607,0.000999688902841543,0.046214256122057755,
2025-09-15 05:59:11,ADAM_lr0.0003,ADAM,2,shakespeare_char,158,train_iter,2.4860472679138184,0.000999688902841543,0.049512490692959,882.1959495544434
2025-09-15 05:59:13,ADAM_lr0.0003,ADAM,2,shakespeare_char,159,train_eval,2.4762959480285645,0.000999678084165199,0.049512490692959,
2025-09-15 05:59:13,ADAM_lr0.0003,ADAM,2,shakespeare_char,159,val_eval,2.486294984817505,0.000999678084165199,0.049512490692959,
2025-09-15 05:59:13,ADAM_lr0.0003,ADAM,2,shakespeare_char,159,train_iter,2.492908477783203,0.000999678084165199,0.049424197107317804,1436.7172718048096
2025-09-15 05:59:15,ADAM_lr0.0003,ADAM,2,shakespeare_char,160,train_eval,2.4776034355163574,0.0009996670806431804,0.049424197107317804,
2025-09-15 05:59:15,ADAM_lr0.0003,ADAM,2,shakespeare_char,160,val_eval,2.4948482513427734,0.0009996670806431804,0.049424197107317804,
2025-09-15 05:59:15,ADAM_lr0.0003,ADAM,2,shakespeare_char,160,train_iter,2.5307023525238037,0.0009996670806431804,0.04786317342734323,2066.2152767181396
2025-09-15 05:59:17,ADAM_lr0.0003,ADAM,2,shakespeare_char,161,train_eval,2.4824142456054688,0.0009996558922800104,0.04786317342734323,
2025-09-15 05:59:17,ADAM_lr0.0003,ADAM,2,shakespeare_char,161,val_eval,2.5099446773529053,0.0009996558922800104,0.04786317342734323,
2025-09-15 05:59:17,ADAM_lr0.0003,ADAM,2,shakespeare_char,161,train_iter,2.476766347885132,0.0009996558922800104,0.0461507494538444,2272.9129791259766
2025-09-15 05:59:19,ADAM_lr0.0003,ADAM,2,shakespeare_char,162,train_eval,2.477506160736084,0.0009996445190802881,0.0461507494538444,
2025-09-15 05:59:19,ADAM_lr0.0003,ADAM,2,shakespeare_char,162,val_eval,2.496278762817383,0.0009996445190802881,0.0461507494538444,
2025-09-15 05:59:19,ADAM_lr0.0003,ADAM,2,shakespeare_char,162,train_iter,2.4942846298217773,0.0009996445190802881,0.04535211667894495,1830.6820392608643
2025-09-15 05:59:20,ADAM_lr0.0003,ADAM,2,shakespeare_char,163,train_eval,2.472499132156372,0.0009996329610486886,0.04535211667894495,
2025-09-15 05:59:20,ADAM_lr0.0003,ADAM,2,shakespeare_char,163,val_eval,2.482567310333252,0.0009996329610486886,0.04535211667894495,
2025-09-15 05:59:20,ADAM_lr0.0003,ADAM,2,shakespeare_char,163,train_iter,2.525787353515625,0.0009996329610486886,0.04755592943819397,1036.7512702941895
2025-09-15 05:59:21,ADAM_lr0.0003,ADAM,2,shakespeare_char,164,train_eval,2.472346544265747,0.0009996212181899629,0.04755592943819397,
2025-09-15 05:59:21,ADAM_lr0.0003,ADAM,2,shakespeare_char,164,val_eval,2.480837345123291,0.0009996212181899629,0.04755592943819397,
2025-09-15 05:59:22,ADAM_lr0.0003,ADAM,2,shakespeare_char,164,train_iter,2.4733238220214844,0.0009996212181899629,0.046224342886417774,2040.5020713806152
2025-09-15 05:59:24,ADAM_lr0.0003,ADAM,2,shakespeare_char,165,train_eval,2.4757909774780273,0.000999609290508938,0.046224342886417774,
2025-09-15 05:59:24,ADAM_lr0.0003,ADAM,2,shakespeare_char,165,val_eval,2.481363534927368,0.000999609290508938,0.046224342886417774,
2025-09-15 05:59:24,ADAM_lr0.0003,ADAM,2,shakespeare_char,165,train_iter,2.498403549194336,0.000999609290508938,0.04516939369356863,1958.4362506866455
2025-09-15 05:59:25,ADAM_lr0.0003,ADAM,2,shakespeare_char,166,train_eval,2.4790585041046143,0.000999597178010517,0.04516939369356863,
2025-09-15 05:59:25,ADAM_lr0.0003,ADAM,2,shakespeare_char,166,val_eval,2.483208417892456,0.000999597178010517,0.04516939369356863,
2025-09-15 05:59:25,ADAM_lr0.0003,ADAM,2,shakespeare_char,166,train_iter,2.510356903076172,0.000999597178010517,0.04512683823953593,1561.4869594573975
2025-09-15 05:59:26,ADAM_lr0.0003,ADAM,2,shakespeare_char,167,train_eval,2.4817211627960205,0.000999584880699679,0.04512683823953593,
2025-09-15 05:59:26,ADAM_lr0.0003,ADAM,2,shakespeare_char,167,val_eval,2.4986650943756104,0.000999584880699679,0.04512683823953593,
2025-09-15 05:59:26,ADAM_lr0.0003,ADAM,2,shakespeare_char,167,train_iter,2.4531121253967285,0.000999584880699679,0.047699577484940414,986.0656261444092
2025-09-15 05:59:27,ADAM_lr0.0003,ADAM,2,shakespeare_char,168,train_eval,2.48060941696167,0.0009995723985814788,0.047699577484940414,
2025-09-15 05:59:27,ADAM_lr0.0003,ADAM,2,shakespeare_char,168,val_eval,2.4989731311798096,0.0009995723985814788,0.047699577484940414,
2025-09-15 05:59:27,ADAM_lr0.0003,ADAM,2,shakespeare_char,168,train_iter,2.5126936435699463,0.0009995723985814788,0.05098189820158699,867.666482925415
2025-09-15 05:59:28,ADAM_lr0.0003,ADAM,2,shakespeare_char,169,train_eval,2.473602771759033,0.0009995597316610474,0.05098189820158699,
2025-09-15 05:59:28,ADAM_lr0.0003,ADAM,2,shakespeare_char,169,val_eval,2.484325647354126,0.0009995597316610474,0.05098189820158699,
2025-09-15 05:59:28,ADAM_lr0.0003,ADAM,2,shakespeare_char,169,train_iter,2.505009651184082,0.0009995597316610474,0.05364852335567495,899.7886180877686
2025-09-15 05:59:29,ADAM_lr0.0003,ADAM,2,shakespeare_char,170,train_eval,2.480131149291992,0.0009995468799435915,0.05364852335567495,
2025-09-15 05:59:29,ADAM_lr0.0003,ADAM,2,shakespeare_char,170,val_eval,2.492577314376831,0.0009995468799435915,0.05364852335567495,
2025-09-15 05:59:29,ADAM_lr0.0003,ADAM,2,shakespeare_char,170,train_iter,2.4939112663269043,0.0009995468799435915,0.05621071795869196,881.3738822937012
2025-09-15 05:59:30,ADAM_lr0.0003,ADAM,2,shakespeare_char,171,train_eval,2.474825143814087,0.0009995338434343943,0.05621071795869196,
2025-09-15 05:59:30,ADAM_lr0.0003,ADAM,2,shakespeare_char,171,val_eval,2.4976508617401123,0.0009995338434343943,0.05621071795869196,
2025-09-15 05:59:30,ADAM_lr0.0003,ADAM,2,shakespeare_char,171,train_iter,2.477316379547119,0.0009995338434343943,0.055919497372759676,1310.8606338500977
2025-09-15 05:59:32,ADAM_lr0.0003,ADAM,2,shakespeare_char,172,train_eval,2.4764068126678467,0.0009995206221388145,0.055919497372759676,
2025-09-15 05:59:32,ADAM_lr0.0003,ADAM,2,shakespeare_char,172,val_eval,2.5071609020233154,0.0009995206221388145,0.055919497372759676,
2025-09-15 05:59:32,ADAM_lr0.0003,ADAM,2,shakespeare_char,172,train_iter,2.519420623779297,0.0009995206221388145,0.05516117343497024,1445.4350471496582
2025-09-15 05:59:34,ADAM_lr0.0003,ADAM,2,shakespeare_char,173,train_eval,2.4756622314453125,0.0009995072160622865,0.05516117343497024,
2025-09-15 05:59:34,ADAM_lr0.0003,ADAM,2,shakespeare_char,173,val_eval,2.5086820125579834,0.0009995072160622865,0.05516117343497024,
2025-09-15 05:59:34,ADAM_lr0.0003,ADAM,2,shakespeare_char,173,train_iter,2.464972972869873,0.0009995072160622865,0.05374722608197833,1703.169822692871
2025-09-15 05:59:35,ADAM_lr0.0003,ADAM,2,shakespeare_char,174,train_eval,2.479442834854126,0.0009994936252103218,0.05374722608197833,
2025-09-15 05:59:35,ADAM_lr0.0003,ADAM,2,shakespeare_char,174,val_eval,2.5153322219848633,0.0009994936252103218,0.05374722608197833,
2025-09-15 05:59:35,ADAM_lr0.0003,ADAM,2,shakespeare_char,174,train_iter,2.4609487056732178,0.0009994936252103218,0.052117547071587764,1865.5836582183838
2025-09-15 05:59:37,ADAM_lr0.0003,ADAM,2,shakespeare_char,175,train_eval,2.4805874824523926,0.0009994798495885063,0.052117547071587764,
2025-09-15 05:59:37,ADAM_lr0.0003,ADAM,2,shakespeare_char,175,val_eval,2.5149457454681396,0.0009994798495885063,0.052117547071587764,
2025-09-15 05:59:37,ADAM_lr0.0003,ADAM,2,shakespeare_char,175,train_iter,2.5014359951019287,0.0009994798495885063,0.05079327399051733,1797.2283363342285
2025-09-15 05:59:39,ADAM_lr0.0003,ADAM,2,shakespeare_char,176,train_eval,2.478114366531372,0.000999465889202503,0.05079327399051733,
2025-09-15 05:59:39,ADAM_lr0.0003,ADAM,2,shakespeare_char,176,val_eval,2.5063581466674805,0.000999465889202503,0.05079327399051733,
2025-09-15 05:59:39,ADAM_lr0.0003,ADAM,2,shakespeare_char,176,train_iter,2.4835710525512695,0.000999465889202503,0.050210184387849466,1553.8973808288574
2025-09-15 05:59:41,ADAM_lr0.0003,ADAM,2,shakespeare_char,177,train_eval,2.4782471656799316,0.0009994517440580508,0.050210184387849466,
2025-09-15 05:59:41,ADAM_lr0.0003,ADAM,2,shakespeare_char,177,val_eval,2.498567581176758,0.0009994517440580508,0.050210184387849466,
2025-09-15 05:59:41,ADAM_lr0.0003,ADAM,2,shakespeare_char,177,train_iter,2.519047498703003,0.0009994517440580508,0.04832600277107621,2227.3049354553223
2025-09-15 05:59:42,ADAM_lr0.0003,ADAM,2,shakespeare_char,178,train_eval,2.4751436710357666,0.0009994374141609635,0.04832600277107621,
2025-09-15 05:59:42,ADAM_lr0.0003,ADAM,2,shakespeare_char,178,val_eval,2.4924874305725098,0.0009994374141609635,0.04832600277107621,
2025-09-15 05:59:42,ADAM_lr0.0003,ADAM,2,shakespeare_char,178,train_iter,2.5036821365356445,0.0009994374141609635,0.05070693998474369,968.552827835083
2025-09-15 05:59:43,ADAM_lr0.0003,ADAM,2,shakespeare_char,179,train_eval,2.4722609519958496,0.0009994228995171322,0.05070693998474369,
2025-09-15 05:59:43,ADAM_lr0.0003,ADAM,2,shakespeare_char,179,val_eval,2.4919075965881348,0.0009994228995171322,0.05070693998474369,
2025-09-15 05:59:43,ADAM_lr0.0003,ADAM,2,shakespeare_char,179,train_iter,2.46222186088562,0.0009994228995171322,0.053451770928318196,893.9504623413086
2025-09-15 05:59:44,ADAM_lr0.0003,ADAM,2,shakespeare_char,180,train_eval,2.4881632328033447,0.000999408200132523,0.053451770928318196,
2025-09-15 05:59:44,ADAM_lr0.0003,ADAM,2,shakespeare_char,180,val_eval,2.524413585662842,0.000999408200132523,0.053451770928318196,
2025-09-15 05:59:44,ADAM_lr0.0003,ADAM,2,shakespeare_char,180,train_iter,2.488983631134033,0.000999408200132523,0.053084105040069406,1403.6517143249512
2025-09-15 05:59:46,ADAM_lr0.0003,ADAM,2,shakespeare_char,181,train_eval,2.484475612640381,0.0009993933160131784,0.053084105040069406,
2025-09-15 05:59:46,ADAM_lr0.0003,ADAM,2,shakespeare_char,181,val_eval,2.5340540409088135,0.0009993933160131784,0.053084105040069406,
2025-09-15 05:59:46,ADAM_lr0.0003,ADAM,2,shakespeare_char,181,train_iter,2.5083279609680176,0.0009993933160131784,0.05147767684801739,1887.2840404510498
2025-09-15 05:59:47,ADAM_lr0.0003,ADAM,2,shakespeare_char,182,train_eval,2.4913759231567383,0.0009993782471652167,0.05147767684801739,
2025-09-15 05:59:47,ADAM_lr0.0003,ADAM,2,shakespeare_char,182,val_eval,2.515451431274414,0.0009993782471652167,0.05147767684801739,
2025-09-15 05:59:47,ADAM_lr0.0003,ADAM,2,shakespeare_char,182,train_iter,2.4883980751037598,0.0009993782471652167,0.05408769195242249,900.604248046875
2025-09-15 05:59:48,ADAM_lr0.0003,ADAM,2,shakespeare_char,183,train_eval,2.4884674549102783,0.0009993629935948318,0.05408769195242249,
2025-09-15 05:59:48,ADAM_lr0.0003,ADAM,2,shakespeare_char,183,val_eval,2.5163376331329346,0.0009993629935948318,0.05408769195242249,
2025-09-15 05:59:48,ADAM_lr0.0003,ADAM,2,shakespeare_char,183,train_iter,2.5047097206115723,0.0009993629935948318,0.0566625151477325,875.131368637085
2025-09-15 05:59:50,ADAM_lr0.0003,ADAM,2,shakespeare_char,184,train_eval,2.4832842350006104,0.0009993475553082944,0.0566625151477325,
2025-09-15 05:59:50,ADAM_lr0.0003,ADAM,2,shakespeare_char,184,val_eval,2.501373052597046,0.0009993475553082944,0.0566625151477325,
2025-09-15 05:59:50,ADAM_lr0.0003,ADAM,2,shakespeare_char,184,train_iter,2.5211496353149414,0.0009993475553082944,0.05422430245826391,2164.376735687256
2025-09-15 05:59:52,ADAM_lr0.0003,ADAM,2,shakespeare_char,185,train_eval,2.4750418663024902,0.0009993319323119503,0.05422430245826391,
2025-09-15 05:59:52,ADAM_lr0.0003,ADAM,2,shakespeare_char,185,val_eval,2.490417242050171,0.0009993319323119503,0.05422430245826391,
2025-09-15 05:59:52,ADAM_lr0.0003,ADAM,2,shakespeare_char,185,train_iter,2.5124759674072266,0.0009993319323119503,0.05239921371027442,1942.1820640563965
2025-09-15 05:59:54,ADAM_lr0.0003,ADAM,2,shakespeare_char,186,train_eval,2.4630234241485596,0.0009993161246122217,0.05239921371027442,
2025-09-15 05:59:54,ADAM_lr0.0003,ADAM,2,shakespeare_char,186,val_eval,2.4817070960998535,0.0009993161246122217,0.05239921371027442,
2025-09-15 05:59:54,ADAM_lr0.0003,ADAM,2,shakespeare_char,186,train_iter,2.438876152038574,0.0009993161246122217,0.05120493633521577,1726.9666194915771
2025-09-15 05:59:55,ADAM_lr0.0003,ADAM,2,shakespeare_char,187,train_eval,2.4709856510162354,0.0009993001322156061,0.05120493633521577,
2025-09-15 05:59:55,ADAM_lr0.0003,ADAM,2,shakespeare_char,187,val_eval,2.488889694213867,0.0009993001322156061,0.05120493633521577,
2025-09-15 05:59:55,ADAM_lr0.0003,ADAM,2,shakespeare_char,187,train_iter,2.4808349609375,0.0009993001322156061,0.051967450851616206,1187.605381011963
2025-09-15 05:59:56,ADAM_lr0.0003,ADAM,2,shakespeare_char,188,train_eval,2.4744205474853516,0.000999283955128678,0.051967450851616206,
2025-09-15 05:59:56,ADAM_lr0.0003,ADAM,2,shakespeare_char,188,val_eval,2.4969420433044434,0.000999283955128678,0.051967450851616206,
2025-09-15 05:59:56,ADAM_lr0.0003,ADAM,2,shakespeare_char,188,train_iter,2.481524705886841,0.000999283955128678,0.05166832150828697,1426.5496730804443
2025-09-15 05:59:58,ADAM_lr0.0003,ADAM,2,shakespeare_char,189,train_eval,2.4725193977355957,0.000999267593358087,0.05166832150828697,
2025-09-15 05:59:58,ADAM_lr0.0003,ADAM,2,shakespeare_char,189,val_eval,2.4969642162323,0.000999267593358087,0.05166832150828697,
2025-09-15 05:59:58,ADAM_lr0.0003,ADAM,2,shakespeare_char,189,train_iter,2.5262610912323,0.000999267593358087,0.05183096737827078,1310.9524250030518
2025-09-15 05:59:59,ADAM_lr0.0003,ADAM,2,shakespeare_char,190,train_eval,2.4716901779174805,0.0009992510469105584,0.05183096737827078,
2025-09-15 05:59:59,ADAM_lr0.0003,ADAM,2,shakespeare_char,190,val_eval,2.4946630001068115,0.0009992510469105584,0.05183096737827078,
2025-09-15 05:59:59,ADAM_lr0.0003,ADAM,2,shakespeare_char,190,train_iter,2.4489245414733887,0.0009992510469105584,0.052059735279925676,1290.9953594207764
2025-09-15 06:00:00,ADAM_lr0.0003,ADAM,2,shakespeare_char,191,train_eval,2.46604585647583,0.000999234315792894,0.052059735279925676,
2025-09-15 06:00:00,ADAM_lr0.0003,ADAM,2,shakespeare_char,191,val_eval,2.495980739593506,0.000999234315792894,0.052059735279925676,
2025-09-15 06:00:00,ADAM_lr0.0003,ADAM,2,shakespeare_char,191,train_iter,2.480856418609619,0.000999234315792894,0.05231587031712566,1279.1199684143066
2025-09-15 06:00:01,ADAM_lr0.0003,ADAM,2,shakespeare_char,192,train_eval,2.4655823707580566,0.0009992174000119718,0.05231587031712566,
2025-09-15 06:00:01,ADAM_lr0.0003,ADAM,2,shakespeare_char,192,val_eval,2.491330623626709,0.0009992174000119718,0.05231587031712566,
2025-09-15 06:00:01,ADAM_lr0.0003,ADAM,2,shakespeare_char,192,train_iter,2.4797916412353516,0.0009992174000119718,0.05423494627646686,977.0691394805908
2025-09-15 06:00:02,ADAM_lr0.0003,ADAM,2,shakespeare_char,193,train_eval,2.463728666305542,0.0009992002995747448,0.05423494627646686,
2025-09-15 06:00:02,ADAM_lr0.0003,ADAM,2,shakespeare_char,193,val_eval,2.4918065071105957,0.0009992002995747448,0.05423494627646686,
2025-09-15 06:00:02,ADAM_lr0.0003,ADAM,2,shakespeare_char,193,train_iter,2.4556446075439453,0.0009992002995747448,0.055259508697195765,1083.5344791412354
2025-09-15 06:00:03,ADAM_lr0.0003,ADAM,2,shakespeare_char,194,train_eval,2.466557264328003,0.0009991830144882423,0.055259508697195765,
2025-09-15 06:00:03,ADAM_lr0.0003,ADAM,2,shakespeare_char,194,val_eval,2.4826462268829346,0.0009991830144882423,0.055259508697195765,
2025-09-15 06:00:03,ADAM_lr0.0003,ADAM,2,shakespeare_char,194,train_iter,2.4571144580841064,0.0009991830144882423,0.05707027743181534,952.2910118103027
2025-09-15 06:00:05,ADAM_lr0.0003,ADAM,2,shakespeare_char,195,train_eval,2.4663403034210205,0.0009991655447595697,0.05707027743181534,
2025-09-15 06:00:05,ADAM_lr0.0003,ADAM,2,shakespeare_char,195,val_eval,2.4773221015930176,0.0009991655447595697,0.05707027743181534,
2025-09-15 06:00:05,ADAM_lr0.0003,ADAM,2,shakespeare_char,195,train_iter,2.4467360973358154,0.0009991655447595697,0.054895424972807,1978.0139923095703
2025-09-15 06:00:07,ADAM_lr0.0003,ADAM,2,shakespeare_char,196,train_eval,2.4748880863189697,0.0009991478903959082,0.054895424972807,
2025-09-15 06:00:07,ADAM_lr0.0003,ADAM,2,shakespeare_char,196,val_eval,2.4805500507354736,0.0009991478903959082,0.054895424972807,
2025-09-15 06:00:07,ADAM_lr0.0003,ADAM,2,shakespeare_char,196,train_iter,2.482428550720215,0.0009991478903959082,0.054157796221068144,1470.290184020996
2025-09-15 06:00:08,ADAM_lr0.0003,ADAM,2,shakespeare_char,197,train_eval,2.4675910472869873,0.0009991300514045147,0.054157796221068144,
2025-09-15 06:00:08,ADAM_lr0.0003,ADAM,2,shakespeare_char,197,val_eval,2.481656551361084,0.0009991300514045147,0.054157796221068144,
2025-09-15 06:00:08,ADAM_lr0.0003,ADAM,2,shakespeare_char,197,train_iter,2.5049667358398438,0.0009991300514045147,0.05366518543195929,1419.1453456878662
2025-09-15 06:00:10,ADAM_lr0.0003,ADAM,2,shakespeare_char,198,train_eval,2.4607584476470947,0.0009991120277927223,0.05366518543195929,
2025-09-15 06:00:10,ADAM_lr0.0003,ADAM,2,shakespeare_char,198,val_eval,2.475749969482422,0.0009991120277927223,0.05366518543195929,
2025-09-15 06:00:10,ADAM_lr0.0003,ADAM,2,shakespeare_char,198,train_iter,2.490349292755127,0.0009991120277927223,0.05164035748874033,2090.7657146453857
2025-09-15 06:00:12,ADAM_lr0.0003,ADAM,2,shakespeare_char,199,train_eval,2.4570465087890625,0.0009990938195679395,0.05164035748874033,
2025-09-15 06:00:12,ADAM_lr0.0003,ADAM,2,shakespeare_char,199,val_eval,2.4880340099334717,0.0009990938195679395,0.05164035748874033,
2025-09-15 06:00:12,ADAM_lr0.0003,ADAM,2,shakespeare_char,199,train_iter,2.486104726791382,0.0009990938195679395,0.051910943266779995,1285.5894565582275
2025-09-15 06:00:12,ADAM_lr0.0003,ADAM,2,shakespeare_char,200,train_eval,2.462320566177368,0.0009990754267376514,0.051910943266779995,
2025-09-15 06:00:12,ADAM_lr0.0003,ADAM,2,shakespeare_char,200,val_eval,2.4953508377075195,0.0009990754267376514,0.051910943266779995,
2025-09-15 06:00:14,ADAM_lr0.0003,ADAM,2,shakespeare_char,0,train_iter,4.265802383422852,9.900990099009901e-06,,259158.47635269165
2025-09-15 06:00:17,ADAM_lr0.0003,ADAM,2,shakespeare_char,1,train_eval,4.083425998687744,1.9801980198019803e-05,,
2025-09-15 06:00:17,ADAM_lr0.0003,ADAM,2,shakespeare_char,1,val_eval,4.0874128341674805,1.9801980198019803e-05,,
2025-09-15 06:00:17,ADAM_lr0.0003,ADAM,2,shakespeare_char,1,train_iter,4.133230686187744,1.9801980198019803e-05,,3582.334280014038
2025-09-15 06:00:20,ADAM_lr0.0003,ADAM,2,shakespeare_char,2,train_eval,3.81770658493042,2.9702970297029702e-05,,
2025-09-15 06:00:20,ADAM_lr0.0003,ADAM,2,shakespeare_char,2,val_eval,3.8277041912078857,2.9702970297029702e-05,,
2025-09-15 06:00:20,ADAM_lr0.0003,ADAM,2,shakespeare_char,2,train_iter,3.9058585166931152,2.9702970297029702e-05,,3081.294298171997
2025-09-15 06:00:23,ADAM_lr0.0003,ADAM,2,shakespeare_char,3,train_eval,3.633162260055542,3.9603960396039605e-05,,
2025-09-15 06:00:23,ADAM_lr0.0003,ADAM,2,shakespeare_char,3,val_eval,3.6512153148651123,3.9603960396039605e-05,,
2025-09-15 06:00:24,ADAM_lr0.0003,ADAM,2,shakespeare_char,3,train_iter,3.692082405090332,3.9603960396039605e-05,,3057.70206451416
2025-09-15 06:00:26,ADAM_lr0.0003,ADAM,2,shakespeare_char,4,train_eval,3.497483015060425,4.950495049504951e-05,,
2025-09-15 06:00:26,ADAM_lr0.0003,ADAM,2,shakespeare_char,4,val_eval,3.522456645965576,4.950495049504951e-05,,
2025-09-15 06:00:27,ADAM_lr0.0003,ADAM,2,shakespeare_char,4,train_iter,3.5246334075927734,4.950495049504951e-05,,3008.8417530059814
2025-09-15 06:00:28,ADAM_lr0.0003,ADAM,2,shakespeare_char,5,train_eval,3.3958194255828857,5.9405940594059404e-05,,
2025-09-15 06:00:28,ADAM_lr0.0003,ADAM,2,shakespeare_char,5,val_eval,3.427703619003296,5.9405940594059404e-05,,
2025-09-15 06:00:28,ADAM_lr0.0003,ADAM,2,shakespeare_char,5,train_iter,3.4788882732391357,5.9405940594059404e-05,0.036006118874484336,1940.418004989624
2025-09-15 06:00:31,ADAM_lr0.0003,ADAM,2,shakespeare_char,6,train_eval,3.3376243114471436,6.930693069306931e-05,0.036006118874484336,
2025-09-15 06:00:31,ADAM_lr0.0003,ADAM,2,shakespeare_char,6,val_eval,3.3698601722717285,6.930693069306931e-05,0.036006118874484336,
2025-09-15 06:00:32,ADAM_lr0.0003,ADAM,2,shakespeare_char,6,train_iter,3.3857741355895996,6.930693069306931e-05,0.0345117433448879,3317.145347595215
2025-09-15 06:00:35,ADAM_lr0.0003,ADAM,2,shakespeare_char,7,train_eval,3.2869131565093994,7.920792079207921e-05,0.0345117433448879,
2025-09-15 06:00:35,ADAM_lr0.0003,ADAM,2,shakespeare_char,7,val_eval,3.3185431957244873,7.920792079207921e-05,0.0345117433448879,
2025-09-15 06:00:35,ADAM_lr0.0003,ADAM,2,shakespeare_char,7,train_iter,3.311788558959961,7.920792079207921e-05,0.03296729866993411,3664.2279624938965
2025-09-15 06:00:37,ADAM_lr0.0003,ADAM,2,shakespeare_char,8,train_eval,3.251723051071167,8.910891089108912e-05,0.03296729866993411,
2025-09-15 06:00:37,ADAM_lr0.0003,ADAM,2,shakespeare_char,8,val_eval,3.27596378326416,8.910891089108912e-05,0.03296729866993411,
2025-09-15 06:00:38,ADAM_lr0.0003,ADAM,2,shakespeare_char,8,train_iter,3.332850456237793,8.910891089108912e-05,0.03235984174888042,2597.9855060577393
2025-09-15 06:00:40,ADAM_lr0.0003,ADAM,2,shakespeare_char,9,train_eval,3.1912107467651367,9.900990099009902e-05,0.03235984174888042,
2025-09-15 06:00:40,ADAM_lr0.0003,ADAM,2,shakespeare_char,9,val_eval,3.2213571071624756,9.900990099009902e-05,0.03235984174888042,
2025-09-15 06:00:41,ADAM_lr0.0003,ADAM,2,shakespeare_char,9,train_iter,3.2230215072631836,9.900990099009902e-05,0.03187646394824239,2538.2096767425537
2025-09-15 06:00:43,ADAM_lr0.0003,ADAM,2,shakespeare_char,10,train_eval,3.1070847511291504,0.0001089108910891089,0.03187646394824239,
2025-09-15 06:00:43,ADAM_lr0.0003,ADAM,2,shakespeare_char,10,val_eval,3.1386585235595703,0.0001089108910891089,0.03187646394824239,
2025-09-15 06:00:44,ADAM_lr0.0003,ADAM,2,shakespeare_char,10,train_iter,3.127316474914551,0.0001089108910891089,0.030902607098798524,3155.987501144409
2025-09-15 06:00:46,ADAM_lr0.0003,ADAM,2,shakespeare_char,11,train_eval,3.0855705738067627,0.00011881188118811881,0.030902607098798524,
2025-09-15 06:00:46,ADAM_lr0.0003,ADAM,2,shakespeare_char,11,val_eval,3.105131149291992,0.00011881188118811881,0.030902607098798524,
2025-09-15 06:00:47,ADAM_lr0.0003,ADAM,2,shakespeare_char,11,train_iter,3.1262950897216797,0.00011881188118811881,0.03005073420842729,3121.305465698242
2025-09-15 06:00:48,ADAM_lr0.0003,ADAM,2,shakespeare_char,12,train_eval,3.044563055038452,0.00012871287128712872,0.03005073420842729,
2025-09-15 06:00:48,ADAM_lr0.0003,ADAM,2,shakespeare_char,12,val_eval,3.0593907833099365,0.00012871287128712872,0.03005073420842729,
2025-09-15 06:00:49,ADAM_lr0.0003,ADAM,2,shakespeare_char,12,train_iter,3.0750224590301514,0.00012871287128712872,0.030733932947845516,1894.2995071411133
2025-09-15 06:00:51,ADAM_lr0.0003,ADAM,2,shakespeare_char,13,train_eval,2.9474291801452637,0.00013861386138613863,0.030733932947845516,
2025-09-15 06:00:51,ADAM_lr0.0003,ADAM,2,shakespeare_char,13,val_eval,2.9775350093841553,0.00013861386138613863,0.030733932947845516,
2025-09-15 06:00:52,ADAM_lr0.0003,ADAM,2,shakespeare_char,13,train_iter,3.0333964824676514,0.00013861386138613863,0.029766778584460234,3317.14129447937
2025-09-15 06:00:55,ADAM_lr0.0003,ADAM,2,shakespeare_char,14,train_eval,2.9097025394439697,0.0001485148514851485,0.029766778584460234,
2025-09-15 06:00:55,ADAM_lr0.0003,ADAM,2,shakespeare_char,14,val_eval,2.9290988445281982,0.0001485148514851485,0.029766778584460234,
2025-09-15 06:00:56,ADAM_lr0.0003,ADAM,2,shakespeare_char,14,train_iter,2.9924187660217285,0.0001485148514851485,0.02866568152779552,3725.0819206237793
2025-09-15 06:00:58,ADAM_lr0.0003,ADAM,2,shakespeare_char,15,train_eval,2.8822526931762695,0.00015841584158415842,0.02866568152779552,
2025-09-15 06:00:58,ADAM_lr0.0003,ADAM,2,shakespeare_char,15,val_eval,2.899953842163086,0.00015841584158415842,0.02866568152779552,
2025-09-15 06:00:58,ADAM_lr0.0003,ADAM,2,shakespeare_char,15,train_iter,2.8895320892333984,0.00015841584158415842,0.028577353829083597,2514.7902965545654
2025-09-15 06:01:00,ADAM_lr0.0003,ADAM,2,shakespeare_char,16,train_eval,2.8401994705200195,0.00016831683168316833,0.028577353829083597,
2025-09-15 06:01:00,ADAM_lr0.0003,ADAM,2,shakespeare_char,16,val_eval,2.8640358448028564,0.00016831683168316833,0.028577353829083597,
2025-09-15 06:01:01,ADAM_lr0.0003,ADAM,2,shakespeare_char,16,train_iter,2.9124679565429688,0.00016831683168316833,0.028635737212292355,2395.8873748779297
2025-09-15 06:01:04,ADAM_lr0.0003,ADAM,2,shakespeare_char,17,train_eval,2.817797899246216,0.00017821782178217824,0.028635737212292355,
2025-09-15 06:01:04,ADAM_lr0.0003,ADAM,2,shakespeare_char,17,val_eval,2.8339364528656006,0.00017821782178217824,0.028635737212292355,
2025-09-15 06:01:05,ADAM_lr0.0003,ADAM,2,shakespeare_char,17,train_iter,2.870638608932495,0.00017821782178217824,0.027623225618301085,3774.423360824585
2025-09-15 06:01:07,ADAM_lr0.0003,ADAM,2,shakespeare_char,18,train_eval,2.788577079772949,0.00018811881188118812,0.027623225618301085,
2025-09-15 06:01:07,ADAM_lr0.0003,ADAM,2,shakespeare_char,18,val_eval,2.8053574562072754,0.00018811881188118812,0.027623225618301085,
2025-09-15 06:01:08,ADAM_lr0.0003,ADAM,2,shakespeare_char,18,train_iter,2.825090169906616,0.00018811881188118812,0.02682529571808435,3556.6678047180176
2025-09-15 06:01:10,ADAM_lr0.0003,ADAM,2,shakespeare_char,19,train_eval,2.768475294113159,0.00019801980198019803,0.02682529571808435,
2025-09-15 06:01:10,ADAM_lr0.0003,ADAM,2,shakespeare_char,19,val_eval,2.780036687850952,0.00019801980198019803,0.02682529571808435,
2025-09-15 06:01:11,ADAM_lr0.0003,ADAM,2,shakespeare_char,19,train_iter,2.7816996574401855,0.00019801980198019803,0.026967414155357052,2473.47354888916
2025-09-15 06:01:13,ADAM_lr0.0003,ADAM,2,shakespeare_char,20,train_eval,2.7442102432250977,0.00020792079207920794,0.026967414155357052,
2025-09-15 06:01:13,ADAM_lr0.0003,ADAM,2,shakespeare_char,20,val_eval,2.7473907470703125,0.00020792079207920794,0.026967414155357052,
2025-09-15 06:01:14,ADAM_lr0.0003,ADAM,2,shakespeare_char,20,train_iter,2.8149514198303223,0.00020792079207920794,0.02653967791658974,3079.1873931884766
2025-09-15 06:01:15,ADAM_lr0.0003,ADAM,2,shakespeare_char,21,train_eval,2.7257578372955322,0.0002178217821782178,0.02653967791658974,
2025-09-15 06:01:15,ADAM_lr0.0003,ADAM,2,shakespeare_char,21,val_eval,2.726930618286133,0.0002178217821782178,0.02653967791658974,
2025-09-15 06:01:16,ADAM_lr0.0003,ADAM,2,shakespeare_char,21,train_iter,2.7930798530578613,0.0002178217821782178,0.02688456487115468,2329.786777496338
2025-09-15 06:01:19,ADAM_lr0.0003,ADAM,2,shakespeare_char,22,train_eval,2.7062597274780273,0.0002277227722772277,0.02688456487115468,
2025-09-15 06:01:19,ADAM_lr0.0003,ADAM,2,shakespeare_char,22,val_eval,2.7060296535491943,0.0002277227722772277,0.02688456487115468,
2025-09-15 06:01:20,ADAM_lr0.0003,ADAM,2,shakespeare_char,22,train_iter,2.7231898307800293,0.0002277227722772277,0.025957624390420625,3966.295003890991
2025-09-15 06:01:22,ADAM_lr0.0003,ADAM,2,shakespeare_char,23,train_eval,2.6912431716918945,0.00023762376237623762,0.025957624390420625,
2025-09-15 06:01:22,ADAM_lr0.0003,ADAM,2,shakespeare_char,23,val_eval,2.693774700164795,0.00023762376237623762,0.025957624390420625,
2025-09-15 06:01:23,ADAM_lr0.0003,ADAM,2,shakespeare_char,23,train_iter,2.7152256965637207,0.00023762376237623762,0.025576786637271143,3154.370069503784
2025-09-15 06:01:24,ADAM_lr0.0003,ADAM,2,shakespeare_char,24,train_eval,2.679546594619751,0.00024752475247524753,0.025576786637271143,
2025-09-15 06:01:24,ADAM_lr0.0003,ADAM,2,shakespeare_char,24,val_eval,2.679645299911499,0.00024752475247524753,0.025576786637271143,
2025-09-15 06:01:26,ADAM_lr0.0003,ADAM,2,shakespeare_char,24,train_iter,2.709725856781006,0.00024752475247524753,0.02580272813939795,2509.93013381958
2025-09-15 06:01:27,ADAM_lr0.0003,ADAM,2,shakespeare_char,25,train_eval,2.6870574951171875,0.00025742574257425744,0.02580272813939795,
2025-09-15 06:01:27,ADAM_lr0.0003,ADAM,2,shakespeare_char,25,val_eval,2.682875871658325,0.00025742574257425744,0.02580272813939795,
2025-09-15 06:01:27,ADAM_lr0.0003,ADAM,2,shakespeare_char,25,train_iter,2.7114226818084717,0.00025742574257425744,0.028538118601825313,1314.359426498413
2025-09-15 06:01:28,ADAM_lr0.0003,ADAM,2,shakespeare_char,26,train_eval,2.671539306640625,0.00026732673267326735,0.028538118601825313,
2025-09-15 06:01:28,ADAM_lr0.0003,ADAM,2,shakespeare_char,26,val_eval,2.670936346054077,0.00026732673267326735,0.028538118601825313,
2025-09-15 06:01:29,ADAM_lr0.0003,ADAM,2,shakespeare_char,26,train_iter,2.644768476486206,0.00026732673267326735,0.029911079214518212,1652.9614925384521
2025-09-15 06:01:30,ADAM_lr0.0003,ADAM,2,shakespeare_char,27,train_eval,2.6495041847229004,0.00027722772277227726,0.029911079214518212,
2025-09-15 06:01:30,ADAM_lr0.0003,ADAM,2,shakespeare_char,27,val_eval,2.6489038467407227,0.00027722772277227726,0.029911079214518212,
2025-09-15 06:01:31,ADAM_lr0.0003,ADAM,2,shakespeare_char,27,train_iter,2.663712978363037,0.00027722772277227726,0.029570079490219926,2636.3799571990967
2025-09-15 06:01:33,ADAM_lr0.0003,ADAM,2,shakespeare_char,28,train_eval,2.639619827270508,0.00028712871287128717,0.029570079490219926,
2025-09-15 06:01:33,ADAM_lr0.0003,ADAM,2,shakespeare_char,28,val_eval,2.6454479694366455,0.00028712871287128717,0.029570079490219926,
2025-09-15 06:01:34,ADAM_lr0.0003,ADAM,2,shakespeare_char,28,train_iter,2.671126127243042,0.00028712871287128717,0.029048615846433312,2868.6368465423584
2025-09-15 06:01:37,ADAM_lr0.0003,ADAM,2,shakespeare_char,29,train_eval,2.6522598266601562,0.000297029702970297,0.029048615846433312,
2025-09-15 06:01:37,ADAM_lr0.0003,ADAM,2,shakespeare_char,29,val_eval,2.6487338542938232,0.000297029702970297,0.029048615846433312,
2025-09-15 06:01:37,ADAM_lr0.0003,ADAM,2,shakespeare_char,29,train_iter,2.6485021114349365,0.000297029702970297,0.028865489738935896,2566.9989585876465
2025-09-15 06:01:40,ADAM_lr0.0003,ADAM,2,shakespeare_char,30,train_eval,2.655517816543579,0.00030693069306930693,0.028865489738935896,
2025-09-15 06:01:40,ADAM_lr0.0003,ADAM,2,shakespeare_char,30,val_eval,2.6466972827911377,0.00030693069306930693,0.028865489738935896,
2025-09-15 06:01:40,ADAM_lr0.0003,ADAM,2,shakespeare_char,30,train_iter,2.6569106578826904,0.00030693069306930693,0.028138201564286917,3235.687017440796
2025-09-15 06:01:43,ADAM_lr0.0003,ADAM,2,shakespeare_char,31,train_eval,2.6390678882598877,0.00031683168316831684,0.028138201564286917,
2025-09-15 06:01:43,ADAM_lr0.0003,ADAM,2,shakespeare_char,31,val_eval,2.6247212886810303,0.00031683168316831684,0.028138201564286917,
2025-09-15 06:01:44,ADAM_lr0.0003,ADAM,2,shakespeare_char,31,train_iter,2.6733555793762207,0.00031683168316831684,0.027164952876515065,3795.936346054077
2025-09-15 06:01:47,ADAM_lr0.0003,ADAM,2,shakespeare_char,32,train_eval,2.6217756271362305,0.00032673267326732675,0.027164952876515065,
2025-09-15 06:01:47,ADAM_lr0.0003,ADAM,2,shakespeare_char,32,val_eval,2.6108837127685547,0.00032673267326732675,0.027164952876515065,
2025-09-15 06:01:47,ADAM_lr0.0003,ADAM,2,shakespeare_char,32,train_iter,2.646681308746338,0.00032673267326732675,0.026338177430434973,3697.2105503082275
2025-09-15 06:01:49,ADAM_lr0.0003,ADAM,2,shakespeare_char,33,train_eval,2.6131181716918945,0.00033663366336633666,0.026338177430434973,
2025-09-15 06:01:49,ADAM_lr0.0003,ADAM,2,shakespeare_char,33,val_eval,2.6071908473968506,0.00033663366336633666,0.026338177430434973,
2025-09-15 06:01:50,ADAM_lr0.0003,ADAM,2,shakespeare_char,33,train_iter,2.584847927093506,0.00033663366336633666,0.026201566573573705,2797.802686691284
2025-09-15 06:01:51,ADAM_lr0.0003,ADAM,2,shakespeare_char,34,train_eval,2.610827684402466,0.00034653465346534657,0.026201566573573705,
2025-09-15 06:01:51,ADAM_lr0.0003,ADAM,2,shakespeare_char,34,val_eval,2.605236768722534,0.00034653465346534657,0.026201566573573705,
2025-09-15 06:01:52,ADAM_lr0.0003,ADAM,2,shakespeare_char,34,train_iter,2.654322385787964,0.00034653465346534657,0.026665755059262292,2265.2108669281006
2025-09-15 06:01:54,ADAM_lr0.0003,ADAM,2,shakespeare_char,35,train_eval,2.6069753170013428,0.0003564356435643565,0.026665755059262292,
2025-09-15 06:01:54,ADAM_lr0.0003,ADAM,2,shakespeare_char,35,val_eval,2.603564977645874,0.0003564356435643565,0.026665755059262292,
2025-09-15 06:01:55,ADAM_lr0.0003,ADAM,2,shakespeare_char,35,train_iter,2.615389347076416,0.0003564356435643565,0.026737284496300497,2551.652431488037
2025-09-15 06:01:56,ADAM_lr0.0003,ADAM,2,shakespeare_char,36,train_eval,2.595911979675293,0.00036633663366336634,0.026737284496300497,
2025-09-15 06:01:56,ADAM_lr0.0003,ADAM,2,shakespeare_char,36,val_eval,2.593674421310425,0.00036633663366336634,0.026737284496300497,
2025-09-15 06:01:57,ADAM_lr0.0003,ADAM,2,shakespeare_char,36,train_iter,2.6216354370117188,0.00036633663366336634,0.02838956303431587,1615.044116973877
2025-09-15 06:01:59,ADAM_lr0.0003,ADAM,2,shakespeare_char,37,train_eval,2.594475507736206,0.00037623762376237625,0.02838956303431587,
2025-09-15 06:01:59,ADAM_lr0.0003,ADAM,2,shakespeare_char,37,val_eval,2.598212480545044,0.00037623762376237625,0.02838956303431587,
2025-09-15 06:01:59,ADAM_lr0.0003,ADAM,2,shakespeare_char,37,train_iter,2.601253032684326,0.00037623762376237625,0.02801846659678823,2831.07328414917
2025-09-15 06:02:03,ADAM_lr0.0003,ADAM,2,shakespeare_char,38,train_eval,2.5876686573028564,0.00038613861386138616,0.02801846659678823,
2025-09-15 06:02:03,ADAM_lr0.0003,ADAM,2,shakespeare_char,38,val_eval,2.5979907512664795,0.00038613861386138616,0.02801846659678823,
2025-09-15 06:02:03,ADAM_lr0.0003,ADAM,2,shakespeare_char,38,train_iter,2.573263645172119,0.00038613861386138616,0.02743044075688317,3155.942916870117
2025-09-15 06:02:05,ADAM_lr0.0003,ADAM,2,shakespeare_char,39,train_eval,2.5917415618896484,0.00039603960396039607,0.02743044075688317,
2025-09-15 06:02:05,ADAM_lr0.0003,ADAM,2,shakespeare_char,39,val_eval,2.5904934406280518,0.00039603960396039607,0.02743044075688317,
2025-09-15 06:02:06,ADAM_lr0.0003,ADAM,2,shakespeare_char,39,train_iter,2.6031229496002197,0.00039603960396039607,0.02670519078480169,3462.5396728515625
2025-09-15 06:02:08,ADAM_lr0.0003,ADAM,2,shakespeare_char,40,train_eval,2.6001780033111572,0.000405940594059406,0.02670519078480169,
2025-09-15 06:02:08,ADAM_lr0.0003,ADAM,2,shakespeare_char,40,val_eval,2.593214750289917,0.000405940594059406,0.02670519078480169,
2025-09-15 06:02:08,ADAM_lr0.0003,ADAM,2,shakespeare_char,40,train_iter,2.5683937072753906,0.000405940594059406,0.027057468261728734,2311.3338947296143
2025-09-15 06:02:12,ADAM_lr0.0003,ADAM,2,shakespeare_char,41,train_eval,2.5866684913635254,0.0004158415841584159,0.027057468261728734,
2025-09-15 06:02:12,ADAM_lr0.0003,ADAM,2,shakespeare_char,41,val_eval,2.580547571182251,0.0004158415841584159,0.027057468261728734,
2025-09-15 06:02:13,ADAM_lr0.0003,ADAM,2,shakespeare_char,41,train_iter,2.6254444122314453,0.0004158415841584159,0.02592600025574096,4438.027143478394
2025-09-15 06:02:14,ADAM_lr0.0003,ADAM,2,shakespeare_char,42,train_eval,2.576448678970337,0.0004257425742574258,0.02592600025574096,
2025-09-15 06:02:14,ADAM_lr0.0003,ADAM,2,shakespeare_char,42,val_eval,2.574070453643799,0.0004257425742574258,0.02592600025574096,
2025-09-15 06:02:14,ADAM_lr0.0003,ADAM,2,shakespeare_char,42,train_iter,2.643977403640747,0.0004257425742574258,0.027438870177113536,1701.80082321167
2025-09-15 06:02:16,ADAM_lr0.0003,ADAM,2,shakespeare_char,43,train_eval,2.5738046169281006,0.0004356435643564356,0.027438870177113536,
2025-09-15 06:02:16,ADAM_lr0.0003,ADAM,2,shakespeare_char,43,val_eval,2.571420192718506,0.0004356435643564356,0.027438870177113536,
2025-09-15 06:02:17,ADAM_lr0.0003,ADAM,2,shakespeare_char,43,train_iter,2.5663363933563232,0.0004356435643564356,0.02734842201919366,2633.070707321167
2025-09-15 06:02:20,ADAM_lr0.0003,ADAM,2,shakespeare_char,44,train_eval,2.575801372528076,0.0004455445544554455,0.02734842201919366,
2025-09-15 06:02:20,ADAM_lr0.0003,ADAM,2,shakespeare_char,44,val_eval,2.5748684406280518,0.0004455445544554455,0.02734842201919366,
2025-09-15 06:02:20,ADAM_lr0.0003,ADAM,2,shakespeare_char,44,train_iter,2.5612847805023193,0.0004455445544554455,0.027293935332900872,2606.628894805908
2025-09-15 06:02:23,ADAM_lr0.0003,ADAM,2,shakespeare_char,45,train_eval,2.576080322265625,0.0004554455445544554,0.027293935332900872,
2025-09-15 06:02:23,ADAM_lr0.0003,ADAM,2,shakespeare_char,45,val_eval,2.567990779876709,0.0004554455445544554,0.027293935332900872,
2025-09-15 06:02:23,ADAM_lr0.0003,ADAM,2,shakespeare_char,45,train_iter,2.567974328994751,0.0004554455445544554,0.02648878282086423,3630.8820247650146
2025-09-15 06:02:25,ADAM_lr0.0003,ADAM,2,shakespeare_char,46,train_eval,2.571371078491211,0.0004653465346534653,0.02648878282086423,
2025-09-15 06:02:25,ADAM_lr0.0003,ADAM,2,shakespeare_char,46,val_eval,2.566171169281006,0.0004653465346534653,0.02648878282086423,
2025-09-15 06:02:25,ADAM_lr0.0003,ADAM,2,shakespeare_char,46,train_iter,2.5944786071777344,0.0004653465346534653,0.028133515423753103,1627.229928970337
2025-09-15 06:02:26,ADAM_lr0.0003,ADAM,2,shakespeare_char,47,train_eval,2.562164545059204,0.00047524752475247524,0.028133515423753103,
2025-09-15 06:02:26,ADAM_lr0.0003,ADAM,2,shakespeare_char,47,val_eval,2.566490411758423,0.00047524752475247524,0.028133515423753103,
2025-09-15 06:02:26,ADAM_lr0.0003,ADAM,2,shakespeare_char,47,train_iter,2.545300245285034,0.00047524752475247524,0.03083037183014307,1267.9543495178223
2025-09-15 06:02:27,ADAM_lr0.0003,ADAM,2,shakespeare_char,48,train_eval,2.582284927368164,0.00048514851485148515,0.03083037183014307,
2025-09-15 06:02:27,ADAM_lr0.0003,ADAM,2,shakespeare_char,48,val_eval,2.588094711303711,0.00048514851485148515,0.03083037183014307,
2025-09-15 06:02:27,ADAM_lr0.0003,ADAM,2,shakespeare_char,48,train_iter,2.6191506385803223,0.00048514851485148515,0.03370632710537666,1172.461986541748
2025-09-15 06:02:30,ADAM_lr0.0003,ADAM,2,shakespeare_char,49,train_eval,2.564190626144409,0.0004950495049504951,0.03370632710537666,
2025-09-15 06:02:30,ADAM_lr0.0003,ADAM,2,shakespeare_char,49,val_eval,2.5767524242401123,0.0004950495049504951,0.03370632710537666,
2025-09-15 06:02:30,ADAM_lr0.0003,ADAM,2,shakespeare_char,49,train_iter,2.5928444862365723,0.0004950495049504951,0.03357951019160412,2153.8498401641846
2025-09-15 06:02:32,ADAM_lr0.0003,ADAM,2,shakespeare_char,50,train_eval,2.5598676204681396,0.000504950495049505,0.03357951019160412,
2025-09-15 06:02:32,ADAM_lr0.0003,ADAM,2,shakespeare_char,50,val_eval,2.561917781829834,0.000504950495049505,0.03357951019160412,
2025-09-15 06:02:33,ADAM_lr0.0003,ADAM,2,shakespeare_char,50,train_iter,2.586136817932129,0.000504950495049505,0.03252846498283515,3028.5987854003906
2025-09-15 06:02:35,ADAM_lr0.0003,ADAM,2,shakespeare_char,51,train_eval,2.559762477874756,0.0005148514851485149,0.03252846498283515,
2025-09-15 06:02:35,ADAM_lr0.0003,ADAM,2,shakespeare_char,51,val_eval,2.5601301193237305,0.0005148514851485149,0.03252846498283515,
2025-09-15 06:02:35,ADAM_lr0.0003,ADAM,2,shakespeare_char,51,train_iter,2.53802490234375,0.0005148514851485149,0.03172573261717346,2851.5782356262207
2025-09-15 06:02:37,ADAM_lr0.0003,ADAM,2,shakespeare_char,52,train_eval,2.54986572265625,0.0005247524752475248,0.03172573261717346,
2025-09-15 06:02:37,ADAM_lr0.0003,ADAM,2,shakespeare_char,52,val_eval,2.556959867477417,0.0005247524752475248,0.03172573261717346,
2025-09-15 06:02:38,ADAM_lr0.0003,ADAM,2,shakespeare_char,52,train_iter,2.5419845581054688,0.0005247524752475248,0.031138660302440693,2702.258586883545
2025-09-15 06:02:41,ADAM_lr0.0003,ADAM,2,shakespeare_char,53,train_eval,2.554163932800293,0.0005346534653465347,0.031138660302440693,
2025-09-15 06:02:41,ADAM_lr0.0003,ADAM,2,shakespeare_char,53,val_eval,2.553868293762207,0.0005346534653465347,0.031138660302440693,
2025-09-15 06:02:42,ADAM_lr0.0003,ADAM,2,shakespeare_char,53,train_iter,2.586589813232422,0.0005346534653465347,0.02978505556768523,3969.1221714019775
2025-09-15 06:02:44,ADAM_lr0.0003,ADAM,2,shakespeare_char,54,train_eval,2.5600311756134033,0.0005445544554455446,0.02978505556768523,
2025-09-15 06:02:44,ADAM_lr0.0003,ADAM,2,shakespeare_char,54,val_eval,2.5594003200531006,0.0005445544554455446,0.02978505556768523,
2025-09-15 06:02:44,ADAM_lr0.0003,ADAM,2,shakespeare_char,54,train_iter,2.562268018722534,0.0005445544554455446,0.03082671851628322,1737.910270690918
2025-09-15 06:02:46,ADAM_lr0.0003,ADAM,2,shakespeare_char,55,train_eval,2.5488784313201904,0.0005544554455445545,0.03082671851628322,
2025-09-15 06:02:46,ADAM_lr0.0003,ADAM,2,shakespeare_char,55,val_eval,2.5449254512786865,0.0005544554455445545,0.03082671851628322,
2025-09-15 06:02:46,ADAM_lr0.0003,ADAM,2,shakespeare_char,55,train_iter,2.618342399597168,0.0005544554455445545,0.03048791756871559,2546.290397644043
2025-09-15 06:02:49,ADAM_lr0.0003,ADAM,2,shakespeare_char,56,train_eval,2.5593621730804443,0.0005643564356435644,0.03048791756871559,
2025-09-15 06:02:49,ADAM_lr0.0003,ADAM,2,shakespeare_char,56,val_eval,2.5669350624084473,0.0005643564356435644,0.03048791756871559,
2025-09-15 06:02:49,ADAM_lr0.0003,ADAM,2,shakespeare_char,56,train_iter,2.602041006088257,0.0005643564356435644,0.02993338078493449,2801.1138439178467
2025-09-15 06:02:52,ADAM_lr0.0003,ADAM,2,shakespeare_char,57,train_eval,2.555087089538574,0.0005742574257425743,0.02993338078493449,
2025-09-15 06:02:52,ADAM_lr0.0003,ADAM,2,shakespeare_char,57,val_eval,2.5641281604766846,0.0005742574257425743,0.02993338078493449,
2025-09-15 06:02:52,ADAM_lr0.0003,ADAM,2,shakespeare_char,57,train_iter,2.5982089042663574,0.0005742574257425743,0.029170837269387028,3131.929874420166
2025-09-15 06:02:55,ADAM_lr0.0003,ADAM,2,shakespeare_char,58,train_eval,2.5514066219329834,0.0005841584158415842,0.029170837269387028,
2025-09-15 06:02:55,ADAM_lr0.0003,ADAM,2,shakespeare_char,58,val_eval,2.5498836040496826,0.0005841584158415842,0.029170837269387028,
2025-09-15 06:02:55,ADAM_lr0.0003,ADAM,2,shakespeare_char,58,train_iter,2.5811262130737305,0.0005841584158415842,0.0290257398240061,2520.4641819000244
2025-09-15 06:02:58,ADAM_lr0.0003,ADAM,2,shakespeare_char,59,train_eval,2.5471267700195312,0.000594059405940594,0.0290257398240061,
2025-09-15 06:02:58,ADAM_lr0.0003,ADAM,2,shakespeare_char,59,val_eval,2.542001247406006,0.000594059405940594,0.0290257398240061,
2025-09-15 06:02:59,ADAM_lr0.0003,ADAM,2,shakespeare_char,59,train_iter,2.5797171592712402,0.000594059405940594,0.027852544895249798,4040.0004386901855
2025-09-15 06:03:01,ADAM_lr0.0003,ADAM,2,shakespeare_char,60,train_eval,2.5606915950775146,0.000603960396039604,0.027852544895249798,
2025-09-15 06:03:01,ADAM_lr0.0003,ADAM,2,shakespeare_char,60,val_eval,2.55000376701355,0.000603960396039604,0.027852544895249798,
2025-09-15 06:03:01,ADAM_lr0.0003,ADAM,2,shakespeare_char,60,train_iter,2.572523832321167,0.000603960396039604,0.028433899335715655,2075.2906799316406
2025-09-15 06:03:04,ADAM_lr0.0003,ADAM,2,shakespeare_char,61,train_eval,2.556086540222168,0.0006138613861386139,0.028433899335715655,
2025-09-15 06:03:04,ADAM_lr0.0003,ADAM,2,shakespeare_char,61,val_eval,2.5569512844085693,0.0006138613861386139,0.028433899335715655,
2025-09-15 06:03:04,ADAM_lr0.0003,ADAM,2,shakespeare_char,61,train_iter,2.598870038986206,0.0006138613861386139,0.028280070883653474,2597.7067947387695
2025-09-15 06:03:06,ADAM_lr0.0003,ADAM,2,shakespeare_char,62,train_eval,2.539933443069458,0.0006237623762376238,0.028280070883653474,
2025-09-15 06:03:06,ADAM_lr0.0003,ADAM,2,shakespeare_char,62,val_eval,2.550269365310669,0.0006237623762376238,0.028280070883653474,
2025-09-15 06:03:06,ADAM_lr0.0003,ADAM,2,shakespeare_char,62,train_iter,2.5947351455688477,0.0006237623762376238,0.028506212002471096,2287.607431411743
2025-09-15 06:03:08,ADAM_lr0.0003,ADAM,2,shakespeare_char,63,train_eval,2.5486388206481934,0.0006336633663366337,0.028506212002471096,
2025-09-15 06:03:08,ADAM_lr0.0003,ADAM,2,shakespeare_char,63,val_eval,2.565103530883789,0.0006336633663366337,0.028506212002471096,
2025-09-15 06:03:08,ADAM_lr0.0003,ADAM,2,shakespeare_char,63,train_iter,2.532991886138916,0.0006336633663366337,0.028477003345015506,2476.3100147247314
2025-09-15 06:03:11,ADAM_lr0.0003,ADAM,2,shakespeare_char,64,train_eval,2.548323631286621,0.0006435643564356436,0.028477003345015506,
2025-09-15 06:03:11,ADAM_lr0.0003,ADAM,2,shakespeare_char,64,val_eval,2.5622406005859375,0.0006435643564356436,0.028477003345015506,
2025-09-15 06:03:11,ADAM_lr0.0003,ADAM,2,shakespeare_char,64,train_iter,2.5766587257385254,0.0006435643564356436,0.028333085217945683,2584.0439796447754
2025-09-15 06:03:14,ADAM_lr0.0003,ADAM,2,shakespeare_char,65,train_eval,2.5493156909942627,0.0006534653465346535,0.028333085217945683,
2025-09-15 06:03:14,ADAM_lr0.0003,ADAM,2,shakespeare_char,65,val_eval,2.5571985244750977,0.0006534653465346535,0.028333085217945683,
2025-09-15 06:03:14,ADAM_lr0.0003,ADAM,2,shakespeare_char,65,train_iter,2.5695323944091797,0.0006534653465346535,0.02806271990489262,2726.0425090789795
2025-09-15 06:03:16,ADAM_lr0.0003,ADAM,2,shakespeare_char,66,train_eval,2.5453314781188965,0.0006633663366336634,0.02806271990489262,
2025-09-15 06:03:16,ADAM_lr0.0003,ADAM,2,shakespeare_char,66,val_eval,2.5497777462005615,0.0006633663366336634,0.02806271990489262,
2025-09-15 06:03:16,ADAM_lr0.0003,ADAM,2,shakespeare_char,66,train_iter,2.5637872219085693,0.0006633663366336634,0.02773290879408122,2821.2406635284424
2025-09-15 06:03:19,ADAM_lr0.0003,ADAM,2,shakespeare_char,67,train_eval,2.5474722385406494,0.0006732673267326733,0.02773290879408122,
2025-09-15 06:03:19,ADAM_lr0.0003,ADAM,2,shakespeare_char,67,val_eval,2.5499072074890137,0.0006732673267326733,0.02773290879408122,
2025-09-15 06:03:19,ADAM_lr0.0003,ADAM,2,shakespeare_char,67,train_iter,2.536062240600586,0.0006732673267326733,0.027365673877066992,2903.794527053833
2025-09-15 06:03:22,ADAM_lr0.0003,ADAM,2,shakespeare_char,68,train_eval,2.5526418685913086,0.0006831683168316832,0.027365673877066992,
2025-09-15 06:03:22,ADAM_lr0.0003,ADAM,2,shakespeare_char,68,val_eval,2.5580368041992188,0.0006831683168316832,0.027365673877066992,
2025-09-15 06:03:22,ADAM_lr0.0003,ADAM,2,shakespeare_char,68,train_iter,2.5871615409851074,0.0006831683168316832,0.02710829081474422,2818.141460418701
2025-09-15 06:03:25,ADAM_lr0.0003,ADAM,2,shakespeare_char,69,train_eval,2.5494332313537598,0.0006930693069306931,0.02710829081474422,
2025-09-15 06:03:25,ADAM_lr0.0003,ADAM,2,shakespeare_char,69,val_eval,2.5527400970458984,0.0006930693069306931,0.02710829081474422,
2025-09-15 06:03:25,ADAM_lr0.0003,ADAM,2,shakespeare_char,69,train_iter,2.5955724716186523,0.0006930693069306931,0.026610831083339802,3156.5866470336914
2025-09-15 06:03:28,ADAM_lr0.0003,ADAM,2,shakespeare_char,70,train_eval,2.547034740447998,0.000702970297029703,0.026610831083339802,
2025-09-15 06:03:28,ADAM_lr0.0003,ADAM,2,shakespeare_char,70,val_eval,2.5585122108459473,0.000702970297029703,0.026610831083339802,
2025-09-15 06:03:28,ADAM_lr0.0003,ADAM,2,shakespeare_char,70,train_iter,2.5281169414520264,0.000702970297029703,0.026230270675648072,3063.636302947998
2025-09-15 06:03:32,ADAM_lr0.0003,ADAM,2,shakespeare_char,71,train_eval,2.5520453453063965,0.000712871287128713,0.026230270675648072,
2025-09-15 06:03:32,ADAM_lr0.0003,ADAM,2,shakespeare_char,71,val_eval,2.546525239944458,0.000712871287128713,0.026230270675648072,
2025-09-15 06:03:32,ADAM_lr0.0003,ADAM,2,shakespeare_char,71,train_iter,2.605386257171631,0.000712871287128713,0.025755050244665924,3252.9428005218506
2025-09-15 06:03:34,ADAM_lr0.0003,ADAM,2,shakespeare_char,72,train_eval,2.5506908893585205,0.0007227722772277228,0.025755050244665924,
2025-09-15 06:03:34,ADAM_lr0.0003,ADAM,2,shakespeare_char,72,val_eval,2.5477850437164307,0.0007227722772277228,0.025755050244665924,
2025-09-15 06:03:34,ADAM_lr0.0003,ADAM,2,shakespeare_char,72,train_iter,2.5633418560028076,0.0007227722772277228,0.026141380638157165,2358.9062690734863
2025-09-15 06:03:35,ADAM_lr0.0003,ADAM,2,shakespeare_char,200,train_iter,2.471161127090454,0.0009990754267376514,0.04675424424164355,203129.25958633423
2025-09-15 06:03:36,ADAM_lr0.0003,ADAM,2,shakespeare_char,73,train_eval,2.5410428047180176,0.0007326732673267327,0.026141380638157165,
2025-09-15 06:03:36,ADAM_lr0.0003,ADAM,2,shakespeare_char,73,val_eval,2.5447006225585938,0.0007326732673267327,0.026141380638157165,
2025-09-15 06:03:36,ADAM_lr0.0003,ADAM,2,shakespeare_char,73,train_iter,2.5488853454589844,0.0007326732673267327,0.027910015451961208,1594.1259860992432
2025-09-15 06:03:37,ADAM_lr0.0003,ADAM,2,shakespeare_char,74,train_eval,2.5328567028045654,0.0007425742574257426,0.027910015451961208,
2025-09-15 06:03:37,ADAM_lr0.0003,ADAM,2,shakespeare_char,74,val_eval,2.5405726432800293,0.0007425742574257426,0.027910015451961208,
2025-09-15 06:03:38,ADAM_lr0.0003,ADAM,2,shakespeare_char,74,train_iter,2.532947540283203,0.0007425742574257426,0.027884786379108812,2526.1268615722656
2025-09-15 06:03:40,ADAM_lr0.0003,ADAM,2,shakespeare_char,75,train_eval,2.5457189083099365,0.0007524752475247525,0.027884786379108812,
2025-09-15 06:03:40,ADAM_lr0.0003,ADAM,2,shakespeare_char,75,val_eval,2.5548391342163086,0.0007524752475247525,0.027884786379108812,
2025-09-15 06:03:40,ADAM_lr0.0003,ADAM,2,shakespeare_char,75,train_iter,2.4930570125579834,0.0007524752475247525,0.02905244385467998,1766.0393714904785
2025-09-15 06:03:42,ADAM_lr0.0003,ADAM,2,shakespeare_char,76,train_eval,2.541205644607544,0.0007623762376237624,0.02905244385467998,
2025-09-15 06:03:42,ADAM_lr0.0003,ADAM,2,shakespeare_char,76,val_eval,2.547069549560547,0.0007623762376237624,0.02905244385467998,
2025-09-15 06:03:42,ADAM_lr0.0003,ADAM,2,shakespeare_char,76,train_iter,2.5131821632385254,0.0007623762376237624,0.029422825518637178,2132.9333782196045
2025-09-15 06:03:44,ADAM_lr0.0003,ADAM,2,shakespeare_char,77,train_eval,2.5293052196502686,0.0007722772277227723,0.029422825518637178,
2025-09-15 06:03:44,ADAM_lr0.0003,ADAM,2,shakespeare_char,77,val_eval,2.5423007011413574,0.0007722772277227723,0.029422825518637178,
2025-09-15 06:03:44,ADAM_lr0.0003,ADAM,2,shakespeare_char,77,train_iter,2.5378575325012207,0.0007722772277227723,0.031001100497865038,1545.5377101898193
2025-09-15 06:03:45,ADAM_lr0.0003,ADAM,2,shakespeare_char,78,train_eval,2.526432991027832,0.0007821782178217822,0.031001100497865038,
2025-09-15 06:03:45,ADAM_lr0.0003,ADAM,2,shakespeare_char,78,val_eval,2.542388916015625,0.0007821782178217822,0.031001100497865038,
2025-09-15 06:03:45,ADAM_lr0.0003,ADAM,2,shakespeare_char,78,train_iter,2.5500969886779785,0.0007821782178217822,0.032286235262909586,1593.2273864746094
2025-09-15 06:03:47,ADAM_lr0.0003,ADAM,2,shakespeare_char,79,train_eval,2.538806915283203,0.0007920792079207921,0.032286235262909586,
2025-09-15 06:03:47,ADAM_lr0.0003,ADAM,2,shakespeare_char,79,val_eval,2.5522754192352295,0.0007920792079207921,0.032286235262909586,
2025-09-15 06:03:47,ADAM_lr0.0003,ADAM,2,shakespeare_char,79,train_iter,2.5505683422088623,0.0007920792079207921,0.032464304213250146,2050.872564315796
2025-09-15 06:03:47,ADAM_lr0.001,ADAM,2,shakespeare_char,0,train_eval,4.270771503448486,9.900990099009901e-06,,
2025-09-15 06:03:47,ADAM_lr0.001,ADAM,2,shakespeare_char,0,val_eval,4.269772529602051,9.900990099009901e-06,,
2025-09-15 06:03:49,ADAM_lr0.0003,ADAM,2,shakespeare_char,80,train_eval,2.5502521991729736,0.000801980198019802,0.032464304213250146,
2025-09-15 06:03:49,ADAM_lr0.0003,ADAM,2,shakespeare_char,80,val_eval,2.558624505996704,0.000801980198019802,0.032464304213250146,
2025-09-15 06:03:49,ADAM_lr0.0003,ADAM,2,shakespeare_char,80,train_iter,2.5329675674438477,0.000801980198019802,0.03238139569346968,2208.517074584961
2025-09-15 06:03:52,ADAM_lr0.0003,ADAM,2,shakespeare_char,81,train_eval,2.5462794303894043,0.000811881188118812,0.03238139569346968,
2025-09-15 06:03:52,ADAM_lr0.0003,ADAM,2,shakespeare_char,81,val_eval,2.5453503131866455,0.000811881188118812,0.03238139569346968,
2025-09-15 06:03:52,ADAM_lr0.0003,ADAM,2,shakespeare_char,81,train_iter,2.5426723957061768,0.000811881188118812,0.03243477801454556,2122.6327419281006
2025-09-15 06:03:53,ADAM_lr0.0003,ADAM,2,shakespeare_char,82,train_eval,2.539552688598633,0.0008217821782178219,0.03243477801454556,
2025-09-15 06:03:53,ADAM_lr0.0003,ADAM,2,shakespeare_char,82,val_eval,2.5464911460876465,0.0008217821782178219,0.03243477801454556,
2025-09-15 06:03:53,ADAM_lr0.0003,ADAM,2,shakespeare_char,82,train_iter,2.547253131866455,0.0008217821782178219,0.03332311166132071,1690.9513473510742
2025-09-15 06:03:55,ADAM_lr0.0003,ADAM,2,shakespeare_char,83,train_eval,2.532141923904419,0.0008316831683168318,0.03332311166132071,
2025-09-15 06:03:55,ADAM_lr0.0003,ADAM,2,shakespeare_char,83,val_eval,2.536681890487671,0.0008316831683168318,0.03332311166132071,
2025-09-15 06:03:56,ADAM_lr0.0003,ADAM,2,shakespeare_char,83,train_iter,2.5551681518554688,0.0008316831683168318,0.032565530780924286,2713.5627269744873
2025-09-15 06:03:58,ADAM_lr0.0003,ADAM,2,shakespeare_char,84,train_eval,2.520085096359253,0.0008415841584158417,0.032565530780924286,
2025-09-15 06:03:58,ADAM_lr0.0003,ADAM,2,shakespeare_char,84,val_eval,2.528878688812256,0.0008415841584158417,0.032565530780924286,
2025-09-15 06:03:59,ADAM_lr0.0003,ADAM,2,shakespeare_char,84,train_iter,2.550222158432007,0.0008415841584158417,0.03130605236909428,3498.4631538391113
2025-09-15 06:04:02,ADAM_lr0.0003,ADAM,2,shakespeare_char,85,train_eval,2.5229227542877197,0.0008514851485148516,0.03130605236909428,
2025-09-15 06:04:02,ADAM_lr0.0003,ADAM,2,shakespeare_char,85,val_eval,2.5234570503234863,0.0008514851485148516,0.03130605236909428,
2025-09-15 06:04:02,ADAM_lr0.0003,ADAM,2,shakespeare_char,85,train_iter,2.5052878856658936,0.0008514851485148516,0.03075331779086782,2710.257053375244
2025-09-15 06:04:04,ADAM_lr0.0003,ADAM,2,shakespeare_char,86,train_eval,2.524568796157837,0.0008613861386138615,0.03075331779086782,
2025-09-15 06:04:04,ADAM_lr0.0003,ADAM,2,shakespeare_char,86,val_eval,2.5187931060791016,0.0008613861386138615,0.03075331779086782,
2025-09-15 06:04:04,ADAM_lr0.0003,ADAM,2,shakespeare_char,86,train_iter,2.535426378250122,0.0008613861386138615,0.03141163611552585,1871.276617050171
2025-09-15 06:04:06,ADAM_lr0.0003,ADAM,2,shakespeare_char,87,train_eval,2.5215673446655273,0.0008712871287128712,0.03141163611552585,
2025-09-15 06:04:06,ADAM_lr0.0003,ADAM,2,shakespeare_char,87,val_eval,2.522059202194214,0.0008712871287128712,0.03141163611552585,
2025-09-15 06:04:06,ADAM_lr0.0003,ADAM,2,shakespeare_char,87,train_iter,2.501783847808838,0.0008712871287128712,0.03172918693080605,2020.0257301330566
2025-09-15 06:04:09,ADAM_lr0.0003,ADAM,2,shakespeare_char,88,train_eval,2.5215795040130615,0.0008811881188118811,0.03172918693080605,
2025-09-15 06:04:09,ADAM_lr0.0003,ADAM,2,shakespeare_char,88,val_eval,2.519855260848999,0.0008811881188118811,0.03172918693080605,
2025-09-15 06:04:09,ADAM_lr0.0003,ADAM,2,shakespeare_char,88,train_iter,2.508279800415039,0.0008811881188118811,0.031385021203759064,2469.884157180786
2025-09-15 06:04:11,ADAM_lr0.0003,ADAM,2,shakespeare_char,89,train_eval,2.5173120498657227,0.000891089108910891,0.031385021203759064,
2025-09-15 06:04:11,ADAM_lr0.0003,ADAM,2,shakespeare_char,89,val_eval,2.522733211517334,0.000891089108910891,0.031385021203759064,
2025-09-15 06:04:11,ADAM_lr0.0003,ADAM,2,shakespeare_char,89,train_iter,2.5275259017944336,0.000891089108910891,0.03089718268931951,2635.8275413513184
2025-09-15 06:04:13,ADAM_lr0.0003,ADAM,2,shakespeare_char,90,train_eval,2.518132209777832,0.0009009900990099009,0.03089718268931951,
2025-09-15 06:04:13,ADAM_lr0.0003,ADAM,2,shakespeare_char,90,val_eval,2.5222787857055664,0.0009009900990099009,0.03089718268931951,
2025-09-15 06:04:13,ADAM_lr0.0003,ADAM,2,shakespeare_char,90,train_iter,2.562648296356201,0.0009009900990099009,0.030833689439911813,2308.715343475342
2025-09-15 06:04:16,ADAM_lr0.0003,ADAM,2,shakespeare_char,91,train_eval,2.519606828689575,0.0009108910891089108,0.030833689439911813,
2025-09-15 06:04:16,ADAM_lr0.0003,ADAM,2,shakespeare_char,91,val_eval,2.5198307037353516,0.0009108910891089108,0.030833689439911813,
2025-09-15 06:04:16,ADAM_lr0.0003,ADAM,2,shakespeare_char,91,train_iter,2.51347017288208,0.0009108910891089108,0.03086824483515753,2240.8151626586914
2025-09-15 06:04:18,ADAM_lr0.0003,ADAM,2,shakespeare_char,92,train_eval,2.5135979652404785,0.0009207920792079207,0.03086824483515753,
2025-09-15 06:04:18,ADAM_lr0.0003,ADAM,2,shakespeare_char,92,val_eval,2.5215070247650146,0.0009207920792079207,0.03086824483515753,
2025-09-15 06:04:18,ADAM_lr0.0003,ADAM,2,shakespeare_char,92,train_iter,2.5456392765045166,0.0009207920792079207,0.03086190491208684,2268.049716949463
2025-09-15 06:04:19,ADAM_lr0.0003,ADAM,2,shakespeare_char,93,train_eval,2.510695457458496,0.0009306930693069307,0.03086190491208684,
2025-09-15 06:04:19,ADAM_lr0.0003,ADAM,2,shakespeare_char,93,val_eval,2.524606227874756,0.0009306930693069307,0.03086190491208684,
2025-09-15 06:04:19,ADAM_lr0.0003,ADAM,2,shakespeare_char,93,train_iter,2.4888510704040527,0.0009306930693069307,0.0326066524675593,1446.2392330169678
2025-09-15 06:04:21,ADAM_lr0.0003,ADAM,2,shakespeare_char,94,train_eval,2.515143632888794,0.0009405940594059406,0.0326066524675593,
2025-09-15 06:04:21,ADAM_lr0.0003,ADAM,2,shakespeare_char,94,val_eval,2.5299456119537354,0.0009405940594059406,0.0326066524675593,
2025-09-15 06:04:21,ADAM_lr0.0003,ADAM,2,shakespeare_char,94,train_iter,2.571934223175049,0.0009405940594059406,0.034228793086541996,1430.8764934539795
2025-09-15 06:04:22,ADAM_lr0.0003,ADAM,2,shakespeare_char,95,train_eval,2.5129587650299072,0.0009504950495049505,0.034228793086541996,
2025-09-15 06:04:22,ADAM_lr0.0003,ADAM,2,shakespeare_char,95,val_eval,2.514705181121826,0.0009504950495049505,0.034228793086541996,
2025-09-15 06:04:23,ADAM_lr0.0003,ADAM,2,shakespeare_char,95,train_iter,2.5232672691345215,0.0009504950495049505,0.033992252806268275,2192.702054977417
2025-09-15 06:04:24,ADAM_lr0.0003,ADAM,2,shakespeare_char,96,train_eval,2.5167617797851562,0.0009603960396039604,0.033992252806268275,
2025-09-15 06:04:24,ADAM_lr0.0003,ADAM,2,shakespeare_char,96,val_eval,2.5184435844421387,0.0009603960396039604,0.033992252806268275,
2025-09-15 06:04:24,ADAM_lr0.0003,ADAM,2,shakespeare_char,96,train_iter,2.52236008644104,0.0009603960396039604,0.03642472884042943,1198.0538368225098
2025-09-15 06:04:27,ADAM_lr0.0003,ADAM,2,shakespeare_char,97,train_eval,2.5145795345306396,0.0009702970297029703,0.03642472884042943,
2025-09-15 06:04:27,ADAM_lr0.0003,ADAM,2,shakespeare_char,97,val_eval,2.5099167823791504,0.0009702970297029703,0.03642472884042943,
2025-09-15 06:04:28,ADAM_lr0.0003,ADAM,2,shakespeare_char,97,train_iter,2.5454087257385254,0.0009702970297029703,0.03483400269313361,3405.241012573242
2025-09-15 06:04:30,ADAM_lr0.0003,ADAM,2,shakespeare_char,98,train_eval,2.5048112869262695,0.0009801980198019802,0.03483400269313361,
2025-09-15 06:04:30,ADAM_lr0.0003,ADAM,2,shakespeare_char,98,val_eval,2.5100386142730713,0.0009801980198019802,0.03483400269313361,
2025-09-15 06:04:30,ADAM_lr0.0003,ADAM,2,shakespeare_char,98,train_iter,2.57918119430542,0.0009801980198019802,0.03409887084927742,2542.2160625457764
2025-09-15 06:04:33,ADAM_lr0.0003,ADAM,2,shakespeare_char,99,train_eval,2.5178139209747314,0.0009900990099009901,0.03409887084927742,
2025-09-15 06:04:33,ADAM_lr0.0003,ADAM,2,shakespeare_char,99,val_eval,2.531014919281006,0.0009900990099009901,0.03409887084927742,
2025-09-15 06:04:33,ADAM_lr0.0003,ADAM,2,shakespeare_char,99,train_iter,2.5463473796844482,0.0009900990099009901,0.03368142755325272,2334.778070449829
2025-09-15 06:04:35,ADAM_lr0.0003,ADAM,2,shakespeare_char,100,train_eval,2.5171303749084473,0.001,0.03368142755325272,
2025-09-15 06:04:35,ADAM_lr0.0003,ADAM,2,shakespeare_char,100,val_eval,2.528052568435669,0.001,0.03368142755325272,
2025-09-15 06:07:48,ADAM_lr0.001,ADAM,2,shakespeare_char,0,train_iter,4.265802383422852,9.900990099009901e-06,,243693.89033317566
2025-09-15 06:07:49,ADAM_lr0.001,ADAM,2,shakespeare_char,1,train_eval,4.083425998687744,1.9801980198019803e-05,,
2025-09-15 06:07:49,ADAM_lr0.001,ADAM,2,shakespeare_char,1,val_eval,4.0874128341674805,1.9801980198019803e-05,,
2025-09-15 06:07:50,ADAM_lr0.001,ADAM,2,shakespeare_char,1,train_iter,4.133230686187744,1.9801980198019803e-05,,2316.2333965301514
2025-09-15 06:07:51,ADAM_lr0.001,ADAM,2,shakespeare_char,2,train_eval,3.817706823348999,2.9702970297029702e-05,,
2025-09-15 06:07:51,ADAM_lr0.001,ADAM,2,shakespeare_char,2,val_eval,3.827704429626465,2.9702970297029702e-05,,
2025-09-15 06:07:52,ADAM_lr0.001,ADAM,2,shakespeare_char,2,train_iter,3.905865430831909,2.9702970297029702e-05,,1677.9377460479736
2025-09-15 06:07:54,ADAM_lr0.001,ADAM,2,shakespeare_char,3,train_eval,3.6331567764282227,3.9603960396039605e-05,,
2025-09-15 06:07:54,ADAM_lr0.001,ADAM,2,shakespeare_char,3,val_eval,3.6512157917022705,3.9603960396039605e-05,,
2025-09-15 06:07:54,ADAM_lr0.001,ADAM,2,shakespeare_char,3,train_iter,3.6921095848083496,3.9603960396039605e-05,,2646.592378616333
2025-09-15 06:07:56,ADAM_lr0.001,ADAM,2,shakespeare_char,4,train_eval,3.4974820613861084,4.950495049504951e-05,,
2025-09-15 06:07:56,ADAM_lr0.001,ADAM,2,shakespeare_char,4,val_eval,3.5224533081054688,4.950495049504951e-05,,
2025-09-15 06:07:57,ADAM_lr0.001,ADAM,2,shakespeare_char,4,train_iter,3.5245094299316406,4.950495049504951e-05,,2205.8804035186768
2025-09-15 06:07:59,ADAM_lr0.001,ADAM,2,shakespeare_char,5,train_eval,3.3958139419555664,5.9405940594059404e-05,,
2025-09-15 06:07:59,ADAM_lr0.001,ADAM,2,shakespeare_char,5,val_eval,3.427708148956299,5.9405940594059404e-05,,
2025-09-15 06:07:59,ADAM_lr0.001,ADAM,2,shakespeare_char,5,train_iter,3.4789648056030273,5.9405940594059404e-05,0.025073580364073218,2786.475658416748
2025-09-15 06:08:01,ADAM_lr0.001,ADAM,2,shakespeare_char,6,train_eval,3.337634801864624,6.930693069306931e-05,0.025073580364073218,
2025-09-15 06:08:01,ADAM_lr0.001,ADAM,2,shakespeare_char,6,val_eval,3.3698699474334717,6.930693069306931e-05,0.025073580364073218,
2025-09-15 06:08:02,ADAM_lr0.001,ADAM,2,shakespeare_char,6,train_iter,3.3858814239501953,6.930693069306931e-05,0.02575468101846977,2191.24436378479
2025-09-15 06:08:02,ADAM_lr0.001,ADAM,2,shakespeare_char,7,train_eval,3.286933660507202,7.920792079207921e-05,0.02575468101846977,
2025-09-15 06:08:02,ADAM_lr0.001,ADAM,2,shakespeare_char,7,val_eval,3.318554639816284,7.920792079207921e-05,0.02575468101846977,
2025-09-15 06:08:03,ADAM_lr0.001,ADAM,2,shakespeare_char,7,train_iter,3.311776876449585,7.920792079207921e-05,0.028732765885026823,1258.0580711364746
2025-09-15 06:08:04,ADAM_lr0.001,ADAM,2,shakespeare_char,8,train_eval,3.251737594604492,8.910891089108912e-05,0.028732765885026823,
2025-09-15 06:08:04,ADAM_lr0.001,ADAM,2,shakespeare_char,8,val_eval,3.27598237991333,8.910891089108912e-05,0.028732765885026823,
2025-09-15 06:08:04,ADAM_lr0.001,ADAM,2,shakespeare_char,8,train_iter,3.3327536582946777,8.910891089108912e-05,0.030006712865678863,1684.6673488616943
2025-09-15 06:08:05,ADAM_lr0.001,ADAM,2,shakespeare_char,9,train_eval,3.191206932067871,9.900990099009902e-05,0.030006712865678863,
2025-09-15 06:08:05,ADAM_lr0.001,ADAM,2,shakespeare_char,9,val_eval,3.2213428020477295,9.900990099009902e-05,0.030006712865678863,
2025-09-15 06:08:06,ADAM_lr0.001,ADAM,2,shakespeare_char,9,train_iter,3.223062038421631,9.900990099009902e-05,0.03203251428967286,1389.9791240692139
2025-09-15 06:08:07,ADAM_lr0.001,ADAM,2,shakespeare_char,10,train_eval,3.1070985794067383,0.0001089108910891089,0.03203251428967286,
2025-09-15 06:08:07,ADAM_lr0.001,ADAM,2,shakespeare_char,10,val_eval,3.1386566162109375,0.0001089108910891089,0.03203251428967286,
2025-09-15 06:08:07,ADAM_lr0.001,ADAM,2,shakespeare_char,10,train_iter,3.1273856163024902,0.0001089108910891089,0.03340854796759384,1525.716781616211
2025-09-15 06:08:08,ADAM_lr0.001,ADAM,2,shakespeare_char,11,train_eval,3.0855939388275146,0.00011881188118811881,0.03340854796759384,
2025-09-15 06:08:08,ADAM_lr0.001,ADAM,2,shakespeare_char,11,val_eval,3.105149745941162,0.00011881188118811881,0.03340854796759384,
2025-09-15 06:08:09,ADAM_lr0.001,ADAM,2,shakespeare_char,11,train_iter,3.1263389587402344,0.00011881188118811881,0.03552405553957746,1280.4670333862305
2025-09-15 06:08:10,ADAM_lr0.001,ADAM,2,shakespeare_char,12,train_eval,3.044557571411133,0.00012871287128712872,0.03552405553957746,
2025-09-15 06:08:10,ADAM_lr0.001,ADAM,2,shakespeare_char,12,val_eval,3.059385299682617,0.00012871287128712872,0.03552405553957746,
2025-09-15 06:08:10,ADAM_lr0.001,ADAM,2,shakespeare_char,12,train_iter,3.0749690532684326,0.00012871287128712872,0.036428442456818665,1567.650318145752
2025-09-15 06:08:11,ADAM_lr0.001,ADAM,2,shakespeare_char,13,train_eval,2.9474422931671143,0.00013861386138613863,0.036428442456818665,
2025-09-15 06:08:11,ADAM_lr0.001,ADAM,2,shakespeare_char,13,val_eval,2.9775452613830566,0.00013861386138613863,0.036428442456818665,
2025-09-15 06:08:12,ADAM_lr0.001,ADAM,2,shakespeare_char,13,train_iter,3.033416271209717,0.00013861386138613863,0.035931030601019896,2221.2183475494385
2025-09-15 06:08:14,ADAM_lr0.001,ADAM,2,shakespeare_char,14,train_eval,2.9097073078155518,0.0001485148514851485,0.035931030601019896,
2025-09-15 06:08:14,ADAM_lr0.001,ADAM,2,shakespeare_char,14,val_eval,2.929091453552246,0.0001485148514851485,0.035931030601019896,
2025-09-15 06:08:15,ADAM_lr0.001,ADAM,2,shakespeare_char,14,train_iter,2.9924964904785156,0.0001485148514851485,0.03566761323871648,2098.30379486084
2025-09-15 06:08:16,ADAM_lr0.001,ADAM,2,shakespeare_char,15,train_eval,2.8822367191314697,0.00015841584158415842,0.03566761323871648,
2025-09-15 06:08:16,ADAM_lr0.001,ADAM,2,shakespeare_char,15,val_eval,2.8999383449554443,0.00015841584158415842,0.03566761323871648,
2025-09-15 06:08:16,ADAM_lr0.001,ADAM,2,shakespeare_char,15,train_iter,2.889523506164551,0.00015841584158415842,0.03575269785331994,1913.1946563720703
2025-09-15 06:08:18,ADAM_lr0.001,ADAM,2,shakespeare_char,16,train_eval,2.8402206897735596,0.00016831683168316833,0.03575269785331994,
2025-09-15 06:08:18,ADAM_lr0.001,ADAM,2,shakespeare_char,16,val_eval,2.8640811443328857,0.00016831683168316833,0.03575269785331994,
2025-09-15 06:08:19,ADAM_lr0.001,ADAM,2,shakespeare_char,16,train_iter,2.9124808311462402,0.00016831683168316833,0.035419937371150415,2154.7176837921143
2025-09-15 06:08:20,ADAM_lr0.001,ADAM,2,shakespeare_char,17,train_eval,2.817915439605713,0.00017821782178217824,0.035419937371150415,
2025-09-15 06:08:20,ADAM_lr0.001,ADAM,2,shakespeare_char,17,val_eval,2.834049701690674,0.00017821782178217824,0.035419937371150415,
2025-09-15 06:08:20,ADAM_lr0.001,ADAM,2,shakespeare_char,17,train_iter,2.8707175254821777,0.00017821782178217824,0.036835262956212755,1409.3689918518066
2025-09-15 06:08:21,ADAM_lr0.001,ADAM,2,shakespeare_char,18,train_eval,2.7885613441467285,0.00018811881188118812,0.036835262956212755,
2025-09-15 06:08:21,ADAM_lr0.001,ADAM,2,shakespeare_char,18,val_eval,2.8053247928619385,0.00018811881188118812,0.036835262956212755,
2025-09-15 06:08:22,ADAM_lr0.001,ADAM,2,shakespeare_char,18,train_iter,2.82498836517334,0.00018811881188118812,0.037151607096166835,1746.7296123504639
2025-09-15 06:08:23,ADAM_lr0.001,ADAM,2,shakespeare_char,19,train_eval,2.7685914039611816,0.00019801980198019803,0.037151607096166835,
2025-09-15 06:08:23,ADAM_lr0.001,ADAM,2,shakespeare_char,19,val_eval,2.7801930904388428,0.00019801980198019803,0.037151607096166835,
2025-09-15 06:08:24,ADAM_lr0.001,ADAM,2,shakespeare_char,19,train_iter,2.7818641662597656,0.00019801980198019803,0.037506896594100385,1716.4421081542969
2025-09-15 06:08:25,ADAM_lr0.001,ADAM,2,shakespeare_char,20,train_eval,2.7441201210021973,0.00020792079207920794,0.037506896594100385,
2025-09-15 06:08:25,ADAM_lr0.001,ADAM,2,shakespeare_char,20,val_eval,2.7473838329315186,0.00020792079207920794,0.037506896594100385,
2025-09-15 06:08:25,ADAM_lr0.001,ADAM,2,shakespeare_char,20,train_iter,2.8149936199188232,0.00020792079207920794,0.03842246799416627,1497.2784519195557
2025-09-15 06:08:26,ADAM_lr0.001,ADAM,2,shakespeare_char,21,train_eval,2.7257699966430664,0.0002178217821782178,0.03842246799416627,
2025-09-15 06:08:26,ADAM_lr0.001,ADAM,2,shakespeare_char,21,val_eval,2.726959228515625,0.0002178217821782178,0.03842246799416627,
2025-09-15 06:08:26,ADAM_lr0.001,ADAM,2,shakespeare_char,21,train_iter,2.793038845062256,0.0002178217821782178,0.03945188111084511,1434.150218963623
2025-09-15 06:08:28,ADAM_lr0.001,ADAM,2,shakespeare_char,22,train_eval,2.706249952316284,0.0002277227722772277,0.03945188111084511,
2025-09-15 06:08:28,ADAM_lr0.001,ADAM,2,shakespeare_char,22,val_eval,2.7060117721557617,0.0002277227722772277,0.03945188111084511,
2025-09-15 06:08:29,ADAM_lr0.001,ADAM,2,shakespeare_char,22,train_iter,2.723182201385498,0.0002277227722772277,0.038366146437602375,2443.366289138794
2025-09-15 06:08:31,ADAM_lr0.001,ADAM,2,shakespeare_char,23,train_eval,2.691293716430664,0.00023762376237623762,0.038366146437602375,
2025-09-15 06:08:31,ADAM_lr0.001,ADAM,2,shakespeare_char,23,val_eval,2.6938440799713135,0.00023762376237623762,0.038366146437602375,
2025-09-15 06:08:31,ADAM_lr0.0003,ADAM,2,shakespeare_char,100,train_iter,2.5043082237243652,0.001,0.030342587523039297,238431.48064613342
2025-09-15 06:08:31,ADAM_lr0.001,ADAM,2,shakespeare_char,23,train_iter,2.715265989303589,0.00023762376237623762,0.03770187119832165,2202.378511428833
2025-09-15 06:08:32,ADAM_lr0.001,ADAM,2,shakespeare_char,24,train_eval,2.679582118988037,0.00024752475247524753,0.03770187119832165,
2025-09-15 06:08:32,ADAM_lr0.001,ADAM,2,shakespeare_char,24,val_eval,2.6797144412994385,0.00024752475247524753,0.03770187119832165,
2025-09-15 06:08:32,ADAM_lr0.001,ADAM,2,shakespeare_char,24,train_iter,2.7098288536071777,0.00024752475247524753,0.03897868242083958,1384.3262195587158
2025-09-15 06:08:33,ADAM_lr0.001,ADAM,2,shakespeare_char,25,train_eval,2.6870956420898438,0.00025742574257425744,0.03897868242083958,
2025-09-15 06:08:33,ADAM_lr0.001,ADAM,2,shakespeare_char,25,val_eval,2.682917833328247,0.00025742574257425744,0.03897868242083958,
2025-09-15 06:08:33,ADAM_lr0.001,ADAM,2,shakespeare_char,25,train_iter,2.711505651473999,0.00025742574257425744,0.04250324429221908,941.2944316864014
2025-09-15 06:08:34,ADAM_lr0.0003,ADAM,2,shakespeare_char,101,train_eval,2.5025858879089355,0.000999999907510999,0.030342587523039297,
2025-09-15 06:08:34,ADAM_lr0.0003,ADAM,2,shakespeare_char,101,val_eval,2.5113863945007324,0.000999999907510999,0.030342587523039297,
2025-09-15 06:08:34,ADAM_lr0.0003,ADAM,2,shakespeare_char,101,train_iter,2.5201897621154785,0.000999999907510999,0.0297007025454742,2920.4015731811523
2025-09-15 06:08:34,ADAM_lr0.001,ADAM,2,shakespeare_char,26,train_eval,2.6716132164001465,0.00026732673267326735,0.04250324429221908,
2025-09-15 06:08:34,ADAM_lr0.001,ADAM,2,shakespeare_char,26,val_eval,2.671002149581909,0.00026732673267326735,0.04250324429221908,
2025-09-15 06:08:35,ADAM_lr0.001,ADAM,2,shakespeare_char,26,train_iter,2.644824743270874,0.00026732673267326735,0.0431303026499685,1432.4674606323242
2025-09-15 06:08:36,ADAM_lr0.001,ADAM,2,shakespeare_char,27,train_eval,2.6495742797851562,0.00027722772277227726,0.0431303026499685,
2025-09-15 06:08:36,ADAM_lr0.001,ADAM,2,shakespeare_char,27,val_eval,2.64894962310791,0.00027722772277227726,0.0431303026499685,
2025-09-15 06:08:36,ADAM_lr0.0003,ADAM,2,shakespeare_char,102,train_eval,2.5067551136016846,0.000999999630044034,0.0297007025454742,
2025-09-15 06:08:36,ADAM_lr0.0003,ADAM,2,shakespeare_char,102,val_eval,2.506753444671631,0.000999999630044034,0.0297007025454742,
2025-09-15 06:08:37,ADAM_lr0.001,ADAM,2,shakespeare_char,27,train_iter,2.663729667663574,0.00027722772277227726,0.04302436811852913,1660.6924533843994
2025-09-15 06:08:37,ADAM_lr0.0003,ADAM,2,shakespeare_char,102,train_iter,2.515674352645874,0.000999999630044034,0.029393230001630598,2624.0134239196777
2025-09-15 06:08:39,ADAM_lr0.0003,ADAM,2,shakespeare_char,103,train_eval,2.505194664001465,0.0009999991675992191,0.029393230001630598,
2025-09-15 06:08:39,ADAM_lr0.0003,ADAM,2,shakespeare_char,103,val_eval,2.514491081237793,0.0009999991675992191,0.029393230001630598,
2025-09-15 06:08:39,ADAM_lr0.0003,ADAM,2,shakespeare_char,103,train_iter,2.4907145500183105,0.0009999991675992191,0.029767309038040785,2108.6158752441406
2025-09-15 06:08:39,ADAM_lr0.001,ADAM,2,shakespeare_char,28,train_eval,2.639631748199463,0.00028712871287128717,0.04302436811852913,
2025-09-15 06:08:39,ADAM_lr0.001,ADAM,2,shakespeare_char,28,val_eval,2.645427942276001,0.00028712871287128717,0.04302436811852913,
2025-09-15 06:08:39,ADAM_lr0.001,ADAM,2,shakespeare_char,28,train_iter,2.6712188720703125,0.00028712871287128717,0.0412068266181067,2811.664581298828
2025-09-15 06:08:41,ADAM_lr0.001,ADAM,2,shakespeare_char,29,train_eval,2.6521618366241455,0.000297029702970297,0.0412068266181067,
2025-09-15 06:08:41,ADAM_lr0.001,ADAM,2,shakespeare_char,29,val_eval,2.6486406326293945,0.000297029702970297,0.0412068266181067,
2025-09-15 06:08:41,ADAM_lr0.001,ADAM,2,shakespeare_char,29,train_iter,2.648407459259033,0.000297029702970297,0.04181372617471792,1477.8573513031006
2025-09-15 06:08:42,ADAM_lr0.0003,ADAM,2,shakespeare_char,104,train_eval,2.5162010192871094,0.0009999985201767443,0.029767309038040785,
2025-09-15 06:08:42,ADAM_lr0.0003,ADAM,2,shakespeare_char,104,val_eval,2.5380420684814453,0.0009999985201767443,0.029767309038040785,
2025-09-15 06:08:42,ADAM_lr0.0003,ADAM,2,shakespeare_char,104,train_iter,2.510820150375366,0.0009999985201767443,0.029063977124500484,3073.2362270355225
2025-09-15 06:08:42,ADAM_lr0.001,ADAM,2,shakespeare_char,30,train_eval,2.6555118560791016,0.00030693069306930693,0.04181372617471792,
2025-09-15 06:08:42,ADAM_lr0.001,ADAM,2,shakespeare_char,30,val_eval,2.646697759628296,0.00030693069306930693,0.04181372617471792,
2025-09-15 06:08:42,ADAM_lr0.001,ADAM,2,shakespeare_char,30,train_iter,2.6569321155548096,0.00030693069306930693,0.04189756323645235,1638.0653381347656
2025-09-15 06:08:44,ADAM_lr0.001,ADAM,2,shakespeare_char,31,train_eval,2.639019727706909,0.00031683168316831684,0.04189756323645235,
2025-09-15 06:08:44,ADAM_lr0.001,ADAM,2,shakespeare_char,31,val_eval,2.6246767044067383,0.00031683168316831684,0.04189756323645235,
2025-09-15 06:08:44,ADAM_lr0.0003,ADAM,2,shakespeare_char,105,train_eval,2.5223183631896973,0.000999997687776876,0.029063977124500484,
2025-09-15 06:08:44,ADAM_lr0.0003,ADAM,2,shakespeare_char,105,val_eval,2.5547287464141846,0.000999997687776876,0.029063977124500484,
2025-09-15 06:08:44,ADAM_lr0.0003,ADAM,2,shakespeare_char,105,train_iter,2.5055794715881348,0.000999997687776876,0.029123040292265288,2356.022357940674
2025-09-15 06:08:45,ADAM_lr0.001,ADAM,2,shakespeare_char,31,train_iter,2.6734042167663574,0.00031683168316831684,0.04088660822651247,2197.901487350464
2025-09-15 06:08:46,ADAM_lr0.001,ADAM,2,shakespeare_char,32,train_eval,2.6217434406280518,0.00032673267326732675,0.04088660822651247,
2025-09-15 06:08:46,ADAM_lr0.001,ADAM,2,shakespeare_char,32,val_eval,2.6108243465423584,0.00032673267326732675,0.04088660822651247,
2025-09-15 06:08:47,ADAM_lr0.0003,ADAM,2,shakespeare_char,106,train_eval,2.5061838626861572,0.0009999966703999558,0.029123040292265288,
2025-09-15 06:08:47,ADAM_lr0.0003,ADAM,2,shakespeare_char,106,val_eval,2.525515556335449,0.0009999966703999558,0.029123040292265288,
2025-09-15 06:08:47,ADAM_lr0.0003,ADAM,2,shakespeare_char,106,train_iter,2.4974303245544434,0.0009999966703999558,0.028741769312449712,2760.411262512207
2025-09-15 06:08:47,ADAM_lr0.001,ADAM,2,shakespeare_char,32,train_iter,2.646434783935547,0.00032673267326732675,0.03999985475737609,2182.0406913757324
2025-09-15 06:08:49,ADAM_lr0.001,ADAM,2,shakespeare_char,33,train_eval,2.613101005554199,0.00033663366336633666,0.03999985475737609,
2025-09-15 06:08:49,ADAM_lr0.001,ADAM,2,shakespeare_char,33,val_eval,2.6071765422821045,0.00033663366336633666,0.03999985475737609,
2025-09-15 06:08:49,ADAM_lr0.001,ADAM,2,shakespeare_char,33,train_iter,2.584895610809326,0.00033663366336633666,0.03910425031411943,2250.591039657593
2025-09-15 06:08:49,ADAM_lr0.0003,ADAM,2,shakespeare_char,107,train_eval,2.5096848011016846,0.0009999954680464025,0.028741769312449712,
2025-09-15 06:08:49,ADAM_lr0.0003,ADAM,2,shakespeare_char,107,val_eval,2.523703098297119,0.0009999954680464025,0.028741769312449712,
2025-09-15 06:08:49,ADAM_lr0.0003,ADAM,2,shakespeare_char,107,train_iter,2.516139507293701,0.0009999954680464025,0.02868239772860698,2482.1226596832275
2025-09-15 06:08:50,ADAM_lr0.001,ADAM,2,shakespeare_char,34,train_eval,2.6108007431030273,0.00034653465346534657,0.03910425031411943,
2025-09-15 06:08:50,ADAM_lr0.001,ADAM,2,shakespeare_char,34,val_eval,2.605236530303955,0.00034653465346534657,0.03910425031411943,
2025-09-15 06:08:51,ADAM_lr0.001,ADAM,2,shakespeare_char,34,train_iter,2.6544010639190674,0.00034653465346534657,0.03967608918286472,1558.741807937622
2025-09-15 06:08:52,ADAM_lr0.0003,ADAM,2,shakespeare_char,108,train_eval,2.5103800296783447,0.00099999408071671,0.02868239772860698,
2025-09-15 06:08:52,ADAM_lr0.0003,ADAM,2,shakespeare_char,108,val_eval,2.5202276706695557,0.00099999408071671,0.02868239772860698,
2025-09-15 06:08:52,ADAM_lr0.0003,ADAM,2,shakespeare_char,108,train_iter,2.5225255489349365,0.00099999408071671,0.028414204267933455,2687.1414184570312
2025-09-15 06:08:52,ADAM_lr0.001,ADAM,2,shakespeare_char,35,train_eval,2.606987714767456,0.0003564356435643565,0.03967608918286472,
2025-09-15 06:08:52,ADAM_lr0.001,ADAM,2,shakespeare_char,35,val_eval,2.6035842895507812,0.0003564356435643565,0.03967608918286472,
2025-09-15 06:08:53,ADAM_lr0.001,ADAM,2,shakespeare_char,35,train_iter,2.6151981353759766,0.0003564356435643565,0.038813780419768726,2249.924898147583
2025-09-15 06:08:54,ADAM_lr0.0003,ADAM,2,shakespeare_char,109,train_eval,2.5022635459899902,0.0009999925084114485,0.028414204267933455,
2025-09-15 06:08:54,ADAM_lr0.0003,ADAM,2,shakespeare_char,109,val_eval,2.5143086910247803,0.0009999925084114485,0.028414204267933455,
2025-09-15 06:08:54,ADAM_lr0.0003,ADAM,2,shakespeare_char,109,train_iter,2.4928159713745117,0.0009999925084114485,0.028935181854727047,2077.8896808624268
2025-09-15 06:08:55,ADAM_lr0.001,ADAM,2,shakespeare_char,36,train_eval,2.595950126647949,0.00036633663366336634,0.038813780419768726,
2025-09-15 06:08:55,ADAM_lr0.001,ADAM,2,shakespeare_char,36,val_eval,2.593668222427368,0.00036633663366336634,0.038813780419768726,
2025-09-15 06:08:55,ADAM_lr0.001,ADAM,2,shakespeare_char,36,train_iter,2.621509313583374,0.00036633663366336634,0.03813932327066562,2178.6293983459473
2025-09-15 06:08:56,ADAM_lr0.0003,ADAM,2,shakespeare_char,110,train_eval,2.5240061283111572,0.0009999907511312647,0.028935181854727047,
2025-09-15 06:08:56,ADAM_lr0.0003,ADAM,2,shakespeare_char,110,val_eval,2.5495433807373047,0.0009999907511312647,0.028935181854727047,
2025-09-15 06:08:56,ADAM_lr0.0003,ADAM,2,shakespeare_char,110,train_iter,2.5452628135681152,0.0009999907511312647,0.0289219101948869,2425.727128982544
2025-09-15 06:08:57,ADAM_lr0.001,ADAM,2,shakespeare_char,37,train_eval,2.594442367553711,0.00037623762376237625,0.03813932327066562,
2025-09-15 06:08:57,ADAM_lr0.001,ADAM,2,shakespeare_char,37,val_eval,2.598118543624878,0.00037623762376237625,0.03813932327066562,
2025-09-15 06:08:57,ADAM_lr0.001,ADAM,2,shakespeare_char,37,train_iter,2.6011738777160645,0.00037623762376237625,0.03827991424199226,1766.7596340179443
2025-09-15 06:08:59,ADAM_lr0.0003,ADAM,2,shakespeare_char,111,train_eval,2.5094046592712402,0.0009999888088768807,0.0289219101948869,
2025-09-15 06:08:59,ADAM_lr0.0003,ADAM,2,shakespeare_char,111,val_eval,2.5208420753479004,0.0009999888088768807,0.0289219101948869,
2025-09-15 06:08:59,ADAM_lr0.0003,ADAM,2,shakespeare_char,111,train_iter,2.5122270584106445,0.0009999888088768807,0.029368793896682004,2092.4036502838135
2025-09-15 06:08:59,ADAM_lr0.001,ADAM,2,shakespeare_char,38,train_eval,2.5876054763793945,0.00038613861386138616,0.03827991424199226,
2025-09-15 06:08:59,ADAM_lr0.001,ADAM,2,shakespeare_char,38,val_eval,2.5979068279266357,0.00038613861386138616,0.03827991424199226,
2025-09-15 06:08:59,ADAM_lr0.001,ADAM,2,shakespeare_char,38,train_iter,2.573287010192871,0.00038613861386138616,0.038367004335062384,1784.5585346221924
2025-09-15 06:09:00,ADAM_lr0.001,ADAM,2,shakespeare_char,39,train_eval,2.591707706451416,0.00039603960396039607,0.038367004335062384,
2025-09-15 06:09:00,ADAM_lr0.001,ADAM,2,shakespeare_char,39,val_eval,2.590482234954834,0.00039603960396039607,0.038367004335062384,
2025-09-15 06:09:01,ADAM_lr0.0003,ADAM,2,shakespeare_char,112,train_eval,2.514336347579956,0.000999986681649095,0.029368793896682004,
2025-09-15 06:09:01,ADAM_lr0.0003,ADAM,2,shakespeare_char,112,val_eval,2.5152673721313477,0.000999986681649095,0.029368793896682004,
2025-09-15 06:09:01,ADAM_lr0.0003,ADAM,2,shakespeare_char,112,train_iter,2.5270299911499023,0.000999986681649095,0.029695120839399004,2141.0512924194336
2025-09-15 06:09:01,ADAM_lr0.001,ADAM,2,shakespeare_char,39,train_iter,2.602944850921631,0.00039603960396039607,0.0370877161924006,2731.938123703003
2025-09-15 06:09:03,ADAM_lr0.001,ADAM,2,shakespeare_char,40,train_eval,2.600200891494751,0.000405940594059406,0.0370877161924006,
2025-09-15 06:09:03,ADAM_lr0.001,ADAM,2,shakespeare_char,40,val_eval,2.593233585357666,0.000405940594059406,0.0370877161924006,
2025-09-15 06:09:03,ADAM_lr0.001,ADAM,2,shakespeare_char,40,train_iter,2.5685203075408936,0.000405940594059406,0.03783442788400874,1568.1109428405762
2025-09-15 06:09:03,ADAM_lr0.0003,ADAM,2,shakespeare_char,113,train_eval,2.5035552978515625,0.0009999843694487819,0.029695120839399004,
2025-09-15 06:09:03,ADAM_lr0.0003,ADAM,2,shakespeare_char,113,val_eval,2.505995273590088,0.0009999843694487819,0.029695120839399004,
2025-09-15 06:09:04,ADAM_lr0.0003,ADAM,2,shakespeare_char,113,train_iter,2.536271572113037,0.0009999843694487819,0.028864670590743036,3266.2413120269775
2025-09-15 06:09:04,ADAM_lr0.001,ADAM,2,shakespeare_char,41,train_eval,2.5867552757263184,0.0004158415841584159,0.03783442788400874,
2025-09-15 06:09:04,ADAM_lr0.001,ADAM,2,shakespeare_char,41,val_eval,2.58064341545105,0.0004158415841584159,0.03783442788400874,
2025-09-15 06:09:05,ADAM_lr0.001,ADAM,2,shakespeare_char,41,train_iter,2.625598669052124,0.0004158415841584159,0.037705236381105595,1911.9353294372559
2025-09-15 06:09:06,ADAM_lr0.001,ADAM,2,shakespeare_char,42,train_eval,2.5764784812927246,0.0004257425742574258,0.037705236381105595,
2025-09-15 06:09:06,ADAM_lr0.001,ADAM,2,shakespeare_char,42,val_eval,2.574084758758545,0.0004257425742574258,0.037705236381105595,
2025-09-15 06:09:06,ADAM_lr0.0003,ADAM,2,shakespeare_char,114,train_eval,2.503267526626587,0.000999981872276892,0.028864670590743036,
2025-09-15 06:09:06,ADAM_lr0.0003,ADAM,2,shakespeare_char,114,val_eval,2.5054666996002197,0.000999981872276892,0.028864670590743036,
2025-09-15 06:09:06,ADAM_lr0.001,ADAM,2,shakespeare_char,42,train_iter,2.6439156532287598,0.0004257425742574258,0.03843469896403904,1552.603006362915
2025-09-15 06:09:06,ADAM_lr0.0003,ADAM,2,shakespeare_char,114,train_iter,2.5476977825164795,0.000999981872276892,0.02880784258272735,2469.1107273101807
2025-09-15 06:09:08,ADAM_lr0.0003,ADAM,2,shakespeare_char,115,train_eval,2.4983763694763184,0.0009999791901344516,0.02880784258272735,
2025-09-15 06:09:08,ADAM_lr0.0003,ADAM,2,shakespeare_char,115,val_eval,2.5089173316955566,0.0009999791901344516,0.02880784258272735,
2025-09-15 06:09:08,ADAM_lr0.0003,ADAM,2,shakespeare_char,115,train_iter,2.501659870147705,0.0009999791901344516,0.031375737691967574,1282.2725772857666
2025-09-15 06:09:08,ADAM_lr0.001,ADAM,2,shakespeare_char,43,train_eval,2.5738019943237305,0.0004356435643564356,0.03843469896403904,
2025-09-15 06:09:08,ADAM_lr0.001,ADAM,2,shakespeare_char,43,val_eval,2.571417808532715,0.0004356435643564356,0.03843469896403904,
2025-09-15 06:09:09,ADAM_lr0.001,ADAM,2,shakespeare_char,43,train_iter,2.5662708282470703,0.0004356435643564356,0.03760309652284402,2319.720983505249
2025-09-15 06:09:09,ADAM_lr0.0003,ADAM,2,shakespeare_char,116,train_eval,2.4965505599975586,0.0009999763230225634,0.031375737691967574,
2025-09-15 06:09:09,ADAM_lr0.0003,ADAM,2,shakespeare_char,116,val_eval,2.517378091812134,0.0009999763230225634,0.031375737691967574,
2025-09-15 06:09:09,ADAM_lr0.0003,ADAM,2,shakespeare_char,116,train_iter,2.554926872253418,0.0009999763230225634,0.0334392662469865,1343.3098793029785
2025-09-15 06:09:10,ADAM_lr0.001,ADAM,2,shakespeare_char,44,train_eval,2.5758674144744873,0.0004455445544554455,0.03760309652284402,
2025-09-15 06:09:10,ADAM_lr0.001,ADAM,2,shakespeare_char,44,val_eval,2.5749294757843018,0.0004455445544554455,0.03760309652284402,
2025-09-15 06:09:10,ADAM_lr0.001,ADAM,2,shakespeare_char,44,train_iter,2.5614137649536133,0.0004455445544554455,0.039323322846147375,1274.8191356658936
2025-09-15 06:09:11,ADAM_lr0.001,ADAM,2,shakespeare_char,45,train_eval,2.5760512351989746,0.0004554455445544554,0.039323322846147375,
2025-09-15 06:09:11,ADAM_lr0.001,ADAM,2,shakespeare_char,45,val_eval,2.5679709911346436,0.0004554455445544554,0.039323322846147375,
2025-09-15 06:09:11,ADAM_lr0.001,ADAM,2,shakespeare_char,45,train_iter,2.5678505897521973,0.0004554455445544554,0.040951149321547704,1256.563425064087
2025-09-15 06:09:12,ADAM_lr0.0003,ADAM,2,shakespeare_char,117,train_eval,2.507204532623291,0.0009999732709424058,0.0334392662469865,
2025-09-15 06:09:12,ADAM_lr0.0003,ADAM,2,shakespeare_char,117,val_eval,2.52392578125,0.0009999732709424058,0.0334392662469865,
2025-09-15 06:09:12,ADAM_lr0.0003,ADAM,2,shakespeare_char,117,train_iter,2.493530750274658,0.0009999732709424058,0.032914337950589956,2478.43074798584
2025-09-15 06:09:12,ADAM_lr0.001,ADAM,2,shakespeare_char,46,train_eval,2.5713889598846436,0.0004653465346534653,0.040951149321547704,
2025-09-15 06:09:12,ADAM_lr0.001,ADAM,2,shakespeare_char,46,val_eval,2.566206932067871,0.0004653465346534653,0.040951149321547704,
2025-09-15 06:09:13,ADAM_lr0.001,ADAM,2,shakespeare_char,46,train_iter,2.594468116760254,0.0004653465346534653,0.04108747834136318,1651.1366367340088
2025-09-15 06:09:14,ADAM_lr0.0003,ADAM,2,shakespeare_char,118,train_eval,2.5031168460845947,0.0009999700338952336,0.032914337950589956,
2025-09-15 06:09:14,ADAM_lr0.0003,ADAM,2,shakespeare_char,118,val_eval,2.5177156925201416,0.0009999700338952336,0.032914337950589956,
2025-09-15 06:09:14,ADAM_lr0.0003,ADAM,2,shakespeare_char,118,train_iter,2.4962754249572754,0.0009999700338952336,0.03244593119280034,2474.893808364868
2025-09-15 06:09:14,ADAM_lr0.001,ADAM,2,shakespeare_char,47,train_eval,2.5620956420898438,0.00047524752475247524,0.04108747834136318,
2025-09-15 06:09:14,ADAM_lr0.001,ADAM,2,shakespeare_char,47,val_eval,2.5664424896240234,0.00047524752475247524,0.04108747834136318,
2025-09-15 06:09:14,ADAM_lr0.001,ADAM,2,shakespeare_char,47,train_iter,2.545346975326538,0.00047524752475247524,0.04196607180294363,1400.8851051330566
2025-09-15 06:09:15,ADAM_lr0.001,ADAM,2,shakespeare_char,48,train_eval,2.582329750061035,0.00048514851485148515,0.04196607180294363,
2025-09-15 06:09:15,ADAM_lr0.001,ADAM,2,shakespeare_char,48,val_eval,2.5881452560424805,0.00048514851485148515,0.04196607180294363,
2025-09-15 06:09:15,ADAM_lr0.001,ADAM,2,shakespeare_char,48,train_iter,2.619401454925537,0.00048514851485148515,0.045815592291851115,868.3297634124756
2025-09-15 06:09:16,ADAM_lr0.0003,ADAM,2,shakespeare_char,119,train_eval,2.496389865875244,0.0009999666118823774,0.03244593119280034,
2025-09-15 06:09:16,ADAM_lr0.0003,ADAM,2,shakespeare_char,119,val_eval,2.5091209411621094,0.0009999666118823774,0.03244593119280034,
2025-09-15 06:09:16,ADAM_lr0.0003,ADAM,2,shakespeare_char,119,train_iter,2.497468948364258,0.0009999666118823774,0.033211996201006296,1742.0313358306885
2025-09-15 06:09:16,ADAM_lr0.001,ADAM,2,shakespeare_char,49,train_eval,2.564255952835083,0.0004950495049504951,0.045815592291851115,
2025-09-15 06:09:16,ADAM_lr0.001,ADAM,2,shakespeare_char,49,val_eval,2.5767998695373535,0.0004950495049504951,0.045815592291851115,
2025-09-15 06:09:16,ADAM_lr0.001,ADAM,2,shakespeare_char,49,train_iter,2.592702627182007,0.0004950495049504951,0.04825350378385298,995.3303337097168
2025-09-15 06:09:17,ADAM_lr0.001,ADAM,2,shakespeare_char,50,train_eval,2.559814214706421,0.000504950495049505,0.04825350378385298,
2025-09-15 06:09:17,ADAM_lr0.001,ADAM,2,shakespeare_char,50,val_eval,2.561877489089966,0.000504950495049505,0.04825350378385298,
2025-09-15 06:09:17,ADAM_lr0.0003,ADAM,2,shakespeare_char,120,train_eval,2.4998321533203125,0.0009999630049052437,0.033211996201006296,
2025-09-15 06:09:17,ADAM_lr0.0003,ADAM,2,shakespeare_char,120,val_eval,2.5204079151153564,0.0009999630049052437,0.033211996201006296,
2025-09-15 06:09:17,ADAM_lr0.0003,ADAM,2,shakespeare_char,120,train_iter,2.506267547607422,0.0009999630049052437,0.03396064133850321,1716.6974544525146
2025-09-15 06:09:18,ADAM_lr0.001,ADAM,2,shakespeare_char,50,train_iter,2.58607816696167,0.000504950495049505,0.047826708785672446,1588.4060859680176
2025-09-15 06:09:19,ADAM_lr0.001,ADAM,2,shakespeare_char,51,train_eval,2.5597662925720215,0.0005148514851485149,0.047826708785672446,
2025-09-15 06:09:19,ADAM_lr0.001,ADAM,2,shakespeare_char,51,val_eval,2.5601110458374023,0.0005148514851485149,0.047826708785672446,
2025-09-15 06:09:19,ADAM_lr0.001,ADAM,2,shakespeare_char,51,train_iter,2.5380196571350098,0.0005148514851485149,0.04768906659033061,1504.1224956512451
2025-09-15 06:09:19,ADAM_lr0.0003,ADAM,2,shakespeare_char,121,train_eval,2.5050249099731445,0.0009999592129653152,0.03396064133850321,
2025-09-15 06:09:19,ADAM_lr0.0003,ADAM,2,shakespeare_char,121,val_eval,2.5259342193603516,0.0009999592129653152,0.03396064133850321,
2025-09-15 06:09:19,ADAM_lr0.0003,ADAM,2,shakespeare_char,121,train_iter,2.5057003498077393,0.0009999592129653152,0.03438957456738698,1826.587438583374
2025-09-15 06:09:20,ADAM_lr0.001,ADAM,2,shakespeare_char,52,train_eval,2.549870252609253,0.0005247524752475248,0.04768906659033061,
2025-09-15 06:09:20,ADAM_lr0.001,ADAM,2,shakespeare_char,52,val_eval,2.5569140911102295,0.0005247524752475248,0.04768906659033061,
2025-09-15 06:09:20,ADAM_lr0.0003,ADAM,2,shakespeare_char,0,train_eval,4.270771503448486,9.900990099009901e-06,,
2025-09-15 06:09:20,ADAM_lr0.0003,ADAM,2,shakespeare_char,0,val_eval,4.269772529602051,9.900990099009901e-06,,
2025-09-15 06:09:21,ADAM_lr0.001,ADAM,2,shakespeare_char,52,train_iter,2.542039394378662,0.0005247524752475248,0.048117029494378225,1344.4039821624756
2025-09-15 06:09:21,ADAM_lr0.0003,ADAM,2,shakespeare_char,122,train_eval,2.4954586029052734,0.0009999552360641507,0.03438957456738698,
2025-09-15 06:09:21,ADAM_lr0.0003,ADAM,2,shakespeare_char,122,val_eval,2.520510673522949,0.0009999552360641507,0.03438957456738698,
2025-09-15 06:09:21,ADAM_lr0.0003,ADAM,2,shakespeare_char,122,train_iter,2.5599427223205566,0.0009999552360641507,0.03434425105373976,2058.7642192840576
2025-09-15 06:09:22,ADAM_lr0.001,ADAM,2,shakespeare_char,53,train_eval,2.5542454719543457,0.0005346534653465347,0.048117029494378225,
2025-09-15 06:09:22,ADAM_lr0.001,ADAM,2,shakespeare_char,53,val_eval,2.5539252758026123,0.0005346534653465347,0.048117029494378225,
2025-09-15 06:09:22,ADAM_lr0.001,ADAM,2,shakespeare_char,53,train_iter,2.5866103172302246,0.0005346534653465347,0.04850315108230225,1344.1569805145264
2025-09-15 06:09:23,ADAM_lr0.0003,ADAM,2,shakespeare_char,123,train_eval,2.491492986679077,0.000999951074203385,0.03434425105373976,
2025-09-15 06:09:23,ADAM_lr0.0003,ADAM,2,shakespeare_char,123,val_eval,2.5060389041900635,0.000999951074203385,0.03434425105373976,
2025-09-15 06:09:23,ADAM_lr0.0003,ADAM,2,shakespeare_char,123,train_iter,2.54447603225708,0.000999951074203385,0.035066402688295015,1680.8764934539795
2025-09-15 06:09:23,ADAM_lr0.001,ADAM,2,shakespeare_char,54,train_eval,2.5599558353424072,0.0005445544554455446,0.04850315108230225,
2025-09-15 06:09:23,ADAM_lr0.001,ADAM,2,shakespeare_char,54,val_eval,2.5593042373657227,0.0005445544554455446,0.04850315108230225,
2025-09-15 06:09:23,ADAM_lr0.001,ADAM,2,shakespeare_char,54,train_iter,2.5621395111083984,0.0005445544554455446,0.049627269723925685,1169.4316864013672
2025-09-15 06:09:24,ADAM_lr0.001,ADAM,2,shakespeare_char,55,train_eval,2.548902988433838,0.0005544554455445545,0.049627269723925685,
2025-09-15 06:09:24,ADAM_lr0.001,ADAM,2,shakespeare_char,55,val_eval,2.5449650287628174,0.0005544554455445545,0.049627269723925685,
2025-09-15 06:09:25,ADAM_lr0.0003,ADAM,2,shakespeare_char,124,train_eval,2.4993226528167725,0.0009999467273847289,0.035066402688295015,
2025-09-15 06:09:25,ADAM_lr0.0003,ADAM,2,shakespeare_char,124,val_eval,2.5090417861938477,0.0009999467273847289,0.035066402688295015,
2025-09-15 06:09:25,ADAM_lr0.0003,ADAM,2,shakespeare_char,124,train_iter,2.5085608959198,0.0009999467273847289,0.035831055878615695,1635.7321739196777
2025-09-15 06:09:25,ADAM_lr0.001,ADAM,2,shakespeare_char,55,train_iter,2.6184182167053223,0.0005544554455445545,0.0479415589237688,2132.028579711914
2025-09-15 06:09:26,ADAM_lr0.001,ADAM,2,shakespeare_char,56,train_eval,2.559389591217041,0.0005643564356435644,0.0479415589237688,
2025-09-15 06:09:26,ADAM_lr0.001,ADAM,2,shakespeare_char,56,val_eval,2.566995620727539,0.0005643564356435644,0.0479415589237688,
2025-09-15 06:09:26,ADAM_lr0.001,ADAM,2,shakespeare_char,56,train_iter,2.602095127105713,0.0005643564356435644,0.05009877072415067,1005.0816535949707
2025-09-15 06:09:26,ADAM_lr0.0003,ADAM,2,shakespeare_char,125,train_eval,2.500490427017212,0.000999942195609969,0.035831055878615695,
2025-09-15 06:09:26,ADAM_lr0.0003,ADAM,2,shakespeare_char,125,val_eval,2.5066475868225098,0.000999942195609969,0.035831055878615695,
2025-09-15 06:09:26,ADAM_lr0.0003,ADAM,2,shakespeare_char,125,train_iter,2.4967970848083496,0.000999942195609969,0.036598025948700874,1606.1081886291504
2025-09-15 06:09:27,ADAM_lr0.001,ADAM,2,shakespeare_char,57,train_eval,2.555126667022705,0.0005742574257425743,0.05009877072415067,
2025-09-15 06:09:27,ADAM_lr0.001,ADAM,2,shakespeare_char,57,val_eval,2.56416392326355,0.0005742574257425743,0.05009877072415067,
2025-09-15 06:09:27,ADAM_lr0.001,ADAM,2,shakespeare_char,57,train_iter,2.5982580184936523,0.0005742574257425743,0.053097590628968905,872.3881244659424
2025-09-15 06:09:28,ADAM_lr0.0003,ADAM,2,shakespeare_char,126,train_eval,2.492128610610962,0.0009999374788809685,0.036598025948700874,
2025-09-15 06:09:28,ADAM_lr0.0003,ADAM,2,shakespeare_char,126,val_eval,2.506002187728882,0.0009999374788809685,0.036598025948700874,
2025-09-15 06:09:28,ADAM_lr0.0003,ADAM,2,shakespeare_char,126,train_iter,2.5431346893310547,0.0009999374788809685,0.03721708382147389,1632.8394412994385
2025-09-15 06:09:28,ADAM_lr0.001,ADAM,2,shakespeare_char,58,train_eval,2.5514512062072754,0.0005841584158415842,0.053097590628968905,
2025-09-15 06:09:28,ADAM_lr0.001,ADAM,2,shakespeare_char,58,val_eval,2.5499258041381836,0.0005841584158415842,0.053097590628968905,
2025-09-15 06:09:28,ADAM_lr0.001,ADAM,2,shakespeare_char,58,train_iter,2.5810818672180176,0.0005841584158415842,0.05568870788707332,884.2933177947998
2025-09-15 06:09:29,ADAM_lr0.001,ADAM,2,shakespeare_char,59,train_eval,2.5471432209014893,0.000594059405940594,0.05568870788707332,
2025-09-15 06:09:29,ADAM_lr0.001,ADAM,2,shakespeare_char,59,val_eval,2.5420117378234863,0.000594059405940594,0.05568870788707332,
2025-09-15 06:09:29,ADAM_lr0.001,ADAM,2,shakespeare_char,59,train_iter,2.5794906616210938,0.000594059405940594,0.055004765738092196,1430.2546977996826
2025-09-15 06:09:29,ADAM_lr0.0003,ADAM,2,shakespeare_char,127,train_eval,2.4901890754699707,0.0009999325771996657,0.03721708382147389,
2025-09-15 06:09:29,ADAM_lr0.0003,ADAM,2,shakespeare_char,127,val_eval,2.513723850250244,0.0009999325771996657,0.03721708382147389,
2025-09-15 06:09:29,ADAM_lr0.0003,ADAM,2,shakespeare_char,127,train_iter,2.4805989265441895,0.0009999325771996657,0.03801052033107792,1547.3904609680176
2025-09-15 06:09:30,ADAM_lr0.001,ADAM,2,shakespeare_char,60,train_eval,2.560591459274292,0.000603960396039604,0.055004765738092196,
2025-09-15 06:09:30,ADAM_lr0.001,ADAM,2,shakespeare_char,60,val_eval,2.5499093532562256,0.000603960396039604,0.055004765738092196,
2025-09-15 06:09:30,ADAM_lr0.001,ADAM,2,shakespeare_char,60,train_iter,2.572443723678589,0.000603960396039604,0.0575051035356213,873.2476234436035
2025-09-15 06:09:31,ADAM_lr0.001,ADAM,2,shakespeare_char,61,train_eval,2.556117296218872,0.0006138613861386139,0.0575051035356213,
2025-09-15 06:09:31,ADAM_lr0.001,ADAM,2,shakespeare_char,61,val_eval,2.556993007659912,0.0006138613861386139,0.0575051035356213,
2025-09-15 06:09:31,ADAM_lr0.001,ADAM,2,shakespeare_char,61,train_iter,2.599053144454956,0.0006138613861386139,0.05806295269666082,1107.5291633605957
2025-09-15 06:09:32,ADAM_lr0.0003,ADAM,2,shakespeare_char,128,train_eval,2.495734214782715,0.0009999274905680762,0.03801052033107792,
2025-09-15 06:09:32,ADAM_lr0.0003,ADAM,2,shakespeare_char,128,val_eval,2.516969919204712,0.0009999274905680762,0.03801052033107792,
2025-09-15 06:09:32,ADAM_lr0.0003,ADAM,2,shakespeare_char,128,train_iter,2.5181210041046143,0.0009999274905680762,0.03738685819160635,2198.8778114318848
2025-09-15 06:09:33,ADAM_lr0.001,ADAM,2,shakespeare_char,62,train_eval,2.539966344833374,0.0006237623762376238,0.05806295269666082,
2025-09-15 06:09:33,ADAM_lr0.001,ADAM,2,shakespeare_char,62,val_eval,2.5503203868865967,0.0006237623762376238,0.05806295269666082,
2025-09-15 06:09:33,ADAM_lr0.001,ADAM,2,shakespeare_char,62,train_iter,2.5947165489196777,0.0006237623762376238,0.05726268013087299,1395.6573009490967
2025-09-15 06:09:35,ADAM_lr0.0003,ADAM,2,shakespeare_char,129,train_eval,2.4925758838653564,0.0009999222189882903,0.03738685819160635,
2025-09-15 06:09:35,ADAM_lr0.0003,ADAM,2,shakespeare_char,129,val_eval,2.5022270679473877,0.0009999222189882903,0.03738685819160635,
2025-09-15 06:09:35,ADAM_lr0.001,ADAM,2,shakespeare_char,63,train_eval,2.5486443042755127,0.0006336633663366337,0.05726268013087299,
2025-09-15 06:09:35,ADAM_lr0.001,ADAM,2,shakespeare_char,63,val_eval,2.5651183128356934,0.0006336633663366337,0.05726268013087299,
2025-09-15 06:09:35,ADAM_lr0.001,ADAM,2,shakespeare_char,63,train_iter,2.5329904556274414,0.0006336633663366337,0.05546328898531882,1779.198169708252
2025-09-15 06:09:35,ADAM_lr0.0003,ADAM,2,shakespeare_char,129,train_iter,2.466517925262451,0.0009999222189882903,0.0357400633164552,3339.893102645874
2025-09-15 06:09:36,ADAM_lr0.001,ADAM,2,shakespeare_char,64,train_eval,2.5483217239379883,0.0006435643564356436,0.05546328898531882,
2025-09-15 06:09:36,ADAM_lr0.001,ADAM,2,shakespeare_char,64,val_eval,2.5621912479400635,0.0006435643564356436,0.05546328898531882,
2025-09-15 06:09:36,ADAM_lr0.001,ADAM,2,shakespeare_char,64,train_iter,2.576655149459839,0.0006435643564356436,0.0572615258876021,951.2736797332764
2025-09-15 06:09:36,ADAM_lr0.001,ADAM,2,shakespeare_char,65,train_eval,2.5493621826171875,0.0006534653465346535,0.0572615258876021,
2025-09-15 06:09:36,ADAM_lr0.001,ADAM,2,shakespeare_char,65,val_eval,2.5572779178619385,0.0006534653465346535,0.0572615258876021,
2025-09-15 06:09:36,ADAM_lr0.001,ADAM,2,shakespeare_char,65,train_iter,2.569692611694336,0.0006534653465346535,0.05953288618446378,873.6081123352051
2025-09-15 06:09:37,ADAM_lr0.0003,ADAM,2,shakespeare_char,130,train_eval,2.4942455291748047,0.0009999167624624755,0.0357400633164552,
2025-09-15 06:09:37,ADAM_lr0.0003,ADAM,2,shakespeare_char,130,val_eval,2.4930334091186523,0.0009999167624624755,0.0357400633164552,
2025-09-15 06:09:37,ADAM_lr0.001,ADAM,2,shakespeare_char,66,train_eval,2.545220136642456,0.0006633663366336634,0.05953288618446378,
2025-09-15 06:09:37,ADAM_lr0.001,ADAM,2,shakespeare_char,66,val_eval,2.549722671508789,0.0006633663366336634,0.05953288618446378,
2025-09-15 06:09:37,ADAM_lr0.001,ADAM,2,shakespeare_char,66,train_iter,2.563765048980713,0.0006633663366336634,0.06020657397908285,1054.2805194854736
2025-09-15 06:09:38,ADAM_lr0.0003,ADAM,2,shakespeare_char,130,train_iter,2.4870171546936035,0.0009999167624624755,0.03458130044882518,2892.7485942840576
2025-09-15 06:09:39,ADAM_lr0.001,ADAM,2,shakespeare_char,67,train_eval,2.547548294067383,0.0006732673267326733,0.06020657397908285,
2025-09-15 06:09:39,ADAM_lr0.001,ADAM,2,shakespeare_char,67,val_eval,2.5499930381774902,0.0006732673267326733,0.06020657397908285,
2025-09-15 06:09:39,ADAM_lr0.001,ADAM,2,shakespeare_char,67,train_iter,2.5360608100891113,0.0006732673267326733,0.05973230935758035,1259.6821784973145
2025-09-15 06:09:40,ADAM_lr0.001,ADAM,2,shakespeare_char,68,train_eval,2.552757978439331,0.0006831683168316832,0.05973230935758035,
2025-09-15 06:09:40,ADAM_lr0.001,ADAM,2,shakespeare_char,68,val_eval,2.5581679344177246,0.0006831683168316832,0.05973230935758035,
2025-09-15 06:09:40,ADAM_lr0.001,ADAM,2,shakespeare_char,68,train_iter,2.587292194366455,0.0006831683168316832,0.05921310407695122,1281.0156345367432
2025-09-15 06:09:40,ADAM_lr0.0003,ADAM,2,shakespeare_char,131,train_eval,2.493126630783081,0.0009999111209928744,0.03458130044882518,
2025-09-15 06:09:40,ADAM_lr0.0003,ADAM,2,shakespeare_char,131,val_eval,2.5035922527313232,0.0009999111209928744,0.03458130044882518,
2025-09-15 06:09:40,ADAM_lr0.0003,ADAM,2,shakespeare_char,131,train_iter,2.4524714946746826,0.0009999111209928744,0.034422445229834384,2117.644786834717
2025-09-15 06:09:42,ADAM_lr0.001,ADAM,2,shakespeare_char,69,train_eval,2.5494632720947266,0.0006930693069306931,0.05921310407695122,
2025-09-15 06:09:42,ADAM_lr0.001,ADAM,2,shakespeare_char,69,val_eval,2.552793264389038,0.0006930693069306931,0.05921310407695122,
2025-09-15 06:09:42,ADAM_lr0.001,ADAM,2,shakespeare_char,69,train_iter,2.5956101417541504,0.0006930693069306931,0.05656009376639981,2137.714385986328
2025-09-15 06:09:43,ADAM_lr0.0003,ADAM,2,shakespeare_char,132,train_eval,2.499051094055176,0.000999905294581806,0.034422445229834384,
2025-09-15 06:09:43,ADAM_lr0.0003,ADAM,2,shakespeare_char,132,val_eval,2.5122578144073486,0.000999905294581806,0.034422445229834384,
2025-09-15 06:09:43,ADAM_lr0.0003,ADAM,2,shakespeare_char,132,train_iter,2.508432388305664,0.000999905294581806,0.0337762054670131,2498.812675476074
2025-09-15 06:09:44,ADAM_lr0.001,ADAM,2,shakespeare_char,70,train_eval,2.5470175743103027,0.000702970297029703,0.05656009376639981,
2025-09-15 06:09:44,ADAM_lr0.001,ADAM,2,shakespeare_char,70,val_eval,2.5585808753967285,0.000702970297029703,0.05656009376639981,
2025-09-15 06:09:44,ADAM_lr0.001,ADAM,2,shakespeare_char,70,train_iter,2.5282626152038574,0.000702970297029703,0.053866258120479446,2358.6368560791016
2025-09-15 06:09:45,ADAM_lr0.0003,ADAM,2,shakespeare_char,133,train_eval,2.4865026473999023,0.0009998992832316654,0.0337762054670131,
2025-09-15 06:09:45,ADAM_lr0.0003,ADAM,2,shakespeare_char,133,val_eval,2.4994382858276367,0.0009998992832316654,0.0337762054670131,
2025-09-15 06:09:45,ADAM_lr0.0003,ADAM,2,shakespeare_char,133,train_iter,2.5033302307128906,0.0009998992832316654,0.033485662006372444,2263.2062435150146
2025-09-15 06:09:46,ADAM_lr0.001,ADAM,2,shakespeare_char,71,train_eval,2.5520403385162354,0.000712871287128713,0.053866258120479446,
2025-09-15 06:09:46,ADAM_lr0.001,ADAM,2,shakespeare_char,71,val_eval,2.5465221405029297,0.000712871287128713,0.053866258120479446,
2025-09-15 06:09:46,ADAM_lr0.001,ADAM,2,shakespeare_char,71,train_iter,2.605436086654663,0.000712871287128713,0.052548009131620485,1717.3168659210205
2025-09-15 06:09:47,ADAM_lr0.0003,ADAM,2,shakespeare_char,134,train_eval,2.496980905532837,0.0009998930869449237,0.033485662006372444,
2025-09-15 06:09:47,ADAM_lr0.0003,ADAM,2,shakespeare_char,134,val_eval,2.498333215713501,0.0009998930869449237,0.033485662006372444,
2025-09-15 06:09:47,ADAM_lr0.0003,ADAM,2,shakespeare_char,134,train_iter,2.529127597808838,0.0009998930869449237,0.03337295546983306,2159.1455936431885
2025-09-15 06:09:48,ADAM_lr0.001,ADAM,2,shakespeare_char,72,train_eval,2.5508148670196533,0.0007227722772277228,0.052548009131620485,
2025-09-15 06:09:48,ADAM_lr0.001,ADAM,2,shakespeare_char,72,val_eval,2.5478851795196533,0.0007227722772277228,0.052548009131620485,
2025-09-15 06:09:48,ADAM_lr0.001,ADAM,2,shakespeare_char,72,train_iter,2.5633249282836914,0.0007227722772277228,0.052447680828174914,1355.4620742797852
2025-09-15 06:09:49,ADAM_lr0.0003,ADAM,2,shakespeare_char,135,train_eval,2.4951958656311035,0.000999886705724128,0.03337295546983306,
2025-09-15 06:09:49,ADAM_lr0.0003,ADAM,2,shakespeare_char,135,val_eval,2.5087473392486572,0.000999886705724128,0.03337295546983306,
2025-09-15 06:09:49,ADAM_lr0.0003,ADAM,2,shakespeare_char,135,train_iter,2.4749646186828613,0.000999886705724128,0.03360407597283289,1957.9253196716309
2025-09-15 06:09:49,ADAM_lr0.001,ADAM,2,shakespeare_char,73,train_eval,2.5411462783813477,0.0007326732673267327,0.052447680828174914,
2025-09-15 06:09:49,ADAM_lr0.001,ADAM,2,shakespeare_char,73,val_eval,2.5447757244110107,0.0007326732673267327,0.052447680828174914,
2025-09-15 06:09:49,ADAM_lr0.001,ADAM,2,shakespeare_char,73,train_iter,2.5489501953125,0.0007326732673267327,0.05127887057558276,1714.1227722167969
2025-09-15 06:09:50,ADAM_lr0.0003,ADAM,2,shakespeare_char,136,train_eval,2.495300531387329,0.0009998801395719012,0.03360407597283289,
2025-09-15 06:09:50,ADAM_lr0.0003,ADAM,2,shakespeare_char,136,val_eval,2.5078999996185303,0.0009998801395719012,0.03360407597283289,
2025-09-15 06:09:50,ADAM_lr0.0003,ADAM,2,shakespeare_char,136,train_iter,2.491156816482544,0.0009998801395719012,0.03512783006422297,1430.4792881011963
2025-09-15 06:09:51,ADAM_lr0.001,ADAM,2,shakespeare_char,74,train_eval,2.532977819442749,0.0007425742574257426,0.05127887057558276,
2025-09-15 06:09:51,ADAM_lr0.001,ADAM,2,shakespeare_char,74,val_eval,2.5406546592712402,0.0007425742574257426,0.05127887057558276,
2025-09-15 06:09:52,ADAM_lr0.001,ADAM,2,shakespeare_char,74,train_iter,2.533059597015381,0.0007425742574257426,0.049200689193973204,2290.9398078918457
2025-09-15 06:09:52,ADAM_lr0.001,ADAM,2,shakespeare_char,75,train_eval,2.545821189880371,0.0007524752475247525,0.049200689193973204,
2025-09-15 06:09:52,ADAM_lr0.001,ADAM,2,shakespeare_char,75,val_eval,2.5549018383026123,0.0007524752475247525,0.049200689193973204,
2025-09-15 06:09:52,ADAM_lr0.001,ADAM,2,shakespeare_char,75,train_iter,2.493133306503296,0.0007524752475247525,0.05191550023054819,915.1017665863037
2025-09-15 06:09:53,ADAM_lr0.001,ADAM,2,shakespeare_char,76,train_eval,2.541309118270874,0.0007623762376237624,0.05191550023054819,
2025-09-15 06:09:53,ADAM_lr0.001,ADAM,2,shakespeare_char,76,val_eval,2.547170400619507,0.0007623762376237624,0.05191550023054819,
2025-09-15 06:09:53,ADAM_lr0.001,ADAM,2,shakespeare_char,76,train_iter,2.5133004188537598,0.0007623762376237624,0.054643760216826084,882.1792602539062
2025-09-15 06:09:53,ADAM_lr0.0003,ADAM,2,shakespeare_char,137,train_eval,2.479271173477173,0.0009998733884909424,0.03512783006422297,
2025-09-15 06:09:53,ADAM_lr0.0003,ADAM,2,shakespeare_char,137,val_eval,2.503371000289917,0.0009998733884909424,0.03512783006422297,
2025-09-15 06:09:53,ADAM_lr0.0003,ADAM,2,shakespeare_char,137,train_iter,2.4637229442596436,0.0009998733884909424,0.03383428125974266,3148.244619369507
2025-09-15 06:09:54,ADAM_lr0.001,ADAM,2,shakespeare_char,77,train_eval,2.5293772220611572,0.0007722772277227723,0.054643760216826084,
2025-09-15 06:09:54,ADAM_lr0.001,ADAM,2,shakespeare_char,77,val_eval,2.5423970222473145,0.0007722772277227723,0.054643760216826084,
2025-09-15 06:09:54,ADAM_lr0.001,ADAM,2,shakespeare_char,77,train_iter,2.53808331489563,0.0007722772277227723,0.05567029145509935,1076.3814449310303
2025-09-15 06:09:56,ADAM_lr0.001,ADAM,2,shakespeare_char,78,train_eval,2.526496648788452,0.0007821782178217822,0.05567029145509935,
2025-09-15 06:09:56,ADAM_lr0.001,ADAM,2,shakespeare_char,78,val_eval,2.542457342147827,0.0007821782178217822,0.05567029145509935,
2025-09-15 06:09:56,ADAM_lr0.001,ADAM,2,shakespeare_char,78,train_iter,2.5502219200134277,0.0007821782178217822,0.05581802540221624,1222.5689888000488
2025-09-15 06:09:56,ADAM_lr0.0003,ADAM,2,shakespeare_char,138,train_eval,2.4873321056365967,0.0009998664524840269,0.03383428125974266,
2025-09-15 06:09:56,ADAM_lr0.0003,ADAM,2,shakespeare_char,138,val_eval,2.5129268169403076,0.0009998664524840269,0.03383428125974266,
2025-09-15 06:09:56,ADAM_lr0.0003,ADAM,2,shakespeare_char,138,train_iter,2.5004189014434814,0.0009998664524840269,0.03300707750290235,2733.2077026367188
2025-09-15 06:09:57,ADAM_lr0.001,ADAM,2,shakespeare_char,79,train_eval,2.538961410522461,0.0007920792079207921,0.05581802540221624,
2025-09-15 06:09:57,ADAM_lr0.001,ADAM,2,shakespeare_char,79,val_eval,2.5524449348449707,0.0007920792079207921,0.05581802540221624,
2025-09-15 06:09:57,ADAM_lr0.001,ADAM,2,shakespeare_char,79,train_iter,2.550654649734497,0.0007920792079207921,0.05510312127357835,1435.5533123016357
2025-09-15 06:09:58,ADAM_lr0.0003,ADAM,2,shakespeare_char,139,train_eval,2.4917075634002686,0.0009998593315540057,0.03300707750290235,
2025-09-15 06:09:58,ADAM_lr0.0003,ADAM,2,shakespeare_char,139,val_eval,2.5206851959228516,0.0009998593315540057,0.03300707750290235,
2025-09-15 06:09:58,ADAM_lr0.0003,ADAM,2,shakespeare_char,139,train_iter,2.5184035301208496,0.0009998593315540057,0.0331276086882207,2042.1526432037354
2025-09-15 06:09:59,ADAM_lr0.001,ADAM,2,shakespeare_char,80,train_eval,2.550325632095337,0.000801980198019802,0.05510312127357835,
2025-09-15 06:09:59,ADAM_lr0.001,ADAM,2,shakespeare_char,80,val_eval,2.5587356090545654,0.000801980198019802,0.05510312127357835,
2025-09-15 06:09:59,ADAM_lr0.001,ADAM,2,shakespeare_char,80,train_iter,2.533210277557373,0.000801980198019802,0.05448539360855821,1428.0166625976562
2025-09-15 06:10:00,ADAM_lr0.001,ADAM,2,shakespeare_char,81,train_eval,2.546353340148926,0.000811881188118812,0.05448539360855821,
2025-09-15 06:10:00,ADAM_lr0.001,ADAM,2,shakespeare_char,81,val_eval,2.545482635498047,0.000811881188118812,0.05448539360855821,
2025-09-15 06:10:00,ADAM_lr0.001,ADAM,2,shakespeare_char,81,train_iter,2.5428223609924316,0.000811881188118812,0.05556960891246471,1069.486379623413
2025-09-15 06:10:00,ADAM_lr0.0003,ADAM,2,shakespeare_char,140,train_eval,2.4923295974731445,0.000999852025703806,0.0331276086882207,
2025-09-15 06:10:00,ADAM_lr0.0003,ADAM,2,shakespeare_char,140,val_eval,2.523690700531006,0.000999852025703806,0.0331276086882207,
2025-09-15 06:10:00,ADAM_lr0.0003,ADAM,2,shakespeare_char,140,train_iter,2.479076385498047,0.000999852025703806,0.03447332748831883,1499.779462814331
2025-09-15 06:10:01,ADAM_lr0.001,ADAM,2,shakespeare_char,82,train_eval,2.539698600769043,0.0008217821782178219,0.05556960891246471,
2025-09-15 06:10:01,ADAM_lr0.001,ADAM,2,shakespeare_char,82,val_eval,2.546640634536743,0.0008217821782178219,0.05556960891246471,
2025-09-15 06:10:01,ADAM_lr0.001,ADAM,2,shakespeare_char,82,train_iter,2.5473899841308594,0.0008217821782178219,0.05667136572044303,1049.2548942565918
2025-09-15 06:10:02,ADAM_lr0.0003,ADAM,2,shakespeare_char,141,train_eval,2.4823856353759766,0.0009998445349364308,0.03447332748831883,
2025-09-15 06:10:02,ADAM_lr0.0003,ADAM,2,shakespeare_char,141,val_eval,2.512761116027832,0.0009998445349364308,0.03447332748831883,
2025-09-15 06:10:02,ADAM_lr0.0003,ADAM,2,shakespeare_char,141,train_iter,2.468818187713623,0.0009998445349364308,0.034726982589935,1887.7911567687988
2025-09-15 06:10:02,ADAM_lr0.001,ADAM,2,shakespeare_char,83,train_eval,2.532109260559082,0.0008316831683168318,0.05667136572044303,
2025-09-15 06:10:02,ADAM_lr0.001,ADAM,2,shakespeare_char,83,val_eval,2.536630153656006,0.0008316831683168318,0.05667136572044303,
2025-09-15 06:10:03,ADAM_lr0.001,ADAM,2,shakespeare_char,83,train_iter,2.5550661087036133,0.0008316831683168318,0.053851329028450697,2453.968048095703
2025-09-15 06:10:04,ADAM_lr0.001,ADAM,2,shakespeare_char,84,train_eval,2.520070791244507,0.0008415841584158417,0.053851329028450697,
2025-09-15 06:10:04,ADAM_lr0.001,ADAM,2,shakespeare_char,84,val_eval,2.528893232345581,0.0008415841584158417,0.053851329028450697,
2025-09-15 06:10:04,ADAM_lr0.0003,ADAM,2,shakespeare_char,142,train_eval,2.48114013671875,0.0009998368592549595,0.034726982589935,
2025-09-15 06:10:04,ADAM_lr0.0003,ADAM,2,shakespeare_char,142,val_eval,2.4994242191314697,0.0009998368592549595,0.034726982589935,
2025-09-15 06:10:04,ADAM_lr0.0003,ADAM,2,shakespeare_char,142,train_iter,2.4578700065612793,0.0009998368592549595,0.03376591849489025,2781.731605529785
2025-09-15 06:10:05,ADAM_lr0.001,ADAM,2,shakespeare_char,84,train_iter,2.5501158237457275,0.0008415841584158417,0.052579288512593234,1698.6470222473145
2025-09-15 06:10:06,ADAM_lr0.001,ADAM,2,shakespeare_char,85,train_eval,2.522853374481201,0.0008514851485148516,0.052579288512593234,
2025-09-15 06:10:06,ADAM_lr0.001,ADAM,2,shakespeare_char,85,val_eval,2.5234148502349854,0.0008514851485148516,0.052579288512593234,
2025-09-15 06:10:07,ADAM_lr0.001,ADAM,2,shakespeare_char,85,train_iter,2.5052433013916016,0.0008514851485148516,0.05038635378851981,2279.512405395508
2025-09-15 06:10:07,ADAM_lr0.0003,ADAM,2,shakespeare_char,143,train_eval,2.4766860008239746,0.000999828998662547,0.03376591849489025,
2025-09-15 06:10:07,ADAM_lr0.0003,ADAM,2,shakespeare_char,143,val_eval,2.4880855083465576,0.000999828998662547,0.03376591849489025,
2025-09-15 06:10:08,ADAM_lr0.0003,ADAM,2,shakespeare_char,143,train_iter,2.528059959411621,0.000999828998662547,0.032441011469389575,3405.343770980835
2025-09-15 06:10:09,ADAM_lr0.001,ADAM,2,shakespeare_char,86,train_eval,2.5245397090911865,0.0008613861386138615,0.05038635378851981,
2025-09-15 06:10:09,ADAM_lr0.001,ADAM,2,shakespeare_char,86,val_eval,2.518796682357788,0.0008613861386138615,0.05038635378851981,
2025-09-15 06:10:09,ADAM_lr0.001,ADAM,2,shakespeare_char,86,train_iter,2.5353012084960938,0.0008613861386138615,0.04872781877237102,2067.007303237915
2025-09-15 06:10:10,ADAM_lr0.0003,ADAM,2,shakespeare_char,144,train_eval,2.4835681915283203,0.000999820953162425,0.032441011469389575,
2025-09-15 06:10:10,ADAM_lr0.0003,ADAM,2,shakespeare_char,144,val_eval,2.489941358566284,0.000999820953162425,0.032441011469389575,
2025-09-15 06:10:10,ADAM_lr0.0003,ADAM,2,shakespeare_char,144,train_iter,2.4716784954071045,0.000999820953162425,0.03226537184522784,2276.9365310668945
2025-09-15 06:10:11,ADAM_lr0.001,ADAM,2,shakespeare_char,87,train_eval,2.5216047763824463,0.0008712871287128712,0.04872781877237102,
2025-09-15 06:10:11,ADAM_lr0.001,ADAM,2,shakespeare_char,87,val_eval,2.5220956802368164,0.0008712871287128712,0.04872781877237102,
2025-09-15 06:10:11,ADAM_lr0.001,ADAM,2,shakespeare_char,87,train_iter,2.5018177032470703,0.0008712871287128712,0.04767586943901581,1828.5784721374512
2025-09-15 06:10:12,ADAM_lr0.0003,ADAM,2,shakespeare_char,145,train_eval,2.4874584674835205,0.0009998127227579003,0.03226537184522784,
2025-09-15 06:10:12,ADAM_lr0.0003,ADAM,2,shakespeare_char,145,val_eval,2.491088628768921,0.0009998127227579003,0.03226537184522784,
2025-09-15 06:10:12,ADAM_lr0.0003,ADAM,2,shakespeare_char,145,train_iter,2.4685235023498535,0.0009998127227579003,0.03212533590789072,2263.6284828186035
2025-09-15 06:10:13,ADAM_lr0.001,ADAM,2,shakespeare_char,88,train_eval,2.521521806716919,0.0008811881188118811,0.04767586943901581,
2025-09-15 06:10:13,ADAM_lr0.001,ADAM,2,shakespeare_char,88,val_eval,2.5197856426239014,0.0008811881188118811,0.04767586943901581,
2025-09-15 06:10:13,ADAM_lr0.001,ADAM,2,shakespeare_char,88,train_iter,2.5081255435943604,0.0008811881188118811,0.046630063135686066,1877.244472503662
2025-09-15 06:10:14,ADAM_lr0.001,ADAM,2,shakespeare_char,89,train_eval,2.51729416847229,0.000891089108910891,0.046630063135686066,
2025-09-15 06:10:14,ADAM_lr0.001,ADAM,2,shakespeare_char,89,val_eval,2.522653102874756,0.000891089108910891,0.046630063135686066,
2025-09-15 06:10:14,ADAM_lr0.001,ADAM,2,shakespeare_char,89,train_iter,2.527554512023926,0.000891089108910891,0.046310797903596164,1608.4504127502441
2025-09-15 06:10:15,ADAM_lr0.0003,ADAM,2,shakespeare_char,146,train_eval,2.477475643157959,0.000999804307452356,0.03212533590789072,
2025-09-15 06:10:15,ADAM_lr0.0003,ADAM,2,shakespeare_char,146,val_eval,2.4813179969787598,0.000999804307452356,0.03212533590789072,
2025-09-15 06:10:16,ADAM_lr0.0003,ADAM,2,shakespeare_char,146,train_iter,2.484496831893921,0.000999804307452356,0.03098066412876283,3378.7035942077637
2025-09-15 06:10:16,ADAM_lr0.001,ADAM,2,shakespeare_char,90,train_eval,2.5181145668029785,0.0009009900990099009,0.046310797903596164,
2025-09-15 06:10:16,ADAM_lr0.001,ADAM,2,shakespeare_char,90,val_eval,2.5222389698028564,0.0009009900990099009,0.046310797903596164,
2025-09-15 06:10:16,ADAM_lr0.001,ADAM,2,shakespeare_char,90,train_iter,2.5626578330993652,0.0009009900990099009,0.046711793435965314,1388.4315490722656
2025-09-15 06:10:18,ADAM_lr0.001,ADAM,2,shakespeare_char,91,train_eval,2.5195889472961426,0.0009108910891089108,0.046711793435965314,
2025-09-15 06:10:18,ADAM_lr0.001,ADAM,2,shakespeare_char,91,val_eval,2.519792318344116,0.0009108910891089108,0.046711793435965314,
2025-09-15 06:10:18,ADAM_lr0.001,ADAM,2,shakespeare_char,91,train_iter,2.5136067867279053,0.0009108910891089108,0.04617467024352661,1690.033197402954
2025-09-15 06:10:18,ADAM_lr0.0003,ADAM,2,shakespeare_char,147,train_eval,2.4793953895568848,0.0009997957072492515,0.03098066412876283,
2025-09-15 06:10:18,ADAM_lr0.0003,ADAM,2,shakespeare_char,147,val_eval,2.486311197280884,0.0009997957072492515,0.03098066412876283,
2025-09-15 06:10:18,ADAM_lr0.0003,ADAM,2,shakespeare_char,147,train_iter,2.48380708694458,0.0009997957072492515,0.030490467390904993,2679.0802478790283
2025-09-15 06:10:19,ADAM_lr0.001,ADAM,2,shakespeare_char,92,train_eval,2.5136632919311523,0.0009207920792079207,0.04617467024352661,
2025-09-15 06:10:19,ADAM_lr0.001,ADAM,2,shakespeare_char,92,val_eval,2.5215368270874023,0.0009207920792079207,0.04617467024352661,
2025-09-15 06:10:19,ADAM_lr0.001,ADAM,2,shakespeare_char,92,train_iter,2.545844078063965,0.0009207920792079207,0.04561907412310421,1720.0675010681152
2025-09-15 06:10:21,ADAM_lr0.001,ADAM,2,shakespeare_char,93,train_eval,2.5106513500213623,0.0009306930693069307,0.04561907412310421,
2025-09-15 06:10:21,ADAM_lr0.001,ADAM,2,shakespeare_char,93,val_eval,2.524507761001587,0.0009306930693069307,0.04561907412310421,
2025-09-15 06:10:21,ADAM_lr0.001,ADAM,2,shakespeare_char,93,train_iter,2.4888157844543457,0.0009306930693069307,0.04628353891682814,1336.8148803710938
2025-09-15 06:10:21,ADAM_lr0.0003,ADAM,2,shakespeare_char,148,train_eval,2.483154058456421,0.0009997869221521221,0.030490467390904993,
2025-09-15 06:10:21,ADAM_lr0.0003,ADAM,2,shakespeare_char,148,val_eval,2.497070550918579,0.0009997869221521221,0.030490467390904993,
2025-09-15 06:10:21,ADAM_lr0.0003,ADAM,2,shakespeare_char,148,train_iter,2.4680533409118652,0.0009997869221521221,0.030038684581534206,2690.0200843811035
2025-09-15 06:10:22,ADAM_lr0.001,ADAM,2,shakespeare_char,94,train_eval,2.5150954723358154,0.0009405940594059406,0.04628353891682814,
2025-09-15 06:10:22,ADAM_lr0.001,ADAM,2,shakespeare_char,94,val_eval,2.5298261642456055,0.0009405940594059406,0.04628353891682814,
2025-09-15 06:10:22,ADAM_lr0.001,ADAM,2,shakespeare_char,94,train_iter,2.5719616413116455,0.0009405940594059406,0.0462346282827371,1525.6640911102295
2025-09-15 06:10:23,ADAM_lr0.001,ADAM,2,shakespeare_char,95,train_eval,2.5129988193511963,0.0009504950495049505,0.0462346282827371,
2025-09-15 06:10:23,ADAM_lr0.001,ADAM,2,shakespeare_char,95,val_eval,2.5147361755371094,0.0009504950495049505,0.0462346282827371,
2025-09-15 06:10:23,ADAM_lr0.0003,ADAM,2,shakespeare_char,149,train_eval,2.4940013885498047,0.0009997779521645793,0.030038684581534206,
2025-09-15 06:10:23,ADAM_lr0.0003,ADAM,2,shakespeare_char,149,val_eval,2.5143911838531494,0.0009997779521645793,0.030038684581534206,
2025-09-15 06:10:23,ADAM_lr0.0003,ADAM,2,shakespeare_char,149,train_iter,2.499408483505249,0.0009997779521645793,0.03004641954987705,2319.9243545532227
2025-09-15 06:10:24,ADAM_lr0.001,ADAM,2,shakespeare_char,95,train_iter,2.5232443809509277,0.0009504950495049505,0.04540130178491107,1843.3880805969238
2025-09-15 06:10:25,ADAM_lr0.0003,ADAM,2,shakespeare_char,150,train_eval,2.4879870414733887,0.0009997687972903096,0.03004641954987705,
2025-09-15 06:10:25,ADAM_lr0.0003,ADAM,2,shakespeare_char,150,val_eval,2.5178916454315186,0.0009997687972903096,0.03004641954987705,
2025-09-15 06:10:25,ADAM_lr0.001,ADAM,2,shakespeare_char,96,train_eval,2.516690731048584,0.0009603960396039604,0.04540130178491107,
2025-09-15 06:10:25,ADAM_lr0.001,ADAM,2,shakespeare_char,96,val_eval,2.518402576446533,0.0009603960396039604,0.04540130178491107,
2025-09-15 06:10:25,ADAM_lr0.0003,ADAM,2,shakespeare_char,150,train_iter,2.499450922012329,0.0009997687972903096,0.030780506064347946,1868.7348365783691
2025-09-15 06:10:25,ADAM_lr0.001,ADAM,2,shakespeare_char,96,train_iter,2.522181987762451,0.0009603960396039604,0.0460172685278757,1355.0350666046143
2025-09-15 06:10:26,ADAM_lr0.001,ADAM,2,shakespeare_char,97,train_eval,2.514547109603882,0.0009702970297029703,0.0460172685278757,
2025-09-15 06:10:26,ADAM_lr0.001,ADAM,2,shakespeare_char,97,val_eval,2.509934663772583,0.0009702970297029703,0.0460172685278757,
2025-09-15 06:10:27,ADAM_lr0.001,ADAM,2,shakespeare_char,97,train_iter,2.5453381538391113,0.0009702970297029703,0.04557455774415741,1679.8906326293945
2025-09-15 06:10:27,ADAM_lr0.0003,ADAM,2,shakespeare_char,151,train_eval,2.492061138153076,0.0009997594575330766,0.030780506064347946,
2025-09-15 06:10:27,ADAM_lr0.0003,ADAM,2,shakespeare_char,151,val_eval,2.5211894512176514,0.0009997594575330766,0.030780506064347946,
2025-09-15 06:10:27,ADAM_lr0.0003,ADAM,2,shakespeare_char,151,train_iter,2.48152232170105,0.0009997594575330766,0.03126204809273108,1962.7785682678223
2025-09-15 06:10:28,ADAM_lr0.001,ADAM,2,shakespeare_char,98,train_eval,2.5049045085906982,0.0009801980198019802,0.04557455774415741,
2025-09-15 06:10:28,ADAM_lr0.001,ADAM,2,shakespeare_char,98,val_eval,2.5101797580718994,0.0009801980198019802,0.04557455774415741,
2025-09-15 06:10:28,ADAM_lr0.001,ADAM,2,shakespeare_char,98,train_iter,2.579306125640869,0.0009801980198019802,0.04709028629158641,1150.416612625122
2025-09-15 06:10:29,ADAM_lr0.001,ADAM,2,shakespeare_char,99,train_eval,2.5178842544555664,0.0009900990099009901,0.04709028629158641,
2025-09-15 06:10:29,ADAM_lr0.001,ADAM,2,shakespeare_char,99,val_eval,2.531097650527954,0.0009900990099009901,0.04709028629158641,
2025-09-15 06:10:29,ADAM_lr0.001,ADAM,2,shakespeare_char,99,train_iter,2.546457052230835,0.0009900990099009901,0.050298031587009094,882.5175762176514
2025-09-15 06:10:29,ADAM_lr0.0003,ADAM,2,shakespeare_char,152,train_eval,2.4736385345458984,0.0009997499328967194,0.03126204809273108,
2025-09-15 06:10:29,ADAM_lr0.0003,ADAM,2,shakespeare_char,152,val_eval,2.5043869018554688,0.0009997499328967194,0.03126204809273108,
2025-09-15 06:10:29,ADAM_lr0.0003,ADAM,2,shakespeare_char,152,train_iter,2.475862979888916,0.0009997499328967194,0.03128212772136968,2220.6168174743652
2025-09-15 06:10:30,ADAM_lr0.001,ADAM,2,shakespeare_char,100,train_eval,2.517106294631958,0.001,0.050298031587009094,
2025-09-15 06:10:30,ADAM_lr0.001,ADAM,2,shakespeare_char,100,val_eval,2.527975082397461,0.001,0.050298031587009094,
2025-09-15 06:10:32,ADAM_lr0.0003,ADAM,2,shakespeare_char,153,train_eval,2.480987787246704,0.0009997402233851535,0.03128212772136968,
2025-09-15 06:10:32,ADAM_lr0.0003,ADAM,2,shakespeare_char,153,val_eval,2.508303165435791,0.0009997402233851535,0.03128212772136968,
2025-09-15 06:10:32,ADAM_lr0.0003,ADAM,2,shakespeare_char,153,train_iter,2.499049186706543,0.0009997402233851535,0.03136620170287913,2174.990177154541
2025-09-15 06:10:33,ADAM_lr0.0003,ADAM,2,shakespeare_char,154,train_eval,2.4947731494903564,0.00099973032900237,0.03136620170287913,
2025-09-15 06:10:33,ADAM_lr0.0003,ADAM,2,shakespeare_char,154,val_eval,2.524029493331909,0.00099973032900237,0.03136620170287913,
2025-09-15 06:10:33,ADAM_lr0.0003,ADAM,2,shakespeare_char,154,train_iter,2.4877915382385254,0.00099973032900237,0.03216611127477197,1774.8353481292725
2025-09-15 06:10:36,ADAM_lr0.0003,ADAM,2,shakespeare_char,155,train_eval,2.4822535514831543,0.000999720249752436,0.03216611127477197,
2025-09-15 06:10:36,ADAM_lr0.0003,ADAM,2,shakespeare_char,155,val_eval,2.5051605701446533,0.000999720249752436,0.03216611127477197,
2025-09-15 06:10:36,ADAM_lr0.0003,ADAM,2,shakespeare_char,155,train_iter,2.48999285697937,0.000999720249752436,0.03208791894571554,2226.182222366333
2025-09-15 06:10:38,ADAM_lr0.0003,ADAM,2,shakespeare_char,156,train_eval,2.470996618270874,0.0009997099856394946,0.03208791894571554,
2025-09-15 06:10:38,ADAM_lr0.0003,ADAM,2,shakespeare_char,156,val_eval,2.4851555824279785,0.0009997099856394946,0.03208791894571554,
2025-09-15 06:10:38,ADAM_lr0.0003,ADAM,2,shakespeare_char,156,train_iter,2.4722652435302734,0.0009997099856394946,0.03207118632911841,2188.772678375244
2025-09-15 06:10:40,ADAM_lr0.0003,ADAM,2,shakespeare_char,157,train_eval,2.4756996631622314,0.0009996995366677653,0.03207118632911841,
2025-09-15 06:10:40,ADAM_lr0.0003,ADAM,2,shakespeare_char,157,val_eval,2.4834864139556885,0.0009996995366677653,0.03207118632911841,
2025-09-15 06:10:40,ADAM_lr0.0003,ADAM,2,shakespeare_char,157,train_iter,2.494154691696167,0.0009996995366677653,0.03170450739461488,2459.7220420837402
2025-09-15 06:10:42,ADAM_lr0.0003,ADAM,2,shakespeare_char,158,train_eval,2.484194755554199,0.000999688902841543,0.03170450739461488,
2025-09-15 06:10:42,ADAM_lr0.0003,ADAM,2,shakespeare_char,158,val_eval,2.4815354347229004,0.000999688902841543,0.03170450739461488,
2025-09-15 06:10:42,ADAM_lr0.0003,ADAM,2,shakespeare_char,158,train_iter,2.4860153198242188,0.000999688902841543,0.03249360798780747,1764.5161151885986
2025-09-15 06:10:45,ADAM_lr0.0003,ADAM,2,shakespeare_char,159,train_eval,2.476499319076538,0.000999678084165199,0.03249360798780747,
2025-09-15 06:10:45,ADAM_lr0.0003,ADAM,2,shakespeare_char,159,val_eval,2.486917495727539,0.000999678084165199,0.03249360798780747,
2025-09-15 06:10:45,ADAM_lr0.0003,ADAM,2,shakespeare_char,159,train_iter,2.492769956588745,0.000999678084165199,0.031976386175540356,2557.2242736816406
2025-09-15 06:10:47,ADAM_lr0.0003,ADAM,2,shakespeare_char,160,train_eval,2.478208065032959,0.0009996670806431804,0.031976386175540356,
2025-09-15 06:10:47,ADAM_lr0.0003,ADAM,2,shakespeare_char,160,val_eval,2.4961187839508057,0.0009996670806431804,0.031976386175540356,
2025-09-15 06:10:47,ADAM_lr0.0003,ADAM,2,shakespeare_char,160,train_iter,2.5313687324523926,0.0009996670806431804,0.03220174366758321,2041.1043167114258
2025-09-15 06:10:49,ADAM_lr0.0003,ADAM,2,shakespeare_char,161,train_eval,2.4818227291107178,0.0009996558922800104,0.03220174366758321,
2025-09-15 06:10:49,ADAM_lr0.0003,ADAM,2,shakespeare_char,161,val_eval,2.5092060565948486,0.0009996558922800104,0.03220174366758321,
2025-09-15 06:10:49,ADAM_lr0.0003,ADAM,2,shakespeare_char,161,train_iter,2.4761271476745605,0.0009996558922800104,0.03150695589487444,2766.583204269409
2025-09-15 06:10:52,ADAM_lr0.0003,ADAM,2,shakespeare_char,162,train_eval,2.4773366451263428,0.0009996445190802881,0.03150695589487444,
2025-09-15 06:10:52,ADAM_lr0.0003,ADAM,2,shakespeare_char,162,val_eval,2.4958488941192627,0.0009996445190802881,0.03150695589487444,
2025-09-15 06:10:52,ADAM_lr0.0003,ADAM,2,shakespeare_char,162,train_iter,2.4944214820861816,0.0009996445190802881,0.03107806681844675,2566.931962966919
2025-09-15 06:10:54,ADAM_lr0.0003,ADAM,2,shakespeare_char,163,train_eval,2.4725182056427,0.0009996329610486886,0.03107806681844675,
2025-09-15 06:10:54,ADAM_lr0.0003,ADAM,2,shakespeare_char,163,val_eval,2.4824817180633545,0.0009996329610486886,0.03107806681844675,
2025-09-15 06:10:54,ADAM_lr0.0003,ADAM,2,shakespeare_char,163,train_iter,2.5257530212402344,0.0009996329610486886,0.03202001459177702,1725.2137660980225
2025-09-15 06:10:56,ADAM_lr0.0003,ADAM,2,shakespeare_char,164,train_eval,2.4722330570220947,0.0009996212181899629,0.03202001459177702,
2025-09-15 06:10:56,ADAM_lr0.0003,ADAM,2,shakespeare_char,164,val_eval,2.48089599609375,0.0009996212181899629,0.03202001459177702,
2025-09-15 06:10:57,ADAM_lr0.0003,ADAM,2,shakespeare_char,164,train_iter,2.4733667373657227,0.0009996212181899629,0.030924143374948504,3317.312479019165
2025-09-15 06:11:00,ADAM_lr0.0003,ADAM,2,shakespeare_char,165,train_eval,2.4752347469329834,0.000999609290508938,0.030924143374948504,
2025-09-15 06:11:00,ADAM_lr0.0003,ADAM,2,shakespeare_char,165,val_eval,2.4811487197875977,0.000999609290508938,0.030924143374948504,
2025-09-15 06:11:00,ADAM_lr0.0003,ADAM,2,shakespeare_char,165,train_iter,2.4981026649475098,0.000999609290508938,0.030576647285131958,2545.318841934204
2025-09-15 06:11:03,ADAM_lr0.0003,ADAM,2,shakespeare_char,166,train_eval,2.478752374649048,0.000999597178010517,0.030576647285131958,
2025-09-15 06:11:03,ADAM_lr0.0003,ADAM,2,shakespeare_char,166,val_eval,2.4835259914398193,0.000999597178010517,0.030576647285131958,
2025-09-15 06:11:03,ADAM_lr0.0003,ADAM,2,shakespeare_char,166,train_iter,2.509920120239258,0.000999597178010517,0.029883002875668755,2955.428123474121
2025-09-15 06:11:04,ADAM_lr0.0003,ADAM,2,shakespeare_char,167,train_eval,2.4819440841674805,0.000999584880699679,0.029883002875668755,
2025-09-15 06:11:04,ADAM_lr0.0003,ADAM,2,shakespeare_char,167,val_eval,2.499667167663574,0.000999584880699679,0.029883002875668755,
2025-09-15 06:11:04,ADAM_lr0.0003,ADAM,2,shakespeare_char,167,train_iter,2.4534900188446045,0.000999584880699679,0.03206432519769494,1351.489782333374
2025-09-15 06:11:06,ADAM_lr0.0003,ADAM,2,shakespeare_char,168,train_eval,2.4802188873291016,0.0009995723985814788,0.03206432519769494,
2025-09-15 06:11:06,ADAM_lr0.0003,ADAM,2,shakespeare_char,168,val_eval,2.4985969066619873,0.0009995723985814788,0.03206432519769494,
2025-09-15 06:11:06,ADAM_lr0.0003,ADAM,2,shakespeare_char,168,train_iter,2.5122809410095215,0.0009995723985814788,0.03254664953702361,1894.0505981445312
2025-09-15 06:11:08,ADAM_lr0.0003,ADAM,2,shakespeare_char,169,train_eval,2.473588466644287,0.0009995597316610474,0.03254664953702361,
2025-09-15 06:11:08,ADAM_lr0.0003,ADAM,2,shakespeare_char,169,val_eval,2.48391056060791,0.0009995597316610474,0.03254664953702361,
2025-09-15 06:11:08,ADAM_lr0.0003,ADAM,2,shakespeare_char,169,train_iter,2.5045247077941895,0.0009995597316610474,0.031951621774156655,2626.934289932251
2025-09-15 06:11:11,ADAM_lr0.0003,ADAM,2,shakespeare_char,170,train_eval,2.4804739952087402,0.0009995468799435915,0.031951621774156655,
2025-09-15 06:11:11,ADAM_lr0.0003,ADAM,2,shakespeare_char,170,val_eval,2.4927890300750732,0.0009995468799435915,0.031951621774156655,
2025-09-15 06:11:11,ADAM_lr0.0003,ADAM,2,shakespeare_char,170,train_iter,2.4944369792938232,0.0009995468799435915,0.03168582145668334,2385.0560188293457
2025-09-15 06:11:14,ADAM_lr0.0003,ADAM,2,shakespeare_char,171,train_eval,2.4747588634490967,0.0009995338434343943,0.03168582145668334,
2025-09-15 06:11:14,ADAM_lr0.0003,ADAM,2,shakespeare_char,171,val_eval,2.497643232345581,0.0009995338434343943,0.03168582145668334,
2025-09-15 06:11:14,ADAM_lr0.0003,ADAM,2,shakespeare_char,171,train_iter,2.477597713470459,0.0009995338434343943,0.031076412200611605,2730.0586700439453
2025-09-15 06:11:16,ADAM_lr0.0003,ADAM,2,shakespeare_char,172,train_eval,2.476370334625244,0.0009995206221388145,0.031076412200611605,
2025-09-15 06:11:16,ADAM_lr0.0003,ADAM,2,shakespeare_char,172,val_eval,2.5073142051696777,0.0009995206221388145,0.031076412200611605,
2025-09-15 06:11:16,ADAM_lr0.0003,ADAM,2,shakespeare_char,172,train_iter,2.519317626953125,0.0009995206221388145,0.030623675532218633,2631.6170692443848
2025-09-15 06:11:18,ADAM_lr0.0003,ADAM,2,shakespeare_char,173,train_eval,2.4757556915283203,0.0009995072160622865,0.030623675532218633,
2025-09-15 06:11:18,ADAM_lr0.0003,ADAM,2,shakespeare_char,173,val_eval,2.509126663208008,0.0009995072160622865,0.030623675532218633,
2025-09-15 06:11:18,ADAM_lr0.0003,ADAM,2,shakespeare_char,173,train_iter,2.465461254119873,0.0009995072160622865,0.030701501468995092,2224.924087524414
2025-09-15 06:11:20,ADAM_lr0.0003,ADAM,2,shakespeare_char,174,train_eval,2.4796149730682373,0.0009994936252103218,0.030701501468995092,
2025-09-15 06:11:20,ADAM_lr0.0003,ADAM,2,shakespeare_char,174,val_eval,2.5154809951782227,0.0009994936252103218,0.030701501468995092,
2025-09-15 06:11:20,ADAM_lr0.0003,ADAM,2,shakespeare_char,174,train_iter,2.4601938724517822,0.0009994936252103218,0.03141760870892249,1845.2765941619873
2025-09-15 06:11:22,ADAM_lr0.0003,ADAM,2,shakespeare_char,175,train_eval,2.4806058406829834,0.0009994798495885063,0.03141760870892249,
2025-09-15 06:11:22,ADAM_lr0.0003,ADAM,2,shakespeare_char,175,val_eval,2.514580726623535,0.0009994798495885063,0.03141760870892249,
2025-09-15 06:11:22,ADAM_lr0.0003,ADAM,2,shakespeare_char,175,train_iter,2.5012736320495605,0.0009994798495885063,0.03180240538084239,1981.1649322509766
2025-09-15 06:11:25,ADAM_lr0.0003,ADAM,2,shakespeare_char,176,train_eval,2.477954626083374,0.000999465889202503,0.03180240538084239,
2025-09-15 06:11:25,ADAM_lr0.0003,ADAM,2,shakespeare_char,176,val_eval,2.505772352218628,0.000999465889202503,0.03180240538084239,
2025-09-15 06:11:25,ADAM_lr0.0003,ADAM,2,shakespeare_char,176,train_iter,2.482837677001953,0.000999465889202503,0.031064325262612304,2860.865354537964
2025-09-15 06:11:28,ADAM_lr0.0003,ADAM,2,shakespeare_char,177,train_eval,2.4785797595977783,0.0009994517440580508,0.031064325262612304,
2025-09-15 06:11:28,ADAM_lr0.0003,ADAM,2,shakespeare_char,177,val_eval,2.4986891746520996,0.0009994517440580508,0.031064325262612304,
2025-09-15 06:11:28,ADAM_lr0.0003,ADAM,2,shakespeare_char,177,train_iter,2.5196075439453125,0.0009994517440580508,0.030789852604029312,2467.0872688293457
2025-09-15 06:11:31,ADAM_lr0.0003,ADAM,2,shakespeare_char,178,train_eval,2.475055456161499,0.0009994374141609635,0.030789852604029312,
2025-09-15 06:11:31,ADAM_lr0.0003,ADAM,2,shakespeare_char,178,val_eval,2.4924123287200928,0.0009994374141609635,0.030789852604029312,
2025-09-15 06:11:31,ADAM_lr0.0003,ADAM,2,shakespeare_char,178,train_iter,2.5029947757720947,0.0009994374141609635,0.030026709194280212,3016.9124603271484
2025-09-15 06:11:33,ADAM_lr0.0003,ADAM,2,shakespeare_char,179,train_eval,2.473233222961426,0.0009994228995171322,0.030026709194280212,
2025-09-15 06:11:33,ADAM_lr0.0003,ADAM,2,shakespeare_char,179,val_eval,2.4938271045684814,0.0009994228995171322,0.030026709194280212,
2025-09-15 06:11:33,ADAM_lr0.0003,ADAM,2,shakespeare_char,179,train_iter,2.462897300720215,0.0009994228995171322,0.029630960242047904,2680.054187774658
2025-09-15 06:11:36,ADAM_lr0.0003,ADAM,2,shakespeare_char,180,train_eval,2.4902117252349854,0.000999408200132523,0.029630960242047904,
2025-09-15 06:11:36,ADAM_lr0.0003,ADAM,2,shakespeare_char,180,val_eval,2.5280683040618896,0.000999408200132523,0.029630960242047904,
2025-09-15 06:11:36,ADAM_lr0.0003,ADAM,2,shakespeare_char,180,train_iter,2.4892311096191406,0.000999408200132523,0.029077188953060874,2899.854898452759
2025-09-15 06:11:39,ADAM_lr0.0003,ADAM,2,shakespeare_char,181,train_eval,2.4845616817474365,0.0009993933160131784,0.029077188953060874,
2025-09-15 06:11:39,ADAM_lr0.0003,ADAM,2,shakespeare_char,181,val_eval,2.5343642234802246,0.0009993933160131784,0.029077188953060874,
2025-09-15 06:11:39,ADAM_lr0.0003,ADAM,2,shakespeare_char,181,train_iter,2.507532835006714,0.0009993933160131784,0.028702508884669808,2758.225440979004
2025-09-15 06:11:41,ADAM_lr0.0003,ADAM,2,shakespeare_char,182,train_eval,2.4915027618408203,0.0009993782471652167,0.028702508884669808,
2025-09-15 06:11:41,ADAM_lr0.0003,ADAM,2,shakespeare_char,182,val_eval,2.5152063369750977,0.0009993782471652167,0.028702508884669808,
2025-09-15 06:11:41,ADAM_lr0.0003,ADAM,2,shakespeare_char,182,train_iter,2.48830509185791,0.0009993782471652167,0.029617875125113484,1845.5886840820312
2025-09-15 06:11:43,ADAM_lr0.0003,ADAM,2,shakespeare_char,183,train_eval,2.4878652095794678,0.0009993629935948318,0.029617875125113484,
2025-09-15 06:11:43,ADAM_lr0.0003,ADAM,2,shakespeare_char,183,val_eval,2.515362024307251,0.0009993629935948318,0.029617875125113484,
2025-09-15 06:11:43,ADAM_lr0.0003,ADAM,2,shakespeare_char,183,train_iter,2.504718542098999,0.0009993629935948318,0.03036425766959987,1884.1347694396973
2025-09-15 06:11:45,ADAM_lr0.0003,ADAM,2,shakespeare_char,184,train_eval,2.48398756980896,0.0009993475553082944,0.03036425766959987,
2025-09-15 06:11:45,ADAM_lr0.0003,ADAM,2,shakespeare_char,184,val_eval,2.501791000366211,0.0009993475553082944,0.03036425766959987,
2025-09-15 06:11:45,ADAM_lr0.0003,ADAM,2,shakespeare_char,184,train_iter,2.522953510284424,0.0009993475553082944,0.030229184751008897,2408.080816268921
2025-09-15 06:11:47,ADAM_lr0.0003,ADAM,2,shakespeare_char,185,train_eval,2.4754483699798584,0.0009993319323119503,0.030229184751008897,
2025-09-15 06:11:47,ADAM_lr0.0003,ADAM,2,shakespeare_char,185,val_eval,2.49061918258667,0.0009993319323119503,0.030229184751008897,
2025-09-15 06:11:47,ADAM_lr0.0003,ADAM,2,shakespeare_char,185,train_iter,2.5127267837524414,0.0009993319323119503,0.030553619579478147,2087.228775024414
2025-09-15 06:11:49,ADAM_lr0.0003,ADAM,2,shakespeare_char,186,train_eval,2.4633965492248535,0.0009993161246122217,0.030553619579478147,
2025-09-15 06:11:49,ADAM_lr0.0003,ADAM,2,shakespeare_char,186,val_eval,2.481898546218872,0.0009993161246122217,0.030553619579478147,
2025-09-15 06:11:49,ADAM_lr0.0003,ADAM,2,shakespeare_char,186,train_iter,2.4405899047851562,0.0009993161246122217,0.03067003425763541,2202.7692794799805
2025-09-15 06:11:52,ADAM_lr0.0003,ADAM,2,shakespeare_char,187,train_eval,2.47178053855896,0.0009993001322156061,0.03067003425763541,
2025-09-15 06:11:52,ADAM_lr0.0003,ADAM,2,shakespeare_char,187,val_eval,2.489527702331543,0.0009993001322156061,0.03067003425763541,
2025-09-15 06:11:52,ADAM_lr0.0003,ADAM,2,shakespeare_char,187,train_iter,2.4819159507751465,0.0009993001322156061,0.03066026912149875,2285.295248031616
2025-09-15 06:11:54,ADAM_lr0.0003,ADAM,2,shakespeare_char,188,train_eval,2.4746499061584473,0.000999283955128678,0.03066026912149875,
2025-09-15 06:11:54,ADAM_lr0.0003,ADAM,2,shakespeare_char,188,val_eval,2.497077226638794,0.000999283955128678,0.03066026912149875,
2025-09-15 06:11:54,ADAM_lr0.0003,ADAM,2,shakespeare_char,188,train_iter,2.481030225753784,0.000999283955128678,0.03031409317696404,2568.777561187744
2025-09-15 06:11:56,ADAM_lr0.0003,ADAM,2,shakespeare_char,189,train_eval,2.473024845123291,0.000999267593358087,0.03031409317696404,
2025-09-15 06:11:56,ADAM_lr0.0003,ADAM,2,shakespeare_char,189,val_eval,2.4975998401641846,0.000999267593358087,0.03031409317696404,
2025-09-15 06:11:56,ADAM_lr0.0003,ADAM,2,shakespeare_char,189,train_iter,2.526522159576416,0.000999267593358087,0.032067758772265115,1460.1008892059326
2025-09-15 06:11:58,ADAM_lr0.0003,ADAM,2,shakespeare_char,190,train_eval,2.4721920490264893,0.0009992510469105584,0.032067758772265115,
2025-09-15 06:11:58,ADAM_lr0.0003,ADAM,2,shakespeare_char,190,val_eval,2.4955689907073975,0.0009992510469105584,0.032067758772265115,
2025-09-15 06:11:58,ADAM_lr0.0003,ADAM,2,shakespeare_char,190,train_iter,2.448975086212158,0.0009992510469105584,0.03199520551470201,2229.1626930236816
2025-09-15 06:12:00,ADAM_lr0.0003,ADAM,2,shakespeare_char,191,train_eval,2.466001510620117,0.000999234315792894,0.03199520551470201,
2025-09-15 06:12:00,ADAM_lr0.0003,ADAM,2,shakespeare_char,191,val_eval,2.496743679046631,0.000999234315792894,0.03199520551470201,
2025-09-15 06:12:00,ADAM_lr0.0003,ADAM,2,shakespeare_char,191,train_iter,2.480368137359619,0.000999234315792894,0.031730158277243084,2380.901575088501
2025-09-15 06:12:02,ADAM_lr0.0003,ADAM,2,shakespeare_char,192,train_eval,2.4661741256713867,0.0009992174000119718,0.031730158277243084,
2025-09-15 06:12:02,ADAM_lr0.0003,ADAM,2,shakespeare_char,192,val_eval,2.4927008152008057,0.0009992174000119718,0.031730158277243084,
2025-09-15 06:12:02,ADAM_lr0.0003,ADAM,2,shakespeare_char,192,train_iter,2.4797706604003906,0.0009992174000119718,0.03172342859864537,2206.5889835357666
2025-09-15 06:12:04,ADAM_lr0.0003,ADAM,2,shakespeare_char,193,train_eval,2.4638803005218506,0.0009992002995747448,0.03172342859864537,
2025-09-15 06:12:04,ADAM_lr0.0003,ADAM,2,shakespeare_char,193,val_eval,2.492335796356201,0.0009992002995747448,0.03172342859864537,
2025-09-15 06:12:04,ADAM_lr0.0003,ADAM,2,shakespeare_char,193,train_iter,2.45583438873291,0.0009992002995747448,0.032650380214124156,1704.364538192749
2025-09-15 06:12:06,ADAM_lr0.0003,ADAM,2,shakespeare_char,194,train_eval,2.466510772705078,0.0009991830144882423,0.032650380214124156,
2025-09-15 06:12:06,ADAM_lr0.0003,ADAM,2,shakespeare_char,194,val_eval,2.4828197956085205,0.0009991830144882423,0.032650380214124156,
2025-09-15 06:12:06,ADAM_lr0.0003,ADAM,2,shakespeare_char,194,train_iter,2.4562716484069824,0.0009991830144882423,0.033183260794968646,1839.6108150482178
2025-09-15 06:12:08,ADAM_lr0.0003,ADAM,2,shakespeare_char,195,train_eval,2.4657962322235107,0.0009991655447595697,0.033183260794968646,
2025-09-15 06:12:08,ADAM_lr0.0003,ADAM,2,shakespeare_char,195,val_eval,2.477177381515503,0.0009991655447595697,0.033183260794968646,
2025-09-15 06:12:09,ADAM_lr0.0003,ADAM,2,shakespeare_char,195,train_iter,2.4463138580322266,0.0009991655447595697,0.03200290942981233,3267.902135848999
2025-09-15 06:12:10,ADAM_lr0.0003,ADAM,2,shakespeare_char,196,train_eval,2.4736826419830322,0.0009991478903959082,0.03200290942981233,
2025-09-15 06:12:10,ADAM_lr0.0003,ADAM,2,shakespeare_char,196,val_eval,2.4797980785369873,0.0009991478903959082,0.03200290942981233,
2025-09-15 06:12:10,ADAM_lr0.0003,ADAM,2,shakespeare_char,196,train_iter,2.481308698654175,0.0009991478903959082,0.03458330483351951,1208.6267471313477
2025-09-15 06:12:12,ADAM_lr0.0003,ADAM,2,shakespeare_char,197,train_eval,2.4671285152435303,0.0009991300514045147,0.03458330483351951,
2025-09-15 06:12:12,ADAM_lr0.0003,ADAM,2,shakespeare_char,197,val_eval,2.4814999103546143,0.0009991300514045147,0.03458330483351951,
2025-09-15 06:12:12,ADAM_lr0.0003,ADAM,2,shakespeare_char,197,train_iter,2.504648208618164,0.0009991300514045147,0.03596291013497948,1444.1473484039307
2025-09-15 06:12:14,ADAM_lr0.0003,ADAM,2,shakespeare_char,198,train_eval,2.460994005203247,0.0009991120277927223,0.03596291013497948,
2025-09-15 06:12:14,ADAM_lr0.0003,ADAM,2,shakespeare_char,198,val_eval,2.475660800933838,0.0009991120277927223,0.03596291013497948,
2025-09-15 06:12:14,ADAM_lr0.0003,ADAM,2,shakespeare_char,198,train_iter,2.4898128509521484,0.0009991120277927223,0.03519952021288824,2466.2675857543945
2025-09-15 06:12:17,ADAM_lr0.0003,ADAM,2,shakespeare_char,199,train_eval,2.456801414489746,0.0009990938195679395,0.03519952021288824,
2025-09-15 06:12:17,ADAM_lr0.0003,ADAM,2,shakespeare_char,199,val_eval,2.486797571182251,0.0009990938195679395,0.03519952021288824,
2025-09-15 06:12:17,ADAM_lr0.0003,ADAM,2,shakespeare_char,199,train_iter,2.4851760864257812,0.0009990938195679395,0.03495074390360195,2135.8351707458496
2025-09-15 06:12:19,ADAM_lr0.0003,ADAM,2,shakespeare_char,200,train_eval,2.461862087249756,0.0009990754267376514,0.03495074390360195,
2025-09-15 06:12:19,ADAM_lr0.0003,ADAM,2,shakespeare_char,200,val_eval,2.4937381744384766,0.0009990754267376514,0.03495074390360195,
2025-09-15 06:12:28,ADAM_lr0.0003,ADAM,2,shakespeare_char,0,train_iter,4.265802383422852,9.900990099009901e-06,,197790.7838821411
2025-09-15 06:12:30,ADAM_lr0.0003,ADAM,2,shakespeare_char,10,train_eval,3.1129629611968994,0.0001089108910891089,,
2025-09-15 06:12:30,ADAM_lr0.0003,ADAM,2,shakespeare_char,10,val_eval,3.1392769813537598,0.0001089108910891089,,
2025-09-15 06:12:30,ADAM_lr0.0003,ADAM,2,shakespeare_char,10,train_iter,3.180933952331543,0.0001089108910891089,0.032008843594713426,2182.7380657196045
2025-09-15 06:12:33,ADAM_lr0.0003,ADAM,2,shakespeare_char,20,train_eval,2.7717652320861816,0.00020792079207920794,0.032008843594713426,
2025-09-15 06:12:33,ADAM_lr0.0003,ADAM,2,shakespeare_char,20,val_eval,2.7788050174713135,0.00020792079207920794,0.032008843594713426,
2025-09-15 06:12:33,ADAM_lr0.0003,ADAM,2,shakespeare_char,20,train_iter,2.806138038635254,0.00020792079207920794,0.031328780761973894,2771.5933322906494
2025-09-15 06:12:36,ADAM_lr0.0003,ADAM,2,shakespeare_char,30,train_eval,2.6302623748779297,0.00030693069306930693,0.031328780761973894,
2025-09-15 06:12:36,ADAM_lr0.0003,ADAM,2,shakespeare_char,30,val_eval,2.6334753036499023,0.00030693069306930693,0.031328780761973894,
2025-09-15 06:12:36,ADAM_lr0.0003,ADAM,2,shakespeare_char,30,train_iter,2.6617441177368164,0.00030693069306930693,0.030628524876777845,2872.0827102661133
2025-09-15 06:12:39,ADAM_lr0.0003,ADAM,2,shakespeare_char,40,train_eval,2.590083599090576,0.000405940594059406,0.030628524876777845,
2025-09-15 06:12:39,ADAM_lr0.0003,ADAM,2,shakespeare_char,40,val_eval,2.581319808959961,0.000405940594059406,0.030628524876777845,
2025-09-15 06:12:40,ADAM_lr0.0003,ADAM,2,shakespeare_char,40,train_iter,2.584005355834961,0.000405940594059406,0.029623909166011046,3394.503593444824
2025-09-15 06:12:42,ADAM_lr0.0003,ADAM,2,shakespeare_char,50,train_eval,2.5784170627593994,0.000504950495049505,0.029623909166011046,
2025-09-15 06:12:42,ADAM_lr0.0003,ADAM,2,shakespeare_char,50,val_eval,2.568645715713501,0.000504950495049505,0.029623909166011046,
2025-09-15 06:12:42,ADAM_lr0.0003,ADAM,2,shakespeare_char,50,train_iter,2.585991382598877,0.000504950495049505,0.029550188399800992,2418.6534881591797
2025-09-15 06:12:44,ADAM_lr0.0003,ADAM,2,shakespeare_char,60,train_eval,2.5505011081695557,0.000603960396039604,0.029550188399800992,
2025-09-15 06:12:44,ADAM_lr0.0003,ADAM,2,shakespeare_char,60,val_eval,2.5706145763397217,0.000603960396039604,0.029550188399800992,
2025-09-15 06:12:44,ADAM_lr0.0003,ADAM,2,shakespeare_char,60,train_iter,2.578408718109131,0.000603960396039604,0.030273798897057294,1899.2650508880615
2025-09-15 06:12:47,ADAM_lr0.0003,ADAM,2,shakespeare_char,70,train_eval,2.5356192588806152,0.000702970297029703,0.030273798897057294,
2025-09-15 06:12:47,ADAM_lr0.0003,ADAM,2,shakespeare_char,70,val_eval,2.547670841217041,0.000702970297029703,0.030273798897057294,
2025-09-15 06:12:47,ADAM_lr0.0003,ADAM,2,shakespeare_char,70,train_iter,2.5508575439453125,0.000702970297029703,0.029706804713069603,2839.6735191345215
2025-09-15 06:12:50,ADAM_lr0.0003,ADAM,2,shakespeare_char,80,train_eval,2.531172275543213,0.000801980198019802,0.029706804713069603,
2025-09-15 06:12:50,ADAM_lr0.0003,ADAM,2,shakespeare_char,80,val_eval,2.5226001739501953,0.000801980198019802,0.029706804713069603,
2025-09-15 06:12:51,ADAM_lr0.0003,ADAM,2,shakespeare_char,80,train_iter,2.5456035137176514,0.000801980198019802,0.028863153424535413,3284.7185134887695
2025-09-15 06:12:52,ADAM_lr0.0003,ADAM,2,shakespeare_char,90,train_eval,2.515022039413452,0.0009009900990099009,0.028863153424535413,
2025-09-15 06:12:52,ADAM_lr0.0003,ADAM,2,shakespeare_char,90,val_eval,2.5269196033477783,0.0009009900990099009,0.028863153424535413,
2025-09-15 06:12:52,ADAM_lr0.0003,ADAM,2,shakespeare_char,90,train_iter,2.5262012481689453,0.0009009900990099009,0.031955838101712195,1168.5385704040527
2025-09-15 06:12:53,ADAM_lr0.0003,ADAM,2,shakespeare_char,100,train_eval,2.547360420227051,0.001,0.031955838101712195,
2025-09-15 06:12:53,ADAM_lr0.0003,ADAM,2,shakespeare_char,100,val_eval,2.6001899242401123,0.001,0.031955838101712195,
2025-09-15 06:14:10,ADAM_lr0.001,ADAM,2,shakespeare_char,100,train_iter,2.5041658878326416,0.001,0.045299891413986736,220658.03289413452
2025-09-15 06:14:11,ADAM_lr0.001,ADAM,2,shakespeare_char,101,train_eval,2.5027153491973877,0.000999999907510999,0.045299891413986736,
2025-09-15 06:14:11,ADAM_lr0.001,ADAM,2,shakespeare_char,101,val_eval,2.5115151405334473,0.000999999907510999,0.045299891413986736,
2025-09-15 06:14:11,ADAM_lr0.001,ADAM,2,shakespeare_char,101,train_iter,2.5204100608825684,0.000999999907510999,0.04862390649388623,889.5707130432129
2025-09-15 06:14:11,ADAM_lr0.001,ADAM,2,shakespeare_char,102,train_eval,2.506669282913208,0.000999999630044034,0.04862390649388623,
2025-09-15 06:14:11,ADAM_lr0.001,ADAM,2,shakespeare_char,102,val_eval,2.5067269802093506,0.000999999630044034,0.04862390649388623,
2025-09-15 06:14:12,ADAM_lr0.001,ADAM,2,shakespeare_char,102,train_iter,2.5156524181365967,0.000999999630044034,0.048869729684746684,1367.73681640625
2025-09-15 06:14:14,ADAM_lr0.001,ADAM,2,shakespeare_char,103,train_eval,2.5052695274353027,0.0009999991675992191,0.048869729684746684,
2025-09-15 06:14:14,ADAM_lr0.001,ADAM,2,shakespeare_char,103,val_eval,2.514619827270508,0.0009999991675992191,0.048869729684746684,
2025-09-15 06:14:14,ADAM_lr0.001,ADAM,2,shakespeare_char,103,train_iter,2.4907422065734863,0.0009999991675992191,0.04825113232267268,1636.850357055664
2025-09-15 06:14:15,ADAM_lr0.001,ADAM,2,shakespeare_char,104,train_eval,2.5162177085876465,0.0009999985201767443,0.04825113232267268,
2025-09-15 06:14:15,ADAM_lr0.001,ADAM,2,shakespeare_char,104,val_eval,2.5379724502563477,0.0009999985201767443,0.04825113232267268,
2025-09-15 06:14:15,ADAM_lr0.001,ADAM,2,shakespeare_char,104,train_iter,2.5109410285949707,0.0009999985201767443,0.04915202688956821,1220.168113708496
2025-09-15 06:14:16,ADAM_lr0.001,ADAM,2,shakespeare_char,105,train_eval,2.522162675857544,0.000999997687776876,0.04915202688956821,
2025-09-15 06:14:16,ADAM_lr0.001,ADAM,2,shakespeare_char,105,val_eval,2.5543668270111084,0.000999997687776876,0.04915202688956821,
2025-09-15 06:14:16,ADAM_lr0.001,ADAM,2,shakespeare_char,105,train_iter,2.5055031776428223,0.000999997687776876,0.05025648995293267,1160.64453125
2025-09-15 06:14:17,ADAM_lr0.001,ADAM,2,shakespeare_char,106,train_eval,2.5060875415802,0.0009999966703999558,0.05025648995293267,
2025-09-15 06:14:17,ADAM_lr0.001,ADAM,2,shakespeare_char,106,val_eval,2.5252373218536377,0.0009999966703999558,0.05025648995293267,
2025-09-15 06:14:17,ADAM_lr0.001,ADAM,2,shakespeare_char,106,train_iter,2.4972004890441895,0.0009999966703999558,0.050202401329751296,1405.3318500518799
2025-09-15 06:14:19,ADAM_lr0.001,ADAM,2,shakespeare_char,107,train_eval,2.509694814682007,0.0009999954680464025,0.050202401329751296,
2025-09-15 06:14:19,ADAM_lr0.001,ADAM,2,shakespeare_char,107,val_eval,2.523564338684082,0.0009999954680464025,0.050202401329751296,
2025-09-15 06:14:19,ADAM_lr0.001,ADAM,2,shakespeare_char,107,train_iter,2.5160398483276367,0.0009999954680464025,0.05064315212023221,1279.3817520141602
2025-09-15 06:14:20,ADAM_lr0.001,ADAM,2,shakespeare_char,108,train_eval,2.5102288722991943,0.00099999408071671,0.05064315212023221,
2025-09-15 06:14:20,ADAM_lr0.001,ADAM,2,shakespeare_char,108,val_eval,2.520000696182251,0.00099999408071671,0.05064315212023221,
2025-09-15 06:14:20,ADAM_lr0.001,ADAM,2,shakespeare_char,108,train_iter,2.5223140716552734,0.00099999408071671,0.05325332886092333,910.3784561157227
2025-09-15 06:14:20,ADAM_lr0.001,ADAM,2,shakespeare_char,109,train_eval,2.5021331310272217,0.0009999925084114485,0.05325332886092333,
2025-09-15 06:14:20,ADAM_lr0.001,ADAM,2,shakespeare_char,109,val_eval,2.5142979621887207,0.0009999925084114485,0.05325332886092333,
2025-09-15 06:14:20,ADAM_lr0.001,ADAM,2,shakespeare_char,109,train_iter,2.4926793575286865,0.0009999925084114485,0.05583178534372459,883.967399597168
2025-09-15 06:14:21,ADAM_lr0.001,ADAM,2,shakespeare_char,110,train_eval,2.5241873264312744,0.0009999907511312647,0.05583178534372459,
2025-09-15 06:14:21,ADAM_lr0.001,ADAM,2,shakespeare_char,110,val_eval,2.5499908924102783,0.0009999907511312647,0.05583178534372459,
2025-09-15 06:14:21,ADAM_lr0.001,ADAM,2,shakespeare_char,110,train_iter,2.5455899238586426,0.0009999907511312647,0.05837684397090447,859.55810546875
2025-09-15 06:14:22,ADAM_lr0.001,ADAM,2,shakespeare_char,111,train_eval,2.5091745853424072,0.0009999888088768807,0.05837684397090447,
2025-09-15 06:14:22,ADAM_lr0.001,ADAM,2,shakespeare_char,111,val_eval,2.5206995010375977,0.0009999888088768807,0.05837684397090447,
2025-09-15 06:14:22,ADAM_lr0.001,ADAM,2,shakespeare_char,111,train_iter,2.5118913650512695,0.0009999888088768807,0.06063942633750713,862.5261783599854
2025-09-15 06:14:23,ADAM_lr0.001,ADAM,2,shakespeare_char,112,train_eval,2.514596939086914,0.000999986681649095,0.06063942633750713,
2025-09-15 06:14:23,ADAM_lr0.001,ADAM,2,shakespeare_char,112,val_eval,2.5155746936798096,0.000999986681649095,0.06063942633750713,
2025-09-15 06:14:23,ADAM_lr0.001,ADAM,2,shakespeare_char,112,train_iter,2.527193546295166,0.000999986681649095,0.061140107684588794,1064.2943382263184
2025-09-15 06:14:24,ADAM_lr0.0003,ADAM,2,shakespeare_char,200,train_iter,2.470951557159424,0.0009990754267376514,0.03151055803924451,127288.75494003296
2025-09-15 06:14:24,ADAM_lr0.001,ADAM,2,shakespeare_char,113,train_eval,2.503847122192383,0.0009999843694487819,0.061140107684588794,
2025-09-15 06:14:24,ADAM_lr0.001,ADAM,2,shakespeare_char,113,val_eval,2.5063092708587646,0.0009999843694487819,0.061140107684588794,
2025-09-15 06:14:25,ADAM_lr0.001,ADAM,2,shakespeare_char,113,train_iter,2.536302089691162,0.0009999843694487819,0.05898047293252321,1766.8254375457764
2025-09-15 06:14:26,ADAM_lr0.001,ADAM,2,shakespeare_char,114,train_eval,2.5032424926757812,0.000999981872276892,0.05898047293252321,
2025-09-15 06:14:26,ADAM_lr0.001,ADAM,2,shakespeare_char,114,val_eval,2.505505323410034,0.000999981872276892,0.05898047293252321,
2025-09-15 06:14:27,ADAM_lr0.001,ADAM,2,shakespeare_char,114,train_iter,2.5476012229919434,0.000999981872276892,0.05716224790912443,1712.4991416931152
2025-09-15 06:14:28,ADAM_lr0.001,ADAM,2,shakespeare_char,115,train_eval,2.498333692550659,0.0009999791901344516,0.05716224790912443,
2025-09-15 06:14:28,ADAM_lr0.001,ADAM,2,shakespeare_char,115,val_eval,2.5090014934539795,0.0009999791901344516,0.05716224790912443,
2025-09-15 06:14:28,ADAM_lr0.001,ADAM,2,shakespeare_char,115,train_iter,2.5016279220581055,0.0009999791901344516,0.05857629464188557,979.8634052276611
2025-09-15 06:14:29,ADAM_lr0.001,ADAM,2,shakespeare_char,116,train_eval,2.496502161026001,0.0009999763230225634,0.05857629464188557,
2025-09-15 06:14:29,ADAM_lr0.001,ADAM,2,shakespeare_char,116,val_eval,2.5173048973083496,0.0009999763230225634,0.05857629464188557,
2025-09-15 06:14:29,ADAM_lr0.001,ADAM,2,shakespeare_char,116,train_iter,2.5549662113189697,0.0009999763230225634,0.06079032401496306,865.5831813812256
2025-09-15 06:14:30,ADAM_lr0.001,ADAM,2,shakespeare_char,117,train_eval,2.507134199142456,0.0009999732709424058,0.06079032401496306,
2025-09-15 06:14:30,ADAM_lr0.001,ADAM,2,shakespeare_char,117,val_eval,2.52372670173645,0.0009999732709424058,0.06079032401496306,
2025-09-15 06:14:30,ADAM_lr0.001,ADAM,2,shakespeare_char,117,train_iter,2.493274688720703,0.0009999732709424058,0.06153806745447805,1023.4248638153076
2025-09-15 06:14:30,ADAM_lr0.001,ADAM,2,shakespeare_char,118,train_eval,2.5031659603118896,0.0009999700338952336,0.06153806745447805,
2025-09-15 06:14:30,ADAM_lr0.001,ADAM,2,shakespeare_char,118,val_eval,2.517695188522339,0.0009999700338952336,0.06153806745447805,
2025-09-15 06:14:30,ADAM_lr0.001,ADAM,2,shakespeare_char,118,train_iter,2.4964020252227783,0.0009999700338952336,0.06356877302161704,853.6479473114014
2025-09-15 06:14:31,ADAM_lr0.001,ADAM,2,shakespeare_char,119,train_eval,2.496528387069702,0.0009999666118823774,0.06356877302161704,
2025-09-15 06:14:31,ADAM_lr0.001,ADAM,2,shakespeare_char,119,val_eval,2.509165048599243,0.0009999666118823774,0.06356877302161704,
2025-09-15 06:14:31,ADAM_lr0.001,ADAM,2,shakespeare_char,119,train_iter,2.497671365737915,0.0009999666118823774,0.06532551811280797,861.1063957214355
2025-09-15 06:14:32,ADAM_lr0.001,ADAM,2,shakespeare_char,120,train_eval,2.4996352195739746,0.0009999630049052437,0.06532551811280797,
2025-09-15 06:14:32,ADAM_lr0.001,ADAM,2,shakespeare_char,120,val_eval,2.52020263671875,0.0009999630049052437,0.06532551811280797,
2025-09-15 06:14:32,ADAM_lr0.001,ADAM,2,shakespeare_char,120,train_iter,2.5059237480163574,0.0009999630049052437,0.06527549089559662,1077.7733325958252
2025-09-15 06:14:33,ADAM_lr0.001,ADAM,2,shakespeare_char,121,train_eval,2.504981279373169,0.0009999592129653152,0.06527549089559662,
2025-09-15 06:14:33,ADAM_lr0.001,ADAM,2,shakespeare_char,121,val_eval,2.5258493423461914,0.0009999592129653152,0.06527549089559662,
2025-09-15 06:14:33,ADAM_lr0.001,ADAM,2,shakespeare_char,121,train_iter,2.505652904510498,0.0009999592129653152,0.06578293605888696,993.1340217590332
2025-09-15 06:14:34,ADAM_lr0.001,ADAM,2,shakespeare_char,122,train_eval,2.4953536987304688,0.0009999552360641507,0.06578293605888696,
2025-09-15 06:14:34,ADAM_lr0.001,ADAM,2,shakespeare_char,122,val_eval,2.5204296112060547,0.0009999552360641507,0.06578293605888696,
2025-09-15 06:14:34,ADAM_lr0.001,ADAM,2,shakespeare_char,122,train_iter,2.5597281455993652,0.0009999552360641507,0.06703092318237837,892.7218914031982
2025-09-15 06:14:35,ADAM_lr0.001,ADAM,2,shakespeare_char,0,train_eval,4.270771503448486,9.900990099009901e-06,,
2025-09-15 06:14:35,ADAM_lr0.001,ADAM,2,shakespeare_char,0,val_eval,4.269772529602051,9.900990099009901e-06,,
2025-09-15 06:14:35,ADAM_lr0.001,ADAM,2,shakespeare_char,123,train_eval,2.4913711547851562,0.000999951074203385,0.06703092318237837,
2025-09-15 06:14:35,ADAM_lr0.001,ADAM,2,shakespeare_char,123,val_eval,2.505983829498291,0.000999951074203385,0.06703092318237837,
2025-09-15 06:14:35,ADAM_lr0.001,ADAM,2,shakespeare_char,123,train_iter,2.5442183017730713,0.000999951074203385,0.06840181814664671,865.3335571289062
2025-09-15 06:14:36,ADAM_lr0.001,ADAM,2,shakespeare_char,124,train_eval,2.498990058898926,0.0009999467273847289,0.06840181814664671,
2025-09-15 06:14:36,ADAM_lr0.001,ADAM,2,shakespeare_char,124,val_eval,2.5087132453918457,0.0009999467273847289,0.06840181814664671,
2025-09-15 06:14:36,ADAM_lr0.001,ADAM,2,shakespeare_char,124,train_iter,2.5082895755767822,0.0009999467273847289,0.0694311153202642,887.8214359283447
2025-09-15 06:14:37,ADAM_lr0.001,ADAM,2,shakespeare_char,125,train_eval,2.500450372695923,0.000999942195609969,0.0694311153202642,
2025-09-15 06:14:37,ADAM_lr0.001,ADAM,2,shakespeare_char,125,val_eval,2.506530523300171,0.000999942195609969,0.0694311153202642,
2025-09-15 06:14:37,ADAM_lr0.001,ADAM,2,shakespeare_char,125,train_iter,2.4968390464782715,0.000999942195609969,0.07053153202543598,868.6103820800781
2025-09-15 06:14:38,ADAM_lr0.001,ADAM,2,shakespeare_char,126,train_eval,2.492091178894043,0.0009999374788809685,0.07053153202543598,
2025-09-15 06:14:38,ADAM_lr0.001,ADAM,2,shakespeare_char,126,val_eval,2.505764961242676,0.0009999374788809685,0.07053153202543598,
2025-09-15 06:14:38,ADAM_lr0.001,ADAM,2,shakespeare_char,126,train_iter,2.5427775382995605,0.0009999374788809685,0.07135059336753356,887.5129222869873
2025-09-15 06:14:39,ADAM_lr0.001,ADAM,2,shakespeare_char,127,train_eval,2.4901010990142822,0.0009999325771996657,0.07135059336753356,
2025-09-15 06:14:39,ADAM_lr0.001,ADAM,2,shakespeare_char,127,val_eval,2.5134453773498535,0.0009999325771996657,0.07135059336753356,
2025-09-15 06:14:39,ADAM_lr0.001,ADAM,2,shakespeare_char,127,train_iter,2.48073673248291,0.0009999325771996657,0.07227669487355437,866.7104244232178
2025-09-15 06:14:39,ADAM_lr0.001,ADAM,2,shakespeare_char,128,train_eval,2.4957125186920166,0.0009999274905680762,0.07227669487355437,
2025-09-15 06:14:39,ADAM_lr0.001,ADAM,2,shakespeare_char,128,val_eval,2.5169832706451416,0.0009999274905680762,0.07227669487355437,
2025-09-15 06:14:40,ADAM_lr0.001,ADAM,2,shakespeare_char,128,train_iter,2.51810884475708,0.0009999274905680762,0.07303635622761874,874.7217655181885
2025-09-15 06:14:40,ADAM_lr0.001,ADAM,2,shakespeare_char,129,train_eval,2.492422580718994,0.0009999222189882903,0.07303635622761874,
2025-09-15 06:14:40,ADAM_lr0.001,ADAM,2,shakespeare_char,129,val_eval,2.502192735671997,0.0009999222189882903,0.07303635622761874,
2025-09-15 06:14:41,ADAM_lr0.001,ADAM,2,shakespeare_char,129,train_iter,2.466494083404541,0.0009999222189882903,0.06995703697463174,1653.9225578308105
2025-09-15 06:14:43,ADAM_lr0.001,ADAM,2,shakespeare_char,130,train_eval,2.4941608905792236,0.0009999167624624755,0.06995703697463174,
2025-09-15 06:14:43,ADAM_lr0.001,ADAM,2,shakespeare_char,130,val_eval,2.4929544925689697,0.0009999167624624755,0.06995703697463174,
2025-09-15 06:14:43,ADAM_lr0.001,ADAM,2,shakespeare_char,130,train_iter,2.4873263835906982,0.0009999167624624755,0.06662111491778494,1909.0461730957031
2025-09-15 06:14:44,ADAM_lr0.001,ADAM,2,shakespeare_char,131,train_eval,2.492879867553711,0.0009999111209928744,0.06662111491778494,
2025-09-15 06:14:44,ADAM_lr0.001,ADAM,2,shakespeare_char,131,val_eval,2.5032830238342285,0.0009999111209928744,0.06662111491778494,
2025-09-15 06:14:44,ADAM_lr0.001,ADAM,2,shakespeare_char,131,train_iter,2.4522829055786133,0.0009999111209928744,0.06518892380195783,1335.9079360961914
2025-09-15 06:14:46,ADAM_lr0.001,ADAM,2,shakespeare_char,132,train_eval,2.4987709522247314,0.000999905294581806,0.06518892380195783,
2025-09-15 06:14:46,ADAM_lr0.001,ADAM,2,shakespeare_char,132,val_eval,2.5119407176971436,0.000999905294581806,0.06518892380195783,
2025-09-15 06:14:46,ADAM_lr0.001,ADAM,2,shakespeare_char,132,train_iter,2.5082201957702637,0.000999905294581806,0.06406218196800265,1295.71533203125
2025-09-15 06:14:47,ADAM_lr0.001,ADAM,2,shakespeare_char,133,train_eval,2.486448049545288,0.0009998992832316654,0.06406218196800265,
2025-09-15 06:14:47,ADAM_lr0.001,ADAM,2,shakespeare_char,133,val_eval,2.4995357990264893,0.0009998992832316654,0.06406218196800265,
2025-09-15 06:14:47,ADAM_lr0.001,ADAM,2,shakespeare_char,133,train_iter,2.5034165382385254,0.0009998992832316654,0.0637558690118139,1145.3771591186523
2025-09-15 06:14:48,ADAM_lr0.001,ADAM,2,shakespeare_char,134,train_eval,2.496830940246582,0.0009998930869449237,0.0637558690118139,
2025-09-15 06:14:48,ADAM_lr0.001,ADAM,2,shakespeare_char,134,val_eval,2.4982757568359375,0.0009998930869449237,0.0637558690118139,
2025-09-15 06:14:48,ADAM_lr0.001,ADAM,2,shakespeare_char,134,train_iter,2.5288400650024414,0.0009998930869449237,0.06526482174552502,886.1255645751953
2025-09-15 06:14:49,ADAM_lr0.001,ADAM,2,shakespeare_char,135,train_eval,2.495074510574341,0.000999886705724128,0.06526482174552502,
2025-09-15 06:14:49,ADAM_lr0.001,ADAM,2,shakespeare_char,135,val_eval,2.5086543560028076,0.000999886705724128,0.06526482174552502,
2025-09-15 06:14:49,ADAM_lr0.001,ADAM,2,shakespeare_char,135,train_iter,2.4748313426971436,0.000999886705724128,0.06680315207245857,866.3179874420166
2025-09-15 06:14:49,ADAM_lr0.001,ADAM,2,shakespeare_char,136,train_eval,2.4952139854431152,0.0009998801395719012,0.06680315207245857,
2025-09-15 06:14:49,ADAM_lr0.001,ADAM,2,shakespeare_char,136,val_eval,2.507762908935547,0.0009998801395719012,0.06680315207245857,
2025-09-15 06:14:49,ADAM_lr0.001,ADAM,2,shakespeare_char,136,train_iter,2.491133451461792,0.0009998801395719012,0.06829617961376633,854.8145294189453
2025-09-15 06:14:50,ADAM_lr0.001,ADAM,2,shakespeare_char,137,train_eval,2.4791336059570312,0.0009998733884909424,0.06829617961376633,
2025-09-15 06:14:50,ADAM_lr0.001,ADAM,2,shakespeare_char,137,val_eval,2.503109931945801,0.0009998733884909424,0.06829617961376633,
2025-09-15 06:14:50,ADAM_lr0.001,ADAM,2,shakespeare_char,137,train_iter,2.463505506515503,0.0009998733884909424,0.06967980055864033,850.6622314453125
2025-09-15 06:14:51,ADAM_lr0.001,ADAM,2,shakespeare_char,138,train_eval,2.487301826477051,0.0009998664524840269,0.06967980055864033,
2025-09-15 06:14:51,ADAM_lr0.001,ADAM,2,shakespeare_char,138,val_eval,2.512852430343628,0.0009998664524840269,0.06967980055864033,
2025-09-15 06:14:51,ADAM_lr0.001,ADAM,2,shakespeare_char,138,train_iter,2.5003185272216797,0.0009998664524840269,0.0705430538609037,892.1573162078857
2025-09-15 06:14:53,ADAM_lr0.001,ADAM,2,shakespeare_char,139,train_eval,2.4917283058166504,0.0009998593315540057,0.0705430538609037,
2025-09-15 06:14:53,ADAM_lr0.001,ADAM,2,shakespeare_char,139,val_eval,2.520634651184082,0.0009998593315540057,0.0705430538609037,
2025-09-15 06:14:53,ADAM_lr0.001,ADAM,2,shakespeare_char,139,train_iter,2.5183277130126953,0.0009998593315540057,0.06835310287742109,1436.3040924072266
2025-09-15 06:14:53,ADAM_lr0.0003,ADAM,2,shakespeare_char,100,train_iter,2.5212085247039795,0.001,0.028818151145028365,120674.81589317322
2025-09-15 06:14:53,ADAM_lr0.001,ADAM,2,shakespeare_char,140,train_eval,2.492241621017456,0.000999852025703806,0.06835310287742109,
2025-09-15 06:14:53,ADAM_lr0.001,ADAM,2,shakespeare_char,140,val_eval,2.523655891418457,0.000999852025703806,0.06835310287742109,
2025-09-15 06:14:53,ADAM_lr0.001,ADAM,2,shakespeare_char,140,train_iter,2.47878360748291,0.000999852025703806,0.06968954445320912,854.9809455871582
2025-09-15 06:14:54,ADAM_lr0.001,ADAM,2,shakespeare_char,0,train_iter,4.265802383422852,9.900990099009901e-06,,22929.948806762695
2025-09-15 06:14:54,ADAM_lr0.001,ADAM,2,shakespeare_char,141,train_eval,2.4824533462524414,0.0009998445349364308,0.06968954445320912,
2025-09-15 06:14:54,ADAM_lr0.001,ADAM,2,shakespeare_char,141,val_eval,2.513049602508545,0.0009998445349364308,0.06968954445320912,
2025-09-15 06:14:54,ADAM_lr0.001,ADAM,2,shakespeare_char,141,train_iter,2.468925952911377,0.0009998445349364308,0.07281593765712484,692.070484161377
2025-09-15 06:14:54,ADAM_lr0.0003,ADAM,2,shakespeare_char,110,train_eval,2.5071332454681396,0.0009999907511312647,0.028818151145028365,
2025-09-15 06:14:54,ADAM_lr0.0003,ADAM,2,shakespeare_char,110,val_eval,2.5172019004821777,0.0009999907511312647,0.028818151145028365,
2025-09-15 06:14:55,ADAM_lr0.0003,ADAM,2,shakespeare_char,110,train_iter,2.5494937896728516,0.0009999907511312647,0.029518873469284425,1950.2077102661133
2025-09-15 06:14:55,ADAM_lr0.001,ADAM,2,shakespeare_char,142,train_eval,2.4811441898345947,0.0009998368592549595,0.07281593765712484,
2025-09-15 06:14:55,ADAM_lr0.001,ADAM,2,shakespeare_char,142,val_eval,2.4996161460876465,0.0009998368592549595,0.07281593765712484,
2025-09-15 06:14:55,ADAM_lr0.001,ADAM,2,shakespeare_char,142,train_iter,2.457923412322998,0.0009998368592549595,0.07556883306559,696.26784324646
2025-09-15 06:14:56,ADAM_lr0.001,ADAM,2,shakespeare_char,143,train_eval,2.476726770401001,0.000999828998662547,0.07556883306559,
2025-09-15 06:14:56,ADAM_lr0.001,ADAM,2,shakespeare_char,143,val_eval,2.4881691932678223,0.000999828998662547,0.07556883306559,
2025-09-15 06:14:56,ADAM_lr0.001,ADAM,2,shakespeare_char,143,train_iter,2.5281596183776855,0.000999828998662547,0.07453414126028811,1071.218490600586
2025-09-15 06:14:56,ADAM_lr0.001,ADAM,2,shakespeare_char,10,train_eval,3.1130075454711914,0.0001089108910891089,,
2025-09-15 06:14:56,ADAM_lr0.001,ADAM,2,shakespeare_char,10,val_eval,3.1393086910247803,0.0001089108910891089,,
2025-09-15 06:14:56,ADAM_lr0.001,ADAM,2,shakespeare_char,10,train_iter,3.180872917175293,0.0001089108910891089,0.0339490618522458,2057.992696762085
2025-09-15 06:14:57,ADAM_lr0.0003,ADAM,2,shakespeare_char,120,train_eval,2.50866961479187,0.0009999630049052437,0.029518873469284425,
2025-09-15 06:14:57,ADAM_lr0.0003,ADAM,2,shakespeare_char,120,val_eval,2.5256528854370117,0.0009999630049052437,0.029518873469284425,
2025-09-15 06:14:57,ADAM_lr0.001,ADAM,2,shakespeare_char,144,train_eval,2.483691930770874,0.000999820953162425,0.07453414126028811,
2025-09-15 06:14:57,ADAM_lr0.001,ADAM,2,shakespeare_char,144,val_eval,2.4900155067443848,0.000999820953162425,0.07453414126028811,
2025-09-15 06:14:57,ADAM_lr0.0003,ADAM,2,shakespeare_char,120,train_iter,2.5343427658081055,0.0009999630049052437,0.030463931827830422,1792.8636074066162
2025-09-15 06:14:57,ADAM_lr0.001,ADAM,2,shakespeare_char,144,train_iter,2.4716405868530273,0.000999820953162425,0.0762409578162717,762.7201080322266
2025-09-15 06:14:57,ADAM_lr0.001,ADAM,2,shakespeare_char,145,train_eval,2.487595796585083,0.0009998127227579003,0.0762409578162717,
2025-09-15 06:14:57,ADAM_lr0.001,ADAM,2,shakespeare_char,145,val_eval,2.491224765777588,0.0009998127227579003,0.0762409578162717,
2025-09-15 06:14:57,ADAM_lr0.001,ADAM,2,shakespeare_char,145,train_iter,2.4684648513793945,0.0009998127227579003,0.07864377701180064,696.793794631958
2025-09-15 06:14:58,ADAM_lr0.001,ADAM,2,shakespeare_char,146,train_eval,2.477707624435425,0.000999804307452356,0.07864377701180064,
2025-09-15 06:14:58,ADAM_lr0.001,ADAM,2,shakespeare_char,146,val_eval,2.4815621376037598,0.000999804307452356,0.07864377701180064,
2025-09-15 06:14:58,ADAM_lr0.001,ADAM,2,shakespeare_char,20,train_eval,2.7717087268829346,0.00020792079207920794,0.0339490618522458,
2025-09-15 06:14:58,ADAM_lr0.001,ADAM,2,shakespeare_char,20,val_eval,2.7787537574768066,0.00020792079207920794,0.0339490618522458,
2025-09-15 06:14:58,ADAM_lr0.001,ADAM,2,shakespeare_char,146,train_iter,2.48463773727417,0.000999804307452356,0.07768076847042177,1012.3631954193115
2025-09-15 06:14:59,ADAM_lr0.0003,ADAM,2,shakespeare_char,130,train_eval,2.505080223083496,0.0009999167624624755,0.030463931827830422,
2025-09-15 06:14:59,ADAM_lr0.0003,ADAM,2,shakespeare_char,130,val_eval,2.530832290649414,0.0009999167624624755,0.030463931827830422,
2025-09-15 06:14:59,ADAM_lr0.0003,ADAM,2,shakespeare_char,130,train_iter,2.5651683807373047,0.0009999167624624755,0.03130873279639552,1795.51362991333
2025-09-15 06:14:59,ADAM_lr0.001,ADAM,2,shakespeare_char,20,train_iter,2.806100368499756,0.00020792079207920794,0.033586451256229846,2304.093360900879
2025-09-15 06:14:59,ADAM_lr0.001,ADAM,2,shakespeare_char,147,train_eval,2.479595422744751,0.0009997957072492515,0.07768076847042177,
2025-09-15 06:14:59,ADAM_lr0.001,ADAM,2,shakespeare_char,147,val_eval,2.4866108894348145,0.0009997957072492515,0.07768076847042177,
2025-09-15 06:14:59,ADAM_lr0.001,ADAM,2,shakespeare_char,147,train_iter,2.4841630458831787,0.0009997957072492515,0.07909330913748755,761.0263824462891
2025-09-15 06:15:00,ADAM_lr0.001,ADAM,2,shakespeare_char,148,train_eval,2.483415365219116,0.0009997869221521221,0.07909330913748755,
2025-09-15 06:15:00,ADAM_lr0.001,ADAM,2,shakespeare_char,148,val_eval,2.497285842895508,0.0009997869221521221,0.07909330913748755,
2025-09-15 06:15:00,ADAM_lr0.001,ADAM,2,shakespeare_char,148,train_iter,2.4681520462036133,0.0009997869221521221,0.08108089680711794,705.9462070465088
2025-09-15 06:15:01,ADAM_lr0.001,ADAM,2,shakespeare_char,149,train_eval,2.4942476749420166,0.0009997779521645793,0.08108089680711794,
2025-09-15 06:15:01,ADAM_lr0.001,ADAM,2,shakespeare_char,149,val_eval,2.5144948959350586,0.0009997779521645793,0.08108089680711794,
2025-09-15 06:15:01,ADAM_lr0.001,ADAM,2,shakespeare_char,149,train_iter,2.4996137619018555,0.0009997779521645793,0.08289229869022674,704.3397426605225
2025-09-15 06:15:01,ADAM_lr0.0003,ADAM,2,shakespeare_char,140,train_eval,2.493454694747925,0.000999852025703806,0.03130873279639552,
2025-09-15 06:15:01,ADAM_lr0.0003,ADAM,2,shakespeare_char,140,val_eval,2.495389938354492,0.000999852025703806,0.03130873279639552,
2025-09-15 06:15:01,ADAM_lr0.001,ADAM,2,shakespeare_char,30,train_eval,2.630312919616699,0.00030693069306930693,0.033586451256229846,
2025-09-15 06:15:01,ADAM_lr0.001,ADAM,2,shakespeare_char,30,val_eval,2.6334991455078125,0.00030693069306930693,0.033586451256229846,
2025-09-15 06:15:01,ADAM_lr0.0003,ADAM,2,shakespeare_char,140,train_iter,2.508282423019409,0.000999852025703806,0.03145190091066367,2133.9657306671143
2025-09-15 06:15:01,ADAM_lr0.001,ADAM,2,shakespeare_char,150,train_eval,2.488027572631836,0.0009997687972903096,0.08289229869022674,
2025-09-15 06:15:01,ADAM_lr0.001,ADAM,2,shakespeare_char,150,val_eval,2.517725944519043,0.0009997687972903096,0.08289229869022674,
2025-09-15 06:15:01,ADAM_lr0.001,ADAM,2,shakespeare_char,150,train_iter,2.4995293617248535,0.0009997687972903096,0.08459368337869935,699.3255615234375
2025-09-15 06:15:02,ADAM_lr0.001,ADAM,2,shakespeare_char,30,train_iter,2.6615772247314453,0.00030693069306930693,0.032928682686835194,2586.8239402770996
2025-09-15 06:15:02,ADAM_lr0.001,ADAM,2,shakespeare_char,151,train_eval,2.49184513092041,0.0009997594575330766,0.08459368337869935,
2025-09-15 06:15:02,ADAM_lr0.001,ADAM,2,shakespeare_char,151,val_eval,2.520878553390503,0.0009997594575330766,0.08459368337869935,
2025-09-15 06:15:02,ADAM_lr0.001,ADAM,2,shakespeare_char,151,train_iter,2.48103666305542,0.0009997594575330766,0.0859689169306787,710.4194164276123
2025-09-15 06:15:03,ADAM_lr0.001,ADAM,2,shakespeare_char,152,train_eval,2.4737164974212646,0.0009997499328967194,0.0859689169306787,
2025-09-15 06:15:03,ADAM_lr0.001,ADAM,2,shakespeare_char,152,val_eval,2.5045180320739746,0.0009997499328967194,0.0859689169306787,
2025-09-15 06:15:03,ADAM_lr0.001,ADAM,2,shakespeare_char,152,train_iter,2.475821018218994,0.0009997499328967194,0.08738770645161043,697.5753307342529
2025-09-15 06:15:03,ADAM_lr0.0003,ADAM,2,shakespeare_char,150,train_eval,2.491828203201294,0.0009997687972903096,0.03145190091066367,
2025-09-15 06:15:03,ADAM_lr0.0003,ADAM,2,shakespeare_char,150,val_eval,2.521641492843628,0.0009997687972903096,0.03145190091066367,
2025-09-15 06:15:03,ADAM_lr0.0003,ADAM,2,shakespeare_char,150,train_iter,2.4846930503845215,0.0009997687972903096,0.03234043811122429,1732.0685386657715
2025-09-15 06:15:03,ADAM_lr0.001,ADAM,2,shakespeare_char,153,train_eval,2.4809515476226807,0.0009997402233851535,0.08738770645161043,
2025-09-15 06:15:03,ADAM_lr0.001,ADAM,2,shakespeare_char,153,val_eval,2.5084590911865234,0.0009997402233851535,0.08738770645161043,
2025-09-15 06:15:03,ADAM_lr0.001,ADAM,2,shakespeare_char,153,train_iter,2.4988062381744385,0.0009997402233851535,0.08849695939057987,709.4511985778809
2025-09-15 06:15:04,ADAM_lr0.001,ADAM,2,shakespeare_char,40,train_eval,2.590071439743042,0.000405940594059406,0.032928682686835194,
2025-09-15 06:15:04,ADAM_lr0.001,ADAM,2,shakespeare_char,40,val_eval,2.581294298171997,0.000405940594059406,0.032928682686835194,
2025-09-15 06:15:04,ADAM_lr0.001,ADAM,2,shakespeare_char,154,train_eval,2.4949686527252197,0.00099973032900237,0.08849695939057987,
2025-09-15 06:15:04,ADAM_lr0.001,ADAM,2,shakespeare_char,154,val_eval,2.5243566036224365,0.00099973032900237,0.08849695939057987,
2025-09-15 06:15:04,ADAM_lr0.001,ADAM,2,shakespeare_char,154,train_iter,2.48771333694458,0.00099973032900237,0.0895619591219789,704.6804428100586
2025-09-15 06:15:04,ADAM_lr0.001,ADAM,2,shakespeare_char,40,train_iter,2.584042549133301,0.000405940594059406,0.03256555261209003,2384.7496509552
2025-09-15 06:15:05,ADAM_lr0.0003,ADAM,2,shakespeare_char,160,train_eval,2.487327814102173,0.0009996670806431804,0.03234043811122429,
2025-09-15 06:15:05,ADAM_lr0.0003,ADAM,2,shakespeare_char,160,val_eval,2.512463331222534,0.0009996670806431804,0.03234043811122429,
2025-09-15 06:15:05,ADAM_lr0.0003,ADAM,2,shakespeare_char,160,train_iter,2.4843766689300537,0.0009996670806431804,0.03316113419846494,1723.0925559997559
2025-09-15 06:15:05,ADAM_lr0.001,ADAM,2,shakespeare_char,155,train_eval,2.4824635982513428,0.000999720249752436,0.0895619591219789,
2025-09-15 06:15:05,ADAM_lr0.001,ADAM,2,shakespeare_char,155,val_eval,2.505370855331421,0.000999720249752436,0.0895619591219789,
2025-09-15 06:15:05,ADAM_lr0.001,ADAM,2,shakespeare_char,155,train_iter,2.4901654720306396,0.000999720249752436,0.09054980338804573,702.6009559631348
2025-09-15 06:15:05,ADAM_lr0.001,ADAM,2,shakespeare_char,156,train_eval,2.4714603424072266,0.0009997099856394946,0.09054980338804573,
2025-09-15 06:15:05,ADAM_lr0.001,ADAM,2,shakespeare_char,156,val_eval,2.485745429992676,0.0009997099856394946,0.09054980338804573,
2025-09-15 06:15:06,ADAM_lr0.001,ADAM,2,shakespeare_char,156,train_iter,2.4723048210144043,0.0009997099856394946,0.09155921219126391,694.1993236541748
2025-09-15 06:15:06,ADAM_lr0.001,ADAM,2,shakespeare_char,157,train_eval,2.4759469032287598,0.0009996995366677653,0.09155921219126391,
2025-09-15 06:15:06,ADAM_lr0.001,ADAM,2,shakespeare_char,157,val_eval,2.4838075637817383,0.0009996995366677653,0.09155921219126391,
2025-09-15 06:15:06,ADAM_lr0.001,ADAM,2,shakespeare_char,157,train_iter,2.494326591491699,0.0009996995366677653,0.09234181372468715,702.9910087585449
2025-09-15 06:15:06,ADAM_lr0.001,ADAM,2,shakespeare_char,50,train_eval,2.5783779621124268,0.000504950495049505,0.03256555261209003,
2025-09-15 06:15:06,ADAM_lr0.001,ADAM,2,shakespeare_char,50,val_eval,2.5686185359954834,0.000504950495049505,0.03256555261209003,
2025-09-15 06:15:07,ADAM_lr0.0003,ADAM,2,shakespeare_char,170,train_eval,2.4708380699157715,0.0009995468799435915,0.03316113419846494,
2025-09-15 06:15:07,ADAM_lr0.0003,ADAM,2,shakespeare_char,170,val_eval,2.498464584350586,0.0009995468799435915,0.03316113419846494,
2025-09-15 06:15:07,ADAM_lr0.0003,ADAM,2,shakespeare_char,170,train_iter,2.4779140949249268,0.0009995468799435915,0.03375458606025015,1787.076473236084
2025-09-15 06:15:07,ADAM_lr0.001,ADAM,2,shakespeare_char,50,train_iter,2.585829734802246,0.000504950495049505,0.032189146213036965,2425.809383392334
2025-09-15 06:15:07,ADAM_lr0.001,ADAM,2,shakespeare_char,158,train_eval,2.4848151206970215,0.000999688902841543,0.09234181372468715,
2025-09-15 06:15:07,ADAM_lr0.001,ADAM,2,shakespeare_char,158,val_eval,2.4821951389312744,0.000999688902841543,0.09234181372468715,
2025-09-15 06:15:07,ADAM_lr0.001,ADAM,2,shakespeare_char,158,train_iter,2.486785650253296,0.000999688902841543,0.09313821969541505,696.5386867523193
2025-09-15 06:15:08,ADAM_lr0.001,ADAM,2,shakespeare_char,159,train_eval,2.476820707321167,0.000999678084165199,0.09313821969541505,
2025-09-15 06:15:08,ADAM_lr0.001,ADAM,2,shakespeare_char,159,val_eval,2.4870693683624268,0.000999678084165199,0.09313821969541505,
2025-09-15 06:15:08,ADAM_lr0.001,ADAM,2,shakespeare_char,159,train_iter,2.4928629398345947,0.000999678084165199,0.0938478521587739,697.0343589782715
2025-09-15 06:15:08,ADAM_lr0.001,ADAM,2,shakespeare_char,160,train_eval,2.4781548976898193,0.0009996670806431804,0.0938478521587739,
2025-09-15 06:15:08,ADAM_lr0.001,ADAM,2,shakespeare_char,160,val_eval,2.495917558670044,0.0009996670806431804,0.0938478521587739,
2025-09-15 06:15:08,ADAM_lr0.001,ADAM,2,shakespeare_char,160,train_iter,2.531005620956421,0.0009996670806431804,0.094383119281319,704.2999267578125
2025-09-15 06:15:09,ADAM_lr0.0003,ADAM,2,shakespeare_char,180,train_eval,2.4623820781707764,0.000999408200132523,0.03375458606025015,
2025-09-15 06:15:09,ADAM_lr0.0003,ADAM,2,shakespeare_char,180,val_eval,2.4915943145751953,0.000999408200132523,0.03375458606025015,
2025-09-15 06:15:09,ADAM_lr0.001,ADAM,2,shakespeare_char,60,train_eval,2.550478935241699,0.000603960396039604,0.032189146213036965,
2025-09-15 06:15:09,ADAM_lr0.001,ADAM,2,shakespeare_char,60,val_eval,2.5706076622009277,0.000603960396039604,0.032189146213036965,
2025-09-15 06:15:09,ADAM_lr0.0003,ADAM,2,shakespeare_char,180,train_iter,2.5003457069396973,0.000999408200132523,0.033656880375102456,2131.54935836792
2025-09-15 06:15:09,ADAM_lr0.001,ADAM,2,shakespeare_char,60,train_iter,2.5783441066741943,0.000603960396039604,0.03263275127584457,1907.6189994812012
2025-09-15 06:15:09,ADAM_lr0.001,ADAM,2,shakespeare_char,161,train_eval,2.4819538593292236,0.0009996558922800104,0.094383119281319,
2025-09-15 06:15:09,ADAM_lr0.001,ADAM,2,shakespeare_char,161,val_eval,2.5097827911376953,0.0009996558922800104,0.094383119281319,
2025-09-15 06:15:09,ADAM_lr0.001,ADAM,2,shakespeare_char,161,train_iter,2.47660231590271,0.0009996558922800104,0.09474345332274496,713.0262851715088
2025-09-15 06:15:10,ADAM_lr0.001,ADAM,2,shakespeare_char,162,train_eval,2.477515935897827,0.0009996445190802881,0.09474345332274496,
2025-09-15 06:15:10,ADAM_lr0.001,ADAM,2,shakespeare_char,162,val_eval,2.496401786804199,0.0009996445190802881,0.09474345332274496,
2025-09-15 06:15:10,ADAM_lr0.001,ADAM,2,shakespeare_char,162,train_iter,2.4945573806762695,0.0009996445190802881,0.09514147030819123,707.7021598815918
2025-09-15 06:15:10,ADAM_lr0.001,ADAM,2,shakespeare_char,163,train_eval,2.4726030826568604,0.0009996329610486886,0.09514147030819123,
2025-09-15 06:15:10,ADAM_lr0.001,ADAM,2,shakespeare_char,163,val_eval,2.4827637672424316,0.0009996329610486886,0.09514147030819123,
2025-09-15 06:15:10,ADAM_lr0.001,ADAM,2,shakespeare_char,163,train_iter,2.5255961418151855,0.0009996329610486886,0.0955162097265329,706.519603729248
2025-09-15 06:15:11,ADAM_lr0.0003,ADAM,2,shakespeare_char,190,train_eval,2.468796730041504,0.0009992510469105584,0.033656880375102456,
2025-09-15 06:15:11,ADAM_lr0.0003,ADAM,2,shakespeare_char,190,val_eval,2.503430128097534,0.0009992510469105584,0.033656880375102456,
2025-09-15 06:15:11,ADAM_lr0.0003,ADAM,2,shakespeare_char,190,train_iter,2.5078823566436768,0.0009992510469105584,0.03403408055757068,1866.6579723358154
2025-09-15 06:15:11,ADAM_lr0.001,ADAM,2,shakespeare_char,70,train_eval,2.535644054412842,0.000702970297029703,0.03263275127584457,
2025-09-15 06:15:11,ADAM_lr0.001,ADAM,2,shakespeare_char,70,val_eval,2.5476958751678467,0.000702970297029703,0.03263275127584457,
2025-09-15 06:15:11,ADAM_lr0.001,ADAM,2,shakespeare_char,164,train_eval,2.472329616546631,0.0009996212181899629,0.0955162097265329,
2025-09-15 06:15:11,ADAM_lr0.001,ADAM,2,shakespeare_char,164,val_eval,2.480851411819458,0.0009996212181899629,0.0955162097265329,
2025-09-15 06:15:11,ADAM_lr0.001,ADAM,2,shakespeare_char,70,train_iter,2.5509238243103027,0.000702970297029703,0.03274962602607497,2066.977024078369
2025-09-15 06:15:11,ADAM_lr0.001,ADAM,2,shakespeare_char,164,train_iter,2.4730706214904785,0.0009996212181899629,0.09258652156543294,1055.0835132598877
2025-09-15 06:15:12,ADAM_lr0.001,ADAM,2,shakespeare_char,165,train_eval,2.475917339324951,0.000999609290508938,0.09258652156543294,
2025-09-15 06:15:12,ADAM_lr0.001,ADAM,2,shakespeare_char,165,val_eval,2.4815640449523926,0.000999609290508938,0.09258652156543294,
2025-09-15 06:15:12,ADAM_lr0.001,ADAM,2,shakespeare_char,165,train_iter,2.498922109603882,0.000999609290508938,0.09252331440145506,759.7992420196533
2025-09-15 06:15:13,ADAM_lr0.0003,ADAM,2,shakespeare_char,200,train_eval,2.477302312850952,0.0009990754267376514,0.03403408055757068,
2025-09-15 06:15:13,ADAM_lr0.0003,ADAM,2,shakespeare_char,200,val_eval,2.5046353340148926,0.0009990754267376514,0.03403408055757068,
2025-09-15 06:15:13,ADAM_lr0.001,ADAM,2,shakespeare_char,166,train_eval,2.479343891143799,0.000999597178010517,0.09252331440145506,
2025-09-15 06:15:13,ADAM_lr0.001,ADAM,2,shakespeare_char,166,val_eval,2.483738422393799,0.000999597178010517,0.09252331440145506,
2025-09-15 06:15:13,ADAM_lr0.001,ADAM,2,shakespeare_char,166,train_iter,2.510791301727295,0.000999597178010517,0.09328523691352578,697.6747512817383
2025-09-15 06:15:13,ADAM_lr0.001,ADAM,2,shakespeare_char,80,train_eval,2.531195878982544,0.000801980198019802,0.03274962602607497,
2025-09-15 06:15:13,ADAM_lr0.001,ADAM,2,shakespeare_char,80,val_eval,2.5226242542266846,0.000801980198019802,0.03274962602607497,
2025-09-15 06:15:13,ADAM_lr0.001,ADAM,2,shakespeare_char,80,train_iter,2.545767307281494,0.000801980198019802,0.0326607772690981,2192.857027053833
2025-09-15 06:15:14,ADAM_lr0.001,ADAM,2,shakespeare_char,167,train_eval,2.48197603225708,0.000999584880699679,0.09328523691352578,
2025-09-15 06:15:14,ADAM_lr0.001,ADAM,2,shakespeare_char,167,val_eval,2.499157190322876,0.000999584880699679,0.09328523691352578,
2025-09-15 06:15:14,ADAM_lr0.001,ADAM,2,shakespeare_char,167,train_iter,2.453714370727539,0.000999584880699679,0.09190467307222357,879.0547847747803
2025-09-15 06:15:15,ADAM_lr0.001,ADAM,2,shakespeare_char,168,train_eval,2.48065447807312,0.0009995723985814788,0.09190467307222357,
2025-09-15 06:15:15,ADAM_lr0.001,ADAM,2,shakespeare_char,168,val_eval,2.4989519119262695,0.0009995723985814788,0.09190467307222357,
2025-09-15 06:15:15,ADAM_lr0.001,ADAM,2,shakespeare_char,168,train_iter,2.5125536918640137,0.0009995723985814788,0.09063872106023312,881.6554546356201
2025-09-15 06:15:15,ADAM_lr0.001,ADAM,2,shakespeare_char,90,train_eval,2.5150487422943115,0.0009009900990099009,0.0326607772690981,
2025-09-15 06:15:15,ADAM_lr0.001,ADAM,2,shakespeare_char,90,val_eval,2.5269570350646973,0.0009009900990099009,0.0326607772690981,
2025-09-15 06:15:15,ADAM_lr0.001,ADAM,2,shakespeare_char,90,train_iter,2.526048183441162,0.0009009900990099009,0.03387921741804728,1557.9583644866943
2025-09-15 06:15:16,ADAM_lr0.001,ADAM,2,shakespeare_char,169,train_eval,2.473936080932617,0.0009995597316610474,0.09063872106023312,
2025-09-15 06:15:16,ADAM_lr0.001,ADAM,2,shakespeare_char,169,val_eval,2.484614610671997,0.0009995597316610474,0.09063872106023312,
2025-09-15 06:15:16,ADAM_lr0.001,ADAM,2,shakespeare_char,169,train_iter,2.504859447479248,0.0009995597316610474,0.08657031717470091,1398.6060619354248
2025-09-15 06:15:17,ADAM_lr0.001,ADAM,2,shakespeare_char,100,train_eval,2.5472021102905273,0.001,0.03387921741804728,
2025-09-15 06:15:17,ADAM_lr0.001,ADAM,2,shakespeare_char,100,val_eval,2.5998950004577637,0.001,0.03387921741804728,
2025-09-15 06:15:17,ADAM_lr0.001,ADAM,2,shakespeare_char,170,train_eval,2.4804632663726807,0.0009995468799435915,0.08657031717470091,
2025-09-15 06:15:17,ADAM_lr0.001,ADAM,2,shakespeare_char,170,val_eval,2.493131399154663,0.0009995468799435915,0.08657031717470091,
2025-09-15 06:15:17,ADAM_lr0.001,ADAM,2,shakespeare_char,170,train_iter,2.4941089153289795,0.0009995468799435915,0.08344014719722934,1264.1336917877197
2025-09-15 06:15:19,ADAM_lr0.001,ADAM,2,shakespeare_char,171,train_eval,2.474606990814209,0.0009995338434343943,0.08344014719722934,
2025-09-15 06:15:19,ADAM_lr0.001,ADAM,2,shakespeare_char,171,val_eval,2.497793197631836,0.0009995338434343943,0.08344014719722934,
2025-09-15 06:15:19,ADAM_lr0.001,ADAM,2,shakespeare_char,171,train_iter,2.4774410724639893,0.0009995338434343943,0.08001248800593388,1421.112060546875
2025-09-15 06:15:20,ADAM_lr0.001,ADAM,2,shakespeare_char,172,train_eval,2.476715326309204,0.0009995206221388145,0.08001248800593388,
2025-09-15 06:15:20,ADAM_lr0.001,ADAM,2,shakespeare_char,172,val_eval,2.507974863052368,0.0009995206221388145,0.08001248800593388,
2025-09-15 06:15:20,ADAM_lr0.001,ADAM,2,shakespeare_char,172,train_iter,2.519951343536377,0.0009995206221388145,0.07706884964613223,1381.4215660095215
2025-09-15 06:15:21,ADAM_lr0.001,ADAM,2,shakespeare_char,173,train_eval,2.4763565063476562,0.0009995072160622865,0.07706884964613223,
2025-09-15 06:15:21,ADAM_lr0.001,ADAM,2,shakespeare_char,173,val_eval,2.5099267959594727,0.0009995072160622865,0.07706884964613223,
2025-09-15 06:15:21,ADAM_lr0.001,ADAM,2,shakespeare_char,173,train_iter,2.4657649993896484,0.0009995072160622865,0.07488467149723516,1265.0847434997559
2025-09-15 06:15:23,ADAM_lr0.001,ADAM,2,shakespeare_char,174,train_eval,2.479855537414551,0.0009994936252103218,0.07488467149723516,
2025-09-15 06:15:23,ADAM_lr0.001,ADAM,2,shakespeare_char,174,val_eval,2.5159220695495605,0.0009994936252103218,0.07488467149723516,
2025-09-15 06:15:23,ADAM_lr0.001,ADAM,2,shakespeare_char,174,train_iter,2.460758924484253,0.0009994936252103218,0.07343650448982167,1156.679630279541
2025-09-15 06:15:24,ADAM_lr0.001,ADAM,2,shakespeare_char,175,train_eval,2.48062801361084,0.0009994798495885063,0.07343650448982167,
2025-09-15 06:15:24,ADAM_lr0.001,ADAM,2,shakespeare_char,175,val_eval,2.5147223472595215,0.0009994798495885063,0.07343650448982167,
2025-09-15 06:15:24,ADAM_lr0.001,ADAM,2,shakespeare_char,175,train_iter,2.5013632774353027,0.0009994798495885063,0.07211631469651335,1159.9133014678955
2025-09-15 06:15:25,ADAM_lr0.001,ADAM,2,shakespeare_char,176,train_eval,2.477790117263794,0.000999465889202503,0.07211631469651335,
2025-09-15 06:15:25,ADAM_lr0.001,ADAM,2,shakespeare_char,176,val_eval,2.5057997703552246,0.000999465889202503,0.07211631469651335,
2025-09-15 06:15:25,ADAM_lr0.001,ADAM,2,shakespeare_char,176,train_iter,2.483375072479248,0.000999465889202503,0.07301091253418072,861.8917465209961
2025-09-15 06:15:25,ADAM_lr0.001,ADAM,2,shakespeare_char,177,train_eval,2.4785702228546143,0.0009994517440580508,0.07301091253418072,
2025-09-15 06:15:25,ADAM_lr0.001,ADAM,2,shakespeare_char,177,val_eval,2.49880313873291,0.0009994517440580508,0.07301091253418072,
2025-09-15 06:15:25,ADAM_lr0.001,ADAM,2,shakespeare_char,177,train_iter,2.518904685974121,0.0009994517440580508,0.07372612474655497,871.5603351593018
2025-09-15 06:15:26,ADAM_lr0.001,ADAM,2,shakespeare_char,178,train_eval,2.4755678176879883,0.0009994374141609635,0.07372612474655497,
2025-09-15 06:15:26,ADAM_lr0.001,ADAM,2,shakespeare_char,178,val_eval,2.4931142330169678,0.0009994374141609635,0.07372612474655497,
2025-09-15 06:15:26,ADAM_lr0.001,ADAM,2,shakespeare_char,178,train_iter,2.503718376159668,0.0009994374141609635,0.07435082217889386,873.6302852630615
2025-09-15 06:15:27,ADAM_lr0.001,ADAM,2,shakespeare_char,179,train_eval,2.47358775138855,0.0009994228995171322,0.07435082217889386,
2025-09-15 06:15:27,ADAM_lr0.001,ADAM,2,shakespeare_char,179,val_eval,2.494637966156006,0.0009994228995171322,0.07435082217889386,
2025-09-15 06:15:27,ADAM_lr0.001,ADAM,2,shakespeare_char,179,train_iter,2.462282180786133,0.0009994228995171322,0.07459467830877993,909.8513126373291
2025-09-15 06:15:29,ADAM_lr0.001,ADAM,2,shakespeare_char,180,train_eval,2.4919795989990234,0.000999408200132523,0.07459467830877993,
2025-09-15 06:15:29,ADAM_lr0.001,ADAM,2,shakespeare_char,180,val_eval,2.5301544666290283,0.000999408200132523,0.07459467830877993,
2025-09-15 06:15:29,ADAM_lr0.001,ADAM,2,shakespeare_char,180,train_iter,2.490187644958496,0.000999408200132523,0.0724140946553624,1323.516845703125
2025-09-15 06:15:30,ADAM_lr0.001,ADAM,2,shakespeare_char,181,train_eval,2.4846456050872803,0.0009993933160131784,0.0724140946553624,
2025-09-15 06:15:30,ADAM_lr0.001,ADAM,2,shakespeare_char,181,val_eval,2.5337798595428467,0.0009993933160131784,0.0724140946553624,
2025-09-15 06:15:30,ADAM_lr0.001,ADAM,2,shakespeare_char,181,train_iter,2.5076541900634766,0.0009993933160131784,0.07081088903578775,1239.1698360443115
2025-09-15 06:15:31,ADAM_lr0.001,ADAM,2,shakespeare_char,182,train_eval,2.491659641265869,0.0009993782471652167,0.07081088903578775,
2025-09-15 06:15:31,ADAM_lr0.001,ADAM,2,shakespeare_char,182,val_eval,2.514827251434326,0.0009993782471652167,0.07081088903578775,
2025-09-15 06:15:31,ADAM_lr0.001,ADAM,2,shakespeare_char,182,train_iter,2.4875950813293457,0.0009993782471652167,0.06831699612572026,1523.085594177246
2025-09-15 06:15:33,ADAM_lr0.001,ADAM,2,shakespeare_char,183,train_eval,2.488684892654419,0.0009993629935948318,0.06831699612572026,
2025-09-15 06:15:33,ADAM_lr0.001,ADAM,2,shakespeare_char,183,val_eval,2.515976667404175,0.0009993629935948318,0.06831699612572026,
2025-09-15 06:15:33,ADAM_lr0.001,ADAM,2,shakespeare_char,183,train_iter,2.50490665435791,0.0009993629935948318,0.06558915259993275,1702.470064163208
2025-09-15 06:15:34,ADAM_lr0.001,ADAM,2,shakespeare_char,184,train_eval,2.4832167625427246,0.0009993475553082944,0.06558915259993275,
2025-09-15 06:15:34,ADAM_lr0.001,ADAM,2,shakespeare_char,184,val_eval,2.5009632110595703,0.0009993475553082944,0.06558915259993275,
2025-09-15 06:15:34,ADAM_lr0.001,ADAM,2,shakespeare_char,184,train_iter,2.5225186347961426,0.0009993475553082944,0.06507864738291243,1155.1287174224854
2025-09-15 06:15:36,ADAM_lr0.001,ADAM,2,shakespeare_char,185,train_eval,2.475536584854126,0.0009993319323119503,0.06507864738291243,
2025-09-15 06:15:36,ADAM_lr0.001,ADAM,2,shakespeare_char,185,val_eval,2.490569829940796,0.0009993319323119503,0.06507864738291243,
2025-09-15 06:15:36,ADAM_lr0.001,ADAM,2,shakespeare_char,185,train_iter,2.5134153366088867,0.0009993319323119503,0.06312333502664814,1534.6758365631104
2025-09-15 06:15:37,ADAM_lr0.001,ADAM,2,shakespeare_char,186,train_eval,2.463467836380005,0.0009993161246122217,0.06312333502664814,
2025-09-15 06:15:37,ADAM_lr0.001,ADAM,2,shakespeare_char,186,val_eval,2.4818365573883057,0.0009993161246122217,0.06312333502664814,
2025-09-15 06:15:37,ADAM_lr0.001,ADAM,2,shakespeare_char,186,train_iter,2.4399237632751465,0.0009993161246122217,0.0648394236478851,870.2447414398193
2025-09-15 06:15:38,ADAM_lr0.001,ADAM,2,shakespeare_char,187,train_eval,2.471372127532959,0.0009993001322156061,0.0648394236478851,
2025-09-15 06:15:38,ADAM_lr0.001,ADAM,2,shakespeare_char,187,val_eval,2.4891879558563232,0.0009993001322156061,0.0648394236478851,
2025-09-15 06:15:38,ADAM_lr0.001,ADAM,2,shakespeare_char,187,train_iter,2.480985164642334,0.0009993001322156061,0.06473737808497618,1094.7673320770264
2025-09-15 06:15:39,ADAM_lr0.001,ADAM,2,shakespeare_char,188,train_eval,2.474952459335327,0.000999283955128678,0.06473737808497618,
2025-09-15 06:15:39,ADAM_lr0.001,ADAM,2,shakespeare_char,188,val_eval,2.497511863708496,0.000999283955128678,0.06473737808497618,
2025-09-15 06:15:39,ADAM_lr0.001,ADAM,2,shakespeare_char,188,train_iter,2.4816904067993164,0.000999283955128678,0.06505403399422888,1028.9082527160645
2025-09-15 06:15:40,ADAM_lr0.001,ADAM,2,shakespeare_char,189,train_eval,2.4724695682525635,0.000999267593358087,0.06505403399422888,
2025-09-15 06:15:40,ADAM_lr0.001,ADAM,2,shakespeare_char,189,val_eval,2.4969589710235596,0.000999267593358087,0.06505403399422888,
2025-09-15 06:15:40,ADAM_lr0.001,ADAM,2,shakespeare_char,189,train_iter,2.5269994735717773,0.000999267593358087,0.06555819826861584,996.7365264892578
2025-09-15 06:15:41,ADAM_lr0.001,ADAM,2,shakespeare_char,190,train_eval,2.471759796142578,0.0009992510469105584,0.06555819826861584,
2025-09-15 06:15:41,ADAM_lr0.001,ADAM,2,shakespeare_char,190,val_eval,2.495027780532837,0.0009992510469105584,0.06555819826861584,
2025-09-15 06:15:41,ADAM_lr0.001,ADAM,2,shakespeare_char,190,train_iter,2.449894428253174,0.0009992510469105584,0.06535166588137714,1100.3899574279785
2025-09-15 06:15:42,ADAM_lr0.001,ADAM,2,shakespeare_char,191,train_eval,2.4660587310791016,0.000999234315792894,0.06535166588137714,
2025-09-15 06:15:42,ADAM_lr0.001,ADAM,2,shakespeare_char,191,val_eval,2.4963810443878174,0.000999234315792894,0.06535166588137714,
2025-09-15 06:15:42,ADAM_lr0.001,ADAM,2,shakespeare_char,191,train_iter,2.479949712753296,0.000999234315792894,0.06454830525070478,1218.9338207244873
2025-09-15 06:15:43,ADAM_lr0.001,ADAM,2,shakespeare_char,192,train_eval,2.4655847549438477,0.0009992174000119718,0.06454830525070478,
2025-09-15 06:15:43,ADAM_lr0.001,ADAM,2,shakespeare_char,192,val_eval,2.4915647506713867,0.0009992174000119718,0.06454830525070478,
2025-09-15 06:15:43,ADAM_lr0.001,ADAM,2,shakespeare_char,192,train_iter,2.4788501262664795,0.0009992174000119718,0.0641117200121648,1160.9184741973877
2025-09-15 06:15:44,ADAM_lr0.001,ADAM,2,shakespeare_char,193,train_eval,2.463738441467285,0.0009992002995747448,0.0641117200121648,
2025-09-15 06:15:44,ADAM_lr0.001,ADAM,2,shakespeare_char,193,val_eval,2.4912543296813965,0.0009992002995747448,0.0641117200121648,
2025-09-15 06:15:44,ADAM_lr0.001,ADAM,2,shakespeare_char,193,train_iter,2.454928398132324,0.0009992002995747448,0.065770675299226,865.7474517822266
2025-09-15 06:15:45,ADAM_lr0.001,ADAM,2,shakespeare_char,194,train_eval,2.4666852951049805,0.0009991830144882423,0.065770675299226,
2025-09-15 06:15:45,ADAM_lr0.001,ADAM,2,shakespeare_char,194,val_eval,2.4820337295532227,0.0009991830144882423,0.065770675299226,
2025-09-15 06:15:45,ADAM_lr0.001,ADAM,2,shakespeare_char,194,train_iter,2.456191062927246,0.0009991830144882423,0.06714369366649114,878.8197040557861
2025-09-15 06:15:46,ADAM_lr0.001,ADAM,2,shakespeare_char,195,train_eval,2.466002941131592,0.0009991655447595697,0.06714369366649114,
2025-09-15 06:15:46,ADAM_lr0.001,ADAM,2,shakespeare_char,195,val_eval,2.476748466491699,0.0009991655447595697,0.06714369366649114,
2025-09-15 06:15:46,ADAM_lr0.001,ADAM,2,shakespeare_char,195,train_iter,2.4462738037109375,0.0009991655447595697,0.06556328174125298,1360.8784675598145
2025-09-15 06:15:47,ADAM_lr0.001,ADAM,2,shakespeare_char,196,train_eval,2.4740149974823,0.0009991478903959082,0.06556328174125298,
2025-09-15 06:15:47,ADAM_lr0.001,ADAM,2,shakespeare_char,196,val_eval,2.4799180030822754,0.0009991478903959082,0.06556328174125298,
2025-09-15 06:15:47,ADAM_lr0.001,ADAM,2,shakespeare_char,196,train_iter,2.4821743965148926,0.0009991478903959082,0.06566769178434724,1048.9366054534912
2025-09-15 06:15:48,ADAM_lr0.001,ADAM,2,shakespeare_char,197,train_eval,2.467151641845703,0.0009991300514045147,0.06566769178434724,
2025-09-15 06:15:48,ADAM_lr0.001,ADAM,2,shakespeare_char,197,val_eval,2.481717109680176,0.0009991300514045147,0.06566769178434724,
2025-09-15 06:15:48,ADAM_lr0.001,ADAM,2,shakespeare_char,197,train_iter,2.504438877105713,0.0009991300514045147,0.06710737238805224,872.6329803466797
2025-09-15 06:15:49,ADAM_lr0.001,ADAM,2,shakespeare_char,198,train_eval,2.4610202312469482,0.0009991120277927223,0.06710737238805224,
2025-09-15 06:15:49,ADAM_lr0.001,ADAM,2,shakespeare_char,198,val_eval,2.47641921043396,0.0009991120277927223,0.06710737238805224,
2025-09-15 06:15:50,ADAM_lr0.001,ADAM,2,shakespeare_char,198,train_iter,2.489778995513916,0.0009991120277927223,0.06520878776995102,1451.8849849700928
2025-09-15 06:15:51,ADAM_lr0.001,ADAM,2,shakespeare_char,199,train_eval,2.4569742679595947,0.0009990938195679395,0.06520878776995102,
2025-09-15 06:15:51,ADAM_lr0.001,ADAM,2,shakespeare_char,199,val_eval,2.4882614612579346,0.0009990938195679395,0.06520878776995102,
2025-09-15 06:15:51,ADAM_lr0.001,ADAM,2,shakespeare_char,199,train_iter,2.486201763153076,0.0009990938195679395,0.06424173245969829,1257.9967975616455
2025-09-15 06:15:52,ADAM_lr0.001,ADAM,2,shakespeare_char,200,train_eval,2.4621076583862305,0.0009990754267376514,0.06424173245969829,
2025-09-15 06:15:52,ADAM_lr0.001,ADAM,2,shakespeare_char,200,val_eval,2.4955832958221436,0.0009990754267376514,0.06424173245969829,
2025-09-15 06:16:53,ADAM_lr0.001,ADAM,2,shakespeare_char,100,train_iter,2.5211265087127686,0.001,0.03056258175084339,98009.21392440796
2025-09-15 06:16:55,ADAM_lr0.001,ADAM,2,shakespeare_char,110,train_eval,2.5072829723358154,0.0009999907511312647,0.03056258175084339,
2025-09-15 06:16:55,ADAM_lr0.001,ADAM,2,shakespeare_char,110,val_eval,2.5173707008361816,0.0009999907511312647,0.03056258175084339,
2025-09-15 06:16:55,ADAM_lr0.001,ADAM,2,shakespeare_char,110,train_iter,2.5495104789733887,0.0009999907511312647,0.030786574007889433,2129.9264430999756
2025-09-15 06:16:57,ADAM_lr0.001,ADAM,2,shakespeare_char,120,train_eval,2.508653402328491,0.0009999630049052437,0.030786574007889433,
2025-09-15 06:16:57,ADAM_lr0.001,ADAM,2,shakespeare_char,120,val_eval,2.5256309509277344,0.0009999630049052437,0.030786574007889433,
2025-09-15 06:16:57,ADAM_lr0.001,ADAM,2,shakespeare_char,120,train_iter,2.5340309143066406,0.0009999630049052437,0.031357284919678104,1914.4935607910156
2025-09-15 06:16:59,ADAM_lr0.001,ADAM,2,shakespeare_char,130,train_eval,2.505235195159912,0.0009999167624624755,0.031357284919678104,
2025-09-15 06:16:59,ADAM_lr0.001,ADAM,2,shakespeare_char,130,val_eval,2.5309975147247314,0.0009999167624624755,0.031357284919678104,
2025-09-15 06:16:59,ADAM_lr0.001,ADAM,2,shakespeare_char,130,train_iter,2.565112352371216,0.0009999167624624755,0.0322889862665683,1717.7166938781738
2025-09-15 06:17:00,ADAM_lr0.0003,ADAM,2,shakespeare_char,200,train_iter,2.547447919845581,0.0009990754267376514,0.030694708865241376,109105.07345199585
2025-09-15 06:17:01,ADAM_lr0.001,ADAM,2,shakespeare_char,140,train_eval,2.4933528900146484,0.000999852025703806,0.0322889862665683,
2025-09-15 06:17:01,ADAM_lr0.001,ADAM,2,shakespeare_char,140,val_eval,2.4953219890594482,0.000999852025703806,0.0322889862665683,
2025-09-15 06:17:01,ADAM_lr0.001,ADAM,2,shakespeare_char,140,train_iter,2.5082004070281982,0.000999852025703806,0.032848459562226394,1844.2466259002686
2025-09-15 06:17:03,ADAM_lr0.001,ADAM,2,shakespeare_char,150,train_eval,2.4918134212493896,0.0009997687972903096,0.032848459562226394,
2025-09-15 06:17:03,ADAM_lr0.001,ADAM,2,shakespeare_char,150,val_eval,2.521530866622925,0.0009997687972903096,0.032848459562226394,
2025-09-15 06:17:03,ADAM_lr0.001,ADAM,2,shakespeare_char,150,train_iter,2.4842867851257324,0.0009997687972903096,0.03302830944279829,2016.538381576538
2025-09-15 06:17:05,ADAM_lr0.001,ADAM,2,shakespeare_char,160,train_eval,2.4872238636016846,0.0009996670806431804,0.03302830944279829,
2025-09-15 06:17:05,ADAM_lr0.001,ADAM,2,shakespeare_char,160,val_eval,2.5122241973876953,0.0009996670806431804,0.03302830944279829,
2025-09-15 06:17:05,ADAM_lr0.001,ADAM,2,shakespeare_char,160,train_iter,2.4845163822174072,0.0009996670806431804,0.03420435746555849,1559.919834136963
2025-09-15 06:17:07,ADAM_lr0.001,ADAM,2,shakespeare_char,170,train_eval,2.47076153755188,0.0009995468799435915,0.03420435746555849,
2025-09-15 06:17:07,ADAM_lr0.001,ADAM,2,shakespeare_char,170,val_eval,2.4983761310577393,0.0009995468799435915,0.03420435746555849,
2025-09-15 06:17:07,ADAM_lr0.001,ADAM,2,shakespeare_char,170,train_iter,2.477752208709717,0.0009995468799435915,0.03535353820372432,1528.944969177246
2025-09-15 06:17:08,ADAM_lr0.001,ADAM,2,shakespeare_char,180,train_eval,2.4623050689697266,0.000999408200132523,0.03535353820372432,
2025-09-15 06:17:08,ADAM_lr0.001,ADAM,2,shakespeare_char,180,val_eval,2.491678237915039,0.000999408200132523,0.03535353820372432,
2025-09-15 06:17:08,ADAM_lr0.001,ADAM,2,shakespeare_char,180,train_iter,2.5003132820129395,0.000999408200132523,0.035588401064326834,1853.1274795532227
2025-09-15 06:17:10,ADAM_lr0.001,ADAM,2,shakespeare_char,190,train_eval,2.468801975250244,0.0009992510469105584,0.035588401064326834,
2025-09-15 06:17:10,ADAM_lr0.001,ADAM,2,shakespeare_char,190,val_eval,2.503944158554077,0.0009992510469105584,0.035588401064326834,
2025-09-15 06:17:10,ADAM_lr0.001,ADAM,2,shakespeare_char,190,train_iter,2.507833242416382,0.0009992510469105584,0.03636944483942064,1609.879970550537
2025-09-15 06:17:12,ADAM_lr0.001,ADAM,2,shakespeare_char,200,train_eval,2.4775044918060303,0.0009990754267376514,0.03636944483942064,
2025-09-15 06:17:12,ADAM_lr0.001,ADAM,2,shakespeare_char,200,val_eval,2.504635810852051,0.0009990754267376514,0.03636944483942064,
2025-09-15 06:17:14,ADAM_lr0.001,ADAM,2,shakespeare_char,0,train_eval,4.270771503448486,9.900990099009901e-06,,
2025-09-15 06:17:14,ADAM_lr0.001,ADAM,2,shakespeare_char,0,val_eval,4.269772529602051,9.900990099009901e-06,,
2025-09-15 06:18:06,ADAM_lr0.001,ADAM,2,shakespeare_char,200,train_iter,2.4699811935424805,0.0009990754267376514,0.057869363650155464,134866.67585372925
2025-09-15 06:18:18,ADAM_lr0.01,ADAM,2,shakespeare_char,0,train_eval,4.270771503448486,9.900990099009901e-06,,
2025-09-15 06:18:18,ADAM_lr0.01,ADAM,2,shakespeare_char,0,val_eval,4.269772529602051,9.900990099009901e-06,,
2025-09-15 06:19:25,ADAM_lr0.001,ADAM,2,shakespeare_char,200,train_iter,2.5473053455352783,0.0009990754267376514,0.03278435796643374,134728.38425636292
2025-09-15 06:19:39,ADAM_lr0.001,ADAM,2,shakespeare_char,0,train_iter,4.265802383422852,9.900990099009901e-06,,150132.13205337524
2025-09-15 06:19:40,ADAM_lr0.01,ADAM,2,shakespeare_char,0,train_eval,4.270771503448486,9.900990099009901e-06,,
2025-09-15 06:19:40,ADAM_lr0.01,ADAM,2,shakespeare_char,0,val_eval,4.269772529602051,9.900990099009901e-06,,
2025-09-15 06:19:41,ADAM_lr0.001,ADAM,2,shakespeare_char,10,train_eval,3.112948417663574,0.0001089108910891089,,
2025-09-15 06:19:41,ADAM_lr0.001,ADAM,2,shakespeare_char,10,val_eval,3.139258623123169,0.0001089108910891089,,
2025-09-15 06:19:41,ADAM_lr0.001,ADAM,2,shakespeare_char,10,train_iter,3.1808128356933594,0.0001089108910891089,0.03535428014038318,1976.194143295288
2025-09-15 06:19:43,ADAM_lr0.001,ADAM,2,shakespeare_char,20,train_eval,2.7717723846435547,0.00020792079207920794,0.03535428014038318,
2025-09-15 06:19:43,ADAM_lr0.001,ADAM,2,shakespeare_char,20,val_eval,2.778806447982788,0.00020792079207920794,0.03535428014038318,
2025-09-15 06:19:44,ADAM_lr0.001,ADAM,2,shakespeare_char,20,train_iter,2.806185483932495,0.00020792079207920794,0.034685379984477516,2437.336206436157
2025-09-15 06:19:46,ADAM_lr0.001,ADAM,2,shakespeare_char,30,train_eval,2.630289077758789,0.00030693069306930693,0.034685379984477516,
2025-09-15 06:19:46,ADAM_lr0.001,ADAM,2,shakespeare_char,30,val_eval,2.6334903240203857,0.00030693069306930693,0.034685379984477516,
2025-09-15 06:19:47,ADAM_lr0.001,ADAM,2,shakespeare_char,30,train_iter,2.661712646484375,0.00030693069306930693,0.03371702804504768,2794.468879699707
2025-09-15 06:19:48,ADAM_lr0.001,ADAM,2,shakespeare_char,40,train_eval,2.5900540351867676,0.000405940594059406,0.03371702804504768,
2025-09-15 06:19:48,ADAM_lr0.001,ADAM,2,shakespeare_char,40,val_eval,2.581249713897705,0.000405940594059406,0.03371702804504768,
2025-09-15 06:19:49,ADAM_lr0.001,ADAM,2,shakespeare_char,40,train_iter,2.584033489227295,0.000405940594059406,0.033799037195512686,2022.951602935791
2025-09-15 06:19:50,ADAM_lr0.001,ADAM,2,shakespeare_char,50,train_eval,2.5783982276916504,0.000504950495049505,0.033799037195512686,
2025-09-15 06:19:50,ADAM_lr0.001,ADAM,2,shakespeare_char,50,val_eval,2.5686187744140625,0.000504950495049505,0.033799037195512686,
2025-09-15 06:19:51,ADAM_lr0.001,ADAM,2,shakespeare_char,50,train_iter,2.5858025550842285,0.000504950495049505,0.03446642579653388,1726.2632846832275
2025-09-15 06:19:53,ADAM_lr0.001,ADAM,2,shakespeare_char,60,train_eval,2.550544023513794,0.000603960396039604,0.03446642579653388,
2025-09-15 06:19:53,ADAM_lr0.001,ADAM,2,shakespeare_char,60,val_eval,2.57069730758667,0.000603960396039604,0.03446642579653388,
2025-09-15 06:19:53,ADAM_lr0.001,ADAM,2,shakespeare_char,60,train_iter,2.5784072875976562,0.000603960396039604,0.034195211269904754,2200.2363204956055
2025-09-15 06:19:55,ADAM_lr0.001,ADAM,2,shakespeare_char,70,train_eval,2.5355587005615234,0.000702970297029703,0.034195211269904754,
2025-09-15 06:19:55,ADAM_lr0.001,ADAM,2,shakespeare_char,70,val_eval,2.5475738048553467,0.000702970297029703,0.034195211269904754,
2025-09-15 06:19:56,ADAM_lr0.001,ADAM,2,shakespeare_char,70,train_iter,2.5509049892425537,0.000702970297029703,0.033430243329138055,2631.965398788452
2025-09-15 06:19:58,ADAM_lr0.001,ADAM,2,shakespeare_char,80,train_eval,2.5310957431793213,0.000801980198019802,0.033430243329138055,
2025-09-15 06:19:58,ADAM_lr0.001,ADAM,2,shakespeare_char,80,val_eval,2.5225000381469727,0.000801980198019802,0.033430243329138055,
2025-09-15 06:20:00,ADAM_lr0.001,ADAM,2,shakespeare_char,80,train_iter,2.545687198638916,0.000801980198019802,0.03193611002165905,3778.855562210083
2025-09-15 06:20:02,ADAM_lr0.001,ADAM,2,shakespeare_char,90,train_eval,2.514998197555542,0.0009009900990099009,0.03193611002165905,
2025-09-15 06:20:02,ADAM_lr0.001,ADAM,2,shakespeare_char,90,val_eval,2.526881456375122,0.0009009900990099009,0.03193611002165905,
2025-09-15 06:20:02,ADAM_lr0.001,ADAM,2,shakespeare_char,90,train_iter,2.526024103164673,0.0009009900990099009,0.03218289116770225,2030.7836532592773
2025-09-15 06:20:03,ADAM_lr0.001,ADAM,2,shakespeare_char,100,train_eval,2.5474066734313965,0.001,0.03218289116770225,
2025-09-15 06:20:03,ADAM_lr0.001,ADAM,2,shakespeare_char,100,val_eval,2.6002140045166016,0.001,0.03218289116770225,
2025-09-15 06:20:34,ADAM_lr0.01,ADAM,2,shakespeare_char,0,train_iter,4.265802383422852,9.900990099009901e-06,,138598.9966392517
2025-09-15 06:20:35,ADAM_lr0.01,ADAM,2,shakespeare_char,10,train_eval,3.1129119396209717,0.0001089108910891089,,
2025-09-15 06:20:35,ADAM_lr0.01,ADAM,2,shakespeare_char,10,val_eval,3.139220952987671,0.0001089108910891089,,
2025-09-15 06:20:35,ADAM_lr0.01,ADAM,2,shakespeare_char,10,train_iter,3.1808078289031982,0.0001089108910891089,0.037210547410072584,1877.610683441162
2025-09-15 06:20:37,ADAM_lr0.01,ADAM,2,shakespeare_char,20,train_eval,2.7716596126556396,0.00020792079207920794,0.037210547410072584,
2025-09-15 06:20:37,ADAM_lr0.01,ADAM,2,shakespeare_char,20,val_eval,2.778684616088867,0.00020792079207920794,0.037210547410072584,
2025-09-15 06:20:37,ADAM_lr0.01,ADAM,2,shakespeare_char,20,train_iter,2.806023359298706,0.00020792079207920794,0.03725431683077481,1855.7817935943604
2025-09-15 06:20:39,ADAM_lr0.01,ADAM,2,shakespeare_char,30,train_eval,2.6302077770233154,0.00030693069306930693,0.03725431683077481,
2025-09-15 06:20:39,ADAM_lr0.01,ADAM,2,shakespeare_char,30,val_eval,2.633413076400757,0.00030693069306930693,0.03725431683077481,
2025-09-15 06:20:40,ADAM_lr0.01,ADAM,2,shakespeare_char,30,train_iter,2.6615891456604004,0.00030693069306930693,0.03664409886459266,2242.764949798584
2025-09-15 06:20:41,ADAM_lr0.01,ADAM,2,shakespeare_char,40,train_eval,2.590075731277466,0.000405940594059406,0.03664409886459266,
2025-09-15 06:20:41,ADAM_lr0.01,ADAM,2,shakespeare_char,40,val_eval,2.5812909603118896,0.000405940594059406,0.03664409886459266,
2025-09-15 06:20:41,ADAM_lr0.01,ADAM,2,shakespeare_char,40,train_iter,2.5839881896972656,0.000405940594059406,0.037378794390295546,1588.207483291626
2025-09-15 06:20:43,ADAM_lr0.01,ADAM,2,shakespeare_char,50,train_eval,2.578476905822754,0.000504950495049505,0.037378794390295546,
2025-09-15 06:20:43,ADAM_lr0.01,ADAM,2,shakespeare_char,50,val_eval,2.5686919689178467,0.000504950495049505,0.037378794390295546,
2025-09-15 06:20:44,ADAM_lr0.01,ADAM,2,shakespeare_char,50,train_iter,2.5857367515563965,0.000504950495049505,0.0368181040047181,2199.016809463501
2025-09-15 06:20:45,ADAM_lr0.01,ADAM,2,shakespeare_char,60,train_eval,2.5505709648132324,0.000603960396039604,0.0368181040047181,
2025-09-15 06:20:45,ADAM_lr0.01,ADAM,2,shakespeare_char,60,val_eval,2.5707199573516846,0.000603960396039604,0.0368181040047181,
2025-09-15 06:20:45,ADAM_lr0.01,ADAM,2,shakespeare_char,60,train_iter,2.57857084274292,0.000603960396039604,0.03876347252302141,1241.5976524353027
2025-09-15 06:20:46,ADAM_lr0.01,ADAM,2,shakespeare_char,70,train_eval,2.535557746887207,0.000702970297029703,0.03876347252302141,
2025-09-15 06:20:46,ADAM_lr0.01,ADAM,2,shakespeare_char,70,val_eval,2.5475821495056152,0.000702970297029703,0.03876347252302141,
2025-09-15 06:20:47,ADAM_lr0.01,ADAM,2,shakespeare_char,70,train_iter,2.5507795810699463,0.000702970297029703,0.04006901297048211,1348.2909202575684
2025-09-15 06:20:47,ADAM_lr0.01,ADAM,2,shakespeare_char,80,train_eval,2.531104326248169,0.000801980198019802,0.04006901297048211,
2025-09-15 06:20:47,ADAM_lr0.01,ADAM,2,shakespeare_char,80,val_eval,2.5225272178649902,0.000801980198019802,0.04006901297048211,
2025-09-15 06:20:48,ADAM_lr0.01,ADAM,2,shakespeare_char,80,train_iter,2.545368194580078,0.000801980198019802,0.04180600630595855,1216.3684368133545
2025-09-15 06:20:49,ADAM_lr0.01,ADAM,2,shakespeare_char,90,train_eval,2.5149641036987305,0.0009009900990099009,0.04180600630595855,
2025-09-15 06:20:49,ADAM_lr0.01,ADAM,2,shakespeare_char,90,val_eval,2.5268001556396484,0.0009009900990099009,0.04180600630595855,
2025-09-15 06:20:49,ADAM_lr0.01,ADAM,2,shakespeare_char,90,train_iter,2.5260109901428223,0.0009009900990099009,0.04394728043095727,1105.161428451538
2025-09-15 06:20:50,ADAM_lr0.01,ADAM,2,shakespeare_char,100,train_eval,2.5475549697875977,0.001,0.04394728043095727,
2025-09-15 06:20:50,ADAM_lr0.01,ADAM,2,shakespeare_char,100,val_eval,2.6004908084869385,0.001,0.04394728043095727,
2025-09-15 06:21:51,ADAM_lr0.01,ADAM,2,shakespeare_char,0,train_iter,4.265802383422852,9.900990099009901e-06,,134374.8698234558
2025-09-15 06:21:53,ADAM_lr0.01,ADAM,2,shakespeare_char,10,train_eval,3.1130170822143555,0.0001089108910891089,,
2025-09-15 06:21:53,ADAM_lr0.01,ADAM,2,shakespeare_char,10,val_eval,3.139324903488159,0.0001089108910891089,,
2025-09-15 06:21:54,ADAM_lr0.01,ADAM,2,shakespeare_char,10,train_iter,3.180835247039795,0.0001089108910891089,0.02300122160921778,3037.5308990478516
2025-09-15 06:21:56,ADAM_lr0.01,ADAM,2,shakespeare_char,20,train_eval,2.7717795372009277,0.00020792079207920794,0.02300122160921778,
2025-09-15 06:21:56,ADAM_lr0.01,ADAM,2,shakespeare_char,20,val_eval,2.778820276260376,0.00020792079207920794,0.02300122160921778,
2025-09-15 06:21:57,ADAM_lr0.01,ADAM,2,shakespeare_char,20,train_iter,2.8061110973358154,0.00020792079207920794,0.023602861120000783,2407.7415466308594
2025-09-15 06:21:59,ADAM_lr0.01,ADAM,2,shakespeare_char,30,train_eval,2.630237340927124,0.00030693069306930693,0.023602861120000783,
2025-09-15 06:21:59,ADAM_lr0.01,ADAM,2,shakespeare_char,30,val_eval,2.633439540863037,0.00030693069306930693,0.023602861120000783,
2025-09-15 06:22:00,ADAM_lr0.01,ADAM,2,shakespeare_char,30,train_iter,2.6616506576538086,0.00030693069306930693,0.023934352797065652,2595.5679416656494
2025-09-15 06:22:01,ADAM_lr0.01,ADAM,2,shakespeare_char,40,train_eval,2.5901358127593994,0.000405940594059406,0.023934352797065652,
2025-09-15 06:22:01,ADAM_lr0.01,ADAM,2,shakespeare_char,40,val_eval,2.581338405609131,0.000405940594059406,0.023934352797065652,
2025-09-15 06:22:02,ADAM_lr0.01,ADAM,2,shakespeare_char,40,train_iter,2.58415150642395,0.000405940594059406,0.024619797080400296,2269.2320346832275
2025-09-15 06:22:03,ADAM_lr0.01,ADAM,2,shakespeare_char,50,train_eval,2.578380823135376,0.000504950495049505,0.024619797080400296,
2025-09-15 06:22:03,ADAM_lr0.01,ADAM,2,shakespeare_char,50,val_eval,2.5686075687408447,0.000504950495049505,0.024619797080400296,
2025-09-15 06:22:04,ADAM_lr0.01,ADAM,2,shakespeare_char,50,train_iter,2.585674285888672,0.000504950495049505,0.025966031530700744,1834.6374034881592
2025-09-15 06:22:06,ADAM_lr0.01,ADAM,2,shakespeare_char,60,train_eval,2.5505270957946777,0.000603960396039604,0.025966031530700744,
2025-09-15 06:22:06,ADAM_lr0.01,ADAM,2,shakespeare_char,60,val_eval,2.5706543922424316,0.000603960396039604,0.025966031530700744,
2025-09-15 06:22:06,ADAM_lr0.01,ADAM,2,shakespeare_char,60,train_iter,2.5784029960632324,0.000603960396039604,0.02631083620036477,2375.288486480713
2025-09-15 06:22:10,ADAM_lr0.01,ADAM,2,shakespeare_char,70,train_eval,2.535677433013916,0.000702970297029703,0.02631083620036477,
2025-09-15 06:22:10,ADAM_lr0.01,ADAM,2,shakespeare_char,70,val_eval,2.547755241394043,0.000702970297029703,0.02631083620036477,
2025-09-15 06:22:10,ADAM_lr0.001,ADAM,2,shakespeare_char,100,train_iter,2.521242141723633,0.001,0.029019287184841442,127762.18390464783
2025-09-15 06:22:10,ADAM_lr0.01,ADAM,2,shakespeare_char,70,train_iter,2.5510146617889404,0.000702970297029703,0.025608537238399964,3622.328758239746
2025-09-15 06:22:12,ADAM_lr0.001,ADAM,2,shakespeare_char,110,train_eval,2.507427930831909,0.0009999907511312647,0.029019287184841442,
2025-09-15 06:22:12,ADAM_lr0.001,ADAM,2,shakespeare_char,110,val_eval,2.5174882411956787,0.0009999907511312647,0.029019287184841442,
2025-09-15 06:22:12,ADAM_lr0.01,ADAM,2,shakespeare_char,80,train_eval,2.5312299728393555,0.000801980198019802,0.025608537238399964,
2025-09-15 06:22:12,ADAM_lr0.01,ADAM,2,shakespeare_char,80,val_eval,2.522671699523926,0.000801980198019802,0.025608537238399964,
2025-09-15 06:22:12,ADAM_lr0.001,ADAM,2,shakespeare_char,110,train_iter,2.549821138381958,0.0009999907511312647,0.02919281032285539,2271.761178970337
2025-09-15 06:22:13,ADAM_lr0.01,ADAM,2,shakespeare_char,80,train_iter,2.5456080436706543,0.000801980198019802,0.025912734696616885,2438.5924339294434
2025-09-15 06:22:14,ADAM_lr0.001,ADAM,2,shakespeare_char,120,train_eval,2.508554458618164,0.0009999630049052437,0.02919281032285539,
2025-09-15 06:22:14,ADAM_lr0.001,ADAM,2,shakespeare_char,120,val_eval,2.5256309509277344,0.0009999630049052437,0.02919281032285539,
2025-09-15 06:22:14,ADAM_lr0.001,ADAM,2,shakespeare_char,120,train_iter,2.5341005325317383,0.0009999630049052437,0.029903431665540867,1924.760341644287
2025-09-15 06:22:15,ADAM_lr0.01,ADAM,2,shakespeare_char,90,train_eval,2.5149595737457275,0.0009009900990099009,0.025912734696616885,
2025-09-15 06:22:15,ADAM_lr0.01,ADAM,2,shakespeare_char,90,val_eval,2.526836633682251,0.0009009900990099009,0.025912734696616885,
2025-09-15 06:22:15,ADAM_lr0.01,ADAM,2,shakespeare_char,90,train_iter,2.526073455810547,0.0009009900990099009,0.027131237412805955,1833.8851928710938
2025-09-15 06:22:16,ADAM_lr0.001,ADAM,2,shakespeare_char,130,train_eval,2.5050241947174072,0.0009999167624624755,0.029903431665540867,
2025-09-15 06:22:16,ADAM_lr0.001,ADAM,2,shakespeare_char,130,val_eval,2.5306966304779053,0.0009999167624624755,0.029903431665540867,
2025-09-15 06:22:16,ADAM_lr0.001,ADAM,2,shakespeare_char,130,train_iter,2.5652432441711426,0.0009999167624624755,0.03018505203817364,2135.3209018707275
2025-09-15 06:22:17,ADAM_lr0.01,ADAM,2,shakespeare_char,100,train_eval,2.5477020740509033,0.001,0.027131237412805955,
2025-09-15 06:22:17,ADAM_lr0.01,ADAM,2,shakespeare_char,100,val_eval,2.600644826889038,0.001,0.027131237412805955,
2025-09-15 06:22:18,ADAM_lr0.001,ADAM,2,shakespeare_char,140,train_eval,2.493597984313965,0.000999852025703806,0.03018505203817364,
2025-09-15 06:22:18,ADAM_lr0.001,ADAM,2,shakespeare_char,140,val_eval,2.495548963546753,0.000999852025703806,0.03018505203817364,
2025-09-15 06:22:19,ADAM_lr0.001,ADAM,2,shakespeare_char,140,train_iter,2.508119583129883,0.000999852025703806,0.02982140905370589,2631.6590309143066
2025-09-15 06:22:21,ADAM_lr0.001,ADAM,2,shakespeare_char,150,train_eval,2.4919493198394775,0.0009997687972903096,0.02982140905370589,
2025-09-15 06:22:21,ADAM_lr0.001,ADAM,2,shakespeare_char,150,val_eval,2.521552562713623,0.0009997687972903096,0.02982140905370589,
2025-09-15 06:22:21,ADAM_lr0.001,ADAM,2,shakespeare_char,150,train_iter,2.4848947525024414,0.0009997687972903096,0.030060088377190076,2169.2276000976562
2025-09-15 06:22:24,ADAM_lr0.001,ADAM,2,shakespeare_char,160,train_eval,2.487283945083618,0.0009996670806431804,0.030060088377190076,
2025-09-15 06:22:24,ADAM_lr0.001,ADAM,2,shakespeare_char,160,val_eval,2.512341260910034,0.0009996670806431804,0.030060088377190076,
2025-09-15 06:22:24,ADAM_lr0.001,ADAM,2,shakespeare_char,160,train_iter,2.484536647796631,0.0009996670806431804,0.02948872582122158,2869.694948196411
2025-09-15 06:22:26,ADAM_lr0.001,ADAM,2,shakespeare_char,170,train_eval,2.470608949661255,0.0009995468799435915,0.02948872582122158,
2025-09-15 06:22:26,ADAM_lr0.001,ADAM,2,shakespeare_char,170,val_eval,2.4980437755584717,0.0009995468799435915,0.02948872582122158,
2025-09-15 06:22:26,ADAM_lr0.001,ADAM,2,shakespeare_char,170,train_iter,2.4777567386627197,0.0009995468799435915,0.02995139970313982,2047.9545593261719
2025-09-15 06:22:28,ADAM_lr0.001,ADAM,2,shakespeare_char,180,train_eval,2.462200880050659,0.000999408200132523,0.02995139970313982,
2025-09-15 06:22:28,ADAM_lr0.001,ADAM,2,shakespeare_char,180,val_eval,2.492100715637207,0.000999408200132523,0.02995139970313982,
2025-09-15 06:22:29,ADAM_lr0.001,ADAM,2,shakespeare_char,180,train_iter,2.50036358833313,0.000999408200132523,0.02964695967009605,2596.6076850891113
2025-09-15 06:22:31,ADAM_lr0.001,ADAM,2,shakespeare_char,190,train_eval,2.468545436859131,0.0009992510469105584,0.02964695967009605,
2025-09-15 06:22:31,ADAM_lr0.001,ADAM,2,shakespeare_char,190,val_eval,2.5031628608703613,0.0009992510469105584,0.02964695967009605,
2025-09-15 06:22:31,ADAM_lr0.001,ADAM,2,shakespeare_char,190,train_iter,2.5074305534362793,0.0009992510469105584,0.03058523320889166,1790.0965213775635
2025-09-15 06:22:33,ADAM_lr0.001,ADAM,2,shakespeare_char,200,train_eval,2.4776782989501953,0.0009990754267376514,0.03058523320889166,
2025-09-15 06:22:33,ADAM_lr0.001,ADAM,2,shakespeare_char,200,val_eval,2.505345582962036,0.0009990754267376514,0.03058523320889166,
2025-09-15 06:22:59,ADAM_lr0.01,ADAM,2,shakespeare_char,100,train_iter,2.5213069915771484,0.001,0.039606195871154694,130243.07346343994
2025-09-15 06:23:01,ADAM_lr0.01,ADAM,2,shakespeare_char,110,train_eval,2.507431983947754,0.0009999907511312647,0.039606195871154694,
2025-09-15 06:23:01,ADAM_lr0.01,ADAM,2,shakespeare_char,110,val_eval,2.5175271034240723,0.0009999907511312647,0.039606195871154694,
2025-09-15 06:23:02,ADAM_lr0.01,ADAM,2,shakespeare_char,110,train_iter,2.549726963043213,0.0009999907511312647,0.03894593388320683,2116.950035095215
2025-09-15 06:23:03,ADAM_lr0.01,ADAM,2,shakespeare_char,120,train_eval,2.5085434913635254,0.0009999630049052437,0.03894593388320683,
2025-09-15 06:23:03,ADAM_lr0.01,ADAM,2,shakespeare_char,120,val_eval,2.52547025680542,0.0009999630049052437,0.03894593388320683,
2025-09-15 06:23:03,ADAM_lr0.01,ADAM,2,shakespeare_char,120,train_iter,2.5343267917633057,0.0009999630049052437,0.04303974259702949,874.6044635772705
2025-09-15 06:23:04,ADAM_lr0.01,ADAM,2,shakespeare_char,130,train_eval,2.5049221515655518,0.0009999167624624755,0.04303974259702949,
2025-09-15 06:23:04,ADAM_lr0.01,ADAM,2,shakespeare_char,130,val_eval,2.530527353286743,0.0009999167624624755,0.04303974259702949,
2025-09-15 06:23:04,ADAM_lr0.01,ADAM,2,shakespeare_char,130,train_iter,2.5650463104248047,0.0009999167624624755,0.045507221679566744,1031.7862033843994
2025-09-15 06:23:05,ADAM_lr0.01,ADAM,2,shakespeare_char,140,train_eval,2.493516683578491,0.000999852025703806,0.045507221679566744,
2025-09-15 06:23:05,ADAM_lr0.01,ADAM,2,shakespeare_char,140,val_eval,2.4955244064331055,0.000999852025703806,0.045507221679566744,
2025-09-15 06:23:05,ADAM_lr0.01,ADAM,2,shakespeare_char,140,train_iter,2.508037567138672,0.000999852025703806,0.04555382096492372,1519.731044769287
2025-09-15 06:23:06,ADAM_lr0.01,ADAM,2,shakespeare_char,150,train_eval,2.491811752319336,0.0009997687972903096,0.04555382096492372,
2025-09-15 06:23:06,ADAM_lr0.01,ADAM,2,shakespeare_char,150,val_eval,2.5214455127716064,0.0009997687972903096,0.04555382096492372,
2025-09-15 06:23:06,ADAM_lr0.01,ADAM,2,shakespeare_char,150,train_iter,2.484241008758545,0.0009997687972903096,0.047532724499624576,1069.2358016967773
2025-09-15 06:23:07,ADAM_lr0.01,ADAM,2,shakespeare_char,160,train_eval,2.4874069690704346,0.0009996670806431804,0.047532724499624576,
2025-09-15 06:23:07,ADAM_lr0.01,ADAM,2,shakespeare_char,160,val_eval,2.512343406677246,0.0009996670806431804,0.047532724499624576,
2025-09-15 06:23:07,ADAM_lr0.01,ADAM,2,shakespeare_char,160,train_iter,2.4844799041748047,0.0009996670806431804,0.04983709239180188,989.9473190307617
2025-09-15 06:23:09,ADAM_lr0.01,ADAM,2,shakespeare_char,170,train_eval,2.4707393646240234,0.0009995468799435915,0.04983709239180188,
2025-09-15 06:23:09,ADAM_lr0.01,ADAM,2,shakespeare_char,170,val_eval,2.4983301162719727,0.0009995468799435915,0.04983709239180188,
2025-09-15 06:23:09,ADAM_lr0.01,ADAM,2,shakespeare_char,170,train_iter,2.477935552597046,0.0009995468799435915,0.05212267134846676,961.1246585845947
2025-09-15 06:23:09,ADAM_lr0.01,ADAM,2,shakespeare_char,180,train_eval,2.462249994277954,0.000999408200132523,0.05212267134846676,
2025-09-15 06:23:09,ADAM_lr0.01,ADAM,2,shakespeare_char,180,val_eval,2.4918906688690186,0.000999408200132523,0.05212267134846676,
2025-09-15 06:23:10,ADAM_lr0.01,ADAM,2,shakespeare_char,180,train_iter,2.500216484069824,0.000999408200132523,0.05194176762073112,1388.6280059814453
2025-09-15 06:23:11,ADAM_lr0.01,ADAM,2,shakespeare_char,190,train_eval,2.4682817459106445,0.0009992510469105584,0.05194176762073112,
2025-09-15 06:23:11,ADAM_lr0.01,ADAM,2,shakespeare_char,190,val_eval,2.5027008056640625,0.0009992510469105584,0.05194176762073112,
2025-09-15 06:23:11,ADAM_lr0.01,ADAM,2,shakespeare_char,190,train_iter,2.5074660778045654,0.0009992510469105584,0.0548695111553201,860.2266311645508
2025-09-15 06:23:12,ADAM_lr0.01,ADAM,2,shakespeare_char,200,train_eval,2.4784281253814697,0.0009990754267376514,0.0548695111553201,
2025-09-15 06:23:12,ADAM_lr0.01,ADAM,2,shakespeare_char,200,val_eval,2.5059731006622314,0.0009990754267376514,0.0548695111553201,
2025-09-15 06:23:43,ADAM_lr0.01,ADAM,2,shakespeare_char,100,train_iter,2.521486520767212,0.001,0.024497425519951967,88091.40467643738
2025-09-15 06:23:45,ADAM_lr0.01,ADAM,2,shakespeare_char,110,train_eval,2.5072126388549805,0.0009999907511312647,0.024497425519951967,
2025-09-15 06:23:45,ADAM_lr0.01,ADAM,2,shakespeare_char,110,val_eval,2.517348527908325,0.0009999907511312647,0.024497425519951967,
2025-09-15 06:23:45,ADAM_lr0.01,ADAM,2,shakespeare_char,110,train_iter,2.5495059490203857,0.0009999907511312647,0.024915919491035218,2435.8842372894287
2025-09-15 06:23:47,ADAM_lr0.01,ADAM,2,shakespeare_char,120,train_eval,2.5086915493011475,0.0009999630049052437,0.024915919491035218,
2025-09-15 06:23:47,ADAM_lr0.01,ADAM,2,shakespeare_char,120,val_eval,2.5256874561309814,0.0009999630049052437,0.024915919491035218,
2025-09-15 06:23:47,ADAM_lr0.01,ADAM,2,shakespeare_char,120,train_iter,2.53421688079834,0.0009999630049052437,0.0262362143747122,1832.8697681427002
2025-09-15 06:23:49,ADAM_lr0.01,ADAM,2,shakespeare_char,130,train_eval,2.5051045417785645,0.0009999167624624755,0.0262362143747122,
2025-09-15 06:23:49,ADAM_lr0.01,ADAM,2,shakespeare_char,130,val_eval,2.5308122634887695,0.0009999167624624755,0.0262362143747122,
2025-09-15 06:23:49,ADAM_lr0.01,ADAM,2,shakespeare_char,130,train_iter,2.565153121948242,0.0009999167624624755,0.027710063543642055,1705.1231861114502
2025-09-15 06:23:50,ADAM_lr0.01,ADAM,2,shakespeare_char,140,train_eval,2.493424892425537,0.000999852025703806,0.027710063543642055,
2025-09-15 06:23:50,ADAM_lr0.01,ADAM,2,shakespeare_char,140,val_eval,2.495434284210205,0.000999852025703806,0.027710063543642055,
2025-09-15 06:23:51,ADAM_lr0.01,ADAM,2,shakespeare_char,140,train_iter,2.5079007148742676,0.000999852025703806,0.029260621390490404,1616.7044639587402
2025-09-15 06:23:54,ADAM_lr0.01,ADAM,2,shakespeare_char,150,train_eval,2.4918465614318848,0.0009997687972903096,0.029260621390490404,
2025-09-15 06:23:54,ADAM_lr0.01,ADAM,2,shakespeare_char,150,val_eval,2.5215113162994385,0.0009997687972903096,0.029260621390490404,
2025-09-15 06:23:54,ADAM_lr0.01,ADAM,2,shakespeare_char,150,train_iter,2.4844367504119873,0.0009997687972903096,0.028944363365937042,2677.0944595336914
2025-09-15 06:23:55,ADAM_lr0.01,ADAM,2,shakespeare_char,160,train_eval,2.487384796142578,0.0009996670806431804,0.028944363365937042,
2025-09-15 06:23:55,ADAM_lr0.01,ADAM,2,shakespeare_char,160,val_eval,2.512404680252075,0.0009996670806431804,0.028944363365937042,
2025-09-15 06:23:55,ADAM_lr0.01,ADAM,2,shakespeare_char,160,train_iter,2.4844093322753906,0.0009996670806431804,0.031213714078287644,1353.0170917510986
2025-09-15 06:23:57,ADAM_lr0.01,ADAM,2,shakespeare_char,170,train_eval,2.4707186222076416,0.0009995468799435915,0.031213714078287644,
2025-09-15 06:23:57,ADAM_lr0.01,ADAM,2,shakespeare_char,170,val_eval,2.4981982707977295,0.0009995468799435915,0.031213714078287644,
2025-09-15 06:23:57,ADAM_lr0.01,ADAM,2,shakespeare_char,170,train_iter,2.477713108062744,0.0009995468799435915,0.031296892896550084,2180.241107940674
2025-09-15 06:24:00,ADAM_lr0.01,ADAM,2,shakespeare_char,180,train_eval,2.462441921234131,0.000999408200132523,0.031296892896550084,
2025-09-15 06:24:00,ADAM_lr0.01,ADAM,2,shakespeare_char,180,val_eval,2.491482734680176,0.000999408200132523,0.031296892896550084,
2025-09-15 06:24:00,ADAM_lr0.01,ADAM,2,shakespeare_char,180,train_iter,2.4999020099639893,0.000999408200132523,0.030660010048976664,2802.741527557373
2025-09-15 06:24:02,ADAM_lr0.01,ADAM,2,shakespeare_char,190,train_eval,2.4685418605804443,0.0009992510469105584,0.030660010048976664,
2025-09-15 06:24:02,ADAM_lr0.01,ADAM,2,shakespeare_char,190,val_eval,2.5035390853881836,0.0009992510469105584,0.030660010048976664,
2025-09-15 06:24:02,ADAM_lr0.01,ADAM,2,shakespeare_char,190,train_iter,2.508165121078491,0.0009992510469105584,0.03231490813999263,1479.9494743347168
2025-09-15 06:24:03,ADAM_lr0.01,ADAM,2,shakespeare_char,200,train_eval,2.4774444103240967,0.0009990754267376514,0.03231490813999263,
2025-09-15 06:24:03,ADAM_lr0.01,ADAM,2,shakespeare_char,200,val_eval,2.504641532897949,0.0009990754267376514,0.03231490813999263,
2025-09-15 06:24:49,ADAM_lr0.001,ADAM,2,shakespeare_char,200,train_iter,2.547198534011841,0.0009990754267376514,0.0275774197018758,137777.90927886963
2025-09-15 06:25:02,ADAM_lr0.01,ADAM,2,shakespeare_char,0,train_eval,4.270771503448486,9.900990099009901e-06,,
2025-09-15 06:25:02,ADAM_lr0.01,ADAM,2,shakespeare_char,0,val_eval,4.269772529602051,9.900990099009901e-06,,
2025-09-15 06:25:49,ADAM_lr0.01,ADAM,2,shakespeare_char,200,train_iter,2.547295093536377,0.0009990754267376514,0.029148672555911574,107067.15989112854
2025-09-15 06:25:49,ADAM_lr0.01,ADAM,2,shakespeare_char,200,train_iter,2.5472218990325928,0.0009990754267376514,0.04942678497017704,157980.8509349823
2025-09-15 06:25:58,ADAMW_lr0.0003,ADAMW,2,shakespeare_char,0,train_eval,4.270771503448486,9.900990099009901e-06,,
2025-09-15 06:25:58,ADAMW_lr0.0003,ADAMW,2,shakespeare_char,0,val_eval,4.269772529602051,9.900990099009901e-06,,
2025-09-15 06:26:01,ADAMW_lr0.0003,ADAMW,2,shakespeare_char,0,train_eval,4.270771503448486,9.900990099009901e-06,,
2025-09-15 06:26:01,ADAMW_lr0.0003,ADAMW,2,shakespeare_char,0,val_eval,4.269772529602051,9.900990099009901e-06,,
2025-09-15 06:27:27,ADAM_lr0.01,ADAM,2,shakespeare_char,0,train_iter,4.265802383422852,9.900990099009901e-06,,148878.82328033447
2025-09-15 06:27:29,ADAM_lr0.01,ADAM,2,shakespeare_char,10,train_eval,3.1129448413848877,0.0001089108910891089,,
2025-09-15 06:27:29,ADAM_lr0.01,ADAM,2,shakespeare_char,10,val_eval,3.1392464637756348,0.0001089108910891089,,
2025-09-15 06:27:29,ADAM_lr0.01,ADAM,2,shakespeare_char,10,train_iter,3.1808552742004395,0.0001089108910891089,0.035809736726210725,1951.059341430664
2025-09-15 06:27:31,ADAM_lr0.01,ADAM,2,shakespeare_char,20,train_eval,2.7717063426971436,0.00020792079207920794,0.035809736726210725,
2025-09-15 06:27:31,ADAM_lr0.01,ADAM,2,shakespeare_char,20,val_eval,2.7787418365478516,0.00020792079207920794,0.035809736726210725,
2025-09-15 06:27:32,ADAM_lr0.01,ADAM,2,shakespeare_char,20,train_iter,2.806095838546753,0.00020792079207920794,0.03568695911440014,2020.3285217285156
2025-09-15 06:27:34,ADAM_lr0.01,ADAM,2,shakespeare_char,30,train_eval,2.630328893661499,0.00030693069306930693,0.03568695911440014,
2025-09-15 06:27:34,ADAM_lr0.01,ADAM,2,shakespeare_char,30,val_eval,2.633502721786499,0.00030693069306930693,0.03568695911440014,
2025-09-15 06:27:34,ADAM_lr0.01,ADAM,2,shakespeare_char,30,train_iter,2.661771297454834,0.00030693069306930693,0.03480323053869725,2602.15163230896
2025-09-15 06:27:36,ADAM_lr0.01,ADAM,2,shakespeare_char,40,train_eval,2.590134859085083,0.000405940594059406,0.03480323053869725,
2025-09-15 06:27:36,ADAM_lr0.01,ADAM,2,shakespeare_char,40,val_eval,2.581357717514038,0.000405940594059406,0.03480323053869725,
2025-09-15 06:27:37,ADAM_lr0.01,ADAM,2,shakespeare_char,40,train_iter,2.58404278755188,0.000405940594059406,0.03414314619496621,2477.3406982421875
2025-09-15 06:27:39,ADAM_lr0.01,ADAM,2,shakespeare_char,50,train_eval,2.578364372253418,0.000504950495049505,0.03414314619496621,
2025-09-15 06:27:39,ADAM_lr0.01,ADAM,2,shakespeare_char,50,val_eval,2.5685689449310303,0.000504950495049505,0.03414314619496621,
2025-09-15 06:27:40,ADAM_lr0.01,ADAM,2,shakespeare_char,50,train_iter,2.5857582092285156,0.000504950495049505,0.03331340943401222,2703.223705291748
2025-09-15 06:27:41,ADAM_lr0.01,ADAM,2,shakespeare_char,60,train_eval,2.5505619049072266,0.000603960396039604,0.03331340943401222,
2025-09-15 06:27:41,ADAM_lr0.01,ADAM,2,shakespeare_char,60,val_eval,2.5707080364227295,0.000603960396039604,0.03331340943401222,
2025-09-15 06:27:41,ADAM_lr0.01,ADAM,2,shakespeare_char,60,train_iter,2.5785107612609863,0.000603960396039604,0.03405358305326437,1715.9934043884277
2025-09-15 06:27:43,ADAM_lr0.01,ADAM,2,shakespeare_char,70,train_eval,2.535552978515625,0.000702970297029703,0.03405358305326437,
2025-09-15 06:27:43,ADAM_lr0.01,ADAM,2,shakespeare_char,70,val_eval,2.547572374343872,0.000702970297029703,0.03405358305326437,
2025-09-15 06:27:43,ADAM_lr0.01,ADAM,2,shakespeare_char,70,train_iter,2.5510191917419434,0.000702970297029703,0.034422564145112904,1851.1033058166504
2025-09-15 06:27:45,ADAM_lr0.01,ADAM,2,shakespeare_char,80,train_eval,2.5311660766601562,0.000801980198019802,0.034422564145112904,
2025-09-15 06:27:45,ADAM_lr0.01,ADAM,2,shakespeare_char,80,val_eval,2.522589683532715,0.000801980198019802,0.034422564145112904,
2025-09-15 06:27:46,ADAM_lr0.01,ADAM,2,shakespeare_char,80,train_iter,2.545470714569092,0.000801980198019802,0.033530383083398965,2739.7983074188232
2025-09-15 06:27:48,ADAMW_lr0.0003,ADAMW,2,shakespeare_char,0,train_iter,4.265802383422852,9.900990099009901e-06,,110616.38736724854
2025-09-15 06:27:49,ADAM_lr0.01,ADAM,2,shakespeare_char,90,train_eval,2.5149738788604736,0.0009009900990099009,0.033530383083398965,
2025-09-15 06:27:49,ADAM_lr0.01,ADAM,2,shakespeare_char,90,val_eval,2.5268561840057373,0.0009009900990099009,0.033530383083398965,
2025-09-15 06:27:49,ADAM_lr0.01,ADAM,2,shakespeare_char,90,train_iter,2.5259499549865723,0.0009009900990099009,0.033114643844765076,2378.6110877990723
2025-09-15 06:27:50,ADAMW_lr0.0003,ADAMW,2,shakespeare_char,10,train_eval,3.1129846572875977,0.0001089108910891089,,
2025-09-15 06:27:50,ADAMW_lr0.0003,ADAMW,2,shakespeare_char,10,val_eval,3.139293909072876,0.0001089108910891089,,
2025-09-15 06:27:50,ADAM_lr0.01,ADAM,2,shakespeare_char,100,train_eval,2.547419309616089,0.001,0.033114643844765076,
2025-09-15 06:27:50,ADAM_lr0.01,ADAM,2,shakespeare_char,100,val_eval,2.6003119945526123,0.001,0.033114643844765076,
2025-09-15 06:27:51,ADAMW_lr0.0003,ADAMW,2,shakespeare_char,10,train_iter,3.180835723876953,0.0001089108910891089,0.022471200659936703,3109.1761589050293
2025-09-15 06:27:53,ADAMW_lr0.0003,ADAMW,2,shakespeare_char,20,train_eval,2.7717669010162354,0.00020792079207920794,0.022471200659936703,
2025-09-15 06:27:53,ADAMW_lr0.0003,ADAMW,2,shakespeare_char,20,val_eval,2.778806209564209,0.00020792079207920794,0.022471200659936703,
2025-09-15 06:27:54,ADAMW_lr0.0003,ADAMW,2,shakespeare_char,20,train_iter,2.8061561584472656,0.00020792079207920794,0.02259227947028986,2950.2134323120117
2025-09-15 06:27:57,ADAMW_lr0.0003,ADAMW,2,shakespeare_char,30,train_eval,2.6302542686462402,0.00030693069306930693,0.02259227947028986,
2025-09-15 06:27:57,ADAMW_lr0.0003,ADAMW,2,shakespeare_char,30,val_eval,2.6334667205810547,0.00030693069306930693,0.02259227947028986,
2025-09-15 06:27:57,ADAMW_lr0.0003,ADAMW,2,shakespeare_char,30,train_iter,2.6616172790527344,0.00030693069306930693,0.022545828891117635,3157.431125640869
2025-09-15 06:27:59,ADAMW_lr0.0003,ADAMW,2,shakespeare_char,40,train_eval,2.590019464492798,0.000405940594059406,0.022545828891117635,
2025-09-15 06:27:59,ADAMW_lr0.0003,ADAMW,2,shakespeare_char,40,val_eval,2.581249475479126,0.000405940594059406,0.022545828891117635,
2025-09-15 06:28:00,ADAMW_lr0.0003,ADAMW,2,shakespeare_char,40,train_iter,2.5840680599212646,0.000405940594059406,0.022934988099707114,2642.728328704834
2025-09-15 06:28:01,ADAMW_lr0.0003,ADAMW,2,shakespeare_char,50,train_eval,2.5783560276031494,0.000504950495049505,0.022934988099707114,
2025-09-15 06:28:01,ADAMW_lr0.0003,ADAMW,2,shakespeare_char,50,val_eval,2.5686049461364746,0.000504950495049505,0.022934988099707114,
2025-09-15 06:28:02,ADAMW_lr0.0003,ADAMW,2,shakespeare_char,50,train_iter,2.5858068466186523,0.000504950495049505,0.024284871179870188,1917.6392555236816
2025-09-15 06:28:04,ADAMW_lr0.0003,ADAMW,2,shakespeare_char,60,train_eval,2.5505521297454834,0.000603960396039604,0.024284871179870188,
2025-09-15 06:28:04,ADAMW_lr0.0003,ADAMW,2,shakespeare_char,60,val_eval,2.5707242488861084,0.000603960396039604,0.024284871179870188,
2025-09-15 06:28:04,ADAMW_lr0.0003,ADAMW,2,shakespeare_char,60,train_iter,2.5784993171691895,0.000603960396039604,0.026557394192467363,1486.210823059082
2025-09-15 06:28:06,ADAMW_lr0.0003,ADAMW,2,shakespeare_char,70,train_eval,2.53564453125,0.000702970297029703,0.026557394192467363,
2025-09-15 06:28:06,ADAMW_lr0.0003,ADAMW,2,shakespeare_char,70,val_eval,2.547675371170044,0.000702970297029703,0.026557394192467363,
2025-09-15 06:28:06,ADAMW_lr0.0003,ADAMW,2,shakespeare_char,70,train_iter,2.5508766174316406,0.000702970297029703,0.026805177166113477,2406.2814712524414
2025-09-15 06:28:09,ADAMW_lr0.0003,ADAMW,2,shakespeare_char,80,train_eval,2.531087875366211,0.000801980198019802,0.026805177166113477,
2025-09-15 06:28:09,ADAMW_lr0.0003,ADAMW,2,shakespeare_char,80,val_eval,2.5225493907928467,0.000801980198019802,0.026805177166113477,
2025-09-15 06:28:09,ADAMW_lr0.0003,ADAMW,2,shakespeare_char,80,train_iter,2.5454354286193848,0.000801980198019802,0.026399810947660165,3070.868968963623
2025-09-15 06:28:12,ADAMW_lr0.0003,ADAMW,2,shakespeare_char,90,train_eval,2.5149500370025635,0.0009009900990099009,0.026399810947660165,
2025-09-15 06:28:12,ADAMW_lr0.0003,ADAMW,2,shakespeare_char,90,val_eval,2.5268290042877197,0.0009009900990099009,0.026399810947660165,
2025-09-15 06:28:12,ADAMW_lr0.0003,ADAMW,2,shakespeare_char,90,train_iter,2.5259921550750732,0.0009009900990099009,0.026740249421038156,2344.1975116729736
2025-09-15 06:28:14,ADAMW_lr0.0003,ADAMW,2,shakespeare_char,100,train_eval,2.5475234985351562,0.001,0.026740249421038156,
2025-09-15 06:28:14,ADAMW_lr0.0003,ADAMW,2,shakespeare_char,100,val_eval,2.600292444229126,0.001,0.026740249421038156,
2025-09-15 06:28:36,ADAMW_lr0.0003,ADAMW,2,shakespeare_char,0,train_iter,4.265802383422852,9.900990099009901e-06,,160123.99744987488
2025-09-15 06:28:38,ADAMW_lr0.0003,ADAMW,2,shakespeare_char,10,train_eval,3.11293363571167,0.0001089108910891089,,
2025-09-15 06:28:38,ADAMW_lr0.0003,ADAMW,2,shakespeare_char,10,val_eval,3.139235258102417,0.0001089108910891089,,
2025-09-15 06:28:39,ADAMW_lr0.0003,ADAMW,2,shakespeare_char,10,train_iter,3.1808128356933594,0.0001089108910891089,0.02529864915608372,2761.685848236084
2025-09-15 06:28:40,ADAMW_lr0.0003,ADAMW,2,shakespeare_char,20,train_eval,2.771749258041382,0.00020792079207920794,0.02529864915608372,
2025-09-15 06:28:40,ADAMW_lr0.0003,ADAMW,2,shakespeare_char,20,val_eval,2.778775691986084,0.00020792079207920794,0.02529864915608372,
2025-09-15 06:28:41,ADAMW_lr0.0003,ADAMW,2,shakespeare_char,20,train_iter,2.8060855865478516,0.00020792079207920794,0.0266510358815071,1799.6494770050049
2025-09-15 06:28:42,ADAMW_lr0.0003,ADAMW,2,shakespeare_char,30,train_eval,2.6302318572998047,0.00030693069306930693,0.0266510358815071,
2025-09-15 06:28:42,ADAMW_lr0.0003,ADAMW,2,shakespeare_char,30,val_eval,2.6334240436553955,0.00030693069306930693,0.0266510358815071,
2025-09-15 06:28:42,ADAMW_lr0.0003,ADAMW,2,shakespeare_char,30,train_iter,2.6615171432495117,0.00030693069306930693,0.02965589804061997,1232.2282791137695
2025-09-15 06:28:43,ADAMW_lr0.0003,ADAMW,2,shakespeare_char,40,train_eval,2.5900726318359375,0.000405940594059406,0.02965589804061997,
2025-09-15 06:28:43,ADAMW_lr0.0003,ADAMW,2,shakespeare_char,40,val_eval,2.581287145614624,0.000405940594059406,0.02965589804061997,
2025-09-15 06:28:43,ADAMW_lr0.0003,ADAMW,2,shakespeare_char,40,train_iter,2.583932876586914,0.000405940594059406,0.032373644560517945,1229.3293476104736
2025-09-15 06:28:45,ADAMW_lr0.0003,ADAMW,2,shakespeare_char,50,train_eval,2.5785207748413086,0.000504950495049505,0.032373644560517945,
2025-09-15 06:28:45,ADAMW_lr0.0003,ADAMW,2,shakespeare_char,50,val_eval,2.568699598312378,0.000504950495049505,0.032373644560517945,
2025-09-15 06:28:45,ADAMW_lr0.0003,ADAMW,2,shakespeare_char,50,train_iter,2.585800886154175,0.000504950495049505,0.033402413107906384,1637.7108097076416
2025-09-15 06:28:47,ADAMW_lr0.0003,ADAMW,2,shakespeare_char,60,train_eval,2.5505473613739014,0.000603960396039604,0.033402413107906384,
2025-09-15 06:28:47,ADAMW_lr0.0003,ADAMW,2,shakespeare_char,60,val_eval,2.570622205734253,0.000603960396039604,0.033402413107906384,
2025-09-15 06:28:47,ADAMW_lr0.0003,ADAMW,2,shakespeare_char,60,train_iter,2.5786683559417725,0.000603960396039604,0.034350501671053336,1629.2338371276855
2025-09-15 06:28:49,ADAMW_lr0.0003,ADAMW,2,shakespeare_char,70,train_eval,2.535590171813965,0.000702970297029703,0.034350501671053336,
2025-09-15 06:28:49,ADAMW_lr0.0003,ADAMW,2,shakespeare_char,70,val_eval,2.5476791858673096,0.000702970297029703,0.034350501671053336,
2025-09-15 06:28:49,ADAMW_lr0.0003,ADAMW,2,shakespeare_char,70,train_iter,2.5508203506469727,0.000702970297029703,0.03385900967297984,2373.5532760620117
2025-09-15 06:28:51,ADAMW_lr0.0003,ADAMW,2,shakespeare_char,80,train_eval,2.5311715602874756,0.000801980198019802,0.03385900967297984,
2025-09-15 06:28:51,ADAMW_lr0.0003,ADAMW,2,shakespeare_char,80,val_eval,2.5225846767425537,0.000801980198019802,0.03385900967297984,
2025-09-15 06:28:51,ADAMW_lr0.0003,ADAMW,2,shakespeare_char,80,train_iter,2.545527458190918,0.000801980198019802,0.03436933110526781,1793.196439743042
2025-09-15 06:28:53,ADAMW_lr0.0003,ADAMW,2,shakespeare_char,90,train_eval,2.514972448348999,0.0009009900990099009,0.03436933110526781,
2025-09-15 06:28:53,ADAMW_lr0.0003,ADAMW,2,shakespeare_char,90,val_eval,2.526876449584961,0.0009009900990099009,0.03436933110526781,
2025-09-15 06:28:53,ADAMW_lr0.0003,ADAMW,2,shakespeare_char,90,train_iter,2.5259785652160645,0.0009009900990099009,0.035190828194836335,1640.6731605529785
2025-09-15 06:28:55,ADAMW_lr0.0003,ADAMW,2,shakespeare_char,100,train_eval,2.547280788421631,0.001,0.035190828194836335,
2025-09-15 06:28:55,ADAMW_lr0.0003,ADAMW,2,shakespeare_char,100,val_eval,2.6000027656555176,0.001,0.035190828194836335,
2025-09-15 06:31:56,ADAMW_lr0.0003,ADAMW,2,shakespeare_char,100,train_iter,2.521406412124634,0.001,0.024097326868219734,224635.22243499756
2025-09-15 06:31:57,ADAM_lr0.01,ADAM,2,shakespeare_char,100,train_iter,2.521242141723633,0.001,0.029831340929307115,248094.0227508545
2025-09-15 06:31:58,ADAMW_lr0.0003,ADAMW,2,shakespeare_char,110,train_eval,2.5073399543762207,0.0009999907511312647,0.024097326868219734,
2025-09-15 06:31:58,ADAMW_lr0.0003,ADAMW,2,shakespeare_char,110,val_eval,2.517442464828491,0.0009999907511312647,0.024097326868219734,
2025-09-15 06:31:58,ADAM_lr0.01,ADAM,2,shakespeare_char,110,train_eval,2.5072574615478516,0.0009999907511312647,0.029831340929307115,
2025-09-15 06:31:58,ADAM_lr0.01,ADAM,2,shakespeare_char,110,val_eval,2.5173392295837402,0.0009999907511312647,0.029831340929307115,
2025-09-15 06:31:58,ADAMW_lr0.0003,ADAMW,2,shakespeare_char,110,train_iter,2.5495264530181885,0.0009999907511312647,0.026194697403212164,1550.1513481140137
2025-09-15 06:31:59,ADAM_lr0.01,ADAM,2,shakespeare_char,110,train_iter,2.5496082305908203,0.0009999907511312647,0.030364764358219925,1986.7987632751465
2025-09-15 06:32:00,ADAMW_lr0.0003,ADAMW,2,shakespeare_char,120,train_eval,2.508613109588623,0.0009999630049052437,0.026194697403212164,
2025-09-15 06:32:00,ADAMW_lr0.0003,ADAMW,2,shakespeare_char,120,val_eval,2.5256454944610596,0.0009999630049052437,0.026194697403212164,
2025-09-15 06:32:00,ADAMW_lr0.0003,ADAMW,2,shakespeare_char,120,train_iter,2.5344061851501465,0.0009999630049052437,0.027539622457203927,1762.3603343963623
2025-09-15 06:32:00,ADAM_lr0.01,ADAM,2,shakespeare_char,120,train_eval,2.508634090423584,0.0009999630049052437,0.030364764358219925,
2025-09-15 06:32:00,ADAM_lr0.01,ADAM,2,shakespeare_char,120,val_eval,2.525587558746338,0.0009999630049052437,0.030364764358219925,
2025-09-15 06:32:00,ADAM_lr0.01,ADAM,2,shakespeare_char,120,train_iter,2.534162998199463,0.0009999630049052437,0.03310840530468033,1208.7457180023193
2025-09-15 06:32:02,ADAMW_lr0.0003,ADAMW,2,shakespeare_char,130,train_eval,2.505098819732666,0.0009999167624624755,0.027539622457203927,
2025-09-15 06:32:02,ADAMW_lr0.0003,ADAMW,2,shakespeare_char,130,val_eval,2.5308194160461426,0.0009999167624624755,0.027539622457203927,
2025-09-15 06:32:02,ADAMW_lr0.0003,ADAMW,2,shakespeare_char,130,train_iter,2.565204381942749,0.0009999167624624755,0.029621806750947822,1444.6816444396973
2025-09-15 06:32:02,ADAM_lr0.01,ADAM,2,shakespeare_char,130,train_eval,2.505112648010254,0.0009999167624624755,0.03310840530468033,
2025-09-15 06:32:02,ADAM_lr0.01,ADAM,2,shakespeare_char,130,val_eval,2.530761241912842,0.0009999167624624755,0.03310840530468033,
2025-09-15 06:32:02,ADAM_lr0.01,ADAM,2,shakespeare_char,130,train_iter,2.565096378326416,0.0009999167624624755,0.03484589338932391,1383.9614391326904
2025-09-15 06:32:03,ADAMW_lr0.0003,ADAMW,2,shakespeare_char,140,train_eval,2.4934844970703125,0.000999852025703806,0.029621806750947822,
2025-09-15 06:32:03,ADAMW_lr0.0003,ADAMW,2,shakespeare_char,140,val_eval,2.4954395294189453,0.000999852025703806,0.029621806750947822,
2025-09-15 06:32:04,ADAM_lr0.01,ADAM,2,shakespeare_char,140,train_eval,2.4936211109161377,0.000999852025703806,0.03484589338932391,
2025-09-15 06:32:04,ADAM_lr0.01,ADAM,2,shakespeare_char,140,val_eval,2.495586633682251,0.000999852025703806,0.03484589338932391,
2025-09-15 06:32:04,ADAM_lr0.01,ADAM,2,shakespeare_char,140,train_iter,2.5080904960632324,0.000999852025703806,0.03453723008086446,2199.8913288116455
2025-09-15 06:32:04,ADAMW_lr0.0003,ADAMW,2,shakespeare_char,140,train_iter,2.5080771446228027,0.000999852025703806,0.029462756355003006,2492.4607276916504
2025-09-15 06:32:05,ADAM_lr0.01,ADAM,2,shakespeare_char,150,train_eval,2.4918363094329834,0.0009997687972903096,0.03453723008086446,
2025-09-15 06:32:05,ADAM_lr0.01,ADAM,2,shakespeare_char,150,val_eval,2.521488904953003,0.0009997687972903096,0.03453723008086446,
2025-09-15 06:32:05,ADAM_lr0.01,ADAM,2,shakespeare_char,150,train_iter,2.4845571517944336,0.0009997687972903096,0.03853027074071551,938.2185935974121
2025-09-15 06:32:06,ADAMW_lr0.0003,ADAMW,2,shakespeare_char,150,train_eval,2.4919402599334717,0.0009997687972903096,0.029462756355003006,
2025-09-15 06:32:06,ADAMW_lr0.0003,ADAMW,2,shakespeare_char,150,val_eval,2.5217487812042236,0.0009997687972903096,0.029462756355003006,
2025-09-15 06:32:06,ADAMW_lr0.0003,ADAMW,2,shakespeare_char,150,train_iter,2.484391689300537,0.0009997687972903096,0.030451111381880523,1775.6919860839844
2025-09-15 06:32:06,ADAM_lr0.01,ADAM,2,shakespeare_char,160,train_eval,2.487293004989624,0.0009996670806431804,0.03853027074071551,
2025-09-15 06:32:06,ADAM_lr0.01,ADAM,2,shakespeare_char,160,val_eval,2.512343645095825,0.0009996670806431804,0.03853027074071551,
2025-09-15 06:32:06,ADAM_lr0.01,ADAM,2,shakespeare_char,160,train_iter,2.4843521118164062,0.0009996670806431804,0.042083971365427145,943.2899951934814
2025-09-15 06:32:07,ADAM_lr0.01,ADAM,2,shakespeare_char,170,train_eval,2.470798969268799,0.0009995468799435915,0.042083971365427145,
2025-09-15 06:32:07,ADAM_lr0.01,ADAM,2,shakespeare_char,170,val_eval,2.4982879161834717,0.0009995468799435915,0.042083971365427145,
2025-09-15 06:32:07,ADAM_lr0.01,ADAM,2,shakespeare_char,170,train_iter,2.477809429168701,0.0009995468799435915,0.045500977598976235,916.2390232086182
2025-09-15 06:32:08,ADAMW_lr0.0003,ADAMW,2,shakespeare_char,160,train_eval,2.4873604774475098,0.0009996670806431804,0.030451111381880523,
2025-09-15 06:32:08,ADAMW_lr0.0003,ADAMW,2,shakespeare_char,160,val_eval,2.5123140811920166,0.0009996670806431804,0.030451111381880523,
2025-09-15 06:32:08,ADAMW_lr0.0003,ADAMW,2,shakespeare_char,160,train_iter,2.4844038486480713,0.0009996670806431804,0.0313719085683863,1761.6877555847168
2025-09-15 06:32:09,ADAM_lr0.01,ADAM,2,shakespeare_char,180,train_eval,2.4624457359313965,0.000999408200132523,0.045500977598976235,
2025-09-15 06:32:09,ADAM_lr0.01,ADAM,2,shakespeare_char,180,val_eval,2.4915287494659424,0.000999408200132523,0.045500977598976235,
2025-09-15 06:32:09,ADAMW_lr0.0003,ADAMW,2,shakespeare_char,170,train_eval,2.4707634449005127,0.0009995468799435915,0.0313719085683863,
2025-09-15 06:32:09,ADAMW_lr0.0003,ADAMW,2,shakespeare_char,170,val_eval,2.498352289199829,0.0009995468799435915,0.0313719085683863,
2025-09-15 06:32:09,ADAMW_lr0.0003,ADAMW,2,shakespeare_char,170,train_iter,2.4778590202331543,0.0009995468799435915,0.033851640288238005,1243.8647747039795
2025-09-15 06:32:10,ADAM_lr0.01,ADAM,2,shakespeare_char,180,train_iter,2.500377655029297,0.000999408200132523,0.04382368925397952,2432.0068359375
2025-09-15 06:32:11,ADAMW_lr0.0003,ADAMW,2,shakespeare_char,180,train_eval,2.462299108505249,0.000999408200132523,0.033851640288238005,
2025-09-15 06:32:11,ADAMW_lr0.0003,ADAMW,2,shakespeare_char,180,val_eval,2.4917497634887695,0.000999408200132523,0.033851640288238005,
2025-09-15 06:32:11,ADAM_lr0.01,ADAM,2,shakespeare_char,190,train_eval,2.4686646461486816,0.0009992510469105584,0.04382368925397952,
2025-09-15 06:32:11,ADAM_lr0.01,ADAM,2,shakespeare_char,190,val_eval,2.503671169281006,0.0009992510469105584,0.04382368925397952,
2025-09-15 06:32:11,ADAM_lr0.01,ADAM,2,shakespeare_char,190,train_iter,2.507992744445801,0.0009992510469105584,0.044970742294670296,1263.5483741760254
2025-09-15 06:32:11,ADAMW_lr0.0003,ADAMW,2,shakespeare_char,180,train_iter,2.5002286434173584,0.000999408200132523,0.03389444914921503,2038.1410121917725
2025-09-15 06:32:13,ADAM_lr0.01,ADAM,2,shakespeare_char,200,train_eval,2.4777088165283203,0.0009990754267376514,0.044970742294670296,
2025-09-15 06:32:13,ADAM_lr0.01,ADAM,2,shakespeare_char,200,val_eval,2.5052330493927,0.0009990754267376514,0.044970742294670296,
2025-09-15 06:32:13,ADAMW_lr0.0003,ADAMW,2,shakespeare_char,190,train_eval,2.4684078693389893,0.0009992510469105584,0.03389444914921503,
2025-09-15 06:32:13,ADAMW_lr0.0003,ADAMW,2,shakespeare_char,190,val_eval,2.5031278133392334,0.0009992510469105584,0.03389444914921503,
2025-09-15 06:32:13,ADAMW_lr0.0003,ADAMW,2,shakespeare_char,190,train_iter,2.5076751708984375,0.0009992510469105584,0.0345377134708684,1732.5057983398438
2025-09-15 06:32:15,ADAMW_lr0.0003,ADAMW,2,shakespeare_char,200,train_eval,2.4777603149414062,0.0009990754267376514,0.0345377134708684,
2025-09-15 06:32:15,ADAMW_lr0.0003,ADAMW,2,shakespeare_char,200,val_eval,2.5050785541534424,0.0009990754267376514,0.0345377134708684,
2025-09-15 06:32:51,ADAMW_lr0.0003,ADAMW,2,shakespeare_char,100,train_iter,2.5211777687072754,0.001,0.03170115844559741,237536.98873519897
2025-09-15 06:32:52,ADAMW_lr0.0003,ADAMW,2,shakespeare_char,110,train_eval,2.5073375701904297,0.0009999907511312647,0.03170115844559741,
2025-09-15 06:32:52,ADAMW_lr0.0003,ADAMW,2,shakespeare_char,110,val_eval,2.517385482788086,0.0009999907511312647,0.03170115844559741,
2025-09-15 06:32:53,ADAMW_lr0.0003,ADAMW,2,shakespeare_char,110,train_iter,2.5494751930236816,0.0009999907511312647,0.031686000007864625,2214.512348175049
2025-09-15 06:32:54,ADAMW_lr0.0003,ADAMW,2,shakespeare_char,120,train_eval,2.508634328842163,0.0009999630049052437,0.031686000007864625,
2025-09-15 06:32:54,ADAMW_lr0.0003,ADAMW,2,shakespeare_char,120,val_eval,2.5256855487823486,0.0009999630049052437,0.031686000007864625,
2025-09-15 06:32:54,ADAMW_lr0.0003,ADAMW,2,shakespeare_char,120,train_iter,2.5342564582824707,0.0009999630049052437,0.03659702604165229,864.729642868042
2025-09-15 06:32:55,ADAMW_lr0.0003,ADAMW,2,shakespeare_char,130,train_eval,2.505164861679077,0.0009999167624624755,0.03659702604165229,
2025-09-15 06:32:55,ADAMW_lr0.0003,ADAMW,2,shakespeare_char,130,val_eval,2.530886650085449,0.0009999167624624755,0.03659702604165229,
2025-09-15 06:32:55,ADAMW_lr0.0003,ADAMW,2,shakespeare_char,130,train_iter,2.565218210220337,0.0009999167624624755,0.04094354135113105,872.6582527160645
2025-09-15 06:32:56,ADAMW_lr0.0003,ADAMW,2,shakespeare_char,140,train_eval,2.4934723377227783,0.000999852025703806,0.04094354135113105,
2025-09-15 06:32:56,ADAMW_lr0.0003,ADAMW,2,shakespeare_char,140,val_eval,2.495448112487793,0.000999852025703806,0.04094354135113105,
2025-09-15 06:32:56,ADAMW_lr0.0003,ADAMW,2,shakespeare_char,140,train_iter,2.508269786834717,0.000999852025703806,0.04206631896165596,1339.1826152801514
2025-09-15 06:32:58,ADAMW_lr0.0003,ADAMW,2,shakespeare_char,150,train_eval,2.4919488430023193,0.0009997687972903096,0.04206631896165596,
2025-09-15 06:32:58,ADAMW_lr0.0003,ADAMW,2,shakespeare_char,150,val_eval,2.521655797958374,0.0009997687972903096,0.04206631896165596,
2025-09-15 06:32:58,ADAMW_lr0.0003,ADAMW,2,shakespeare_char,150,train_iter,2.4846713542938232,0.0009997687972903096,0.04457304804942173,1040.7145023345947
2025-09-15 06:32:59,ADAMW_lr0.0003,ADAMW,2,shakespeare_char,160,train_eval,2.4872992038726807,0.0009996670806431804,0.04457304804942173,
2025-09-15 06:32:59,ADAMW_lr0.0003,ADAMW,2,shakespeare_char,160,val_eval,2.5123748779296875,0.0009996670806431804,0.04457304804942173,
2025-09-15 06:32:59,ADAMW_lr0.0003,ADAMW,2,shakespeare_char,160,train_iter,2.484309196472168,0.0009996670806431804,0.048156435446296,868.9167499542236
2025-09-15 06:32:59,ADAMW_lr0.0003,ADAMW,2,shakespeare_char,170,train_eval,2.470881700515747,0.0009995468799435915,0.048156435446296,
2025-09-15 06:32:59,ADAMW_lr0.0003,ADAMW,2,shakespeare_char,170,val_eval,2.4984872341156006,0.0009995468799435915,0.048156435446296,
2025-09-15 06:32:59,ADAMW_lr0.0003,ADAMW,2,shakespeare_char,170,train_iter,2.478013038635254,0.0009995468799435915,0.051107664877961374,899.550199508667
2025-09-15 06:33:01,ADAMW_lr0.0003,ADAMW,2,shakespeare_char,180,train_eval,2.4623208045959473,0.000999408200132523,0.051107664877961374,
2025-09-15 06:33:01,ADAMW_lr0.0003,ADAMW,2,shakespeare_char,180,val_eval,2.491668701171875,0.000999408200132523,0.051107664877961374,
2025-09-15 06:33:02,ADAMW_lr0.0003,ADAMW,2,shakespeare_char,180,train_iter,2.5001912117004395,0.000999408200132523,0.0484260473689464,2876.1892318725586
2025-09-15 06:33:04,ADAMW_lr0.0003,ADAMW,2,shakespeare_char,190,train_eval,2.4686532020568848,0.0009992510469105584,0.0484260473689464,
2025-09-15 06:33:04,ADAMW_lr0.0003,ADAMW,2,shakespeare_char,190,val_eval,2.5033981800079346,0.0009992510469105584,0.0484260473689464,
2025-09-15 06:33:04,ADAMW_lr0.0003,ADAMW,2,shakespeare_char,190,train_iter,2.5077874660491943,0.0009992510469105584,0.050381821647455416,1027.6997089385986
2025-09-15 06:33:05,ADAMW_lr0.0003,ADAMW,2,shakespeare_char,200,train_eval,2.4773926734924316,0.0009990754267376514,0.050381821647455416,
2025-09-15 06:33:05,ADAMW_lr0.0003,ADAMW,2,shakespeare_char,200,val_eval,2.5047988891601562,0.0009990754267376514,0.050381821647455416,
2025-09-15 06:35:56,ADAMW_lr0.0003,ADAMW,2,shakespeare_char,200,train_iter,2.5472607612609863,0.0009990754267376514,0.031115387767954687,222183.1455230713
2025-09-15 06:36:12,ADAMW_lr0.001,ADAMW,2,shakespeare_char,0,train_eval,4.270771503448486,9.900990099009901e-06,,
2025-09-15 06:36:12,ADAMW_lr0.001,ADAMW,2,shakespeare_char,0,val_eval,4.269772529602051,9.900990099009901e-06,,
2025-09-15 06:36:16,ADAM_lr0.01,ADAM,2,shakespeare_char,200,train_iter,2.5472676753997803,0.0009990754267376514,0.04050220730129786,244810.06121635437
2025-09-15 06:36:31,ADAMW_lr0.0003,ADAMW,2,shakespeare_char,0,train_eval,4.270771503448486,9.900990099009901e-06,,
2025-09-15 06:36:31,ADAMW_lr0.0003,ADAMW,2,shakespeare_char,0,val_eval,4.269772529602051,9.900990099009901e-06,,
2025-09-15 06:37:01,ADAMW_lr0.0003,ADAMW,2,shakespeare_char,200,train_iter,2.547286033630371,0.0009990754267376514,0.045373067828011,237413.6929512024
2025-09-15 06:37:15,ADAMW_lr0.001,ADAMW,2,shakespeare_char,0,train_eval,4.270771503448486,9.900990099009901e-06,,
2025-09-15 06:37:15,ADAMW_lr0.001,ADAMW,2,shakespeare_char,0,val_eval,4.269772529602051,9.900990099009901e-06,,
2025-09-15 06:39:51,ADAMW_lr0.001,ADAMW,2,shakespeare_char,0,train_iter,4.265802383422852,9.900990099009901e-06,,224331.38513565063
2025-09-15 06:39:54,ADAMW_lr0.001,ADAMW,2,shakespeare_char,10,train_eval,3.1130032539367676,0.0001089108910891089,,
2025-09-15 06:39:54,ADAMW_lr0.001,ADAMW,2,shakespeare_char,10,val_eval,3.1393182277679443,0.0001089108910891089,,
2025-09-15 06:39:55,ADAMW_lr0.001,ADAMW,2,shakespeare_char,10,train_iter,3.1808745861053467,0.0001089108910891089,0.018732083780447932,3729.799747467041
2025-09-15 06:39:56,ADAMW_lr0.001,ADAMW,2,shakespeare_char,20,train_eval,2.7717480659484863,0.00020792079207920794,0.018732083780447932,
2025-09-15 06:39:56,ADAMW_lr0.001,ADAMW,2,shakespeare_char,20,val_eval,2.7787845134735107,0.00020792079207920794,0.018732083780447932,
2025-09-15 06:39:57,ADAMW_lr0.001,ADAMW,2,shakespeare_char,20,train_iter,2.806145668029785,0.00020792079207920794,0.021095272463298276,1649.2061614990234
2025-09-15 06:39:58,ADAMW_lr0.001,ADAMW,2,shakespeare_char,30,train_eval,2.6302857398986816,0.00030693069306930693,0.021095272463298276,
2025-09-15 06:39:58,ADAMW_lr0.001,ADAMW,2,shakespeare_char,30,val_eval,2.633463144302368,0.00030693069306930693,0.021095272463298276,
2025-09-15 06:39:59,ADAMW_lr0.001,ADAMW,2,shakespeare_char,30,train_iter,2.6615519523620605,0.00030693069306930693,0.02346853365347523,1558.5594177246094
2025-09-15 06:40:01,ADAMW_lr0.001,ADAMW,2,shakespeare_char,40,train_eval,2.5901410579681396,0.000405940594059406,0.02346853365347523,
2025-09-15 06:40:01,ADAMW_lr0.001,ADAMW,2,shakespeare_char,40,val_eval,2.581355571746826,0.000405940594059406,0.02346853365347523,
2025-09-15 06:40:01,ADAMW_lr0.001,ADAMW,2,shakespeare_char,40,train_iter,2.5840256214141846,0.000405940594059406,0.023777242366644136,2630.9654712677
2025-09-15 06:40:03,ADAMW_lr0.001,ADAMW,2,shakespeare_char,50,train_eval,2.5783801078796387,0.000504950495049505,0.023777242366644136,
2025-09-15 06:40:03,ADAMW_lr0.001,ADAMW,2,shakespeare_char,50,val_eval,2.568610191345215,0.000504950495049505,0.023777242366644136,
2025-09-15 06:40:03,ADAMW_lr0.001,ADAMW,2,shakespeare_char,50,train_iter,2.5857865810394287,0.000504950495049505,0.025027927437822204,1925.5523681640625
2025-09-15 06:40:05,ADAMW_lr0.001,ADAMW,2,shakespeare_char,60,train_eval,2.550466299057007,0.000603960396039604,0.025027927437822204,
2025-09-15 06:40:05,ADAMW_lr0.001,ADAMW,2,shakespeare_char,60,val_eval,2.570627212524414,0.000603960396039604,0.025027927437822204,
2025-09-15 06:40:05,ADAMW_lr0.001,ADAMW,2,shakespeare_char,60,train_iter,2.578433036804199,0.000603960396039604,0.029211658122113782,1044.891595840454
2025-09-15 06:40:06,ADAMW_lr0.001,ADAMW,2,shakespeare_char,70,train_eval,2.5355470180511475,0.000702970297029703,0.029211658122113782,
2025-09-15 06:40:06,ADAMW_lr0.001,ADAMW,2,shakespeare_char,70,val_eval,2.5475780963897705,0.000702970297029703,0.029211658122113782,
2025-09-15 06:40:07,ADAMW_lr0.001,ADAMW,2,shakespeare_char,70,train_iter,2.550976276397705,0.000702970297029703,0.030071630274067163,1847.7749824523926
2025-09-15 06:40:08,ADAMW_lr0.001,ADAMW,2,shakespeare_char,80,train_eval,2.531153678894043,0.000801980198019802,0.030071630274067163,
2025-09-15 06:40:08,ADAMW_lr0.001,ADAMW,2,shakespeare_char,80,val_eval,2.5225913524627686,0.000801980198019802,0.030071630274067163,
2025-09-15 06:40:09,ADAMW_lr0.001,ADAMW,2,shakespeare_char,80,train_iter,2.545572519302368,0.000801980198019802,0.030888562651010434,1827.0182609558105
2025-09-15 06:40:10,ADAMW_lr0.001,ADAMW,2,shakespeare_char,90,train_eval,2.5149614810943604,0.0009009900990099009,0.030888562651010434,
2025-09-15 06:40:10,ADAMW_lr0.001,ADAMW,2,shakespeare_char,90,val_eval,2.526880979537964,0.0009009900990099009,0.030888562651010434,
2025-09-15 06:40:10,ADAMW_lr0.001,ADAMW,2,shakespeare_char,90,train_iter,2.5260019302368164,0.0009009900990099009,0.03195750036790017,1680.3843975067139
2025-09-15 06:40:13,ADAMW_lr0.001,ADAMW,2,shakespeare_char,100,train_eval,2.547391414642334,0.001,0.03195750036790017,
2025-09-15 06:40:13,ADAMW_lr0.001,ADAMW,2,shakespeare_char,100,val_eval,2.600116491317749,0.001,0.03195750036790017,
2025-09-15 06:40:36,ADAMW_lr0.0003,ADAMW,2,shakespeare_char,0,train_iter,4.265802383422852,9.900990099009901e-06,,249285.311460495
2025-09-15 06:40:38,ADAMW_lr0.0003,ADAMW,2,shakespeare_char,10,train_eval,3.1129894256591797,0.0001089108910891089,,
2025-09-15 06:40:38,ADAMW_lr0.0003,ADAMW,2,shakespeare_char,10,val_eval,3.1393027305603027,0.0001089108910891089,,
2025-09-15 06:40:39,ADAMW_lr0.0003,ADAMW,2,shakespeare_char,10,train_iter,3.1808860301971436,0.0001089108910891089,0.034553262291678884,2022.0065116882324
2025-09-15 06:40:41,ADAMW_lr0.0003,ADAMW,2,shakespeare_char,20,train_eval,2.771745204925537,0.00020792079207920794,0.034553262291678884,
2025-09-15 06:40:41,ADAMW_lr0.0003,ADAMW,2,shakespeare_char,20,val_eval,2.7787837982177734,0.00020792079207920794,0.034553262291678884,
2025-09-15 06:40:41,ADAMW_lr0.0003,ADAMW,2,shakespeare_char,20,train_iter,2.8060643672943115,0.00020792079207920794,0.033744601945549756,2639.8088932037354
2025-09-15 06:40:43,ADAMW_lr0.0003,ADAMW,2,shakespeare_char,30,train_eval,2.6302294731140137,0.00030693069306930693,0.033744601945549756,
2025-09-15 06:40:43,ADAMW_lr0.0003,ADAMW,2,shakespeare_char,30,val_eval,2.633429527282715,0.00030693069306930693,0.033744601945549756,
2025-09-15 06:40:44,ADAMW_lr0.0003,ADAMW,2,shakespeare_char,30,train_iter,2.6616268157958984,0.00030693069306930693,0.03345112734579587,2267.680883407593
2025-09-15 06:40:46,ADAMW_lr0.0003,ADAMW,2,shakespeare_char,40,train_eval,2.5901100635528564,0.000405940594059406,0.03345112734579587,
2025-09-15 06:40:46,ADAMW_lr0.0003,ADAMW,2,shakespeare_char,40,val_eval,2.5813138484954834,0.000405940594059406,0.03345112734579587,
2025-09-15 06:40:47,ADAMW_lr0.0003,ADAMW,2,shakespeare_char,40,train_iter,2.5840327739715576,0.000405940594059406,0.032758885611138364,2633.634328842163
2025-09-15 06:40:49,ADAMW_lr0.0003,ADAMW,2,shakespeare_char,50,train_eval,2.578465461730957,0.000504950495049505,0.032758885611138364,
2025-09-15 06:40:49,ADAMW_lr0.0003,ADAMW,2,shakespeare_char,50,val_eval,2.5686960220336914,0.000504950495049505,0.032758885611138364,
2025-09-15 06:40:49,ADAMW_lr0.0003,ADAMW,2,shakespeare_char,50,train_iter,2.5856473445892334,0.000504950495049505,0.03208024187348991,2690.039873123169
2025-09-15 06:40:52,ADAMW_lr0.0003,ADAMW,2,shakespeare_char,60,train_eval,2.550508737564087,0.000603960396039604,0.03208024187348991,
2025-09-15 06:40:52,ADAMW_lr0.0003,ADAMW,2,shakespeare_char,60,val_eval,2.5706143379211426,0.000603960396039604,0.03208024187348991,
2025-09-15 06:40:52,ADAMW_lr0.0003,ADAMW,2,shakespeare_char,60,train_iter,2.5782973766326904,0.000603960396039604,0.03178951392856027,2394.9203491210938
2025-09-15 06:40:54,ADAMW_lr0.0003,ADAMW,2,shakespeare_char,70,train_eval,2.535550594329834,0.000702970297029703,0.03178951392856027,
2025-09-15 06:40:54,ADAMW_lr0.0003,ADAMW,2,shakespeare_char,70,val_eval,2.547560691833496,0.000702970297029703,0.03178951392856027,
2025-09-15 06:40:54,ADAMW_lr0.0003,ADAMW,2,shakespeare_char,70,train_iter,2.5508790016174316,0.000702970297029703,0.03210139304057589,2001.441240310669
2025-09-15 06:40:57,ADAMW_lr0.0003,ADAMW,2,shakespeare_char,80,train_eval,2.53120756149292,0.000801980198019802,0.03210139304057589,
2025-09-15 06:40:57,ADAMW_lr0.0003,ADAMW,2,shakespeare_char,80,val_eval,2.52262806892395,0.000801980198019802,0.03210139304057589,
2025-09-15 06:40:57,ADAMW_lr0.0003,ADAMW,2,shakespeare_char,80,train_iter,2.5455617904663086,0.000801980198019802,0.031170726977977656,3065.046787261963
2025-09-15 06:40:59,ADAMW_lr0.0003,ADAMW,2,shakespeare_char,90,train_eval,2.5150465965270996,0.0009009900990099009,0.031170726977977656,
2025-09-15 06:40:59,ADAMW_lr0.0003,ADAMW,2,shakespeare_char,90,val_eval,2.526935338973999,0.0009009900990099009,0.031170726977977656,
2025-09-15 06:40:59,ADAMW_lr0.0003,ADAMW,2,shakespeare_char,90,train_iter,2.5260703563690186,0.0009009900990099009,0.03125818838652112,2180.2520751953125
2025-09-15 06:41:02,ADAMW_lr0.0003,ADAMW,2,shakespeare_char,100,train_eval,2.5472068786621094,0.001,0.03125818838652112,
2025-09-15 06:41:02,ADAMW_lr0.0003,ADAMW,2,shakespeare_char,100,val_eval,2.5998175144195557,0.001,0.03125818838652112,
2025-09-15 06:41:15,ADAMW_lr0.001,ADAMW,2,shakespeare_char,0,train_iter,4.265802383422852,9.900990099009901e-06,,243809.88073349
2025-09-15 06:41:16,ADAMW_lr0.001,ADAMW,2,shakespeare_char,10,train_eval,3.1129674911499023,0.0001089108910891089,,
2025-09-15 06:41:16,ADAMW_lr0.001,ADAMW,2,shakespeare_char,10,val_eval,3.1392807960510254,0.0001089108910891089,,
2025-09-15 06:41:17,ADAMW_lr0.001,ADAMW,2,shakespeare_char,10,train_iter,3.1808879375457764,0.0001089108910891089,0.03791800327834077,1842.5791263580322
2025-09-15 06:41:18,ADAMW_lr0.001,ADAMW,2,shakespeare_char,20,train_eval,2.771799087524414,0.00020792079207920794,0.03791800327834077,
2025-09-15 06:41:18,ADAMW_lr0.001,ADAMW,2,shakespeare_char,20,val_eval,2.7788195610046387,0.00020792079207920794,0.03791800327834077,
2025-09-15 06:41:18,ADAMW_lr0.001,ADAMW,2,shakespeare_char,20,train_iter,2.8062376976013184,0.00020792079207920794,0.039024766740770725,1426.2735843658447
2025-09-15 06:41:20,ADAMW_lr0.001,ADAMW,2,shakespeare_char,30,train_eval,2.630291700363159,0.00030693069306930693,0.039024766740770725,
2025-09-15 06:41:20,ADAMW_lr0.001,ADAMW,2,shakespeare_char,30,val_eval,2.633493661880493,0.00030693069306930693,0.039024766740770725,
2025-09-15 06:41:20,ADAMW_lr0.001,ADAMW,2,shakespeare_char,30,train_iter,2.661710023880005,0.00030693069306930693,0.0390423941482343,1782.2721004486084
2025-09-15 06:41:22,ADAMW_lr0.001,ADAMW,2,shakespeare_char,40,train_eval,2.590027093887329,0.000405940594059406,0.0390423941482343,
2025-09-15 06:41:22,ADAMW_lr0.001,ADAMW,2,shakespeare_char,40,val_eval,2.581258535385132,0.000405940594059406,0.0390423941482343,
2025-09-15 06:41:22,ADAMW_lr0.001,ADAMW,2,shakespeare_char,40,train_iter,2.5839598178863525,0.000405940594059406,0.038134117706937226,2332.035541534424
2025-09-15 06:41:24,ADAMW_lr0.001,ADAMW,2,shakespeare_char,50,train_eval,2.5783629417419434,0.000504950495049505,0.038134117706937226,
2025-09-15 06:41:24,ADAMW_lr0.001,ADAMW,2,shakespeare_char,50,val_eval,2.5685617923736572,0.000504950495049505,0.038134117706937226,
2025-09-15 06:41:24,ADAMW_lr0.001,ADAMW,2,shakespeare_char,50,train_iter,2.58579421043396,0.000504950495049505,0.03916833988126689,1441.258192062378
2025-09-15 06:41:25,ADAMW_lr0.001,ADAMW,2,shakespeare_char,60,train_eval,2.5505261421203613,0.000603960396039604,0.03916833988126689,
2025-09-15 06:41:25,ADAMW_lr0.001,ADAMW,2,shakespeare_char,60,val_eval,2.5706613063812256,0.000603960396039604,0.03916833988126689,
2025-09-15 06:41:25,ADAMW_lr0.001,ADAMW,2,shakespeare_char,60,train_iter,2.5785481929779053,0.000603960396039604,0.040763078732383044,1267.6403522491455
2025-09-15 06:41:26,ADAMW_lr0.001,ADAMW,2,shakespeare_char,70,train_eval,2.5355348587036133,0.000702970297029703,0.040763078732383044,
2025-09-15 06:41:26,ADAMW_lr0.001,ADAMW,2,shakespeare_char,70,val_eval,2.547555923461914,0.000702970297029703,0.040763078732383044,
2025-09-15 06:41:27,ADAMW_lr0.001,ADAMW,2,shakespeare_char,70,train_iter,2.550816297531128,0.000702970297029703,0.042199966486377395,1267.2672271728516
2025-09-15 06:41:28,ADAMW_lr0.001,ADAMW,2,shakespeare_char,80,train_eval,2.531280279159546,0.000801980198019802,0.042199966486377395,
2025-09-15 06:41:28,ADAMW_lr0.001,ADAMW,2,shakespeare_char,80,val_eval,2.5227324962615967,0.000801980198019802,0.042199966486377395,
2025-09-15 06:41:29,ADAMW_lr0.001,ADAMW,2,shakespeare_char,80,train_iter,2.5458571910858154,0.000801980198019802,0.04210808468249849,1692.4655437469482
2025-09-15 06:41:30,ADAMW_lr0.001,ADAMW,2,shakespeare_char,90,train_eval,2.5150105953216553,0.0009009900990099009,0.04210808468249849,
2025-09-15 06:41:30,ADAMW_lr0.001,ADAMW,2,shakespeare_char,90,val_eval,2.5269222259521484,0.0009009900990099009,0.04210808468249849,
2025-09-15 06:41:30,ADAMW_lr0.001,ADAMW,2,shakespeare_char,90,train_iter,2.5260720252990723,0.0009009900990099009,0.04565901856448487,900.1448154449463
2025-09-15 06:41:31,ADAMW_lr0.001,ADAMW,2,shakespeare_char,100,train_eval,2.5474090576171875,0.001,0.04565901856448487,
2025-09-15 06:41:31,ADAMW_lr0.001,ADAMW,2,shakespeare_char,100,val_eval,2.600046157836914,0.001,0.04565901856448487,
2025-09-15 06:44:05,ADAMW_lr0.001,ADAMW,2,shakespeare_char,100,train_iter,2.5211844444274902,0.001,0.028791559121587748,234383.61716270447
2025-09-15 06:44:08,ADAMW_lr0.001,ADAMW,2,shakespeare_char,110,train_eval,2.5074000358581543,0.0009999907511312647,0.028791559121587748,
2025-09-15 06:44:08,ADAMW_lr0.001,ADAMW,2,shakespeare_char,110,val_eval,2.517472505569458,0.0009999907511312647,0.028791559121587748,
2025-09-15 06:44:09,ADAMW_lr0.001,ADAMW,2,shakespeare_char,110,train_iter,2.549689292907715,0.0009999907511312647,0.02780040090358949,3700.582981109619
2025-09-15 06:44:12,ADAMW_lr0.001,ADAMW,2,shakespeare_char,120,train_eval,2.5086052417755127,0.0009999630049052437,0.02780040090358949,
2025-09-15 06:44:12,ADAMW_lr0.001,ADAMW,2,shakespeare_char,120,val_eval,2.5256781578063965,0.0009999630049052437,0.02780040090358949,
2025-09-15 06:44:12,ADAMW_lr0.001,ADAMW,2,shakespeare_char,120,train_iter,2.534274101257324,0.0009999630049052437,0.027457880549262886,2866.312026977539
2025-09-15 06:44:15,ADAMW_lr0.001,ADAMW,2,shakespeare_char,130,train_eval,2.5050601959228516,0.0009999167624624755,0.027457880549262886,
2025-09-15 06:44:15,ADAMW_lr0.001,ADAMW,2,shakespeare_char,130,val_eval,2.5306878089904785,0.0009999167624624755,0.027457880549262886,
2025-09-15 06:44:15,ADAMW_lr0.001,ADAMW,2,shakespeare_char,130,train_iter,2.565171718597412,0.0009999167624624755,0.027345726928850594,2652.8708934783936
2025-09-15 06:44:17,ADAMW_lr0.001,ADAMW,2,shakespeare_char,140,train_eval,2.4934396743774414,0.000999852025703806,0.027345726928850594,
2025-09-15 06:44:17,ADAMW_lr0.001,ADAMW,2,shakespeare_char,140,val_eval,2.495396852493286,0.000999852025703806,0.027345726928850594,
2025-09-15 06:44:17,ADAMW_lr0.001,ADAMW,2,shakespeare_char,140,train_iter,2.5080833435058594,0.000999852025703806,0.027180347942578387,2719.4104194641113
2025-09-15 06:44:20,ADAMW_lr0.001,ADAMW,2,shakespeare_char,150,train_eval,2.4918694496154785,0.0009997687972903096,0.027180347942578387,
2025-09-15 06:44:20,ADAMW_lr0.001,ADAMW,2,shakespeare_char,150,val_eval,2.5215835571289062,0.0009997687972903096,0.027180347942578387,
2025-09-15 06:44:20,ADAMW_lr0.001,ADAMW,2,shakespeare_char,150,train_iter,2.4846572875976562,0.0009997687972903096,0.02740880614798153,2371.1891174316406
2025-09-15 06:44:21,ADAMW_lr0.001,ADAMW,2,shakespeare_char,160,train_eval,2.4873647689819336,0.0009996670806431804,0.02740880614798153,
2025-09-15 06:44:21,ADAMW_lr0.001,ADAMW,2,shakespeare_char,160,val_eval,2.5123307704925537,0.0009996670806431804,0.02740880614798153,
2025-09-15 06:44:21,ADAMW_lr0.001,ADAMW,2,shakespeare_char,160,train_iter,2.484448194503784,0.0009996670806431804,0.029854295134238946,1347.125768661499
2025-09-15 06:44:24,ADAMW_lr0.001,ADAMW,2,shakespeare_char,170,train_eval,2.4707834720611572,0.0009995468799435915,0.029854295134238946,
2025-09-15 06:44:24,ADAMW_lr0.001,ADAMW,2,shakespeare_char,170,val_eval,2.4983646869659424,0.0009995468799435915,0.029854295134238946,
2025-09-15 06:44:24,ADAMW_lr0.001,ADAMW,2,shakespeare_char,170,train_iter,2.4778809547424316,0.0009995468799435915,0.029740503361069846,2432.9991340637207
2025-09-15 06:44:27,ADAMW_lr0.001,ADAMW,2,shakespeare_char,180,train_eval,2.4623427391052246,0.000999408200132523,0.029740503361069846,
2025-09-15 06:44:27,ADAMW_lr0.001,ADAMW,2,shakespeare_char,180,val_eval,2.4919660091400146,0.000999408200132523,0.029740503361069846,
2025-09-15 06:44:27,ADAMW_lr0.001,ADAMW,2,shakespeare_char,180,train_iter,2.5001161098480225,0.000999408200132523,0.028971756501591155,3168.1318283081055
2025-09-15 06:44:29,ADAMW_lr0.001,ADAMW,2,shakespeare_char,190,train_eval,2.468579053878784,0.0009992510469105584,0.028971756501591155,
2025-09-15 06:44:29,ADAMW_lr0.001,ADAMW,2,shakespeare_char,190,val_eval,2.503358840942383,0.0009992510469105584,0.028971756501591155,
2025-09-15 06:44:29,ADAMW_lr0.001,ADAMW,2,shakespeare_char,190,train_iter,2.5076987743377686,0.0009992510469105584,0.030385365785823928,1620.7470893859863
2025-09-15 06:44:33,ADAMW_lr0.001,ADAMW,2,shakespeare_char,200,train_eval,2.4775617122650146,0.0009990754267376514,0.030385365785823928,
2025-09-15 06:44:33,ADAMW_lr0.001,ADAMW,2,shakespeare_char,200,val_eval,2.5048816204071045,0.0009990754267376514,0.030385365785823928,
2025-09-15 06:45:09,ADAMW_lr0.0003,ADAMW,2,shakespeare_char,100,train_iter,2.5209460258483887,0.001,0.028160335282712095,249830.45053482056
2025-09-15 06:45:12,ADAMW_lr0.0003,ADAMW,2,shakespeare_char,110,train_eval,2.5073139667510986,0.0009999907511312647,0.028160335282712095,
2025-09-15 06:45:12,ADAMW_lr0.0003,ADAMW,2,shakespeare_char,110,val_eval,2.517420768737793,0.0009999907511312647,0.028160335282712095,
2025-09-15 06:45:13,ADAMW_lr0.0003,ADAMW,2,shakespeare_char,110,train_iter,2.549527883529663,0.0009999907511312647,0.02744187951375371,3330.838203430176
2025-09-15 06:45:15,ADAMW_lr0.0003,ADAMW,2,shakespeare_char,120,train_eval,2.508612871170044,0.0009999630049052437,0.02744187951375371,
2025-09-15 06:45:15,ADAMW_lr0.0003,ADAMW,2,shakespeare_char,120,val_eval,2.5258028507232666,0.0009999630049052437,0.02744187951375371,
2025-09-15 06:45:15,ADAMW_lr0.0003,ADAMW,2,shakespeare_char,120,train_iter,2.534261703491211,0.0009999630049052437,0.028524055401039774,1825.9351253509521
2025-09-15 06:45:18,ADAMW_lr0.0003,ADAMW,2,shakespeare_char,130,train_eval,2.504864454269409,0.0009999167624624755,0.028524055401039774,
2025-09-15 06:45:18,ADAMW_lr0.0003,ADAMW,2,shakespeare_char,130,val_eval,2.5305633544921875,0.0009999167624624755,0.028524055401039774,
2025-09-15 06:45:18,ADAMW_lr0.0003,ADAMW,2,shakespeare_char,130,train_iter,2.564971446990967,0.0009999167624624755,0.02828283880543483,2675.6746768951416
2025-09-15 06:45:21,ADAMW_lr0.0003,ADAMW,2,shakespeare_char,140,train_eval,2.4933278560638428,0.000999852025703806,0.02828283880543483,
2025-09-15 06:45:21,ADAMW_lr0.0003,ADAMW,2,shakespeare_char,140,val_eval,2.4953198432922363,0.000999852025703806,0.02828283880543483,
2025-09-15 06:45:21,ADAMW_lr0.0003,ADAMW,2,shakespeare_char,140,train_iter,2.5082192420959473,0.000999852025703806,0.027435147216695807,3527.5771617889404
2025-09-15 06:45:25,ADAMW_lr0.0003,ADAMW,2,shakespeare_char,150,train_eval,2.491891860961914,0.0009997687972903096,0.027435147216695807,
2025-09-15 06:45:25,ADAMW_lr0.0003,ADAMW,2,shakespeare_char,150,val_eval,2.521435499191284,0.0009997687972903096,0.027435147216695807,
2025-09-15 06:45:25,ADAMW_lr0.0003,ADAMW,2,shakespeare_char,150,train_iter,2.4845612049102783,0.0009997687972903096,0.026638182823168478,3589.268684387207
2025-09-15 06:45:27,ADAMW_lr0.0003,ADAMW,2,shakespeare_char,160,train_eval,2.487387180328369,0.0009996670806431804,0.026638182823168478,
2025-09-15 06:45:27,ADAMW_lr0.0003,ADAMW,2,shakespeare_char,160,val_eval,2.5124685764312744,0.0009996670806431804,0.026638182823168478,
2025-09-15 06:45:27,ADAMW_lr0.0003,ADAMW,2,shakespeare_char,160,train_iter,2.4845657348632812,0.0009996670806431804,0.02741722756292962,2029.3262004852295
2025-09-15 06:45:27,ADAMW_lr0.001,ADAMW,2,shakespeare_char,100,train_iter,2.5212814807891846,0.001,0.041122506377810814,237726.11904144287
2025-09-15 06:45:29,ADAMW_lr0.001,ADAMW,2,shakespeare_char,110,train_eval,2.507220506668091,0.0009999907511312647,0.041122506377810814,
2025-09-15 06:45:29,ADAMW_lr0.001,ADAMW,2,shakespeare_char,110,val_eval,2.517310857772827,0.0009999907511312647,0.041122506377810814,
2025-09-15 06:45:29,ADAMW_lr0.0003,ADAMW,2,shakespeare_char,170,train_eval,2.4706826210021973,0.0009995468799435915,0.02741722756292962,
2025-09-15 06:45:29,ADAMW_lr0.0003,ADAMW,2,shakespeare_char,170,val_eval,2.4982237815856934,0.0009995468799435915,0.02741722756292962,
2025-09-15 06:45:29,ADAMW_lr0.0003,ADAMW,2,shakespeare_char,170,train_iter,2.4777936935424805,0.0009995468799435915,0.02790271426039807,2164.9329662323
2025-09-15 06:45:30,ADAMW_lr0.001,ADAMW,2,shakespeare_char,110,train_iter,2.549450635910034,0.0009999907511312647,0.04023643378457221,2165.6250953674316
2025-09-15 06:45:31,ADAMW_lr0.001,ADAMW,2,shakespeare_char,120,train_eval,2.5086469650268555,0.0009999630049052437,0.04023643378457221,
2025-09-15 06:45:31,ADAMW_lr0.001,ADAMW,2,shakespeare_char,120,val_eval,2.525691032409668,0.0009999630049052437,0.04023643378457221,
2025-09-15 06:45:31,ADAMW_lr0.001,ADAMW,2,shakespeare_char,120,train_iter,2.534209728240967,0.0009999630049052437,0.04384400607270446,915.5411720275879
2025-09-15 06:45:31,ADAMW_lr0.0003,ADAMW,2,shakespeare_char,180,train_eval,2.4622724056243896,0.000999408200132523,0.02790271426039807,
2025-09-15 06:45:31,ADAMW_lr0.0003,ADAMW,2,shakespeare_char,180,val_eval,2.491760492324829,0.000999408200132523,0.02790271426039807,
2025-09-15 06:45:32,ADAMW_lr0.0003,ADAMW,2,shakespeare_char,180,train_iter,2.5001778602600098,0.000999408200132523,0.028431356018495994,2105.114459991455
2025-09-15 06:45:32,ADAMW_lr0.001,ADAMW,2,shakespeare_char,130,train_eval,2.5050270557403564,0.0009999167624624755,0.04384400607270446,
2025-09-15 06:45:32,ADAMW_lr0.001,ADAMW,2,shakespeare_char,130,val_eval,2.5308339595794678,0.0009999167624624755,0.04384400607270446,
2025-09-15 06:45:32,ADAMW_lr0.001,ADAMW,2,shakespeare_char,130,train_iter,2.5649192333221436,0.0009999167624624755,0.045496456310038715,1157.3405265808105
2025-09-15 06:45:33,ADAMW_lr0.001,ADAMW,2,shakespeare_char,140,train_eval,2.4934418201446533,0.000999852025703806,0.045496456310038715,
2025-09-15 06:45:33,ADAMW_lr0.001,ADAMW,2,shakespeare_char,140,val_eval,2.4955310821533203,0.000999852025703806,0.045496456310038715,
2025-09-15 06:45:33,ADAMW_lr0.0003,ADAMW,2,shakespeare_char,190,train_eval,2.468843460083008,0.0009992510469105584,0.028431356018495994,
2025-09-15 06:45:33,ADAMW_lr0.0003,ADAMW,2,shakespeare_char,190,val_eval,2.5037593841552734,0.0009992510469105584,0.028431356018495994,
2025-09-15 06:45:33,ADAMW_lr0.0003,ADAMW,2,shakespeare_char,190,train_iter,2.5080766677856445,0.0009992510469105584,0.030003104004435305,1582.531452178955
2025-09-15 06:45:34,ADAMW_lr0.001,ADAMW,2,shakespeare_char,140,train_iter,2.5081124305725098,0.000999852025703806,0.045160168880016144,1658.224105834961
2025-09-15 06:45:35,ADAMW_lr0.001,ADAMW,2,shakespeare_char,150,train_eval,2.4919533729553223,0.0009997687972903096,0.045160168880016144,
2025-09-15 06:45:35,ADAMW_lr0.001,ADAMW,2,shakespeare_char,150,val_eval,2.521681308746338,0.0009997687972903096,0.045160168880016144,
2025-09-15 06:45:35,ADAMW_lr0.001,ADAMW,2,shakespeare_char,150,train_iter,2.4846510887145996,0.0009997687972903096,0.04863028562594538,874.8528957366943
2025-09-15 06:45:35,ADAMW_lr0.0003,ADAMW,2,shakespeare_char,200,train_eval,2.477389335632324,0.0009990754267376514,0.030003104004435305,
2025-09-15 06:45:35,ADAMW_lr0.0003,ADAMW,2,shakespeare_char,200,val_eval,2.504826784133911,0.0009990754267376514,0.030003104004435305,
2025-09-15 06:45:36,ADAMW_lr0.001,ADAMW,2,shakespeare_char,160,train_eval,2.487433433532715,0.0009996670806431804,0.04863028562594538,
2025-09-15 06:45:36,ADAMW_lr0.001,ADAMW,2,shakespeare_char,160,val_eval,2.5124216079711914,0.0009996670806431804,0.04863028562594538,
2025-09-15 06:45:36,ADAMW_lr0.001,ADAMW,2,shakespeare_char,160,train_iter,2.484592914581299,0.0009996670806431804,0.051774253758344504,872.5733757019043
2025-09-15 06:45:37,ADAMW_lr0.001,ADAMW,2,shakespeare_char,170,train_eval,2.47078275680542,0.0009995468799435915,0.051774253758344504,
2025-09-15 06:45:37,ADAMW_lr0.001,ADAMW,2,shakespeare_char,170,val_eval,2.498337507247925,0.0009995468799435915,0.051774253758344504,
2025-09-15 06:45:37,ADAMW_lr0.001,ADAMW,2,shakespeare_char,170,train_iter,2.477954149246216,0.0009995468799435915,0.0535383229791767,1006.5112113952637
2025-09-15 06:45:38,ADAMW_lr0.001,ADAMW,2,shakespeare_char,180,train_eval,2.4622576236724854,0.000999408200132523,0.0535383229791767,
2025-09-15 06:45:38,ADAMW_lr0.001,ADAMW,2,shakespeare_char,180,val_eval,2.4917523860931396,0.000999408200132523,0.0535383229791767,
2025-09-15 06:45:38,ADAMW_lr0.001,ADAMW,2,shakespeare_char,180,train_iter,2.5006208419799805,0.000999408200132523,0.05217407989845643,1751.2309551239014
2025-09-15 06:45:39,ADAMW_lr0.001,ADAMW,2,shakespeare_char,190,train_eval,2.468468427658081,0.0009992510469105584,0.05217407989845643,
2025-09-15 06:45:39,ADAMW_lr0.001,ADAMW,2,shakespeare_char,190,val_eval,2.5033986568450928,0.0009992510469105584,0.05217407989845643,
2025-09-15 06:45:39,ADAMW_lr0.001,ADAMW,2,shakespeare_char,190,train_iter,2.5075063705444336,0.0009992510469105584,0.05486261494622951,883.7265968322754
2025-09-15 06:45:40,ADAMW_lr0.001,ADAMW,2,shakespeare_char,200,train_eval,2.4773294925689697,0.0009990754267376514,0.05486261494622951,
2025-09-15 06:45:40,ADAMW_lr0.001,ADAMW,2,shakespeare_char,200,val_eval,2.5049593448638916,0.0009990754267376514,0.05486261494622951,
2025-09-15 06:48:11,ADAMW_lr0.001,ADAMW,2,shakespeare_char,200,train_iter,2.547351837158203,0.0009990754267376514,0.027378379321969695,221447.43990898132
2025-09-15 06:48:28,ADAMW_lr0.01,ADAMW,2,shakespeare_char,0,train_eval,4.270771503448486,9.900990099009901e-06,,
2025-09-15 06:48:28,ADAMW_lr0.01,ADAMW,2,shakespeare_char,0,val_eval,4.269772529602051,9.900990099009901e-06,,
2025-09-15 06:49:23,ADAMW_lr0.001,ADAMW,2,shakespeare_char,200,train_iter,2.546677589416504,0.0009990754267376514,0.04940764609847295,223269.4525718689
2025-09-15 06:49:33,ADAMW_lr0.0003,ADAMW,2,shakespeare_char,200,train_iter,2.5473403930664062,0.0009990754267376514,0.027031891619781562,240108.88528823853
2025-09-15 06:49:35,ADAMW_lr0.01,ADAMW,2,shakespeare_char,0,train_iter,4.265802383422852,9.900990099009901e-06,,70466.48168563843
2025-09-15 06:49:35,ADAMW_lr0.01,ADAMW,2,shakespeare_char,0,train_eval,4.270771503448486,9.900990099009901e-06,,
2025-09-15 06:49:35,ADAMW_lr0.01,ADAMW,2,shakespeare_char,0,val_eval,4.269772529602051,9.900990099009901e-06,,
2025-09-15 06:49:37,ADAMW_lr0.01,ADAMW,2,shakespeare_char,10,train_eval,3.1129889488220215,0.0001089108910891089,,
2025-09-15 06:49:37,ADAMW_lr0.01,ADAMW,2,shakespeare_char,10,val_eval,3.139301061630249,0.0001089108910891089,,
2025-09-15 06:49:37,ADAMW_lr0.01,ADAMW,2,shakespeare_char,10,train_iter,3.1808905601501465,0.0001089108910891089,0.035954255210682705,1943.2170391082764
2025-09-15 06:49:39,ADAMW_lr0.01,ADAMW,2,shakespeare_char,20,train_eval,2.7717819213867188,0.00020792079207920794,0.035954255210682705,
2025-09-15 06:49:39,ADAMW_lr0.01,ADAMW,2,shakespeare_char,20,val_eval,2.7788116931915283,0.00020792079207920794,0.035954255210682705,
2025-09-15 06:49:40,ADAMW_lr0.01,ADAMW,2,shakespeare_char,20,train_iter,2.8061599731445312,0.00020792079207920794,0.03500367225349353,2641.6287422180176
2025-09-15 06:49:42,ADAMW_lr0.01,ADAMW,2,shakespeare_char,30,train_eval,2.630242347717285,0.00030693069306930693,0.03500367225349353,
2025-09-15 06:49:42,ADAMW_lr0.01,ADAMW,2,shakespeare_char,30,val_eval,2.633485794067383,0.00030693069306930693,0.03500367225349353,
2025-09-15 06:49:42,ADAMW_lr0.01,ADAMW,2,shakespeare_char,30,train_iter,2.661672353744507,0.00030693069306930693,0.034336842991166065,2465.7132625579834
2025-09-15 06:49:43,ADAMW_lr0.001,ADAMW,2,shakespeare_char,0,train_eval,4.270771503448486,9.900990099009901e-06,,
2025-09-15 06:49:43,ADAMW_lr0.001,ADAMW,2,shakespeare_char,0,val_eval,4.269772529602051,9.900990099009901e-06,,
2025-09-15 06:49:44,ADAMW_lr0.01,ADAMW,2,shakespeare_char,40,train_eval,2.590045213699341,0.000405940594059406,0.034336842991166065,
2025-09-15 06:49:44,ADAMW_lr0.01,ADAMW,2,shakespeare_char,40,val_eval,2.5812575817108154,0.000405940594059406,0.034336842991166065,
2025-09-15 06:49:44,ADAMW_lr0.01,ADAMW,2,shakespeare_char,40,train_iter,2.584027051925659,0.000405940594059406,0.03484316893056414,1773.2675075531006
2025-09-15 06:49:46,ADAMW_lr0.01,ADAMW,2,shakespeare_char,50,train_eval,2.5784029960632324,0.000504950495049505,0.03484316893056414,
2025-09-15 06:49:46,ADAMW_lr0.01,ADAMW,2,shakespeare_char,50,val_eval,2.5686471462249756,0.000504950495049505,0.03484316893056414,
2025-09-15 06:49:47,ADAMW_lr0.01,ADAMW,2,shakespeare_char,50,train_iter,2.585820436477661,0.000504950495049505,0.03416811375711277,2487.02073097229
2025-09-15 06:49:48,ADAMW_lr0.01,ADAMW,2,shakespeare_char,60,train_eval,2.5504350662231445,0.000603960396039604,0.03416811375711277,
2025-09-15 06:49:48,ADAMW_lr0.01,ADAMW,2,shakespeare_char,60,val_eval,2.570538282394409,0.000603960396039604,0.03416811375711277,
2025-09-15 06:49:48,ADAMW_lr0.01,ADAMW,2,shakespeare_char,60,train_iter,2.5783441066741943,0.000603960396039604,0.035257398597193026,1550.4977703094482
2025-09-15 06:49:50,ADAMW_lr0.01,ADAMW,2,shakespeare_char,70,train_eval,2.5356147289276123,0.000702970297029703,0.035257398597193026,
2025-09-15 06:49:50,ADAMW_lr0.01,ADAMW,2,shakespeare_char,70,val_eval,2.547668218612671,0.000702970297029703,0.035257398597193026,
2025-09-15 06:49:51,ADAMW_lr0.01,ADAMW,2,shakespeare_char,70,train_iter,2.550969123840332,0.000702970297029703,0.035233665674276965,1995.053768157959
2025-09-15 06:49:53,ADAMW_lr0.01,ADAMW,2,shakespeare_char,80,train_eval,2.531186103820801,0.000801980198019802,0.035233665674276965,
2025-09-15 06:49:53,ADAMW_lr0.01,ADAMW,2,shakespeare_char,80,val_eval,2.5226237773895264,0.000801980198019802,0.035233665674276965,
2025-09-15 06:49:54,ADAMW_lr0.01,ADAMW,2,shakespeare_char,80,train_iter,2.5456807613372803,0.000801980198019802,0.033878742767775305,3221.984624862671
2025-09-15 06:49:55,ADAMW_lr0.01,ADAMW,2,shakespeare_char,90,train_eval,2.514955520629883,0.0009009900990099009,0.033878742767775305,
2025-09-15 06:49:55,ADAMW_lr0.01,ADAMW,2,shakespeare_char,90,val_eval,2.5268187522888184,0.0009009900990099009,0.033878742767775305,
2025-09-15 06:49:55,ADAMW_lr0.01,ADAMW,2,shakespeare_char,90,train_iter,2.525954008102417,0.0009009900990099009,0.03537768052036107,1429.7034740447998
2025-09-15 06:49:58,ADAMW_lr0.01,ADAMW,2,shakespeare_char,100,train_eval,2.5477068424224854,0.001,0.03537768052036107,
2025-09-15 06:49:58,ADAMW_lr0.01,ADAMW,2,shakespeare_char,100,val_eval,2.600642442703247,0.001,0.03537768052036107,
2025-09-15 06:51:56,ADAMW_lr0.01,ADAMW,2,shakespeare_char,0,train_iter,4.265802383422852,9.900990099009901e-06,,143233.21628570557
2025-09-15 06:51:57,ADAMW_lr0.01,ADAMW,2,shakespeare_char,10,train_eval,3.11299204826355,0.0001089108910891089,,
2025-09-15 06:51:57,ADAMW_lr0.01,ADAMW,2,shakespeare_char,10,val_eval,3.1392972469329834,0.0001089108910891089,,
2025-09-15 06:51:58,ADAMW_lr0.01,ADAMW,2,shakespeare_char,10,train_iter,3.180894374847412,0.0001089108910891089,0.030457530332705533,2293.912887573242
2025-09-15 06:52:00,ADAMW_lr0.01,ADAMW,2,shakespeare_char,20,train_eval,2.771749258041382,0.00020792079207920794,0.030457530332705533,
2025-09-15 06:52:00,ADAMW_lr0.01,ADAMW,2,shakespeare_char,20,val_eval,2.7787771224975586,0.00020792079207920794,0.030457530332705533,
2025-09-15 06:52:00,ADAMW_lr0.01,ADAMW,2,shakespeare_char,20,train_iter,2.8061060905456543,0.00020792079207920794,0.030530133625778215,2240.504741668701
2025-09-15 06:52:01,ADAMW_lr0.01,ADAMW,2,shakespeare_char,30,train_eval,2.6303110122680664,0.00030693069306930693,0.030530133625778215,
2025-09-15 06:52:01,ADAMW_lr0.01,ADAMW,2,shakespeare_char,30,val_eval,2.6335039138793945,0.00030693069306930693,0.030530133625778215,
2025-09-15 06:52:02,ADAMW_lr0.01,ADAMW,2,shakespeare_char,30,train_iter,2.6616392135620117,0.00030693069306930693,0.03266271894278589,1347.3260402679443
2025-09-15 06:52:03,ADAMW_lr0.01,ADAMW,2,shakespeare_char,40,train_eval,2.590057373046875,0.000405940594059406,0.03266271894278589,
2025-09-15 06:52:03,ADAMW_lr0.01,ADAMW,2,shakespeare_char,40,val_eval,2.5812745094299316,0.000405940594059406,0.03266271894278589,
2025-09-15 06:52:03,ADAMW_lr0.01,ADAMW,2,shakespeare_char,40,train_iter,2.5838887691497803,0.000405940594059406,0.03429829992225369,1425.316572189331
2025-09-15 06:52:05,ADAMW_lr0.01,ADAMW,2,shakespeare_char,50,train_eval,2.5783987045288086,0.000504950495049505,0.03429829992225369,
2025-09-15 06:52:05,ADAMW_lr0.01,ADAMW,2,shakespeare_char,50,val_eval,2.568600654602051,0.000504950495049505,0.03429829992225369,
2025-09-15 06:52:05,ADAMW_lr0.01,ADAMW,2,shakespeare_char,50,train_iter,2.5857720375061035,0.000504950495049505,0.03451162036269909,1917.7610874176025
2025-09-15 06:52:07,ADAMW_lr0.01,ADAMW,2,shakespeare_char,60,train_eval,2.5505170822143555,0.000603960396039604,0.03451162036269909,
2025-09-15 06:52:07,ADAMW_lr0.01,ADAMW,2,shakespeare_char,60,val_eval,2.570671796798706,0.000603960396039604,0.03451162036269909,
2025-09-15 06:52:07,ADAMW_lr0.01,ADAMW,2,shakespeare_char,60,train_iter,2.578573226928711,0.000603960396039604,0.034616896063422366,1964.519739151001
2025-09-15 06:52:09,ADAMW_lr0.01,ADAMW,2,shakespeare_char,70,train_eval,2.5355682373046875,0.000702970297029703,0.034616896063422366,
2025-09-15 06:52:09,ADAMW_lr0.01,ADAMW,2,shakespeare_char,70,val_eval,2.5476245880126953,0.000702970297029703,0.034616896063422366,
2025-09-15 06:52:09,ADAMW_lr0.01,ADAMW,2,shakespeare_char,70,train_iter,2.550961971282959,0.000702970297029703,0.035270289778097486,1697.8251934051514
2025-09-15 06:52:11,ADAMW_lr0.01,ADAMW,2,shakespeare_char,80,train_eval,2.531109094619751,0.000801980198019802,0.035270289778097486,
2025-09-15 06:52:11,ADAMW_lr0.01,ADAMW,2,shakespeare_char,80,val_eval,2.522568464279175,0.000801980198019802,0.035270289778097486,
2025-09-15 06:52:11,ADAMW_lr0.01,ADAMW,2,shakespeare_char,80,train_iter,2.5455455780029297,0.000801980198019802,0.03506995467790455,2100.1908779144287
2025-09-15 06:52:12,ADAMW_lr0.01,ADAMW,2,shakespeare_char,90,train_eval,2.5149343013763428,0.0009009900990099009,0.03506995467790455,
2025-09-15 06:52:12,ADAMW_lr0.01,ADAMW,2,shakespeare_char,90,val_eval,2.526818037033081,0.0009009900990099009,0.03506995467790455,
2025-09-15 06:52:12,ADAMW_lr0.01,ADAMW,2,shakespeare_char,90,train_iter,2.5261685848236084,0.0009009900990099009,0.03949163188316432,881.1931610107422
2025-09-15 06:52:13,ADAMW_lr0.01,ADAMW,2,shakespeare_char,100,train_eval,2.5478250980377197,0.001,0.03949163188316432,
2025-09-15 06:52:13,ADAMW_lr0.01,ADAMW,2,shakespeare_char,100,val_eval,2.6008551120758057,0.001,0.03949163188316432,
2025-09-15 06:52:33,ADAMW_lr0.01,ADAMW,2,shakespeare_char,100,train_iter,2.521306037902832,0.001,0.031884406083538715,157026.8476009369
2025-09-15 06:52:34,ADAMW_lr0.001,ADAMW,2,shakespeare_char,0,train_iter,4.265802383422852,9.900990099009901e-06,,174038.54823112488
2025-09-15 06:52:35,ADAMW_lr0.01,ADAMW,2,shakespeare_char,110,train_eval,2.5072953701019287,0.0009999907511312647,0.031884406083538715,
2025-09-15 06:52:35,ADAMW_lr0.01,ADAMW,2,shakespeare_char,110,val_eval,2.517401695251465,0.0009999907511312647,0.031884406083538715,
2025-09-15 06:52:35,ADAMW_lr0.01,ADAMW,2,shakespeare_char,110,train_iter,2.549623966217041,0.0009999907511312647,0.031220852700860214,2767.1303749084473
2025-09-15 06:52:37,ADAMW_lr0.001,ADAMW,2,shakespeare_char,10,train_eval,3.1129608154296875,0.0001089108910891089,,
2025-09-15 06:52:37,ADAMW_lr0.001,ADAMW,2,shakespeare_char,10,val_eval,3.139268398284912,0.0001089108910891089,,
2025-09-15 06:52:37,ADAMW_lr0.01,ADAMW,2,shakespeare_char,120,train_eval,2.5086569786071777,0.0009999630049052437,0.031220852700860214,
2025-09-15 06:52:37,ADAMW_lr0.01,ADAMW,2,shakespeare_char,120,val_eval,2.525730609893799,0.0009999630049052437,0.031220852700860214,
2025-09-15 06:52:37,ADAMW_lr0.01,ADAMW,2,shakespeare_char,120,train_iter,2.534221887588501,0.0009999630049052437,0.033406769338151815,1316.2565231323242
2025-09-15 06:52:38,ADAMW_lr0.001,ADAMW,2,shakespeare_char,10,train_iter,3.180866241455078,0.0001089108910891089,0.020544408985189756,3400.77543258667
2025-09-15 06:52:38,ADAMW_lr0.01,ADAMW,2,shakespeare_char,130,train_eval,2.5051827430725098,0.0009999167624624755,0.033406769338151815,
2025-09-15 06:52:38,ADAMW_lr0.01,ADAMW,2,shakespeare_char,130,val_eval,2.5308830738067627,0.0009999167624624755,0.033406769338151815,
2025-09-15 06:52:38,ADAMW_lr0.01,ADAMW,2,shakespeare_char,130,train_iter,2.565061569213867,0.0009999167624624755,0.03547793605538875,1291.0003662109375
2025-09-15 06:52:40,ADAMW_lr0.01,ADAMW,2,shakespeare_char,140,train_eval,2.493350028991699,0.000999852025703806,0.03547793605538875,
2025-09-15 06:52:40,ADAMW_lr0.01,ADAMW,2,shakespeare_char,140,val_eval,2.495387315750122,0.000999852025703806,0.03547793605538875,
2025-09-15 06:52:40,ADAMW_lr0.01,ADAMW,2,shakespeare_char,140,train_iter,2.5080957412719727,0.000999852025703806,0.035449190219145284,1985.3928089141846
2025-09-15 06:52:41,ADAMW_lr0.001,ADAMW,2,shakespeare_char,20,train_eval,2.7717831134796143,0.00020792079207920794,0.020544408985189756,
2025-09-15 06:52:41,ADAMW_lr0.001,ADAMW,2,shakespeare_char,20,val_eval,2.778792381286621,0.00020792079207920794,0.020544408985189756,
2025-09-15 06:52:41,ADAMW_lr0.001,ADAMW,2,shakespeare_char,20,train_iter,2.8061227798461914,0.00020792079207920794,0.020640876426990154,3248.2519149780273
2025-09-15 06:52:43,ADAMW_lr0.01,ADAMW,2,shakespeare_char,150,train_eval,2.4919016361236572,0.0009997687972903096,0.035449190219145284,
2025-09-15 06:52:43,ADAMW_lr0.01,ADAMW,2,shakespeare_char,150,val_eval,2.521604299545288,0.0009997687972903096,0.035449190219145284,
2025-09-15 06:52:43,ADAMW_lr0.01,ADAMW,2,shakespeare_char,150,train_iter,2.484522819519043,0.0009997687972903096,0.034706904440467,2492.9027557373047
2025-09-15 06:52:43,ADAMW_lr0.001,ADAMW,2,shakespeare_char,30,train_eval,2.6302852630615234,0.00030693069306930693,0.020640876426990154,
2025-09-15 06:52:43,ADAMW_lr0.001,ADAMW,2,shakespeare_char,30,val_eval,2.633488416671753,0.00030693069306930693,0.020640876426990154,
2025-09-15 06:52:44,ADAMW_lr0.001,ADAMW,2,shakespeare_char,30,train_iter,2.661620855331421,0.00030693069306930693,0.021372890120155055,2498.7263679504395
2025-09-15 06:52:46,ADAMW_lr0.01,ADAMW,2,shakespeare_char,160,train_eval,2.487215518951416,0.0009996670806431804,0.034706904440467,
2025-09-15 06:52:46,ADAMW_lr0.01,ADAMW,2,shakespeare_char,160,val_eval,2.5121026039123535,0.0009996670806431804,0.034706904440467,
2025-09-15 06:52:46,ADAMW_lr0.01,ADAMW,2,shakespeare_char,160,train_iter,2.4843525886535645,0.0009996670806431804,0.03398627800062946,2540.5561923980713
2025-09-15 06:52:46,ADAMW_lr0.001,ADAMW,2,shakespeare_char,40,train_eval,2.5901389122009277,0.000405940594059406,0.021372890120155055,
2025-09-15 06:52:46,ADAMW_lr0.001,ADAMW,2,shakespeare_char,40,val_eval,2.581343412399292,0.000405940594059406,0.021372890120155055,
2025-09-15 06:52:47,ADAMW_lr0.001,ADAMW,2,shakespeare_char,40,train_iter,2.5842037200927734,0.000405940594059406,0.021462112232463488,3137.9551887512207
2025-09-15 06:52:48,ADAMW_lr0.01,ADAMW,2,shakespeare_char,170,train_eval,2.4708197116851807,0.0009995468799435915,0.03398627800062946,
2025-09-15 06:52:48,ADAMW_lr0.01,ADAMW,2,shakespeare_char,170,val_eval,2.498363971710205,0.0009995468799435915,0.03398627800062946,
2025-09-15 06:52:48,ADAMW_lr0.01,ADAMW,2,shakespeare_char,170,train_iter,2.477738380432129,0.0009995468799435915,0.03366504633038205,2270.3258991241455
2025-09-15 06:52:49,ADAMW_lr0.001,ADAMW,2,shakespeare_char,50,train_eval,2.578500986099243,0.000504950495049505,0.021462112232463488,
2025-09-15 06:52:49,ADAMW_lr0.001,ADAMW,2,shakespeare_char,50,val_eval,2.568706750869751,0.000504950495049505,0.021462112232463488,
2025-09-15 06:52:49,ADAMW_lr0.001,ADAMW,2,shakespeare_char,50,train_iter,2.5858874320983887,0.000504950495049505,0.022355033970518412,2298.9096641540527
2025-09-15 06:52:50,ADAMW_lr0.01,ADAMW,2,shakespeare_char,180,train_eval,2.4625043869018555,0.000999408200132523,0.03366504633038205,
2025-09-15 06:52:50,ADAMW_lr0.01,ADAMW,2,shakespeare_char,180,val_eval,2.4916481971740723,0.000999408200132523,0.03366504633038205,
2025-09-15 06:52:50,ADAMW_lr0.01,ADAMW,2,shakespeare_char,180,train_iter,2.5003795623779297,0.000999408200132523,0.03379490121844077,1998.2762336730957
2025-09-15 06:52:51,ADAMW_lr0.001,ADAMW,2,shakespeare_char,60,train_eval,2.5505194664001465,0.000603960396039604,0.022355033970518412,
2025-09-15 06:52:51,ADAMW_lr0.001,ADAMW,2,shakespeare_char,60,val_eval,2.5706474781036377,0.000603960396039604,0.022355033970518412,
2025-09-15 06:52:51,ADAMW_lr0.001,ADAMW,2,shakespeare_char,60,train_iter,2.57858943939209,0.000603960396039604,0.024217417167952834,1704.9500942230225
2025-09-15 06:52:52,ADAMW_lr0.01,ADAMW,2,shakespeare_char,190,train_eval,2.468707323074341,0.0009992510469105584,0.03379490121844077,
2025-09-15 06:52:52,ADAMW_lr0.01,ADAMW,2,shakespeare_char,190,val_eval,2.503608226776123,0.0009992510469105584,0.03379490121844077,
2025-09-15 06:52:52,ADAMW_lr0.01,ADAMW,2,shakespeare_char,190,train_iter,2.5079498291015625,0.0009992510469105584,0.034511996147464766,1705.4917812347412
2025-09-15 06:52:53,ADAMW_lr0.001,ADAMW,2,shakespeare_char,70,train_eval,2.53564715385437,0.000702970297029703,0.024217417167952834,
2025-09-15 06:52:53,ADAMW_lr0.001,ADAMW,2,shakespeare_char,70,val_eval,2.547682523727417,0.000702970297029703,0.024217417167952834,
2025-09-15 06:52:53,ADAMW_lr0.001,ADAMW,2,shakespeare_char,70,train_iter,2.5509347915649414,0.000702970297029703,0.025157007440562564,2078.5486698150635
2025-09-15 06:52:54,ADAMW_lr0.01,ADAMW,2,shakespeare_char,200,train_eval,2.477919816970825,0.0009990754267376514,0.034511996147464766,
2025-09-15 06:52:54,ADAMW_lr0.01,ADAMW,2,shakespeare_char,200,val_eval,2.505377769470215,0.0009990754267376514,0.034511996147464766,
2025-09-15 06:52:56,ADAMW_lr0.001,ADAMW,2,shakespeare_char,80,train_eval,2.531254529953003,0.000801980198019802,0.025157007440562564,
2025-09-15 06:52:56,ADAMW_lr0.001,ADAMW,2,shakespeare_char,80,val_eval,2.522674798965454,0.000801980198019802,0.025157007440562564,
2025-09-15 06:52:56,ADAMW_lr0.001,ADAMW,2,shakespeare_char,80,train_iter,2.545529365539551,0.000801980198019802,0.02516734309144066,2765.871524810791
2025-09-15 06:52:59,ADAMW_lr0.001,ADAMW,2,shakespeare_char,90,train_eval,2.5150303840637207,0.0009009900990099009,0.02516734309144066,
2025-09-15 06:52:59,ADAMW_lr0.001,ADAMW,2,shakespeare_char,90,val_eval,2.526951789855957,0.0009009900990099009,0.02516734309144066,
2025-09-15 06:52:59,ADAMW_lr0.001,ADAMW,2,shakespeare_char,90,train_iter,2.5260963439941406,0.0009009900990099009,0.025802670795663694,2216.5465354919434
2025-09-15 06:53:00,ADAMW_lr0.001,ADAMW,2,shakespeare_char,100,train_eval,2.547111749649048,0.001,0.025802670795663694,
2025-09-15 06:53:00,ADAMW_lr0.001,ADAMW,2,shakespeare_char,100,val_eval,2.599719285964966,0.001,0.025802670795663694,
2025-09-15 06:56:03,ADAMW_lr0.01,ADAMW,2,shakespeare_char,100,train_iter,2.5216784477233887,0.001,0.03557275223700599,230709.21158790588
2025-09-15 06:56:04,ADAMW_lr0.01,ADAMW,2,shakespeare_char,110,train_eval,2.5073306560516357,0.0009999907511312647,0.03557275223700599,
2025-09-15 06:56:04,ADAMW_lr0.01,ADAMW,2,shakespeare_char,110,val_eval,2.517409086227417,0.0009999907511312647,0.03557275223700599,
2025-09-15 06:56:05,ADAMW_lr0.01,ADAMW,2,shakespeare_char,110,train_iter,2.5495171546936035,0.0009999907511312647,0.037211885806997747,1344.5231914520264
2025-09-15 06:56:06,ADAMW_lr0.01,ADAMW,2,shakespeare_char,120,train_eval,2.50862193107605,0.0009999630049052437,0.037211885806997747,
2025-09-15 06:56:06,ADAMW_lr0.01,ADAMW,2,shakespeare_char,120,val_eval,2.5255630016326904,0.0009999630049052437,0.037211885806997747,
2025-09-15 06:56:06,ADAMW_lr0.01,ADAMW,2,shakespeare_char,120,train_iter,2.5342087745666504,0.0009999630049052437,0.0394137418722515,1179.5778274536133
2025-09-15 06:56:07,ADAMW_lr0.01,ADAMW,2,shakespeare_char,130,train_eval,2.505138397216797,0.0009999167624624755,0.0394137418722515,
2025-09-15 06:56:07,ADAMW_lr0.01,ADAMW,2,shakespeare_char,130,val_eval,2.5308871269226074,0.0009999167624624755,0.0394137418722515,
2025-09-15 06:56:07,ADAMW_lr0.01,ADAMW,2,shakespeare_char,130,train_iter,2.5650787353515625,0.0009999167624624755,0.04165209903283042,1130.5818557739258
2025-09-15 06:56:07,ADAMW_lr0.01,ADAMW,2,shakespeare_char,200,train_iter,2.5474584102630615,0.0009990754267376514,0.031096559268921086,195362.34855651855
2025-09-15 06:56:08,ADAMW_lr0.01,ADAMW,2,shakespeare_char,140,train_eval,2.4934518337249756,0.000999852025703806,0.04165209903283042,
2025-09-15 06:56:08,ADAMW_lr0.01,ADAMW,2,shakespeare_char,140,val_eval,2.4954915046691895,0.000999852025703806,0.04165209903283042,
2025-09-15 06:56:09,ADAMW_lr0.01,ADAMW,2,shakespeare_char,140,train_iter,2.508185863494873,0.000999852025703806,0.04240087858635007,1421.7963218688965
2025-09-15 06:56:10,ADAMW_lr0.01,ADAMW,2,shakespeare_char,150,train_eval,2.4919843673706055,0.0009997687972903096,0.04240087858635007,
2025-09-15 06:56:10,ADAMW_lr0.01,ADAMW,2,shakespeare_char,150,val_eval,2.521634340286255,0.0009997687972903096,0.04240087858635007,
2025-09-15 06:56:10,ADAMW_lr0.01,ADAMW,2,shakespeare_char,150,train_iter,2.4846057891845703,0.0009997687972903096,0.043699931812741656,1261.33131980896
2025-09-15 06:56:11,ADAMW_lr0.01,ADAMW,2,shakespeare_char,160,train_eval,2.4873223304748535,0.0009996670806431804,0.043699931812741656,
2025-09-15 06:56:11,ADAMW_lr0.01,ADAMW,2,shakespeare_char,160,val_eval,2.512178897857666,0.0009996670806431804,0.043699931812741656,
2025-09-15 06:56:11,ADAMW_lr0.01,ADAMW,2,shakespeare_char,160,train_iter,2.4843363761901855,0.0009996670806431804,0.04494420857532773,1244.4524765014648
2025-09-15 06:56:13,ADAMW_lr0.01,ADAMW,2,shakespeare_char,170,train_eval,2.4708030223846436,0.0009995468799435915,0.04494420857532773,
2025-09-15 06:56:13,ADAMW_lr0.01,ADAMW,2,shakespeare_char,170,val_eval,2.498270034790039,0.0009995468799435915,0.04494420857532773,
2025-09-15 06:56:13,ADAMW_lr0.01,ADAMW,2,shakespeare_char,170,train_iter,2.477609157562256,0.0009995468799435915,0.04587618735541149,1287.5373363494873
2025-09-15 06:56:14,ADAMW_lr0.01,ADAMW,2,shakespeare_char,180,train_eval,2.4622912406921387,0.000999408200132523,0.04587618735541149,
2025-09-15 06:56:14,ADAMW_lr0.01,ADAMW,2,shakespeare_char,180,val_eval,2.492094039916992,0.000999408200132523,0.04587618735541149,
2025-09-15 06:56:15,ADAMW_lr0.01,ADAMW,2,shakespeare_char,180,train_iter,2.5003952980041504,0.000999408200132523,0.04526973663009164,1754.9352645874023
2025-09-15 06:56:16,ADAMW_lr0.01,ADAMW,2,shakespeare_char,190,train_eval,2.4682466983795166,0.0009992510469105584,0.04526973663009164,
2025-09-15 06:56:16,ADAMW_lr0.01,ADAMW,2,shakespeare_char,190,val_eval,2.5030605792999268,0.0009992510469105584,0.04526973663009164,
2025-09-15 06:56:16,ADAMW_lr0.01,ADAMW,2,shakespeare_char,190,train_iter,2.507467269897461,0.0009992510469105584,0.04553274823313229,1458.604097366333
2025-09-15 06:56:18,ADAMW_lr0.01,ADAMW,2,shakespeare_char,200,train_eval,2.4778387546539307,0.0009990754267376514,0.04553274823313229,
2025-09-15 06:56:18,ADAMW_lr0.01,ADAMW,2,shakespeare_char,200,val_eval,2.5053961277008057,0.0009990754267376514,0.04553274823313229,
2025-09-15 06:56:23,SGD_lr0.0003_m0.0,SGD,2,shakespeare_char,0,train_eval,4.270771503448486,9.900990099009901e-06,,
2025-09-15 06:56:23,SGD_lr0.0003_m0.0,SGD,2,shakespeare_char,0,val_eval,4.269772529602051,9.900990099009901e-06,,
2025-09-15 06:57:04,ADAMW_lr0.001,ADAMW,2,shakespeare_char,100,train_iter,2.5210280418395996,0.001,0.023250846450866135,245640.65980911255
2025-09-15 06:57:07,ADAMW_lr0.001,ADAMW,2,shakespeare_char,110,train_eval,2.5072052478790283,0.0009999907511312647,0.023250846450866135,
2025-09-15 06:57:07,ADAMW_lr0.001,ADAMW,2,shakespeare_char,110,val_eval,2.5172739028930664,0.0009999907511312647,0.023250846450866135,
2025-09-15 06:57:08,ADAMW_lr0.001,ADAMW,2,shakespeare_char,110,train_iter,2.5495078563690186,0.0009999907511312647,0.023159754232836845,3127.4466514587402
2025-09-15 06:57:10,ADAMW_lr0.001,ADAMW,2,shakespeare_char,120,train_eval,2.5086965560913086,0.0009999630049052437,0.023159754232836845,
2025-09-15 06:57:10,ADAMW_lr0.001,ADAMW,2,shakespeare_char,120,val_eval,2.525738000869751,0.0009999630049052437,0.023159754232836845,
2025-09-15 06:57:10,ADAMW_lr0.001,ADAMW,2,shakespeare_char,120,train_iter,2.534203290939331,0.0009999630049052437,0.02397379205089533,2232.1605682373047
2025-09-15 06:57:12,ADAMW_lr0.001,ADAMW,2,shakespeare_char,130,train_eval,2.505303382873535,0.0009999167624624755,0.02397379205089533,
2025-09-15 06:57:12,ADAMW_lr0.001,ADAMW,2,shakespeare_char,130,val_eval,2.531052589416504,0.0009999167624624755,0.02397379205089533,
2025-09-15 06:57:12,ADAMW_lr0.001,ADAMW,2,shakespeare_char,130,train_iter,2.565462112426758,0.0009999167624624755,0.02458598730427631,2321.488380432129
2025-09-15 06:57:14,ADAMW_lr0.001,ADAMW,2,shakespeare_char,140,train_eval,2.493462085723877,0.000999852025703806,0.02458598730427631,
2025-09-15 06:57:14,ADAMW_lr0.001,ADAMW,2,shakespeare_char,140,val_eval,2.4954137802124023,0.000999852025703806,0.02458598730427631,
2025-09-15 06:57:15,ADAMW_lr0.001,ADAMW,2,shakespeare_char,140,train_iter,2.5080556869506836,0.000999852025703806,0.024603682876430506,2821.430444717407
2025-09-15 06:57:17,ADAMW_lr0.001,ADAMW,2,shakespeare_char,150,train_eval,2.4919838905334473,0.0009997687972903096,0.024603682876430506,
2025-09-15 06:57:17,ADAMW_lr0.001,ADAMW,2,shakespeare_char,150,val_eval,2.5217676162719727,0.0009997687972903096,0.024603682876430506,
2025-09-15 06:57:17,ADAMW_lr0.001,ADAMW,2,shakespeare_char,150,train_iter,2.484602928161621,0.0009997687972903096,0.02669241392513769,1535.8407497406006
2025-09-15 06:57:18,ADAMW_lr0.001,ADAMW,2,shakespeare_char,160,train_eval,2.4873046875,0.0009996670806431804,0.02669241392513769,
2025-09-15 06:57:18,ADAMW_lr0.001,ADAMW,2,shakespeare_char,160,val_eval,2.5123658180236816,0.0009996670806431804,0.02669241392513769,
2025-09-15 06:57:18,ADAMW_lr0.001,ADAMW,2,shakespeare_char,160,train_iter,2.4843788146972656,0.0009996670806431804,0.02910277725714222,1375.4401206970215
2025-09-15 06:57:20,ADAMW_lr0.001,ADAMW,2,shakespeare_char,170,train_eval,2.4708340167999268,0.0009995468799435915,0.02910277725714222,
2025-09-15 06:57:20,ADAMW_lr0.001,ADAMW,2,shakespeare_char,170,val_eval,2.498380184173584,0.0009995468799435915,0.02910277725714222,
2025-09-15 06:57:20,ADAMW_lr0.001,ADAMW,2,shakespeare_char,170,train_iter,2.478053569793701,0.0009995468799435915,0.030739863018120813,1536.4270210266113
2025-09-15 06:57:22,ADAMW_lr0.001,ADAMW,2,shakespeare_char,180,train_eval,2.462367296218872,0.000999408200132523,0.030739863018120813,
2025-09-15 06:57:22,ADAMW_lr0.001,ADAMW,2,shakespeare_char,180,val_eval,2.4918859004974365,0.000999408200132523,0.030739863018120813,
2025-09-15 06:57:23,ADAMW_lr0.001,ADAMW,2,shakespeare_char,180,train_iter,2.5003890991210938,0.000999408200132523,0.03044839866534596,2510.920763015747
2025-09-15 06:57:25,ADAMW_lr0.001,ADAMW,2,shakespeare_char,190,train_eval,2.4684994220733643,0.0009992510469105584,0.03044839866534596,
2025-09-15 06:57:25,ADAMW_lr0.001,ADAMW,2,shakespeare_char,190,val_eval,2.5033657550811768,0.0009992510469105584,0.03044839866534596,
2025-09-15 06:57:25,ADAMW_lr0.001,ADAMW,2,shakespeare_char,190,train_iter,2.5077688694000244,0.0009992510469105584,0.03101615630089043,1933.9802265167236
2025-09-15 06:57:27,ADAMW_lr0.001,ADAMW,2,shakespeare_char,200,train_eval,2.4774537086486816,0.0009990754267376514,0.03101615630089043,
2025-09-15 06:57:27,ADAMW_lr0.001,ADAMW,2,shakespeare_char,200,val_eval,2.5047521591186523,0.0009990754267376514,0.03101615630089043,
2025-09-15 07:00:16,SGD_lr0.0003_m0.0,SGD,2,shakespeare_char,0,train_iter,4.265802383422852,9.900990099009901e-06,,238098.28519821167
2025-09-15 07:00:18,SGD_lr0.0003_m0.0,SGD,2,shakespeare_char,10,train_eval,4.263160228729248,0.0001089108910891089,,
2025-09-15 07:00:18,SGD_lr0.0003_m0.0,SGD,2,shakespeare_char,10,val_eval,4.263652801513672,0.0001089108910891089,,
2025-09-15 07:00:18,SGD_lr0.0003_m0.0,SGD,2,shakespeare_char,10,train_iter,4.260556221008301,0.0001089108910891089,0.026260900833452356,2660.492181777954
2025-09-15 07:00:19,ADAMW_lr0.01,ADAMW,2,shakespeare_char,200,train_iter,2.5470283031463623,0.0009990754267376514,0.04100828436459436,242501.23572349548
2025-09-15 07:00:20,SGD_lr0.0003_m0.0,SGD,2,shakespeare_char,20,train_eval,4.243582725524902,0.00020792079207920794,0.026260900833452356,
2025-09-15 07:00:20,SGD_lr0.0003_m0.0,SGD,2,shakespeare_char,20,val_eval,4.243230819702148,0.00020792079207920794,0.026260900833452356,
2025-09-15 07:00:21,SGD_lr0.0003_m0.0,SGD,2,shakespeare_char,20,train_iter,4.246522426605225,0.00020792079207920794,0.0269623972637378,2099.6274948120117
2025-09-15 07:00:22,SGD_lr0.0003_m0.0,SGD,2,shakespeare_char,30,train_eval,4.212087631225586,0.00030693069306930693,0.0269623972637378,
2025-09-15 07:00:22,SGD_lr0.0003_m0.0,SGD,2,shakespeare_char,30,val_eval,4.21204948425293,0.00030693069306930693,0.0269623972637378,
2025-09-15 07:00:22,SGD_lr0.0003_m0.0,SGD,2,shakespeare_char,30,train_iter,4.230644702911377,0.00030693069306930693,0.028483897761376883,1656.501293182373
2025-09-15 07:00:24,SGD_lr0.0003_m0.0,SGD,2,shakespeare_char,40,train_eval,4.168059825897217,0.000405940594059406,0.028483897761376883,
2025-09-15 07:00:24,SGD_lr0.0003_m0.0,SGD,2,shakespeare_char,40,val_eval,4.170442581176758,0.000405940594059406,0.028483897761376883,
2025-09-15 07:00:24,SGD_lr0.0003_m0.0,SGD,2,shakespeare_char,40,train_iter,4.190336227416992,0.000405940594059406,0.02964814095880945,1741.1739826202393
2025-09-15 07:00:26,SGD_lr0.0003_m0.0,SGD,2,shakespeare_char,50,train_eval,4.116240978240967,0.000504950495049505,0.02964814095880945,
2025-09-15 07:00:26,SGD_lr0.0003_m0.0,SGD,2,shakespeare_char,50,val_eval,4.1193623542785645,0.000504950495049505,0.02964814095880945,
2025-09-15 07:00:26,SGD_lr0.0003_m0.0,SGD,2,shakespeare_char,50,train_iter,4.153327465057373,0.000504950495049505,0.03125143604528745,1529.449462890625
2025-09-15 07:00:27,SGD_lr0.0003_m0.0,SGD,2,shakespeare_char,60,train_eval,4.053559303283691,0.000603960396039604,0.03125143604528745,
2025-09-15 07:00:27,SGD_lr0.0003_m0.0,SGD,2,shakespeare_char,60,val_eval,4.059854030609131,0.000603960396039604,0.03125143604528745,
2025-09-15 07:00:27,SGD_lr0.0003_m0.0,SGD,2,shakespeare_char,60,train_iter,4.119200706481934,0.000603960396039604,0.033199253703787374,1377.2413730621338
2025-09-15 07:00:29,SGD_lr0.0003_m0.0,SGD,2,shakespeare_char,70,train_eval,3.985349655151367,0.000702970297029703,0.033199253703787374,
2025-09-15 07:00:29,SGD_lr0.0003_m0.0,SGD,2,shakespeare_char,70,val_eval,3.9951343536376953,0.000702970297029703,0.033199253703787374,
2025-09-15 07:00:29,SGD_lr0.0003_m0.0,SGD,2,shakespeare_char,70,train_iter,4.0659708976745605,0.000702970297029703,0.03444632334991554,1529.822587966919
2025-09-15 07:00:30,SGD_lr0.0003_m0.0,SGD,2,shakespeare_char,80,train_eval,3.917825937271118,0.000801980198019802,0.03444632334991554,
2025-09-15 07:00:30,SGD_lr0.0003_m0.0,SGD,2,shakespeare_char,80,val_eval,3.92523193359375,0.000801980198019802,0.03444632334991554,
2025-09-15 07:00:30,SGD_lr0.0003_m0.0,SGD,2,shakespeare_char,80,train_iter,4.004637241363525,0.000801980198019802,0.036142966837518914,1358.9413166046143
2025-09-15 07:00:31,SGD_lr0.0003_m0.0,SGD,2,shakespeare_char,0,train_eval,4.270771503448486,9.900990099009901e-06,,
2025-09-15 07:00:31,SGD_lr0.0003_m0.0,SGD,2,shakespeare_char,0,val_eval,4.269772529602051,9.900990099009901e-06,,
2025-09-15 07:00:32,SGD_lr0.0003_m0.0,SGD,2,shakespeare_char,90,train_eval,3.8489556312561035,0.0009009900990099009,0.036142966837518914,
2025-09-15 07:00:32,SGD_lr0.0003_m0.0,SGD,2,shakespeare_char,90,val_eval,3.859628677368164,0.0009009900990099009,0.036142966837518914,
2025-09-15 07:00:32,SGD_lr0.0003_m0.0,SGD,2,shakespeare_char,90,train_iter,3.9243693351745605,0.0009009900990099009,0.03690891167886716,1595.0472354888916
2025-09-15 07:00:34,SGD_lr0.0003_m0.0,SGD,2,shakespeare_char,100,train_eval,3.782794713973999,0.001,0.03690891167886716,
2025-09-15 07:00:34,SGD_lr0.0003_m0.0,SGD,2,shakespeare_char,100,val_eval,3.796171188354492,0.001,0.03690891167886716,
2025-09-15 07:01:22,ADAMW_lr0.001,ADAMW,2,shakespeare_char,200,train_iter,2.547306537628174,0.0009990754267376514,0.027943930168706475,237727.5092601776
2025-09-15 07:01:39,ADAMW_lr0.01,ADAMW,2,shakespeare_char,0,train_eval,4.270771503448486,9.900990099009901e-06,,
2025-09-15 07:01:39,ADAMW_lr0.01,ADAMW,2,shakespeare_char,0,val_eval,4.269772529602051,9.900990099009901e-06,,
2025-09-15 07:04:05,SGD_lr0.0003_m0.0,SGD,2,shakespeare_char,100,train_iter,3.888885498046875,0.001,0.033250861298617644,212744.35353279114
2025-09-15 07:04:07,SGD_lr0.0003_m0.0,SGD,2,shakespeare_char,110,train_eval,3.7235939502716064,0.0009999907511312647,0.033250861298617644,
2025-09-15 07:04:07,SGD_lr0.0003_m0.0,SGD,2,shakespeare_char,110,val_eval,3.738246202468872,0.0009999907511312647,0.033250861298617644,
2025-09-15 07:04:07,SGD_lr0.0003_m0.0,SGD,2,shakespeare_char,110,train_iter,3.840055465698242,0.0009999907511312647,0.034269992764283067,1608.273983001709
2025-09-15 07:04:08,SGD_lr0.0003_m0.0,SGD,2,shakespeare_char,120,train_eval,3.67413330078125,0.0009999630049052437,0.034269992764283067,
2025-09-15 07:04:08,SGD_lr0.0003_m0.0,SGD,2,shakespeare_char,120,val_eval,3.689516305923462,0.0009999630049052437,0.034269992764283067,
2025-09-15 07:04:09,SGD_lr0.0003_m0.0,SGD,2,shakespeare_char,120,train_iter,3.7594823837280273,0.0009999630049052437,0.034844410678310754,1746.0544109344482
2025-09-15 07:04:10,SGD_lr0.0003_m0.0,SGD,2,shakespeare_char,130,train_eval,3.627204656600952,0.0009999167624624755,0.034844410678310754,
2025-09-15 07:04:10,SGD_lr0.0003_m0.0,SGD,2,shakespeare_char,130,val_eval,3.6438138484954834,0.0009999167624624755,0.034844410678310754,
2025-09-15 07:04:10,SGD_lr0.0003_m0.0,SGD,2,shakespeare_char,130,train_iter,3.7227916717529297,0.0009999167624624755,0.03625090049981089,1428.499460220337
2025-09-15 07:04:12,SGD_lr0.0003_m0.0,SGD,2,shakespeare_char,140,train_eval,3.5879950523376465,0.000999852025703806,0.03625090049981089,
2025-09-15 07:04:12,SGD_lr0.0003_m0.0,SGD,2,shakespeare_char,140,val_eval,3.60714054107666,0.000999852025703806,0.03625090049981089,
2025-09-15 07:04:12,SGD_lr0.0003_m0.0,SGD,2,shakespeare_char,140,train_iter,3.6672511100769043,0.000999852025703806,0.03594053700138706,2107.7733039855957
2025-09-15 07:04:15,SGD_lr0.0003_m0.0,SGD,2,shakespeare_char,150,train_eval,3.5527307987213135,0.0009997687972903096,0.03594053700138706,
2025-09-15 07:04:15,SGD_lr0.0003_m0.0,SGD,2,shakespeare_char,150,val_eval,3.571010112762451,0.0009997687972903096,0.03594053700138706,
2025-09-15 07:04:15,SGD_lr0.0003_m0.0,SGD,2,shakespeare_char,150,train_iter,3.637310743331909,0.0009997687972903096,0.03496109048577546,2672.1765995025635
2025-09-15 07:04:17,SGD_lr0.0003_m0.0,SGD,2,shakespeare_char,160,train_eval,3.519745111465454,0.0009996670806431804,0.03496109048577546,
2025-09-15 07:04:17,SGD_lr0.0003_m0.0,SGD,2,shakespeare_char,160,val_eval,3.545360803604126,0.0009996670806431804,0.03496109048577546,
2025-09-15 07:04:17,SGD_lr0.0003_m0.0,SGD,2,shakespeare_char,160,train_iter,3.593104839324951,0.0009996670806431804,0.0349306213338084,2015.989065170288
2025-09-15 07:04:19,SGD_lr0.0003_m0.0,SGD,2,shakespeare_char,170,train_eval,3.493467330932617,0.0009995468799435915,0.0349306213338084,
2025-09-15 07:04:19,SGD_lr0.0003_m0.0,SGD,2,shakespeare_char,170,val_eval,3.5185556411743164,0.0009995468799435915,0.0349306213338084,
2025-09-15 07:04:19,SGD_lr0.0003_m0.0,SGD,2,shakespeare_char,170,train_iter,3.5402331352233887,0.0009995468799435915,0.035030517397078416,1944.5514678955078
2025-09-15 07:04:22,SGD_lr0.0003_m0.0,SGD,2,shakespeare_char,180,train_eval,3.4642996788024902,0.000999408200132523,0.035030517397078416,
2025-09-15 07:04:22,SGD_lr0.0003_m0.0,SGD,2,shakespeare_char,180,val_eval,3.4920966625213623,0.000999408200132523,0.035030517397078416,
2025-09-15 07:04:22,SGD_lr0.0003_m0.0,SGD,2,shakespeare_char,180,train_iter,3.5480194091796875,0.000999408200132523,0.034043912319358216,2776.411771774292
2025-09-15 07:04:24,SGD_lr0.0003_m0.0,SGD,2,shakespeare_char,190,train_eval,3.4469845294952393,0.0009992510469105584,0.034043912319358216,
2025-09-15 07:04:24,SGD_lr0.0003_m0.0,SGD,2,shakespeare_char,190,val_eval,3.479489803314209,0.0009992510469105584,0.034043912319358216,
2025-09-15 07:04:24,SGD_lr0.0003_m0.0,SGD,2,shakespeare_char,190,train_iter,3.5201358795166016,0.0009992510469105584,0.034257226467580164,1931.2496185302734
2025-09-15 07:04:27,SGD_lr0.0003_m0.0,SGD,2,shakespeare_char,200,train_eval,3.429438591003418,0.0009990754267376514,0.034257226467580164,
2025-09-15 07:04:27,SGD_lr0.0003_m0.0,SGD,2,shakespeare_char,200,val_eval,3.45561146736145,0.0009990754267376514,0.034257226467580164,
2025-09-15 07:04:33,SGD_lr0.0003_m0.0,SGD,2,shakespeare_char,0,train_iter,4.265802383422852,9.900990099009901e-06,,245362.06531524658
2025-09-15 07:04:35,SGD_lr0.0003_m0.0,SGD,2,shakespeare_char,10,train_eval,4.263160228729248,0.0001089108910891089,,
2025-09-15 07:04:35,SGD_lr0.0003_m0.0,SGD,2,shakespeare_char,10,val_eval,4.263652801513672,0.0001089108910891089,,
2025-09-15 07:04:35,SGD_lr0.0003_m0.0,SGD,2,shakespeare_char,10,train_iter,4.260556221008301,0.0001089108910891089,0.04248639442192532,1644.454002380371
2025-09-15 07:04:37,SGD_lr0.0003_m0.0,SGD,2,shakespeare_char,20,train_eval,4.243582725524902,0.00020792079207920794,0.04248639442192532,
2025-09-15 07:04:37,SGD_lr0.0003_m0.0,SGD,2,shakespeare_char,20,val_eval,4.243230819702148,0.00020792079207920794,0.04248639442192532,
2025-09-15 07:04:37,SGD_lr0.0003_m0.0,SGD,2,shakespeare_char,20,train_iter,4.246522426605225,0.00020792079207920794,0.041891212177825175,1912.3508930206299
2025-09-15 07:04:38,SGD_lr0.0003_m0.0,SGD,2,shakespeare_char,30,train_eval,4.2120890617370605,0.00030693069306930693,0.041891212177825175,
2025-09-15 07:04:38,SGD_lr0.0003_m0.0,SGD,2,shakespeare_char,30,val_eval,4.212058067321777,0.00030693069306930693,0.041891212177825175,
2025-09-15 07:04:39,SGD_lr0.0003_m0.0,SGD,2,shakespeare_char,30,train_iter,4.230592250823975,0.00030693069306930693,0.04236319885696306,1498.9337921142578
2025-09-15 07:04:40,SGD_lr0.0003_m0.0,SGD,2,shakespeare_char,40,train_eval,4.168066501617432,0.000405940594059406,0.04236319885696306,
2025-09-15 07:04:40,SGD_lr0.0003_m0.0,SGD,2,shakespeare_char,40,val_eval,4.170444011688232,0.000405940594059406,0.04236319885696306,
2025-09-15 07:04:40,SGD_lr0.0003_m0.0,SGD,2,shakespeare_char,40,train_iter,4.190412521362305,0.000405940594059406,0.04273734929910671,1515.3968334197998
2025-09-15 07:04:43,SGD_lr0.0003_m0.0,SGD,2,shakespeare_char,50,train_eval,4.116247653961182,0.000504950495049505,0.04273734929910671,
2025-09-15 07:04:43,SGD_lr0.0003_m0.0,SGD,2,shakespeare_char,50,val_eval,4.119363307952881,0.000504950495049505,0.04273734929910671,
2025-09-15 07:04:43,SGD_lr0.0003_m0.0,SGD,2,shakespeare_char,50,train_iter,4.153271675109863,0.000504950495049505,0.04109870382903201,2651.4060497283936
2025-09-15 07:04:44,SGD_lr0.0003_m0.0,SGD,2,shakespeare_char,60,train_eval,4.0535664558410645,0.000603960396039604,0.04109870382903201,
2025-09-15 07:04:44,SGD_lr0.0003_m0.0,SGD,2,shakespeare_char,60,val_eval,4.059866905212402,0.000603960396039604,0.04109870382903201,
2025-09-15 07:04:44,SGD_lr0.0003_m0.0,SGD,2,shakespeare_char,60,train_iter,4.119270324707031,0.000603960396039604,0.04234196010187626,1305.1609992980957
2025-09-15 07:04:46,SGD_lr0.0003_m0.0,SGD,2,shakespeare_char,70,train_eval,3.9853460788726807,0.000702970297029703,0.04234196010187626,
2025-09-15 07:04:46,SGD_lr0.0003_m0.0,SGD,2,shakespeare_char,70,val_eval,3.995131015777588,0.000702970297029703,0.04234196010187626,
2025-09-15 07:04:46,SGD_lr0.0003_m0.0,SGD,2,shakespeare_char,70,train_iter,4.065944671630859,0.000702970297029703,0.04384771307246131,1217.2045707702637
2025-09-15 07:04:47,SGD_lr0.0003_m0.0,SGD,2,shakespeare_char,80,train_eval,3.9178073406219482,0.000801980198019802,0.04384771307246131,
2025-09-15 07:04:47,SGD_lr0.0003_m0.0,SGD,2,shakespeare_char,80,val_eval,3.9252166748046875,0.000801980198019802,0.04384771307246131,
2025-09-15 07:04:47,SGD_lr0.0003_m0.0,SGD,2,shakespeare_char,80,train_iter,4.004591941833496,0.000801980198019802,0.04415318865041502,1489.6214008331299
2025-09-15 07:04:48,SGD_lr0.0003_m0.0,SGD,2,shakespeare_char,90,train_eval,3.848959445953369,0.0009009900990099009,0.04415318865041502,
2025-09-15 07:04:48,SGD_lr0.0003_m0.0,SGD,2,shakespeare_char,90,val_eval,3.8596222400665283,0.0009009900990099009,0.04415318865041502,
2025-09-15 07:04:49,SGD_lr0.0003_m0.0,SGD,2,shakespeare_char,90,train_iter,3.924259662628174,0.0009009900990099009,0.045894593287301104,1134.8068714141846
2025-09-15 07:04:50,SGD_lr0.0003_m0.0,SGD,2,shakespeare_char,100,train_eval,3.782801628112793,0.001,0.045894593287301104,
2025-09-15 07:04:50,SGD_lr0.0003_m0.0,SGD,2,shakespeare_char,100,val_eval,3.7961745262145996,0.001,0.045894593287301104,
2025-09-15 07:05:29,ADAMW_lr0.01,ADAMW,2,shakespeare_char,0,train_iter,4.265802383422852,9.900990099009901e-06,,234354.79140281677
2025-09-15 07:05:31,ADAMW_lr0.01,ADAMW,2,shakespeare_char,10,train_eval,3.112992286682129,0.0001089108910891089,,
2025-09-15 07:05:31,ADAMW_lr0.01,ADAMW,2,shakespeare_char,10,val_eval,3.1393070220947266,0.0001089108910891089,,
2025-09-15 07:05:32,ADAMW_lr0.01,ADAMW,2,shakespeare_char,10,train_iter,3.1808078289031982,0.0001089108910891089,0.027185194922304205,2570.035696029663
2025-09-15 07:05:34,ADAMW_lr0.01,ADAMW,2,shakespeare_char,20,train_eval,2.7717840671539307,0.00020792079207920794,0.027185194922304205,
2025-09-15 07:05:34,ADAMW_lr0.01,ADAMW,2,shakespeare_char,20,val_eval,2.77880859375,0.00020792079207920794,0.027185194922304205,
2025-09-15 07:05:34,ADAMW_lr0.01,ADAMW,2,shakespeare_char,20,train_iter,2.8061025142669678,0.00020792079207920794,0.027094952660353527,2658.278226852417
2025-09-15 07:05:35,ADAMW_lr0.01,ADAMW,2,shakespeare_char,30,train_eval,2.6303224563598633,0.00030693069306930693,0.027094952660353527,
2025-09-15 07:05:35,ADAMW_lr0.01,ADAMW,2,shakespeare_char,30,val_eval,2.633519172668457,0.00030693069306930693,0.027094952660353527,
2025-09-15 07:05:36,ADAMW_lr0.01,ADAMW,2,shakespeare_char,30,train_iter,2.6616697311401367,0.00030693069306930693,0.028816138959726244,1576.8887996673584
2025-09-15 07:05:38,ADAMW_lr0.01,ADAMW,2,shakespeare_char,40,train_eval,2.590090274810791,0.000405940594059406,0.028816138959726244,
2025-09-15 07:05:38,ADAMW_lr0.01,ADAMW,2,shakespeare_char,40,val_eval,2.581312894821167,0.000405940594059406,0.028816138959726244,
2025-09-15 07:05:39,ADAMW_lr0.01,ADAMW,2,shakespeare_char,40,train_iter,2.583974599838257,0.000405940594059406,0.02851923696635732,2703.0835151672363
2025-09-15 07:05:41,ADAMW_lr0.01,ADAMW,2,shakespeare_char,50,train_eval,2.5783820152282715,0.000504950495049505,0.02851923696635732,
2025-09-15 07:05:41,ADAMW_lr0.01,ADAMW,2,shakespeare_char,50,val_eval,2.5686070919036865,0.000504950495049505,0.02851923696635732,
2025-09-15 07:05:42,ADAMW_lr0.01,ADAMW,2,shakespeare_char,50,train_iter,2.5856733322143555,0.000504950495049505,0.02817788768177135,2782.9058170318604
2025-09-15 07:05:44,ADAMW_lr0.01,ADAMW,2,shakespeare_char,60,train_eval,2.5504543781280518,0.000603960396039604,0.02817788768177135,
2025-09-15 07:05:44,ADAMW_lr0.01,ADAMW,2,shakespeare_char,60,val_eval,2.570605516433716,0.000603960396039604,0.02817788768177135,
2025-09-15 07:05:44,ADAMW_lr0.01,ADAMW,2,shakespeare_char,60,train_iter,2.578334331512451,0.000603960396039604,0.028602121781009588,2155.040979385376
2025-09-15 07:05:46,ADAMW_lr0.01,ADAMW,2,shakespeare_char,70,train_eval,2.5355734825134277,0.000702970297029703,0.028602121781009588,
2025-09-15 07:05:46,ADAMW_lr0.01,ADAMW,2,shakespeare_char,70,val_eval,2.547637701034546,0.000702970297029703,0.028602121781009588,
2025-09-15 07:05:47,ADAMW_lr0.01,ADAMW,2,shakespeare_char,70,train_iter,2.5509603023529053,0.000702970297029703,0.02842062794614039,2608.222007751465
2025-09-15 07:05:49,ADAMW_lr0.01,ADAMW,2,shakespeare_char,80,train_eval,2.531153678894043,0.000801980198019802,0.02842062794614039,
2025-09-15 07:05:49,ADAMW_lr0.01,ADAMW,2,shakespeare_char,80,val_eval,2.5226433277130127,0.000801980198019802,0.02842062794614039,
2025-09-15 07:05:50,ADAMW_lr0.01,ADAMW,2,shakespeare_char,80,train_iter,2.545666456222534,0.000801980198019802,0.02767084143746491,3339.277982711792
2025-09-15 07:05:52,ADAMW_lr0.01,ADAMW,2,shakespeare_char,90,train_eval,2.514995813369751,0.0009009900990099009,0.02767084143746491,
2025-09-15 07:05:52,ADAMW_lr0.01,ADAMW,2,shakespeare_char,90,val_eval,2.526916742324829,0.0009009900990099009,0.02767084143746491,
2025-09-15 07:05:52,ADAMW_lr0.01,ADAMW,2,shakespeare_char,90,train_iter,2.5260400772094727,0.0009009900990099009,0.028317120165988117,2046.8647480010986
2025-09-15 07:05:55,ADAMW_lr0.01,ADAMW,2,shakespeare_char,100,train_eval,2.5473458766937256,0.001,0.028317120165988117,
2025-09-15 07:05:55,ADAMW_lr0.01,ADAMW,2,shakespeare_char,100,val_eval,2.6000237464904785,0.001,0.028317120165988117,
2025-09-15 07:07:47,SGD_lr0.0003_m0.0,SGD,2,shakespeare_char,200,train_iter,3.4618606567382812,0.0009990754267376514,0.03086597181478885,202700.86336135864
2025-09-15 07:08:08,SGD_lr0.0003_m0.9,SGD,2,shakespeare_char,0,train_eval,4.270771503448486,9.900990099009901e-06,,
2025-09-15 07:08:08,SGD_lr0.0003_m0.9,SGD,2,shakespeare_char,0,val_eval,4.269772529602051,9.900990099009901e-06,,
2025-09-15 07:08:43,SGD_lr0.0003_m0.0,SGD,2,shakespeare_char,100,train_iter,3.8889641761779785,0.001,0.041334910318107855,234638.89622688293
2025-09-15 07:08:45,SGD_lr0.0003_m0.0,SGD,2,shakespeare_char,110,train_eval,3.7235970497131348,0.0009999907511312647,0.041334910318107855,
2025-09-15 07:08:45,SGD_lr0.0003_m0.0,SGD,2,shakespeare_char,110,val_eval,3.7382450103759766,0.0009999907511312647,0.041334910318107855,
2025-09-15 07:08:45,SGD_lr0.0003_m0.0,SGD,2,shakespeare_char,110,train_iter,3.840039014816284,0.0009999907511312647,0.04084853936520917,1915.6737327575684
2025-09-15 07:08:47,SGD_lr0.0003_m0.0,SGD,2,shakespeare_char,120,train_eval,3.6741409301757812,0.0009999630049052437,0.04084853936520917,
2025-09-15 07:08:47,SGD_lr0.0003_m0.0,SGD,2,shakespeare_char,120,val_eval,3.6895227432250977,0.0009999630049052437,0.04084853936520917,
2025-09-15 07:08:47,SGD_lr0.0003_m0.0,SGD,2,shakespeare_char,120,train_iter,3.75946044921875,0.0009999630049052437,0.040528071427567876,1855.9978008270264
2025-09-15 07:08:48,SGD_lr0.0003_m0.0,SGD,2,shakespeare_char,130,train_eval,3.6271936893463135,0.0009999167624624755,0.040528071427567876,
2025-09-15 07:08:48,SGD_lr0.0003_m0.0,SGD,2,shakespeare_char,130,val_eval,3.6438019275665283,0.0009999167624624755,0.040528071427567876,
2025-09-15 07:08:48,SGD_lr0.0003_m0.0,SGD,2,shakespeare_char,130,train_iter,3.722731351852417,0.0009999167624624755,0.043673630365944204,970.5941677093506
2025-09-15 07:08:50,SGD_lr0.0003_m0.0,SGD,2,shakespeare_char,140,train_eval,3.5879955291748047,0.000999852025703806,0.043673630365944204,
2025-09-15 07:08:50,SGD_lr0.0003_m0.0,SGD,2,shakespeare_char,140,val_eval,3.6071383953094482,0.000999852025703806,0.043673630365944204,
2025-09-15 07:08:50,SGD_lr0.0003_m0.0,SGD,2,shakespeare_char,140,train_iter,3.6672720909118652,0.000999852025703806,0.04420249931749433,1426.952838897705
2025-09-15 07:08:51,SGD_lr0.0003_m0.0,SGD,2,shakespeare_char,150,train_eval,3.5527265071868896,0.0009997687972903096,0.04420249931749433,
2025-09-15 07:08:51,SGD_lr0.0003_m0.0,SGD,2,shakespeare_char,150,val_eval,3.5710060596466064,0.0009997687972903096,0.04420249931749433,
2025-09-15 07:08:51,SGD_lr0.0003_m0.0,SGD,2,shakespeare_char,150,train_iter,3.637357234954834,0.0009997687972903096,0.04536727707525241,1250.9682178497314
2025-09-15 07:08:53,SGD_lr0.0003_m0.0,SGD,2,shakespeare_char,160,train_eval,3.5197412967681885,0.0009996670806431804,0.04536727707525241,
2025-09-15 07:08:53,SGD_lr0.0003_m0.0,SGD,2,shakespeare_char,160,val_eval,3.545362949371338,0.0009996670806431804,0.04536727707525241,
2025-09-15 07:08:53,SGD_lr0.0003_m0.0,SGD,2,shakespeare_char,160,train_iter,3.593064069747925,0.0009996670806431804,0.04537256117835349,1538.2373332977295
2025-09-15 07:08:54,SGD_lr0.0003_m0.0,SGD,2,shakespeare_char,170,train_eval,3.493466854095459,0.0009995468799435915,0.04537256117835349,
2025-09-15 07:08:54,SGD_lr0.0003_m0.0,SGD,2,shakespeare_char,170,val_eval,3.5185532569885254,0.0009995468799435915,0.04537256117835349,
2025-09-15 07:08:55,SGD_lr0.0003_m0.0,SGD,2,shakespeare_char,170,train_iter,3.5403189659118652,0.0009995468799435915,0.04497380300254847,1688.2193088531494
2025-09-15 07:08:56,SGD_lr0.0003_m0.0,SGD,2,shakespeare_char,180,train_eval,3.4642996788024902,0.000999408200132523,0.04497380300254847,
2025-09-15 07:08:56,SGD_lr0.0003_m0.0,SGD,2,shakespeare_char,180,val_eval,3.492095708847046,0.000999408200132523,0.04497380300254847,
2025-09-15 07:08:56,SGD_lr0.0003_m0.0,SGD,2,shakespeare_char,180,train_iter,3.547926664352417,0.000999408200132523,0.045506908587798794,1388.8702392578125
2025-09-15 07:08:57,SGD_lr0.0003_m0.0,SGD,2,shakespeare_char,190,train_eval,3.4469847679138184,0.0009992510469105584,0.045506908587798794,
2025-09-15 07:08:57,SGD_lr0.0003_m0.0,SGD,2,shakespeare_char,190,val_eval,3.479499578475952,0.0009992510469105584,0.045506908587798794,
2025-09-15 07:08:57,SGD_lr0.0003_m0.0,SGD,2,shakespeare_char,190,train_iter,3.5200366973876953,0.0009992510469105584,0.04754057868276423,1061.1040592193604
2025-09-15 07:08:59,SGD_lr0.0003_m0.0,SGD,2,shakespeare_char,200,train_eval,3.4294512271881104,0.0009990754267376514,0.04754057868276423,
2025-09-15 07:08:59,SGD_lr0.0003_m0.0,SGD,2,shakespeare_char,200,val_eval,3.4556162357330322,0.0009990754267376514,0.04754057868276423,
2025-09-15 07:09:58,ADAMW_lr0.01,ADAMW,2,shakespeare_char,100,train_iter,2.5211215019226074,0.001,0.025513802560681764,246058.70723724365
2025-09-15 07:10:01,ADAMW_lr0.01,ADAMW,2,shakespeare_char,110,train_eval,2.507323980331421,0.0009999907511312647,0.025513802560681764,
2025-09-15 07:10:01,ADAMW_lr0.01,ADAMW,2,shakespeare_char,110,val_eval,2.5173420906066895,0.0009999907511312647,0.025513802560681764,
2025-09-15 07:10:01,ADAMW_lr0.01,ADAMW,2,shakespeare_char,110,train_iter,2.549522876739502,0.0009999907511312647,0.02562523679719054,2623.7998008728027
2025-09-15 07:10:03,ADAMW_lr0.01,ADAMW,2,shakespeare_char,120,train_eval,2.508620500564575,0.0009999630049052437,0.02562523679719054,
2025-09-15 07:10:03,ADAMW_lr0.01,ADAMW,2,shakespeare_char,120,val_eval,2.525650978088379,0.0009999630049052437,0.02562523679719054,
2025-09-15 07:10:03,ADAMW_lr0.01,ADAMW,2,shakespeare_char,120,train_iter,2.5341804027557373,0.0009999630049052437,0.026932036729828135,1805.6623935699463
2025-09-15 07:10:05,ADAMW_lr0.01,ADAMW,2,shakespeare_char,130,train_eval,2.5050971508026123,0.0009999167624624755,0.026932036729828135,
2025-09-15 07:10:05,ADAMW_lr0.01,ADAMW,2,shakespeare_char,130,val_eval,2.5308492183685303,0.0009999167624624755,0.026932036729828135,
2025-09-15 07:10:05,ADAMW_lr0.01,ADAMW,2,shakespeare_char,130,train_iter,2.565065383911133,0.0009999167624624755,0.027633701485681356,2058.0155849456787
2025-09-15 07:10:07,ADAMW_lr0.01,ADAMW,2,shakespeare_char,140,train_eval,2.4934253692626953,0.000999852025703806,0.027633701485681356,
2025-09-15 07:10:07,ADAMW_lr0.01,ADAMW,2,shakespeare_char,140,val_eval,2.4953842163085938,0.000999852025703806,0.027633701485681356,
2025-09-15 07:10:08,ADAMW_lr0.01,ADAMW,2,shakespeare_char,140,train_iter,2.508118152618408,0.000999852025703806,0.027432381827456213,2726.99236869812
2025-09-15 07:10:10,ADAMW_lr0.01,ADAMW,2,shakespeare_char,150,train_eval,2.4919769763946533,0.0009997687972903096,0.027432381827456213,
2025-09-15 07:10:10,ADAMW_lr0.01,ADAMW,2,shakespeare_char,150,val_eval,2.521796941757202,0.0009997687972903096,0.027432381827456213,
2025-09-15 07:10:10,ADAMW_lr0.01,ADAMW,2,shakespeare_char,150,train_iter,2.4846560955047607,0.0009997687972903096,0.028160849408945397,2012.4666690826416
2025-09-15 07:10:12,ADAMW_lr0.01,ADAMW,2,shakespeare_char,160,train_eval,2.487349033355713,0.0009996670806431804,0.028160849408945397,
2025-09-15 07:10:12,ADAMW_lr0.01,ADAMW,2,shakespeare_char,160,val_eval,2.5123746395111084,0.0009996670806431804,0.028160849408945397,
2025-09-15 07:10:12,ADAMW_lr0.01,ADAMW,2,shakespeare_char,160,train_iter,2.484374761581421,0.0009996670806431804,0.0288422707155176,1997.6210594177246
2025-09-15 07:10:14,ADAMW_lr0.01,ADAMW,2,shakespeare_char,170,train_eval,2.4709818363189697,0.0009995468799435915,0.0288422707155176,
2025-09-15 07:10:14,ADAMW_lr0.01,ADAMW,2,shakespeare_char,170,val_eval,2.4985857009887695,0.0009995468799435915,0.0288422707155176,
2025-09-15 07:10:14,ADAMW_lr0.01,ADAMW,2,shakespeare_char,170,train_iter,2.4777297973632812,0.0009995468799435915,0.029760235586218937,1837.543249130249
2025-09-15 07:10:17,ADAMW_lr0.01,ADAMW,2,shakespeare_char,180,train_eval,2.4623491764068604,0.000999408200132523,0.029760235586218937,
2025-09-15 07:10:17,ADAMW_lr0.01,ADAMW,2,shakespeare_char,180,val_eval,2.4918956756591797,0.000999408200132523,0.029760235586218937,
2025-09-15 07:10:18,ADAMW_lr0.01,ADAMW,2,shakespeare_char,180,train_iter,2.500537395477295,0.000999408200132523,0.028885993033591854,3324.177026748657
2025-09-15 07:10:19,ADAMW_lr0.01,ADAMW,2,shakespeare_char,190,train_eval,2.468635320663452,0.0009992510469105584,0.028885993033591854,
2025-09-15 07:10:19,ADAMW_lr0.01,ADAMW,2,shakespeare_char,190,val_eval,2.5035898685455322,0.0009992510469105584,0.028885993033591854,
2025-09-15 07:10:19,ADAMW_lr0.01,ADAMW,2,shakespeare_char,190,train_iter,2.507847785949707,0.0009992510469105584,0.03001250129876338,1740.1008605957031
2025-09-15 07:10:21,ADAMW_lr0.01,ADAMW,2,shakespeare_char,200,train_eval,2.4773800373077393,0.0009990754267376514,0.03001250129876338,
2025-09-15 07:10:21,ADAMW_lr0.01,ADAMW,2,shakespeare_char,200,val_eval,2.5046420097351074,0.0009990754267376514,0.03001250129876338,
2025-09-15 07:11:29,SGD_lr0.0003_m0.9,SGD,2,shakespeare_char,0,train_iter,4.265802383422852,9.900990099009901e-06,,206862.40363121033
2025-09-15 07:11:32,SGD_lr0.0003_m0.9,SGD,2,shakespeare_char,10,train_eval,4.234838962554932,0.0001089108910891089,,
2025-09-15 07:11:32,SGD_lr0.0003_m0.9,SGD,2,shakespeare_char,10,val_eval,4.236033916473389,0.0001089108910891089,,
2025-09-15 07:11:33,SGD_lr0.0003_m0.9,SGD,2,shakespeare_char,10,train_iter,4.240842819213867,0.0001089108910891089,0.018500652869785,3776.4570713043213
2025-09-15 07:11:36,SGD_lr0.0003_m0.9,SGD,2,shakespeare_char,20,train_eval,4.087512969970703,0.00020792079207920794,0.018500652869785,
2025-09-15 07:11:36,SGD_lr0.0003_m0.9,SGD,2,shakespeare_char,20,val_eval,4.091342449188232,0.00020792079207920794,0.018500652869785,
2025-09-15 07:11:37,SGD_lr0.0003_m0.9,SGD,2,shakespeare_char,20,train_iter,4.134803295135498,0.00020792079207920794,0.01852939169091021,3718.691110610962
2025-09-15 07:11:40,SGD_lr0.0003_m0.9,SGD,2,shakespeare_char,30,train_eval,3.8725168704986572,0.00030693069306930693,0.01852939169091021,
2025-09-15 07:11:40,SGD_lr0.0003_m0.9,SGD,2,shakespeare_char,30,val_eval,3.883207082748413,0.00030693069306930693,0.01852939169091021,
2025-09-15 07:11:41,SGD_lr0.0003_m0.9,SGD,2,shakespeare_char,30,train_iter,3.9627978801727295,0.00030693069306930693,0.018445851658878677,3948.6241340637207
2025-09-15 07:11:43,SGD_lr0.0003_m0.9,SGD,2,shakespeare_char,40,train_eval,3.689865827560425,0.000405940594059406,0.018445851658878677,
2025-09-15 07:11:43,SGD_lr0.0003_m0.9,SGD,2,shakespeare_char,40,val_eval,3.7062854766845703,0.000405940594059406,0.018445851658878677,
2025-09-15 07:11:44,SGD_lr0.0003_m0.9,SGD,2,shakespeare_char,40,train_iter,3.74000883102417,0.000405940594059406,0.019094468477748122,2802.2968769073486
2025-09-15 07:11:46,SGD_lr0.0003_m0.9,SGD,2,shakespeare_char,50,train_eval,3.5392956733703613,0.000504950495049505,0.019094468477748122,
2025-09-15 07:11:46,SGD_lr0.0003_m0.9,SGD,2,shakespeare_char,50,val_eval,3.5666234493255615,0.000504950495049505,0.019094468477748122,
2025-09-15 07:11:47,SGD_lr0.0003_m0.9,SGD,2,shakespeare_char,50,train_iter,3.6011767387390137,0.000504950495049505,0.01949266444793347,3027.6315212249756
2025-09-15 07:11:50,SGD_lr0.0003_m0.9,SGD,2,shakespeare_char,60,train_eval,3.423816442489624,0.000603960396039604,0.01949266444793347,
2025-09-15 07:11:50,SGD_lr0.0003_m0.9,SGD,2,shakespeare_char,60,val_eval,3.456064462661743,0.000603960396039604,0.01949266444793347,
2025-09-15 07:11:50,SGD_lr0.0003_m0.9,SGD,2,shakespeare_char,60,train_iter,3.4950294494628906,0.000603960396039604,0.019605115098241675,3388.7734413146973
2025-09-15 07:11:53,SGD_lr0.0003_m0.9,SGD,2,shakespeare_char,70,train_eval,3.3470563888549805,0.000702970297029703,0.019605115098241675,
2025-09-15 07:11:53,SGD_lr0.0003_m0.9,SGD,2,shakespeare_char,70,val_eval,3.3817784786224365,0.000702970297029703,0.019605115098241675,
2025-09-15 07:11:53,SGD_lr0.0003_m0.9,SGD,2,shakespeare_char,70,train_iter,3.4146735668182373,0.000702970297029703,0.02023078998091922,2701.542377471924
2025-09-15 07:11:54,SGD_lr0.0003_m0.9,SGD,2,shakespeare_char,80,train_eval,3.2928128242492676,0.000801980198019802,0.02023078998091922,
2025-09-15 07:11:54,SGD_lr0.0003_m0.9,SGD,2,shakespeare_char,80,val_eval,3.319064140319824,0.000801980198019802,0.02023078998091922,
2025-09-15 07:11:55,SGD_lr0.0003_m0.9,SGD,2,shakespeare_char,80,train_iter,3.3213748931884766,0.000801980198019802,0.02247637881689934,1636.7383003234863
2025-09-15 07:11:57,SGD_lr0.0003_m0.9,SGD,2,shakespeare_char,90,train_eval,3.2298433780670166,0.0009009900990099009,0.02247637881689934,
2025-09-15 07:11:57,SGD_lr0.0003_m0.9,SGD,2,shakespeare_char,90,val_eval,3.261110305786133,0.0009009900990099009,0.02247637881689934,
2025-09-15 07:11:57,SGD_lr0.0003_m0.9,SGD,2,shakespeare_char,90,train_iter,3.2135791778564453,0.0009009900990099009,0.023275038867993453,2293.5025691986084
2025-09-15 07:12:00,SGD_lr0.0003_m0.9,SGD,2,shakespeare_char,100,train_eval,3.143049955368042,0.001,0.023275038867993453,
2025-09-15 07:12:00,SGD_lr0.0003_m0.9,SGD,2,shakespeare_char,100,val_eval,3.180838108062744,0.001,0.023275038867993453,
2025-09-15 07:12:12,SGD_lr0.0003_m0.0,SGD,2,shakespeare_char,200,train_iter,3.462021589279175,0.0009990754267376514,0.04282240325601796,194710.61158180237
2025-09-15 07:12:27,SGD_lr0.0003_m0.9,SGD,2,shakespeare_char,0,train_eval,4.270771503448486,9.900990099009901e-06,,
2025-09-15 07:12:27,SGD_lr0.0003_m0.9,SGD,2,shakespeare_char,0,val_eval,4.269772529602051,9.900990099009901e-06,,
2025-09-15 07:14:50,ADAMW_lr0.01,ADAMW,2,shakespeare_char,200,train_iter,2.5471208095550537,0.0009990754267376514,0.02703706047758682,270704.3499946594
2025-09-15 07:15:06,SGD_lr0.0003_m0.0,SGD,2,shakespeare_char,0,train_eval,4.270771503448486,9.900990099009901e-06,,
2025-09-15 07:15:06,SGD_lr0.0003_m0.0,SGD,2,shakespeare_char,0,val_eval,4.269772529602051,9.900990099009901e-06,,
2025-09-15 07:15:36,SGD_lr0.0003_m0.9,SGD,2,shakespeare_char,0,train_iter,4.265802383422852,9.900990099009901e-06,,193195.18756866455
2025-09-15 07:15:37,SGD_lr0.0003_m0.9,SGD,2,shakespeare_char,100,train_iter,3.1946873664855957,0.001,0.020979366617540747,219488.94047737122
2025-09-15 07:15:37,SGD_lr0.0003_m0.9,SGD,2,shakespeare_char,10,train_eval,4.234838962554932,0.0001089108910891089,,
2025-09-15 07:15:37,SGD_lr0.0003_m0.9,SGD,2,shakespeare_char,10,val_eval,4.2360334396362305,0.0001089108910891089,,
2025-09-15 07:15:38,SGD_lr0.0003_m0.9,SGD,2,shakespeare_char,10,train_iter,4.240842819213867,0.0001089108910891089,0.05341719651321276,1307.948112487793
2025-09-15 07:15:38,SGD_lr0.0003_m0.9,SGD,2,shakespeare_char,110,train_eval,3.054335594177246,0.0009999907511312647,0.020979366617540747,
2025-09-15 07:15:38,SGD_lr0.0003_m0.9,SGD,2,shakespeare_char,110,val_eval,3.085902690887451,0.0009999907511312647,0.020979366617540747,
2025-09-15 07:15:39,SGD_lr0.0003_m0.9,SGD,2,shakespeare_char,20,train_eval,4.0875139236450195,0.00020792079207920794,0.05341719651321276,
2025-09-15 07:15:39,SGD_lr0.0003_m0.9,SGD,2,shakespeare_char,20,val_eval,4.091341495513916,0.00020792079207920794,0.05341719651321276,
2025-09-15 07:15:39,SGD_lr0.0003_m0.9,SGD,2,shakespeare_char,110,train_iter,3.1925439834594727,0.0009999907511312647,0.022853456199049587,1758.974313735962
2025-09-15 07:15:39,SGD_lr0.0003_m0.9,SGD,2,shakespeare_char,20,train_iter,4.134826183319092,0.00020792079207920794,0.053998328768559506,1179.6162128448486
2025-09-15 07:15:40,SGD_lr0.0003_m0.9,SGD,2,shakespeare_char,30,train_eval,3.8725080490112305,0.00030693069306930693,0.053998328768559506,
2025-09-15 07:15:40,SGD_lr0.0003_m0.9,SGD,2,shakespeare_char,30,val_eval,3.883202314376831,0.00030693069306930693,0.053998328768559506,
2025-09-15 07:15:40,SGD_lr0.0003_m0.9,SGD,2,shakespeare_char,120,train_eval,2.994502067565918,0.0009999630049052437,0.022853456199049587,
2025-09-15 07:15:40,SGD_lr0.0003_m0.9,SGD,2,shakespeare_char,120,val_eval,3.0202834606170654,0.0009999630049052437,0.022853456199049587,
2025-09-15 07:15:40,SGD_lr0.0003_m0.9,SGD,2,shakespeare_char,30,train_iter,3.9627342224121094,0.00030693069306930693,0.05433148375153252,1218.6825275421143
2025-09-15 07:15:40,SGD_lr0.0003_m0.9,SGD,2,shakespeare_char,120,train_iter,3.03749418258667,0.0009999630049052437,0.02476243267032526,1665.7500267028809
2025-09-15 07:15:41,SGD_lr0.0003_m0.9,SGD,2,shakespeare_char,40,train_eval,3.689858913421631,0.000405940594059406,0.05433148375153252,
2025-09-15 07:15:41,SGD_lr0.0003_m0.9,SGD,2,shakespeare_char,40,val_eval,3.7062790393829346,0.000405940594059406,0.05433148375153252,
2025-09-15 07:15:42,SGD_lr0.0003_m0.9,SGD,2,shakespeare_char,40,train_iter,3.739922285079956,0.000405940594059406,0.053924433069038685,1390.082836151123
2025-09-15 07:15:42,SGD_lr0.0003_m0.9,SGD,2,shakespeare_char,130,train_eval,2.9305124282836914,0.0009999167624624755,0.02476243267032526,
2025-09-15 07:15:42,SGD_lr0.0003_m0.9,SGD,2,shakespeare_char,130,val_eval,2.9576852321624756,0.0009999167624624755,0.02476243267032526,
2025-09-15 07:15:42,SGD_lr0.0003_m0.9,SGD,2,shakespeare_char,130,train_iter,3.0533599853515625,0.0009999167624624755,0.026626322033373107,1609.7877025604248
2025-09-15 07:15:43,SGD_lr0.0003_m0.9,SGD,2,shakespeare_char,50,train_eval,3.5393078327178955,0.000504950495049505,0.053924433069038685,
2025-09-15 07:15:43,SGD_lr0.0003_m0.9,SGD,2,shakespeare_char,50,val_eval,3.5666344165802,0.000504950495049505,0.053924433069038685,
2025-09-15 07:15:44,SGD_lr0.0003_m0.9,SGD,2,shakespeare_char,50,train_iter,3.6013295650482178,0.000504950495049505,0.05257158559319762,1729.5522689819336
2025-09-15 07:15:44,SGD_lr0.0003_m0.9,SGD,2,shakespeare_char,140,train_eval,2.881007194519043,0.000999852025703806,0.026626322033373107,
2025-09-15 07:15:44,SGD_lr0.0003_m0.9,SGD,2,shakespeare_char,140,val_eval,2.9039242267608643,0.000999852025703806,0.026626322033373107,
2025-09-15 07:15:44,SGD_lr0.0003_m0.9,SGD,2,shakespeare_char,140,train_iter,2.9489078521728516,0.000999852025703806,0.02787932011238099,1784.3084335327148
2025-09-15 07:15:45,SGD_lr0.0003_m0.9,SGD,2,shakespeare_char,60,train_eval,3.423823356628418,0.000603960396039604,0.05257158559319762,
2025-09-15 07:15:45,SGD_lr0.0003_m0.9,SGD,2,shakespeare_char,60,val_eval,3.4560656547546387,0.000603960396039604,0.05257158559319762,
2025-09-15 07:15:45,SGD_lr0.0003_m0.9,SGD,2,shakespeare_char,60,train_iter,3.4951274394989014,0.000603960396039604,0.05135289387291147,1730.0357818603516
2025-09-15 07:15:46,SGD_lr0.0003_m0.9,SGD,2,shakespeare_char,150,train_eval,2.848142623901367,0.0009997687972903096,0.02787932011238099,
2025-09-15 07:15:46,SGD_lr0.0003_m0.9,SGD,2,shakespeare_char,150,val_eval,2.8679416179656982,0.0009997687972903096,0.02787932011238099,
2025-09-15 07:15:46,SGD_lr0.0003_m0.9,SGD,2,shakespeare_char,150,train_iter,2.907313823699951,0.0009997687972903096,0.029014368534670505,1780.9653282165527
2025-09-15 07:15:47,SGD_lr0.0003_m0.9,SGD,2,shakespeare_char,70,train_eval,3.3470659255981445,0.000702970297029703,0.05135289387291147,
2025-09-15 07:15:47,SGD_lr0.0003_m0.9,SGD,2,shakespeare_char,70,val_eval,3.3817760944366455,0.000702970297029703,0.05135289387291147,
2025-09-15 07:15:47,SGD_lr0.0003_m0.9,SGD,2,shakespeare_char,70,train_iter,3.414630889892578,0.000702970297029703,0.05085454153986929,1506.7472457885742
2025-09-15 07:15:48,SGD_lr0.0003_m0.9,SGD,2,shakespeare_char,160,train_eval,2.808398723602295,0.0009996670806431804,0.029014368534670505,
2025-09-15 07:15:48,SGD_lr0.0003_m0.9,SGD,2,shakespeare_char,160,val_eval,2.834927558898926,0.0009996670806431804,0.029014368534670505,
2025-09-15 07:15:48,SGD_lr0.0003_m0.9,SGD,2,shakespeare_char,160,train_iter,2.8478877544403076,0.0009996670806431804,0.029462312716370235,2085.965156555176
2025-09-15 07:15:48,SGD_lr0.0003_m0.9,SGD,2,shakespeare_char,80,train_eval,3.29280948638916,0.000801980198019802,0.05085454153986929,
2025-09-15 07:15:48,SGD_lr0.0003_m0.9,SGD,2,shakespeare_char,80,val_eval,3.3190555572509766,0.000801980198019802,0.05085454153986929,
2025-09-15 07:15:49,SGD_lr0.0003_m0.9,SGD,2,shakespeare_char,80,train_iter,3.3213536739349365,0.000801980198019802,0.05093523403565525,1352.3991107940674
2025-09-15 07:15:50,SGD_lr0.0003_m0.9,SGD,2,shakespeare_char,170,train_eval,2.7881581783294678,0.0009995468799435915,0.029462312716370235,
2025-09-15 07:15:50,SGD_lr0.0003_m0.9,SGD,2,shakespeare_char,170,val_eval,2.8082849979400635,0.0009995468799435915,0.029462312716370235,
2025-09-15 07:15:50,SGD_lr0.0003_m0.9,SGD,2,shakespeare_char,170,train_iter,2.7912614345550537,0.0009995468799435915,0.03057094197046917,1723.041296005249
2025-09-15 07:15:50,SGD_lr0.0003_m0.9,SGD,2,shakespeare_char,90,train_eval,3.2298593521118164,0.0009009900990099009,0.05093523403565525,
2025-09-15 07:15:50,SGD_lr0.0003_m0.9,SGD,2,shakespeare_char,90,val_eval,3.2611284255981445,0.0009009900990099009,0.05093523403565525,
2025-09-15 07:15:50,SGD_lr0.0003_m0.9,SGD,2,shakespeare_char,90,train_iter,3.2136189937591553,0.0009009900990099009,0.05005138277275833,1659.6760749816895
2025-09-15 07:15:51,SGD_lr0.0003_m0.9,SGD,2,shakespeare_char,100,train_eval,3.143068552017212,0.001,0.05005138277275833,
2025-09-15 07:15:51,SGD_lr0.0003_m0.9,SGD,2,shakespeare_char,100,val_eval,3.1808652877807617,0.001,0.05005138277275833,
2025-09-15 07:15:52,SGD_lr0.0003_m0.9,SGD,2,shakespeare_char,180,train_eval,2.7518200874328613,0.000999408200132523,0.03057094197046917,
2025-09-15 07:15:52,SGD_lr0.0003_m0.9,SGD,2,shakespeare_char,180,val_eval,2.773287773132324,0.000999408200132523,0.03057094197046917,
2025-09-15 07:15:52,SGD_lr0.0003_m0.9,SGD,2,shakespeare_char,180,train_iter,2.849900960922241,0.000999408200132523,0.031026718846189034,1988.8837337493896
2025-09-15 07:15:54,SGD_lr0.0003_m0.9,SGD,2,shakespeare_char,190,train_eval,2.7379016876220703,0.0009992510469105584,0.031026718846189034,
2025-09-15 07:15:54,SGD_lr0.0003_m0.9,SGD,2,shakespeare_char,190,val_eval,2.7586307525634766,0.0009992510469105584,0.031026718846189034,
2025-09-15 07:15:55,SGD_lr0.0003_m0.9,SGD,2,shakespeare_char,190,train_iter,2.8131465911865234,0.0009992510469105584,0.030578803596530764,2631.763696670532
2025-09-15 07:15:57,SGD_lr0.0003_m0.9,SGD,2,shakespeare_char,200,train_eval,2.717966079711914,0.0009990754267376514,0.030578803596530764,
2025-09-15 07:15:57,SGD_lr0.0003_m0.9,SGD,2,shakespeare_char,200,val_eval,2.7274680137634277,0.0009990754267376514,0.030578803596530764,
2025-09-15 07:18:35,SGD_lr0.0003_m0.0,SGD,2,shakespeare_char,0,train_iter,4.265802383422852,9.900990099009901e-06,,214495.90921401978
2025-09-15 07:18:37,SGD_lr0.0003_m0.0,SGD,2,shakespeare_char,10,train_eval,4.263160228729248,0.0001089108910891089,,
2025-09-15 07:18:37,SGD_lr0.0003_m0.0,SGD,2,shakespeare_char,10,val_eval,4.263652801513672,0.0001089108910891089,,
2025-09-15 07:18:37,SGD_lr0.0003_m0.0,SGD,2,shakespeare_char,10,train_iter,4.260556221008301,0.0001089108910891089,0.02774274647646737,2518.385171890259
2025-09-15 07:18:40,SGD_lr0.0003_m0.0,SGD,2,shakespeare_char,20,train_eval,4.243582725524902,0.00020792079207920794,0.02774274647646737,
2025-09-15 07:18:40,SGD_lr0.0003_m0.0,SGD,2,shakespeare_char,20,val_eval,4.243230819702148,0.00020792079207920794,0.02774274647646737,
2025-09-15 07:18:40,SGD_lr0.0003_m0.0,SGD,2,shakespeare_char,20,train_iter,4.246522426605225,0.00020792079207920794,0.027594045216752985,2661.015748977661
2025-09-15 07:18:42,SGD_lr0.0003_m0.0,SGD,2,shakespeare_char,30,train_eval,4.212087631225586,0.00030693069306930693,0.027594045216752985,
2025-09-15 07:18:42,SGD_lr0.0003_m0.0,SGD,2,shakespeare_char,30,val_eval,4.212049961090088,0.00030693069306930693,0.027594045216752985,
2025-09-15 07:18:42,SGD_lr0.0003_m0.0,SGD,2,shakespeare_char,30,train_iter,4.230644702911377,0.00030693069306930693,0.028135539203799312,2116.603136062622
2025-09-15 07:18:44,SGD_lr0.0003_m0.0,SGD,2,shakespeare_char,40,train_eval,4.168059825897217,0.000405940594059406,0.028135539203799312,
2025-09-15 07:18:44,SGD_lr0.0003_m0.0,SGD,2,shakespeare_char,40,val_eval,4.170443534851074,0.000405940594059406,0.028135539203799312,
2025-09-15 07:18:45,SGD_lr0.0003_m0.0,SGD,2,shakespeare_char,40,train_iter,4.190336227416992,0.000405940594059406,0.028251364713225303,2385.0417137145996
2025-09-15 07:18:47,SGD_lr0.0003_m0.0,SGD,2,shakespeare_char,50,train_eval,4.116240978240967,0.000504950495049505,0.028251364713225303,
2025-09-15 07:18:47,SGD_lr0.0003_m0.0,SGD,2,shakespeare_char,50,val_eval,4.1193623542785645,0.000504950495049505,0.028251364713225303,
2025-09-15 07:18:48,SGD_lr0.0003_m0.0,SGD,2,shakespeare_char,50,train_iter,4.153327465057373,0.000504950495049505,0.027900846511780257,2823.3413696289062
2025-09-15 07:18:50,SGD_lr0.0003_m0.0,SGD,2,shakespeare_char,60,train_eval,4.053552627563477,0.000603960396039604,0.027900846511780257,
2025-09-15 07:18:50,SGD_lr0.0003_m0.0,SGD,2,shakespeare_char,60,val_eval,4.059854507446289,0.000603960396039604,0.027900846511780257,
2025-09-15 07:18:50,SGD_lr0.0003_m0.0,SGD,2,shakespeare_char,60,train_iter,4.1192498207092285,0.000603960396039604,0.028646457330970255,1976.0446548461914
2025-09-15 07:18:52,SGD_lr0.0003_m0.0,SGD,2,shakespeare_char,70,train_eval,3.9853503704071045,0.000702970297029703,0.028646457330970255,
2025-09-15 07:18:52,SGD_lr0.0003_m0.0,SGD,2,shakespeare_char,70,val_eval,3.9951331615448,0.000702970297029703,0.028646457330970255,
2025-09-15 07:18:53,SGD_lr0.0003_m0.0,SGD,2,shakespeare_char,70,train_iter,4.065911293029785,0.000702970297029703,0.028363109259650736,2706.6588401794434
2025-09-15 07:18:55,SGD_lr0.0003_m0.0,SGD,2,shakespeare_char,80,train_eval,3.9178216457366943,0.000801980198019802,0.028363109259650736,
2025-09-15 07:18:55,SGD_lr0.0003_m0.0,SGD,2,shakespeare_char,80,val_eval,3.925227403640747,0.000801980198019802,0.028363109259650736,
2025-09-15 07:18:55,SGD_lr0.0003_m0.0,SGD,2,shakespeare_char,80,train_iter,4.004588603973389,0.000801980198019802,0.028380947702194494,2447.906970977783
2025-09-15 07:18:58,SGD_lr0.0003_m0.0,SGD,2,shakespeare_char,90,train_eval,3.848956346511841,0.0009009900990099009,0.028380947702194494,
2025-09-15 07:18:58,SGD_lr0.0003_m0.0,SGD,2,shakespeare_char,90,val_eval,3.8596205711364746,0.0009009900990099009,0.028380947702194494,
2025-09-15 07:18:58,SGD_lr0.0003_m0.0,SGD,2,shakespeare_char,90,train_iter,3.9243083000183105,0.0009009900990099009,0.028084724387558532,2748.641014099121
2025-09-15 07:19:00,SGD_lr0.0003_m0.0,SGD,2,shakespeare_char,100,train_eval,3.7828006744384766,0.001,0.028084724387558532,
2025-09-15 07:19:00,SGD_lr0.0003_m0.0,SGD,2,shakespeare_char,100,val_eval,3.7961690425872803,0.001,0.028084724387558532,
2025-09-15 07:19:11,SGD_lr0.0003_m0.9,SGD,2,shakespeare_char,100,train_iter,3.1947436332702637,0.001,0.04508102728433231,200866.35851860046
2025-09-15 07:19:12,SGD_lr0.0003_m0.9,SGD,2,shakespeare_char,110,train_eval,3.0543558597564697,0.0009999907511312647,0.04508102728433231,
2025-09-15 07:19:12,SGD_lr0.0003_m0.9,SGD,2,shakespeare_char,110,val_eval,3.0858969688415527,0.0009999907511312647,0.04508102728433231,
2025-09-15 07:19:13,SGD_lr0.0003_m0.9,SGD,2,shakespeare_char,110,train_iter,3.1925644874572754,0.0009999907511312647,0.04550570648144662,1416.379690170288
2025-09-15 07:19:14,SGD_lr0.0003_m0.9,SGD,2,shakespeare_char,120,train_eval,2.994523286819458,0.0009999630049052437,0.04550570648144662,
2025-09-15 07:19:14,SGD_lr0.0003_m0.9,SGD,2,shakespeare_char,120,val_eval,3.020292282104492,0.0009999630049052437,0.04550570648144662,
2025-09-15 07:19:15,SGD_lr0.0003_m0.9,SGD,2,shakespeare_char,120,train_iter,3.0376338958740234,0.0009999630049052437,0.04477420613858744,1829.4222354888916
2025-09-15 07:19:16,SGD_lr0.0003_m0.9,SGD,2,shakespeare_char,130,train_eval,2.9305083751678467,0.0009999167624624755,0.04477420613858744,
2025-09-15 07:19:16,SGD_lr0.0003_m0.9,SGD,2,shakespeare_char,130,val_eval,2.957684278488159,0.0009999167624624755,0.04477420613858744,
2025-09-15 07:19:17,SGD_lr0.0003_m0.9,SGD,2,shakespeare_char,130,train_iter,3.0535078048706055,0.0009999167624624755,0.04361520937280622,2105.4248809814453
2025-09-15 07:19:18,SGD_lr0.0003_m0.9,SGD,2,shakespeare_char,140,train_eval,2.880990505218506,0.000999852025703806,0.04361520937280622,
2025-09-15 07:19:18,SGD_lr0.0003_m0.9,SGD,2,shakespeare_char,140,val_eval,2.9039053916931152,0.000999852025703806,0.04361520937280622,
2025-09-15 07:19:19,SGD_lr0.0003_m0.9,SGD,2,shakespeare_char,140,train_iter,2.9488914012908936,0.000999852025703806,0.04281648835151573,1961.0116481781006
2025-09-15 07:19:20,SGD_lr0.0003_m0.9,SGD,2,shakespeare_char,150,train_eval,2.8481433391571045,0.0009997687972903096,0.04281648835151573,
2025-09-15 07:19:20,SGD_lr0.0003_m0.9,SGD,2,shakespeare_char,150,val_eval,2.8679568767547607,0.0009997687972903096,0.04281648835151573,
2025-09-15 07:19:20,SGD_lr0.0003_m0.9,SGD,2,shakespeare_char,150,train_iter,2.9072704315185547,0.0009997687972903096,0.04405430090563467,1265.8286094665527
2025-09-15 07:19:22,SGD_lr0.0003_m0.9,SGD,2,shakespeare_char,160,train_eval,2.8084168434143066,0.0009996670806431804,0.04405430090563467,
2025-09-15 07:19:22,SGD_lr0.0003_m0.9,SGD,2,shakespeare_char,160,val_eval,2.834934711456299,0.0009996670806431804,0.04405430090563467,
2025-09-15 07:19:22,SGD_lr0.0003_m0.9,SGD,2,shakespeare_char,160,train_iter,2.847954511642456,0.0009996670806431804,0.0437475328855075,1704.627513885498
2025-09-15 07:19:24,SGD_lr0.0003_m0.9,SGD,2,shakespeare_char,170,train_eval,2.7881593704223633,0.0009995468799435915,0.0437475328855075,
2025-09-15 07:19:24,SGD_lr0.0003_m0.9,SGD,2,shakespeare_char,170,val_eval,2.8082993030548096,0.0009995468799435915,0.0437475328855075,
2025-09-15 07:19:24,SGD_lr0.0003_m0.9,SGD,2,shakespeare_char,170,train_iter,2.7915353775024414,0.0009995468799435915,0.04275436877587215,2066.0972595214844
2025-09-15 07:19:26,SGD_lr0.0003_m0.9,SGD,2,shakespeare_char,180,train_eval,2.751810312271118,0.000999408200132523,0.04275436877587215,
2025-09-15 07:19:26,SGD_lr0.0003_m0.9,SGD,2,shakespeare_char,180,val_eval,2.773283004760742,0.000999408200132523,0.04275436877587215,
2025-09-15 07:19:26,SGD_lr0.0003_m0.9,SGD,2,shakespeare_char,180,train_iter,2.8499507904052734,0.000999408200132523,0.04269085243408491,1658.790111541748
2025-09-15 07:19:28,SGD_lr0.0003_m0.9,SGD,2,shakespeare_char,190,train_eval,2.737919807434082,0.0009992510469105584,0.04269085243408491,
2025-09-15 07:19:28,SGD_lr0.0003_m0.9,SGD,2,shakespeare_char,190,val_eval,2.7586495876312256,0.0009992510469105584,0.04269085243408491,
2025-09-15 07:19:28,SGD_lr0.0003_m0.9,SGD,2,shakespeare_char,190,train_iter,2.813140392303467,0.0009992510469105584,0.04135593111103713,2381.152629852295
2025-09-15 07:19:31,SGD_lr0.0003_m0.9,SGD,2,shakespeare_char,200,train_eval,2.7179839611053467,0.0009990754267376514,0.04135593111103713,
2025-09-15 07:19:31,SGD_lr0.0003_m0.9,SGD,2,shakespeare_char,200,val_eval,2.7274866104125977,0.0009990754267376514,0.04135593111103713,
2025-09-15 07:19:40,SGD_lr0.0003_m0.9,SGD,2,shakespeare_char,200,train_iter,2.779892683029175,0.0009990754267376514,0.02755190104613147,225538.6130809784
2025-09-15 07:20:01,SGD_lr0.0003_m0.95,SGD,2,shakespeare_char,0,train_eval,4.270771503448486,9.900990099009901e-06,,
2025-09-15 07:20:01,SGD_lr0.0003_m0.95,SGD,2,shakespeare_char,0,val_eval,4.269772529602051,9.900990099009901e-06,,
2025-09-15 07:22:53,SGD_lr0.0003_m0.0,SGD,2,shakespeare_char,100,train_iter,3.888918876647949,0.001,0.025306008790794414,234792.79613494873
2025-09-15 07:22:56,SGD_lr0.0003_m0.0,SGD,2,shakespeare_char,110,train_eval,3.723590612411499,0.0009999907511312647,0.025306008790794414,
2025-09-15 07:22:56,SGD_lr0.0003_m0.0,SGD,2,shakespeare_char,110,val_eval,3.7382421493530273,0.0009999907511312647,0.025306008790794414,
2025-09-15 07:22:56,SGD_lr0.0003_m0.0,SGD,2,shakespeare_char,110,train_iter,3.840028762817383,0.0009999907511312647,0.025219529439766172,2858.569860458374
2025-09-15 07:22:58,SGD_lr0.0003_m0.0,SGD,2,shakespeare_char,120,train_eval,3.6741271018981934,0.0009999630049052437,0.025219529439766172,
2025-09-15 07:22:58,SGD_lr0.0003_m0.0,SGD,2,shakespeare_char,120,val_eval,3.689505100250244,0.0009999630049052437,0.025219529439766172,
2025-09-15 07:22:58,SGD_lr0.0003_m0.0,SGD,2,shakespeare_char,120,train_iter,3.759553909301758,0.0009999630049052437,0.026057930220206575,2079.1537761688232
2025-09-15 07:23:00,SGD_lr0.0003_m0.0,SGD,2,shakespeare_char,130,train_eval,3.627201795578003,0.0009999167624624755,0.026057930220206575,
2025-09-15 07:23:00,SGD_lr0.0003_m0.0,SGD,2,shakespeare_char,130,val_eval,3.6438093185424805,0.0009999167624624755,0.026057930220206575,
2025-09-15 07:23:01,SGD_lr0.0003_m0.0,SGD,2,shakespeare_char,130,train_iter,3.7227253913879395,0.0009999167624624755,0.026251159496446193,2496.1187839508057
2025-09-15 07:23:03,SGD_lr0.0003_m0.0,SGD,2,shakespeare_char,140,train_eval,3.587998390197754,0.000999852025703806,0.026251159496446193,
2025-09-15 07:23:03,SGD_lr0.0003_m0.0,SGD,2,shakespeare_char,140,val_eval,3.607130765914917,0.000999852025703806,0.026251159496446193,
2025-09-15 07:23:03,SGD_lr0.0003_m0.0,SGD,2,shakespeare_char,140,train_iter,3.6672911643981934,0.000999852025703806,0.026321478764759126,2592.046022415161
2025-09-15 07:23:05,SGD_lr0.0003_m0.0,SGD,2,shakespeare_char,150,train_eval,3.552730083465576,0.0009997687972903096,0.026321478764759126,
2025-09-15 07:23:05,SGD_lr0.0003_m0.0,SGD,2,shakespeare_char,150,val_eval,3.5710091590881348,0.0009997687972903096,0.026321478764759126,
2025-09-15 07:23:06,SGD_lr0.0003_m0.0,SGD,2,shakespeare_char,150,train_iter,3.6373023986816406,0.0009997687972903096,0.02720344677447669,1988.1792068481445
2025-09-15 07:23:06,SGD_lr0.0003_m0.9,SGD,2,shakespeare_char,200,train_iter,2.7798163890838623,0.0009990754267376514,0.03725239417504343,217951.52139663696
2025-09-15 07:23:08,SGD_lr0.0003_m0.0,SGD,2,shakespeare_char,160,train_eval,3.5197458267211914,0.0009996670806431804,0.02720344677447669,
2025-09-15 07:23:08,SGD_lr0.0003_m0.0,SGD,2,shakespeare_char,160,val_eval,3.5453553199768066,0.0009996670806431804,0.02720344677447669,
2025-09-15 07:23:08,SGD_lr0.0003_m0.0,SGD,2,shakespeare_char,160,train_iter,3.5930800437927246,0.0009996670806431804,0.027164095185678177,2606.009006500244
2025-09-15 07:23:10,SGD_lr0.0003_m0.0,SGD,2,shakespeare_char,170,train_eval,3.4934680461883545,0.0009995468799435915,0.027164095185678177,
2025-09-15 07:23:10,SGD_lr0.0003_m0.0,SGD,2,shakespeare_char,170,val_eval,3.518552303314209,0.0009995468799435915,0.027164095185678177,
2025-09-15 07:23:10,SGD_lr0.0003_m0.0,SGD,2,shakespeare_char,170,train_iter,3.5402839183807373,0.0009995468799435915,0.028604879785221464,1680.6268692016602
2025-09-15 07:23:12,SGD_lr0.0003_m0.0,SGD,2,shakespeare_char,180,train_eval,3.464298725128174,0.000999408200132523,0.028604879785221464,
2025-09-15 07:23:12,SGD_lr0.0003_m0.0,SGD,2,shakespeare_char,180,val_eval,3.492095708847046,0.000999408200132523,0.028604879785221464,
2025-09-15 07:23:12,SGD_lr0.0003_m0.0,SGD,2,shakespeare_char,180,train_iter,3.5478224754333496,0.000999408200132523,0.02977015161137734,1735.4965209960938
2025-09-15 07:23:13,SGD_lr0.0003_m0.0,SGD,2,shakespeare_char,190,train_eval,3.4469897747039795,0.0009992510469105584,0.02977015161137734,
2025-09-15 07:23:13,SGD_lr0.0003_m0.0,SGD,2,shakespeare_char,190,val_eval,3.479491949081421,0.0009992510469105584,0.02977015161137734,
2025-09-15 07:23:14,SGD_lr0.0003_m0.0,SGD,2,shakespeare_char,190,train_iter,3.520007610321045,0.0009992510469105584,0.031246294714117773,1568.929672241211
2025-09-15 07:23:15,SGD_lr0.0003_m0.0,SGD,2,shakespeare_char,200,train_eval,3.4294538497924805,0.0009990754267376514,0.031246294714117773,
2025-09-15 07:23:15,SGD_lr0.0003_m0.0,SGD,2,shakespeare_char,200,val_eval,3.4556243419647217,0.0009990754267376514,0.031246294714117773,
2025-09-15 07:23:19,SGD_lr0.0003_m0.95,SGD,2,shakespeare_char,0,train_eval,4.270771503448486,9.900990099009901e-06,,
2025-09-15 07:23:19,SGD_lr0.0003_m0.95,SGD,2,shakespeare_char,0,val_eval,4.269772529602051,9.900990099009901e-06,,
2025-09-15 07:23:42,SGD_lr0.0003_m0.95,SGD,2,shakespeare_char,0,train_iter,4.265802383422852,9.900990099009901e-06,,226925.52280426025
2025-09-15 07:23:46,SGD_lr0.0003_m0.95,SGD,2,shakespeare_char,10,train_eval,4.228809356689453,0.0001089108910891089,,
2025-09-15 07:23:46,SGD_lr0.0003_m0.95,SGD,2,shakespeare_char,10,val_eval,4.230148792266846,0.0001089108910891089,,
2025-09-15 07:23:46,SGD_lr0.0003_m0.95,SGD,2,shakespeare_char,10,train_iter,4.2367048263549805,0.0001089108910891089,0.01725933093015065,4048.0666160583496
2025-09-15 07:23:50,SGD_lr0.0003_m0.95,SGD,2,shakespeare_char,20,train_eval,4.033034324645996,0.00020792079207920794,0.01725933093015065,
2025-09-15 07:23:50,SGD_lr0.0003_m0.95,SGD,2,shakespeare_char,20,val_eval,4.038327217102051,0.00020792079207920794,0.01725933093015065,
2025-09-15 07:23:50,SGD_lr0.0003_m0.95,SGD,2,shakespeare_char,20,train_iter,4.093503475189209,0.00020792079207920794,0.017405273854273078,3732.454538345337
2025-09-15 07:23:53,SGD_lr0.0003_m0.95,SGD,2,shakespeare_char,30,train_eval,3.7689924240112305,0.00030693069306930693,0.017405273854273078,
2025-09-15 07:23:53,SGD_lr0.0003_m0.95,SGD,2,shakespeare_char,30,val_eval,3.783237934112549,0.00030693069306930693,0.017405273854273078,
2025-09-15 07:23:54,SGD_lr0.0003_m0.95,SGD,2,shakespeare_char,30,train_iter,3.856645107269287,0.00030693069306930693,0.017576463621355017,3654.6683311462402
2025-09-15 07:23:56,SGD_lr0.0003_m0.95,SGD,2,shakespeare_char,40,train_eval,3.5876028537750244,0.000405940594059406,0.017576463621355017,
2025-09-15 07:23:56,SGD_lr0.0003_m0.95,SGD,2,shakespeare_char,40,val_eval,3.6083011627197266,0.000405940594059406,0.017576463621355017,
2025-09-15 07:23:57,SGD_lr0.0003_m0.95,SGD,2,shakespeare_char,40,train_iter,3.6013145446777344,0.000405940594059406,0.018377062534077136,2731.048583984375
2025-09-15 07:23:59,SGD_lr0.0003_m0.95,SGD,2,shakespeare_char,50,train_eval,3.4320664405822754,0.000504950495049505,0.018377062534077136,
2025-09-15 07:23:59,SGD_lr0.0003_m0.95,SGD,2,shakespeare_char,50,val_eval,3.4659862518310547,0.000504950495049505,0.018377062534077136,
2025-09-15 07:23:59,SGD_lr0.0003_m0.95,SGD,2,shakespeare_char,50,train_iter,3.4721293449401855,0.000504950495049505,0.01920044113074591,2625.505208969116
2025-09-15 07:24:02,SGD_lr0.0003_m0.95,SGD,2,shakespeare_char,60,train_eval,3.3460474014282227,0.000603960396039604,0.01920044113074591,
2025-09-15 07:24:02,SGD_lr0.0003_m0.95,SGD,2,shakespeare_char,60,val_eval,3.383918046951294,0.000603960396039604,0.01920044113074591,
2025-09-15 07:24:02,SGD_lr0.0003_m0.95,SGD,2,shakespeare_char,60,train_iter,3.4030351638793945,0.000603960396039604,0.020357203792518444,2270.7607746124268
2025-09-15 07:24:04,SGD_lr0.0003_m0.95,SGD,2,shakespeare_char,70,train_eval,3.2847650051116943,0.000702970297029703,0.020357203792518444,
2025-09-15 07:24:04,SGD_lr0.0003_m0.95,SGD,2,shakespeare_char,70,val_eval,3.3241629600524902,0.000702970297029703,0.020357203792518444,
2025-09-15 07:24:04,SGD_lr0.0003_m0.95,SGD,2,shakespeare_char,70,train_iter,3.341722011566162,0.000702970297029703,0.021707629868349763,2063.316583633423
2025-09-15 07:24:06,SGD_lr0.0003_m0.95,SGD,2,shakespeare_char,80,train_eval,3.2244198322296143,0.000801980198019802,0.021707629868349763,
2025-09-15 07:24:06,SGD_lr0.0003_m0.95,SGD,2,shakespeare_char,80,val_eval,3.2537198066711426,0.000801980198019802,0.021707629868349763,
2025-09-15 07:24:06,SGD_lr0.0003_m0.95,SGD,2,shakespeare_char,80,train_iter,3.2427263259887695,0.000801980198019802,0.022898997168442698,2078.0551433563232
2025-09-15 07:24:08,SGD_lr0.0003_m0.95,SGD,2,shakespeare_char,90,train_eval,3.124363422393799,0.0009009900990099009,0.022898997168442698,
2025-09-15 07:24:08,SGD_lr0.0003_m0.95,SGD,2,shakespeare_char,90,val_eval,3.1551706790924072,0.0009009900990099009,0.022898997168442698,
2025-09-15 07:24:09,SGD_lr0.0003_m0.95,SGD,2,shakespeare_char,90,train_iter,3.106316566467285,0.0009009900990099009,0.023362632876936143,2537.353277206421
2025-09-15 07:24:11,SGD_lr0.0003_m0.95,SGD,2,shakespeare_char,100,train_eval,3.0045504570007324,0.001,0.023362632876936143,
2025-09-15 07:24:11,SGD_lr0.0003_m0.95,SGD,2,shakespeare_char,100,val_eval,3.0348498821258545,0.001,0.023362632876936143,
2025-09-15 07:27:09,SGD_lr0.0003_m0.95,SGD,2,shakespeare_char,0,train_iter,4.265802383422852,9.900990099009901e-06,,233447.8213787079
2025-09-15 07:27:11,SGD_lr0.0003_m0.95,SGD,2,shakespeare_char,10,train_eval,4.228809356689453,0.0001089108910891089,,
2025-09-15 07:27:11,SGD_lr0.0003_m0.95,SGD,2,shakespeare_char,10,val_eval,4.230148792266846,0.0001089108910891089,,
2025-09-15 07:27:12,SGD_lr0.0003_m0.95,SGD,2,shakespeare_char,10,train_iter,4.2367048263549805,0.0001089108910891089,0.032571535432186514,2145.0300216674805
2025-09-15 07:27:13,SGD_lr0.0003_m0.95,SGD,2,shakespeare_char,20,train_eval,4.0330376625061035,0.00020792079207920794,0.032571535432186514,
2025-09-15 07:27:13,SGD_lr0.0003_m0.95,SGD,2,shakespeare_char,20,val_eval,4.038332462310791,0.00020792079207920794,0.032571535432186514,
2025-09-15 07:27:14,SGD_lr0.0003_m0.95,SGD,2,shakespeare_char,20,train_iter,4.093600273132324,0.00020792079207920794,0.03267439963484368,2079.3616771698
2025-09-15 07:27:16,SGD_lr0.0003_m0.95,SGD,2,shakespeare_char,30,train_eval,3.768991470336914,0.00030693069306930693,0.03267439963484368,
2025-09-15 07:27:16,SGD_lr0.0003_m0.95,SGD,2,shakespeare_char,30,val_eval,3.7832412719726562,0.00030693069306930693,0.03267439963484368,
2025-09-15 07:27:17,SGD_lr0.0003_m0.95,SGD,2,shakespeare_char,30,train_iter,3.856602430343628,0.00030693069306930693,0.032146485263758816,2550.3292083740234
2025-09-15 07:27:19,SGD_lr0.0003_m0.95,SGD,2,shakespeare_char,40,train_eval,3.5876126289367676,0.000405940594059406,0.032146485263758816,
2025-09-15 07:27:19,SGD_lr0.0003_m0.95,SGD,2,shakespeare_char,40,val_eval,3.608311176300049,0.000405940594059406,0.032146485263758816,
2025-09-15 07:27:20,SGD_lr0.0003_m0.95,SGD,2,shakespeare_char,40,train_iter,3.601266860961914,0.000405940594059406,0.031403377778007766,2826.8566131591797
2025-09-15 07:27:22,SGD_lr0.0003_m0.95,SGD,2,shakespeare_char,50,train_eval,3.4320709705352783,0.000504950495049505,0.031403377778007766,
2025-09-15 07:27:22,SGD_lr0.0003_m0.95,SGD,2,shakespeare_char,50,val_eval,3.4659950733184814,0.000504950495049505,0.031403377778007766,
2025-09-15 07:27:22,SGD_lr0.0003_m0.95,SGD,2,shakespeare_char,50,train_iter,3.4721219539642334,0.000504950495049505,0.031082304923946723,2478.196382522583
2025-09-15 07:27:25,SGD_lr0.0003_m0.95,SGD,2,shakespeare_char,60,train_eval,3.3460333347320557,0.000603960396039604,0.031082304923946723,
2025-09-15 07:27:25,SGD_lr0.0003_m0.95,SGD,2,shakespeare_char,60,val_eval,3.3839097023010254,0.000603960396039604,0.031082304923946723,
2025-09-15 07:27:25,SGD_lr0.0003_m0.95,SGD,2,shakespeare_char,60,train_iter,3.403074026107788,0.000603960396039604,0.03023769006731373,3086.5187644958496
2025-09-15 07:27:28,SGD_lr0.0003_m0.95,SGD,2,shakespeare_char,70,train_eval,3.284761667251587,0.000702970297029703,0.03023769006731373,
2025-09-15 07:27:28,SGD_lr0.0003_m0.95,SGD,2,shakespeare_char,70,val_eval,3.3241634368896484,0.000702970297029703,0.03023769006731373,
2025-09-15 07:27:28,SGD_lr0.0003_m0.95,SGD,2,shakespeare_char,70,train_iter,3.3417696952819824,0.000702970297029703,0.029912875251811164,2588.6664390563965
2025-09-15 07:27:30,SGD_lr0.0003_m0.95,SGD,2,shakespeare_char,80,train_eval,3.2244396209716797,0.000801980198019802,0.029912875251811164,
2025-09-15 07:27:30,SGD_lr0.0003_m0.95,SGD,2,shakespeare_char,80,val_eval,3.2537362575531006,0.000801980198019802,0.029912875251811164,
2025-09-15 07:27:30,SGD_lr0.0003_m0.95,SGD,2,shakespeare_char,80,train_iter,3.242760419845581,0.000801980198019802,0.030071596124006335,2217.991590499878
2025-09-15 07:27:31,SGD_lr0.0003_m0.0,SGD,2,shakespeare_char,200,train_iter,3.461934804916382,0.0009990754267376514,0.02814880731233672,257411.9155406952
2025-09-15 07:27:32,SGD_lr0.0003_m0.95,SGD,2,shakespeare_char,100,train_iter,3.071678876876831,0.001,0.02106084456275798,202659.82604026794
2025-09-15 07:27:32,SGD_lr0.0003_m0.95,SGD,2,shakespeare_char,90,train_eval,3.1243746280670166,0.0009009900990099009,0.030071596124006335,
2025-09-15 07:27:32,SGD_lr0.0003_m0.95,SGD,2,shakespeare_char,90,val_eval,3.155182123184204,0.0009009900990099009,0.030071596124006335,
2025-09-15 07:27:32,SGD_lr0.0003_m0.95,SGD,2,shakespeare_char,90,train_iter,3.106292724609375,0.0009009900990099009,0.03105341368551834,1751.4996528625488
2025-09-15 07:27:33,SGD_lr0.0003_m0.95,SGD,2,shakespeare_char,110,train_eval,2.929675817489624,0.0009999907511312647,0.02106084456275798,
2025-09-15 07:27:33,SGD_lr0.0003_m0.95,SGD,2,shakespeare_char,110,val_eval,2.9568371772766113,0.0009999907511312647,0.02106084456275798,
2025-09-15 07:27:34,SGD_lr0.0003_m0.95,SGD,2,shakespeare_char,110,train_iter,3.0576179027557373,0.0009999907511312647,0.02271432773130998,1858.3765029907227
2025-09-15 07:27:34,SGD_lr0.0003_m0.95,SGD,2,shakespeare_char,100,train_eval,3.0045299530029297,0.001,0.03105341368551834,
2025-09-15 07:27:34,SGD_lr0.0003_m0.95,SGD,2,shakespeare_char,100,val_eval,3.034842014312744,0.001,0.03105341368551834,
2025-09-15 07:27:36,SGD_lr0.0003_m0.95,SGD,2,shakespeare_char,120,train_eval,2.8640267848968506,0.0009999630049052437,0.02271432773130998,
2025-09-15 07:27:36,SGD_lr0.0003_m0.95,SGD,2,shakespeare_char,120,val_eval,2.8826732635498047,0.0009999630049052437,0.02271432773130998,
2025-09-15 07:27:36,SGD_lr0.0003_m0.95,SGD,2,shakespeare_char,120,train_iter,2.883047103881836,0.0009999630049052437,0.023129197296376885,2600.858449935913
2025-09-15 07:27:38,SGD_lr0.0003_m0.95,SGD,2,shakespeare_char,130,train_eval,2.799410343170166,0.0009999167624624755,0.023129197296376885,
2025-09-15 07:27:38,SGD_lr0.0003_m0.95,SGD,2,shakespeare_char,130,val_eval,2.8183279037475586,0.0009999167624624755,0.023129197296376885,
2025-09-15 07:27:39,SGD_lr0.0003_m0.95,SGD,2,shakespeare_char,130,train_iter,2.9146528244018555,0.0009999167624624755,0.024091226747699035,2133.3742141723633
2025-09-15 07:27:41,SGD_lr0.0003_m0.95,SGD,2,shakespeare_char,140,train_eval,2.761232852935791,0.000999852025703806,0.024091226747699035,
2025-09-15 07:27:41,SGD_lr0.0003_m0.95,SGD,2,shakespeare_char,140,val_eval,2.7747297286987305,0.000999852025703806,0.024091226747699035,
2025-09-15 07:27:41,SGD_lr0.0003_m0.95,SGD,2,shakespeare_char,140,train_iter,2.813122510910034,0.000999852025703806,0.024428157438065666,2544.266700744629
2025-09-15 07:27:43,SGD_lr0.0003_m0.95,SGD,2,shakespeare_char,150,train_eval,2.7243731021881104,0.0009997687972903096,0.024428157438065666,
2025-09-15 07:27:43,SGD_lr0.0003_m0.95,SGD,2,shakespeare_char,150,val_eval,2.7329397201538086,0.0009997687972903096,0.024428157438065666,
2025-09-15 07:27:44,SGD_lr0.0003_m0.95,SGD,2,shakespeare_char,150,train_iter,2.766268491744995,0.0009997687972903096,0.024743451062546582,2533.1454277038574
2025-09-15 07:27:44,SGD_lr0.0003_m0.9,SGD,2,shakespeare_char,0,train_eval,4.270771503448486,9.900990099009901e-06,,
2025-09-15 07:27:44,SGD_lr0.0003_m0.9,SGD,2,shakespeare_char,0,val_eval,4.269772529602051,9.900990099009901e-06,,
2025-09-15 07:27:46,SGD_lr0.0003_m0.95,SGD,2,shakespeare_char,160,train_eval,2.6894736289978027,0.0009996670806431804,0.024743451062546582,
2025-09-15 07:27:46,SGD_lr0.0003_m0.95,SGD,2,shakespeare_char,160,val_eval,2.700430393218994,0.0009996670806431804,0.024743451062546582,
2025-09-15 07:27:47,SGD_lr0.0003_m0.95,SGD,2,shakespeare_char,160,train_iter,2.712153196334839,0.0009996670806431804,0.024904483343494783,2651.116371154785
2025-09-15 07:27:49,SGD_lr0.0003_m0.95,SGD,2,shakespeare_char,170,train_eval,2.6680431365966797,0.0009995468799435915,0.024904483343494783,
2025-09-15 07:27:49,SGD_lr0.0003_m0.95,SGD,2,shakespeare_char,170,val_eval,2.674314260482788,0.0009995468799435915,0.024904483343494783,
2025-09-15 07:27:49,SGD_lr0.0003_m0.95,SGD,2,shakespeare_char,170,train_iter,2.6743714809417725,0.0009995468799435915,0.025050851079426922,2649.669885635376
2025-09-15 07:27:53,SGD_lr0.0003_m0.95,SGD,2,shakespeare_char,180,train_eval,2.6418774127960205,0.000999408200132523,0.025050851079426922,
2025-09-15 07:27:53,SGD_lr0.0003_m0.95,SGD,2,shakespeare_char,180,val_eval,2.649484157562256,0.000999408200132523,0.025050851079426922,
2025-09-15 07:27:53,SGD_lr0.0003_m0.95,SGD,2,shakespeare_char,180,train_iter,2.7280402183532715,0.000999408200132523,0.024344378320327868,3884.4902515411377
2025-09-15 07:27:56,SGD_lr0.0003_m0.95,SGD,2,shakespeare_char,190,train_eval,2.6317453384399414,0.0009992510469105584,0.024344378320327868,
2025-09-15 07:27:56,SGD_lr0.0003_m0.95,SGD,2,shakespeare_char,190,val_eval,2.640836238861084,0.0009992510469105584,0.024344378320327868,
2025-09-15 07:27:57,SGD_lr0.0003_m0.95,SGD,2,shakespeare_char,190,train_iter,2.6979117393493652,0.0009992510469105584,0.024076467394132245,3224.835157394409
2025-09-15 07:27:59,SGD_lr0.0003_m0.95,SGD,2,shakespeare_char,200,train_eval,2.618551254272461,0.0009990754267376514,0.024076467394132245,
2025-09-15 07:27:59,SGD_lr0.0003_m0.95,SGD,2,shakespeare_char,200,val_eval,2.620394229888916,0.0009990754267376514,0.024076467394132245,
2025-09-15 07:31:34,SGD_lr0.0003_m0.95,SGD,2,shakespeare_char,100,train_iter,3.0716331005096436,0.001,0.027976983860229322,241657.5300693512
2025-09-15 07:31:36,SGD_lr0.0003_m0.95,SGD,2,shakespeare_char,110,train_eval,2.9296820163726807,0.0009999907511312647,0.027976983860229322,
2025-09-15 07:31:36,SGD_lr0.0003_m0.95,SGD,2,shakespeare_char,110,val_eval,2.9568634033203125,0.0009999907511312647,0.027976983860229322,
2025-09-15 07:31:37,SGD_lr0.0003_m0.95,SGD,2,shakespeare_char,110,train_iter,3.0576179027557373,0.0009999907511312647,0.027637629655537736,2842.031717300415
2025-09-15 07:31:38,SGD_lr0.0003_m0.95,SGD,2,shakespeare_char,120,train_eval,2.8640201091766357,0.0009999630049052437,0.027637629655537736,
2025-09-15 07:31:38,SGD_lr0.0003_m0.95,SGD,2,shakespeare_char,120,val_eval,2.88266658782959,0.0009999630049052437,0.027637629655537736,
2025-09-15 07:31:38,SGD_lr0.0003_m0.95,SGD,2,shakespeare_char,120,train_iter,2.8828697204589844,0.0009999630049052437,0.029945594387306977,1377.5763511657715
2025-09-15 07:31:40,SGD_lr0.0003_m0.95,SGD,2,shakespeare_char,130,train_eval,2.7994191646575928,0.0009999167624624755,0.029945594387306977,
2025-09-15 07:31:40,SGD_lr0.0003_m0.95,SGD,2,shakespeare_char,130,val_eval,2.8183233737945557,0.0009999167624624755,0.029945594387306977,
2025-09-15 07:31:40,SGD_lr0.0003_m0.95,SGD,2,shakespeare_char,130,train_iter,2.9146761894226074,0.0009999167624624755,0.03103401036866898,1711.1766338348389
2025-09-15 07:31:41,SGD_lr0.0003_m0.95,SGD,2,shakespeare_char,200,train_iter,2.688408613204956,0.0009990754267376514,0.021700017710253053,223953.5756111145
2025-09-15 07:31:42,SGD_lr0.0003_m0.95,SGD,2,shakespeare_char,140,train_eval,2.761215925216675,0.000999852025703806,0.03103401036866898,
2025-09-15 07:31:42,SGD_lr0.0003_m0.95,SGD,2,shakespeare_char,140,val_eval,2.774735689163208,0.000999852025703806,0.03103401036866898,
2025-09-15 07:31:42,SGD_lr0.0003_m0.95,SGD,2,shakespeare_char,140,train_iter,2.813124418258667,0.000999852025703806,0.0322368282680627,1622.4656105041504
2025-09-15 07:31:44,SGD_lr0.0003_m0.95,SGD,2,shakespeare_char,150,train_eval,2.724367141723633,0.0009997687972903096,0.0322368282680627,
2025-09-15 07:31:44,SGD_lr0.0003_m0.95,SGD,2,shakespeare_char,150,val_eval,2.7329297065734863,0.0009997687972903096,0.0322368282680627,
2025-09-15 07:31:44,SGD_lr0.0003_m0.95,SGD,2,shakespeare_char,150,train_iter,2.76631498336792,0.0009997687972903096,0.03218203892156431,2204.773426055908
2025-09-15 07:31:46,SGD_lr0.0003_m0.95,SGD,2,shakespeare_char,160,train_eval,2.6894609928131104,0.0009996670806431804,0.03218203892156431,
2025-09-15 07:31:46,SGD_lr0.0003_m0.95,SGD,2,shakespeare_char,160,val_eval,2.700406074523926,0.0009996670806431804,0.03218203892156431,
2025-09-15 07:31:47,SGD_lr0.0003_m0.95,SGD,2,shakespeare_char,160,train_iter,2.7121052742004395,0.0009996670806431804,0.032084885180736544,2238.5709285736084
2025-09-15 07:31:49,SGD_lr0.0003_m0.95,SGD,2,shakespeare_char,170,train_eval,2.668022394180298,0.0009995468799435915,0.032084885180736544,
2025-09-15 07:31:49,SGD_lr0.0003_m0.95,SGD,2,shakespeare_char,170,val_eval,2.6743052005767822,0.0009995468799435915,0.032084885180736544,
2025-09-15 07:31:49,SGD_lr0.0003_m0.95,SGD,2,shakespeare_char,170,train_iter,2.674463987350464,0.0009995468799435915,0.03181285070056125,2379.295587539673
2025-09-15 07:31:51,SGD_lr0.0003_m0.95,SGD,2,shakespeare_char,180,train_eval,2.641876220703125,0.000999408200132523,0.03181285070056125,
2025-09-15 07:31:51,SGD_lr0.0003_m0.95,SGD,2,shakespeare_char,180,val_eval,2.6494791507720947,0.000999408200132523,0.03181285070056125,
2025-09-15 07:31:52,SGD_lr0.0003_m0.95,SGD,2,shakespeare_char,180,train_iter,2.7280807495117188,0.000999408200132523,0.031488762188237186,2445.296287536621
2025-09-15 07:31:54,SGD_lr0.0003_m0.95,SGD,2,shakespeare_char,190,train_eval,2.6317360401153564,0.0009992510469105584,0.031488762188237186,
2025-09-15 07:31:54,SGD_lr0.0003_m0.95,SGD,2,shakespeare_char,190,val_eval,2.6408164501190186,0.0009992510469105584,0.031488762188237186,
2025-09-15 07:31:54,SGD_lr0.0003_m0.95,SGD,2,shakespeare_char,190,train_iter,2.6979122161865234,0.0009992510469105584,0.03156680792663279,2165.125846862793
2025-09-15 07:31:56,SGD_lr0.0003_m0.95,SGD,2,shakespeare_char,200,train_eval,2.6185410022735596,0.0009990754267376514,0.03156680792663279,
2025-09-15 07:31:56,SGD_lr0.0003_m0.95,SGD,2,shakespeare_char,200,val_eval,2.6203813552856445,0.0009990754267376514,0.03156680792663279,
2025-09-15 07:32:00,SGD_lr0.001_m0.0,SGD,2,shakespeare_char,0,train_eval,4.270771503448486,9.900990099009901e-06,,
2025-09-15 07:32:00,SGD_lr0.001_m0.0,SGD,2,shakespeare_char,0,val_eval,4.269772529602051,9.900990099009901e-06,,
2025-09-15 07:32:04,SGD_lr0.0003_m0.9,SGD,2,shakespeare_char,0,train_iter,4.265802383422852,9.900990099009901e-06,,264040.29273986816
2025-09-15 07:32:07,SGD_lr0.0003_m0.9,SGD,2,shakespeare_char,10,train_eval,4.234838962554932,0.0001089108910891089,,
2025-09-15 07:32:07,SGD_lr0.0003_m0.9,SGD,2,shakespeare_char,10,val_eval,4.236033916473389,0.0001089108910891089,,
2025-09-15 07:32:08,SGD_lr0.0003_m0.9,SGD,2,shakespeare_char,10,train_iter,4.240842819213867,0.0001089108910891089,0.018871921822625672,3702.162504196167
2025-09-15 07:32:10,SGD_lr0.0003_m0.9,SGD,2,shakespeare_char,20,train_eval,4.087518215179443,0.00020792079207920794,0.018871921822625672,
2025-09-15 07:32:10,SGD_lr0.0003_m0.9,SGD,2,shakespeare_char,20,val_eval,4.091342926025391,0.00020792079207920794,0.018871921822625672,
2025-09-15 07:32:11,SGD_lr0.0003_m0.9,SGD,2,shakespeare_char,20,train_iter,4.134793758392334,0.00020792079207920794,0.019569775801808947,2702.7339935302734
2025-09-15 07:32:12,SGD_lr0.0003_m0.9,SGD,2,shakespeare_char,30,train_eval,3.8725104331970215,0.00030693069306930693,0.019569775801808947,
2025-09-15 07:32:12,SGD_lr0.0003_m0.9,SGD,2,shakespeare_char,30,val_eval,3.8832027912139893,0.00030693069306930693,0.019569775801808947,
2025-09-15 07:32:12,SGD_lr0.0003_m0.9,SGD,2,shakespeare_char,30,train_iter,3.9628844261169434,0.00030693069306930693,0.022448307148465064,1444.8721408843994
2025-09-15 07:32:13,SGD_lr0.0003_m0.9,SGD,2,shakespeare_char,40,train_eval,3.689854621887207,0.000405940594059406,0.022448307148465064,
2025-09-15 07:32:13,SGD_lr0.0003_m0.9,SGD,2,shakespeare_char,40,val_eval,3.7062714099884033,0.000405940594059406,0.022448307148465064,
2025-09-15 07:32:14,SGD_lr0.0003_m0.9,SGD,2,shakespeare_char,40,train_iter,3.739985942840576,0.000405940594059406,0.02574306044185227,1261.23046875
2025-09-15 07:32:16,SGD_lr0.0003_m0.9,SGD,2,shakespeare_char,50,train_eval,3.5393030643463135,0.000504950495049505,0.02574306044185227,
2025-09-15 07:32:16,SGD_lr0.0003_m0.9,SGD,2,shakespeare_char,50,val_eval,3.566628932952881,0.000504950495049505,0.02574306044185227,
2025-09-15 07:32:17,SGD_lr0.0003_m0.9,SGD,2,shakespeare_char,50,train_iter,3.601308822631836,0.000504950495049505,0.025623057743145206,2846.7109203338623
2025-09-15 07:32:19,SGD_lr0.0003_m0.9,SGD,2,shakespeare_char,60,train_eval,3.4238269329071045,0.000603960396039604,0.025623057743145206,
2025-09-15 07:32:19,SGD_lr0.0003_m0.9,SGD,2,shakespeare_char,60,val_eval,3.456080913543701,0.000603960396039604,0.025623057743145206,
2025-09-15 07:32:19,SGD_lr0.0003_m0.9,SGD,2,shakespeare_char,60,train_iter,3.49503755569458,0.000603960396039604,0.02590713504633924,2454.5860290527344
2025-09-15 07:32:22,SGD_lr0.0003_m0.9,SGD,2,shakespeare_char,70,train_eval,3.3470711708068848,0.000702970297029703,0.02590713504633924,
2025-09-15 07:32:22,SGD_lr0.0003_m0.9,SGD,2,shakespeare_char,70,val_eval,3.3817780017852783,0.000702970297029703,0.02590713504633924,
2025-09-15 07:32:22,SGD_lr0.0003_m0.9,SGD,2,shakespeare_char,70,train_iter,3.414597988128662,0.000702970297029703,0.02562916817861104,3020.9500789642334
2025-09-15 07:32:24,SGD_lr0.0003_m0.9,SGD,2,shakespeare_char,80,train_eval,3.292820453643799,0.000801980198019802,0.02562916817861104,
2025-09-15 07:32:24,SGD_lr0.0003_m0.9,SGD,2,shakespeare_char,80,val_eval,3.3190670013427734,0.000801980198019802,0.02562916817861104,
2025-09-15 07:32:25,SGD_lr0.0003_m0.9,SGD,2,shakespeare_char,80,train_iter,3.321296453475952,0.000801980198019802,0.025920209210215796,2448.071241378784
2025-09-15 07:32:27,SGD_lr0.0003_m0.9,SGD,2,shakespeare_char,90,train_eval,3.229846715927124,0.0009009900990099009,0.025920209210215796,
2025-09-15 07:32:27,SGD_lr0.0003_m0.9,SGD,2,shakespeare_char,90,val_eval,3.2611162662506104,0.0009009900990099009,0.025920209210215796,
2025-09-15 07:32:28,SGD_lr0.0003_m0.9,SGD,2,shakespeare_char,90,train_iter,3.213557004928589,0.0009009900990099009,0.02566346629384147,2991.8031692504883
2025-09-15 07:32:30,SGD_lr0.0003_m0.9,SGD,2,shakespeare_char,100,train_eval,3.143040180206299,0.001,0.02566346629384147,
2025-09-15 07:32:30,SGD_lr0.0003_m0.9,SGD,2,shakespeare_char,100,val_eval,3.1808481216430664,0.001,0.02566346629384147,
2025-09-15 07:37:01,SGD_lr0.001_m0.0,SGD,2,shakespeare_char,0,train_iter,4.265802383422852,9.900990099009901e-06,,306904.45709228516
2025-09-15 07:37:03,SGD_lr0.001_m0.0,SGD,2,shakespeare_char,10,train_eval,4.263160228729248,0.0001089108910891089,,
2025-09-15 07:37:03,SGD_lr0.001_m0.0,SGD,2,shakespeare_char,10,val_eval,4.263652801513672,0.0001089108910891089,,
2025-09-15 07:37:03,SGD_lr0.001_m0.0,SGD,2,shakespeare_char,10,train_iter,4.260556221008301,0.0001089108910891089,0.030390005886510165,2299.0097999572754
2025-09-15 07:37:05,SGD_lr0.001_m0.0,SGD,2,shakespeare_char,20,train_eval,4.243582725524902,0.00020792079207920794,0.030390005886510165,
2025-09-15 07:37:05,SGD_lr0.001_m0.0,SGD,2,shakespeare_char,20,val_eval,4.243231296539307,0.00020792079207920794,0.030390005886510165,
2025-09-15 07:37:06,SGD_lr0.001_m0.0,SGD,2,shakespeare_char,20,train_iter,4.246522426605225,0.00020792079207920794,0.02999972539230713,2637.7615928649902
2025-09-15 07:37:06,SGD_lr0.0003_m0.95,SGD,2,shakespeare_char,200,train_iter,2.688356399536133,0.0009990754267376514,0.028432522769317865,311966.68577194214
2025-09-15 07:37:07,SGD_lr0.001_m0.0,SGD,2,shakespeare_char,30,train_eval,4.212093353271484,0.00030693069306930693,0.02999972539230713,
2025-09-15 07:37:07,SGD_lr0.001_m0.0,SGD,2,shakespeare_char,30,val_eval,4.212050914764404,0.00030693069306930693,0.02999972539230713,
2025-09-15 07:37:07,SGD_lr0.001_m0.0,SGD,2,shakespeare_char,30,train_iter,4.230632781982422,0.00030693069306930693,0.032080244393778816,1375.2000331878662
2025-09-15 07:37:11,SGD_lr0.001_m0.0,SGD,2,shakespeare_char,40,train_eval,4.168076992034912,0.000405940594059406,0.032080244393778816,
2025-09-15 07:37:11,SGD_lr0.001_m0.0,SGD,2,shakespeare_char,40,val_eval,4.170453071594238,0.000405940594059406,0.032080244393778816,
2025-09-15 07:37:11,SGD_lr0.001_m0.0,SGD,2,shakespeare_char,40,train_iter,4.190403938293457,0.000405940594059406,0.03059408043301668,4057.6412677764893
2025-09-15 07:37:15,SGD_lr0.001_m0.0,SGD,2,shakespeare_char,50,train_eval,4.1162428855896,0.000504950495049505,0.03059408043301668,
2025-09-15 07:37:15,SGD_lr0.001_m0.0,SGD,2,shakespeare_char,50,val_eval,4.119359016418457,0.000504950495049505,0.03059408043301668,
2025-09-15 07:37:15,SGD_lr0.001_m0.0,SGD,2,shakespeare_char,50,train_iter,4.153326988220215,0.000504950495049505,0.029310553458954017,3934.2117309570312
2025-09-15 07:37:17,SGD_lr0.001_m0.0,SGD,2,shakespeare_char,60,train_eval,4.053556442260742,0.000603960396039604,0.029310553458954017,
2025-09-15 07:37:17,SGD_lr0.001_m0.0,SGD,2,shakespeare_char,60,val_eval,4.0598554611206055,0.000603960396039604,0.029310553458954017,
2025-09-15 07:37:18,SGD_lr0.001_m0.0,SGD,2,shakespeare_char,60,train_iter,4.1191911697387695,0.000603960396039604,0.03001368830333099,1922.4894046783447
2025-09-15 07:37:19,SGD_lr0.001_m0.0,SGD,2,shakespeare_char,70,train_eval,3.985353469848633,0.000702970297029703,0.03001368830333099,
2025-09-15 07:37:19,SGD_lr0.001_m0.0,SGD,2,shakespeare_char,70,val_eval,3.9951415061950684,0.000702970297029703,0.03001368830333099,
2025-09-15 07:37:20,SGD_lr0.001_m0.0,SGD,2,shakespeare_char,70,train_iter,4.065914154052734,0.000702970297029703,0.030434109304445497,2041.8238639831543
2025-09-15 07:37:21,SGD_lr0.0003_m0.9,SGD,2,shakespeare_char,100,train_iter,3.194700241088867,0.001,0.02312100228227878,292542.977809906
2025-09-15 07:37:23,SGD_lr0.001_m0.0,SGD,2,shakespeare_char,80,train_eval,3.9178154468536377,0.000801980198019802,0.030434109304445497,
2025-09-15 07:37:23,SGD_lr0.001_m0.0,SGD,2,shakespeare_char,80,val_eval,3.925227642059326,0.000801980198019802,0.030434109304445497,
2025-09-15 07:37:23,SGD_lr0.0003_m0.9,SGD,2,shakespeare_char,110,train_eval,3.0543549060821533,0.0009999907511312647,0.02312100228227878,
2025-09-15 07:37:23,SGD_lr0.0003_m0.9,SGD,2,shakespeare_char,110,val_eval,3.085905075073242,0.0009999907511312647,0.02312100228227878,
2025-09-15 07:37:23,SGD_lr0.001_m0.0,SGD,2,shakespeare_char,80,train_iter,4.004673480987549,0.000801980198019802,0.029699524258215173,3026.0801315307617
2025-09-15 07:37:23,SGD_lr0.0003_m0.9,SGD,2,shakespeare_char,110,train_iter,3.192589521408081,0.0009999907511312647,0.02398844559846137,2197.3884105682373
2025-09-15 07:37:24,SGD_lr0.001_m0.0,SGD,2,shakespeare_char,0,train_eval,4.270771503448486,9.900990099009901e-06,,
2025-09-15 07:37:24,SGD_lr0.001_m0.0,SGD,2,shakespeare_char,0,val_eval,4.269772529602051,9.900990099009901e-06,,
2025-09-15 07:37:25,SGD_lr0.0003_m0.9,SGD,2,shakespeare_char,120,train_eval,2.994516372680664,0.0009999630049052437,0.02398844559846137,
2025-09-15 07:37:25,SGD_lr0.0003_m0.9,SGD,2,shakespeare_char,120,val_eval,3.0202972888946533,0.0009999630049052437,0.02398844559846137,
2025-09-15 07:37:26,SGD_lr0.0003_m0.9,SGD,2,shakespeare_char,120,train_iter,3.0375895500183105,0.0009999630049052437,0.024368666692037466,2514.0435695648193
2025-09-15 07:37:26,SGD_lr0.001_m0.0,SGD,2,shakespeare_char,90,train_eval,3.8489601612091064,0.0009009900990099009,0.029699524258215173,
2025-09-15 07:37:26,SGD_lr0.001_m0.0,SGD,2,shakespeare_char,90,val_eval,3.8596322536468506,0.0009009900990099009,0.029699524258215173,
2025-09-15 07:37:26,SGD_lr0.001_m0.0,SGD,2,shakespeare_char,90,train_iter,3.9243640899658203,0.0009009900990099009,0.029095168648059336,2953.458547592163
2025-09-15 07:37:28,SGD_lr0.001_m0.0,SGD,2,shakespeare_char,100,train_eval,3.7828030586242676,0.001,0.029095168648059336,
2025-09-15 07:37:28,SGD_lr0.001_m0.0,SGD,2,shakespeare_char,100,val_eval,3.796172857284546,0.001,0.029095168648059336,
2025-09-15 07:37:28,SGD_lr0.0003_m0.9,SGD,2,shakespeare_char,130,train_eval,2.9304914474487305,0.0009999167624624755,0.024368666692037466,
2025-09-15 07:37:28,SGD_lr0.0003_m0.9,SGD,2,shakespeare_char,130,val_eval,2.9576632976531982,0.0009999167624624755,0.024368666692037466,
2025-09-15 07:37:29,SGD_lr0.0003_m0.9,SGD,2,shakespeare_char,130,train_iter,3.0533626079559326,0.0009999167624624755,0.02436430772043965,2872.217893600464
2025-09-15 07:37:31,SGD_lr0.0003_m0.9,SGD,2,shakespeare_char,140,train_eval,2.8810088634490967,0.000999852025703806,0.02436430772043965,
2025-09-15 07:37:31,SGD_lr0.0003_m0.9,SGD,2,shakespeare_char,140,val_eval,2.903916358947754,0.000999852025703806,0.02436430772043965,
2025-09-15 07:37:31,SGD_lr0.0003_m0.9,SGD,2,shakespeare_char,140,train_iter,2.948869466781616,0.000999852025703806,0.024656654629329144,2560.3742599487305
2025-09-15 07:37:33,SGD_lr0.0003_m0.9,SGD,2,shakespeare_char,150,train_eval,2.848132848739624,0.0009997687972903096,0.024656654629329144,
2025-09-15 07:37:33,SGD_lr0.0003_m0.9,SGD,2,shakespeare_char,150,val_eval,2.8679511547088623,0.0009997687972903096,0.024656654629329144,
2025-09-15 07:37:34,SGD_lr0.0003_m0.9,SGD,2,shakespeare_char,150,train_iter,2.907221555709839,0.0009997687972903096,0.025257867179666875,2278.1121730804443
2025-09-15 07:37:36,SGD_lr0.0003_m0.9,SGD,2,shakespeare_char,160,train_eval,2.8084206581115723,0.0009996670806431804,0.025257867179666875,
2025-09-15 07:37:36,SGD_lr0.0003_m0.9,SGD,2,shakespeare_char,160,val_eval,2.8349366188049316,0.0009996670806431804,0.025257867179666875,
2025-09-15 07:37:36,SGD_lr0.0003_m0.9,SGD,2,shakespeare_char,160,train_iter,2.8477821350097656,0.0009996670806431804,0.025914871888131737,2195.146083831787
2025-09-15 07:37:38,SGD_lr0.0003_m0.9,SGD,2,shakespeare_char,170,train_eval,2.7881457805633545,0.0009995468799435915,0.025914871888131737,
2025-09-15 07:37:38,SGD_lr0.0003_m0.9,SGD,2,shakespeare_char,170,val_eval,2.808281183242798,0.0009995468799435915,0.025914871888131737,
2025-09-15 07:37:39,SGD_lr0.0003_m0.9,SGD,2,shakespeare_char,170,train_iter,2.7914462089538574,0.0009995468799435915,0.025742154927350464,2888.530731201172
2025-09-15 07:37:41,SGD_lr0.0003_m0.9,SGD,2,shakespeare_char,180,train_eval,2.751830816268921,0.000999408200132523,0.025742154927350464,
2025-09-15 07:37:41,SGD_lr0.0003_m0.9,SGD,2,shakespeare_char,180,val_eval,2.773291826248169,0.000999408200132523,0.025742154927350464,
2025-09-15 07:37:42,SGD_lr0.0003_m0.9,SGD,2,shakespeare_char,180,train_iter,2.8499207496643066,0.000999408200132523,0.02569795047180208,2761.526346206665
2025-09-15 07:37:44,SGD_lr0.0003_m0.9,SGD,2,shakespeare_char,190,train_eval,2.737916946411133,0.0009992510469105584,0.02569795047180208,
2025-09-15 07:37:44,SGD_lr0.0003_m0.9,SGD,2,shakespeare_char,190,val_eval,2.7586565017700195,0.0009992510469105584,0.02569795047180208,
2025-09-15 07:37:45,SGD_lr0.0003_m0.9,SGD,2,shakespeare_char,190,train_iter,2.8131628036499023,0.0009992510469105584,0.025543267315230614,2892.9061889648438
2025-09-15 07:37:47,SGD_lr0.0003_m0.9,SGD,2,shakespeare_char,200,train_eval,2.7179770469665527,0.0009990754267376514,0.025543267315230614,
2025-09-15 07:37:47,SGD_lr0.0003_m0.9,SGD,2,shakespeare_char,200,val_eval,2.7274904251098633,0.0009990754267376514,0.025543267315230614,
2025-09-15 07:41:49,SGD_lr0.001_m0.0,SGD,2,shakespeare_char,0,train_iter,4.265802383422852,9.900990099009901e-06,,268987.73074150085
2025-09-15 07:41:51,SGD_lr0.001_m0.0,SGD,2,shakespeare_char,10,train_eval,4.263160228729248,0.0001089108910891089,,
2025-09-15 07:41:51,SGD_lr0.001_m0.0,SGD,2,shakespeare_char,10,val_eval,4.263652801513672,0.0001089108910891089,,
2025-09-15 07:41:51,SGD_lr0.001_m0.0,SGD,2,shakespeare_char,10,train_iter,4.260556221008301,0.0001089108910891089,0.04579496215472238,1525.646448135376
2025-09-15 07:41:52,SGD_lr0.001_m0.0,SGD,2,shakespeare_char,20,train_eval,4.243582725524902,0.00020792079207920794,0.04579496215472238,
2025-09-15 07:41:52,SGD_lr0.001_m0.0,SGD,2,shakespeare_char,20,val_eval,4.243230819702148,0.00020792079207920794,0.04579496215472238,
2025-09-15 07:41:52,SGD_lr0.001_m0.0,SGD,2,shakespeare_char,20,train_iter,4.246522426605225,0.00020792079207920794,0.046026422466291905,1452.2459506988525
2025-09-15 07:41:54,SGD_lr0.001_m0.0,SGD,2,shakespeare_char,30,train_eval,4.212087154388428,0.00030693069306930693,0.046026422466291905,
2025-09-15 07:41:54,SGD_lr0.001_m0.0,SGD,2,shakespeare_char,30,val_eval,4.21204948425293,0.00030693069306930693,0.046026422466291905,
2025-09-15 07:41:54,SGD_lr0.001_m0.0,SGD,2,shakespeare_char,30,train_iter,4.230644702911377,0.00030693069306930693,0.04516997618748395,1865.0097846984863
2025-09-15 07:41:55,SGD_lr0.001_m0.0,SGD,2,shakespeare_char,40,train_eval,4.168059825897217,0.000405940594059406,0.04516997618748395,
2025-09-15 07:41:55,SGD_lr0.001_m0.0,SGD,2,shakespeare_char,40,val_eval,4.170443534851074,0.000405940594059406,0.04516997618748395,
2025-09-15 07:41:56,SGD_lr0.001_m0.0,SGD,2,shakespeare_char,40,train_iter,4.190336227416992,0.000405940594059406,0.04631738111633897,1233.438491821289
2025-09-15 07:41:57,SGD_lr0.001_m0.0,SGD,2,shakespeare_char,50,train_eval,4.116249084472656,0.000504950495049505,0.04631738111633897,
2025-09-15 07:41:57,SGD_lr0.001_m0.0,SGD,2,shakespeare_char,50,val_eval,4.11936092376709,0.000504950495049505,0.04631738111633897,
2025-09-15 07:41:58,SGD_lr0.001_m0.0,SGD,2,shakespeare_char,50,train_iter,4.153263092041016,0.000504950495049505,0.045743551330545154,1721.7471599578857
2025-09-15 07:41:59,SGD_lr0.001_m0.0,SGD,2,shakespeare_char,60,train_eval,4.053562164306641,0.000603960396039604,0.045743551330545154,
2025-09-15 07:41:59,SGD_lr0.001_m0.0,SGD,2,shakespeare_char,60,val_eval,4.059861183166504,0.000603960396039604,0.045743551330545154,
2025-09-15 07:41:59,SGD_lr0.001_m0.0,SGD,2,shakespeare_char,60,train_iter,4.119227409362793,0.000603960396039604,0.045723588195592725,1534.0559482574463
2025-09-15 07:42:00,SGD_lr0.001_m0.0,SGD,2,shakespeare_char,70,train_eval,3.9853298664093018,0.000702970297029703,0.045723588195592725,
2025-09-15 07:42:00,SGD_lr0.001_m0.0,SGD,2,shakespeare_char,70,val_eval,3.995116949081421,0.000702970297029703,0.045723588195592725,
2025-09-15 07:42:00,SGD_lr0.001_m0.0,SGD,2,shakespeare_char,70,train_iter,4.065863132476807,0.000702970297029703,0.04769188546362076,1068.1943893432617
2025-09-15 07:42:02,SGD_lr0.001_m0.0,SGD,2,shakespeare_char,80,train_eval,3.9178266525268555,0.000801980198019802,0.04769188546362076,
2025-09-15 07:42:02,SGD_lr0.001_m0.0,SGD,2,shakespeare_char,80,val_eval,3.925234317779541,0.000801980198019802,0.04769188546362076,
2025-09-15 07:42:02,SGD_lr0.001_m0.0,SGD,2,shakespeare_char,80,train_iter,4.0045576095581055,0.000801980198019802,0.04871243560536101,1206.7370414733887
2025-09-15 07:42:04,SGD_lr0.001_m0.0,SGD,2,shakespeare_char,90,train_eval,3.8489623069763184,0.0009009900990099009,0.04871243560536101,
2025-09-15 07:42:04,SGD_lr0.001_m0.0,SGD,2,shakespeare_char,90,val_eval,3.859635829925537,0.0009009900990099009,0.04871243560536101,
2025-09-15 07:42:04,SGD_lr0.001_m0.0,SGD,2,shakespeare_char,90,train_iter,3.9243712425231934,0.0009009900990099009,0.04671864885423913,2428.0788898468018
2025-09-15 07:42:06,SGD_lr0.001_m0.0,SGD,2,shakespeare_char,100,train_eval,3.782801628112793,0.001,0.04671864885423913,
2025-09-15 07:42:06,SGD_lr0.001_m0.0,SGD,2,shakespeare_char,100,val_eval,3.7961742877960205,0.001,0.04671864885423913,
2025-09-15 07:42:10,SGD_lr0.0003_m0.9,SGD,2,shakespeare_char,200,train_iter,2.779778003692627,0.0009990754267376514,0.023015317358315062,264880.4578781128
2025-09-15 07:42:18,SGD_lr0.001_m0.0,SGD,2,shakespeare_char,100,train_iter,3.8889338970184326,0.001,0.02620956788127597,292133.44621658325
2025-09-15 07:42:20,SGD_lr0.001_m0.0,SGD,2,shakespeare_char,110,train_eval,3.7235946655273438,0.0009999907511312647,0.02620956788127597,
2025-09-15 07:42:20,SGD_lr0.001_m0.0,SGD,2,shakespeare_char,110,val_eval,3.738246440887451,0.0009999907511312647,0.02620956788127597,
2025-09-15 07:42:20,SGD_lr0.001_m0.0,SGD,2,shakespeare_char,110,train_iter,3.84012770652771,0.0009999907511312647,0.027630578859847245,1728.5373210906982
2025-09-15 07:42:21,SGD_lr0.001_m0.0,SGD,2,shakespeare_char,120,train_eval,3.674123525619507,0.0009999630049052437,0.027630578859847245,
2025-09-15 07:42:21,SGD_lr0.001_m0.0,SGD,2,shakespeare_char,120,val_eval,3.6895017623901367,0.0009999630049052437,0.027630578859847245,
2025-09-15 07:42:22,SGD_lr0.001_m0.0,SGD,2,shakespeare_char,120,train_iter,3.7595744132995605,0.0009999630049052437,0.029649698050631487,1460.9856605529785
2025-09-15 07:42:23,SGD_lr0.001_m0.0,SGD,2,shakespeare_char,130,train_eval,3.6271896362304688,0.0009999167624624755,0.029649698050631487,
2025-09-15 07:42:23,SGD_lr0.001_m0.0,SGD,2,shakespeare_char,130,val_eval,3.6438066959381104,0.0009999167624624755,0.029649698050631487,
2025-09-15 07:42:23,SGD_lr0.001_m0.0,SGD,2,shakespeare_char,130,train_iter,3.7227847576141357,0.0009999167624624755,0.03157259420534099,1429.3951988220215
2025-09-15 07:42:24,SGD_lr0.0003_m0.95,SGD,2,shakespeare_char,0,train_eval,4.270771503448486,9.900990099009901e-06,,
2025-09-15 07:42:24,SGD_lr0.0003_m0.95,SGD,2,shakespeare_char,0,val_eval,4.269772529602051,9.900990099009901e-06,,
2025-09-15 07:42:24,SGD_lr0.001_m0.0,SGD,2,shakespeare_char,140,train_eval,3.587996244430542,0.000999852025703806,0.03157259420534099,
2025-09-15 07:42:24,SGD_lr0.001_m0.0,SGD,2,shakespeare_char,140,val_eval,3.607133150100708,0.000999852025703806,0.03157259420534099,
2025-09-15 07:42:25,SGD_lr0.001_m0.0,SGD,2,shakespeare_char,140,train_iter,3.667175769805908,0.000999852025703806,0.03349998007369324,1374.0766048431396
2025-09-15 07:42:26,SGD_lr0.001_m0.0,SGD,2,shakespeare_char,150,train_eval,3.5527291297912598,0.0009997687972903096,0.03349998007369324,
2025-09-15 07:42:26,SGD_lr0.001_m0.0,SGD,2,shakespeare_char,150,val_eval,3.5710091590881348,0.0009997687972903096,0.03349998007369324,
2025-09-15 07:42:26,SGD_lr0.001_m0.0,SGD,2,shakespeare_char,150,train_iter,3.6373727321624756,0.0009997687972903096,0.034122873682289966,1758.5911750793457
2025-09-15 07:42:28,SGD_lr0.001_m0.0,SGD,2,shakespeare_char,160,train_eval,3.519742727279663,0.0009996670806431804,0.034122873682289966,
2025-09-15 07:42:28,SGD_lr0.001_m0.0,SGD,2,shakespeare_char,160,val_eval,3.5453500747680664,0.0009996670806431804,0.034122873682289966,
2025-09-15 07:42:28,SGD_lr0.001_m0.0,SGD,2,shakespeare_char,160,train_iter,3.5930144786834717,0.0009996670806431804,0.03432320742018049,1933.9675903320312
2025-09-15 07:42:30,SGD_lr0.001_m0.0,SGD,2,shakespeare_char,170,train_eval,3.4934635162353516,0.0009995468799435915,0.03432320742018049,
2025-09-15 07:42:30,SGD_lr0.001_m0.0,SGD,2,shakespeare_char,170,val_eval,3.518547773361206,0.0009995468799435915,0.03432320742018049,
2025-09-15 07:42:30,SGD_lr0.001_m0.0,SGD,2,shakespeare_char,170,train_iter,3.5402438640594482,0.0009995468799435915,0.034996956612352,1701.552152633667
2025-09-15 07:42:33,SGD_lr0.001_m0.0,SGD,2,shakespeare_char,180,train_eval,3.4642953872680664,0.000999408200132523,0.034996956612352,
2025-09-15 07:42:33,SGD_lr0.001_m0.0,SGD,2,shakespeare_char,180,val_eval,3.492097854614258,0.000999408200132523,0.034996956612352,
2025-09-15 07:42:33,SGD_lr0.001_m0.0,SGD,2,shakespeare_char,180,train_iter,3.5479116439819336,0.000999408200132523,0.03376421858916541,3081.9685459136963
2025-09-15 07:42:35,SGD_lr0.001_m0.0,SGD,2,shakespeare_char,190,train_eval,3.446991205215454,0.0009992510469105584,0.03376421858916541,
2025-09-15 07:42:35,SGD_lr0.001_m0.0,SGD,2,shakespeare_char,190,val_eval,3.4794933795928955,0.0009992510469105584,0.03376421858916541,
2025-09-15 07:42:36,SGD_lr0.001_m0.0,SGD,2,shakespeare_char,190,train_iter,3.520134449005127,0.0009992510469105584,0.03369456703709032,2112.844705581665
2025-09-15 07:42:38,SGD_lr0.001_m0.0,SGD,2,shakespeare_char,200,train_eval,3.4294540882110596,0.0009990754267376514,0.03369456703709032,
2025-09-15 07:42:38,SGD_lr0.001_m0.0,SGD,2,shakespeare_char,200,val_eval,3.455620050430298,0.0009990754267376514,0.03369456703709032,
2025-09-15 07:46:04,SGD_lr0.001_m0.0,SGD,2,shakespeare_char,100,train_iter,3.8888940811157227,0.001,0.04207589359634685,240013.10658454895
2025-09-15 07:46:05,SGD_lr0.001_m0.0,SGD,2,shakespeare_char,110,train_eval,3.723597526550293,0.0009999907511312647,0.04207589359634685,
2025-09-15 07:46:05,SGD_lr0.001_m0.0,SGD,2,shakespeare_char,110,val_eval,3.738248586654663,0.0009999907511312647,0.04207589359634685,
2025-09-15 07:46:06,SGD_lr0.001_m0.0,SGD,2,shakespeare_char,110,train_iter,3.8400790691375732,0.0009999907511312647,0.04416874837852919,1108.9205741882324
2025-09-15 07:46:06,SGD_lr0.0003_m0.95,SGD,2,shakespeare_char,0,train_iter,4.265802383422852,9.900990099009901e-06,,226453.15194129944
2025-09-15 07:46:07,SGD_lr0.001_m0.0,SGD,2,shakespeare_char,120,train_eval,3.6741268634796143,0.0009999630049052437,0.04416874837852919,
2025-09-15 07:46:07,SGD_lr0.001_m0.0,SGD,2,shakespeare_char,120,val_eval,3.6895153522491455,0.0009999630049052437,0.04416874837852919,
2025-09-15 07:46:07,SGD_lr0.001_m0.0,SGD,2,shakespeare_char,120,train_iter,3.759493350982666,0.0009999630049052437,0.04638474937933148,1053.3428192138672
2025-09-15 07:46:08,SGD_lr0.001_m0.0,SGD,2,shakespeare_char,130,train_eval,3.627197027206421,0.0009999167624624755,0.04638474937933148,
2025-09-15 07:46:08,SGD_lr0.001_m0.0,SGD,2,shakespeare_char,130,val_eval,3.6438121795654297,0.0009999167624624755,0.04638474937933148,
2025-09-15 07:46:08,SGD_lr0.0003_m0.95,SGD,2,shakespeare_char,10,train_eval,4.228809356689453,0.0001089108910891089,,
2025-09-15 07:46:08,SGD_lr0.0003_m0.95,SGD,2,shakespeare_char,10,val_eval,4.230148792266846,0.0001089108910891089,,
2025-09-15 07:46:08,SGD_lr0.001_m0.0,SGD,2,shakespeare_char,130,train_iter,3.7227344512939453,0.0009999167624624755,0.04868211241239191,1007.3320865631104
2025-09-15 07:46:08,SGD_lr0.0003_m0.95,SGD,2,shakespeare_char,10,train_iter,4.2367048263549805,0.0001089108910891089,0.04167647143265224,1676.4116287231445
2025-09-15 07:46:09,SGD_lr0.001_m0.0,SGD,2,shakespeare_char,140,train_eval,3.5879993438720703,0.000999852025703806,0.04868211241239191,
2025-09-15 07:46:09,SGD_lr0.001_m0.0,SGD,2,shakespeare_char,140,val_eval,3.607137441635132,0.000999852025703806,0.04868211241239191,
2025-09-15 07:46:09,SGD_lr0.001_m0.0,SGD,2,shakespeare_char,140,train_iter,3.667325735092163,0.000999852025703806,0.04842910794140722,1513.8416290283203
2025-09-15 07:46:10,SGD_lr0.0003_m0.95,SGD,2,shakespeare_char,20,train_eval,4.03303337097168,0.00020792079207920794,0.04167647143265224,
2025-09-15 07:46:10,SGD_lr0.0003_m0.95,SGD,2,shakespeare_char,20,val_eval,4.038329601287842,0.00020792079207920794,0.04167647143265224,
2025-09-15 07:46:10,SGD_lr0.0003_m0.95,SGD,2,shakespeare_char,20,train_iter,4.09351921081543,0.00020792079207920794,0.04057648309512655,2277.5323390960693
2025-09-15 07:46:11,SGD_lr0.001_m0.0,SGD,2,shakespeare_char,150,train_eval,3.552725315093994,0.0009997687972903096,0.04842910794140722,
2025-09-15 07:46:11,SGD_lr0.001_m0.0,SGD,2,shakespeare_char,150,val_eval,3.571009874343872,0.0009997687972903096,0.04842910794140722,
2025-09-15 07:46:11,SGD_lr0.001_m0.0,SGD,2,shakespeare_char,150,train_iter,3.6372947692871094,0.0009997687972903096,0.04871133186255245,1363.2211685180664
2025-09-15 07:46:12,SGD_lr0.0003_m0.95,SGD,2,shakespeare_char,30,train_eval,3.7689974308013916,0.00030693069306930693,0.04057648309512655,
2025-09-15 07:46:12,SGD_lr0.0003_m0.95,SGD,2,shakespeare_char,30,val_eval,3.7832424640655518,0.00030693069306930693,0.04057648309512655,
2025-09-15 07:46:12,SGD_lr0.001_m0.0,SGD,2,shakespeare_char,200,train_iter,3.4619483947753906,0.0009990754267376514,0.030357429418078837,216178.5273551941
2025-09-15 07:46:12,SGD_lr0.0003_m0.95,SGD,2,shakespeare_char,30,train_iter,3.8565287590026855,0.00030693069306930693,0.04031623219777827,1839.8633003234863
2025-09-15 07:46:12,SGD_lr0.001_m0.0,SGD,2,shakespeare_char,160,train_eval,3.519747734069824,0.0009996670806431804,0.04871133186255245,
2025-09-15 07:46:12,SGD_lr0.001_m0.0,SGD,2,shakespeare_char,160,val_eval,3.5453546047210693,0.0009996670806431804,0.04871133186255245,
2025-09-15 07:46:12,SGD_lr0.001_m0.0,SGD,2,shakespeare_char,160,train_iter,3.593075752258301,0.0009996670806431804,0.04847961703426263,1505.941390991211
2025-09-15 07:46:13,SGD_lr0.001_m0.0,SGD,2,shakespeare_char,170,train_eval,3.4934542179107666,0.0009995468799435915,0.04847961703426263,
2025-09-15 07:46:13,SGD_lr0.001_m0.0,SGD,2,shakespeare_char,170,val_eval,3.518547773361206,0.0009995468799435915,0.04847961703426263,
2025-09-15 07:46:13,SGD_lr0.001_m0.0,SGD,2,shakespeare_char,170,train_iter,3.5402889251708984,0.0009995468799435915,0.05098520219771063,950.1118659973145
2025-09-15 07:46:14,SGD_lr0.0003_m0.95,SGD,2,shakespeare_char,40,train_eval,3.5876150131225586,0.000405940594059406,0.04031623219777827,
2025-09-15 07:46:14,SGD_lr0.0003_m0.95,SGD,2,shakespeare_char,40,val_eval,3.6083147525787354,0.000405940594059406,0.04031623219777827,
2025-09-15 07:46:14,SGD_lr0.0003_m0.95,SGD,2,shakespeare_char,40,train_iter,3.601318359375,0.000405940594059406,0.04037779341353449,1706.9087028503418
2025-09-15 07:46:14,SGD_lr0.001_m0.0,SGD,2,shakespeare_char,180,train_eval,3.4643118381500244,0.000999408200132523,0.05098520219771063,
2025-09-15 07:46:14,SGD_lr0.001_m0.0,SGD,2,shakespeare_char,180,val_eval,3.4921092987060547,0.000999408200132523,0.05098520219771063,
2025-09-15 07:46:15,SGD_lr0.001_m0.0,SGD,2,shakespeare_char,180,train_iter,3.5479493141174316,0.000999408200132523,0.05265181200174384,1032.7506065368652
2025-09-15 07:46:15,SGD_lr0.001_m0.0,SGD,2,shakespeare_char,190,train_eval,3.4469897747039795,0.0009992510469105584,0.05265181200174384,
2025-09-15 07:46:15,SGD_lr0.001_m0.0,SGD,2,shakespeare_char,190,val_eval,3.479499101638794,0.0009992510469105584,0.05265181200174384,
2025-09-15 07:46:15,SGD_lr0.0003_m0.95,SGD,2,shakespeare_char,50,train_eval,3.4320669174194336,0.000504950495049505,0.04037779341353449,
2025-09-15 07:46:15,SGD_lr0.0003_m0.95,SGD,2,shakespeare_char,50,val_eval,3.465991735458374,0.000504950495049505,0.04037779341353449,
2025-09-15 07:46:16,SGD_lr0.001_m0.0,SGD,2,shakespeare_char,190,train_iter,3.5200259685516357,0.0009992510469105584,0.054689214257498925,956.742525100708
2025-09-15 07:46:16,SGD_lr0.0003_m0.95,SGD,2,shakespeare_char,50,train_iter,3.4721012115478516,0.000504950495049505,0.0404532577186755,1698.5845565795898
2025-09-15 07:46:17,SGD_lr0.001_m0.0,SGD,2,shakespeare_char,200,train_eval,3.4294533729553223,0.0009990754267376514,0.054689214257498925,
2025-09-15 07:46:17,SGD_lr0.001_m0.0,SGD,2,shakespeare_char,200,val_eval,3.455617904663086,0.0009990754267376514,0.054689214257498925,
2025-09-15 07:46:17,SGD_lr0.0003_m0.95,SGD,2,shakespeare_char,60,train_eval,3.3460452556610107,0.000603960396039604,0.0404532577186755,
2025-09-15 07:46:17,SGD_lr0.0003_m0.95,SGD,2,shakespeare_char,60,val_eval,3.383918046951294,0.000603960396039604,0.0404532577186755,
2025-09-15 07:46:18,SGD_lr0.0003_m0.95,SGD,2,shakespeare_char,60,train_iter,3.4030542373657227,0.000603960396039604,0.04019626713829141,1844.2645072937012
2025-09-15 07:46:20,SGD_lr0.0003_m0.95,SGD,2,shakespeare_char,70,train_eval,3.2847790718078613,0.000702970297029703,0.04019626713829141,
2025-09-15 07:46:20,SGD_lr0.0003_m0.95,SGD,2,shakespeare_char,70,val_eval,3.3241729736328125,0.000702970297029703,0.04019626713829141,
2025-09-15 07:46:20,SGD_lr0.0003_m0.95,SGD,2,shakespeare_char,70,train_iter,3.3417956829071045,0.000702970297029703,0.039134266876711926,2362.2632026672363
2025-09-15 07:46:22,SGD_lr0.0003_m0.95,SGD,2,shakespeare_char,80,train_eval,3.224442958831787,0.000801980198019802,0.039134266876711926,
2025-09-15 07:46:22,SGD_lr0.0003_m0.95,SGD,2,shakespeare_char,80,val_eval,3.253739356994629,0.000801980198019802,0.039134266876711926,
2025-09-15 07:46:22,SGD_lr0.0003_m0.95,SGD,2,shakespeare_char,80,train_iter,3.2427806854248047,0.000801980198019802,0.03840166206525335,2196.505308151245
2025-09-15 07:46:24,SGD_lr0.0003_m0.95,SGD,2,shakespeare_char,90,train_eval,3.1243951320648193,0.0009009900990099009,0.03840166206525335,
2025-09-15 07:46:24,SGD_lr0.0003_m0.95,SGD,2,shakespeare_char,90,val_eval,3.1552045345306396,0.0009009900990099009,0.03840166206525335,
2025-09-15 07:46:24,SGD_lr0.0003_m0.95,SGD,2,shakespeare_char,90,train_iter,3.1062982082366943,0.0009009900990099009,0.03884241407997631,1632.0545673370361
2025-09-15 07:46:26,SGD_lr0.001_m0.9,SGD,2,shakespeare_char,0,train_eval,4.270771503448486,9.900990099009901e-06,,
2025-09-15 07:46:26,SGD_lr0.001_m0.9,SGD,2,shakespeare_char,0,val_eval,4.269772529602051,9.900990099009901e-06,,
2025-09-15 07:46:26,SGD_lr0.0003_m0.95,SGD,2,shakespeare_char,100,train_eval,3.004547119140625,0.001,0.03884241407997631,
2025-09-15 07:46:26,SGD_lr0.0003_m0.95,SGD,2,shakespeare_char,100,val_eval,3.034853935241699,0.001,0.03884241407997631,
2025-09-15 07:50:22,SGD_lr0.001_m0.0,SGD,2,shakespeare_char,200,train_iter,3.4619498252868652,0.0009990754267376514,0.04924866517235776,246250.11491775513
2025-09-15 07:50:34,SGD_lr0.001_m0.9,SGD,2,shakespeare_char,0,train_iter,4.265802383422852,9.900990099009901e-06,,253390.0773525238
2025-09-15 07:50:36,SGD_lr0.001_m0.9,SGD,2,shakespeare_char,10,train_eval,4.234833717346191,0.0001089108910891089,,
2025-09-15 07:50:36,SGD_lr0.001_m0.9,SGD,2,shakespeare_char,10,val_eval,4.236032962799072,0.0001089108910891089,,
2025-09-15 07:50:36,SGD_lr0.001_m0.9,SGD,2,shakespeare_char,10,train_iter,4.240817070007324,0.0001089108910891089,0.03196950271194842,2185.4240894317627
2025-09-15 07:50:39,SGD_lr0.001_m0.9,SGD,2,shakespeare_char,20,train_eval,4.087526321411133,0.00020792079207920794,0.03196950271194842,
2025-09-15 07:50:39,SGD_lr0.001_m0.9,SGD,2,shakespeare_char,20,val_eval,4.091355800628662,0.00020792079207920794,0.03196950271194842,
2025-09-15 07:50:39,SGD_lr0.001_m0.9,SGD,2,shakespeare_char,0,train_eval,4.270771503448486,9.900990099009901e-06,,
2025-09-15 07:50:39,SGD_lr0.001_m0.9,SGD,2,shakespeare_char,20,train_iter,4.13478946685791,0.00020792079207920794,0.031124627538303164,2970.437526702881
2025-09-15 07:50:39,SGD_lr0.001_m0.9,SGD,2,shakespeare_char,0,val_eval,4.269772529602051,9.900990099009901e-06,,
2025-09-15 07:50:41,SGD_lr0.001_m0.9,SGD,2,shakespeare_char,30,train_eval,3.8725175857543945,0.00030693069306930693,0.031124627538303164,
2025-09-15 07:50:41,SGD_lr0.001_m0.9,SGD,2,shakespeare_char,30,val_eval,3.883209228515625,0.00030693069306930693,0.031124627538303164,
2025-09-15 07:50:41,SGD_lr0.001_m0.9,SGD,2,shakespeare_char,30,train_iter,3.9627509117126465,0.00030693069306930693,0.03162398575204115,1934.3960285186768
2025-09-15 07:50:44,SGD_lr0.001_m0.9,SGD,2,shakespeare_char,40,train_eval,3.6898586750030518,0.000405940594059406,0.03162398575204115,
2025-09-15 07:50:44,SGD_lr0.001_m0.9,SGD,2,shakespeare_char,40,val_eval,3.7062747478485107,0.000405940594059406,0.03162398575204115,
2025-09-15 07:50:45,SGD_lr0.001_m0.9,SGD,2,shakespeare_char,40,train_iter,3.740025043487549,0.000405940594059406,0.030614045857378012,3245.9123134613037
2025-09-15 07:50:47,SGD_lr0.0003_m0.95,SGD,2,shakespeare_char,100,train_iter,3.071664810180664,0.001,0.03498475185342904,262863.32964897156
2025-09-15 07:50:47,SGD_lr0.001_m0.9,SGD,2,shakespeare_char,50,train_eval,3.539299964904785,0.000504950495049505,0.030614045857378012,
2025-09-15 07:50:47,SGD_lr0.001_m0.9,SGD,2,shakespeare_char,50,val_eval,3.566624402999878,0.000504950495049505,0.030614045857378012,
2025-09-15 07:50:48,SGD_lr0.001_m0.9,SGD,2,shakespeare_char,50,train_iter,3.6012110710144043,0.000504950495049505,0.030082932149272646,2761.220932006836
2025-09-15 07:50:49,SGD_lr0.0003_m0.95,SGD,2,shakespeare_char,110,train_eval,2.929675817489624,0.0009999907511312647,0.03498475185342904,
2025-09-15 07:50:49,SGD_lr0.0003_m0.95,SGD,2,shakespeare_char,110,val_eval,2.956850528717041,0.0009999907511312647,0.03498475185342904,
2025-09-15 07:50:50,SGD_lr0.0003_m0.95,SGD,2,shakespeare_char,110,train_iter,3.0576629638671875,0.0009999907511312647,0.034204714956528284,2570.112466812134
2025-09-15 07:50:50,SGD_lr0.001_m0.9,SGD,2,shakespeare_char,60,train_eval,3.423820734024048,0.000603960396039604,0.030082932149272646,
2025-09-15 07:50:50,SGD_lr0.001_m0.9,SGD,2,shakespeare_char,60,val_eval,3.4560658931732178,0.000603960396039604,0.030082932149272646,
2025-09-15 07:50:50,SGD_lr0.001_m0.9,SGD,2,shakespeare_char,60,train_iter,3.4951539039611816,0.000603960396039604,0.030058206757584936,2341.723918914795
2025-09-15 07:50:52,SGD_lr0.001_m0.9,SGD,2,shakespeare_char,70,train_eval,3.347071647644043,0.000702970297029703,0.030058206757584936,
2025-09-15 07:50:52,SGD_lr0.001_m0.9,SGD,2,shakespeare_char,70,val_eval,3.381787061691284,0.000702970297029703,0.030058206757584936,
2025-09-15 07:50:53,SGD_lr0.001_m0.9,SGD,2,shakespeare_char,70,train_iter,3.414724349975586,0.000702970297029703,0.029734288727176515,2605.1251888275146
2025-09-15 07:50:53,SGD_lr0.0003_m0.95,SGD,2,shakespeare_char,120,train_eval,2.8640236854553223,0.0009999630049052437,0.034204714956528284,
2025-09-15 07:50:53,SGD_lr0.0003_m0.95,SGD,2,shakespeare_char,120,val_eval,2.8826751708984375,0.0009999630049052437,0.034204714956528284,
2025-09-15 07:50:53,SGD_lr0.0003_m0.95,SGD,2,shakespeare_char,120,train_iter,2.8829665184020996,0.0009999630049052437,0.03272282440941339,3604.0239334106445
2025-09-15 07:50:56,SGD_lr0.001_m0.9,SGD,2,shakespeare_char,80,train_eval,3.292807102203369,0.000801980198019802,0.029734288727176515,
2025-09-15 07:50:56,SGD_lr0.001_m0.9,SGD,2,shakespeare_char,80,val_eval,3.319063186645508,0.000801980198019802,0.029734288727176515,
2025-09-15 07:50:56,SGD_lr0.001_m0.9,SGD,2,shakespeare_char,80,train_iter,3.32135272026062,0.000801980198019802,0.028929026598076397,3222.3961353302
2025-09-15 07:50:56,SGD_lr0.0003_m0.95,SGD,2,shakespeare_char,130,train_eval,2.799405574798584,0.0009999167624624755,0.03272282440941339,
2025-09-15 07:50:56,SGD_lr0.0003_m0.95,SGD,2,shakespeare_char,130,val_eval,2.8183279037475586,0.0009999167624624755,0.03272282440941339,
2025-09-15 07:50:57,SGD_lr0.0003_m0.95,SGD,2,shakespeare_char,130,train_iter,2.9146642684936523,0.0009999167624624755,0.03184744555671516,2914.8824214935303
2025-09-15 07:50:58,SGD_lr0.001_m0.9,SGD,2,shakespeare_char,90,train_eval,3.2298521995544434,0.0009009900990099009,0.028929026598076397,
2025-09-15 07:50:58,SGD_lr0.001_m0.9,SGD,2,shakespeare_char,90,val_eval,3.2611234188079834,0.0009009900990099009,0.028929026598076397,
2025-09-15 07:50:58,SGD_lr0.001_m0.9,SGD,2,shakespeare_char,90,train_iter,3.21368670463562,0.0009009900990099009,0.029576498112877308,1973.433256149292
2025-09-15 07:51:00,SGD_lr0.0003_m0.95,SGD,2,shakespeare_char,140,train_eval,2.7612602710723877,0.000999852025703806,0.03184744555671516,
2025-09-15 07:51:00,SGD_lr0.0003_m0.95,SGD,2,shakespeare_char,140,val_eval,2.774768590927124,0.000999852025703806,0.03184744555671516,
2025-09-15 07:51:00,SGD_lr0.0003_m0.95,SGD,2,shakespeare_char,140,train_iter,2.813103199005127,0.000999852025703806,0.03069259850077261,3441.894054412842
2025-09-15 07:51:02,SGD_lr0.001_m0.9,SGD,2,shakespeare_char,100,train_eval,3.143059730529785,0.001,0.029576498112877308,
2025-09-15 07:51:02,SGD_lr0.001_m0.9,SGD,2,shakespeare_char,100,val_eval,3.18086314201355,0.001,0.029576498112877308,
2025-09-15 07:51:03,SGD_lr0.0003_m0.95,SGD,2,shakespeare_char,150,train_eval,2.7243947982788086,0.0009997687972903096,0.03069259850077261,
2025-09-15 07:51:03,SGD_lr0.0003_m0.95,SGD,2,shakespeare_char,150,val_eval,2.732940435409546,0.0009997687972903096,0.03069259850077261,
2025-09-15 07:51:03,SGD_lr0.0003_m0.95,SGD,2,shakespeare_char,150,train_iter,2.766404628753662,0.0009997687972903096,0.030124449968275784,2793.4350967407227
2025-09-15 07:51:06,SGD_lr0.0003_m0.95,SGD,2,shakespeare_char,160,train_eval,2.6894826889038086,0.0009996670806431804,0.030124449968275784,
2025-09-15 07:51:06,SGD_lr0.0003_m0.95,SGD,2,shakespeare_char,160,val_eval,2.700443744659424,0.0009996670806431804,0.030124449968275784,
2025-09-15 07:51:06,SGD_lr0.0003_m0.95,SGD,2,shakespeare_char,160,train_iter,2.7122554779052734,0.0009996670806431804,0.029295623296107635,3199.594020843506
2025-09-15 07:51:09,SGD_lr0.0003_m0.95,SGD,2,shakespeare_char,170,train_eval,2.6680657863616943,0.0009995468799435915,0.029295623296107635,
2025-09-15 07:51:09,SGD_lr0.0003_m0.95,SGD,2,shakespeare_char,170,val_eval,2.674337387084961,0.0009995468799435915,0.029295623296107635,
2025-09-15 07:51:09,SGD_lr0.0003_m0.95,SGD,2,shakespeare_char,170,train_iter,2.6744353771209717,0.0009995468799435915,0.028849460928226975,2813.3575916290283
2025-09-15 07:51:11,SGD_lr0.0003_m0.95,SGD,2,shakespeare_char,180,train_eval,2.641902446746826,0.000999408200132523,0.028849460928226975,
2025-09-15 07:51:11,SGD_lr0.0003_m0.95,SGD,2,shakespeare_char,180,val_eval,2.6495256423950195,0.000999408200132523,0.028849460928226975,
2025-09-15 07:51:11,SGD_lr0.0003_m0.95,SGD,2,shakespeare_char,180,train_iter,2.7279746532440186,0.000999408200132523,0.030258522084646196,1627.079725265503
2025-09-15 07:51:13,SGD_lr0.0003_m0.95,SGD,2,shakespeare_char,190,train_eval,2.6317567825317383,0.0009992510469105584,0.030258522084646196,
2025-09-15 07:51:13,SGD_lr0.0003_m0.95,SGD,2,shakespeare_char,190,val_eval,2.640831232070923,0.0009992510469105584,0.030258522084646196,
2025-09-15 07:51:13,SGD_lr0.0003_m0.95,SGD,2,shakespeare_char,190,train_iter,2.697845458984375,0.0009992510469105584,0.030210723303362188,2346.060037612915
2025-09-15 07:51:15,SGD_lr0.0003_m0.95,SGD,2,shakespeare_char,200,train_eval,2.6185686588287354,0.0009990754267376514,0.030210723303362188,
2025-09-15 07:51:15,SGD_lr0.0003_m0.95,SGD,2,shakespeare_char,200,val_eval,2.620396137237549,0.0009990754267376514,0.030210723303362188,
2025-09-15 07:55:35,SGD_lr0.001_m0.9,SGD,2,shakespeare_char,0,train_iter,4.265802383422852,9.900990099009901e-06,,300797.2891330719
2025-09-15 07:55:37,SGD_lr0.001_m0.9,SGD,2,shakespeare_char,10,train_eval,4.234838962554932,0.0001089108910891089,,
2025-09-15 07:55:37,SGD_lr0.001_m0.9,SGD,2,shakespeare_char,10,val_eval,4.236033916473389,0.0001089108910891089,,
2025-09-15 07:55:37,SGD_lr0.001_m0.9,SGD,2,shakespeare_char,10,train_iter,4.240842819213867,0.0001089108910891089,0.04155234707896257,1681.4193725585938
2025-09-15 07:55:39,SGD_lr0.001_m0.9,SGD,2,shakespeare_char,20,train_eval,4.087515354156494,0.00020792079207920794,0.04155234707896257,
2025-09-15 07:55:39,SGD_lr0.001_m0.9,SGD,2,shakespeare_char,20,val_eval,4.091346263885498,0.00020792079207920794,0.04155234707896257,
2025-09-15 07:55:40,SGD_lr0.001_m0.9,SGD,2,shakespeare_char,20,train_iter,4.134795188903809,0.00020792079207920794,0.04045315600976914,2286.1886024475098
2025-09-15 07:55:42,SGD_lr0.001_m0.9,SGD,2,shakespeare_char,30,train_eval,3.872511863708496,0.00030693069306930693,0.04045315600976914,
2025-09-15 07:55:42,SGD_lr0.001_m0.9,SGD,2,shakespeare_char,30,val_eval,3.8832027912139893,0.00030693069306930693,0.04045315600976914,
2025-09-15 07:55:42,SGD_lr0.001_m0.9,SGD,2,shakespeare_char,30,train_iter,3.9627628326416016,0.00030693069306930693,0.039164085349895066,2534.8589420318604
2025-09-15 07:55:44,SGD_lr0.001_m0.9,SGD,2,shakespeare_char,40,train_eval,3.689859390258789,0.000405940594059406,0.039164085349895066,
2025-09-15 07:55:44,SGD_lr0.001_m0.9,SGD,2,shakespeare_char,40,val_eval,3.7062828540802,0.000405940594059406,0.039164085349895066,
2025-09-15 07:55:45,SGD_lr0.001_m0.9,SGD,2,shakespeare_char,40,train_iter,3.7399115562438965,0.000405940594059406,0.03815795133063087,2400.698661804199
2025-09-15 07:55:47,SGD_lr0.001_m0.9,SGD,2,shakespeare_char,50,train_eval,3.539303779602051,0.000504950495049505,0.03815795133063087,
2025-09-15 07:55:47,SGD_lr0.001_m0.9,SGD,2,shakespeare_char,50,val_eval,3.566627264022827,0.000504950495049505,0.03815795133063087,
2025-09-15 07:55:47,SGD_lr0.001_m0.9,SGD,2,shakespeare_char,50,train_iter,3.6013259887695312,0.000504950495049505,0.03758657103609246,2153.452157974243
2025-09-15 07:55:49,SGD_lr0.001_m0.9,SGD,2,shakespeare_char,100,train_iter,3.1947226524353027,0.001,0.026642914210788588,290314.9046897888
2025-09-15 07:55:49,SGD_lr0.001_m0.9,SGD,2,shakespeare_char,60,train_eval,3.423820734024048,0.000603960396039604,0.03758657103609246,
2025-09-15 07:55:49,SGD_lr0.001_m0.9,SGD,2,shakespeare_char,60,val_eval,3.456071138381958,0.000603960396039604,0.03758657103609246,
2025-09-15 07:55:50,SGD_lr0.001_m0.9,SGD,2,shakespeare_char,60,train_iter,3.4951133728027344,0.000603960396039604,0.036614383454865326,2507.3635578155518
2025-09-15 07:55:51,SGD_lr0.001_m0.9,SGD,2,shakespeare_char,110,train_eval,3.054349422454834,0.0009999907511312647,0.026642914210788588,
2025-09-15 07:55:51,SGD_lr0.001_m0.9,SGD,2,shakespeare_char,110,val_eval,3.0858938694000244,0.0009999907511312647,0.026642914210788588,
2025-09-15 07:55:52,SGD_lr0.001_m0.9,SGD,2,shakespeare_char,70,train_eval,3.347069025039673,0.000702970297029703,0.036614383454865326,
2025-09-15 07:55:52,SGD_lr0.001_m0.9,SGD,2,shakespeare_char,70,val_eval,3.3817801475524902,0.000702970297029703,0.036614383454865326,
2025-09-15 07:55:52,SGD_lr0.001_m0.9,SGD,2,shakespeare_char,110,train_iter,3.1926746368408203,0.0009999907511312647,0.026533096180128064,2735.081195831299
2025-09-15 07:55:52,SGD_lr0.001_m0.9,SGD,2,shakespeare_char,70,train_iter,3.414728879928589,0.000702970297029703,0.035834919249601145,2424.2730140686035
2025-09-15 07:55:53,SGD_lr0.001_m0.9,SGD,2,shakespeare_char,120,train_eval,2.994542121887207,0.0009999630049052437,0.026533096180128064,
2025-09-15 07:55:53,SGD_lr0.001_m0.9,SGD,2,shakespeare_char,120,val_eval,3.020315647125244,0.0009999630049052437,0.026533096180128064,
2025-09-15 07:55:53,SGD_lr0.001_m0.9,SGD,2,shakespeare_char,120,train_iter,3.0376651287078857,0.0009999630049052437,0.02793131872436565,1724.456787109375
2025-09-15 07:55:55,SGD_lr0.001_m0.9,SGD,2,shakespeare_char,80,train_eval,3.292820453643799,0.000801980198019802,0.035834919249601145,
2025-09-15 07:55:55,SGD_lr0.001_m0.9,SGD,2,shakespeare_char,80,val_eval,3.319061279296875,0.000801980198019802,0.035834919249601145,
2025-09-15 07:55:55,SGD_lr0.001_m0.9,SGD,2,shakespeare_char,80,train_iter,3.321274518966675,0.000801980198019802,0.034682726532661204,2873.645544052124
2025-09-15 07:55:55,SGD_lr0.001_m0.9,SGD,2,shakespeare_char,130,train_eval,2.930487871170044,0.0009999167624624755,0.02793131872436565,
2025-09-15 07:55:55,SGD_lr0.001_m0.9,SGD,2,shakespeare_char,130,val_eval,2.9576611518859863,0.0009999167624624755,0.02793131872436565,
2025-09-15 07:55:56,SGD_lr0.001_m0.9,SGD,2,shakespeare_char,130,train_iter,3.0534462928771973,0.0009999167624624755,0.028533673647364907,2057.640790939331
2025-09-15 07:55:56,SGD_lr0.001_m0.9,SGD,2,shakespeare_char,90,train_eval,3.2298619747161865,0.0009009900990099009,0.034682726532661204,
2025-09-15 07:55:56,SGD_lr0.001_m0.9,SGD,2,shakespeare_char,90,val_eval,3.261129379272461,0.0009009900990099009,0.034682726532661204,
2025-09-15 07:55:56,SGD_lr0.001_m0.9,SGD,2,shakespeare_char,90,train_iter,3.2135725021362305,0.0009009900990099009,0.03738170507272202,1132.8697204589844
2025-09-15 07:55:59,SGD_lr0.001_m0.9,SGD,2,shakespeare_char,140,train_eval,2.8810112476348877,0.000999852025703806,0.028533673647364907,
2025-09-15 07:55:59,SGD_lr0.001_m0.9,SGD,2,shakespeare_char,140,val_eval,2.9039342403411865,0.000999852025703806,0.028533673647364907,
2025-09-15 07:55:59,SGD_lr0.001_m0.9,SGD,2,shakespeare_char,100,train_eval,3.1430509090423584,0.001,0.03738170507272202,
2025-09-15 07:55:59,SGD_lr0.001_m0.9,SGD,2,shakespeare_char,100,val_eval,3.180854082107544,0.001,0.03738170507272202,
2025-09-15 07:55:59,SGD_lr0.001_m0.9,SGD,2,shakespeare_char,140,train_iter,2.9489831924438477,0.000999852025703806,0.02752292552894278,3791.717767715454
2025-09-15 07:56:03,SGD_lr0.001_m0.9,SGD,2,shakespeare_char,150,train_eval,2.8481476306915283,0.0009997687972903096,0.02752292552894278,
2025-09-15 07:56:03,SGD_lr0.001_m0.9,SGD,2,shakespeare_char,150,val_eval,2.867971897125244,0.0009997687972903096,0.02752292552894278,
2025-09-15 07:56:03,SGD_lr0.001_m0.9,SGD,2,shakespeare_char,150,train_iter,2.9073381423950195,0.0009997687972903096,0.026578940065236405,3863.6646270751953
2025-09-15 07:56:06,SGD_lr0.001_m0.9,SGD,2,shakespeare_char,160,train_eval,2.808412551879883,0.0009996670806431804,0.026578940065236405,
2025-09-15 07:56:06,SGD_lr0.001_m0.9,SGD,2,shakespeare_char,160,val_eval,2.8349380493164062,0.0009996670806431804,0.026578940065236405,
2025-09-15 07:56:06,SGD_lr0.001_m0.9,SGD,2,shakespeare_char,160,train_iter,2.847750663757324,0.0009996670806431804,0.026572892451452827,2634.6518993377686
2025-09-15 07:56:08,SGD_lr0.0003_m0.95,SGD,2,shakespeare_char,200,train_iter,2.688471555709839,0.0009990754267376514,0.02721341856528223,293958.7678909302
2025-09-15 07:56:08,SGD_lr0.001_m0.9,SGD,2,shakespeare_char,170,train_eval,2.788163185119629,0.0009995468799435915,0.026572892451452827,
2025-09-15 07:56:08,SGD_lr0.001_m0.9,SGD,2,shakespeare_char,170,val_eval,2.80828857421875,0.0009995468799435915,0.026572892451452827,
2025-09-15 07:56:08,SGD_lr0.001_m0.9,SGD,2,shakespeare_char,170,train_iter,2.7915148735046387,0.0009995468799435915,0.028373302104932968,1567.3315525054932
2025-09-15 07:56:10,SGD_lr0.001_m0.9,SGD,2,shakespeare_char,180,train_eval,2.751810073852539,0.000999408200132523,0.028373302104932968,
2025-09-15 07:56:10,SGD_lr0.001_m0.9,SGD,2,shakespeare_char,180,val_eval,2.7732765674591064,0.000999408200132523,0.028373302104932968,
2025-09-15 07:56:10,SGD_lr0.001_m0.9,SGD,2,shakespeare_char,180,train_iter,2.8500494956970215,0.000999408200132523,0.029478928102069184,1771.9426155090332
2025-09-15 07:56:12,SGD_lr0.001_m0.9,SGD,2,shakespeare_char,190,train_eval,2.7379114627838135,0.0009992510469105584,0.029478928102069184,
2025-09-15 07:56:12,SGD_lr0.001_m0.9,SGD,2,shakespeare_char,190,val_eval,2.7586398124694824,0.0009992510469105584,0.029478928102069184,
2025-09-15 07:56:12,SGD_lr0.001_m0.9,SGD,2,shakespeare_char,190,train_iter,2.813222885131836,0.0009992510469105584,0.029746541227790965,2172.8127002716064
2025-09-15 07:56:14,SGD_lr0.001_m0.9,SGD,2,shakespeare_char,200,train_eval,2.7179741859436035,0.0009990754267376514,0.029746541227790965,
2025-09-15 07:56:14,SGD_lr0.001_m0.9,SGD,2,shakespeare_char,200,val_eval,2.7274999618530273,0.0009990754267376514,0.029746541227790965,
2025-09-15 07:56:22,SGD_lr0.001_m0.0,SGD,2,shakespeare_char,0,train_eval,4.270771503448486,9.900990099009901e-06,,
2025-09-15 07:56:22,SGD_lr0.001_m0.0,SGD,2,shakespeare_char,0,val_eval,4.269772529602051,9.900990099009901e-06,,
2025-09-15 08:00:46,SGD_lr0.001_m0.9,SGD,2,shakespeare_char,200,train_iter,2.7798259258270264,0.0009990754267376514,0.026797415076735616,273687.71052360535
2025-09-15 08:01:08,SGD_lr0.001_m0.95,SGD,2,shakespeare_char,0,train_eval,4.270771503448486,9.900990099009901e-06,,
2025-09-15 08:01:08,SGD_lr0.001_m0.95,SGD,2,shakespeare_char,0,val_eval,4.269772529602051,9.900990099009901e-06,,
2025-09-15 08:01:08,SGD_lr0.001_m0.9,SGD,2,shakespeare_char,100,train_iter,3.1947219371795654,0.001,0.03366594274335746,311792.06824302673
2025-09-15 08:01:11,SGD_lr0.001_m0.9,SGD,2,shakespeare_char,110,train_eval,3.0543298721313477,0.0009999907511312647,0.03366594274335746,
2025-09-15 08:01:11,SGD_lr0.001_m0.9,SGD,2,shakespeare_char,110,val_eval,3.085883378982544,0.0009999907511312647,0.03366594274335746,
2025-09-15 08:01:12,SGD_lr0.001_m0.9,SGD,2,shakespeare_char,110,train_iter,3.1927294731140137,0.0009999907511312647,0.03251265646686948,3156.6741466522217
2025-09-15 08:01:13,SGD_lr0.001_m0.9,SGD,2,shakespeare_char,120,train_eval,2.9945268630981445,0.0009999630049052437,0.03251265646686948,
2025-09-15 08:01:13,SGD_lr0.001_m0.9,SGD,2,shakespeare_char,120,val_eval,3.0203185081481934,0.0009999630049052437,0.03251265646686948,
2025-09-15 08:01:14,SGD_lr0.001_m0.9,SGD,2,shakespeare_char,120,train_iter,3.0377306938171387,0.0009999630049052437,0.03260195803233551,2091.4688110351562
2025-09-15 08:01:16,SGD_lr0.001_m0.9,SGD,2,shakespeare_char,130,train_eval,2.9304795265197754,0.0009999167624624755,0.03260195803233551,
2025-09-15 08:01:16,SGD_lr0.001_m0.9,SGD,2,shakespeare_char,130,val_eval,2.9576523303985596,0.0009999167624624755,0.03260195803233551,
2025-09-15 08:01:16,SGD_lr0.001_m0.9,SGD,2,shakespeare_char,130,train_iter,3.0533833503723145,0.0009999167624624755,0.03278535065487232,2028.8987159729004
2025-09-15 08:01:17,SGD_lr0.001_m0.9,SGD,2,shakespeare_char,140,train_eval,2.8810172080993652,0.000999852025703806,0.03278535065487232,
2025-09-15 08:01:17,SGD_lr0.001_m0.9,SGD,2,shakespeare_char,140,val_eval,2.9039270877838135,0.000999852025703806,0.03278535065487232,
2025-09-15 08:01:17,SGD_lr0.001_m0.9,SGD,2,shakespeare_char,140,train_iter,2.9488625526428223,0.000999852025703806,0.03535626313149387,1194.4191455841064
2025-09-15 08:01:18,SGD_lr0.001_m0.0,SGD,2,shakespeare_char,0,train_iter,4.265802383422852,9.900990099009901e-06,,301388.88120651245
2025-09-15 08:01:19,SGD_lr0.001_m0.9,SGD,2,shakespeare_char,150,train_eval,2.8481478691101074,0.0009997687972903096,0.03535626313149387,
2025-09-15 08:01:19,SGD_lr0.001_m0.9,SGD,2,shakespeare_char,150,val_eval,2.867964506149292,0.0009997687972903096,0.03535626313149387,
2025-09-15 08:01:19,SGD_lr0.001_m0.9,SGD,2,shakespeare_char,150,train_iter,2.9073102474212646,0.0009997687972903096,0.03540640592611761,1948.4500885009766
2025-09-15 08:01:20,SGD_lr0.001_m0.0,SGD,2,shakespeare_char,10,train_eval,4.263160228729248,0.0001089108910891089,,
2025-09-15 08:01:20,SGD_lr0.001_m0.0,SGD,2,shakespeare_char,10,val_eval,4.263652801513672,0.0001089108910891089,,
2025-09-15 08:01:20,SGD_lr0.001_m0.0,SGD,2,shakespeare_char,10,train_iter,4.260556221008301,0.0001089108910891089,0.0310463066159082,2250.4100799560547
2025-09-15 08:01:21,SGD_lr0.001_m0.9,SGD,2,shakespeare_char,160,train_eval,2.808398723602295,0.0009996670806431804,0.03540640592611761,
2025-09-15 08:01:21,SGD_lr0.001_m0.9,SGD,2,shakespeare_char,160,val_eval,2.834913969039917,0.0009996670806431804,0.03540640592611761,
2025-09-15 08:01:22,SGD_lr0.001_m0.9,SGD,2,shakespeare_char,160,train_iter,2.8478217124938965,0.0009996670806431804,0.034831188102660816,2356.0526371002197
2025-09-15 08:01:23,SGD_lr0.001_m0.0,SGD,2,shakespeare_char,20,train_eval,4.243582725524902,0.00020792079207920794,0.0310463066159082,
2025-09-15 08:01:23,SGD_lr0.001_m0.0,SGD,2,shakespeare_char,20,val_eval,4.243230819702148,0.00020792079207920794,0.0310463066159082,
2025-09-15 08:01:23,SGD_lr0.001_m0.0,SGD,2,shakespeare_char,20,train_iter,4.246522426605225,0.00020792079207920794,0.03104879259784974,2248.6095428466797
2025-09-15 08:01:24,SGD_lr0.001_m0.9,SGD,2,shakespeare_char,170,train_eval,2.7881665229797363,0.0009995468799435915,0.034831188102660816,
2025-09-15 08:01:24,SGD_lr0.001_m0.9,SGD,2,shakespeare_char,170,val_eval,2.8082892894744873,0.0009995468799435915,0.034831188102660816,
2025-09-15 08:01:24,SGD_lr0.001_m0.9,SGD,2,shakespeare_char,170,train_iter,2.791579008102417,0.0009995468799435915,0.03418480058186655,2462.937593460083
2025-09-15 08:01:25,SGD_lr0.001_m0.0,SGD,2,shakespeare_char,30,train_eval,4.212087631225586,0.00030693069306930693,0.03104879259784974,
2025-09-15 08:01:25,SGD_lr0.001_m0.0,SGD,2,shakespeare_char,30,val_eval,4.212048053741455,0.00030693069306930693,0.03104879259784974,
2025-09-15 08:01:25,SGD_lr0.001_m0.0,SGD,2,shakespeare_char,30,train_iter,4.230588912963867,0.00030693069306930693,0.031165830273675622,2168.4892177581787
2025-09-15 08:01:27,SGD_lr0.001_m0.9,SGD,2,shakespeare_char,180,train_eval,2.7518234252929688,0.000999408200132523,0.03418480058186655,
2025-09-15 08:01:27,SGD_lr0.001_m0.9,SGD,2,shakespeare_char,180,val_eval,2.7733023166656494,0.000999408200132523,0.03418480058186655,
2025-09-15 08:01:27,SGD_lr0.001_m0.9,SGD,2,shakespeare_char,180,train_iter,2.849968671798706,0.000999408200132523,0.033547480355841396,2512.150526046753
2025-09-15 08:01:28,SGD_lr0.001_m0.0,SGD,2,shakespeare_char,40,train_eval,4.1680731773376465,0.000405940594059406,0.031165830273675622,
2025-09-15 08:01:28,SGD_lr0.001_m0.0,SGD,2,shakespeare_char,40,val_eval,4.170450210571289,0.000405940594059406,0.031165830273675622,
2025-09-15 08:01:28,SGD_lr0.001_m0.0,SGD,2,shakespeare_char,40,train_iter,4.190331935882568,0.000405940594059406,0.030545524530009322,2798.844575881958
2025-09-15 08:01:29,SGD_lr0.001_m0.9,SGD,2,shakespeare_char,190,train_eval,2.7379045486450195,0.0009992510469105584,0.033547480355841396,
2025-09-15 08:01:29,SGD_lr0.001_m0.9,SGD,2,shakespeare_char,190,val_eval,2.7586452960968018,0.0009992510469105584,0.033547480355841396,
2025-09-15 08:01:29,SGD_lr0.001_m0.9,SGD,2,shakespeare_char,190,train_iter,2.8131377696990967,0.0009992510469105584,0.03330628579975367,2243.9608573913574
2025-09-15 08:01:30,SGD_lr0.001_m0.0,SGD,2,shakespeare_char,50,train_eval,4.116243362426758,0.000504950495049505,0.030545524530009322,
2025-09-15 08:01:30,SGD_lr0.001_m0.0,SGD,2,shakespeare_char,50,val_eval,4.119354724884033,0.000504950495049505,0.030545524530009322,
2025-09-15 08:01:30,SGD_lr0.001_m0.0,SGD,2,shakespeare_char,50,train_iter,4.153270244598389,0.000504950495049505,0.031100991470950936,1935.361385345459
2025-09-15 08:01:31,SGD_lr0.001_m0.0,SGD,2,shakespeare_char,60,train_eval,4.053569793701172,0.000603960396039604,0.031100991470950936,
2025-09-15 08:01:31,SGD_lr0.001_m0.0,SGD,2,shakespeare_char,60,val_eval,4.059868812561035,0.000603960396039604,0.031100991470950936,
2025-09-15 08:01:31,SGD_lr0.001_m0.0,SGD,2,shakespeare_char,60,train_iter,4.119237422943115,0.000603960396039604,0.03369560063815271,1224.7238159179688
2025-09-15 08:01:32,SGD_lr0.001_m0.9,SGD,2,shakespeare_char,200,train_eval,2.7179813385009766,0.0009990754267376514,0.03330628579975367,
2025-09-15 08:01:32,SGD_lr0.001_m0.9,SGD,2,shakespeare_char,200,val_eval,2.727492094039917,0.0009990754267376514,0.03330628579975367,
2025-09-15 08:01:33,SGD_lr0.001_m0.0,SGD,2,shakespeare_char,70,train_eval,3.9853453636169434,0.000702970297029703,0.03369560063815271,
2025-09-15 08:01:33,SGD_lr0.001_m0.0,SGD,2,shakespeare_char,70,val_eval,3.995129108428955,0.000702970297029703,0.03369560063815271,
2025-09-15 08:01:33,SGD_lr0.001_m0.0,SGD,2,shakespeare_char,70,train_iter,4.065946102142334,0.000702970297029703,0.03486989687721398,1537.6129150390625
2025-09-15 08:01:36,SGD_lr0.001_m0.0,SGD,2,shakespeare_char,80,train_eval,3.917819023132324,0.000801980198019802,0.03486989687721398,
2025-09-15 08:01:36,SGD_lr0.001_m0.0,SGD,2,shakespeare_char,80,val_eval,3.9252307415008545,0.000801980198019802,0.03486989687721398,
2025-09-15 08:01:36,SGD_lr0.001_m0.0,SGD,2,shakespeare_char,80,train_iter,4.004605770111084,0.000801980198019802,0.03367505794469305,3048.0945110321045
2025-09-15 08:01:39,SGD_lr0.001_m0.0,SGD,2,shakespeare_char,90,train_eval,3.8489580154418945,0.0009009900990099009,0.03367505794469305,
2025-09-15 08:01:39,SGD_lr0.001_m0.0,SGD,2,shakespeare_char,90,val_eval,3.859623908996582,0.0009009900990099009,0.03367505794469305,
2025-09-15 08:01:39,SGD_lr0.001_m0.0,SGD,2,shakespeare_char,90,train_iter,3.9243788719177246,0.0009009900990099009,0.03306370687832414,2534.9419116973877
2025-09-15 08:01:41,SGD_lr0.001_m0.0,SGD,2,shakespeare_char,100,train_eval,3.782804012298584,0.001,0.03306370687832414,
2025-09-15 08:01:41,SGD_lr0.001_m0.0,SGD,2,shakespeare_char,100,val_eval,3.7961785793304443,0.001,0.03306370687832414,
2025-09-15 08:05:37,SGD_lr0.001_m0.0,SGD,2,shakespeare_char,100,train_iter,3.888859510421753,0.001,0.029786718447630207,237786.09323501587
2025-09-15 08:05:38,SGD_lr0.001_m0.0,SGD,2,shakespeare_char,110,train_eval,3.7235851287841797,0.0009999907511312647,0.029786718447630207,
2025-09-15 08:05:38,SGD_lr0.001_m0.0,SGD,2,shakespeare_char,110,val_eval,3.738236904144287,0.0009999907511312647,0.029786718447630207,
2025-09-15 08:05:38,SGD_lr0.001_m0.0,SGD,2,shakespeare_char,110,train_iter,3.8401451110839844,0.0009999907511312647,0.030927011049374876,1696.2254047393799
2025-09-15 08:05:40,SGD_lr0.001_m0.0,SGD,2,shakespeare_char,120,train_eval,3.6741342544555664,0.0009999630049052437,0.030927011049374876,
2025-09-15 08:05:40,SGD_lr0.001_m0.0,SGD,2,shakespeare_char,120,val_eval,3.6895110607147217,0.0009999630049052437,0.030927011049374876,
2025-09-15 08:05:40,SGD_lr0.001_m0.0,SGD,2,shakespeare_char,120,train_iter,3.759530782699585,0.0009999630049052437,0.03206139580472437,1652.838945388794
2025-09-15 08:05:42,SGD_lr0.001_m0.0,SGD,2,shakespeare_char,130,train_eval,3.627200126647949,0.0009999167624624755,0.03206139580472437,
2025-09-15 08:05:42,SGD_lr0.001_m0.0,SGD,2,shakespeare_char,130,val_eval,3.6438097953796387,0.0009999167624624755,0.03206139580472437,
2025-09-15 08:05:42,SGD_lr0.001_m0.0,SGD,2,shakespeare_char,130,train_iter,3.722729444503784,0.0009999167624624755,0.03352562167523167,1495.9626197814941
2025-09-15 08:05:44,SGD_lr0.001_m0.0,SGD,2,shakespeare_char,140,train_eval,3.5879952907562256,0.000999852025703806,0.03352562167523167,
2025-09-15 08:05:44,SGD_lr0.001_m0.0,SGD,2,shakespeare_char,140,val_eval,3.607130527496338,0.000999852025703806,0.03352562167523167,
2025-09-15 08:05:44,SGD_lr0.001_m0.0,SGD,2,shakespeare_char,140,train_iter,3.667236804962158,0.000999852025703806,0.034033990365079585,1809.5874786376953
2025-09-15 08:05:45,SGD_lr0.001_m0.0,SGD,2,shakespeare_char,150,train_eval,3.5527188777923584,0.0009997687972903096,0.034033990365079585,
2025-09-15 08:05:45,SGD_lr0.001_m0.0,SGD,2,shakespeare_char,150,val_eval,3.5710034370422363,0.0009997687972903096,0.034033990365079585,
2025-09-15 08:05:45,SGD_lr0.001_m0.0,SGD,2,shakespeare_char,150,train_iter,3.6373965740203857,0.0009997687972903096,0.035248559637928764,1512.9363536834717
2025-09-15 08:05:47,SGD_lr0.001_m0.0,SGD,2,shakespeare_char,160,train_eval,3.5197436809539795,0.0009996670806431804,0.035248559637928764,
2025-09-15 08:05:47,SGD_lr0.001_m0.0,SGD,2,shakespeare_char,160,val_eval,3.545356512069702,0.0009996670806431804,0.035248559637928764,
2025-09-15 08:05:48,SGD_lr0.001_m0.0,SGD,2,shakespeare_char,160,train_iter,3.593106269836426,0.0009996670806431804,0.03466679918545185,2373.9264011383057
2025-09-15 08:05:50,SGD_lr0.001_m0.0,SGD,2,shakespeare_char,170,train_eval,3.493468999862671,0.0009995468799435915,0.03466679918545185,
2025-09-15 08:05:50,SGD_lr0.001_m0.0,SGD,2,shakespeare_char,170,val_eval,3.518559455871582,0.0009995468799435915,0.03466679918545185,
2025-09-15 08:05:50,SGD_lr0.001_m0.0,SGD,2,shakespeare_char,170,train_iter,3.5402991771698,0.0009995468799435915,0.03406590705536247,2437.9656314849854
2025-09-15 08:05:52,SGD_lr0.001_m0.0,SGD,2,shakespeare_char,180,train_eval,3.4643001556396484,0.000999408200132523,0.03406590705536247,
2025-09-15 08:05:52,SGD_lr0.001_m0.0,SGD,2,shakespeare_char,180,val_eval,3.492096185684204,0.000999408200132523,0.03406590705536247,
2025-09-15 08:05:52,SGD_lr0.001_m0.0,SGD,2,shakespeare_char,180,train_iter,3.5479559898376465,0.000999408200132523,0.03549694145671083,1444.2400932312012
2025-09-15 08:05:54,SGD_lr0.001_m0.0,SGD,2,shakespeare_char,190,train_eval,3.4469878673553467,0.0009992510469105584,0.03549694145671083,
2025-09-15 08:05:54,SGD_lr0.001_m0.0,SGD,2,shakespeare_char,190,val_eval,3.4794843196868896,0.0009992510469105584,0.03549694145671083,
2025-09-15 08:05:54,SGD_lr0.001_m0.0,SGD,2,shakespeare_char,190,train_iter,3.5201215744018555,0.0009992510469105584,0.0352796308201707,2096.605062484741
2025-09-15 08:05:57,SGD_lr0.001_m0.0,SGD,2,shakespeare_char,200,train_eval,3.4294354915618896,0.0009990754267376514,0.0352796308201707,
2025-09-15 08:05:57,SGD_lr0.001_m0.0,SGD,2,shakespeare_char,200,val_eval,3.455601453781128,0.0009990754267376514,0.0352796308201707,
2025-09-15 08:06:22,SGD_lr0.001_m0.95,SGD,2,shakespeare_char,0,train_iter,4.265802383422852,9.900990099009901e-06,,320257.2445869446
2025-09-15 08:06:24,SGD_lr0.001_m0.95,SGD,2,shakespeare_char,10,train_eval,4.228809356689453,0.0001089108910891089,,
2025-09-15 08:06:24,SGD_lr0.001_m0.95,SGD,2,shakespeare_char,10,val_eval,4.230148792266846,0.0001089108910891089,,
2025-09-15 08:06:25,SGD_lr0.001_m0.95,SGD,2,shakespeare_char,10,train_iter,4.2367048263549805,0.0001089108910891089,0.022448266670547088,3112.3526096343994
2025-09-15 08:06:28,SGD_lr0.001_m0.95,SGD,2,shakespeare_char,20,train_eval,4.033039093017578,0.00020792079207920794,0.022448266670547088,
2025-09-15 08:06:28,SGD_lr0.001_m0.95,SGD,2,shakespeare_char,20,val_eval,4.038328170776367,0.00020792079207920794,0.022448266670547088,
2025-09-15 08:06:28,SGD_lr0.001_m0.95,SGD,2,shakespeare_char,20,train_iter,4.093520164489746,0.00020792079207920794,0.022656757499227312,2847.8548526763916
2025-09-15 08:06:31,SGD_lr0.001_m0.95,SGD,2,shakespeare_char,30,train_eval,3.7689907550811768,0.00030693069306930693,0.022656757499227312,
2025-09-15 08:06:31,SGD_lr0.001_m0.95,SGD,2,shakespeare_char,30,val_eval,3.7832446098327637,0.00030693069306930693,0.022656757499227312,
2025-09-15 08:06:32,SGD_lr0.001_m0.95,SGD,2,shakespeare_char,30,train_iter,3.8566970825195312,0.00030693069306930693,0.022337549070150134,3589.4217491149902
2025-09-15 08:06:36,SGD_lr0.001_m0.95,SGD,2,shakespeare_char,40,train_eval,3.5875930786132812,0.000405940594059406,0.022337549070150134,
2025-09-15 08:06:36,SGD_lr0.001_m0.95,SGD,2,shakespeare_char,40,val_eval,3.6082985401153564,0.000405940594059406,0.022337549070150134,
2025-09-15 08:06:36,SGD_lr0.001_m0.95,SGD,2,shakespeare_char,40,train_iter,3.6013705730438232,0.000405940594059406,0.0217466320160305,4252.819061279297
2025-09-15 08:06:40,SGD_lr0.001_m0.95,SGD,2,shakespeare_char,50,train_eval,3.432068109512329,0.000504950495049505,0.0217466320160305,
2025-09-15 08:06:40,SGD_lr0.001_m0.95,SGD,2,shakespeare_char,50,val_eval,3.465991258621216,0.000504950495049505,0.0217466320160305,
2025-09-15 08:06:40,SGD_lr0.001_m0.95,SGD,2,shakespeare_char,50,train_iter,3.472198486328125,0.000504950495049505,0.021333365600381977,3966.5634632110596
2025-09-15 08:06:43,SGD_lr0.001_m0.95,SGD,2,shakespeare_char,60,train_eval,3.3460352420806885,0.000603960396039604,0.021333365600381977,
2025-09-15 08:06:43,SGD_lr0.001_m0.95,SGD,2,shakespeare_char,60,val_eval,3.3839197158813477,0.000603960396039604,0.021333365600381977,
2025-09-15 08:06:44,SGD_lr0.001_m0.95,SGD,2,shakespeare_char,60,train_iter,3.403019666671753,0.000603960396039604,0.021192222203953098,3507.035493850708
2025-09-15 08:06:47,SGD_lr0.001_m0.95,SGD,2,shakespeare_char,70,train_eval,3.2847554683685303,0.000702970297029703,0.021192222203953098,
2025-09-15 08:06:47,SGD_lr0.001_m0.95,SGD,2,shakespeare_char,70,val_eval,3.3241565227508545,0.000702970297029703,0.021192222203953098,
2025-09-15 08:06:48,SGD_lr0.001_m0.95,SGD,2,shakespeare_char,70,train_iter,3.3416996002197266,0.000702970297029703,0.020889663301786866,3845.8926677703857
2025-09-15 08:06:50,SGD_lr0.001_m0.9,SGD,2,shakespeare_char,200,train_iter,2.7797658443450928,0.0009990754267376514,0.02999749497748322,319936.33365631104
2025-09-15 08:06:50,SGD_lr0.001_m0.95,SGD,2,shakespeare_char,80,train_eval,3.224437952041626,0.000801980198019802,0.020889663301786866,
2025-09-15 08:06:50,SGD_lr0.001_m0.95,SGD,2,shakespeare_char,80,val_eval,3.253732204437256,0.000801980198019802,0.020889663301786866,
2025-09-15 08:06:50,SGD_lr0.001_m0.95,SGD,2,shakespeare_char,80,train_iter,3.2426977157592773,0.000801980198019802,0.021712043878519903,2399.8143672943115
2025-09-15 08:06:53,SGD_lr0.001_m0.95,SGD,2,shakespeare_char,90,train_eval,3.1243698596954346,0.0009009900990099009,0.021712043878519903,
2025-09-15 08:06:53,SGD_lr0.001_m0.95,SGD,2,shakespeare_char,90,val_eval,3.1551733016967773,0.0009009900990099009,0.021712043878519903,
2025-09-15 08:06:53,SGD_lr0.001_m0.95,SGD,2,shakespeare_char,90,train_iter,3.106264591217041,0.0009009900990099009,0.022022515750203264,2815.3116703033447
2025-09-15 08:06:57,SGD_lr0.001_m0.95,SGD,2,shakespeare_char,100,train_eval,3.0045526027679443,0.001,0.022022515750203264,
2025-09-15 08:06:57,SGD_lr0.001_m0.95,SGD,2,shakespeare_char,100,val_eval,3.034857988357544,0.001,0.022022515750203264,
2025-09-15 08:07:08,SGD_lr0.001_m0.95,SGD,2,shakespeare_char,0,train_eval,4.270771503448486,9.900990099009901e-06,,
2025-09-15 08:07:08,SGD_lr0.001_m0.95,SGD,2,shakespeare_char,0,val_eval,4.269772529602051,9.900990099009901e-06,,
2025-09-15 08:10:07,SGD_lr0.001_m0.0,SGD,2,shakespeare_char,200,train_iter,3.4620089530944824,0.0009990754267376514,0.03177935960548809,252301.22804641724
2025-09-15 08:10:23,SGD_lr0.001_m0.9,SGD,2,shakespeare_char,0,train_eval,4.270771503448486,9.900990099009901e-06,,
2025-09-15 08:10:23,SGD_lr0.001_m0.9,SGD,2,shakespeare_char,0,val_eval,4.269772529602051,9.900990099009901e-06,,
2025-09-15 08:11:29,SGD_lr0.001_m0.95,SGD,2,shakespeare_char,0,train_iter,4.265802383422852,9.900990099009901e-06,,265844.6991443634
2025-09-15 08:11:30,SGD_lr0.001_m0.95,SGD,2,shakespeare_char,10,train_eval,4.228809356689453,0.0001089108910891089,,
2025-09-15 08:11:30,SGD_lr0.001_m0.95,SGD,2,shakespeare_char,10,val_eval,4.230148792266846,0.0001089108910891089,,
2025-09-15 08:11:31,SGD_lr0.001_m0.95,SGD,2,shakespeare_char,10,train_iter,4.2367048263549805,0.0001089108910891089,0.03184458171363222,2193.9971446990967
2025-09-15 08:11:33,SGD_lr0.001_m0.95,SGD,2,shakespeare_char,20,train_eval,4.033039569854736,0.00020792079207920794,0.03184458171363222,
2025-09-15 08:11:33,SGD_lr0.001_m0.95,SGD,2,shakespeare_char,20,val_eval,4.03833532333374,0.00020792079207920794,0.03184458171363222,
2025-09-15 08:11:34,SGD_lr0.001_m0.95,SGD,2,shakespeare_char,20,train_iter,4.093505859375,0.00020792079207920794,0.031230064615980834,2718.6195850372314
2025-09-15 08:11:36,SGD_lr0.001_m0.95,SGD,2,shakespeare_char,30,train_eval,3.7689902782440186,0.00030693069306930693,0.031230064615980834,
2025-09-15 08:11:36,SGD_lr0.001_m0.95,SGD,2,shakespeare_char,30,val_eval,3.783240556716919,0.00030693069306930693,0.031230064615980834,
2025-09-15 08:11:36,SGD_lr0.001_m0.95,SGD,2,shakespeare_char,30,train_iter,3.856602430343628,0.00030693069306930693,0.03148074553350332,2070.936441421509
2025-09-15 08:11:38,SGD_lr0.001_m0.95,SGD,2,shakespeare_char,40,train_eval,3.587599277496338,0.000405940594059406,0.03148074553350332,
2025-09-15 08:11:38,SGD_lr0.001_m0.95,SGD,2,shakespeare_char,40,val_eval,3.608302354812622,0.000405940594059406,0.03148074553350332,
2025-09-15 08:11:38,SGD_lr0.001_m0.95,SGD,2,shakespeare_char,40,train_iter,3.6014227867126465,0.000405940594059406,0.031485953690859714,2215.688467025757
2025-09-15 08:11:40,SGD_lr0.001_m0.95,SGD,2,shakespeare_char,50,train_eval,3.4320693016052246,0.000504950495049505,0.031485953690859714,
2025-09-15 08:11:40,SGD_lr0.001_m0.95,SGD,2,shakespeare_char,50,val_eval,3.4659881591796875,0.000504950495049505,0.031485953690859714,
2025-09-15 08:11:40,SGD_lr0.001_m0.95,SGD,2,shakespeare_char,50,train_iter,3.472191333770752,0.000504950495049505,0.032453151382361274,1697.5324153900146
2025-09-15 08:11:42,SGD_lr0.001_m0.95,SGD,2,shakespeare_char,60,train_eval,3.346034049987793,0.000603960396039604,0.032453151382361274,
2025-09-15 08:11:42,SGD_lr0.001_m0.95,SGD,2,shakespeare_char,60,val_eval,3.383908748626709,0.000603960396039604,0.032453151382361274,
2025-09-15 08:11:42,SGD_lr0.001_m0.95,SGD,2,shakespeare_char,60,train_iter,3.402986526489258,0.000603960396039604,0.03264121710309069,2034.93070602417
2025-09-15 08:11:44,SGD_lr0.001_m0.95,SGD,2,shakespeare_char,70,train_eval,3.284757137298584,0.000702970297029703,0.03264121710309069,
2025-09-15 08:11:44,SGD_lr0.001_m0.95,SGD,2,shakespeare_char,70,val_eval,3.3241498470306396,0.000702970297029703,0.03264121710309069,
2025-09-15 08:11:44,SGD_lr0.001_m0.95,SGD,2,shakespeare_char,70,train_iter,3.3417434692382812,0.000702970297029703,0.0328702698959074,2000.0982284545898
2025-09-15 08:11:47,SGD_lr0.001_m0.95,SGD,2,shakespeare_char,80,train_eval,3.2244198322296143,0.000801980198019802,0.0328702698959074,
2025-09-15 08:11:47,SGD_lr0.001_m0.95,SGD,2,shakespeare_char,80,val_eval,3.2537152767181396,0.000801980198019802,0.0328702698959074,
2025-09-15 08:11:47,SGD_lr0.001_m0.95,SGD,2,shakespeare_char,80,train_iter,3.242706060409546,0.000801980198019802,0.032234005537057804,2635.7290744781494
2025-09-15 08:11:48,SGD_lr0.001_m0.95,SGD,2,shakespeare_char,90,train_eval,3.1243503093719482,0.0009009900990099009,0.032234005537057804,
2025-09-15 08:11:48,SGD_lr0.001_m0.95,SGD,2,shakespeare_char,90,val_eval,3.1551504135131836,0.0009009900990099009,0.032234005537057804,
2025-09-15 08:11:48,SGD_lr0.001_m0.95,SGD,2,shakespeare_char,90,train_iter,3.106149673461914,0.0009009900990099009,0.035486927620806054,1078.8054466247559
2025-09-15 08:11:49,SGD_lr0.001_m0.95,SGD,2,shakespeare_char,100,train_eval,3.0045347213745117,0.001,0.035486927620806054,
2025-09-15 08:11:49,SGD_lr0.001_m0.95,SGD,2,shakespeare_char,100,val_eval,3.0348458290100098,0.001,0.035486927620806054,
2025-09-15 08:12:11,SGD_lr0.001_m0.95,SGD,2,shakespeare_char,100,train_iter,3.0715508460998535,0.001,0.0198422666124873,317541.73588752747
2025-09-15 08:12:14,SGD_lr0.001_m0.95,SGD,2,shakespeare_char,110,train_eval,2.9296655654907227,0.0009999907511312647,0.0198422666124873,
2025-09-15 08:12:14,SGD_lr0.001_m0.95,SGD,2,shakespeare_char,110,val_eval,2.9568533897399902,0.0009999907511312647,0.0198422666124873,
2025-09-15 08:12:14,SGD_lr0.001_m0.95,SGD,2,shakespeare_char,110,train_iter,3.057631492614746,0.0009999907511312647,0.020097388735146323,3119.9660301208496
2025-09-15 08:12:16,SGD_lr0.001_m0.95,SGD,2,shakespeare_char,120,train_eval,2.864013910293579,0.0009999630049052437,0.020097388735146323,
2025-09-15 08:12:16,SGD_lr0.001_m0.95,SGD,2,shakespeare_char,120,val_eval,2.8826563358306885,0.0009999630049052437,0.020097388735146323,
2025-09-15 08:12:16,SGD_lr0.001_m0.95,SGD,2,shakespeare_char,120,train_iter,2.8829197883605957,0.0009999630049052437,0.022575442299789625,1556.821584701538
2025-09-15 08:12:17,SGD_lr0.001_m0.95,SGD,2,shakespeare_char,130,train_eval,2.7994179725646973,0.0009999167624624755,0.022575442299789625,
2025-09-15 08:12:17,SGD_lr0.001_m0.95,SGD,2,shakespeare_char,130,val_eval,2.818333387374878,0.0009999167624624755,0.022575442299789625,
2025-09-15 08:12:18,SGD_lr0.001_m0.95,SGD,2,shakespeare_char,130,train_iter,2.9147982597351074,0.0009999167624624755,0.024754289838261483,1574.8591423034668
2025-09-15 08:12:21,SGD_lr0.001_m0.95,SGD,2,shakespeare_char,140,train_eval,2.7612228393554688,0.000999852025703806,0.024754289838261483,
2025-09-15 08:12:21,SGD_lr0.001_m0.95,SGD,2,shakespeare_char,140,val_eval,2.774721145629883,0.000999852025703806,0.024754289838261483,
2025-09-15 08:12:22,SGD_lr0.001_m0.95,SGD,2,shakespeare_char,140,train_iter,2.813074827194214,0.000999852025703806,0.024080919989574946,3877.0604133605957
2025-09-15 08:12:25,SGD_lr0.001_m0.95,SGD,2,shakespeare_char,150,train_eval,2.724374771118164,0.0009997687972903096,0.024080919989574946,
2025-09-15 08:12:25,SGD_lr0.001_m0.95,SGD,2,shakespeare_char,150,val_eval,2.732937812805176,0.0009997687972903096,0.024080919989574946,
2025-09-15 08:12:26,SGD_lr0.001_m0.95,SGD,2,shakespeare_char,150,train_iter,2.7662715911865234,0.0009997687972903096,0.023313854768918688,4257.51256942749
2025-09-15 08:12:28,SGD_lr0.001_m0.95,SGD,2,shakespeare_char,160,train_eval,2.689469575881958,0.0009996670806431804,0.023313854768918688,
2025-09-15 08:12:28,SGD_lr0.001_m0.95,SGD,2,shakespeare_char,160,val_eval,2.7004354000091553,0.0009996670806431804,0.023313854768918688,
2025-09-15 08:12:29,SGD_lr0.001_m0.95,SGD,2,shakespeare_char,160,train_iter,2.71217679977417,0.0009996670806431804,0.023685867874714498,2584.4106674194336
2025-09-15 08:12:32,SGD_lr0.001_m0.95,SGD,2,shakespeare_char,170,train_eval,2.6680498123168945,0.0009995468799435915,0.023685867874714498,
2025-09-15 08:12:32,SGD_lr0.001_m0.95,SGD,2,shakespeare_char,170,val_eval,2.6743171215057373,0.0009995468799435915,0.023685867874714498,
2025-09-15 08:12:32,SGD_lr0.001_m0.95,SGD,2,shakespeare_char,170,train_iter,2.6744680404663086,0.0009995468799435915,0.023326214436815422,3477.811813354492
2025-09-15 08:12:35,SGD_lr0.001_m0.95,SGD,2,shakespeare_char,180,train_eval,2.641892194747925,0.000999408200132523,0.023326214436815422,
2025-09-15 08:12:35,SGD_lr0.001_m0.95,SGD,2,shakespeare_char,180,val_eval,2.6495065689086914,0.000999408200132523,0.023326214436815422,
2025-09-15 08:12:35,SGD_lr0.001_m0.95,SGD,2,shakespeare_char,180,train_iter,2.728030204772949,0.000999408200132523,0.023348491757444897,2966.8757915496826
2025-09-15 08:12:39,SGD_lr0.001_m0.95,SGD,2,shakespeare_char,190,train_eval,2.6317453384399414,0.0009992510469105584,0.023348491757444897,
2025-09-15 08:12:39,SGD_lr0.001_m0.95,SGD,2,shakespeare_char,190,val_eval,2.6408159732818604,0.0009992510469105584,0.023348491757444897,
2025-09-15 08:12:39,SGD_lr0.001_m0.95,SGD,2,shakespeare_char,190,train_iter,2.697774887084961,0.0009992510469105584,0.022979402127008105,3554.194688796997
2025-09-15 08:12:42,SGD_lr0.001_m0.95,SGD,2,shakespeare_char,200,train_eval,2.6185641288757324,0.0009990754267376514,0.022979402127008105,
2025-09-15 08:12:42,SGD_lr0.001_m0.95,SGD,2,shakespeare_char,200,val_eval,2.62038516998291,0.0009990754267376514,0.022979402127008105,
2025-09-15 08:14:48,SGD_lr0.001_m0.9,SGD,2,shakespeare_char,0,train_iter,4.265802383422852,9.900990099009901e-06,,271317.75856018066
2025-09-15 08:14:50,SGD_lr0.001_m0.9,SGD,2,shakespeare_char,10,train_eval,4.234838962554932,0.0001089108910891089,,
2025-09-15 08:14:50,SGD_lr0.001_m0.9,SGD,2,shakespeare_char,10,val_eval,4.236033916473389,0.0001089108910891089,,
2025-09-15 08:14:51,SGD_lr0.001_m0.9,SGD,2,shakespeare_char,10,train_iter,4.240842819213867,0.0001089108910891089,0.026736309620236237,2613.184928894043
2025-09-15 08:14:52,SGD_lr0.001_m0.9,SGD,2,shakespeare_char,20,train_eval,4.087523937225342,0.00020792079207920794,0.026736309620236237,
2025-09-15 08:14:52,SGD_lr0.001_m0.9,SGD,2,shakespeare_char,20,val_eval,4.0913496017456055,0.00020792079207920794,0.026736309620236237,
2025-09-15 08:14:52,SGD_lr0.001_m0.9,SGD,2,shakespeare_char,20,train_iter,4.134822368621826,0.00020792079207920794,0.029792190604973186,1219.4218635559082
2025-09-15 08:14:53,SGD_lr0.001_m0.9,SGD,2,shakespeare_char,30,train_eval,3.872526168823242,0.00030693069306930693,0.029792190604973186,
2025-09-15 08:14:53,SGD_lr0.001_m0.9,SGD,2,shakespeare_char,30,val_eval,3.8832149505615234,0.00030693069306930693,0.029792190604973186,
2025-09-15 08:14:54,SGD_lr0.001_m0.9,SGD,2,shakespeare_char,30,train_iter,3.962775707244873,0.00030693069306930693,0.03123267393717581,1580.806016921997
2025-09-15 08:14:56,SGD_lr0.001_m0.9,SGD,2,shakespeare_char,40,train_eval,3.689865827560425,0.000405940594059406,0.03123267393717581,
2025-09-15 08:14:56,SGD_lr0.001_m0.9,SGD,2,shakespeare_char,40,val_eval,3.706282138824463,0.000405940594059406,0.03123267393717581,
2025-09-15 08:14:56,SGD_lr0.001_m0.9,SGD,2,shakespeare_char,40,train_iter,3.7399706840515137,0.000405940594059406,0.03144477655517723,2094.7277545928955
2025-09-15 08:14:57,SGD_lr0.001_m0.9,SGD,2,shakespeare_char,50,train_eval,3.5393149852752686,0.000504950495049505,0.03144477655517723,
2025-09-15 08:14:57,SGD_lr0.001_m0.9,SGD,2,shakespeare_char,50,val_eval,3.5666351318359375,0.000504950495049505,0.03144477655517723,
2025-09-15 08:14:57,SGD_lr0.001_m0.9,SGD,2,shakespeare_char,50,train_iter,3.601261854171753,0.000504950495049505,0.03441595774831342,1142.4267292022705
2025-09-15 08:14:58,SGD_lr0.001_m0.9,SGD,2,shakespeare_char,60,train_eval,3.423816442489624,0.000603960396039604,0.03441595774831342,
2025-09-15 08:14:58,SGD_lr0.001_m0.9,SGD,2,shakespeare_char,60,val_eval,3.4560744762420654,0.000603960396039604,0.03441595774831342,
2025-09-15 08:14:58,SGD_lr0.001_m0.9,SGD,2,shakespeare_char,60,train_iter,3.4951634407043457,0.000603960396039604,0.03712482998467392,1135.9610557556152
2025-09-15 08:15:00,SGD_lr0.001_m0.9,SGD,2,shakespeare_char,70,train_eval,3.3470568656921387,0.000702970297029703,0.03712482998467392,
2025-09-15 08:15:00,SGD_lr0.001_m0.9,SGD,2,shakespeare_char,70,val_eval,3.3817756175994873,0.000702970297029703,0.03712482998467392,
2025-09-15 08:15:00,SGD_lr0.001_m0.9,SGD,2,shakespeare_char,70,train_iter,3.4146363735198975,0.000702970297029703,0.03719227929412227,1848.3643531799316
2025-09-15 08:15:02,SGD_lr0.001_m0.9,SGD,2,shakespeare_char,80,train_eval,3.292815923690796,0.000801980198019802,0.03719227929412227,
2025-09-15 08:15:02,SGD_lr0.001_m0.9,SGD,2,shakespeare_char,80,val_eval,3.3190698623657227,0.000801980198019802,0.03719227929412227,
2025-09-15 08:15:03,SGD_lr0.001_m0.9,SGD,2,shakespeare_char,80,train_iter,3.3213915824890137,0.000801980198019802,0.03659223649903106,2239.9094104766846
2025-09-15 08:15:04,SGD_lr0.001_m0.9,SGD,2,shakespeare_char,90,train_eval,3.2298593521118164,0.0009009900990099009,0.03659223649903106,
2025-09-15 08:15:04,SGD_lr0.001_m0.9,SGD,2,shakespeare_char,90,val_eval,3.261134147644043,0.0009009900990099009,0.03659223649903106,
2025-09-15 08:15:04,SGD_lr0.001_m0.9,SGD,2,shakespeare_char,90,train_iter,3.2136077880859375,0.0009009900990099009,0.0395424014849551,1057.0859909057617
2025-09-15 08:15:05,SGD_lr0.001_m0.9,SGD,2,shakespeare_char,100,train_eval,3.1430482864379883,0.001,0.0395424014849551,
2025-09-15 08:15:05,SGD_lr0.001_m0.9,SGD,2,shakespeare_char,100,val_eval,3.180851459503174,0.001,0.0395424014849551,
2025-09-15 08:16:30,SGD_lr0.001_m0.95,SGD,2,shakespeare_char,100,train_iter,3.071652889251709,0.001,0.03196301707931798,281923.5713481903
2025-09-15 08:16:32,SGD_lr0.001_m0.95,SGD,2,shakespeare_char,110,train_eval,2.929673671722412,0.0009999907511312647,0.03196301707931798,
2025-09-15 08:16:32,SGD_lr0.001_m0.95,SGD,2,shakespeare_char,110,val_eval,2.956855535507202,0.0009999907511312647,0.03196301707931798,
2025-09-15 08:16:32,SGD_lr0.001_m0.95,SGD,2,shakespeare_char,110,train_iter,3.0576577186584473,0.0009999907511312647,0.03211460788833765,2086.892604827881
2025-09-15 08:16:35,SGD_lr0.001_m0.95,SGD,2,shakespeare_char,120,train_eval,2.8640429973602295,0.0009999630049052437,0.03211460788833765,
2025-09-15 08:16:35,SGD_lr0.001_m0.95,SGD,2,shakespeare_char,120,val_eval,2.882697105407715,0.0009999630049052437,0.03211460788833765,
2025-09-15 08:16:36,SGD_lr0.001_m0.95,SGD,2,shakespeare_char,120,train_iter,2.8830907344818115,0.0009999630049052437,0.03125005290473553,2976.980209350586
2025-09-15 08:16:37,SGD_lr0.001_m0.95,SGD,2,shakespeare_char,130,train_eval,2.7994110584259033,0.0009999167624624755,0.03125005290473553,
2025-09-15 08:16:37,SGD_lr0.001_m0.95,SGD,2,shakespeare_char,130,val_eval,2.818319082260132,0.0009999167624624755,0.03125005290473553,
2025-09-15 08:16:37,SGD_lr0.001_m0.95,SGD,2,shakespeare_char,130,train_iter,2.9146881103515625,0.0009999167624624755,0.03417423800283375,1154.9797058105469
2025-09-15 08:16:39,SGD_lr0.001_m0.95,SGD,2,shakespeare_char,140,train_eval,2.7612476348876953,0.000999852025703806,0.03417423800283375,
2025-09-15 08:16:39,SGD_lr0.001_m0.95,SGD,2,shakespeare_char,140,val_eval,2.7747559547424316,0.000999852025703806,0.03417423800283375,
2025-09-15 08:16:39,SGD_lr0.001_m0.95,SGD,2,shakespeare_char,140,train_iter,2.8130815029144287,0.000999852025703806,0.033406348538105334,2636.950969696045
2025-09-15 08:16:40,SGD_lr0.001_m0.95,SGD,2,shakespeare_char,150,train_eval,2.724367618560791,0.0009997687972903096,0.033406348538105334,
2025-09-15 08:16:40,SGD_lr0.001_m0.95,SGD,2,shakespeare_char,150,val_eval,2.7329225540161133,0.0009997687972903096,0.033406348538105334,
2025-09-15 08:16:41,SGD_lr0.001_m0.95,SGD,2,shakespeare_char,150,train_iter,2.7663397789001465,0.0009997687972903096,0.035974401942839566,1182.4438571929932
2025-09-15 08:16:43,SGD_lr0.001_m0.95,SGD,2,shakespeare_char,160,train_eval,2.6894781589508057,0.0009996670806431804,0.035974401942839566,
2025-09-15 08:16:43,SGD_lr0.001_m0.95,SGD,2,shakespeare_char,160,val_eval,2.7004332542419434,0.0009996670806431804,0.035974401942839566,
2025-09-15 08:16:43,SGD_lr0.001_m0.95,SGD,2,shakespeare_char,160,train_iter,2.7121829986572266,0.0009996670806431804,0.035236058086046795,2443.671464920044
2025-09-15 08:16:44,SGD_lr0.001_m0.95,SGD,2,shakespeare_char,170,train_eval,2.668041467666626,0.0009995468799435915,0.035236058086046795,
2025-09-15 08:16:44,SGD_lr0.001_m0.95,SGD,2,shakespeare_char,170,val_eval,2.6743123531341553,0.0009995468799435915,0.035236058086046795,
2025-09-15 08:16:45,SGD_lr0.001_m0.95,SGD,2,shakespeare_char,170,train_iter,2.6744515895843506,0.0009995468799435915,0.03792078355827656,1125.3736019134521
2025-09-15 08:16:45,SGD_lr0.001_m0.95,SGD,2,shakespeare_char,180,train_eval,2.6418638229370117,0.000999408200132523,0.03792078355827656,
2025-09-15 08:16:45,SGD_lr0.001_m0.95,SGD,2,shakespeare_char,180,val_eval,2.6494641304016113,0.000999408200132523,0.03792078355827656,
2025-09-15 08:16:46,SGD_lr0.001_m0.95,SGD,2,shakespeare_char,180,train_iter,2.7280445098876953,0.000999408200132523,0.04050789294659103,1095.2322483062744
2025-09-15 08:16:47,SGD_lr0.001_m0.95,SGD,2,shakespeare_char,190,train_eval,2.6317367553710938,0.0009992510469105584,0.04050789294659103,
2025-09-15 08:16:47,SGD_lr0.001_m0.95,SGD,2,shakespeare_char,190,val_eval,2.64080810546875,0.0009992510469105584,0.04050789294659103,
2025-09-15 08:16:47,SGD_lr0.001_m0.95,SGD,2,shakespeare_char,190,train_iter,2.697848081588745,0.0009992510469105584,0.042957332184583065,1074.8379230499268
2025-09-15 08:16:49,SGD_lr0.001_m0.95,SGD,2,shakespeare_char,200,train_eval,2.6185436248779297,0.0009990754267376514,0.042957332184583065,
2025-09-15 08:16:49,SGD_lr0.001_m0.95,SGD,2,shakespeare_char,200,val_eval,2.6203854084014893,0.0009990754267376514,0.042957332184583065,
2025-09-15 08:17:57,SGD_lr0.001_m0.95,SGD,2,shakespeare_char,200,train_iter,2.6884799003601074,0.0009990754267376514,0.02070343837504383,317917.07587242126
2025-09-15 08:18:19,SGD_lr0.01_m0.0,SGD,2,shakespeare_char,0,train_eval,4.270771503448486,9.900990099009901e-06,,
2025-09-15 08:18:19,SGD_lr0.01_m0.0,SGD,2,shakespeare_char,0,val_eval,4.269772529602051,9.900990099009901e-06,,
2025-09-15 08:19:48,SGD_lr0.001_m0.9,SGD,2,shakespeare_char,100,train_iter,3.194636821746826,0.001,0.035612787730688183,283707.47542381287
2025-09-15 08:19:50,SGD_lr0.001_m0.9,SGD,2,shakespeare_char,110,train_eval,3.0543503761291504,0.0009999907511312647,0.035612787730688183,
2025-09-15 08:19:50,SGD_lr0.001_m0.9,SGD,2,shakespeare_char,110,val_eval,3.085905075073242,0.0009999907511312647,0.035612787730688183,
2025-09-15 08:19:50,SGD_lr0.001_m0.9,SGD,2,shakespeare_char,110,train_iter,3.1925888061523438,0.0009999907511312647,0.034812560823011436,2530.4458141326904
2025-09-15 08:19:53,SGD_lr0.001_m0.9,SGD,2,shakespeare_char,120,train_eval,2.9945452213287354,0.0009999630049052437,0.034812560823011436,
2025-09-15 08:19:53,SGD_lr0.001_m0.9,SGD,2,shakespeare_char,120,val_eval,3.0203168392181396,0.0009999630049052437,0.034812560823011436,
2025-09-15 08:19:53,SGD_lr0.001_m0.9,SGD,2,shakespeare_char,120,train_iter,3.037562131881714,0.0009999630049052437,0.033612017887975625,3063.380479812622
2025-09-15 08:19:56,SGD_lr0.001_m0.9,SGD,2,shakespeare_char,130,train_eval,2.9305155277252197,0.0009999167624624755,0.033612017887975625,
2025-09-15 08:19:56,SGD_lr0.001_m0.9,SGD,2,shakespeare_char,130,val_eval,2.9576876163482666,0.0009999167624624755,0.033612017887975625,
2025-09-15 08:19:57,SGD_lr0.001_m0.9,SGD,2,shakespeare_char,130,train_iter,3.053500175476074,0.0009999167624624755,0.032226637675307354,3536.0946655273438
2025-09-15 08:19:59,SGD_lr0.001_m0.9,SGD,2,shakespeare_char,140,train_eval,2.881002187728882,0.000999852025703806,0.032226637675307354,
2025-09-15 08:19:59,SGD_lr0.001_m0.9,SGD,2,shakespeare_char,140,val_eval,2.903911828994751,0.000999852025703806,0.032226637675307354,
2025-09-15 08:20:00,SGD_lr0.001_m0.9,SGD,2,shakespeare_char,140,train_iter,2.948948621749878,0.000999852025703806,0.03157842167510223,2713.860511779785
2025-09-15 08:20:02,SGD_lr0.001_m0.9,SGD,2,shakespeare_char,150,train_eval,2.848137140274048,0.0009997687972903096,0.03157842167510223,
2025-09-15 08:20:02,SGD_lr0.001_m0.9,SGD,2,shakespeare_char,150,val_eval,2.8679404258728027,0.0009997687972903096,0.03157842167510223,
2025-09-15 08:20:03,SGD_lr0.001_m0.9,SGD,2,shakespeare_char,150,train_iter,2.9073596000671387,0.0009997687972903096,0.030958117269147236,2753.3352375030518
2025-09-15 08:20:04,SGD_lr0.001_m0.9,SGD,2,shakespeare_char,160,train_eval,2.80839204788208,0.0009996670806431804,0.030958117269147236,
2025-09-15 08:20:04,SGD_lr0.001_m0.9,SGD,2,shakespeare_char,160,val_eval,2.8349106311798096,0.0009996670806431804,0.030958117269147236,
2025-09-15 08:20:04,SGD_lr0.001_m0.9,SGD,2,shakespeare_char,160,train_iter,2.8478400707244873,0.0009996670806431804,0.03321491495187033,1305.2871227264404
2025-09-15 08:20:06,SGD_lr0.001_m0.9,SGD,2,shakespeare_char,170,train_eval,2.788177251815796,0.0009995468799435915,0.03321491495187033,
2025-09-15 08:20:06,SGD_lr0.001_m0.9,SGD,2,shakespeare_char,170,val_eval,2.8083183765411377,0.0009995468799435915,0.03321491495187033,
2025-09-15 08:20:06,SGD_lr0.001_m0.9,SGD,2,shakespeare_char,170,train_iter,2.791532039642334,0.0009995468799435915,0.03340861088340149,1987.5731468200684
2025-09-15 08:20:08,SGD_lr0.001_m0.9,SGD,2,shakespeare_char,180,train_eval,2.7518179416656494,0.000999408200132523,0.03340861088340149,
2025-09-15 08:20:08,SGD_lr0.001_m0.9,SGD,2,shakespeare_char,180,val_eval,2.7732901573181152,0.000999408200132523,0.03340861088340149,
2025-09-15 08:20:08,SGD_lr0.001_m0.9,SGD,2,shakespeare_char,180,train_iter,2.849970579147339,0.000999408200132523,0.034745377863439196,1493.6399459838867
2025-09-15 08:20:09,SGD_lr0.001_m0.9,SGD,2,shakespeare_char,190,train_eval,2.7379255294799805,0.0009992510469105584,0.034745377863439196,
2025-09-15 08:20:09,SGD_lr0.001_m0.9,SGD,2,shakespeare_char,190,val_eval,2.7586724758148193,0.0009992510469105584,0.034745377863439196,
2025-09-15 08:20:10,SGD_lr0.001_m0.9,SGD,2,shakespeare_char,190,train_iter,2.8131260871887207,0.0009992510469105584,0.03508027008043385,1834.0518474578857
2025-09-15 08:20:11,SGD_lr0.001_m0.9,SGD,2,shakespeare_char,200,train_eval,2.717987060546875,0.0009990754267376514,0.03508027008043385,
2025-09-15 08:20:11,SGD_lr0.001_m0.9,SGD,2,shakespeare_char,200,val_eval,2.7274951934814453,0.0009990754267376514,0.03508027008043385,
2025-09-15 08:21:26,SGD_lr0.001_m0.95,SGD,2,shakespeare_char,200,train_iter,2.688368558883667,0.0009990754267376514,0.03868667690540533,278599.1327762604
2025-09-15 08:21:42,SGD_lr0.01_m0.0,SGD,2,shakespeare_char,0,train_eval,4.270771503448486,9.900990099009901e-06,,
2025-09-15 08:21:42,SGD_lr0.01_m0.0,SGD,2,shakespeare_char,0,val_eval,4.269772529602051,9.900990099009901e-06,,
2025-09-15 08:22:55,SGD_lr0.01_m0.0,SGD,2,shakespeare_char,0,train_iter,4.265802383422852,9.900990099009901e-06,,281675.0576496124
2025-09-15 08:22:58,SGD_lr0.01_m0.0,SGD,2,shakespeare_char,10,train_eval,4.263160228729248,0.0001089108910891089,,
2025-09-15 08:22:58,SGD_lr0.01_m0.0,SGD,2,shakespeare_char,10,val_eval,4.263652801513672,0.0001089108910891089,,
2025-09-15 08:22:58,SGD_lr0.01_m0.0,SGD,2,shakespeare_char,10,train_iter,4.260556221008301,0.0001089108910891089,0.024423773963313078,2860.6112003326416
2025-09-15 08:23:00,SGD_lr0.01_m0.0,SGD,2,shakespeare_char,20,train_eval,4.243582725524902,0.00020792079207920794,0.024423773963313078,
2025-09-15 08:23:00,SGD_lr0.01_m0.0,SGD,2,shakespeare_char,20,val_eval,4.243231296539307,0.00020792079207920794,0.024423773963313078,
2025-09-15 08:23:01,SGD_lr0.01_m0.0,SGD,2,shakespeare_char,20,train_iter,4.246522426605225,0.00020792079207920794,0.0247123576968828,2558.3271980285645
2025-09-15 08:23:02,SGD_lr0.01_m0.0,SGD,2,shakespeare_char,30,train_eval,4.212087631225586,0.00030693069306930693,0.0247123576968828,
2025-09-15 08:23:02,SGD_lr0.01_m0.0,SGD,2,shakespeare_char,30,val_eval,4.212050437927246,0.00030693069306930693,0.0247123576968828,
2025-09-15 08:23:02,SGD_lr0.01_m0.0,SGD,2,shakespeare_char,30,train_iter,4.230582237243652,0.00030693069306930693,0.027411392124973646,1351.320505142212
2025-09-15 08:23:04,SGD_lr0.01_m0.0,SGD,2,shakespeare_char,40,train_eval,4.168066501617432,0.000405940594059406,0.027411392124973646,
2025-09-15 08:23:04,SGD_lr0.01_m0.0,SGD,2,shakespeare_char,40,val_eval,4.170441150665283,0.000405940594059406,0.027411392124973646,
2025-09-15 08:23:04,SGD_lr0.01_m0.0,SGD,2,shakespeare_char,40,train_iter,4.190365314483643,0.000405940594059406,0.028119103480842365,2025.8030891418457
2025-09-15 08:23:08,SGD_lr0.01_m0.0,SGD,2,shakespeare_char,50,train_eval,4.1162614822387695,0.000504950495049505,0.028119103480842365,
2025-09-15 08:23:08,SGD_lr0.01_m0.0,SGD,2,shakespeare_char,50,val_eval,4.1193695068359375,0.000504950495049505,0.028119103480842365,
2025-09-15 08:23:08,SGD_lr0.01_m0.0,SGD,2,shakespeare_char,50,train_iter,4.153326988220215,0.000504950495049505,0.02728136125581952,3539.0563011169434
2025-09-15 08:23:11,SGD_lr0.01_m0.0,SGD,2,shakespeare_char,60,train_eval,4.053561687469482,0.000603960396039604,0.02728136125581952,
2025-09-15 08:23:11,SGD_lr0.01_m0.0,SGD,2,shakespeare_char,60,val_eval,4.059855937957764,0.000603960396039604,0.02728136125581952,
2025-09-15 08:23:11,SGD_lr0.01_m0.0,SGD,2,shakespeare_char,60,train_iter,4.119227886199951,0.000603960396039604,0.02673913555408011,3196.2389945983887
2025-09-15 08:23:14,SGD_lr0.01_m0.0,SGD,2,shakespeare_char,70,train_eval,3.9853453636169434,0.000702970297029703,0.02673913555408011,
2025-09-15 08:23:14,SGD_lr0.01_m0.0,SGD,2,shakespeare_char,70,val_eval,3.9951279163360596,0.000702970297029703,0.02673913555408011,
2025-09-15 08:23:14,SGD_lr0.01_m0.0,SGD,2,shakespeare_char,70,train_iter,4.06593132019043,0.000702970297029703,0.02688899003839833,2474.2443561553955
2025-09-15 08:23:16,SGD_lr0.01_m0.0,SGD,2,shakespeare_char,80,train_eval,3.917807102203369,0.000801980198019802,0.02688899003839833,
2025-09-15 08:23:16,SGD_lr0.01_m0.0,SGD,2,shakespeare_char,80,val_eval,3.925210952758789,0.000801980198019802,0.02688899003839833,
2025-09-15 08:23:16,SGD_lr0.01_m0.0,SGD,2,shakespeare_char,80,train_iter,4.004626750946045,0.000801980198019802,0.027084671985817554,2422.0821857452393
2025-09-15 08:23:19,SGD_lr0.01_m0.0,SGD,2,shakespeare_char,90,train_eval,3.848959445953369,0.0009009900990099009,0.027084671985817554,
2025-09-15 08:23:19,SGD_lr0.01_m0.0,SGD,2,shakespeare_char,90,val_eval,3.8596298694610596,0.0009009900990099009,0.027084671985817554,
2025-09-15 08:23:19,SGD_lr0.01_m0.0,SGD,2,shakespeare_char,90,train_iter,3.9243340492248535,0.0009009900990099009,0.02684635686554717,2828.44614982605
2025-09-15 08:23:22,SGD_lr0.01_m0.0,SGD,2,shakespeare_char,100,train_eval,3.7828075885772705,0.001,0.02684635686554717,
2025-09-15 08:23:22,SGD_lr0.01_m0.0,SGD,2,shakespeare_char,100,val_eval,3.7961738109588623,0.001,0.02684635686554717,
2025-09-15 08:23:40,SGD_lr0.001_m0.9,SGD,2,shakespeare_char,200,train_iter,2.7797775268554688,0.0009990754267376514,0.03160552259161396,209939.69559669495
2025-09-15 08:23:56,SGD_lr0.001_m0.95,SGD,2,shakespeare_char,0,train_eval,4.270771503448486,9.900990099009901e-06,,
2025-09-15 08:23:56,SGD_lr0.001_m0.95,SGD,2,shakespeare_char,0,val_eval,4.269772529602051,9.900990099009901e-06,,
2025-09-15 08:26:04,SGD_lr0.01_m0.0,SGD,2,shakespeare_char,0,train_iter,4.265802383422852,9.900990099009901e-06,,266940.0084018707
2025-09-15 08:26:06,SGD_lr0.01_m0.0,SGD,2,shakespeare_char,10,train_eval,4.263160228729248,0.0001089108910891089,,
2025-09-15 08:26:06,SGD_lr0.01_m0.0,SGD,2,shakespeare_char,10,val_eval,4.263652801513672,0.0001089108910891089,,
2025-09-15 08:26:06,SGD_lr0.01_m0.0,SGD,2,shakespeare_char,10,train_iter,4.260556221008301,0.0001089108910891089,0.046120187850286355,1514.888048171997
2025-09-15 08:26:07,SGD_lr0.01_m0.0,SGD,2,shakespeare_char,20,train_eval,4.243582725524902,0.00020792079207920794,0.046120187850286355,
2025-09-15 08:26:07,SGD_lr0.01_m0.0,SGD,2,shakespeare_char,20,val_eval,4.243231296539307,0.00020792079207920794,0.046120187850286355,
2025-09-15 08:26:07,SGD_lr0.01_m0.0,SGD,2,shakespeare_char,20,train_iter,4.246522426605225,0.00020792079207920794,0.04734226438995048,1197.5622177124023
2025-09-15 08:26:08,SGD_lr0.01_m0.0,SGD,2,shakespeare_char,30,train_eval,4.212087631225586,0.00030693069306930693,0.04734226438995048,
2025-09-15 08:26:08,SGD_lr0.01_m0.0,SGD,2,shakespeare_char,30,val_eval,4.212049961090088,0.00030693069306930693,0.04734226438995048,
2025-09-15 08:26:08,SGD_lr0.01_m0.0,SGD,2,shakespeare_char,30,train_iter,4.230582237243652,0.00030693069306930693,0.04900274565110482,1092.574119567871
2025-09-15 08:26:10,SGD_lr0.01_m0.0,SGD,2,shakespeare_char,40,train_eval,4.168062210083008,0.000405940594059406,0.04900274565110482,
2025-09-15 08:26:10,SGD_lr0.01_m0.0,SGD,2,shakespeare_char,40,val_eval,4.170440673828125,0.000405940594059406,0.04900274565110482,
2025-09-15 08:26:10,SGD_lr0.01_m0.0,SGD,2,shakespeare_char,40,train_iter,4.190298557281494,0.000405940594059406,0.04866706519753914,1530.6272506713867
2025-09-15 08:26:11,SGD_lr0.01_m0.0,SGD,2,shakespeare_char,50,train_eval,4.116250991821289,0.000504950495049505,0.04866706519753914,
2025-09-15 08:26:11,SGD_lr0.01_m0.0,SGD,2,shakespeare_char,50,val_eval,4.119364261627197,0.000504950495049505,0.04866706519753914,
2025-09-15 08:26:11,SGD_lr0.01_m0.0,SGD,2,shakespeare_char,50,train_iter,4.153299808502197,0.000504950495049505,0.04964068158423029,1196.2852478027344
2025-09-15 08:26:13,SGD_lr0.01_m0.0,SGD,2,shakespeare_char,60,train_eval,4.053567409515381,0.000603960396039604,0.04964068158423029,
2025-09-15 08:26:13,SGD_lr0.01_m0.0,SGD,2,shakespeare_char,60,val_eval,4.059860706329346,0.000603960396039604,0.04964068158423029,
2025-09-15 08:26:13,SGD_lr0.01_m0.0,SGD,2,shakespeare_char,60,train_iter,4.1192474365234375,0.000603960396039604,0.049065972065619634,1591.7341709136963
2025-09-15 08:26:13,SGD_lr0.01_m0.0,SGD,2,shakespeare_char,100,train_iter,3.888840436935425,0.001,0.024201910889434148,173842.80848503113
2025-09-15 08:26:14,SGD_lr0.01_m0.0,SGD,2,shakespeare_char,70,train_eval,3.9853405952453613,0.000702970297029703,0.049065972065619634,
2025-09-15 08:26:14,SGD_lr0.01_m0.0,SGD,2,shakespeare_char,70,val_eval,3.9951236248016357,0.000702970297029703,0.049065972065619634,
2025-09-15 08:26:14,SGD_lr0.01_m0.0,SGD,2,shakespeare_char,70,train_iter,4.065896034240723,0.000702970297029703,0.050737619599360115,1062.0906352996826
2025-09-15 08:26:15,SGD_lr0.01_m0.0,SGD,2,shakespeare_char,110,train_eval,3.72358775138855,0.0009999907511312647,0.024201910889434148,
2025-09-15 08:26:15,SGD_lr0.01_m0.0,SGD,2,shakespeare_char,110,val_eval,3.7382454872131348,0.0009999907511312647,0.024201910889434148,
2025-09-15 08:26:15,SGD_lr0.01_m0.0,SGD,2,shakespeare_char,80,train_eval,3.9178125858306885,0.000801980198019802,0.050737619599360115,
2025-09-15 08:26:15,SGD_lr0.01_m0.0,SGD,2,shakespeare_char,80,val_eval,3.925222873687744,0.000801980198019802,0.050737619599360115,
2025-09-15 08:26:15,SGD_lr0.01_m0.0,SGD,2,shakespeare_char,80,train_iter,4.004605293273926,0.000801980198019802,0.052827821982849785,975.255012512207
2025-09-15 08:26:15,SGD_lr0.01_m0.0,SGD,2,shakespeare_char,110,train_iter,3.84010648727417,0.0009999907511312647,0.025881244811009046,1704.2686939239502
2025-09-15 08:26:16,SGD_lr0.01_m0.0,SGD,2,shakespeare_char,90,train_eval,3.8489623069763184,0.0009009900990099009,0.052827821982849785,
2025-09-15 08:26:16,SGD_lr0.01_m0.0,SGD,2,shakespeare_char,90,val_eval,3.8596270084381104,0.0009009900990099009,0.052827821982849785,
2025-09-15 08:26:16,SGD_lr0.01_m0.0,SGD,2,shakespeare_char,90,train_iter,3.924379348754883,0.0009009900990099009,0.05473599758235788,971.5940952301025
2025-09-15 08:26:17,SGD_lr0.01_m0.0,SGD,2,shakespeare_char,100,train_eval,3.7828009128570557,0.001,0.05473599758235788,
2025-09-15 08:26:17,SGD_lr0.01_m0.0,SGD,2,shakespeare_char,100,val_eval,3.796170711517334,0.001,0.05473599758235788,
2025-09-15 08:26:17,SGD_lr0.01_m0.0,SGD,2,shakespeare_char,120,train_eval,3.6741280555725098,0.0009999630049052437,0.025881244811009046,
2025-09-15 08:26:17,SGD_lr0.01_m0.0,SGD,2,shakespeare_char,120,val_eval,3.6895036697387695,0.0009999630049052437,0.025881244811009046,
2025-09-15 08:26:18,SGD_lr0.01_m0.0,SGD,2,shakespeare_char,120,train_iter,3.759521007537842,0.0009999630049052437,0.02615523725530717,2441.0924911499023
2025-09-15 08:26:20,SGD_lr0.01_m0.0,SGD,2,shakespeare_char,130,train_eval,3.6271960735321045,0.0009999167624624755,0.02615523725530717,
2025-09-15 08:26:20,SGD_lr0.01_m0.0,SGD,2,shakespeare_char,130,val_eval,3.6437995433807373,0.0009999167624624755,0.02615523725530717,
2025-09-15 08:26:20,SGD_lr0.01_m0.0,SGD,2,shakespeare_char,130,train_iter,3.7227911949157715,0.0009999167624624755,0.027049638481158236,1990.5531406402588
2025-09-15 08:26:22,SGD_lr0.01_m0.0,SGD,2,shakespeare_char,140,train_eval,3.5880093574523926,0.000999852025703806,0.027049638481158236,
2025-09-15 08:26:22,SGD_lr0.01_m0.0,SGD,2,shakespeare_char,140,val_eval,3.607133150100708,0.000999852025703806,0.027049638481158236,
2025-09-15 08:26:22,SGD_lr0.01_m0.0,SGD,2,shakespeare_char,140,train_iter,3.6672325134277344,0.000999852025703806,0.027144672298800555,2495.2492713928223
2025-09-15 08:26:25,SGD_lr0.01_m0.0,SGD,2,shakespeare_char,150,train_eval,3.552729606628418,0.0009997687972903096,0.027144672298800555,
2025-09-15 08:26:25,SGD_lr0.01_m0.0,SGD,2,shakespeare_char,150,val_eval,3.5710079669952393,0.0009997687972903096,0.027144672298800555,
2025-09-15 08:26:25,SGD_lr0.01_m0.0,SGD,2,shakespeare_char,150,train_iter,3.637371778488159,0.0009997687972903096,0.027337912701563383,2402.817964553833
2025-09-15 08:26:26,SGD_lr0.01_m0.0,SGD,2,shakespeare_char,160,train_eval,3.5197417736053467,0.0009996670806431804,0.027337912701563383,
2025-09-15 08:26:26,SGD_lr0.01_m0.0,SGD,2,shakespeare_char,160,val_eval,3.5453600883483887,0.0009996670806431804,0.027337912701563383,
2025-09-15 08:26:27,SGD_lr0.01_m0.0,SGD,2,shakespeare_char,160,train_iter,3.5930018424987793,0.0009996670806431804,0.02865876763811187,1723.1323719024658
2025-09-15 08:26:29,SGD_lr0.01_m0.0,SGD,2,shakespeare_char,170,train_eval,3.493467330932617,0.0009995468799435915,0.02865876763811187,
2025-09-15 08:26:29,SGD_lr0.01_m0.0,SGD,2,shakespeare_char,170,val_eval,3.518550395965576,0.0009995468799435915,0.02865876763811187,
2025-09-15 08:26:29,SGD_lr0.01_m0.0,SGD,2,shakespeare_char,170,train_iter,3.540264129638672,0.0009995468799435915,0.028797647614036,2325.2105712890625
2025-09-15 08:26:31,SGD_lr0.01_m0.0,SGD,2,shakespeare_char,180,train_eval,3.4643044471740723,0.000999408200132523,0.028797647614036,
2025-09-15 08:26:31,SGD_lr0.01_m0.0,SGD,2,shakespeare_char,180,val_eval,3.4921047687530518,0.000999408200132523,0.028797647614036,
2025-09-15 08:26:31,SGD_lr0.01_m0.0,SGD,2,shakespeare_char,180,train_iter,3.548011302947998,0.000999408200132523,0.02900761430381363,2261.2619400024414
2025-09-15 08:26:34,SGD_lr0.01_m0.0,SGD,2,shakespeare_char,190,train_eval,3.446990966796875,0.0009992510469105584,0.02900761430381363,
2025-09-15 08:26:34,SGD_lr0.01_m0.0,SGD,2,shakespeare_char,190,val_eval,3.4794886112213135,0.0009992510469105584,0.02900761430381363,
2025-09-15 08:26:34,SGD_lr0.01_m0.0,SGD,2,shakespeare_char,190,train_iter,3.5200934410095215,0.0009992510469105584,0.028546679876863115,2863.6014461517334
2025-09-15 08:26:37,SGD_lr0.01_m0.0,SGD,2,shakespeare_char,200,train_eval,3.4294512271881104,0.0009990754267376514,0.028546679876863115,
2025-09-15 08:26:37,SGD_lr0.01_m0.0,SGD,2,shakespeare_char,200,val_eval,3.4556100368499756,0.0009990754267376514,0.028546679876863115,
2025-09-15 08:26:46,SGD_lr0.001_m0.95,SGD,2,shakespeare_char,0,train_iter,4.265802383422852,9.900990099009901e-06,,174540.55309295654
2025-09-15 08:26:48,SGD_lr0.001_m0.95,SGD,2,shakespeare_char,10,train_eval,4.228809356689453,0.0001089108910891089,,
2025-09-15 08:26:48,SGD_lr0.001_m0.95,SGD,2,shakespeare_char,10,val_eval,4.230148792266846,0.0001089108910891089,,
2025-09-15 08:26:49,SGD_lr0.001_m0.95,SGD,2,shakespeare_char,10,train_iter,4.2367048263549805,0.0001089108910891089,0.031316833859580624,2230.9701442718506
2025-09-15 08:26:51,SGD_lr0.001_m0.95,SGD,2,shakespeare_char,20,train_eval,4.033039569854736,0.00020792079207920794,0.031316833859580624,
2025-09-15 08:26:51,SGD_lr0.001_m0.95,SGD,2,shakespeare_char,20,val_eval,4.038336753845215,0.00020792079207920794,0.031316833859580624,
2025-09-15 08:26:51,SGD_lr0.001_m0.95,SGD,2,shakespeare_char,20,train_iter,4.09358024597168,0.00020792079207920794,0.03147378044228218,2124.4993209838867
2025-09-15 08:26:53,SGD_lr0.001_m0.95,SGD,2,shakespeare_char,30,train_eval,3.7689895629882812,0.00030693069306930693,0.03147378044228218,
2025-09-15 08:26:53,SGD_lr0.001_m0.95,SGD,2,shakespeare_char,30,val_eval,3.7832448482513428,0.00030693069306930693,0.03147378044228218,
2025-09-15 08:26:53,SGD_lr0.001_m0.95,SGD,2,shakespeare_char,30,train_iter,3.856635093688965,0.00030693069306930693,0.0316157230254262,2124.0532398223877
2025-09-15 08:26:55,SGD_lr0.001_m0.95,SGD,2,shakespeare_char,40,train_eval,3.587617874145508,0.000405940594059406,0.0316157230254262,
2025-09-15 08:26:55,SGD_lr0.001_m0.95,SGD,2,shakespeare_char,40,val_eval,3.6083104610443115,0.000405940594059406,0.0316157230254262,
2025-09-15 08:26:56,SGD_lr0.001_m0.95,SGD,2,shakespeare_char,40,train_iter,3.601424217224121,0.000405940594059406,0.03128719696843256,2466.1412239074707
2025-09-15 08:26:57,SGD_lr0.001_m0.95,SGD,2,shakespeare_char,50,train_eval,3.432074546813965,0.000504950495049505,0.03128719696843256,
2025-09-15 08:26:57,SGD_lr0.001_m0.95,SGD,2,shakespeare_char,50,val_eval,3.4659924507141113,0.000504950495049505,0.03128719696843256,
2025-09-15 08:26:58,SGD_lr0.001_m0.95,SGD,2,shakespeare_char,50,train_iter,3.472139835357666,0.000504950495049505,0.03227954439645857,1695.3599452972412
2025-09-15 08:26:59,SGD_lr0.001_m0.95,SGD,2,shakespeare_char,60,train_eval,3.3460381031036377,0.000603960396039604,0.03227954439645857,
2025-09-15 08:26:59,SGD_lr0.001_m0.95,SGD,2,shakespeare_char,60,val_eval,3.383899211883545,0.000603960396039604,0.03227954439645857,
2025-09-15 08:27:00,SGD_lr0.001_m0.95,SGD,2,shakespeare_char,60,train_iter,3.4030606746673584,0.000603960396039604,0.03231238887636876,2142.632007598877
2025-09-15 08:27:01,SGD_lr0.001_m0.95,SGD,2,shakespeare_char,70,train_eval,3.2847681045532227,0.000702970297029703,0.03231238887636876,
2025-09-15 08:27:01,SGD_lr0.001_m0.95,SGD,2,shakespeare_char,70,val_eval,3.324162483215332,0.000702970297029703,0.03231238887636876,
2025-09-15 08:27:02,SGD_lr0.001_m0.95,SGD,2,shakespeare_char,70,train_iter,3.341665267944336,0.000702970297029703,0.03267817532674879,1942.3527717590332
2025-09-15 08:27:04,SGD_lr0.001_m0.95,SGD,2,shakespeare_char,80,train_eval,3.224428176879883,0.000801980198019802,0.03267817532674879,
2025-09-15 08:27:04,SGD_lr0.001_m0.95,SGD,2,shakespeare_char,80,val_eval,3.2537240982055664,0.000801980198019802,0.03267817532674879,
2025-09-15 08:27:04,SGD_lr0.001_m0.95,SGD,2,shakespeare_char,80,train_iter,3.242748737335205,0.000801980198019802,0.03238459492264327,2349.0703105926514
2025-09-15 08:27:06,SGD_lr0.001_m0.95,SGD,2,shakespeare_char,90,train_eval,3.12436580657959,0.0009009900990099009,0.03238459492264327,
2025-09-15 08:27:06,SGD_lr0.001_m0.95,SGD,2,shakespeare_char,90,val_eval,3.155165433883667,0.0009009900990099009,0.03238459492264327,
2025-09-15 08:27:07,SGD_lr0.001_m0.95,SGD,2,shakespeare_char,90,train_iter,3.1062445640563965,0.0009009900990099009,0.03241877204595334,2134.8817348480225
2025-09-15 08:27:08,SGD_lr0.001_m0.95,SGD,2,shakespeare_char,100,train_eval,3.0045690536499023,0.001,0.03241877204595334,
2025-09-15 08:27:08,SGD_lr0.001_m0.95,SGD,2,shakespeare_char,100,val_eval,3.0348639488220215,0.001,0.03241877204595334,
2025-09-15 08:28:25,SGD_lr0.01_m0.0,SGD,2,shakespeare_char,200,train_iter,3.4619274139404297,0.0009990754267376514,0.02575530898796983,110379.34231758118
2025-09-15 08:28:37,SGD_lr0.01_m0.0,SGD,2,shakespeare_char,100,train_iter,3.8889355659484863,0.001,0.0493121801271662,140344.89583969116
2025-09-15 08:28:38,SGD_lr0.01_m0.0,SGD,2,shakespeare_char,110,train_eval,3.7235960960388184,0.0009999907511312647,0.0493121801271662,
2025-09-15 08:28:38,SGD_lr0.01_m0.0,SGD,2,shakespeare_char,110,val_eval,3.738246440887451,0.0009999907511312647,0.0493121801271662,
2025-09-15 08:28:38,SGD_lr0.01_m0.0,SGD,2,shakespeare_char,110,train_iter,3.8400635719299316,0.0009999907511312647,0.05003452507540276,1235.8033657073975
2025-09-15 08:28:39,SGD_lr0.01_m0.0,SGD,2,shakespeare_char,120,train_eval,3.6741271018981934,0.0009999630049052437,0.05003452507540276,
2025-09-15 08:28:39,SGD_lr0.01_m0.0,SGD,2,shakespeare_char,120,val_eval,3.689506769180298,0.0009999630049052437,0.05003452507540276,
2025-09-15 08:28:39,SGD_lr0.01_m0.0,SGD,2,shakespeare_char,120,train_iter,3.759472608566284,0.0009999630049052437,0.049938684170330774,1423.6440658569336
2025-09-15 08:28:40,SGD_lr0.01_m0.9,SGD,2,shakespeare_char,0,train_eval,4.270771503448486,9.900990099009901e-06,,
2025-09-15 08:28:40,SGD_lr0.01_m0.9,SGD,2,shakespeare_char,0,val_eval,4.269772529602051,9.900990099009901e-06,,
2025-09-15 08:28:40,SGD_lr0.01_m0.0,SGD,2,shakespeare_char,130,train_eval,3.627194881439209,0.0009999167624624755,0.049938684170330774,
2025-09-15 08:28:40,SGD_lr0.01_m0.0,SGD,2,shakespeare_char,130,val_eval,3.643800735473633,0.0009999167624624755,0.049938684170330774,
2025-09-15 08:28:40,SGD_lr0.01_m0.0,SGD,2,shakespeare_char,130,train_iter,3.7226855754852295,0.0009999167624624755,0.0519495311145091,997.4269866943359
2025-09-15 08:28:42,SGD_lr0.01_m0.0,SGD,2,shakespeare_char,140,train_eval,3.587998628616333,0.000999852025703806,0.0519495311145091,
2025-09-15 08:28:42,SGD_lr0.01_m0.0,SGD,2,shakespeare_char,140,val_eval,3.607137441635132,0.000999852025703806,0.0519495311145091,
2025-09-15 08:28:42,SGD_lr0.01_m0.0,SGD,2,shakespeare_char,140,train_iter,3.667215347290039,0.000999852025703806,0.051676847942661294,1419.4045066833496
2025-09-15 08:28:43,SGD_lr0.01_m0.0,SGD,2,shakespeare_char,150,train_eval,3.552730083465576,0.0009997687972903096,0.051676847942661294,
2025-09-15 08:28:43,SGD_lr0.01_m0.0,SGD,2,shakespeare_char,150,val_eval,3.571011543273926,0.0009997687972903096,0.051676847942661294,
2025-09-15 08:28:43,SGD_lr0.01_m0.0,SGD,2,shakespeare_char,150,train_iter,3.6373910903930664,0.0009997687972903096,0.05166100058422858,1356.1553955078125
2025-09-15 08:28:44,SGD_lr0.01_m0.0,SGD,2,shakespeare_char,160,train_eval,3.519747018814087,0.0009996670806431804,0.05166100058422858,
2025-09-15 08:28:44,SGD_lr0.01_m0.0,SGD,2,shakespeare_char,160,val_eval,3.5453619956970215,0.0009996670806431804,0.05166100058422858,
2025-09-15 08:28:44,SGD_lr0.01_m0.0,SGD,2,shakespeare_char,160,train_iter,3.593052625656128,0.0009996670806431804,0.05357047288563818,987.438440322876
2025-09-15 08:28:45,SGD_lr0.01_m0.0,SGD,2,shakespeare_char,170,train_eval,3.4934706687927246,0.0009995468799435915,0.05357047288563818,
2025-09-15 08:28:45,SGD_lr0.01_m0.0,SGD,2,shakespeare_char,170,val_eval,3.5185577869415283,0.0009995468799435915,0.05357047288563818,
2025-09-15 08:28:46,SGD_lr0.01_m0.0,SGD,2,shakespeare_char,170,train_iter,3.5402400493621826,0.0009995468799435915,0.05532663343196063,982.2139739990234
2025-09-15 08:28:46,SGD_lr0.01_m0.0,SGD,2,shakespeare_char,180,train_eval,3.4643020629882812,0.000999408200132523,0.05532663343196063,
2025-09-15 08:28:46,SGD_lr0.01_m0.0,SGD,2,shakespeare_char,180,val_eval,3.49208927154541,0.000999408200132523,0.05532663343196063,
2025-09-15 08:28:47,SGD_lr0.01_m0.0,SGD,2,shakespeare_char,180,train_iter,3.547891139984131,0.000999408200132523,0.05713251964629064,952.0535469055176
2025-09-15 08:28:47,SGD_lr0.01_m0.0,SGD,2,shakespeare_char,190,train_eval,3.4469852447509766,0.0009992510469105584,0.05713251964629064,
2025-09-15 08:28:47,SGD_lr0.01_m0.0,SGD,2,shakespeare_char,190,val_eval,3.479489803314209,0.0009992510469105584,0.05713251964629064,
2025-09-15 08:28:48,SGD_lr0.01_m0.0,SGD,2,shakespeare_char,190,train_iter,3.5200936794281006,0.0009992510469105584,0.05863867146392787,967.7658081054688
2025-09-15 08:28:49,SGD_lr0.01_m0.0,SGD,2,shakespeare_char,200,train_eval,3.42946195602417,0.0009990754267376514,0.05863867146392787,
2025-09-15 08:28:49,SGD_lr0.01_m0.0,SGD,2,shakespeare_char,200,val_eval,3.4556217193603516,0.0009990754267376514,0.05863867146392787,
2025-09-15 08:29:37,SGD_lr0.001_m0.95,SGD,2,shakespeare_char,100,train_iter,3.0716910362243652,0.001,0.029223488797023457,149948.46510887146
2025-09-15 08:29:38,SGD_lr0.001_m0.95,SGD,2,shakespeare_char,110,train_eval,2.9296813011169434,0.0009999907511312647,0.029223488797023457,
2025-09-15 08:29:38,SGD_lr0.001_m0.95,SGD,2,shakespeare_char,110,val_eval,2.956862449645996,0.0009999907511312647,0.029223488797023457,
2025-09-15 08:29:39,SGD_lr0.001_m0.95,SGD,2,shakespeare_char,110,train_iter,3.0576436519622803,0.0009999907511312647,0.02989713679579383,1942.9082870483398
2025-09-15 08:29:41,SGD_lr0.001_m0.95,SGD,2,shakespeare_char,120,train_eval,2.8640027046203613,0.0009999630049052437,0.02989713679579383,
2025-09-15 08:29:41,SGD_lr0.001_m0.95,SGD,2,shakespeare_char,120,val_eval,2.8826520442962646,0.0009999630049052437,0.02989713679579383,
2025-09-15 08:29:41,SGD_lr0.001_m0.95,SGD,2,shakespeare_char,120,train_iter,2.88293719291687,0.0009999630049052437,0.029963619740522578,2286.074161529541
2025-09-15 08:29:43,SGD_lr0.001_m0.95,SGD,2,shakespeare_char,130,train_eval,2.7994048595428467,0.0009999167624624755,0.029963619740522578,
2025-09-15 08:29:43,SGD_lr0.001_m0.95,SGD,2,shakespeare_char,130,val_eval,2.8183233737945557,0.0009999167624624755,0.029963619740522578,
2025-09-15 08:29:44,SGD_lr0.001_m0.95,SGD,2,shakespeare_char,130,train_iter,2.914668560028076,0.0009999167624624755,0.02976698230361278,2495.492696762085
2025-09-15 08:29:46,SGD_lr0.001_m0.95,SGD,2,shakespeare_char,140,train_eval,2.761233329772949,0.000999852025703806,0.02976698230361278,
2025-09-15 08:29:46,SGD_lr0.001_m0.95,SGD,2,shakespeare_char,140,val_eval,2.7747411727905273,0.000999852025703806,0.02976698230361278,
2025-09-15 08:29:46,SGD_lr0.001_m0.95,SGD,2,shakespeare_char,140,train_iter,2.813140869140625,0.000999852025703806,0.02963357841457092,2457.2525024414062
2025-09-15 08:29:49,SGD_lr0.001_m0.95,SGD,2,shakespeare_char,150,train_eval,2.724356174468994,0.0009997687972903096,0.02963357841457092,
2025-09-15 08:29:49,SGD_lr0.001_m0.95,SGD,2,shakespeare_char,150,val_eval,2.732908010482788,0.0009997687972903096,0.02963357841457092,
2025-09-15 08:29:49,SGD_lr0.001_m0.95,SGD,2,shakespeare_char,150,train_iter,2.7663097381591797,0.0009997687972903096,0.02908958389120375,2887.8226280212402
2025-09-15 08:29:51,SGD_lr0.001_m0.95,SGD,2,shakespeare_char,160,train_eval,2.6894779205322266,0.0009996670806431804,0.02908958389120375,
2025-09-15 08:29:51,SGD_lr0.001_m0.95,SGD,2,shakespeare_char,160,val_eval,2.700424909591675,0.0009996670806431804,0.02908958389120375,
2025-09-15 08:29:52,SGD_lr0.001_m0.95,SGD,2,shakespeare_char,160,train_iter,2.712104320526123,0.0009996670806431804,0.029048714365524413,2436.009645462036
2025-09-15 08:29:54,SGD_lr0.001_m0.95,SGD,2,shakespeare_char,170,train_eval,2.6680471897125244,0.0009995468799435915,0.029048714365524413,
2025-09-15 08:29:54,SGD_lr0.001_m0.95,SGD,2,shakespeare_char,170,val_eval,2.674314498901367,0.0009995468799435915,0.029048714365524413,
2025-09-15 08:29:54,SGD_lr0.001_m0.95,SGD,2,shakespeare_char,170,train_iter,2.6743693351745605,0.0009995468799435915,0.029257473158725383,2243.905544281006
2025-09-15 08:29:57,SGD_lr0.001_m0.95,SGD,2,shakespeare_char,180,train_eval,2.641894817352295,0.000999408200132523,0.029257473158725383,
2025-09-15 08:29:57,SGD_lr0.001_m0.95,SGD,2,shakespeare_char,180,val_eval,2.6494967937469482,0.000999408200132523,0.029257473158725383,
2025-09-15 08:29:57,SGD_lr0.001_m0.95,SGD,2,shakespeare_char,180,train_iter,2.7281033992767334,0.000999408200132523,0.02852423193964547,3186.6238117218018
2025-09-15 08:30:00,SGD_lr0.001_m0.95,SGD,2,shakespeare_char,190,train_eval,2.631740093231201,0.0009992510469105584,0.02852423193964547,
2025-09-15 08:30:00,SGD_lr0.001_m0.95,SGD,2,shakespeare_char,190,val_eval,2.640822410583496,0.0009992510469105584,0.02852423193964547,
2025-09-15 08:30:01,SGD_lr0.001_m0.95,SGD,2,shakespeare_char,190,train_iter,2.697836399078369,0.0009992510469105584,0.027931283052622612,3092.1759605407715
2025-09-15 08:30:03,SGD_lr0.001_m0.95,SGD,2,shakespeare_char,200,train_eval,2.618556261062622,0.0009990754267376514,0.027931283052622612,
2025-09-15 08:30:03,SGD_lr0.001_m0.95,SGD,2,shakespeare_char,200,val_eval,2.6203806400299072,0.0009990754267376514,0.027931283052622612,
2025-09-15 08:32:10,SGD_lr0.01_m0.9,SGD,2,shakespeare_char,0,train_iter,4.265802383422852,9.900990099009901e-06,,212677.6053905487
2025-09-15 08:32:12,SGD_lr0.01_m0.9,SGD,2,shakespeare_char,10,train_eval,4.234838962554932,0.0001089108910891089,,
2025-09-15 08:32:12,SGD_lr0.01_m0.9,SGD,2,shakespeare_char,10,val_eval,4.236033916473389,0.0001089108910891089,,
2025-09-15 08:32:12,SGD_lr0.01_m0.9,SGD,2,shakespeare_char,10,train_iter,4.240842819213867,0.0001089108910891089,0.025840131112948174,2703.8145065307617
2025-09-15 08:32:14,SGD_lr0.01_m0.9,SGD,2,shakespeare_char,20,train_eval,4.087518692016602,0.00020792079207920794,0.025840131112948174,
2025-09-15 08:32:14,SGD_lr0.01_m0.9,SGD,2,shakespeare_char,20,val_eval,4.091342449188232,0.00020792079207920794,0.025840131112948174,
2025-09-15 08:32:15,SGD_lr0.01_m0.9,SGD,2,shakespeare_char,20,train_iter,4.134783744812012,0.00020792079207920794,0.026335054175576966,2269.1903114318848
2025-09-15 08:32:16,SGD_lr0.01_m0.9,SGD,2,shakespeare_char,30,train_eval,3.872514009475708,0.00030693069306930693,0.026335054175576966,
2025-09-15 08:32:16,SGD_lr0.01_m0.9,SGD,2,shakespeare_char,30,val_eval,3.8832077980041504,0.00030693069306930693,0.026335054175576966,
2025-09-15 08:32:16,SGD_lr0.01_m0.9,SGD,2,shakespeare_char,30,train_iter,3.9627819061279297,0.00030693069306930693,0.02844027487992346,1474.381923675537
2025-09-15 08:32:20,SGD_lr0.01_m0.9,SGD,2,shakespeare_char,40,train_eval,3.6898553371429443,0.000405940594059406,0.02844027487992346,
2025-09-15 08:32:20,SGD_lr0.01_m0.9,SGD,2,shakespeare_char,40,val_eval,3.706280469894409,0.000405940594059406,0.02844027487992346,
2025-09-15 08:32:20,SGD_lr0.01_m0.9,SGD,2,shakespeare_char,40,train_iter,3.739838123321533,0.000405940594059406,0.02752421318328394,3623.8672733306885
2025-09-15 08:32:24,SGD_lr0.01_m0.9,SGD,2,shakespeare_char,50,train_eval,3.5393030643463135,0.000504950495049505,0.02752421318328394,
2025-09-15 08:32:24,SGD_lr0.01_m0.9,SGD,2,shakespeare_char,50,val_eval,3.5666260719299316,0.000504950495049505,0.02752421318328394,
2025-09-15 08:32:25,SGD_lr0.01_m0.9,SGD,2,shakespeare_char,50,train_iter,3.601292371749878,0.000504950495049505,0.02639715608407168,4298.539400100708
2025-09-15 08:32:27,SGD_lr0.01_m0.9,SGD,2,shakespeare_char,60,train_eval,3.4238195419311523,0.000603960396039604,0.02639715608407168,
2025-09-15 08:32:27,SGD_lr0.01_m0.9,SGD,2,shakespeare_char,60,val_eval,3.4560723304748535,0.000603960396039604,0.02639715608407168,
2025-09-15 08:32:28,SGD_lr0.01_m0.0,SGD,2,shakespeare_char,200,train_iter,3.4619967937469482,0.0009990754267376514,0.05280655085257898,220077.31318473816
2025-09-15 08:32:28,SGD_lr0.01_m0.9,SGD,2,shakespeare_char,60,train_iter,3.495084524154663,0.000603960396039604,0.025992122006055277,3126.4822483062744
2025-09-15 08:32:30,SGD_lr0.01_m0.9,SGD,2,shakespeare_char,70,train_eval,3.347059965133667,0.000702970297029703,0.025992122006055277,
2025-09-15 08:32:30,SGD_lr0.01_m0.9,SGD,2,shakespeare_char,70,val_eval,3.3817691802978516,0.000702970297029703,0.025992122006055277,
2025-09-15 08:32:31,SGD_lr0.01_m0.9,SGD,2,shakespeare_char,70,train_iter,3.4146888256073,0.000702970297029703,0.02603106590029743,2648.3240127563477
2025-09-15 08:32:33,SGD_lr0.01_m0.9,SGD,2,shakespeare_char,80,train_eval,3.292816400527954,0.000801980198019802,0.02603106590029743,
2025-09-15 08:32:33,SGD_lr0.01_m0.9,SGD,2,shakespeare_char,80,val_eval,3.3190646171569824,0.000801980198019802,0.02603106590029743,
2025-09-15 08:32:34,SGD_lr0.01_m0.9,SGD,2,shakespeare_char,80,train_iter,3.321343183517456,0.000801980198019802,0.025885630125779217,2842.8103923797607
2025-09-15 08:32:37,SGD_lr0.01_m0.9,SGD,2,shakespeare_char,90,train_eval,3.2298474311828613,0.0009009900990099009,0.025885630125779217,
2025-09-15 08:32:37,SGD_lr0.01_m0.9,SGD,2,shakespeare_char,90,val_eval,3.261113166809082,0.0009009900990099009,0.025885630125779217,
2025-09-15 08:32:37,SGD_lr0.01_m0.9,SGD,2,shakespeare_char,90,train_iter,3.2135579586029053,0.0009009900990099009,0.025433291275723212,3270.580053329468
2025-09-15 08:32:40,SGD_lr0.01_m0.9,SGD,2,shakespeare_char,100,train_eval,3.1430554389953613,0.001,0.025433291275723212,
2025-09-15 08:32:40,SGD_lr0.01_m0.9,SGD,2,shakespeare_char,100,val_eval,3.1808576583862305,0.001,0.025433291275723212,
2025-09-15 08:32:41,SGD_lr0.01_m0.9,SGD,2,shakespeare_char,0,train_eval,4.270771503448486,9.900990099009901e-06,,
2025-09-15 08:32:41,SGD_lr0.01_m0.9,SGD,2,shakespeare_char,0,val_eval,4.269772529602051,9.900990099009901e-06,,
2025-09-15 08:33:47,SGD_lr0.001_m0.95,SGD,2,shakespeare_char,200,train_iter,2.6884350776672363,0.0009990754267376514,0.02516900187262799,226494.10843849182
2025-09-15 08:34:03,SGD_lr0.01_m0.0,SGD,2,shakespeare_char,0,train_eval,4.270771503448486,9.900990099009901e-06,,
2025-09-15 08:34:03,SGD_lr0.01_m0.0,SGD,2,shakespeare_char,0,val_eval,4.269772529602051,9.900990099009901e-06,,
2025-09-15 08:36:00,SGD_lr0.01_m0.9,SGD,2,shakespeare_char,0,train_iter,4.265802383422852,9.900990099009901e-06,,202405.69019317627
2025-09-15 08:36:02,SGD_lr0.01_m0.9,SGD,2,shakespeare_char,10,train_eval,4.234838962554932,0.0001089108910891089,,
2025-09-15 08:36:02,SGD_lr0.01_m0.9,SGD,2,shakespeare_char,10,val_eval,4.236033916473389,0.0001089108910891089,,
2025-09-15 08:36:02,SGD_lr0.01_m0.9,SGD,2,shakespeare_char,10,train_iter,4.240842819213867,0.0001089108910891089,0.04325012245542533,1615.4155731201172
2025-09-15 08:36:03,SGD_lr0.01_m0.9,SGD,2,shakespeare_char,20,train_eval,4.087519645690918,0.00020792079207920794,0.04325012245542533,
2025-09-15 08:36:03,SGD_lr0.01_m0.9,SGD,2,shakespeare_char,20,val_eval,4.091344356536865,0.00020792079207920794,0.04325012245542533,
2025-09-15 08:36:03,SGD_lr0.01_m0.9,SGD,2,shakespeare_char,20,train_iter,4.134838104248047,0.00020792079207920794,0.04462025393284572,1226.780652999878
2025-09-15 08:36:05,SGD_lr0.01_m0.9,SGD,2,shakespeare_char,30,train_eval,3.8725125789642334,0.00030693069306930693,0.04462025393284572,
2025-09-15 08:36:05,SGD_lr0.01_m0.9,SGD,2,shakespeare_char,30,val_eval,3.883194923400879,0.00030693069306930693,0.04462025393284572,
2025-09-15 08:36:05,SGD_lr0.01_m0.9,SGD,2,shakespeare_char,30,train_iter,3.96278715133667,0.00030693069306930693,0.04352973103631638,2072.2784996032715
2025-09-15 08:36:07,SGD_lr0.01_m0.9,SGD,2,shakespeare_char,40,train_eval,3.689868450164795,0.000405940594059406,0.04352973103631638,
2025-09-15 08:36:07,SGD_lr0.01_m0.9,SGD,2,shakespeare_char,40,val_eval,3.7062761783599854,0.000405940594059406,0.04352973103631638,
2025-09-15 08:36:08,SGD_lr0.01_m0.9,SGD,2,shakespeare_char,40,train_iter,3.7399604320526123,0.000405940594059406,0.042062258874540334,2421.3099479675293
2025-09-15 08:36:10,SGD_lr0.01_m0.9,SGD,2,shakespeare_char,50,train_eval,3.5393011569976807,0.000504950495049505,0.042062258874540334,
2025-09-15 08:36:10,SGD_lr0.01_m0.9,SGD,2,shakespeare_char,50,val_eval,3.566626787185669,0.000504950495049505,0.042062258874540334,
2025-09-15 08:36:11,SGD_lr0.01_m0.9,SGD,2,shakespeare_char,50,train_iter,3.601179838180542,0.000504950495049505,0.040596954297852005,2549.030542373657
2025-09-15 08:36:13,SGD_lr0.01_m0.9,SGD,2,shakespeare_char,60,train_eval,3.423828125,0.000603960396039604,0.040596954297852005,
2025-09-15 08:36:13,SGD_lr0.01_m0.9,SGD,2,shakespeare_char,60,val_eval,3.456070899963379,0.000603960396039604,0.040596954297852005,
2025-09-15 08:36:14,SGD_lr0.01_m0.9,SGD,2,shakespeare_char,60,train_iter,3.4951090812683105,0.000603960396039604,0.038816380022807115,3065.5202865600586
2025-09-15 08:36:15,SGD_lr0.01_m0.9,SGD,2,shakespeare_char,70,train_eval,3.3470587730407715,0.000702970297029703,0.038816380022807115,
2025-09-15 08:36:15,SGD_lr0.01_m0.9,SGD,2,shakespeare_char,70,val_eval,3.3817739486694336,0.000702970297029703,0.038816380022807115,
2025-09-15 08:36:15,SGD_lr0.01_m0.9,SGD,2,shakespeare_char,70,train_iter,3.4146347045898438,0.000702970297029703,0.039795538952904455,1437.3552799224854
2025-09-15 08:36:16,SGD_lr0.01_m0.9,SGD,2,shakespeare_char,80,train_eval,3.292808771133423,0.000801980198019802,0.039795538952904455,
2025-09-15 08:36:16,SGD_lr0.01_m0.9,SGD,2,shakespeare_char,80,val_eval,3.319059371948242,0.000801980198019802,0.039795538952904455,
2025-09-15 08:36:17,SGD_lr0.01_m0.9,SGD,2,shakespeare_char,80,train_iter,3.3213860988616943,0.000801980198019802,0.04135204648756144,1262.0329856872559
2025-09-15 08:36:18,SGD_lr0.01_m0.9,SGD,2,shakespeare_char,90,train_eval,3.2298390865325928,0.0009009900990099009,0.04135204648756144,
2025-09-15 08:36:18,SGD_lr0.01_m0.9,SGD,2,shakespeare_char,90,val_eval,3.261122703552246,0.0009009900990099009,0.04135204648756144,
2025-09-15 08:36:19,SGD_lr0.01_m0.9,SGD,2,shakespeare_char,90,train_iter,3.213524580001831,0.0009009900990099009,0.04080692261479212,1946.1100101470947
2025-09-15 08:36:21,SGD_lr0.01_m0.9,SGD,2,shakespeare_char,100,train_eval,3.1430468559265137,0.001,0.04080692261479212,
2025-09-15 08:36:21,SGD_lr0.01_m0.9,SGD,2,shakespeare_char,100,val_eval,3.1808459758758545,0.001,0.04080692261479212,
2025-09-15 08:36:49,SGD_lr0.01_m0.9,SGD,2,shakespeare_char,100,train_iter,3.1947708129882812,0.001,0.022917698624370056,251895.44916152954
2025-09-15 08:36:55,SGD_lr0.01_m0.9,SGD,2,shakespeare_char,110,train_eval,3.0543386936187744,0.0009999907511312647,0.022917698624370056,
2025-09-15 08:36:55,SGD_lr0.01_m0.9,SGD,2,shakespeare_char,110,val_eval,3.085885524749756,0.0009999907511312647,0.022917698624370056,
2025-09-15 08:36:55,SGD_lr0.01_m0.9,SGD,2,shakespeare_char,110,train_iter,3.1925570964813232,0.0009999907511312647,0.021778309106420184,6062.835216522217
2025-09-15 08:37:00,SGD_lr0.01_m0.9,SGD,2,shakespeare_char,120,train_eval,2.9945249557495117,0.0009999630049052437,0.021778309106420184,
2025-09-15 08:37:00,SGD_lr0.01_m0.9,SGD,2,shakespeare_char,120,val_eval,3.02030611038208,0.0009999630049052437,0.021778309106420184,
2025-09-15 08:37:01,SGD_lr0.01_m0.9,SGD,2,shakespeare_char,120,train_iter,3.037684202194214,0.0009999630049052437,0.020869331129653907,5506.305694580078
2025-09-15 08:37:06,SGD_lr0.01_m0.9,SGD,2,shakespeare_char,130,train_eval,2.9304909706115723,0.0009999167624624755,0.020869331129653907,
2025-09-15 08:37:06,SGD_lr0.01_m0.9,SGD,2,shakespeare_char,130,val_eval,2.9576668739318848,0.0009999167624624755,0.020869331129653907,
2025-09-15 08:37:06,SGD_lr0.01_m0.9,SGD,2,shakespeare_char,130,train_iter,3.0534205436706543,0.0009999167624624755,0.020138530088511488,5151.926040649414
2025-09-15 08:37:09,SGD_lr0.01_m0.9,SGD,2,shakespeare_char,140,train_eval,2.881002426147461,0.000999852025703806,0.020138530088511488,
2025-09-15 08:37:09,SGD_lr0.01_m0.9,SGD,2,shakespeare_char,140,val_eval,2.9039134979248047,0.000999852025703806,0.020138530088511488,
2025-09-15 08:37:09,SGD_lr0.01_m0.9,SGD,2,shakespeare_char,140,train_iter,2.948930501937866,0.000999852025703806,0.020579040653804656,2846.6410636901855
2025-09-15 08:37:13,SGD_lr0.01_m0.9,SGD,2,shakespeare_char,150,train_eval,2.848125696182251,0.0009997687972903096,0.020579040653804656,
2025-09-15 08:37:13,SGD_lr0.01_m0.9,SGD,2,shakespeare_char,150,val_eval,2.8679399490356445,0.0009997687972903096,0.020579040653804656,
2025-09-15 08:37:13,SGD_lr0.01_m0.9,SGD,2,shakespeare_char,150,train_iter,2.9073538780212402,0.0009997687972903096,0.020288042365495567,3954.1962146759033
2025-09-15 08:37:15,SGD_lr0.01_m0.9,SGD,2,shakespeare_char,160,train_eval,2.8083982467651367,0.0009996670806431804,0.020288042365495567,
2025-09-15 08:37:15,SGD_lr0.01_m0.9,SGD,2,shakespeare_char,160,val_eval,2.834934711456299,0.0009996670806431804,0.020288042365495567,
2025-09-15 08:37:15,SGD_lr0.01_m0.9,SGD,2,shakespeare_char,160,train_iter,2.8477914333343506,0.0009996670806431804,0.022176529244755546,1783.5519313812256
2025-09-15 08:37:17,SGD_lr0.01_m0.9,SGD,2,shakespeare_char,170,train_eval,2.788146734237671,0.0009995468799435915,0.022176529244755546,
2025-09-15 08:37:17,SGD_lr0.01_m0.9,SGD,2,shakespeare_char,170,val_eval,2.8082754611968994,0.0009995468799435915,0.022176529244755546,
2025-09-15 08:37:17,SGD_lr0.01_m0.9,SGD,2,shakespeare_char,170,train_iter,2.791374683380127,0.0009995468799435915,0.024671840448031782,1482.4411869049072
2025-09-15 08:37:20,SGD_lr0.01_m0.9,SGD,2,shakespeare_char,180,train_eval,2.751821517944336,0.000999408200132523,0.024671840448031782,
2025-09-15 08:37:20,SGD_lr0.01_m0.9,SGD,2,shakespeare_char,180,val_eval,2.7732932567596436,0.000999408200132523,0.024671840448031782,
2025-09-15 08:37:21,SGD_lr0.01_m0.9,SGD,2,shakespeare_char,180,train_iter,2.849780559539795,0.000999408200132523,0.02416687595978349,3560.6067180633545
2025-09-15 08:37:23,SGD_lr0.01_m0.9,SGD,2,shakespeare_char,190,train_eval,2.737905263900757,0.0009992510469105584,0.02416687595978349,
2025-09-15 08:37:23,SGD_lr0.01_m0.9,SGD,2,shakespeare_char,190,val_eval,2.758646011352539,0.0009992510469105584,0.02416687595978349,
2025-09-15 08:37:24,SGD_lr0.01_m0.9,SGD,2,shakespeare_char,190,train_iter,2.8132576942443848,0.0009992510469105584,0.024174784847450434,2881.589651107788
2025-09-15 08:37:26,SGD_lr0.01_m0.9,SGD,2,shakespeare_char,200,train_eval,2.717994451522827,0.0009990754267376514,0.024174784847450434,
2025-09-15 08:37:26,SGD_lr0.01_m0.9,SGD,2,shakespeare_char,200,val_eval,2.72749400138855,0.0009990754267376514,0.024174784847450434,
2025-09-15 08:39:02,SGD_lr0.01_m0.0,SGD,2,shakespeare_char,0,train_iter,4.265802383422852,9.900990099009901e-06,,302841.0847187042
2025-09-15 08:39:05,SGD_lr0.01_m0.0,SGD,2,shakespeare_char,10,train_eval,4.263160228729248,0.0001089108910891089,,
2025-09-15 08:39:05,SGD_lr0.01_m0.0,SGD,2,shakespeare_char,10,val_eval,4.263652801513672,0.0001089108910891089,,
2025-09-15 08:39:05,SGD_lr0.01_m0.0,SGD,2,shakespeare_char,10,train_iter,4.260556221008301,0.0001089108910891089,0.02023850628521214,3452.1777629852295
2025-09-15 08:39:08,SGD_lr0.01_m0.0,SGD,2,shakespeare_char,20,train_eval,4.243582725524902,0.00020792079207920794,0.02023850628521214,
2025-09-15 08:39:08,SGD_lr0.01_m0.0,SGD,2,shakespeare_char,20,val_eval,4.243230819702148,0.00020792079207920794,0.02023850628521214,
2025-09-15 08:39:09,SGD_lr0.01_m0.0,SGD,2,shakespeare_char,20,train_iter,4.246522426605225,0.00020792079207920794,0.020322783449879353,3314.16916847229
2025-09-15 08:39:12,SGD_lr0.01_m0.0,SGD,2,shakespeare_char,30,train_eval,4.212093830108643,0.00030693069306930693,0.020322783449879353,
2025-09-15 08:39:12,SGD_lr0.01_m0.0,SGD,2,shakespeare_char,30,val_eval,4.2120513916015625,0.00030693069306930693,0.020322783449879353,
2025-09-15 08:39:12,SGD_lr0.01_m0.0,SGD,2,shakespeare_char,30,train_iter,4.230588912963867,0.00030693069306930693,0.020154267738068814,3748.7027645111084
2025-09-15 08:39:16,SGD_lr0.01_m0.0,SGD,2,shakespeare_char,40,train_eval,4.1680684089660645,0.000405940594059406,0.020154267738068814,
2025-09-15 08:39:16,SGD_lr0.01_m0.0,SGD,2,shakespeare_char,40,val_eval,4.170443534851074,0.000405940594059406,0.020154267738068814,
2025-09-15 08:39:16,SGD_lr0.01_m0.0,SGD,2,shakespeare_char,40,train_iter,4.190363883972168,0.000405940594059406,0.0199705064627237,3814.3930435180664
2025-09-15 08:39:19,SGD_lr0.01_m0.0,SGD,2,shakespeare_char,50,train_eval,4.116247653961182,0.000504950495049505,0.0199705064627237,
2025-09-15 08:39:19,SGD_lr0.01_m0.0,SGD,2,shakespeare_char,50,val_eval,4.119363784790039,0.000504950495049505,0.0199705064627237,
2025-09-15 08:39:20,SGD_lr0.01_m0.0,SGD,2,shakespeare_char,50,train_iter,4.153254508972168,0.000504950495049505,0.020299865363251825,3003.2081604003906
2025-09-15 08:39:21,SGD_lr0.01_m0.0,SGD,2,shakespeare_char,60,train_eval,4.053562641143799,0.000603960396039604,0.020299865363251825,
2025-09-15 08:39:21,SGD_lr0.01_m0.0,SGD,2,shakespeare_char,60,val_eval,4.0598649978637695,0.000603960396039604,0.020299865363251825,
2025-09-15 08:39:21,SGD_lr0.01_m0.0,SGD,2,shakespeare_char,60,train_iter,4.119142532348633,0.000603960396039604,0.023619584128948337,1305.9957027435303
2025-09-15 08:39:23,SGD_lr0.01_m0.0,SGD,2,shakespeare_char,70,train_eval,3.985358238220215,0.000702970297029703,0.023619584128948337,
2025-09-15 08:39:23,SGD_lr0.01_m0.0,SGD,2,shakespeare_char,70,val_eval,3.9951303005218506,0.000702970297029703,0.023619584128948337,
2025-09-15 08:39:23,SGD_lr0.01_m0.0,SGD,2,shakespeare_char,70,train_iter,4.065918922424316,0.000702970297029703,0.024647708253023076,2060.9209537506104
2025-09-15 08:39:26,SGD_lr0.01_m0.0,SGD,2,shakespeare_char,80,train_eval,3.9178271293640137,0.000801980198019802,0.024647708253023076,
2025-09-15 08:39:26,SGD_lr0.01_m0.0,SGD,2,shakespeare_char,80,val_eval,3.925230026245117,0.000801980198019802,0.024647708253023076,
2025-09-15 08:39:26,SGD_lr0.01_m0.0,SGD,2,shakespeare_char,80,train_iter,4.00459098815918,0.000801980198019802,0.024505992327481206,3007.544994354248
2025-09-15 08:39:29,SGD_lr0.01_m0.0,SGD,2,shakespeare_char,90,train_eval,3.8489584922790527,0.0009009900990099009,0.024505992327481206,
2025-09-15 08:39:29,SGD_lr0.01_m0.0,SGD,2,shakespeare_char,90,val_eval,3.8596296310424805,0.0009009900990099009,0.024505992327481206,
2025-09-15 08:39:29,SGD_lr0.01_m0.0,SGD,2,shakespeare_char,90,train_iter,3.924301862716675,0.0009009900990099009,0.024852932917316134,2497.441530227661
2025-09-15 08:39:31,SGD_lr0.01_m0.0,SGD,2,shakespeare_char,100,train_eval,3.7828094959259033,0.001,0.024852932917316134,
2025-09-15 08:39:32,SGD_lr0.01_m0.0,SGD,2,shakespeare_char,100,val_eval,3.7961764335632324,0.001,0.024852932917316134,
2025-09-15 08:40:12,SGD_lr0.01_m0.9,SGD,2,shakespeare_char,100,train_iter,3.1946539878845215,0.001,0.036756169405185224,233363.84081840515
2025-09-15 08:40:13,SGD_lr0.01_m0.9,SGD,2,shakespeare_char,110,train_eval,3.054328680038452,0.0009999907511312647,0.036756169405185224,
2025-09-15 08:40:13,SGD_lr0.01_m0.9,SGD,2,shakespeare_char,110,val_eval,3.0858771800994873,0.0009999907511312647,0.036756169405185224,
2025-09-15 08:40:14,SGD_lr0.01_m0.9,SGD,2,shakespeare_char,110,train_iter,3.192608594894409,0.0009999907511312647,0.03814221373564981,1380.3160190582275
2025-09-15 08:40:16,SGD_lr0.01_m0.9,SGD,2,shakespeare_char,120,train_eval,2.9945414066314697,0.0009999630049052437,0.03814221373564981,
2025-09-15 08:40:16,SGD_lr0.01_m0.9,SGD,2,shakespeare_char,120,val_eval,3.020327568054199,0.0009999630049052437,0.03814221373564981,
2025-09-15 08:40:17,SGD_lr0.01_m0.9,SGD,2,shakespeare_char,120,train_iter,3.037548780441284,0.0009999630049052437,0.03662355468782987,3043.564558029175
2025-09-15 08:40:19,SGD_lr0.01_m0.9,SGD,2,shakespeare_char,130,train_eval,2.9305129051208496,0.0009999167624624755,0.03662355468782987,
2025-09-15 08:40:19,SGD_lr0.01_m0.9,SGD,2,shakespeare_char,130,val_eval,2.957669258117676,0.0009999167624624755,0.03662355468782987,
2025-09-15 08:40:19,SGD_lr0.01_m0.9,SGD,2,shakespeare_char,130,train_iter,3.0534486770629883,0.0009999167624624755,0.03592101266007857,2360.517740249634
2025-09-15 08:40:21,SGD_lr0.01_m0.9,SGD,2,shakespeare_char,140,train_eval,2.880971670150757,0.000999852025703806,0.03592101266007857,
2025-09-15 08:40:21,SGD_lr0.01_m0.9,SGD,2,shakespeare_char,140,val_eval,2.903890371322632,0.000999852025703806,0.03592101266007857,
2025-09-15 08:40:21,SGD_lr0.01_m0.9,SGD,2,shakespeare_char,140,train_iter,2.948941946029663,0.000999852025703806,0.03592127409653889,1944.8738098144531
2025-09-15 08:40:24,SGD_lr0.01_m0.9,SGD,2,shakespeare_char,150,train_eval,2.8481366634368896,0.0009997687972903096,0.03592127409653889,
2025-09-15 08:40:24,SGD_lr0.01_m0.9,SGD,2,shakespeare_char,150,val_eval,2.8679537773132324,0.0009997687972903096,0.03592127409653889,
2025-09-15 08:40:25,SGD_lr0.01_m0.9,SGD,2,shakespeare_char,150,train_iter,2.907400131225586,0.0009997687972903096,0.03454967035257215,3146.416425704956
2025-09-15 08:40:27,SGD_lr0.01_m0.9,SGD,2,shakespeare_char,160,train_eval,2.808413505554199,0.0009996670806431804,0.03454967035257215,
2025-09-15 08:40:27,SGD_lr0.01_m0.9,SGD,2,shakespeare_char,160,val_eval,2.8349292278289795,0.0009996670806431804,0.03454967035257215,
2025-09-15 08:40:27,SGD_lr0.01_m0.9,SGD,2,shakespeare_char,160,train_iter,2.8478078842163086,0.0009996670806431804,0.03412786264780493,2303.4372329711914
2025-09-15 08:40:29,SGD_lr0.01_m0.9,SGD,2,shakespeare_char,170,train_eval,2.7881555557250977,0.0009995468799435915,0.03412786264780493,
2025-09-15 08:40:29,SGD_lr0.01_m0.9,SGD,2,shakespeare_char,170,val_eval,2.8082916736602783,0.0009995468799435915,0.03412786264780493,
2025-09-15 08:40:29,SGD_lr0.01_m0.9,SGD,2,shakespeare_char,170,train_iter,2.791411876678467,0.0009995468799435915,0.03407950070221475,2076.6382217407227
2025-09-15 08:40:30,SGD_lr0.01_m0.9,SGD,2,shakespeare_char,180,train_eval,2.751821517944336,0.000999408200132523,0.03407950070221475,
2025-09-15 08:40:30,SGD_lr0.01_m0.9,SGD,2,shakespeare_char,180,val_eval,2.7732958793640137,0.000999408200132523,0.03407950070221475,
2025-09-15 08:40:31,SGD_lr0.01_m0.9,SGD,2,shakespeare_char,180,train_iter,2.849940776824951,0.000999408200132523,0.03498714766963362,1618.9398765563965
2025-09-15 08:40:32,SGD_lr0.01_m0.9,SGD,2,shakespeare_char,190,train_eval,2.7379109859466553,0.0009992510469105584,0.03498714766963362,
2025-09-15 08:40:32,SGD_lr0.01_m0.9,SGD,2,shakespeare_char,190,val_eval,2.758634328842163,0.0009992510469105584,0.03498714766963362,
2025-09-15 08:40:33,SGD_lr0.01_m0.9,SGD,2,shakespeare_char,190,train_iter,2.8131518363952637,0.0009992510469105584,0.03544189398869116,1767.2343254089355
2025-09-15 08:40:34,SGD_lr0.01_m0.9,SGD,2,shakespeare_char,200,train_eval,2.717989206314087,0.0009990754267376514,0.03544189398869116,
2025-09-15 08:40:34,SGD_lr0.01_m0.9,SGD,2,shakespeare_char,200,val_eval,2.7274999618530273,0.0009990754267376514,0.03544189398869116,
2025-09-15 08:42:44,SGD_lr0.01_m0.9,SGD,2,shakespeare_char,200,train_iter,2.7798871994018555,0.0009990754267376514,0.021779120283450294,320285.9411239624
2025-09-15 08:43:12,SGD_lr0.01_m0.95,SGD,2,shakespeare_char,0,train_eval,4.270771503448486,9.900990099009901e-06,,
2025-09-15 08:43:12,SGD_lr0.01_m0.95,SGD,2,shakespeare_char,0,val_eval,4.269772529602051,9.900990099009901e-06,,
2025-09-15 08:44:37,SGD_lr0.01_m0.9,SGD,2,shakespeare_char,200,train_iter,2.7796707153320312,0.0009990754267376514,0.03192636620491718,243764.77432250977
2025-09-15 08:44:54,SGD_lr0.01_m0.95,SGD,2,shakespeare_char,0,train_eval,4.270771503448486,9.900990099009901e-06,,
2025-09-15 08:44:54,SGD_lr0.01_m0.95,SGD,2,shakespeare_char,0,val_eval,4.269772529602051,9.900990099009901e-06,,
2025-09-15 08:45:04,SGD_lr0.01_m0.0,SGD,2,shakespeare_char,100,train_iter,3.8889265060424805,0.001,0.022388517470736388,334646.22831344604
2025-09-15 08:45:07,SGD_lr0.01_m0.0,SGD,2,shakespeare_char,110,train_eval,3.7235870361328125,0.0009999907511312647,0.022388517470736388,
2025-09-15 08:45:07,SGD_lr0.01_m0.0,SGD,2,shakespeare_char,110,val_eval,3.738236665725708,0.0009999907511312647,0.022388517470736388,
2025-09-15 08:45:07,SGD_lr0.01_m0.0,SGD,2,shakespeare_char,110,train_iter,3.8400964736938477,0.0009999907511312647,0.022077870897823298,3623.417377471924
2025-09-15 08:45:09,SGD_lr0.01_m0.0,SGD,2,shakespeare_char,120,train_eval,3.6741318702697754,0.0009999630049052437,0.022077870897823298,
2025-09-15 08:45:09,SGD_lr0.01_m0.0,SGD,2,shakespeare_char,120,val_eval,3.689511775970459,0.0009999630049052437,0.022077870897823298,
2025-09-15 08:45:09,SGD_lr0.01_m0.0,SGD,2,shakespeare_char,120,train_iter,3.7595086097717285,0.0009999630049052437,0.024929831985368592,1380.8379173278809
2025-09-15 08:45:10,SGD_lr0.01_m0.0,SGD,2,shakespeare_char,130,train_eval,3.6271941661834717,0.0009999167624624755,0.024929831985368592,
2025-09-15 08:45:10,SGD_lr0.01_m0.0,SGD,2,shakespeare_char,130,val_eval,3.643803358078003,0.0009999167624624755,0.024929831985368592,
2025-09-15 08:45:10,SGD_lr0.01_m0.0,SGD,2,shakespeare_char,130,train_iter,3.722790479660034,0.0009999167624624755,0.028221075718259693,1207.8869342803955
2025-09-15 08:45:12,SGD_lr0.01_m0.0,SGD,2,shakespeare_char,140,train_eval,3.5879993438720703,0.000999852025703806,0.028221075718259693,
2025-09-15 08:45:12,SGD_lr0.01_m0.0,SGD,2,shakespeare_char,140,val_eval,3.607137441635132,0.000999852025703806,0.028221075718259693,
2025-09-15 08:45:12,SGD_lr0.01_m0.0,SGD,2,shakespeare_char,140,train_iter,3.66719388961792,0.000999852025703806,0.028528679192732564,2232.3760986328125
2025-09-15 08:45:15,SGD_lr0.01_m0.0,SGD,2,shakespeare_char,150,train_eval,3.5527329444885254,0.0009997687972903096,0.028528679192732564,
2025-09-15 08:45:15,SGD_lr0.01_m0.0,SGD,2,shakespeare_char,150,val_eval,3.571016550064087,0.0009997687972903096,0.028528679192732564,
2025-09-15 08:45:15,SGD_lr0.01_m0.0,SGD,2,shakespeare_char,150,train_iter,3.6372880935668945,0.0009997687972903096,0.028569282308862704,2414.640426635742
2025-09-15 08:45:17,SGD_lr0.01_m0.0,SGD,2,shakespeare_char,160,train_eval,3.5197503566741943,0.0009996670806431804,0.028569282308862704,
2025-09-15 08:45:17,SGD_lr0.01_m0.0,SGD,2,shakespeare_char,160,val_eval,3.5453686714172363,0.0009996670806431804,0.028569282308862704,
2025-09-15 08:45:18,SGD_lr0.01_m0.0,SGD,2,shakespeare_char,160,train_iter,3.593052625656128,0.0009996670806431804,0.02833836391431605,2660.5734825134277
2025-09-15 08:45:20,SGD_lr0.01_m0.0,SGD,2,shakespeare_char,170,train_eval,3.4934706687927246,0.0009995468799435915,0.02833836391431605,
2025-09-15 08:45:20,SGD_lr0.01_m0.0,SGD,2,shakespeare_char,170,val_eval,3.518550395965576,0.0009995468799435915,0.02833836391431605,
2025-09-15 08:45:20,SGD_lr0.01_m0.0,SGD,2,shakespeare_char,170,train_iter,3.5402817726135254,0.0009995468799435915,0.02843502277775175,2384.1335773468018
2025-09-15 08:45:23,SGD_lr0.01_m0.0,SGD,2,shakespeare_char,180,train_eval,3.4643120765686035,0.000999408200132523,0.02843502277775175,
2025-09-15 08:45:23,SGD_lr0.01_m0.0,SGD,2,shakespeare_char,180,val_eval,3.4921092987060547,0.000999408200132523,0.02843502277775175,
2025-09-15 08:45:23,SGD_lr0.01_m0.0,SGD,2,shakespeare_char,180,train_iter,3.5479750633239746,0.000999408200132523,0.02826131453609788,2616.940498352051
2025-09-15 08:45:26,SGD_lr0.01_m0.0,SGD,2,shakespeare_char,190,train_eval,3.446993112564087,0.0009992510469105584,0.02826131453609788,
2025-09-15 08:45:26,SGD_lr0.01_m0.0,SGD,2,shakespeare_char,190,val_eval,3.479496955871582,0.0009992510469105584,0.02826131453609788,
2025-09-15 08:45:26,SGD_lr0.01_m0.0,SGD,2,shakespeare_char,190,train_iter,3.5200538635253906,0.0009992510469105584,0.027683422369378787,3107.628345489502
2025-09-15 08:45:30,SGD_lr0.01_m0.0,SGD,2,shakespeare_char,200,train_eval,3.429450035095215,0.0009990754267376514,0.027683422369378787,
2025-09-15 08:45:30,SGD_lr0.01_m0.0,SGD,2,shakespeare_char,200,val_eval,3.4556164741516113,0.0009990754267376514,0.027683422369378787,
2025-09-15 08:48:16,SGD_lr0.01_m0.95,SGD,2,shakespeare_char,0,train_iter,4.265802383422852,9.900990099009901e-06,,311923.3479499817
2025-09-15 08:48:20,SGD_lr0.01_m0.95,SGD,2,shakespeare_char,10,train_eval,4.228809356689453,0.0001089108910891089,,
2025-09-15 08:48:20,SGD_lr0.01_m0.95,SGD,2,shakespeare_char,10,val_eval,4.230148792266846,0.0001089108910891089,,
2025-09-15 08:48:20,SGD_lr0.01_m0.95,SGD,2,shakespeare_char,10,train_iter,4.2367048263549805,0.0001089108910891089,0.017158462890072026,4071.8636512756348
2025-09-15 08:48:23,SGD_lr0.01_m0.95,SGD,2,shakespeare_char,20,train_eval,4.033039569854736,0.00020792079207920794,0.017158462890072026,
2025-09-15 08:48:23,SGD_lr0.01_m0.95,SGD,2,shakespeare_char,20,val_eval,4.038337230682373,0.00020792079207920794,0.017158462890072026,
2025-09-15 08:48:24,SGD_lr0.01_m0.95,SGD,2,shakespeare_char,20,train_iter,4.093574523925781,0.00020792079207920794,0.01737267783363745,3619.9328899383545
2025-09-15 08:48:28,SGD_lr0.01_m0.95,SGD,2,shakespeare_char,30,train_eval,3.7689943313598633,0.00030693069306930693,0.01737267783363745,
2025-09-15 08:48:28,SGD_lr0.01_m0.95,SGD,2,shakespeare_char,30,val_eval,3.783243179321289,0.00030693069306930693,0.01737267783363745,
2025-09-15 08:48:29,SGD_lr0.01_m0.95,SGD,2,shakespeare_char,30,train_iter,3.856651782989502,0.00030693069306930693,0.017118504139723222,4710.8893394470215
2025-09-15 08:48:32,SGD_lr0.01_m0.95,SGD,2,shakespeare_char,40,train_eval,3.587618350982666,0.000405940594059406,0.017118504139723222,
2025-09-15 08:48:32,SGD_lr0.01_m0.95,SGD,2,shakespeare_char,40,val_eval,3.6083240509033203,0.000405940594059406,0.017118504139723222,
2025-09-15 08:48:32,SGD_lr0.01_m0.95,SGD,2,shakespeare_char,40,train_iter,3.6014037132263184,0.000405940594059406,0.017311790367354654,3667.2918796539307
2025-09-15 08:48:34,SGD_lr0.01_m0.95,SGD,2,shakespeare_char,50,train_eval,3.432076930999756,0.000504950495049505,0.017311790367354654,
2025-09-15 08:48:34,SGD_lr0.01_m0.95,SGD,2,shakespeare_char,50,val_eval,3.465991258621216,0.000504950495049505,0.017311790367354654,
2025-09-15 08:48:34,SGD_lr0.01_m0.95,SGD,2,shakespeare_char,50,train_iter,3.4721667766571045,0.000504950495049505,0.020092552091271653,1548.4893321990967
2025-09-15 08:48:36,SGD_lr0.01_m0.95,SGD,2,shakespeare_char,60,train_eval,3.3460376262664795,0.000603960396039604,0.020092552091271653,
2025-09-15 08:48:36,SGD_lr0.01_m0.95,SGD,2,shakespeare_char,60,val_eval,3.3839120864868164,0.000603960396039604,0.020092552091271653,
2025-09-15 08:48:36,SGD_lr0.01_m0.95,SGD,2,shakespeare_char,60,train_iter,3.4030227661132812,0.000603960396039604,0.021806044410687883,1876.7569065093994
2025-09-15 08:48:39,SGD_lr0.01_m0.95,SGD,2,shakespeare_char,70,train_eval,3.284761428833008,0.000702970297029703,0.021806044410687883,
2025-09-15 08:48:39,SGD_lr0.01_m0.95,SGD,2,shakespeare_char,70,val_eval,3.324160099029541,0.000702970297029703,0.021806044410687883,
2025-09-15 08:48:40,SGD_lr0.01_m0.95,SGD,2,shakespeare_char,70,train_iter,3.3417117595672607,0.000702970297029703,0.0214518016332716,3825.470209121704
2025-09-15 08:48:43,SGD_lr0.01_m0.95,SGD,2,shakespeare_char,80,train_eval,3.22442626953125,0.000801980198019802,0.0214518016332716,
2025-09-15 08:48:43,SGD_lr0.01_m0.95,SGD,2,shakespeare_char,80,val_eval,3.2537195682525635,0.000801980198019802,0.0214518016332716,
2025-09-15 08:48:44,SGD_lr0.01_m0.95,SGD,2,shakespeare_char,80,train_iter,3.2427897453308105,0.000801980198019802,0.021280114606007705,3540.266752243042
2025-09-15 08:48:45,SGD_lr0.01_m0.95,SGD,2,shakespeare_char,90,train_eval,3.124359130859375,0.0009009900990099009,0.021280114606007705,
2025-09-15 08:48:45,SGD_lr0.01_m0.95,SGD,2,shakespeare_char,90,val_eval,3.1551568508148193,0.0009009900990099009,0.021280114606007705,
2025-09-15 08:48:45,SGD_lr0.01_m0.95,SGD,2,shakespeare_char,90,train_iter,3.106173276901245,0.0009009900990099009,0.023694399384832303,1538.1410121917725
2025-09-15 08:48:48,SGD_lr0.01_m0.95,SGD,2,shakespeare_char,100,train_eval,3.0045461654663086,0.001,0.023694399384832303,
2025-09-15 08:48:48,SGD_lr0.01_m0.95,SGD,2,shakespeare_char,100,val_eval,3.0348594188690186,0.001,0.023694399384832303,
2025-09-15 08:48:49,SGD_lr0.01_m0.95,SGD,2,shakespeare_char,0,train_iter,4.265802383422852,9.900990099009901e-06,,240880.3424835205
2025-09-15 08:48:51,SGD_lr0.01_m0.95,SGD,2,shakespeare_char,10,train_eval,4.228809356689453,0.0001089108910891089,,
2025-09-15 08:48:51,SGD_lr0.01_m0.95,SGD,2,shakespeare_char,10,val_eval,4.230148792266846,0.0001089108910891089,,
2025-09-15 08:48:52,SGD_lr0.01_m0.95,SGD,2,shakespeare_char,10,train_iter,4.2367048263549805,0.0001089108910891089,0.030735973997428036,2273.131847381592
2025-09-15 08:48:53,SGD_lr0.01_m0.95,SGD,2,shakespeare_char,20,train_eval,4.033038139343262,0.00020792079207920794,0.030735973997428036,
2025-09-15 08:48:53,SGD_lr0.01_m0.95,SGD,2,shakespeare_char,20,val_eval,4.038332462310791,0.00020792079207920794,0.030735973997428036,
2025-09-15 08:48:54,SGD_lr0.01_m0.95,SGD,2,shakespeare_char,20,train_iter,4.093600273132324,0.00020792079207920794,0.031066187976940447,2052.6084899902344
2025-09-15 08:48:55,SGD_lr0.01_m0.95,SGD,2,shakespeare_char,30,train_eval,3.7689924240112305,0.00030693069306930693,0.031066187976940447,
2025-09-15 08:48:55,SGD_lr0.01_m0.95,SGD,2,shakespeare_char,30,val_eval,3.783241033554077,0.00030693069306930693,0.031066187976940447,
2025-09-15 08:48:56,SGD_lr0.01_m0.95,SGD,2,shakespeare_char,30,train_iter,3.856539726257324,0.00030693069306930693,0.03246805300074166,1549.6766567230225
2025-09-15 08:48:57,SGD_lr0.01_m0.95,SGD,2,shakespeare_char,40,train_eval,3.5876052379608154,0.000405940594059406,0.03246805300074166,
2025-09-15 08:48:57,SGD_lr0.01_m0.95,SGD,2,shakespeare_char,40,val_eval,3.6083126068115234,0.000405940594059406,0.03246805300074166,
2025-09-15 08:48:58,SGD_lr0.01_m0.95,SGD,2,shakespeare_char,40,train_iter,3.6013693809509277,0.000405940594059406,0.032913835558126374,1892.0855522155762
2025-09-15 08:49:00,SGD_lr0.01_m0.95,SGD,2,shakespeare_char,50,train_eval,3.4320669174194336,0.000504950495049505,0.032913835558126374,
2025-09-15 08:49:00,SGD_lr0.01_m0.95,SGD,2,shakespeare_char,50,val_eval,3.46598744392395,0.000504950495049505,0.032913835558126374,
2025-09-15 08:49:00,SGD_lr0.01_m0.95,SGD,2,shakespeare_char,50,train_iter,3.4722018241882324,0.000504950495049505,0.03246031428205948,2461.956024169922
2025-09-15 08:49:02,SGD_lr0.01_m0.95,SGD,2,shakespeare_char,60,train_eval,3.346036911010742,0.000603960396039604,0.03246031428205948,
2025-09-15 08:49:02,SGD_lr0.01_m0.95,SGD,2,shakespeare_char,60,val_eval,3.3839099407196045,0.000603960396039604,0.03246031428205948,
2025-09-15 08:49:03,SGD_lr0.01_m0.95,SGD,2,shakespeare_char,60,train_iter,3.4029359817504883,0.000603960396039604,0.03214304365858782,2385.545492172241
2025-09-15 08:49:05,SGD_lr0.01_m0.95,SGD,2,shakespeare_char,70,train_eval,3.284769296646118,0.000702970297029703,0.03214304365858782,
2025-09-15 08:49:05,SGD_lr0.01_m0.95,SGD,2,shakespeare_char,70,val_eval,3.324157953262329,0.000702970297029703,0.03214304365858782,
2025-09-15 08:49:05,SGD_lr0.01_m0.95,SGD,2,shakespeare_char,70,train_iter,3.341804265975952,0.000702970297029703,0.03184127169313679,2398.8375663757324
2025-09-15 08:49:06,SGD_lr0.01_m0.95,SGD,2,shakespeare_char,80,train_eval,3.224418878555298,0.000801980198019802,0.03184127169313679,
2025-09-15 08:49:06,SGD_lr0.01_m0.95,SGD,2,shakespeare_char,80,val_eval,3.253721237182617,0.000801980198019802,0.03184127169313679,
2025-09-15 08:49:07,SGD_lr0.01_m0.95,SGD,2,shakespeare_char,80,train_iter,3.2426726818084717,0.000801980198019802,0.03307434331483612,1581.7019939422607
2025-09-15 08:49:08,SGD_lr0.01_m0.95,SGD,2,shakespeare_char,90,train_eval,3.124370813369751,0.0009009900990099009,0.03307434331483612,
2025-09-15 08:49:08,SGD_lr0.01_m0.95,SGD,2,shakespeare_char,90,val_eval,3.1551742553710938,0.0009009900990099009,0.03307434331483612,
2025-09-15 08:49:08,SGD_lr0.01_m0.95,SGD,2,shakespeare_char,90,train_iter,3.1063075065612793,0.0009009900990099009,0.03491706233520707,1356.5988540649414
2025-09-15 08:49:09,SGD_lr0.01_m0.95,SGD,2,shakespeare_char,100,train_eval,3.0045392513275146,0.001,0.03491706233520707,
2025-09-15 08:49:09,SGD_lr0.01_m0.95,SGD,2,shakespeare_char,100,val_eval,3.034839391708374,0.001,0.03491706233520707,
2025-09-15 08:50:55,SGD_lr0.01_m0.0,SGD,2,shakespeare_char,200,train_iter,3.4618706703186035,0.0009990754267376514,0.024936367638397378,328206.2327861786
2025-09-15 08:51:16,SGD_lr0.01_m0.9,SGD,2,shakespeare_char,0,train_eval,4.270771503448486,9.900990099009901e-06,,
2025-09-15 08:51:16,SGD_lr0.01_m0.9,SGD,2,shakespeare_char,0,val_eval,4.269772529602051,9.900990099009901e-06,,
2025-09-15 08:53:21,SGD_lr0.01_m0.95,SGD,2,shakespeare_char,100,train_iter,3.071622371673584,0.001,0.031453036742127044,252403.55801582336
2025-09-15 08:53:22,SGD_lr0.01_m0.95,SGD,2,shakespeare_char,110,train_eval,2.929701566696167,0.0009999907511312647,0.031453036742127044,
2025-09-15 08:53:22,SGD_lr0.01_m0.95,SGD,2,shakespeare_char,110,val_eval,2.956862688064575,0.0009999907511312647,0.031453036742127044,
2025-09-15 08:53:23,SGD_lr0.01_m0.95,SGD,2,shakespeare_char,110,train_iter,3.0576484203338623,0.0009999907511312647,0.03200675320784702,1888.7953758239746
2025-09-15 08:53:25,SGD_lr0.01_m0.95,SGD,2,shakespeare_char,120,train_eval,2.864027976989746,0.0009999630049052437,0.03200675320784702,
2025-09-15 08:53:25,SGD_lr0.01_m0.95,SGD,2,shakespeare_char,120,val_eval,2.882676362991333,0.0009999630049052437,0.03200675320784702,
2025-09-15 08:53:26,SGD_lr0.01_m0.95,SGD,2,shakespeare_char,120,train_iter,2.882955551147461,0.0009999630049052437,0.03102491956088078,3148.801565170288
2025-09-15 08:53:28,SGD_lr0.01_m0.95,SGD,2,shakespeare_char,130,train_eval,2.7994089126586914,0.0009999167624624755,0.03102491956088078,
2025-09-15 08:53:28,SGD_lr0.01_m0.95,SGD,2,shakespeare_char,130,val_eval,2.8183209896087646,0.0009999167624624755,0.03102491956088078,
2025-09-15 08:53:28,SGD_lr0.01_m0.95,SGD,2,shakespeare_char,130,train_iter,2.914681911468506,0.0009999167624624755,0.03105192140089252,2232.5310707092285
2025-09-15 08:53:30,SGD_lr0.01_m0.95,SGD,2,shakespeare_char,140,train_eval,2.7612557411193848,0.000999852025703806,0.03105192140089252,
2025-09-15 08:53:30,SGD_lr0.01_m0.95,SGD,2,shakespeare_char,140,val_eval,2.774757146835327,0.000999852025703806,0.03105192140089252,
2025-09-15 08:53:30,SGD_lr0.01_m0.95,SGD,2,shakespeare_char,140,train_iter,2.8130125999450684,0.000999852025703806,0.03135028288086324,2052.7639389038086
2025-09-15 08:53:32,SGD_lr0.01_m0.95,SGD,2,shakespeare_char,150,train_eval,2.7243621349334717,0.0009997687972903096,0.03135028288086324,
2025-09-15 08:53:32,SGD_lr0.01_m0.95,SGD,2,shakespeare_char,150,val_eval,2.7329189777374268,0.0009997687972903096,0.03135028288086324,
2025-09-15 08:53:33,SGD_lr0.01_m0.95,SGD,2,shakespeare_char,150,train_iter,2.7661960124969482,0.0009997687972903096,0.031245674997123635,2305.5191040039062
2025-09-15 08:53:35,SGD_lr0.01_m0.95,SGD,2,shakespeare_char,160,train_eval,2.6894617080688477,0.0009996670806431804,0.031245674997123635,
2025-09-15 08:53:35,SGD_lr0.01_m0.95,SGD,2,shakespeare_char,160,val_eval,2.7004194259643555,0.0009996670806431804,0.031245674997123635,
2025-09-15 08:53:35,SGD_lr0.01_m0.95,SGD,2,shakespeare_char,160,train_iter,2.712196111679077,0.0009996670806431804,0.031467274760633365,2087.968587875366
2025-09-15 08:53:36,SGD_lr0.01_m0.95,SGD,2,shakespeare_char,170,train_eval,2.6680428981781006,0.0009995468799435915,0.031467274760633365,
2025-09-15 08:53:36,SGD_lr0.01_m0.95,SGD,2,shakespeare_char,170,val_eval,2.674309015274048,0.0009995468799435915,0.031467274760633365,
2025-09-15 08:53:36,SGD_lr0.01_m0.95,SGD,2,shakespeare_char,170,train_iter,2.6744344234466553,0.0009995468799435915,0.03407592826915558,1213.9408588409424
2025-09-15 08:53:38,SGD_lr0.01_m0.95,SGD,2,shakespeare_char,180,train_eval,2.6418726444244385,0.000999408200132523,0.03407592826915558,
2025-09-15 08:53:38,SGD_lr0.01_m0.95,SGD,2,shakespeare_char,180,val_eval,2.6494805812835693,0.000999408200132523,0.03407592826915558,
2025-09-15 08:53:39,SGD_lr0.01_m0.95,SGD,2,shakespeare_char,180,train_iter,2.728158473968506,0.000999408200132523,0.03373972261206204,2274.7676372528076
2025-09-15 08:53:40,SGD_lr0.01_m0.95,SGD,2,shakespeare_char,190,train_eval,2.631753444671631,0.0009992510469105584,0.03373972261206204,
2025-09-15 08:53:40,SGD_lr0.01_m0.95,SGD,2,shakespeare_char,190,val_eval,2.64082407951355,0.0009992510469105584,0.03373972261206204,
2025-09-15 08:53:41,SGD_lr0.01_m0.95,SGD,2,shakespeare_char,190,train_iter,2.697953701019287,0.0009992510469105584,0.03470689433774666,1609.412670135498
2025-09-15 08:53:43,SGD_lr0.01_m0.95,SGD,2,shakespeare_char,200,train_eval,2.6185295581817627,0.0009990754267376514,0.03470689433774666,
2025-09-15 08:53:43,SGD_lr0.01_m0.95,SGD,2,shakespeare_char,200,val_eval,2.6203794479370117,0.0009990754267376514,0.03470689433774666,
2025-09-15 08:53:52,SGD_lr0.01_m0.95,SGD,2,shakespeare_char,100,train_iter,3.071570873260498,0.001,0.021347780290577028,306153.97334098816
2025-09-15 08:53:54,SGD_lr0.01_m0.95,SGD,2,shakespeare_char,110,train_eval,2.9296634197235107,0.0009999907511312647,0.021347780290577028,
2025-09-15 08:53:54,SGD_lr0.01_m0.95,SGD,2,shakespeare_char,110,val_eval,2.956840753555298,0.0009999907511312647,0.021347780290577028,
2025-09-15 08:53:55,SGD_lr0.01_m0.95,SGD,2,shakespeare_char,110,train_iter,3.0575027465820312,0.0009999907511312647,0.0217477636726437,2756.3509941101074
2025-09-15 08:53:57,SGD_lr0.01_m0.95,SGD,2,shakespeare_char,120,train_eval,2.864016532897949,0.0009999630049052437,0.0217477636726437,
2025-09-15 08:53:57,SGD_lr0.01_m0.95,SGD,2,shakespeare_char,120,val_eval,2.882681369781494,0.0009999630049052437,0.0217477636726437,
2025-09-15 08:53:57,SGD_lr0.01_m0.95,SGD,2,shakespeare_char,120,train_iter,2.882894515991211,0.0009999630049052437,0.02207932649303711,2787.6083850860596
2025-09-15 08:54:00,SGD_lr0.01_m0.95,SGD,2,shakespeare_char,130,train_eval,2.7994039058685303,0.0009999167624624755,0.02207932649303711,
2025-09-15 08:54:00,SGD_lr0.01_m0.95,SGD,2,shakespeare_char,130,val_eval,2.8183202743530273,0.0009999167624624755,0.02207932649303711,
2025-09-15 08:54:01,SGD_lr0.01_m0.95,SGD,2,shakespeare_char,130,train_iter,2.914842367172241,0.0009999167624624755,0.021855671653914856,3521.0251808166504
2025-09-15 08:54:03,SGD_lr0.01_m0.95,SGD,2,shakespeare_char,140,train_eval,2.7612268924713135,0.000999852025703806,0.021855671653914856,
2025-09-15 08:54:03,SGD_lr0.01_m0.95,SGD,2,shakespeare_char,140,val_eval,2.7747275829315186,0.000999852025703806,0.021855671653914856,
2025-09-15 08:54:03,SGD_lr0.01_m0.95,SGD,2,shakespeare_char,140,train_iter,2.8130688667297363,0.000999852025703806,0.022954741270686387,2127.082109451294
2025-09-15 08:54:05,SGD_lr0.01_m0.95,SGD,2,shakespeare_char,150,train_eval,2.724379777908325,0.0009997687972903096,0.022954741270686387,
2025-09-15 08:54:05,SGD_lr0.01_m0.95,SGD,2,shakespeare_char,150,val_eval,2.732926607131958,0.0009997687972903096,0.022954741270686387,
2025-09-15 08:54:06,SGD_lr0.01_m0.95,SGD,2,shakespeare_char,150,train_iter,2.766334056854248,0.0009997687972903096,0.023923209844144405,2140.568256378174
2025-09-15 08:54:08,SGD_lr0.01_m0.95,SGD,2,shakespeare_char,160,train_eval,2.689478874206543,0.0009996670806431804,0.023923209844144405,
2025-09-15 08:54:08,SGD_lr0.01_m0.95,SGD,2,shakespeare_char,160,val_eval,2.7004172801971436,0.0009996670806431804,0.023923209844144405,
2025-09-15 08:54:08,SGD_lr0.01_m0.95,SGD,2,shakespeare_char,160,train_iter,2.71213960647583,0.0009996670806431804,0.02442633913336038,2412.989854812622
2025-09-15 08:54:09,SGD_lr0.01_m0.95,SGD,2,shakespeare_char,170,train_eval,2.668034076690674,0.0009995468799435915,0.02442633913336038,
2025-09-15 08:54:09,SGD_lr0.01_m0.95,SGD,2,shakespeare_char,170,val_eval,2.674306869506836,0.0009995468799435915,0.02442633913336038,
2025-09-15 08:54:10,SGD_lr0.01_m0.95,SGD,2,shakespeare_char,170,train_iter,2.6744048595428467,0.0009995468799435915,0.026169723172715903,1669.0545082092285
2025-09-15 08:54:11,SGD_lr0.01_m0.95,SGD,2,shakespeare_char,180,train_eval,2.64188289642334,0.000999408200132523,0.026169723172715903,
2025-09-15 08:54:11,SGD_lr0.01_m0.95,SGD,2,shakespeare_char,180,val_eval,2.649501085281372,0.000999408200132523,0.026169723172715903,
2025-09-15 08:54:11,SGD_lr0.01_m0.95,SGD,2,shakespeare_char,180,train_iter,2.7281322479248047,0.000999408200132523,0.028244091749244173,1489.274024963379
2025-09-15 08:54:14,SGD_lr0.01_m0.95,SGD,2,shakespeare_char,190,train_eval,2.631737470626831,0.0009992510469105584,0.028244091749244173,
2025-09-15 08:54:14,SGD_lr0.01_m0.95,SGD,2,shakespeare_char,190,val_eval,2.6408095359802246,0.0009992510469105584,0.028244091749244173,
2025-09-15 08:54:14,SGD_lr0.01_m0.95,SGD,2,shakespeare_char,190,train_iter,2.6978719234466553,0.0009992510469105584,0.028032807392260543,2673.692464828491
2025-09-15 08:54:15,SGD_lr0.01_m0.95,SGD,2,shakespeare_char,200,train_eval,2.618551254272461,0.0009990754267376514,0.028032807392260543,
2025-09-15 08:54:15,SGD_lr0.01_m0.95,SGD,2,shakespeare_char,200,val_eval,2.620382785797119,0.0009990754267376514,0.028032807392260543,
2025-09-15 08:56:01,SGD_lr0.01_m0.9,SGD,2,shakespeare_char,0,train_iter,4.265802383422852,9.900990099009901e-06,,291523.4775543213
2025-09-15 08:56:04,SGD_lr0.01_m0.9,SGD,2,shakespeare_char,10,train_eval,4.234838962554932,0.0001089108910891089,,
2025-09-15 08:56:04,SGD_lr0.01_m0.9,SGD,2,shakespeare_char,10,val_eval,4.236033916473389,0.0001089108910891089,,
2025-09-15 08:56:05,SGD_lr0.01_m0.9,SGD,2,shakespeare_char,10,train_iter,4.240842819213867,0.0001089108910891089,0.019943301822932274,3503.277540206909
2025-09-15 08:56:08,SGD_lr0.01_m0.9,SGD,2,shakespeare_char,20,train_eval,4.087522983551025,0.00020792079207920794,0.019943301822932274,
2025-09-15 08:56:08,SGD_lr0.01_m0.9,SGD,2,shakespeare_char,20,val_eval,4.091339111328125,0.00020792079207920794,0.019943301822932274,
2025-09-15 08:56:09,SGD_lr0.01_m0.9,SGD,2,shakespeare_char,20,train_iter,4.134779930114746,0.00020792079207920794,0.0197238334804126,3936.4709854125977
2025-09-15 08:56:10,SGD_lr0.01_m0.9,SGD,2,shakespeare_char,30,train_eval,3.8725197315216064,0.00030693069306930693,0.0197238334804126,
2025-09-15 08:56:10,SGD_lr0.01_m0.9,SGD,2,shakespeare_char,30,val_eval,3.883204698562622,0.00030693069306930693,0.0197238334804126,
2025-09-15 08:56:10,SGD_lr0.01_m0.9,SGD,2,shakespeare_char,30,train_iter,3.9627339839935303,0.00030693069306930693,0.02285170691257639,1369.870662689209
2025-09-15 08:56:14,SGD_lr0.01_m0.9,SGD,2,shakespeare_char,40,train_eval,3.6898629665374756,0.000405940594059406,0.02285170691257639,
2025-09-15 08:56:14,SGD_lr0.01_m0.9,SGD,2,shakespeare_char,40,val_eval,3.7062859535217285,0.000405940594059406,0.02285170691257639,
2025-09-15 08:56:14,SGD_lr0.01_m0.9,SGD,2,shakespeare_char,40,train_iter,3.739959716796875,0.000405940594059406,0.022477272626226015,3656.5442085266113
2025-09-15 08:56:18,SGD_lr0.01_m0.9,SGD,2,shakespeare_char,50,train_eval,3.539303779602051,0.000504950495049505,0.022477272626226015,
2025-09-15 08:56:18,SGD_lr0.01_m0.9,SGD,2,shakespeare_char,50,val_eval,3.566622257232666,0.000504950495049505,0.022477272626226015,
2025-09-15 08:56:18,SGD_lr0.01_m0.9,SGD,2,shakespeare_char,50,train_iter,3.601269483566284,0.000504950495049505,0.021989099146973938,3970.7181453704834
2025-09-15 08:56:20,SGD_lr0.01_m0.9,SGD,2,shakespeare_char,60,train_eval,3.423813819885254,0.000603960396039604,0.021989099146973938,
2025-09-15 08:56:20,SGD_lr0.01_m0.9,SGD,2,shakespeare_char,60,val_eval,3.4560678005218506,0.000603960396039604,0.021989099146973938,
2025-09-15 08:56:20,SGD_lr0.01_m0.9,SGD,2,shakespeare_char,60,train_iter,3.4951064586639404,0.000603960396039604,0.023451434068583285,1908.2832336425781
2025-09-15 08:56:22,SGD_lr0.01_m0.9,SGD,2,shakespeare_char,70,train_eval,3.3470590114593506,0.000702970297029703,0.023451434068583285,
2025-09-15 08:56:22,SGD_lr0.01_m0.9,SGD,2,shakespeare_char,70,val_eval,3.38177490234375,0.000702970297029703,0.023451434068583285,
2025-09-15 08:56:23,SGD_lr0.01_m0.9,SGD,2,shakespeare_char,70,train_iter,3.4147000312805176,0.000702970297029703,0.023988080016231466,2424.4284629821777
2025-09-15 08:56:25,SGD_lr0.01_m0.9,SGD,2,shakespeare_char,80,train_eval,3.292811632156372,0.000801980198019802,0.023988080016231466,
2025-09-15 08:56:25,SGD_lr0.01_m0.9,SGD,2,shakespeare_char,80,val_eval,3.319068193435669,0.000801980198019802,0.023988080016231466,
2025-09-15 08:56:25,SGD_lr0.01_m0.9,SGD,2,shakespeare_char,80,train_iter,3.3213725090026855,0.000801980198019802,0.024784455691585505,2186.6323947906494
2025-09-15 08:56:28,SGD_lr0.01_m0.9,SGD,2,shakespeare_char,90,train_eval,3.2298429012298584,0.0009009900990099009,0.024784455691585505,
2025-09-15 08:56:28,SGD_lr0.01_m0.9,SGD,2,shakespeare_char,90,val_eval,3.2611172199249268,0.0009009900990099009,0.024784455691585505,
2025-09-15 08:56:29,SGD_lr0.01_m0.9,SGD,2,shakespeare_char,90,train_iter,3.2135303020477295,0.0009009900990099009,0.024221984749122655,3646.547317504883
2025-09-15 08:56:32,SGD_lr0.01_m0.9,SGD,2,shakespeare_char,100,train_eval,3.1430559158325195,0.001,0.024221984749122655,
2025-09-15 08:56:32,SGD_lr0.01_m0.9,SGD,2,shakespeare_char,100,val_eval,3.18086314201355,0.001,0.024221984749122655,
2025-09-15 08:57:33,SGD_lr0.01_m0.95,SGD,2,shakespeare_char,200,train_iter,2.6884121894836426,0.0009990754267376514,0.031266312113319365,232060.4362487793
2025-09-15 08:57:47,SGD_lr0.001_m0.0,SGD,2,shakespeare_char,0,train_eval,4.270771503448486,9.900990099009901e-06,,
2025-09-15 08:57:47,SGD_lr0.001_m0.0,SGD,2,shakespeare_char,0,val_eval,4.269772529602051,9.900990099009901e-06,,
2025-09-15 08:59:07,SGD_lr0.01_m0.95,SGD,2,shakespeare_char,200,train_iter,2.6885383129119873,0.0009990754267376514,0.025253397423892335,292688.16566467285
2025-09-15 08:59:27,SGD_lr0.001_m0.0,SGD,2,shakespeare_char,0,train_eval,4.270771503448486,9.900990099009901e-06,,
2025-09-15 08:59:27,SGD_lr0.001_m0.0,SGD,2,shakespeare_char,0,val_eval,4.269772529602051,9.900990099009901e-06,,
2025-09-15 09:01:29,SGD_lr0.01_m0.9,SGD,2,shakespeare_char,100,train_iter,3.194683790206909,0.001,0.021823063080483405,300156.8193435669
2025-09-15 09:01:31,SGD_lr0.01_m0.9,SGD,2,shakespeare_char,110,train_eval,3.0543441772460938,0.0009999907511312647,0.021823063080483405,
2025-09-15 09:01:31,SGD_lr0.01_m0.9,SGD,2,shakespeare_char,110,val_eval,3.0859029293060303,0.0009999907511312647,0.021823063080483405,
2025-09-15 09:01:32,SGD_lr0.01_m0.9,SGD,2,shakespeare_char,110,train_iter,3.192594528198242,0.0009999907511312647,0.022416272705219516,2517.258882522583
2025-09-15 09:01:35,SGD_lr0.01_m0.9,SGD,2,shakespeare_char,120,train_eval,2.9945309162139893,0.0009999630049052437,0.022416272705219516,
2025-09-15 09:01:35,SGD_lr0.01_m0.9,SGD,2,shakespeare_char,120,val_eval,3.0203139781951904,0.0009999630049052437,0.022416272705219516,
2025-09-15 09:01:36,SGD_lr0.01_m0.9,SGD,2,shakespeare_char,120,train_iter,3.037534475326538,0.0009999630049052437,0.02195831013717963,3917.043447494507
2025-09-15 09:01:39,SGD_lr0.01_m0.9,SGD,2,shakespeare_char,130,train_eval,2.9304895401000977,0.0009999167624624755,0.02195831013717963,
2025-09-15 09:01:39,SGD_lr0.01_m0.9,SGD,2,shakespeare_char,130,val_eval,2.9576632976531982,0.0009999167624624755,0.02195831013717963,
2025-09-15 09:01:40,SGD_lr0.01_m0.9,SGD,2,shakespeare_char,130,train_iter,3.053473949432373,0.0009999167624624755,0.021520591635362418,3973.973274230957
2025-09-15 09:01:41,SGD_lr0.01_m0.9,SGD,2,shakespeare_char,140,train_eval,2.8809802532196045,0.000999852025703806,0.021520591635362418,
2025-09-15 09:01:41,SGD_lr0.01_m0.9,SGD,2,shakespeare_char,140,val_eval,2.9039080142974854,0.000999852025703806,0.021520591635362418,
2025-09-15 09:01:42,SGD_lr0.01_m0.9,SGD,2,shakespeare_char,140,train_iter,2.9488778114318848,0.000999852025703806,0.023342646052129327,1758.0504417419434
2025-09-15 09:01:44,SGD_lr0.01_m0.9,SGD,2,shakespeare_char,150,train_eval,2.848140001296997,0.0009997687972903096,0.023342646052129327,
2025-09-15 09:01:44,SGD_lr0.01_m0.9,SGD,2,shakespeare_char,150,val_eval,2.8679611682891846,0.0009997687972903096,0.023342646052129327,
2025-09-15 09:01:45,SGD_lr0.01_m0.9,SGD,2,shakespeare_char,150,train_iter,2.9073262214660645,0.0009997687972903096,0.023732933391013115,2564.345359802246
2025-09-15 09:01:46,SGD_lr0.01_m0.9,SGD,2,shakespeare_char,160,train_eval,2.808403730392456,0.0009996670806431804,0.023732933391013115,
2025-09-15 09:01:46,SGD_lr0.01_m0.9,SGD,2,shakespeare_char,160,val_eval,2.8349382877349854,0.0009996670806431804,0.023732933391013115,
2025-09-15 09:01:47,SGD_lr0.01_m0.9,SGD,2,shakespeare_char,160,train_iter,2.847808837890625,0.0009996670806431804,0.024417145647754653,2285.095453262329
2025-09-15 09:01:49,SGD_lr0.01_m0.9,SGD,2,shakespeare_char,170,train_eval,2.788147211074829,0.0009995468799435915,0.024417145647754653,
2025-09-15 09:01:49,SGD_lr0.01_m0.9,SGD,2,shakespeare_char,170,val_eval,2.808286428451538,0.0009995468799435915,0.024417145647754653,
2025-09-15 09:01:49,SGD_lr0.01_m0.9,SGD,2,shakespeare_char,170,train_iter,2.7913622856140137,0.0009995468799435915,0.02509225940240095,2241.603136062622
2025-09-15 09:01:52,SGD_lr0.01_m0.9,SGD,2,shakespeare_char,180,train_eval,2.7518110275268555,0.000999408200132523,0.02509225940240095,
2025-09-15 09:01:52,SGD_lr0.01_m0.9,SGD,2,shakespeare_char,180,val_eval,2.773280382156372,0.000999408200132523,0.02509225940240095,
2025-09-15 09:01:52,SGD_lr0.01_m0.9,SGD,2,shakespeare_char,180,train_iter,2.8499526977539062,0.000999408200132523,0.02515435956410045,2717.1552181243896
2025-09-15 09:01:55,SGD_lr0.01_m0.9,SGD,2,shakespeare_char,190,train_eval,2.7379322052001953,0.0009992510469105584,0.02515435956410045,
2025-09-15 09:01:55,SGD_lr0.01_m0.9,SGD,2,shakespeare_char,190,val_eval,2.7586677074432373,0.0009992510469105584,0.02515435956410045,
2025-09-15 09:01:56,SGD_lr0.01_m0.9,SGD,2,shakespeare_char,190,train_iter,2.813127040863037,0.0009992510469105584,0.024699176418376684,3391.1819458007812
2025-09-15 09:01:57,SGD_lr0.01_m0.9,SGD,2,shakespeare_char,200,train_eval,2.7179839611053467,0.0009990754267376514,0.024699176418376684,
2025-09-15 09:01:57,SGD_lr0.01_m0.9,SGD,2,shakespeare_char,200,val_eval,2.727487564086914,0.0009990754267376514,0.024699176418376684,
2025-09-15 09:02:28,SGD_lr0.001_m0.0,SGD,2,shakespeare_char,0,train_iter,4.265802383422852,9.900990099009901e-06,,285720.2866077423
2025-09-15 09:02:29,SGD_lr0.001_m0.0,SGD,2,shakespeare_char,10,train_eval,4.263160228729248,0.0001089108910891089,,
2025-09-15 09:02:29,SGD_lr0.001_m0.0,SGD,2,shakespeare_char,10,val_eval,4.263652801513672,0.0001089108910891089,,
2025-09-15 09:02:29,SGD_lr0.001_m0.0,SGD,2,shakespeare_char,10,train_iter,4.260556221008301,0.0001089108910891089,0.051954764464502715,1344.7644710540771
2025-09-15 09:02:30,SGD_lr0.001_m0.0,SGD,2,shakespeare_char,20,train_eval,4.243582725524902,0.00020792079207920794,0.051954764464502715,
2025-09-15 09:02:30,SGD_lr0.001_m0.0,SGD,2,shakespeare_char,20,val_eval,4.243231296539307,0.00020792079207920794,0.051954764464502715,
2025-09-15 09:02:31,SGD_lr0.001_m0.0,SGD,2,shakespeare_char,20,train_iter,4.246522426605225,0.00020792079207920794,0.053163017362007604,1091.0348892211914
2025-09-15 09:02:33,SGD_lr0.001_m0.0,SGD,2,shakespeare_char,30,train_eval,4.212087154388428,0.00030693069306930693,0.053163017362007604,
2025-09-15 09:02:33,SGD_lr0.001_m0.0,SGD,2,shakespeare_char,30,val_eval,4.21204948425293,0.00030693069306930693,0.053163017362007604,
2025-09-15 09:02:33,SGD_lr0.001_m0.0,SGD,2,shakespeare_char,30,train_iter,4.230644702911377,0.00030693069306930693,0.050738193579282234,2416.30482673645
2025-09-15 09:02:35,SGD_lr0.001_m0.0,SGD,2,shakespeare_char,40,train_eval,4.168059825897217,0.000405940594059406,0.050738193579282234,
2025-09-15 09:02:35,SGD_lr0.001_m0.0,SGD,2,shakespeare_char,40,val_eval,4.170443534851074,0.000405940594059406,0.050738193579282234,
2025-09-15 09:02:35,SGD_lr0.001_m0.0,SGD,2,shakespeare_char,40,train_iter,4.190336227416992,0.000405940594059406,0.049022776202154374,2080.36208152771
2025-09-15 09:02:37,SGD_lr0.001_m0.0,SGD,2,shakespeare_char,50,train_eval,4.11624002456665,0.000504950495049505,0.049022776202154374,
2025-09-15 09:02:37,SGD_lr0.001_m0.0,SGD,2,shakespeare_char,50,val_eval,4.1193623542785645,0.000504950495049505,0.049022776202154374,
2025-09-15 09:02:37,SGD_lr0.001_m0.0,SGD,2,shakespeare_char,50,train_iter,4.153327465057373,0.000504950495049505,0.04954728410122206,1287.4457836151123
2025-09-15 09:02:38,SGD_lr0.001_m0.0,SGD,2,shakespeare_char,60,train_eval,4.0535502433776855,0.000603960396039604,0.04954728410122206,
2025-09-15 09:02:38,SGD_lr0.001_m0.0,SGD,2,shakespeare_char,60,val_eval,4.05985164642334,0.000603960396039604,0.04954728410122206,
2025-09-15 09:02:39,SGD_lr0.001_m0.0,SGD,2,shakespeare_char,60,train_iter,4.119218349456787,0.000603960396039604,0.0486462842850921,1723.522424697876
2025-09-15 09:02:40,SGD_lr0.001_m0.0,SGD,2,shakespeare_char,70,train_eval,3.9853432178497314,0.000702970297029703,0.0486462842850921,
2025-09-15 09:02:40,SGD_lr0.001_m0.0,SGD,2,shakespeare_char,70,val_eval,3.995120048522949,0.000702970297029703,0.0486462842850921,
2025-09-15 09:02:41,SGD_lr0.001_m0.0,SGD,2,shakespeare_char,70,train_iter,4.065935134887695,0.000702970297029703,0.04757070865259106,1843.9152240753174
2025-09-15 09:02:42,SGD_lr0.001_m0.0,SGD,2,shakespeare_char,80,train_eval,3.9178261756896973,0.000801980198019802,0.04757070865259106,
2025-09-15 09:02:42,SGD_lr0.001_m0.0,SGD,2,shakespeare_char,80,val_eval,3.92523193359375,0.000801980198019802,0.04757070865259106,
2025-09-15 09:02:42,SGD_lr0.001_m0.0,SGD,2,shakespeare_char,80,train_iter,4.004520416259766,0.000801980198019802,0.04654633910512716,1871.7522621154785
2025-09-15 09:02:43,SGD_lr0.001_m0.0,SGD,2,shakespeare_char,90,train_eval,3.8489584922790527,0.0009009900990099009,0.04654633910512716,
2025-09-15 09:02:43,SGD_lr0.001_m0.0,SGD,2,shakespeare_char,90,val_eval,3.8596253395080566,0.0009009900990099009,0.04654633910512716,
2025-09-15 09:02:44,SGD_lr0.001_m0.0,SGD,2,shakespeare_char,90,train_iter,3.9243674278259277,0.0009009900990099009,0.048267552158985504,1095.8061218261719
2025-09-15 09:02:47,SGD_lr0.001_m0.0,SGD,2,shakespeare_char,100,train_eval,3.7828056812286377,0.001,0.048267552158985504,
2025-09-15 09:02:47,SGD_lr0.001_m0.0,SGD,2,shakespeare_char,100,val_eval,3.796180009841919,0.001,0.048267552158985504,
2025-09-15 09:03:50,SGD_lr0.001_m0.0,SGD,2,shakespeare_char,0,train_iter,4.265802383422852,9.900990099009901e-06,,268840.96360206604
2025-09-15 09:03:52,SGD_lr0.001_m0.0,SGD,2,shakespeare_char,10,train_eval,4.263160228729248,0.0001089108910891089,,
2025-09-15 09:03:52,SGD_lr0.001_m0.0,SGD,2,shakespeare_char,10,val_eval,4.263652801513672,0.0001089108910891089,,
2025-09-15 09:03:52,SGD_lr0.001_m0.0,SGD,2,shakespeare_char,10,train_iter,4.260556221008301,0.0001089108910891089,0.027740267339175066,2518.6102390289307
2025-09-15 09:03:55,SGD_lr0.001_m0.0,SGD,2,shakespeare_char,20,train_eval,4.243586540222168,0.00020792079207920794,0.027740267339175066,
2025-09-15 09:03:55,SGD_lr0.001_m0.0,SGD,2,shakespeare_char,20,val_eval,4.243234157562256,0.00020792079207920794,0.027740267339175066,
2025-09-15 09:03:55,SGD_lr0.001_m0.0,SGD,2,shakespeare_char,20,train_iter,4.246448516845703,0.00020792079207920794,0.027236906711408854,3076.935052871704
2025-09-15 09:03:58,SGD_lr0.001_m0.0,SGD,2,shakespeare_char,30,train_eval,4.212081432342529,0.00030693069306930693,0.027236906711408854,
2025-09-15 09:03:58,SGD_lr0.001_m0.0,SGD,2,shakespeare_char,30,val_eval,4.212047576904297,0.00030693069306930693,0.027236906711408854,
2025-09-15 09:03:58,SGD_lr0.001_m0.0,SGD,2,shakespeare_char,30,train_iter,4.23053503036499,0.00030693069306930693,0.027630590449326496,2241.210460662842
2025-09-15 09:04:00,SGD_lr0.001_m0.0,SGD,2,shakespeare_char,40,train_eval,4.168065071105957,0.000405940594059406,0.027630590449326496,
2025-09-15 09:04:00,SGD_lr0.001_m0.0,SGD,2,shakespeare_char,40,val_eval,4.170446395874023,0.000405940594059406,0.027630590449326496,
2025-09-15 09:04:00,SGD_lr0.001_m0.0,SGD,2,shakespeare_char,40,train_iter,4.190374374389648,0.000405940594059406,0.027830964756945766,2357.6343059539795
2025-09-15 09:04:03,SGD_lr0.001_m0.0,SGD,2,shakespeare_char,50,train_eval,4.1162495613098145,0.000504950495049505,0.027830964756945766,
2025-09-15 09:04:03,SGD_lr0.001_m0.0,SGD,2,shakespeare_char,50,val_eval,4.119359493255615,0.000504950495049505,0.027830964756945766,
2025-09-15 09:04:03,SGD_lr0.001_m0.0,SGD,2,shakespeare_char,50,train_iter,4.153223037719727,0.000504950495049505,0.027875718797992565,2470.672369003296
2025-09-15 09:04:05,SGD_lr0.001_m0.0,SGD,2,shakespeare_char,60,train_eval,4.053561687469482,0.000603960396039604,0.027875718797992565,
2025-09-15 09:04:05,SGD_lr0.001_m0.0,SGD,2,shakespeare_char,60,val_eval,4.059852123260498,0.000603960396039604,0.027875718797992565,
2025-09-15 09:04:05,SGD_lr0.001_m0.0,SGD,2,shakespeare_char,60,train_iter,4.119234561920166,0.000603960396039604,0.028587172442063928,1996.7536926269531
2025-09-15 09:04:06,SGD_lr0.001_m0.0,SGD,2,shakespeare_char,70,train_eval,3.9853527545928955,0.000702970297029703,0.028587172442063928,
2025-09-15 09:04:06,SGD_lr0.001_m0.0,SGD,2,shakespeare_char,70,val_eval,3.9951353073120117,0.000702970297029703,0.028587172442063928,
2025-09-15 09:04:07,SGD_lr0.001_m0.0,SGD,2,shakespeare_char,70,train_iter,4.065974712371826,0.000702970297029703,0.029791090821433358,1719.7437286376953
2025-09-15 09:04:09,SGD_lr0.001_m0.0,SGD,2,shakespeare_char,80,train_eval,3.9178128242492676,0.000801980198019802,0.029791090821433358,
2025-09-15 09:04:09,SGD_lr0.001_m0.0,SGD,2,shakespeare_char,80,val_eval,3.925222873687744,0.000801980198019802,0.029791090821433358,
2025-09-15 09:04:09,SGD_lr0.001_m0.0,SGD,2,shakespeare_char,80,train_iter,4.004626274108887,0.000801980198019802,0.029832960927621006,2312.7243518829346
2025-09-15 09:04:10,SGD_lr0.001_m0.0,SGD,2,shakespeare_char,90,train_eval,3.8489580154418945,0.0009009900990099009,0.029832960927621006,
2025-09-15 09:04:10,SGD_lr0.001_m0.0,SGD,2,shakespeare_char,90,val_eval,3.859623432159424,0.0009009900990099009,0.029832960927621006,
2025-09-15 09:04:11,SGD_lr0.001_m0.0,SGD,2,shakespeare_char,90,train_iter,3.9244017601013184,0.0009009900990099009,0.03225033481938582,1293.6713695526123
2025-09-15 09:04:14,SGD_lr0.001_m0.0,SGD,2,shakespeare_char,100,train_eval,3.782801866531372,0.001,0.03225033481938582,
2025-09-15 09:04:14,SGD_lr0.001_m0.0,SGD,2,shakespeare_char,100,val_eval,3.7961716651916504,0.001,0.03225033481938582,
2025-09-15 09:06:47,SGD_lr0.01_m0.9,SGD,2,shakespeare_char,200,train_iter,2.7797982692718506,0.0009990754267376514,0.022253276733415525,290894.5240974426
2025-09-15 09:07:00,SGD_lr0.01_m0.95,SGD,2,shakespeare_char,0,train_eval,4.270771503448486,9.900990099009901e-06,,
2025-09-15 09:07:00,SGD_lr0.01_m0.95,SGD,2,shakespeare_char,0,val_eval,4.269772529602051,9.900990099009901e-06,,
2025-09-15 09:07:24,SGD_lr0.001_m0.0,SGD,2,shakespeare_char,100,train_iter,3.8889245986938477,0.001,0.04346577325344777,279732.7561378479
2025-09-15 09:07:25,SGD_lr0.001_m0.0,SGD,2,shakespeare_char,110,train_eval,3.7235870361328125,0.0009999907511312647,0.04346577325344777,
2025-09-15 09:07:25,SGD_lr0.001_m0.0,SGD,2,shakespeare_char,110,val_eval,3.7382423877716064,0.0009999907511312647,0.04346577325344777,
2025-09-15 09:07:25,SGD_lr0.001_m0.0,SGD,2,shakespeare_char,110,train_iter,3.8400371074676514,0.0009999907511312647,0.04309256589560916,1758.3794593811035
2025-09-15 09:07:27,SGD_lr0.001_m0.0,SGD,2,shakespeare_char,120,train_eval,3.674133539199829,0.0009999630049052437,0.04309256589560916,
2025-09-15 09:07:27,SGD_lr0.001_m0.0,SGD,2,shakespeare_char,120,val_eval,3.689507246017456,0.0009999630049052437,0.04309256589560916,
2025-09-15 09:07:28,SGD_lr0.001_m0.0,SGD,2,shakespeare_char,120,train_iter,3.7595949172973633,0.0009999630049052437,0.041769273342214086,2339.8447036743164
2025-09-15 09:07:29,SGD_lr0.001_m0.0,SGD,2,shakespeare_char,130,train_eval,3.627197504043579,0.0009999167624624755,0.041769273342214086,
2025-09-15 09:07:29,SGD_lr0.001_m0.0,SGD,2,shakespeare_char,130,val_eval,3.643801689147949,0.0009999167624624755,0.041769273342214086,
2025-09-15 09:07:29,SGD_lr0.001_m0.0,SGD,2,shakespeare_char,130,train_iter,3.7227447032928467,0.0009999167624624755,0.04360388004893038,1162.2145175933838
2025-09-15 09:07:30,SGD_lr0.001_m0.0,SGD,2,shakespeare_char,140,train_eval,3.5879974365234375,0.000999852025703806,0.04360388004893038,
2025-09-15 09:07:30,SGD_lr0.001_m0.0,SGD,2,shakespeare_char,140,val_eval,3.6071317195892334,0.000999852025703806,0.04360388004893038,
2025-09-15 09:07:30,SGD_lr0.001_m0.0,SGD,2,shakespeare_char,140,train_iter,3.667198657989502,0.000999852025703806,0.044614883961082305,1300.7228374481201
2025-09-15 09:07:32,SGD_lr0.001_m0.0,SGD,2,shakespeare_char,150,train_eval,3.5527331829071045,0.0009997687972903096,0.044614883961082305,
2025-09-15 09:07:32,SGD_lr0.001_m0.0,SGD,2,shakespeare_char,150,val_eval,3.5710108280181885,0.0009997687972903096,0.044614883961082305,
2025-09-15 09:07:32,SGD_lr0.001_m0.0,SGD,2,shakespeare_char,150,train_iter,3.637378215789795,0.0009997687972903096,0.04366956194399492,1987.0197772979736
2025-09-15 09:07:34,SGD_lr0.001_m0.0,SGD,2,shakespeare_char,160,train_eval,3.5197458267211914,0.0009996670806431804,0.04366956194399492,
2025-09-15 09:07:34,SGD_lr0.001_m0.0,SGD,2,shakespeare_char,160,val_eval,3.545358896255493,0.0009996670806431804,0.04366956194399492,
2025-09-15 09:07:35,SGD_lr0.001_m0.0,SGD,2,shakespeare_char,160,train_iter,3.593039035797119,0.0009996670806431804,0.042824614558155207,1983.7236404418945
2025-09-15 09:07:36,SGD_lr0.001_m0.0,SGD,2,shakespeare_char,170,train_eval,3.4934592247009277,0.0009995468799435915,0.042824614558155207,
2025-09-15 09:07:36,SGD_lr0.001_m0.0,SGD,2,shakespeare_char,170,val_eval,3.5185506343841553,0.0009995468799435915,0.042824614558155207,
2025-09-15 09:07:37,SGD_lr0.001_m0.0,SGD,2,shakespeare_char,170,train_iter,3.5402841567993164,0.0009995468799435915,0.04217467423048835,1923.372745513916
2025-09-15 09:07:39,SGD_lr0.001_m0.0,SGD,2,shakespeare_char,180,train_eval,3.464298725128174,0.000999408200132523,0.04217467423048835,
2025-09-15 09:07:39,SGD_lr0.001_m0.0,SGD,2,shakespeare_char,180,val_eval,3.4920918941497803,0.000999408200132523,0.04217467423048835,
2025-09-15 09:07:39,SGD_lr0.001_m0.0,SGD,2,shakespeare_char,180,train_iter,3.547881841659546,0.000999408200132523,0.04075970389252652,2493.0238723754883
2025-09-15 09:07:41,SGD_lr0.001_m0.0,SGD,2,shakespeare_char,190,train_eval,3.447000026702881,0.0009992510469105584,0.04075970389252652,
2025-09-15 09:07:41,SGD_lr0.001_m0.0,SGD,2,shakespeare_char,190,val_eval,3.4794886112213135,0.0009992510469105584,0.04075970389252652,
2025-09-15 09:07:41,SGD_lr0.001_m0.0,SGD,2,shakespeare_char,190,train_iter,3.5199973583221436,0.0009992510469105584,0.04003901771303143,2082.2951793670654
2025-09-15 09:07:42,SGD_lr0.001_m0.0,SGD,2,shakespeare_char,200,train_eval,3.429450035095215,0.0009990754267376514,0.04003901771303143,
2025-09-15 09:07:42,SGD_lr0.001_m0.0,SGD,2,shakespeare_char,200,val_eval,3.4556078910827637,0.0009990754267376514,0.04003901771303143,
2025-09-15 09:07:53,SGD_lr0.001_m0.0,SGD,2,shakespeare_char,100,train_iter,3.8888449668884277,0.001,0.029056673709123064,222702.0707130432
2025-09-15 09:07:55,SGD_lr0.001_m0.0,SGD,2,shakespeare_char,110,train_eval,3.7235934734344482,0.0009999907511312647,0.029056673709123064,
2025-09-15 09:07:55,SGD_lr0.001_m0.0,SGD,2,shakespeare_char,110,val_eval,3.7382400035858154,0.0009999907511312647,0.029056673709123064,
2025-09-15 09:07:55,SGD_lr0.001_m0.0,SGD,2,shakespeare_char,110,train_iter,3.840121269226074,0.0009999907511312647,0.029967110058743796,1830.8444023132324
2025-09-15 09:07:58,SGD_lr0.001_m0.0,SGD,2,shakespeare_char,120,train_eval,3.674136161804199,0.0009999630049052437,0.029967110058743796,
2025-09-15 09:07:58,SGD_lr0.001_m0.0,SGD,2,shakespeare_char,120,val_eval,3.6895101070404053,0.0009999630049052437,0.029967110058743796,
2025-09-15 09:07:58,SGD_lr0.001_m0.0,SGD,2,shakespeare_char,120,train_iter,3.759505033493042,0.0009999630049052437,0.03007049759296025,2253.700017929077
2025-09-15 09:07:59,SGD_lr0.001_m0.0,SGD,2,shakespeare_char,130,train_eval,3.627199649810791,0.0009999167624624755,0.03007049759296025,
2025-09-15 09:07:59,SGD_lr0.001_m0.0,SGD,2,shakespeare_char,130,val_eval,3.643805503845215,0.0009999167624624755,0.03007049759296025,
2025-09-15 09:07:59,SGD_lr0.001_m0.0,SGD,2,shakespeare_char,130,train_iter,3.722743511199951,0.0009999167624624755,0.031495174688626705,1576.51686668396
2025-09-15 09:08:01,SGD_lr0.001_m0.0,SGD,2,shakespeare_char,140,train_eval,3.5879993438720703,0.000999852025703806,0.031495174688626705,
2025-09-15 09:08:01,SGD_lr0.001_m0.0,SGD,2,shakespeare_char,140,val_eval,3.6071362495422363,0.000999852025703806,0.031495174688626705,
2025-09-15 09:08:02,SGD_lr0.001_m0.0,SGD,2,shakespeare_char,140,train_iter,3.667179822921753,0.000999852025703806,0.03168447818664145,2092.562675476074
2025-09-15 09:08:03,SGD_lr0.001_m0.0,SGD,2,shakespeare_char,150,train_eval,3.5527255535125732,0.0009997687972903096,0.03168447818664145,
2025-09-15 09:08:03,SGD_lr0.001_m0.0,SGD,2,shakespeare_char,150,val_eval,3.5710079669952393,0.0009997687972903096,0.03168447818664145,
2025-09-15 09:08:03,SGD_lr0.001_m0.0,SGD,2,shakespeare_char,150,train_iter,3.6372876167297363,0.0009997687972903096,0.03348235849334428,1406.8124294281006
2025-09-15 09:08:05,SGD_lr0.001_m0.0,SGD,2,shakespeare_char,160,train_eval,3.5197384357452393,0.0009996670806431804,0.03348235849334428,
2025-09-15 09:08:05,SGD_lr0.001_m0.0,SGD,2,shakespeare_char,160,val_eval,3.5453624725341797,0.0009996670806431804,0.03348235849334428,
2025-09-15 09:08:05,SGD_lr0.001_m0.0,SGD,2,shakespeare_char,160,train_iter,3.59297513961792,0.0009996670806431804,0.0340446228301933,1786.649227142334
2025-09-15 09:08:06,SGD_lr0.001_m0.0,SGD,2,shakespeare_char,170,train_eval,3.4934656620025635,0.0009995468799435915,0.0340446228301933,
2025-09-15 09:08:06,SGD_lr0.001_m0.0,SGD,2,shakespeare_char,170,val_eval,3.5185554027557373,0.0009995468799435915,0.0340446228301933,
2025-09-15 09:08:06,SGD_lr0.001_m0.0,SGD,2,shakespeare_char,170,train_iter,3.5402698516845703,0.0009995468799435915,0.03610966438687506,1277.390480041504
2025-09-15 09:08:09,SGD_lr0.001_m0.0,SGD,2,shakespeare_char,180,train_eval,3.4642956256866455,0.000999408200132523,0.03610966438687506,
2025-09-15 09:08:09,SGD_lr0.001_m0.0,SGD,2,shakespeare_char,180,val_eval,3.492093801498413,0.000999408200132523,0.03610966438687506,
2025-09-15 09:08:09,SGD_lr0.001_m0.0,SGD,2,shakespeare_char,180,train_iter,3.547973394393921,0.000999408200132523,0.035072068462297885,2714.996576309204
2025-09-15 09:08:12,SGD_lr0.001_m0.0,SGD,2,shakespeare_char,190,train_eval,3.4469821453094482,0.0009992510469105584,0.035072068462297885,
2025-09-15 09:08:12,SGD_lr0.001_m0.0,SGD,2,shakespeare_char,190,val_eval,3.4794821739196777,0.0009992510469105584,0.035072068462297885,
2025-09-15 09:08:12,SGD_lr0.001_m0.0,SGD,2,shakespeare_char,190,train_iter,3.5199859142303467,0.0009992510469105584,0.03442759869449069,2440.563678741455
2025-09-15 09:08:14,SGD_lr0.001_m0.0,SGD,2,shakespeare_char,200,train_eval,3.4294512271881104,0.0009990754267376514,0.03442759869449069,
2025-09-15 09:08:14,SGD_lr0.001_m0.0,SGD,2,shakespeare_char,200,val_eval,3.4556145668029785,0.0009990754267376514,0.03442759869449069,
2025-09-15 09:09:33,MUON_lr0.0003_m0.95,MUON,2,shakespeare_char,0,train_eval,4.270771503448486,9.900990099009901e-06,,
2025-09-15 09:09:33,MUON_lr0.0003_m0.95,MUON,2,shakespeare_char,0,val_eval,4.269772529602051,9.900990099009901e-06,,
2025-09-15 09:11:22,SGD_lr0.01_m0.95,SGD,2,shakespeare_char,0,train_iter,4.265802383422852,9.900990099009901e-06,,266802.01625823975
2025-09-15 09:11:25,SGD_lr0.01_m0.95,SGD,2,shakespeare_char,10,train_eval,4.2288103103637695,0.0001089108910891089,,
2025-09-15 09:11:25,SGD_lr0.01_m0.95,SGD,2,shakespeare_char,10,val_eval,4.2301483154296875,0.0001089108910891089,,
2025-09-15 09:11:26,SGD_lr0.01_m0.95,SGD,2,shakespeare_char,10,train_iter,4.236733436584473,0.0001089108910891089,0.02243426904684936,3114.2945289611816
2025-09-15 09:11:28,SGD_lr0.01_m0.95,SGD,2,shakespeare_char,20,train_eval,4.033045291900635,0.00020792079207920794,0.02243426904684936,
2025-09-15 09:11:28,SGD_lr0.01_m0.95,SGD,2,shakespeare_char,20,val_eval,4.038328647613525,0.00020792079207920794,0.02243426904684936,
2025-09-15 09:11:28,SGD_lr0.01_m0.95,SGD,2,shakespeare_char,20,train_iter,4.093510627746582,0.00020792079207920794,0.023489427321472692,2118.0875301361084
2025-09-15 09:11:30,SGD_lr0.01_m0.95,SGD,2,shakespeare_char,30,train_eval,3.768984317779541,0.00030693069306930693,0.023489427321472692,
2025-09-15 09:11:30,SGD_lr0.01_m0.95,SGD,2,shakespeare_char,30,val_eval,3.7832412719726562,0.00030693069306930693,0.023489427321472692,
2025-09-15 09:11:30,SGD_lr0.01_m0.95,SGD,2,shakespeare_char,30,train_iter,3.856557846069336,0.00030693069306930693,0.024202698661380345,2281.5818786621094
2025-09-15 09:11:32,SGD_lr0.01_m0.95,SGD,2,shakespeare_char,40,train_eval,3.587599277496338,0.000405940594059406,0.024202698661380345,
2025-09-15 09:11:32,SGD_lr0.01_m0.95,SGD,2,shakespeare_char,40,val_eval,3.6083080768585205,0.000405940594059406,0.024202698661380345,
2025-09-15 09:11:32,SGD_lr0.01_m0.95,SGD,2,shakespeare_char,40,train_iter,3.6013543605804443,0.000405940594059406,0.026325740538907644,1537.797212600708
2025-09-15 09:11:34,SGD_lr0.01_m0.95,SGD,2,shakespeare_char,50,train_eval,3.432068109512329,0.000504950495049505,0.026325740538907644,
2025-09-15 09:11:34,SGD_lr0.01_m0.95,SGD,2,shakespeare_char,50,val_eval,3.465996503829956,0.000504950495049505,0.026325740538907644,
2025-09-15 09:11:34,SGD_lr0.01_m0.95,SGD,2,shakespeare_char,50,train_iter,3.472208023071289,0.000504950495049505,0.02664074480415184,2370.3160285949707
2025-09-15 09:11:37,SGD_lr0.01_m0.95,SGD,2,shakespeare_char,60,train_eval,3.3460373878479004,0.000603960396039604,0.02664074480415184,
2025-09-15 09:11:37,SGD_lr0.01_m0.95,SGD,2,shakespeare_char,60,val_eval,3.3839118480682373,0.000603960396039604,0.02664074480415184,
2025-09-15 09:11:38,SGD_lr0.01_m0.95,SGD,2,shakespeare_char,60,train_iter,3.403123378753662,0.000603960396039604,0.02597486326638088,3496.5052604675293
2025-09-15 09:11:40,SGD_lr0.01_m0.95,SGD,2,shakespeare_char,70,train_eval,3.284759759902954,0.000702970297029703,0.02597486326638088,
2025-09-15 09:11:40,SGD_lr0.01_m0.95,SGD,2,shakespeare_char,70,val_eval,3.324154853820801,0.000702970297029703,0.02597486326638088,
2025-09-15 09:11:41,SGD_lr0.01_m0.95,SGD,2,shakespeare_char,70,train_iter,3.3417434692382812,0.000702970297029703,0.026163804069485354,2507.401704788208
2025-09-15 09:11:43,SGD_lr0.01_m0.95,SGD,2,shakespeare_char,80,train_eval,3.2244179248809814,0.000801980198019802,0.026163804069485354,
2025-09-15 09:11:43,SGD_lr0.01_m0.95,SGD,2,shakespeare_char,80,val_eval,3.253718376159668,0.000801980198019802,0.026163804069485354,
2025-09-15 09:11:43,SGD_lr0.01_m0.95,SGD,2,shakespeare_char,80,train_iter,3.2426600456237793,0.000801980198019802,0.026604429134002437,2285.4692935943604
2025-09-15 09:11:45,SGD_lr0.01_m0.95,SGD,2,shakespeare_char,90,train_eval,3.12434458732605,0.0009009900990099009,0.026604429134002437,
2025-09-15 09:11:45,SGD_lr0.01_m0.95,SGD,2,shakespeare_char,90,val_eval,3.1551449298858643,0.0009009900990099009,0.026604429134002437,
2025-09-15 09:11:46,SGD_lr0.01_m0.95,SGD,2,shakespeare_char,90,train_iter,3.106252670288086,0.0009009900990099009,0.026484679298631898,2749.915838241577
2025-09-15 09:11:48,SGD_lr0.01_m0.95,SGD,2,shakespeare_char,100,train_eval,3.0045626163482666,0.001,0.026484679298631898,
2025-09-15 09:11:48,SGD_lr0.01_m0.95,SGD,2,shakespeare_char,100,val_eval,3.0348622798919678,0.001,0.026484679298631898,
2025-09-15 09:11:54,SGD_lr0.001_m0.0,SGD,2,shakespeare_char,200,train_iter,3.461991310119629,0.0009990754267376514,0.03606273493816005,252966.90821647644
2025-09-15 09:12:11,SGD_lr0.001_m0.9,SGD,2,shakespeare_char,0,train_eval,4.270771503448486,9.900990099009901e-06,,
2025-09-15 09:12:11,SGD_lr0.001_m0.9,SGD,2,shakespeare_char,0,val_eval,4.269772529602051,9.900990099009901e-06,,
2025-09-15 09:12:27,SGD_lr0.001_m0.0,SGD,2,shakespeare_char,200,train_iter,3.4619719982147217,0.0009990754267376514,0.03101223883124341,254988.70635032654
2025-09-15 09:12:48,SGD_lr0.001_m0.9,SGD,2,shakespeare_char,0,train_eval,4.270771503448486,9.900990099009901e-06,,
2025-09-15 09:12:48,SGD_lr0.001_m0.9,SGD,2,shakespeare_char,0,val_eval,4.269772529602051,9.900990099009901e-06,,
2025-09-15 09:14:42,MUON_lr0.0003_m0.95,MUON,2,shakespeare_char,0,train_iter,4.265802383422852,9.900990099009901e-06,,315143.54157447815
2025-09-15 09:14:45,MUON_lr0.0003_m0.95,MUON,2,shakespeare_char,10,train_eval,4.213225841522217,0.0001089108910891089,,
2025-09-15 09:14:45,MUON_lr0.0003_m0.95,MUON,2,shakespeare_char,10,val_eval,4.214197158813477,0.0001089108910891089,,
2025-09-15 09:14:46,MUON_lr0.0003_m0.95,MUON,2,shakespeare_char,10,train_iter,4.225978851318359,0.0001089108910891089,0.023212675623180325,3009.8607540130615
2025-09-15 09:14:48,MUON_lr0.0003_m0.95,MUON,2,shakespeare_char,20,train_eval,4.05626106262207,0.00020792079207920794,0.023212675623180325,
2025-09-15 09:14:49,MUON_lr0.0003_m0.95,MUON,2,shakespeare_char,20,val_eval,4.05817174911499,0.00020792079207920794,0.023212675623180325,
2025-09-15 09:14:49,MUON_lr0.0003_m0.95,MUON,2,shakespeare_char,20,train_iter,4.116024971008301,0.00020792079207920794,0.023317297748805674,2880.0535202026367
2025-09-15 09:14:51,MUON_lr0.0003_m0.95,MUON,2,shakespeare_char,30,train_eval,3.830087661743164,0.00030693069306930693,0.023317297748805674,
2025-09-15 09:14:51,MUON_lr0.0003_m0.95,MUON,2,shakespeare_char,30,val_eval,3.8363888263702393,0.00030693069306930693,0.023317297748805674,
2025-09-15 09:14:52,MUON_lr0.0003_m0.95,MUON,2,shakespeare_char,30,train_iter,3.9463729858398438,0.00030693069306930693,0.024304759715610396,2104.937791824341
2025-09-15 09:14:53,MUON_lr0.0003_m0.95,MUON,2,shakespeare_char,40,train_eval,3.5903890132904053,0.000405940594059406,0.024304759715610396,
2025-09-15 09:14:53,MUON_lr0.0003_m0.95,MUON,2,shakespeare_char,40,val_eval,3.601011037826538,0.000405940594059406,0.024304759715610396,
2025-09-15 09:14:54,MUON_lr0.0003_m0.95,MUON,2,shakespeare_char,40,train_iter,3.7230629920959473,0.000405940594059406,0.025360280991136682,2004.216194152832
2025-09-15 09:14:56,MUON_lr0.0003_m0.95,MUON,2,shakespeare_char,50,train_eval,3.381115198135376,0.000504950495049505,0.025360280991136682,
2025-09-15 09:14:56,MUON_lr0.0003_m0.95,MUON,2,shakespeare_char,50,val_eval,3.398744583129883,0.000504950495049505,0.025360280991136682,
2025-09-15 09:14:56,MUON_lr0.0003_m0.95,MUON,2,shakespeare_char,50,train_iter,3.522873640060425,0.000504950495049505,0.02748765058460331,1498.1977939605713
2025-09-15 09:14:58,MUON_lr0.0003_m0.95,MUON,2,shakespeare_char,60,train_eval,3.199530601501465,0.000603960396039604,0.02748765058460331,
2025-09-15 09:14:58,MUON_lr0.0003_m0.95,MUON,2,shakespeare_char,60,val_eval,3.2222235202789307,0.000603960396039604,0.02748765058460331,
2025-09-15 09:14:58,MUON_lr0.0003_m0.95,MUON,2,shakespeare_char,60,train_iter,3.343505382537842,0.000603960396039604,0.028845894622630496,1701.1630535125732
2025-09-15 09:15:00,MUON_lr0.0003_m0.95,MUON,2,shakespeare_char,70,train_eval,3.049947500228882,0.000702970297029703,0.028845894622630496,
2025-09-15 09:15:00,MUON_lr0.0003_m0.95,MUON,2,shakespeare_char,70,val_eval,3.074223279953003,0.000702970297029703,0.028845894622630496,
2025-09-15 09:15:00,MUON_lr0.0003_m0.95,MUON,2,shakespeare_char,70,train_iter,3.180061101913452,0.000702970297029703,0.029590566022145798,1925.100564956665
2025-09-15 09:15:03,MUON_lr0.0003_m0.95,MUON,2,shakespeare_char,80,train_eval,2.9214484691619873,0.000801980198019802,0.029590566022145798,
2025-09-15 09:15:03,MUON_lr0.0003_m0.95,MUON,2,shakespeare_char,80,val_eval,2.935598134994507,0.000801980198019802,0.029590566022145798,
2025-09-15 09:15:04,MUON_lr0.0003_m0.95,MUON,2,shakespeare_char,80,train_iter,3.0275111198425293,0.000801980198019802,0.028709256257715622,3362.629175186157
2025-09-15 09:15:08,MUON_lr0.0003_m0.95,MUON,2,shakespeare_char,90,train_eval,2.8138558864593506,0.0009009900990099009,0.028709256257715622,
2025-09-15 09:15:08,MUON_lr0.0003_m0.95,MUON,2,shakespeare_char,90,val_eval,2.8264968395233154,0.0009009900990099009,0.028709256257715622,
2025-09-15 09:15:09,MUON_lr0.0003_m0.95,MUON,2,shakespeare_char,90,train_iter,2.8972244262695312,0.0009009900990099009,0.02779403835085532,3572.462320327759
2025-09-15 09:15:11,MUON_lr0.0003_m0.95,MUON,2,shakespeare_char,100,train_eval,2.7361581325531006,0.001,0.02779403835085532,
2025-09-15 09:15:11,MUON_lr0.0003_m0.95,MUON,2,shakespeare_char,100,val_eval,2.7612664699554443,0.001,0.02779403835085532,
2025-09-15 09:17:07,SGD_lr0.01_m0.95,SGD,2,shakespeare_char,100,train_iter,3.071762800216675,0.001,0.023857972108928028,321068.6807632446
2025-09-15 09:17:09,SGD_lr0.01_m0.95,SGD,2,shakespeare_char,110,train_eval,2.929680585861206,0.0009999907511312647,0.023857972108928028,
2025-09-15 09:17:09,SGD_lr0.01_m0.95,SGD,2,shakespeare_char,110,val_eval,2.956848382949829,0.0009999907511312647,0.023857972108928028,
2025-09-15 09:17:10,SGD_lr0.01_m0.95,SGD,2,shakespeare_char,110,train_iter,3.057542324066162,0.0009999907511312647,0.02422216870631793,2540.621042251587
2025-09-15 09:17:12,SGD_lr0.01_m0.95,SGD,2,shakespeare_char,120,train_eval,2.8640482425689697,0.0009999630049052437,0.02422216870631793,
2025-09-15 09:17:12,SGD_lr0.01_m0.95,SGD,2,shakespeare_char,120,val_eval,2.8826911449432373,0.0009999630049052437,0.02422216870631793,
2025-09-15 09:17:13,SGD_lr0.01_m0.95,SGD,2,shakespeare_char,120,train_iter,2.8828887939453125,0.0009999630049052437,0.02403950872621789,3119.676113128662
2025-09-15 09:17:16,SGD_lr0.01_m0.95,SGD,2,shakespeare_char,130,train_eval,2.799426555633545,0.0009999167624624755,0.02403950872621789,
2025-09-15 09:17:16,SGD_lr0.01_m0.95,SGD,2,shakespeare_char,130,val_eval,2.8183412551879883,0.0009999167624624755,0.02403950872621789,
2025-09-15 09:17:17,SGD_lr0.01_m0.95,SGD,2,shakespeare_char,130,train_iter,2.9147651195526123,0.0009999167624624755,0.02353500950295344,3678.2679557800293
2025-09-15 09:17:20,SGD_lr0.01_m0.95,SGD,2,shakespeare_char,140,train_eval,2.761232376098633,0.000999852025703806,0.02353500950295344,
2025-09-15 09:17:20,SGD_lr0.01_m0.95,SGD,2,shakespeare_char,140,val_eval,2.7747464179992676,0.000999852025703806,0.02353500950295344,
2025-09-15 09:17:20,SGD_lr0.01_m0.95,SGD,2,shakespeare_char,140,train_iter,2.813148260116577,0.000999852025703806,0.02321093624198916,3442.690849304199
2025-09-15 09:17:23,SGD_lr0.01_m0.95,SGD,2,shakespeare_char,150,train_eval,2.724370002746582,0.0009997687972903096,0.02321093624198916,
2025-09-15 09:17:23,SGD_lr0.01_m0.95,SGD,2,shakespeare_char,150,val_eval,2.732921838760376,0.0009997687972903096,0.02321093624198916,
2025-09-15 09:17:23,SGD_lr0.01_m0.95,SGD,2,shakespeare_char,150,train_iter,2.766317367553711,0.0009997687972903096,0.02321952427667169,2998.990058898926
2025-09-15 09:17:26,SGD_lr0.01_m0.95,SGD,2,shakespeare_char,160,train_eval,2.6894726753234863,0.0009996670806431804,0.02321952427667169,
2025-09-15 09:17:26,SGD_lr0.01_m0.95,SGD,2,shakespeare_char,160,val_eval,2.7004294395446777,0.0009996670806431804,0.02321952427667169,
2025-09-15 09:17:27,SGD_lr0.01_m0.95,SGD,2,shakespeare_char,160,train_iter,2.7120285034179688,0.0009996670806431804,0.022813433238073784,3646.7628479003906
2025-09-15 09:17:31,SGD_lr0.01_m0.95,SGD,2,shakespeare_char,170,train_eval,2.6680426597595215,0.0009995468799435915,0.022813433238073784,
2025-09-15 09:17:31,SGD_lr0.01_m0.95,SGD,2,shakespeare_char,170,val_eval,2.674309015274048,0.0009995468799435915,0.022813433238073784,
2025-09-15 09:17:31,SGD_lr0.01_m0.95,SGD,2,shakespeare_char,170,train_iter,2.6745147705078125,0.0009995468799435915,0.0221456776707657,4329.911470413208
2025-09-15 09:17:34,SGD_lr0.01_m0.95,SGD,2,shakespeare_char,180,train_eval,2.6418700218200684,0.000999408200132523,0.0221456776707657,
2025-09-15 09:17:34,SGD_lr0.01_m0.95,SGD,2,shakespeare_char,180,val_eval,2.649484872817993,0.000999408200132523,0.0221456776707657,
2025-09-15 09:17:34,SGD_lr0.01_m0.95,SGD,2,shakespeare_char,180,train_iter,2.7280197143554688,0.000999408200132523,0.02254515523243612,2672.750949859619
2025-09-15 09:17:36,SGD_lr0.001_m0.9,SGD,2,shakespeare_char,0,train_iter,4.265802383422852,9.900990099009901e-06,,330335.3040218353
2025-09-15 09:17:37,SGD_lr0.01_m0.95,SGD,2,shakespeare_char,190,train_eval,2.6317412853240967,0.0009992510469105584,0.02254515523243612,
2025-09-15 09:17:37,SGD_lr0.01_m0.95,SGD,2,shakespeare_char,190,val_eval,2.6408252716064453,0.0009992510469105584,0.02254515523243612,
2025-09-15 09:17:38,SGD_lr0.01_m0.95,SGD,2,shakespeare_char,190,train_iter,2.697895050048828,0.0009992510469105584,0.02232567429206708,3433.2056045532227
2025-09-15 09:17:38,SGD_lr0.001_m0.9,SGD,2,shakespeare_char,10,train_eval,4.234838962554932,0.0001089108910891089,,
2025-09-15 09:17:38,SGD_lr0.001_m0.9,SGD,2,shakespeare_char,10,val_eval,4.236033916473389,0.0001089108910891089,,
2025-09-15 09:17:39,SGD_lr0.001_m0.9,SGD,2,shakespeare_char,10,train_iter,4.240842819213867,0.0001089108910891089,0.03071782207061359,2274.47509765625
2025-09-15 09:17:40,SGD_lr0.001_m0.9,SGD,2,shakespeare_char,20,train_eval,4.0875091552734375,0.00020792079207920794,0.03071782207061359,
2025-09-15 09:17:40,SGD_lr0.001_m0.9,SGD,2,shakespeare_char,20,val_eval,4.091339588165283,0.00020792079207920794,0.03071782207061359,
2025-09-15 09:17:40,SGD_lr0.001_m0.9,SGD,2,shakespeare_char,20,train_iter,4.134809494018555,0.00020792079207920794,0.033877054176662105,1121.27685546875
2025-09-15 09:17:41,SGD_lr0.01_m0.95,SGD,2,shakespeare_char,200,train_eval,2.6185598373413086,0.0009990754267376514,0.02232567429206708,
2025-09-15 09:17:41,SGD_lr0.01_m0.95,SGD,2,shakespeare_char,200,val_eval,2.620396375656128,0.0009990754267376514,0.02232567429206708,
2025-09-15 09:17:43,SGD_lr0.001_m0.9,SGD,2,shakespeare_char,30,train_eval,3.8725125789642334,0.00030693069306930693,0.033877054176662105,
2025-09-15 09:17:43,SGD_lr0.001_m0.9,SGD,2,shakespeare_char,30,val_eval,3.8832058906555176,0.00030693069306930693,0.033877054176662105,
2025-09-15 09:17:44,SGD_lr0.001_m0.9,SGD,2,shakespeare_char,30,train_iter,3.962794780731201,0.00030693069306930693,0.032363795472074984,3727.3356914520264
2025-09-15 09:17:46,SGD_lr0.001_m0.9,SGD,2,shakespeare_char,40,train_eval,3.689859628677368,0.000405940594059406,0.032363795472074984,
2025-09-15 09:17:46,SGD_lr0.001_m0.9,SGD,2,shakespeare_char,40,val_eval,3.7062768936157227,0.000405940594059406,0.032363795472074984,
2025-09-15 09:17:47,SGD_lr0.001_m0.9,SGD,2,shakespeare_char,40,train_iter,3.739866256713867,0.000405940594059406,0.03132721118409866,3176.0647296905518
2025-09-15 09:17:50,SGD_lr0.001_m0.9,SGD,2,shakespeare_char,50,train_eval,3.5393052101135254,0.000504950495049505,0.03132721118409866,
2025-09-15 09:17:50,SGD_lr0.001_m0.9,SGD,2,shakespeare_char,50,val_eval,3.566628932952881,0.000504950495049505,0.03132721118409866,
2025-09-15 09:17:51,SGD_lr0.001_m0.9,SGD,2,shakespeare_char,50,train_iter,3.6012792587280273,0.000504950495049505,0.03003918777870161,3787.445545196533
2025-09-15 09:17:54,SGD_lr0.001_m0.9,SGD,2,shakespeare_char,60,train_eval,3.4238173961639404,0.000603960396039604,0.03003918777870161,
2025-09-15 09:17:54,SGD_lr0.001_m0.9,SGD,2,shakespeare_char,60,val_eval,3.4560623168945312,0.000603960396039604,0.03003918777870161,
2025-09-15 09:17:55,SGD_lr0.001_m0.9,SGD,2,shakespeare_char,60,train_iter,3.4951415061950684,0.000603960396039604,0.029078955956711828,3418.670415878296
2025-09-15 09:17:56,SGD_lr0.001_m0.9,SGD,2,shakespeare_char,70,train_eval,3.34706449508667,0.000702970297029703,0.029078955956711828,
2025-09-15 09:17:56,SGD_lr0.001_m0.9,SGD,2,shakespeare_char,70,val_eval,3.3817806243896484,0.000702970297029703,0.029078955956711828,
2025-09-15 09:17:56,SGD_lr0.001_m0.9,SGD,2,shakespeare_char,70,train_iter,3.414653778076172,0.000702970297029703,0.03102677340546326,1438.8601779937744
2025-09-15 09:17:58,SGD_lr0.001_m0.9,SGD,2,shakespeare_char,80,train_eval,3.2928247451782227,0.000801980198019802,0.03102677340546326,
2025-09-15 09:17:58,SGD_lr0.001_m0.9,SGD,2,shakespeare_char,80,val_eval,3.319077968597412,0.000801980198019802,0.03102677340546326,
2025-09-15 09:17:58,SGD_lr0.001_m0.9,SGD,2,shakespeare_char,80,train_iter,3.3214125633239746,0.000801980198019802,0.030979546391876292,2286.632537841797
2025-09-15 09:18:00,SGD_lr0.001_m0.9,SGD,2,shakespeare_char,90,train_eval,3.229846239089966,0.0009009900990099009,0.030979546391876292,
2025-09-15 09:18:00,SGD_lr0.001_m0.9,SGD,2,shakespeare_char,90,val_eval,3.2611217498779297,0.0009009900990099009,0.030979546391876292,
2025-09-15 09:18:01,SGD_lr0.001_m0.9,SGD,2,shakespeare_char,90,train_iter,3.213536024093628,0.0009009900990099009,0.03106235942388998,2196.542739868164
2025-09-15 09:18:03,SGD_lr0.001_m0.9,SGD,2,shakespeare_char,100,train_eval,3.1430611610412598,0.001,0.03106235942388998,
2025-09-15 09:18:03,SGD_lr0.001_m0.9,SGD,2,shakespeare_char,100,val_eval,3.1808602809906006,0.001,0.03106235942388998,
2025-09-15 09:18:03,SGD_lr0.001_m0.9,SGD,2,shakespeare_char,0,train_iter,4.265802383422852,9.900990099009901e-06,,322460.6864452362
2025-09-15 09:18:08,SGD_lr0.001_m0.9,SGD,2,shakespeare_char,10,train_eval,4.234838962554932,0.0001089108910891089,,
2025-09-15 09:18:08,SGD_lr0.001_m0.9,SGD,2,shakespeare_char,10,val_eval,4.236033916473389,0.0001089108910891089,,
2025-09-15 09:18:08,SGD_lr0.001_m0.9,SGD,2,shakespeare_char,10,train_iter,4.240842819213867,0.0001089108910891089,0.015097423702359813,4627.737998962402
2025-09-15 09:18:12,SGD_lr0.001_m0.9,SGD,2,shakespeare_char,20,train_eval,4.087527275085449,0.00020792079207920794,0.015097423702359813,
2025-09-15 09:18:12,SGD_lr0.001_m0.9,SGD,2,shakespeare_char,20,val_eval,4.091359615325928,0.00020792079207920794,0.015097423702359813,
2025-09-15 09:18:12,SGD_lr0.001_m0.9,SGD,2,shakespeare_char,20,train_iter,4.1348161697387695,0.00020792079207920794,0.015430092977760372,3792.145013809204
2025-09-15 09:18:15,SGD_lr0.001_m0.9,SGD,2,shakespeare_char,30,train_eval,3.8725292682647705,0.00030693069306930693,0.015430092977760372,
2025-09-15 09:18:15,SGD_lr0.001_m0.9,SGD,2,shakespeare_char,30,val_eval,3.8832080364227295,0.00030693069306930693,0.015430092977760372,
2025-09-15 09:18:16,SGD_lr0.001_m0.9,SGD,2,shakespeare_char,30,train_iter,3.9628303050994873,0.00030693069306930693,0.0157898788365709,3671.804666519165
2025-09-15 09:18:19,SGD_lr0.001_m0.9,SGD,2,shakespeare_char,40,train_eval,3.6898632049560547,0.000405940594059406,0.0157898788365709,
2025-09-15 09:18:19,SGD_lr0.001_m0.9,SGD,2,shakespeare_char,40,val_eval,3.7062854766845703,0.000405940594059406,0.0157898788365709,
2025-09-15 09:18:20,SGD_lr0.001_m0.9,SGD,2,shakespeare_char,40,train_iter,3.7400097846984863,0.000405940594059406,0.01621759253996841,3481.679677963257
2025-09-15 09:18:23,SGD_lr0.001_m0.9,SGD,2,shakespeare_char,50,train_eval,3.539283514022827,0.000504950495049505,0.01621759253996841,
2025-09-15 09:18:23,SGD_lr0.001_m0.9,SGD,2,shakespeare_char,50,val_eval,3.566612482070923,0.000504950495049505,0.01621759253996841,
2025-09-15 09:18:24,SGD_lr0.001_m0.9,SGD,2,shakespeare_char,50,train_iter,3.601231098175049,0.000504950495049505,0.016263512692358904,4189.469575881958
2025-09-15 09:18:27,SGD_lr0.001_m0.9,SGD,2,shakespeare_char,60,train_eval,3.423811912536621,0.000603960396039604,0.016263512692358904,
2025-09-15 09:18:27,SGD_lr0.001_m0.9,SGD,2,shakespeare_char,60,val_eval,3.4560656547546387,0.000603960396039604,0.016263512692358904,
2025-09-15 09:18:27,SGD_lr0.001_m0.9,SGD,2,shakespeare_char,60,train_iter,3.4951424598693848,0.000603960396039604,0.016951742622185014,3018.5556411743164
2025-09-15 09:18:29,SGD_lr0.001_m0.9,SGD,2,shakespeare_char,70,train_eval,3.347064733505249,0.000702970297029703,0.016951742622185014,
2025-09-15 09:18:29,SGD_lr0.001_m0.9,SGD,2,shakespeare_char,70,val_eval,3.3817713260650635,0.000702970297029703,0.016951742622185014,
2025-09-15 09:18:30,SGD_lr0.001_m0.9,SGD,2,shakespeare_char,70,train_iter,3.4146599769592285,0.000702970297029703,0.017830339375840148,2714.574098587036
2025-09-15 09:18:34,SGD_lr0.001_m0.9,SGD,2,shakespeare_char,80,train_eval,3.2928075790405273,0.000801980198019802,0.017830339375840148,
2025-09-15 09:18:34,SGD_lr0.001_m0.9,SGD,2,shakespeare_char,80,val_eval,3.3190557956695557,0.000801980198019802,0.017830339375840148,
2025-09-15 09:18:34,SGD_lr0.001_m0.9,SGD,2,shakespeare_char,80,train_iter,3.321345806121826,0.000801980198019802,0.017737634232688645,4133.333206176758
2025-09-15 09:18:36,SGD_lr0.001_m0.9,SGD,2,shakespeare_char,90,train_eval,3.2298483848571777,0.0009009900990099009,0.017737634232688645,
2025-09-15 09:18:36,SGD_lr0.001_m0.9,SGD,2,shakespeare_char,90,val_eval,3.2611255645751953,0.0009009900990099009,0.017737634232688645,
2025-09-15 09:18:37,SGD_lr0.001_m0.9,SGD,2,shakespeare_char,90,train_iter,3.2135426998138428,0.0009009900990099009,0.018659244046701468,2592.1056270599365
2025-09-15 09:18:39,SGD_lr0.001_m0.9,SGD,2,shakespeare_char,100,train_eval,3.143054246902466,0.001,0.018659244046701468,
2025-09-15 09:18:39,SGD_lr0.001_m0.9,SGD,2,shakespeare_char,100,val_eval,3.1808555126190186,0.001,0.018659244046701468,
2025-09-15 09:21:16,MUON_lr0.0003_m0.95,MUON,2,shakespeare_char,100,train_iter,2.7843360900878906,0.001,0.025033684626940132,366753.35240364075
2025-09-15 09:21:20,MUON_lr0.0003_m0.95,MUON,2,shakespeare_char,110,train_eval,2.678921699523926,0.0009999907511312647,0.025033684626940132,
2025-09-15 09:21:20,MUON_lr0.0003_m0.95,MUON,2,shakespeare_char,110,val_eval,2.6985085010528564,0.0009999907511312647,0.025033684626940132,
2025-09-15 09:21:21,MUON_lr0.0003_m0.95,MUON,2,shakespeare_char,110,train_iter,2.7632014751434326,0.0009999907511312647,0.02413906049344474,4342.947483062744
2025-09-15 09:21:26,MUON_lr0.0003_m0.95,MUON,2,shakespeare_char,120,train_eval,2.6432459354400635,0.0009999630049052437,0.02413906049344474,
2025-09-15 09:21:26,MUON_lr0.0003_m0.95,MUON,2,shakespeare_char,120,val_eval,2.6572134494781494,0.0009999630049052437,0.02413906049344474,
2025-09-15 09:21:27,MUON_lr0.0003_m0.95,MUON,2,shakespeare_char,120,train_iter,2.7002010345458984,0.0009999630049052437,0.023236268640776433,4623.536825180054
2025-09-15 09:21:31,MUON_lr0.0003_m0.95,MUON,2,shakespeare_char,130,train_eval,2.609078884124756,0.0009999167624624755,0.023236268640776433,
2025-09-15 09:21:31,MUON_lr0.0003_m0.95,MUON,2,shakespeare_char,130,val_eval,2.633431911468506,0.0009999167624624755,0.023236268640776433,
2025-09-15 09:21:33,MUON_lr0.0003_m0.95,MUON,2,shakespeare_char,130,train_iter,2.697746992111206,0.0009999167624624755,0.022336321114606122,4907.490015029907
2025-09-15 09:21:35,MUON_lr0.0003_m0.95,MUON,2,shakespeare_char,140,train_eval,2.5888617038726807,0.000999852025703806,0.022336321114606122,
2025-09-15 09:21:35,MUON_lr0.0003_m0.95,MUON,2,shakespeare_char,140,val_eval,2.603353977203369,0.000999852025703806,0.022336321114606122,
2025-09-15 09:21:35,MUON_lr0.0003_m0.95,MUON,2,shakespeare_char,140,train_iter,2.6352086067199707,0.000999852025703806,0.023106878643805246,2325.6494998931885
2025-09-15 09:21:40,MUON_lr0.0003_m0.95,MUON,2,shakespeare_char,150,train_eval,2.57621693611145,0.0009997687972903096,0.023106878643805246,
2025-09-15 09:21:40,MUON_lr0.0003_m0.95,MUON,2,shakespeare_char,150,val_eval,2.5887200832366943,0.0009997687972903096,0.023106878643805246,
2025-09-15 09:21:40,MUON_lr0.0003_m0.95,MUON,2,shakespeare_char,150,train_iter,2.5925261974334717,0.0009997687972903096,0.022408667176089504,4332.895755767822
2025-09-15 09:21:42,MUON_lr0.0003_m0.95,MUON,2,shakespeare_char,160,train_eval,2.560678720474243,0.0009996670806431804,0.022408667176089504,
2025-09-15 09:21:42,MUON_lr0.0003_m0.95,MUON,2,shakespeare_char,160,val_eval,2.57940673828125,0.0009996670806431804,0.022408667176089504,
2025-09-15 09:21:43,MUON_lr0.0003_m0.95,MUON,2,shakespeare_char,160,train_iter,2.5700511932373047,0.0009996670806431804,0.023687784512801444,1984.8647117614746
2025-09-15 09:21:45,MUON_lr0.0003_m0.95,MUON,2,shakespeare_char,170,train_eval,2.5480740070343018,0.0009995468799435915,0.023687784512801444,
2025-09-15 09:21:45,MUON_lr0.0003_m0.95,MUON,2,shakespeare_char,170,val_eval,2.563816785812378,0.0009995468799435915,0.023687784512801444,
2025-09-15 09:21:46,MUON_lr0.0003_m0.95,MUON,2,shakespeare_char,170,train_iter,2.5681207180023193,0.0009995468799435915,0.024357841515699415,2299.1347312927246
2025-09-15 09:21:50,MUON_lr0.0003_m0.95,MUON,2,shakespeare_char,180,train_eval,2.5353825092315674,0.000999408200132523,0.024357841515699415,
2025-09-15 09:21:50,MUON_lr0.0003_m0.95,MUON,2,shakespeare_char,180,val_eval,2.558272361755371,0.000999408200132523,0.024357841515699415,
2025-09-15 09:21:51,MUON_lr0.0003_m0.95,MUON,2,shakespeare_char,180,train_iter,2.5906550884246826,0.000999408200132523,0.02345300234119074,4563.6467933654785
2025-09-15 09:21:56,MUON_lr0.0003_m0.95,MUON,2,shakespeare_char,190,train_eval,2.5303566455841064,0.0009992510469105584,0.02345300234119074,
2025-09-15 09:21:56,MUON_lr0.0003_m0.95,MUON,2,shakespeare_char,190,val_eval,2.5516319274902344,0.0009992510469105584,0.02345300234119074,
2025-09-15 09:21:57,MUON_lr0.0003_m0.95,MUON,2,shakespeare_char,190,train_iter,2.5816192626953125,0.0009992510469105584,0.022719056534983795,4335.912704467773
2025-09-15 09:21:59,MUON_lr0.0003_m0.95,MUON,2,shakespeare_char,200,train_eval,2.521585464477539,0.0009990754267376514,0.022719056534983795,
2025-09-15 09:21:59,MUON_lr0.0003_m0.95,MUON,2,shakespeare_char,200,val_eval,2.5413994789123535,0.0009990754267376514,0.022719056534983795,
2025-09-15 09:24:12,SGD_lr0.01_m0.95,SGD,2,shakespeare_char,200,train_iter,2.6883914470672607,0.0009990754267376514,0.020110857841782927,393594.7513580322
2025-09-15 09:24:14,SGD_lr0.001_m0.9,SGD,2,shakespeare_char,100,train_iter,3.194714069366455,0.001,0.027974863445644985,372823.1325149536
2025-09-15 09:24:17,SGD_lr0.001_m0.9,SGD,2,shakespeare_char,110,train_eval,3.0543649196624756,0.0009999907511312647,0.027974863445644985,
2025-09-15 09:24:17,SGD_lr0.001_m0.9,SGD,2,shakespeare_char,110,val_eval,3.0859265327453613,0.0009999907511312647,0.027974863445644985,
2025-09-15 09:24:18,SGD_lr0.001_m0.9,SGD,2,shakespeare_char,110,train_iter,3.1925559043884277,0.0009999907511312647,0.027088417794012703,3655.9619903564453
2025-09-15 09:24:18,SGD_lr0.001_m0.9,SGD,2,shakespeare_char,120,train_eval,2.9945197105407715,0.0009999630049052437,0.027088417794012703,
2025-09-15 09:24:18,SGD_lr0.001_m0.9,SGD,2,shakespeare_char,120,val_eval,3.0203070640563965,0.0009999630049052437,0.027088417794012703,
2025-09-15 09:24:19,SGD_lr0.001_m0.9,SGD,2,shakespeare_char,120,train_iter,3.0376031398773193,0.0009999630049052437,0.03017992659129766,1204.5292854309082
2025-09-15 09:24:20,SGD_lr0.001_m0.9,SGD,2,shakespeare_char,130,train_eval,2.930495500564575,0.0009999167624624755,0.03017992659129766,
2025-09-15 09:24:20,SGD_lr0.001_m0.9,SGD,2,shakespeare_char,130,val_eval,2.957665205001831,0.0009999167624624755,0.03017992659129766,
2025-09-15 09:24:20,SGD_lr0.001_m0.9,SGD,2,shakespeare_char,130,train_iter,3.053548812866211,0.0009999167624624755,0.032193032150375944,1388.7012004852295
2025-09-15 09:24:23,SGD_lr0.001_m0.9,SGD,2,shakespeare_char,140,train_eval,2.881002426147461,0.000999852025703806,0.032193032150375944,
2025-09-15 09:24:23,SGD_lr0.001_m0.9,SGD,2,shakespeare_char,140,val_eval,2.903909921646118,0.000999852025703806,0.032193032150375944,
2025-09-15 09:24:23,SGD_lr0.001_m0.9,SGD,2,shakespeare_char,140,train_iter,2.9489283561706543,0.000999852025703806,0.03130279068011107,2999.788284301758
2025-09-15 09:24:25,SGD_lr0.001_m0.9,SGD,2,shakespeare_char,150,train_eval,2.848120927810669,0.0009997687972903096,0.03130279068011107,
2025-09-15 09:24:25,SGD_lr0.001_m0.9,SGD,2,shakespeare_char,150,val_eval,2.867941379547119,0.0009997687972903096,0.03130279068011107,
2025-09-15 09:24:26,SGD_lr0.001_m0.9,SGD,2,shakespeare_char,150,train_iter,2.9073562622070312,0.0009997687972903096,0.031089176323350558,2395.4389095306396
2025-09-15 09:24:28,SGD_lr0.001_m0.9,SGD,2,shakespeare_char,160,train_eval,2.8084146976470947,0.0009996670806431804,0.031089176323350558,
2025-09-15 09:24:28,SGD_lr0.001_m0.9,SGD,2,shakespeare_char,160,val_eval,2.8349356651306152,0.0009996670806431804,0.031089176323350558,
2025-09-15 09:24:28,SGD_lr0.001_m0.9,SGD,2,shakespeare_char,160,train_iter,2.847838878631592,0.0009996670806431804,0.030845962124582745,2438.037395477295
2025-09-15 09:24:29,SGD_lr0.001_m0.0,SGD,2,shakespeare_char,0,train_eval,4.270771503448486,9.900990099009901e-06,,
2025-09-15 09:24:29,SGD_lr0.001_m0.0,SGD,2,shakespeare_char,0,val_eval,4.269772529602051,9.900990099009901e-06,,
2025-09-15 09:24:31,SGD_lr0.001_m0.9,SGD,2,shakespeare_char,170,train_eval,2.7881522178649902,0.0009995468799435915,0.030845962124582745,
2025-09-15 09:24:31,SGD_lr0.001_m0.9,SGD,2,shakespeare_char,170,val_eval,2.8082962036132812,0.0009995468799435915,0.030845962124582745,
2025-09-15 09:24:31,SGD_lr0.001_m0.9,SGD,2,shakespeare_char,170,train_iter,2.7912814617156982,0.0009995468799435915,0.030642085279243135,2425.3289699554443
2025-09-15 09:24:32,SGD_lr0.001_m0.9,SGD,2,shakespeare_char,180,train_eval,2.7518138885498047,0.000999408200132523,0.030642085279243135,
2025-09-15 09:24:32,SGD_lr0.001_m0.9,SGD,2,shakespeare_char,180,val_eval,2.773289442062378,0.000999408200132523,0.030642085279243135,
2025-09-15 09:24:33,SGD_lr0.001_m0.9,SGD,2,shakespeare_char,180,train_iter,2.8498873710632324,0.000999408200132523,0.03193268700466198,1604.3620109558105
2025-09-15 09:24:35,SGD_lr0.001_m0.9,SGD,2,shakespeare_char,190,train_eval,2.7379093170166016,0.0009992510469105584,0.03193268700466198,
2025-09-15 09:24:35,SGD_lr0.001_m0.9,SGD,2,shakespeare_char,190,val_eval,2.758638858795166,0.0009992510469105584,0.03193268700466198,
2025-09-15 09:24:36,SGD_lr0.001_m0.9,SGD,2,shakespeare_char,190,train_iter,2.8132026195526123,0.0009992510469105584,0.03113813909579572,2912.6741886138916
2025-09-15 09:24:39,SGD_lr0.001_m0.9,SGD,2,shakespeare_char,200,train_eval,2.717970848083496,0.0009990754267376514,0.03113813909579572,
2025-09-15 09:24:39,SGD_lr0.001_m0.9,SGD,2,shakespeare_char,200,val_eval,2.727482318878174,0.0009990754267376514,0.03113813909579572,
2025-09-15 09:24:51,SGD_lr0.001_m0.9,SGD,2,shakespeare_char,100,train_iter,3.1946723461151123,0.001,0.01681200429236135,373926.83362960815
2025-09-15 09:24:54,SGD_lr0.001_m0.9,SGD,2,shakespeare_char,110,train_eval,3.0543363094329834,0.0009999907511312647,0.01681200429236135,
2025-09-15 09:24:54,SGD_lr0.001_m0.9,SGD,2,shakespeare_char,110,val_eval,3.08589506149292,0.0009999907511312647,0.01681200429236135,
2025-09-15 09:24:55,SGD_lr0.001_m0.9,SGD,2,shakespeare_char,110,train_iter,3.192460060119629,0.0009999907511312647,0.016883340197799426,3986.6175651550293
2025-09-15 09:24:59,SGD_lr0.001_m0.9,SGD,2,shakespeare_char,120,train_eval,2.994523525238037,0.0009999630049052437,0.016883340197799426,
2025-09-15 09:24:59,SGD_lr0.001_m0.9,SGD,2,shakespeare_char,120,val_eval,3.0203115940093994,0.0009999630049052437,0.016883340197799426,
2025-09-15 09:24:59,SGD_lr0.001_m0.9,SGD,2,shakespeare_char,120,train_iter,3.0376014709472656,0.0009999630049052437,0.016850123974019016,4221.26579284668
2025-09-15 09:25:02,SGD_lr0.001_m0.9,SGD,2,shakespeare_char,130,train_eval,2.930507183074951,0.0009999167624624755,0.016850123974019016,
2025-09-15 09:25:02,SGD_lr0.001_m0.9,SGD,2,shakespeare_char,130,val_eval,2.9576728343963623,0.0009999167624624755,0.016850123974019016,
2025-09-15 09:25:03,SGD_lr0.001_m0.9,SGD,2,shakespeare_char,130,train_iter,3.0534043312072754,0.0009999167624624755,0.01716201137010892,3498.769521713257
2025-09-15 09:25:04,SGD_lr0.001_m0.9,SGD,2,shakespeare_char,140,train_eval,2.8809964656829834,0.000999852025703806,0.01716201137010892,
2025-09-15 09:25:04,SGD_lr0.001_m0.9,SGD,2,shakespeare_char,140,val_eval,2.903912305831909,0.000999852025703806,0.01716201137010892,
2025-09-15 09:25:05,SGD_lr0.001_m0.9,SGD,2,shakespeare_char,140,train_iter,2.948894500732422,0.000999852025703806,0.01966414241894685,1656.268835067749
2025-09-15 09:25:07,SGD_lr0.001_m0.9,SGD,2,shakespeare_char,150,train_eval,2.8481404781341553,0.0009997687972903096,0.01966414241894685,
2025-09-15 09:25:07,SGD_lr0.001_m0.9,SGD,2,shakespeare_char,150,val_eval,2.8679656982421875,0.0009997687972903096,0.01966414241894685,
2025-09-15 09:25:08,SGD_lr0.001_m0.9,SGD,2,shakespeare_char,150,train_iter,2.9072399139404297,0.0009997687972903096,0.019879769001737217,3201.907157897949
2025-09-15 09:25:11,SGD_lr0.001_m0.9,SGD,2,shakespeare_char,160,train_eval,2.8084137439727783,0.0009996670806431804,0.019879769001737217,
2025-09-15 09:25:11,SGD_lr0.001_m0.9,SGD,2,shakespeare_char,160,val_eval,2.8349356651306152,0.0009996670806431804,0.019879769001737217,
2025-09-15 09:25:12,SGD_lr0.001_m0.9,SGD,2,shakespeare_char,160,train_iter,2.8476672172546387,0.0009996670806431804,0.019799386508890616,3662.566900253296
2025-09-15 09:25:13,SGD_lr0.001_m0.9,SGD,2,shakespeare_char,170,train_eval,2.7881534099578857,0.0009995468799435915,0.019799386508890616,
2025-09-15 09:25:13,SGD_lr0.001_m0.9,SGD,2,shakespeare_char,170,val_eval,2.808279514312744,0.0009995468799435915,0.019799386508890616,
2025-09-15 09:25:14,SGD_lr0.001_m0.9,SGD,2,shakespeare_char,170,train_iter,2.7914092540740967,0.0009995468799435915,0.021186063363111136,2075.286626815796
2025-09-15 09:25:15,SGD_lr0.001_m0.9,SGD,2,shakespeare_char,180,train_eval,2.7518014907836914,0.000999408200132523,0.021186063363111136,
2025-09-15 09:25:15,SGD_lr0.001_m0.9,SGD,2,shakespeare_char,180,val_eval,2.7732763290405273,0.000999408200132523,0.021186063363111136,
2025-09-15 09:25:16,SGD_lr0.001_m0.9,SGD,2,shakespeare_char,180,train_iter,2.8499507904052734,0.000999408200132523,0.02407129400736754,1396.2669372558594
2025-09-15 09:25:18,SGD_lr0.001_m0.9,SGD,2,shakespeare_char,190,train_eval,2.737907648086548,0.0009992510469105584,0.02407129400736754,
2025-09-15 09:25:18,SGD_lr0.001_m0.9,SGD,2,shakespeare_char,190,val_eval,2.7586379051208496,0.0009992510469105584,0.02407129400736754,
2025-09-15 09:25:18,SGD_lr0.001_m0.9,SGD,2,shakespeare_char,190,train_iter,2.813126564025879,0.0009992510469105584,0.02425676690095086,2694.856882095337
2025-09-15 09:25:22,SGD_lr0.001_m0.9,SGD,2,shakespeare_char,200,train_eval,2.7179601192474365,0.0009990754267376514,0.02425676690095086,
2025-09-15 09:25:22,SGD_lr0.001_m0.9,SGD,2,shakespeare_char,200,val_eval,2.7274832725524902,0.0009990754267376514,0.02425676690095086,
2025-09-15 09:27:47,MUON_lr0.0003_m0.95,MUON,2,shakespeare_char,200,train_iter,2.5954675674438477,0.0009990754267376514,0.0204671529176049,349299.0460395813
2025-09-15 09:28:03,MUON_lr0.0003_m0.99,MUON,2,shakespeare_char,0,train_eval,4.270771503448486,9.900990099009901e-06,,
2025-09-15 09:28:03,MUON_lr0.0003_m0.99,MUON,2,shakespeare_char,0,val_eval,4.269772529602051,9.900990099009901e-06,,
2025-09-15 09:29:00,SGD_lr0.001_m0.0,SGD,2,shakespeare_char,0,train_iter,4.265802383422852,9.900990099009901e-06,,274479.5038700104
2025-09-15 09:29:02,SGD_lr0.001_m0.0,SGD,2,shakespeare_char,10,train_eval,4.263160228729248,0.0001089108910891089,,
2025-09-15 09:29:02,SGD_lr0.001_m0.0,SGD,2,shakespeare_char,10,val_eval,4.263652801513672,0.0001089108910891089,,
2025-09-15 09:29:03,SGD_lr0.001_m0.0,SGD,2,shakespeare_char,10,train_iter,4.260556221008301,0.0001089108910891089,0.022903300833832803,3050.5175590515137
2025-09-15 09:29:05,SGD_lr0.001_m0.0,SGD,2,shakespeare_char,20,train_eval,4.243582725524902,0.00020792079207920794,0.022903300833832803,
2025-09-15 09:29:05,SGD_lr0.001_m0.0,SGD,2,shakespeare_char,20,val_eval,4.243231296539307,0.00020792079207920794,0.022903300833832803,
2025-09-15 09:29:05,SGD_lr0.001_m0.0,SGD,2,shakespeare_char,20,train_iter,4.246522426605225,0.00020792079207920794,0.02367409403730439,2282.3948860168457
2025-09-15 09:29:08,SGD_lr0.001_m0.0,SGD,2,shakespeare_char,30,train_eval,4.212087154388428,0.00030693069306930693,0.02367409403730439,
2025-09-15 09:29:08,SGD_lr0.001_m0.0,SGD,2,shakespeare_char,30,val_eval,4.212049961090088,0.00030693069306930693,0.02367409403730439,
2025-09-15 09:29:08,SGD_lr0.001_m0.0,SGD,2,shakespeare_char,30,train_iter,4.230582237243652,0.00030693069306930693,0.02425793501125952,2367.3667907714844
2025-09-15 09:29:10,SGD_lr0.001_m0.0,SGD,2,shakespeare_char,40,train_eval,4.168065071105957,0.000405940594059406,0.02425793501125952,
2025-09-15 09:29:10,SGD_lr0.001_m0.0,SGD,2,shakespeare_char,40,val_eval,4.170442581176758,0.000405940594059406,0.02425793501125952,
2025-09-15 09:29:10,SGD_lr0.001_m0.0,SGD,2,shakespeare_char,40,train_iter,4.190375328063965,0.000405940594059406,0.025534405847059828,1887.1402740478516
2025-09-15 09:29:11,SGD_lr0.001_m0.0,SGD,2,shakespeare_char,50,train_eval,4.116244792938232,0.000504950495049505,0.025534405847059828,
2025-09-15 09:29:11,SGD_lr0.001_m0.0,SGD,2,shakespeare_char,50,val_eval,4.1193647384643555,0.000504950495049505,0.025534405847059828,
2025-09-15 09:29:11,SGD_lr0.001_m0.0,SGD,2,shakespeare_char,50,train_iter,4.153275489807129,0.000504950495049505,0.02782369965467632,1442.716360092163
2025-09-15 09:29:13,SGD_lr0.001_m0.0,SGD,2,shakespeare_char,60,train_eval,4.053567886352539,0.000603960396039604,0.02782369965467632,
2025-09-15 09:29:13,SGD_lr0.001_m0.0,SGD,2,shakespeare_char,60,val_eval,4.0598649978637695,0.000603960396039604,0.02782369965467632,
2025-09-15 09:29:13,SGD_lr0.001_m0.0,SGD,2,shakespeare_char,60,train_iter,4.119217872619629,0.000603960396039604,0.02960999295314476,1529.263973236084
2025-09-15 09:29:15,SGD_lr0.001_m0.0,SGD,2,shakespeare_char,70,train_eval,3.985337018966675,0.000702970297029703,0.02960999295314476,
2025-09-15 09:29:15,SGD_lr0.001_m0.0,SGD,2,shakespeare_char,70,val_eval,3.9951183795928955,0.000702970297029703,0.02960999295314476,
2025-09-15 09:29:15,SGD_lr0.001_m0.0,SGD,2,shakespeare_char,70,train_iter,4.065938949584961,0.000702970297029703,0.02955448746262372,2404.648780822754
2025-09-15 09:29:17,SGD_lr0.001_m0.0,SGD,2,shakespeare_char,80,train_eval,3.917809247970581,0.000801980198019802,0.02955448746262372,
2025-09-15 09:29:17,SGD_lr0.001_m0.0,SGD,2,shakespeare_char,80,val_eval,3.9252214431762695,0.000801980198019802,0.02955448746262372,
2025-09-15 09:29:18,SGD_lr0.001_m0.0,SGD,2,shakespeare_char,80,train_iter,4.004621505737305,0.000801980198019802,0.030009251227487977,2048.755645751953
2025-09-15 09:29:20,SGD_lr0.001_m0.0,SGD,2,shakespeare_char,90,train_eval,3.8489596843719482,0.0009009900990099009,0.030009251227487977,
2025-09-15 09:29:20,SGD_lr0.001_m0.0,SGD,2,shakespeare_char,90,val_eval,3.8596315383911133,0.0009009900990099009,0.030009251227487977,
2025-09-15 09:29:20,SGD_lr0.001_m0.0,SGD,2,shakespeare_char,90,train_iter,3.92434024810791,0.0009009900990099009,0.02970203015950141,2593.7118530273438
2025-09-15 09:29:23,SGD_lr0.001_m0.0,SGD,2,shakespeare_char,100,train_eval,3.7828028202056885,0.001,0.02970203015950141,
2025-09-15 09:29:23,SGD_lr0.001_m0.0,SGD,2,shakespeare_char,100,val_eval,3.7961738109588623,0.001,0.02970203015950141,
2025-09-15 09:30:07,SGD_lr0.001_m0.9,SGD,2,shakespeare_char,200,train_iter,2.779709577560425,0.0009990754267376514,0.02804545710838512,330622.65133857727
2025-09-15 09:30:22,SGD_lr0.001_m0.95,SGD,2,shakespeare_char,0,train_eval,4.270771503448486,9.900990099009901e-06,,
2025-09-15 09:30:22,SGD_lr0.001_m0.95,SGD,2,shakespeare_char,0,val_eval,4.269772529602051,9.900990099009901e-06,,
2025-09-15 09:30:26,SGD_lr0.001_m0.9,SGD,2,shakespeare_char,200,train_iter,2.779797315597534,0.0009990754267376514,0.021853835668591413,307168.6758995056
2025-09-15 09:30:44,SGD_lr0.001_m0.95,SGD,2,shakespeare_char,0,train_eval,4.270771503448486,9.900990099009901e-06,,
2025-09-15 09:30:44,SGD_lr0.001_m0.95,SGD,2,shakespeare_char,0,val_eval,4.269772529602051,9.900990099009901e-06,,
2025-09-15 09:32:34,MUON_lr0.0003_m0.99,MUON,2,shakespeare_char,0,train_iter,4.265802383422852,9.900990099009901e-06,,275585.7150554657
2025-09-15 09:32:36,MUON_lr0.0003_m0.99,MUON,2,shakespeare_char,10,train_eval,4.2133402824401855,0.0001089108910891089,,
2025-09-15 09:32:36,MUON_lr0.0003_m0.99,MUON,2,shakespeare_char,10,val_eval,4.214313507080078,0.0001089108910891089,,
2025-09-15 09:32:37,MUON_lr0.0003_m0.99,MUON,2,shakespeare_char,10,train_iter,4.226056098937988,0.0001089108910891089,0.028115743037471844,2484.9750995635986
2025-09-15 09:32:39,MUON_lr0.0003_m0.99,MUON,2,shakespeare_char,20,train_eval,4.055572986602783,0.00020792079207920794,0.028115743037471844,
2025-09-15 09:32:39,MUON_lr0.0003_m0.99,MUON,2,shakespeare_char,20,val_eval,4.057492733001709,0.00020792079207920794,0.028115743037471844,
2025-09-15 09:32:40,MUON_lr0.0003_m0.99,MUON,2,shakespeare_char,20,train_iter,4.115383148193359,0.00020792079207920794,0.028358009485518865,2287.8377437591553
2025-09-15 09:32:42,MUON_lr0.0003_m0.99,MUON,2,shakespeare_char,30,train_eval,3.8298239707946777,0.00030693069306930693,0.028358009485518865,
2025-09-15 09:32:42,MUON_lr0.0003_m0.99,MUON,2,shakespeare_char,30,val_eval,3.8361117839813232,0.00030693069306930693,0.028358009485518865,
2025-09-15 09:32:42,MUON_lr0.0003_m0.99,MUON,2,shakespeare_char,30,train_iter,3.9460091590881348,0.00030693069306930693,0.028885214687633,2077.5139331817627
2025-09-15 09:32:44,MUON_lr0.0003_m0.99,MUON,2,shakespeare_char,40,train_eval,3.5935428142547607,0.000405940594059406,0.028885214687633,
2025-09-15 09:32:44,MUON_lr0.0003_m0.99,MUON,2,shakespeare_char,40,val_eval,3.603987216949463,0.000405940594059406,0.028885214687633,
2025-09-15 09:32:45,MUON_lr0.0003_m0.99,MUON,2,shakespeare_char,40,train_iter,3.7251193523406982,0.000405940594059406,0.028634789939253696,2648.383617401123
2025-09-15 09:32:48,MUON_lr0.0003_m0.99,MUON,2,shakespeare_char,50,train_eval,3.3897793292999268,0.000504950495049505,0.028634789939253696,
2025-09-15 09:32:48,MUON_lr0.0003_m0.99,MUON,2,shakespeare_char,50,val_eval,3.4067931175231934,0.000504950495049505,0.028634789939253696,
2025-09-15 09:32:48,MUON_lr0.0003_m0.99,MUON,2,shakespeare_char,50,train_iter,3.5304031372070312,0.000504950495049505,0.028716683603306207,2372.091054916382
2025-09-15 09:32:52,MUON_lr0.0003_m0.99,MUON,2,shakespeare_char,60,train_eval,3.2211456298828125,0.000603960396039604,0.028716683603306207,
2025-09-15 09:32:52,MUON_lr0.0003_m0.99,MUON,2,shakespeare_char,60,val_eval,3.2430226802825928,0.000603960396039604,0.028716683603306207,
2025-09-15 09:32:53,MUON_lr0.0003_m0.99,MUON,2,shakespeare_char,60,train_iter,3.361114025115967,0.000603960396039604,0.027751668233873157,3664.3753051757812
2025-09-15 09:32:55,MUON_lr0.0003_m0.99,MUON,2,shakespeare_char,70,train_eval,3.090195417404175,0.000702970297029703,0.027751668233873157,
2025-09-15 09:32:55,MUON_lr0.0003_m0.99,MUON,2,shakespeare_char,70,val_eval,3.114306926727295,0.000702970297029703,0.027751668233873157,
2025-09-15 09:32:56,MUON_lr0.0003_m0.99,MUON,2,shakespeare_char,70,train_iter,3.2113161087036133,0.000702970297029703,0.02726712939657684,3050.1208305358887
2025-09-15 09:32:59,MUON_lr0.0003_m0.99,MUON,2,shakespeare_char,80,train_eval,2.98408579826355,0.000801980198019802,0.02726712939657684,
2025-09-15 09:32:59,MUON_lr0.0003_m0.99,MUON,2,shakespeare_char,80,val_eval,2.999678373336792,0.000801980198019802,0.02726712939657684,
2025-09-15 09:32:59,MUON_lr0.0003_m0.99,MUON,2,shakespeare_char,80,train_iter,3.0767784118652344,0.000801980198019802,0.027673678299330314,2229.846239089966
2025-09-15 09:33:02,MUON_lr0.0003_m0.99,MUON,2,shakespeare_char,90,train_eval,2.886352300643921,0.0009009900990099009,0.027673678299330314,
2025-09-15 09:33:02,MUON_lr0.0003_m0.99,MUON,2,shakespeare_char,90,val_eval,2.900707483291626,0.0009009900990099009,0.027673678299330314,
2025-09-15 09:33:03,MUON_lr0.0003_m0.99,MUON,2,shakespeare_char,90,train_iter,2.9599034786224365,0.0009009900990099009,0.027043527537299314,3269.0606117248535
2025-09-15 09:33:05,MUON_lr0.0003_m0.99,MUON,2,shakespeare_char,100,train_eval,2.799220085144043,0.001,0.027043527537299314,
2025-09-15 09:33:05,MUON_lr0.0003_m0.99,MUON,2,shakespeare_char,100,val_eval,2.8208653926849365,0.001,0.027043527537299314,
2025-09-15 09:33:55,SGD_lr0.001_m0.0,SGD,2,shakespeare_char,100,train_iter,3.8888354301452637,0.001,0.026757282022044707,274473.5999107361
2025-09-15 09:33:57,SGD_lr0.001_m0.0,SGD,2,shakespeare_char,110,train_eval,3.723588466644287,0.0009999907511312647,0.026757282022044707,
2025-09-15 09:33:57,SGD_lr0.001_m0.0,SGD,2,shakespeare_char,110,val_eval,3.73824405670166,0.0009999907511312647,0.026757282022044707,
2025-09-15 09:33:58,SGD_lr0.001_m0.0,SGD,2,shakespeare_char,110,train_iter,3.8401641845703125,0.0009999907511312647,0.02687815227928548,2498.2821941375732
2025-09-15 09:33:59,SGD_lr0.001_m0.0,SGD,2,shakespeare_char,120,train_eval,3.6741340160369873,0.0009999630049052437,0.02687815227928548,
2025-09-15 09:33:59,SGD_lr0.001_m0.0,SGD,2,shakespeare_char,120,val_eval,3.6895101070404053,0.0009999630049052437,0.02687815227928548,
2025-09-15 09:33:59,SGD_lr0.001_m0.0,SGD,2,shakespeare_char,120,train_iter,3.7595441341400146,0.0009999630049052437,0.02851077159810346,1617.1271800994873
2025-09-15 09:34:01,SGD_lr0.001_m0.0,SGD,2,shakespeare_char,130,train_eval,3.6271979808807373,0.0009999167624624755,0.02851077159810346,
2025-09-15 09:34:01,SGD_lr0.001_m0.0,SGD,2,shakespeare_char,130,val_eval,3.6438076496124268,0.0009999167624624755,0.02851077159810346,
2025-09-15 09:34:01,SGD_lr0.001_m0.0,SGD,2,shakespeare_char,130,train_iter,3.722792625427246,0.0009999167624624755,0.029216865644425532,1964.1146659851074
2025-09-15 09:34:03,SGD_lr0.001_m0.0,SGD,2,shakespeare_char,140,train_eval,3.5879929065704346,0.000999852025703806,0.029216865644425532,
2025-09-15 09:34:03,SGD_lr0.001_m0.0,SGD,2,shakespeare_char,140,val_eval,3.607128381729126,0.000999852025703806,0.029216865644425532,
2025-09-15 09:34:03,SGD_lr0.001_m0.0,SGD,2,shakespeare_char,140,train_iter,3.667194128036499,0.000999852025703806,0.029920546730997814,1927.1678924560547
2025-09-15 09:34:05,SGD_lr0.001_m0.0,SGD,2,shakespeare_char,150,train_eval,3.5527117252349854,0.0009997687972903096,0.029920546730997814,
2025-09-15 09:34:05,SGD_lr0.001_m0.0,SGD,2,shakespeare_char,150,val_eval,3.5710015296936035,0.0009997687972903096,0.029920546730997814,
2025-09-15 09:34:05,SGD_lr0.001_m0.0,SGD,2,shakespeare_char,150,train_iter,3.637380599975586,0.0009997687972903096,0.031227723044516223,1625.1027584075928
2025-09-15 09:34:07,SGD_lr0.001_m0.0,SGD,2,shakespeare_char,160,train_eval,3.5197510719299316,0.0009996670806431804,0.031227723044516223,
2025-09-15 09:34:07,SGD_lr0.001_m0.0,SGD,2,shakespeare_char,160,val_eval,3.5453598499298096,0.0009996670806431804,0.031227723044516223,
2025-09-15 09:34:08,SGD_lr0.001_m0.0,SGD,2,shakespeare_char,160,train_iter,3.592991590499878,0.0009996670806431804,0.03107047374040576,2355.9730052948
2025-09-15 09:34:10,SGD_lr0.001_m0.0,SGD,2,shakespeare_char,170,train_eval,3.493461847305298,0.0009995468799435915,0.03107047374040576,
2025-09-15 09:34:10,SGD_lr0.001_m0.0,SGD,2,shakespeare_char,170,val_eval,3.5185546875,0.0009995468799435915,0.03107047374040576,
2025-09-15 09:34:10,SGD_lr0.001_m0.0,SGD,2,shakespeare_char,170,train_iter,3.540196180343628,0.0009995468799435915,0.03142083293192434,2020.7898616790771
2025-09-15 09:34:11,SGD_lr0.001_m0.0,SGD,2,shakespeare_char,180,train_eval,3.4642980098724365,0.000999408200132523,0.03142083293192434,
2025-09-15 09:34:11,SGD_lr0.001_m0.0,SGD,2,shakespeare_char,180,val_eval,3.4920947551727295,0.000999408200132523,0.03142083293192434,
2025-09-15 09:34:12,SGD_lr0.001_m0.0,SGD,2,shakespeare_char,180,train_iter,3.54799222946167,0.000999408200132523,0.032248092771181756,1760.1633071899414
2025-09-15 09:34:13,SGD_lr0.001_m0.0,SGD,2,shakespeare_char,190,train_eval,3.4469897747039795,0.0009992510469105584,0.032248092771181756,
2025-09-15 09:34:13,SGD_lr0.001_m0.0,SGD,2,shakespeare_char,190,val_eval,3.479487895965576,0.0009992510469105584,0.032248092771181756,
2025-09-15 09:34:13,SGD_lr0.001_m0.0,SGD,2,shakespeare_char,190,train_iter,3.520028591156006,0.0009992510469105584,0.033615836029165534,1521.3091373443604
2025-09-15 09:34:16,SGD_lr0.001_m0.0,SGD,2,shakespeare_char,200,train_eval,3.4294543266296387,0.0009990754267376514,0.033615836029165534,
2025-09-15 09:34:16,SGD_lr0.001_m0.0,SGD,2,shakespeare_char,200,val_eval,3.455613374710083,0.0009990754267376514,0.033615836029165534,
2025-09-15 09:35:15,SGD_lr0.001_m0.95,SGD,2,shakespeare_char,0,train_iter,4.265802383422852,9.900990099009901e-06,,275433.4661960602
2025-09-15 09:35:17,SGD_lr0.001_m0.95,SGD,2,shakespeare_char,10,train_eval,4.228809356689453,0.0001089108910891089,,
2025-09-15 09:35:17,SGD_lr0.001_m0.95,SGD,2,shakespeare_char,10,val_eval,4.230148792266846,0.0001089108910891089,,
2025-09-15 09:35:17,SGD_lr0.001_m0.95,SGD,2,shakespeare_char,10,train_iter,4.2367048263549805,0.0001089108910891089,0.02874938440259644,2430.205821990967
2025-09-15 09:35:19,SGD_lr0.001_m0.95,SGD,2,shakespeare_char,20,train_eval,4.033037185668945,0.00020792079207920794,0.02874938440259644,
2025-09-15 09:35:19,SGD_lr0.001_m0.95,SGD,2,shakespeare_char,20,val_eval,4.038324356079102,0.00020792079207920794,0.02874938440259644,
2025-09-15 09:35:19,SGD_lr0.001_m0.95,SGD,2,shakespeare_char,20,train_iter,4.093509674072266,0.00020792079207920794,0.031036322877646422,1353.517770767212
2025-09-15 09:35:21,SGD_lr0.001_m0.95,SGD,2,shakespeare_char,30,train_eval,3.7690000534057617,0.00030693069306930693,0.031036322877646422,
2025-09-15 09:35:21,SGD_lr0.001_m0.95,SGD,2,shakespeare_char,30,val_eval,3.783247470855713,0.00030693069306930693,0.031036322877646422,
2025-09-15 09:35:21,SGD_lr0.001_m0.95,SGD,2,shakespeare_char,30,train_iter,3.856628894805908,0.00030693069306930693,0.03111337022503359,2196.603536605835
2025-09-15 09:35:23,SGD_lr0.001_m0.95,SGD,2,shakespeare_char,40,train_eval,3.587604284286499,0.000405940594059406,0.03111337022503359,
2025-09-15 09:35:23,SGD_lr0.001_m0.95,SGD,2,shakespeare_char,40,val_eval,3.6083059310913086,0.000405940594059406,0.03111337022503359,
2025-09-15 09:35:24,SGD_lr0.001_m0.95,SGD,2,shakespeare_char,40,train_iter,3.6013495922088623,0.000405940594059406,0.031039702826520216,2300.0171184539795
2025-09-15 09:35:25,SGD_lr0.001_m0.95,SGD,2,shakespeare_char,50,train_eval,3.4320688247680664,0.000504950495049505,0.031039702826520216,
2025-09-15 09:35:25,SGD_lr0.001_m0.95,SGD,2,shakespeare_char,50,val_eval,3.4659979343414307,0.000504950495049505,0.031039702826520216,
2025-09-15 09:35:26,SGD_lr0.001_m0.95,SGD,2,shakespeare_char,50,train_iter,3.4720311164855957,0.000504950495049505,0.0310971783710998,2209.9673748016357
2025-09-15 09:35:28,SGD_lr0.001_m0.95,SGD,2,shakespeare_char,60,train_eval,3.3460354804992676,0.000603960396039604,0.0310971783710998,
2025-09-15 09:35:28,SGD_lr0.001_m0.95,SGD,2,shakespeare_char,60,val_eval,3.3839058876037598,0.000603960396039604,0.0310971783710998,
2025-09-15 09:35:28,SGD_lr0.001_m0.95,SGD,2,shakespeare_char,60,train_iter,3.4030280113220215,0.000603960396039604,0.03144937307982976,2018.1596279144287
2025-09-15 09:35:30,SGD_lr0.001_m0.95,SGD,2,shakespeare_char,70,train_eval,3.284761428833008,0.000702970297029703,0.03144937307982976,
2025-09-15 09:35:30,SGD_lr0.001_m0.95,SGD,2,shakespeare_char,70,val_eval,3.324162244796753,0.000702970297029703,0.03144937307982976,
2025-09-15 09:35:30,SGD_lr0.001_m0.95,SGD,2,shakespeare_char,70,train_iter,3.34175181388855,0.000702970297029703,0.03155332995443352,2150.4831314086914
2025-09-15 09:35:33,SGD_lr0.001_m0.95,SGD,2,shakespeare_char,80,train_eval,3.224431037902832,0.000801980198019802,0.03155332995443352,
2025-09-15 09:35:33,SGD_lr0.001_m0.95,SGD,2,shakespeare_char,80,val_eval,3.2537264823913574,0.000801980198019802,0.03155332995443352,
2025-09-15 09:35:33,SGD_lr0.001_m0.95,SGD,2,shakespeare_char,80,train_iter,3.2427117824554443,0.000801980198019802,0.030903605170482688,2788.421630859375
2025-09-15 09:35:35,SGD_lr0.001_m0.95,SGD,2,shakespeare_char,90,train_eval,3.124382257461548,0.0009009900990099009,0.030903605170482688,
2025-09-15 09:35:35,SGD_lr0.001_m0.95,SGD,2,shakespeare_char,90,val_eval,3.1551806926727295,0.0009009900990099009,0.030903605170482688,
2025-09-15 09:35:35,SGD_lr0.001_m0.95,SGD,2,shakespeare_char,90,train_iter,3.1062726974487305,0.0009009900990099009,0.03158401924320905,1852.8532981872559
2025-09-15 09:35:37,SGD_lr0.001_m0.95,SGD,2,shakespeare_char,100,train_eval,3.0045478343963623,0.001,0.03158401924320905,
2025-09-15 09:35:37,SGD_lr0.001_m0.95,SGD,2,shakespeare_char,100,val_eval,3.0348496437072754,0.001,0.03158401924320905,
2025-09-15 09:35:40,SGD_lr0.001_m0.95,SGD,2,shakespeare_char,0,train_iter,4.265802383422852,9.900990099009901e-06,,321263.1483078003
2025-09-15 09:35:42,SGD_lr0.001_m0.95,SGD,2,shakespeare_char,10,train_eval,4.228809356689453,0.0001089108910891089,,
2025-09-15 09:35:42,SGD_lr0.001_m0.95,SGD,2,shakespeare_char,10,val_eval,4.230148792266846,0.0001089108910891089,,
2025-09-15 09:35:42,SGD_lr0.001_m0.95,SGD,2,shakespeare_char,10,train_iter,4.2367048263549805,0.0001089108910891089,0.026976098154813798,2589.956521987915
2025-09-15 09:35:44,SGD_lr0.001_m0.95,SGD,2,shakespeare_char,20,train_eval,4.033041000366211,0.00020792079207920794,0.026976098154813798,
2025-09-15 09:35:44,SGD_lr0.001_m0.95,SGD,2,shakespeare_char,20,val_eval,4.038331031799316,0.00020792079207920794,0.026976098154813798,
2025-09-15 09:35:45,SGD_lr0.001_m0.95,SGD,2,shakespeare_char,20,train_iter,4.093550682067871,0.00020792079207920794,0.027499271752760852,2169.252395629883
2025-09-15 09:35:48,SGD_lr0.001_m0.95,SGD,2,shakespeare_char,30,train_eval,3.768983840942383,0.00030693069306930693,0.027499271752760852,
2025-09-15 09:35:48,SGD_lr0.001_m0.95,SGD,2,shakespeare_char,30,val_eval,3.783236026763916,0.00030693069306930693,0.027499271752760852,
2025-09-15 09:35:49,SGD_lr0.001_m0.95,SGD,2,shakespeare_char,30,train_iter,3.8565406799316406,0.00030693069306930693,0.026582593441770372,3811.098575592041
2025-09-15 09:35:51,SGD_lr0.001_m0.95,SGD,2,shakespeare_char,40,train_eval,3.5875988006591797,0.000405940594059406,0.026582593441770372,
2025-09-15 09:35:51,SGD_lr0.001_m0.95,SGD,2,shakespeare_char,40,val_eval,3.6082990169525146,0.000405940594059406,0.026582593441770372,
2025-09-15 09:35:51,SGD_lr0.001_m0.95,SGD,2,shakespeare_char,40,train_iter,3.6013612747192383,0.000405940594059406,0.026757965766535007,2465.6317234039307
2025-09-15 09:35:53,SGD_lr0.001_m0.95,SGD,2,shakespeare_char,50,train_eval,3.4320638179779053,0.000504950495049505,0.026757965766535007,
2025-09-15 09:35:53,SGD_lr0.001_m0.95,SGD,2,shakespeare_char,50,val_eval,3.46598744392395,0.000504950495049505,0.026757965766535007,
2025-09-15 09:35:53,SGD_lr0.001_m0.95,SGD,2,shakespeare_char,50,train_iter,3.4721198081970215,0.000504950495049505,0.027883069049633658,1838.1679058074951
2025-09-15 09:35:54,SGD_lr0.001_m0.95,SGD,2,shakespeare_char,60,train_eval,3.3460326194763184,0.000603960396039604,0.027883069049633658,
2025-09-15 09:35:54,SGD_lr0.001_m0.95,SGD,2,shakespeare_char,60,val_eval,3.383903741836548,0.000603960396039604,0.027883069049633658,
2025-09-15 09:35:55,SGD_lr0.001_m0.95,SGD,2,shakespeare_char,60,train_iter,3.4031267166137695,0.000603960396039604,0.03056656591809331,1276.8535614013672
2025-09-15 09:35:56,SGD_lr0.001_m0.95,SGD,2,shakespeare_char,70,train_eval,3.2847588062286377,0.000702970297029703,0.03056656591809331,
2025-09-15 09:35:56,SGD_lr0.001_m0.95,SGD,2,shakespeare_char,70,val_eval,3.324155807495117,0.000702970297029703,0.03056656591809331,
2025-09-15 09:35:56,SGD_lr0.001_m0.95,SGD,2,shakespeare_char,70,train_iter,3.3417766094207764,0.000702970297029703,0.03188429489690763,1597.1825122833252
2025-09-15 09:35:59,SGD_lr0.001_m0.95,SGD,2,shakespeare_char,80,train_eval,3.2244207859039307,0.000801980198019802,0.03188429489690763,
2025-09-15 09:35:59,SGD_lr0.001_m0.95,SGD,2,shakespeare_char,80,val_eval,3.253718852996826,0.000801980198019802,0.03188429489690763,
2025-09-15 09:36:00,SGD_lr0.001_m0.95,SGD,2,shakespeare_char,80,train_iter,3.2427234649658203,0.000801980198019802,0.030689380481804675,3504.7099590301514
2025-09-15 09:36:03,SGD_lr0.001_m0.95,SGD,2,shakespeare_char,90,train_eval,3.1243529319763184,0.0009009900990099009,0.030689380481804675,
2025-09-15 09:36:03,SGD_lr0.001_m0.95,SGD,2,shakespeare_char,90,val_eval,3.155151605606079,0.0009009900990099009,0.030689380481804675,
2025-09-15 09:36:03,SGD_lr0.001_m0.95,SGD,2,shakespeare_char,90,train_iter,3.106109380722046,0.0009009900990099009,0.029786932820014694,3224.8895168304443
2025-09-15 09:36:07,SGD_lr0.001_m0.95,SGD,2,shakespeare_char,100,train_eval,3.0045392513275146,0.001,0.029786932820014694,
2025-09-15 09:36:07,SGD_lr0.001_m0.95,SGD,2,shakespeare_char,100,val_eval,3.034848213195801,0.001,0.029786932820014694,
2025-09-15 09:38:17,MUON_lr0.0003_m0.95,MUON,2,shakespeare_char,0,train_eval,4.270771503448486,9.900990099009901e-06,,
2025-09-15 09:38:17,MUON_lr0.0003_m0.95,MUON,2,shakespeare_char,0,val_eval,4.269772529602051,9.900990099009901e-06,,
2025-09-15 09:38:19,MUON_lr0.0003_m0.99,MUON,2,shakespeare_char,100,train_iter,2.855968475341797,0.001,0.024361312556654077,315600.4946231842
2025-09-15 09:38:22,MUON_lr0.0003_m0.99,MUON,2,shakespeare_char,110,train_eval,2.7349090576171875,0.0009999907511312647,0.024361312556654077,
2025-09-15 09:38:22,MUON_lr0.0003_m0.99,MUON,2,shakespeare_char,110,val_eval,2.756492853164673,0.0009999907511312647,0.024361312556654077,
2025-09-15 09:38:23,MUON_lr0.0003_m0.99,MUON,2,shakespeare_char,110,train_iter,2.8237082958221436,0.0009999907511312647,0.023992522605105166,3379.554271697998
2025-09-15 09:38:27,MUON_lr0.0003_m0.99,MUON,2,shakespeare_char,120,train_eval,2.694654941558838,0.0009999630049052437,0.023992522605105166,
2025-09-15 09:38:27,MUON_lr0.0003_m0.99,MUON,2,shakespeare_char,120,val_eval,2.7145261764526367,0.0009999630049052437,0.023992522605105166,
2025-09-15 09:38:28,MUON_lr0.0003_m0.99,MUON,2,shakespeare_char,120,train_iter,2.7478158473968506,0.0009999630049052437,0.02336267204573656,3948.6184120178223
2025-09-15 09:38:31,MUON_lr0.0003_m0.99,MUON,2,shakespeare_char,130,train_eval,2.649794816970825,0.0009999167624624755,0.02336267204573656,
2025-09-15 09:38:31,MUON_lr0.0003_m0.99,MUON,2,shakespeare_char,130,val_eval,2.677633762359619,0.0009999167624624755,0.02336267204573656,
2025-09-15 09:38:32,MUON_lr0.0003_m0.99,MUON,2,shakespeare_char,130,train_iter,2.7367208003997803,0.0009999167624624755,0.02307629094373533,3408.331871032715
2025-09-15 09:38:35,MUON_lr0.0003_m0.99,MUON,2,shakespeare_char,140,train_eval,2.622424840927124,0.000999852025703806,0.02307629094373533,
2025-09-15 09:38:35,MUON_lr0.0003_m0.99,MUON,2,shakespeare_char,140,val_eval,2.6438117027282715,0.000999852025703806,0.02307629094373533,
2025-09-15 09:38:36,MUON_lr0.0003_m0.99,MUON,2,shakespeare_char,140,train_iter,2.6600193977355957,0.000999852025703806,0.02257464901605671,3868.6277866363525
2025-09-15 09:38:40,MUON_lr0.0003_m0.99,MUON,2,shakespeare_char,150,train_eval,2.5996227264404297,0.0009997687972903096,0.02257464901605671,
2025-09-15 09:38:40,MUON_lr0.0003_m0.99,MUON,2,shakespeare_char,150,val_eval,2.6155307292938232,0.0009997687972903096,0.02257464901605671,
2025-09-15 09:38:41,MUON_lr0.0003_m0.99,MUON,2,shakespeare_char,150,train_iter,2.624716281890869,0.0009997687972903096,0.02194317223661904,4296.890020370483
2025-09-15 09:38:45,MUON_lr0.0003_m0.99,MUON,2,shakespeare_char,160,train_eval,2.579364061355591,0.0009996670806431804,0.02194317223661904,
2025-09-15 09:38:45,MUON_lr0.0003_m0.99,MUON,2,shakespeare_char,160,val_eval,2.5985312461853027,0.0009996670806431804,0.02194317223661904,
2025-09-15 09:38:46,MUON_lr0.0003_m0.99,MUON,2,shakespeare_char,160,train_iter,2.5894737243652344,0.0009996670806431804,0.021507424363202673,3972.9409217834473
2025-09-15 09:38:49,MUON_lr0.0003_m0.99,MUON,2,shakespeare_char,170,train_eval,2.564927101135254,0.0009995468799435915,0.021507424363202673,
2025-09-15 09:38:49,MUON_lr0.0003_m0.99,MUON,2,shakespeare_char,170,val_eval,2.581158399581909,0.0009995468799435915,0.021507424363202673,
2025-09-15 09:38:50,MUON_lr0.0003_m0.99,MUON,2,shakespeare_char,170,train_iter,2.588376045227051,0.0009995468799435915,0.021641778975042457,3057.5034618377686
2025-09-15 09:38:53,MUON_lr0.0003_m0.99,MUON,2,shakespeare_char,180,train_eval,2.5499918460845947,0.000999408200132523,0.021641778975042457,
2025-09-15 09:38:53,MUON_lr0.0003_m0.99,MUON,2,shakespeare_char,180,val_eval,2.5711188316345215,0.000999408200132523,0.021641778975042457,
2025-09-15 09:38:53,MUON_lr0.0003_m0.99,MUON,2,shakespeare_char,180,train_iter,2.6058707237243652,0.000999408200132523,0.021697858757000484,3146.7933654785156
2025-09-15 09:38:58,MUON_lr0.0003_m0.99,MUON,2,shakespeare_char,190,train_eval,2.5437324047088623,0.0009992510469105584,0.021697858757000484,
2025-09-15 09:38:58,MUON_lr0.0003_m0.99,MUON,2,shakespeare_char,190,val_eval,2.564251661300659,0.0009992510469105584,0.021697858757000484,
2025-09-15 09:38:59,MUON_lr0.0003_m0.99,MUON,2,shakespeare_char,190,train_iter,2.5970799922943115,0.0009992510469105584,0.020846885334882694,5297.714710235596
2025-09-15 09:39:02,MUON_lr0.0003_m0.99,MUON,2,shakespeare_char,200,train_eval,2.5324454307556152,0.0009990754267376514,0.020846885334882694,
2025-09-15 09:39:02,MUON_lr0.0003_m0.99,MUON,2,shakespeare_char,200,val_eval,2.547375440597534,0.0009990754267376514,0.020846885334882694,
2025-09-15 09:40:00,SGD_lr0.001_m0.0,SGD,2,shakespeare_char,200,train_iter,3.4618873596191406,0.0009990754267376514,0.030274405609483426,346679.3336868286
2025-09-15 09:40:21,SGD_lr0.001_m0.9,SGD,2,shakespeare_char,0,train_eval,4.270771503448486,9.900990099009901e-06,,
2025-09-15 09:40:21,SGD_lr0.001_m0.9,SGD,2,shakespeare_char,0,val_eval,4.269772529602051,9.900990099009901e-06,,
2025-09-15 09:40:59,SGD_lr0.001_m0.95,SGD,2,shakespeare_char,100,train_iter,3.071657657623291,0.001,0.02844722525709607,323339.1389846802
2025-09-15 09:41:01,SGD_lr0.001_m0.95,SGD,2,shakespeare_char,110,train_eval,2.9297034740448,0.0009999907511312647,0.02844722525709607,
2025-09-15 09:41:01,SGD_lr0.001_m0.95,SGD,2,shakespeare_char,110,val_eval,2.9568676948547363,0.0009999907511312647,0.02844722525709607,
2025-09-15 09:41:02,SGD_lr0.001_m0.95,SGD,2,shakespeare_char,110,train_iter,3.0576865673065186,0.0009999907511312647,0.027844192889260263,3116.7073249816895
2025-09-15 09:41:03,SGD_lr0.001_m0.95,SGD,2,shakespeare_char,120,train_eval,2.8640332221984863,0.0009999630049052437,0.027844192889260263,
2025-09-15 09:41:03,SGD_lr0.001_m0.95,SGD,2,shakespeare_char,120,val_eval,2.8826744556427,0.0009999630049052437,0.027844192889260263,
2025-09-15 09:41:04,SGD_lr0.001_m0.95,SGD,2,shakespeare_char,120,train_iter,2.883009910583496,0.0009999630049052437,0.029269058746244556,1659.8286628723145
2025-09-15 09:41:08,SGD_lr0.001_m0.95,SGD,2,shakespeare_char,130,train_eval,2.7994158267974854,0.0009999167624624755,0.029269058746244556,
2025-09-15 09:41:08,SGD_lr0.001_m0.95,SGD,2,shakespeare_char,130,val_eval,2.8183274269104004,0.0009999167624624755,0.029269058746244556,
2025-09-15 09:41:09,SGD_lr0.001_m0.95,SGD,2,shakespeare_char,130,train_iter,2.914734363555908,0.0009999167624624755,0.027631472184775886,5418.899774551392
2025-09-15 09:41:11,SGD_lr0.001_m0.95,SGD,2,shakespeare_char,140,train_eval,2.761232852935791,0.000999852025703806,0.027631472184775886,
2025-09-15 09:41:11,SGD_lr0.001_m0.95,SGD,2,shakespeare_char,140,val_eval,2.774737596511841,0.000999852025703806,0.027631472184775886,
2025-09-15 09:41:11,SGD_lr0.001_m0.95,SGD,2,shakespeare_char,140,train_iter,2.8130407333374023,0.000999852025703806,0.028216081325038646,2086.977481842041
2025-09-15 09:41:15,SGD_lr0.001_m0.95,SGD,2,shakespeare_char,150,train_eval,2.7243645191192627,0.0009997687972903096,0.028216081325038646,
2025-09-15 09:41:15,SGD_lr0.001_m0.95,SGD,2,shakespeare_char,150,val_eval,2.732916831970215,0.0009997687972903096,0.028216081325038646,
2025-09-15 09:41:16,SGD_lr0.001_m0.95,SGD,2,shakespeare_char,150,train_iter,2.7663168907165527,0.0009997687972903096,0.026958594620008484,4466.847658157349
2025-09-15 09:41:19,SGD_lr0.001_m0.95,SGD,2,shakespeare_char,160,train_eval,2.6894659996032715,0.0009996670806431804,0.026958594620008484,
2025-09-15 09:41:19,SGD_lr0.001_m0.95,SGD,2,shakespeare_char,160,val_eval,2.700429677963257,0.0009996670806431804,0.026958594620008484,
2025-09-15 09:41:20,SGD_lr0.001_m0.95,SGD,2,shakespeare_char,160,train_iter,2.7121188640594482,0.0009996670806431804,0.025979793839682915,4068.988561630249
2025-09-15 09:41:24,SGD_lr0.001_m0.95,SGD,2,shakespeare_char,170,train_eval,2.668036699295044,0.0009995468799435915,0.025979793839682915,
2025-09-15 09:41:24,SGD_lr0.001_m0.95,SGD,2,shakespeare_char,170,val_eval,2.6743080615997314,0.0009995468799435915,0.025979793839682915,
2025-09-15 09:41:25,SGD_lr0.001_m0.95,SGD,2,shakespeare_char,170,train_iter,2.6745104789733887,0.0009995468799435915,0.025052133953952196,4182.847738265991
2025-09-15 09:41:27,SGD_lr0.001_m0.95,SGD,2,shakespeare_char,180,train_eval,2.641883611679077,0.000999408200132523,0.025052133953952196,
2025-09-15 09:41:27,SGD_lr0.001_m0.95,SGD,2,shakespeare_char,180,val_eval,2.6494903564453125,0.000999408200132523,0.025052133953952196,
2025-09-15 09:41:28,SGD_lr0.001_m0.95,SGD,2,shakespeare_char,180,train_iter,2.7279491424560547,0.000999408200132523,0.024514473254873385,3550.9555339813232
2025-09-15 09:41:31,SGD_lr0.001_m0.95,SGD,2,shakespeare_char,190,train_eval,2.631730079650879,0.0009992510469105584,0.024514473254873385,
2025-09-15 09:41:31,SGD_lr0.001_m0.95,SGD,2,shakespeare_char,190,val_eval,2.6408138275146484,0.0009992510469105584,0.024514473254873385,
2025-09-15 09:41:32,SGD_lr0.001_m0.95,SGD,2,shakespeare_char,190,train_iter,2.697824239730835,0.0009992510469105584,0.023925101902869422,3752.098321914673
2025-09-15 09:41:35,SGD_lr0.001_m0.95,SGD,2,shakespeare_char,200,train_eval,2.6185309886932373,0.0009990754267376514,0.023925101902869422,
2025-09-15 09:41:35,SGD_lr0.001_m0.95,SGD,2,shakespeare_char,200,val_eval,2.6203794479370117,0.0009990754267376514,0.023925101902869422,
2025-09-15 09:42:19,SGD_lr0.001_m0.95,SGD,2,shakespeare_char,100,train_iter,3.071518659591675,0.001,0.026826850162709755,375414.1652584076
2025-09-15 09:42:20,SGD_lr0.001_m0.95,SGD,2,shakespeare_char,110,train_eval,2.9296576976776123,0.0009999907511312647,0.026826850162709755,
2025-09-15 09:42:20,SGD_lr0.001_m0.95,SGD,2,shakespeare_char,110,val_eval,2.956834077835083,0.0009999907511312647,0.026826850162709755,
2025-09-15 09:42:21,SGD_lr0.001_m0.95,SGD,2,shakespeare_char,110,train_iter,3.0576140880584717,0.0009999907511312647,0.028086454586869695,1772.2423076629639
2025-09-15 09:42:22,SGD_lr0.001_m0.95,SGD,2,shakespeare_char,120,train_eval,2.864006996154785,0.0009999630049052437,0.028086454586869695,
2025-09-15 09:42:22,SGD_lr0.001_m0.95,SGD,2,shakespeare_char,120,val_eval,2.8826534748077393,0.0009999630049052437,0.028086454586869695,
2025-09-15 09:42:22,SGD_lr0.001_m0.95,SGD,2,shakespeare_char,120,train_iter,2.8830409049987793,0.0009999630049052437,0.029874863017998646,1519.8194980621338
2025-09-15 09:42:24,SGD_lr0.001_m0.95,SGD,2,shakespeare_char,130,train_eval,2.799417495727539,0.0009999167624624755,0.029874863017998646,
2025-09-15 09:42:24,SGD_lr0.001_m0.95,SGD,2,shakespeare_char,130,val_eval,2.8183274269104004,0.0009999167624624755,0.029874863017998646,
2025-09-15 09:42:24,SGD_lr0.001_m0.95,SGD,2,shakespeare_char,130,train_iter,2.914686918258667,0.0009999167624624755,0.030646848842109005,1858.4237098693848
2025-09-15 09:42:27,SGD_lr0.001_m0.95,SGD,2,shakespeare_char,140,train_eval,2.7612144947052,0.000999852025703806,0.030646848842109005,
2025-09-15 09:42:27,SGD_lr0.001_m0.95,SGD,2,shakespeare_char,140,val_eval,2.774707317352295,0.000999852025703806,0.030646848842109005,
2025-09-15 09:42:28,SGD_lr0.001_m0.95,SGD,2,shakespeare_char,140,train_iter,2.812929153442383,0.000999852025703806,0.029822319199240256,3118.842840194702
2025-09-15 09:42:30,SGD_lr0.001_m0.95,SGD,2,shakespeare_char,150,train_eval,2.7243456840515137,0.0009997687972903096,0.029822319199240256,
2025-09-15 09:42:30,SGD_lr0.001_m0.95,SGD,2,shakespeare_char,150,val_eval,2.7328927516937256,0.0009997687972903096,0.029822319199240256,
2025-09-15 09:42:30,SGD_lr0.001_m0.95,SGD,2,shakespeare_char,150,train_iter,2.7662949562072754,0.0009997687972903096,0.029763209090249217,2390.1474475860596
2025-09-15 09:42:32,SGD_lr0.001_m0.95,SGD,2,shakespeare_char,160,train_eval,2.689450979232788,0.0009996670806431804,0.029763209090249217,
2025-09-15 09:42:32,SGD_lr0.001_m0.95,SGD,2,shakespeare_char,160,val_eval,2.7004055976867676,0.0009996670806431804,0.029763209090249217,
2025-09-15 09:42:33,SGD_lr0.001_m0.95,SGD,2,shakespeare_char,160,train_iter,2.7121386528015137,0.0009996670806431804,0.02950987579867649,2565.8185482025146
2025-09-15 09:42:35,SGD_lr0.001_m0.95,SGD,2,shakespeare_char,170,train_eval,2.668001651763916,0.0009995468799435915,0.02950987579867649,
2025-09-15 09:42:35,SGD_lr0.001_m0.95,SGD,2,shakespeare_char,170,val_eval,2.6742846965789795,0.0009995468799435915,0.02950987579867649,
2025-09-15 09:42:35,SGD_lr0.001_m0.95,SGD,2,shakespeare_char,170,train_iter,2.6744370460510254,0.0009995468799435915,0.02952531810912096,2355.252742767334
2025-09-15 09:42:38,SGD_lr0.001_m0.95,SGD,2,shakespeare_char,180,train_eval,2.641852378845215,0.000999408200132523,0.02952531810912096,
2025-09-15 09:42:38,SGD_lr0.001_m0.95,SGD,2,shakespeare_char,180,val_eval,2.6494600772857666,0.000999408200132523,0.02952531810912096,
2025-09-15 09:42:38,SGD_lr0.001_m0.95,SGD,2,shakespeare_char,180,train_iter,2.7279887199401855,0.000999408200132523,0.028994610949039094,2884.8876953125
2025-09-15 09:42:40,SGD_lr0.001_m0.95,SGD,2,shakespeare_char,190,train_eval,2.6317298412323,0.0009992510469105584,0.028994610949039094,
2025-09-15 09:42:40,SGD_lr0.001_m0.95,SGD,2,shakespeare_char,190,val_eval,2.640807867050171,0.0009992510469105584,0.028994610949039094,
2025-09-15 09:42:40,SGD_lr0.001_m0.95,SGD,2,shakespeare_char,190,train_iter,2.6976678371429443,0.0009992510469105584,0.02965292178912085,1963.7830257415771
2025-09-15 09:42:43,SGD_lr0.001_m0.95,SGD,2,shakespeare_char,200,train_eval,2.6185426712036133,0.0009990754267376514,0.02965292178912085,
2025-09-15 09:42:43,SGD_lr0.001_m0.95,SGD,2,shakespeare_char,200,val_eval,2.620391607284546,0.0009990754267376514,0.02965292178912085,
2025-09-15 09:44:28,MUON_lr0.0003_m0.95,MUON,2,shakespeare_char,0,train_iter,4.265802383422852,9.900990099009901e-06,,379301.9070625305
2025-09-15 09:44:33,MUON_lr0.0003_m0.95,MUON,2,shakespeare_char,10,train_eval,4.213286876678467,0.0001089108910891089,,
2025-09-15 09:44:33,MUON_lr0.0003_m0.95,MUON,2,shakespeare_char,10,val_eval,4.214261054992676,0.0001089108910891089,,
2025-09-15 09:44:34,MUON_lr0.0003_m0.95,MUON,2,shakespeare_char,10,train_iter,4.226042747497559,0.0001089108910891089,0.013990350260254913,4993.936538696289
2025-09-15 09:44:37,MUON_lr0.0003_m0.95,MUON,2,shakespeare_char,20,train_eval,4.056301116943359,0.00020792079207920794,0.013990350260254913,
2025-09-15 09:44:37,MUON_lr0.0003_m0.95,MUON,2,shakespeare_char,20,val_eval,4.058224678039551,0.00020792079207920794,0.013990350260254913,
2025-09-15 09:44:38,MUON_lr0.0003_m0.95,MUON,2,shakespeare_char,20,train_iter,4.116066932678223,0.00020792079207920794,0.014648419544556594,3396.3723182678223
2025-09-15 09:44:41,MUON_lr0.0003_m0.95,MUON,2,shakespeare_char,30,train_eval,3.830226182937622,0.00030693069306930693,0.014648419544556594,
2025-09-15 09:44:41,MUON_lr0.0003_m0.95,MUON,2,shakespeare_char,30,val_eval,3.836513042449951,0.00030693069306930693,0.014648419544556594,
2025-09-15 09:44:42,MUON_lr0.0003_m0.95,MUON,2,shakespeare_char,30,train_iter,3.9463963508605957,0.00030693069306930693,0.015277645038610154,3336.4217281341553
2025-09-15 09:44:47,MUON_lr0.0003_m0.95,MUON,2,shakespeare_char,40,train_eval,3.590545654296875,0.000405940594059406,0.015277645038610154,
2025-09-15 09:44:47,MUON_lr0.0003_m0.95,MUON,2,shakespeare_char,40,val_eval,3.601156711578369,0.000405940594059406,0.015277645038610154,
2025-09-15 09:44:48,MUON_lr0.0003_m0.95,MUON,2,shakespeare_char,40,train_iter,3.7231903076171875,0.000405940594059406,0.015241766443048116,4683.127641677856
2025-09-15 09:44:50,MUON_lr0.0003_m0.95,MUON,2,shakespeare_char,50,train_eval,3.3811135292053223,0.000504950495049505,0.015241766443048116,
2025-09-15 09:44:50,MUON_lr0.0003_m0.95,MUON,2,shakespeare_char,50,val_eval,3.3987438678741455,0.000504950495049505,0.015241766443048116,
2025-09-15 09:44:51,MUON_lr0.0003_m0.95,MUON,2,shakespeare_char,50,train_iter,3.5227763652801514,0.000504950495049505,0.01629468059539856,2711.0772132873535
2025-09-15 09:44:53,MUON_lr0.0003_m0.95,MUON,2,shakespeare_char,60,train_eval,3.1995842456817627,0.000603960396039604,0.01629468059539856,
2025-09-15 09:44:53,MUON_lr0.0003_m0.95,MUON,2,shakespeare_char,60,val_eval,3.2223029136657715,0.000603960396039604,0.01629468059539856,
2025-09-15 09:44:53,MUON_lr0.0003_m0.95,MUON,2,shakespeare_char,60,train_iter,3.3434722423553467,0.000603960396039604,0.017595645371139626,2384.1843605041504
2025-09-15 09:44:56,MUON_lr0.0003_m0.95,MUON,2,shakespeare_char,70,train_eval,3.049975633621216,0.000702970297029703,0.017595645371139626,
2025-09-15 09:44:56,MUON_lr0.0003_m0.95,MUON,2,shakespeare_char,70,val_eval,3.074270725250244,0.000702970297029703,0.017595645371139626,
2025-09-15 09:44:56,MUON_lr0.0003_m0.95,MUON,2,shakespeare_char,70,train_iter,3.18013858795166,0.000702970297029703,0.018607344126705495,2521.1217403411865
2025-09-15 09:44:59,MUON_lr0.0003_m0.95,MUON,2,shakespeare_char,80,train_eval,2.9214072227478027,0.000801980198019802,0.018607344126705495,
2025-09-15 09:44:59,MUON_lr0.0003_m0.95,MUON,2,shakespeare_char,80,val_eval,2.9355602264404297,0.000801980198019802,0.018607344126705495,
2025-09-15 09:45:00,MUON_lr0.0003_m0.95,MUON,2,shakespeare_char,80,train_iter,3.0275473594665527,0.000801980198019802,0.019180903483110794,2870.110511779785
2025-09-15 09:45:03,MUON_lr0.0003_m0.95,MUON,2,shakespeare_char,90,train_eval,2.8138251304626465,0.0009009900990099009,0.019180903483110794,
2025-09-15 09:45:03,MUON_lr0.0003_m0.95,MUON,2,shakespeare_char,90,val_eval,2.8264498710632324,0.0009009900990099009,0.019180903483110794,
2025-09-15 09:45:04,MUON_lr0.0003_m0.95,MUON,2,shakespeare_char,90,train_iter,2.897351026535034,0.0009009900990099009,0.019358762358937822,3333.4262371063232
2025-09-15 09:45:06,MUON_lr0.0003_m0.95,MUON,2,shakespeare_char,100,train_eval,2.736128330230713,0.001,0.019358762358937822,
2025-09-15 09:45:06,MUON_lr0.0003_m0.95,MUON,2,shakespeare_char,100,val_eval,2.7612555027008057,0.001,0.019358762358937822,
2025-09-15 09:45:19,MUON_lr0.0003_m0.99,MUON,2,shakespeare_char,200,train_iter,2.609912872314453,0.0009990754267376514,0.018780636495264177,378894.150018692
2025-09-15 09:45:46,MUON_lr0.001_m0.95,MUON,2,shakespeare_char,0,train_eval,4.270771503448486,9.900990099009901e-06,,
2025-09-15 09:45:46,MUON_lr0.001_m0.95,MUON,2,shakespeare_char,0,val_eval,4.269772529602051,9.900990099009901e-06,,
2025-09-15 09:46:59,SGD_lr0.001_m0.9,SGD,2,shakespeare_char,0,train_iter,4.265802383422852,9.900990099009901e-06,,402801.0745048523
2025-09-15 09:47:01,SGD_lr0.001_m0.9,SGD,2,shakespeare_char,10,train_eval,4.234838962554932,0.0001089108910891089,,
2025-09-15 09:47:01,SGD_lr0.001_m0.9,SGD,2,shakespeare_char,10,val_eval,4.236033916473389,0.0001089108910891089,,
2025-09-15 09:47:01,SGD_lr0.001_m0.9,SGD,2,shakespeare_char,10,train_iter,4.240842819213867,0.0001089108910891089,0.03472316234578427,2012.1128559112549
2025-09-15 09:47:02,SGD_lr0.001_m0.9,SGD,2,shakespeare_char,20,train_eval,4.0875091552734375,0.00020792079207920794,0.03472316234578427,
2025-09-15 09:47:02,SGD_lr0.001_m0.9,SGD,2,shakespeare_char,20,val_eval,4.091339111328125,0.00020792079207920794,0.03472316234578427,
2025-09-15 09:47:03,SGD_lr0.001_m0.9,SGD,2,shakespeare_char,20,train_iter,4.134790897369385,0.00020792079207920794,0.035446774106816986,1665.1124954223633
2025-09-15 09:47:05,SGD_lr0.001_m0.9,SGD,2,shakespeare_char,30,train_eval,3.8725218772888184,0.00030693069306930693,0.035446774106816986,
2025-09-15 09:47:05,SGD_lr0.001_m0.9,SGD,2,shakespeare_char,30,val_eval,3.883211374282837,0.00030693069306930693,0.035446774106816986,
2025-09-15 09:47:05,SGD_lr0.001_m0.9,SGD,2,shakespeare_char,30,train_iter,3.9627654552459717,0.00030693069306930693,0.03537858335713508,2009.6991062164307
2025-09-15 09:47:07,SGD_lr0.001_m0.9,SGD,2,shakespeare_char,40,train_eval,3.6898648738861084,0.000405940594059406,0.03537858335713508,
2025-09-15 09:47:07,SGD_lr0.001_m0.9,SGD,2,shakespeare_char,40,val_eval,3.7062880992889404,0.000405940594059406,0.03537858335713508,
2025-09-15 09:47:08,SGD_lr0.001_m0.9,SGD,2,shakespeare_char,40,train_iter,3.739910840988159,0.000405940594059406,0.034822026340988695,2343.5041904449463
2025-09-15 09:47:10,SGD_lr0.001_m0.9,SGD,2,shakespeare_char,50,train_eval,3.539314031600952,0.000504950495049505,0.034822026340988695,
2025-09-15 09:47:10,SGD_lr0.001_m0.9,SGD,2,shakespeare_char,50,val_eval,3.56663179397583,0.000504950495049505,0.034822026340988695,
2025-09-15 09:47:11,SGD_lr0.001_m0.9,SGD,2,shakespeare_char,50,train_iter,3.601240873336792,0.000504950495049505,0.033777246936874894,2866.4255142211914
2025-09-15 09:47:13,SGD_lr0.001_m0.9,SGD,2,shakespeare_char,60,train_eval,3.423821449279785,0.000603960396039604,0.033777246936874894,
2025-09-15 09:47:13,SGD_lr0.001_m0.9,SGD,2,shakespeare_char,60,val_eval,3.456071376800537,0.000603960396039604,0.033777246936874894,
2025-09-15 09:47:13,SGD_lr0.001_m0.9,SGD,2,shakespeare_char,60,train_iter,3.4951817989349365,0.000603960396039604,0.032866529467021496,2832.0517539978027
2025-09-15 09:47:16,SGD_lr0.001_m0.9,SGD,2,shakespeare_char,70,train_eval,3.3470702171325684,0.000702970297029703,0.032866529467021496,
2025-09-15 09:47:16,SGD_lr0.001_m0.9,SGD,2,shakespeare_char,70,val_eval,3.3817734718322754,0.000702970297029703,0.032866529467021496,
2025-09-15 09:47:16,SGD_lr0.001_m0.9,SGD,2,shakespeare_char,70,train_iter,3.4146480560302734,0.000702970297029703,0.032180164157691704,2686.892032623291
2025-09-15 09:47:18,SGD_lr0.001_m0.9,SGD,2,shakespeare_char,80,train_eval,3.2928173542022705,0.000801980198019802,0.032180164157691704,
2025-09-15 09:47:18,SGD_lr0.001_m0.9,SGD,2,shakespeare_char,80,val_eval,3.3190605640411377,0.000801980198019802,0.032180164157691704,
2025-09-15 09:47:18,SGD_lr0.001_m0.9,SGD,2,shakespeare_char,80,train_iter,3.3213984966278076,0.000801980198019802,0.03320442746104853,1646.9192504882812
2025-09-15 09:47:20,SGD_lr0.001_m0.9,SGD,2,shakespeare_char,90,train_eval,3.2298479080200195,0.0009009900990099009,0.03320442746104853,
2025-09-15 09:47:20,SGD_lr0.001_m0.9,SGD,2,shakespeare_char,90,val_eval,3.261117935180664,0.0009009900990099009,0.03320442746104853,
2025-09-15 09:47:20,SGD_lr0.001_m0.9,SGD,2,shakespeare_char,90,train_iter,3.21350359916687,0.0009009900990099009,0.032931448456261864,2292.6251888275146
2025-09-15 09:47:22,SGD_lr0.001_m0.9,SGD,2,shakespeare_char,100,train_eval,3.143052339553833,0.001,0.032931448456261864,
2025-09-15 09:47:22,SGD_lr0.001_m0.9,SGD,2,shakespeare_char,100,val_eval,3.180849075317383,0.001,0.032931448456261864,
2025-09-15 09:47:31,SGD_lr0.001_m0.95,SGD,2,shakespeare_char,200,train_iter,2.68845272064209,0.0009990754267376514,0.021552057779927244,358916.46790504456
2025-09-15 09:47:54,SGD_lr0.0003_m0.0,SGD,2,shakespeare_char,0,train_eval,4.270771503448486,9.900990099009901e-06,,
2025-09-15 09:47:54,SGD_lr0.0003_m0.0,SGD,2,shakespeare_char,0,val_eval,4.269772529602051,9.900990099009901e-06,,
2025-09-15 09:48:32,SGD_lr0.001_m0.95,SGD,2,shakespeare_char,200,train_iter,2.688432455062866,0.0009990754267376514,0.02670752108129027,351240.5948638916
2025-09-15 09:48:55,SGD_lr0.0003_m0.0,SGD,2,shakespeare_char,0,train_eval,4.270771503448486,9.900990099009901e-06,,
2025-09-15 09:48:55,SGD_lr0.0003_m0.0,SGD,2,shakespeare_char,0,val_eval,4.269772529602051,9.900990099009901e-06,,
2025-09-15 09:50:53,MUON_lr0.0003_m0.95,MUON,2,shakespeare_char,100,train_iter,2.7840943336486816,0.001,0.01744292485931452,348659.3186855316
2025-09-15 09:50:57,MUON_lr0.0003_m0.95,MUON,2,shakespeare_char,110,train_eval,2.678947687149048,0.0009999907511312647,0.01744292485931452,
2025-09-15 09:50:57,MUON_lr0.0003_m0.95,MUON,2,shakespeare_char,110,val_eval,2.698570489883423,0.0009999907511312647,0.01744292485931452,
2025-09-15 09:50:58,MUON_lr0.0003_m0.95,MUON,2,shakespeare_char,110,train_iter,2.7632813453674316,0.0009999907511312647,0.017119201966604013,4918.2329177856445
2025-09-15 09:50:59,MUON_lr0.0003_m0.95,MUON,2,shakespeare_char,120,train_eval,2.643234968185425,0.0009999630049052437,0.017119201966604013,
2025-09-15 09:50:59,MUON_lr0.0003_m0.95,MUON,2,shakespeare_char,120,val_eval,2.6571712493896484,0.0009999630049052437,0.017119201966604013,
2025-09-15 09:51:00,MUON_lr0.0003_m0.95,MUON,2,shakespeare_char,120,train_iter,2.7003073692321777,0.0009999630049052437,0.019458676139114332,1724.515438079834
2025-09-15 09:51:04,MUON_lr0.0003_m0.95,MUON,2,shakespeare_char,130,train_eval,2.6090776920318604,0.0009999167624624755,0.019458676139114332,
2025-09-15 09:51:04,MUON_lr0.0003_m0.95,MUON,2,shakespeare_char,130,val_eval,2.63346004486084,0.0009999167624624755,0.019458676139114332,
2025-09-15 09:51:05,MUON_lr0.0003_m0.95,MUON,2,shakespeare_char,130,train_iter,2.6978020668029785,0.0009999167624624755,0.01921777440502306,4097.848653793335
2025-09-15 09:51:07,MUON_lr0.0003_m0.95,MUON,2,shakespeare_char,140,train_eval,2.5888376235961914,0.000999852025703806,0.01921777440502306,
2025-09-15 09:51:07,MUON_lr0.0003_m0.95,MUON,2,shakespeare_char,140,val_eval,2.6033217906951904,0.000999852025703806,0.01921777440502306,
2025-09-15 09:51:07,MUON_lr0.0003_m0.95,MUON,2,shakespeare_char,140,train_iter,2.6354410648345947,0.000999852025703806,0.021061374537172182,1855.5090427398682
2025-09-15 09:51:09,MUON_lr0.0003_m0.95,MUON,2,shakespeare_char,150,train_eval,2.5761878490448,0.0009997687972903096,0.021061374537172182,
2025-09-15 09:51:09,MUON_lr0.0003_m0.95,MUON,2,shakespeare_char,150,val_eval,2.588658332824707,0.0009997687972903096,0.021061374537172182,
2025-09-15 09:51:10,MUON_lr0.0003_m0.95,MUON,2,shakespeare_char,150,train_iter,2.592475175857544,0.0009997687972903096,0.022089151332305504,2229.382038116455
2025-09-15 09:51:13,MUON_lr0.0003_m0.95,MUON,2,shakespeare_char,160,train_eval,2.560732364654541,0.0009996670806431804,0.022089151332305504,
2025-09-15 09:51:13,MUON_lr0.0003_m0.95,MUON,2,shakespeare_char,160,val_eval,2.579434871673584,0.0009996670806431804,0.022089151332305504,
2025-09-15 09:51:14,MUON_lr0.0003_m0.95,MUON,2,shakespeare_char,160,train_iter,2.5699715614318848,0.0009996670806431804,0.02178731218488737,3663.562536239624
2025-09-15 09:51:18,MUON_lr0.0003_m0.95,MUON,2,shakespeare_char,170,train_eval,2.548133134841919,0.0009995468799435915,0.02178731218488737,
2025-09-15 09:51:18,MUON_lr0.0003_m0.95,MUON,2,shakespeare_char,170,val_eval,2.563856840133667,0.0009995468799435915,0.02178731218488737,
2025-09-15 09:51:20,MUON_lr0.0003_m0.95,MUON,2,shakespeare_char,170,train_iter,2.5681169033050537,0.0009995468799435915,0.021098045281857783,4690.741539001465
2025-09-15 09:51:24,MUON_lr0.0003_m0.95,MUON,2,shakespeare_char,180,train_eval,2.5353407859802246,0.000999408200132523,0.021098045281857783,
2025-09-15 09:51:24,MUON_lr0.0003_m0.95,MUON,2,shakespeare_char,180,val_eval,2.5582540035247803,0.000999408200132523,0.021098045281857783,
2025-09-15 09:51:25,MUON_lr0.0003_m0.95,MUON,2,shakespeare_char,180,train_iter,2.5904784202575684,0.000999408200132523,0.020430153468699423,4845.433473587036
2025-09-15 09:51:30,MUON_lr0.0003_m0.95,MUON,2,shakespeare_char,190,train_eval,2.5303688049316406,0.0009992510469105584,0.020430153468699423,
2025-09-15 09:51:30,MUON_lr0.0003_m0.95,MUON,2,shakespeare_char,190,val_eval,2.5516135692596436,0.0009992510469105584,0.020430153468699423,
2025-09-15 09:51:31,MUON_lr0.0003_m0.95,MUON,2,shakespeare_char,190,train_iter,2.5816738605499268,0.0009992510469105584,0.01984036259657044,4807.717084884644
2025-09-15 09:51:32,MUON_lr0.0003_m0.95,MUON,2,shakespeare_char,200,train_eval,2.5215892791748047,0.0009990754267376514,0.01984036259657044,
2025-09-15 09:51:32,MUON_lr0.0003_m0.95,MUON,2,shakespeare_char,200,val_eval,2.541414499282837,0.0009990754267376514,0.01984036259657044,
2025-09-15 09:52:06,MUON_lr0.001_m0.95,MUON,2,shakespeare_char,0,train_iter,4.265802383422852,9.900990099009901e-06,,388147.6140022278
2025-09-15 09:52:09,MUON_lr0.001_m0.95,MUON,2,shakespeare_char,10,train_eval,4.213225841522217,0.0001089108910891089,,
2025-09-15 09:52:09,MUON_lr0.001_m0.95,MUON,2,shakespeare_char,10,val_eval,4.214197158813477,0.0001089108910891089,,
2025-09-15 09:52:10,MUON_lr0.001_m0.95,MUON,2,shakespeare_char,10,train_iter,4.225978851318359,0.0001089108910891089,0.019074306321500867,3662.881374359131
2025-09-15 09:52:14,MUON_lr0.001_m0.95,MUON,2,shakespeare_char,20,train_eval,4.05626106262207,0.00020792079207920794,0.019074306321500867,
2025-09-15 09:52:14,MUON_lr0.001_m0.95,MUON,2,shakespeare_char,20,val_eval,4.05817174911499,0.00020792079207920794,0.019074306321500867,
2025-09-15 09:52:16,MUON_lr0.001_m0.95,MUON,2,shakespeare_char,20,train_iter,4.116024971008301,0.00020792079207920794,0.018645426797801398,4725.363969802856
2025-09-15 09:52:17,MUON_lr0.001_m0.95,MUON,2,shakespeare_char,30,train_eval,3.830087661743164,0.00030693069306930693,0.018645426797801398,
2025-09-15 09:52:17,MUON_lr0.001_m0.95,MUON,2,shakespeare_char,30,val_eval,3.8363888263702393,0.00030693069306930693,0.018645426797801398,
2025-09-15 09:52:17,MUON_lr0.001_m0.95,MUON,2,shakespeare_char,30,train_iter,3.9463729858398438,0.00030693069306930693,0.021507585596408287,1478.132724761963
2025-09-15 09:52:20,MUON_lr0.001_m0.95,MUON,2,shakespeare_char,40,train_eval,3.5903890132904053,0.000405940594059406,0.021507585596408287,
2025-09-15 09:52:20,MUON_lr0.001_m0.95,MUON,2,shakespeare_char,40,val_eval,3.601011037826538,0.000405940594059406,0.021507585596408287,
2025-09-15 09:52:21,MUON_lr0.001_m0.95,MUON,2,shakespeare_char,40,train_iter,3.7230629920959473,0.000405940594059406,0.02181942755114939,2837.1195793151855
2025-09-15 09:52:25,MUON_lr0.001_m0.95,MUON,2,shakespeare_char,50,train_eval,3.381145715713501,0.000504950495049505,0.02181942755114939,
2025-09-15 09:52:25,MUON_lr0.001_m0.95,MUON,2,shakespeare_char,50,val_eval,3.3987679481506348,0.000504950495049505,0.02181942755114939,
2025-09-15 09:52:26,MUON_lr0.001_m0.95,MUON,2,shakespeare_char,50,train_iter,3.5227885246276855,0.000504950495049505,0.02117147309505934,4554.592847824097
2025-09-15 09:52:29,MUON_lr0.001_m0.95,MUON,2,shakespeare_char,60,train_eval,3.199573278427124,0.000603960396039604,0.02117147309505934,
2025-09-15 09:52:29,MUON_lr0.001_m0.95,MUON,2,shakespeare_char,60,val_eval,3.222285270690918,0.000603960396039604,0.02117147309505934,
2025-09-15 09:52:30,MUON_lr0.001_m0.95,MUON,2,shakespeare_char,60,train_iter,3.343547821044922,0.000603960396039604,0.020764217311533852,4086.0440731048584
2025-09-15 09:52:33,MUON_lr0.001_m0.95,MUON,2,shakespeare_char,70,train_eval,3.049983024597168,0.000702970297029703,0.020764217311533852,
2025-09-15 09:52:33,MUON_lr0.001_m0.95,MUON,2,shakespeare_char,70,val_eval,3.0742549896240234,0.000702970297029703,0.020764217311533852,
2025-09-15 09:52:34,MUON_lr0.001_m0.95,MUON,2,shakespeare_char,70,train_iter,3.180051326751709,0.000702970297029703,0.02115710529245852,2829.411029815674
2025-09-15 09:52:36,MUON_lr0.001_m0.95,MUON,2,shakespeare_char,80,train_eval,2.9214162826538086,0.000801980198019802,0.02115710529245852,
2025-09-15 09:52:36,MUON_lr0.001_m0.95,MUON,2,shakespeare_char,80,val_eval,2.9355711936950684,0.000801980198019802,0.02115710529245852,
2025-09-15 09:52:37,MUON_lr0.001_m0.95,MUON,2,shakespeare_char,80,train_iter,3.0275497436523438,0.000801980198019802,0.0217231260987712,2605.2916049957275
2025-09-15 09:52:39,MUON_lr0.001_m0.95,MUON,2,shakespeare_char,90,train_eval,2.813840627670288,0.0009009900990099009,0.0217231260987712,
2025-09-15 09:52:39,MUON_lr0.001_m0.95,MUON,2,shakespeare_char,90,val_eval,2.826481819152832,0.0009009900990099009,0.0217231260987712,
2025-09-15 09:52:40,MUON_lr0.001_m0.95,MUON,2,shakespeare_char,90,train_iter,2.897120952606201,0.0009009900990099009,0.022390678983403016,2460.219383239746
2025-09-15 09:52:42,MUON_lr0.001_m0.95,MUON,2,shakespeare_char,100,train_eval,2.736112594604492,0.001,0.022390678983403016,
2025-09-15 09:52:42,MUON_lr0.001_m0.95,MUON,2,shakespeare_char,100,val_eval,2.761214256286621,0.001,0.022390678983403016,
2025-09-15 09:53:45,SGD_lr0.0003_m0.0,SGD,2,shakespeare_char,0,train_iter,4.265802383422852,9.900990099009901e-06,,356392.08340644836
2025-09-15 09:53:47,SGD_lr0.0003_m0.0,SGD,2,shakespeare_char,10,train_eval,4.263160228729248,0.0001089108910891089,,
2025-09-15 09:53:47,SGD_lr0.0003_m0.0,SGD,2,shakespeare_char,10,val_eval,4.263652801513672,0.0001089108910891089,,
2025-09-15 09:53:47,SGD_lr0.001_m0.9,SGD,2,shakespeare_char,100,train_iter,3.1946322917938232,0.001,0.02965636621061643,386804.3439388275
2025-09-15 09:53:48,SGD_lr0.0003_m0.0,SGD,2,shakespeare_char,10,train_iter,4.260556221008301,0.0001089108910891089,0.025231369714783874,2769.049882888794
2025-09-15 09:53:49,SGD_lr0.001_m0.9,SGD,2,shakespeare_char,110,train_eval,3.0543408393859863,0.0009999907511312647,0.02965636621061643,
2025-09-15 09:53:49,SGD_lr0.001_m0.9,SGD,2,shakespeare_char,110,val_eval,3.0858941078186035,0.0009999907511312647,0.02965636621061643,
2025-09-15 09:53:50,SGD_lr0.001_m0.9,SGD,2,shakespeare_char,110,train_iter,3.1926257610321045,0.0009999907511312647,0.02985654095787886,2206.9199085235596
2025-09-15 09:53:50,SGD_lr0.0003_m0.0,SGD,2,shakespeare_char,20,train_eval,4.243582725524902,0.00020792079207920794,0.025231369714783874,
2025-09-15 09:53:50,SGD_lr0.0003_m0.0,SGD,2,shakespeare_char,20,val_eval,4.243230819702148,0.00020792079207920794,0.025231369714783874,
2025-09-15 09:53:50,SGD_lr0.0003_m0.0,SGD,2,shakespeare_char,20,train_iter,4.246522426605225,0.00020792079207920794,0.02577157552423722,2280.7412147521973
2025-09-15 09:53:52,SGD_lr0.001_m0.9,SGD,2,shakespeare_char,120,train_eval,2.9945359230041504,0.0009999630049052437,0.02985654095787886,
2025-09-15 09:53:52,SGD_lr0.001_m0.9,SGD,2,shakespeare_char,120,val_eval,3.020317316055298,0.0009999630049052437,0.02985654095787886,
2025-09-15 09:53:52,SGD_lr0.0003_m0.0,SGD,2,shakespeare_char,30,train_eval,4.212087631225586,0.00030693069306930693,0.02577157552423722,
2025-09-15 09:53:52,SGD_lr0.0003_m0.0,SGD,2,shakespeare_char,30,val_eval,4.212049961090088,0.00030693069306930693,0.02577157552423722,
2025-09-15 09:53:52,SGD_lr0.001_m0.9,SGD,2,shakespeare_char,120,train_iter,3.037548780441284,0.0009999630049052437,0.029528078642602974,2629.351854324341
2025-09-15 09:53:53,SGD_lr0.0003_m0.0,SGD,2,shakespeare_char,30,train_iter,4.230582237243652,0.00030693069306930693,0.025949418598433388,2536.003828048706
2025-09-15 09:53:55,SGD_lr0.0003_m0.0,SGD,2,shakespeare_char,40,train_eval,4.168066501617432,0.000405940594059406,0.025949418598433388,
2025-09-15 09:53:55,SGD_lr0.0003_m0.0,SGD,2,shakespeare_char,40,val_eval,4.170441150665283,0.000405940594059406,0.025949418598433388,
2025-09-15 09:53:55,SGD_lr0.001_m0.9,SGD,2,shakespeare_char,130,train_eval,2.9305150508880615,0.0009999167624624755,0.029528078642602974,
2025-09-15 09:53:55,SGD_lr0.001_m0.9,SGD,2,shakespeare_char,130,val_eval,2.9576892852783203,0.0009999167624624755,0.029528078642602974,
2025-09-15 09:53:55,SGD_lr0.0003_m0.0,SGD,2,shakespeare_char,40,train_iter,4.190365314483643,0.000405940594059406,0.02646576051921122,2245.5978393554688
2025-09-15 09:53:55,SGD_lr0.001_m0.9,SGD,2,shakespeare_char,130,train_iter,3.0535171031951904,0.0009999167624624755,0.02929283076199263,2570.9431171417236
2025-09-15 09:53:57,SGD_lr0.001_m0.9,SGD,2,shakespeare_char,140,train_eval,2.8810133934020996,0.000999852025703806,0.02929283076199263,
2025-09-15 09:53:57,SGD_lr0.001_m0.9,SGD,2,shakespeare_char,140,val_eval,2.9039220809936523,0.000999852025703806,0.02929283076199263,
2025-09-15 09:53:57,SGD_lr0.001_m0.9,SGD,2,shakespeare_char,140,train_iter,2.9490432739257812,0.000999852025703806,0.029623498140746787,2143.1896686553955
2025-09-15 09:53:58,SGD_lr0.0003_m0.0,SGD,2,shakespeare_char,50,train_eval,4.116248607635498,0.000504950495049505,0.02646576051921122,
2025-09-15 09:53:58,SGD_lr0.0003_m0.0,SGD,2,shakespeare_char,50,val_eval,4.119363784790039,0.000504950495049505,0.02646576051921122,
2025-09-15 09:53:58,SGD_lr0.0003_m0.0,SGD,2,shakespeare_char,50,train_iter,4.153297424316406,0.000504950495049505,0.02606601301549667,3109.579563140869
2025-09-15 09:54:00,SGD_lr0.001_m0.9,SGD,2,shakespeare_char,150,train_eval,2.8481087684631348,0.0009997687972903096,0.029623498140746787,
2025-09-15 09:54:00,SGD_lr0.001_m0.9,SGD,2,shakespeare_char,150,val_eval,2.867931842803955,0.0009997687972903096,0.029623498140746787,
2025-09-15 09:54:01,SGD_lr0.001_m0.9,SGD,2,shakespeare_char,150,train_iter,2.907353401184082,0.0009997687972903096,0.02882047451927838,3235.589027404785
2025-09-15 09:54:01,SGD_lr0.0003_m0.0,SGD,2,shakespeare_char,60,train_eval,4.053558349609375,0.000603960396039604,0.02606601301549667,
2025-09-15 09:54:01,SGD_lr0.0003_m0.0,SGD,2,shakespeare_char,60,val_eval,4.059858798980713,0.000603960396039604,0.02606601301549667,
2025-09-15 09:54:02,SGD_lr0.0003_m0.0,SGD,2,shakespeare_char,60,train_iter,4.119231700897217,0.000603960396039604,0.025488729502976107,3442.8772926330566
2025-09-15 09:54:04,SGD_lr0.001_m0.9,SGD,2,shakespeare_char,160,train_eval,2.8084163665771484,0.0009996670806431804,0.02882047451927838,
2025-09-15 09:54:04,SGD_lr0.001_m0.9,SGD,2,shakespeare_char,160,val_eval,2.834930419921875,0.0009996670806431804,0.02882047451927838,
2025-09-15 09:54:04,SGD_lr0.0003_m0.0,SGD,2,shakespeare_char,70,train_eval,3.985335111618042,0.000702970297029703,0.025488729502976107,
2025-09-15 09:54:04,SGD_lr0.0003_m0.0,SGD,2,shakespeare_char,70,val_eval,3.9951248168945312,0.000702970297029703,0.025488729502976107,
2025-09-15 09:54:04,SGD_lr0.0003_m0.0,SGD,2,shakespeare_char,70,train_iter,4.065927505493164,0.000702970297029703,0.025677496457281786,2552.0858764648438
2025-09-15 09:54:05,SGD_lr0.001_m0.9,SGD,2,shakespeare_char,160,train_iter,2.8477485179901123,0.0009996670806431804,0.027818320375056015,3716.536521911621
2025-09-15 09:54:08,SGD_lr0.0003_m0.0,SGD,2,shakespeare_char,80,train_eval,3.9178097248077393,0.000801980198019802,0.025677496457281786,
2025-09-15 09:54:08,SGD_lr0.0003_m0.0,SGD,2,shakespeare_char,80,val_eval,3.925219774246216,0.000801980198019802,0.025677496457281786,
2025-09-15 09:54:08,SGD_lr0.001_m0.9,SGD,2,shakespeare_char,170,train_eval,2.788132667541504,0.0009995468799435915,0.027818320375056015,
2025-09-15 09:54:08,SGD_lr0.001_m0.9,SGD,2,shakespeare_char,170,val_eval,2.808265447616577,0.0009995468799435915,0.027818320375056015,
2025-09-15 09:54:08,SGD_lr0.001_m0.9,SGD,2,shakespeare_char,170,train_iter,2.7914607524871826,0.0009995468799435915,0.027068311772289334,3438.631534576416
2025-09-15 09:54:08,SGD_lr0.0003_m0.0,SGD,2,shakespeare_char,80,train_iter,4.004539489746094,0.000801980198019802,0.025082280976151592,3541.987895965576
2025-09-15 09:54:09,SGD_lr0.0003_m0.0,SGD,2,shakespeare_char,90,train_eval,3.848968505859375,0.0009009900990099009,0.025082280976151592,
2025-09-15 09:54:09,SGD_lr0.0003_m0.0,SGD,2,shakespeare_char,90,val_eval,3.8596346378326416,0.0009009900990099009,0.025082280976151592,
2025-09-15 09:54:09,SGD_lr0.0003_m0.0,SGD,2,shakespeare_char,90,train_iter,3.9243311882019043,0.0009009900990099009,0.028307371623772365,1218.6121940612793
2025-09-15 09:54:11,SGD_lr0.0003_m0.0,SGD,2,shakespeare_char,100,train_eval,3.7827978134155273,0.001,0.028307371623772365,
2025-09-15 09:54:11,SGD_lr0.0003_m0.0,SGD,2,shakespeare_char,100,val_eval,3.7961676120758057,0.001,0.028307371623772365,
2025-09-15 09:54:12,SGD_lr0.001_m0.9,SGD,2,shakespeare_char,180,train_eval,2.7518150806427,0.000999408200132523,0.027068311772289334,
2025-09-15 09:54:12,SGD_lr0.001_m0.9,SGD,2,shakespeare_char,180,val_eval,2.773283004760742,0.000999408200132523,0.027068311772289334,
2025-09-15 09:54:12,SGD_lr0.001_m0.9,SGD,2,shakespeare_char,180,train_iter,2.8498072624206543,0.000999408200132523,0.026102041255291124,4014.0469074249268
2025-09-15 09:54:15,SGD_lr0.001_m0.9,SGD,2,shakespeare_char,190,train_eval,2.737905979156494,0.0009992510469105584,0.026102041255291124,
2025-09-15 09:54:15,SGD_lr0.001_m0.9,SGD,2,shakespeare_char,190,val_eval,2.758650302886963,0.0009992510469105584,0.026102041255291124,
2025-09-15 09:54:16,SGD_lr0.001_m0.9,SGD,2,shakespeare_char,190,train_iter,2.8132448196411133,0.0009992510469105584,0.025402525570174694,3656.6359996795654
2025-09-15 09:54:18,SGD_lr0.001_m0.9,SGD,2,shakespeare_char,200,train_eval,2.7179696559906006,0.0009990754267376514,0.025402525570174694,
2025-09-15 09:54:18,SGD_lr0.001_m0.9,SGD,2,shakespeare_char,200,val_eval,2.7274773120880127,0.0009990754267376514,0.025402525570174694,
2025-09-15 09:55:31,SGD_lr0.0003_m0.0,SGD,2,shakespeare_char,0,train_iter,4.265802383422852,9.900990099009901e-06,,401908.0443382263
2025-09-15 09:55:33,SGD_lr0.0003_m0.0,SGD,2,shakespeare_char,10,train_eval,4.263160228729248,0.0001089108910891089,,
2025-09-15 09:55:33,SGD_lr0.0003_m0.0,SGD,2,shakespeare_char,10,val_eval,4.263652801513672,0.0001089108910891089,,
2025-09-15 09:55:34,SGD_lr0.0003_m0.0,SGD,2,shakespeare_char,10,train_iter,4.260556221008301,0.0001089108910891089,0.026369788420517567,2649.5063304901123
2025-09-15 09:55:37,SGD_lr0.0003_m0.0,SGD,2,shakespeare_char,20,train_eval,4.243582725524902,0.00020792079207920794,0.026369788420517567,
2025-09-15 09:55:37,SGD_lr0.0003_m0.0,SGD,2,shakespeare_char,20,val_eval,4.243230819702148,0.00020792079207920794,0.026369788420517567,
2025-09-15 09:55:37,SGD_lr0.0003_m0.0,SGD,2,shakespeare_char,20,train_iter,4.246522426605225,0.00020792079207920794,0.025959311229421782,3137.9685401916504
2025-09-15 09:55:40,SGD_lr0.0003_m0.0,SGD,2,shakespeare_char,30,train_eval,4.2120890617370605,0.00030693069306930693,0.025959311229421782,
2025-09-15 09:55:40,SGD_lr0.0003_m0.0,SGD,2,shakespeare_char,30,val_eval,4.212050437927246,0.00030693069306930693,0.025959311229421782,
2025-09-15 09:55:41,SGD_lr0.0003_m0.0,SGD,2,shakespeare_char,30,train_iter,4.23060417175293,0.00030693069306930693,0.025321023651469137,3568.929672241211
2025-09-15 09:55:44,SGD_lr0.0003_m0.0,SGD,2,shakespeare_char,40,train_eval,4.168063163757324,0.000405940594059406,0.025321023651469137,
2025-09-15 09:55:44,SGD_lr0.0003_m0.0,SGD,2,shakespeare_char,40,val_eval,4.170446395874023,0.000405940594059406,0.025321023651469137,
2025-09-15 09:55:44,SGD_lr0.0003_m0.0,SGD,2,shakespeare_char,40,train_iter,4.19032096862793,0.000405940594059406,0.024799617768732504,3474.762201309204
2025-09-15 09:55:46,SGD_lr0.0003_m0.0,SGD,2,shakespeare_char,50,train_eval,4.116258144378662,0.000504950495049505,0.024799617768732504,
2025-09-15 09:55:46,SGD_lr0.0003_m0.0,SGD,2,shakespeare_char,50,val_eval,4.119368553161621,0.000504950495049505,0.024799617768732504,
2025-09-15 09:55:47,SGD_lr0.0003_m0.0,SGD,2,shakespeare_char,50,train_iter,4.153299331665039,0.000504950495049505,0.025493916286265114,2201.0457515716553
2025-09-15 09:55:48,SGD_lr0.0003_m0.0,SGD,2,shakespeare_char,60,train_eval,4.053562164306641,0.000603960396039604,0.025493916286265114,
2025-09-15 09:55:48,SGD_lr0.0003_m0.0,SGD,2,shakespeare_char,60,val_eval,4.059861183166504,0.000603960396039604,0.025493916286265114,
2025-09-15 09:55:49,SGD_lr0.0003_m0.0,SGD,2,shakespeare_char,60,train_iter,4.119275093078613,0.000603960396039604,0.026475206622424953,1978.8506031036377
2025-09-15 09:55:51,SGD_lr0.0003_m0.0,SGD,2,shakespeare_char,70,train_eval,3.985337495803833,0.000702970297029703,0.026475206622424953,
2025-09-15 09:55:51,SGD_lr0.0003_m0.0,SGD,2,shakespeare_char,70,val_eval,3.9951207637786865,0.000702970297029703,0.026475206622424953,
2025-09-15 09:55:51,SGD_lr0.0003_m0.0,SGD,2,shakespeare_char,70,train_iter,4.065943717956543,0.000702970297029703,0.026814016364238972,2339.557647705078
2025-09-15 09:55:54,SGD_lr0.0003_m0.0,SGD,2,shakespeare_char,80,train_eval,3.917811632156372,0.000801980198019802,0.026814016364238972,
2025-09-15 09:55:54,SGD_lr0.0003_m0.0,SGD,2,shakespeare_char,80,val_eval,3.925222396850586,0.000801980198019802,0.026814016364238972,
2025-09-15 09:55:54,SGD_lr0.0003_m0.0,SGD,2,shakespeare_char,80,train_iter,4.00455379486084,0.000801980198019802,0.02649967828674045,2951.6284465789795
2025-09-15 09:55:56,SGD_lr0.0003_m0.0,SGD,2,shakespeare_char,90,train_eval,3.848958730697632,0.0009009900990099009,0.02649967828674045,
2025-09-15 09:55:56,SGD_lr0.0003_m0.0,SGD,2,shakespeare_char,90,val_eval,3.859623670578003,0.0009009900990099009,0.02649967828674045,
2025-09-15 09:55:56,SGD_lr0.0003_m0.0,SGD,2,shakespeare_char,90,train_iter,3.9243342876434326,0.0009009900990099009,0.028141197951496454,1628.035068511963
2025-09-15 09:55:58,SGD_lr0.0003_m0.0,SGD,2,shakespeare_char,100,train_eval,3.7828056812286377,0.001,0.028141197951496454,
2025-09-15 09:55:58,SGD_lr0.0003_m0.0,SGD,2,shakespeare_char,100,val_eval,3.7961716651916504,0.001,0.028141197951496454,
2025-09-15 09:57:27,MUON_lr0.0003_m0.95,MUON,2,shakespeare_char,200,train_iter,2.5952651500701904,0.0009990754267376514,0.0178759686469549,355696.0520744324
2025-09-15 09:57:49,MUON_lr0.0003_m0.99,MUON,2,shakespeare_char,0,train_eval,4.270771503448486,9.900990099009901e-06,,
2025-09-15 09:57:49,MUON_lr0.0003_m0.99,MUON,2,shakespeare_char,0,val_eval,4.269772529602051,9.900990099009901e-06,,
2025-09-15 09:59:08,MUON_lr0.001_m0.95,MUON,2,shakespeare_char,100,train_iter,2.784069061279297,0.001,0.02016962434382034,387863.86346817017
2025-09-15 09:59:11,MUON_lr0.001_m0.95,MUON,2,shakespeare_char,110,train_eval,2.6789331436157227,0.0009999907511312647,0.02016962434382034,
2025-09-15 09:59:11,MUON_lr0.001_m0.95,MUON,2,shakespeare_char,110,val_eval,2.698549509048462,0.0009999907511312647,0.02016962434382034,
2025-09-15 09:59:13,MUON_lr0.001_m0.95,MUON,2,shakespeare_char,110,train_iter,2.763300657272339,0.0009999907511312647,0.019939734164973043,3909.574508666992
2025-09-15 09:59:15,MUON_lr0.001_m0.95,MUON,2,shakespeare_char,120,train_eval,2.643270254135132,0.0009999630049052437,0.019939734164973043,
2025-09-15 09:59:15,MUON_lr0.001_m0.95,MUON,2,shakespeare_char,120,val_eval,2.65720272064209,0.0009999630049052437,0.019939734164973043,
2025-09-15 09:59:16,MUON_lr0.001_m0.95,MUON,2,shakespeare_char,120,train_iter,2.7002310752868652,0.0009999630049052437,0.020832129103463392,2420.5822944641113
2025-09-15 09:59:19,MUON_lr0.001_m0.95,MUON,2,shakespeare_char,130,train_eval,2.6090762615203857,0.0009999167624624755,0.020832129103463392,
2025-09-15 09:59:19,MUON_lr0.001_m0.95,MUON,2,shakespeare_char,130,val_eval,2.6334314346313477,0.0009999167624624755,0.020832129103463392,
2025-09-15 09:59:20,MUON_lr0.001_m0.95,MUON,2,shakespeare_char,130,train_iter,2.6977806091308594,0.0009999167624624755,0.02055168949457689,3875.5245208740234
2025-09-15 09:59:23,MUON_lr0.001_m0.95,MUON,2,shakespeare_char,140,train_eval,2.5888309478759766,0.000999852025703806,0.02055168949457689,
2025-09-15 09:59:23,MUON_lr0.001_m0.95,MUON,2,shakespeare_char,140,val_eval,2.6033082008361816,0.000999852025703806,0.02055168949457689,
2025-09-15 09:59:24,MUON_lr0.001_m0.95,MUON,2,shakespeare_char,140,train_iter,2.6353397369384766,0.000999852025703806,0.020490826025611277,3503.3209323883057
2025-09-15 09:59:27,MUON_lr0.001_m0.95,MUON,2,shakespeare_char,150,train_eval,2.57623291015625,0.0009997687972903096,0.020490826025611277,
2025-09-15 09:59:27,MUON_lr0.001_m0.95,MUON,2,shakespeare_char,150,val_eval,2.5887176990509033,0.0009997687972903096,0.020490826025611277,
2025-09-15 09:59:28,MUON_lr0.001_m0.95,MUON,2,shakespeare_char,150,train_iter,2.592507839202881,0.0009997687972903096,0.020278720389946003,3803.364038467407
2025-09-15 09:59:31,MUON_lr0.001_m0.95,MUON,2,shakespeare_char,160,train_eval,2.560742139816284,0.0009996670806431804,0.020278720389946003,
2025-09-15 09:59:31,MUON_lr0.001_m0.95,MUON,2,shakespeare_char,160,val_eval,2.579441785812378,0.0009996670806431804,0.020278720389946003,
2025-09-15 09:59:33,MUON_lr0.001_m0.95,MUON,2,shakespeare_char,160,train_iter,2.5700278282165527,0.0009996670806431804,0.02000671936376092,3979.04634475708
2025-09-15 09:59:34,MUON_lr0.001_m0.95,MUON,2,shakespeare_char,170,train_eval,2.548144578933716,0.0009995468799435915,0.02000671936376092,
2025-09-15 09:59:34,MUON_lr0.001_m0.95,MUON,2,shakespeare_char,170,val_eval,2.563876152038574,0.0009995468799435915,0.02000671936376092,
2025-09-15 09:59:35,MUON_lr0.001_m0.95,MUON,2,shakespeare_char,170,train_iter,2.5682895183563232,0.0009995468799435915,0.021405848199387144,2055.02986907959
2025-09-15 09:59:38,MUON_lr0.001_m0.95,MUON,2,shakespeare_char,180,train_eval,2.535342216491699,0.000999408200132523,0.021405848199387144,
2025-09-15 09:59:38,MUON_lr0.001_m0.95,MUON,2,shakespeare_char,180,val_eval,2.558243751525879,0.000999408200132523,0.021405848199387144,
2025-09-15 09:59:38,MUON_lr0.001_m0.95,MUON,2,shakespeare_char,180,train_iter,2.5904932022094727,0.000999408200132523,0.02164548329649025,2935.3137016296387
2025-09-15 09:59:42,MUON_lr0.001_m0.95,MUON,2,shakespeare_char,190,train_eval,2.5304064750671387,0.0009992510469105584,0.02164548329649025,
2025-09-15 09:59:42,MUON_lr0.001_m0.95,MUON,2,shakespeare_char,190,val_eval,2.551668643951416,0.0009992510469105584,0.02164548329649025,
2025-09-15 09:59:43,MUON_lr0.001_m0.95,MUON,2,shakespeare_char,190,train_iter,2.581851005554199,0.0009992510469105584,0.02140329402552846,3634.43660736084
2025-09-15 09:59:45,MUON_lr0.001_m0.95,MUON,2,shakespeare_char,200,train_eval,2.5216217041015625,0.0009990754267376514,0.02140329402552846,
2025-09-15 09:59:45,MUON_lr0.001_m0.95,MUON,2,shakespeare_char,200,val_eval,2.5414156913757324,0.0009990754267376514,0.02140329402552846,
2025-09-15 09:59:58,SGD_lr0.0003_m0.0,SGD,2,shakespeare_char,100,train_iter,3.888843536376953,0.001,0.02549671195281836,347986.3090515137
2025-09-15 10:00:01,SGD_lr0.0003_m0.0,SGD,2,shakespeare_char,110,train_eval,3.7235796451568604,0.0009999907511312647,0.02549671195281836,
2025-09-15 10:00:01,SGD_lr0.0003_m0.0,SGD,2,shakespeare_char,110,val_eval,3.738236904144287,0.0009999907511312647,0.02549671195281836,
2025-09-15 10:00:02,SGD_lr0.0003_m0.0,SGD,2,shakespeare_char,110,train_iter,3.8400216102600098,0.0009999907511312647,0.024682472266560788,4025.9106159210205
2025-09-15 10:00:05,SGD_lr0.0003_m0.0,SGD,2,shakespeare_char,120,train_eval,3.6741325855255127,0.0009999630049052437,0.024682472266560788,
2025-09-15 10:00:05,SGD_lr0.0003_m0.0,SGD,2,shakespeare_char,120,val_eval,3.689507246017456,0.0009999630049052437,0.024682472266560788,
2025-09-15 10:00:06,SGD_lr0.0003_m0.0,SGD,2,shakespeare_char,120,train_iter,3.7595391273498535,0.0009999630049052437,0.024007861405668497,3895.2667713165283
2025-09-15 10:00:08,SGD_lr0.0003_m0.0,SGD,2,shakespeare_char,130,train_eval,3.627195119857788,0.0009999167624624755,0.024007861405668497,
2025-09-15 10:00:08,SGD_lr0.0003_m0.0,SGD,2,shakespeare_char,130,val_eval,3.6438028812408447,0.0009999167624624755,0.024007861405668497,
2025-09-15 10:00:08,SGD_lr0.0003_m0.0,SGD,2,shakespeare_char,130,train_iter,3.7227272987365723,0.0009999167624624755,0.02462777886079884,2312.9353523254395
2025-09-15 10:00:09,SGD_lr0.0003_m0.0,SGD,2,shakespeare_char,140,train_eval,3.5879945755004883,0.000999852025703806,0.02462777886079884,
2025-09-15 10:00:09,SGD_lr0.0003_m0.0,SGD,2,shakespeare_char,140,val_eval,3.607135534286499,0.000999852025703806,0.02462777886079884,
2025-09-15 10:00:10,SGD_lr0.0003_m0.0,SGD,2,shakespeare_char,140,train_iter,3.6672778129577637,0.000999852025703806,0.028066645855545868,1183.8550567626953
2025-09-15 10:00:12,SGD_lr0.0003_m0.0,SGD,2,shakespeare_char,150,train_eval,3.5527312755584717,0.0009997687972903096,0.028066645855545868,
2025-09-15 10:00:12,SGD_lr0.0003_m0.0,SGD,2,shakespeare_char,150,val_eval,3.5710036754608154,0.0009997687972903096,0.028066645855545868,
2025-09-15 10:00:12,SGD_lr0.0003_m0.0,SGD,2,shakespeare_char,150,train_iter,3.6373672485351562,0.0009997687972903096,0.028282139378853644,2311.8221759796143
2025-09-15 10:00:16,SGD_lr0.0003_m0.0,SGD,2,shakespeare_char,160,train_eval,3.519745111465454,0.0009996670806431804,0.028282139378853644,
2025-09-15 10:00:16,SGD_lr0.0003_m0.0,SGD,2,shakespeare_char,160,val_eval,3.545358896255493,0.0009996670806431804,0.028282139378853644,
2025-09-15 10:00:16,SGD_lr0.0003_m0.0,SGD,2,shakespeare_char,160,train_iter,3.592975616455078,0.0009996670806431804,0.02721333111411556,3971.052408218384
2025-09-15 10:00:20,SGD_lr0.0003_m0.0,SGD,2,shakespeare_char,170,train_eval,3.4934608936309814,0.0009995468799435915,0.02721333111411556,
2025-09-15 10:00:20,SGD_lr0.0003_m0.0,SGD,2,shakespeare_char,170,val_eval,3.518552303314209,0.0009995468799435915,0.02721333111411556,
2025-09-15 10:00:20,SGD_lr0.0003_m0.0,SGD,2,shakespeare_char,170,train_iter,3.5402770042419434,0.0009995468799435915,0.02629433799200056,3876.4562606811523
2025-09-15 10:00:22,SGD_lr0.0003_m0.0,SGD,2,shakespeare_char,180,train_eval,3.464306354522705,0.000999408200132523,0.02629433799200056,
2025-09-15 10:00:22,SGD_lr0.0003_m0.0,SGD,2,shakespeare_char,180,val_eval,3.4921014308929443,0.000999408200132523,0.02629433799200056,
2025-09-15 10:00:22,SGD_lr0.0003_m0.0,SGD,2,shakespeare_char,180,train_iter,3.547950267791748,0.000999408200132523,0.02757120551231124,1788.569688796997
2025-09-15 10:00:24,SGD_lr0.0003_m0.0,SGD,2,shakespeare_char,190,train_eval,3.446984052658081,0.0009992510469105584,0.02757120551231124,
2025-09-15 10:00:24,SGD_lr0.0003_m0.0,SGD,2,shakespeare_char,190,val_eval,3.4794890880584717,0.0009992510469105584,0.02757120551231124,
2025-09-15 10:00:24,SGD_lr0.0003_m0.0,SGD,2,shakespeare_char,190,train_iter,3.5200653076171875,0.0009992510469105584,0.02779124403839941,2346.7648029327393
2025-09-15 10:00:26,SGD_lr0.0003_m0.0,SGD,2,shakespeare_char,200,train_eval,3.4294512271881104,0.0009990754267376514,0.02779124403839941,
2025-09-15 10:00:26,SGD_lr0.0003_m0.0,SGD,2,shakespeare_char,200,val_eval,3.4556150436401367,0.0009990754267376514,0.02779124403839941,
2025-09-15 10:00:29,SGD_lr0.001_m0.9,SGD,2,shakespeare_char,200,train_iter,2.7798633575439453,0.0009990754267376514,0.022881033262073417,372420.01247406006
2025-09-15 10:00:48,SGD_lr0.001_m0.95,SGD,2,shakespeare_char,0,train_eval,4.270771503448486,9.900990099009901e-06,,
2025-09-15 10:00:48,SGD_lr0.001_m0.95,SGD,2,shakespeare_char,0,val_eval,4.269772529602051,9.900990099009901e-06,,
2025-09-15 10:02:36,SGD_lr0.0003_m0.0,SGD,2,shakespeare_char,100,train_iter,3.8889050483703613,0.001,0.02534453034493544,400333.29343795776
2025-09-15 10:02:40,SGD_lr0.0003_m0.0,SGD,2,shakespeare_char,110,train_eval,3.7235894203186035,0.0009999907511312647,0.02534453034493544,
2025-09-15 10:02:40,SGD_lr0.0003_m0.0,SGD,2,shakespeare_char,110,val_eval,3.7382431030273438,0.0009999907511312647,0.02534453034493544,
2025-09-15 10:02:41,SGD_lr0.0003_m0.0,SGD,2,shakespeare_char,110,train_iter,3.84004545211792,0.0009999907511312647,0.02440679509254313,4375.658750534058
2025-09-15 10:02:45,SGD_lr0.0003_m0.0,SGD,2,shakespeare_char,120,train_eval,3.67413330078125,0.0009999630049052437,0.02440679509254313,
2025-09-15 10:02:45,SGD_lr0.0003_m0.0,SGD,2,shakespeare_char,120,val_eval,3.6895084381103516,0.0009999630049052437,0.02440679509254313,
2025-09-15 10:02:45,SGD_lr0.0003_m0.0,SGD,2,shakespeare_char,120,train_iter,3.7595691680908203,0.0009999630049052437,0.02371266817037293,4000.2758502960205
2025-09-15 10:02:48,SGD_lr0.0003_m0.0,SGD,2,shakespeare_char,130,train_eval,3.627199411392212,0.0009999167624624755,0.02371266817037293,
2025-09-15 10:02:48,SGD_lr0.0003_m0.0,SGD,2,shakespeare_char,130,val_eval,3.6438088417053223,0.0009999167624624755,0.02371266817037293,
2025-09-15 10:02:49,SGD_lr0.0003_m0.0,SGD,2,shakespeare_char,130,train_iter,3.7227210998535156,0.0009999167624624755,0.023303101398375284,3561.549663543701
2025-09-15 10:02:52,SGD_lr0.0003_m0.0,SGD,2,shakespeare_char,140,train_eval,3.5880048274993896,0.000999852025703806,0.023303101398375284,
2025-09-15 10:02:52,SGD_lr0.0003_m0.0,SGD,2,shakespeare_char,140,val_eval,3.6071295738220215,0.000999852025703806,0.023303101398375284,
2025-09-15 10:02:53,SGD_lr0.0003_m0.0,SGD,2,shakespeare_char,140,train_iter,3.6672868728637695,0.000999852025703806,0.022776690392825077,3873.105764389038
2025-09-15 10:02:55,SGD_lr0.0003_m0.0,SGD,2,shakespeare_char,150,train_eval,3.552724599838257,0.0009997687972903096,0.022776690392825077,
2025-09-15 10:02:55,SGD_lr0.0003_m0.0,SGD,2,shakespeare_char,150,val_eval,3.5710031986236572,0.0009997687972903096,0.022776690392825077,
2025-09-15 10:02:55,SGD_lr0.0003_m0.0,SGD,2,shakespeare_char,150,train_iter,3.63729190826416,0.0009997687972903096,0.023652318993879155,2215.6779766082764
2025-09-15 10:02:57,SGD_lr0.0003_m0.0,SGD,2,shakespeare_char,160,train_eval,3.519740343093872,0.0009996670806431804,0.023652318993879155,
2025-09-15 10:02:57,SGD_lr0.0003_m0.0,SGD,2,shakespeare_char,160,val_eval,3.545358180999756,0.0009996670806431804,0.023652318993879155,
2025-09-15 10:02:57,SGD_lr0.0003_m0.0,SGD,2,shakespeare_char,160,train_iter,3.593067169189453,0.0009996670806431804,0.02455291074948602,2139.3353939056396
2025-09-15 10:03:00,SGD_lr0.0003_m0.0,SGD,2,shakespeare_char,170,train_eval,3.493467330932617,0.0009995468799435915,0.02455291074948602,
2025-09-15 10:03:00,SGD_lr0.0003_m0.0,SGD,2,shakespeare_char,170,val_eval,3.518552303314209,0.0009995468799435915,0.02455291074948602,
2025-09-15 10:03:00,SGD_lr0.0003_m0.0,SGD,2,shakespeare_char,170,train_iter,3.540212631225586,0.0009995468799435915,0.024764430379689718,2619.868040084839
2025-09-15 10:03:02,SGD_lr0.0003_m0.0,SGD,2,shakespeare_char,180,train_eval,3.464301824569702,0.000999408200132523,0.024764430379689718,
2025-09-15 10:03:02,SGD_lr0.0003_m0.0,SGD,2,shakespeare_char,180,val_eval,3.492102861404419,0.000999408200132523,0.024764430379689718,
2025-09-15 10:03:03,SGD_lr0.0003_m0.0,SGD,2,shakespeare_char,180,train_iter,3.5479238033294678,0.000999408200132523,0.025049547886786955,2529.979705810547
2025-09-15 10:03:06,SGD_lr0.0003_m0.0,SGD,2,shakespeare_char,190,train_eval,3.446986675262451,0.0009992510469105584,0.025049547886786955,
2025-09-15 10:03:06,SGD_lr0.0003_m0.0,SGD,2,shakespeare_char,190,val_eval,3.4794886112213135,0.0009992510469105584,0.025049547886786955,
2025-09-15 10:03:06,SGD_lr0.0003_m0.0,SGD,2,shakespeare_char,190,train_iter,3.5199952125549316,0.0009992510469105584,0.02469738526802043,3245.4094886779785
2025-09-15 10:03:07,SGD_lr0.0003_m0.0,SGD,2,shakespeare_char,200,train_eval,3.429452419281006,0.0009990754267376514,0.02469738526802043,
2025-09-15 10:03:07,SGD_lr0.0003_m0.0,SGD,2,shakespeare_char,200,val_eval,3.4556102752685547,0.0009990754267376514,0.02469738526802043,
2025-09-15 10:03:54,MUON_lr0.0003_m0.99,MUON,2,shakespeare_char,0,train_iter,4.265802383422852,9.900990099009901e-06,,372694.89312171936
2025-09-15 10:03:58,MUON_lr0.0003_m0.99,MUON,2,shakespeare_char,10,train_eval,4.213298320770264,0.0001089108910891089,,
2025-09-15 10:03:58,MUON_lr0.0003_m0.99,MUON,2,shakespeare_char,10,val_eval,4.214279651641846,0.0001089108910891089,,
2025-09-15 10:04:00,MUON_lr0.0003_m0.99,MUON,2,shakespeare_char,10,train_iter,4.225991725921631,0.0001089108910891089,0.014380826577733388,4858.338356018066
2025-09-15 10:04:03,MUON_lr0.0003_m0.99,MUON,2,shakespeare_char,20,train_eval,4.0554914474487305,0.00020792079207920794,0.014380826577733388,
2025-09-15 10:04:03,MUON_lr0.0003_m0.99,MUON,2,shakespeare_char,20,val_eval,4.057404518127441,0.00020792079207920794,0.014380826577733388,
2025-09-15 10:04:04,MUON_lr0.0003_m0.99,MUON,2,shakespeare_char,20,train_iter,4.115458965301514,0.00020792079207920794,0.014917796459764293,3537.4715328216553
2025-09-15 10:04:08,MUON_lr0.0003_m0.99,MUON,2,shakespeare_char,30,train_eval,3.829793930053711,0.00030693069306930693,0.014917796459764293,
2025-09-15 10:04:08,MUON_lr0.0003_m0.99,MUON,2,shakespeare_char,30,val_eval,3.836077928543091,0.00030693069306930693,0.014917796459764293,
2025-09-15 10:04:09,MUON_lr0.0003_m0.99,MUON,2,shakespeare_char,30,train_iter,3.9459798336029053,0.00030693069306930693,0.015065307205609144,4262.022256851196
2025-09-15 10:04:10,MUON_lr0.0003_m0.99,MUON,2,shakespeare_char,40,train_eval,3.5933966636657715,0.000405940594059406,0.015065307205609144,
2025-09-15 10:04:10,MUON_lr0.0003_m0.99,MUON,2,shakespeare_char,40,val_eval,3.603863477706909,0.000405940594059406,0.015065307205609144,
2025-09-15 10:04:11,MUON_lr0.0003_m0.99,MUON,2,shakespeare_char,40,train_iter,3.7250030040740967,0.000405940594059406,0.018376117738407093,1450.3211975097656
2025-09-15 10:04:13,MUON_lr0.0003_m0.99,MUON,2,shakespeare_char,50,train_eval,3.3897087574005127,0.000504950495049505,0.018376117738407093,
2025-09-15 10:04:13,MUON_lr0.0003_m0.99,MUON,2,shakespeare_char,50,val_eval,3.4067397117614746,0.000504950495049505,0.018376117738407093,
2025-09-15 10:04:14,MUON_lr0.0003_m0.99,MUON,2,shakespeare_char,50,train_iter,3.5303895473480225,0.000504950495049505,0.019377634363155885,2460.858106613159
2025-09-15 10:04:17,MUON_lr0.0003_m0.99,MUON,2,shakespeare_char,60,train_eval,3.2211754322052,0.000603960396039604,0.019377634363155885,
2025-09-15 10:04:17,MUON_lr0.0003_m0.99,MUON,2,shakespeare_char,60,val_eval,3.2430813312530518,0.000603960396039604,0.019377634363155885,
2025-09-15 10:04:18,MUON_lr0.0003_m0.99,MUON,2,shakespeare_char,60,train_iter,3.3611631393432617,0.000603960396039604,0.019346595375690095,3664.2379760742188
2025-09-15 10:04:19,MUON_lr0.0003_m0.99,MUON,2,shakespeare_char,70,train_eval,3.090249538421631,0.000702970297029703,0.019346595375690095,
2025-09-15 10:04:19,MUON_lr0.0003_m0.99,MUON,2,shakespeare_char,70,val_eval,3.1143734455108643,0.000702970297029703,0.019346595375690095,
2025-09-15 10:04:20,MUON_lr0.0003_m0.99,MUON,2,shakespeare_char,70,train_iter,3.21136736869812,0.000702970297029703,0.022115535596300494,1485.3925704956055
2025-09-15 10:04:23,MUON_lr0.0003_m0.99,MUON,2,shakespeare_char,80,train_eval,2.9841392040252686,0.000801980198019802,0.022115535596300494,
2025-09-15 10:04:23,MUON_lr0.0003_m0.99,MUON,2,shakespeare_char,80,val_eval,2.9997353553771973,0.000801980198019802,0.022115535596300494,
2025-09-15 10:04:24,MUON_lr0.0003_m0.99,MUON,2,shakespeare_char,80,train_iter,3.0768966674804688,0.000801980198019802,0.021952640140708107,3410.374879837036
2025-09-15 10:04:26,MUON_lr0.0003_m0.99,MUON,2,shakespeare_char,90,train_eval,2.88637113571167,0.0009009900990099009,0.021952640140708107,
2025-09-15 10:04:26,MUON_lr0.0003_m0.99,MUON,2,shakespeare_char,90,val_eval,2.9007015228271484,0.0009009900990099009,0.021952640140708107,
2025-09-15 10:04:26,MUON_lr0.0003_m0.99,MUON,2,shakespeare_char,90,train_iter,2.959969997406006,0.0009009900990099009,0.022807564301830594,2290.5774116516113
2025-09-15 10:04:29,MUON_lr0.0003_m0.99,MUON,2,shakespeare_char,100,train_eval,2.7992382049560547,0.001,0.022807564301830594,
2025-09-15 10:04:29,MUON_lr0.0003_m0.99,MUON,2,shakespeare_char,100,val_eval,2.8208606243133545,0.001,0.022807564301830594,
2025-09-15 10:06:03,MUON_lr0.001_m0.95,MUON,2,shakespeare_char,200,train_iter,2.5952746868133545,0.0009990754267376514,0.019281381473988717,379364.1014099121
2025-09-15 10:06:28,SGD_lr0.0003_m0.0,SGD,2,shakespeare_char,200,train_iter,3.4619483947753906,0.0009990754267376514,0.025031353491496697,363249.66740608215
2025-09-15 10:06:28,MUON_lr0.001_m0.99,MUON,2,shakespeare_char,0,train_eval,4.270771503448486,9.900990099009901e-06,,
2025-09-15 10:06:28,MUON_lr0.001_m0.99,MUON,2,shakespeare_char,0,val_eval,4.269772529602051,9.900990099009901e-06,,
2025-09-15 10:06:47,SGD_lr0.0003_m0.9,SGD,2,shakespeare_char,0,train_eval,4.270771503448486,9.900990099009901e-06,,
2025-09-15 10:06:47,SGD_lr0.0003_m0.9,SGD,2,shakespeare_char,0,val_eval,4.269772529602051,9.900990099009901e-06,,
2025-09-15 10:07:16,SGD_lr0.001_m0.95,SGD,2,shakespeare_char,0,train_iter,4.265802383422852,9.900990099009901e-06,,392719.38705444336
2025-09-15 10:07:20,SGD_lr0.001_m0.95,SGD,2,shakespeare_char,10,train_eval,4.2288103103637695,0.0001089108910891089,,
2025-09-15 10:07:20,SGD_lr0.001_m0.95,SGD,2,shakespeare_char,10,val_eval,4.2301483154296875,0.0001089108910891089,,
2025-09-15 10:07:21,SGD_lr0.001_m0.95,SGD,2,shakespeare_char,10,train_iter,4.236733436584473,0.0001089108910891089,0.016178926724335543,4318.390369415283
2025-09-15 10:07:24,SGD_lr0.001_m0.95,SGD,2,shakespeare_char,20,train_eval,4.033041000366211,0.00020792079207920794,0.016178926724335543,
2025-09-15 10:07:24,SGD_lr0.001_m0.95,SGD,2,shakespeare_char,20,val_eval,4.038339614868164,0.00020792079207920794,0.016178926724335543,
2025-09-15 10:07:24,SGD_lr0.001_m0.95,SGD,2,shakespeare_char,20,train_iter,4.093540191650391,0.00020792079207920794,0.016415840805684843,3766.80326461792
2025-09-15 10:07:26,SGD_lr0.001_m0.95,SGD,2,shakespeare_char,30,train_eval,3.7689831256866455,0.00030693069306930693,0.016415840805684843,
2025-09-15 10:07:26,SGD_lr0.001_m0.95,SGD,2,shakespeare_char,30,val_eval,3.7832398414611816,0.00030693069306930693,0.016415840805684843,
2025-09-15 10:07:27,SGD_lr0.001_m0.95,SGD,2,shakespeare_char,30,train_iter,3.8565385341644287,0.00030693069306930693,0.018054238768480998,2130.100727081299
2025-09-15 10:07:29,SGD_lr0.001_m0.95,SGD,2,shakespeare_char,40,train_eval,3.5876080989837646,0.000405940594059406,0.018054238768480998,
2025-09-15 10:07:29,SGD_lr0.001_m0.95,SGD,2,shakespeare_char,40,val_eval,3.608299970626831,0.000405940594059406,0.018054238768480998,
2025-09-15 10:07:29,SGD_lr0.001_m0.95,SGD,2,shakespeare_char,40,train_iter,3.6013431549072266,0.000405940594059406,0.019138380290007605,2417.9041385650635
2025-09-15 10:07:32,SGD_lr0.001_m0.95,SGD,2,shakespeare_char,50,train_eval,3.432065725326538,0.000504950495049505,0.019138380290007605,
2025-09-15 10:07:32,SGD_lr0.001_m0.95,SGD,2,shakespeare_char,50,val_eval,3.46598482131958,0.000504950495049505,0.019138380290007605,
2025-09-15 10:07:32,SGD_lr0.001_m0.95,SGD,2,shakespeare_char,50,train_iter,3.4721248149871826,0.000504950495049505,0.019960614273745566,2553.5483360290527
2025-09-15 10:07:34,SGD_lr0.001_m0.95,SGD,2,shakespeare_char,60,train_eval,3.3460302352905273,0.000603960396039604,0.019960614273745566,
2025-09-15 10:07:34,SGD_lr0.001_m0.95,SGD,2,shakespeare_char,60,val_eval,3.3839123249053955,0.000603960396039604,0.019960614273745566,
2025-09-15 10:07:34,SGD_lr0.001_m0.95,SGD,2,shakespeare_char,60,train_iter,3.403069496154785,0.000603960396039604,0.021279261775755613,2107.7845096588135
2025-09-15 10:07:36,SGD_lr0.001_m0.95,SGD,2,shakespeare_char,70,train_eval,3.2847537994384766,0.000702970297029703,0.021279261775755613,
2025-09-15 10:07:36,SGD_lr0.001_m0.95,SGD,2,shakespeare_char,70,val_eval,3.324150800704956,0.000702970297029703,0.021279261775755613,
2025-09-15 10:07:36,SGD_lr0.001_m0.95,SGD,2,shakespeare_char,70,train_iter,3.34171462059021,0.000702970297029703,0.022580857845917835,2037.2202396392822
2025-09-15 10:07:38,SGD_lr0.001_m0.95,SGD,2,shakespeare_char,80,train_eval,3.2244248390197754,0.000801980198019802,0.022580857845917835,
2025-09-15 10:07:38,SGD_lr0.001_m0.95,SGD,2,shakespeare_char,80,val_eval,3.2537221908569336,0.000801980198019802,0.022580857845917835,
2025-09-15 10:07:38,SGD_lr0.001_m0.95,SGD,2,shakespeare_char,80,train_iter,3.242671012878418,0.000801980198019802,0.024075542943059344,1861.7422580718994
2025-09-15 10:07:40,SGD_lr0.001_m0.95,SGD,2,shakespeare_char,90,train_eval,3.124354600906372,0.0009009900990099009,0.024075542943059344,
2025-09-15 10:07:40,SGD_lr0.001_m0.95,SGD,2,shakespeare_char,90,val_eval,3.1551549434661865,0.0009009900990099009,0.024075542943059344,
2025-09-15 10:07:40,SGD_lr0.001_m0.95,SGD,2,shakespeare_char,90,train_iter,3.1061739921569824,0.0009009900990099009,0.0256832546600751,1740.0321960449219
2025-09-15 10:07:41,SGD_lr0.001_m0.95,SGD,2,shakespeare_char,100,train_eval,3.004518508911133,0.001,0.0256832546600751,
2025-09-15 10:07:41,SGD_lr0.001_m0.95,SGD,2,shakespeare_char,100,val_eval,3.034818410873413,0.001,0.0256832546600751,
2025-09-15 10:09:42,SGD_lr0.0003_m0.0,SGD,2,shakespeare_char,200,train_iter,3.461885452270508,0.0009990754267376514,0.022245298136419896,395815.2914047241
2025-09-15 10:10:00,SGD_lr0.0003_m0.9,SGD,2,shakespeare_char,0,train_eval,4.270771503448486,9.900990099009901e-06,,
2025-09-15 10:10:00,SGD_lr0.0003_m0.9,SGD,2,shakespeare_char,0,val_eval,4.269772529602051,9.900990099009901e-06,,
2025-09-15 10:10:29,MUON_lr0.0003_m0.99,MUON,2,shakespeare_char,100,train_iter,2.855940818786621,0.001,0.02054608044613343,362519.91868019104
2025-09-15 10:10:32,MUON_lr0.0003_m0.99,MUON,2,shakespeare_char,110,train_eval,2.73490834236145,0.0009999907511312647,0.02054608044613343,
2025-09-15 10:10:32,MUON_lr0.0003_m0.99,MUON,2,shakespeare_char,110,val_eval,2.756521701812744,0.0009999907511312647,0.02054608044613343,
2025-09-15 10:10:33,MUON_lr0.0003_m0.99,MUON,2,shakespeare_char,110,train_iter,2.823519229888916,0.0009999907511312647,0.020659561826285703,3222.511053085327
2025-09-15 10:10:36,MUON_lr0.0003_m0.99,MUON,2,shakespeare_char,120,train_eval,2.6946027278900146,0.0009999630049052437,0.020659561826285703,
2025-09-15 10:10:36,MUON_lr0.0003_m0.99,MUON,2,shakespeare_char,120,val_eval,2.7144854068756104,0.0009999630049052437,0.020659561826285703,
2025-09-15 10:10:37,MUON_lr0.0003_m0.99,MUON,2,shakespeare_char,120,train_iter,2.747955083847046,0.0009999630049052437,0.020891545178957603,3040.4160022735596
2025-09-15 10:10:40,MUON_lr0.0003_m0.99,MUON,2,shakespeare_char,130,train_eval,2.649757146835327,0.0009999167624624755,0.020891545178957603,
2025-09-15 10:10:40,MUON_lr0.0003_m0.99,MUON,2,shakespeare_char,130,val_eval,2.677541732788086,0.0009999167624624755,0.020891545178957603,
2025-09-15 10:10:41,MUON_lr0.0003_m0.99,MUON,2,shakespeare_char,130,train_iter,2.736551284790039,0.0009999167624624755,0.020482098220004585,4159.469366073608
2025-09-15 10:10:43,MUON_lr0.0003_m0.99,MUON,2,shakespeare_char,140,train_eval,2.6224372386932373,0.000999852025703806,0.020482098220004585,
2025-09-15 10:10:43,MUON_lr0.0003_m0.99,MUON,2,shakespeare_char,140,val_eval,2.643829107284546,0.000999852025703806,0.020482098220004585,
2025-09-15 10:10:43,MUON_lr0.0003_m0.99,MUON,2,shakespeare_char,140,train_iter,2.6599488258361816,0.000999852025703806,0.02299127081892647,1533.0493450164795
2025-09-15 10:10:46,MUON_lr0.0003_m0.99,MUON,2,shakespeare_char,150,train_eval,2.5996243953704834,0.0009997687972903096,0.02299127081892647,
2025-09-15 10:10:46,MUON_lr0.0003_m0.99,MUON,2,shakespeare_char,150,val_eval,2.6155054569244385,0.0009997687972903096,0.02299127081892647,
2025-09-15 10:10:47,MUON_lr0.0003_m0.99,MUON,2,shakespeare_char,150,train_iter,2.624617338180542,0.0009997687972903096,0.023030445864760246,2987.933874130249
2025-09-15 10:10:48,MUON_lr0.0003_m0.99,MUON,2,shakespeare_char,160,train_eval,2.579352617263794,0.0009996670806431804,0.023030445864760246,
2025-09-15 10:10:48,MUON_lr0.0003_m0.99,MUON,2,shakespeare_char,160,val_eval,2.598524570465088,0.0009996670806431804,0.023030445864760246,
2025-09-15 10:10:49,MUON_lr0.0003_m0.99,MUON,2,shakespeare_char,160,train_iter,2.589268684387207,0.0009996670806431804,0.02514618997397312,1581.1328887939453
2025-09-15 10:10:51,MUON_lr0.0003_m0.99,MUON,2,shakespeare_char,170,train_eval,2.5649399757385254,0.0009995468799435915,0.02514618997397312,
2025-09-15 10:10:51,MUON_lr0.0003_m0.99,MUON,2,shakespeare_char,170,val_eval,2.5811829566955566,0.0009995468799435915,0.02514618997397312,
2025-09-15 10:10:53,MUON_lr0.0003_m0.99,MUON,2,shakespeare_char,170,train_iter,2.588498115539551,0.0009995468799435915,0.024621365630791692,3511.262893676758
2025-09-15 10:10:55,MUON_lr0.0003_m0.99,MUON,2,shakespeare_char,180,train_eval,2.5500688552856445,0.000999408200132523,0.024621365630791692,
2025-09-15 10:10:55,MUON_lr0.0003_m0.99,MUON,2,shakespeare_char,180,val_eval,2.5711982250213623,0.000999408200132523,0.024621365630791692,
2025-09-15 10:10:56,MUON_lr0.0003_m0.99,MUON,2,shakespeare_char,180,train_iter,2.6057791709899902,0.000999408200132523,0.024620918323583797,2838.169813156128
2025-09-15 10:10:58,MUON_lr0.0003_m0.99,MUON,2,shakespeare_char,190,train_eval,2.543717622756958,0.0009992510469105584,0.024620918323583797,
2025-09-15 10:10:58,MUON_lr0.0003_m0.99,MUON,2,shakespeare_char,190,val_eval,2.5642812252044678,0.0009992510469105584,0.024620918323583797,
2025-09-15 10:10:59,MUON_lr0.0003_m0.99,MUON,2,shakespeare_char,190,train_iter,2.5970864295959473,0.0009992510469105584,0.025026489865543233,2436.371088027954
2025-09-15 10:11:00,MUON_lr0.0003_m0.99,MUON,2,shakespeare_char,200,train_eval,2.5324501991271973,0.0009990754267376514,0.025026489865543233,
2025-09-15 10:11:00,MUON_lr0.0003_m0.99,MUON,2,shakespeare_char,200,val_eval,2.5474050045013428,0.0009990754267376514,0.025026489865543233,
2025-09-15 10:12:29,SGD_lr0.001_m0.95,SGD,2,shakespeare_char,100,train_iter,3.071502447128296,0.001,0.023139094093688015,289125.64277648926
2025-09-15 10:12:31,SGD_lr0.001_m0.95,SGD,2,shakespeare_char,110,train_eval,2.9296600818634033,0.0009999907511312647,0.023139094093688015,
2025-09-15 10:12:31,SGD_lr0.001_m0.95,SGD,2,shakespeare_char,110,val_eval,2.9568395614624023,0.0009999907511312647,0.023139094093688015,
2025-09-15 10:12:31,SGD_lr0.001_m0.95,SGD,2,shakespeare_char,110,train_iter,3.0576207637786865,0.0009999907511312647,0.02467585919831367,1814.4073486328125
2025-09-15 10:12:33,SGD_lr0.001_m0.95,SGD,2,shakespeare_char,120,train_eval,2.8640198707580566,0.0009999630049052437,0.02467585919831367,
2025-09-15 10:12:33,SGD_lr0.001_m0.95,SGD,2,shakespeare_char,120,val_eval,2.8826773166656494,0.0009999630049052437,0.02467585919831367,
2025-09-15 10:12:33,SGD_lr0.001_m0.95,SGD,2,shakespeare_char,120,train_iter,2.883014678955078,0.0009999630049052437,0.02565895663939297,2024.7271060943604
2025-09-15 10:12:35,MUON_lr0.001_m0.99,MUON,2,shakespeare_char,0,train_iter,4.265802383422852,9.900990099009901e-06,,371804.3882846832
2025-09-15 10:12:35,SGD_lr0.001_m0.95,SGD,2,shakespeare_char,130,train_eval,2.7993996143341064,0.0009999167624624755,0.02565895663939297,
2025-09-15 10:12:35,SGD_lr0.001_m0.95,SGD,2,shakespeare_char,130,val_eval,2.8183281421661377,0.0009999167624624755,0.02565895663939297,
2025-09-15 10:12:36,SGD_lr0.001_m0.95,SGD,2,shakespeare_char,130,train_iter,2.9146862030029297,0.0009999167624624755,0.026513866589770594,2042.4113273620605
2025-09-15 10:12:37,MUON_lr0.001_m0.99,MUON,2,shakespeare_char,10,train_eval,4.213338851928711,0.0001089108910891089,,
2025-09-15 10:12:37,MUON_lr0.001_m0.99,MUON,2,shakespeare_char,10,val_eval,4.2143049240112305,0.0001089108910891089,,
2025-09-15 10:12:37,SGD_lr0.001_m0.95,SGD,2,shakespeare_char,140,train_eval,2.7612195014953613,0.000999852025703806,0.026513866589770594,
2025-09-15 10:12:37,SGD_lr0.001_m0.95,SGD,2,shakespeare_char,140,val_eval,2.7747292518615723,0.000999852025703806,0.026513866589770594,
2025-09-15 10:12:38,SGD_lr0.001_m0.95,SGD,2,shakespeare_char,140,train_iter,2.8132076263427734,0.000999852025703806,0.027530870500362247,1904.5660495758057
2025-09-15 10:12:38,MUON_lr0.001_m0.99,MUON,2,shakespeare_char,10,train_iter,4.225982189178467,0.0001089108910891089,0.02856944465778034,2445.512056350708
2025-09-15 10:12:39,SGD_lr0.001_m0.95,SGD,2,shakespeare_char,150,train_eval,2.7243738174438477,0.0009997687972903096,0.027530870500362247,
2025-09-15 10:12:39,SGD_lr0.001_m0.95,SGD,2,shakespeare_char,150,val_eval,2.732931137084961,0.0009997687972903096,0.027530870500362247,
2025-09-15 10:12:40,SGD_lr0.001_m0.95,SGD,2,shakespeare_char,150,train_iter,2.7663676738739014,0.0009997687972903096,0.02821668985239454,2031.661033630371
2025-09-15 10:12:40,MUON_lr0.001_m0.99,MUON,2,shakespeare_char,20,train_eval,4.055527687072754,0.00020792079207920794,0.02856944465778034,
2025-09-15 10:12:40,MUON_lr0.001_m0.99,MUON,2,shakespeare_char,20,val_eval,4.057442665100098,0.00020792079207920794,0.02856944465778034,
2025-09-15 10:12:41,SGD_lr0.001_m0.95,SGD,2,shakespeare_char,160,train_eval,2.6894731521606445,0.0009996670806431804,0.02821668985239454,
2025-09-15 10:12:41,SGD_lr0.001_m0.95,SGD,2,shakespeare_char,160,val_eval,2.700425148010254,0.0009996670806431804,0.02821668985239454,
2025-09-15 10:12:41,SGD_lr0.001_m0.95,SGD,2,shakespeare_char,160,train_iter,2.71216082572937,0.0009996670806431804,0.03091270513073963,1266.2363052368164
2025-09-15 10:12:41,MUON_lr0.001_m0.99,MUON,2,shakespeare_char,20,train_iter,4.115412712097168,0.00020792079207920794,0.02809881129336247,2927.821159362793
2025-09-15 10:12:43,SGD_lr0.001_m0.95,SGD,2,shakespeare_char,170,train_eval,2.6680426597595215,0.0009995468799435915,0.03091270513073963,
2025-09-15 10:12:43,SGD_lr0.001_m0.95,SGD,2,shakespeare_char,170,val_eval,2.6743271350860596,0.0009995468799435915,0.03091270513073963,
2025-09-15 10:12:44,SGD_lr0.001_m0.95,SGD,2,shakespeare_char,170,train_iter,2.6744933128356934,0.0009995468799435915,0.03068304901923507,2441.521167755127
2025-09-15 10:12:44,MUON_lr0.001_m0.99,MUON,2,shakespeare_char,30,train_eval,3.8298425674438477,0.00030693069306930693,0.02809881129336247,
2025-09-15 10:12:44,MUON_lr0.001_m0.99,MUON,2,shakespeare_char,30,val_eval,3.8361217975616455,0.00030693069306930693,0.02809881129336247,
2025-09-15 10:12:45,MUON_lr0.001_m0.99,MUON,2,shakespeare_char,30,train_iter,3.9460055828094482,0.00030693069306930693,0.02741321215687593,3288.966417312622
2025-09-15 10:12:46,SGD_lr0.001_m0.95,SGD,2,shakespeare_char,180,train_eval,2.6418943405151367,0.000999408200132523,0.03068304901923507,
2025-09-15 10:12:46,SGD_lr0.001_m0.95,SGD,2,shakespeare_char,180,val_eval,2.649502754211426,0.000999408200132523,0.03068304901923507,
2025-09-15 10:12:47,SGD_lr0.001_m0.95,SGD,2,shakespeare_char,180,train_iter,2.7281899452209473,0.000999408200132523,0.03011450426693153,2794.945001602173
2025-09-15 10:12:48,MUON_lr0.001_m0.99,MUON,2,shakespeare_char,40,train_eval,3.593524217605591,0.000405940594059406,0.02741321215687593,
2025-09-15 10:12:48,MUON_lr0.001_m0.99,MUON,2,shakespeare_char,40,val_eval,3.6039698123931885,0.000405940594059406,0.02741321215687593,
2025-09-15 10:12:49,MUON_lr0.001_m0.99,MUON,2,shakespeare_char,40,train_iter,3.7251181602478027,0.000405940594059406,0.02709047770968582,2888.749837875366
2025-09-15 10:12:49,SGD_lr0.001_m0.95,SGD,2,shakespeare_char,190,train_eval,2.631732702255249,0.0009992510469105584,0.03011450426693153,
2025-09-15 10:12:49,SGD_lr0.001_m0.95,SGD,2,shakespeare_char,190,val_eval,2.6408276557922363,0.0009992510469105584,0.03011450426693153,
2025-09-15 10:12:49,SGD_lr0.001_m0.95,SGD,2,shakespeare_char,190,train_iter,2.6977450847625732,0.0009992510469105584,0.029810250808828168,2580.784559249878
2025-09-15 10:12:50,MUON_lr0.001_m0.99,MUON,2,shakespeare_char,50,train_eval,3.389821767807007,0.000504950495049505,0.02709047770968582,
2025-09-15 10:12:50,MUON_lr0.001_m0.99,MUON,2,shakespeare_char,50,val_eval,3.4068493843078613,0.000504950495049505,0.02709047770968582,
2025-09-15 10:12:51,MUON_lr0.001_m0.99,MUON,2,shakespeare_char,50,train_iter,3.530478000640869,0.000504950495049505,0.027635540927578514,2147.035598754883
2025-09-15 10:12:51,SGD_lr0.001_m0.95,SGD,2,shakespeare_char,200,train_eval,2.618537664413452,0.0009990754267376514,0.029810250808828168,
2025-09-15 10:12:51,SGD_lr0.001_m0.95,SGD,2,shakespeare_char,200,val_eval,2.620375394821167,0.0009990754267376514,0.029810250808828168,
2025-09-15 10:12:51,SGD_lr0.0003_m0.9,SGD,2,shakespeare_char,0,train_iter,4.265802383422852,9.900990099009901e-06,,368029.67834472656
2025-09-15 10:12:54,SGD_lr0.0003_m0.9,SGD,2,shakespeare_char,10,train_eval,4.234838962554932,0.0001089108910891089,,
2025-09-15 10:12:54,SGD_lr0.0003_m0.9,SGD,2,shakespeare_char,10,val_eval,4.236033916473389,0.0001089108910891089,,
2025-09-15 10:12:54,MUON_lr0.001_m0.99,MUON,2,shakespeare_char,60,train_eval,3.2211480140686035,0.000603960396039604,0.027635540927578514,
2025-09-15 10:12:54,SGD_lr0.0003_m0.9,SGD,2,shakespeare_char,10,train_iter,4.240842819213867,0.0001089108910891089,0.024827937852707965,2814.04447555542
2025-09-15 10:12:54,MUON_lr0.001_m0.99,MUON,2,shakespeare_char,60,val_eval,3.2430477142333984,0.000603960396039604,0.027635540927578514,
2025-09-15 10:12:55,MUON_lr0.001_m0.99,MUON,2,shakespeare_char,60,train_iter,3.3611717224121094,0.000603960396039604,0.02690228965394994,3441.206932067871
2025-09-15 10:12:56,SGD_lr0.0003_m0.9,SGD,2,shakespeare_char,20,train_eval,4.087522983551025,0.00020792079207920794,0.024827937852707965,
2025-09-15 10:12:56,SGD_lr0.0003_m0.9,SGD,2,shakespeare_char,20,val_eval,4.091348648071289,0.00020792079207920794,0.024827937852707965,
2025-09-15 10:12:57,SGD_lr0.0003_m0.9,SGD,2,shakespeare_char,20,train_iter,4.134822368621826,0.00020792079207920794,0.02519149977422681,2454.6096324920654
2025-09-15 10:12:58,MUON_lr0.001_m0.99,MUON,2,shakespeare_char,70,train_eval,3.090174674987793,0.000702970297029703,0.02690228965394994,
2025-09-15 10:12:58,MUON_lr0.001_m0.99,MUON,2,shakespeare_char,70,val_eval,3.1142632961273193,0.000702970297029703,0.02690228965394994,
2025-09-15 10:12:58,SGD_lr0.0003_m0.9,SGD,2,shakespeare_char,30,train_eval,3.8725130558013916,0.00030693069306930693,0.02519149977422681,
2025-09-15 10:12:58,SGD_lr0.0003_m0.9,SGD,2,shakespeare_char,30,val_eval,3.8832037448883057,0.00030693069306930693,0.02519149977422681,
2025-09-15 10:12:58,MUON_lr0.001_m0.99,MUON,2,shakespeare_char,70,train_iter,3.211333990097046,0.000702970297029703,0.026864713160840138,2633.8512897491455
2025-09-15 10:12:59,SGD_lr0.0003_m0.9,SGD,2,shakespeare_char,30,train_iter,3.9628515243530273,0.00030693069306930693,0.02626127992757778,1946.7339515686035
2025-09-15 10:13:01,SGD_lr0.0003_m0.9,SGD,2,shakespeare_char,40,train_eval,3.6898603439331055,0.000405940594059406,0.02626127992757778,
2025-09-15 10:13:01,SGD_lr0.0003_m0.9,SGD,2,shakespeare_char,40,val_eval,3.706282377243042,0.000405940594059406,0.02626127992757778,
2025-09-15 10:13:01,MUON_lr0.001_m0.99,MUON,2,shakespeare_char,80,train_eval,2.9841091632843018,0.000801980198019802,0.026864713160840138,
2025-09-15 10:13:01,MUON_lr0.001_m0.99,MUON,2,shakespeare_char,80,val_eval,2.999699115753174,0.000801980198019802,0.026864713160840138,
2025-09-15 10:13:01,SGD_lr0.0003_m0.9,SGD,2,shakespeare_char,40,train_iter,3.7399423122406006,0.000405940594059406,0.02685074325819366,2172.755002975464
2025-09-15 10:13:01,MUON_lr0.001_m0.99,MUON,2,shakespeare_char,80,train_iter,3.0768697261810303,0.000801980198019802,0.026983705775359756,2490.387439727783
2025-09-15 10:13:03,SGD_lr0.0003_m0.9,SGD,2,shakespeare_char,50,train_eval,3.5393130779266357,0.000504950495049505,0.02685074325819366,
2025-09-15 10:13:03,SGD_lr0.0003_m0.9,SGD,2,shakespeare_char,50,val_eval,3.566628932952881,0.000504950495049505,0.02685074325819366,
2025-09-15 10:13:04,MUON_lr0.001_m0.99,MUON,2,shakespeare_char,90,train_eval,2.8863532543182373,0.0009009900990099009,0.026983705775359756,
2025-09-15 10:13:04,MUON_lr0.001_m0.99,MUON,2,shakespeare_char,90,val_eval,2.900717258453369,0.0009009900990099009,0.026983705775359756,
2025-09-15 10:13:04,SGD_lr0.0003_m0.9,SGD,2,shakespeare_char,50,train_iter,3.601247549057007,0.000504950495049505,0.02708200796754368,2395.7064151763916
2025-09-15 10:13:04,MUON_lr0.001_m0.99,MUON,2,shakespeare_char,90,train_iter,2.959883689880371,0.0009009900990099009,0.02686324894403641,2710.211753845215
2025-09-15 10:13:06,SGD_lr0.0003_m0.9,SGD,2,shakespeare_char,60,train_eval,3.4238295555114746,0.000603960396039604,0.02708200796754368,
2025-09-15 10:13:06,SGD_lr0.0003_m0.9,SGD,2,shakespeare_char,60,val_eval,3.456077814102173,0.000603960396039604,0.02708200796754368,
2025-09-15 10:13:06,MUON_lr0.001_m0.99,MUON,2,shakespeare_char,100,train_eval,2.7992641925811768,0.001,0.02686324894403641,
2025-09-15 10:13:06,MUON_lr0.001_m0.99,MUON,2,shakespeare_char,100,val_eval,2.8209023475646973,0.001,0.02686324894403641,
2025-09-15 10:13:07,SGD_lr0.0003_m0.9,SGD,2,shakespeare_char,60,train_iter,3.4950692653656006,0.000603960396039604,0.026826510708767626,2848.5677242279053
2025-09-15 10:13:09,SGD_lr0.0003_m0.9,SGD,2,shakespeare_char,70,train_eval,3.3470618724823,0.000702970297029703,0.026826510708767626,
2025-09-15 10:13:09,SGD_lr0.0003_m0.9,SGD,2,shakespeare_char,70,val_eval,3.3817756175994873,0.000702970297029703,0.026826510708767626,
2025-09-15 10:13:10,SGD_lr0.0003_m0.9,SGD,2,shakespeare_char,70,train_iter,3.4147136211395264,0.000702970297029703,0.026274348421551432,3279.3846130371094
2025-09-15 10:13:11,SGD_lr0.0003_m0.9,SGD,2,shakespeare_char,80,train_eval,3.29280948638916,0.000801980198019802,0.026274348421551432,
2025-09-15 10:13:11,SGD_lr0.0003_m0.9,SGD,2,shakespeare_char,80,val_eval,3.3190619945526123,0.000801980198019802,0.026274348421551432,
2025-09-15 10:13:12,SGD_lr0.0003_m0.9,SGD,2,shakespeare_char,80,train_iter,3.3213717937469482,0.000801980198019802,0.02839568167739454,1471.264123916626
2025-09-15 10:13:14,SGD_lr0.0003_m0.9,SGD,2,shakespeare_char,90,train_eval,3.2298412322998047,0.0009009900990099009,0.02839568167739454,
2025-09-15 10:13:14,SGD_lr0.0003_m0.9,SGD,2,shakespeare_char,90,val_eval,3.261113166809082,0.0009009900990099009,0.02839568167739454,
2025-09-15 10:13:14,SGD_lr0.0003_m0.9,SGD,2,shakespeare_char,90,train_iter,3.2135863304138184,0.0009009900990099009,0.02815473677625698,2688.612937927246
2025-09-15 10:13:16,SGD_lr0.0003_m0.9,SGD,2,shakespeare_char,100,train_eval,3.143044948577881,0.001,0.02815473677625698,
2025-09-15 10:13:16,SGD_lr0.0003_m0.9,SGD,2,shakespeare_char,100,val_eval,3.1808440685272217,0.001,0.02815473677625698,
2025-09-15 10:14:22,SGD_lr0.0003_m0.9,SGD,2,shakespeare_char,0,train_iter,4.265802383422852,9.900990099009901e-06,,266747.5674152374
2025-09-15 10:14:24,SGD_lr0.0003_m0.9,SGD,2,shakespeare_char,10,train_eval,4.234838962554932,0.0001089108910891089,,
2025-09-15 10:14:24,SGD_lr0.0003_m0.9,SGD,2,shakespeare_char,10,val_eval,4.236033916473389,0.0001089108910891089,,
2025-09-15 10:14:24,SGD_lr0.0003_m0.9,SGD,2,shakespeare_char,10,train_iter,4.240842819213867,0.0001089108910891089,0.03425697529010657,2039.4947528839111
2025-09-15 10:14:26,SGD_lr0.0003_m0.9,SGD,2,shakespeare_char,20,train_eval,4.087523460388184,0.00020792079207920794,0.03425697529010657,
2025-09-15 10:14:26,SGD_lr0.0003_m0.9,SGD,2,shakespeare_char,20,val_eval,4.091345310211182,0.00020792079207920794,0.03425697529010657,
2025-09-15 10:14:26,SGD_lr0.0003_m0.9,SGD,2,shakespeare_char,20,train_iter,4.134812831878662,0.00020792079207920794,0.03447695770233225,1916.4304733276367
2025-09-15 10:14:28,SGD_lr0.0003_m0.9,SGD,2,shakespeare_char,30,train_eval,3.8725287914276123,0.00030693069306930693,0.03447695770233225,
2025-09-15 10:14:28,SGD_lr0.0003_m0.9,SGD,2,shakespeare_char,30,val_eval,3.883211612701416,0.00030693069306930693,0.03447695770233225,
2025-09-15 10:14:28,SGD_lr0.0003_m0.9,SGD,2,shakespeare_char,30,train_iter,3.962843894958496,0.00030693069306930693,0.033995445307195296,2355.4484844207764
2025-09-15 10:14:31,SGD_lr0.0003_m0.9,SGD,2,shakespeare_char,40,train_eval,3.6898608207702637,0.000405940594059406,0.033995445307195296,
2025-09-15 10:14:31,SGD_lr0.0003_m0.9,SGD,2,shakespeare_char,40,val_eval,3.706280469894409,0.000405940594059406,0.033995445307195296,
2025-09-15 10:14:31,SGD_lr0.0003_m0.9,SGD,2,shakespeare_char,40,train_iter,3.7398924827575684,0.000405940594059406,0.03367493917875214,2269.1149711608887
2025-09-15 10:14:33,SGD_lr0.0003_m0.9,SGD,2,shakespeare_char,50,train_eval,3.5393035411834717,0.000504950495049505,0.03367493917875214,
2025-09-15 10:14:33,SGD_lr0.0003_m0.9,SGD,2,shakespeare_char,50,val_eval,3.566622018814087,0.000504950495049505,0.03367493917875214,
2025-09-15 10:14:33,SGD_lr0.0003_m0.9,SGD,2,shakespeare_char,50,train_iter,3.6012673377990723,0.000504950495049505,0.03377920860748343,2012.4332904815674
2025-09-15 10:14:35,SGD_lr0.0003_m0.9,SGD,2,shakespeare_char,60,train_eval,3.423818349838257,0.000603960396039604,0.03377920860748343,
2025-09-15 10:14:35,SGD_lr0.0003_m0.9,SGD,2,shakespeare_char,60,val_eval,3.456068992614746,0.000603960396039604,0.03377920860748343,
2025-09-15 10:14:36,SGD_lr0.0003_m0.9,SGD,2,shakespeare_char,60,train_iter,3.4950664043426514,0.000603960396039604,0.03291258269274867,2782.107353210449
2025-09-15 10:14:37,SGD_lr0.0003_m0.9,SGD,2,shakespeare_char,70,train_eval,3.3470711708068848,0.000702970297029703,0.03291258269274867,
2025-09-15 10:14:37,SGD_lr0.0003_m0.9,SGD,2,shakespeare_char,70,val_eval,3.3817811012268066,0.000702970297029703,0.03291258269274867,
2025-09-15 10:14:38,SGD_lr0.0003_m0.9,SGD,2,shakespeare_char,70,train_iter,3.414705276489258,0.000702970297029703,0.03344116136913467,1829.0550708770752
2025-09-15 10:14:40,SGD_lr0.0003_m0.9,SGD,2,shakespeare_char,80,train_eval,3.292809247970581,0.000801980198019802,0.03344116136913467,
2025-09-15 10:14:40,SGD_lr0.0003_m0.9,SGD,2,shakespeare_char,80,val_eval,3.3190624713897705,0.000801980198019802,0.03344116136913467,
2025-09-15 10:14:41,SGD_lr0.0003_m0.9,SGD,2,shakespeare_char,80,train_iter,3.3213050365448,0.000801980198019802,0.032632816918464855,2755.2528381347656
2025-09-15 10:14:43,SGD_lr0.0003_m0.9,SGD,2,shakespeare_char,90,train_eval,3.2298531532287598,0.0009009900990099009,0.032632816918464855,
2025-09-15 10:14:43,SGD_lr0.0003_m0.9,SGD,2,shakespeare_char,90,val_eval,3.261127233505249,0.0009009900990099009,0.032632816918464855,
2025-09-15 10:14:44,SGD_lr0.0003_m0.9,SGD,2,shakespeare_char,90,train_iter,3.213555097579956,0.0009009900990099009,0.03163170243069939,3088.4950160980225
2025-09-15 10:14:45,SGD_lr0.0003_m0.9,SGD,2,shakespeare_char,100,train_eval,3.1430492401123047,0.001,0.03163170243069939,
2025-09-15 10:14:45,SGD_lr0.0003_m0.9,SGD,2,shakespeare_char,100,val_eval,3.1808528900146484,0.001,0.03163170243069939,
2025-09-15 10:16:18,MUON_lr0.0003_m0.99,MUON,2,shakespeare_char,200,train_iter,2.6098666191101074,0.0009990754267376514,0.0225457181276058,319358.8123321533
2025-09-15 10:16:45,MUON_lr0.001_m0.95,MUON,2,shakespeare_char,0,train_eval,4.270771503448486,9.900990099009901e-06,,
2025-09-15 10:16:45,MUON_lr0.001_m0.95,MUON,2,shakespeare_char,0,val_eval,4.269772529602051,9.900990099009901e-06,,
2025-09-15 10:17:11,SGD_lr0.001_m0.95,SGD,2,shakespeare_char,200,train_iter,2.6883418560028076,0.0009990754267376514,0.026855889938659783,262025.0871181488
2025-09-15 10:17:27,SGD_lr0.0003_m0.0,SGD,2,shakespeare_char,0,train_eval,4.270771503448486,9.900990099009901e-06,,
2025-09-15 10:17:27,SGD_lr0.0003_m0.0,SGD,2,shakespeare_char,0,val_eval,4.269772529602051,9.900990099009901e-06,,
2025-09-15 10:18:42,SGD_lr0.0003_m0.9,SGD,2,shakespeare_char,100,train_iter,3.1946887969970703,0.001,0.02536060424410205,327381.3087940216
2025-09-15 10:18:45,SGD_lr0.0003_m0.9,SGD,2,shakespeare_char,110,train_eval,3.054349422454834,0.0009999907511312647,0.02536060424410205,
2025-09-15 10:18:45,SGD_lr0.0003_m0.9,SGD,2,shakespeare_char,110,val_eval,3.0858945846557617,0.0009999907511312647,0.02536060424410205,
2025-09-15 10:18:46,SGD_lr0.0003_m0.9,SGD,2,shakespeare_char,110,train_iter,3.1925017833709717,0.0009999907511312647,0.024713734325244298,3698.246479034424
2025-09-15 10:18:47,SGD_lr0.0003_m0.9,SGD,2,shakespeare_char,120,train_eval,2.9945406913757324,0.0009999630049052437,0.024713734325244298,
2025-09-15 10:18:47,SGD_lr0.0003_m0.9,SGD,2,shakespeare_char,120,val_eval,3.0203299522399902,0.0009999630049052437,0.024713734325244298,
2025-09-15 10:18:47,SGD_lr0.0003_m0.9,SGD,2,shakespeare_char,120,train_iter,3.037679672241211,0.0009999630049052437,0.027296972119242195,1382.2412490844727
2025-09-15 10:18:49,SGD_lr0.0003_m0.9,SGD,2,shakespeare_char,130,train_eval,2.93050479888916,0.0009999167624624755,0.027296972119242195,
2025-09-15 10:18:49,SGD_lr0.0003_m0.9,SGD,2,shakespeare_char,130,val_eval,2.957679510116577,0.0009999167624624755,0.027296972119242195,
2025-09-15 10:18:49,MUON_lr0.001_m0.99,MUON,2,shakespeare_char,100,train_iter,2.855987071990967,0.001,0.02419720558155868,344485.4245185852
2025-09-15 10:18:50,SGD_lr0.0003_m0.9,SGD,2,shakespeare_char,130,train_iter,3.0534398555755615,0.0009999167624624755,0.027836892518772072,2136.852979660034
2025-09-15 10:18:52,MUON_lr0.001_m0.99,MUON,2,shakespeare_char,110,train_eval,2.7349295616149902,0.0009999907511312647,0.02419720558155868,
2025-09-15 10:18:52,MUON_lr0.001_m0.99,MUON,2,shakespeare_char,110,val_eval,2.7565107345581055,0.0009999907511312647,0.02419720558155868,
2025-09-15 10:18:52,MUON_lr0.001_m0.99,MUON,2,shakespeare_char,110,train_iter,2.8235278129577637,0.0009999907511312647,0.024416945180101735,2647.0155715942383
2025-09-15 10:18:52,SGD_lr0.0003_m0.9,SGD,2,shakespeare_char,140,train_eval,2.8810153007507324,0.000999852025703806,0.027836892518772072,
2025-09-15 10:18:52,SGD_lr0.0003_m0.9,SGD,2,shakespeare_char,140,val_eval,2.9039337635040283,0.000999852025703806,0.027836892518772072,
2025-09-15 10:18:53,SGD_lr0.0003_m0.9,SGD,2,shakespeare_char,140,train_iter,2.9489588737487793,0.000999852025703806,0.02723758579591193,3198.474645614624
2025-09-15 10:18:55,SGD_lr0.0003_m0.9,SGD,2,shakespeare_char,150,train_eval,2.8481359481811523,0.0009997687972903096,0.02723758579591193,
2025-09-15 10:18:55,SGD_lr0.0003_m0.9,SGD,2,shakespeare_char,150,val_eval,2.867945671081543,0.0009997687972903096,0.02723758579591193,
2025-09-15 10:18:55,MUON_lr0.001_m0.99,MUON,2,shakespeare_char,120,train_eval,2.6946616172790527,0.0009999630049052437,0.024416945180101735,
2025-09-15 10:18:55,MUON_lr0.001_m0.99,MUON,2,shakespeare_char,120,val_eval,2.7145473957061768,0.0009999630049052437,0.024416945180101735,
2025-09-15 10:18:56,SGD_lr0.0003_m0.9,SGD,2,shakespeare_char,150,train_iter,2.90729022026062,0.0009997687972903096,0.02719553671022685,2605.3128242492676
2025-09-15 10:18:56,MUON_lr0.001_m0.99,MUON,2,shakespeare_char,120,train_iter,2.7477834224700928,0.0009999630049052437,0.02414743320133685,3216.4387702941895
2025-09-15 10:18:58,SGD_lr0.0003_m0.9,SGD,2,shakespeare_char,160,train_eval,2.8084142208099365,0.0009996670806431804,0.02719553671022685,
2025-09-15 10:18:58,SGD_lr0.0003_m0.9,SGD,2,shakespeare_char,160,val_eval,2.8349337577819824,0.0009996670806431804,0.02719553671022685,
2025-09-15 10:18:58,SGD_lr0.0003_m0.9,SGD,2,shakespeare_char,160,train_iter,2.8477859497070312,0.0009996670806431804,0.0274290803190874,2365.8862113952637
2025-09-15 10:18:59,MUON_lr0.001_m0.99,MUON,2,shakespeare_char,130,train_eval,2.649789810180664,0.0009999167624624755,0.02414743320133685,
2025-09-15 10:18:59,MUON_lr0.001_m0.99,MUON,2,shakespeare_char,130,val_eval,2.677581787109375,0.0009999167624624755,0.02414743320133685,
2025-09-15 10:18:59,MUON_lr0.001_m0.99,MUON,2,shakespeare_char,130,train_iter,2.7364439964294434,0.0009999167624624755,0.024447299704663895,2573.737144470215
2025-09-15 10:18:59,SGD_lr0.0003_m0.9,SGD,2,shakespeare_char,170,train_eval,2.7881152629852295,0.0009995468799435915,0.0274290803190874,
2025-09-15 10:18:59,SGD_lr0.0003_m0.9,SGD,2,shakespeare_char,170,val_eval,2.808245897293091,0.0009995468799435915,0.0274290803190874,
2025-09-15 10:19:00,SGD_lr0.0003_m0.9,SGD,2,shakespeare_char,170,train_iter,2.7913217544555664,0.0009995468799435915,0.028990580302983095,1623.1482028961182
2025-09-15 10:19:01,MUON_lr0.001_m0.99,MUON,2,shakespeare_char,140,train_eval,2.622462272644043,0.000999852025703806,0.024447299704663895,
2025-09-15 10:19:01,MUON_lr0.001_m0.99,MUON,2,shakespeare_char,140,val_eval,2.6438214778900146,0.000999852025703806,0.024447299704663895,
2025-09-15 10:19:01,MUON_lr0.001_m0.99,MUON,2,shakespeare_char,140,train_iter,2.6600804328918457,0.000999852025703806,0.026539971589801183,1539.8001670837402
2025-09-15 10:19:02,SGD_lr0.0003_m0.9,SGD,2,shakespeare_char,180,train_eval,2.7518186569213867,0.000999408200132523,0.028990580302983095,
2025-09-15 10:19:02,SGD_lr0.0003_m0.9,SGD,2,shakespeare_char,180,val_eval,2.773287773132324,0.000999408200132523,0.028990580302983095,
2025-09-15 10:19:02,SGD_lr0.0003_m0.9,SGD,2,shakespeare_char,180,train_iter,2.849879741668701,0.000999408200132523,0.02941592386010967,2101.6390323638916
2025-09-15 10:19:02,MUON_lr0.001_m0.99,MUON,2,shakespeare_char,150,train_eval,2.599652051925659,0.0009997687972903096,0.026539971589801183,
2025-09-15 10:19:02,MUON_lr0.001_m0.99,MUON,2,shakespeare_char,150,val_eval,2.6155359745025635,0.0009997687972903096,0.026539971589801183,
2025-09-15 10:19:03,MUON_lr0.001_m0.99,MUON,2,shakespeare_char,150,train_iter,2.624607563018799,0.0009997687972903096,0.027323898039219655,2032.2418212890625
2025-09-15 10:19:05,SGD_lr0.0003_m0.9,SGD,2,shakespeare_char,190,train_eval,2.7379040718078613,0.0009992510469105584,0.02941592386010967,
2025-09-15 10:19:05,SGD_lr0.0003_m0.9,SGD,2,shakespeare_char,190,val_eval,2.7586371898651123,0.0009992510469105584,0.02941592386010967,
2025-09-15 10:19:06,SGD_lr0.0003_m0.9,SGD,2,shakespeare_char,190,train_iter,2.8130855560302734,0.0009992510469105584,0.028205026449089548,4036.928653717041
2025-09-15 10:19:07,MUON_lr0.001_m0.99,MUON,2,shakespeare_char,160,train_eval,2.579367160797119,0.0009996670806431804,0.027323898039219655,
2025-09-15 10:19:07,MUON_lr0.001_m0.99,MUON,2,shakespeare_char,160,val_eval,2.598557949066162,0.0009996670806431804,0.027323898039219655,
2025-09-15 10:19:07,SGD_lr0.0003_m0.9,SGD,2,shakespeare_char,200,train_eval,2.7179791927337646,0.0009990754267376514,0.028205026449089548,
2025-09-15 10:19:07,SGD_lr0.0003_m0.9,SGD,2,shakespeare_char,200,val_eval,2.7274930477142334,0.0009990754267376514,0.028205026449089548,
2025-09-15 10:19:08,MUON_lr0.001_m0.99,MUON,2,shakespeare_char,160,train_iter,2.5891990661621094,0.0009996670806431804,0.026493446445172,3673.459053039551
2025-09-15 10:19:09,MUON_lr0.001_m0.99,MUON,2,shakespeare_char,170,train_eval,2.5649688243865967,0.0009995468799435915,0.026493446445172,
2025-09-15 10:19:09,MUON_lr0.001_m0.99,MUON,2,shakespeare_char,170,val_eval,2.5812125205993652,0.0009995468799435915,0.026493446445172,
2025-09-15 10:19:10,MUON_lr0.001_m0.99,MUON,2,shakespeare_char,170,train_iter,2.5886006355285645,0.0009995468799435915,0.02724791792431017,2052.605628967285
2025-09-15 10:19:12,SGD_lr0.0003_m0.9,SGD,2,shakespeare_char,100,train_iter,3.1947708129882812,0.001,0.028494618021673815,267834.72299575806
2025-09-15 10:19:12,MUON_lr0.001_m0.99,MUON,2,shakespeare_char,180,train_eval,2.550046443939209,0.000999408200132523,0.02724791792431017,
2025-09-15 10:19:12,MUON_lr0.001_m0.99,MUON,2,shakespeare_char,180,val_eval,2.5711476802825928,0.000999408200132523,0.02724791792431017,
2025-09-15 10:19:13,SGD_lr0.0003_m0.9,SGD,2,shakespeare_char,110,train_eval,3.0543551445007324,0.0009999907511312647,0.028494618021673815,
2025-09-15 10:19:13,SGD_lr0.0003_m0.9,SGD,2,shakespeare_char,110,val_eval,3.0859222412109375,0.0009999907511312647,0.028494618021673815,
2025-09-15 10:19:13,MUON_lr0.001_m0.99,MUON,2,shakespeare_char,180,train_iter,2.6058270931243896,0.000999408200132523,0.026885880059941074,2957.012176513672
2025-09-15 10:19:14,SGD_lr0.0003_m0.9,SGD,2,shakespeare_char,110,train_iter,3.1925084590911865,0.0009999907511312647,0.02901242549698321,2074.8836994171143
2025-09-15 10:19:16,MUON_lr0.001_m0.99,MUON,2,shakespeare_char,190,train_eval,2.543707847595215,0.0009992510469105584,0.026885880059941074,
2025-09-15 10:19:16,MUON_lr0.001_m0.99,MUON,2,shakespeare_char,190,val_eval,2.564251184463501,0.0009992510469105584,0.026885880059941074,
2025-09-15 10:19:16,SGD_lr0.0003_m0.9,SGD,2,shakespeare_char,120,train_eval,2.994549512863159,0.0009999630049052437,0.02901242549698321,
2025-09-15 10:19:16,SGD_lr0.0003_m0.9,SGD,2,shakespeare_char,120,val_eval,3.0203380584716797,0.0009999630049052437,0.02901242549698321,
2025-09-15 10:19:16,MUON_lr0.001_m0.99,MUON,2,shakespeare_char,190,train_iter,2.5968408584594727,0.0009992510469105584,0.026951476531617738,2536.755323410034
2025-09-15 10:19:17,SGD_lr0.0003_m0.9,SGD,2,shakespeare_char,120,train_iter,3.0376272201538086,0.0009999630049052437,0.0287366358962976,2661.137819290161
2025-09-15 10:19:19,MUON_lr0.001_m0.99,MUON,2,shakespeare_char,200,train_eval,2.532491683959961,0.0009990754267376514,0.026951476531617738,
2025-09-15 10:19:19,MUON_lr0.001_m0.99,MUON,2,shakespeare_char,200,val_eval,2.5474119186401367,0.0009990754267376514,0.026951476531617738,
2025-09-15 10:19:19,SGD_lr0.0003_m0.9,SGD,2,shakespeare_char,130,train_eval,2.9305007457733154,0.0009999167624624755,0.0287366358962976,
2025-09-15 10:19:19,SGD_lr0.0003_m0.9,SGD,2,shakespeare_char,130,val_eval,2.9576728343963623,0.0009999167624624755,0.0287366358962976,
2025-09-15 10:19:20,SGD_lr0.0003_m0.9,SGD,2,shakespeare_char,130,train_iter,3.0534873008728027,0.0009999167624624755,0.028411642641796714,2741.3086891174316
2025-09-15 10:19:22,SGD_lr0.0003_m0.9,SGD,2,shakespeare_char,140,train_eval,2.881009101867676,0.000999852025703806,0.028411642641796714,
2025-09-15 10:19:22,SGD_lr0.0003_m0.9,SGD,2,shakespeare_char,140,val_eval,2.9039173126220703,0.000999852025703806,0.028411642641796714,
2025-09-15 10:19:23,SGD_lr0.0003_m0.9,SGD,2,shakespeare_char,140,train_iter,2.9489216804504395,0.000999852025703806,0.02801777105291302,2854.865789413452
2025-09-15 10:19:25,SGD_lr0.0003_m0.9,SGD,2,shakespeare_char,150,train_eval,2.848156452178955,0.0009997687972903096,0.02801777105291302,
2025-09-15 10:19:25,SGD_lr0.0003_m0.9,SGD,2,shakespeare_char,150,val_eval,2.867971420288086,0.0009997687972903096,0.02801777105291302,
2025-09-15 10:19:26,SGD_lr0.0003_m0.9,SGD,2,shakespeare_char,150,train_iter,2.9073312282562256,0.0009997687972903096,0.027158929942483857,3595.9455966949463
2025-09-15 10:19:28,SGD_lr0.0003_m0.9,SGD,2,shakespeare_char,160,train_eval,2.8084299564361572,0.0009996670806431804,0.027158929942483857,
2025-09-15 10:19:28,SGD_lr0.0003_m0.9,SGD,2,shakespeare_char,160,val_eval,2.834960699081421,0.0009996670806431804,0.027158929942483857,
2025-09-15 10:19:29,SGD_lr0.0003_m0.9,SGD,2,shakespeare_char,160,train_iter,2.8478965759277344,0.0009996670806431804,0.02727320808081656,2468.64652633667
2025-09-15 10:19:30,SGD_lr0.0003_m0.9,SGD,2,shakespeare_char,170,train_eval,2.7881577014923096,0.0009995468799435915,0.02727320808081656,
2025-09-15 10:19:30,SGD_lr0.0003_m0.9,SGD,2,shakespeare_char,170,val_eval,2.8082895278930664,0.0009995468799435915,0.02727320808081656,
2025-09-15 10:19:31,SGD_lr0.0003_m0.9,SGD,2,shakespeare_char,170,train_iter,2.7913947105407715,0.0009995468799435915,0.028849939988040234,1623.2821941375732
2025-09-15 10:19:33,SGD_lr0.0003_m0.9,SGD,2,shakespeare_char,180,train_eval,2.7518372535705566,0.000999408200132523,0.028849939988040234,
2025-09-15 10:19:33,SGD_lr0.0003_m0.9,SGD,2,shakespeare_char,180,val_eval,2.773303270339966,0.000999408200132523,0.028849939988040234,
2025-09-15 10:19:33,SGD_lr0.0003_m0.9,SGD,2,shakespeare_char,180,train_iter,2.850001811981201,0.000999408200132523,0.028853929683885414,2418.390989303589
2025-09-15 10:19:35,SGD_lr0.0003_m0.9,SGD,2,shakespeare_char,190,train_eval,2.7379322052001953,0.0009992510469105584,0.028853929683885414,
2025-09-15 10:19:35,SGD_lr0.0003_m0.9,SGD,2,shakespeare_char,190,val_eval,2.7586615085601807,0.0009992510469105584,0.028853929683885414,
2025-09-15 10:19:35,SGD_lr0.0003_m0.9,SGD,2,shakespeare_char,190,train_iter,2.8132338523864746,0.0009992510469105584,0.029275669011710977,2112.6134395599365
2025-09-15 10:19:38,SGD_lr0.0003_m0.9,SGD,2,shakespeare_char,200,train_eval,2.7179782390594482,0.0009990754267376514,0.029275669011710977,
2025-09-15 10:19:38,SGD_lr0.0003_m0.9,SGD,2,shakespeare_char,200,val_eval,2.727491855621338,0.0009990754267376514,0.029275669011710977,
2025-09-15 10:22:27,MUON_lr0.001_m0.95,MUON,2,shakespeare_char,0,train_iter,4.265802383422852,9.900990099009901e-06,,351307.578086853
2025-09-15 10:22:30,MUON_lr0.001_m0.95,MUON,2,shakespeare_char,10,train_eval,4.213225841522217,0.0001089108910891089,,
2025-09-15 10:22:30,MUON_lr0.001_m0.95,MUON,2,shakespeare_char,10,val_eval,4.214197158813477,0.0001089108910891089,,
2025-09-15 10:22:30,MUON_lr0.001_m0.95,MUON,2,shakespeare_char,10,train_iter,4.225978851318359,0.0001089108910891089,0.027474191672280764,2543.001890182495
2025-09-15 10:22:33,MUON_lr0.001_m0.95,MUON,2,shakespeare_char,20,train_eval,4.05626106262207,0.00020792079207920794,0.027474191672280764,
2025-09-15 10:22:33,MUON_lr0.001_m0.95,MUON,2,shakespeare_char,20,val_eval,4.05817174911499,0.00020792079207920794,0.027474191672280764,
2025-09-15 10:22:34,MUON_lr0.001_m0.95,MUON,2,shakespeare_char,20,train_iter,4.116024971008301,0.00020792079207920794,0.026737730184683867,3474.310874938965
2025-09-15 10:22:38,MUON_lr0.001_m0.95,MUON,2,shakespeare_char,30,train_eval,3.830087661743164,0.00030693069306930693,0.026737730184683867,
2025-09-15 10:22:38,MUON_lr0.001_m0.95,MUON,2,shakespeare_char,30,val_eval,3.8363888263702393,0.00030693069306930693,0.026737730184683867,
2025-09-15 10:22:39,MUON_lr0.001_m0.95,MUON,2,shakespeare_char,30,train_iter,3.9463729858398438,0.00030693069306930693,0.026037782353612867,3539.6711826324463
2025-09-15 10:22:40,MUON_lr0.001_m0.95,MUON,2,shakespeare_char,40,train_eval,3.590433359146118,0.000405940594059406,0.026037782353612867,
2025-09-15 10:22:40,MUON_lr0.001_m0.95,MUON,2,shakespeare_char,40,val_eval,3.6010549068450928,0.000405940594059406,0.026037782353612867,
2025-09-15 10:22:41,MUON_lr0.001_m0.95,MUON,2,shakespeare_char,40,train_iter,3.7231576442718506,0.000405940594059406,0.02694601297466789,1989.3720149993896
2025-09-15 10:22:43,MUON_lr0.001_m0.95,MUON,2,shakespeare_char,50,train_eval,3.381044626235962,0.000504950495049505,0.02694601297466789,
2025-09-15 10:22:43,MUON_lr0.001_m0.95,MUON,2,shakespeare_char,50,val_eval,3.398686170578003,0.000504950495049505,0.02694601297466789,
2025-09-15 10:22:44,MUON_lr0.001_m0.95,MUON,2,shakespeare_char,50,train_iter,3.522754669189453,0.000504950495049505,0.02672738900111,2821.791648864746
2025-09-15 10:22:48,MUON_lr0.001_m0.95,MUON,2,shakespeare_char,60,train_eval,3.1995937824249268,0.000603960396039604,0.02672738900111,
2025-09-15 10:22:48,MUON_lr0.001_m0.95,MUON,2,shakespeare_char,60,val_eval,3.222299814224243,0.000603960396039604,0.02672738900111,
2025-09-15 10:22:50,MUON_lr0.001_m0.95,MUON,2,shakespeare_char,60,train_iter,3.3434901237487793,0.000603960396039604,0.02550462366242922,4818.496227264404
2025-09-15 10:22:53,MUON_lr0.001_m0.95,MUON,2,shakespeare_char,70,train_eval,3.049940824508667,0.000702970297029703,0.02550462366242922,
2025-09-15 10:22:53,MUON_lr0.001_m0.95,MUON,2,shakespeare_char,70,val_eval,3.074244737625122,0.000702970297029703,0.02550462366242922,
2025-09-15 10:22:54,MUON_lr0.001_m0.95,MUON,2,shakespeare_char,70,train_iter,3.180159330368042,0.000702970297029703,0.024690721998467384,4023.2927799224854
2025-09-15 10:22:58,MUON_lr0.001_m0.95,MUON,2,shakespeare_char,80,train_eval,2.9213461875915527,0.000801980198019802,0.024690721998467384,
2025-09-15 10:22:58,MUON_lr0.001_m0.95,MUON,2,shakespeare_char,80,val_eval,2.935516357421875,0.000801980198019802,0.024690721998467384,
2025-09-15 10:22:59,MUON_lr0.001_m0.95,MUON,2,shakespeare_char,80,train_iter,3.027538776397705,0.000801980198019802,0.023934038750475603,4080.084800720215
2025-09-15 10:23:02,MUON_lr0.001_m0.95,MUON,2,shakespeare_char,90,train_eval,2.8137941360473633,0.0009009900990099009,0.023934038750475603,
2025-09-15 10:23:02,MUON_lr0.001_m0.95,MUON,2,shakespeare_char,90,val_eval,2.826442003250122,0.0009009900990099009,0.023934038750475603,
2025-09-15 10:23:03,MUON_lr0.001_m0.95,MUON,2,shakespeare_char,90,train_iter,2.8970279693603516,0.0009009900990099009,0.02372290351787774,3201.572895050049
2025-09-15 10:23:04,MUON_lr0.001_m0.95,MUON,2,shakespeare_char,100,train_eval,2.736100673675537,0.001,0.02372290351787774,
2025-09-15 10:23:04,MUON_lr0.001_m0.95,MUON,2,shakespeare_char,100,val_eval,2.7612078189849854,0.001,0.02372290351787774,
2025-09-15 10:23:05,SGD_lr0.0003_m0.0,SGD,2,shakespeare_char,0,train_iter,4.265802383422852,9.900990099009901e-06,,342324.83172416687
2025-09-15 10:23:08,SGD_lr0.0003_m0.0,SGD,2,shakespeare_char,10,train_eval,4.263160228729248,0.0001089108910891089,,
2025-09-15 10:23:08,SGD_lr0.0003_m0.0,SGD,2,shakespeare_char,10,val_eval,4.263652801513672,0.0001089108910891089,,
2025-09-15 10:23:08,SGD_lr0.0003_m0.0,SGD,2,shakespeare_char,10,train_iter,4.260556221008301,0.0001089108910891089,0.02246497839479238,3110.037326812744
2025-09-15 10:23:11,SGD_lr0.0003_m0.0,SGD,2,shakespeare_char,20,train_eval,4.243582725524902,0.00020792079207920794,0.02246497839479238,
2025-09-15 10:23:11,SGD_lr0.0003_m0.0,SGD,2,shakespeare_char,20,val_eval,4.243230819702148,0.00020792079207920794,0.02246497839479238,
2025-09-15 10:23:11,SGD_lr0.0003_m0.0,SGD,2,shakespeare_char,20,train_iter,4.246522426605225,0.00020792079207920794,0.02261403176128857,2916.5279865264893
2025-09-15 10:23:14,SGD_lr0.0003_m0.0,SGD,2,shakespeare_char,30,train_eval,4.212087631225586,0.00030693069306930693,0.02261403176128857,
2025-09-15 10:23:14,SGD_lr0.0003_m0.0,SGD,2,shakespeare_char,30,val_eval,4.21204948425293,0.00030693069306930693,0.02261403176128857,
2025-09-15 10:23:14,SGD_lr0.0003_m0.0,SGD,2,shakespeare_char,30,train_iter,4.230644702911377,0.00030693069306930693,0.023075335629133626,2566.0829544067383
2025-09-15 10:23:15,SGD_lr0.0003_m0.0,SGD,2,shakespeare_char,40,train_eval,4.168073654174805,0.000405940594059406,0.023075335629133626,
2025-09-15 10:23:15,SGD_lr0.0003_m0.0,SGD,2,shakespeare_char,40,val_eval,4.170444488525391,0.000405940594059406,0.023075335629133626,
2025-09-15 10:23:15,SGD_lr0.0003_m0.0,SGD,2,shakespeare_char,40,train_iter,4.190328121185303,0.000405940594059406,0.025800179841256307,1388.34810256958
2025-09-15 10:23:18,SGD_lr0.0003_m0.0,SGD,2,shakespeare_char,50,train_eval,4.116242408752441,0.000504950495049505,0.025800179841256307,
2025-09-15 10:23:18,SGD_lr0.0003_m0.0,SGD,2,shakespeare_char,50,val_eval,4.119359016418457,0.000504950495049505,0.025800179841256307,
2025-09-15 10:23:18,SGD_lr0.0003_m0.0,SGD,2,shakespeare_char,50,train_iter,4.153250694274902,0.000504950495049505,0.026329214869637015,2247.209072113037
2025-09-15 10:23:20,SGD_lr0.0003_m0.0,SGD,2,shakespeare_char,60,train_eval,4.053563594818115,0.000603960396039604,0.026329214869637015,
2025-09-15 10:23:20,SGD_lr0.0003_m0.0,SGD,2,shakespeare_char,60,val_eval,4.0598626136779785,0.000603960396039604,0.026329214869637015,
2025-09-15 10:23:20,SGD_lr0.0003_m0.0,SGD,2,shakespeare_char,60,train_iter,4.11917781829834,0.000603960396039604,0.027312270735697405,1932.1725368499756
2025-09-15 10:23:23,SGD_lr0.0003_m0.0,SGD,2,shakespeare_char,70,train_eval,3.9853453636169434,0.000702970297029703,0.027312270735697405,
2025-09-15 10:23:23,SGD_lr0.0003_m0.0,SGD,2,shakespeare_char,70,val_eval,3.9951331615448,0.000702970297029703,0.027312270735697405,
2025-09-15 10:23:23,SGD_lr0.0003_m0.0,SGD,2,shakespeare_char,70,train_iter,4.06601619720459,0.000702970297029703,0.026992868091188543,2896.8493938446045
2025-09-15 10:23:25,SGD_lr0.0003_m0.0,SGD,2,shakespeare_char,80,train_eval,3.9178056716918945,0.000801980198019802,0.026992868091188543,
2025-09-15 10:23:25,SGD_lr0.0003_m0.0,SGD,2,shakespeare_char,80,val_eval,3.925215721130371,0.000801980198019802,0.026992868091188543,
2025-09-15 10:23:25,SGD_lr0.0003_m0.0,SGD,2,shakespeare_char,80,train_iter,4.004644393920898,0.000801980198019802,0.027891032742366387,1942.1226978302002
2025-09-15 10:23:26,SGD_lr0.0003_m0.0,SGD,2,shakespeare_char,90,train_eval,3.848954677581787,0.0009009900990099009,0.027891032742366387,
2025-09-15 10:23:26,SGD_lr0.0003_m0.0,SGD,2,shakespeare_char,90,val_eval,3.859630823135376,0.0009009900990099009,0.027891032742366387,
2025-09-15 10:23:26,SGD_lr0.0003_m0.0,SGD,2,shakespeare_char,90,train_iter,3.924307346343994,0.0009009900990099009,0.03042304433559124,1313.0128383636475
2025-09-15 10:23:29,SGD_lr0.0003_m0.0,SGD,2,shakespeare_char,100,train_eval,3.782806634902954,0.001,0.03042304433559124,
2025-09-15 10:23:29,SGD_lr0.0003_m0.0,SGD,2,shakespeare_char,100,val_eval,3.796175956726074,0.001,0.03042304433559124,
2025-09-15 10:24:41,SGD_lr0.0003_m0.9,SGD,2,shakespeare_char,200,train_iter,2.779850721359253,0.0009990754267376514,0.025405365280332708,335230.1959991455
2025-09-15 10:25:03,SGD_lr0.0003_m0.95,SGD,2,shakespeare_char,0,train_eval,4.270771503448486,9.900990099009901e-06,,
2025-09-15 10:25:03,SGD_lr0.0003_m0.95,SGD,2,shakespeare_char,0,val_eval,4.269772529602051,9.900990099009901e-06,,
2025-09-15 10:25:08,MUON_lr0.001_m0.99,MUON,2,shakespeare_char,200,train_iter,2.610036849975586,0.0009990754267376514,0.02427622695596036,351123.97837638855
2025-09-15 10:25:25,MUON_lr0.01_m0.95,MUON,2,shakespeare_char,0,train_eval,4.270771503448486,9.900990099009901e-06,,
2025-09-15 10:25:25,MUON_lr0.01_m0.95,MUON,2,shakespeare_char,0,val_eval,4.269772529602051,9.900990099009901e-06,,
2025-09-15 10:25:42,SGD_lr0.0003_m0.9,SGD,2,shakespeare_char,200,train_iter,2.7796053886413574,0.0009990754267376514,0.026367176177182178,366292.74010658264
2025-09-15 10:26:02,SGD_lr0.0003_m0.95,SGD,2,shakespeare_char,0,train_eval,4.270771503448486,9.900990099009901e-06,,
2025-09-15 10:26:02,SGD_lr0.0003_m0.95,SGD,2,shakespeare_char,0,val_eval,4.269772529602051,9.900990099009901e-06,,
2025-09-15 10:28:17,MUON_lr0.001_m0.95,MUON,2,shakespeare_char,100,train_iter,2.784071683883667,0.001,0.021372874070750666,313854.8159599304
2025-09-15 10:28:21,MUON_lr0.001_m0.95,MUON,2,shakespeare_char,110,train_eval,2.6789321899414062,0.0009999907511312647,0.021372874070750666,
2025-09-15 10:28:21,MUON_lr0.001_m0.95,MUON,2,shakespeare_char,110,val_eval,2.698551654815674,0.0009999907511312647,0.021372874070750666,
2025-09-15 10:28:22,MUON_lr0.001_m0.95,MUON,2,shakespeare_char,110,train_iter,2.7633321285247803,0.0009999907511312647,0.020897154585084465,4204.87904548645
2025-09-15 10:28:24,MUON_lr0.001_m0.95,MUON,2,shakespeare_char,120,train_eval,2.6432433128356934,0.0009999630049052437,0.020897154585084465,
2025-09-15 10:28:24,MUON_lr0.001_m0.95,MUON,2,shakespeare_char,120,val_eval,2.657158613204956,0.0009999630049052437,0.020897154585084465,
2025-09-15 10:28:25,MUON_lr0.001_m0.95,MUON,2,shakespeare_char,120,train_iter,2.700334072113037,0.0009999630049052437,0.021152298731773534,2979.5780181884766
2025-09-15 10:28:29,MUON_lr0.001_m0.95,MUON,2,shakespeare_char,130,train_eval,2.609114408493042,0.0009999167624624755,0.021152298731773534,
2025-09-15 10:28:29,MUON_lr0.001_m0.95,MUON,2,shakespeare_char,130,val_eval,2.6334662437438965,0.0009999167624624755,0.021152298731773534,
2025-09-15 10:28:30,MUON_lr0.001_m0.95,MUON,2,shakespeare_char,130,train_iter,2.6976516246795654,0.0009999167624624755,0.02056553619672699,4571.044445037842
2025-09-15 10:28:34,MUON_lr0.001_m0.95,MUON,2,shakespeare_char,140,train_eval,2.5888471603393555,0.000999852025703806,0.02056553619672699,
2025-09-15 10:28:34,MUON_lr0.001_m0.95,MUON,2,shakespeare_char,140,val_eval,2.6033594608306885,0.000999852025703806,0.02056553619672699,
2025-09-15 10:28:35,MUON_lr0.001_m0.95,MUON,2,shakespeare_char,140,train_iter,2.6352155208587646,0.000999852025703806,0.020366141706995636,3762.0320320129395
2025-09-15 10:28:37,MUON_lr0.001_m0.95,MUON,2,shakespeare_char,150,train_eval,2.576200008392334,0.0009997687972903096,0.020366141706995636,
2025-09-15 10:28:37,MUON_lr0.001_m0.95,MUON,2,shakespeare_char,150,val_eval,2.5887060165405273,0.0009997687972903096,0.020366141706995636,
2025-09-15 10:28:37,MUON_lr0.001_m0.95,MUON,2,shakespeare_char,150,train_iter,2.592350959777832,0.0009997687972903096,0.021220129015534866,2417.0374870300293
2025-09-15 10:28:41,MUON_lr0.001_m0.95,MUON,2,shakespeare_char,160,train_eval,2.5607001781463623,0.0009996670806431804,0.021220129015534866,
2025-09-15 10:28:41,MUON_lr0.001_m0.95,MUON,2,shakespeare_char,160,val_eval,2.579395055770874,0.0009996670806431804,0.021220129015534866,
2025-09-15 10:28:42,MUON_lr0.001_m0.95,MUON,2,shakespeare_char,160,train_iter,2.5700364112854004,0.0009996670806431804,0.020678441698919834,4421.046018600464
2025-09-15 10:28:45,MUON_lr0.001_m0.95,MUON,2,shakespeare_char,170,train_eval,2.548107385635376,0.0009995468799435915,0.020678441698919834,
2025-09-15 10:28:45,MUON_lr0.001_m0.95,MUON,2,shakespeare_char,170,val_eval,2.5638272762298584,0.0009995468799435915,0.020678441698919834,
2025-09-15 10:28:45,MUON_lr0.001_m0.95,MUON,2,shakespeare_char,170,train_iter,2.5681915283203125,0.0009995468799435915,0.02126230186443451,2634.7930431365967
2025-09-15 10:28:47,MUON_lr0.001_m0.95,MUON,2,shakespeare_char,180,train_eval,2.535367488861084,0.000999408200132523,0.02126230186443451,
2025-09-15 10:28:47,MUON_lr0.001_m0.95,MUON,2,shakespeare_char,180,val_eval,2.5582265853881836,0.000999408200132523,0.02126230186443451,
2025-09-15 10:28:48,MUON_lr0.001_m0.95,MUON,2,shakespeare_char,180,train_iter,2.590646743774414,0.000999408200132523,0.02241218550968912,2132.615804672241
2025-09-15 10:28:50,MUON_lr0.001_m0.95,MUON,2,shakespeare_char,190,train_eval,2.5303826332092285,0.0009992510469105584,0.02241218550968912,
2025-09-15 10:28:50,MUON_lr0.001_m0.95,MUON,2,shakespeare_char,190,val_eval,2.5516183376312256,0.0009992510469105584,0.02241218550968912,
2025-09-15 10:28:51,MUON_lr0.001_m0.95,MUON,2,shakespeare_char,190,train_iter,2.581718683242798,0.0009992510469105584,0.022477898375725225,3028.5651683807373
2025-09-15 10:28:55,MUON_lr0.001_m0.95,MUON,2,shakespeare_char,200,train_eval,2.521575689315796,0.0009990754267376514,0.022477898375725225,
2025-09-15 10:28:55,MUON_lr0.001_m0.95,MUON,2,shakespeare_char,200,val_eval,2.541431427001953,0.0009990754267376514,0.022477898375725225,
2025-09-15 10:29:05,SGD_lr0.0003_m0.0,SGD,2,shakespeare_char,100,train_iter,3.888904571533203,0.001,0.027401400039082893,338172.593832016
2025-09-15 10:29:07,SGD_lr0.0003_m0.0,SGD,2,shakespeare_char,110,train_eval,3.7235817909240723,0.0009999907511312647,0.027401400039082893,
2025-09-15 10:29:07,SGD_lr0.0003_m0.0,SGD,2,shakespeare_char,110,val_eval,3.738236427307129,0.0009999907511312647,0.027401400039082893,
2025-09-15 10:29:07,SGD_lr0.0003_m0.0,SGD,2,shakespeare_char,110,train_iter,3.8401241302490234,0.0009999907511312647,0.02799653704099309,2094.7861671447754
2025-09-15 10:29:09,SGD_lr0.0003_m0.0,SGD,2,shakespeare_char,120,train_eval,3.674128770828247,0.0009999630049052437,0.02799653704099309,
2025-09-15 10:29:09,SGD_lr0.0003_m0.0,SGD,2,shakespeare_char,120,val_eval,3.6895108222961426,0.0009999630049052437,0.02799653704099309,
2025-09-15 10:29:10,SGD_lr0.0003_m0.0,SGD,2,shakespeare_char,120,train_iter,3.7594528198242188,0.0009999630049052437,0.028149509005805647,2366.2641048431396
2025-09-15 10:29:11,SGD_lr0.0003_m0.0,SGD,2,shakespeare_char,130,train_eval,3.6271941661834717,0.0009999167624624755,0.028149509005805647,
2025-09-15 10:29:11,SGD_lr0.0003_m0.0,SGD,2,shakespeare_char,130,val_eval,3.6438028812408447,0.0009999167624624755,0.028149509005805647,
2025-09-15 10:29:12,SGD_lr0.0003_m0.0,SGD,2,shakespeare_char,130,train_iter,3.7227494716644287,0.0009999167624624755,0.028834973765645866,1995.9607124328613
2025-09-15 10:29:13,SGD_lr0.0003_m0.0,SGD,2,shakespeare_char,140,train_eval,3.588000774383545,0.000999852025703806,0.028834973765645866,
2025-09-15 10:29:13,SGD_lr0.0003_m0.0,SGD,2,shakespeare_char,140,val_eval,3.607140302658081,0.000999852025703806,0.028834973765645866,
2025-09-15 10:29:13,SGD_lr0.0003_m0.0,SGD,2,shakespeare_char,140,train_iter,3.6671714782714844,0.000999852025703806,0.03280160860762311,1019.9353694915771
2025-09-15 10:29:14,SGD_lr0.0003_m0.0,SGD,2,shakespeare_char,150,train_eval,3.5527172088623047,0.0009997687972903096,0.03280160860762311,
2025-09-15 10:29:14,SGD_lr0.0003_m0.0,SGD,2,shakespeare_char,150,val_eval,3.5710012912750244,0.0009997687972903096,0.03280160860762311,
2025-09-15 10:29:14,SGD_lr0.0003_m0.0,SGD,2,shakespeare_char,150,train_iter,3.6374378204345703,0.0009997687972903096,0.035240259199469604,1221.7035293579102
2025-09-15 10:29:16,SGD_lr0.0003_m0.0,SGD,2,shakespeare_char,160,train_eval,3.5197436809539795,0.0009996670806431804,0.035240259199469604,
2025-09-15 10:29:16,SGD_lr0.0003_m0.0,SGD,2,shakespeare_char,160,val_eval,3.5453622341156006,0.0009996670806431804,0.035240259199469604,
2025-09-15 10:29:16,SGD_lr0.0003_m0.0,SGD,2,shakespeare_char,160,train_iter,3.5930447578430176,0.0009996670806431804,0.035185286157893556,2014.0056610107422
2025-09-15 10:29:17,SGD_lr0.0003_m0.0,SGD,2,shakespeare_char,170,train_eval,3.4934606552124023,0.0009995468799435915,0.035185286157893556,
2025-09-15 10:29:17,SGD_lr0.0003_m0.0,SGD,2,shakespeare_char,170,val_eval,3.518550395965576,0.0009995468799435915,0.035185286157893556,
2025-09-15 10:29:17,SGD_lr0.0003_m0.0,SGD,2,shakespeare_char,170,train_iter,3.5403146743774414,0.0009995468799435915,0.038821401033303754,976.5255451202393
2025-09-15 10:29:19,SGD_lr0.0003_m0.0,SGD,2,shakespeare_char,180,train_eval,3.464301347732544,0.000999408200132523,0.038821401033303754,
2025-09-15 10:29:19,SGD_lr0.0003_m0.0,SGD,2,shakespeare_char,180,val_eval,3.492098331451416,0.000999408200132523,0.038821401033303754,
2025-09-15 10:29:19,SGD_lr0.0003_m0.0,SGD,2,shakespeare_char,180,train_iter,3.547982692718506,0.000999408200132523,0.04006718212808067,1362.4804019927979
2025-09-15 10:29:20,SGD_lr0.0003_m0.0,SGD,2,shakespeare_char,190,train_eval,3.446986198425293,0.0009992510469105584,0.04006718212808067,
2025-09-15 10:29:20,SGD_lr0.0003_m0.0,SGD,2,shakespeare_char,190,val_eval,3.4794859886169434,0.0009992510469105584,0.04006718212808067,
2025-09-15 10:29:20,SGD_lr0.0003_m0.0,SGD,2,shakespeare_char,190,train_iter,3.520026683807373,0.0009992510469105584,0.04301348755402393,1004.8422813415527
2025-09-15 10:29:22,SGD_lr0.0003_m0.0,SGD,2,shakespeare_char,200,train_eval,3.4294512271881104,0.0009990754267376514,0.04301348755402393,
2025-09-15 10:29:22,SGD_lr0.0003_m0.0,SGD,2,shakespeare_char,200,val_eval,3.455610990524292,0.0009990754267376514,0.04301348755402393,
2025-09-15 10:30:34,SGD_lr0.0003_m0.95,SGD,2,shakespeare_char,0,train_iter,4.265802383422852,9.900990099009901e-06,,336877.2728443146
2025-09-15 10:30:36,SGD_lr0.0003_m0.95,SGD,2,shakespeare_char,10,train_eval,4.228809356689453,0.0001089108910891089,,
2025-09-15 10:30:36,SGD_lr0.0003_m0.95,SGD,2,shakespeare_char,10,val_eval,4.230148792266846,0.0001089108910891089,,
2025-09-15 10:30:37,SGD_lr0.0003_m0.95,SGD,2,shakespeare_char,10,train_iter,4.2367048263549805,0.0001089108910891089,0.024950674978428705,2800.201654434204
2025-09-15 10:30:39,SGD_lr0.0003_m0.95,SGD,2,shakespeare_char,20,train_eval,4.033036231994629,0.00020792079207920794,0.024950674978428705,
2025-09-15 10:30:39,SGD_lr0.0003_m0.95,SGD,2,shakespeare_char,20,val_eval,4.03833532333374,0.00020792079207920794,0.024950674978428705,
2025-09-15 10:30:40,SGD_lr0.0003_m0.95,SGD,2,shakespeare_char,20,train_iter,4.093526840209961,0.00020792079207920794,0.025066303950268546,2676.1794090270996
2025-09-15 10:30:42,SGD_lr0.0003_m0.95,SGD,2,shakespeare_char,30,train_eval,3.7689948081970215,0.00030693069306930693,0.025066303950268546,
2025-09-15 10:30:42,SGD_lr0.0003_m0.95,SGD,2,shakespeare_char,30,val_eval,3.7832491397857666,0.00030693069306930693,0.025066303950268546,
2025-09-15 10:30:43,SGD_lr0.0003_m0.95,SGD,2,shakespeare_char,30,train_iter,3.856550931930542,0.00030693069306930693,0.025020677484560314,2838.9601707458496
2025-09-15 10:30:45,SGD_lr0.0003_m0.95,SGD,2,shakespeare_char,40,train_eval,3.5876004695892334,0.000405940594059406,0.025020677484560314,
2025-09-15 10:30:45,SGD_lr0.0003_m0.95,SGD,2,shakespeare_char,40,val_eval,3.6083014011383057,0.000405940594059406,0.025020677484560314,
2025-09-15 10:30:46,SGD_lr0.0003_m0.95,SGD,2,shakespeare_char,40,train_iter,3.601300001144409,0.000405940594059406,0.024792547129012136,3072.5085735321045
2025-09-15 10:30:48,SGD_lr0.0003_m0.95,SGD,2,shakespeare_char,50,train_eval,3.432070255279541,0.000504950495049505,0.024792547129012136,
2025-09-15 10:30:48,SGD_lr0.0003_m0.95,SGD,2,shakespeare_char,50,val_eval,3.4659957885742188,0.000504950495049505,0.024792547129012136,
2025-09-15 10:30:48,SGD_lr0.0003_m0.95,SGD,2,shakespeare_char,50,train_iter,3.4721522331237793,0.000504950495049505,0.025202086723027695,2418.5495376586914
2025-09-15 10:30:51,SGD_lr0.0003_m0.95,SGD,2,shakespeare_char,60,train_eval,3.346041679382324,0.000603960396039604,0.025202086723027695,
2025-09-15 10:30:51,SGD_lr0.0003_m0.95,SGD,2,shakespeare_char,60,val_eval,3.3839077949523926,0.000603960396039604,0.025202086723027695,
2025-09-15 10:30:51,SGD_lr0.0003_m0.95,SGD,2,shakespeare_char,60,train_iter,3.4030814170837402,0.000603960396039604,0.025361690397283632,2607.1572303771973
2025-09-15 10:30:53,SGD_lr0.0003_m0.95,SGD,2,shakespeare_char,70,train_eval,3.2847609519958496,0.000702970297029703,0.025361690397283632,
2025-09-15 10:30:53,SGD_lr0.0003_m0.95,SGD,2,shakespeare_char,70,val_eval,3.3241610527038574,0.000702970297029703,0.025361690397283632,
2025-09-15 10:30:54,SGD_lr0.0003_m0.95,SGD,2,shakespeare_char,70,train_iter,3.3417699337005615,0.000702970297029703,0.025503541534447872,2608.9019775390625
2025-09-15 10:30:57,SGD_lr0.0003_m0.95,SGD,2,shakespeare_char,80,train_eval,3.2244346141815186,0.000801980198019802,0.025503541534447872,
2025-09-15 10:30:57,SGD_lr0.0003_m0.95,SGD,2,shakespeare_char,80,val_eval,3.253737688064575,0.000801980198019802,0.025503541534447872,
2025-09-15 10:30:58,SGD_lr0.0003_m0.95,SGD,2,shakespeare_char,80,train_iter,3.2427310943603516,0.000801980198019802,0.0246934726739615,4014.6820545196533
2025-09-15 10:31:01,SGD_lr0.0003_m0.95,SGD,2,shakespeare_char,90,train_eval,3.1243600845336914,0.0009009900990099009,0.0246934726739615,
2025-09-15 10:31:01,SGD_lr0.0003_m0.95,SGD,2,shakespeare_char,90,val_eval,3.155158281326294,0.0009009900990099009,0.0246934726739615,
2025-09-15 10:31:01,SGD_lr0.0003_m0.95,SGD,2,shakespeare_char,90,train_iter,3.106123685836792,0.0009009900990099009,0.02432864917766564,3319.8447227478027
2025-09-15 10:31:05,SGD_lr0.0003_m0.95,SGD,2,shakespeare_char,100,train_eval,3.0045166015625,0.001,0.02432864917766564,
2025-09-15 10:31:05,SGD_lr0.0003_m0.95,SGD,2,shakespeare_char,100,val_eval,3.0348339080810547,0.001,0.02432864917766564,
2025-09-15 10:31:22,MUON_lr0.01_m0.95,MUON,2,shakespeare_char,0,train_iter,4.265802383422852,9.900990099009901e-06,,362207.50999450684
2025-09-15 10:31:25,MUON_lr0.01_m0.95,MUON,2,shakespeare_char,10,train_eval,4.213225841522217,0.0001089108910891089,,
2025-09-15 10:31:25,MUON_lr0.01_m0.95,MUON,2,shakespeare_char,10,val_eval,4.214197158813477,0.0001089108910891089,,
2025-09-15 10:31:25,MUON_lr0.01_m0.95,MUON,2,shakespeare_char,10,train_iter,4.225978851318359,0.0001089108910891089,0.025712004362336276,2717.288017272949
2025-09-15 10:31:29,MUON_lr0.01_m0.95,MUON,2,shakespeare_char,20,train_eval,4.05626106262207,0.00020792079207920794,0.025712004362336276,
2025-09-15 10:31:29,MUON_lr0.01_m0.95,MUON,2,shakespeare_char,20,val_eval,4.05817174911499,0.00020792079207920794,0.025712004362336276,
2025-09-15 10:31:29,MUON_lr0.01_m0.95,MUON,2,shakespeare_char,20,train_iter,4.116024971008301,0.00020792079207920794,0.02511125757280267,3545.7277297973633
2025-09-15 10:31:32,MUON_lr0.01_m0.95,MUON,2,shakespeare_char,30,train_eval,3.8301308155059814,0.00030693069306930693,0.02511125757280267,
2025-09-15 10:31:32,MUON_lr0.01_m0.95,MUON,2,shakespeare_char,30,val_eval,3.8364250659942627,0.00030693069306930693,0.02511125757280267,
2025-09-15 10:31:32,MUON_lr0.01_m0.95,MUON,2,shakespeare_char,30,train_iter,3.946420669555664,0.00030693069306930693,0.025280283126697556,2606.8274974823
2025-09-15 10:31:34,MUON_lr0.01_m0.95,MUON,2,shakespeare_char,40,train_eval,3.5904040336608887,0.000405940594059406,0.025280283126697556,
2025-09-15 10:31:34,MUON_lr0.01_m0.95,MUON,2,shakespeare_char,40,val_eval,3.6010096073150635,0.000405940594059406,0.025280283126697556,
2025-09-15 10:31:35,MUON_lr0.01_m0.95,MUON,2,shakespeare_char,40,train_iter,3.723073959350586,0.000405940594059406,0.026259175628060915,1992.2583103179932
2025-09-15 10:31:36,MUON_lr0.01_m0.95,MUON,2,shakespeare_char,50,train_eval,3.381046772003174,0.000504950495049505,0.026259175628060915,
2025-09-15 10:31:36,MUON_lr0.01_m0.95,MUON,2,shakespeare_char,50,val_eval,3.398679733276367,0.000504950495049505,0.026259175628060915,
2025-09-15 10:31:37,MUON_lr0.01_m0.95,MUON,2,shakespeare_char,50,train_iter,3.5227956771850586,0.000504950495049505,0.028315700286779138,1492.1042919158936
2025-09-15 10:31:39,MUON_lr0.01_m0.95,MUON,2,shakespeare_char,60,train_eval,3.199606418609619,0.000603960396039604,0.028315700286779138,
2025-09-15 10:31:39,MUON_lr0.01_m0.95,MUON,2,shakespeare_char,60,val_eval,3.2223105430603027,0.000603960396039604,0.028315700286779138,
2025-09-15 10:31:40,MUON_lr0.01_m0.95,MUON,2,shakespeare_char,60,train_iter,3.343538999557495,0.000603960396039604,0.02773017852434282,3110.6598377227783
2025-09-15 10:31:41,MUON_lr0.01_m0.95,MUON,2,shakespeare_char,70,train_eval,3.0500288009643555,0.000702970297029703,0.02773017852434282,
2025-09-15 10:31:41,MUON_lr0.01_m0.95,MUON,2,shakespeare_char,70,val_eval,3.0743143558502197,0.000702970297029703,0.02773017852434282,
2025-09-15 10:31:42,MUON_lr0.01_m0.95,MUON,2,shakespeare_char,70,train_iter,3.1801135540008545,0.000702970297029703,0.029102699860760323,1685.351848602295
2025-09-15 10:31:44,MUON_lr0.01_m0.95,MUON,2,shakespeare_char,80,train_eval,2.921415328979492,0.000801980198019802,0.029102699860760323,
2025-09-15 10:31:44,MUON_lr0.01_m0.95,MUON,2,shakespeare_char,80,val_eval,2.935575485229492,0.000801980198019802,0.029102699860760323,
2025-09-15 10:31:45,MUON_lr0.01_m0.95,MUON,2,shakespeare_char,80,train_iter,3.0276031494140625,0.000801980198019802,0.029538137548769904,2088.2554054260254
2025-09-15 10:31:48,MUON_lr0.01_m0.95,MUON,2,shakespeare_char,90,train_eval,2.8138108253479004,0.0009009900990099009,0.029538137548769904,
2025-09-15 10:31:48,MUON_lr0.01_m0.95,MUON,2,shakespeare_char,90,val_eval,2.8264577388763428,0.0009009900990099009,0.029538137548769904,
2025-09-15 10:31:48,MUON_lr0.01_m0.95,MUON,2,shakespeare_char,90,train_iter,2.8971831798553467,0.0009009900990099009,0.0288229947880873,3120.91064453125
2025-09-15 10:31:51,MUON_lr0.01_m0.95,MUON,2,shakespeare_char,100,train_eval,2.7360951900482178,0.001,0.0288229947880873,
2025-09-15 10:31:51,MUON_lr0.01_m0.95,MUON,2,shakespeare_char,100,val_eval,2.761211633682251,0.001,0.0288229947880873,
2025-09-15 10:32:01,SGD_lr0.0003_m0.95,SGD,2,shakespeare_char,0,train_iter,4.265802383422852,9.900990099009901e-06,,365625.652551651
2025-09-15 10:32:02,SGD_lr0.0003_m0.95,SGD,2,shakespeare_char,10,train_eval,4.2288103103637695,0.0001089108910891089,,
2025-09-15 10:32:02,SGD_lr0.0003_m0.95,SGD,2,shakespeare_char,10,val_eval,4.230147361755371,0.0001089108910891089,,
2025-09-15 10:32:03,SGD_lr0.0003_m0.95,SGD,2,shakespeare_char,10,train_iter,4.236752986907959,0.0001089108910891089,0.0386608566542463,1807.1746826171875
2025-09-15 10:32:05,SGD_lr0.0003_m0.95,SGD,2,shakespeare_char,20,train_eval,4.03303861618042,0.00020792079207920794,0.0386608566542463,
2025-09-15 10:32:05,SGD_lr0.0003_m0.95,SGD,2,shakespeare_char,20,val_eval,4.038332939147949,0.00020792079207920794,0.0386608566542463,
2025-09-15 10:32:05,SGD_lr0.0003_m0.95,SGD,2,shakespeare_char,20,train_iter,4.093560218811035,0.00020792079207920794,0.03807447294136882,2130.2826404571533
2025-09-15 10:32:07,SGD_lr0.0003_m0.95,SGD,2,shakespeare_char,30,train_eval,3.768981695175171,0.00030693069306930693,0.03807447294136882,
2025-09-15 10:32:07,SGD_lr0.0003_m0.95,SGD,2,shakespeare_char,30,val_eval,3.7832295894622803,0.00030693069306930693,0.03807447294136882,
2025-09-15 10:32:07,SGD_lr0.0003_m0.95,SGD,2,shakespeare_char,30,train_iter,3.856560468673706,0.00030693069306930693,0.03864685603824726,1595.1969623565674
2025-09-15 10:32:09,SGD_lr0.0003_m0.95,SGD,2,shakespeare_char,40,train_eval,3.587599992752075,0.000405940594059406,0.03864685603824726,
2025-09-15 10:32:09,SGD_lr0.0003_m0.95,SGD,2,shakespeare_char,40,val_eval,3.60829496383667,0.000405940594059406,0.03864685603824726,
2025-09-15 10:32:10,SGD_lr0.0003_m0.95,SGD,2,shakespeare_char,40,train_iter,3.60137939453125,0.000405940594059406,0.037283621854138416,2793.055295944214
2025-09-15 10:32:12,SGD_lr0.0003_m0.95,SGD,2,shakespeare_char,50,train_eval,3.432069778442383,0.000504950495049505,0.037283621854138416,
2025-09-15 10:32:12,SGD_lr0.0003_m0.95,SGD,2,shakespeare_char,50,val_eval,3.4659903049468994,0.000504950495049505,0.037283621854138416,
2025-09-15 10:32:13,SGD_lr0.0003_m0.95,SGD,2,shakespeare_char,50,train_iter,3.4721665382385254,0.000504950495049505,0.03606895607827125,2779.449462890625
2025-09-15 10:32:14,SGD_lr0.0003_m0.95,SGD,2,shakespeare_char,60,train_eval,3.3460450172424316,0.000603960396039604,0.03606895607827125,
2025-09-15 10:32:14,SGD_lr0.0003_m0.95,SGD,2,shakespeare_char,60,val_eval,3.383913278579712,0.000603960396039604,0.03606895607827125,
2025-09-15 10:32:15,SGD_lr0.0003_m0.95,SGD,2,shakespeare_char,60,train_iter,3.403080940246582,0.000603960396039604,0.03577866992404035,2106.576681137085
2025-09-15 10:32:16,SGD_lr0.0003_m0.95,SGD,2,shakespeare_char,70,train_eval,3.2847652435302734,0.000702970297029703,0.03577866992404035,
2025-09-15 10:32:16,SGD_lr0.0003_m0.95,SGD,2,shakespeare_char,70,val_eval,3.324166774749756,0.000702970297029703,0.03577866992404035,
2025-09-15 10:32:16,SGD_lr0.0003_m0.95,SGD,2,shakespeare_char,70,train_iter,3.341695547103882,0.000702970297029703,0.03784727748138412,1237.3547554016113
2025-09-15 10:32:17,SGD_lr0.0003_m0.95,SGD,2,shakespeare_char,80,train_eval,3.2244372367858887,0.000801980198019802,0.03784727748138412,
2025-09-15 10:32:17,SGD_lr0.0003_m0.95,SGD,2,shakespeare_char,80,val_eval,3.2537319660186768,0.000801980198019802,0.03784727748138412,
2025-09-15 10:32:18,SGD_lr0.0003_m0.95,SGD,2,shakespeare_char,80,train_iter,3.2427520751953125,0.000801980198019802,0.03910617511037977,1385.2519989013672
2025-09-15 10:32:20,SGD_lr0.0003_m0.95,SGD,2,shakespeare_char,90,train_eval,3.1243557929992676,0.0009009900990099009,0.03910617511037977,
2025-09-15 10:32:20,SGD_lr0.0003_m0.95,SGD,2,shakespeare_char,90,val_eval,3.155143976211548,0.0009009900990099009,0.03910617511037977,
2025-09-15 10:32:21,SGD_lr0.0003_m0.95,SGD,2,shakespeare_char,90,train_iter,3.106128454208374,0.0009009900990099009,0.03774654643394053,2738.8172149658203
2025-09-15 10:32:24,SGD_lr0.0003_m0.95,SGD,2,shakespeare_char,100,train_eval,3.0045418739318848,0.001,0.03774654643394053,
2025-09-15 10:32:24,SGD_lr0.0003_m0.95,SGD,2,shakespeare_char,100,val_eval,3.0348470211029053,0.001,0.03774654643394053,
2025-09-15 10:33:59,MUON_lr0.001_m0.95,MUON,2,shakespeare_char,200,train_iter,2.595369338989258,0.0009990754267376514,0.02025284459645825,307295.66407203674
2025-09-15 10:34:24,SGD_lr0.0003_m0.0,SGD,2,shakespeare_char,200,train_iter,3.4620203971862793,0.0009990754267376514,0.03873514606341905,303673.3047962189
2025-09-15 10:34:28,MUON_lr0.001_m0.99,MUON,2,shakespeare_char,0,train_eval,4.270771503448486,9.900990099009901e-06,,
2025-09-15 10:34:28,MUON_lr0.001_m0.99,MUON,2,shakespeare_char,0,val_eval,4.269772529602051,9.900990099009901e-06,,
2025-09-15 10:34:43,SGD_lr0.0003_m0.9,SGD,2,shakespeare_char,0,train_eval,4.270771503448486,9.900990099009901e-06,,
2025-09-15 10:34:43,SGD_lr0.0003_m0.9,SGD,2,shakespeare_char,0,val_eval,4.269772529602051,9.900990099009901e-06,,
2025-09-15 10:36:37,SGD_lr0.0003_m0.95,SGD,2,shakespeare_char,100,train_iter,3.0716521739959717,0.001,0.02191663272465787,335117.82360076904
2025-09-15 10:36:40,SGD_lr0.0003_m0.95,SGD,2,shakespeare_char,110,train_eval,2.9296770095825195,0.0009999907511312647,0.02191663272465787,
2025-09-15 10:36:40,SGD_lr0.0003_m0.95,SGD,2,shakespeare_char,110,val_eval,2.9568631649017334,0.0009999907511312647,0.02191663272465787,
2025-09-15 10:36:41,SGD_lr0.0003_m0.95,SGD,2,shakespeare_char,110,train_iter,3.0575780868530273,0.0009999907511312647,0.021349517134617458,4300.699949264526
2025-09-15 10:36:45,SGD_lr0.0003_m0.95,SGD,2,shakespeare_char,120,train_eval,2.8640222549438477,0.0009999630049052437,0.021349517134617458,
2025-09-15 10:36:45,SGD_lr0.0003_m0.95,SGD,2,shakespeare_char,120,val_eval,2.882666826248169,0.0009999630049052437,0.021349517134617458,
2025-09-15 10:36:46,SGD_lr0.0003_m0.95,SGD,2,shakespeare_char,120,train_iter,2.8828916549682617,0.0009999630049052437,0.020788923913149248,4437.80255317688
2025-09-15 10:36:50,SGD_lr0.0003_m0.95,SGD,2,shakespeare_char,130,train_eval,2.799412488937378,0.0009999167624624755,0.020788923913149248,
2025-09-15 10:36:50,SGD_lr0.0003_m0.95,SGD,2,shakespeare_char,130,val_eval,2.8183276653289795,0.0009999167624624755,0.020788923913149248,
2025-09-15 10:36:51,SGD_lr0.0003_m0.95,SGD,2,shakespeare_char,130,train_iter,2.9146246910095215,0.0009999167624624755,0.020250293879292305,4536.040306091309
2025-09-15 10:36:54,SGD_lr0.0003_m0.95,SGD,2,shakespeare_char,140,train_eval,2.7612130641937256,0.000999852025703806,0.020250293879292305,
2025-09-15 10:36:54,SGD_lr0.0003_m0.95,SGD,2,shakespeare_char,140,val_eval,2.7747092247009277,0.000999852025703806,0.020250293879292305,
2025-09-15 10:36:55,SGD_lr0.0003_m0.95,SGD,2,shakespeare_char,140,train_iter,2.8130671977996826,0.000999852025703806,0.019785079038609252,4479.181289672852
2025-09-15 10:36:58,SGD_lr0.0003_m0.95,SGD,2,shakespeare_char,150,train_eval,2.7243430614471436,0.0009997687972903096,0.019785079038609252,
2025-09-15 10:36:58,SGD_lr0.0003_m0.95,SGD,2,shakespeare_char,150,val_eval,2.7328994274139404,0.0009997687972903096,0.019785079038609252,
2025-09-15 10:36:59,SGD_lr0.0003_m0.95,SGD,2,shakespeare_char,150,train_iter,2.7662808895111084,0.0009997687972903096,0.019810533799660263,3486.438274383545
2025-09-15 10:37:01,SGD_lr0.0003_m0.95,SGD,2,shakespeare_char,160,train_eval,2.689439296722412,0.0009996670806431804,0.019810533799660263,
2025-09-15 10:37:01,SGD_lr0.0003_m0.95,SGD,2,shakespeare_char,160,val_eval,2.7004001140594482,0.0009996670806431804,0.019810533799660263,
2025-09-15 10:37:01,SGD_lr0.0003_m0.95,SGD,2,shakespeare_char,160,train_iter,2.712127685546875,0.0009996670806431804,0.0206685359273892,2460.921287536621
2025-09-15 10:37:03,SGD_lr0.0003_m0.95,SGD,2,shakespeare_char,170,train_eval,2.668008327484131,0.0009995468799435915,0.0206685359273892,
2025-09-15 10:37:03,SGD_lr0.0003_m0.95,SGD,2,shakespeare_char,170,val_eval,2.674281120300293,0.0009995468799435915,0.0206685359273892,
2025-09-15 10:37:04,SGD_lr0.0003_m0.95,SGD,2,shakespeare_char,170,train_iter,2.6742255687713623,0.0009995468799435915,0.02173722023357672,2228.2276153564453
2025-09-15 10:37:06,SGD_lr0.0003_m0.95,SGD,2,shakespeare_char,180,train_eval,2.6418542861938477,0.000999408200132523,0.02173722023357672,
2025-09-15 10:37:06,SGD_lr0.0003_m0.95,SGD,2,shakespeare_char,180,val_eval,2.6494815349578857,0.000999408200132523,0.02173722023357672,
2025-09-15 10:37:06,SGD_lr0.0003_m0.95,SGD,2,shakespeare_char,180,train_iter,2.727931499481201,0.000999408200132523,0.0232024350134465,1919.9817180633545
2025-09-15 10:37:08,SGD_lr0.0003_m0.95,SGD,2,shakespeare_char,190,train_eval,2.6317319869995117,0.0009992510469105584,0.0232024350134465,
2025-09-15 10:37:08,SGD_lr0.0003_m0.95,SGD,2,shakespeare_char,190,val_eval,2.640808343887329,0.0009992510469105584,0.0232024350134465,
2025-09-15 10:37:09,SGD_lr0.0003_m0.95,SGD,2,shakespeare_char,190,train_iter,2.6979129314422607,0.0009992510469105584,0.023281862614740197,2911.5207195281982
2025-09-15 10:37:12,SGD_lr0.0003_m0.95,SGD,2,shakespeare_char,200,train_eval,2.6185295581817627,0.0009990754267376514,0.023281862614740197,
2025-09-15 10:37:12,SGD_lr0.0003_m0.95,SGD,2,shakespeare_char,200,val_eval,2.620354652404785,0.0009990754267376514,0.023281862614740197,
2025-09-15 10:37:57,MUON_lr0.01_m0.95,MUON,2,shakespeare_char,100,train_iter,2.7841098308563232,0.001,0.025959645423939363,368688.64703178406
2025-09-15 10:38:01,MUON_lr0.01_m0.95,MUON,2,shakespeare_char,110,train_eval,2.678943157196045,0.0009999907511312647,0.025959645423939363,
2025-09-15 10:38:01,MUON_lr0.01_m0.95,MUON,2,shakespeare_char,110,val_eval,2.698559522628784,0.0009999907511312647,0.025959645423939363,
2025-09-15 10:38:03,MUON_lr0.01_m0.95,MUON,2,shakespeare_char,110,train_iter,2.7632148265838623,0.0009999907511312647,0.024997507033905693,4276.276350021362
2025-09-15 10:38:06,MUON_lr0.01_m0.95,MUON,2,shakespeare_char,120,train_eval,2.6432738304138184,0.0009999630049052437,0.024997507033905693,
2025-09-15 10:38:06,MUON_lr0.01_m0.95,MUON,2,shakespeare_char,120,val_eval,2.657162666320801,0.0009999630049052437,0.024997507033905693,
2025-09-15 10:38:07,MUON_lr0.01_m0.95,MUON,2,shakespeare_char,120,train_iter,2.700284957885742,0.0009999630049052437,0.024277005850869192,3926.7635345458984
2025-09-15 10:38:09,MUON_lr0.01_m0.95,MUON,2,shakespeare_char,130,train_eval,2.609109878540039,0.0009999167624624755,0.024277005850869192,
2025-09-15 10:38:09,MUON_lr0.01_m0.95,MUON,2,shakespeare_char,130,val_eval,2.6334497928619385,0.0009999167624624755,0.024277005850869192,
2025-09-15 10:38:10,MUON_lr0.01_m0.95,MUON,2,shakespeare_char,130,train_iter,2.697885036468506,0.0009999167624624755,0.0245199272833812,2616.129159927368
2025-09-15 10:38:12,MUON_lr0.01_m0.95,MUON,2,shakespeare_char,140,train_eval,2.5888428688049316,0.000999852025703806,0.0245199272833812,
2025-09-15 10:38:12,MUON_lr0.01_m0.95,MUON,2,shakespeare_char,140,val_eval,2.6033008098602295,0.000999852025703806,0.0245199272833812,
2025-09-15 10:38:12,MUON_lr0.01_m0.95,MUON,2,shakespeare_char,140,train_iter,2.635275363922119,0.000999852025703806,0.025929558880358052,1809.2625141143799
2025-09-15 10:38:14,MUON_lr0.01_m0.95,MUON,2,shakespeare_char,150,train_eval,2.5762341022491455,0.0009997687972903096,0.025929558880358052,
2025-09-15 10:38:14,MUON_lr0.01_m0.95,MUON,2,shakespeare_char,150,val_eval,2.588677406311035,0.0009997687972903096,0.025929558880358052,
2025-09-15 10:38:15,MUON_lr0.01_m0.95,MUON,2,shakespeare_char,150,train_iter,2.592500686645508,0.0009997687972903096,0.026347155406005022,2320.7342624664307
2025-09-15 10:38:16,MUON_lr0.01_m0.95,MUON,2,shakespeare_char,160,train_eval,2.5606725215911865,0.0009996670806431804,0.026347155406005022,
2025-09-15 10:38:16,MUON_lr0.01_m0.95,MUON,2,shakespeare_char,160,val_eval,2.579416513442993,0.0009996670806431804,0.026347155406005022,
2025-09-15 10:38:17,MUON_lr0.01_m0.95,MUON,2,shakespeare_char,160,train_iter,2.5699851512908936,0.0009996670806431804,0.02710671020349966,2058.378219604492
2025-09-15 10:38:20,MUON_lr0.01_m0.95,MUON,2,shakespeare_char,170,train_eval,2.5481362342834473,0.0009995468799435915,0.02710671020349966,
2025-09-15 10:38:20,MUON_lr0.01_m0.95,MUON,2,shakespeare_char,170,val_eval,2.5638697147369385,0.0009995468799435915,0.02710671020349966,
2025-09-15 10:38:21,MUON_lr0.01_m0.95,MUON,2,shakespeare_char,170,train_iter,2.568230390548706,0.0009995468799435915,0.026631479815240243,3125.420570373535
2025-09-15 10:38:24,MUON_lr0.01_m0.95,MUON,2,shakespeare_char,180,train_eval,2.5353617668151855,0.000999408200132523,0.026631479815240243,
2025-09-15 10:38:24,MUON_lr0.01_m0.95,MUON,2,shakespeare_char,180,val_eval,2.558250665664673,0.000999408200132523,0.026631479815240243,
2025-09-15 10:38:25,MUON_lr0.01_m0.95,MUON,2,shakespeare_char,180,train_iter,2.5907180309295654,0.000999408200132523,0.02580248854493563,3809.2122077941895
2025-09-15 10:38:26,MUON_lr0.0003_m0.95,MUON,2,shakespeare_char,0,train_eval,4.270771503448486,9.900990099009901e-06,,
2025-09-15 10:38:26,MUON_lr0.0003_m0.95,MUON,2,shakespeare_char,0,val_eval,4.269772529602051,9.900990099009901e-06,,
2025-09-15 10:38:28,MUON_lr0.01_m0.95,MUON,2,shakespeare_char,190,train_eval,2.5303614139556885,0.0009992510469105584,0.02580248854493563,
2025-09-15 10:38:28,MUON_lr0.01_m0.95,MUON,2,shakespeare_char,190,val_eval,2.5516233444213867,0.0009992510469105584,0.02580248854493563,
2025-09-15 10:38:29,MUON_lr0.01_m0.95,MUON,2,shakespeare_char,190,train_iter,2.5816078186035156,0.0009992510469105584,0.02541827257259916,3181.5061569213867
2025-09-15 10:38:32,MUON_lr0.01_m0.95,MUON,2,shakespeare_char,200,train_eval,2.521585464477539,0.0009990754267376514,0.02541827257259916,
2025-09-15 10:38:32,MUON_lr0.01_m0.95,MUON,2,shakespeare_char,200,val_eval,2.541430711746216,0.0009990754267376514,0.02541827257259916,
2025-09-15 10:39:03,SGD_lr0.0003_m0.95,SGD,2,shakespeare_char,100,train_iter,3.0716357231140137,0.001,0.033989242735333575,402669.2621707916
2025-09-15 10:39:06,SGD_lr0.0003_m0.95,SGD,2,shakespeare_char,110,train_eval,2.9296722412109375,0.0009999907511312647,0.033989242735333575,
2025-09-15 10:39:06,SGD_lr0.0003_m0.95,SGD,2,shakespeare_char,110,val_eval,2.9568448066711426,0.0009999907511312647,0.033989242735333575,
2025-09-15 10:39:07,SGD_lr0.0003_m0.95,SGD,2,shakespeare_char,110,train_iter,3.057605743408203,0.0009999907511312647,0.03250584848225168,3647.3937034606934
2025-09-15 10:39:10,SGD_lr0.0003_m0.95,SGD,2,shakespeare_char,120,train_eval,2.8640148639678955,0.0009999630049052437,0.03250584848225168,
2025-09-15 10:39:10,SGD_lr0.0003_m0.95,SGD,2,shakespeare_char,120,val_eval,2.8826630115509033,0.0009999630049052437,0.03250584848225168,
2025-09-15 10:39:10,SGD_lr0.0003_m0.95,SGD,2,shakespeare_char,120,train_iter,2.8829689025878906,0.0009999630049052437,0.031653093333972225,2913.7566089630127
2025-09-15 10:39:14,SGD_lr0.0003_m0.95,SGD,2,shakespeare_char,130,train_eval,2.799408197402954,0.0009999167624624755,0.031653093333972225,
2025-09-15 10:39:14,SGD_lr0.0003_m0.95,SGD,2,shakespeare_char,130,val_eval,2.818328857421875,0.0009999167624624755,0.031653093333972225,
2025-09-15 10:39:14,SGD_lr0.0003_m0.95,SGD,2,shakespeare_char,130,train_iter,2.914569854736328,0.0009999167624624755,0.03030504699551794,3844.623565673828
2025-09-15 10:39:18,SGD_lr0.0003_m0.95,SGD,2,shakespeare_char,140,train_eval,2.7612290382385254,0.000999852025703806,0.03030504699551794,
2025-09-15 10:39:18,SGD_lr0.0003_m0.95,SGD,2,shakespeare_char,140,val_eval,2.7747297286987305,0.000999852025703806,0.03030504699551794,
2025-09-15 10:39:19,SGD_lr0.0003_m0.95,SGD,2,shakespeare_char,140,train_iter,2.813178539276123,0.000999852025703806,0.028867793405543744,4385.17951965332
2025-09-15 10:39:22,SGD_lr0.0003_m0.95,SGD,2,shakespeare_char,150,train_eval,2.724368095397949,0.0009997687972903096,0.028867793405543744,
2025-09-15 10:39:22,SGD_lr0.0003_m0.95,SGD,2,shakespeare_char,150,val_eval,2.7329230308532715,0.0009997687972903096,0.028867793405543744,
2025-09-15 10:39:23,SGD_lr0.0003_m0.95,SGD,2,shakespeare_char,150,train_iter,2.766356945037842,0.0009997687972903096,0.027900645532292583,3639.6007537841797
2025-09-15 10:39:27,SGD_lr0.0003_m0.95,SGD,2,shakespeare_char,160,train_eval,2.689460515975952,0.0009996670806431804,0.027900645532292583,
2025-09-15 10:39:27,SGD_lr0.0003_m0.95,SGD,2,shakespeare_char,160,val_eval,2.700418472290039,0.0009996670806431804,0.027900645532292583,
2025-09-15 10:39:28,SGD_lr0.0003_m0.95,SGD,2,shakespeare_char,160,train_iter,2.7121360301971436,0.0009996670806431804,0.02645503540287718,5196.674585342407
2025-09-15 10:39:33,SGD_lr0.0003_m0.95,SGD,2,shakespeare_char,170,train_eval,2.668039560317993,0.0009995468799435915,0.02645503540287718,
2025-09-15 10:39:33,SGD_lr0.0003_m0.95,SGD,2,shakespeare_char,170,val_eval,2.6743252277374268,0.0009995468799435915,0.02645503540287718,
2025-09-15 10:39:33,SGD_lr0.0003_m0.95,SGD,2,shakespeare_char,170,train_iter,2.6743555068969727,0.0009995468799435915,0.025189405006872456,5063.285827636719
2025-09-15 10:39:37,SGD_lr0.0003_m0.95,SGD,2,shakespeare_char,180,train_eval,2.641880989074707,0.000999408200132523,0.025189405006872456,
2025-09-15 10:39:37,SGD_lr0.0003_m0.95,SGD,2,shakespeare_char,180,val_eval,2.6495048999786377,0.000999408200132523,0.025189405006872456,
2025-09-15 10:39:38,SGD_lr0.0003_m0.95,SGD,2,shakespeare_char,180,train_iter,2.728156089782715,0.000999408200132523,0.024103996689786737,4873.760223388672
2025-09-15 10:39:42,SGD_lr0.0003_m0.95,SGD,2,shakespeare_char,190,train_eval,2.631734848022461,0.0009992510469105584,0.024103996689786737,
2025-09-15 10:39:42,SGD_lr0.0003_m0.95,SGD,2,shakespeare_char,190,val_eval,2.640805959701538,0.0009992510469105584,0.024103996689786737,
2025-09-15 10:39:43,SGD_lr0.0003_m0.95,SGD,2,shakespeare_char,190,train_iter,2.697862148284912,0.0009992510469105584,0.023285018228954197,4390.221834182739
2025-09-15 10:39:46,SGD_lr0.0003_m0.95,SGD,2,shakespeare_char,200,train_eval,2.6185522079467773,0.0009990754267376514,0.023285018228954197,
2025-09-15 10:39:46,SGD_lr0.0003_m0.95,SGD,2,shakespeare_char,200,val_eval,2.6203835010528564,0.0009990754267376514,0.023285018228954197,
2025-09-15 10:40:11,SGD_lr0.0003_m0.9,SGD,2,shakespeare_char,0,train_iter,4.265802383422852,9.900990099009901e-06,,331682.88230895996
2025-09-15 10:40:12,SGD_lr0.0003_m0.9,SGD,2,shakespeare_char,10,train_eval,4.234838485717773,0.0001089108910891089,,
2025-09-15 10:40:12,SGD_lr0.0003_m0.9,SGD,2,shakespeare_char,10,val_eval,4.236033916473389,0.0001089108910891089,,
2025-09-15 10:40:13,SGD_lr0.0003_m0.9,SGD,2,shakespeare_char,10,train_iter,4.240842819213867,0.0001089108910891089,0.04340633427472054,1609.6019744873047
2025-09-15 10:40:16,SGD_lr0.0003_m0.9,SGD,2,shakespeare_char,20,train_eval,4.08751916885376,0.00020792079207920794,0.04340633427472054,
2025-09-15 10:40:16,SGD_lr0.0003_m0.9,SGD,2,shakespeare_char,20,val_eval,4.091345310211182,0.00020792079207920794,0.04340633427472054,
2025-09-15 10:40:16,SGD_lr0.0003_m0.9,SGD,2,shakespeare_char,20,train_iter,4.1348185539245605,0.00020792079207920794,0.04114706797006611,3356.7802906036377
2025-09-15 10:40:19,SGD_lr0.0003_m0.9,SGD,2,shakespeare_char,30,train_eval,3.872520685195923,0.00030693069306930693,0.04114706797006611,
2025-09-15 10:40:19,SGD_lr0.0003_m0.9,SGD,2,shakespeare_char,30,val_eval,3.8832147121429443,0.00030693069306930693,0.04114706797006611,
2025-09-15 10:40:19,SGD_lr0.0003_m0.9,SGD,2,shakespeare_char,30,train_iter,3.962827444076538,0.00030693069306930693,0.039357442641705494,3004.9235820770264
2025-09-15 10:40:22,SGD_lr0.0003_m0.9,SGD,2,shakespeare_char,40,train_eval,3.689866304397583,0.000405940594059406,0.039357442641705494,
2025-09-15 10:40:22,SGD_lr0.0003_m0.9,SGD,2,shakespeare_char,40,val_eval,3.706284999847412,0.000405940594059406,0.039357442641705494,
2025-09-15 10:40:23,SGD_lr0.0003_m0.9,SGD,2,shakespeare_char,40,train_iter,3.739978790283203,0.000405940594059406,0.03780814220839893,2927.6583194732666
2025-09-15 10:40:24,SGD_lr0.0003_m0.9,SGD,2,shakespeare_char,50,train_eval,3.5393052101135254,0.000504950495049505,0.03780814220839893,
2025-09-15 10:40:24,SGD_lr0.0003_m0.9,SGD,2,shakespeare_char,50,val_eval,3.5666298866271973,0.000504950495049505,0.03780814220839893,
2025-09-15 10:40:24,SGD_lr0.0003_m0.9,SGD,2,shakespeare_char,50,train_iter,3.6012701988220215,0.000504950495049505,0.0389166749453497,1428.962230682373
2025-09-15 10:40:26,SGD_lr0.0003_m0.9,SGD,2,shakespeare_char,60,train_eval,3.423823356628418,0.000603960396039604,0.0389166749453497,
2025-09-15 10:40:26,SGD_lr0.0003_m0.9,SGD,2,shakespeare_char,60,val_eval,3.45607328414917,0.000603960396039604,0.0389166749453497,
2025-09-15 10:40:26,SGD_lr0.0003_m0.9,SGD,2,shakespeare_char,60,train_iter,3.495147228240967,0.000603960396039604,0.03814368834390465,2240.27156829834
2025-09-15 10:40:28,SGD_lr0.0003_m0.9,SGD,2,shakespeare_char,70,train_eval,3.34706974029541,0.000702970297029703,0.03814368834390465,
2025-09-15 10:40:28,SGD_lr0.0003_m0.9,SGD,2,shakespeare_char,70,val_eval,3.381777048110962,0.000702970297029703,0.03814368834390465,
2025-09-15 10:40:29,SGD_lr0.0003_m0.9,SGD,2,shakespeare_char,70,train_iter,3.414630889892578,0.000702970297029703,0.03743402713995494,2250.354290008545
2025-09-15 10:40:31,SGD_lr0.0003_m0.9,SGD,2,shakespeare_char,80,train_eval,3.2928192615509033,0.000801980198019802,0.03743402713995494,
2025-09-15 10:40:31,SGD_lr0.0003_m0.9,SGD,2,shakespeare_char,80,val_eval,3.3190696239471436,0.000801980198019802,0.03743402713995494,
2025-09-15 10:40:31,SGD_lr0.0003_m0.9,SGD,2,shakespeare_char,80,train_iter,3.321319103240967,0.000801980198019802,0.03647397412008888,2510.174036026001
2025-09-15 10:40:33,SGD_lr0.0003_m0.9,SGD,2,shakespeare_char,90,train_eval,3.2298595905303955,0.0009009900990099009,0.03647397412008888,
2025-09-15 10:40:33,SGD_lr0.0003_m0.9,SGD,2,shakespeare_char,90,val_eval,3.2611334323883057,0.0009009900990099009,0.03647397412008888,
2025-09-15 10:40:33,SGD_lr0.0003_m0.9,SGD,2,shakespeare_char,90,train_iter,3.2135913372039795,0.0009009900990099009,0.03820832347449553,1298.220157623291
2025-09-15 10:40:35,SGD_lr0.0003_m0.9,SGD,2,shakespeare_char,100,train_eval,3.1430606842041016,0.001,0.03820832347449553,
2025-09-15 10:40:35,SGD_lr0.0003_m0.9,SGD,2,shakespeare_char,100,val_eval,3.180850028991699,0.001,0.03820832347449553,
2025-09-15 10:41:09,MUON_lr0.001_m0.99,MUON,2,shakespeare_char,0,train_iter,4.265802383422852,9.900990099009901e-06,,411060.84966659546
2025-09-15 10:41:11,MUON_lr0.001_m0.99,MUON,2,shakespeare_char,10,train_eval,4.213345527648926,0.0001089108910891089,,
2025-09-15 10:41:11,MUON_lr0.001_m0.99,MUON,2,shakespeare_char,10,val_eval,4.214315891265869,0.0001089108910891089,,
2025-09-15 10:41:12,MUON_lr0.001_m0.99,MUON,2,shakespeare_char,10,train_iter,4.226012229919434,0.0001089108910891089,0.027316973622221966,2557.6376914978027
2025-09-15 10:41:16,MUON_lr0.001_m0.99,MUON,2,shakespeare_char,20,train_eval,4.0555315017700195,0.00020792079207920794,0.027316973622221966,
2025-09-15 10:41:16,MUON_lr0.001_m0.99,MUON,2,shakespeare_char,20,val_eval,4.057429790496826,0.00020792079207920794,0.027316973622221966,
2025-09-15 10:41:17,MUON_lr0.001_m0.99,MUON,2,shakespeare_char,20,train_iter,4.115377426147461,0.00020792079207920794,0.026160741009925742,4434.6864223480225
2025-09-15 10:41:22,MUON_lr0.001_m0.99,MUON,2,shakespeare_char,30,train_eval,3.829777717590332,0.00030693069306930693,0.026160741009925742,
2025-09-15 10:41:22,MUON_lr0.001_m0.99,MUON,2,shakespeare_char,30,val_eval,3.8360660076141357,0.00030693069306930693,0.026160741009925742,
2025-09-15 10:41:23,MUON_lr0.001_m0.99,MUON,2,shakespeare_char,30,train_iter,3.9460363388061523,0.00030693069306930693,0.02477890159678563,5660.748481750488
2025-09-15 10:41:27,MUON_lr0.001_m0.99,MUON,2,shakespeare_char,40,train_eval,3.593519687652588,0.000405940594059406,0.02477890159678563,
2025-09-15 10:41:27,MUON_lr0.001_m0.99,MUON,2,shakespeare_char,40,val_eval,3.6039719581604004,0.000405940594059406,0.02477890159678563,
2025-09-15 10:41:28,MUON_lr0.001_m0.99,MUON,2,shakespeare_char,40,train_iter,3.725095748901367,0.000405940594059406,0.02393962607817337,4263.779878616333
2025-09-15 10:41:32,MUON_lr0.001_m0.99,MUON,2,shakespeare_char,50,train_eval,3.3897478580474854,0.000504950495049505,0.02393962607817337,
2025-09-15 10:41:32,MUON_lr0.001_m0.99,MUON,2,shakespeare_char,50,val_eval,3.4067893028259277,0.000504950495049505,0.02393962607817337,
2025-09-15 10:41:33,MUON_lr0.001_m0.99,MUON,2,shakespeare_char,50,train_iter,3.530419111251831,0.000504950495049505,0.023348117089695582,3876.2118816375732
2025-09-15 10:41:34,MUON_lr0.001_m0.99,MUON,2,shakespeare_char,60,train_eval,3.2210474014282227,0.000603960396039604,0.023348117089695582,
2025-09-15 10:41:34,MUON_lr0.001_m0.99,MUON,2,shakespeare_char,60,val_eval,3.242948055267334,0.000603960396039604,0.023348117089695582,
2025-09-15 10:41:35,MUON_lr0.001_m0.99,MUON,2,shakespeare_char,60,train_iter,3.3610353469848633,0.000603960396039604,0.02420240739207998,2190.8023357391357
2025-09-15 10:41:39,MUON_lr0.001_m0.99,MUON,2,shakespeare_char,70,train_eval,3.090139389038086,0.000702970297029703,0.02420240739207998,
2025-09-15 10:41:39,MUON_lr0.001_m0.99,MUON,2,shakespeare_char,70,val_eval,3.1142566204071045,0.000702970297029703,0.02420240739207998,
2025-09-15 10:41:40,MUON_lr0.001_m0.99,MUON,2,shakespeare_char,70,train_iter,3.211232900619507,0.000702970297029703,0.023246315705212867,4771.844863891602
2025-09-15 10:41:45,MUON_lr0.001_m0.99,MUON,2,shakespeare_char,80,train_eval,2.9840798377990723,0.000801980198019802,0.023246315705212867,
2025-09-15 10:41:45,MUON_lr0.001_m0.99,MUON,2,shakespeare_char,80,val_eval,2.999671220779419,0.000801980198019802,0.023246315705212867,
2025-09-15 10:41:46,MUON_lr0.001_m0.99,MUON,2,shakespeare_char,80,train_iter,3.0768184661865234,0.000801980198019802,0.022342553074799383,4917.196750640869
2025-09-15 10:41:50,MUON_lr0.001_m0.99,MUON,2,shakespeare_char,90,train_eval,2.8863725662231445,0.0009009900990099009,0.022342553074799383,
2025-09-15 10:41:50,MUON_lr0.001_m0.99,MUON,2,shakespeare_char,90,val_eval,2.900710105895996,0.0009009900990099009,0.022342553074799383,
2025-09-15 10:41:51,MUON_lr0.001_m0.99,MUON,2,shakespeare_char,90,train_iter,2.9599080085754395,0.0009009900990099009,0.021657396785288215,4510.164976119995
2025-09-15 10:41:56,MUON_lr0.001_m0.99,MUON,2,shakespeare_char,100,train_eval,2.7991974353790283,0.001,0.021657396785288215,
2025-09-15 10:41:56,MUON_lr0.001_m0.99,MUON,2,shakespeare_char,100,val_eval,2.820843458175659,0.001,0.021657396785288215,
2025-09-15 10:43:57,SGD_lr0.0003_m0.95,SGD,2,shakespeare_char,200,train_iter,2.6883397102355957,0.0009990754267376514,0.02097079992963343,408015.94161987305
2025-09-15 10:44:27,SGD_lr0.001_m0.0,SGD,2,shakespeare_char,0,train_eval,4.270771503448486,9.900990099009901e-06,,
2025-09-15 10:44:27,SGD_lr0.001_m0.0,SGD,2,shakespeare_char,0,val_eval,4.269772529602051,9.900990099009901e-06,,
2025-09-15 10:45:28,MUON_lr0.0003_m0.95,MUON,2,shakespeare_char,0,train_iter,4.265802383422852,9.900990099009901e-06,,428797.59073257446
2025-09-15 10:45:31,MUON_lr0.0003_m0.95,MUON,2,shakespeare_char,10,train_eval,4.213225841522217,0.0001089108910891089,,
2025-09-15 10:45:31,MUON_lr0.0003_m0.95,MUON,2,shakespeare_char,10,val_eval,4.214197158813477,0.0001089108910891089,,
2025-09-15 10:45:32,MUON_lr0.0003_m0.95,MUON,2,shakespeare_char,10,train_iter,4.225978851318359,0.0001089108910891089,0.01693981272191199,4124.421119689941
2025-09-15 10:45:36,MUON_lr0.0003_m0.95,MUON,2,shakespeare_char,20,train_eval,4.05626106262207,0.00020792079207920794,0.01693981272191199,
2025-09-15 10:45:36,MUON_lr0.0003_m0.95,MUON,2,shakespeare_char,20,val_eval,4.05817174911499,0.00020792079207920794,0.01693981272191199,
2025-09-15 10:45:37,MUON_lr0.0003_m0.95,MUON,2,shakespeare_char,20,train_iter,4.116024971008301,0.00020792079207920794,0.017405457452377718,3235.139846801758
2025-09-15 10:45:41,MUON_lr0.0003_m0.95,MUON,2,shakespeare_char,30,train_eval,3.8301842212677,0.00030693069306930693,0.017405457452377718,
2025-09-15 10:45:41,MUON_lr0.0003_m0.95,MUON,2,shakespeare_char,30,val_eval,3.836479902267456,0.00030693069306930693,0.017405457452377718,
2025-09-15 10:45:42,MUON_lr0.0003_m0.95,MUON,2,shakespeare_char,30,train_iter,3.9464807510375977,0.00030693069306930693,0.017236359724514292,4446.021795272827
2025-09-15 10:45:42,MUON_lr0.01_m0.95,MUON,2,shakespeare_char,200,train_iter,2.595309257507324,0.0009990754267376514,0.022892588658777184,432790.89999198914
2025-09-15 10:45:45,MUON_lr0.0003_m0.95,MUON,2,shakespeare_char,40,train_eval,3.5905590057373047,0.000405940594059406,0.017236359724514292,
2025-09-15 10:45:45,MUON_lr0.0003_m0.95,MUON,2,shakespeare_char,40,val_eval,3.601158380508423,0.000405940594059406,0.017236359724514292,
2025-09-15 10:45:46,MUON_lr0.0003_m0.95,MUON,2,shakespeare_char,40,train_iter,3.7232329845428467,0.000405940594059406,0.017419255549617686,3664.6082401275635
2025-09-15 10:45:48,MUON_lr0.0003_m0.95,MUON,2,shakespeare_char,50,train_eval,3.3811190128326416,0.000504950495049505,0.017419255549617686,
2025-09-15 10:45:48,MUON_lr0.0003_m0.95,MUON,2,shakespeare_char,50,val_eval,3.3987457752227783,0.000504950495049505,0.017419255549617686,
2025-09-15 10:45:49,MUON_lr0.0003_m0.95,MUON,2,shakespeare_char,50,train_iter,3.5227389335632324,0.000504950495049505,0.018649700928313962,2350.5451679229736
2025-09-15 10:45:51,MUON_lr0.0003_m0.95,MUON,2,shakespeare_char,60,train_eval,3.1995325088500977,0.000603960396039604,0.018649700928313962,
2025-09-15 10:45:51,MUON_lr0.0003_m0.95,MUON,2,shakespeare_char,60,val_eval,3.2222490310668945,0.000603960396039604,0.018649700928313962,
2025-09-15 10:45:52,MUON_lr0.0003_m0.95,MUON,2,shakespeare_char,60,train_iter,3.3433825969696045,0.000603960396039604,0.019674209903567632,2417.9763793945312
2025-09-15 10:45:53,MUON_lr0.0003_m0.95,MUON,2,shakespeare_char,70,train_eval,3.04996395111084,0.000702970297029703,0.019674209903567632,
2025-09-15 10:45:53,MUON_lr0.0003_m0.95,MUON,2,shakespeare_char,70,val_eval,3.07425594329834,0.000702970297029703,0.019674209903567632,
2025-09-15 10:45:54,MUON_lr0.0003_m0.95,MUON,2,shakespeare_char,70,train_iter,3.1800811290740967,0.000702970297029703,0.02126440794755921,1963.867425918579
2025-09-15 10:45:56,MUON_lr0.0003_m0.95,MUON,2,shakespeare_char,80,train_eval,2.921409845352173,0.000801980198019802,0.02126440794755921,
2025-09-15 10:45:56,MUON_lr0.0003_m0.95,MUON,2,shakespeare_char,80,val_eval,2.935565233230591,0.000801980198019802,0.02126440794755921,
2025-09-15 10:45:57,MUON_lr0.0003_m0.95,MUON,2,shakespeare_char,80,train_iter,3.027466297149658,0.000801980198019802,0.02172873004324254,2696.770191192627
2025-09-15 10:46:00,MUON_lr0.0003_m0.95,MUON,2,shakespeare_char,90,train_eval,2.813844919204712,0.0009009900990099009,0.02172873004324254,
2025-09-15 10:46:00,MUON_lr0.0003_m0.95,MUON,2,shakespeare_char,90,val_eval,2.826505422592163,0.0009009900990099009,0.02172873004324254,
2025-09-15 10:46:01,MUON_lr0.0003_m0.95,MUON,2,shakespeare_char,90,train_iter,2.897369384765625,0.0009009900990099009,0.021376094064150093,3838.3419513702393
2025-09-15 10:46:04,MUON_lr0.0003_m0.95,MUON,2,shakespeare_char,100,train_eval,2.7361228466033936,0.001,0.021376094064150093,
2025-09-15 10:46:04,MUON_lr0.0003_m0.95,MUON,2,shakespeare_char,100,val_eval,2.761214017868042,0.001,0.021376094064150093,
2025-09-15 10:46:06,MUON_lr0.01_m0.99,MUON,2,shakespeare_char,0,train_eval,4.270771503448486,9.900990099009901e-06,,
2025-09-15 10:46:06,MUON_lr0.01_m0.99,MUON,2,shakespeare_char,0,val_eval,4.269772529602051,9.900990099009901e-06,,
2025-09-15 10:46:42,SGD_lr0.0003_m0.9,SGD,2,shakespeare_char,100,train_iter,3.194836378097534,0.001,0.0344064378901321,368753.86595726013
2025-09-15 10:46:43,SGD_lr0.0003_m0.9,SGD,2,shakespeare_char,110,train_eval,3.054351568222046,0.0009999907511312647,0.0344064378901321,
2025-09-15 10:46:43,SGD_lr0.0003_m0.9,SGD,2,shakespeare_char,110,val_eval,3.0859177112579346,0.0009999907511312647,0.0344064378901321,
2025-09-15 10:46:44,SGD_lr0.0003_m0.9,SGD,2,shakespeare_char,110,train_iter,3.1925883293151855,0.0009999907511312647,0.03436418653499941,2055.8815002441406
2025-09-15 10:46:45,SGD_lr0.0003_m0.9,SGD,2,shakespeare_char,120,train_eval,2.9945242404937744,0.0009999630049052437,0.03436418653499941,
2025-09-15 10:46:45,SGD_lr0.0003_m0.9,SGD,2,shakespeare_char,120,val_eval,3.0203018188476562,0.0009999630049052437,0.03436418653499941,
2025-09-15 10:46:46,SGD_lr0.0003_m0.9,SGD,2,shakespeare_char,120,train_iter,3.0375609397888184,0.0009999630049052437,0.0355902507211881,1498.4917640686035
2025-09-15 10:46:47,SGD_lr0.0003_m0.9,SGD,2,shakespeare_char,130,train_eval,2.930504560470581,0.0009999167624624755,0.0355902507211881,
2025-09-15 10:46:47,SGD_lr0.0003_m0.9,SGD,2,shakespeare_char,130,val_eval,2.9576568603515625,0.0009999167624624755,0.0355902507211881,
2025-09-15 10:46:47,SGD_lr0.0003_m0.9,SGD,2,shakespeare_char,130,train_iter,3.05338191986084,0.0009999167624624755,0.038300785353286355,1114.3832206726074
2025-09-15 10:46:49,SGD_lr0.0003_m0.9,SGD,2,shakespeare_char,140,train_eval,2.881002902984619,0.000999852025703806,0.038300785353286355,
2025-09-15 10:46:49,SGD_lr0.0003_m0.9,SGD,2,shakespeare_char,140,val_eval,2.9039244651794434,0.000999852025703806,0.038300785353286355,
2025-09-15 10:46:49,SGD_lr0.0003_m0.9,SGD,2,shakespeare_char,140,train_iter,2.948956251144409,0.000999852025703806,0.037712276742628545,2155.3421020507812
2025-09-15 10:46:51,SGD_lr0.0003_m0.9,SGD,2,shakespeare_char,150,train_eval,2.848116159439087,0.0009997687972903096,0.037712276742628545,
2025-09-15 10:46:51,SGD_lr0.0003_m0.9,SGD,2,shakespeare_char,150,val_eval,2.867938756942749,0.0009997687972903096,0.037712276742628545,
2025-09-15 10:46:51,SGD_lr0.0003_m0.9,SGD,2,shakespeare_char,150,train_iter,2.9073474407196045,0.0009997687972903096,0.03749823668279951,1964.1056060791016
2025-09-15 10:46:53,SGD_lr0.0003_m0.95,SGD,2,shakespeare_char,200,train_iter,2.688436985015869,0.0009990754267376514,0.020972772375755542,429792.39416122437
2025-09-15 10:46:54,SGD_lr0.0003_m0.9,SGD,2,shakespeare_char,160,train_eval,2.8083972930908203,0.0009996670806431804,0.03749823668279951,
2025-09-15 10:46:54,SGD_lr0.0003_m0.9,SGD,2,shakespeare_char,160,val_eval,2.8349204063415527,0.0009996670806431804,0.03749823668279951,
2025-09-15 10:46:54,SGD_lr0.0003_m0.9,SGD,2,shakespeare_char,160,train_iter,2.8477272987365723,0.0009996670806431804,0.036256231316196895,2785.964250564575
2025-09-15 10:46:56,SGD_lr0.0003_m0.9,SGD,2,shakespeare_char,170,train_eval,2.788167715072632,0.0009995468799435915,0.036256231316196895,
2025-09-15 10:46:56,SGD_lr0.0003_m0.9,SGD,2,shakespeare_char,170,val_eval,2.8083014488220215,0.0009995468799435915,0.036256231316196895,
2025-09-15 10:46:56,SGD_lr0.0003_m0.9,SGD,2,shakespeare_char,170,train_iter,2.791402816772461,0.0009995468799435915,0.035608849868828216,2345.911741256714
2025-09-15 10:46:59,SGD_lr0.0003_m0.9,SGD,2,shakespeare_char,180,train_eval,2.751802444458008,0.000999408200132523,0.035608849868828216,
2025-09-15 10:46:59,SGD_lr0.0003_m0.9,SGD,2,shakespeare_char,180,val_eval,2.7732744216918945,0.000999408200132523,0.035608849868828216,
2025-09-15 10:46:59,SGD_lr0.0003_m0.9,SGD,2,shakespeare_char,180,train_iter,2.850023031234741,0.000999408200132523,0.034581360434580724,2757.8370571136475
2025-09-15 10:47:01,SGD_lr0.0003_m0.9,SGD,2,shakespeare_char,190,train_eval,2.737922430038452,0.0009992510469105584,0.034581360434580724,
2025-09-15 10:47:01,SGD_lr0.0003_m0.9,SGD,2,shakespeare_char,190,val_eval,2.7586312294006348,0.0009992510469105584,0.034581360434580724,
2025-09-15 10:47:02,SGD_lr0.0003_m0.9,SGD,2,shakespeare_char,190,train_iter,2.8131136894226074,0.0009992510469105584,0.03436465268509489,2155.4362773895264
2025-09-15 10:47:04,SGD_lr0.0003_m0.9,SGD,2,shakespeare_char,200,train_eval,2.7179903984069824,0.0009990754267376514,0.03436465268509489,
2025-09-15 10:47:04,SGD_lr0.0003_m0.9,SGD,2,shakespeare_char,200,val_eval,2.7275121212005615,0.0009990754267376514,0.03436465268509489,
2025-09-15 10:47:18,SGD_lr0.001_m0.0,SGD,2,shakespeare_char,0,train_eval,4.270771503448486,9.900990099009901e-06,,
2025-09-15 10:47:18,SGD_lr0.001_m0.0,SGD,2,shakespeare_char,0,val_eval,4.269772529602051,9.900990099009901e-06,,
2025-09-15 10:48:35,MUON_lr0.001_m0.99,MUON,2,shakespeare_char,100,train_iter,2.8557915687561035,0.001,0.01950897654516597,403401.77154541016
2025-09-15 10:48:38,MUON_lr0.001_m0.99,MUON,2,shakespeare_char,110,train_eval,2.7349023818969727,0.0009999907511312647,0.01950897654516597,
2025-09-15 10:48:38,MUON_lr0.001_m0.99,MUON,2,shakespeare_char,110,val_eval,2.7565016746520996,0.0009999907511312647,0.01950897654516597,
2025-09-15 10:48:39,MUON_lr0.001_m0.99,MUON,2,shakespeare_char,110,train_iter,2.823662519454956,0.0009999907511312647,0.01979301674984751,3126.1236667633057
2025-09-15 10:48:42,MUON_lr0.001_m0.99,MUON,2,shakespeare_char,120,train_eval,2.6946473121643066,0.0009999630049052437,0.01979301674984751,
2025-09-15 10:48:42,MUON_lr0.001_m0.99,MUON,2,shakespeare_char,120,val_eval,2.7145636081695557,0.0009999630049052437,0.01979301674984751,
2025-09-15 10:48:43,MUON_lr0.001_m0.99,MUON,2,shakespeare_char,120,train_iter,2.7477681636810303,0.0009999630049052437,0.01964673207288841,3811.5806579589844
2025-09-15 10:48:46,MUON_lr0.001_m0.99,MUON,2,shakespeare_char,130,train_eval,2.6497528553009033,0.0009999167624624755,0.01964673207288841,
2025-09-15 10:48:46,MUON_lr0.001_m0.99,MUON,2,shakespeare_char,130,val_eval,2.6775577068328857,0.0009999167624624755,0.01964673207288841,
2025-09-15 10:48:47,MUON_lr0.001_m0.99,MUON,2,shakespeare_char,130,train_iter,2.736523151397705,0.0009999167624624755,0.01975069871756973,3377.4328231811523
2025-09-15 10:48:48,MUON_lr0.001_m0.99,MUON,2,shakespeare_char,140,train_eval,2.622420072555542,0.000999852025703806,0.01975069871756973,
2025-09-15 10:48:48,MUON_lr0.001_m0.99,MUON,2,shakespeare_char,140,val_eval,2.6437854766845703,0.000999852025703806,0.01975069871756973,
2025-09-15 10:48:50,MUON_lr0.001_m0.99,MUON,2,shakespeare_char,140,train_iter,2.6601290702819824,0.000999852025703806,0.020733989211373163,2361.6771697998047
2025-09-15 10:48:53,MUON_lr0.001_m0.99,MUON,2,shakespeare_char,150,train_eval,2.5996198654174805,0.0009997687972903096,0.020733989211373163,
2025-09-15 10:48:53,MUON_lr0.001_m0.99,MUON,2,shakespeare_char,150,val_eval,2.6155099868774414,0.0009997687972903096,0.020733989211373163,
2025-09-15 10:48:53,MUON_lr0.001_m0.99,MUON,2,shakespeare_char,150,train_iter,2.624629020690918,0.0009997687972903096,0.020754699788634787,3336.3547325134277
2025-09-15 10:48:55,MUON_lr0.001_m0.99,MUON,2,shakespeare_char,160,train_eval,2.5793979167938232,0.0009996670806431804,0.020754699788634787,
2025-09-15 10:48:55,MUON_lr0.001_m0.99,MUON,2,shakespeare_char,160,val_eval,2.598574161529541,0.0009996670806431804,0.020754699788634787,
2025-09-15 10:48:56,MUON_lr0.001_m0.99,MUON,2,shakespeare_char,160,train_iter,2.589339256286621,0.0009996670806431804,0.022727389856028513,1725.893259048462
2025-09-15 10:48:58,MUON_lr0.001_m0.99,MUON,2,shakespeare_char,170,train_eval,2.5649337768554688,0.0009995468799435915,0.022727389856028513,
2025-09-15 10:48:58,MUON_lr0.001_m0.99,MUON,2,shakespeare_char,170,val_eval,2.581174850463867,0.0009995468799435915,0.022727389856028513,
2025-09-15 10:48:59,MUON_lr0.001_m0.99,MUON,2,shakespeare_char,170,train_iter,2.5884740352630615,0.0009995468799435915,0.022696009258883754,3117.168664932251
2025-09-15 10:49:02,MUON_lr0.001_m0.99,MUON,2,shakespeare_char,180,train_eval,2.55008602142334,0.000999408200132523,0.022696009258883754,
2025-09-15 10:49:02,MUON_lr0.001_m0.99,MUON,2,shakespeare_char,180,val_eval,2.57119083404541,0.000999408200132523,0.022696009258883754,
2025-09-15 10:49:03,MUON_lr0.001_m0.99,MUON,2,shakespeare_char,180,train_iter,2.60585880279541,0.000999408200132523,0.022807792868658534,2933.878183364868
2025-09-15 10:49:04,MUON_lr0.001_m0.99,MUON,2,shakespeare_char,190,train_eval,2.543722152709961,0.0009992510469105584,0.022807792868658534,
2025-09-15 10:49:04,MUON_lr0.001_m0.99,MUON,2,shakespeare_char,190,val_eval,2.564225435256958,0.0009992510469105584,0.022807792868658534,
2025-09-15 10:49:05,MUON_lr0.001_m0.99,MUON,2,shakespeare_char,190,train_iter,2.5969977378845215,0.0009992510469105584,0.02443708851879199,1786.8435382843018
2025-09-15 10:49:08,MUON_lr0.001_m0.99,MUON,2,shakespeare_char,200,train_eval,2.53243088722229,0.0009990754267376514,0.02443708851879199,
2025-09-15 10:49:08,MUON_lr0.001_m0.99,MUON,2,shakespeare_char,200,val_eval,2.547360420227051,0.0009990754267376514,0.02443708851879199,
2025-09-15 10:50:21,SGD_lr0.001_m0.0,SGD,2,shakespeare_char,0,train_iter,4.265802383422852,9.900990099009901e-06,,362597.25427627563
2025-09-15 10:50:23,SGD_lr0.001_m0.0,SGD,2,shakespeare_char,10,train_eval,4.263160228729248,0.0001089108910891089,,
2025-09-15 10:50:23,SGD_lr0.001_m0.0,SGD,2,shakespeare_char,10,val_eval,4.263652801513672,0.0001089108910891089,,
2025-09-15 10:50:23,SGD_lr0.001_m0.0,SGD,2,shakespeare_char,10,train_iter,4.260556221008301,0.0001089108910891089,0.031184150619438144,2240.4625415802
2025-09-15 10:50:25,SGD_lr0.001_m0.0,SGD,2,shakespeare_char,20,train_eval,4.243582725524902,0.00020792079207920794,0.031184150619438144,
2025-09-15 10:50:25,SGD_lr0.001_m0.0,SGD,2,shakespeare_char,20,val_eval,4.243231296539307,0.00020792079207920794,0.031184150619438144,
2025-09-15 10:50:25,SGD_lr0.001_m0.0,SGD,2,shakespeare_char,20,train_iter,4.246522426605225,0.00020792079207920794,0.03361434421095465,1259.1791152954102
2025-09-15 10:50:27,SGD_lr0.001_m0.0,SGD,2,shakespeare_char,30,train_eval,4.2120890617370605,0.00030693069306930693,0.03361434421095465,
2025-09-15 10:50:27,SGD_lr0.001_m0.0,SGD,2,shakespeare_char,30,val_eval,4.212050914764404,0.00030693069306930693,0.03361434421095465,
2025-09-15 10:50:27,SGD_lr0.001_m0.0,SGD,2,shakespeare_char,30,train_iter,4.23060417175293,0.00030693069306930693,0.03366891827456031,2045.2795028686523
2025-09-15 10:50:29,SGD_lr0.001_m0.0,SGD,2,shakespeare_char,40,train_eval,4.168075084686279,0.000405940594059406,0.03366891827456031,
2025-09-15 10:50:29,SGD_lr0.001_m0.0,SGD,2,shakespeare_char,40,val_eval,4.1704487800598145,0.000405940594059406,0.03366891827456031,
2025-09-15 10:50:29,SGD_lr0.001_m0.0,SGD,2,shakespeare_char,40,train_iter,4.190267086029053,0.000405940594059406,0.033735793121736454,2034.7020626068115
2025-09-15 10:50:32,SGD_lr0.001_m0.0,SGD,2,shakespeare_char,50,train_eval,4.116248607635498,0.000504950495049505,0.033735793121736454,
2025-09-15 10:50:32,SGD_lr0.001_m0.0,SGD,2,shakespeare_char,50,val_eval,4.1193671226501465,0.000504950495049505,0.033735793121736454,
2025-09-15 10:50:32,SGD_lr0.001_m0.0,SGD,2,shakespeare_char,50,train_iter,4.153225898742676,0.000504950495049505,0.032889210824024094,2764.820098876953
2025-09-15 10:50:33,SGD_lr0.001_m0.0,SGD,2,shakespeare_char,60,train_eval,4.053561210632324,0.000603960396039604,0.032889210824024094,
2025-09-15 10:50:33,SGD_lr0.001_m0.0,SGD,2,shakespeare_char,60,val_eval,4.059863090515137,0.000603960396039604,0.032889210824024094,
2025-09-15 10:50:33,SGD_lr0.001_m0.0,SGD,2,shakespeare_char,60,train_iter,4.119287014007568,0.000603960396039604,0.03479354630112433,1345.339298248291
2025-09-15 10:50:36,SGD_lr0.001_m0.0,SGD,2,shakespeare_char,70,train_eval,3.985344648361206,0.000702970297029703,0.03479354630112433,
2025-09-15 10:50:36,SGD_lr0.001_m0.0,SGD,2,shakespeare_char,70,val_eval,3.995126247406006,0.000702970297029703,0.03479354630112433,
2025-09-15 10:50:36,SGD_lr0.001_m0.0,SGD,2,shakespeare_char,70,train_iter,4.0659499168396,0.000702970297029703,0.03420989172162605,2412.7817153930664
2025-09-15 10:50:39,SGD_lr0.001_m0.0,SGD,2,shakespeare_char,80,train_eval,3.917808771133423,0.000801980198019802,0.03420989172162605,
2025-09-15 10:50:39,SGD_lr0.001_m0.0,SGD,2,shakespeare_char,80,val_eval,3.9252264499664307,0.000801980198019802,0.03420989172162605,
2025-09-15 10:50:40,SGD_lr0.001_m0.0,SGD,2,shakespeare_char,80,train_iter,4.004566192626953,0.000801980198019802,0.032674745445190854,3704.8113346099854
2025-09-15 10:50:42,SGD_lr0.001_m0.0,SGD,2,shakespeare_char,90,train_eval,3.8489553928375244,0.0009009900990099009,0.032674745445190854,
2025-09-15 10:50:42,SGD_lr0.001_m0.0,SGD,2,shakespeare_char,90,val_eval,3.8596277236938477,0.0009009900990099009,0.032674745445190854,
2025-09-15 10:50:42,SGD_lr0.001_m0.0,SGD,2,shakespeare_char,90,train_iter,3.9243178367614746,0.0009009900990099009,0.03204973210483213,2644.0093517303467
2025-09-15 10:50:45,SGD_lr0.001_m0.0,SGD,2,shakespeare_char,100,train_eval,3.782799482345581,0.001,0.03204973210483213,
2025-09-15 10:50:45,SGD_lr0.001_m0.0,SGD,2,shakespeare_char,100,val_eval,3.796173095703125,0.001,0.03204973210483213,
2025-09-15 10:52:27,MUON_lr0.0003_m0.95,MUON,2,shakespeare_char,100,train_iter,2.7841622829437256,0.001,0.0192566464059439,384692.7099227905
2025-09-15 10:52:30,MUON_lr0.0003_m0.95,MUON,2,shakespeare_char,110,train_eval,2.6789557933807373,0.0009999907511312647,0.0192566464059439,
2025-09-15 10:52:30,MUON_lr0.0003_m0.95,MUON,2,shakespeare_char,110,val_eval,2.6985373497009277,0.0009999907511312647,0.0192566464059439,
2025-09-15 10:52:31,MUON_lr0.0003_m0.95,MUON,2,shakespeare_char,110,train_iter,2.763232707977295,0.0009999907511312647,0.019436878621493302,3317.6801204681396
2025-09-15 10:52:34,MUON_lr0.0003_m0.95,MUON,2,shakespeare_char,120,train_eval,2.6431984901428223,0.0009999630049052437,0.019436878621493302,
2025-09-15 10:52:34,MUON_lr0.0003_m0.95,MUON,2,shakespeare_char,120,val_eval,2.6571316719055176,0.0009999630049052437,0.019436878621493302,
2025-09-15 10:52:35,MUON_lr0.0003_m0.95,MUON,2,shakespeare_char,120,train_iter,2.700070381164551,0.0009999630049052437,0.019486670710281116,3504.7717094421387
2025-09-15 10:52:38,MUON_lr0.0003_m0.95,MUON,2,shakespeare_char,130,train_eval,2.6091091632843018,0.0009999167624624755,0.019486670710281116,
2025-09-15 10:52:38,MUON_lr0.0003_m0.95,MUON,2,shakespeare_char,130,val_eval,2.6334710121154785,0.0009999167624624755,0.019486670710281116,
2025-09-15 10:52:39,MUON_lr0.0003_m0.95,MUON,2,shakespeare_char,130,train_iter,2.6978416442871094,0.0009999167624624755,0.019686121539518778,3252.471446990967
2025-09-15 10:52:43,MUON_lr0.0003_m0.95,MUON,2,shakespeare_char,140,train_eval,2.5888123512268066,0.000999852025703806,0.019686121539518778,
2025-09-15 10:52:43,MUON_lr0.0003_m0.95,MUON,2,shakespeare_char,140,val_eval,2.6032867431640625,0.000999852025703806,0.019686121539518778,
2025-09-15 10:52:44,MUON_lr0.0003_m0.95,MUON,2,shakespeare_char,140,train_iter,2.6352572441101074,0.000999852025703806,0.01908584006506598,5105.99684715271
2025-09-15 10:52:48,MUON_lr0.0003_m0.95,MUON,2,shakespeare_char,150,train_eval,2.5762219429016113,0.0009997687972903096,0.01908584006506598,
2025-09-15 10:52:48,MUON_lr0.0003_m0.95,MUON,2,shakespeare_char,150,val_eval,2.588669538497925,0.0009997687972903096,0.01908584006506598,
2025-09-15 10:52:49,MUON_lr0.0003_m0.95,MUON,2,shakespeare_char,150,train_iter,2.5926034450531006,0.0009997687972903096,0.018761351633594048,4410.524368286133
2025-09-15 10:52:54,MUON_lr0.0003_m0.95,MUON,2,shakespeare_char,160,train_eval,2.5606908798217773,0.0009996670806431804,0.018761351633594048,
2025-09-15 10:52:54,MUON_lr0.0003_m0.95,MUON,2,shakespeare_char,160,val_eval,2.5794458389282227,0.0009996670806431804,0.018761351633594048,
2025-09-15 10:52:56,MUON_lr0.0003_m0.95,MUON,2,shakespeare_char,160,train_iter,2.5699048042297363,0.0009996670806431804,0.0181679065001748,5446.906089782715
2025-09-15 10:53:02,MUON_lr0.0003_m0.95,MUON,2,shakespeare_char,170,train_eval,2.5481138229370117,0.0009995468799435915,0.0181679065001748,
2025-09-15 10:53:02,MUON_lr0.0003_m0.95,MUON,2,shakespeare_char,170,val_eval,2.563824415206909,0.0009995468799435915,0.0181679065001748,
2025-09-15 10:53:03,MUON_lr0.0003_m0.95,MUON,2,shakespeare_char,170,train_iter,2.568267345428467,0.0009995468799435915,0.017497559292791107,6094.231843948364
2025-09-15 10:53:07,MUON_lr0.0003_m0.95,MUON,2,shakespeare_char,180,train_eval,2.5353293418884277,0.000999408200132523,0.017497559292791107,
2025-09-15 10:53:07,MUON_lr0.0003_m0.95,MUON,2,shakespeare_char,180,val_eval,2.558253526687622,0.000999408200132523,0.017497559292791107,
2025-09-15 10:53:08,MUON_lr0.0003_m0.95,MUON,2,shakespeare_char,180,train_iter,2.590454578399658,0.000999408200132523,0.017326551495366032,4425.463438034058
2025-09-15 10:53:09,MUON_lr0.01_m0.99,MUON,2,shakespeare_char,0,train_iter,4.265802383422852,9.900990099009901e-06,,430847.28169441223
2025-09-15 10:53:11,MUON_lr0.01_m0.99,MUON,2,shakespeare_char,10,train_eval,4.2133402824401855,0.0001089108910891089,,
2025-09-15 10:53:11,MUON_lr0.01_m0.99,MUON,2,shakespeare_char,10,val_eval,4.214313507080078,0.0001089108910891089,,
2025-09-15 10:53:12,MUON_lr0.0003_m0.95,MUON,2,shakespeare_char,190,train_eval,2.5303878784179688,0.0009992510469105584,0.017326551495366032,
2025-09-15 10:53:12,MUON_lr0.0003_m0.95,MUON,2,shakespeare_char,190,val_eval,2.551680564880371,0.0009992510469105584,0.017326551495366032,
2025-09-15 10:53:12,MUON_lr0.01_m0.99,MUON,2,shakespeare_char,10,train_iter,4.226056098937988,0.0001089108910891089,0.025813690598233012,2706.5839767456055
2025-09-15 10:53:13,MUON_lr0.0003_m0.95,MUON,2,shakespeare_char,190,train_iter,2.5815532207489014,0.0009992510469105584,0.017117921817453068,4584.367036819458
2025-09-15 10:53:14,SGD_lr0.0003_m0.9,SGD,2,shakespeare_char,200,train_iter,2.7797703742980957,0.0009990754267376514,0.030946952248392015,372329.0572166443
2025-09-15 10:53:16,MUON_lr0.01_m0.99,MUON,2,shakespeare_char,20,train_eval,4.055604934692383,0.00020792079207920794,0.025813690598233012,
2025-09-15 10:53:16,MUON_lr0.01_m0.99,MUON,2,shakespeare_char,20,val_eval,4.057512283325195,0.00020792079207920794,0.025813690598233012,
2025-09-15 10:53:16,MUON_lr0.0003_m0.95,MUON,2,shakespeare_char,200,train_eval,2.5216031074523926,0.0009990754267376514,0.017117921817453068,
2025-09-15 10:53:16,MUON_lr0.0003_m0.95,MUON,2,shakespeare_char,200,val_eval,2.5414161682128906,0.0009990754267376514,0.017117921817453068,
2025-09-15 10:53:17,MUON_lr0.01_m0.99,MUON,2,shakespeare_char,20,train_iter,4.115417957305908,0.00020792079207920794,0.025121328398957456,3698.606014251709
2025-09-15 10:53:19,MUON_lr0.01_m0.99,MUON,2,shakespeare_char,30,train_eval,3.8299341201782227,0.00030693069306930693,0.025121328398957456,
2025-09-15 10:53:19,MUON_lr0.01_m0.99,MUON,2,shakespeare_char,30,val_eval,3.8362152576446533,0.00030693069306930693,0.025121328398957456,
2025-09-15 10:53:19,MUON_lr0.01_m0.99,MUON,2,shakespeare_char,30,train_iter,3.9460697174072266,0.00030693069306930693,0.02567449554400025,2279.284954071045
2025-09-15 10:53:21,MUON_lr0.01_m0.99,MUON,2,shakespeare_char,40,train_eval,3.59346866607666,0.000405940594059406,0.02567449554400025,
2025-09-15 10:53:21,MUON_lr0.01_m0.99,MUON,2,shakespeare_char,40,val_eval,3.6039199829101562,0.000405940594059406,0.02567449554400025,
2025-09-15 10:53:22,MUON_lr0.01_m0.99,MUON,2,shakespeare_char,40,train_iter,3.7251052856445312,0.000405940594059406,0.025675184614525927,2720.5276489257812
2025-09-15 10:53:24,MUON_lr0.01_m0.99,MUON,2,shakespeare_char,50,train_eval,3.389805793762207,0.000504950495049505,0.025675184614525927,
2025-09-15 10:53:24,MUON_lr0.01_m0.99,MUON,2,shakespeare_char,50,val_eval,3.4068334102630615,0.000504950495049505,0.025675184614525927,
2025-09-15 10:53:25,MUON_lr0.01_m0.99,MUON,2,shakespeare_char,50,train_iter,3.5304622650146484,0.000504950495049505,0.0258448041061291,2552.55389213562
2025-09-15 10:53:28,MUON_lr0.01_m0.99,MUON,2,shakespeare_char,60,train_eval,3.221205711364746,0.000603960396039604,0.0258448041061291,
2025-09-15 10:53:28,MUON_lr0.01_m0.99,MUON,2,shakespeare_char,60,val_eval,3.2430930137634277,0.000603960396039604,0.0258448041061291,
2025-09-15 10:53:29,MUON_lr0.01_m0.99,MUON,2,shakespeare_char,60,train_iter,3.36116099357605,0.000603960396039604,0.02573585320309533,2822.3021030426025
2025-09-15 10:53:29,SGD_lr0.0003_m0.95,SGD,2,shakespeare_char,0,train_eval,4.270771503448486,9.900990099009901e-06,,
2025-09-15 10:53:29,SGD_lr0.0003_m0.95,SGD,2,shakespeare_char,0,val_eval,4.269772529602051,9.900990099009901e-06,,
2025-09-15 10:53:31,MUON_lr0.01_m0.99,MUON,2,shakespeare_char,70,train_eval,3.090236186981201,0.000702970297029703,0.02573585320309533,
2025-09-15 10:53:31,MUON_lr0.01_m0.99,MUON,2,shakespeare_char,70,val_eval,3.114349126815796,0.000702970297029703,0.02573585320309533,
2025-09-15 10:53:32,MUON_lr0.01_m0.99,MUON,2,shakespeare_char,70,train_iter,3.2113113403320312,0.000702970297029703,0.02554646236165821,2930.420398712158
2025-09-15 10:53:35,MUON_lr0.01_m0.99,MUON,2,shakespeare_char,80,train_eval,2.9840762615203857,0.000801980198019802,0.02554646236165821,
2025-09-15 10:53:35,MUON_lr0.01_m0.99,MUON,2,shakespeare_char,80,val_eval,2.999664306640625,0.000801980198019802,0.02554646236165821,
2025-09-15 10:53:35,MUON_lr0.01_m0.99,MUON,2,shakespeare_char,80,train_iter,3.0768141746520996,0.000801980198019802,0.025577432961171077,2702.1374702453613
2025-09-15 10:53:38,MUON_lr0.01_m0.99,MUON,2,shakespeare_char,90,train_eval,2.8863725662231445,0.0009009900990099009,0.025577432961171077,
2025-09-15 10:53:38,MUON_lr0.01_m0.99,MUON,2,shakespeare_char,90,val_eval,2.9006834030151367,0.0009009900990099009,0.025577432961171077,
2025-09-15 10:53:39,MUON_lr0.01_m0.99,MUON,2,shakespeare_char,90,train_iter,2.959973096847534,0.0009009900990099009,0.025508673562441058,2807.0459365844727
2025-09-15 10:53:41,MUON_lr0.01_m0.99,MUON,2,shakespeare_char,100,train_eval,2.799231767654419,0.001,0.025508673562441058,
2025-09-15 10:53:41,MUON_lr0.01_m0.99,MUON,2,shakespeare_char,100,val_eval,2.8208696842193604,0.001,0.025508673562441058,
2025-09-15 10:54:18,SGD_lr0.001_m0.0,SGD,2,shakespeare_char,0,train_iter,4.265802383422852,9.900990099009901e-06,,425093.55783462524
2025-09-15 10:54:20,SGD_lr0.001_m0.0,SGD,2,shakespeare_char,10,train_eval,4.263160228729248,0.0001089108910891089,,
2025-09-15 10:54:20,SGD_lr0.001_m0.0,SGD,2,shakespeare_char,10,val_eval,4.263652801513672,0.0001089108910891089,,
2025-09-15 10:54:21,SGD_lr0.001_m0.0,SGD,2,shakespeare_char,10,train_iter,4.260556221008301,0.0001089108910891089,0.026880373123775753,2599.179744720459
2025-09-15 10:54:23,SGD_lr0.001_m0.0,SGD,2,shakespeare_char,20,train_eval,4.243582725524902,0.00020792079207920794,0.026880373123775753,
2025-09-15 10:54:23,SGD_lr0.001_m0.0,SGD,2,shakespeare_char,20,val_eval,4.243230819702148,0.00020792079207920794,0.026880373123775753,
2025-09-15 10:54:23,SGD_lr0.001_m0.0,SGD,2,shakespeare_char,20,train_iter,4.246522426605225,0.00020792079207920794,0.02750699937392381,2107.8133583068848
2025-09-15 10:54:26,SGD_lr0.001_m0.0,SGD,2,shakespeare_char,30,train_eval,4.212093830108643,0.00030693069306930693,0.02750699937392381,
2025-09-15 10:54:26,SGD_lr0.001_m0.0,SGD,2,shakespeare_char,30,val_eval,4.212050914764404,0.00030693069306930693,0.02750699937392381,
2025-09-15 10:54:26,SGD_lr0.001_m0.0,SGD,2,shakespeare_char,30,train_iter,4.230632781982422,0.00030693069306930693,0.02697149837712757,3153.979539871216
2025-09-15 10:54:29,SGD_lr0.001_m0.0,SGD,2,shakespeare_char,40,train_eval,4.168065071105957,0.000405940594059406,0.02697149837712757,
2025-09-15 10:54:29,SGD_lr0.001_m0.0,SGD,2,shakespeare_char,40,val_eval,4.170445442199707,0.000405940594059406,0.02697149837712757,
2025-09-15 10:54:30,SGD_lr0.001_m0.0,SGD,2,shakespeare_char,40,train_iter,4.190277099609375,0.000405940594059406,0.026269385696806508,3502.0360946655273
2025-09-15 10:54:32,SGD_lr0.001_m0.0,SGD,2,shakespeare_char,50,train_eval,4.116243362426758,0.000504950495049505,0.026269385696806508,
2025-09-15 10:54:32,SGD_lr0.001_m0.0,SGD,2,shakespeare_char,50,val_eval,4.119357585906982,0.000504950495049505,0.026269385696806508,
2025-09-15 10:54:33,SGD_lr0.001_m0.0,SGD,2,shakespeare_char,50,train_iter,4.153232097625732,0.000504950495049505,0.0260741790979225,2873.134136199951
2025-09-15 10:54:35,SGD_lr0.001_m0.0,SGD,2,shakespeare_char,60,train_eval,4.05357027053833,0.000603960396039604,0.0260741790979225,
2025-09-15 10:54:35,SGD_lr0.001_m0.0,SGD,2,shakespeare_char,60,val_eval,4.059864044189453,0.000603960396039604,0.0260741790979225,
2025-09-15 10:54:35,SGD_lr0.001_m0.0,SGD,2,shakespeare_char,60,train_iter,4.119173049926758,0.000603960396039604,0.02674013733757668,2134.3994140625
2025-09-15 10:54:37,SGD_lr0.001_m0.0,SGD,2,shakespeare_char,70,train_eval,3.985339403152466,0.000702970297029703,0.02674013733757668,
2025-09-15 10:54:37,SGD_lr0.001_m0.0,SGD,2,shakespeare_char,70,val_eval,3.995114803314209,0.000702970297029703,0.02674013733757668,
2025-09-15 10:54:37,SGD_lr0.001_m0.0,SGD,2,shakespeare_char,70,train_iter,4.065915584564209,0.000702970297029703,0.026935946601960192,2434.537649154663
2025-09-15 10:54:40,SGD_lr0.001_m0.0,SGD,2,shakespeare_char,80,train_eval,3.917814016342163,0.000801980198019802,0.026935946601960192,
2025-09-15 10:54:40,SGD_lr0.001_m0.0,SGD,2,shakespeare_char,80,val_eval,3.925222873687744,0.000801980198019802,0.026935946601960192,
2025-09-15 10:54:41,SGD_lr0.001_m0.0,SGD,2,shakespeare_char,80,train_iter,4.004544258117676,0.000801980198019802,0.026585924736759567,2981.2140464782715
2025-09-15 10:54:44,SGD_lr0.001_m0.0,SGD,2,shakespeare_char,90,train_eval,3.8489654064178467,0.0009009900990099009,0.026585924736759567,
2025-09-15 10:54:44,SGD_lr0.001_m0.0,SGD,2,shakespeare_char,90,val_eval,3.8596315383911133,0.0009009900990099009,0.026585924736759567,
2025-09-15 10:54:44,SGD_lr0.001_m0.0,SGD,2,shakespeare_char,90,train_iter,3.9243266582489014,0.0009009900990099009,0.026108708755577893,3202.8822898864746
2025-09-15 10:54:47,SGD_lr0.001_m0.0,SGD,2,shakespeare_char,100,train_eval,3.782794237136841,0.001,0.026108708755577893,
2025-09-15 10:54:47,SGD_lr0.001_m0.0,SGD,2,shakespeare_char,100,val_eval,3.7961690425872803,0.001,0.026108708755577893,
2025-09-15 10:55:26,MUON_lr0.001_m0.99,MUON,2,shakespeare_char,200,train_iter,2.609900712966919,0.0009990754267376514,0.02201170353891767,381289.07108306885
2025-09-15 10:56:02,MUON_lr0.01_m0.95,MUON,2,shakespeare_char,0,train_eval,4.270771503448486,9.900990099009901e-06,,
2025-09-15 10:56:02,MUON_lr0.01_m0.95,MUON,2,shakespeare_char,0,val_eval,4.269772529602051,9.900990099009901e-06,,
2025-09-15 10:56:11,SGD_lr0.001_m0.0,SGD,2,shakespeare_char,100,train_iter,3.8889293670654297,0.001,0.028866052868005664,328106.5454483032
2025-09-15 10:56:13,SGD_lr0.001_m0.0,SGD,2,shakespeare_char,110,train_eval,3.723592519760132,0.0009999907511312647,0.028866052868005664,
2025-09-15 10:56:13,SGD_lr0.001_m0.0,SGD,2,shakespeare_char,110,val_eval,3.7382421493530273,0.0009999907511312647,0.028866052868005664,
2025-09-15 10:56:14,SGD_lr0.001_m0.0,SGD,2,shakespeare_char,110,train_iter,3.8400542736053467,0.0009999907511312647,0.028587176854561195,2679.2244911193848
2025-09-15 10:56:17,SGD_lr0.001_m0.0,SGD,2,shakespeare_char,120,train_eval,3.6741204261779785,0.0009999630049052437,0.028587176854561195,
2025-09-15 10:56:17,SGD_lr0.001_m0.0,SGD,2,shakespeare_char,120,val_eval,3.6895010471343994,0.0009999630049052437,0.028587176854561195,
2025-09-15 10:56:17,SGD_lr0.001_m0.0,SGD,2,shakespeare_char,120,train_iter,3.7594146728515625,0.0009999630049052437,0.027794265715127983,3382.0650577545166
2025-09-15 10:56:20,SGD_lr0.001_m0.0,SGD,2,shakespeare_char,130,train_eval,3.627194881439209,0.0009999167624624755,0.027794265715127983,
2025-09-15 10:56:20,SGD_lr0.001_m0.0,SGD,2,shakespeare_char,130,val_eval,3.643803119659424,0.0009999167624624755,0.027794265715127983,
2025-09-15 10:56:20,SGD_lr0.001_m0.0,SGD,2,shakespeare_char,130,train_iter,3.722731590270996,0.0009999167624624755,0.027681532391714146,2619.983434677124
2025-09-15 10:56:22,SGD_lr0.001_m0.0,SGD,2,shakespeare_char,140,train_eval,3.587986946105957,0.000999852025703806,0.027681532391714146,
2025-09-15 10:56:22,SGD_lr0.001_m0.0,SGD,2,shakespeare_char,140,val_eval,3.607135534286499,0.000999852025703806,0.027681532391714146,
2025-09-15 10:56:22,SGD_lr0.001_m0.0,SGD,2,shakespeare_char,140,train_iter,3.667266607284546,0.000999852025703806,0.02792885447386096,2316.9455528259277
2025-09-15 10:56:25,SGD_lr0.001_m0.0,SGD,2,shakespeare_char,150,train_eval,3.552725315093994,0.0009997687972903096,0.02792885447386096,
2025-09-15 10:56:25,SGD_lr0.001_m0.0,SGD,2,shakespeare_char,150,val_eval,3.5710058212280273,0.0009997687972903096,0.02792885447386096,
2025-09-15 10:56:25,SGD_lr0.001_m0.0,SGD,2,shakespeare_char,150,train_iter,3.637326240539551,0.0009997687972903096,0.027514966170167098,2936.8224143981934
2025-09-15 10:56:28,SGD_lr0.001_m0.0,SGD,2,shakespeare_char,160,train_eval,3.5197415351867676,0.0009996670806431804,0.027514966170167098,
2025-09-15 10:56:28,SGD_lr0.001_m0.0,SGD,2,shakespeare_char,160,val_eval,3.5453622341156006,0.0009996670806431804,0.027514966170167098,
2025-09-15 10:56:28,SGD_lr0.001_m0.0,SGD,2,shakespeare_char,160,train_iter,3.5930824279785156,0.0009996670806431804,0.027617641438648914,2447.887659072876
2025-09-15 10:56:30,SGD_lr0.001_m0.0,SGD,2,shakespeare_char,170,train_eval,3.4934701919555664,0.0009995468799435915,0.027617641438648914,
2025-09-15 10:56:30,SGD_lr0.001_m0.0,SGD,2,shakespeare_char,170,val_eval,3.5185539722442627,0.0009995468799435915,0.027617641438648914,
2025-09-15 10:56:30,SGD_lr0.001_m0.0,SGD,2,shakespeare_char,170,train_iter,3.540342092514038,0.0009995468799435915,0.02847256690741607,1931.7920207977295
2025-09-15 10:56:32,SGD_lr0.001_m0.0,SGD,2,shakespeare_char,180,train_eval,3.464304208755493,0.000999408200132523,0.02847256690741607,
2025-09-15 10:56:32,SGD_lr0.001_m0.0,SGD,2,shakespeare_char,180,val_eval,3.4920995235443115,0.000999408200132523,0.02847256690741607,
2025-09-15 10:56:32,SGD_lr0.001_m0.0,SGD,2,shakespeare_char,180,train_iter,3.5479323863983154,0.000999408200132523,0.02902941735549052,2052.4301528930664
2025-09-15 10:56:34,SGD_lr0.001_m0.0,SGD,2,shakespeare_char,190,train_eval,3.446978807449341,0.0009992510469105584,0.02902941735549052,
2025-09-15 10:56:34,SGD_lr0.001_m0.0,SGD,2,shakespeare_char,190,val_eval,3.479484796524048,0.0009992510469105584,0.02902941735549052,
2025-09-15 10:56:34,SGD_lr0.001_m0.0,SGD,2,shakespeare_char,190,train_iter,3.520115613937378,0.0009992510469105584,0.03027963798203917,1682.2583675384521
2025-09-15 10:56:36,SGD_lr0.001_m0.0,SGD,2,shakespeare_char,200,train_eval,3.4294533729553223,0.0009990754267376514,0.03027963798203917,
2025-09-15 10:56:36,SGD_lr0.001_m0.0,SGD,2,shakespeare_char,200,val_eval,3.4556121826171875,0.0009990754267376514,0.03027963798203917,
2025-09-15 10:59:33,SGD_lr0.0003_m0.95,SGD,2,shakespeare_char,0,train_iter,4.265802383422852,9.900990099009901e-06,,367545.6209182739
2025-09-15 10:59:35,SGD_lr0.0003_m0.95,SGD,2,shakespeare_char,10,train_eval,4.228809356689453,0.0001089108910891089,,
2025-09-15 10:59:35,SGD_lr0.0003_m0.95,SGD,2,shakespeare_char,10,val_eval,4.230148792266846,0.0001089108910891089,,
2025-09-15 10:59:35,SGD_lr0.0003_m0.95,SGD,2,shakespeare_char,10,train_iter,4.2367048263549805,0.0001089108910891089,0.028477229507294186,2453.4311294555664
2025-09-15 10:59:36,SGD_lr0.0003_m0.95,SGD,2,shakespeare_char,20,train_eval,4.033038139343262,0.00020792079207920794,0.028477229507294186,
2025-09-15 10:59:36,SGD_lr0.0003_m0.95,SGD,2,shakespeare_char,20,val_eval,4.038332939147949,0.00020792079207920794,0.028477229507294186,
2025-09-15 10:59:36,SGD_lr0.0003_m0.95,SGD,2,shakespeare_char,20,train_iter,4.0936126708984375,0.00020792079207920794,0.03175874091451048,1139.8963928222656
2025-09-15 10:59:38,SGD_lr0.0003_m0.95,SGD,2,shakespeare_char,30,train_eval,3.7689907550811768,0.00030693069306930693,0.03175874091451048,
2025-09-15 10:59:38,SGD_lr0.0003_m0.95,SGD,2,shakespeare_char,30,val_eval,3.78324031829834,0.00030693069306930693,0.03175874091451048,
2025-09-15 10:59:38,SGD_lr0.0003_m0.95,SGD,2,shakespeare_char,30,train_iter,3.8566396236419678,0.00030693069306930693,0.032231245117208214,1915.013074874878
2025-09-15 10:59:40,SGD_lr0.0003_m0.95,SGD,2,shakespeare_char,40,train_eval,3.587597131729126,0.000405940594059406,0.032231245117208214,
2025-09-15 10:59:40,SGD_lr0.0003_m0.95,SGD,2,shakespeare_char,40,val_eval,3.6082963943481445,0.000405940594059406,0.032231245117208214,
2025-09-15 10:59:41,SGD_lr0.0003_m0.95,SGD,2,shakespeare_char,40,train_iter,3.6013686656951904,0.000405940594059406,0.03225565417513682,2151.384115219116
2025-09-15 10:59:42,MUON_lr0.0003_m0.95,MUON,2,shakespeare_char,200,train_iter,2.595221757888794,0.0009990754267376514,0.015424125284311144,388243.4186935425
2025-09-15 10:59:42,SGD_lr0.0003_m0.95,SGD,2,shakespeare_char,50,train_eval,3.4320666790008545,0.000504950495049505,0.03225565417513682,
2025-09-15 10:59:42,SGD_lr0.0003_m0.95,SGD,2,shakespeare_char,50,val_eval,3.4659929275512695,0.000504950495049505,0.03225565417513682,
2025-09-15 10:59:43,SGD_lr0.0003_m0.95,SGD,2,shakespeare_char,50,train_iter,3.4721641540527344,0.000504950495049505,0.032915166601567306,1798.3403205871582
2025-09-15 10:59:44,SGD_lr0.0003_m0.95,SGD,2,shakespeare_char,60,train_eval,3.346039056777954,0.000603960396039604,0.032915166601567306,
2025-09-15 10:59:44,SGD_lr0.0003_m0.95,SGD,2,shakespeare_char,60,val_eval,3.3839120864868164,0.000603960396039604,0.032915166601567306,
2025-09-15 10:59:45,SGD_lr0.0003_m0.95,SGD,2,shakespeare_char,60,train_iter,3.4029879570007324,0.000603960396039604,0.03307232111205541,2025.9084701538086
2025-09-15 10:59:46,SGD_lr0.0003_m0.95,SGD,2,shakespeare_char,70,train_eval,3.284757614135742,0.000702970297029703,0.03307232111205541,
2025-09-15 10:59:46,SGD_lr0.0003_m0.95,SGD,2,shakespeare_char,70,val_eval,3.3241522312164307,0.000702970297029703,0.03307232111205541,
2025-09-15 10:59:47,SGD_lr0.0003_m0.95,SGD,2,shakespeare_char,70,train_iter,3.341856002807617,0.000702970297029703,0.03293784777870241,2202.08740234375
2025-09-15 10:59:49,SGD_lr0.0003_m0.95,SGD,2,shakespeare_char,80,train_eval,3.2244231700897217,0.000801980198019802,0.03293784777870241,
2025-09-15 10:59:49,SGD_lr0.0003_m0.95,SGD,2,shakespeare_char,80,val_eval,3.2537059783935547,0.000801980198019802,0.03293784777870241,
2025-09-15 10:59:50,SGD_lr0.0003_m0.95,SGD,2,shakespeare_char,80,train_iter,3.242715358734131,0.000801980198019802,0.032324447691063435,2606.600522994995
2025-09-15 10:59:52,SGD_lr0.0003_m0.95,SGD,2,shakespeare_char,90,train_eval,3.1243338584899902,0.0009009900990099009,0.032324447691063435,
2025-09-15 10:59:52,SGD_lr0.0003_m0.95,SGD,2,shakespeare_char,90,val_eval,3.1551434993743896,0.0009009900990099009,0.032324447691063435,
2025-09-15 10:59:52,SGD_lr0.0003_m0.95,SGD,2,shakespeare_char,90,train_iter,3.106266975402832,0.0009009900990099009,0.03261689083621029,1982.1033477783203
2025-09-15 10:59:53,SGD_lr0.0003_m0.95,SGD,2,shakespeare_char,100,train_eval,3.004528522491455,0.001,0.03261689083621029,
2025-09-15 10:59:53,SGD_lr0.0003_m0.95,SGD,2,shakespeare_char,100,val_eval,3.034834861755371,0.001,0.03261689083621029,
2025-09-15 11:00:02,MUON_lr0.0003_m0.99,MUON,2,shakespeare_char,0,train_eval,4.270771503448486,9.900990099009901e-06,,
2025-09-15 11:00:02,MUON_lr0.0003_m0.99,MUON,2,shakespeare_char,0,val_eval,4.269772529602051,9.900990099009901e-06,,
2025-09-15 11:00:40,MUON_lr0.01_m0.99,MUON,2,shakespeare_char,100,train_iter,2.8558452129364014,0.001,0.02297442762839051,420342.61894226074
2025-09-15 11:00:41,MUON_lr0.01_m0.99,MUON,2,shakespeare_char,110,train_eval,2.7349252700805664,0.0009999907511312647,0.02297442762839051,
2025-09-15 11:00:41,MUON_lr0.01_m0.99,MUON,2,shakespeare_char,110,val_eval,2.7565276622772217,0.0009999907511312647,0.02297442762839051,
2025-09-15 11:00:42,MUON_lr0.01_m0.99,MUON,2,shakespeare_char,110,train_iter,2.823556900024414,0.0009999907511312647,0.024103740354010045,2038.865089416504
2025-09-15 11:00:45,MUON_lr0.01_m0.99,MUON,2,shakespeare_char,120,train_eval,2.694678544998169,0.0009999630049052437,0.024103740354010045,
2025-09-15 11:00:45,MUON_lr0.01_m0.99,MUON,2,shakespeare_char,120,val_eval,2.714581251144409,0.0009999630049052437,0.024103740354010045,
2025-09-15 11:00:46,MUON_lr0.01_m0.99,MUON,2,shakespeare_char,120,train_iter,2.747755765914917,0.0009999630049052437,0.023613435743492773,3638.770580291748
2025-09-15 11:00:49,MUON_lr0.01_m0.99,MUON,2,shakespeare_char,130,train_eval,2.649789810180664,0.0009999167624624755,0.023613435743492773,
2025-09-15 11:00:49,MUON_lr0.01_m0.99,MUON,2,shakespeare_char,130,val_eval,2.6776111125946045,0.0009999167624624755,0.023613435743492773,
2025-09-15 11:00:50,MUON_lr0.01_m0.99,MUON,2,shakespeare_char,130,train_iter,2.736571788787842,0.0009999167624624755,0.023558788426202657,3028.873920440674
2025-09-15 11:00:52,MUON_lr0.01_m0.99,MUON,2,shakespeare_char,140,train_eval,2.6224896907806396,0.000999852025703806,0.023558788426202657,
2025-09-15 11:00:52,MUON_lr0.01_m0.99,MUON,2,shakespeare_char,140,val_eval,2.643869638442993,0.000999852025703806,0.023558788426202657,
2025-09-15 11:00:53,MUON_lr0.01_m0.99,MUON,2,shakespeare_char,140,train_iter,2.6601855754852295,0.000999852025703806,0.02343649505163586,3128.016471862793
2025-09-15 11:00:55,MUON_lr0.01_m0.99,MUON,2,shakespeare_char,150,train_eval,2.5996439456939697,0.0009997687972903096,0.02343649505163586,
2025-09-15 11:00:55,MUON_lr0.01_m0.99,MUON,2,shakespeare_char,150,val_eval,2.615523338317871,0.0009997687972903096,0.02343649505163586,
2025-09-15 11:00:56,MUON_lr0.01_m0.99,MUON,2,shakespeare_char,150,train_iter,2.6247105598449707,0.0009997687972903096,0.02495542322429636,1808.8159561157227
2025-09-15 11:00:59,MUON_lr0.01_m0.99,MUON,2,shakespeare_char,160,train_eval,2.5793344974517822,0.0009996670806431804,0.02495542322429636,
2025-09-15 11:00:59,MUON_lr0.01_m0.99,MUON,2,shakespeare_char,160,val_eval,2.598533868789673,0.0009996670806431804,0.02495542322429636,
2025-09-15 11:01:00,MUON_lr0.01_m0.99,MUON,2,shakespeare_char,160,train_iter,2.5893094539642334,0.0009996670806431804,0.024411041466563536,3580.7878971099854
2025-09-15 11:01:02,MUON_lr0.01_m0.99,MUON,2,shakespeare_char,170,train_eval,2.5649797916412354,0.0009995468799435915,0.024411041466563536,
2025-09-15 11:01:02,MUON_lr0.01_m0.99,MUON,2,shakespeare_char,170,val_eval,2.581242561340332,0.0009995468799435915,0.024411041466563536,
2025-09-15 11:01:03,MUON_lr0.01_m0.99,MUON,2,shakespeare_char,170,train_iter,2.5883584022521973,0.0009995468799435915,0.02492424481467033,2364.917039871216
2025-09-15 11:01:06,MUON_lr0.01_m0.99,MUON,2,shakespeare_char,180,train_eval,2.5500786304473877,0.000999408200132523,0.02492424481467033,
2025-09-15 11:01:06,MUON_lr0.01_m0.99,MUON,2,shakespeare_char,180,val_eval,2.5712037086486816,0.000999408200132523,0.02492424481467033,
2025-09-15 11:01:07,MUON_lr0.01_m0.99,MUON,2,shakespeare_char,180,train_iter,2.605776786804199,0.000999408200132523,0.024323363260503546,3693.6471462249756
2025-09-15 11:01:11,MUON_lr0.01_m0.99,MUON,2,shakespeare_char,190,train_eval,2.543757200241089,0.0009992510469105584,0.024323363260503546,
2025-09-15 11:01:11,MUON_lr0.01_m0.99,MUON,2,shakespeare_char,190,val_eval,2.56428599357605,0.0009992510469105584,0.024323363260503546,
2025-09-15 11:01:12,MUON_lr0.01_m0.99,MUON,2,shakespeare_char,190,train_iter,2.5970640182495117,0.0009992510469105584,0.023646012847834935,3981.053113937378
2025-09-15 11:01:15,MUON_lr0.01_m0.99,MUON,2,shakespeare_char,200,train_eval,2.532508134841919,0.0009990754267376514,0.023646012847834935,
2025-09-15 11:01:15,MUON_lr0.01_m0.99,MUON,2,shakespeare_char,200,val_eval,2.5474050045013428,0.0009990754267376514,0.023646012847834935,
2025-09-15 11:01:49,SGD_lr0.001_m0.0,SGD,2,shakespeare_char,100,train_iter,3.8888778686523438,0.001,0.023514296316297728,424505.2213668823
2025-09-15 11:01:51,SGD_lr0.001_m0.0,SGD,2,shakespeare_char,110,train_eval,3.723595380783081,0.0009999907511312647,0.023514296316297728,
2025-09-15 11:01:51,SGD_lr0.001_m0.0,SGD,2,shakespeare_char,110,val_eval,3.73824405670166,0.0009999907511312647,0.023514296316297728,
2025-09-15 11:01:52,SGD_lr0.001_m0.0,SGD,2,shakespeare_char,110,train_iter,3.8400821685791016,0.0009999907511312647,0.02356377974705746,2910.0146293640137
2025-09-15 11:01:55,SGD_lr0.001_m0.0,SGD,2,shakespeare_char,120,train_eval,3.6741321086883545,0.0009999630049052437,0.02356377974705746,
2025-09-15 11:01:55,SGD_lr0.001_m0.0,SGD,2,shakespeare_char,120,val_eval,3.689512014389038,0.0009999630049052437,0.02356377974705746,
2025-09-15 11:01:55,SGD_lr0.001_m0.0,SGD,2,shakespeare_char,120,train_iter,3.759458065032959,0.0009999630049052437,0.02343717432032698,3133.3653926849365
2025-09-15 11:01:56,SGD_lr0.001_m0.0,SGD,2,shakespeare_char,130,train_eval,3.627192497253418,0.0009999167624624755,0.02343717432032698,
2025-09-15 11:01:56,SGD_lr0.001_m0.0,SGD,2,shakespeare_char,130,val_eval,3.643803596496582,0.0009999167624624755,0.02343717432032698,
2025-09-15 11:01:57,SGD_lr0.001_m0.0,SGD,2,shakespeare_char,130,train_iter,3.7226905822753906,0.0009999167624624755,0.025488475675392377,1589.684247970581
2025-09-15 11:01:58,SGD_lr0.001_m0.0,SGD,2,shakespeare_char,200,train_iter,3.4618988037109375,0.0009990754267376514,0.027273253618192456,323766.23129844666
2025-09-15 11:01:59,SGD_lr0.001_m0.0,SGD,2,shakespeare_char,140,train_eval,3.5879876613616943,0.000999852025703806,0.025488475675392377,
2025-09-15 11:01:59,SGD_lr0.001_m0.0,SGD,2,shakespeare_char,140,val_eval,3.607124090194702,0.000999852025703806,0.025488475675392377,
2025-09-15 11:01:59,SGD_lr0.001_m0.0,SGD,2,shakespeare_char,140,train_iter,3.6672492027282715,0.000999852025703806,0.026277274394016396,2093.299150466919
2025-09-15 11:02:00,SGD_lr0.001_m0.0,SGD,2,shakespeare_char,150,train_eval,3.5527257919311523,0.0009997687972903096,0.026277274394016396,
2025-09-15 11:02:00,SGD_lr0.001_m0.0,SGD,2,shakespeare_char,150,val_eval,3.571007490158081,0.0009997687972903096,0.026277274394016396,
2025-09-15 11:02:01,SGD_lr0.001_m0.0,SGD,2,shakespeare_char,150,train_iter,3.6373705863952637,0.0009997687972903096,0.02793595677343925,1629.9636363983154
2025-09-15 11:02:03,SGD_lr0.001_m0.0,SGD,2,shakespeare_char,160,train_eval,3.519744873046875,0.0009996670806431804,0.02793595677343925,
2025-09-15 11:02:03,SGD_lr0.001_m0.0,SGD,2,shakespeare_char,160,val_eval,3.5453574657440186,0.0009996670806431804,0.02793595677343925,
2025-09-15 11:02:03,SGD_lr0.001_m0.0,SGD,2,shakespeare_char,160,train_iter,3.5930488109588623,0.0009996670806431804,0.02799883380984841,2445.915937423706
2025-09-15 11:02:05,SGD_lr0.001_m0.0,SGD,2,shakespeare_char,170,train_eval,3.4934582710266113,0.0009995468799435915,0.02799883380984841,
2025-09-15 11:02:05,SGD_lr0.001_m0.0,SGD,2,shakespeare_char,170,val_eval,3.5185387134552,0.0009995468799435915,0.02799883380984841,
2025-09-15 11:02:05,SGD_lr0.001_m0.0,SGD,2,shakespeare_char,170,train_iter,3.5402028560638428,0.0009995468799435915,0.029267951475014004,1717.0534133911133
2025-09-15 11:02:07,SGD_lr0.001_m0.0,SGD,2,shakespeare_char,180,train_eval,3.464306592941284,0.000999408200132523,0.029267951475014004,
2025-09-15 11:02:07,SGD_lr0.001_m0.0,SGD,2,shakespeare_char,180,val_eval,3.4920926094055176,0.000999408200132523,0.029267951475014004,
2025-09-15 11:02:07,SGD_lr0.001_m0.0,SGD,2,shakespeare_char,180,train_iter,3.547898769378662,0.000999408200132523,0.030127179889938016,1845.3905582427979
2025-09-15 11:02:09,SGD_lr0.001_m0.0,SGD,2,shakespeare_char,190,train_eval,3.446993350982666,0.0009992510469105584,0.030127179889938016,
2025-09-15 11:02:09,SGD_lr0.001_m0.0,SGD,2,shakespeare_char,190,val_eval,3.4794909954071045,0.0009992510469105584,0.030127179889938016,
2025-09-15 11:02:10,SGD_lr0.001_m0.0,SGD,2,shakespeare_char,190,train_iter,3.5201234817504883,0.0009992510469105584,0.029950535394788494,2463.5088443756104
2025-09-15 11:02:11,SGD_lr0.001_m0.0,SGD,2,shakespeare_char,200,train_eval,3.429452896118164,0.0009990754267376514,0.029950535394788494,
2025-09-15 11:02:11,SGD_lr0.001_m0.0,SGD,2,shakespeare_char,200,val_eval,3.455620765686035,0.0009990754267376514,0.029950535394788494,
2025-09-15 11:02:21,SGD_lr0.001_m0.9,SGD,2,shakespeare_char,0,train_eval,4.270771503448486,9.900990099009901e-06,,
2025-09-15 11:02:21,SGD_lr0.001_m0.9,SGD,2,shakespeare_char,0,val_eval,4.269772529602051,9.900990099009901e-06,,
2025-09-15 11:02:53,MUON_lr0.01_m0.95,MUON,2,shakespeare_char,0,train_iter,4.265802383422852,9.900990099009901e-06,,422367.46859550476
2025-09-15 11:02:56,MUON_lr0.01_m0.95,MUON,2,shakespeare_char,10,train_eval,4.213262557983398,0.0001089108910891089,,
2025-09-15 11:02:56,MUON_lr0.01_m0.95,MUON,2,shakespeare_char,10,val_eval,4.214231491088867,0.0001089108910891089,,
2025-09-15 11:02:57,MUON_lr0.01_m0.95,MUON,2,shakespeare_char,10,train_iter,4.226031303405762,0.0001089108910891089,0.023520299784497645,2970.494508743286
2025-09-15 11:03:00,MUON_lr0.01_m0.95,MUON,2,shakespeare_char,20,train_eval,4.056412696838379,0.00020792079207920794,0.023520299784497645,
2025-09-15 11:03:00,MUON_lr0.01_m0.95,MUON,2,shakespeare_char,20,val_eval,4.058316230773926,0.00020792079207920794,0.023520299784497645,
2025-09-15 11:03:01,MUON_lr0.01_m0.95,MUON,2,shakespeare_char,20,train_iter,4.116029262542725,0.00020792079207920794,0.022951552328592573,3917.8829193115234
2025-09-15 11:03:04,MUON_lr0.01_m0.95,MUON,2,shakespeare_char,30,train_eval,3.830094814300537,0.00030693069306930693,0.022951552328592573,
2025-09-15 11:03:04,MUON_lr0.01_m0.95,MUON,2,shakespeare_char,30,val_eval,3.8363890647888184,0.00030693069306930693,0.022951552328592573,
2025-09-15 11:03:05,MUON_lr0.01_m0.95,MUON,2,shakespeare_char,30,train_iter,3.9463424682617188,0.00030693069306930693,0.02296292268757016,3029.0980339050293
2025-09-15 11:03:07,MUON_lr0.01_m0.95,MUON,2,shakespeare_char,40,train_eval,3.590542793273926,0.000405940594059406,0.02296292268757016,
2025-09-15 11:03:07,MUON_lr0.01_m0.95,MUON,2,shakespeare_char,40,val_eval,3.6011664867401123,0.000405940594059406,0.02296292268757016,
2025-09-15 11:03:08,MUON_lr0.01_m0.95,MUON,2,shakespeare_char,40,train_iter,3.7232110500335693,0.000405940594059406,0.023322381900442144,2630.7778358459473
2025-09-15 11:03:12,MUON_lr0.01_m0.95,MUON,2,shakespeare_char,50,train_eval,3.381108045578003,0.000504950495049505,0.023322381900442144,
2025-09-15 11:03:12,MUON_lr0.01_m0.95,MUON,2,shakespeare_char,50,val_eval,3.398719549179077,0.000504950495049505,0.023322381900442144,
2025-09-15 11:03:13,MUON_lr0.01_m0.95,MUON,2,shakespeare_char,50,train_iter,3.522824287414551,0.000504950495049505,0.02264740697647676,4215.801000595093
2025-09-15 11:03:14,MUON_lr0.01_m0.95,MUON,2,shakespeare_char,60,train_eval,3.1995010375976562,0.000603960396039604,0.02264740697647676,
2025-09-15 11:03:14,MUON_lr0.01_m0.95,MUON,2,shakespeare_char,60,val_eval,3.2221970558166504,0.000603960396039604,0.02264740697647676,
2025-09-15 11:03:15,MUON_lr0.01_m0.95,MUON,2,shakespeare_char,60,train_iter,3.3434009552001953,0.000603960396039604,0.024173488530840316,1843.0545330047607
2025-09-15 11:03:16,MUON_lr0.01_m0.95,MUON,2,shakespeare_char,70,train_eval,3.049891948699951,0.000702970297029703,0.024173488530840316,
2025-09-15 11:03:16,MUON_lr0.01_m0.95,MUON,2,shakespeare_char,70,val_eval,3.0741565227508545,0.000702970297029703,0.024173488530840316,
2025-09-15 11:03:17,MUON_lr0.01_m0.95,MUON,2,shakespeare_char,70,train_iter,3.1799964904785156,0.000702970297029703,0.02684136819829259,1373.9190101623535
2025-09-15 11:03:19,MUON_lr0.01_m0.95,MUON,2,shakespeare_char,80,train_eval,2.9213778972625732,0.000801980198019802,0.02684136819829259,
2025-09-15 11:03:19,MUON_lr0.01_m0.95,MUON,2,shakespeare_char,80,val_eval,2.9355454444885254,0.000801980198019802,0.02684136819829259,
2025-09-15 11:03:19,MUON_lr0.01_m0.95,MUON,2,shakespeare_char,80,train_iter,3.0275282859802246,0.000801980198019802,0.027622839716154122,2016.007423400879
2025-09-15 11:03:23,MUON_lr0.01_m0.95,MUON,2,shakespeare_char,90,train_eval,2.8138656616210938,0.0009009900990099009,0.027622839716154122,
2025-09-15 11:03:23,MUON_lr0.01_m0.95,MUON,2,shakespeare_char,90,val_eval,2.826511859893799,0.0009009900990099009,0.027622839716154122,
2025-09-15 11:03:24,MUON_lr0.01_m0.95,MUON,2,shakespeare_char,90,train_iter,2.897167205810547,0.0009009900990099009,0.026417532816679915,4487.344264984131
2025-09-15 11:03:28,MUON_lr0.01_m0.95,MUON,2,shakespeare_char,100,train_eval,2.7361156940460205,0.001,0.026417532816679915,
2025-09-15 11:03:28,MUON_lr0.01_m0.95,MUON,2,shakespeare_char,100,val_eval,2.761216402053833,0.001,0.026417532816679915,
2025-09-15 11:05:45,SGD_lr0.0003_m0.95,SGD,2,shakespeare_char,100,train_iter,3.071629285812378,0.001,0.02937497036670042,353423.46692085266
2025-09-15 11:05:46,SGD_lr0.0003_m0.95,SGD,2,shakespeare_char,110,train_eval,2.929642915725708,0.0009999907511312647,0.02937497036670042,
2025-09-15 11:05:46,SGD_lr0.0003_m0.95,SGD,2,shakespeare_char,110,val_eval,2.9568233489990234,0.0009999907511312647,0.02937497036670042,
2025-09-15 11:05:47,SGD_lr0.0003_m0.95,SGD,2,shakespeare_char,110,train_iter,3.0575854778289795,0.0009999907511312647,0.03199769855437281,1256.5484046936035
2025-09-15 11:05:48,SGD_lr0.0003_m0.95,SGD,2,shakespeare_char,120,train_eval,2.8639843463897705,0.0009999630049052437,0.03199769855437281,
2025-09-15 11:05:48,SGD_lr0.0003_m0.95,SGD,2,shakespeare_char,120,val_eval,2.8826308250427246,0.0009999630049052437,0.03199769855437281,
2025-09-15 11:05:48,SGD_lr0.0003_m0.95,SGD,2,shakespeare_char,120,train_iter,2.8829143047332764,0.0009999630049052437,0.033696614501358,1426.2380599975586
2025-09-15 11:05:50,SGD_lr0.0003_m0.95,SGD,2,shakespeare_char,130,train_eval,2.7993993759155273,0.0009999167624624755,0.033696614501358,
2025-09-15 11:05:50,SGD_lr0.0003_m0.95,SGD,2,shakespeare_char,130,val_eval,2.8183095455169678,0.0009999167624624755,0.033696614501358,
2025-09-15 11:05:50,SGD_lr0.0003_m0.95,SGD,2,shakespeare_char,130,train_iter,2.914667844772339,0.0009999167624624755,0.034160086725137,1822.7102756500244
2025-09-15 11:05:52,SGD_lr0.0003_m0.95,SGD,2,shakespeare_char,140,train_eval,2.761216163635254,0.000999852025703806,0.034160086725137,
2025-09-15 11:05:52,SGD_lr0.0003_m0.95,SGD,2,shakespeare_char,140,val_eval,2.7747249603271484,0.000999852025703806,0.034160086725137,
2025-09-15 11:05:52,SGD_lr0.0003_m0.95,SGD,2,shakespeare_char,140,train_iter,2.8131558895111084,0.000999852025703806,0.03552607876446744,1461.0395431518555
2025-09-15 11:05:53,SGD_lr0.0003_m0.95,SGD,2,shakespeare_char,150,train_eval,2.7243716716766357,0.0009997687972903096,0.03552607876446744,
2025-09-15 11:05:53,SGD_lr0.0003_m0.95,SGD,2,shakespeare_char,150,val_eval,2.7329225540161133,0.0009997687972903096,0.03552607876446744,
2025-09-15 11:05:53,SGD_lr0.0003_m0.95,SGD,2,shakespeare_char,150,train_iter,2.766237735748291,0.0009997687972903096,0.03747524542245923,1269.8979377746582
2025-09-15 11:05:55,SGD_lr0.0003_m0.95,SGD,2,shakespeare_char,160,train_eval,2.689462661743164,0.0009996670806431804,0.03747524542245923,
2025-09-15 11:05:55,SGD_lr0.0003_m0.95,SGD,2,shakespeare_char,160,val_eval,2.700418710708618,0.0009996670806431804,0.03747524542245923,
2025-09-15 11:05:56,SGD_lr0.0003_m0.95,SGD,2,shakespeare_char,160,train_iter,2.7122340202331543,0.0009996670806431804,0.03632634483813103,2688.612222671509
2025-09-15 11:05:58,SGD_lr0.0003_m0.95,SGD,2,shakespeare_char,170,train_eval,2.6680104732513428,0.0009995468799435915,0.03632634483813103,
2025-09-15 11:05:58,SGD_lr0.0003_m0.95,SGD,2,shakespeare_char,170,val_eval,2.6742982864379883,0.0009995468799435915,0.03632634483813103,
2025-09-15 11:05:58,SGD_lr0.0003_m0.95,SGD,2,shakespeare_char,170,train_iter,2.674497604370117,0.0009995468799435915,0.03573005301042979,2301.0222911834717
2025-09-15 11:06:01,SGD_lr0.0003_m0.95,SGD,2,shakespeare_char,180,train_eval,2.641864061355591,0.000999408200132523,0.03573005301042979,
2025-09-15 11:06:01,SGD_lr0.0003_m0.95,SGD,2,shakespeare_char,180,val_eval,2.649479627609253,0.000999408200132523,0.03573005301042979,
2025-09-15 11:06:02,SGD_lr0.0003_m0.95,SGD,2,shakespeare_char,180,train_iter,2.7280845642089844,0.000999408200132523,0.03433904596569891,3201.969623565674
2025-09-15 11:06:03,SGD_lr0.0003_m0.95,SGD,2,shakespeare_char,190,train_eval,2.631744146347046,0.0009992510469105584,0.03433904596569891,
2025-09-15 11:06:03,SGD_lr0.0003_m0.95,SGD,2,shakespeare_char,190,val_eval,2.640824556350708,0.0009992510469105584,0.03433904596569891,
2025-09-15 11:06:03,SGD_lr0.0003_m0.95,SGD,2,shakespeare_char,190,train_iter,2.6979236602783203,0.0009992510469105584,0.036871743648771285,1170.966625213623
2025-09-15 11:06:05,SGD_lr0.0003_m0.95,SGD,2,shakespeare_char,200,train_eval,2.6185550689697266,0.0009990754267376514,0.036871743648771285,
2025-09-15 11:06:05,SGD_lr0.0003_m0.95,SGD,2,shakespeare_char,200,val_eval,2.620384931564331,0.0009990754267376514,0.036871743648771285,
2025-09-15 11:07:02,MUON_lr0.0003_m0.99,MUON,2,shakespeare_char,0,train_iter,4.265802383422852,9.900990099009901e-06,,426229.55679893494
2025-09-15 11:07:05,MUON_lr0.0003_m0.99,MUON,2,shakespeare_char,10,train_eval,4.213338851928711,0.0001089108910891089,,
2025-09-15 11:07:05,MUON_lr0.0003_m0.99,MUON,2,shakespeare_char,10,val_eval,4.2143049240112305,0.0001089108910891089,,
2025-09-15 11:07:07,MUON_lr0.0003_m0.99,MUON,2,shakespeare_char,10,train_iter,4.225982189178467,0.0001089108910891089,0.01997725570896468,3497.3232746124268
2025-09-15 11:07:10,MUON_lr0.0003_m0.99,MUON,2,shakespeare_char,20,train_eval,4.055527687072754,0.00020792079207920794,0.01997725570896468,
2025-09-15 11:07:10,MUON_lr0.0003_m0.99,MUON,2,shakespeare_char,20,val_eval,4.057442665100098,0.00020792079207920794,0.01997725570896468,
2025-09-15 11:07:11,MUON_lr0.0003_m0.99,MUON,2,shakespeare_char,20,train_iter,4.115412712097168,0.00020792079207920794,0.019655725254984057,4168.185472488403
2025-09-15 11:07:16,MUON_lr0.0003_m0.99,MUON,2,shakespeare_char,30,train_eval,3.8299169540405273,0.00030693069306930693,0.019655725254984057,
2025-09-15 11:07:16,MUON_lr0.0003_m0.99,MUON,2,shakespeare_char,30,val_eval,3.8361916542053223,0.00030693069306930693,0.019655725254984057,
2025-09-15 11:07:17,MUON_lr0.0003_m0.99,MUON,2,shakespeare_char,30,train_iter,3.946049451828003,0.00030693069306930693,0.019093792486758382,4977.553606033325
2025-09-15 11:07:19,MUON_lr0.0003_m0.99,MUON,2,shakespeare_char,40,train_eval,3.5934717655181885,0.000405940594059406,0.019093792486758382,
2025-09-15 11:07:19,MUON_lr0.0003_m0.99,MUON,2,shakespeare_char,40,val_eval,3.6039273738861084,0.000405940594059406,0.019093792486758382,
2025-09-15 11:07:20,MUON_lr0.0003_m0.99,MUON,2,shakespeare_char,40,train_iter,3.7249808311462402,0.000405940594059406,0.02006154261624395,2428.3552169799805
2025-09-15 11:07:23,MUON_lr0.0003_m0.99,MUON,2,shakespeare_char,50,train_eval,3.389796257019043,0.000504950495049505,0.02006154261624395,
2025-09-15 11:07:23,MUON_lr0.0003_m0.99,MUON,2,shakespeare_char,50,val_eval,3.406810998916626,0.000504950495049505,0.02006154261624395,
2025-09-15 11:07:25,MUON_lr0.0003_m0.99,MUON,2,shakespeare_char,50,train_iter,3.5305557250976562,0.000504950495049505,0.01988553985389658,3817.5485134124756
2025-09-15 11:07:27,MUON_lr0.0003_m0.99,MUON,2,shakespeare_char,60,train_eval,3.2211062908172607,0.000603960396039604,0.01988553985389658,
2025-09-15 11:07:27,MUON_lr0.0003_m0.99,MUON,2,shakespeare_char,60,val_eval,3.2429842948913574,0.000603960396039604,0.01988553985389658,
2025-09-15 11:07:28,MUON_lr0.0003_m0.99,MUON,2,shakespeare_char,60,train_iter,3.3612442016601562,0.000603960396039604,0.020057947864709956,3233.139753341675
2025-09-15 11:07:32,MUON_lr0.0003_m0.99,MUON,2,shakespeare_char,70,train_eval,3.0902109146118164,0.000702970297029703,0.020057947864709956,
2025-09-15 11:07:32,MUON_lr0.0003_m0.99,MUON,2,shakespeare_char,70,val_eval,3.1143381595611572,0.000702970297029703,0.020057947864709956,
2025-09-15 11:07:33,MUON_lr0.0003_m0.99,MUON,2,shakespeare_char,70,train_iter,3.2113893032073975,0.000702970297029703,0.0198520938897941,3881.6232681274414
2025-09-15 11:07:36,MUON_lr0.0003_m0.99,MUON,2,shakespeare_char,80,train_eval,2.9840805530548096,0.000801980198019802,0.0198520938897941,
2025-09-15 11:07:36,MUON_lr0.0003_m0.99,MUON,2,shakespeare_char,80,val_eval,2.9996795654296875,0.000801980198019802,0.0198520938897941,
2025-09-15 11:07:36,MUON_lr0.0003_m0.99,MUON,2,shakespeare_char,80,train_iter,3.0767674446105957,0.000801980198019802,0.020263592641898056,2915.1201248168945
2025-09-15 11:07:48,SGD_lr0.001_m0.9,SGD,2,shakespeare_char,0,train_iter,4.265802383422852,9.900990099009901e-06,,333710.77728271484
2025-09-15 11:07:52,SGD_lr0.001_m0.9,SGD,2,shakespeare_char,10,train_eval,4.234838485717773,0.0001089108910891089,,
2025-09-15 11:07:52,SGD_lr0.001_m0.9,SGD,2,shakespeare_char,10,val_eval,4.236033916473389,0.0001089108910891089,,
2025-09-15 11:07:53,SGD_lr0.001_m0.9,SGD,2,shakespeare_char,10,train_iter,4.240842819213867,0.0001089108910891089,0.015205676211994184,4594.792127609253
2025-09-15 11:07:55,SGD_lr0.001_m0.9,SGD,2,shakespeare_char,20,train_eval,4.087522983551025,0.00020792079207920794,0.015205676211994184,
2025-09-15 11:07:55,SGD_lr0.001_m0.9,SGD,2,shakespeare_char,20,val_eval,4.0913472175598145,0.00020792079207920794,0.015205676211994184,
2025-09-15 11:07:56,SGD_lr0.001_m0.9,SGD,2,shakespeare_char,20,train_iter,4.134780406951904,0.00020792079207920794,0.016344017234897503,2627.6540756225586
2025-09-15 11:07:58,SGD_lr0.001_m0.9,SGD,2,shakespeare_char,30,train_eval,3.8725175857543945,0.00030693069306930693,0.016344017234897503,
2025-09-15 11:07:58,SGD_lr0.001_m0.9,SGD,2,shakespeare_char,30,val_eval,3.8832178115844727,0.00030693069306930693,0.016344017234897503,
2025-09-15 11:07:58,SGD_lr0.001_m0.9,SGD,2,shakespeare_char,30,train_iter,3.962736129760742,0.00030693069306930693,0.01761671277226471,2403.322458267212
2025-09-15 11:08:01,SGD_lr0.001_m0.9,SGD,2,shakespeare_char,40,train_eval,3.68986439704895,0.000405940594059406,0.01761671277226471,
2025-09-15 11:08:01,SGD_lr0.001_m0.9,SGD,2,shakespeare_char,40,val_eval,3.706286668777466,0.000405940594059406,0.01761671277226471,
2025-09-15 11:08:02,SGD_lr0.001_m0.9,SGD,2,shakespeare_char,40,train_iter,3.739954948425293,0.000405940594059406,0.01796270516846289,3314.89896774292
2025-09-15 11:08:04,SGD_lr0.001_m0.9,SGD,2,shakespeare_char,50,train_eval,3.5392987728118896,0.000504950495049505,0.01796270516846289,
2025-09-15 11:08:04,SGD_lr0.001_m0.9,SGD,2,shakespeare_char,50,val_eval,3.5666229724884033,0.000504950495049505,0.01796270516846289,
2025-09-15 11:08:05,SGD_lr0.001_m0.9,SGD,2,shakespeare_char,50,train_iter,3.60117244720459,0.000504950495049505,0.01895584300520941,2504.7218799591064
2025-09-15 11:08:08,SGD_lr0.001_m0.9,SGD,2,shakespeare_char,60,train_eval,3.4238290786743164,0.000603960396039604,0.01895584300520941,
2025-09-15 11:08:08,SGD_lr0.001_m0.9,SGD,2,shakespeare_char,60,val_eval,3.4560680389404297,0.000603960396039604,0.01895584300520941,
2025-09-15 11:08:08,SGD_lr0.001_m0.9,SGD,2,shakespeare_char,60,train_iter,3.4950504302978516,0.000603960396039604,0.01916998025162641,3311.6655349731445
2025-09-15 11:08:11,SGD_lr0.001_m0.9,SGD,2,shakespeare_char,70,train_eval,3.3470630645751953,0.000702970297029703,0.01916998025162641,
2025-09-15 11:08:11,SGD_lr0.001_m0.9,SGD,2,shakespeare_char,70,val_eval,3.3817741870880127,0.000702970297029703,0.01916998025162641,
2025-09-15 11:08:12,SGD_lr0.001_m0.9,SGD,2,shakespeare_char,70,train_iter,3.4146831035614014,0.000702970297029703,0.019354957410179306,3323.8699436187744
2025-09-15 11:08:14,SGD_lr0.001_m0.9,SGD,2,shakespeare_char,80,train_eval,3.2928099632263184,0.000801980198019802,0.019354957410179306,
2025-09-15 11:08:14,SGD_lr0.001_m0.9,SGD,2,shakespeare_char,80,val_eval,3.3190646171569824,0.000801980198019802,0.019354957410179306,
2025-09-15 11:08:14,SGD_lr0.001_m0.9,SGD,2,shakespeare_char,80,train_iter,3.321387767791748,0.000801980198019802,0.020199021833870404,2513.596296310425
2025-09-15 11:08:18,SGD_lr0.001_m0.9,SGD,2,shakespeare_char,90,train_eval,3.229856491088867,0.0009009900990099009,0.020199021833870404,
2025-09-15 11:08:18,SGD_lr0.001_m0.9,SGD,2,shakespeare_char,90,val_eval,3.2611234188079834,0.0009009900990099009,0.020199021833870404,
2025-09-15 11:08:19,SGD_lr0.001_m0.9,SGD,2,shakespeare_char,90,train_iter,3.213606595993042,0.0009009900990099009,0.019942841071052028,3961.3354206085205
2025-09-15 11:08:23,SGD_lr0.001_m0.9,SGD,2,shakespeare_char,100,train_eval,3.143068790435791,0.001,0.019942841071052028,
2025-09-15 11:08:23,SGD_lr0.001_m0.9,SGD,2,shakespeare_char,100,val_eval,3.180872917175293,0.001,0.019942841071052028,
2025-09-15 11:08:26,MUON_lr0.01_m0.99,MUON,2,shakespeare_char,200,train_iter,2.609928607940674,0.0009990754267376514,0.021297537697521258,433252.75182724
2025-09-15 11:08:48,MUON_lr0.02_m0.95,MUON,2,shakespeare_char,0,train_eval,4.270771503448486,9.900990099009901e-06,,
2025-09-15 11:08:48,MUON_lr0.02_m0.95,MUON,2,shakespeare_char,0,val_eval,4.269772529602051,9.900990099009901e-06,,
2025-09-15 11:09:15,SGD_lr0.001_m0.0,SGD,2,shakespeare_char,200,train_iter,3.4618797302246094,0.0009990754267376514,0.026971889812087983,425811.2225532532
2025-09-15 11:09:40,SGD_lr0.001_m0.9,SGD,2,shakespeare_char,0,train_eval,4.270771503448486,9.900990099009901e-06,,
2025-09-15 11:09:40,SGD_lr0.001_m0.9,SGD,2,shakespeare_char,0,val_eval,4.269772529602051,9.900990099009901e-06,,
2025-09-15 11:10:03,MUON_lr0.01_m0.95,MUON,2,shakespeare_char,100,train_iter,2.783973217010498,0.001,0.023793312413781523,398490.8711910248
2025-09-15 11:10:06,MUON_lr0.01_m0.95,MUON,2,shakespeare_char,110,train_eval,2.6788904666900635,0.0009999907511312647,0.023793312413781523,
2025-09-15 11:10:06,MUON_lr0.01_m0.95,MUON,2,shakespeare_char,110,val_eval,2.6984801292419434,0.0009999907511312647,0.023793312413781523,
2025-09-15 11:10:07,MUON_lr0.01_m0.95,MUON,2,shakespeare_char,110,train_iter,2.7630457878112793,0.0009999907511312647,0.023602561449086776,3192.3398971557617
2025-09-15 11:10:10,MUON_lr0.01_m0.95,MUON,2,shakespeare_char,120,train_eval,2.643237590789795,0.0009999630049052437,0.023602561449086776,
2025-09-15 11:10:10,MUON_lr0.01_m0.95,MUON,2,shakespeare_char,120,val_eval,2.6571662425994873,0.0009999630049052437,0.023602561449086776,
2025-09-15 11:10:11,MUON_lr0.01_m0.95,MUON,2,shakespeare_char,120,train_iter,2.7001540660858154,0.0009999630049052437,0.023039876031261015,3886.7411613464355
2025-09-15 11:10:14,MUON_lr0.01_m0.95,MUON,2,shakespeare_char,130,train_eval,2.609119176864624,0.0009999167624624755,0.023039876031261015,
2025-09-15 11:10:14,MUON_lr0.01_m0.95,MUON,2,shakespeare_char,130,val_eval,2.6335012912750244,0.0009999167624624755,0.023039876031261015,
2025-09-15 11:10:15,MUON_lr0.01_m0.95,MUON,2,shakespeare_char,130,train_iter,2.697827100753784,0.0009999167624624755,0.022718619336988734,3523.7722396850586
2025-09-15 11:10:17,MUON_lr0.01_m0.95,MUON,2,shakespeare_char,140,train_eval,2.588858127593994,0.000999852025703806,0.022718619336988734,
2025-09-15 11:10:17,MUON_lr0.01_m0.95,MUON,2,shakespeare_char,140,val_eval,2.6033554077148438,0.000999852025703806,0.022718619336988734,
2025-09-15 11:10:18,MUON_lr0.01_m0.95,MUON,2,shakespeare_char,140,train_iter,2.6353631019592285,0.000999852025703806,0.023385619782591065,2377.3458003997803
2025-09-15 11:10:21,MUON_lr0.01_m0.95,MUON,2,shakespeare_char,150,train_eval,2.5762009620666504,0.0009997687972903096,0.023385619782591065,
2025-09-15 11:10:21,MUON_lr0.01_m0.95,MUON,2,shakespeare_char,150,val_eval,2.58868408203125,0.0009997687972903096,0.023385619782591065,
2025-09-15 11:10:22,MUON_lr0.01_m0.95,MUON,2,shakespeare_char,150,train_iter,2.5925540924072266,0.0009997687972903096,0.023036290427849868,3512.2549533843994
2025-09-15 11:10:26,MUON_lr0.01_m0.95,MUON,2,shakespeare_char,160,train_eval,2.5606982707977295,0.0009996670806431804,0.023036290427849868,
2025-09-15 11:10:26,MUON_lr0.01_m0.95,MUON,2,shakespeare_char,160,val_eval,2.579411029815674,0.0009996670806431804,0.023036290427849868,
2025-09-15 11:10:28,MUON_lr0.01_m0.95,MUON,2,shakespeare_char,160,train_iter,2.570019483566284,0.0009996670806431804,0.022160821314775255,4892.093658447266
2025-09-15 11:10:35,MUON_lr0.01_m0.95,MUON,2,shakespeare_char,170,train_eval,2.548153877258301,0.0009995468799435915,0.022160821314775255,
2025-09-15 11:10:35,MUON_lr0.01_m0.95,MUON,2,shakespeare_char,170,val_eval,2.5638864040374756,0.0009995468799435915,0.022160821314775255,
2025-09-15 11:10:36,MUON_lr0.01_m0.95,MUON,2,shakespeare_char,170,train_iter,2.5682647228240967,0.0009995468799435915,0.021061978647838726,6253.531455993652
2025-09-15 11:10:40,MUON_lr0.01_m0.95,MUON,2,shakespeare_char,180,train_eval,2.5353877544403076,0.000999408200132523,0.021061978647838726,
2025-09-15 11:10:40,MUON_lr0.01_m0.95,MUON,2,shakespeare_char,180,val_eval,2.5582988262176514,0.000999408200132523,0.021061978647838726,
2025-09-15 11:10:42,MUON_lr0.01_m0.95,MUON,2,shakespeare_char,180,train_iter,2.5905513763427734,0.000999408200132523,0.020440410678241837,4706.016063690186
2025-09-15 11:10:43,MUON_lr0.01_m0.95,MUON,2,shakespeare_char,190,train_eval,2.5303854942321777,0.0009992510469105584,0.020440410678241837,
2025-09-15 11:10:43,MUON_lr0.01_m0.95,MUON,2,shakespeare_char,190,val_eval,2.5516319274902344,0.0009992510469105584,0.020440410678241837,
2025-09-15 11:10:44,MUON_lr0.01_m0.95,MUON,2,shakespeare_char,190,train_iter,2.5816659927368164,0.0009992510469105584,0.021448746819806616,2288.9347076416016
2025-09-15 11:10:50,MUON_lr0.01_m0.95,MUON,2,shakespeare_char,200,train_eval,2.5216009616851807,0.0009990754267376514,0.021448746819806616,
2025-09-15 11:10:50,MUON_lr0.01_m0.95,MUON,2,shakespeare_char,200,val_eval,2.541416883468628,0.0009990754267376514,0.021448746819806616,
2025-09-15 11:11:43,SGD_lr0.0003_m0.95,SGD,2,shakespeare_char,200,train_iter,2.6883504390716553,0.0009990754267376514,0.03320515219181067,339441.45131111145
2025-09-15 11:12:04,SGD_lr0.001_m0.0,SGD,2,shakespeare_char,0,train_eval,4.270771503448486,9.900990099009901e-06,,
2025-09-15 11:12:04,SGD_lr0.001_m0.0,SGD,2,shakespeare_char,0,val_eval,4.269772529602051,9.900990099009901e-06,,
2025-09-15 11:14:07,SGD_lr0.001_m0.9,SGD,2,shakespeare_char,100,train_iter,3.194824695587158,0.001,0.017968602845057826,348535.0480079651
2025-09-15 11:14:11,SGD_lr0.001_m0.9,SGD,2,shakespeare_char,110,train_eval,3.0543367862701416,0.0009999907511312647,0.017968602845057826,
2025-09-15 11:14:11,SGD_lr0.001_m0.9,SGD,2,shakespeare_char,110,val_eval,3.085890769958496,0.0009999907511312647,0.017968602845057826,
2025-09-15 11:14:12,SGD_lr0.001_m0.9,SGD,2,shakespeare_char,110,train_iter,3.192646026611328,0.0009999907511312647,0.017810438753459626,4263.567686080933
2025-09-15 11:14:15,SGD_lr0.001_m0.9,SGD,2,shakespeare_char,120,train_eval,2.994534969329834,0.0009999630049052437,0.017810438753459626,
2025-09-15 11:14:15,SGD_lr0.001_m0.9,SGD,2,shakespeare_char,120,val_eval,3.0203235149383545,0.0009999630049052437,0.017810438753459626,
2025-09-15 11:14:15,SGD_lr0.001_m0.9,SGD,2,shakespeare_char,120,train_iter,3.0376601219177246,0.0009999630049052437,0.018265821594720275,3124.042510986328
2025-09-15 11:14:17,SGD_lr0.001_m0.9,SGD,2,shakespeare_char,130,train_eval,2.9305102825164795,0.0009999167624624755,0.018265821594720275,
2025-09-15 11:14:17,SGD_lr0.001_m0.9,SGD,2,shakespeare_char,130,val_eval,2.957679033279419,0.0009999167624624755,0.018265821594720275,
2025-09-15 11:14:17,SGD_lr0.001_m0.9,SGD,2,shakespeare_char,130,train_iter,3.053438186645508,0.0009999167624624755,0.01991971680219625,2007.394790649414
2025-09-15 11:14:19,SGD_lr0.001_m0.9,SGD,2,shakespeare_char,140,train_eval,2.880995512008667,0.000999852025703806,0.01991971680219625,
2025-09-15 11:14:19,SGD_lr0.001_m0.9,SGD,2,shakespeare_char,140,val_eval,2.9039032459259033,0.000999852025703806,0.01991971680219625,
2025-09-15 11:14:19,SGD_lr0.001_m0.9,SGD,2,shakespeare_char,140,train_iter,2.9489104747772217,0.000999852025703806,0.021267799080442525,2091.790199279785
2025-09-15 11:14:22,SGD_lr0.001_m0.9,SGD,2,shakespeare_char,150,train_eval,2.848123550415039,0.0009997687972903096,0.021267799080442525,
2025-09-15 11:14:22,SGD_lr0.001_m0.9,SGD,2,shakespeare_char,150,val_eval,2.867932081222534,0.0009997687972903096,0.021267799080442525,
2025-09-15 11:14:22,SGD_lr0.001_m0.9,SGD,2,shakespeare_char,150,train_iter,2.907337188720703,0.0009997687972903096,0.021700369752827943,2729.8691272735596
2025-09-15 11:14:24,SGD_lr0.001_m0.9,SGD,2,shakespeare_char,160,train_eval,2.8084027767181396,0.0009996670806431804,0.021700369752827943,
2025-09-15 11:14:24,SGD_lr0.001_m0.9,SGD,2,shakespeare_char,160,val_eval,2.83492374420166,0.0009996670806431804,0.021700369752827943,
2025-09-15 11:14:25,SGD_lr0.001_m0.9,SGD,2,shakespeare_char,160,train_iter,2.847777843475342,0.0009996670806431804,0.02219201391056532,2624.9170303344727
2025-09-15 11:14:27,SGD_lr0.001_m0.9,SGD,2,shakespeare_char,170,train_eval,2.788149833679199,0.0009995468799435915,0.02219201391056532,
2025-09-15 11:14:27,SGD_lr0.001_m0.9,SGD,2,shakespeare_char,170,val_eval,2.808284044265747,0.0009995468799435915,0.02219201391056532,
2025-09-15 11:14:27,SGD_lr0.001_m0.9,SGD,2,shakespeare_char,170,train_iter,2.7913739681243896,0.0009995468799435915,0.023269877929538392,2119.0638542175293
2025-09-15 11:14:30,SGD_lr0.001_m0.9,SGD,2,shakespeare_char,180,train_eval,2.7518198490142822,0.000999408200132523,0.023269877929538392,
2025-09-15 11:14:30,SGD_lr0.001_m0.9,SGD,2,shakespeare_char,180,val_eval,2.773291826248169,0.000999408200132523,0.023269877929538392,
2025-09-15 11:14:30,SGD_lr0.001_m0.9,SGD,2,shakespeare_char,180,train_iter,2.849964141845703,0.000999408200132523,0.023128194002400997,3197.1261501312256
2025-09-15 11:14:34,SGD_lr0.001_m0.9,SGD,2,shakespeare_char,190,train_eval,2.737912893295288,0.0009992510469105584,0.023128194002400997,
2025-09-15 11:14:34,SGD_lr0.001_m0.9,SGD,2,shakespeare_char,190,val_eval,2.758650302886963,0.0009992510469105584,0.023128194002400997,
2025-09-15 11:14:34,SGD_lr0.001_m0.9,SGD,2,shakespeare_char,190,train_iter,2.813138961791992,0.0009992510469105584,0.022627157929801796,3856.2514781951904
2025-09-15 11:14:38,SGD_lr0.001_m0.9,SGD,2,shakespeare_char,200,train_eval,2.717952251434326,0.0009990754267376514,0.022627157929801796,
2025-09-15 11:14:38,SGD_lr0.001_m0.9,SGD,2,shakespeare_char,200,val_eval,2.727478265762329,0.0009990754267376514,0.022627157929801796,
2025-09-15 11:15:35,MUON_lr0.02_m0.95,MUON,2,shakespeare_char,0,train_iter,4.265802383422852,9.900990099009901e-06,,412865.84424972534
2025-09-15 11:15:37,MUON_lr0.02_m0.95,MUON,2,shakespeare_char,10,train_eval,4.213286876678467,0.0001089108910891089,,
2025-09-15 11:15:37,MUON_lr0.02_m0.95,MUON,2,shakespeare_char,10,val_eval,4.214261054992676,0.0001089108910891089,,
2025-09-15 11:15:38,MUON_lr0.02_m0.95,MUON,2,shakespeare_char,10,train_iter,4.226042747497559,0.0001089108910891089,0.02511512758168864,2781.8660736083984
2025-09-15 11:15:39,MUON_lr0.02_m0.95,MUON,2,shakespeare_char,20,train_eval,4.056317329406738,0.00020792079207920794,0.02511512758168864,
2025-09-15 11:15:39,MUON_lr0.02_m0.95,MUON,2,shakespeare_char,20,val_eval,4.058237075805664,0.00020792079207920794,0.02511512758168864,
2025-09-15 11:15:40,MUON_lr0.02_m0.95,MUON,2,shakespeare_char,20,train_iter,4.116036415100098,0.00020792079207920794,0.02758184477273439,1403.4490585327148
2025-09-15 11:15:41,MUON_lr0.02_m0.95,MUON,2,shakespeare_char,30,train_eval,3.830148935317993,0.00030693069306930693,0.02758184477273439,
2025-09-15 11:15:41,MUON_lr0.02_m0.95,MUON,2,shakespeare_char,30,val_eval,3.836444616317749,0.00030693069306930693,0.02758184477273439,
2025-09-15 11:15:42,MUON_lr0.02_m0.95,MUON,2,shakespeare_char,30,train_iter,3.946378707885742,0.00030693069306930693,0.028581727508315325,1859.1184616088867
2025-09-15 11:15:44,MUON_lr0.02_m0.95,MUON,2,shakespeare_char,40,train_eval,3.5906593799591064,0.000405940594059406,0.028581727508315325,
2025-09-15 11:15:44,MUON_lr0.02_m0.95,MUON,2,shakespeare_char,40,val_eval,3.601269245147705,0.000405940594059406,0.028581727508315325,
2025-09-15 11:15:44,SGD_lr0.001_m0.9,SGD,2,shakespeare_char,0,train_iter,4.265802383422852,9.900990099009901e-06,,370862.6387119293
2025-09-15 11:15:45,MUON_lr0.02_m0.95,MUON,2,shakespeare_char,40,train_iter,3.7233293056488037,0.000405940594059406,0.028226661464875246,2791.208267211914
2025-09-15 11:15:45,SGD_lr0.001_m0.9,SGD,2,shakespeare_char,10,train_eval,4.234838962554932,0.0001089108910891089,,
2025-09-15 11:15:45,SGD_lr0.001_m0.9,SGD,2,shakespeare_char,10,val_eval,4.2360334396362305,0.0001089108910891089,,
2025-09-15 11:15:46,SGD_lr0.001_m0.9,SGD,2,shakespeare_char,10,train_iter,4.240842819213867,0.0001089108910891089,0.05736644300349264,1217.9057598114014
2025-09-15 11:15:47,SGD_lr0.001_m0.9,SGD,2,shakespeare_char,20,train_eval,4.087526321411133,0.00020792079207920794,0.05736644300349264,
2025-09-15 11:15:47,SGD_lr0.001_m0.9,SGD,2,shakespeare_char,20,val_eval,4.091355800628662,0.00020792079207920794,0.05736644300349264,
2025-09-15 11:15:47,MUON_lr0.02_m0.95,MUON,2,shakespeare_char,50,train_eval,3.3810722827911377,0.000504950495049505,0.028226661464875246,
2025-09-15 11:15:47,MUON_lr0.02_m0.95,MUON,2,shakespeare_char,50,val_eval,3.3987009525299072,0.000504950495049505,0.028226661464875246,
2025-09-15 11:15:47,SGD_lr0.001_m0.9,SGD,2,shakespeare_char,20,train_iter,4.134749412536621,0.00020792079207920794,0.056428809625135586,1455.8608531951904
2025-09-15 11:15:48,MUON_lr0.02_m0.95,MUON,2,shakespeare_char,50,train_iter,3.5227694511413574,0.000504950495049505,0.027796772282830916,2919.9094772338867
2025-09-15 11:15:48,SGD_lr0.001_m0.9,SGD,2,shakespeare_char,30,train_eval,3.87252140045166,0.00030693069306930693,0.056428809625135586,
2025-09-15 11:15:48,SGD_lr0.001_m0.9,SGD,2,shakespeare_char,30,val_eval,3.8832128047943115,0.00030693069306930693,0.056428809625135586,
2025-09-15 11:15:49,SGD_lr0.001_m0.9,SGD,2,shakespeare_char,30,train_iter,3.9627437591552734,0.00030693069306930693,0.0544177798944084,1923.7275123596191
2025-09-15 11:15:52,MUON_lr0.02_m0.95,MUON,2,shakespeare_char,60,train_eval,3.1995623111724854,0.000603960396039604,0.027796772282830916,
2025-09-15 11:15:52,MUON_lr0.02_m0.95,MUON,2,shakespeare_char,60,val_eval,3.2222847938537598,0.000603960396039604,0.027796772282830916,
2025-09-15 11:15:52,SGD_lr0.001_m0.9,SGD,2,shakespeare_char,40,train_eval,3.6898632049560547,0.000405940594059406,0.0544177798944084,
2025-09-15 11:15:52,SGD_lr0.001_m0.9,SGD,2,shakespeare_char,40,val_eval,3.706284999847412,0.000405940594059406,0.0544177798944084,
2025-09-15 11:15:52,MUON_lr0.02_m0.95,MUON,2,shakespeare_char,60,train_iter,3.3435733318328857,0.000603960396039604,0.026904226714407686,3702.2812366485596
2025-09-15 11:15:53,SGD_lr0.001_m0.9,SGD,2,shakespeare_char,40,train_iter,3.7399301528930664,0.000405940594059406,0.05098338048911568,3480.5054664611816
2025-09-15 11:15:56,MUON_lr0.02_m0.95,MUON,2,shakespeare_char,70,train_eval,3.0499753952026367,0.000702970297029703,0.026904226714407686,
2025-09-15 11:15:56,MUON_lr0.02_m0.95,MUON,2,shakespeare_char,70,val_eval,3.074263334274292,0.000702970297029703,0.026904226714407686,
2025-09-15 11:15:56,SGD_lr0.001_m0.9,SGD,2,shakespeare_char,50,train_eval,3.539302349090576,0.000504950495049505,0.05098338048911568,
2025-09-15 11:15:56,SGD_lr0.001_m0.9,SGD,2,shakespeare_char,50,val_eval,3.5666205883026123,0.000504950495049505,0.05098338048911568,
2025-09-15 11:15:57,SGD_lr0.001_m0.9,SGD,2,shakespeare_char,50,train_iter,3.601181745529175,0.000504950495049505,0.047652880790295386,3952.1102905273438
2025-09-15 11:15:57,MUON_lr0.02_m0.95,MUON,2,shakespeare_char,70,train_iter,3.1801650524139404,0.000702970297029703,0.025948026538809527,4028.717279434204
2025-09-15 11:16:00,SGD_lr0.001_m0.9,SGD,2,shakespeare_char,60,train_eval,3.4238226413726807,0.000603960396039604,0.047652880790295386,
2025-09-15 11:16:00,SGD_lr0.001_m0.9,SGD,2,shakespeare_char,60,val_eval,3.4560675621032715,0.000603960396039604,0.047652880790295386,
2025-09-15 11:16:00,MUON_lr0.02_m0.95,MUON,2,shakespeare_char,80,train_eval,2.9214119911193848,0.000801980198019802,0.025948026538809527,
2025-09-15 11:16:00,MUON_lr0.02_m0.95,MUON,2,shakespeare_char,80,val_eval,2.935575008392334,0.000801980198019802,0.025948026538809527,
2025-09-15 11:16:01,SGD_lr0.001_m0.9,SGD,2,shakespeare_char,60,train_iter,3.495137929916382,0.000603960396039604,0.0449619560334662,3368.1139945983887
2025-09-15 11:16:01,MUON_lr0.02_m0.95,MUON,2,shakespeare_char,80,train_iter,3.027539014816284,0.000801980198019802,0.02554576443069002,3186.5737438201904
2025-09-15 11:16:02,SGD_lr0.001_m0.9,SGD,2,shakespeare_char,70,train_eval,3.347054958343506,0.000702970297029703,0.0449619560334662,
2025-09-15 11:16:02,SGD_lr0.001_m0.9,SGD,2,shakespeare_char,70,val_eval,3.3817758560180664,0.000702970297029703,0.0449619560334662,
2025-09-15 11:16:03,SGD_lr0.001_m0.9,SGD,2,shakespeare_char,70,train_iter,3.4146904945373535,0.000702970297029703,0.04375600287972673,2123.45814704895
2025-09-15 11:16:04,MUON_lr0.02_m0.95,MUON,2,shakespeare_char,90,train_eval,2.8138267993927,0.0009009900990099009,0.02554576443069002,
2025-09-15 11:16:04,MUON_lr0.02_m0.95,MUON,2,shakespeare_char,90,val_eval,2.8264496326446533,0.0009009900990099009,0.02554576443069002,
2025-09-15 11:16:05,MUON_lr0.02_m0.95,MUON,2,shakespeare_char,90,train_iter,2.8972859382629395,0.0009009900990099009,0.02516618820250706,3212.2719287872314
2025-09-15 11:16:05,SGD_lr0.001_m0.9,SGD,2,shakespeare_char,80,train_eval,3.292814254760742,0.000801980198019802,0.04375600287972673,
2025-09-15 11:16:05,SGD_lr0.001_m0.9,SGD,2,shakespeare_char,80,val_eval,3.3190577030181885,0.000801980198019802,0.04375600287972673,
2025-09-15 11:16:06,SGD_lr0.001_m0.9,SGD,2,shakespeare_char,80,train_iter,3.321418285369873,0.000801980198019802,0.04173603223853171,2965.9552574157715
2025-09-15 11:16:07,SGD_lr0.001_m0.9,SGD,2,shakespeare_char,90,train_eval,3.229849338531494,0.0009009900990099009,0.04173603223853171,
2025-09-15 11:16:07,SGD_lr0.001_m0.9,SGD,2,shakespeare_char,90,val_eval,3.2611255645751953,0.0009009900990099009,0.04173603223853171,
2025-09-15 11:16:07,MUON_lr0.02_m0.95,MUON,2,shakespeare_char,100,train_eval,2.7361111640930176,0.001,0.02516618820250706,
2025-09-15 11:16:07,MUON_lr0.02_m0.95,MUON,2,shakespeare_char,100,val_eval,2.761227607727051,0.001,0.02516618820250706,
2025-09-15 11:16:07,SGD_lr0.001_m0.9,SGD,2,shakespeare_char,90,train_iter,3.2135818004608154,0.0009009900990099009,0.04304302238963686,1274.8057842254639
2025-09-15 11:16:09,SGD_lr0.001_m0.9,SGD,2,shakespeare_char,100,train_eval,3.143059492111206,0.001,0.04304302238963686,
2025-09-15 11:16:09,SGD_lr0.001_m0.9,SGD,2,shakespeare_char,100,val_eval,3.1808626651763916,0.001,0.04304302238963686,
2025-09-15 11:16:49,MUON_lr0.01_m0.95,MUON,2,shakespeare_char,200,train_iter,2.5953176021575928,0.0009990754267376514,0.01932309925186909,363377.0580291748
2025-09-15 11:17:15,MUON_lr0.01_m0.99,MUON,2,shakespeare_char,0,train_eval,4.270771503448486,9.900990099009901e-06,,
2025-09-15 11:17:15,MUON_lr0.01_m0.99,MUON,2,shakespeare_char,0,val_eval,4.269772529602051,9.900990099009901e-06,,
2025-09-15 11:18:15,SGD_lr0.001_m0.0,SGD,2,shakespeare_char,0,train_iter,4.265802383422852,9.900990099009901e-06,,377055.45139312744
2025-09-15 11:18:18,SGD_lr0.001_m0.0,SGD,2,shakespeare_char,10,train_eval,4.263160228729248,0.0001089108910891089,,
2025-09-15 11:18:18,SGD_lr0.001_m0.0,SGD,2,shakespeare_char,10,val_eval,4.263652801513672,0.0001089108910891089,,
2025-09-15 11:18:18,SGD_lr0.001_m0.0,SGD,2,shakespeare_char,10,train_iter,4.260556221008301,0.0001089108910891089,0.02647190675220884,2639.2855644226074
2025-09-15 11:18:19,SGD_lr0.001_m0.0,SGD,2,shakespeare_char,20,train_eval,4.243582725524902,0.00020792079207920794,0.02647190675220884,
2025-09-15 11:18:19,SGD_lr0.001_m0.0,SGD,2,shakespeare_char,20,val_eval,4.243231296539307,0.00020792079207920794,0.02647190675220884,
2025-09-15 11:18:19,SGD_lr0.001_m0.0,SGD,2,shakespeare_char,20,train_iter,4.246522426605225,0.00020792079207920794,0.030525219677284252,1042.7114963531494
2025-09-15 11:18:21,SGD_lr0.001_m0.0,SGD,2,shakespeare_char,30,train_eval,4.212087631225586,0.00030693069306930693,0.030525219677284252,
2025-09-15 11:18:21,SGD_lr0.001_m0.0,SGD,2,shakespeare_char,30,val_eval,4.212050437927246,0.00030693069306930693,0.030525219677284252,
2025-09-15 11:18:21,SGD_lr0.001_m0.0,SGD,2,shakespeare_char,30,train_iter,4.230582237243652,0.00030693069306930693,0.03081999557195372,2087.263345718384
2025-09-15 11:18:23,SGD_lr0.001_m0.0,SGD,2,shakespeare_char,40,train_eval,4.168066501617432,0.000405940594059406,0.03081999557195372,
2025-09-15 11:18:23,SGD_lr0.001_m0.0,SGD,2,shakespeare_char,40,val_eval,4.170440673828125,0.000405940594059406,0.03081999557195372,
2025-09-15 11:18:23,SGD_lr0.001_m0.0,SGD,2,shakespeare_char,40,train_iter,4.190357208251953,0.000405940594059406,0.03277707161113244,1386.502742767334
2025-09-15 11:18:25,SGD_lr0.001_m0.0,SGD,2,shakespeare_char,50,train_eval,4.116246223449707,0.000504950495049505,0.03277707161113244,
2025-09-15 11:18:25,SGD_lr0.001_m0.0,SGD,2,shakespeare_char,50,val_eval,4.119361400604248,0.000504950495049505,0.03277707161113244,
2025-09-15 11:18:25,SGD_lr0.001_m0.0,SGD,2,shakespeare_char,50,train_iter,4.153319358825684,0.000504950495049505,0.03285212577164257,2083.862066268921
2025-09-15 11:18:26,SGD_lr0.001_m0.0,SGD,2,shakespeare_char,60,train_eval,4.053562164306641,0.000603960396039604,0.03285212577164257,
2025-09-15 11:18:26,SGD_lr0.001_m0.0,SGD,2,shakespeare_char,60,val_eval,4.059859275817871,0.000603960396039604,0.03285212577164257,
2025-09-15 11:18:26,SGD_lr0.001_m0.0,SGD,2,shakespeare_char,60,train_iter,4.119261264801025,0.000603960396039604,0.03511738518419503,1258.756399154663
2025-09-15 11:18:27,SGD_lr0.001_m0.0,SGD,2,shakespeare_char,70,train_eval,3.9853382110595703,0.000702970297029703,0.03511738518419503,
2025-09-15 11:18:27,SGD_lr0.001_m0.0,SGD,2,shakespeare_char,70,val_eval,3.9951233863830566,0.000702970297029703,0.03511738518419503,
2025-09-15 11:18:27,SGD_lr0.001_m0.0,SGD,2,shakespeare_char,70,train_iter,4.0658674240112305,0.000702970297029703,0.038014016902730555,1090.2447700500488
2025-09-15 11:18:29,SGD_lr0.001_m0.0,SGD,2,shakespeare_char,80,train_eval,3.9178099632263184,0.000801980198019802,0.038014016902730555,
2025-09-15 11:18:29,SGD_lr0.001_m0.0,SGD,2,shakespeare_char,80,val_eval,3.925217628479004,0.000801980198019802,0.038014016902730555,
2025-09-15 11:18:29,SGD_lr0.001_m0.0,SGD,2,shakespeare_char,80,train_iter,4.004571437835693,0.000801980198019802,0.03793028144637522,1879.3220520019531
2025-09-15 11:18:31,SGD_lr0.001_m0.0,SGD,2,shakespeare_char,90,train_eval,3.848958730697632,0.0009009900990099009,0.03793028144637522,
2025-09-15 11:18:31,SGD_lr0.001_m0.0,SGD,2,shakespeare_char,90,val_eval,3.859631299972534,0.0009009900990099009,0.03793028144637522,
2025-09-15 11:18:31,SGD_lr0.001_m0.0,SGD,2,shakespeare_char,90,train_iter,3.9243807792663574,0.0009009900990099009,0.03776192768813995,1927.5364875793457
2025-09-15 11:18:32,SGD_lr0.001_m0.0,SGD,2,shakespeare_char,100,train_eval,3.7827951908111572,0.001,0.03776192768813995,
2025-09-15 11:18:32,SGD_lr0.001_m0.0,SGD,2,shakespeare_char,100,val_eval,3.796172857284546,0.001,0.03776192768813995,
2025-09-15 11:19:42,SGD_lr0.001_m0.9,SGD,2,shakespeare_char,200,train_iter,2.779784917831421,0.0009990754267376514,0.020387131364700203,307929.9204349518
2025-09-15 11:20:06,SGD_lr0.001_m0.95,SGD,2,shakespeare_char,0,train_eval,4.270771503448486,9.900990099009901e-06,,
2025-09-15 11:20:06,SGD_lr0.001_m0.95,SGD,2,shakespeare_char,0,val_eval,4.269772529602051,9.900990099009901e-06,,
2025-09-15 11:21:54,SGD_lr0.001_m0.9,SGD,2,shakespeare_char,100,train_iter,3.1946678161621094,0.001,0.03875888570974718,346466.57252311707
2025-09-15 11:21:55,SGD_lr0.001_m0.9,SGD,2,shakespeare_char,110,train_eval,3.0543417930603027,0.0009999907511312647,0.03875888570974718,
2025-09-15 11:21:55,SGD_lr0.001_m0.9,SGD,2,shakespeare_char,110,val_eval,3.0859017372131348,0.0009999907511312647,0.03875888570974718,
2025-09-15 11:21:55,SGD_lr0.001_m0.9,SGD,2,shakespeare_char,110,train_iter,3.192657470703125,0.0009999907511312647,0.040029234277304634,1357.6312065124512
2025-09-15 11:21:56,SGD_lr0.001_m0.9,SGD,2,shakespeare_char,120,train_eval,2.994530439376831,0.0009999630049052437,0.040029234277304634,
2025-09-15 11:21:56,SGD_lr0.001_m0.9,SGD,2,shakespeare_char,120,val_eval,3.0203051567077637,0.0009999630049052437,0.040029234277304634,
2025-09-15 11:21:57,SGD_lr0.001_m0.9,SGD,2,shakespeare_char,120,train_iter,3.037611961364746,0.0009999630049052437,0.04161940581918452,1249.1638660430908
2025-09-15 11:21:59,SGD_lr0.001_m0.9,SGD,2,shakespeare_char,130,train_eval,2.9304921627044678,0.0009999167624624755,0.04161940581918452,
2025-09-15 11:21:59,SGD_lr0.001_m0.9,SGD,2,shakespeare_char,130,val_eval,2.9576611518859863,0.0009999167624624755,0.04161940581918452,
2025-09-15 11:22:00,SGD_lr0.001_m0.9,SGD,2,shakespeare_char,130,train_iter,3.0534915924072266,0.0009999167624624755,0.039771476374804174,3019.299268722534
2025-09-15 11:22:01,SGD_lr0.001_m0.9,SGD,2,shakespeare_char,140,train_eval,2.880993127822876,0.000999852025703806,0.039771476374804174,
2025-09-15 11:22:01,SGD_lr0.001_m0.9,SGD,2,shakespeare_char,140,val_eval,2.9039013385772705,0.000999852025703806,0.039771476374804174,
2025-09-15 11:22:01,SGD_lr0.001_m0.9,SGD,2,shakespeare_char,140,train_iter,2.94887113571167,0.000999852025703806,0.04001646740858773,1654.775619506836
2025-09-15 11:22:03,SGD_lr0.001_m0.9,SGD,2,shakespeare_char,150,train_eval,2.848123788833618,0.0009997687972903096,0.04001646740858773,
2025-09-15 11:22:03,SGD_lr0.001_m0.9,SGD,2,shakespeare_char,150,val_eval,2.867941379547119,0.0009997687972903096,0.04001646740858773,
2025-09-15 11:22:03,MUON_lr0.02_m0.95,MUON,2,shakespeare_char,100,train_iter,2.784191846847534,0.001,0.022669109750101887,357551.7201423645
2025-09-15 11:22:03,SGD_lr0.001_m0.9,SGD,2,shakespeare_char,150,train_iter,2.907264232635498,0.0009997687972903096,0.04107669964585177,1380.2566528320312
2025-09-15 11:22:05,SGD_lr0.001_m0.9,SGD,2,shakespeare_char,160,train_eval,2.8083951473236084,0.0009996670806431804,0.04107669964585177,
2025-09-15 11:22:05,SGD_lr0.001_m0.9,SGD,2,shakespeare_char,160,val_eval,2.834927558898926,0.0009996670806431804,0.04107669964585177,
2025-09-15 11:22:05,MUON_lr0.02_m0.95,MUON,2,shakespeare_char,110,train_eval,2.6789391040802,0.0009999907511312647,0.022669109750101887,
2025-09-15 11:22:05,MUON_lr0.02_m0.95,MUON,2,shakespeare_char,110,val_eval,2.6985342502593994,0.0009999907511312647,0.022669109750101887,
2025-09-15 11:22:05,SGD_lr0.001_m0.9,SGD,2,shakespeare_char,160,train_iter,2.84773588180542,0.0009996670806431804,0.04016527942524563,2185.9030723571777
2025-09-15 11:22:06,MUON_lr0.02_m0.95,MUON,2,shakespeare_char,110,train_iter,2.7632393836975098,0.0009999907511312647,0.023026578377062526,2662.2262001037598
2025-09-15 11:22:06,SGD_lr0.001_m0.9,SGD,2,shakespeare_char,170,train_eval,2.788149118423462,0.0009995468799435915,0.04016527942524563,
2025-09-15 11:22:06,SGD_lr0.001_m0.9,SGD,2,shakespeare_char,170,val_eval,2.8082807064056396,0.0009995468799435915,0.04016527942524563,
2025-09-15 11:22:07,SGD_lr0.001_m0.9,SGD,2,shakespeare_char,170,train_iter,2.791398525238037,0.0009995468799435915,0.04201795377321831,1190.398931503296
2025-09-15 11:22:08,SGD_lr0.001_m0.9,SGD,2,shakespeare_char,180,train_eval,2.751831293106079,0.000999408200132523,0.04201795377321831,
2025-09-15 11:22:08,SGD_lr0.001_m0.9,SGD,2,shakespeare_char,180,val_eval,2.77329683303833,0.000999408200132523,0.04201795377321831,
2025-09-15 11:22:08,SGD_lr0.001_m0.9,SGD,2,shakespeare_char,180,train_iter,2.8498446941375732,0.000999408200132523,0.042434031374568235,1512.967586517334
2025-09-15 11:22:08,MUON_lr0.02_m0.95,MUON,2,shakespeare_char,120,train_eval,2.6432602405548096,0.0009999630049052437,0.023026578377062526,
2025-09-15 11:22:08,MUON_lr0.02_m0.95,MUON,2,shakespeare_char,120,val_eval,2.657177209854126,0.0009999630049052437,0.023026578377062526,
2025-09-15 11:22:09,MUON_lr0.02_m0.95,MUON,2,shakespeare_char,120,train_iter,2.7003097534179688,0.0009999630049052437,0.02344130034407238,2571.1135864257812
2025-09-15 11:22:09,SGD_lr0.001_m0.9,SGD,2,shakespeare_char,190,train_eval,2.7379181385040283,0.0009992510469105584,0.042434031374568235,
2025-09-15 11:22:09,SGD_lr0.001_m0.9,SGD,2,shakespeare_char,190,val_eval,2.758657455444336,0.0009992510469105584,0.042434031374568235,
2025-09-15 11:22:09,SGD_lr0.001_m0.9,SGD,2,shakespeare_char,190,train_iter,2.8132662773132324,0.0009992510469105584,0.04374208968025107,1258.5320472717285
2025-09-15 11:22:10,SGD_lr0.001_m0.9,SGD,2,shakespeare_char,200,train_eval,2.717984914779663,0.0009990754267376514,0.04374208968025107,
2025-09-15 11:22:10,SGD_lr0.001_m0.9,SGD,2,shakespeare_char,200,val_eval,2.7274951934814453,0.0009990754267376514,0.04374208968025107,
2025-09-15 11:22:11,MUON_lr0.02_m0.95,MUON,2,shakespeare_char,130,train_eval,2.6091058254241943,0.0009999167624624755,0.02344130034407238,
2025-09-15 11:22:11,MUON_lr0.02_m0.95,MUON,2,shakespeare_char,130,val_eval,2.633471965789795,0.0009999167624624755,0.02344130034407238,
2025-09-15 11:22:12,MUON_lr0.02_m0.95,MUON,2,shakespeare_char,130,train_iter,2.6979033946990967,0.0009999167624624755,0.023722045211590524,2661.723852157593
2025-09-15 11:22:15,MUON_lr0.02_m0.95,MUON,2,shakespeare_char,140,train_eval,2.5888311862945557,0.000999852025703806,0.023722045211590524,
2025-09-15 11:22:15,MUON_lr0.02_m0.95,MUON,2,shakespeare_char,140,val_eval,2.603335380554199,0.000999852025703806,0.023722045211590524,
2025-09-15 11:22:16,MUON_lr0.02_m0.95,MUON,2,shakespeare_char,140,train_iter,2.635159969329834,0.000999852025703806,0.023472819956409773,3290.984630584717
2025-09-15 11:22:19,MUON_lr0.02_m0.95,MUON,2,shakespeare_char,150,train_eval,2.5762643814086914,0.0009997687972903096,0.023472819956409773,
2025-09-15 11:22:19,MUON_lr0.02_m0.95,MUON,2,shakespeare_char,150,val_eval,2.588714599609375,0.0009997687972903096,0.023472819956409773,
2025-09-15 11:22:20,MUON_lr0.02_m0.95,MUON,2,shakespeare_char,150,train_iter,2.5925111770629883,0.0009997687972903096,0.023366386455982213,3117.877960205078
2025-09-15 11:22:24,MUON_lr0.02_m0.95,MUON,2,shakespeare_char,160,train_eval,2.5607287883758545,0.0009996670806431804,0.023366386455982213,
2025-09-15 11:22:24,MUON_lr0.02_m0.95,MUON,2,shakespeare_char,160,val_eval,2.5794577598571777,0.0009996670806431804,0.023366386455982213,
2025-09-15 11:22:25,MUON_lr0.02_m0.95,MUON,2,shakespeare_char,160,train_iter,2.5699384212493896,0.0009996670806431804,0.022806624176245422,3932.0080280303955
2025-09-15 11:22:28,MUON_lr0.02_m0.95,MUON,2,shakespeare_char,170,train_eval,2.5481619834899902,0.0009995468799435915,0.022806624176245422,
2025-09-15 11:22:28,MUON_lr0.02_m0.95,MUON,2,shakespeare_char,170,val_eval,2.5638914108276367,0.0009995468799435915,0.022806624176245422,
2025-09-15 11:22:29,MUON_lr0.02_m0.95,MUON,2,shakespeare_char,170,train_iter,2.5682883262634277,0.0009995468799435915,0.02230566792864152,3925.7559776306152
2025-09-15 11:22:32,MUON_lr0.02_m0.95,MUON,2,shakespeare_char,180,train_eval,2.535374164581299,0.000999408200132523,0.02230566792864152,
2025-09-15 11:22:32,MUON_lr0.02_m0.95,MUON,2,shakespeare_char,180,val_eval,2.5582637786865234,0.000999408200132523,0.02230566792864152,
2025-09-15 11:22:33,MUON_lr0.02_m0.95,MUON,2,shakespeare_char,180,train_iter,2.590651273727417,0.000999408200132523,0.02243110671717871,2965.481996536255
2025-09-15 11:22:36,MUON_lr0.02_m0.95,MUON,2,shakespeare_char,190,train_eval,2.5303947925567627,0.0009992510469105584,0.02243110671717871,
2025-09-15 11:22:36,MUON_lr0.02_m0.95,MUON,2,shakespeare_char,190,val_eval,2.5516481399536133,0.0009992510469105584,0.02243110671717871,
2025-09-15 11:22:37,MUON_lr0.02_m0.95,MUON,2,shakespeare_char,190,train_iter,2.5816762447357178,0.0009992510469105584,0.02210234666816447,3649.6407985687256
2025-09-15 11:22:40,MUON_lr0.02_m0.95,MUON,2,shakespeare_char,200,train_eval,2.5216286182403564,0.0009990754267376514,0.02210234666816447,
2025-09-15 11:22:40,MUON_lr0.02_m0.95,MUON,2,shakespeare_char,200,val_eval,2.5414700508117676,0.0009990754267376514,0.02210234666816447,
2025-09-15 11:22:51,MUON_lr0.01_m0.99,MUON,2,shakespeare_char,0,train_iter,4.265802383422852,9.900990099009901e-06,,341888.8852596283
2025-09-15 11:22:54,MUON_lr0.01_m0.99,MUON,2,shakespeare_char,10,train_eval,4.213353157043457,0.0001089108910891089,,
2025-09-15 11:22:54,MUON_lr0.01_m0.99,MUON,2,shakespeare_char,10,val_eval,4.2143144607543945,0.0001089108910891089,,
2025-09-15 11:22:55,MUON_lr0.01_m0.99,MUON,2,shakespeare_char,10,train_iter,4.225983619689941,0.0001089108910891089,0.02097437985642911,3331.0601711273193
2025-09-15 11:22:59,MUON_lr0.01_m0.99,MUON,2,shakespeare_char,20,train_eval,4.05559778213501,0.00020792079207920794,0.02097437985642911,
2025-09-15 11:22:59,MUON_lr0.01_m0.99,MUON,2,shakespeare_char,20,val_eval,4.057520866394043,0.00020792079207920794,0.02097437985642911,
2025-09-15 11:22:59,MUON_lr0.01_m0.99,MUON,2,shakespeare_char,20,train_iter,4.115412712097168,0.00020792079207920794,0.02063791050685235,3967.5278663635254
2025-09-15 11:23:02,MUON_lr0.01_m0.99,MUON,2,shakespeare_char,30,train_eval,3.8298959732055664,0.00030693069306930693,0.02063791050685235,
2025-09-15 11:23:02,MUON_lr0.01_m0.99,MUON,2,shakespeare_char,30,val_eval,3.8361828327178955,0.00030693069306930693,0.02063791050685235,
2025-09-15 11:23:03,MUON_lr0.01_m0.99,MUON,2,shakespeare_char,30,train_iter,3.945971965789795,0.00030693069306930693,0.021465500694732766,2416.3856506347656
2025-09-15 11:23:04,MUON_lr0.01_m0.99,MUON,2,shakespeare_char,40,train_eval,3.593503952026367,0.000405940594059406,0.021465500694732766,
2025-09-15 11:23:04,MUON_lr0.01_m0.99,MUON,2,shakespeare_char,40,val_eval,3.6039698123931885,0.000405940594059406,0.021465500694732766,
2025-09-15 11:23:04,MUON_lr0.01_m0.99,MUON,2,shakespeare_char,40,train_iter,3.72515869140625,0.000405940594059406,0.02378031152537369,1566.0450458526611
2025-09-15 11:23:07,MUON_lr0.01_m0.99,MUON,2,shakespeare_char,50,train_eval,3.389737844467163,0.000504950495049505,0.02378031152537369,
2025-09-15 11:23:07,MUON_lr0.01_m0.99,MUON,2,shakespeare_char,50,val_eval,3.4067718982696533,0.000504950495049505,0.02378031152537369,
2025-09-15 11:23:08,MUON_lr0.01_m0.99,MUON,2,shakespeare_char,50,train_iter,3.530381679534912,0.000504950495049505,0.023604034196484373,3173.2394695281982
2025-09-15 11:23:10,MUON_lr0.01_m0.99,MUON,2,shakespeare_char,60,train_eval,3.2210757732391357,0.000603960396039604,0.023604034196484373,
2025-09-15 11:23:10,MUON_lr0.01_m0.99,MUON,2,shakespeare_char,60,val_eval,3.2429745197296143,0.000603960396039604,0.023604034196484373,
2025-09-15 11:23:11,MUON_lr0.01_m0.99,MUON,2,shakespeare_char,60,train_iter,3.3610711097717285,0.000603960396039604,0.02383032898041429,2701.007843017578
2025-09-15 11:23:14,MUON_lr0.01_m0.99,MUON,2,shakespeare_char,70,train_eval,3.090189218521118,0.000702970297029703,0.02383032898041429,
2025-09-15 11:23:14,MUON_lr0.01_m0.99,MUON,2,shakespeare_char,70,val_eval,3.1143102645874023,0.000702970297029703,0.02383032898041429,
2025-09-15 11:23:15,MUON_lr0.01_m0.99,MUON,2,shakespeare_char,70,train_iter,3.2112483978271484,0.000702970297029703,0.023489506101083323,3421.142816543579
2025-09-15 11:23:18,MUON_lr0.01_m0.99,MUON,2,shakespeare_char,80,train_eval,2.984128713607788,0.000801980198019802,0.023489506101083323,
2025-09-15 11:23:18,MUON_lr0.01_m0.99,MUON,2,shakespeare_char,80,val_eval,2.9997220039367676,0.000801980198019802,0.023489506101083323,
2025-09-15 11:23:18,MUON_lr0.01_m0.99,MUON,2,shakespeare_char,80,train_iter,3.0768580436706543,0.000801980198019802,0.023559789582513452,2887.976884841919
2025-09-15 11:23:22,MUON_lr0.01_m0.99,MUON,2,shakespeare_char,90,train_eval,2.8863446712493896,0.0009009900990099009,0.023559789582513452,
2025-09-15 11:23:22,MUON_lr0.01_m0.99,MUON,2,shakespeare_char,90,val_eval,2.900700330734253,0.0009009900990099009,0.023559789582513452,
2025-09-15 11:23:23,MUON_lr0.01_m0.99,MUON,2,shakespeare_char,90,train_iter,2.9600424766540527,0.0009009900990099009,0.02308406096555833,3715.8308029174805
2025-09-15 11:23:26,MUON_lr0.01_m0.99,MUON,2,shakespeare_char,100,train_eval,2.7992517948150635,0.001,0.02308406096555833,
2025-09-15 11:23:26,MUON_lr0.01_m0.99,MUON,2,shakespeare_char,100,val_eval,2.820871353149414,0.001,0.02308406096555833,
2025-09-15 11:24:38,SGD_lr0.001_m0.0,SGD,2,shakespeare_char,100,train_iter,3.8889212608337402,0.001,0.034004809703571226,366278.95998954773
2025-09-15 11:24:40,SGD_lr0.001_m0.0,SGD,2,shakespeare_char,110,train_eval,3.7235958576202393,0.0009999907511312647,0.034004809703571226,
2025-09-15 11:24:40,SGD_lr0.001_m0.0,SGD,2,shakespeare_char,110,val_eval,3.7382442951202393,0.0009999907511312647,0.034004809703571226,
2025-09-15 11:24:40,SGD_lr0.001_m0.0,SGD,2,shakespeare_char,110,train_iter,3.8400886058807373,0.0009999907511312647,0.03351952180453224,2396.648168563843
2025-09-15 11:24:44,SGD_lr0.001_m0.0,SGD,2,shakespeare_char,120,train_eval,3.6741323471069336,0.0009999630049052437,0.03351952180453224,
2025-09-15 11:24:44,SGD_lr0.001_m0.0,SGD,2,shakespeare_char,120,val_eval,3.689516067504883,0.0009999630049052437,0.03351952180453224,
2025-09-15 11:24:44,SGD_lr0.001_m0.0,SGD,2,shakespeare_char,120,train_iter,3.7594523429870605,0.0009999630049052437,0.03225493225826315,3347.1386432647705
2025-09-15 11:24:45,SGD_lr0.001_m0.0,SGD,2,shakespeare_char,130,train_eval,3.627200126647949,0.0009999167624624755,0.03225493225826315,
2025-09-15 11:24:45,SGD_lr0.001_m0.0,SGD,2,shakespeare_char,130,val_eval,3.643803119659424,0.0009999167624624755,0.03225493225826315,
2025-09-15 11:24:45,SGD_lr0.001_m0.0,SGD,2,shakespeare_char,130,train_iter,3.72278094291687,0.0009999167624624755,0.03498565786754177,1173.0079650878906
2025-09-15 11:24:47,SGD_lr0.001_m0.0,SGD,2,shakespeare_char,140,train_eval,3.5879929065704346,0.000999852025703806,0.03498565786754177,
2025-09-15 11:24:47,SGD_lr0.001_m0.0,SGD,2,shakespeare_char,140,val_eval,3.607135057449341,0.000999852025703806,0.03498565786754177,
2025-09-15 11:24:48,SGD_lr0.001_m0.0,SGD,2,shakespeare_char,140,train_iter,3.6672239303588867,0.000999852025703806,0.03440404160051853,2395.205020904541
2025-09-15 11:24:51,SGD_lr0.001_m0.0,SGD,2,shakespeare_char,150,train_eval,3.5527212619781494,0.0009997687972903096,0.03440404160051853,
2025-09-15 11:24:51,SGD_lr0.001_m0.0,SGD,2,shakespeare_char,150,val_eval,3.5710058212280273,0.0009997687972903096,0.03440404160051853,
2025-09-15 11:24:51,SGD_lr0.001_m0.0,SGD,2,shakespeare_char,150,train_iter,3.6374130249023438,0.0009997687972903096,0.032849673927021615,3704.4310569763184
2025-09-15 11:24:53,SGD_lr0.001_m0.0,SGD,2,shakespeare_char,160,train_eval,3.519747734069824,0.0009996670806431804,0.032849673927021615,
2025-09-15 11:24:53,SGD_lr0.001_m0.0,SGD,2,shakespeare_char,160,val_eval,3.5453596115112305,0.0009996670806431804,0.032849673927021615,
2025-09-15 11:24:54,SGD_lr0.001_m0.0,SGD,2,shakespeare_char,160,train_iter,3.593057632446289,0.0009996670806431804,0.03253329164837762,2353.5428047180176
2025-09-15 11:24:56,SGD_lr0.001_m0.0,SGD,2,shakespeare_char,170,train_eval,3.493462562561035,0.0009995468799435915,0.03253329164837762,
2025-09-15 11:24:56,SGD_lr0.001_m0.0,SGD,2,shakespeare_char,170,val_eval,3.5185484886169434,0.0009995468799435915,0.03253329164837762,
2025-09-15 11:24:56,SGD_lr0.001_m0.0,SGD,2,shakespeare_char,170,train_iter,3.5402355194091797,0.0009995468799435915,0.032128055200124614,2453.1126022338867
2025-09-15 11:25:00,SGD_lr0.001_m0.0,SGD,2,shakespeare_char,180,train_eval,3.464294195175171,0.000999408200132523,0.032128055200124614,
2025-09-15 11:25:00,SGD_lr0.001_m0.0,SGD,2,shakespeare_char,180,val_eval,3.4920945167541504,0.000999408200132523,0.032128055200124614,
2025-09-15 11:25:00,SGD_lr0.001_m0.0,SGD,2,shakespeare_char,180,train_iter,3.548008918762207,0.000999408200132523,0.030942555953156384,3446.293354034424
2025-09-15 11:25:02,SGD_lr0.001_m0.0,SGD,2,shakespeare_char,190,train_eval,3.446986198425293,0.0009992510469105584,0.030942555953156384,
2025-09-15 11:25:02,SGD_lr0.001_m0.0,SGD,2,shakespeare_char,190,val_eval,3.4794869422912598,0.0009992510469105584,0.030942555953156384,
2025-09-15 11:25:03,SGD_lr0.001_m0.0,SGD,2,shakespeare_char,190,train_iter,3.520035743713379,0.0009992510469105584,0.030460645964201966,2674.489974975586
2025-09-15 11:25:05,SGD_lr0.001_m0.0,SGD,2,shakespeare_char,200,train_eval,3.4294490814208984,0.0009990754267376514,0.030460645964201966,
2025-09-15 11:25:05,SGD_lr0.001_m0.0,SGD,2,shakespeare_char,200,val_eval,3.455615758895874,0.0009990754267376514,0.030460645964201966,
2025-09-15 11:26:17,SGD_lr0.001_m0.95,SGD,2,shakespeare_char,0,train_iter,4.265802383422852,9.900990099009901e-06,,377404.2661190033
2025-09-15 11:26:21,SGD_lr0.001_m0.95,SGD,2,shakespeare_char,10,train_eval,4.228809356689453,0.0001089108910891089,,
2025-09-15 11:26:21,SGD_lr0.001_m0.95,SGD,2,shakespeare_char,10,val_eval,4.230148792266846,0.0001089108910891089,,
2025-09-15 11:26:22,SGD_lr0.001_m0.95,SGD,2,shakespeare_char,10,train_iter,4.2367048263549805,0.0001089108910891089,0.016225790111693,4305.917978286743
2025-09-15 11:26:26,SGD_lr0.001_m0.95,SGD,2,shakespeare_char,20,train_eval,4.033039569854736,0.00020792079207920794,0.016225790111693,
2025-09-15 11:26:26,SGD_lr0.001_m0.95,SGD,2,shakespeare_char,20,val_eval,4.038337230682373,0.00020792079207920794,0.016225790111693,
2025-09-15 11:26:27,SGD_lr0.001_m0.95,SGD,2,shakespeare_char,20,train_iter,4.093574523925781,0.00020792079207920794,0.016214791587551545,4335.304498672485
2025-09-15 11:26:31,SGD_lr0.001_m0.95,SGD,2,shakespeare_char,30,train_eval,3.768990993499756,0.00030693069306930693,0.016214791587551545,
2025-09-15 11:26:31,SGD_lr0.001_m0.95,SGD,2,shakespeare_char,30,val_eval,3.7832393646240234,0.00030693069306930693,0.016214791587551545,
2025-09-15 11:26:31,SGD_lr0.001_m0.95,SGD,2,shakespeare_char,30,train_iter,3.8565878868103027,0.00030693069306930693,0.016081587373717354,4694.490194320679
2025-09-15 11:26:34,SGD_lr0.001_m0.95,SGD,2,shakespeare_char,40,train_eval,3.587616205215454,0.000405940594059406,0.016081587373717354,
2025-09-15 11:26:34,SGD_lr0.001_m0.95,SGD,2,shakespeare_char,40,val_eval,3.608316421508789,0.000405940594059406,0.016081587373717354,
2025-09-15 11:26:35,SGD_lr0.001_m0.95,SGD,2,shakespeare_char,40,train_iter,3.601386547088623,0.000405940594059406,0.01649590733840981,3454.519510269165
2025-09-15 11:26:39,SGD_lr0.001_m0.95,SGD,2,shakespeare_char,50,train_eval,3.4320785999298096,0.000504950495049505,0.01649590733840981,
2025-09-15 11:26:39,SGD_lr0.001_m0.95,SGD,2,shakespeare_char,50,val_eval,3.4659948348999023,0.000504950495049505,0.01649590733840981,
2025-09-15 11:26:40,SGD_lr0.001_m0.95,SGD,2,shakespeare_char,50,train_iter,3.472217321395874,0.000504950495049505,0.016310726132075504,4770.99609375
2025-09-15 11:26:42,SGD_lr0.001_m0.95,SGD,2,shakespeare_char,60,train_eval,3.3460335731506348,0.000603960396039604,0.016310726132075504,
2025-09-15 11:26:42,SGD_lr0.001_m0.95,SGD,2,shakespeare_char,60,val_eval,3.3839070796966553,0.000603960396039604,0.016310726132075504,
2025-09-15 11:26:43,SGD_lr0.001_m0.95,SGD,2,shakespeare_char,60,train_iter,3.4029929637908936,0.000603960396039604,0.01742547839607476,2544.478416442871
2025-09-15 11:26:45,SGD_lr0.001_m0.95,SGD,2,shakespeare_char,70,train_eval,3.2847554683685303,0.000702970297029703,0.01742547839607476,
2025-09-15 11:26:45,SGD_lr0.001_m0.95,SGD,2,shakespeare_char,70,val_eval,3.3241493701934814,0.000702970297029703,0.01742547839607476,
2025-09-15 11:26:46,SGD_lr0.001_m0.95,SGD,2,shakespeare_char,70,train_iter,3.341766357421875,0.000702970297029703,0.018188244869044527,2788.7487411499023
2025-09-15 11:26:48,SGD_lr0.001_m0.95,SGD,2,shakespeare_char,80,train_eval,3.224433660507202,0.000801980198019802,0.018188244869044527,
2025-09-15 11:26:48,SGD_lr0.001_m0.95,SGD,2,shakespeare_char,80,val_eval,3.253729820251465,0.000801980198019802,0.018188244869044527,
2025-09-15 11:26:49,SGD_lr0.001_m0.95,SGD,2,shakespeare_char,80,train_iter,3.2427165508270264,0.000801980198019802,0.018791544493211788,2884.531021118164
2025-09-15 11:26:53,SGD_lr0.001_m0.95,SGD,2,shakespeare_char,90,train_eval,3.124354362487793,0.0009009900990099009,0.018791544493211788,
2025-09-15 11:26:53,SGD_lr0.001_m0.95,SGD,2,shakespeare_char,90,val_eval,3.155163526535034,0.0009009900990099009,0.018791544493211788,
2025-09-15 11:26:53,SGD_lr0.001_m0.95,SGD,2,shakespeare_char,90,train_iter,3.1061835289001465,0.0009009900990099009,0.01845607860445539,4525.972604751587
2025-09-15 11:26:58,SGD_lr0.001_m0.95,SGD,2,shakespeare_char,100,train_eval,3.0045242309570312,0.001,0.01845607860445539,
2025-09-15 11:26:58,SGD_lr0.001_m0.95,SGD,2,shakespeare_char,100,val_eval,3.0348377227783203,0.001,0.01845607860445539,
2025-09-15 11:28:12,SGD_lr0.001_m0.9,SGD,2,shakespeare_char,200,train_iter,2.7797391414642334,0.0009990754267376514,0.039387158346847896,362424.76177215576
2025-09-15 11:28:35,SGD_lr0.001_m0.95,SGD,2,shakespeare_char,0,train_eval,4.270771503448486,9.900990099009901e-06,,
2025-09-15 11:28:35,SGD_lr0.001_m0.95,SGD,2,shakespeare_char,0,val_eval,4.269772529602051,9.900990099009901e-06,,
2025-09-15 11:29:17,MUON_lr0.01_m0.99,MUON,2,shakespeare_char,100,train_iter,2.855890989303589,0.001,0.020795415391002017,353568.19701194763
2025-09-15 11:29:20,MUON_lr0.01_m0.99,MUON,2,shakespeare_char,110,train_eval,2.7349348068237305,0.0009999907511312647,0.020795415391002017,
2025-09-15 11:29:20,MUON_lr0.01_m0.99,MUON,2,shakespeare_char,110,val_eval,2.756502628326416,0.0009999907511312647,0.020795415391002017,
2025-09-15 11:29:21,MUON_lr0.01_m0.99,MUON,2,shakespeare_char,110,train_iter,2.823634624481201,0.0009999907511312647,0.020879111265813183,3229.73895072937
2025-09-15 11:29:24,MUON_lr0.01_m0.99,MUON,2,shakespeare_char,120,train_eval,2.6946511268615723,0.0009999630049052437,0.020879111265813183,
2025-09-15 11:29:24,MUON_lr0.01_m0.99,MUON,2,shakespeare_char,120,val_eval,2.7145447731018066,0.0009999630049052437,0.020879111265813183,
2025-09-15 11:29:25,MUON_lr0.01_m0.99,MUON,2,shakespeare_char,120,train_iter,2.7477974891662598,0.0009999630049052437,0.020609417709900314,3842.6051139831543
2025-09-15 11:29:29,MUON_lr0.01_m0.99,MUON,2,shakespeare_char,130,train_eval,2.6498093605041504,0.0009999167624624755,0.020609417709900314,
2025-09-15 11:29:29,MUON_lr0.01_m0.99,MUON,2,shakespeare_char,130,val_eval,2.6776254177093506,0.0009999167624624755,0.020609417709900314,
2025-09-15 11:29:30,MUON_lr0.01_m0.99,MUON,2,shakespeare_char,130,train_iter,2.736741542816162,0.0009999167624624755,0.020142856729535672,4382.072448730469
2025-09-15 11:29:34,MUON_lr0.01_m0.99,MUON,2,shakespeare_char,140,train_eval,2.6224896907806396,0.000999852025703806,0.020142856729535672,
2025-09-15 11:29:34,MUON_lr0.01_m0.99,MUON,2,shakespeare_char,140,val_eval,2.6438729763031006,0.000999852025703806,0.020142856729535672,
2025-09-15 11:29:34,MUON_lr0.01_m0.99,MUON,2,shakespeare_char,140,train_iter,2.6599678993225098,0.000999852025703806,0.02018421531788608,3398.784637451172
2025-09-15 11:29:36,MUON_lr0.01_m0.99,MUON,2,shakespeare_char,150,train_eval,2.5996506214141846,0.0009997687972903096,0.02018421531788608,
2025-09-15 11:29:36,MUON_lr0.01_m0.99,MUON,2,shakespeare_char,150,val_eval,2.615535020828247,0.0009997687972903096,0.02018421531788608,
2025-09-15 11:29:36,MUON_lr0.01_m0.99,MUON,2,shakespeare_char,150,train_iter,2.6247966289520264,0.0009997687972903096,0.022283303833200513,1696.824550628662
2025-09-15 11:29:38,MUON_lr0.01_m0.99,MUON,2,shakespeare_char,160,train_eval,2.5793755054473877,0.0009996670806431804,0.022283303833200513,
2025-09-15 11:29:38,MUON_lr0.01_m0.99,MUON,2,shakespeare_char,160,val_eval,2.598585605621338,0.0009996670806431804,0.022283303833200513,
2025-09-15 11:29:39,MUON_lr0.01_m0.99,MUON,2,shakespeare_char,160,train_iter,2.589437484741211,0.0009996670806431804,0.024047192733279283,1750.077247619629
2025-09-15 11:29:41,MUON_lr0.01_m0.99,MUON,2,shakespeare_char,170,train_eval,2.5649514198303223,0.0009995468799435915,0.024047192733279283,
2025-09-15 11:29:41,MUON_lr0.01_m0.99,MUON,2,shakespeare_char,170,val_eval,2.581204891204834,0.0009995468799435915,0.024047192733279283,
2025-09-15 11:29:42,MUON_lr0.01_m0.99,MUON,2,shakespeare_char,170,train_iter,2.588547706604004,0.0009995468799435915,0.023847676866828985,3168.2755947113037
2025-09-15 11:29:45,MUON_lr0.02_m0.95,MUON,2,shakespeare_char,200,train_iter,2.5953030586242676,0.0009990754267376514,0.019908451286545528,427600.843667984
2025-09-15 11:29:45,MUON_lr0.01_m0.99,MUON,2,shakespeare_char,180,train_eval,2.550076723098755,0.000999408200132523,0.023847676866828985,
2025-09-15 11:29:45,MUON_lr0.01_m0.99,MUON,2,shakespeare_char,180,val_eval,2.5712127685546875,0.000999408200132523,0.023847676866828985,
2025-09-15 11:29:46,MUON_lr0.01_m0.99,MUON,2,shakespeare_char,180,train_iter,2.60599422454834,0.000999408200132523,0.02355586419217611,3338.1950855255127
2025-09-15 11:29:49,MUON_lr0.01_m0.99,MUON,2,shakespeare_char,190,train_eval,2.5437428951263428,0.0009992510469105584,0.02355586419217611,
2025-09-15 11:29:49,MUON_lr0.01_m0.99,MUON,2,shakespeare_char,190,val_eval,2.564262628555298,0.0009992510469105584,0.02355586419217611,
2025-09-15 11:29:50,MUON_lr0.01_m0.99,MUON,2,shakespeare_char,190,train_iter,2.5969996452331543,0.0009992510469105584,0.023356397203094778,3240.401268005371
2025-09-15 11:29:53,MUON_lr0.01_m0.99,MUON,2,shakespeare_char,200,train_eval,2.532493829727173,0.0009990754267376514,0.023356397203094778,
2025-09-15 11:29:53,MUON_lr0.01_m0.99,MUON,2,shakespeare_char,200,val_eval,2.5474274158477783,0.0009990754267376514,0.023356397203094778,
2025-09-15 11:30:08,MUON_lr0.02_m0.99,MUON,2,shakespeare_char,0,train_eval,4.270771503448486,9.900990099009901e-06,,
2025-09-15 11:30:08,MUON_lr0.02_m0.99,MUON,2,shakespeare_char,0,val_eval,4.269772529602051,9.900990099009901e-06,,
2025-09-15 11:31:30,SGD_lr0.001_m0.0,SGD,2,shakespeare_char,200,train_iter,3.462050199508667,0.0009990754267376514,0.0274326456832754,386767.6103115082
2025-09-15 11:31:51,SGD_lr0.001_m0.9,SGD,2,shakespeare_char,0,train_eval,4.270771503448486,9.900990099009901e-06,,
2025-09-15 11:31:51,SGD_lr0.001_m0.9,SGD,2,shakespeare_char,0,val_eval,4.269772529602051,9.900990099009901e-06,,
2025-09-15 11:33:29,SGD_lr0.001_m0.95,SGD,2,shakespeare_char,100,train_iter,3.071552276611328,0.001,0.01662813866916533,395444.9701309204
2025-09-15 11:33:32,SGD_lr0.001_m0.95,SGD,2,shakespeare_char,110,train_eval,2.9296910762786865,0.0009999907511312647,0.01662813866916533,
2025-09-15 11:33:32,SGD_lr0.001_m0.95,SGD,2,shakespeare_char,110,val_eval,2.9568707942962646,0.0009999907511312647,0.01662813866916533,
2025-09-15 11:33:33,SGD_lr0.001_m0.95,SGD,2,shakespeare_char,110,train_iter,3.0575900077819824,0.0009999907511312647,0.017020551257707527,3399.475574493408
2025-09-15 11:33:36,SGD_lr0.001_m0.95,SGD,2,shakespeare_char,120,train_eval,2.8640048503875732,0.0009999630049052437,0.017020551257707527,
2025-09-15 11:33:36,SGD_lr0.001_m0.95,SGD,2,shakespeare_char,120,val_eval,2.882664680480957,0.0009999630049052437,0.017020551257707527,
2025-09-15 11:33:37,SGD_lr0.001_m0.95,SGD,2,shakespeare_char,120,train_iter,2.8829221725463867,0.0009999630049052437,0.01685119919176691,4558.412075042725
2025-09-15 11:33:41,SGD_lr0.001_m0.95,SGD,2,shakespeare_char,130,train_eval,2.799398183822632,0.0009999167624624755,0.01685119919176691,
2025-09-15 11:33:41,SGD_lr0.001_m0.95,SGD,2,shakespeare_char,130,val_eval,2.818316698074341,0.0009999167624624755,0.01685119919176691,
2025-09-15 11:33:42,SGD_lr0.001_m0.95,SGD,2,shakespeare_char,130,train_iter,2.9147050380706787,0.0009999167624624755,0.016648570803785886,4712.804079055786
2025-09-15 11:33:47,SGD_lr0.001_m0.95,SGD,2,shakespeare_char,140,train_eval,2.761195182800293,0.000999852025703806,0.016648570803785886,
2025-09-15 11:33:47,SGD_lr0.001_m0.95,SGD,2,shakespeare_char,140,val_eval,2.7747058868408203,0.000999852025703806,0.016648570803785886,
2025-09-15 11:33:48,SGD_lr0.001_m0.95,SGD,2,shakespeare_char,140,train_iter,2.813072681427002,0.000999852025703806,0.016193071336995487,5777.192831039429
2025-09-15 11:33:52,SGD_lr0.001_m0.95,SGD,2,shakespeare_char,150,train_eval,2.7243547439575195,0.0009997687972903096,0.016193071336995487,
2025-09-15 11:33:52,SGD_lr0.001_m0.95,SGD,2,shakespeare_char,150,val_eval,2.7328991889953613,0.0009997687972903096,0.016193071336995487,
2025-09-15 11:33:53,SGD_lr0.001_m0.95,SGD,2,shakespeare_char,150,train_iter,2.766218662261963,0.0009997687972903096,0.016249837947826105,4168.487310409546
2025-09-15 11:33:55,SGD_lr0.001_m0.95,SGD,2,shakespeare_char,160,train_eval,2.6894431114196777,0.0009996670806431804,0.016249837947826105,
2025-09-15 11:33:55,SGD_lr0.001_m0.95,SGD,2,shakespeare_char,160,val_eval,2.7003955841064453,0.0009996670806431804,0.016249837947826105,
2025-09-15 11:33:56,SGD_lr0.001_m0.95,SGD,2,shakespeare_char,160,train_iter,2.71211576461792,0.0009996670806431804,0.01694750894929874,3008.0630779266357
2025-09-15 11:33:59,SGD_lr0.001_m0.95,SGD,2,shakespeare_char,170,train_eval,2.6680023670196533,0.0009995468799435915,0.01694750894929874,
2025-09-15 11:33:59,SGD_lr0.001_m0.95,SGD,2,shakespeare_char,170,val_eval,2.6742546558380127,0.0009995468799435915,0.01694750894929874,
2025-09-15 11:34:00,SGD_lr0.001_m0.95,SGD,2,shakespeare_char,170,train_iter,2.674389362335205,0.0009995468799435915,0.01683261078794025,4422.3692417144775
2025-09-15 11:34:03,SGD_lr0.001_m0.95,SGD,2,shakespeare_char,180,train_eval,2.641852617263794,0.000999408200132523,0.01683261078794025,
2025-09-15 11:34:03,SGD_lr0.001_m0.95,SGD,2,shakespeare_char,180,val_eval,2.649461269378662,0.000999408200132523,0.01683261078794025,
2025-09-15 11:34:04,SGD_lr0.001_m0.95,SGD,2,shakespeare_char,180,train_iter,2.7280757427215576,0.000999408200132523,0.017274979508080508,3286.8809700012207
2025-09-15 11:34:06,SGD_lr0.001_m0.95,SGD,2,shakespeare_char,190,train_eval,2.6317138671875,0.0009992510469105584,0.017274979508080508,
2025-09-15 11:34:06,SGD_lr0.001_m0.95,SGD,2,shakespeare_char,190,val_eval,2.640784502029419,0.0009992510469105584,0.017274979508080508,
2025-09-15 11:34:07,SGD_lr0.001_m0.95,SGD,2,shakespeare_char,190,train_iter,2.6979150772094727,0.0009992510469105584,0.018143261101376436,2691.558361053467
2025-09-15 11:34:09,SGD_lr0.001_m0.95,SGD,2,shakespeare_char,200,train_eval,2.6185269355773926,0.0009990754267376514,0.018143261101376436,
2025-09-15 11:34:10,SGD_lr0.001_m0.95,SGD,2,shakespeare_char,200,val_eval,2.620365858078003,0.0009990754267376514,0.018143261101376436,
