iter,block,layer_short,kappa
0,0,c_attn.weight,3.711200847049955
0,0,c_proj.weight,1000.5327581019966
0,0,c_fc.weight,2.9502803440310656
0,0,c_proj.weight,2.967198704591222
0,1,c_attn.weight,3.6395878098769843
0,1,c_proj.weight,8362.498567083601
0,1,c_fc.weight,2.986044011953653
0,1,c_proj.weight,2.8985686519875737
0,2,c_attn.weight,3.713615253551545
0,2,c_proj.weight,663.430165828477
0,2,c_fc.weight,2.941476568107357
0,2,c_proj.weight,2.9514566169096454
0,3,c_attn.weight,3.6817226274703265
0,3,c_proj.weight,867.9092525634842
0,3,c_fc.weight,2.980871813203569
0,3,c_proj.weight,2.974748927968551
0,4,c_attn.weight,3.647931291984793
0,4,c_proj.weight,349.51909782532306
0,4,c_fc.weight,2.961821104985995
0,4,c_proj.weight,2.9290788255593867
0,5,c_attn.weight,3.6914738463504495
0,5,c_proj.weight,929.2763336306367
0,5,c_fc.weight,2.981218934781202
0,5,c_proj.weight,2.983892745034175
100,0,c_attn.weight,5.099864093304853
100,0,c_proj.weight,1733.926703965624
100,0,c_fc.weight,3.954404096346979
100,0,c_proj.weight,7.407734521306174
100,1,c_attn.weight,3.8077712674222757
100,1,c_proj.weight,3138.6293346084603
100,1,c_fc.weight,3.5911815208630995
100,1,c_proj.weight,6.965721307786923
100,2,c_attn.weight,4.219096542328012
100,2,c_proj.weight,9698.693479411302
100,2,c_fc.weight,3.5186238783500365
100,2,c_proj.weight,7.7524724735835635
100,3,c_attn.weight,5.639338409018386
100,3,c_proj.weight,3541.754998318685
100,3,c_fc.weight,3.602796771327982
100,3,c_proj.weight,8.278561386056504
100,4,c_attn.weight,4.546170883908938
100,4,c_proj.weight,3030.222466854504
100,4,c_fc.weight,3.4547757790727136
100,4,c_proj.weight,8.441987032230703
100,5,c_attn.weight,4.426706029735158
100,5,c_proj.weight,54813.37161641714
100,5,c_fc.weight,3.474768140012247
100,5,c_proj.weight,8.873971460618854
0,0,c_attn.weight,3.7112012901640696
0,0,c_proj.weight,1000.5327581019966
0,0,c_fc.weight,2.950280787780571
0,0,c_proj.weight,2.9671984438511596
0,1,c_attn.weight,3.639587030376841
0,1,c_proj.weight,8362.498567083601
0,1,c_fc.weight,2.986043934482744
0,1,c_proj.weight,2.8985686519875737
0,2,c_attn.weight,3.713613980586387
0,2,c_proj.weight,663.430165828477
0,2,c_fc.weight,2.9414772474177124
0,2,c_proj.weight,2.951455574209035
0,3,c_attn.weight,3.6817226601610598
0,3,c_proj.weight,867.9092525634842
0,3,c_fc.weight,2.9808711365898555
0,3,c_proj.weight,2.9747483360137266
0,4,c_attn.weight,3.647930114010723
0,4,c_proj.weight,349.51909782532306
0,4,c_fc.weight,2.9618214070796247
0,4,c_proj.weight,2.9290781894560163
0,5,c_attn.weight,3.691475023252794
0,5,c_proj.weight,929.2763336306367
0,5,c_fc.weight,2.981218551805167
0,5,c_proj.weight,2.983891885279437
200,0,c_attn.weight,6.1419704826799215
200,0,c_proj.weight,23910.015931712383
200,0,c_fc.weight,4.600114945038457
200,0,c_proj.weight,9.044510465224983
200,1,c_attn.weight,4.947192413780655
200,1,c_proj.weight,4416.467004458523
200,1,c_fc.weight,4.550633217589959
200,1,c_proj.weight,10.053653655336696
200,2,c_attn.weight,7.3705701947219024
200,2,c_proj.weight,172635.25832469665
200,2,c_fc.weight,4.729215812685081
200,2,c_proj.weight,11.326935841318901
200,3,c_attn.weight,8.345782836385577
200,3,c_proj.weight,7689.93554511317
200,3,c_fc.weight,5.235521025109345
200,3,c_proj.weight,12.237397444814317
200,4,c_attn.weight,7.1191704223629
200,4,c_proj.weight,1921.994999419094
200,4,c_fc.weight,4.911847832961152
200,4,c_proj.weight,12.483583111647254
200,5,c_attn.weight,6.419528854704909
200,5,c_proj.weight,82758.39975658705
200,5,c_fc.weight,5.265519926636422
200,5,c_proj.weight,12.579268171324578
0,0,c_attn.weight,3.711200847049955
0,0,c_proj.weight,1000.5327581019966
0,0,c_fc.weight,2.9502803440310656
0,0,c_proj.weight,2.967198704591222
0,1,c_attn.weight,3.6395878098769843
0,1,c_proj.weight,8362.498567083601
0,1,c_fc.weight,2.986044011953653
0,1,c_proj.weight,2.8985686519875737
0,2,c_attn.weight,3.713615253551545
0,2,c_proj.weight,663.430165828477
0,2,c_fc.weight,2.941476568107357
0,2,c_proj.weight,2.9514566169096454
0,3,c_attn.weight,3.6817226274703265
0,3,c_proj.weight,867.9092525634842
0,3,c_fc.weight,2.980871813203569
0,3,c_proj.weight,2.974748927968551
0,4,c_attn.weight,3.647931291984793
0,4,c_proj.weight,349.51909782532306
0,4,c_fc.weight,2.961821104985995
0,4,c_proj.weight,2.9290788255593867
0,5,c_attn.weight,3.6914738463504495
0,5,c_proj.weight,929.2763336306367
0,5,c_fc.weight,2.981218934781202
0,5,c_proj.weight,2.983892745034175
100,0,c_attn.weight,5.098669252377344
100,0,c_proj.weight,1658.9481757777723
100,0,c_fc.weight,3.954063688389555
100,0,c_proj.weight,7.408966967464533
100,1,c_attn.weight,3.8075905126254006
100,1,c_proj.weight,2860.637516417544
100,1,c_fc.weight,3.590772131050038
100,1,c_proj.weight,6.964618981398141
100,2,c_attn.weight,4.21972089424793
100,2,c_proj.weight,10852.209084238875
100,2,c_fc.weight,3.518576991076254
100,2,c_proj.weight,7.752434881116036
100,3,c_attn.weight,5.636261164652297
100,3,c_proj.weight,3692.9564243086843
100,3,c_fc.weight,3.602224651818216
100,3,c_proj.weight,8.277994636531512
100,4,c_attn.weight,4.544376517970133
100,4,c_proj.weight,3160.518050205754
100,4,c_fc.weight,3.4548842925135714
100,4,c_proj.weight,8.442279533447536
100,5,c_attn.weight,4.422700517596094
100,5,c_proj.weight,27775.67777120413
100,5,c_fc.weight,3.4749798314046005
100,5,c_proj.weight,8.872660350112332
0,0,c_attn.weight,3.711200847049955
0,0,c_proj.weight,1000.5327581019966
0,0,c_fc.weight,2.9502803440310656
0,0,c_proj.weight,2.967198704591222
0,1,c_attn.weight,3.6395878098769843
0,1,c_proj.weight,8362.498567083601
0,1,c_fc.weight,2.986044011953653
0,1,c_proj.weight,2.8985686519875737
0,2,c_attn.weight,3.713615253551545
0,2,c_proj.weight,663.430165828477
0,2,c_fc.weight,2.941476568107357
0,2,c_proj.weight,2.9514566169096454
0,3,c_attn.weight,3.6817226274703265
0,3,c_proj.weight,867.9092525634842
0,3,c_fc.weight,2.980871813203569
0,3,c_proj.weight,2.974748927968551
0,4,c_attn.weight,3.647931291984793
0,4,c_proj.weight,349.51909782532306
0,4,c_fc.weight,2.961821104985995
0,4,c_proj.weight,2.9290788255593867
0,5,c_attn.weight,3.6914738463504495
0,5,c_proj.weight,929.2763336306367
0,5,c_fc.weight,2.981218934781202
0,5,c_proj.weight,2.983892745034175
100,0,c_attn.weight,5.095342111830718
100,0,c_proj.weight,1638.3693611183076
100,0,c_fc.weight,3.953758980603913
100,0,c_proj.weight,7.408241405441236
100,1,c_attn.weight,3.8080793940284763
100,1,c_proj.weight,2597.7713191344646
100,1,c_fc.weight,3.591026424210898
100,1,c_proj.weight,6.967308817379283
100,2,c_attn.weight,4.220883044054828
100,2,c_proj.weight,16900.291993229544
100,2,c_fc.weight,3.5186439246976784
100,2,c_proj.weight,7.754132469859374
100,3,c_attn.weight,5.638267516240671
100,3,c_proj.weight,3594.741485529167
100,3,c_fc.weight,3.602940385084976
100,3,c_proj.weight,8.280199363622614
100,4,c_attn.weight,4.544654486330582
100,4,c_proj.weight,3049.2109937875557
100,4,c_fc.weight,3.454666350880421
100,4,c_proj.weight,8.444353098812254
100,5,c_attn.weight,4.424354214175301
100,5,c_proj.weight,23799.687233142908
100,5,c_fc.weight,3.4749634422814313
100,5,c_proj.weight,8.873342906367391
200,0,c_attn.weight,6.157356549445451
200,0,c_proj.weight,5552.323499632101
200,0,c_fc.weight,4.596611583078086
200,0,c_proj.weight,9.062043050421655
200,1,c_attn.weight,4.93552481402123
200,1,c_proj.weight,4844.952427772677
200,1,c_fc.weight,4.551836588495243
200,1,c_proj.weight,10.053685449516657
200,2,c_attn.weight,7.468576899644572
200,2,c_proj.weight,3126.938327525606
200,2,c_fc.weight,4.741508286807422
200,2,c_proj.weight,11.33513408958571
200,3,c_attn.weight,8.418647207827819
200,3,c_proj.weight,6980.3328379140285
200,3,c_fc.weight,5.244359950869372
200,3,c_proj.weight,12.244763477927496
200,4,c_attn.weight,7.159817409370654
200,4,c_proj.weight,3266.7576250502198
200,4,c_fc.weight,4.915039948921435
200,4,c_proj.weight,12.484171059766709
200,5,c_attn.weight,6.372868757810136
200,5,c_proj.weight,37345.06788230752
200,5,c_fc.weight,5.264926381272635
200,5,c_proj.weight,12.585883614806821
100,0,c_attn.weight,4.940559488513745
100,0,c_proj.weight,8314.84937547088
100,0,c_fc.weight,3.831266972850668
100,0,c_proj.weight,7.028765967129731
100,1,c_attn.weight,4.001199229482753
100,1,c_proj.weight,1137.1233333614398
100,1,c_fc.weight,3.6872443568982955
100,1,c_proj.weight,6.935494061229494
100,2,c_attn.weight,3.906008988857549
100,2,c_proj.weight,3237.050326257948
100,2,c_fc.weight,3.5433980061912087
100,2,c_proj.weight,7.382955526959005
100,3,c_attn.weight,5.005218992421387
100,3,c_proj.weight,3920.4214666670205
100,3,c_fc.weight,3.4603994933488935
100,3,c_proj.weight,7.810842347558048
100,4,c_attn.weight,4.561630789488951
100,4,c_proj.weight,2664.4511245039357
100,4,c_fc.weight,3.4291303809373184
100,4,c_proj.weight,8.053337426901628
100,5,c_attn.weight,4.372472073425274
100,5,c_proj.weight,19765.289728315627
100,5,c_fc.weight,3.431203826965482
100,5,c_proj.weight,8.663332735177542
0,0,c_attn.weight,3.7112012901640696
0,0,c_proj.weight,1000.5327581019966
0,0,c_fc.weight,2.950280787780571
0,0,c_proj.weight,2.9671984438511596
0,1,c_attn.weight,3.639587030376841
0,1,c_proj.weight,8362.498567083601
0,1,c_fc.weight,2.986043934482744
0,1,c_proj.weight,2.8985686519875737
0,2,c_attn.weight,3.713613980586387
0,2,c_proj.weight,663.430165828477
0,2,c_fc.weight,2.9414772474177124
0,2,c_proj.weight,2.951455574209035
0,3,c_attn.weight,3.6817226601610598
0,3,c_proj.weight,867.9092525634842
0,3,c_fc.weight,2.9808711365898555
0,3,c_proj.weight,2.9747483360137266
0,4,c_attn.weight,3.647930114010723
0,4,c_proj.weight,349.51909782532306
0,4,c_fc.weight,2.9618214070796247
0,4,c_proj.weight,2.9290781894560163
0,5,c_attn.weight,3.691475023252794
0,5,c_proj.weight,929.2763336306367
0,5,c_fc.weight,2.981218551805167
0,5,c_proj.weight,2.983891885279437
100,0,c_attn.weight,4.939498825632517
100,0,c_proj.weight,9890.450090962759
100,0,c_fc.weight,3.8317137168182582
100,0,c_proj.weight,7.026909485515892
100,1,c_attn.weight,4.001168305288673
100,1,c_proj.weight,1167.9359085751103
100,1,c_fc.weight,3.686484453910676
100,1,c_proj.weight,6.934603483994579
100,2,c_attn.weight,3.9057486987573604
100,2,c_proj.weight,3220.205181505393
100,2,c_fc.weight,3.5428660615302805
100,2,c_proj.weight,7.383245706229699
100,3,c_attn.weight,5.010312826864652
100,3,c_proj.weight,4203.676661332764
100,3,c_fc.weight,3.4599242650537363
100,3,c_proj.weight,7.812484420801202
100,4,c_attn.weight,4.562079704726946
100,4,c_proj.weight,2523.8050701408115
100,4,c_fc.weight,3.4286807741189533
100,4,c_proj.weight,8.054319152372312
100,5,c_attn.weight,4.373914554449223
100,5,c_proj.weight,17428.855252368732
100,5,c_fc.weight,3.4309269885875326
100,5,c_proj.weight,8.660224216673045
200,0,c_attn.weight,6.10298658315646
200,0,c_proj.weight,17360.045274057185
200,0,c_fc.weight,4.675235010504008
200,0,c_proj.weight,9.229036265253393
200,1,c_attn.weight,5.0171293010184455
200,1,c_proj.weight,7223.616466919516
200,1,c_fc.weight,4.539492185880412
200,1,c_proj.weight,10.462913923608054
200,2,c_attn.weight,5.373741534298923
200,2,c_proj.weight,7243.3151285628865
200,2,c_fc.weight,4.822724586096479
200,2,c_proj.weight,11.165160662524421
200,3,c_attn.weight,8.139693895555318
200,3,c_proj.weight,16046.583721211322
200,3,c_fc.weight,5.237796238888379
200,3,c_proj.weight,11.697864504436895
200,4,c_attn.weight,7.561881559120401
200,4,c_proj.weight,17126.87019617229
200,4,c_fc.weight,5.10458633236971
200,4,c_proj.weight,12.175932223025143
200,5,c_attn.weight,6.067868335363517
200,5,c_proj.weight,7290.873518933149
200,5,c_fc.weight,5.031149116754822
200,5,c_proj.weight,12.51106531796681
200,0,c_attn.weight,6.162015189514589
200,0,c_proj.weight,5144.897884665068
200,0,c_fc.weight,4.599383062394411
200,0,c_proj.weight,9.07683156522129
200,1,c_attn.weight,4.9441192232855204
200,1,c_proj.weight,4492.518321649693
200,1,c_fc.weight,4.545945453335282
200,1,c_proj.weight,10.062017780823828
200,2,c_attn.weight,7.377433634915306
200,2,c_proj.weight,2795.7174573888906
200,2,c_fc.weight,4.7331111410493785
200,2,c_proj.weight,11.344290149373657
200,3,c_attn.weight,8.280935823204125
200,3,c_proj.weight,36362.78102322123
200,3,c_fc.weight,5.2410744864974275
200,3,c_proj.weight,12.244196854125699
200,4,c_attn.weight,7.073559712192649
200,4,c_proj.weight,4169.112923143275
200,4,c_fc.weight,4.907176058413708
200,4,c_proj.weight,12.483098698522854
200,5,c_attn.weight,6.354690297799886
200,5,c_proj.weight,15237.280010227665
200,5,c_fc.weight,5.2612763656597
200,5,c_proj.weight,12.586885216022726
200,0,c_attn.weight,6.095836350396386
200,0,c_proj.weight,27059.45708638484
200,0,c_fc.weight,4.674791365026458
200,0,c_proj.weight,9.228011973173116
200,1,c_attn.weight,5.012963115355083
200,1,c_proj.weight,6993.8984766917465
200,1,c_fc.weight,4.54209302734632
200,1,c_proj.weight,10.458918519911876
200,2,c_attn.weight,5.387673683849938
200,2,c_proj.weight,11136.550935399939
200,2,c_fc.weight,4.820495430536953
200,2,c_proj.weight,11.163080430202504
200,3,c_attn.weight,8.170527981530732
200,3,c_proj.weight,5506.621258296245
200,3,c_fc.weight,5.237715000571082
200,3,c_proj.weight,11.690853335037549
200,4,c_attn.weight,7.593611114544578
200,4,c_proj.weight,5570.688729752346
200,4,c_fc.weight,5.103097999102726
200,4,c_proj.weight,12.176003571692362
200,5,c_attn.weight,6.041579149478088
200,5,c_proj.weight,9685.978066996144
200,5,c_fc.weight,5.029286933131193
200,5,c_proj.weight,12.512222155877055
0,0,c_attn.weight,3.711200847049955
0,0,c_proj.weight,1000.5327581019966
0,0,c_fc.weight,2.9502803440310656
0,0,c_proj.weight,2.967198704591222
0,1,c_attn.weight,3.6395878098769843
0,1,c_proj.weight,8362.498567083601
0,1,c_fc.weight,2.986044011953653
0,1,c_proj.weight,2.8985686519875737
0,2,c_attn.weight,3.713615253551545
0,2,c_proj.weight,663.430165828477
0,2,c_fc.weight,2.941476568107357
0,2,c_proj.weight,2.9514566169096454
0,3,c_attn.weight,3.6817226274703265
0,3,c_proj.weight,867.9092525634842
0,3,c_fc.weight,2.980871813203569
0,3,c_proj.weight,2.974748927968551
0,4,c_attn.weight,3.647931291984793
0,4,c_proj.weight,349.51909782532306
0,4,c_fc.weight,2.961821104985995
0,4,c_proj.weight,2.9290788255593867
0,5,c_attn.weight,3.6914738463504495
0,5,c_proj.weight,929.2763336306367
0,5,c_fc.weight,2.981218934781202
0,5,c_proj.weight,2.983892745034175
0,0,c_attn.weight,3.711200847049955
0,0,c_proj.weight,1000.5327581019966
0,0,c_fc.weight,2.9502803440310656
0,0,c_proj.weight,2.967198704591222
0,1,c_attn.weight,3.6395878098769843
0,1,c_proj.weight,8362.498567083601
0,1,c_fc.weight,2.986044011953653
0,1,c_proj.weight,2.8985686519875737
0,2,c_attn.weight,3.713615253551545
0,2,c_proj.weight,663.430165828477
0,2,c_fc.weight,2.941476568107357
0,2,c_proj.weight,2.9514566169096454
0,3,c_attn.weight,3.6817226274703265
0,3,c_proj.weight,867.9092525634842
0,3,c_fc.weight,2.980871813203569
0,3,c_proj.weight,2.974748927968551
0,4,c_attn.weight,3.647931291984793
0,4,c_proj.weight,349.51909782532306
0,4,c_fc.weight,2.961821104985995
0,4,c_proj.weight,2.9290788255593867
0,5,c_attn.weight,3.6914738463504495
0,5,c_proj.weight,929.2763336306367
0,5,c_fc.weight,2.981218934781202
0,5,c_proj.weight,2.983892745034175
0,0,c_attn.weight,3.7112012901640696
0,0,c_proj.weight,1000.5327581019966
0,0,c_fc.weight,2.950280787780571
0,0,c_proj.weight,2.9671984438511596
0,1,c_attn.weight,3.639587030376841
0,1,c_proj.weight,8362.498567083601
0,1,c_fc.weight,2.986043934482744
0,1,c_proj.weight,2.8985686519875737
0,2,c_attn.weight,3.713613980586387
0,2,c_proj.weight,663.430165828477
0,2,c_fc.weight,2.9414772474177124
0,2,c_proj.weight,2.951455574209035
0,3,c_attn.weight,3.6817226601610598
0,3,c_proj.weight,867.9092525634842
0,3,c_fc.weight,2.9808711365898555
0,3,c_proj.weight,2.9747483360137266
0,4,c_attn.weight,3.647930114010723
0,4,c_proj.weight,349.51909782532306
0,4,c_fc.weight,2.9618214070796247
0,4,c_proj.weight,2.9290781894560163
0,5,c_attn.weight,3.691475023252794
0,5,c_proj.weight,929.2763336306367
0,5,c_fc.weight,2.981218551805167
0,5,c_proj.weight,2.983891885279437
100,0,c_attn.weight,4.941235335454734
100,0,c_proj.weight,14536.591372746112
100,0,c_fc.weight,3.831400204320122
100,0,c_proj.weight,7.026445788012507
100,1,c_attn.weight,4.002399780115841
100,1,c_proj.weight,1192.6166428658005
100,1,c_fc.weight,3.6868974890718
100,1,c_proj.weight,6.936879826825682
100,2,c_attn.weight,3.9131017683696845
100,2,c_proj.weight,3217.3874027459183
100,2,c_fc.weight,3.542855203619233
100,2,c_proj.weight,7.3810649875126675
100,3,c_attn.weight,5.00971768878489
100,3,c_proj.weight,4279.240608027771
100,3,c_fc.weight,3.459774504710058
100,3,c_proj.weight,7.811014736113492
100,4,c_attn.weight,4.561686880806885
100,4,c_proj.weight,2541.0032582434865
100,4,c_fc.weight,3.428539535625218
100,4,c_proj.weight,8.052732213506145
100,5,c_attn.weight,4.375336735183267
100,5,c_proj.weight,32503.034857362374
100,5,c_fc.weight,3.431176732553522
100,5,c_proj.weight,8.660896197598811
100,0,c_attn.weight,4.939029898295789
100,0,c_proj.weight,12545.141796553333
100,0,c_fc.weight,3.831836860472761
100,0,c_proj.weight,7.028504185475464
100,1,c_attn.weight,4.00175438560518
100,1,c_proj.weight,1214.4618659372877
100,1,c_fc.weight,3.68803532032394
100,1,c_proj.weight,6.9356482214543185
100,2,c_attn.weight,3.9112130681411483
100,2,c_proj.weight,2938.7227162489894
100,2,c_fc.weight,3.543654721630071
100,2,c_proj.weight,7.382844119248368
100,3,c_attn.weight,5.01067163591399
100,3,c_proj.weight,4370.734008015418
100,3,c_fc.weight,3.4603752755496067
100,3,c_proj.weight,7.811256630959658
100,4,c_attn.weight,4.563997915664582
100,4,c_proj.weight,2583.3723792814253
100,4,c_fc.weight,3.429197619195504
100,4,c_proj.weight,8.053987575450208
100,5,c_attn.weight,4.378047385367539
100,5,c_proj.weight,13609.780932442578
100,5,c_fc.weight,3.4307897809007852
100,5,c_proj.weight,8.661004194113127
100,0,c_attn.weight,4.939156667621381
100,0,c_proj.weight,12027.150042246849
100,0,c_fc.weight,3.831294050088137
100,0,c_proj.weight,7.026997231707706
100,1,c_attn.weight,4.001081615187403
100,1,c_proj.weight,1245.0024117878509
100,1,c_fc.weight,3.6874340661958813
100,1,c_proj.weight,6.933310357694585
100,2,c_attn.weight,3.9074519094631173
100,2,c_proj.weight,3501.6065441429964
100,2,c_fc.weight,3.543211044876576
100,2,c_proj.weight,7.382471880392909
100,3,c_attn.weight,5.006835791711749
100,3,c_proj.weight,3906.1804774371535
100,3,c_fc.weight,3.46021788684413
100,3,c_proj.weight,7.811054836842005
100,4,c_attn.weight,4.565583163420111
100,4,c_proj.weight,2552.9966086328795
100,4,c_fc.weight,3.42915746630275
100,4,c_proj.weight,8.05505513292323
100,5,c_attn.weight,4.37666656294534
100,5,c_proj.weight,32579.953843030988
100,5,c_fc.weight,3.4311663886213926
100,5,c_proj.weight,8.664454806983372
200,0,c_attn.weight,6.09993250942906
200,0,c_proj.weight,86041.54848264434
200,0,c_fc.weight,4.676151654626378
200,0,c_proj.weight,9.225658969513457
200,1,c_attn.weight,5.009833347852915
200,1,c_proj.weight,6256.178386225889
200,1,c_fc.weight,4.544688241380118
200,1,c_proj.weight,10.46049805497365
200,2,c_attn.weight,5.3723845082818835
200,2,c_proj.weight,6768.99881017641
200,2,c_fc.weight,4.821352131761967
200,2,c_proj.weight,11.160743074324845
200,3,c_attn.weight,8.112642699232946
200,3,c_proj.weight,5208.4017027829195
200,3,c_fc.weight,5.236009722176861
200,3,c_proj.weight,11.699227116107007
200,4,c_attn.weight,7.529735200428347
200,4,c_proj.weight,29478.554440620337
200,4,c_fc.weight,5.1032531656725455
200,4,c_proj.weight,12.172760718798187
200,5,c_attn.weight,6.064773265572366
200,5,c_proj.weight,6087.672526488894
200,5,c_fc.weight,5.030595887130779
200,5,c_proj.weight,12.51059428559794
200,0,c_attn.weight,6.101344459345664
200,0,c_proj.weight,13948.127946427096
200,0,c_fc.weight,4.675689674464269
200,0,c_proj.weight,9.227331345972965
200,1,c_attn.weight,5.005559215745135
200,1,c_proj.weight,5620.849412794233
200,0,c_attn.weight,6.099576811448074
200,0,c_proj.weight,15961.919961462045
200,0,c_fc.weight,4.675863742765772
200,0,c_proj.weight,9.222020073231947
200,1,c_attn.weight,5.018609803447066
200,1,c_proj.weight,9986.898045885275
200,1,c_fc.weight,4.541836558540113
200,1,c_proj.weight,10.454032960303373
200,2,c_attn.weight,5.376902374708707
200,2,c_proj.weight,5543.14172986232
200,2,c_fc.weight,4.822198570637823
200,2,c_proj.weight,11.157988588830433
200,3,c_attn.weight,8.118303163357432
200,3,c_proj.weight,4242.478199691931
200,3,c_fc.weight,5.236937591172168
200,3,c_proj.weight,11.697434658029469
200,4,c_attn.weight,7.540473482215995
200,4,c_proj.weight,9761.730386754254
200,4,c_fc.weight,5.10316506126424
200,4,c_proj.weight,12.173911722386421
200,5,c_attn.weight,6.073429487783569
200,5,c_proj.weight,5708.0751797143685
200,5,c_fc.weight,5.028459672802666
200,5,c_proj.weight,12.511699225071236
200,1,c_fc.weight,4.545276465004345
200,1,c_proj.weight,10.459663226284366
200,2,c_attn.weight,5.358093035513077
200,2,c_proj.weight,4751.489192565268
200,2,c_fc.weight,4.821955691782371
200,2,c_proj.weight,11.160767451009038
200,3,c_attn.weight,8.128656670519367
200,3,c_proj.weight,4901.6929213766625
200,3,c_fc.weight,5.2394710259774575
200,3,c_proj.weight,11.699581330187138
200,4,c_attn.weight,7.512566036239186
200,4,c_proj.weight,6170.579186022218
200,4,c_fc.weight,5.10355116095561
200,4,c_proj.weight,12.176105960425874
200,5,c_attn.weight,6.038857407931718
200,5,c_proj.weight,7072.063546137047
200,5,c_fc.weight,5.028422677333219
200,5,c_proj.weight,12.516822299767567
0,0,c_attn.weight,3.711200847049955
0,0,c_proj.weight,1000.5327581019966
0,0,c_fc.weight,2.9502803440310656
0,0,c_proj.weight,2.967198704591222
0,1,c_attn.weight,3.6395878098769843
0,1,c_proj.weight,8362.498567083601
0,1,c_fc.weight,2.986044011953653
0,1,c_proj.weight,2.8985686519875737
0,2,c_attn.weight,3.713615253551545
0,2,c_proj.weight,663.430165828477
0,2,c_fc.weight,2.941476568107357
0,2,c_proj.weight,2.9514566169096454
0,3,c_attn.weight,3.6817226274703265
0,3,c_proj.weight,867.9092525634842
0,3,c_fc.weight,2.980871813203569
0,3,c_proj.weight,2.974748927968551
0,4,c_attn.weight,3.647931291984793
0,4,c_proj.weight,349.51909782532306
0,4,c_fc.weight,2.961821104985995
0,4,c_proj.weight,2.9290788255593867
0,5,c_attn.weight,3.6914738463504495
0,5,c_proj.weight,929.2763336306367
0,5,c_fc.weight,2.981218934781202
0,5,c_proj.weight,2.983892745034175
0,0,c_attn.weight,3.7112012901640696
0,0,c_proj.weight,1000.5327581019966
0,0,c_fc.weight,2.950280787780571
0,0,c_proj.weight,2.9671984438511596
0,1,c_attn.weight,3.639587030376841
0,1,c_proj.weight,8362.498567083601
0,1,c_fc.weight,2.986043934482744
0,1,c_proj.weight,2.8985686519875737
0,2,c_attn.weight,3.713613980586387
0,2,c_proj.weight,663.430165828477
0,2,c_fc.weight,2.9414772474177124
0,2,c_proj.weight,2.951455574209035
0,3,c_attn.weight,3.6817226601610598
0,3,c_proj.weight,867.9092525634842
0,3,c_fc.weight,2.9808711365898555
0,3,c_proj.weight,2.9747483360137266
0,4,c_attn.weight,3.647930114010723
0,4,c_proj.weight,349.51909782532306
0,4,c_fc.weight,2.9618214070796247
0,4,c_proj.weight,2.9290781894560163
0,5,c_attn.weight,3.691475023252794
0,5,c_proj.weight,929.2763336306367
0,5,c_fc.weight,2.981218551805167
0,5,c_proj.weight,2.983891885279437
0,0,c_attn.weight,3.711200847049955
0,0,c_proj.weight,1000.5327581019966
0,0,c_fc.weight,2.9502803440310656
0,0,c_proj.weight,2.967198704591222
0,1,c_attn.weight,3.6395878098769843
0,1,c_proj.weight,8362.498567083601
0,1,c_fc.weight,2.986044011953653
0,1,c_proj.weight,2.8985686519875737
0,2,c_attn.weight,3.713615253551545
0,2,c_proj.weight,663.430165828477
0,2,c_fc.weight,2.941476568107357
0,2,c_proj.weight,2.9514566169096454
0,3,c_attn.weight,3.6817226274703265
0,3,c_proj.weight,867.9092525634842
0,3,c_fc.weight,2.980871813203569
0,3,c_proj.weight,2.974748927968551
0,4,c_attn.weight,3.647931291984793
0,4,c_proj.weight,349.51909782532306
0,4,c_fc.weight,2.961821104985995
0,4,c_proj.weight,2.9290788255593867
0,5,c_attn.weight,3.6914738463504495
0,5,c_proj.weight,929.2763336306367
0,5,c_fc.weight,2.981218934781202
0,5,c_proj.weight,2.983892745034175
100,0,c_attn.weight,4.939289269297701
100,0,c_proj.weight,8939.626408512087
100,0,c_fc.weight,3.8308477274580692
100,0,c_proj.weight,7.027528238435744
100,1,c_attn.weight,4.000988726528638
100,1,c_proj.weight,1199.9093064281944
100,1,c_fc.weight,3.687786660307069
100,1,c_proj.weight,6.938268469308375
100,2,c_attn.weight,3.904682544464167
100,2,c_proj.weight,2925.8942066073096
100,2,c_fc.weight,3.543430384685279
100,2,c_proj.weight,7.38123206488981
100,3,c_attn.weight,5.008902040595079
100,3,c_proj.weight,3935.8196204750343
100,3,c_fc.weight,3.460519949223264
100,3,c_proj.weight,7.81177716323435
100,4,c_attn.weight,4.564514220437243
100,4,c_proj.weight,2557.388611281348
100,4,c_fc.weight,3.428856256649235
100,4,c_proj.weight,8.052875755464932
100,5,c_attn.weight,4.376593574261636
100,5,c_proj.weight,12750.457090860144
100,5,c_fc.weight,3.431235313195909
100,5,c_proj.weight,8.663015902067249
100,0,c_attn.weight,4.940011704000682
100,0,c_proj.weight,8379.588765598255
100,0,c_fc.weight,3.831389227377337
100,0,c_proj.weight,7.02834757460234
100,1,c_attn.weight,4.001697562210026
100,1,c_proj.weight,1177.5793972049464
100,1,c_fc.weight,3.687914220091293
100,1,c_proj.weight,6.934184205159551
100,2,c_attn.weight,3.90754329814644
100,2,c_proj.weight,3118.3526677893547
100,2,c_fc.weight,3.5437094025847045
100,2,c_proj.weight,7.383119861481097
100,3,c_attn.weight,5.011200130754088
100,3,c_proj.weight,4373.784918849187
100,3,c_fc.weight,3.4607594929123744
100,3,c_proj.weight,7.811610440075716
100,4,c_attn.weight,4.562951625430735
100,4,c_proj.weight,2716.0391742023926
100,4,c_fc.weight,3.4293052188214523
100,4,c_proj.weight,8.055052460110899
100,5,c_attn.weight,4.373655229625199
100,5,c_proj.weight,20587.078412655475
100,5,c_fc.weight,3.4300166164095747
100,5,c_proj.weight,8.662707202901181
100,0,c_attn.weight,4.938873952684363
100,0,c_proj.weight,9431.571054359081
100,0,c_fc.weight,3.8313199771611957
100,0,c_proj.weight,7.028044108269391
100,1,c_attn.weight,3.999864666852852
100,1,c_proj.weight,1194.7532792863228
100,1,c_fc.weight,3.6869809384725434
100,1,c_proj.weight,6.937701507783485
100,2,c_attn.weight,3.905264443308189
100,2,c_proj.weight,3472.8630759726075
100,2,c_fc.weight,3.5430272199355723
100,2,c_proj.weight,7.383222252253645
100,3,c_attn.weight,5.008029026217229
100,3,c_proj.weight,4233.524762464397
100,3,c_fc.weight,3.4608346573248334
100,3,c_proj.weight,7.8124365853653845
100,4,c_attn.weight,4.561728404958731
100,4,c_proj.weight,2551.5903767220975
100,4,c_fc.weight,3.4291735252433706
100,4,c_proj.weight,8.055457830169098
100,5,c_attn.weight,4.372058481941424
100,5,c_proj.weight,29141.42195952957
100,5,c_fc.weight,3.4306227695794753
100,5,c_proj.weight,8.66316608688437
200,0,c_attn.weight,6.10325126348993
200,0,c_proj.weight,8043.986290605996
200,0,c_fc.weight,4.674307506886483
200,0,c_proj.weight,9.224573732633754
200,1,c_attn.weight,5.009708269207542
200,1,c_proj.weight,6224.047518345687
200,1,c_fc.weight,4.542470275382729
200,1,c_proj.weight,10.461475958221445
200,2,c_attn.weight,5.362934985935958
200,2,c_proj.weight,6199.828320294632
200,2,c_fc.weight,4.821796045691036
200,2,c_proj.weight,11.154425893192586
200,3,c_attn.weight,8.164021298953426
200,3,c_proj.weight,11240.428698465115
200,3,c_fc.weight,5.2381197610098535
200,3,c_proj.weight,11.699449848104502
200,4,c_attn.weight,7.527932673674552
200,4,c_proj.weight,12782.92442254429
200,4,c_fc.weight,5.102013489236185
200,4,c_proj.weight,12.17533117072011
200,5,c_attn.weight,6.05714393958268
200,5,c_proj.weight,5925.642585976398
200,5,c_fc.weight,5.02776249163071
200,5,c_proj.weight,12.51628297993176
200,0,c_attn.weight,6.096758316129121
200,0,c_proj.weight,20748.82490538927
200,0,c_fc.weight,4.674747441332785
200,0,c_proj.weight,9.22898157346043
200,1,c_attn.weight,5.01584943265837
200,1,c_proj.weight,11612.825247083025
200,1,c_fc.weight,4.542547439772965
200,1,c_proj.weight,10.46234677027708
200,2,c_attn.weight,5.385673282497222
200,2,c_proj.weight,6057.411341187507
200,2,c_fc.weight,4.820341410160594
200,2,c_proj.weight,11.161841559372846
200,3,c_attn.weight,8.161879203045844
200,3,c_proj.weight,2528.670816558999
200,3,c_fc.weight,5.23752617108676
200,3,c_proj.weight,11.696682405553206
200,4,c_attn.weight,7.60020177967139
200,4,c_proj.weight,6812.937989197932
200,4,c_fc.weight,5.1048335060095935
200,4,c_proj.weight,12.176355916388838
200,5,c_attn.weight,6.056449849795521
200,5,c_proj.weight,7745.09288803707
200,5,c_fc.weight,5.02900110949168
200,5,c_proj.weight,12.519899070157253
200,0,c_attn.weight,6.097311998655755
200,0,c_proj.weight,10768.078478261119
200,0,c_fc.weight,4.674891669149535
200,0,c_proj.weight,9.227276185838418
200,1,c_attn.weight,5.012778372190754
200,1,c_proj.weight,6651.819951682228
200,1,c_fc.weight,4.542266819368141
200,1,c_proj.weight,10.463065855785336
200,2,c_attn.weight,5.3654132638124725
200,2,c_proj.weight,8289.629425408839
200,2,c_fc.weight,4.821595666946148
200,2,c_proj.weight,11.162953045018822
200,3,c_attn.weight,8.157642634175652
200,3,c_proj.weight,5334.435989980681
200,3,c_fc.weight,5.238203922738225
200,3,c_proj.weight,11.695043646286228
200,4,c_attn.weight,7.545136122412642
200,4,c_proj.weight,6160.233906315956
200,4,c_fc.weight,5.103022007165151
200,4,c_proj.weight,12.176485438009276
200,5,c_attn.weight,6.052965006858273
200,5,c_proj.weight,5840.706874714235
200,5,c_fc.weight,5.029871478598247
200,5,c_proj.weight,12.509158284833886
0,0,c_attn.weight,3.7112012901640696
0,0,c_proj.weight,1000.5327581019966
0,0,c_fc.weight,2.950280787780571
0,0,c_proj.weight,2.9671984438511596
0,1,c_attn.weight,3.639587030376841
0,1,c_proj.weight,8362.498567083601
0,1,c_fc.weight,2.986043934482744
0,1,c_proj.weight,2.8985686519875737
0,2,c_attn.weight,3.713613980586387
0,2,c_proj.weight,663.430165828477
0,2,c_fc.weight,2.9414772474177124
0,2,c_proj.weight,2.951455574209035
0,3,c_attn.weight,3.6817226601610598
0,3,c_proj.weight,867.9092525634842
0,3,c_fc.weight,2.9808711365898555
0,3,c_proj.weight,2.9747483360137266
0,4,c_attn.weight,3.647930114010723
0,4,c_proj.weight,349.51909782532306
0,4,c_fc.weight,2.9618214070796247
0,4,c_proj.weight,2.9290781894560163
0,5,c_attn.weight,3.691475023252794
0,5,c_proj.weight,929.2763336306367
0,5,c_fc.weight,2.981218551805167
0,5,c_proj.weight,2.983891885279437
0,0,c_attn.weight,3.711200847049955
0,0,c_proj.weight,1000.5327581019966
0,0,c_fc.weight,2.9502803440310656
0,0,c_proj.weight,2.967198704591222
0,1,c_attn.weight,3.6395878098769843
0,1,c_proj.weight,8362.498567083601
0,1,c_fc.weight,2.986044011953653
0,1,c_proj.weight,2.8985686519875737
0,2,c_attn.weight,3.713615253551545
0,2,c_proj.weight,663.430165828477
0,2,c_fc.weight,2.941476568107357
0,2,c_proj.weight,2.9514566169096454
0,3,c_attn.weight,3.6817226274703265
0,3,c_proj.weight,867.9092525634842
0,3,c_fc.weight,2.980871813203569
0,3,c_proj.weight,2.974748927968551
0,4,c_attn.weight,3.647931291984793
0,4,c_proj.weight,349.51909782532306
0,4,c_fc.weight,2.961821104985995
0,4,c_proj.weight,2.9290788255593867
0,5,c_attn.weight,3.6914738463504495
0,5,c_proj.weight,929.2763336306367
0,5,c_fc.weight,2.981218934781202
0,5,c_proj.weight,2.983892745034175
0,0,c_attn.weight,3.711200847049955
0,0,c_proj.weight,1000.5327581019966
0,0,c_fc.weight,2.9502803440310656
0,0,c_proj.weight,2.967198704591222
0,1,c_attn.weight,3.6395878098769843
0,1,c_proj.weight,8362.498567083601
0,1,c_fc.weight,2.986044011953653
0,1,c_proj.weight,2.8985686519875737
0,2,c_attn.weight,3.713615253551545
0,2,c_proj.weight,663.430165828477
0,2,c_fc.weight,2.941476568107357
0,2,c_proj.weight,2.9514566169096454
0,3,c_attn.weight,3.6817226274703265
0,3,c_proj.weight,867.9092525634842
0,3,c_fc.weight,2.980871813203569
0,3,c_proj.weight,2.974748927968551
0,4,c_attn.weight,3.647931291984793
0,4,c_proj.weight,349.51909782532306
0,4,c_fc.weight,2.961821104985995
0,4,c_proj.weight,2.9290788255593867
0,5,c_attn.weight,3.6914738463504495
0,5,c_proj.weight,929.2763336306367
0,5,c_fc.weight,2.981218934781202
0,5,c_proj.weight,2.983892745034175
100,0,c_attn.weight,4.940439530211601
100,0,c_proj.weight,15806.72747711625
100,0,c_fc.weight,3.831280225150473
100,0,c_proj.weight,7.027719744302837
100,1,c_attn.weight,4.003771353056478
100,1,c_proj.weight,1192.4724309699968
100,1,c_fc.weight,3.687713004839863
100,1,c_proj.weight,6.934557288085085
100,2,c_attn.weight,3.9077542823242015
100,2,c_proj.weight,3213.6985352281113
100,2,c_fc.weight,3.543454048741633
100,2,c_proj.weight,7.382070985953458
100,3,c_attn.weight,5.005934835083696
100,3,c_proj.weight,4077.89084200411
100,3,c_fc.weight,3.4604251651165754
100,3,c_proj.weight,7.811362688265147
100,4,c_attn.weight,4.56247047064099
100,4,c_proj.weight,2664.2894206385286
100,4,c_fc.weight,3.4289352289912376
100,4,c_proj.weight,8.051564901792114
100,5,c_attn.weight,4.3728939796718915
100,5,c_proj.weight,15455.892987490508
100,5,c_fc.weight,3.431377113207924
100,5,c_proj.weight,8.660115625966728
100,0,c_attn.weight,4.940824130191532
100,0,c_proj.weight,7558.401722310967
100,0,c_fc.weight,3.8315957423096085
100,0,c_proj.weight,7.0286915484491335
100,1,c_attn.weight,4.001702216675776
100,1,c_proj.weight,1154.4964841800456
100,1,c_fc.weight,3.687710955654799
100,1,c_proj.weight,6.936775931553254
100,2,c_attn.weight,3.907743490318629
100,2,c_proj.weight,3454.5039305364985
100,2,c_fc.weight,3.5427456979459135
100,2,c_proj.weight,7.380528170202601
100,3,c_attn.weight,5.00536144341452
100,3,c_proj.weight,4165.769142398541
100,3,c_fc.weight,3.4596991977528213
100,3,c_proj.weight,7.812060052973439
100,4,c_attn.weight,4.5609365481419735
100,4,c_proj.weight,2612.9279623689013
100,4,c_fc.weight,3.428073573918701
100,4,c_proj.weight,8.054615454412188
100,5,c_attn.weight,4.372329835401491
100,5,c_proj.weight,18329.724788707343
100,5,c_fc.weight,3.4305887757418136
100,5,c_proj.weight,8.662856859531841
100,0,c_attn.weight,4.93760921492691
100,0,c_proj.weight,4820.1140416499375
100,0,c_fc.weight,3.8321025997494425
100,0,c_proj.weight,7.030196432399613
100,1,c_attn.weight,4.002284326216058
100,1,c_proj.weight,1189.0797726374867
100,1,c_fc.weight,3.686866047762446
100,1,c_proj.weight,6.935213683087477
100,2,c_attn.weight,3.9082675455102303
100,2,c_proj.weight,2845.5089781298857
100,2,c_fc.weight,3.5425864411824572
100,2,c_proj.weight,7.384680448436697
100,3,c_attn.weight,5.004364599168396
100,3,c_proj.weight,4002.308335838029
100,3,c_fc.weight,3.459748643479703
100,3,c_proj.weight,7.813555584501632
100,4,c_attn.weight,4.558314051027518
100,4,c_proj.weight,2737.260776192107
100,4,c_fc.weight,3.42893163256316
100,4,c_proj.weight,8.054562874795208
100,5,c_attn.weight,4.369528323585464
100,5,c_proj.weight,22167.260234708043
100,5,c_fc.weight,3.4311569453504753
100,5,c_proj.weight,8.66352877220959
200,0,c_attn.weight,6.103391415241185
200,0,c_proj.weight,5939.844202140879
200,0,c_fc.weight,4.6750818696130025
200,0,c_proj.weight,9.224507641378256
200,1,c_attn.weight,5.011345112533603
200,1,c_proj.weight,5122.543904522972
200,1,c_fc.weight,4.542813468292928
200,1,c_proj.weight,10.455900273928332
200,2,c_attn.weight,5.369638248523396
200,2,c_proj.weight,4741.573913507916
200,2,c_fc.weight,4.821016624874131
200,2,c_proj.weight,11.160657006867407
200,3,c_attn.weight,8.13274231600147
200,3,c_proj.weight,13340.528491751698
200,3,c_fc.weight,5.237790091801101
200,3,c_proj.weight,11.694140823500572
200,4,c_attn.weight,7.55588634722421
200,4,c_proj.weight,10330.072234403944
200,4,c_fc.weight,5.102615233266072
200,4,c_proj.weight,12.169785204830712
200,5,c_attn.weight,6.0696079136016525
200,5,c_proj.weight,7576.134976883886
200,5,c_fc.weight,5.027534517917704
200,5,c_proj.weight,12.506380476955261
200,0,c_attn.weight,6.099441867793057
200,0,c_proj.weight,22865.544029715962
200,0,c_fc.weight,4.6756207664588905
200,0,c_proj.weight,9.229447132227987
200,1,c_attn.weight,5.004666785685224
200,1,c_proj.weight,6812.302837965557
200,1,c_fc.weight,4.542490033325605
200,1,c_proj.weight,10.459431508411422
200,2,c_attn.weight,5.355970129741411
200,2,c_proj.weight,3979.12328256834
200,2,c_fc.weight,4.821233737436199
200,2,c_proj.weight,11.160905116819501
200,3,c_attn.weight,8.120528755772877
200,3,c_proj.weight,7687.552054916204
200,3,c_fc.weight,5.235472419032709
200,3,c_proj.weight,11.69599498338627
200,4,c_attn.weight,7.506776723462515
200,4,c_proj.weight,8152.979824658066
200,4,c_fc.weight,5.1017536290562475
200,4,c_proj.weight,12.173041066358902
200,5,c_attn.weight,6.061145789333708
200,5,c_proj.weight,5993.48947689955
200,5,c_fc.weight,5.027584301843174
200,5,c_proj.weight,12.510110392507261
200,0,c_attn.weight,6.101459017597944
200,0,c_proj.weight,4634.313459991854
200,0,c_fc.weight,4.675194148734208
200,0,c_proj.weight,9.230946850529978
200,1,c_attn.weight,5.0111266584656375
200,1,c_proj.weight,5859.8142500687345
200,1,c_fc.weight,4.540675796987695
200,1,c_proj.weight,10.464125223641698
200,2,c_attn.weight,5.370905871101601
200,2,c_proj.weight,6622.374017895724
200,2,c_fc.weight,4.82186275032164
200,2,c_proj.weight,11.167039504363132
200,3,c_attn.weight,8.166042666997544
200,3,c_proj.weight,5191.495817045036
200,3,c_fc.weight,5.238174902476524
200,3,c_proj.weight,11.697019195649528
200,4,c_attn.weight,7.585515845292757
200,4,c_proj.weight,16390.11011824818
200,4,c_fc.weight,5.105114022062966
200,4,c_proj.weight,12.176345250508371
200,5,c_attn.weight,6.073169410176185
200,5,c_proj.weight,6977.314638716123
200,5,c_fc.weight,5.032241570240252
200,5,c_proj.weight,12.502599857403235
0,0,c_attn.weight,3.7112012901640696
0,0,c_proj.weight,1000.5327581019966
0,0,c_fc.weight,2.950280787780571
0,0,c_proj.weight,2.9671984438511596
0,1,c_attn.weight,3.639587030376841
0,1,c_proj.weight,8362.498567083601
0,1,c_fc.weight,2.986043934482744
0,1,c_proj.weight,2.8985686519875737
0,2,c_attn.weight,3.713613980586387
0,2,c_proj.weight,663.430165828477
0,2,c_fc.weight,2.9414772474177124
0,2,c_proj.weight,2.951455574209035
0,3,c_attn.weight,3.6817226601610598
0,3,c_proj.weight,867.9092525634842
0,3,c_fc.weight,2.9808711365898555
0,3,c_proj.weight,2.9747483360137266
0,4,c_attn.weight,3.647930114010723
0,4,c_proj.weight,349.51909782532306
0,4,c_fc.weight,2.9618214070796247
0,4,c_proj.weight,2.9290781894560163
0,5,c_attn.weight,3.691475023252794
0,5,c_proj.weight,929.2763336306367
0,5,c_fc.weight,2.981218551805167
0,5,c_proj.weight,2.983891885279437
0,0,c_attn.weight,3.711200847049955
0,0,c_proj.weight,1000.5327581019966
0,0,c_fc.weight,2.9502803440310656
0,0,c_proj.weight,2.967198704591222
0,1,c_attn.weight,3.6395878098769843
0,1,c_proj.weight,8362.498567083601
0,1,c_fc.weight,2.986044011953653
0,1,c_proj.weight,2.8985686519875737
0,2,c_attn.weight,3.713615253551545
0,2,c_proj.weight,663.430165828477
0,2,c_fc.weight,2.941476568107357
0,2,c_proj.weight,2.9514566169096454
0,3,c_attn.weight,3.6817226274703265
0,3,c_proj.weight,867.9092525634842
0,3,c_fc.weight,2.980871813203569
0,3,c_proj.weight,2.974748927968551
0,4,c_attn.weight,3.647931291984793
0,4,c_proj.weight,349.51909782532306
0,4,c_fc.weight,2.961821104985995
0,4,c_proj.weight,2.9290788255593867
0,5,c_attn.weight,3.6914738463504495
0,5,c_proj.weight,929.2763336306367
0,5,c_fc.weight,2.981218934781202
0,5,c_proj.weight,2.983892745034175
0,0,c_attn.weight,3.711200847049955
0,0,c_proj.weight,1000.5327581019966
0,0,c_fc.weight,2.9502803440310656
0,0,c_proj.weight,2.967198704591222
0,1,c_attn.weight,3.6395878098769843
0,1,c_proj.weight,8362.498567083601
0,1,c_fc.weight,2.986044011953653
0,1,c_proj.weight,2.8985686519875737
0,2,c_attn.weight,3.713615253551545
0,2,c_proj.weight,663.430165828477
0,2,c_fc.weight,2.941476568107357
0,2,c_proj.weight,2.9514566169096454
0,3,c_attn.weight,3.6817226274703265
0,3,c_proj.weight,867.9092525634842
0,3,c_fc.weight,2.980871813203569
0,3,c_proj.weight,2.974748927968551
0,4,c_attn.weight,3.647931291984793
0,4,c_proj.weight,349.51909782532306
0,4,c_fc.weight,2.961821104985995
0,4,c_proj.weight,2.9290788255593867
0,5,c_attn.weight,3.6914738463504495
0,5,c_proj.weight,929.2763336306367
0,5,c_fc.weight,2.981218934781202
0,5,c_proj.weight,2.983892745034175
100,0,c_attn.weight,4.938517200539086
100,0,c_proj.weight,7745.633203929978
100,0,c_fc.weight,3.8311888498404723
100,0,c_proj.weight,7.0272490469290725
100,1,c_attn.weight,4.002734458764528
100,1,c_proj.weight,1178.96295818679
100,1,c_fc.weight,3.6869804187018502
100,1,c_proj.weight,6.935837865234115
100,2,c_attn.weight,3.9091933444587834
100,2,c_proj.weight,3219.159491560811
100,2,c_fc.weight,3.5432150294426745
100,2,c_proj.weight,7.383457897024717
100,3,c_attn.weight,5.012102810901576
100,3,c_proj.weight,4236.264199299071
100,3,c_fc.weight,3.4597277239811373
100,3,c_proj.weight,7.812676279424614
100,4,c_attn.weight,4.562749530722426
100,4,c_proj.weight,2474.5264093370065
100,4,c_fc.weight,3.427970980182977
100,4,c_proj.weight,8.054242290460149
100,5,c_attn.weight,4.374003927510873
100,5,c_proj.weight,25727.525185202892
100,5,c_fc.weight,3.4309015882579845
100,5,c_proj.weight,8.66302829502557
100,0,c_attn.weight,4.9397638447543
100,0,c_proj.weight,17462.233058195776
100,0,c_fc.weight,3.831143544433145
100,0,c_proj.weight,7.027933362911753
100,1,c_attn.weight,4.002565011443401
100,1,c_proj.weight,1193.3285321914993
100,1,c_fc.weight,3.6874193504855497
100,1,c_proj.weight,6.9361475432430355
100,2,c_attn.weight,3.907976874660234
100,2,c_proj.weight,2902.744991980731
100,2,c_fc.weight,3.543386067934733
100,2,c_proj.weight,7.3847765604191835
100,3,c_attn.weight,5.01103956606845
100,3,c_proj.weight,4167.982451597067
100,3,c_fc.weight,3.459970655366234
100,3,c_proj.weight,7.811607607772644
100,4,c_attn.weight,4.562852104932367
100,4,c_proj.weight,2901.419137867354
100,4,c_fc.weight,3.428424378445123
100,4,c_proj.weight,8.051062280207061
100,5,c_attn.weight,4.373736549010401
100,5,c_proj.weight,23932.71799599696
100,5,c_fc.weight,3.4315511735590576
100,5,c_proj.weight,8.661136838968101
200,0,c_attn.weight,6.1021123305610665
200,0,c_proj.weight,38503.6403254248
200,0,c_fc.weight,4.676815073691979
200,0,c_proj.weight,9.227817747004927
200,1,c_attn.weight,5.0151280119674215
200,1,c_proj.weight,8824.628517469015
200,1,c_fc.weight,4.5430086158410345
200,1,c_proj.weight,10.463746506070505
200,2,c_attn.weight,5.390635770622811
200,2,c_proj.weight,5200.173629279341
200,2,c_fc.weight,4.8217204178249915
200,2,c_proj.weight,11.163050384975648
200,3,c_attn.weight,8.145504056122409
200,3,c_proj.weight,3691.2425073652703
200,3,c_fc.weight,5.237114807561304
200,3,c_proj.weight,11.693905434278577
200,4,c_attn.weight,7.5695947244501145
200,4,c_proj.weight,7107.025798102177
200,4,c_fc.weight,5.100907270244653
200,4,c_proj.weight,12.175504103524824
200,5,c_attn.weight,6.015128074553926
200,5,c_proj.weight,7564.217051717983
200,5,c_fc.weight,5.027392042501915
200,5,c_proj.weight,12.513626949647989
100,0,c_attn.weight,4.939250740684167
100,0,c_proj.weight,16769.453943933255
100,0,c_fc.weight,3.831567440910233
100,0,c_proj.weight,7.028482867723754
100,1,c_attn.weight,4.000043467679218
100,1,c_proj.weight,1214.6525201597747
100,1,c_fc.weight,3.687509430161681
100,1,c_proj.weight,6.937109636075577
100,2,c_attn.weight,3.908582185228397
100,2,c_proj.weight,3383.9293287635132
100,2,c_fc.weight,3.5433813437561272
100,2,c_proj.weight,7.382368438651992
100,3,c_attn.weight,5.005779519537975
100,3,c_proj.weight,3634.370671010218
100,3,c_fc.weight,3.460279478078666
100,3,c_proj.weight,7.814298219104612
100,4,c_attn.weight,4.561504301264239
100,4,c_proj.weight,2506.4897591907875
100,4,c_fc.weight,3.4287952016912575
100,4,c_proj.weight,8.053544681614785
100,5,c_attn.weight,4.374845205228751
100,5,c_proj.weight,21434.501144524427
100,5,c_fc.weight,3.4313177083286237
100,5,c_proj.weight,8.665194858446545
0,0,c_attn.weight,3.711345246615648
0,0,c_proj.weight,994.2518247038842
0,0,c_fc.weight,2.950323383801096
0,0,c_proj.weight,2.9669163717260023
0,1,c_attn.weight,3.639521207728843
0,1,c_proj.weight,12702.488175490687
0,1,c_fc.weight,2.9860719058024316
0,1,c_proj.weight,2.89870912508503
0,2,c_attn.weight,3.7135558563344957
0,2,c_proj.weight,662.8498115643694
0,2,c_fc.weight,2.9414891582680047
0,2,c_proj.weight,2.9514896705284484
0,3,c_attn.weight,3.681468877684694
0,3,c_proj.weight,924.0805553006873
0,3,c_fc.weight,2.9808763869632675
0,3,c_proj.weight,2.97463843540962
0,4,c_attn.weight,3.6478247762339056
0,4,c_proj.weight,351.4567099822373
0,4,c_fc.weight,2.961856569924184
0,4,c_proj.weight,2.9291444078866076
0,5,c_attn.weight,3.691504676797073
0,5,c_proj.weight,930.5084580077921
0,5,c_fc.weight,2.9811482901113244
0,5,c_proj.weight,2.983463684125186
200,0,c_attn.weight,6.100708423980056
200,0,c_proj.weight,6020.437795899381
200,0,c_fc.weight,4.6750753001291505
200,0,c_proj.weight,9.230826674725783
200,1,c_attn.weight,5.002054769309383
200,1,c_proj.weight,5825.0144949811975
200,1,c_fc.weight,4.541642847834981
200,1,c_proj.weight,10.460638473902279
200,2,c_attn.weight,5.397751107215942
200,2,c_proj.weight,7613.352844613192
200,2,c_fc.weight,4.821137670851744
200,2,c_proj.weight,11.162031614130973
200,3,c_attn.weight,8.145051052840264
200,3,c_proj.weight,3571.5981230376347
200,3,c_fc.weight,5.235666322883485
200,3,c_proj.weight,11.698488803604846
200,4,c_attn.weight,7.534789492524299
200,4,c_proj.weight,7519.143555296527
200,4,c_fc.weight,5.101858920287581
200,4,c_proj.weight,12.17456105742276
200,5,c_attn.weight,6.039058627268232
200,5,c_proj.weight,12761.228083706537
200,5,c_fc.weight,5.028419690430382
200,5,c_proj.weight,12.510867077183056
200,0,c_attn.weight,6.101643030746222
200,0,c_proj.weight,49721.04335413876
200,0,c_fc.weight,4.676644449432952
200,0,c_proj.weight,9.227116535792565
200,1,c_attn.weight,5.012379226057154
200,1,c_proj.weight,6678.579268242203
200,1,c_fc.weight,4.541532300524986
200,1,c_proj.weight,10.457740258446822
200,2,c_attn.weight,5.364172415390164
200,2,c_proj.weight,7140.816652475601
200,2,c_fc.weight,4.821383203800977
200,2,c_proj.weight,11.15032941329087
200,3,c_attn.weight,8.13831439160919
200,3,c_proj.weight,17891.57660671829
200,3,c_fc.weight,5.239561983674915
200,3,c_proj.weight,11.700602272387062
200,4,c_attn.weight,7.548963828604989
200,4,c_proj.weight,8973.774543205409
200,4,c_fc.weight,5.10326030311912
200,4,c_proj.weight,12.176043526726726
200,5,c_attn.weight,6.099785573947137
200,5,c_proj.weight,5070.495323578514
200,5,c_fc.weight,5.029274319947175
200,5,c_proj.weight,12.51091001669944
100,0,c_attn.weight,3.7111847443104886
100,0,c_proj.weight,1054.793312632256
100,0,c_fc.weight,2.9502966557899395
100,0,c_proj.weight,2.968183142216215
100,1,c_attn.weight,3.6395547328460336
100,1,c_proj.weight,83388.31818621074
100,1,c_fc.weight,2.9860671018691702
100,1,c_proj.weight,2.8984281584554115
100,2,c_attn.weight,3.713572252093053
100,2,c_proj.weight,669.851209119036
100,2,c_fc.weight,2.941488011060322
100,2,c_proj.weight,2.951779560352539
100,3,c_attn.weight,3.6814354775596225
100,3,c_proj.weight,793.1057230757123
100,3,c_fc.weight,2.9808771170804045
100,3,c_proj.weight,2.9747792953850616
100,4,c_attn.weight,3.6478601683152427
100,4,c_proj.weight,348.56055796821477
100,4,c_fc.weight,2.961840526622574
100,4,c_proj.weight,2.929362952745245
100,5,c_attn.weight,3.691482058327495
100,5,c_proj.weight,900.9944108944786
100,5,c_fc.weight,2.9811775837860934
100,5,c_proj.weight,2.9837832525096215
0,0,c_attn.weight,3.711344360387042
0,0,c_proj.weight,994.2518247038842
0,0,c_fc.weight,2.9503238275676207
0,0,c_proj.weight,2.966917414571709
0,1,c_attn.weight,3.6395204282450395
0,1,c_proj.weight,12702.488175490687
0,1,c_fc.weight,2.986071600182486
0,1,c_proj.weight,2.8987104032549365
0,2,c_attn.weight,3.7135562707574077
0,2,c_proj.weight,662.8498115643694
0,2,c_fc.weight,2.941488637716038
0,2,c_proj.weight,2.9514901235625115
0,3,c_attn.weight,3.681468023330454
0,3,c_proj.weight,924.0805553006873
0,3,c_fc.weight,2.980875786802019
0,3,c_proj.weight,2.974639155202992
0,4,c_attn.weight,3.647824811849107
0,4,c_proj.weight,351.4567099822373
0,4,c_fc.weight,2.9618580019923133
0,4,c_proj.weight,2.9291445277931114
0,5,c_attn.weight,3.6915058537001957
0,5,c_proj.weight,930.5084580077921
0,5,c_fc.weight,2.981148667333697
0,5,c_proj.weight,2.983464673749719
0,0,c_attn.weight,3.711200847049955
0,0,c_proj.weight,1000.5327581019966
0,0,c_fc.weight,2.9502803440310656
0,0,c_proj.weight,2.967198704591222
0,1,c_attn.weight,3.6395878098769843
0,1,c_proj.weight,8362.498567083601
0,1,c_fc.weight,2.986044011953653
0,1,c_proj.weight,2.8985686519875737
0,2,c_attn.weight,3.713615253551545
0,2,c_proj.weight,663.430165828477
0,2,c_fc.weight,2.941476568107357
0,2,c_proj.weight,2.9514566169096454
0,3,c_attn.weight,3.6817226274703265
0,3,c_proj.weight,867.9092525634842
0,3,c_fc.weight,2.980871813203569
0,3,c_proj.weight,2.974748927968551
0,4,c_attn.weight,3.647931291984793
0,4,c_proj.weight,349.51909782532306
0,4,c_fc.weight,2.961821104985995
0,4,c_proj.weight,2.9290788255593867
0,5,c_attn.weight,3.6914738463504495
0,5,c_proj.weight,929.2763336306367
0,5,c_fc.weight,2.981218934781202
0,5,c_proj.weight,2.983892745034175
200,0,c_attn.weight,3.7110234749699775
200,0,c_proj.weight,1183.8013045534758
200,0,c_fc.weight,2.9503290419698476
200,0,c_proj.weight,2.9693025319180864
200,1,c_attn.weight,3.639596454307761
200,1,c_proj.weight,15891.812530601974
200,1,c_fc.weight,2.986038522955617
200,1,c_proj.weight,2.8989578228295616
200,2,c_attn.weight,3.713577224165072
200,2,c_proj.weight,681.0801045949805
200,2,c_fc.weight,2.941435945206523
200,2,c_proj.weight,2.9512691634158394
200,3,c_attn.weight,3.681362887428664
200,3,c_proj.weight,614.6077407192665
200,3,c_fc.weight,2.9808931016570894
200,3,c_proj.weight,2.974321943378457
200,4,c_attn.weight,3.648016340080143
200,4,c_proj.weight,355.5402340030689
200,4,c_fc.weight,2.9618306428352787
200,4,c_proj.weight,2.9294548784891754
200,5,c_attn.weight,3.6914859046856314
200,5,c_proj.weight,886.1919820371787
200,5,c_fc.weight,2.9812240779155132
200,5,c_proj.weight,2.9847324527522328
100,0,c_attn.weight,3.711185984119901
100,0,c_proj.weight,1054.8429046335625
100,0,c_fc.weight,2.950296734733445
100,0,c_proj.weight,2.9681854141501507
100,1,c_attn.weight,3.6395543247110047
100,1,c_proj.weight,82924.67315581121
100,1,c_fc.weight,2.986065956859791
100,1,c_proj.weight,2.898428880916445
100,2,c_attn.weight,3.7135722817687533
100,2,c_proj.weight,669.8450014781383
100,2,c_fc.weight,2.941487931681089
100,2,c_proj.weight,2.951780603175069
100,3,c_attn.weight,3.6814363319119403
100,3,c_proj.weight,793.1041840297152
100,3,c_fc.weight,2.9808771170804045
100,3,c_proj.weight,2.9747789723821985
100,4,c_attn.weight,3.6478594661089128
100,4,c_proj.weight,348.56248098557717
100,4,c_fc.weight,2.961840907122148
100,4,c_proj.weight,2.929362763713659
100,5,c_attn.weight,3.691482058327495
100,5,c_proj.weight,900.9410689366731
100,5,c_fc.weight,2.98117705106701
100,5,c_proj.weight,2.9837839151741505
100,0,c_attn.weight,4.937633099968586
100,0,c_proj.weight,6828.320329109028
100,0,c_fc.weight,3.8310441577563403
100,0,c_proj.weight,7.029081547770421
100,1,c_attn.weight,3.99992658050335
100,1,c_proj.weight,1176.064427794053
100,1,c_fc.weight,3.68696589627261
100,1,c_proj.weight,6.937407764963154
100,2,c_attn.weight,3.904066538622762
100,2,c_proj.weight,4106.364212831418
100,2,c_fc.weight,3.542869743577477
100,2,c_proj.weight,7.381818916387462
100,3,c_attn.weight,5.010241704135461
100,3,c_proj.weight,4111.777217847062
100,3,c_fc.weight,3.4597922104886134
100,3,c_proj.weight,7.811701067747045
100,4,c_attn.weight,4.559426579179277
100,4,c_proj.weight,2655.4522583559105
100,4,c_fc.weight,3.429195758941733
100,4,c_proj.weight,8.05418505123876
100,5,c_attn.weight,4.36940040444925
100,5,c_proj.weight,16438.20449063821
100,5,c_fc.weight,3.431547415644081
100,5,c_proj.weight,8.662997066913508
0,0,c_attn.weight,3.711345246615648
0,0,c_proj.weight,994.2518247038842
0,0,c_fc.weight,2.950323383801096
0,0,c_proj.weight,2.9669163717260023
0,1,c_attn.weight,3.639521207728843
0,1,c_proj.weight,12702.488175490687
0,1,c_fc.weight,2.9860719058024316
0,1,c_proj.weight,2.89870912508503
0,2,c_attn.weight,3.7135558563344957
0,2,c_proj.weight,662.8498115643694
0,2,c_fc.weight,2.9414891582680047
0,2,c_proj.weight,2.9514896705284484
0,3,c_attn.weight,3.681468877684694
0,3,c_proj.weight,924.0805553006873
0,3,c_fc.weight,2.9808763869632675
0,3,c_proj.weight,2.97463843540962
0,4,c_attn.weight,3.6478247762339056
0,4,c_proj.weight,351.4567099822373
0,4,c_fc.weight,2.961856569924184
0,4,c_proj.weight,2.9291444078866076
0,5,c_attn.weight,3.691504676797073
0,5,c_proj.weight,930.5084580077921
0,5,c_fc.weight,2.9811482901113244
0,5,c_proj.weight,2.983463684125186
200,0,c_attn.weight,3.7110246550049415
200,0,c_proj.weight,1183.9024026840123
200,0,c_fc.weight,2.9503287411452273
200,0,c_proj.weight,2.9693027928733127
200,1,c_attn.weight,3.639595638033289
200,1,c_proj.weight,15848.438176205975
200,1,c_fc.weight,2.9860382173391504
200,1,c_proj.weight,2.8989575671448757
200,2,c_attn.weight,3.713579651368558
200,2,c_proj.weight,681.1035008219229
200,2,c_fc.weight,2.941434524786181
200,2,c_proj.weight,2.9512698770590617
200,3,c_attn.weight,3.681362542068238
200,3,c_proj.weight,614.6474978868475
200,3,c_fc.weight,2.9808937725442255
200,3,c_proj.weight,2.9743197164114865
200,4,c_attn.weight,3.648016340080143
200,4,c_proj.weight,355.54643082252096
200,4,c_fc.weight,2.96182890867042
200,4,c_proj.weight,2.929454998449284
200,5,c_attn.weight,3.691487972516052
200,5,c_proj.weight,886.1565453686201
200,5,c_fc.weight,2.9812240779155132
200,5,c_proj.weight,2.984732780048338
200,0,c_attn.weight,6.1004846309742256
200,0,c_proj.weight,11650.097966471829
200,0,c_fc.weight,4.673843091324331
200,0,c_proj.weight,9.231789455714484
200,1,c_attn.weight,5.020874052616068
200,1,c_proj.weight,8288.93561595803
200,1,c_fc.weight,4.543077366433798
200,1,c_proj.weight,10.462140155539771
200,2,c_attn.weight,5.374918447082468
200,2,c_proj.weight,8953.852477061771
200,2,c_fc.weight,4.820980944909397
200,2,c_proj.weight,11.165029655677296
200,3,c_attn.weight,8.195529763578794
200,3,c_proj.weight,2929.859618535349
200,3,c_fc.weight,5.237357368129979
200,3,c_proj.weight,11.70009115099633
200,4,c_attn.weight,7.555813954638302
200,4,c_proj.weight,5668.331245274462
200,4,c_fc.weight,5.102622848512393
200,4,c_proj.weight,12.177095645091729
200,5,c_attn.weight,6.050184826834276
200,5,c_proj.weight,9729.941442823862
200,5,c_fc.weight,5.027699152727415
200,5,c_proj.weight,12.515117202727017
0,0,c_attn.weight,3.711344360387042
0,0,c_proj.weight,994.2518247038842
0,0,c_fc.weight,2.9503238275676207
0,0,c_proj.weight,2.966917414571709
0,1,c_attn.weight,3.6395204282450395
0,1,c_proj.weight,12702.488175490687
0,1,c_fc.weight,2.986071600182486
0,1,c_proj.weight,2.8987104032549365
0,2,c_attn.weight,3.7135562707574077
0,2,c_proj.weight,662.8498115643694
0,2,c_fc.weight,2.941488637716038
0,2,c_proj.weight,2.9514901235625115
0,3,c_attn.weight,3.681468023330454
0,3,c_proj.weight,924.0805553006873
0,3,c_fc.weight,2.980875786802019
0,3,c_proj.weight,2.974639155202992
0,4,c_attn.weight,3.647824811849107
0,4,c_proj.weight,351.4567099822373
0,4,c_fc.weight,2.9618580019923133
0,4,c_proj.weight,2.9291445277931114
0,5,c_attn.weight,3.6915058537001957
0,5,c_proj.weight,930.5084580077921
0,5,c_fc.weight,2.981148667333697
0,5,c_proj.weight,2.983464673749719
100,0,c_attn.weight,3.7112993204399003
100,0,c_proj.weight,1113.3188395571046
100,0,c_fc.weight,2.9502532571027724
100,0,c_proj.weight,2.972427548387632
100,1,c_attn.weight,3.639586640326699
100,1,c_proj.weight,27619.953545595698
100,1,c_fc.weight,2.9857841056976873
100,1,c_proj.weight,2.904788710773536
100,2,c_attn.weight,3.71348124452777
100,2,c_proj.weight,675.8232535460224
100,2,c_fc.weight,2.9411548844041095
100,2,c_proj.weight,2.9500809636563434
100,3,c_attn.weight,3.681273707265302
100,3,c_proj.weight,595.0885373713173
100,3,c_fc.weight,2.980969623419712
100,3,c_proj.weight,2.971444692366922
100,4,c_attn.weight,3.6479545501434263
100,4,c_proj.weight,375.9023136251807
100,4,c_fc.weight,2.961955812441542
100,4,c_proj.weight,2.930314149208483
100,5,c_attn.weight,3.6915053985345563
100,5,c_proj.weight,802.8065326633166
100,5,c_fc.weight,2.981409920539288
100,5,c_proj.weight,2.987810120349339
0,0,c_attn.weight,3.711344360387042
0,0,c_proj.weight,994.2518247038842
0,0,c_fc.weight,2.9503238275676207
0,0,c_proj.weight,2.966917414571709
0,1,c_attn.weight,3.6395204282450395
0,1,c_proj.weight,12702.488175490687
0,1,c_fc.weight,2.986071600182486
0,1,c_proj.weight,2.8987104032549365
0,2,c_attn.weight,3.7135562707574077
0,2,c_proj.weight,662.8498115643694
0,2,c_fc.weight,2.941488637716038
0,2,c_proj.weight,2.9514901235625115
0,3,c_attn.weight,3.681468023330454
0,3,c_proj.weight,924.0805553006873
0,3,c_fc.weight,2.980875786802019
0,3,c_proj.weight,2.974639155202992
0,4,c_attn.weight,3.647824811849107
0,4,c_proj.weight,351.4567099822373
0,4,c_fc.weight,2.9618580019923133
0,4,c_proj.weight,2.9291445277931114
0,5,c_attn.weight,3.6915058537001957
0,5,c_proj.weight,930.5084580077921
0,5,c_fc.weight,2.981148667333697
0,5,c_proj.weight,2.983464673749719
100,0,c_attn.weight,3.7112985833504677
100,0,c_proj.weight,1114.0693758215348
100,0,c_fc.weight,2.9502522757382503
100,0,c_proj.weight,2.9724251310494703
100,1,c_attn.weight,3.639584562853908
100,1,c_proj.weight,27801.601926637526
100,1,c_fc.weight,2.985783266433844
100,1,c_proj.weight,2.904784577598117
100,2,c_attn.weight,3.713480830112028
100,2,c_proj.weight,675.6942363436743
100,2,c_fc.weight,2.941153764076681
100,2,c_proj.weight,2.9500815399376394
100,3,c_attn.weight,3.6812733291944792
100,3,c_proj.weight,595.1037999097766
100,3,c_fc.weight,2.9809696998705926
100,3,c_proj.weight,2.9714481532836756
100,4,c_attn.weight,3.647954585746739
100,4,c_proj.weight,376.00912214227344
100,4,c_fc.weight,2.9619552082250777
100,4,c_proj.weight,2.9303158332085104
100,5,c_attn.weight,3.6915050168607255
100,5,c_proj.weight,802.519147934177
100,5,c_fc.weight,2.981410531035892
100,5,c_proj.weight,2.987810247720912
200,0,c_attn.weight,3.711460492466917
200,0,c_proj.weight,2462.874380206335
200,0,c_fc.weight,2.9491224943054917
200,0,c_proj.weight,2.997472534313288
200,1,c_attn.weight,3.6394799196692897
200,1,c_proj.weight,4079.0824803542823
200,1,c_fc.weight,2.985794756660503
200,1,c_proj.weight,2.9245285620513255
200,2,c_attn.weight,3.713111933209086
200,2,c_proj.weight,821.0162111143978
200,2,c_fc.weight,2.940764090823146
200,2,c_proj.weight,2.952810989818612
200,3,c_attn.weight,3.6812685597919805
200,3,c_proj.weight,854.5182727319508
200,3,c_fc.weight,2.981069495581952
200,3,c_proj.weight,2.9675425439249876
200,4,c_attn.weight,3.6481005611904744
200,4,c_proj.weight,344.5916200127116
200,4,c_fc.weight,2.9623591338832305
200,4,c_proj.weight,2.931052107782022
200,5,c_attn.weight,3.6914919047327577
200,5,c_proj.weight,796.0146983075734
200,5,c_fc.weight,2.9813611097185375
200,5,c_proj.weight,2.990634537603398
100,0,c_attn.weight,3.7111863377107226
100,0,c_proj.weight,1054.8025613744
100,0,c_fc.weight,2.9502983817796204
100,0,c_proj.weight,2.9681843708095204
100,1,c_attn.weight,3.6395550674259614
100,1,c_proj.weight,83276.7367562098
100,1,c_fc.weight,2.9860667187799295
100,1,c_proj.weight,2.8984295070134816
100,2,c_attn.weight,3.7135723114444468
100,2,c_proj.weight,669.8341608722442
100,2,c_fc.weight,2.941488090439543
100,2,c_proj.weight,2.9517819624516033
100,3,c_attn.weight,3.681435066742394
100,3,c_proj.weight,793.1475810718592
100,3,c_fc.weight,2.9808774171613437
100,3,c_proj.weight,2.974779362632532
100,4,c_attn.weight,3.647859430496834
100,4,c_proj.weight,348.5615774916321
100,4,c_fc.weight,2.9618402245284425
100,4,c_proj.weight,2.92936353807282
100,5,c_attn.weight,3.691480849531881
100,5,c_proj.weight,900.9745640410664
100,5,c_fc.weight,2.9811781942494355
100,5,c_proj.weight,2.9837832525096215
200,0,c_attn.weight,3.7114601089293435
200,0,c_proj.weight,2483.7612924036944
200,0,c_fc.weight,2.9491231288302973
200,0,c_proj.weight,2.9974698566478546
200,1,c_attn.weight,3.6394790298111808
200,1,c_proj.weight,4027.8264610994165
200,1,c_fc.weight,2.985792622209756
200,1,c_proj.weight,2.9245124040870363
200,2,c_attn.weight,3.7131135015959607
200,2,c_proj.weight,820.0931160214907
200,2,c_fc.weight,2.9407613479579098
200,2,c_proj.weight,2.9528090107182527
200,3,c_attn.weight,3.6812681817131443
200,3,c_proj.weight,854.6651441284737
200,3,c_fc.weight,2.981069119016339
200,3,c_proj.weight,2.9675446044384124
200,4,c_attn.weight,3.648101299108475
200,4,c_proj.weight,344.7891650325464
200,4,c_fc.weight,2.9623601857007182
200,4,c_proj.weight,2.931052417074505
200,5,c_attn.weight,3.691493177347605
200,5,c_proj.weight,794.8949987117733
200,5,c_fc.weight,2.9813614869788627
200,5,c_proj.weight,2.9906268865208583
0,0,c_attn.weight,3.711345246615648
0,0,c_proj.weight,994.2518247038842
0,0,c_fc.weight,2.950323383801096
0,0,c_proj.weight,2.9669163717260023
0,1,c_attn.weight,3.639521207728843
0,1,c_proj.weight,12702.488175490687
0,1,c_fc.weight,2.9860719058024316
0,1,c_proj.weight,2.89870912508503
0,2,c_attn.weight,3.7135558563344957
0,2,c_proj.weight,662.8498115643694
0,2,c_fc.weight,2.9414891582680047
0,2,c_proj.weight,2.9514896705284484
0,3,c_attn.weight,3.681468877684694
0,3,c_proj.weight,924.0805553006873
0,3,c_fc.weight,2.9808763869632675
0,3,c_proj.weight,2.97463843540962
0,4,c_attn.weight,3.6478247762339056
0,4,c_proj.weight,351.4567099822373
0,4,c_fc.weight,2.961856569924184
0,4,c_proj.weight,2.9291444078866076
0,5,c_attn.weight,3.691504676797073
0,5,c_proj.weight,930.5084580077921
0,5,c_fc.weight,2.9811482901113244
0,5,c_proj.weight,2.983463684125186
0,0,c_attn.weight,3.711344360387042
0,0,c_proj.weight,994.2518247038842
0,0,c_fc.weight,2.9503238275676207
0,0,c_proj.weight,2.966917414571709
0,1,c_attn.weight,3.6395204282450395
0,1,c_proj.weight,12702.488175490687
0,1,c_fc.weight,2.986071600182486
0,1,c_proj.weight,2.8987104032549365
0,2,c_attn.weight,3.7135562707574077
0,2,c_proj.weight,662.8498115643694
0,2,c_fc.weight,2.941488637716038
0,2,c_proj.weight,2.9514901235625115
0,3,c_attn.weight,3.681468023330454
0,3,c_proj.weight,924.0805553006873
0,3,c_fc.weight,2.980875786802019
0,3,c_proj.weight,2.974639155202992
0,4,c_attn.weight,3.647824811849107
0,4,c_proj.weight,351.4567099822373
0,4,c_fc.weight,2.9618580019923133
0,4,c_proj.weight,2.9291445277931114
0,5,c_attn.weight,3.6915058537001957
0,5,c_proj.weight,930.5084580077921
0,5,c_fc.weight,2.981148667333697
0,5,c_proj.weight,2.983464673749719
200,0,c_attn.weight,3.7110242716114556
200,0,c_proj.weight,1183.9186612812784
200,0,c_fc.weight,2.9503301663266974
200,0,c_proj.weight,2.9693022709628596
200,1,c_attn.weight,3.6395972705822333
200,1,c_proj.weight,15877.715923111376
200,1,c_fc.weight,2.986038522955617
200,1,c_proj.weight,2.898958008134353
200,2,c_attn.weight,3.7135780826913622
200,2,c_proj.weight,681.0454037247447
200,2,c_fc.weight,2.9414346041681148
200,2,c_proj.weight,2.951269548056805
200,3,c_attn.weight,3.681362952878336
200,3,c_proj.weight,614.619389908729
200,3,c_fc.weight,2.9808938489984045
200,3,c_proj.weight,2.9743198509768507
200,4,c_attn.weight,3.6480167090200655
200,4,c_proj.weight,355.5375668302642
200,4,c_fc.weight,2.96183003864478
200,4,c_proj.weight,2.929455394749171
200,5,c_attn.weight,3.6914867318178
200,5,c_proj.weight,886.1960403140832
200,5,c_fc.weight,2.9812252211141765
200,5,c_proj.weight,2.984732717009804
100,0,c_attn.weight,3.711617550195483
100,0,c_proj.weight,823.1898422663907
100,0,c_fc.weight,2.9500800241820784
100,0,c_proj.weight,2.985424456719987
100,1,c_attn.weight,3.639474622662446
100,1,c_proj.weight,10073.398808407701
100,1,c_fc.weight,2.9855827087225615
100,1,c_proj.weight,2.9154016927835804
100,2,c_attn.weight,3.713413056737112
100,2,c_proj.weight,693.6652392212349
100,2,c_fc.weight,2.9409834248899345
100,2,c_proj.weight,2.950371266943972
100,3,c_attn.weight,3.6812876127844336
100,3,c_proj.weight,828.0069417934365
100,3,c_fc.weight,2.980988408305303
100,3,c_proj.weight,2.9692131692631625
100,4,c_attn.weight,3.6477515388657396
100,4,c_proj.weight,392.05168087074514
100,4,c_fc.weight,2.9620721679883406
100,4,c_proj.weight,2.9320228601346052
100,5,c_attn.weight,3.6914807690637494
100,5,c_proj.weight,821.3545367074207
100,5,c_fc.weight,2.9815007659492117
100,5,c_proj.weight,2.9909647210966974
100,0,c_attn.weight,3.711618052945577
100,0,c_proj.weight,823.2789454934093
100,0,c_fc.weight,2.9500809264984373
100,0,c_proj.weight,2.9854161110217
100,1,c_attn.weight,3.639474140950738
100,1,c_proj.weight,10191.928793096351
100,1,c_fc.weight,2.9855817145790438
100,1,c_proj.weight,2.915396705686283
100,2,c_attn.weight,3.7134138855560583
100,2,c_proj.weight,693.5527979316803
100,2,c_fc.weight,2.9409820841401877
100,2,c_proj.weight,2.9503737889500297
100,3,c_attn.weight,3.681286791152171
100,3,c_proj.weight,827.9125553341826
100,3,c_fc.weight,2.9809886319516994
100,3,c_proj.weight,2.9692107603466633
100,4,c_attn.weight,3.6477523122681195
100,4,c_proj.weight,392.11459677965524
100,4,c_fc.weight,2.9620732311372593
100,4,c_proj.weight,2.932022997991035
100,5,c_attn.weight,3.6914828688271784
100,5,c_proj.weight,821.8601463786896
100,5,c_fc.weight,2.9815002331730236
100,5,c_proj.weight,2.990963791895016
200,0,c_attn.weight,3.7120818157638125
200,0,c_proj.weight,7497.520714871908
200,0,c_fc.weight,2.948894809272352
200,0,c_proj.weight,3.1843707945542494
200,1,c_attn.weight,3.639333054837491
200,1,c_proj.weight,4159.960961934618
200,1,c_fc.weight,2.98583306741853
200,1,c_proj.weight,2.952088819771217
200,2,c_attn.weight,3.71303318082983
200,2,c_proj.weight,831.616470731422
200,2,c_fc.weight,2.940392674648812
200,2,c_proj.weight,2.9577005926725333
200,3,c_attn.weight,3.681272227578358
200,3,c_proj.weight,2772.708430577353
200,3,c_fc.weight,2.9812032453172064
200,3,c_proj.weight,2.9654006378800823
200,4,c_attn.weight,3.6480372345912753
200,4,c_proj.weight,366.99729159080005
200,4,c_fc.weight,2.9625898277357634
200,4,c_proj.weight,2.932500549086742
200,5,c_attn.weight,3.691471372119384
200,5,c_proj.weight,631.7030194319096
200,5,c_fc.weight,2.9814692344148828
200,5,c_proj.weight,2.9960475390229404
0,0,c_attn.weight,3.711344360387042
0,0,c_proj.weight,994.2518247038842
0,0,c_fc.weight,2.9503238275676207
0,0,c_proj.weight,2.966917414571709
0,1,c_attn.weight,3.6395204282450395
0,1,c_proj.weight,12702.488175490687
0,1,c_fc.weight,2.986071600182486
0,1,c_proj.weight,2.8987104032549365
0,2,c_attn.weight,3.7135562707574077
0,2,c_proj.weight,662.8498115643694
0,2,c_fc.weight,2.941488637716038
0,2,c_proj.weight,2.9514901235625115
0,3,c_attn.weight,3.681468023330454
0,3,c_proj.weight,924.0805553006873
0,3,c_fc.weight,2.980875786802019
0,3,c_proj.weight,2.974639155202992
0,4,c_attn.weight,3.647824811849107
0,4,c_proj.weight,351.4567099822373
0,4,c_fc.weight,2.9618580019923133
0,4,c_proj.weight,2.9291445277931114
0,5,c_attn.weight,3.6915058537001957
0,5,c_proj.weight,930.5084580077921
0,5,c_fc.weight,2.981148667333697
0,5,c_proj.weight,2.983464673749719
0,0,c_attn.weight,3.711345246615648
0,0,c_proj.weight,994.2518247038842
0,0,c_fc.weight,2.950323383801096
0,0,c_proj.weight,2.9669163717260023
0,1,c_attn.weight,3.639521207728843
0,1,c_proj.weight,12702.488175490687
0,1,c_fc.weight,2.9860719058024316
0,1,c_proj.weight,2.89870912508503
0,2,c_attn.weight,3.7135558563344957
0,2,c_proj.weight,662.8498115643694
0,2,c_fc.weight,2.9414891582680047
0,2,c_proj.weight,2.9514896705284484
0,3,c_attn.weight,3.681468877684694
0,3,c_proj.weight,924.0805553006873
0,3,c_fc.weight,2.9808763869632675
0,3,c_proj.weight,2.97463843540962
0,4,c_attn.weight,3.6478247762339056
0,4,c_proj.weight,351.4567099822373
0,4,c_fc.weight,2.961856569924184
0,4,c_proj.weight,2.9291444078866076
0,5,c_attn.weight,3.691504676797073
0,5,c_proj.weight,930.5084580077921
0,5,c_fc.weight,2.9811482901113244
0,5,c_proj.weight,2.983463684125186
200,0,c_attn.weight,3.7120787756756863
200,0,c_proj.weight,7791.4597590414905
200,0,c_fc.weight,2.9488966134015073
200,0,c_proj.weight,3.1843576857826816
200,1,c_attn.weight,3.6393313854268228
200,1,c_proj.weight,4183.67212205504
200,1,c_fc.weight,2.985829633757878
200,1,c_proj.weight,2.9521117171804234
200,2,c_attn.weight,3.713034689721874
200,2,c_proj.weight,831.8785499578527
200,2,c_fc.weight,2.9403924542354862
200,2,c_proj.weight,2.957699540962373
200,3,c_attn.weight,3.6812714386630594
200,3,c_proj.weight,2770.5998925773683
200,3,c_fc.weight,2.9812033161208356
200,3,c_proj.weight,2.9654081360089197
200,4,c_attn.weight,3.6480390793495876
200,4,c_proj.weight,367.2468768252521
200,4,c_fc.weight,2.9625896823072466
200,4,c_proj.weight,2.932487289933488
200,5,c_attn.weight,3.691469717803735
200,5,c_proj.weight,631.7604562379008
200,5,c_fc.weight,2.9814685462494293
200,5,c_proj.weight,2.996047597039764
100,0,c_attn.weight,3.711295749990288
100,0,c_proj.weight,1113.1849262101707
100,0,c_fc.weight,2.9502535579099733
100,0,c_proj.weight,2.972430578976513
100,1,c_attn.weight,3.639585379133128
100,1,c_proj.weight,27683.340577226645
100,1,c_fc.weight,2.985783800115892
100,1,c_proj.weight,2.9047853664673773
100,2,c_attn.weight,3.71348124452777
100,2,c_proj.weight,675.6376895062014
100,2,c_fc.weight,2.9411551843347428
100,2,c_proj.weight,2.9500800845553297
100,3,c_attn.weight,3.6812744961406465
100,3,c_proj.weight,595.0315899664744
100,3,c_fc.weight,2.9809703765067086
100,3,c_proj.weight,2.9714452991395848
100,4,c_attn.weight,3.647953407757566
100,4,c_proj.weight,375.9714978892878
100,4,c_fc.weight,2.961955812441542
100,4,c_proj.weight,2.9303141312195926
100,5,c_attn.weight,3.6915066711401137
100,5,c_proj.weight,802.4909903652376
100,5,c_fc.weight,2.9814122847951614
100,5,c_proj.weight,2.9878107829921166
0,0,c_attn.weight,3.711344360387042
0,0,c_proj.weight,994.2518247038842
0,0,c_fc.weight,2.9503238275676207
0,0,c_proj.weight,2.966917414571709
0,1,c_attn.weight,3.6395204282450395
0,1,c_proj.weight,12702.488175490687
0,1,c_fc.weight,2.986071600182486
0,1,c_proj.weight,2.8987104032549365
0,2,c_attn.weight,3.7135562707574077
0,2,c_proj.weight,662.8498115643694
0,2,c_fc.weight,2.941488637716038
0,2,c_proj.weight,2.9514901235625115
0,3,c_attn.weight,3.681468023330454
0,3,c_proj.weight,924.0805553006873
0,3,c_fc.weight,2.980875786802019
0,3,c_proj.weight,2.974639155202992
0,4,c_attn.weight,3.647824811849107
0,4,c_proj.weight,351.4567099822373
0,4,c_fc.weight,2.9618580019923133
0,4,c_proj.weight,2.9291445277931114
0,5,c_attn.weight,3.6915058537001957
0,5,c_proj.weight,930.5084580077921
0,5,c_fc.weight,2.981148667333697
0,5,c_proj.weight,2.983464673749719
200,0,c_attn.weight,3.7114608760045686
200,0,c_proj.weight,2464.355671033534
200,0,c_fc.weight,2.9491240462600525
200,0,c_proj.weight,2.9974595349352486
200,1,c_attn.weight,3.639477989312574
200,1,c_proj.weight,4037.0317937826876
200,1,c_fc.weight,2.985793990636063
200,1,c_proj.weight,2.9245242868904935
200,2,c_attn.weight,3.7131139457036753
200,2,c_proj.weight,819.9593243409943
200,2,c_fc.weight,2.940762688565999
200,2,c_proj.weight,2.952800530841622
200,3,c_attn.weight,3.6812678036343858
200,3,c_proj.weight,854.8996668908605
200,3,c_fc.weight,2.981069648480703
200,3,c_proj.weight,2.9675306365506415
200,4,c_attn.weight,3.6481021082067855
200,4,c_proj.weight,344.67291287486
200,4,c_fc.weight,2.962360711609582
200,4,c_proj.weight,2.931049168403971
200,5,c_attn.weight,3.6914927318776685
200,5,c_proj.weight,795.5781929847209
200,5,c_fc.weight,2.9813610983405474
200,5,c_proj.weight,2.990617522338957
100,0,c_attn.weight,3.7111851277406767
100,0,c_proj.weight,1054.853755330803
100,0,c_fc.weight,2.9502975582564708
100,0,c_proj.weight,2.968185094330038
100,1,c_attn.weight,3.639553879798304
100,1,c_proj.weight,83433.96868317224
100,1,c_fc.weight,2.9860662624795036
100,1,c_proj.weight,2.8984281584554115
100,2,c_attn.weight,3.713572252093053
100,2,c_proj.weight,669.8311563231834
100,2,c_fc.weight,2.941487411129644
100,2,c_proj.weight,2.95178091962887
100,3,c_attn.weight,3.681434754079234
100,3,c_proj.weight,793.1386926272143
100,3,c_fc.weight,2.98087689345432
100,3,c_proj.weight,2.9747788378872153
100,4,c_attn.weight,3.647860679672427
100,4,c_proj.weight,348.55951078369213
100,4,c_fc.weight,2.961841052405406
100,4,c_proj.weight,2.929364501463668
100,5,c_attn.weight,3.6914812949945253
100,5,c_proj.weight,900.975561160462
100,5,c_fc.weight,2.9811769733227518
100,5,c_proj.weight,2.9837831853862333
100,0,c_attn.weight,3.7111855410105234
100,0,c_proj.weight,1054.8451500096774
100,0,c_fc.weight,2.950299348238475
100,0,c_proj.weight,2.968186331222264
100,1,c_attn.weight,3.639553471663233
100,1,c_proj.weight,82991.12520750557
100,1,c_fc.weight,2.9860664906296988
100,1,c_proj.weight,2.898427973222827
100,2,c_attn.weight,3.713575597168193
100,2,c_proj.weight,669.8524752669581
100,2,c_fc.weight,2.9414876317157277
100,2,c_proj.weight,2.951779560352539
100,3,c_attn.weight,3.681434310544074
100,3,c_proj.weight,793.108156138475
100,3,c_fc.weight,2.980876593373403
100,3,c_proj.weight,2.9747789723821985
100,4,c_attn.weight,3.6478602751512557
100,4,c_proj.weight,348.5560015185869
100,4,c_fc.weight,2.9618402245284425
100,4,c_proj.weight,2.9293628328018
100,5,c_attn.weight,3.6914804359673363
100,5,c_proj.weight,901.0181394033483
100,5,c_fc.weight,2.981176745835362
100,5,c_proj.weight,2.9837815372941416
0,0,c_attn.weight,3.711344360387042
0,0,c_proj.weight,994.2518247038842
0,0,c_fc.weight,2.9503238275676207
0,0,c_proj.weight,2.966917414571709
0,1,c_attn.weight,3.6395204282450395
0,1,c_proj.weight,12702.488175490687
0,1,c_fc.weight,2.986071600182486
0,1,c_proj.weight,2.8987104032549365
0,2,c_attn.weight,3.7135562707574077
0,2,c_proj.weight,662.8498115643694
0,2,c_fc.weight,2.941488637716038
0,2,c_proj.weight,2.9514901235625115
0,3,c_attn.weight,3.681468023330454
0,3,c_proj.weight,924.0805553006873
0,3,c_fc.weight,2.980875786802019
0,3,c_proj.weight,2.974639155202992
0,4,c_attn.weight,3.647824811849107
0,4,c_proj.weight,351.4567099822373
0,4,c_fc.weight,2.9618580019923133
0,4,c_proj.weight,2.9291445277931114
0,5,c_attn.weight,3.6915058537001957
0,5,c_proj.weight,930.5084580077921
0,5,c_fc.weight,2.981148667333697
0,5,c_proj.weight,2.983464673749719
200,0,c_attn.weight,3.711023002012312
200,0,c_proj.weight,1183.9577007637379
200,0,c_fc.weight,2.9503287411452273
200,0,c_proj.weight,2.96930319632189
200,1,c_attn.weight,3.6395984949939417
200,1,c_proj.weight,15881.913078485326
200,1,c_fc.weight,2.98604005103795
200,1,c_proj.weight,2.8989594718627596
200,2,c_attn.weight,3.7135772538403002
200,2,c_proj.weight,681.038623740666
200,2,c_fc.weight,2.941434824746616
200,2,c_proj.weight,2.951270001038736
200,3,c_attn.weight,3.6813633309636433
200,3,c_proj.weight,614.666007465493
200,3,c_fc.weight,2.980894225535808
200,3,c_proj.weight,2.974320369023544
200,4,c_attn.weight,3.6480171491552142
200,4,c_proj.weight,355.5350653323973
200,4,c_fc.weight,2.9618306428352787
200,4,c_proj.weight,2.929453329709188
200,5,c_attn.weight,3.691487145383884
200,5,c_proj.weight,886.1487317780237
200,5,c_fc.weight,2.981224383150538
200,5,c_proj.weight,2.9847317900909345
200,0,c_attn.weight,3.7110246550049415
200,0,c_proj.weight,1183.8737439867255
200,0,c_fc.weight,2.950328820086961
200,0,c_proj.weight,2.969303516507992
200,1,c_attn.weight,3.639595601259675
200,1,c_proj.weight,15844.730311982003
200,1,c_fc.weight,2.98603813986829
200,1,c_proj.weight,2.8989568704707858
200,2,c_attn.weight,3.7135768097394983
200,2,c_proj.weight,681.0719846125766
200,2,c_fc.weight,2.9414342248257457
200,2,c_proj.weight,2.951270466722635
200,3,c_attn.weight,3.6813608661028026
200,3,c_proj.weight,614.5872417701527
200,3,c_fc.weight,2.9808939254525724
200,3,c_proj.weight,2.974319783694173
200,4,c_attn.weight,3.6480183627678215
200,4,c_proj.weight,355.5292632471717
200,4,c_fc.weight,2.9618295128608736
200,4,c_proj.weight,2.9294530207044094
200,5,c_attn.weight,3.6914854911195474
200,5,c_proj.weight,886.1930795297585
200,5,c_fc.weight,2.981223162210439
200,5,c_proj.weight,2.984732717009804
0,0,c_attn.weight,3.711345246615648
0,0,c_proj.weight,994.2518247038842
0,0,c_fc.weight,2.950323383801096
0,0,c_proj.weight,2.9669163717260023
0,1,c_attn.weight,3.639521207728843
0,1,c_proj.weight,12702.488175490687
0,1,c_fc.weight,2.9860719058024316
0,1,c_proj.weight,2.89870912508503
0,2,c_attn.weight,3.7135558563344957
0,2,c_proj.weight,662.8498115643694
0,2,c_fc.weight,2.9414891582680047
0,2,c_proj.weight,2.9514896705284484
0,3,c_attn.weight,3.681468877684694
0,3,c_proj.weight,924.0805553006873
0,3,c_fc.weight,2.9808763869632675
0,3,c_proj.weight,2.97463843540962
0,4,c_attn.weight,3.6478247762339056
0,4,c_proj.weight,351.4567099822373
0,4,c_fc.weight,2.961856569924184
0,4,c_proj.weight,2.9291444078866076
0,5,c_attn.weight,3.691504676797073
0,5,c_proj.weight,930.5084580077921
0,5,c_fc.weight,2.9811482901113244
0,5,c_proj.weight,2.983463684125186
100,0,c_attn.weight,3.71161725604961
100,0,c_proj.weight,823.2749581983657
100,0,c_fc.weight,2.9500795805312343
100,0,c_proj.weight,2.985424511542046
100,1,c_attn.weight,3.6394745123039756
100,1,c_proj.weight,10227.200176251123
100,1,c_fc.weight,2.9855834659936384
100,1,c_proj.weight,2.9153976424974974
100,2,c_attn.weight,3.713414654993164
100,2,c_proj.weight,693.5617164324117
100,2,c_fc.weight,2.94098148431814
100,2,c_proj.weight,2.9503750776496807
100,3,c_attn.weight,3.681287645517478
100,3,c_proj.weight,827.5357078984134
100,3,c_fc.weight,2.980988861303315
100,3,c_proj.weight,2.969218978459264
100,4,c_attn.weight,3.647753859073349
100,4,c_proj.weight,392.0084574548603
100,4,c_fc.weight,2.9620717319967955
100,4,c_proj.weight,2.9320262325452195
100,5,c_attn.weight,3.691481564310965
100,5,c_proj.weight,823.0791707015466
100,5,c_fc.weight,2.9814981020690845
100,5,c_proj.weight,2.9909663030906968
0,0,c_attn.weight,3.711344360387042
0,0,c_proj.weight,994.2518247038842
0,0,c_fc.weight,2.9503238275676207
0,0,c_proj.weight,2.966917414571709
0,1,c_attn.weight,3.6395204282450395
0,1,c_proj.weight,12702.488175490687
0,1,c_fc.weight,2.986071600182486
0,1,c_proj.weight,2.8987104032549365
0,2,c_attn.weight,3.7135562707574077
0,2,c_proj.weight,662.8498115643694
0,2,c_fc.weight,2.941488637716038
0,2,c_proj.weight,2.9514901235625115
0,3,c_attn.weight,3.681468023330454
0,3,c_proj.weight,924.0805553006873
0,3,c_fc.weight,2.980875786802019
0,3,c_proj.weight,2.974639155202992
0,4,c_attn.weight,3.647824811849107
0,4,c_proj.weight,351.4567099822373
0,4,c_fc.weight,2.9618580019923133
0,4,c_proj.weight,2.9291445277931114
0,5,c_attn.weight,3.6915058537001957
0,5,c_proj.weight,930.5084580077921
0,5,c_fc.weight,2.981148667333697
0,5,c_proj.weight,2.983464673749719
100,0,c_attn.weight,3.7112956605016763
100,0,c_proj.weight,1113.6950988735862
100,0,c_fc.weight,2.9502540805815927
100,0,c_proj.weight,2.9724246159719776
100,1,c_attn.weight,3.639584154714298
100,1,c_proj.weight,27795.86928490939
100,1,c_fc.weight,2.9857837226343844
100,1,c_proj.weight,2.9047914763674156
100,2,c_attn.weight,3.713481688627936
100,2,c_proj.weight,675.8890044014915
100,2,c_fc.weight,2.941154143402363
100,2,c_proj.weight,2.9500794952725755
100,3,c_attn.weight,3.681275761287313
100,3,c_proj.weight,595.0162332817448
100,3,c_fc.weight,2.9809696998705926
100,3,c_proj.weight,2.9714466400757784
100,4,c_attn.weight,3.6479533365507026
100,4,c_proj.weight,376.01567450571025
100,4,c_fc.weight,2.9619560361493673
100,4,c_proj.weight,2.9303138220330007
100,5,c_attn.weight,3.691507052814116
100,5,c_proj.weight,802.4668517660192
100,5,c_fc.weight,2.981409920539288
100,5,c_proj.weight,2.987810254167157
200,0,c_attn.weight,3.7120810780636866
200,0,c_proj.weight,7566.570921351922
200,0,c_fc.weight,2.948891468791448
200,0,c_proj.weight,3.18432823361931
200,1,c_attn.weight,3.6393317567771644
200,1,c_proj.weight,4178.352445898069
200,1,c_fc.weight,2.9858327575875103
200,1,c_proj.weight,2.9520949885204484
200,2,c_attn.weight,3.7130334465706016
200,2,c_proj.weight,831.6524746137846
200,2,c_fc.weight,2.9403910523274366
200,2,c_proj.weight,2.957695242839625
200,3,c_attn.weight,3.6812714059276144
200,3,c_proj.weight,2776.1916162896623
200,3,c_fc.weight,2.9812036927055385
200,3,c_proj.weight,2.9654214423635277
200,4,c_attn.weight,3.648039043753301
200,4,c_proj.weight,367.0068101770787
200,4,c_fc.weight,2.962589089289509
200,4,c_proj.weight,2.932493756063327
200,5,c_attn.weight,3.691469749704136
200,5,c_proj.weight,633.1740302989052
200,5,c_fc.weight,2.981467492110758
200,5,c_proj.weight,2.9960411274204755
200,0,c_attn.weight,3.7114612893595305
200,0,c_proj.weight,2469.850323276165
200,0,c_fc.weight,2.9491241099634253
200,0,c_proj.weight,2.9974648300777718
200,1,c_attn.weight,3.6394770994543433
200,1,c_proj.weight,4045.8857776852
200,1,c_fc.weight,2.9857925447391196
200,1,c_proj.weight,2.9245298386766794
200,2,c_attn.weight,3.713113620478014
200,2,c_proj.weight,820.7174295028809
200,2,c_fc.weight,2.9407636676390996
200,2,c_proj.weight,2.9528079127153437
200,3,c_attn.weight,3.6812679018389964
200,3,c_proj.weight,855.2594670915169
200,3,c_fc.weight,2.981068524465542
200,3,c_proj.weight,2.967541800570373
200,4,c_attn.weight,3.648100121051209
200,4,c_proj.weight,344.72884965712507
200,4,c_fc.weight,2.9623601073215537
200,4,c_proj.weight,2.9310488746984937
200,5,c_attn.weight,3.69149114138323
200,5,c_proj.weight,795.4025437402648
200,5,c_fc.weight,2.9813610319908874
200,5,c_proj.weight,2.9906265577381324
100,0,c_attn.weight,3.7112940670070715
100,0,c_proj.weight,1113.3921370110493
100,0,c_fc.weight,2.950252290702721
100,0,c_proj.weight,2.9724328405516185
100,1,c_attn.weight,3.639585750497905
100,1,c_proj.weight,27545.487386962202
100,1,c_fc.weight,2.9857844887609315
100,1,c_proj.weight,2.9047924967296384
100,2,c_attn.weight,3.713480030965141
100,2,c_proj.weight,675.8700879309616
100,2,c_fc.weight,2.9411536846815753
100,2,c_proj.weight,2.9500764087764377
100,3,c_attn.weight,3.6812748742116663
100,3,c_proj.weight,594.9930736786026
100,3,c_fc.weight,2.9809707473395846
100,3,c_proj.weight,2.9714480109595507
100,4,c_attn.weight,3.647952896416311
100,4,c_proj.weight,375.91292358002016
100,4,c_fc.weight,2.9619557340411125
100,4,c_proj.weight,2.9303129635068546
100,5,c_attn.weight,3.6915045394986685
100,5,c_proj.weight,802.9246630738882
100,5,c_fc.weight,2.981411446780798
100,5,c_proj.weight,2.987810515356585
0,0,c_attn.weight,3.711344360387042
0,0,c_proj.weight,994.2518247038842
0,0,c_fc.weight,2.9503238275676207
0,0,c_proj.weight,2.966917414571709
0,1,c_attn.weight,3.6395204282450395
0,1,c_proj.weight,12702.488175490687
0,1,c_fc.weight,2.986071600182486
0,1,c_proj.weight,2.8987104032549365
0,2,c_attn.weight,3.7135562707574077
0,2,c_proj.weight,662.8498115643694
0,2,c_fc.weight,2.941488637716038
0,2,c_proj.weight,2.9514901235625115
0,3,c_attn.weight,3.681468023330454
0,3,c_proj.weight,924.0805553006873
0,3,c_fc.weight,2.980875786802019
0,3,c_proj.weight,2.974639155202992
0,4,c_attn.weight,3.647824811849107
0,4,c_proj.weight,351.4567099822373
0,4,c_fc.weight,2.9618580019923133
0,4,c_proj.weight,2.9291445277931114
0,5,c_attn.weight,3.6915058537001957
0,5,c_proj.weight,930.5084580077921
0,5,c_fc.weight,2.981148667333697
0,5,c_proj.weight,2.983464673749719
100,0,c_attn.weight,3.711186780820064
100,0,c_proj.weight,1054.8575147594825
100,0,c_fc.weight,2.950298159900825
100,0,c_proj.weight,2.968186331222264
100,1,c_attn.weight,3.6395546225132454
100,1,c_proj.weight,83122.37189610203
100,1,c_fc.weight,2.9860649625310205
100,1,c_proj.weight,2.898428228854603
100,2,c_attn.weight,3.71357189701956
100,2,c_proj.weight,669.8407651604018
100,2,c_fc.weight,2.94148749050891
100,2,c_proj.weight,2.951780727242367
100,3,c_attn.weight,3.6814362991940794
100,3,c_proj.weight,793.1520227917308
100,3,c_fc.weight,2.98087726425169
100,3,c_proj.weight,2.9747801497505066
100,4,c_attn.weight,3.6478590971998544
100,4,c_proj.weight,348.56399573748837
100,4,c_fc.weight,2.9618402245284425
100,4,c_proj.weight,2.9293625055939385
100,5,c_attn.weight,3.691481676660971
100,5,c_proj.weight,900.9927793881601
100,5,c_fc.weight,2.9811772008101767
100,5,c_proj.weight,2.983782459882847
0,0,c_attn.weight,3.711345246615648
0,0,c_proj.weight,994.2518247038842
0,0,c_fc.weight,2.950323383801096
0,0,c_proj.weight,2.9669163717260023
0,1,c_attn.weight,3.639521207728843
0,1,c_proj.weight,12702.488175490687
0,1,c_fc.weight,2.9860719058024316
0,1,c_proj.weight,2.89870912508503
0,2,c_attn.weight,3.7135558563344957
0,2,c_proj.weight,662.8498115643694
0,2,c_fc.weight,2.9414891582680047
0,2,c_proj.weight,2.9514896705284484
0,3,c_attn.weight,3.681468877684694
0,3,c_proj.weight,924.0805553006873
0,3,c_fc.weight,2.9808763869632675
0,3,c_proj.weight,2.97463843540962
0,4,c_attn.weight,3.6478247762339056
0,4,c_proj.weight,351.4567099822373
0,4,c_fc.weight,2.961856569924184
0,4,c_proj.weight,2.9291444078866076
0,5,c_attn.weight,3.691504676797073
0,5,c_proj.weight,930.5084580077921
0,5,c_fc.weight,2.9811482901113244
0,5,c_proj.weight,2.983463684125186
200,0,c_attn.weight,3.711462056435158
200,0,c_proj.weight,2461.4915334026014
200,0,c_fc.weight,2.949124015662199
200,0,c_proj.weight,2.9974846751480198
200,1,c_attn.weight,3.6394798460973967
200,1,c_proj.weight,4056.8519316926813
200,1,c_fc.weight,2.9857923166681792
200,1,c_proj.weight,2.92452500082091
200,2,c_attn.weight,3.71311359075751
200,2,c_proj.weight,820.9952643251078
200,2,c_fc.weight,2.9407643907100436
200,2,c_proj.weight,2.9528003686913515
200,3,c_attn.weight,3.68126736008586
200,3,c_proj.weight,854.6585744061792
200,3,c_fc.weight,2.9810690425669124
200,3,c_proj.weight,2.9675383383355864
200,4,c_attn.weight,3.648100121051209
200,4,c_proj.weight,344.76807905718346
200,4,c_fc.weight,2.9623604094655676
200,4,c_proj.weight,2.9310471057261105
200,5,c_attn.weight,3.69149114138323
200,5,c_proj.weight,795.845804534057
200,5,c_fc.weight,2.9813640785188933
200,5,c_proj.weight,2.9906301867475444
200,0,c_attn.weight,3.7110246550049415
200,0,c_proj.weight,1184.068056347391
200,0,c_fc.weight,2.950328282437059
200,0,c_proj.weight,2.969301824304775
200,1,c_attn.weight,3.639598829584609
200,1,c_proj.weight,15890.561044355436
200,1,c_fc.weight,2.986038368013931
200,1,c_proj.weight,2.8989583787440076
200,2,c_attn.weight,3.7135796810435404
200,2,c_proj.weight,681.0126164985824
200,2,c_fc.weight,2.9414343042077022
200,2,c_proj.weight,2.9512698770590617
200,3,c_attn.weight,3.681364152583924
200,3,c_proj.weight,614.6438611458216
200,3,c_fc.weight,2.9808931016570894
200,3,c_proj.weight,2.974320705436718
200,4,c_attn.weight,3.6480162688848274
200,4,c_proj.weight,355.54070461274733
200,4,c_fc.weight,2.9618306428352787
200,4,c_proj.weight,2.9294540532242013
200,5,c_attn.weight,3.6914855230173282
200,5,c_proj.weight,886.1383305298885
200,5,c_fc.weight,2.9812236229285802
200,5,c_proj.weight,2.984732784082816
0,0,c_attn.weight,3.711344360387042
0,0,c_proj.weight,994.2518247038842
0,0,c_fc.weight,2.9503238275676207
0,0,c_proj.weight,2.966917414571709
0,1,c_attn.weight,3.6395204282450395
0,1,c_proj.weight,12702.488175490687
0,1,c_fc.weight,2.986071600182486
0,1,c_proj.weight,2.8987104032549365
0,2,c_attn.weight,3.7135562707574077
0,2,c_proj.weight,662.8498115643694
0,2,c_fc.weight,2.941488637716038
0,2,c_proj.weight,2.9514901235625115
0,3,c_attn.weight,3.681468023330454
0,3,c_proj.weight,924.0805553006873
0,3,c_fc.weight,2.980875786802019
0,3,c_proj.weight,2.974639155202992
0,4,c_attn.weight,3.647824811849107
0,4,c_proj.weight,351.4567099822373
0,4,c_fc.weight,2.9618580019923133
0,4,c_proj.weight,2.9291445277931114
0,5,c_attn.weight,3.6915058537001957
0,5,c_proj.weight,930.5084580077921
0,5,c_fc.weight,2.981148667333697
0,5,c_proj.weight,2.983464673749719
100,0,c_attn.weight,3.711617669397865
100,0,c_proj.weight,823.4348354161492
100,0,c_fc.weight,2.95007899400193
100,0,c_proj.weight,2.985415857479352
100,1,c_attn.weight,3.6394725083931316
100,1,c_proj.weight,10081.563326452802
100,1,c_fc.weight,2.985581413433214
100,1,c_proj.weight,2.9154012288152558
100,2,c_attn.weight,3.713413471146585
100,2,c_proj.weight,693.7585995189263
100,2,c_fc.weight,2.9409828250677967
100,2,c_proj.weight,2.9503761485002027
100,3,c_attn.weight,3.6812888779657453
100,3,c_proj.weight,827.9590660487785
100,3,c_fc.weight,2.980987284368169
100,3,c_proj.weight,2.9692086133813906
100,4,c_attn.weight,3.6477534901829913
100,4,c_proj.weight,392.18436477108645
100,4,c_fc.weight,2.962071508271699
100,4,c_proj.weight,2.9320218964082208
100,5,c_attn.weight,3.691482836928592
100,5,c_proj.weight,821.9986393145048
100,5,c_fc.weight,2.981498329594782
100,5,c_proj.weight,2.990967491976052
0,0,c_attn.weight,3.711344360387042
0,0,c_proj.weight,994.2518247038842
0,0,c_fc.weight,2.9503238275676207
0,0,c_proj.weight,2.966917414571709
0,1,c_attn.weight,3.6395204282450395
0,1,c_proj.weight,12702.488175490687
0,1,c_fc.weight,2.986071600182486
0,1,c_proj.weight,2.8987104032549365
0,2,c_attn.weight,3.7135562707574077
0,2,c_proj.weight,662.8498115643694
0,2,c_fc.weight,2.941488637716038
0,2,c_proj.weight,2.9514901235625115
0,3,c_attn.weight,3.681468023330454
0,3,c_proj.weight,924.0805553006873
0,3,c_fc.weight,2.980875786802019
0,3,c_proj.weight,2.974639155202992
0,4,c_attn.weight,3.647824811849107
0,4,c_proj.weight,351.4567099822373
0,4,c_fc.weight,2.9618580019923133
0,4,c_proj.weight,2.9291445277931114
0,5,c_attn.weight,3.6915058537001957
0,5,c_proj.weight,930.5084580077921
0,5,c_fc.weight,2.981148667333697
0,5,c_proj.weight,2.983464673749719
100,0,c_attn.weight,3.711617993344471
100,0,c_proj.weight,823.4027408559089
100,0,c_fc.weight,2.950078313511205
100,0,c_proj.weight,2.9854233930452834
100,1,c_attn.weight,3.6394736960250893
100,1,c_proj.weight,10151.391154326924
100,1,c_fc.weight,2.985582403171135
100,1,c_proj.weight,2.9154044377446233
100,2,c_attn.weight,3.7134126720187646
100,2,c_proj.weight,693.7581882350064
100,2,c_fc.weight,2.940981722526582
100,2,c_proj.weight,2.950369069863504
100,3,c_attn.weight,3.68128840168373
100,3,c_proj.weight,828.6855594865194
100,3,c_fc.weight,2.9809876609157095
100,3,c_proj.weight,2.9692191134657793
100,4,c_attn.weight,3.647751872133651
100,4,c_proj.weight,392.161458156415
100,4,c_fc.weight,2.9620711277572394
100,4,c_proj.weight,2.932023686004764
100,5,c_attn.weight,3.6914812145354756
100,5,c_proj.weight,822.0096666387411
100,5,c_fc.weight,2.9814981741458566
100,5,c_proj.weight,2.9909647854201
200,0,c_attn.weight,3.7120791891702467
200,0,c_proj.weight,7703.33169113987
200,0,c_fc.weight,2.948892689087639
200,0,c_proj.weight,3.184291021590066
200,1,c_attn.weight,3.639332536279894
200,1,c_proj.weight,4214.278848405167
200,1,c_fc.weight,2.9858318410785722
200,1,c_proj.weight,2.952105846842267
200,2,c_attn.weight,3.713033091644057
200,2,c_proj.weight,832.407567676035
200,2,c_fc.weight,2.940393574174964
200,2,c_proj.weight,2.957700410992721
200,3,c_attn.weight,3.6812726384037298
200,3,c_proj.weight,2777.543681254896
200,3,c_fc.weight,2.9812029451778144
200,3,c_proj.weight,2.9653975196237017
200,4,c_attn.weight,3.6480371278018873
200,4,c_proj.weight,367.2359307404649
200,4,c_fc.weight,2.9625893130841243
200,4,c_proj.weight,2.932494031494718
200,5,c_attn.weight,3.6914701632830056
200,5,c_proj.weight,632.3218541814448
200,5,c_fc.weight,2.9814687794086936
200,5,c_proj.weight,2.9960361740851567
100,0,c_attn.weight,3.711296103619684
100,0,c_proj.weight,1113.4993487536785
100,0,c_fc.weight,2.950252877352698
100,0,c_proj.weight,2.972430900001469
100,1,c_attn.weight,3.6395849342186017
100,1,c_proj.weight,28020.436276892135
100,1,c_fc.weight,2.985784028216203
100,1,c_proj.weight,2.9047834598012905
100,2,c_attn.weight,3.7134800012805447
100,2,c_proj.weight,675.9389061810546
100,2,c_fc.weight,2.941153084820308
100,2,c_proj.weight,2.9500807031974197
100,3,c_attn.weight,3.681276139358424
100,3,c_proj.weight,594.959515639321
100,3,c_fc.weight,2.980971123883055
100,3,c_proj.weight,2.971445291652831
100,4,c_attn.weight,3.6479553592052425
100,4,c_proj.weight,375.9419471562556
100,4,c_fc.weight,2.9619559692423656
100,4,c_proj.weight,2.930314974680402
100,5,c_attn.weight,3.6915054623265826
100,5,c_proj.weight,802.989048172605
100,5,c_fc.weight,2.9814126677740056
100,5,c_proj.weight,2.9878113118170764
200,0,c_attn.weight,3.7120834102175655
200,0,c_proj.weight,7695.439357986569
200,0,c_fc.weight,2.9488904086996253
200,0,c_proj.weight,3.1843438759095424
200,1,c_attn.weight,3.6393336871334343
200,1,c_proj.weight,4178.0527705745135
200,1,c_fc.weight,2.9858286484501546
200,1,c_proj.weight,2.9520955630007286
200,2,c_attn.weight,3.7130350743772302
200,2,c_proj.weight,831.0655788860549
200,2,c_fc.weight,2.9403900296910828
200,2,c_proj.weight,2.9576792027235403
200,3,c_attn.weight,3.6812718167529863
200,3,c_proj.weight,2779.523996859229
200,3,c_fc.weight,2.9812032453172064
200,3,c_proj.weight,2.96541793221116
200,4,c_attn.weight,3.648037163398357
200,4,c_proj.weight,367.11365937691147
200,4,c_fc.weight,2.9625897719773646
200,4,c_proj.weight,2.9324860695441073
200,5,c_attn.weight,3.6914705768618754
200,5,c_proj.weight,632.7495500847585
200,5,c_fc.weight,2.981470455306257
200,5,c_proj.weight,2.996031022673004
0,0,c_attn.weight,3.711345246615648
0,0,c_proj.weight,994.2518247038842
0,0,c_fc.weight,2.950323383801096
0,0,c_proj.weight,2.9669163717260023
0,1,c_attn.weight,3.639521207728843
0,1,c_proj.weight,12702.488175490687
0,1,c_fc.weight,2.9860719058024316
0,1,c_proj.weight,2.89870912508503
0,2,c_attn.weight,3.7135558563344957
0,2,c_proj.weight,662.8498115643694
0,2,c_fc.weight,2.9414891582680047
0,2,c_proj.weight,2.9514896705284484
0,3,c_attn.weight,3.681468877684694
0,3,c_proj.weight,924.0805553006873
0,3,c_fc.weight,2.9808763869632675
0,3,c_proj.weight,2.97463843540962
0,4,c_attn.weight,3.6478247762339056
0,4,c_proj.weight,351.4567099822373
0,4,c_fc.weight,2.961856569924184
0,4,c_proj.weight,2.9291444078866076
0,5,c_attn.weight,3.691504676797073
0,5,c_proj.weight,930.5084580077921
0,5,c_fc.weight,2.9811482901113244
0,5,c_proj.weight,2.983463684125186
200,0,c_attn.weight,3.711461229725064
200,0,c_proj.weight,2461.6860259801483
200,0,c_fc.weight,2.9491211334604683
200,0,c_proj.weight,2.997465286496308
200,1,c_attn.weight,3.639479882883347
200,1,c_proj.weight,4031.976493166338
200,1,c_fc.weight,2.9857928459398435
200,1,c_proj.weight,2.924515023825287
200,2,c_attn.weight,3.7131143898112975
200,2,c_proj.weight,821.0481148580513
200,2,c_fc.weight,2.940761489018858
200,2,c_proj.weight,2.952804395072757
200,3,c_attn.weight,3.6812694468887854
200,3,c_proj.weight,854.251631743357
200,3,c_fc.weight,2.981069495581952
200,3,c_proj.weight,2.9675441148017696
200,4,c_attn.weight,3.648100121051209
200,4,c_proj.weight,344.7327123292578
200,4,c_fc.weight,2.962359671164733
200,4,c_proj.weight,2.931049393132112
200,5,c_attn.weight,3.6914932092450794
200,5,c_proj.weight,795.8121105038144
200,5,c_fc.weight,2.9813628633205425
200,5,c_proj.weight,2.9906237148351282
0,0,c_attn.weight,3.711344360387042
0,0,c_proj.weight,994.2518247038842
0,0,c_fc.weight,2.9503238275676207
0,0,c_proj.weight,2.966917414571709
0,1,c_attn.weight,3.6395204282450395
0,1,c_proj.weight,12702.488175490687
0,1,c_fc.weight,2.986071600182486
0,1,c_proj.weight,2.8987104032549365
0,2,c_attn.weight,3.7135562707574077
0,2,c_proj.weight,662.8498115643694
0,2,c_fc.weight,2.941488637716038
0,2,c_proj.weight,2.9514901235625115
0,3,c_attn.weight,3.681468023330454
0,3,c_proj.weight,924.0805553006873
0,3,c_fc.weight,2.980875786802019
0,3,c_proj.weight,2.974639155202992
0,4,c_attn.weight,3.647824811849107
0,4,c_proj.weight,351.4567099822373
0,4,c_fc.weight,2.9618580019923133
0,4,c_proj.weight,2.9291445277931114
0,5,c_attn.weight,3.6915058537001957
0,5,c_proj.weight,930.5084580077921
0,5,c_fc.weight,2.981148667333697
0,5,c_proj.weight,2.983464673749719
100,0,c_attn.weight,3.7111858946012894
100,0,c_proj.weight,1054.892871276678
100,0,c_fc.weight,2.950297716143334
100,0,c_proj.weight,2.9681840509896116
100,1,c_attn.weight,3.639554659290849
100,1,c_proj.weight,82822.22167863246
100,1,c_fc.weight,2.9860671018691702
100,1,c_proj.weight,2.8984281140212156
100,2,c_attn.weight,3.713575182743263
100,2,c_proj.weight,669.8684327591205
100,2,c_fc.weight,2.9414882316464506
100,2,c_proj.weight,2.951779299646907
100,3,c_attn.weight,3.681435855658941
100,3,c_proj.weight,793.1220305516517
100,3,c_fc.weight,2.980876740544599
100,3,c_proj.weight,2.9747787706397104
100,4,c_attn.weight,3.647859430496834
100,4,c_proj.weight,348.56088876262027
100,4,c_fc.weight,2.9618416565937147
100,4,c_proj.weight,2.929363021833379
100,5,c_attn.weight,3.691481676660971
100,5,c_proj.weight,900.9998028646581
100,5,c_fc.weight,2.9811781165052587
100,5,c_proj.weight,2.9837823299208113
0,0,c_attn.weight,3.711344360387042
0,0,c_proj.weight,994.2518247038842
0,0,c_fc.weight,2.9503238275676207
0,0,c_proj.weight,2.966917414571709
0,1,c_attn.weight,3.6395204282450395
0,1,c_proj.weight,12702.488175490687
0,1,c_fc.weight,2.986071600182486
0,1,c_proj.weight,2.8987104032549365
0,2,c_attn.weight,3.7135562707574077
0,2,c_proj.weight,662.8498115643694
0,2,c_fc.weight,2.941488637716038
0,2,c_proj.weight,2.9514901235625115
0,3,c_attn.weight,3.681468023330454
0,3,c_proj.weight,924.0805553006873
0,3,c_fc.weight,2.980875786802019
0,3,c_proj.weight,2.974639155202992
0,4,c_attn.weight,3.647824811849107
0,4,c_proj.weight,351.4567099822373
0,4,c_fc.weight,2.9618580019923133
0,4,c_proj.weight,2.9291445277931114
0,5,c_attn.weight,3.6915058537001957
0,5,c_proj.weight,930.5084580077921
0,5,c_fc.weight,2.981148667333697
0,5,c_proj.weight,2.983464673749719
200,0,c_attn.weight,3.7110218219776896
200,0,c_proj.weight,1183.928803038629
200,0,c_fc.weight,2.950328519262363
200,0,c_proj.weight,2.9693024134565165
200,1,c_attn.weight,3.6395984582206196
200,1,c_proj.weight,15850.806687818585
200,1,c_fc.weight,2.98603875110127
200,1,c_proj.weight,2.8989578228295616
200,2,c_attn.weight,3.713577224165072
200,2,c_proj.weight,681.0488472989676
200,2,c_fc.weight,2.9414325838273054
200,2,c_proj.weight,2.9512703300409844
200,3,c_attn.weight,3.6813632982388467
200,3,c_proj.weight,614.5745037570848
200,3,c_fc.weight,2.980894072627506
200,3,c_proj.weight,2.9743211562010003
200,4,c_attn.weight,3.6480167090200655
200,4,c_proj.weight,355.5514407575386
200,4,c_fc.weight,2.96183003864478
200,4,c_proj.weight,2.929454740319253
200,5,c_attn.weight,3.691487145383884
200,5,c_proj.weight,886.1904755421348
200,5,c_fc.weight,2.9812239281635584
200,5,c_proj.weight,2.984733446743852
100,0,c_attn.weight,3.7111843012009826
100,0,c_proj.weight,1054.841320488383
100,0,c_fc.weight,2.9502983817796204
100,0,c_proj.weight,2.968185094330038
100,1,c_attn.weight,3.639553879798304
100,1,c_proj.weight,83690.5188185587
100,1,c_fc.weight,2.9860667962494345
100,1,c_proj.weight,2.898428854951636
100,2,c_attn.weight,3.7135706537448985
100,2,c_proj.weight,669.8440125195178
100,2,c_fc.weight,2.941488011060322
100,2,c_proj.weight,2.9517840480970703
100,3,c_attn.weight,3.681434310544074
100,3,c_proj.weight,793.118425584518
100,3,c_fc.weight,2.980876516918526
100,3,c_proj.weight,2.97477962500519
100,4,c_attn.weight,3.6478586570665703
100,4,c_proj.weight,348.55976802504824
100,4,c_fc.weight,2.961841432904969
100,4,c_proj.weight,2.9293626946255085
100,5,c_attn.weight,3.691480849531881
100,5,c_proj.weight,900.9802007592834
100,5,c_fc.weight,2.981176745835362
100,5,c_proj.weight,2.983784045136396
100,0,c_attn.weight,3.711617639597279
100,0,c_proj.weight,823.123252226317
100,0,c_fc.weight,2.9500796594779137
100,0,c_proj.weight,2.9854213814254726
100,1,c_attn.weight,3.6394753285828623
100,1,c_proj.weight,10159.29628736977
100,1,c_fc.weight,2.985582786211718
100,1,c_proj.weight,2.9154012504597278
100,2,c_attn.weight,3.7134126423276386
100,2,c_proj.weight,693.3519571303807
100,2,c_fc.weight,2.940982604559488
100,2,c_proj.weight,2.9503682205832567
100,3,c_attn.weight,3.6812875800513827
100,3,c_proj.weight,827.5568475170436
100,3,c_fc.weight,2.980988408305303
100,3,c_proj.weight,2.9692138553498872
100,4,c_attn.weight,3.6477534901829913
100,4,c_proj.weight,392.1629127944896
100,4,c_fc.weight,2.962071273087619
100,4,c_proj.weight,2.932027987048426
100,5,c_attn.weight,3.6914808328613433
100,5,c_proj.weight,822.1272213614459
100,5,c_fc.weight,2.981499089896493
100,5,c_proj.weight,2.990967491976052
0,0,c_attn.weight,3.711345246615648
0,0,c_proj.weight,994.2518247038842
0,0,c_fc.weight,2.950323383801096
0,0,c_proj.weight,2.9669163717260023
0,1,c_attn.weight,3.639521207728843
0,1,c_proj.weight,12702.488175490687
0,1,c_fc.weight,2.9860719058024316
0,1,c_proj.weight,2.89870912508503
0,2,c_attn.weight,3.7135558563344957
0,2,c_proj.weight,662.8498115643694
0,2,c_fc.weight,2.9414891582680047
0,2,c_proj.weight,2.9514896705284484
0,3,c_attn.weight,3.681468877684694
0,3,c_proj.weight,924.0805553006873
0,3,c_fc.weight,2.9808763869632675
0,3,c_proj.weight,2.97463843540962
0,4,c_attn.weight,3.6478247762339056
0,4,c_proj.weight,351.4567099822373
0,4,c_fc.weight,2.961856569924184
0,4,c_proj.weight,2.9291444078866076
0,5,c_attn.weight,3.691504676797073
0,5,c_proj.weight,930.5084580077921
0,5,c_fc.weight,2.9811482901113244
0,5,c_proj.weight,2.983463684125186
200,0,c_attn.weight,3.7110250383985064
200,0,c_proj.weight,1183.8174643766843
200,0,c_fc.weight,2.950329263852768
200,0,c_proj.weight,2.9693027928733127
200,1,c_attn.weight,3.639596825671508
200,1,c_proj.weight,15903.260990935092
200,1,c_fc.weight,2.9860379117226836
200,1,c_proj.weight,2.8989575671448757
200,2,c_attn.weight,3.713577668265831
200,2,c_proj.weight,681.0504398613607
200,2,c_fc.weight,2.9414349041285277
200,2,c_proj.weight,2.9512698770590617
200,3,c_attn.weight,3.681362920153503
200,3,c_proj.weight,614.6177710172168
200,3,c_fc.weight,2.9808934017403024
200,3,c_proj.weight,2.974321943378457
200,4,c_attn.weight,3.648017113557642
200,4,c_proj.weight,355.53353526907824
200,4,c_fc.weight,2.96183003864478
200,4,c_proj.weight,2.929453965929159
200,5,c_attn.weight,3.6914863182517155
200,5,c_proj.weight,886.1621687855461
200,5,c_fc.weight,2.9812234674454636
200,5,c_proj.weight,2.984732318606147
200,0,c_attn.weight,3.7120814320320856
200,0,c_proj.weight,7946.946469740974
200,0,c_fc.weight,2.9488985777430314
200,0,c_proj.weight,3.184342162468969
200,1,c_attn.weight,3.6393305323203538
200,1,c_proj.weight,4167.909291603466
200,1,c_fc.weight,2.9858332868077575
200,1,c_proj.weight,2.952112595848686
200,2,c_attn.weight,3.71303143410937
200,2,c_proj.weight,831.0169103629681
200,2,c_fc.weight,2.9403935920474717
200,2,c_proj.weight,2.9576920127494115
200,3,c_attn.weight,3.6812714386630594
200,3,c_proj.weight,2778.143111162797
200,3,c_fc.weight,2.981204669569015
200,3,c_proj.weight,2.9654105511507884
200,4,c_attn.weight,3.648039341512693
200,4,c_proj.weight,367.26058530990855
200,4,c_fc.weight,2.96259057748636
200,4,c_proj.weight,2.932505570057066
200,5,c_attn.weight,3.691469368025704
200,5,c_proj.weight,632.4757914160018
200,5,c_fc.weight,2.981469389854287
200,5,c_proj.weight,2.996053939151506
0,0,c_attn.weight,3.711344360387042
0,0,c_proj.weight,994.2518247038842
0,0,c_fc.weight,2.9503238275676207
0,0,c_proj.weight,2.966917414571709
0,1,c_attn.weight,3.6395204282450395
0,1,c_proj.weight,12702.488175490687
0,1,c_fc.weight,2.986071600182486
0,1,c_proj.weight,2.8987104032549365
0,2,c_attn.weight,3.7135562707574077
0,2,c_proj.weight,662.8498115643694
0,2,c_fc.weight,2.941488637716038
0,2,c_proj.weight,2.9514901235625115
0,3,c_attn.weight,3.681468023330454
0,3,c_proj.weight,924.0805553006873
0,3,c_fc.weight,2.980875786802019
0,3,c_proj.weight,2.974639155202992
0,4,c_attn.weight,3.647824811849107
0,4,c_proj.weight,351.4567099822373
0,4,c_fc.weight,2.9618580019923133
0,4,c_proj.weight,2.9291445277931114
0,5,c_attn.weight,3.6915058537001957
0,5,c_proj.weight,930.5084580077921
0,5,c_fc.weight,2.981148667333697
0,5,c_proj.weight,2.983464673749719
100,0,c_attn.weight,3.7112961632786665
100,0,c_proj.weight,1113.992965528308
100,0,c_fc.weight,2.950254983003264
100,0,c_proj.weight,2.972428556944651
100,1,c_attn.weight,3.639586566777208
100,1,c_proj.weight,27475.239688730424
100,1,c_fc.weight,2.985785022443073
100,1,c_proj.weight,2.9047893839022616
100,2,c_attn.weight,3.713480030965141
100,2,c_proj.weight,675.5933329211496
100,2,c_fc.weight,2.941154363937903
100,2,c_proj.weight,2.9500753115800116
100,3,c_attn.weight,3.6812757285539797
100,3,c_proj.weight,594.8741637337814
100,3,c_fc.weight,2.9809702236050493
100,3,c_proj.weight,2.9714450144892766
100,4,c_attn.weight,3.6479545145401064
100,4,c_proj.weight,375.97569338536647
100,4,c_fc.weight,2.961956114549774
100,4,c_proj.weight,2.9303174870741517
100,5,c_attn.weight,3.691507084709961
100,5,c_proj.weight,802.6337512207012
100,5,c_fc.weight,2.98141121926312
100,5,c_proj.weight,2.9878099260689632
0,0,c_attn.weight,3.711344360387042
0,0,c_proj.weight,994.2518247038842
0,0,c_fc.weight,2.9503238275676207
0,0,c_proj.weight,2.966917414571709
0,1,c_attn.weight,3.6395204282450395
0,1,c_proj.weight,12702.488175490687
0,1,c_fc.weight,2.986071600182486
0,1,c_proj.weight,2.8987104032549365
0,2,c_attn.weight,3.7135562707574077
0,2,c_proj.weight,662.8498115643694
0,2,c_fc.weight,2.941488637716038
0,2,c_proj.weight,2.9514901235625115
0,3,c_attn.weight,3.681468023330454
0,3,c_proj.weight,924.0805553006873
0,3,c_fc.weight,2.980875786802019
0,3,c_proj.weight,2.974639155202992
0,4,c_attn.weight,3.647824811849107
0,4,c_proj.weight,351.4567099822373
0,4,c_fc.weight,2.9618580019923133
0,4,c_proj.weight,2.9291445277931114
0,5,c_attn.weight,3.6915058537001957
0,5,c_proj.weight,930.5084580077921
0,5,c_fc.weight,2.981148667333697
0,5,c_proj.weight,2.983464673749719
100,0,c_attn.weight,3.7112981402327168
100,0,c_proj.weight,1113.886581923747
100,0,c_fc.weight,2.9502535579099733
100,0,c_proj.weight,2.9724298027573983
100,1,c_attn.weight,3.6395854159079946
100,1,c_proj.weight,28251.224384525205
100,1,c_fc.weight,2.9857834213968935
100,1,c_proj.weight,2.9047841816486955
100,2,c_attn.weight,3.713482961559322
100,2,c_proj.weight,675.7991490435281
100,2,c_fc.weight,2.941153764076681
100,2,c_proj.weight,2.9500752008557622
100,3,c_attn.weight,3.6812729183901194
100,3,c_proj.weight,595.1714909060038
100,3,c_fc.weight,2.980971500426469
100,3,c_proj.weight,2.9714461306685562
100,4,c_attn.weight,3.6479540744057894
100,4,c_proj.weight,376.0092706113649
100,4,c_fc.weight,2.961956416658006
100,4,c_proj.weight,2.930314509439181
100,5,c_attn.weight,3.6915074663840053
100,5,c_proj.weight,802.5540393479159
100,5,c_fc.weight,2.9814096152909864
100,5,c_proj.weight,2.987812095386613
200,0,c_attn.weight,3.7114588688647157
200,0,c_proj.weight,2464.583025569958
200,0,c_fc.weight,2.9491244106736803
200,0,c_proj.weight,2.9974769099966387
200,1,c_attn.weight,3.6394763567409747
200,1,c_proj.weight,4052.397728461145
200,1,c_fc.weight,2.985792927751333
200,1,c_proj.weight,2.924537041015704
200,2,c_attn.weight,3.7131127025421
200,2,c_proj.weight,820.1745833086021
200,2,c_fc.weight,2.94076402917449
200,2,c_proj.weight,2.9528093461789693
200,3,c_attn.weight,3.6812666039285897
200,3,c_proj.weight,854.1762151357746
200,3,c_fc.weight,2.981068224349412
200,3,c_proj.weight,2.9675450014065907
200,4,c_attn.weight,3.6481013346985516
200,4,c_proj.weight,344.7201739880176
200,4,c_fc.weight,2.9623608683678078
200,4,c_proj.weight,2.93105451755972
200,5,c_attn.weight,3.691494418064843
200,5,c_proj.weight,795.5424040322713
200,5,c_fc.weight,2.98136240264383
200,5,c_proj.weight,2.990625301917652
200,0,c_attn.weight,3.7114616132629115
200,0,c_proj.weight,2473.928257001844
200,0,c_fc.weight,2.9491229708255355
200,0,c_proj.weight,2.997467312603309
200,1,c_attn.weight,3.6394803278123145
200,1,c_proj.weight,4067.5995745919295
200,1,c_fc.weight,2.985791021372552
200,1,c_proj.weight,2.9245166659312716
200,2,c_attn.weight,3.7131106900477686
200,2,c_proj.weight,821.5693730860016
200,2,c_fc.weight,2.940763067865574
200,2,c_proj.weight,2.9528030119578728
200,3,c_attn.weight,3.681267836369263
200,3,c_proj.weight,855.0140732711709
200,3,c_fc.weight,2.9810688953495568
200,3,c_proj.weight,2.967537603478127
200,4,c_attn.weight,3.648100525600323
200,4,c_proj.weight,344.83930364998605
200,4,c_fc.weight,2.9623601073215537
200,4,c_proj.weight,2.931053482906574
200,5,c_attn.weight,3.6914931135526365
200,5,c_proj.weight,795.7019250251824
200,5,c_fc.weight,2.9813612594848578
200,5,c_proj.weight,2.990632035867579
100,0,c_attn.weight,3.711185097901054
100,0,c_proj.weight,1054.8704476114333
100,0,c_fc.weight,2.950298080957421
100,0,c_proj.weight,2.9681843118247184
100,1,c_attn.weight,3.639553879798304
100,1,c_proj.weight,83120.67477181279
100,1,c_fc.weight,2.986067484958353
100,1,c_proj.weight,2.8984278324244026
100,2,c_attn.weight,3.713572725869334
100,2,c_proj.weight,669.8270569147828
100,2,c_fc.weight,2.941488311025661
100,2,c_proj.weight,2.951780727242367
100,3,c_attn.weight,3.681434245107937
100,3,c_proj.weight,793.1310235593016
100,3,c_fc.weight,2.9808768169994653
100,3,c_proj.weight,2.9747782458943597
100,4,c_attn.weight,3.6478598350180462
100,4,c_proj.weight,348.55860927128305
100,4,c_fc.weight,2.9618416565937147
100,4,c_proj.weight,2.9293619893544975
100,5,c_attn.weight,3.6914820902255157
100,5,c_proj.weight,900.9692515525942
100,5,c_fc.weight,2.981177278554423
100,5,c_proj.weight,2.9837832525096215
0,0,c_attn.weight,3.711345246615648
0,0,c_proj.weight,994.2518247038842
0,0,c_fc.weight,2.950323383801096
0,0,c_proj.weight,2.9669163717260023
0,1,c_attn.weight,3.639521207728843
0,1,c_proj.weight,12702.488175490687
0,1,c_fc.weight,2.9860719058024316
0,1,c_proj.weight,2.89870912508503
0,2,c_attn.weight,3.7135558563344957
0,2,c_proj.weight,662.8498115643694
0,2,c_fc.weight,2.9414891582680047
0,2,c_proj.weight,2.9514896705284484
0,3,c_attn.weight,3.681468877684694
0,3,c_proj.weight,924.0805553006873
0,3,c_fc.weight,2.9808763869632675
0,3,c_proj.weight,2.97463843540962
0,4,c_attn.weight,3.6478247762339056
0,4,c_proj.weight,351.4567099822373
0,4,c_fc.weight,2.961856569924184
0,4,c_proj.weight,2.9291444078866076
0,5,c_attn.weight,3.691504676797073
0,5,c_proj.weight,930.5084580077921
0,5,c_fc.weight,2.9811482901113244
0,5,c_proj.weight,2.983463684125186
0,0,c_attn.weight,3.711344360387042
0,0,c_proj.weight,994.2518247038842
0,0,c_fc.weight,2.9503238275676207
0,0,c_proj.weight,2.966917414571709
0,1,c_attn.weight,3.6395204282450395
0,1,c_proj.weight,12702.488175490687
0,1,c_fc.weight,2.986071600182486
0,1,c_proj.weight,2.8987104032549365
0,2,c_attn.weight,3.7135562707574077
0,2,c_proj.weight,662.8498115643694
0,2,c_fc.weight,2.941488637716038
0,2,c_proj.weight,2.9514901235625115
0,3,c_attn.weight,3.681468023330454
0,3,c_proj.weight,924.0805553006873
0,3,c_fc.weight,2.980875786802019
0,3,c_proj.weight,2.974639155202992
0,4,c_attn.weight,3.647824811849107
0,4,c_proj.weight,351.4567099822373
0,4,c_fc.weight,2.9618580019923133
0,4,c_proj.weight,2.9291445277931114
0,5,c_attn.weight,3.6915058537001957
0,5,c_proj.weight,930.5084580077921
0,5,c_fc.weight,2.981148667333697
0,5,c_proj.weight,2.983464673749719
200,0,c_attn.weight,3.7110222352257614
200,0,c_proj.weight,1183.9945345622773
200,0,c_fc.weight,2.950329944443709
200,0,c_proj.weight,2.969301689821763
200,1,c_attn.weight,3.6395952298960523
200,1,c_proj.weight,15855.241137011675
200,1,c_fc.weight,2.986038294809999
200,1,c_proj.weight,2.8989579119195326
200,2,c_attn.weight,3.7135776385906465
200,2,c_proj.weight,681.055552420857
200,2,c_fc.weight,2.941433704286877
200,2,c_proj.weight,2.9512685737521815
200,3,c_attn.weight,3.6813649742042043
200,3,c_proj.weight,614.5993294507155
200,3,c_fc.weight,2.980893325286101
200,3,c_proj.weight,2.974319978803938
200,4,c_attn.weight,3.648016340080143
200,4,c_proj.weight,355.53541235688346
200,4,c_fc.weight,2.961830340740029
200,4,c_proj.weight,2.929453398794236
200,5,c_attn.weight,3.6914867318178
200,5,c_proj.weight,886.2228471582546
200,5,c_fc.weight,2.981225298855613
200,5,c_proj.weight,2.9847321884946614
100,0,c_attn.weight,3.7116176097966864
100,0,c_proj.weight,822.524972083667
100,0,c_fc.weight,2.9500797384245816
100,0,c_proj.weight,2.985419946947912
100,1,c_attn.weight,3.6394729165325335
100,1,c_proj.weight,10164.012670575667
100,1,c_fc.weight,2.985582863700863
100,1,c_proj.weight,2.915399060486333
100,2,c_attn.weight,3.7134158982218413
100,2,c_proj.weight,693.3546992546565
100,2,c_fc.weight,2.9409817842291637
100,2,c_proj.weight,2.950374130503061
100,3,c_attn.weight,3.681284802538186
100,3,c_proj.weight,828.942305999584
100,3,c_fc.weight,2.980988408305303
100,3,c_proj.weight,2.9692064664180857
100,4,c_attn.weight,3.6477534901829913
100,4,c_proj.weight,392.0185159543136
100,4,c_fc.weight,2.962070837096612
100,4,c_proj.weight,2.9320235481483787
100,5,c_attn.weight,3.6914828688271784
100,5,c_proj.weight,821.8549954219583
100,5,c_fc.weight,2.98150046634594
100,5,c_proj.weight,2.9909655120934877
100,0,c_attn.weight,3.7116163399509374
100,0,c_proj.weight,822.7700930016258
100,0,c_fc.weight,2.9500798813033087
100,0,c_proj.weight,2.985424967621014
100,1,c_attn.weight,3.6394749572295417
100,1,c_proj.weight,10234.444195954424
100,1,c_fc.weight,2.9855830917631208
100,1,c_proj.weight,2.9153980326551863
100,2,c_attn.weight,3.713413056737112
100,2,c_proj.weight,693.6906585267672
100,2,c_fc.weight,2.9409816254235213
100,2,c_proj.weight,2.95037513304171
100,3,c_attn.weight,3.681287645517478
100,3,c_proj.weight,828.2487668543107
100,3,c_fc.weight,2.9809894614971175
100,3,c_proj.weight,2.9692131370047785
100,4,c_attn.weight,3.647752681158321
100,4,c_proj.weight,392.13369236888104
100,4,c_fc.weight,2.962071653602125
100,4,c_proj.weight,2.932025371576964
100,5,c_attn.weight,3.6914808009625495
100,5,c_proj.weight,821.8970990474355
100,5,c_fc.weight,2.981497563645432
100,5,c_proj.weight,2.9909716399451347
0,0,c_attn.weight,3.711344360387042
0,0,c_proj.weight,994.2518247038842
0,0,c_fc.weight,2.9503238275676207
0,0,c_proj.weight,2.966917414571709
0,1,c_attn.weight,3.6395204282450395
0,1,c_proj.weight,12702.488175490687
0,1,c_fc.weight,2.986071600182486
0,1,c_proj.weight,2.8987104032549365
0,2,c_attn.weight,3.7135562707574077
0,2,c_proj.weight,662.8498115643694
0,2,c_fc.weight,2.941488637716038
0,2,c_proj.weight,2.9514901235625115
0,3,c_attn.weight,3.681468023330454
0,3,c_proj.weight,924.0805553006873
0,3,c_fc.weight,2.980875786802019
0,3,c_proj.weight,2.974639155202992
0,4,c_attn.weight,3.647824811849107
0,4,c_proj.weight,351.4567099822373
0,4,c_fc.weight,2.9618580019923133
0,4,c_proj.weight,2.9291445277931114
0,5,c_attn.weight,3.6915058537001957
0,5,c_proj.weight,930.5084580077921
0,5,c_fc.weight,2.981148667333697
0,5,c_proj.weight,2.983464673749719
200,0,c_attn.weight,3.712081521321703
200,0,c_proj.weight,8063.782528859565
200,0,c_fc.weight,2.948895426015279
200,0,c_proj.weight,3.184304818004243
200,1,c_attn.weight,3.6393333157827823
200,1,c_proj.weight,4144.976384724869
200,1,c_fc.weight,2.9858329856327286
200,1,c_proj.weight,2.95208173637532
200,2,c_attn.weight,3.7130379156076136
200,2,c_proj.weight,830.8957126061251
200,2,c_fc.weight,2.940390673056698
200,2,c_proj.weight,2.957702334491298
200,3,c_attn.weight,3.6812722930490724
200,3,c_proj.weight,2788.76289595279
200,3,c_fc.weight,2.9812030980683555
200,3,c_proj.weight,2.965406856319939
200,4,c_attn.weight,3.6480387815903956
200,4,c_proj.weight,367.20569696571545
200,4,c_fc.weight,2.962590051530536
200,4,c_proj.weight,2.9325034727138384
200,5,c_attn.weight,3.6914717856982966
200,5,c_proj.weight,632.5010195711848
200,5,c_fc.weight,2.9814706050898816
200,5,c_proj.weight,2.9960355081893226
200,0,c_attn.weight,3.712081934816477
200,0,c_proj.weight,7562.917549520376
200,0,c_fc.weight,2.9488924037668114
200,0,c_proj.weight,3.1843236789091542
200,1,c_attn.weight,3.6393328708286443
200,1,c_proj.weight,4169.526114613991
200,1,c_fc.weight,2.9858304684795822
200,1,c_proj.weight,2.952098224967353
200,2,c_attn.weight,3.7130350743772302
200,2,c_proj.weight,832.0694650490801
200,2,c_fc.weight,2.9403932564603052
200,2,c_proj.weight,2.957699709853041
200,3,c_attn.weight,3.6812710278377296
200,3,c_proj.weight,2771.144602039018
200,3,c_fc.weight,2.981202497789661
200,3,c_proj.weight,2.965409911303846
200,4,c_attn.weight,3.648038270253323
200,4,c_proj.weight,366.9037509987598
200,4,c_fc.weight,2.9625898277357634
200,4,c_proj.weight,2.932501167193898
200,5,c_attn.weight,3.6914701632830056
200,5,c_proj.weight,631.5362820850131
200,5,c_fc.weight,2.9814715984780977
200,5,c_proj.weight,2.99603960068723
100,0,c_attn.weight,3.7112981104034235
100,0,c_proj.weight,1114.0967241048552
100,0,c_fc.weight,2.950253035238433
100,0,c_proj.weight,2.9724293092775333
100,1,c_attn.weight,3.6395830406207965
100,1,c_proj.weight,27538.957430021135
100,1,c_fc.weight,2.9857834945340964
100,1,c_proj.weight,2.9047878274906638
100,2,c_attn.weight,3.713481274212237
100,2,c_proj.weight,676.0209053377208
100,2,c_fc.weight,2.941155043194129
100,2,c_proj.weight,2.950076818968669
100,3,c_attn.weight,3.6812729183901194
100,3,c_proj.weight,594.8337934301115
100,3,c_fc.weight,2.980971123883055
100,3,c_proj.weight,2.9714474266462414
100,4,c_attn.weight,3.647953372154138
100,4,c_proj.weight,375.98148515671517
100,4,c_fc.weight,2.961956114549774
100,4,c_proj.weight,2.9303132036601767
100,5,c_attn.weight,3.691506289466191
100,5,c_proj.weight,802.9938805666661
100,5,c_fc.weight,2.98141121926312
100,5,c_proj.weight,2.9878129555334567
0,0,c_attn.weight,3.711344360387042
0,0,c_proj.weight,994.2518247038842
0,0,c_fc.weight,2.9503238275676207
0,0,c_proj.weight,2.966917414571709
0,1,c_attn.weight,3.6395204282450395
0,1,c_proj.weight,12702.488175490687
0,1,c_fc.weight,2.986071600182486
0,1,c_proj.weight,2.8987104032549365
0,2,c_attn.weight,3.7135562707574077
0,2,c_proj.weight,662.8498115643694
0,2,c_fc.weight,2.941488637716038
0,2,c_proj.weight,2.9514901235625115
0,3,c_attn.weight,3.681468023330454
0,3,c_proj.weight,924.0805553006873
0,3,c_fc.weight,2.980875786802019
0,3,c_proj.weight,2.974639155202992
0,4,c_attn.weight,3.647824811849107
0,4,c_proj.weight,351.4567099822373
0,4,c_fc.weight,2.9618580019923133
0,4,c_proj.weight,2.9291445277931114
0,5,c_attn.weight,3.6915058537001957
0,5,c_proj.weight,930.5084580077921
0,5,c_fc.weight,2.981148667333697
0,5,c_proj.weight,2.983464673749719
0,0,c_attn.weight,3.711345246615648
0,0,c_proj.weight,994.2518247038842
0,0,c_fc.weight,2.950323383801096
0,0,c_proj.weight,2.9669163717260023
0,1,c_attn.weight,3.639521207728843
0,1,c_proj.weight,12702.488175490687
0,1,c_fc.weight,2.9860719058024316
0,1,c_proj.weight,2.89870912508503
0,2,c_attn.weight,3.7135558563344957
0,2,c_proj.weight,662.8498115643694
0,2,c_fc.weight,2.9414891582680047
0,2,c_proj.weight,2.9514896705284484
0,3,c_attn.weight,3.681468877684694
0,3,c_proj.weight,924.0805553006873
0,3,c_fc.weight,2.9808763869632675
0,3,c_proj.weight,2.97463843540962
0,4,c_attn.weight,3.6478247762339056
0,4,c_proj.weight,351.4567099822373
0,4,c_fc.weight,2.961856569924184
0,4,c_proj.weight,2.9291444078866076
0,5,c_attn.weight,3.691504676797073
0,5,c_proj.weight,930.5084580077921
0,5,c_fc.weight,2.9811482901113244
0,5,c_proj.weight,2.983463684125186
200,0,c_attn.weight,3.711460816370017
200,0,c_proj.weight,2452.3000384609063
200,0,c_fc.weight,2.9491230498279224
200,0,c_proj.weight,2.9974650946730668
200,1,c_attn.weight,3.6394786216680726
200,1,c_proj.weight,4046.628034553212
200,1,c_fc.weight,2.985791477514166
200,1,c_proj.weight,2.9245145858181
200,2,c_attn.weight,3.71311359075751
200,2,c_proj.weight,821.1221149442033
200,2,c_fc.weight,2.940763067865574
200,2,c_proj.weight,2.9528056976870585
200,3,c_attn.weight,3.6812686252615854
200,3,c_proj.weight,853.7696376345647
200,3,c_fc.weight,2.981068748132246
200,3,c_proj.weight,2.9675457613548732
200,4,c_attn.weight,3.6481009301494374
200,4,c_proj.weight,344.73025296108756
200,4,c_fc.weight,2.962358910118528
200,4,c_proj.weight,2.931047397219471
200,5,c_attn.weight,3.69148990066612
200,5,c_proj.weight,796.6644373395397
200,5,c_fc.weight,2.9813608101860347
200,5,c_proj.weight,2.990630248538791
100,0,c_attn.weight,3.7111859244408327
100,0,c_proj.weight,1054.8292452915534
100,0,c_fc.weight,2.950299521076125
100,0,c_proj.weight,2.968185094330038
100,1,c_attn.weight,3.639556291831298
100,1,c_proj.weight,83564.42906330929
100,1,c_fc.weight,2.986066185009963
100,1,c_proj.weight,2.8984287401181543
100,2,c_attn.weight,3.713573110618613
100,2,c_proj.weight,669.8421920825253
100,2,c_fc.weight,2.941487711094983
100,2,c_proj.weight,2.9517812486537
100,3,c_attn.weight,3.68143389972693
100,3,c_proj.weight,793.1482076702429
100,3,c_fc.weight,2.980876516918526
100,3,c_proj.weight,2.9747787706397104
100,4,c_attn.weight,3.647859430496834
100,4,c_proj.weight,348.56124223640774
100,4,c_fc.weight,2.9618402245284425
100,4,c_proj.weight,2.929362178386034
100,5,c_attn.weight,3.6914820902255157
100,5,c_proj.weight,900.9865873662271
100,5,c_fc.weight,2.9811773562986574
100,5,c_proj.weight,2.9837823970442425
100,0,c_attn.weight,3.711185187419903
100,0,c_proj.weight,1054.881813448281
100,0,c_fc.weight,2.9502985396663717
100,0,c_proj.weight,2.968183462035904
100,1,c_attn.weight,3.6395542511557366
100,1,c_proj.weight,83371.93505662879
100,1,c_fc.weight,2.9860655005595516
100,1,c_proj.weight,2.8984287401181543
100,2,c_attn.weight,3.713573080942999
100,2,c_proj.weight,669.852081748356
100,2,c_fc.weight,2.9414871905435933
100,2,c_proj.weight,2.9517822231572866
100,3,c_attn.weight,3.681434310544074
100,3,c_proj.weight,793.127772430721
100,3,c_fc.weight,2.9808762168375864
100,3,c_proj.weight,2.9747771357738317
100,4,c_attn.weight,3.6478594661089128
100,4,c_proj.weight,348.5570274411566
100,4,c_fc.weight,2.961840526622574
100,4,c_proj.weight,2.929364054312261
100,5,c_attn.weight,3.691482535688032
100,5,c_proj.weight,900.9646600432532
100,5,c_fc.weight,2.98117636285941
100,5,c_proj.weight,2.9837848377631704
0,0,c_attn.weight,3.711344360387042
0,0,c_proj.weight,994.2518247038842
0,0,c_fc.weight,2.9503238275676207
0,0,c_proj.weight,2.966917414571709
0,1,c_attn.weight,3.6395204282450395
0,1,c_proj.weight,12702.488175490687
0,1,c_fc.weight,2.986071600182486
0,1,c_proj.weight,2.8987104032549365
0,2,c_attn.weight,3.7135562707574077
0,2,c_proj.weight,662.8498115643694
0,2,c_fc.weight,2.941488637716038
0,2,c_proj.weight,2.9514901235625115
0,3,c_attn.weight,3.681468023330454
0,3,c_proj.weight,924.0805553006873
0,3,c_fc.weight,2.980875786802019
0,3,c_proj.weight,2.974639155202992
0,4,c_attn.weight,3.647824811849107
0,4,c_proj.weight,351.4567099822373
0,4,c_fc.weight,2.9618580019923133
0,4,c_proj.weight,2.9291445277931114
0,5,c_attn.weight,3.6915058537001957
0,5,c_proj.weight,930.5084580077921
0,5,c_fc.weight,2.981148667333697
0,5,c_proj.weight,2.983464673749719
200,0,c_attn.weight,3.7110250383985064
200,0,c_proj.weight,1184.1358151525242
200,0,c_fc.weight,2.9503294217361566
200,0,c_proj.weight,2.969304552318558
200,1,c_attn.weight,3.639596788898012
200,1,c_proj.weight,15897.999638108666
200,1,c_fc.weight,2.9860376835771123
200,1,c_proj.weight,2.8989587751884587
200,2,c_attn.weight,3.7135789412174742
200,2,c_proj.weight,681.0081817892852
200,2,c_fc.weight,2.941434824746616
200,2,c_proj.weight,2.951269808718198
200,3,c_attn.weight,3.681361720448042
200,3,c_proj.weight,614.6337405288485
200,3,c_fc.weight,2.9808935489151467
200,3,c_proj.weight,2.974320369023544
200,4,c_attn.weight,3.648016340080143
200,4,c_proj.weight,355.52453915120134
200,4,c_fc.weight,2.9618295128608736
200,4,c_proj.weight,2.9294553256642475
200,5,c_attn.weight,3.691487527052394
200,5,c_proj.weight,886.1570565853914
200,5,c_fc.weight,2.9812246106440803
200,5,c_proj.weight,2.984731596941219
200,0,c_attn.weight,3.7110242716114556
200,0,c_proj.weight,1184.0354921345383
200,0,c_fc.weight,2.9503280605541957
200,0,c_proj.weight,2.969301824304775
200,1,c_attn.weight,3.6395968624449972
200,1,c_proj.weight,15873.71451034954
200,1,c_fc.weight,2.986038600426442
200,1,c_proj.weight,2.8989580526793683
200,2,c_attn.weight,3.713576839414769
200,2,c_proj.weight,681.1009302900194
200,2,c_fc.weight,2.941434524786181
200,2,c_proj.weight,2.951272470971438
200,3,c_attn.weight,3.6813649742042043
200,3,c_proj.weight,614.5911137144186
200,3,c_fc.weight,2.9808945256190436
200,3,c_proj.weight,2.974320046086607
200,4,c_attn.weight,3.6480167446176788
200,4,c_proj.weight,355.5262584302885
200,4,c_fc.weight,2.961830564428765
200,4,c_proj.weight,2.929453795094253
200,5,c_attn.weight,3.6914854911195474
200,5,c_proj.weight,886.1105064571627
200,5,c_fc.weight,2.9812246883855633
200,5,c_proj.weight,2.9847322555677085
0,0,c_attn.weight,3.7113399079357285
0,0,c_proj.weight,992.5894533410875
0,0,c_fc.weight,2.950321687678822
0,0,c_proj.weight,2.9669141444126472
0,1,c_attn.weight,3.6395190531827613
0,1,c_proj.weight,12753.37508571882
0,1,c_fc.weight,2.9860733436643163
0,1,c_proj.weight,2.8987140824119204
0,2,c_attn.weight,3.7135522749164136
0,2,c_proj.weight,662.5329109874859
0,2,c_fc.weight,2.9414872080954018
0,2,c_proj.weight,2.951485755183124
0,3,c_attn.weight,3.6814710481725594
0,3,c_proj.weight,922.9851332909437
0,3,c_fc.weight,2.9808770578408534
0,3,c_proj.weight,2.974644496749406
0,4,c_attn.weight,3.647825882939253
0,4,c_proj.weight,351.3816623930792
0,4,c_fc.weight,2.961861961539551
0,4,c_proj.weight,2.929150732404474
0,5,c_attn.weight,3.691508143717181
0,5,c_proj.weight,929.0233879790942
0,5,c_fc.weight,2.9811551319088876
0,5,c_proj.weight,2.983462389384184
100,0,c_attn.weight,3.711618052945577
100,0,c_proj.weight,822.9314311565902
100,0,c_fc.weight,2.9500801031287365
100,0,c_proj.weight,2.985420332976806
100,1,c_attn.weight,3.6394745123039756
100,1,c_proj.weight,10181.296930235094
100,1,c_fc.weight,2.985581641495344
100,1,c_proj.weight,2.9154013026284114
100,2,c_attn.weight,3.713414240583605
100,2,c_proj.weight,693.163907828783
100,2,c_fc.weight,2.940982004737395
100,2,c_proj.weight,2.9503738572606535
100,3,c_attn.weight,3.681288023600565
100,3,c_proj.weight,827.6211271410783
100,3,c_fc.weight,2.9809883318547308
100,3,c_proj.weight,2.969212764242236
100,4,c_attn.weight,3.6477523122681195
100,4,c_proj.weight,392.1541840001017
100,4,c_fc.weight,2.9620709824269036
100,4,c_proj.weight,2.9320280735243234
100,5,c_attn.weight,3.6914808328613433
100,5,c_proj.weight,821.9014180498925
100,5,c_fc.weight,2.9814994728710804
100,5,c_proj.weight,2.990966700978424
0,0,c_attn.weight,3.711344360387042
0,0,c_proj.weight,994.2518247038842
0,0,c_fc.weight,2.9503238275676207
0,0,c_proj.weight,2.966917414571709
0,1,c_attn.weight,3.6395204282450395
0,1,c_proj.weight,12702.488175490687
0,1,c_fc.weight,2.986071600182486
0,1,c_proj.weight,2.8987104032549365
0,2,c_attn.weight,3.7135562707574077
0,2,c_proj.weight,662.8498115643694
0,2,c_fc.weight,2.941488637716038
0,2,c_proj.weight,2.9514901235625115
0,3,c_attn.weight,3.681468023330454
0,3,c_proj.weight,924.0805553006873
0,3,c_fc.weight,2.980875786802019
0,3,c_proj.weight,2.974639155202992
0,4,c_attn.weight,3.647824811849107
0,4,c_proj.weight,351.4567099822373
0,4,c_fc.weight,2.9618580019923133
0,4,c_proj.weight,2.9291445277931114
0,5,c_attn.weight,3.6915058537001957
0,5,c_proj.weight,930.5084580077921
0,5,c_fc.weight,2.981148667333697
0,5,c_proj.weight,2.983464673749719
0,0,c_attn.weight,3.711345246615648
0,0,c_proj.weight,994.2518247038842
0,0,c_fc.weight,2.950323383801096
0,0,c_proj.weight,2.9669163717260023
0,1,c_attn.weight,3.639521207728843
0,1,c_proj.weight,12702.488175490687
0,1,c_fc.weight,2.9860719058024316
0,1,c_proj.weight,2.89870912508503
0,2,c_attn.weight,3.7135558563344957
0,2,c_proj.weight,662.8498115643694
0,2,c_fc.weight,2.9414891582680047
0,2,c_proj.weight,2.9514896705284484
0,3,c_attn.weight,3.681468877684694
0,3,c_proj.weight,924.0805553006873
0,3,c_fc.weight,2.9808763869632675
0,3,c_proj.weight,2.97463843540962
0,4,c_attn.weight,3.6478247762339056
0,4,c_proj.weight,351.4567099822373
0,4,c_fc.weight,2.961856569924184
0,4,c_proj.weight,2.9291444078866076
0,5,c_attn.weight,3.691504676797073
0,5,c_proj.weight,930.5084580077921
0,5,c_fc.weight,2.9811482901113244
0,5,c_proj.weight,2.983463684125186
100,0,c_attn.weight,3.7116643055549523
100,0,c_proj.weight,1224.9920081117264
100,0,c_fc.weight,2.946781611786041
100,0,c_proj.weight,3.0263527311921417
100,1,c_attn.weight,3.669517889563197
100,1,c_proj.weight,390.19714414434145
100,1,c_fc.weight,2.987558620105527
100,1,c_proj.weight,2.91676974677606
100,2,c_attn.weight,3.7502845661731943
100,2,c_proj.weight,935.7952997312532
100,2,c_fc.weight,2.952914002348752
100,2,c_proj.weight,2.977070176517164
100,3,c_attn.weight,3.689628670615125
100,3,c_proj.weight,452.5858098858293
100,3,c_fc.weight,3.0027160066187197
100,3,c_proj.weight,2.97507857434356
100,4,c_attn.weight,3.6566544164853574
100,4,c_proj.weight,561.0404284307747
100,4,c_fc.weight,2.9756976817973606
100,4,c_proj.weight,2.9550099460880253
100,5,c_attn.weight,3.701702461516829
100,5,c_proj.weight,1377.1332179477708
100,5,c_fc.weight,3.0059971803141545
100,5,c_proj.weight,2.995306829388511
200,0,c_attn.weight,3.7120771812247044
200,0,c_proj.weight,7594.716510897268
200,0,c_fc.weight,2.9488951582410032
200,0,c_proj.weight,3.184312185372256
200,1,c_attn.weight,3.63933171997527
200,1,c_proj.weight,4195.590087409436
200,1,c_fc.weight,2.985831767949155
200,1,c_proj.weight,2.952105572264258
200,2,c_attn.weight,3.71303587341651
200,2,c_proj.weight,830.5156790895833
200,2,c_fc.weight,2.940389711975647
200,2,c_proj.weight,2.957684884510115
200,3,c_attn.weight,3.6812722603137185
200,3,c_proj.weight,2769.8771486154
200,3,c_fc.weight,2.9812037691507705
200,3,c_proj.weight,2.965407185283259
200,4,c_attn.weight,3.6480386392051276
200,4,c_proj.weight,367.06440330310835
200,4,c_fc.weight,2.962588563334115
200,4,c_proj.weight,2.93249282688795
200,5,c_attn.weight,3.6914681272892236
200,5,c_proj.weight,631.9317897063678
200,5,c_fc.weight,2.9814680191798923
200,5,c_proj.weight,2.996044430697799
100,0,c_attn.weight,3.711296870537775
100,0,c_proj.weight,1113.9342688193967
100,0,c_fc.weight,2.9502520538739683
100,0,c_proj.weight,2.9724294074482227
100,1,c_attn.weight,3.6395849709935177
100,1,c_proj.weight,27918.98359977644
100,1,c_fc.weight,2.9857841831791596
100,1,c_proj.weight,2.9047908032378915
100,2,c_attn.weight,3.7134825174593336
100,2,c_proj.weight,675.8166513550536
100,2,c_fc.weight,2.941152723144592
100,2,c_proj.weight,2.950080592470891
100,3,c_attn.weight,3.6812749724119196
100,3,c_proj.weight,594.9071900183446
100,3,c_fc.weight,2.9809693997779463
100,3,c_proj.weight,2.9714459958302606
100,4,c_attn.weight,3.6479549546743346
100,4,c_proj.weight,375.948625351979
100,4,c_fc.weight,2.961954984517332
100,4,c_proj.weight,2.93031256729855
100,5,c_attn.weight,3.6915058440004196
100,5,c_proj.weight,803.2605355042623
100,5,c_fc.weight,2.981410608766563
100,5,c_proj.weight,2.9878084669652236
100,0,c_attn.weight,3.7112973136557033
100,0,c_proj.weight,1113.3472107956575
100,0,c_fc.weight,2.9502534789671455
100,0,c_proj.weight,2.972425727613698
100,1,c_attn.weight,3.6395849342186017
100,1,c_proj.weight,27531.468016085564
100,1,c_fc.weight,2.9857836451528645
100,1,c_proj.weight,2.9047920824705975
100,2,c_attn.weight,3.713478402987108
100,2,c_proj.weight,675.9529895021103
100,2,c_fc.weight,2.9411536846815753
100,2,c_proj.weight,2.95008013991847
100,3,c_attn.weight,3.681273641798206
100,3,c_proj.weight,594.9871082886533
100,3,c_fc.weight,2.9809704472468934
100,3,c_proj.weight,2.97144724684769
100,4,c_attn.weight,3.647952563092404
100,4,c_proj.weight,375.9816656321924
100,4,c_fc.weight,2.961956864073782
100,4,c_proj.weight,2.9303134438136227
100,5,c_attn.weight,3.691507879953895
100,5,c_proj.weight,802.9579371381715
100,5,c_fc.weight,2.981411141532496
100,5,c_proj.weight,2.98781063950531
200,0,c_attn.weight,3.658162238407627
200,0,c_proj.weight,6618.959875878762
200,0,c_fc.weight,2.979360484241371
200,0,c_proj.weight,3.017743835947031
200,1,c_attn.weight,3.671962982419575
200,1,c_proj.weight,3131.9259203221554
200,1,c_fc.weight,2.9924311997088173
200,1,c_proj.weight,2.9545928822366436
200,2,c_attn.weight,3.798925724779349
200,2,c_proj.weight,797.2826740701435
200,2,c_fc.weight,2.9376992128075723
200,2,c_proj.weight,3.00413367853405
200,3,c_attn.weight,3.6877116965243926
200,3,c_proj.weight,402.1080798487178
200,3,c_fc.weight,3.01764469446935
200,3,c_proj.weight,2.9935163483217586
200,4,c_attn.weight,3.686776766471478
200,4,c_proj.weight,256.46590714396496
200,4,c_fc.weight,2.999168597953124
200,4,c_proj.weight,2.9867237226033394
200,5,c_attn.weight,3.7320265753794497
200,5,c_proj.weight,2507.298905446272
200,5,c_fc.weight,2.989332998529341
200,5,c_proj.weight,2.962669029448796
0,0,c_attn.weight,3.711344360387042
0,0,c_proj.weight,994.2518247038842
0,0,c_fc.weight,2.9503238275676207
0,0,c_proj.weight,2.966917414571709
0,1,c_attn.weight,3.6395204282450395
0,1,c_proj.weight,12702.488175490687
0,1,c_fc.weight,2.986071600182486
0,1,c_proj.weight,2.8987104032549365
0,2,c_attn.weight,3.7135562707574077
0,2,c_proj.weight,662.8498115643694
0,2,c_fc.weight,2.941488637716038
0,2,c_proj.weight,2.9514901235625115
0,3,c_attn.weight,3.681468023330454
0,3,c_proj.weight,924.0805553006873
0,3,c_fc.weight,2.980875786802019
0,3,c_proj.weight,2.974639155202992
0,4,c_attn.weight,3.647824811849107
0,4,c_proj.weight,351.4567099822373
0,4,c_fc.weight,2.9618580019923133
0,4,c_proj.weight,2.9291445277931114
0,5,c_attn.weight,3.6915058537001957
0,5,c_proj.weight,930.5084580077921
0,5,c_fc.weight,2.981148667333697
0,5,c_proj.weight,2.983464673749719
200,0,c_attn.weight,3.711460816370017
200,0,c_proj.weight,2465.6426027003204
200,0,c_fc.weight,2.949123951958823
200,0,c_proj.weight,2.997472867026088
200,1,c_attn.weight,3.639479140169259
200,1,c_proj.weight,4049.474326487142
200,1,c_fc.weight,2.9857930826925236
200,1,c_proj.weight,2.924529737027789
200,2,c_attn.weight,3.71311359075751
200,2,c_proj.weight,821.2185793571929
200,2,c_fc.weight,2.9407636676390996
200,2,c_proj.weight,2.952800976960026
200,3,c_attn.weight,3.6812677381646117
200,3,c_proj.weight,853.9287091940814
200,3,c_fc.weight,2.981068824581672
200,3,c_proj.weight,2.9675450014065907
200,4,c_attn.weight,3.648101774837695
200,4,c_proj.weight,344.7554665601014
200,4,c_fc.weight,2.9623597381711213
200,4,c_proj.weight,2.931051420220412
200,5,c_attn.weight,3.691492318305213
200,5,c_proj.weight,796.139809760553
200,5,c_fc.weight,2.9813616424341056
200,5,c_proj.weight,2.9906296478051893
200,0,c_attn.weight,3.711461702714492
200,0,c_proj.weight,2470.4039874232767
200,0,c_fc.weight,2.9491217832838488
200,0,c_proj.weight,2.9974621617010335
200,1,c_attn.weight,3.639479140169259
200,1,c_proj.weight,4060.971350978411
200,1,c_fc.weight,2.985793917506047
200,1,c_proj.weight,2.9245297588110737
200,2,c_attn.weight,3.7131132060909513
200,2,c_proj.weight,821.2503643451995
200,2,c_fc.weight,2.94076372928766
200,2,c_proj.weight,2.9528022180929323
200,3,c_attn.weight,3.681268214447986
200,3,c_proj.weight,854.6756781562681
200,3,c_fc.weight,2.9810697956981493
200,3,c_proj.weight,2.9675387943826053
200,4,c_attn.weight,3.6481013346985516
200,4,c_proj.weight,344.62774593725595
200,4,c_fc.weight,2.962360711609582
200,4,c_proj.weight,2.9310426666587515
200,5,c_attn.weight,3.6914915549555998
200,5,c_proj.weight,796.3288147644415
200,5,c_fc.weight,2.981360421547669
200,5,c_proj.weight,2.9906258952139138
0,0,c_attn.weight,3.7113362181595684
0,0,c_proj.weight,992.4843486057568
0,0,c_fc.weight,2.9503225901551264
0,0,c_proj.weight,2.9669157760127645
0,1,c_attn.weight,3.6395194245338365
0,1,c_proj.weight,12753.621164021164
0,1,c_fc.weight,2.9860738774357265
0,1,c_proj.weight,2.898714964186259
0,2,c_attn.weight,3.7135523342716206
0,2,c_proj.weight,662.415770925148
0,2,c_fc.weight,2.941488928507632
0,2,c_proj.weight,2.9514884176973686
0,3,c_attn.weight,3.681474269304954
0,3,c_proj.weight,923.2084018393814
0,3,c_fc.weight,2.9808777287187413
0,3,c_proj.weight,2.9746451492942336
0,4,c_attn.weight,3.6478262518411846
0,4,c_proj.weight,351.37468107529065
0,4,c_fc.weight,2.9618612120632193
0,4,c_proj.weight,2.9291496817125804
0,5,c_attn.weight,3.691508493491621
0,5,c_proj.weight,928.8224400547283
0,5,c_fc.weight,2.9811539887317986
0,5,c_proj.weight,2.983462120824341
100,0,c_attn.weight,3.7111863973897052
100,0,c_proj.weight,1054.7950517716326
100,0,c_fc.weight,2.950298460723002
100,0,c_proj.weight,2.9681852878817696
100,1,c_attn.weight,3.6395542879333744
100,1,c_proj.weight,83175.49285347227
100,1,c_fc.weight,2.9860671018691702
100,1,c_proj.weight,2.8984277175910513
100,2,c_attn.weight,3.7135722817687533
100,2,c_proj.weight,669.8550794619912
100,2,c_fc.weight,2.941487411129644
100,2,c_proj.weight,2.951781770065032
100,3,c_attn.weight,3.681435542995506
100,3,c_proj.weight,793.1366554773483
100,3,c_fc.weight,2.9808780173232226
100,3,c_proj.weight,2.9747791002598736
100,4,c_attn.weight,3.647858288157593
100,4,c_proj.weight,348.5602903698455
100,4,c_fc.weight,2.9618401461229427
100,4,c_proj.weight,2.9293636071609117
100,5,c_attn.weight,3.691481263096426
100,5,c_proj.weight,901.0128096464454
100,5,c_fc.weight,2.9811779667619525
100,5,c_proj.weight,2.9837823299208113
0,0,c_attn.weight,3.711345246615648
0,0,c_proj.weight,994.2518247038842
0,0,c_fc.weight,2.950323383801096
0,0,c_proj.weight,2.9669163717260023
0,1,c_attn.weight,3.639521207728843
0,1,c_proj.weight,12702.488175490687
0,1,c_fc.weight,2.9860719058024316
0,1,c_proj.weight,2.89870912508503
0,2,c_attn.weight,3.7135558563344957
0,2,c_proj.weight,662.8498115643694
0,2,c_fc.weight,2.9414891582680047
0,2,c_proj.weight,2.9514896705284484
0,3,c_attn.weight,3.681468877684694
0,3,c_proj.weight,924.0805553006873
0,3,c_fc.weight,2.9808763869632675
0,3,c_proj.weight,2.97463843540962
0,4,c_attn.weight,3.6478247762339056
0,4,c_proj.weight,351.4567099822373
0,4,c_fc.weight,2.961856569924184
0,4,c_proj.weight,2.9291444078866076
0,5,c_attn.weight,3.691504676797073
0,5,c_proj.weight,930.5084580077921
0,5,c_fc.weight,2.9811482901113244
0,5,c_proj.weight,2.983463684125186
0,0,c_attn.weight,3.711344360387042
0,0,c_proj.weight,994.2518247038842
0,0,c_fc.weight,2.9503238275676207
0,0,c_proj.weight,2.966917414571709
0,1,c_attn.weight,3.6395204282450395
0,1,c_proj.weight,12702.488175490687
0,1,c_fc.weight,2.986071600182486
0,1,c_proj.weight,2.8987104032549365
0,2,c_attn.weight,3.7135562707574077
0,2,c_proj.weight,662.8498115643694
0,2,c_fc.weight,2.941488637716038
0,2,c_proj.weight,2.9514901235625115
0,3,c_attn.weight,3.681468023330454
0,3,c_proj.weight,924.0805553006873
0,3,c_fc.weight,2.980875786802019
0,3,c_proj.weight,2.974639155202992
0,4,c_attn.weight,3.647824811849107
0,4,c_proj.weight,351.4567099822373
0,4,c_fc.weight,2.9618580019923133
0,4,c_proj.weight,2.9291445277931114
0,5,c_attn.weight,3.6915058537001957
0,5,c_proj.weight,930.5084580077921
0,5,c_fc.weight,2.981148667333697
0,5,c_proj.weight,2.983464673749719
100,0,c_attn.weight,3.715421524199329
100,0,c_proj.weight,958.9812151515908
100,0,c_fc.weight,2.9591627131482747
100,0,c_proj.weight,3.037002658503847
100,1,c_attn.weight,3.666171023461703
100,1,c_proj.weight,797.4529233404239
100,1,c_fc.weight,2.993273340243371
100,1,c_proj.weight,2.907013922824386
100,2,c_attn.weight,3.7518846187326864
100,2,c_proj.weight,1259.1979407269584
100,2,c_fc.weight,2.9586684433931367
100,2,c_proj.weight,2.980505184375154
100,3,c_attn.weight,3.692036941775017
100,3,c_proj.weight,574.9523674007572
100,3,c_fc.weight,3.0119491333297117
100,3,c_proj.weight,2.9614909918463237
100,4,c_attn.weight,3.6560174630478577
100,4,c_proj.weight,363.52945641847515
100,4,c_fc.weight,2.9856975071519316
100,4,c_proj.weight,2.959301195630135
100,5,c_attn.weight,3.705964086895185
100,5,c_proj.weight,1739.973014833923
100,5,c_fc.weight,3.013310555823784
100,5,c_proj.weight,2.9925725632796487
200,0,c_attn.weight,3.7110238583633413
200,0,c_proj.weight,1183.7541789743582
200,0,c_fc.weight,2.9503283613788387
200,0,c_proj.weight,2.9693030538285394
200,1,c_attn.weight,3.639595638033289
200,1,c_proj.weight,15867.075018319747
200,1,c_fc.weight,2.986038294809999
200,1,c_proj.weight,2.8989571707002955
200,2,c_attn.weight,3.7135776385906465
200,2,c_proj.weight,681.0250935996902
200,2,c_fc.weight,2.941434524786181
200,2,c_proj.weight,2.9512714966664335
200,3,c_attn.weight,3.6813612769129427
200,3,c_proj.weight,614.6361974794954
200,3,c_fc.weight,2.9808938489984045
200,3,c_proj.weight,2.9743206381541007
200,4,c_attn.weight,3.648016340080143
200,4,c_proj.weight,355.526399072461
200,4,c_fc.weight,2.9618309449305285
200,4,c_proj.weight,2.929455118409423
200,5,c_attn.weight,3.6914858727878865
200,5,c_proj.weight,886.2106353732205
200,5,c_fc.weight,2.981224383150538
200,5,c_proj.weight,2.9847298772497237
100,0,c_attn.weight,3.7116171964483455
100,0,c_proj.weight,823.9861842289232
100,0,c_fc.weight,2.950080847551835
100,0,c_proj.weight,2.9854249447824555
100,1,c_attn.weight,3.639475773508345
100,1,c_proj.weight,10193.35719509592
100,1,c_fc.weight,2.985582403171135
100,1,c_proj.weight,2.915393353579442
100,2,c_attn.weight,3.7134142702745714
100,2,c_proj.weight,692.8599203049888
100,2,c_fc.weight,2.940982304648441
100,2,c_proj.weight,2.9503698803840392
100,3,c_attn.weight,3.68128840168373
100,3,c_proj.weight,827.9373275926978
100,3,c_fc.weight,2.9809887084022493
100,3,c_proj.weight,2.969214454816697
100,4,c_attn.weight,3.647753085670656
100,4,c_proj.weight,392.0790990324116
100,4,c_fc.weight,2.9620709709677957
100,4,c_proj.weight,2.93202373738394
100,5,c_attn.weight,3.69148369597303
100,5,c_proj.weight,822.5832252734355
100,5,c_fc.weight,2.9814974859209054
100,5,c_proj.weight,2.99096584087921
100,0,c_attn.weight,3.7116150999057878
100,0,c_proj.weight,823.2763779117073
100,0,c_fc.weight,2.950080182075383
100,0,c_proj.weight,2.9854234630939227
100,1,c_attn.weight,3.63947454909014
100,1,c_proj.weight,10146.352847419608
100,1,c_fc.weight,2.98558362537684
100,1,c_proj.weight,2.915396237281395
100,2,c_attn.weight,3.7134122576093342
100,2,c_proj.weight,693.6577804693028
100,2,c_fc.weight,2.940981184407116
100,2,c_proj.weight,2.9503780686349597
100,3,c_attn.weight,3.6812876127844336
100,3,c_proj.weight,827.7774455527681
100,3,c_fc.weight,2.9809890084991957
100,3,c_proj.weight,2.969209577542783
100,4,c_attn.weight,3.6477519077558256
100,4,c_proj.weight,392.2363386851151
100,4,c_fc.weight,2.9620711277572394
100,4,c_proj.weight,2.932022464114439
100,5,c_attn.weight,3.6914812464342264
100,5,c_proj.weight,821.8933278642588
100,5,c_fc.weight,2.9814993951467046
100,5,c_proj.weight,2.99096986019518
0,0,c_attn.weight,3.711338284604664
0,0,c_proj.weight,992.5894533410875
0,0,c_fc.weight,2.9503218455637654
0,0,c_proj.weight,2.9669149938798096
0,1,c_attn.weight,3.639519089963709
0,1,c_proj.weight,12753.37508571882
0,1,c_fc.weight,2.9860741830559996
0,1,c_proj.weight,2.898713686014229
0,2,c_attn.weight,3.713551446071019
0,2,c_proj.weight,662.5329109874859
0,2,c_fc.weight,2.941487287474653
0,2,c_proj.weight,2.951486015865938
0,3,c_attn.weight,3.6814739566274675
0,3,c_proj.weight,922.9851332909437
0,3,c_fc.weight,2.9808769813860683
0,3,c_proj.weight,2.974644496749406
0,4,c_attn.weight,3.647825109520438
0,4,c_proj.weight,351.3816623930792
0,4,c_fc.weight,2.9618612904672936
0,4,c_proj.weight,2.9291493219904696
0,5,c_attn.weight,3.691508079926435
0,5,c_proj.weight,929.0233879790942
0,5,c_fc.weight,2.981153683501106
0,5,c_proj.weight,2.983461529672117
200,0,c_attn.weight,3.707389696882945
200,0,c_proj.weight,1227.164202828474
200,0,c_fc.weight,3.010546469906552
200,0,c_proj.weight,3.1358783325844812
200,1,c_attn.weight,3.7155650774513753
200,1,c_proj.weight,2541.771909573379
200,1,c_fc.weight,3.0540790885929185
200,1,c_proj.weight,3.046799702531372
200,2,c_attn.weight,3.841817552318424
200,2,c_proj.weight,757.8025929629548
200,2,c_fc.weight,3.0100010872148917
200,2,c_proj.weight,2.966823641328533
200,3,c_attn.weight,3.6884172679055074
200,3,c_proj.weight,638.1824817682519
200,3,c_fc.weight,3.012548210882353
200,3,c_proj.weight,3.01654694852172
200,4,c_attn.weight,3.6835313070254014
200,4,c_proj.weight,5394.870349806512
200,4,c_fc.weight,3.0589304662911965
200,4,c_proj.weight,2.957424277330936
200,5,c_attn.weight,3.7540289987895377
200,5,c_proj.weight,3984.6941966473573
200,5,c_fc.weight,3.0481456790286545
200,5,c_proj.weight,2.9925519465016825
0,0,c_attn.weight,3.711344360387042
0,0,c_proj.weight,994.2518247038842
0,0,c_fc.weight,2.9503238275676207
0,0,c_proj.weight,2.966917414571709
0,1,c_attn.weight,3.6395204282450395
0,1,c_proj.weight,12702.488175490687
0,1,c_fc.weight,2.986071600182486
0,1,c_proj.weight,2.8987104032549365
0,2,c_attn.weight,3.7135562707574077
0,2,c_proj.weight,662.8498115643694
0,2,c_fc.weight,2.941488637716038
0,2,c_proj.weight,2.9514901235625115
0,3,c_attn.weight,3.681468023330454
0,3,c_proj.weight,924.0805553006873
0,3,c_fc.weight,2.980875786802019
0,3,c_proj.weight,2.974639155202992
0,4,c_attn.weight,3.647824811849107
0,4,c_proj.weight,351.4567099822373
0,4,c_fc.weight,2.9618580019923133
0,4,c_proj.weight,2.9291445277931114
0,5,c_attn.weight,3.6915058537001957
0,5,c_proj.weight,930.5084580077921
0,5,c_fc.weight,2.981148667333697
0,5,c_proj.weight,2.983464673749719
200,0,c_attn.weight,3.7120830562486478
200,0,c_proj.weight,7579.214773961283
200,0,c_fc.weight,2.948893891840771
200,0,c_proj.weight,3.1843599090461314
200,1,c_attn.weight,3.6393322017312797
200,1,c_proj.weight,4152.434196651356
200,1,c_fc.weight,2.985832224039371
200,1,c_proj.weight,2.9521026234110184
200,2,c_attn.weight,3.713035903144831
200,2,c_proj.weight,829.9829507580971
200,2,c_fc.weight,2.94039299236355
200,2,c_proj.weight,2.957688160448566
200,3,c_attn.weight,3.6812714386630594
200,3,c_proj.weight,2768.693638802316
200,3,c_fc.weight,2.9812043694296
200,3,c_proj.weight,2.965404310297005
200,4,c_attn.weight,3.6480382346569544
200,4,c_proj.weight,367.4011084459466
200,4,c_fc.weight,2.962587354690865
200,4,c_proj.weight,2.932498881509114
200,5,c_attn.weight,3.6914705449615592
200,5,c_proj.weight,633.0299405941571
200,5,c_fc.weight,2.981469623013305
200,5,c_proj.weight,2.996046478000017
200,0,c_attn.weight,3.712078716148744
200,0,c_proj.weight,7881.66319763103
200,0,c_fc.weight,2.948896012025122
200,0,c_proj.weight,3.184310779589826
200,1,c_attn.weight,3.6393321649294346
200,1,c_proj.weight,4182.334081624923
200,1,c_fc.weight,2.985829934931699
200,1,c_proj.weight,2.95211936292199
200,2,c_attn.weight,3.7130322926053965
200,2,c_proj.weight,830.7394905033217
200,2,c_fc.weight,2.94039037321476
200,2,c_proj.weight,2.957701954390603
200,3,c_attn.weight,3.6812726384037298
200,3,c_proj.weight,2786.4311273103767
200,3,c_fc.weight,2.9812032453172064
200,3,c_proj.weight,2.965399750020043
200,4,c_attn.weight,3.648038270253323
200,4,c_proj.weight,367.1383577117115
200,4,c_fc.weight,2.962588943861169
200,4,c_proj.weight,2.932505862100283
200,5,c_attn.weight,3.6914702270837028
200,5,c_proj.weight,632.7262798383616
200,5,c_fc.weight,2.9814695452936446
200,5,c_proj.weight,2.996055786285953
100,0,c_attn.weight,3.7118494937523328
100,0,c_proj.weight,1129.6398352836616
100,0,c_fc.weight,2.9469875672391095
100,0,c_proj.weight,3.0268772265999337
100,1,c_attn.weight,3.6697366527557924
100,1,c_proj.weight,414.08663225366627
100,1,c_fc.weight,2.9879193934184007
100,1,c_proj.weight,2.9166495919111743
100,2,c_attn.weight,3.7503830440833825
100,2,c_proj.weight,833.5069861785437
100,2,c_fc.weight,2.9525465898632497
100,2,c_proj.weight,2.9761134173967596
100,3,c_attn.weight,3.6898912167133107
100,3,c_proj.weight,477.05694154164473
100,3,c_fc.weight,3.0032257445002366
100,3,c_proj.weight,2.9745528889402264
100,4,c_attn.weight,3.6564908304424573
100,4,c_proj.weight,593.720124909255
100,4,c_fc.weight,2.975976690040979
100,4,c_proj.weight,2.9554599964551835
100,5,c_attn.weight,3.7018693673444183
100,5,c_proj.weight,1381.0338977280546
100,5,c_fc.weight,3.006263358406775
100,5,c_proj.weight,2.9942029497812856
0,0,c_attn.weight,3.7113399079357285
0,0,c_proj.weight,992.5894533410875
0,0,c_fc.weight,2.950321687678822
0,0,c_proj.weight,2.9669141444126472
0,1,c_attn.weight,3.6395190531827613
0,1,c_proj.weight,12753.37508571882
0,1,c_fc.weight,2.9860733436643163
0,1,c_proj.weight,2.8987140824119204
0,2,c_attn.weight,3.7135522749164136
0,2,c_proj.weight,662.5329109874859
0,2,c_fc.weight,2.9414872080954018
0,2,c_proj.weight,2.951485755183124
0,3,c_attn.weight,3.6814710481725594
0,3,c_proj.weight,922.9851332909437
0,3,c_fc.weight,2.9808770578408534
0,3,c_proj.weight,2.974644496749406
0,4,c_attn.weight,3.647825882939253
0,4,c_proj.weight,351.3816623930792
0,4,c_fc.weight,2.961861961539551
0,4,c_proj.weight,2.929150732404474
0,5,c_attn.weight,3.691508143717181
0,5,c_proj.weight,929.0233879790942
0,5,c_fc.weight,2.9811551319088876
0,5,c_proj.weight,2.983462389384184
0,0,c_attn.weight,3.711345246615648
0,0,c_proj.weight,994.2518247038842
0,0,c_fc.weight,2.950323383801096
0,0,c_proj.weight,2.9669163717260023
0,1,c_attn.weight,3.639521207728843
0,1,c_proj.weight,12702.488175490687
0,1,c_fc.weight,2.9860719058024316
0,1,c_proj.weight,2.89870912508503
0,2,c_attn.weight,3.7135558563344957
0,2,c_proj.weight,662.8498115643694
0,2,c_fc.weight,2.9414891582680047
0,2,c_proj.weight,2.9514896705284484
0,3,c_attn.weight,3.681468877684694
0,3,c_proj.weight,924.0805553006873
0,3,c_fc.weight,2.9808763869632675
0,3,c_proj.weight,2.97463843540962
0,4,c_attn.weight,3.6478247762339056
0,4,c_proj.weight,351.4567099822373
0,4,c_fc.weight,2.961856569924184
0,4,c_proj.weight,2.9291444078866076
0,5,c_attn.weight,3.691504676797073
0,5,c_proj.weight,930.5084580077921
0,5,c_fc.weight,2.9811482901113244
0,5,c_proj.weight,2.983463684125186
100,0,c_attn.weight,3.7112952770427556
100,0,c_proj.weight,1114.5076256236719
100,0,c_fc.weight,2.9502533360456114
100,0,c_proj.weight,2.9724291535085006
100,1,c_attn.weight,3.6395837465746883
100,1,c_proj.weight,27395.541522477328
100,1,c_fc.weight,2.985784028216203
100,1,c_proj.weight,2.90478775743912
100,2,c_attn.weight,3.71348044538084
100,2,c_proj.weight,675.8664167333377
100,2,c_fc.weight,2.941153922866856
100,2,c_proj.weight,2.9500771217867876
100,3,c_attn.weight,3.681275761287313
100,3,c_proj.weight,594.9606962031934
100,3,c_fc.weight,2.980970900241177
100,3,c_proj.weight,2.971448984815577
100,4,c_attn.weight,3.647955728132953
100,4,c_proj.weight,375.98520892394924
100,4,c_fc.weight,2.961957099274797
100,4,c_proj.weight,2.9303138220330007
100,5,c_attn.weight,3.6915066711401137
100,5,c_proj.weight,802.8965449114108
100,5,c_fc.weight,2.9814100760007105
100,5,c_proj.weight,2.987811439189105
0,0,c_attn.weight,3.711344360387042
0,0,c_proj.weight,994.2518247038842
0,0,c_fc.weight,2.9503238275676207
0,0,c_proj.weight,2.966917414571709
0,1,c_attn.weight,3.6395204282450395
0,1,c_proj.weight,12702.488175490687
0,1,c_fc.weight,2.986071600182486
0,1,c_proj.weight,2.8987104032549365
0,2,c_attn.weight,3.7135562707574077
0,2,c_proj.weight,662.8498115643694
0,2,c_fc.weight,2.941488637716038
0,2,c_proj.weight,2.9514901235625115
0,3,c_attn.weight,3.681468023330454
0,3,c_proj.weight,924.0805553006873
0,3,c_fc.weight,2.980875786802019
0,3,c_proj.weight,2.974639155202992
0,4,c_attn.weight,3.647824811849107
0,4,c_proj.weight,351.4567099822373
0,4,c_fc.weight,2.9618580019923133
0,4,c_proj.weight,2.9291445277931114
0,5,c_attn.weight,3.6915058537001957
0,5,c_proj.weight,930.5084580077921
0,5,c_fc.weight,2.981148667333697
0,5,c_proj.weight,2.983464673749719
200,0,c_attn.weight,3.6580569922059825
200,0,c_proj.weight,3068.953029095737
200,0,c_fc.weight,2.9796802811484584
200,0,c_proj.weight,3.018241759616227
200,1,c_attn.weight,3.672010553209974
200,1,c_proj.weight,2383.120998740377
200,1,c_fc.weight,2.9925509037278837
200,1,c_proj.weight,2.953526281907874
200,2,c_attn.weight,3.7996435363265086
200,2,c_proj.weight,423.27575916320427
200,2,c_fc.weight,2.937720535092971
200,2,c_proj.weight,3.0029510067661205
200,3,c_attn.weight,3.6892549954230955
200,3,c_proj.weight,499.78093110006836
200,3,c_fc.weight,3.0180585010594654
200,3,c_proj.weight,2.994333544210368
200,4,c_attn.weight,3.6875029620710578
200,4,c_proj.weight,227.9738453431228
200,4,c_fc.weight,2.9990076869182833
200,4,c_proj.weight,2.9874032842049236
200,5,c_attn.weight,3.7333948177499883
200,5,c_proj.weight,9603.467546904698
200,5,c_fc.weight,2.9899903619246646
200,5,c_proj.weight,2.9604696700628046
100,0,c_attn.weight,3.712188758418071
100,0,c_proj.weight,1064.441757635864
100,0,c_fc.weight,2.946988872004065
100,0,c_proj.weight,3.02612749605151
100,1,c_attn.weight,3.6693702312696983
100,1,c_proj.weight,414.2682337885776
100,1,c_fc.weight,2.9875285448536797
100,1,c_proj.weight,2.916614064382072
100,2,c_attn.weight,3.7500628104599407
100,2,c_proj.weight,757.7849232489642
100,2,c_fc.weight,2.9524083057050716
100,2,c_proj.weight,2.97714970852462
100,3,c_attn.weight,3.690502018681233
100,3,c_proj.weight,464.98850141193293
100,3,c_fc.weight,3.003008707787368
100,3,c_proj.weight,2.974752668237061
100,4,c_attn.weight,3.6566864530287244
100,4,c_proj.weight,582.4371856964374
100,4,c_fc.weight,2.975832865258524
100,4,c_proj.weight,2.9549980774023243
100,5,c_attn.weight,3.7016693235548512
100,5,c_proj.weight,1751.996849674422
100,5,c_fc.weight,3.0057703753033014
100,5,c_proj.weight,2.9950525624380337
100,0,c_attn.weight,3.711186721141154
100,0,c_proj.weight,1054.8954741484188
100,0,c_fc.weight,2.9502961970806707
100,0,c_proj.weight,2.9681849680617236
100,1,c_attn.weight,3.6395530267503995
100,1,c_proj.weight,83315.13441629101
100,1,c_fc.weight,2.9860671018691702
100,1,c_proj.weight,2.898428369652959
100,2,c_attn.weight,3.7135714825946726
100,2,c_proj.weight,669.8422469148969
100,2,c_fc.weight,2.941487711094983
100,2,c_proj.weight,2.951780534855889
100,3,c_attn.weight,3.6814363319119403
100,3,c_proj.weight,793.1449512462169
100,3,c_fc.weight,2.9808770406255607
100,3,c_proj.weight,2.9747787706397104
100,4,c_attn.weight,3.6478594661089128
100,4,c_proj.weight,348.56120867279276
100,4,c_fc.weight,2.9618406719057853
100,4,c_proj.weight,2.929362178386034
100,5,c_attn.weight,3.691481676660971
100,5,c_proj.weight,901.0081576103021
100,5,c_fc.weight,2.981176668091081
100,5,c_proj.weight,2.98378213283537
200,0,c_attn.weight,3.711461702714492
200,0,c_proj.weight,2479.551207470929
200,0,c_fc.weight,2.9491234448396777
200,0,c_proj.weight,2.997463464800479
200,1,c_attn.weight,3.6394790665972145
200,1,c_proj.weight,4039.0837089190313
200,1,c_fc.weight,2.9857924672684715
200,1,c_proj.weight,2.9245374354975047
200,2,c_attn.weight,3.713113146649851
200,2,c_proj.weight,821.0964513839149
200,2,c_fc.weight,2.9407618066703947
200,2,c_proj.weight,2.952796268537391
200,3,c_attn.weight,3.6812681817131443
200,3,c_proj.weight,854.1512494736255
200,3,c_fc.weight,2.981069495581952
200,3,c_proj.weight,2.9675425945070995
200,4,c_attn.weight,3.6481017392476662
200,4,c_proj.weight,344.635507994273
200,4,c_fc.weight,2.9623597381711213
200,4,c_proj.weight,2.9310516961283786
200,5,c_attn.weight,3.6914931135526365
200,5,c_proj.weight,795.7345316347962
200,5,c_fc.weight,2.9813612594848578
200,5,c_proj.weight,2.9906291979184343
100,0,c_attn.weight,3.7111858946012894
100,0,c_proj.weight,1054.8750810979675
100,0,c_fc.weight,2.9502975582564708
100,0,c_proj.weight,2.968185094330038
100,1,c_attn.weight,3.6395535084409465
100,1,c_proj.weight,83406.93058437524
100,1,c_fc.weight,2.9860664906296988
100,1,c_proj.weight,2.8984281140212156
100,2,c_attn.weight,3.7135722817687533
100,2,c_proj.weight,669.8535531833053
100,2,c_fc.weight,2.9414877904742265
100,2,c_proj.weight,2.95178091962887
100,3,c_attn.weight,3.6814346886431952
100,3,c_proj.weight,793.1688147263075
100,3,c_fc.weight,2.9808768169994653
100,3,c_proj.weight,2.974777983521684
100,4,c_attn.weight,3.6478586214544095
100,4,c_proj.weight,348.55690105256133
100,4,c_fc.weight,2.96184135449956
100,4,c_proj.weight,2.929362247474218
100,5,c_attn.weight,3.691480054301019
100,5,c_proj.weight,901.0246514097626
100,5,c_fc.weight,2.9811775837860934
100,5,c_proj.weight,2.98378536618102
0,0,c_attn.weight,3.7113394648216063
0,0,c_proj.weight,992.4843486057568
0,0,c_fc.weight,2.950321687678822
0,0,c_proj.weight,2.9669154479676565
0,1,c_attn.weight,3.6395189796208434
0,1,c_proj.weight,12753.621164021164
0,1,c_fc.weight,2.9860744886762722
0,1,c_proj.weight,2.8987159163423573
0,2,c_attn.weight,3.713550676581175
0,2,c_proj.weight,662.415770925148
0,2,c_fc.weight,2.941488928507632
0,2,c_proj.weight,2.951487635648773
0,3,c_attn.weight,3.68147471283929
0,3,c_proj.weight,923.2084018393814
0,3,c_fc.weight,2.9808775050927454
0,3,c_proj.weight,2.9746451492942336
0,4,c_attn.weight,3.647825109520438
0,4,c_proj.weight,351.37468107529065
0,4,c_fc.weight,2.961861592562064
0,4,c_proj.weight,2.929149750809567
0,5,c_attn.weight,3.6915064575612373
0,5,c_proj.weight,928.8224400547283
0,5,c_fc.weight,2.9811531507855533
0,5,c_proj.weight,2.9834623850151
200,0,c_attn.weight,3.659137519021344
200,0,c_proj.weight,2569.720352095841
200,0,c_fc.weight,2.9806096257879653
200,0,c_proj.weight,3.0162930290953573
200,1,c_attn.weight,3.67259005340941
200,1,c_proj.weight,8547.562814578941
200,1,c_fc.weight,2.992660732672659
200,1,c_proj.weight,2.95476709747089
200,2,c_attn.weight,3.7988483771804114
200,2,c_proj.weight,504.2901465989775
200,2,c_fc.weight,2.9374504592118895
200,2,c_proj.weight,3.0048596868219652
200,3,c_attn.weight,3.6880388620593503
200,3,c_proj.weight,387.2598556122403
200,3,c_fc.weight,3.017785609739513
200,3,c_proj.weight,2.994156540227757
200,4,c_attn.weight,3.688901833339785
200,4,c_proj.weight,211.68893879114788
200,4,c_fc.weight,2.9980100979805036
200,4,c_proj.weight,2.9855866042912735
200,5,c_attn.weight,3.7340541035495347
200,5,c_proj.weight,1262.0793300431687
200,5,c_fc.weight,2.989218921657528
200,5,c_proj.weight,2.9602131306138992
200,0,c_attn.weight,3.7110243014661215
200,0,c_proj.weight,1183.9077146904929
200,0,c_fc.weight,2.950328963028125
200,0,c_proj.weight,2.969301622580244
200,1,c_attn.weight,3.639599682632453
200,1,c_proj.weight,15897.721027343836
200,1,c_fc.weight,2.9860389060428854
200,1,c_proj.weight,2.8989583787440076
200,2,c_attn.weight,3.7135776385906465
200,2,c_proj.weight,681.0553267962083
200,2,c_fc.weight,2.9414346041681148
200,2,c_proj.weight,2.9512701933592984
200,3,c_attn.weight,3.681361687723083
200,3,c_proj.weight,614.600907584292
200,3,c_fc.weight,2.9808934017403024
200,3,c_proj.weight,2.974320308479041
200,4,c_attn.weight,3.6480162688848274
200,4,c_proj.weight,355.5331448617714
200,4,c_fc.weight,2.9618298149561
200,4,c_proj.weight,2.929453329709188
200,5,c_attn.weight,3.6914850456556327
200,5,c_proj.weight,886.2155118809003
200,5,c_fc.weight,2.981223239952026
200,5,c_proj.weight,2.984731131464376
0,0,c_attn.weight,3.711344360387042
0,0,c_proj.weight,994.2518247038842
0,0,c_fc.weight,2.9503238275676207
0,0,c_proj.weight,2.966917414571709
0,1,c_attn.weight,3.6395204282450395
0,1,c_proj.weight,12702.488175490687
0,1,c_fc.weight,2.986071600182486
0,1,c_proj.weight,2.8987104032549365
0,2,c_attn.weight,3.7135562707574077
0,2,c_proj.weight,662.8498115643694
0,2,c_fc.weight,2.941488637716038
0,2,c_proj.weight,2.9514901235625115
0,3,c_attn.weight,3.681468023330454
0,3,c_proj.weight,924.0805553006873
0,3,c_fc.weight,2.980875786802019
0,3,c_proj.weight,2.974639155202992
0,4,c_attn.weight,3.647824811849107
0,4,c_proj.weight,351.4567099822373
0,4,c_fc.weight,2.9618580019923133
0,4,c_proj.weight,2.9291445277931114
0,5,c_attn.weight,3.6915058537001957
0,5,c_proj.weight,930.5084580077921
0,5,c_fc.weight,2.981148667333697
0,5,c_proj.weight,2.983464673749719
200,0,c_attn.weight,3.7110234451152264
200,0,c_proj.weight,1184.035393632913
200,0,c_fc.weight,2.950326635372884
200,0,c_proj.weight,2.969301302394492
200,1,c_attn.weight,3.639595972623373
200,1,c_proj.weight,15882.030579415023
200,1,c_fc.weight,2.9860379117226836
200,1,c_proj.weight,2.898957356005069
200,2,c_attn.weight,3.713576424989238
200,2,c_proj.weight,681.0689933479492
200,2,c_fc.weight,2.941434524786181
200,2,c_proj.weight,2.9512685737521815
200,3,c_attn.weight,3.681362542068238
200,3,c_proj.weight,614.6940220599402
200,3,c_fc.weight,2.98089294874863
200,3,c_proj.weight,2.974320308479041
200,4,c_attn.weight,3.648017113557642
200,4,c_proj.weight,355.52620584331277
200,4,c_fc.weight,2.961830564428765
200,4,c_proj.weight,2.929453845969184
200,5,c_attn.weight,3.6914883541846484
200,5,c_proj.weight,886.2238697454571
200,5,c_fc.weight,2.981223850422029
200,5,c_proj.weight,2.984732717009804
100,0,c_attn.weight,3.715437352429276
100,0,c_proj.weight,995.8034773000552
100,0,c_fc.weight,2.959461195783951
100,0,c_proj.weight,3.036997025818563
100,1,c_attn.weight,3.6658906878424498
100,1,c_proj.weight,826.4779301964546
100,1,c_fc.weight,2.993397312717982
100,1,c_proj.weight,2.907039317750922
100,2,c_attn.weight,3.7520366917447356
100,2,c_proj.weight,1591.2647204650305
100,2,c_fc.weight,2.958908539629845
100,2,c_proj.weight,2.981008370956286
100,3,c_attn.weight,3.691845243367086
100,3,c_proj.weight,618.4827857739439
100,3,c_fc.weight,3.0119819606687463
100,3,c_proj.weight,2.9618776074542024
100,4,c_attn.weight,3.6557882133765105
100,4,c_proj.weight,379.0611222504225
100,4,c_fc.weight,2.986303923077942
100,4,c_proj.weight,2.959511972790018
100,5,c_attn.weight,3.7061348448246596
100,5,c_proj.weight,1767.2367272170918
100,5,c_fc.weight,3.0133839656002768
100,5,c_proj.weight,2.992711391589531
100,0,c_attn.weight,3.711616753299321
100,0,c_proj.weight,822.8898556617198
100,0,c_fc.weight,2.9500799452354083
100,0,c_proj.weight,2.9854189175390062
100,1,c_attn.weight,3.6394753285828623
100,1,c_proj.weight,10235.902728890413
100,1,c_fc.weight,2.9855822525981033
100,1,c_proj.weight,2.9153958210406303
100,2,c_attn.weight,3.713413056737112
100,2,c_proj.weight,693.0998768053017
100,2,c_fc.weight,2.94098164312378
100,2,c_proj.weight,2.950376694984251
100,3,c_attn.weight,3.6812872347013887
100,3,c_proj.weight,828.2345658750129
100,3,c_fc.weight,2.980988484755864
100,3,c_proj.weight,2.969209196717464
100,4,c_attn.weight,3.6477527524024995
100,4,c_proj.weight,392.00219830424373
100,4,c_fc.weight,2.9620715866663687
100,4,c_proj.weight,2.9320217761011484
100,5,c_attn.weight,3.6914832505015607
100,5,c_proj.weight,822.3292701011486
100,5,c_fc.weight,2.981499245345278
100,5,c_proj.weight,2.990960963867657
0,0,c_attn.weight,3.7113362181595684
0,0,c_proj.weight,992.4843486057568
0,0,c_fc.weight,2.9503225901551264
0,0,c_proj.weight,2.9669157760127645
0,1,c_attn.weight,3.6395194245338365
0,1,c_proj.weight,12753.621164021164
0,1,c_fc.weight,2.9860738774357265
0,1,c_proj.weight,2.898714964186259
0,2,c_attn.weight,3.7135523342716206
0,2,c_proj.weight,662.415770925148
0,2,c_fc.weight,2.941488928507632
0,2,c_proj.weight,2.9514884176973686
0,3,c_attn.weight,3.681474269304954
0,3,c_proj.weight,923.2084018393814
0,3,c_fc.weight,2.9808777287187413
0,3,c_proj.weight,2.9746451492942336
0,4,c_attn.weight,3.6478262518411846
0,4,c_proj.weight,351.37468107529065
0,4,c_fc.weight,2.9618612120632193
0,4,c_proj.weight,2.9291496817125804
0,5,c_attn.weight,3.691508493491621
0,5,c_proj.weight,928.8224400547283
0,5,c_fc.weight,2.9811539887317986
0,5,c_proj.weight,2.983462120824341
0,0,c_attn.weight,3.711345246615648
0,0,c_proj.weight,994.2518247038842
0,0,c_fc.weight,2.950323383801096
0,0,c_proj.weight,2.9669163717260023
0,1,c_attn.weight,3.639521207728843
0,1,c_proj.weight,12702.488175490687
0,1,c_fc.weight,2.9860719058024316
0,1,c_proj.weight,2.89870912508503
0,2,c_attn.weight,3.7135558563344957
0,2,c_proj.weight,662.8498115643694
0,2,c_fc.weight,2.9414891582680047
0,2,c_proj.weight,2.9514896705284484
0,3,c_attn.weight,3.681468877684694
0,3,c_proj.weight,924.0805553006873
0,3,c_fc.weight,2.9808763869632675
0,3,c_proj.weight,2.97463843540962
0,4,c_attn.weight,3.6478247762339056
0,4,c_proj.weight,351.4567099822373
0,4,c_fc.weight,2.961856569924184
0,4,c_proj.weight,2.9291444078866076
0,5,c_attn.weight,3.691504676797073
0,5,c_proj.weight,930.5084580077921
0,5,c_fc.weight,2.9811482901113244
0,5,c_proj.weight,2.983463684125186
0,0,c_attn.weight,3.711344360387042
0,0,c_proj.weight,994.2518247038842
0,0,c_fc.weight,2.9503238275676207
0,0,c_proj.weight,2.966917414571709
0,1,c_attn.weight,3.6395204282450395
0,1,c_proj.weight,12702.488175490687
0,1,c_fc.weight,2.986071600182486
0,1,c_proj.weight,2.8987104032549365
0,2,c_attn.weight,3.7135562707574077
0,2,c_proj.weight,662.8498115643694
0,2,c_fc.weight,2.941488637716038
0,2,c_proj.weight,2.9514901235625115
0,3,c_attn.weight,3.681468023330454
0,3,c_proj.weight,924.0805553006873
0,3,c_fc.weight,2.980875786802019
0,3,c_proj.weight,2.974639155202992
0,4,c_attn.weight,3.647824811849107
0,4,c_proj.weight,351.4567099822373
0,4,c_fc.weight,2.9618580019923133
0,4,c_proj.weight,2.9291445277931114
0,5,c_attn.weight,3.6915058537001957
0,5,c_proj.weight,930.5084580077921
0,5,c_fc.weight,2.981148667333697
0,5,c_proj.weight,2.983464673749719
200,0,c_attn.weight,3.7088820780481884
200,0,c_proj.weight,1306.4648329551715
200,0,c_fc.weight,3.0119083845576453
200,0,c_proj.weight,3.1355576565911796
200,1,c_attn.weight,3.716303055298082
200,1,c_proj.weight,903.8783435424865
200,1,c_fc.weight,3.054379373340074
200,1,c_proj.weight,3.0471432650717625
200,2,c_attn.weight,3.8441404534290298
200,2,c_proj.weight,872.477296732627
200,2,c_fc.weight,3.0097560809080823
200,2,c_proj.weight,2.966645151356379
200,3,c_attn.weight,3.690460009366386
200,3,c_proj.weight,651.8620736147103
200,3,c_fc.weight,3.0121349474775694
200,3,c_proj.weight,3.018070401564195
200,4,c_attn.weight,3.684576784079726
200,4,c_proj.weight,5338.033924728504
200,4,c_fc.weight,3.059090015588149
200,4,c_proj.weight,2.9590010880873145
200,5,c_attn.weight,3.754043280021368
200,5,c_proj.weight,1925.9519931911898
200,5,c_fc.weight,3.046825802550238
200,5,c_proj.weight,2.990960499121287
200,0,c_attn.weight,3.712077978450113
200,0,c_proj.weight,7817.370907795398
200,0,c_fc.weight,2.9488956169567757
200,0,c_proj.weight,3.1843393447032624
200,1,c_attn.weight,3.6393332789810393
200,1,c_proj.weight,4132.453558992262
200,1,c_fc.weight,2.985832378954974
200,1,c_proj.weight,2.952097755316967
200,2,c_attn.weight,3.7130327367176594
200,2,c_proj.weight,831.3487064289276
200,2,c_fc.weight,2.940391272740575
200,2,c_proj.weight,2.957706860177101
200,3,c_attn.weight,3.6812723257844193
200,3,c_proj.weight,2779.7001817386176
200,3,c_fc.weight,2.9812027979290083
200,3,c_proj.weight,2.9653923014316876
200,4,c_attn.weight,3.648037972494376
200,4,c_proj.weight,367.2519919853999
200,4,c_fc.weight,2.9625895368787734
200,4,c_proj.weight,2.932490213542414
200,5,c_attn.weight,3.6914717537981026
200,5,c_proj.weight,632.8684875650129
200,5,c_fc.weight,2.9814687794086936
200,5,c_proj.weight,2.9960297666998668
100,0,c_attn.weight,3.711295426190593
100,0,c_proj.weight,1114.3460320677384
100,0,c_fc.weight,2.950252497602566
100,0,c_proj.weight,2.97243175770427
100,1,c_attn.weight,3.639586566777208
100,1,c_proj.weight,27870.072081540817
100,1,c_fc.weight,2.9857854786439164
100,1,c_proj.weight,2.9047849705178796
100,2,c_attn.weight,3.713481688627936
100,2,c_proj.weight,675.8121931436224
100,2,c_fc.weight,2.941155043194129
100,2,c_proj.weight,2.95008148457419
100,3,c_attn.weight,3.681272507585759
100,3,c_proj.weight,594.9359094865742
100,3,c_fc.weight,2.980969623419712
100,3,c_proj.weight,2.9714465351832318
100,4,c_attn.weight,3.647952896416311
100,4,c_proj.weight,375.91101792234537
100,4,c_fc.weight,2.961955812441542
100,4,c_proj.weight,2.9303153529000747
100,5,c_attn.weight,3.6915058440004196
100,5,c_proj.weight,802.8266274458662
100,5,c_fc.weight,2.981410458979636
100,5,c_proj.weight,2.9878078841260822
100,0,c_attn.weight,3.7151381721121925
100,0,c_proj.weight,969.2473646002576
100,0,c_fc.weight,2.9591265134477927
100,0,c_proj.weight,3.0375006443793278
100,1,c_attn.weight,3.6660826296876534
100,1,c_proj.weight,895.1141071201105
100,1,c_fc.weight,2.99330954631995
100,1,c_proj.weight,2.9066405650203215
100,2,c_attn.weight,3.752027224202633
100,2,c_proj.weight,1216.3293064911174
100,2,c_fc.weight,2.958691677982283
100,2,c_proj.weight,2.980801007113315
100,3,c_attn.weight,3.691435371992434
100,3,c_proj.weight,579.5940681415548
100,3,c_fc.weight,3.0120887113020522
100,3,c_proj.weight,2.9618648086943327
100,4,c_attn.weight,3.6560102829330745
100,4,c_proj.weight,361.4835421051175
100,4,c_fc.weight,2.9860572359906774
100,4,c_proj.weight,2.9597790898547722
100,5,c_attn.weight,3.7060371015795464
100,5,c_proj.weight,1770.899239148668
100,5,c_fc.weight,3.013229964230941
100,5,c_proj.weight,2.9928717092560833
100,0,c_attn.weight,3.7112969003671967
100,0,c_proj.weight,1113.985818758168
100,0,c_fc.weight,2.9502539376599684
100,0,c_proj.weight,2.972433190372462
100,1,c_attn.weight,3.6395837465746883
100,1,c_proj.weight,27554.615625514696
100,1,c_fc.weight,2.985783033989181
100,1,c_proj.weight,2.9047849918487354
100,2,c_attn.weight,3.713480830112028
100,2,c_proj.weight,675.8593561586085
100,2,c_fc.weight,2.9411531024702953
100,2,c_proj.weight,2.9500795636378223
100,3,c_attn.weight,3.68127538321628
100,3,c_proj.weight,594.8325006419359
100,3,c_fc.weight,2.9809705236977178
100,3,c_proj.weight,2.9714466400757784
100,4,c_attn.weight,3.6479545145401064
100,4,c_proj.weight,376.0099301381804
100,4,c_fc.weight,2.9619553650259927
100,4,c_proj.weight,2.930315938218201
100,5,c_attn.weight,3.6915066711401137
100,5,c_proj.weight,803.0838048718023
100,5,c_fc.weight,2.981411446780798
100,5,c_proj.weight,2.987809394020761
0,0,c_attn.weight,3.711338284604664
0,0,c_proj.weight,992.5894533410875
0,0,c_fc.weight,2.9503218455637654
0,0,c_proj.weight,2.9669149938798096
0,1,c_attn.weight,3.639519089963709
0,1,c_proj.weight,12753.37508571882
0,1,c_fc.weight,2.9860741830559996
0,1,c_proj.weight,2.898713686014229
0,2,c_attn.weight,3.713551446071019
0,2,c_proj.weight,662.5329109874859
0,2,c_fc.weight,2.941487287474653
0,2,c_proj.weight,2.951486015865938
0,3,c_attn.weight,3.6814739566274675
0,3,c_proj.weight,922.9851332909437
0,3,c_fc.weight,2.9808769813860683
0,3,c_proj.weight,2.974644496749406
0,4,c_attn.weight,3.647825109520438
0,4,c_proj.weight,351.3816623930792
0,4,c_fc.weight,2.9618612904672936
0,4,c_proj.weight,2.9291493219904696
0,5,c_attn.weight,3.691508079926435
0,5,c_proj.weight,929.0233879790942
0,5,c_fc.weight,2.981153683501106
0,5,c_proj.weight,2.983461529672117
0,0,c_attn.weight,3.711344360387042
0,0,c_proj.weight,994.2518247038842
0,0,c_fc.weight,2.9503238275676207
0,0,c_proj.weight,2.966917414571709
0,1,c_attn.weight,3.6395204282450395
0,1,c_proj.weight,12702.488175490687
0,1,c_fc.weight,2.986071600182486
0,1,c_proj.weight,2.8987104032549365
0,2,c_attn.weight,3.7135562707574077
0,2,c_proj.weight,662.8498115643694
0,2,c_fc.weight,2.941488637716038
0,2,c_proj.weight,2.9514901235625115
0,3,c_attn.weight,3.681468023330454
0,3,c_proj.weight,924.0805553006873
0,3,c_fc.weight,2.980875786802019
0,3,c_proj.weight,2.974639155202992
0,4,c_attn.weight,3.647824811849107
0,4,c_proj.weight,351.4567099822373
0,4,c_fc.weight,2.9618580019923133
0,4,c_proj.weight,2.9291445277931114
0,5,c_attn.weight,3.6915058537001957
0,5,c_proj.weight,930.5084580077921
0,5,c_fc.weight,2.981148667333697
0,5,c_proj.weight,2.983464673749719
200,0,c_attn.weight,3.7114596061222835
200,0,c_proj.weight,2465.208892321345
200,0,c_fc.weight,2.9491238092531704
200,0,c_proj.weight,2.997475403820097
200,1,c_attn.weight,3.639479511526265
200,1,c_proj.weight,4038.305596508368
200,1,c_fc.weight,2.9857933838933426
200,1,c_proj.weight,2.9245270373706966
200,2,c_attn.weight,3.7131122881549077
200,2,c_proj.weight,819.8170887641207
200,2,c_fc.weight,2.940765087660281
200,2,c_proj.weight,2.9528089179250925
200,3,c_attn.weight,3.6812666039285897
200,3,c_proj.weight,853.5274506179185
200,3,c_fc.weight,2.981069719248779
200,3,c_proj.weight,2.9675457362621036
200,4,c_attn.weight,3.6481012635183907
200,4,c_proj.weight,344.7045366544703
200,4,c_fc.weight,2.962360264079871
200,4,c_proj.weight,2.9310466050881994
200,5,c_attn.weight,3.6914915230579544
200,5,c_proj.weight,795.795011281516
200,5,c_fc.weight,2.98136156470649
200,5,c_proj.weight,2.990629195439726
200,0,c_attn.weight,3.706759524197357
200,0,c_proj.weight,7643.7205277737985
200,0,c_fc.weight,3.0112905996782477
200,0,c_proj.weight,3.138082129046992
200,1,c_attn.weight,3.7151994159136565
200,1,c_proj.weight,816.9629342867574
200,1,c_fc.weight,3.05375933574067
200,1,c_proj.weight,3.047711983425339
200,2,c_attn.weight,3.8437281946311876
200,2,c_proj.weight,778.9348775953986
200,2,c_fc.weight,3.0097423170084974
200,2,c_proj.weight,2.9669891231770875
200,3,c_attn.weight,3.6892306152633343
200,3,c_proj.weight,538.355633987712
200,3,c_fc.weight,3.0132138383881144
200,3,c_proj.weight,3.0177371911579707
200,4,c_attn.weight,3.684207973014645
200,4,c_proj.weight,3231.919465341493
200,4,c_fc.weight,3.058215311579044
200,4,c_proj.weight,2.9573308378306216
200,5,c_attn.weight,3.7542678927471482
200,5,c_proj.weight,1483.5832641615666
200,5,c_fc.weight,3.047567752194522
200,5,c_proj.weight,2.9914301879267757
200,0,c_attn.weight,3.7114591927672795
200,0,c_proj.weight,2455.818296577541
200,0,c_fc.weight,2.9491226701152127
200,0,c_proj.weight,2.9974883377310775
200,1,c_attn.weight,3.6394786952402156
200,1,c_proj.weight,4052.502892187242
200,1,c_fc.weight,2.985791632455566
200,1,c_proj.weight,2.924527100290903
200,2,c_attn.weight,3.713112317875553
200,2,c_proj.weight,820.838074186035
200,2,c_fc.weight,2.9407629884527844
200,2,c_proj.weight,2.952803936662373
200,3,c_attn.weight,3.681267836369263
200,3,c_proj.weight,854.4383000543694
200,3,c_fc.weight,2.9810689717989836
200,3,c_proj.weight,2.96754797402288
200,4,c_attn.weight,3.6481013346985516
200,4,c_proj.weight,344.7492131102174
200,4,c_fc.weight,2.9623595814127364
200,4,c_proj.weight,2.931051575970799
200,5,c_attn.weight,3.691492318305213
200,5,c_proj.weight,796.0885969334668
200,5,c_fc.weight,2.9813600385983277
200,5,c_proj.weight,2.9906268865208583
100,0,c_attn.weight,3.711627942572806
100,0,c_proj.weight,1001.8336423936415
100,0,c_fc.weight,2.9470546511431994
100,0,c_proj.weight,3.0262044796815473
100,1,c_attn.weight,3.669555399317461
100,1,c_proj.weight,426.335604033135
100,1,c_fc.weight,2.98771991670667
100,1,c_proj.weight,2.9164077587504105
100,2,c_attn.weight,3.7503960573651853
100,2,c_proj.weight,751.2511441773122
100,2,c_fc.weight,2.9529103861417165
100,2,c_proj.weight,2.9770383225756767
100,3,c_attn.weight,3.6904869458962297
100,3,c_proj.weight,444.86665675821627
100,3,c_fc.weight,3.003257965444266
100,3,c_proj.weight,2.974293625360017
100,4,c_attn.weight,3.6563378741065122
100,4,c_proj.weight,597.5706250761846
100,4,c_fc.weight,2.9760005753565903
100,4,c_proj.weight,2.955834390264286
100,5,c_attn.weight,3.701486897761405
100,5,c_proj.weight,1672.1000036952796
100,5,c_fc.weight,3.0060471063025087
100,5,c_proj.weight,2.9941766268455154
100,0,c_attn.weight,3.71118471447083
100,0,c_proj.weight,1054.945143836875
100,0,c_fc.weight,2.9502975582564708
100,0,c_proj.weight,2.968184631644678
100,1,c_attn.weight,3.6395555123385863
100,1,c_proj.weight,83259.60740363326
100,1,c_fc.weight,2.9860649625310205
100,1,c_proj.weight,2.8984295070134816
100,2,c_attn.weight,3.713574353893403
100,2,c_proj.weight,669.8318440214841
100,2,c_fc.weight,2.941487411129644
100,2,c_proj.weight,2.9517804665367007
100,3,c_attn.weight,3.6814350994603813
100,3,c_proj.weight,793.119678682429
100,3,c_fc.weight,2.98087726425169
100,3,c_proj.weight,2.974777983521684
100,4,c_attn.weight,3.6478598350180462
100,4,c_proj.weight,348.55631552434295
100,4,c_fc.weight,2.9618411308108374
100,4,c_proj.weight,2.9293623165623925
100,5,c_attn.weight,3.691481263096426
100,5,c_proj.weight,900.9957541001612
100,5,c_fc.weight,2.9811775837860934
100,5,c_proj.weight,2.983782858338591
0,0,c_attn.weight,3.711345246615648
0,0,c_proj.weight,994.2518247038842
0,0,c_fc.weight,2.950323383801096
0,0,c_proj.weight,2.9669163717260023
0,1,c_attn.weight,3.639521207728843
0,1,c_proj.weight,12702.488175490687
0,1,c_fc.weight,2.9860719058024316
0,1,c_proj.weight,2.89870912508503
0,2,c_attn.weight,3.7135558563344957
0,2,c_proj.weight,662.8498115643694
0,2,c_fc.weight,2.9414891582680047
0,2,c_proj.weight,2.9514896705284484
0,3,c_attn.weight,3.681468877684694
0,3,c_proj.weight,924.0805553006873
0,3,c_fc.weight,2.9808763869632675
0,3,c_proj.weight,2.97463843540962
0,4,c_attn.weight,3.6478247762339056
0,4,c_proj.weight,351.4567099822373
0,4,c_fc.weight,2.961856569924184
0,4,c_proj.weight,2.9291444078866076
0,5,c_attn.weight,3.691504676797073
0,5,c_proj.weight,930.5084580077921
0,5,c_fc.weight,2.9811482901113244
0,5,c_proj.weight,2.983463684125186
0,0,c_attn.weight,3.7113399079357285
0,0,c_proj.weight,992.5894533410875
0,0,c_fc.weight,2.950321687678822
0,0,c_proj.weight,2.9669141444126472
0,1,c_attn.weight,3.6395190531827613
0,1,c_proj.weight,12753.37508571882
0,1,c_fc.weight,2.9860733436643163
0,1,c_proj.weight,2.8987140824119204
0,2,c_attn.weight,3.7135522749164136
0,2,c_proj.weight,662.5329109874859
0,2,c_fc.weight,2.9414872080954018
0,2,c_proj.weight,2.951485755183124
0,3,c_attn.weight,3.6814710481725594
0,3,c_proj.weight,922.9851332909437
0,3,c_fc.weight,2.9808770578408534
0,3,c_proj.weight,2.974644496749406
0,4,c_attn.weight,3.647825882939253
0,4,c_proj.weight,351.3816623930792
0,4,c_fc.weight,2.961861961539551
0,4,c_proj.weight,2.929150732404474
0,5,c_attn.weight,3.691508143717181
0,5,c_proj.weight,929.0233879790942
0,5,c_fc.weight,2.9811551319088876
0,5,c_proj.weight,2.983462389384184
0,0,c_attn.weight,3.711344360387042
0,0,c_proj.weight,994.2518247038842
0,0,c_fc.weight,2.9503238275676207
0,0,c_proj.weight,2.966917414571709
0,1,c_attn.weight,3.6395204282450395
0,1,c_proj.weight,12702.488175490687
0,1,c_fc.weight,2.986071600182486
0,1,c_proj.weight,2.8987104032549365
0,2,c_attn.weight,3.7135562707574077
0,2,c_proj.weight,662.8498115643694
0,2,c_fc.weight,2.941488637716038
0,2,c_proj.weight,2.9514901235625115
0,3,c_attn.weight,3.681468023330454
0,3,c_proj.weight,924.0805553006873
0,3,c_fc.weight,2.980875786802019
0,3,c_proj.weight,2.974639155202992
0,4,c_attn.weight,3.647824811849107
0,4,c_proj.weight,351.4567099822373
0,4,c_fc.weight,2.9618580019923133
0,4,c_proj.weight,2.9291445277931114
0,5,c_attn.weight,3.6915058537001957
0,5,c_proj.weight,930.5084580077921
0,5,c_fc.weight,2.981148667333697
0,5,c_proj.weight,2.983464673749719
200,0,c_attn.weight,3.6587395550940087
200,0,c_proj.weight,4526.602866264978
200,0,c_fc.weight,2.9804388016160184
200,0,c_proj.weight,3.0169399031631006
200,1,c_attn.weight,3.6724632896685585
200,1,c_proj.weight,1564.9255981429803
200,1,c_fc.weight,2.993037093361611
200,1,c_proj.weight,2.954893180795896
200,2,c_attn.weight,3.7991944307976726
200,2,c_proj.weight,453.34880108565216
200,2,c_fc.weight,2.9379537662884947
200,2,c_proj.weight,3.003797545177393
200,3,c_attn.weight,3.6889995292037936
200,3,c_proj.weight,413.08701787171606
200,3,c_fc.weight,3.017930071454379
200,3,c_proj.weight,2.994388386165892
200,4,c_attn.weight,3.6896823724048313
200,4,c_proj.weight,267.99679579663643
200,4,c_fc.weight,2.9983515620149483
200,4,c_proj.weight,2.9853657602416
200,5,c_attn.weight,3.7341136885983546
200,5,c_proj.weight,5894.4018418063615
200,5,c_fc.weight,2.9896681631652573
200,5,c_proj.weight,2.9600324556250466
200,0,c_attn.weight,3.7110226484738336
200,0,c_proj.weight,1184.0510033843661
200,0,c_fc.weight,2.9503287411452273
200,0,c_proj.weight,2.9693035084975836
200,1,c_attn.weight,3.6395952666697005
200,1,c_proj.weight,15865.833506380746
200,1,c_fc.weight,2.986038979246958
200,1,c_proj.weight,2.8989597979272665
200,2,c_attn.weight,3.713577668265831
200,2,c_proj.weight,681.0910511189909
200,2,c_fc.weight,2.9414342248257457
200,2,c_proj.weight,2.9512696847385578
200,3,c_attn.weight,3.6813633309636433
200,3,c_proj.weight,614.630876890082
200,3,c_fc.weight,2.98089294874863
200,3,c_proj.weight,2.9743199115212597
200,4,c_attn.weight,3.648015899944912
200,4,c_proj.weight,355.52587723599413
200,4,c_fc.weight,2.961828684981843
200,4,c_proj.weight,2.9294539150541987
200,5,c_attn.weight,3.691486286354013
200,5,c_proj.weight,886.1687829280073
200,5,c_fc.weight,2.981224305409032
200,5,c_proj.weight,2.984731198537493
100,0,c_attn.weight,3.711618347091809
100,0,c_proj.weight,823.1041357923943
100,0,c_fc.weight,2.9500788210935998
100,0,c_proj.weight,2.9854280901283334
100,1,c_attn.weight,3.6394741777369366
100,1,c_proj.weight,10146.983941662547
100,1,c_fc.weight,2.9855815640061056
100,1,c_proj.weight,2.9153919616718937
100,2,c_attn.weight,3.7134142999655313
100,2,c_proj.weight,693.5228431578464
100,2,c_fc.weight,2.9409825428567165
100,2,c_proj.weight,2.9503694022082327
100,3,c_attn.weight,3.6812872019683023
100,3,c_proj.weight,827.8150454453829
100,3,c_fc.weight,2.980988484755864
100,3,c_proj.weight,2.9692133989543104
100,4,c_attn.weight,3.647751943377993
100,4,c_proj.weight,392.2771681060499
100,4,c_fc.weight,2.962072559961528
100,4,c_proj.weight,2.932026679944895
100,5,c_attn.weight,3.691479592142694
100,5,c_proj.weight,822.1890114844962
100,5,c_fc.weight,2.981498557120514
100,5,c_proj.weight,2.9909676206240663
100,0,c_attn.weight,3.7115988031408245
100,0,c_proj.weight,1261.564743322553
100,0,c_fc.weight,2.9470870937145253
100,0,c_proj.weight,3.026717743728956
100,1,c_attn.weight,3.669930876763698
100,1,c_proj.weight,391.4152110623668
100,1,c_fc.weight,2.9876811268900987
100,1,c_proj.weight,2.9164279601966996
100,2,c_attn.weight,3.750269379396527
100,2,c_proj.weight,828.9391450644331
100,2,c_fc.weight,2.9528043234020283
100,2,c_proj.weight,2.9767069245657627
100,3,c_attn.weight,3.689994230147505
100,3,c_proj.weight,431.55903807884806
100,3,c_fc.weight,3.0031978682497713
100,3,c_proj.weight,2.974483288242551
100,4,c_attn.weight,3.656267812770003
100,4,c_proj.weight,603.7594156356612
100,4,c_fc.weight,2.9757716033629076
100,4,c_proj.weight,2.9556271532977156
100,5,c_attn.weight,3.7013499946806516
100,5,c_proj.weight,1342.2643889262704
100,5,c_fc.weight,3.0060359212801737
100,5,c_proj.weight,2.9941987581144454
100,0,c_attn.weight,3.711617963543909
100,0,c_proj.weight,823.0691959269167
100,0,c_fc.weight,2.950079042918982
100,0,c_proj.weight,2.985414742788853
100,1,c_attn.weight,3.6394749572295417
100,1,c_proj.weight,10156.954827114852
100,1,c_fc.weight,2.985583014273988
100,1,c_proj.weight,2.91539600307913
100,2,c_attn.weight,3.713416342322152
100,2,c_proj.weight,693.4549054013481
100,2,c_fc.weight,2.9409815637209658
100,2,c_proj.weight,2.9503751201231747
100,3,c_attn.weight,3.681288023600565
100,3,c_proj.weight,828.7634909500771
100,3,c_fc.weight,2.980989084949712
100,3,c_proj.weight,2.96921152199903
100,4,c_attn.weight,3.647751943377993
100,4,c_proj.weight,392.25581735539595
100,4,c_fc.weight,2.9620713514823245
100,4,c_proj.weight,2.932024941725965
100,5,c_attn.weight,3.6914836321760216
100,5,c_proj.weight,822.1518456099138
100,5,c_fc.weight,2.981499778121269
100,5,c_proj.weight,2.990965640740666
0,0,c_attn.weight,3.711344360387042
0,0,c_proj.weight,994.2518247038842
0,0,c_fc.weight,2.9503238275676207
0,0,c_proj.weight,2.966917414571709
0,1,c_attn.weight,3.6395204282450395
0,1,c_proj.weight,12702.488175490687
0,1,c_fc.weight,2.986071600182486
0,1,c_proj.weight,2.8987104032549365
0,2,c_attn.weight,3.7135562707574077
0,2,c_proj.weight,662.8498115643694
0,2,c_fc.weight,2.941488637716038
0,2,c_proj.weight,2.9514901235625115
0,3,c_attn.weight,3.681468023330454
0,3,c_proj.weight,924.0805553006873
0,3,c_fc.weight,2.980875786802019
0,3,c_proj.weight,2.974639155202992
0,4,c_attn.weight,3.647824811849107
0,4,c_proj.weight,351.4567099822373
0,4,c_fc.weight,2.9618580019923133
0,4,c_proj.weight,2.9291445277931114
0,5,c_attn.weight,3.6915058537001957
0,5,c_proj.weight,930.5084580077921
0,5,c_fc.weight,2.981148667333697
0,5,c_proj.weight,2.983464673749719
0,0,c_attn.weight,3.7113394648216063
0,0,c_proj.weight,992.4843486057568
0,0,c_fc.weight,2.950321687678822
0,0,c_proj.weight,2.9669154479676565
0,1,c_attn.weight,3.6395189796208434
0,1,c_proj.weight,12753.621164021164
0,1,c_fc.weight,2.9860744886762722
0,1,c_proj.weight,2.8987159163423573
0,2,c_attn.weight,3.713550676581175
0,2,c_proj.weight,662.415770925148
0,2,c_fc.weight,2.941488928507632
0,2,c_proj.weight,2.951487635648773
0,3,c_attn.weight,3.68147471283929
0,3,c_proj.weight,923.2084018393814
0,3,c_fc.weight,2.9808775050927454
0,3,c_proj.weight,2.9746451492942336
0,4,c_attn.weight,3.647825109520438
0,4,c_proj.weight,351.37468107529065
0,4,c_fc.weight,2.961861592562064
0,4,c_proj.weight,2.929149750809567
0,5,c_attn.weight,3.6915064575612373
0,5,c_proj.weight,928.8224400547283
0,5,c_fc.weight,2.9811531507855533
0,5,c_proj.weight,2.9834623850151
200,0,c_attn.weight,3.712088428502951
200,0,c_proj.weight,7610.877849084478
200,0,c_fc.weight,2.948893621886666
200,0,c_proj.weight,3.184371076461314
200,1,c_attn.weight,3.639330753132312
200,1,c_proj.weight,4151.014822634236
200,1,c_fc.weight,2.985831613033459
200,1,c_proj.weight,2.9520717616611547
200,2,c_attn.weight,3.7130354590326666
200,2,c_proj.weight,831.1888821655306
200,2,c_fc.weight,2.940391792995707
200,2,c_proj.weight,2.9576950280862127
200,3,c_attn.weight,3.6812709623667486
200,3,c_proj.weight,2770.3116463980427
200,3,c_fc.weight,2.9812036219018303
200,3,c_proj.weight,2.965410141228022
200,4,c_attn.weight,3.6480374967535014
200,4,c_proj.weight,367.2080078498774
200,4,c_fc.weight,2.962590051530536
200,4,c_proj.weight,2.9324998787333363
200,5,c_attn.weight,3.6914693042248223
200,5,c_proj.weight,631.9017224752814
200,5,c_fc.weight,2.9814692344148828
200,5,c_proj.weight,2.9960403340062367
0,0,c_attn.weight,3.711338284604664
0,0,c_proj.weight,992.5894533410875
0,0,c_fc.weight,2.9503218455637654
0,0,c_proj.weight,2.9669149938798096
0,1,c_attn.weight,3.639519089963709
0,1,c_proj.weight,12753.37508571882
0,1,c_fc.weight,2.9860741830559996
0,1,c_proj.weight,2.898713686014229
0,2,c_attn.weight,3.713551446071019
0,2,c_proj.weight,662.5329109874859
0,2,c_fc.weight,2.941487287474653
0,2,c_proj.weight,2.951486015865938
0,3,c_attn.weight,3.6814739566274675
0,3,c_proj.weight,922.9851332909437
0,3,c_fc.weight,2.9808769813860683
0,3,c_proj.weight,2.974644496749406
0,4,c_attn.weight,3.647825109520438
0,4,c_proj.weight,351.3816623930792
0,4,c_fc.weight,2.9618612904672936
0,4,c_proj.weight,2.9291493219904696
0,5,c_attn.weight,3.691508079926435
0,5,c_proj.weight,929.0233879790942
0,5,c_fc.weight,2.981153683501106
0,5,c_proj.weight,2.983461529672117
200,0,c_attn.weight,3.6586077425284875
200,0,c_proj.weight,14635.184982397617
200,0,c_fc.weight,2.9803072893251996
200,0,c_proj.weight,3.0184550579763334
200,1,c_attn.weight,3.672880091835369
200,1,c_proj.weight,2438.229191296065
200,1,c_fc.weight,2.992641599690514
200,1,c_proj.weight,2.9551639978843425
200,2,c_attn.weight,3.799808934204257
200,2,c_proj.weight,596.3742051564506
200,2,c_fc.weight,2.9375863307808032
200,2,c_proj.weight,3.0045551716103556
200,3,c_attn.weight,3.689951940810641
200,3,c_proj.weight,473.5635791319272
200,3,c_fc.weight,3.017955870579488
200,3,c_proj.weight,2.993135669267127
200,4,c_attn.weight,3.686456115388996
200,4,c_proj.weight,241.35935350627366
200,4,c_fc.weight,2.997725227153456
200,4,c_proj.weight,2.984974586495718
200,5,c_attn.weight,3.733850799091961
200,5,c_proj.weight,4728.215233331444
200,5,c_fc.weight,2.989973549874196
200,5,c_proj.weight,2.9611548238452667
100,0,c_attn.weight,3.711299026468127
100,0,c_proj.weight,1114.7435819251616
100,0,c_fc.weight,2.950251388281321
100,0,c_proj.weight,2.972428564144644
100,1,c_attn.weight,3.6395849342186017
100,1,c_proj.weight,27808.47976657529
100,1,c_fc.weight,2.985782883370506
100,1,c_proj.weight,2.9047886193895365
100,2,c_attn.weight,3.713479616549442
100,2,c_proj.weight,675.8966469783993
100,2,c_fc.weight,2.941154064007292
100,2,c_proj.weight,2.9500787952639755
100,3,c_attn.weight,3.6812749396785085
100,3,c_proj.weight,595.158447234085
100,3,c_fc.weight,2.9809701471542023
100,3,c_proj.weight,2.9714468423331617
100,4,c_attn.weight,3.6479537410816105
100,4,c_proj.weight,375.918231478787
100,4,c_fc.weight,2.9619569424741323
100,4,c_proj.weight,2.9303149566917206
100,5,c_attn.weight,3.691506257570267
100,5,c_proj.weight,802.5468280071019
100,5,c_fc.weight,2.9814125900434862
100,5,c_proj.weight,2.987810247720912
200,0,c_attn.weight,3.712083086011695
200,0,c_proj.weight,7809.754178852266
200,0,c_fc.weight,2.9488950155801645
200,0,c_proj.weight,3.1843454345154085
200,1,c_attn.weight,3.6393328708286443
200,1,c_proj.weight,4188.6320222946915
200,1,c_fc.weight,2.9858330544344014
200,1,c_proj.weight,2.95208276244723
200,2,c_attn.weight,3.713033476299168
200,2,c_proj.weight,829.8877026968679
200,2,c_fc.weight,2.940393194904244
200,2,c_proj.weight,2.957711633708361
200,3,c_attn.weight,3.6812715368693536
200,3,c_proj.weight,2778.9654590402693
200,3,c_fc.weight,2.981203168871941
200,3,c_proj.weight,2.965399695760756
200,4,c_attn.weight,3.6480398528496476
200,4,c_proj.weight,367.36146145346197
200,4,c_fc.weight,2.9625889325570114
200,4,c_proj.weight,2.9324939982839524
200,5,c_attn.weight,3.6914714040196146
200,5,c_proj.weight,632.132266271697
200,5,c_fc.weight,2.9814695452936446
200,5,c_proj.weight,2.9960435719499108
100,0,c_attn.weight,3.7154086513322144
100,0,c_proj.weight,1094.1923200951926
100,0,c_fc.weight,2.959401952103801
100,0,c_proj.weight,3.0374004982764355
100,1,c_attn.weight,3.665429697549731
100,1,c_proj.weight,796.8010498651591
100,1,c_fc.weight,2.9933165467276863
100,1,c_proj.weight,2.907011597873928
100,2,c_attn.weight,3.7522804777910905
100,2,c_proj.weight,1284.3645917734173
100,2,c_fc.weight,2.958697402396449
100,2,c_proj.weight,2.980580504532993
100,3,c_attn.weight,3.6918432230259506
100,3,c_proj.weight,566.8090097272446
100,3,c_fc.weight,3.011943803257682
100,3,c_proj.weight,2.9617742244434075
100,4,c_attn.weight,3.655858651964572
100,4,c_proj.weight,369.60805942833343
100,4,c_fc.weight,2.985918508108536
100,4,c_proj.weight,2.959153502821769
100,5,c_attn.weight,3.706401134083738
100,5,c_proj.weight,1725.5193707783947
100,5,c_fc.weight,3.013008929220886
100,5,c_proj.weight,2.9923689441515022
0,0,c_attn.weight,3.711345246615648
0,0,c_proj.weight,994.2518247038842
0,0,c_fc.weight,2.950323383801096
0,0,c_proj.weight,2.9669163717260023
0,1,c_attn.weight,3.639521207728843
0,1,c_proj.weight,12702.488175490687
0,1,c_fc.weight,2.9860719058024316
0,1,c_proj.weight,2.89870912508503
0,2,c_attn.weight,3.7135558563344957
0,2,c_proj.weight,662.8498115643694
0,2,c_fc.weight,2.9414891582680047
0,2,c_proj.weight,2.9514896705284484
0,3,c_attn.weight,3.681468877684694
0,3,c_proj.weight,924.0805553006873
0,3,c_fc.weight,2.9808763869632675
0,3,c_proj.weight,2.97463843540962
0,4,c_attn.weight,3.6478247762339056
0,4,c_proj.weight,351.4567099822373
0,4,c_fc.weight,2.961856569924184
0,4,c_proj.weight,2.9291444078866076
0,5,c_attn.weight,3.691504676797073
0,5,c_proj.weight,930.5084580077921
0,5,c_fc.weight,2.9811482901113244
0,5,c_proj.weight,2.983463684125186
100,0,c_attn.weight,3.7114592483553133
100,0,c_proj.weight,1232.9505895363661
100,0,c_fc.weight,2.9469685333132576
100,0,c_proj.weight,3.0264709767502516
100,1,c_attn.weight,3.6694452710316865
100,1,c_proj.weight,424.66480041795654
100,1,c_fc.weight,2.987617700378149
100,1,c_proj.weight,2.9163846171970054
100,2,c_attn.weight,3.7503997208915707
100,2,c_proj.weight,686.5582413262816
100,2,c_fc.weight,2.9526409661439845
100,2,c_proj.weight,2.976830149949114
100,3,c_attn.weight,3.6905940994885267
100,3,c_proj.weight,446.5714247470493
100,3,c_fc.weight,3.00276379520122
100,3,c_proj.weight,2.974770284878545
100,4,c_attn.weight,3.6563328907747894
100,4,c_proj.weight,554.5117775539072
100,4,c_fc.weight,2.975890242642602
100,4,c_proj.weight,2.955193838158379
100,5,c_attn.weight,3.702092005774927
100,5,c_proj.weight,1544.1461785622275
100,5,c_fc.weight,3.0059804278166955
100,5,c_proj.weight,2.99473218259419
0,0,c_attn.weight,3.7113362181595684
0,0,c_proj.weight,992.4843486057568
0,0,c_fc.weight,2.9503225901551264
0,0,c_proj.weight,2.9669157760127645
0,1,c_attn.weight,3.6395194245338365
0,1,c_proj.weight,12753.621164021164
0,1,c_fc.weight,2.9860738774357265
0,1,c_proj.weight,2.898714964186259
0,2,c_attn.weight,3.7135523342716206
0,2,c_proj.weight,662.415770925148
0,2,c_fc.weight,2.941488928507632
0,2,c_proj.weight,2.9514884176973686
0,3,c_attn.weight,3.681474269304954
0,3,c_proj.weight,923.2084018393814
0,3,c_fc.weight,2.9808777287187413
0,3,c_proj.weight,2.9746451492942336
0,4,c_attn.weight,3.6478262518411846
0,4,c_proj.weight,351.37468107529065
0,4,c_fc.weight,2.9618612120632193
0,4,c_proj.weight,2.9291496817125804
0,5,c_attn.weight,3.691508493491621
0,5,c_proj.weight,928.8224400547283
0,5,c_fc.weight,2.9811539887317986
0,5,c_proj.weight,2.983462120824341
200,0,c_attn.weight,3.7114612595423004
200,0,c_proj.weight,2464.0422232338065
200,0,c_fc.weight,2.9491236359494764
200,0,c_proj.weight,2.9974610351626607
200,1,c_attn.weight,3.6394794011682894
200,1,c_proj.weight,4060.8843496611203
200,1,c_fc.weight,2.9857923166681792
200,1,c_proj.weight,2.924528303096858
200,2,c_attn.weight,3.713112347596192
200,2,c_proj.weight,820.7384288716158
200,2,c_fc.weight,2.9407627857432677
200,2,c_proj.weight,2.9527990973933216
200,3,c_attn.weight,3.6812666039285897
200,3,c_proj.weight,854.8812860601329
200,3,c_fc.weight,2.9810689010310862
200,3,c_proj.weight,2.9675449929094464
200,4,c_attn.weight,3.648101405878684
200,4,c_proj.weight,344.6354577673008
200,4,c_fc.weight,2.9623600403150667
200,4,c_proj.weight,2.931048187138503
200,5,c_attn.weight,3.691494354270131
200,5,c_proj.weight,796.0937158488625
200,5,c_fc.weight,2.9813616424341056
200,5,c_proj.weight,2.9906302534956515
0,0,c_attn.weight,3.711344360387042
0,0,c_proj.weight,994.2518247038842
0,0,c_fc.weight,2.9503238275676207
0,0,c_proj.weight,2.966917414571709
0,1,c_attn.weight,3.6395204282450395
0,1,c_proj.weight,12702.488175490687
0,1,c_fc.weight,2.986071600182486
0,1,c_proj.weight,2.8987104032549365
0,2,c_attn.weight,3.7135562707574077
0,2,c_proj.weight,662.8498115643694
0,2,c_fc.weight,2.941488637716038
0,2,c_proj.weight,2.9514901235625115
0,3,c_attn.weight,3.681468023330454
0,3,c_proj.weight,924.0805553006873
0,3,c_fc.weight,2.980875786802019
0,3,c_proj.weight,2.974639155202992
0,4,c_attn.weight,3.647824811849107
0,4,c_proj.weight,351.4567099822373
0,4,c_fc.weight,2.9618580019923133
0,4,c_proj.weight,2.9291445277931114
0,5,c_attn.weight,3.6915058537001957
0,5,c_proj.weight,930.5084580077921
0,5,c_fc.weight,2.981148667333697
0,5,c_proj.weight,2.983464673749719
200,0,c_attn.weight,3.707140168239019
200,0,c_proj.weight,1300.974364275013
200,0,c_fc.weight,3.011388910738762
200,0,c_proj.weight,3.1346285982313495
200,1,c_attn.weight,3.714585189096836
200,1,c_proj.weight,865.2911963300163
200,1,c_fc.weight,3.0535338294403864
200,1,c_proj.weight,3.0483517199004813
200,2,c_attn.weight,3.843540050008184
200,2,c_proj.weight,2539.606509845748
200,2,c_fc.weight,3.010698599540913
200,2,c_proj.weight,2.9664043286282586
200,3,c_attn.weight,3.689666916729952
200,3,c_proj.weight,665.8367890188782
200,3,c_fc.weight,3.0122939549597025
200,3,c_proj.weight,3.0168795231959193
200,4,c_attn.weight,3.6837859954458017
200,4,c_proj.weight,4375.508722962107
200,4,c_fc.weight,3.0586186861054863
200,4,c_proj.weight,2.9580208095243825
200,5,c_attn.weight,3.7542659473476654
200,5,c_proj.weight,3998.492493114262
200,5,c_fc.weight,3.04796552296331
200,5,c_proj.weight,2.990644580803103
100,0,c_attn.weight,3.7111843012009826
100,0,c_proj.weight,1054.8507890703636
100,0,c_fc.weight,2.950298761545179
100,0,c_proj.weight,2.968185094330038
100,1,c_attn.weight,3.639555140981063
100,1,c_proj.weight,83718.58645886055
100,1,c_fc.weight,2.9860663399490317
100,1,c_proj.weight,2.8984277175910513
100,2,c_attn.weight,3.7135718673438234
100,2,c_proj.weight,669.8637718648245
100,2,c_fc.weight,2.941488610991
100,2,c_proj.weight,2.9517802058310343
100,3,c_attn.weight,3.681435921094754
100,3,c_proj.weight,793.151448657062
100,3,c_fc.weight,2.9808771170804045
100,3,c_proj.weight,2.9747777211490085
100,4,c_attn.weight,3.6478590259756216
100,4,c_proj.weight,348.5668647938412
100,4,c_fc.weight,2.961840067717431
100,4,c_proj.weight,2.929363090921504
100,5,c_attn.weight,3.6914817085590275
100,5,c_proj.weight,901.0057235337024
100,5,c_fc.weight,2.981176745835362
100,5,c_proj.weight,2.9837835167185465
0,0,c_attn.weight,3.711344360387042
0,0,c_proj.weight,994.2518247038842
0,0,c_fc.weight,2.9503238275676207
0,0,c_proj.weight,2.966917414571709
0,1,c_attn.weight,3.6395204282450395
0,1,c_proj.weight,12702.488175490687
0,1,c_fc.weight,2.986071600182486
0,1,c_proj.weight,2.8987104032549365
0,2,c_attn.weight,3.7135562707574077
0,2,c_proj.weight,662.8498115643694
0,2,c_fc.weight,2.941488637716038
0,2,c_proj.weight,2.9514901235625115
0,3,c_attn.weight,3.681468023330454
0,3,c_proj.weight,924.0805553006873
0,3,c_fc.weight,2.980875786802019
0,3,c_proj.weight,2.974639155202992
0,4,c_attn.weight,3.647824811849107
0,4,c_proj.weight,351.4567099822373
0,4,c_fc.weight,2.9618580019923133
0,4,c_proj.weight,2.9291445277931114
0,5,c_attn.weight,3.6915058537001957
0,5,c_proj.weight,930.5084580077921
0,5,c_fc.weight,2.981148667333697
0,5,c_proj.weight,2.983464673749719
200,0,c_attn.weight,3.6582379131281497
200,0,c_proj.weight,2293.894433930315
200,0,c_fc.weight,2.980343512273976
200,0,c_proj.weight,3.0184298907124996
200,1,c_attn.weight,3.671972784812018
200,1,c_proj.weight,2550.100870972697
200,1,c_fc.weight,2.992414218683982
200,1,c_proj.weight,2.953532450727264
200,2,c_attn.weight,3.800760222812475
200,2,c_proj.weight,560.2337089388699
200,2,c_fc.weight,2.9380037936068955
200,2,c_proj.weight,3.0050830605879266
200,3,c_attn.weight,3.688817324839924
200,3,c_proj.weight,376.36302055182443
200,3,c_fc.weight,3.017502940838682
200,3,c_proj.weight,2.994688653705786
200,4,c_attn.weight,3.6888786213162184
200,4,c_proj.weight,242.95541242153033
200,4,c_fc.weight,2.9990943395763483
200,4,c_proj.weight,2.9871979084742253
200,5,c_attn.weight,3.7341209372966664
200,5,c_proj.weight,962.3910452622687
200,5,c_fc.weight,2.9901197771564396
200,5,c_proj.weight,2.9596250916664735
100,0,c_attn.weight,3.7153102200710246
100,0,c_proj.weight,1032.2143501747285
100,0,c_fc.weight,2.9593443693298322
100,0,c_proj.weight,3.0375102615801435
100,1,c_attn.weight,3.665962214420744
100,1,c_proj.weight,870.4334280062832
100,1,c_fc.weight,2.993189333300067
100,1,c_proj.weight,2.906556367493684
100,2,c_attn.weight,3.7515770344266466
100,2,c_proj.weight,1337.6697801325672
100,2,c_fc.weight,2.958644661559394
100,2,c_proj.weight,2.981118772443955
100,3,c_attn.weight,3.692026162390558
100,3,c_proj.weight,584.4199197135728
100,3,c_fc.weight,3.0120426712216304
100,3,c_proj.weight,2.961739959141898
100,4,c_attn.weight,3.6564754985968073
100,4,c_proj.weight,369.68586586798176
100,4,c_fc.weight,2.9861637533826233
100,4,c_proj.weight,2.959002437890196
100,5,c_attn.weight,3.7058226978282782
100,5,c_proj.weight,1609.2952602841422
100,5,c_fc.weight,3.0130816673377683
100,5,c_proj.weight,2.9927640915064897
100,0,c_attn.weight,3.7111843012009826
100,0,c_proj.weight,1054.7517527996686
100,0,c_fc.weight,2.9502979380220626
100,0,c_proj.weight,2.9681864574907815
100,1,c_attn.weight,3.6395542511557366
100,1,c_proj.weight,83050.22106511999
100,1,c_fc.weight,2.9860667187799295
100,1,c_proj.weight,2.8984274619592756
100,2,c_attn.weight,3.7135726961936832
100,2,c_proj.weight,669.8404331697926
100,2,c_fc.weight,2.9414873317503663
100,2,c_proj.weight,2.9517809879480335
100,3,c_attn.weight,3.6814346559251656
100,3,c_proj.weight,793.1106519755117
100,3,c_fc.weight,2.9808777172422833
100,3,c_proj.weight,2.974777526023924
100,4,c_attn.weight,3.6478598350180462
100,4,c_proj.weight,348.5594352673956
100,4,c_fc.weight,2.961841052405406
100,4,c_proj.weight,2.929363090921504
100,5,c_attn.weight,3.6914820902255157
100,5,c_proj.weight,901.0124444595688
100,5,c_fc.weight,2.9811775117870907
100,5,c_proj.weight,2.9837829883006965
200,0,c_attn.weight,3.711025864894906
200,0,c_proj.weight,1183.9737072581386
200,0,c_fc.weight,2.9503294217361566
200,0,c_proj.weight,2.969300780484209
200,1,c_attn.weight,3.6395980868567057
200,1,c_proj.weight,15910.488091819043
200,1,c_fc.weight,2.98603844548478
200,1,c_proj.weight,2.8989575671448757
200,2,c_attn.weight,3.7135780233410722
200,2,c_proj.weight,681.0852926561962
200,2,c_fc.weight,2.941433624904875
200,2,c_proj.weight,2.9512716889871062
200,3,c_attn.weight,3.6813612769129427
200,3,c_proj.weight,614.655267715583
200,3,c_fc.weight,2.9808930252028656
200,3,c_proj.weight,2.9743206314160293
200,4,c_attn.weight,3.6480171491552142
200,4,c_proj.weight,355.53213666664294
200,4,c_fc.weight,2.9618309449305285
200,4,c_proj.weight,2.929454035014175
200,5,c_attn.weight,3.691485077553463
200,5,c_proj.weight,886.1981921441891
200,5,c_fc.weight,2.981223545187028
200,5,c_proj.weight,2.984731525833328
0,0,c_attn.weight,3.711338284604664
0,0,c_proj.weight,992.5894533410875
0,0,c_fc.weight,2.9503218455637654
0,0,c_proj.weight,2.9669149938798096
0,1,c_attn.weight,3.639519089963709
0,1,c_proj.weight,12753.37508571882
0,1,c_fc.weight,2.9860741830559996
0,1,c_proj.weight,2.898713686014229
0,2,c_attn.weight,3.713551446071019
0,2,c_proj.weight,662.5329109874859
0,2,c_fc.weight,2.941487287474653
0,2,c_proj.weight,2.951486015865938
0,3,c_attn.weight,3.6814739566274675
0,3,c_proj.weight,922.9851332909437
0,3,c_fc.weight,2.9808769813860683
0,3,c_proj.weight,2.974644496749406
0,4,c_attn.weight,3.647825109520438
0,4,c_proj.weight,351.3816623930792
0,4,c_fc.weight,2.9618612904672936
0,4,c_proj.weight,2.9291493219904696
0,5,c_attn.weight,3.691508079926435
0,5,c_proj.weight,929.0233879790942
0,5,c_fc.weight,2.981153683501106
0,5,c_proj.weight,2.983461529672117
100,0,c_attn.weight,3.711616399552385
100,0,c_proj.weight,823.995048413925
100,0,c_fc.weight,2.9500801031287365
100,0,c_proj.weight,2.9854262147933164
100,1,c_attn.weight,3.6394736960250893
100,1,c_proj.weight,10164.552000856731
100,1,c_fc.weight,2.985583397314524
100,1,c_proj.weight,2.9153892727953514
100,2,c_attn.weight,3.713415543193951
100,2,c_proj.weight,693.0785863603724
100,2,c_fc.weight,2.9409829838732593
100,2,c_proj.weight,2.950378478497566
100,3,c_attn.weight,3.6812872347013887
100,3,c_proj.weight,827.5036857894431
100,3,c_fc.weight,2.9809887084022493
100,3,c_proj.weight,2.969215148969477
100,4,c_attn.weight,3.647752347890246
100,4,c_proj.weight,392.1048295537455
100,4,c_fc.weight,2.962072101052442
100,4,c_proj.weight,2.9320169424698372
100,5,c_attn.weight,3.6914807690637494
100,5,c_proj.weight,822.1701109878944
100,5,c_fc.weight,2.9815007659492117
100,5,c_proj.weight,2.9909692717222436
0,0,c_attn.weight,3.7113394648216063
0,0,c_proj.weight,992.4843486057568
0,0,c_fc.weight,2.950321687678822
0,0,c_proj.weight,2.9669154479676565
0,1,c_attn.weight,3.6395189796208434
0,1,c_proj.weight,12753.621164021164
0,1,c_fc.weight,2.9860744886762722
0,1,c_proj.weight,2.8987159163423573
0,2,c_attn.weight,3.713550676581175
0,2,c_proj.weight,662.415770925148
0,2,c_fc.weight,2.941488928507632
0,2,c_proj.weight,2.951487635648773
0,3,c_attn.weight,3.68147471283929
0,3,c_proj.weight,923.2084018393814
0,3,c_fc.weight,2.9808775050927454
0,3,c_proj.weight,2.9746451492942336
0,4,c_attn.weight,3.647825109520438
0,4,c_proj.weight,351.37468107529065
0,4,c_fc.weight,2.961861592562064
0,4,c_proj.weight,2.929149750809567
0,5,c_attn.weight,3.6915064575612373
0,5,c_proj.weight,928.8224400547283
0,5,c_fc.weight,2.9811531507855533
0,5,c_proj.weight,2.9834623850151
0,0,c_attn.weight,3.711345246615648
0,0,c_proj.weight,994.2518247038842
0,0,c_fc.weight,2.950323383801096
0,0,c_proj.weight,2.9669163717260023
0,1,c_attn.weight,3.639521207728843
0,1,c_proj.weight,12702.488175490687
0,1,c_fc.weight,2.9860719058024316
0,1,c_proj.weight,2.89870912508503
0,2,c_attn.weight,3.7135558563344957
0,2,c_proj.weight,662.8498115643694
0,2,c_fc.weight,2.9414891582680047
0,2,c_proj.weight,2.9514896705284484
0,3,c_attn.weight,3.681468877684694
0,3,c_proj.weight,924.0805553006873
0,3,c_fc.weight,2.9808763869632675
0,3,c_proj.weight,2.97463843540962
0,4,c_attn.weight,3.6478247762339056
0,4,c_proj.weight,351.4567099822373
0,4,c_fc.weight,2.961856569924184
0,4,c_proj.weight,2.9291444078866076
0,5,c_attn.weight,3.691504676797073
0,5,c_proj.weight,930.5084580077921
0,5,c_fc.weight,2.9811482901113244
0,5,c_proj.weight,2.983463684125186
200,0,c_attn.weight,3.707805846527101
200,0,c_proj.weight,3205.6986995280217
200,0,c_fc.weight,3.010993063841212
200,0,c_proj.weight,3.1363636668021586
200,1,c_attn.weight,3.7168016933676435
200,1,c_proj.weight,917.3306836337371
200,1,c_fc.weight,3.0550328776966493
200,1,c_proj.weight,3.0480151298648015
200,2,c_attn.weight,3.8417486666750023
200,2,c_proj.weight,517.8921147818588
200,2,c_fc.weight,3.009447917069615
200,2,c_proj.weight,2.9685584885013943
200,3,c_attn.weight,3.689384829165696
200,3,c_proj.weight,582.6821926669362
200,3,c_fc.weight,3.0130455711510784
200,3,c_proj.weight,3.018201545325056
200,4,c_attn.weight,3.685807708678523
200,4,c_proj.weight,3621.3142018438557
200,4,c_fc.weight,3.0583899332950004
200,4,c_proj.weight,2.957789555161352
200,5,c_attn.weight,3.7528818910221045
200,5,c_proj.weight,2178.594543603409
200,5,c_fc.weight,3.046803314533192
200,5,c_proj.weight,2.990191831816953
200,0,c_attn.weight,3.7110214087296174
200,0,c_proj.weight,1183.7583255394798
200,0,c_fc.weight,2.950329865502054
200,0,c_proj.weight,2.969301167911412
200,1,c_attn.weight,3.6395947849851193
200,1,c_proj.weight,15875.310669342221
200,1,c_fc.weight,2.9860394398050167
200,1,c_proj.weight,2.8989588901134766
200,2,c_attn.weight,3.713575596138176
200,2,c_proj.weight,681.0518993694965
200,2,c_fc.weight,2.9414337836688667
200,2,c_proj.weight,2.951269411375017
200,3,c_attn.weight,3.6813637744985317
200,3,c_proj.weight,614.621732821343
200,3,c_fc.weight,2.9808938489984045
200,3,c_proj.weight,2.9743202411963887
200,4,c_attn.weight,3.6480167090200655
200,4,c_proj.weight,355.5387564809655
200,4,c_fc.weight,2.961830340740029
200,4,c_proj.weight,2.9294553256642475
200,5,c_attn.weight,3.6914879406185213
200,5,c_proj.weight,886.2323891038443
200,5,c_fc.weight,2.981223850422029
200,5,c_proj.weight,2.9847321884946614
100,0,c_attn.weight,3.7115243370341098
100,0,c_proj.weight,1089.604617161018
100,0,c_fc.weight,2.9471265861250053
100,0,c_proj.weight,3.026244596550671
100,1,c_attn.weight,3.6699783830255726
100,1,c_proj.weight,405.2022836936716
100,1,c_fc.weight,2.9878488531163945
100,1,c_proj.weight,2.9170869202232628
100,2,c_attn.weight,3.75034258782859
100,2,c_proj.weight,733.343293716594
100,2,c_fc.weight,2.952617425646671
100,2,c_proj.weight,2.976814622130971
100,3,c_attn.weight,3.689990371122732
100,3,c_proj.weight,413.57295642328694
100,3,c_fc.weight,3.002850060236753
100,3,c_proj.weight,2.9747504174528854
100,4,c_attn.weight,3.6556572009744435
100,4,c_proj.weight,617.2476702026382
100,4,c_fc.weight,2.9759045727342484
100,4,c_proj.weight,2.955493566881186
100,5,c_attn.weight,3.702167213421111
100,5,c_proj.weight,1402.0754392159959
100,5,c_fc.weight,3.0064071579290514
100,5,c_proj.weight,2.994234545241119
200,0,c_attn.weight,3.712078716148744
200,0,c_proj.weight,7765.016166838468
200,0,c_fc.weight,2.948895807898531
200,0,c_proj.weight,3.184363709885069
200,1,c_attn.weight,3.639333650331726
200,1,c_proj.weight,4218.491028968375
200,1,c_fc.weight,2.9858321465815516
200,1,c_proj.weight,2.9520814314961865
200,2,c_attn.weight,3.7130334168420287
200,2,c_proj.weight,828.7174020892304
200,2,c_fc.weight,2.9403911138829835
200,2,c_proj.weight,2.9576926680382667
200,3,c_attn.weight,3.6812714059276144
200,3,c_proj.weight,2753.121967520881
200,3,c_fc.weight,2.981203174513609
200,3,c_proj.weight,2.965409023450627
200,4,c_attn.weight,3.6480386748014553
200,4,c_proj.weight,367.08825964878883
200,4,c_fc.weight,2.962589615244982
200,4,c_proj.weight,2.932485570117043
200,5,c_attn.weight,3.691469749704136
200,5,c_proj.weight,632.9611415971141
200,5,c_fc.weight,2.981470078019519
200,5,c_proj.weight,2.9960485273947786
100,0,c_attn.weight,3.7112957201607566
100,0,c_proj.weight,1114.090291506744
100,0,c_fc.weight,2.95025422350326
100,0,c_proj.weight,2.972430190866905
100,1,c_attn.weight,3.639584154714298
100,1,c_proj.weight,27118.44068986458
100,1,c_fc.weight,2.985783033989181
100,1,c_proj.weight,2.9047923596513194
100,2,c_attn.weight,3.71348044538084
100,2,c_proj.weight,675.8428204618963
100,2,c_fc.weight,2.9411539052171136
100,2,c_proj.weight,2.9500798924617966
100,3,c_attn.weight,3.6812744961406465
100,3,c_proj.weight,594.8193751831523
100,3,c_fc.weight,2.9809703000558847
100,3,c_proj.weight,2.9714469097522715
100,4,c_attn.weight,3.6479516828234644
100,4,c_proj.weight,376.0112202752617
100,4,c_fc.weight,2.961956114549774
100,4,c_proj.weight,2.9303146295161424
100,5,c_attn.weight,3.691505812104446
100,5,c_proj.weight,802.614748065323
100,5,c_fc.weight,2.9814108362841942
100,5,c_proj.weight,2.9878112352396564
0,0,c_attn.weight,3.7113399079357285
0,0,c_proj.weight,992.5894533410875
0,0,c_fc.weight,2.950321687678822
0,0,c_proj.weight,2.9669141444126472
0,1,c_attn.weight,3.6395190531827613
0,1,c_proj.weight,12753.37508571882
0,1,c_fc.weight,2.9860733436643163
0,1,c_proj.weight,2.8987140824119204
0,2,c_attn.weight,3.7135522749164136
0,2,c_proj.weight,662.5329109874859
0,2,c_fc.weight,2.9414872080954018
0,2,c_proj.weight,2.951485755183124
0,3,c_attn.weight,3.6814710481725594
0,3,c_proj.weight,922.9851332909437
0,3,c_fc.weight,2.9808770578408534
0,3,c_proj.weight,2.974644496749406
0,4,c_attn.weight,3.647825882939253
0,4,c_proj.weight,351.3816623930792
0,4,c_fc.weight,2.961861961539551
0,4,c_proj.weight,2.929150732404474
0,5,c_attn.weight,3.691508143717181
0,5,c_proj.weight,929.0233879790942
0,5,c_fc.weight,2.9811551319088876
0,5,c_proj.weight,2.983462389384184
0,0,c_attn.weight,3.711344360387042
0,0,c_proj.weight,994.2518247038842
0,0,c_fc.weight,2.9503238275676207
0,0,c_proj.weight,2.966917414571709
0,1,c_attn.weight,3.6395204282450395
0,1,c_proj.weight,12702.488175490687
0,1,c_fc.weight,2.986071600182486
0,1,c_proj.weight,2.8987104032549365
0,2,c_attn.weight,3.7135562707574077
0,2,c_proj.weight,662.8498115643694
0,2,c_fc.weight,2.941488637716038
0,2,c_proj.weight,2.9514901235625115
0,3,c_attn.weight,3.681468023330454
0,3,c_proj.weight,924.0805553006873
0,3,c_fc.weight,2.980875786802019
0,3,c_proj.weight,2.974639155202992
0,4,c_attn.weight,3.647824811849107
0,4,c_proj.weight,351.4567099822373
0,4,c_fc.weight,2.9618580019923133
0,4,c_proj.weight,2.9291445277931114
0,5,c_attn.weight,3.6915058537001957
0,5,c_proj.weight,930.5084580077921
0,5,c_fc.weight,2.981148667333697
0,5,c_proj.weight,2.983464673749719
200,0,c_attn.weight,3.658014635102236
200,0,c_proj.weight,2436.559948434847
200,0,c_fc.weight,2.979836883780753
200,0,c_proj.weight,3.018152052660616
200,1,c_attn.weight,3.673211115414575
200,1,c_proj.weight,3141.7058687379667
200,1,c_fc.weight,2.9921660153464975
200,1,c_proj.weight,2.9547001038967986
200,2,c_attn.weight,3.798699992243746
200,2,c_proj.weight,514.9834027727505
200,2,c_fc.weight,2.9378415210341604
200,2,c_proj.weight,3.004025448879259
200,3,c_attn.weight,3.6904872333330516
200,3,c_proj.weight,402.9137488349146
200,3,c_fc.weight,3.017662916453643
200,3,c_proj.weight,2.9930272931629878
200,4,c_attn.weight,3.6868461149766034
200,4,c_proj.weight,225.81049203657616
200,4,c_fc.weight,2.9986156420337626
200,4,c_proj.weight,2.9856500828086685
200,5,c_attn.weight,3.7321935946745888
200,5,c_proj.weight,13972.316084618169
200,5,c_fc.weight,2.990856998257619
200,5,c_proj.weight,2.960830943250371
0,0,c_attn.weight,3.711344360387042
0,0,c_proj.weight,994.2518247038842
0,0,c_fc.weight,2.9503238275676207
0,0,c_proj.weight,2.966917414571709
0,1,c_attn.weight,3.6395204282450395
0,1,c_proj.weight,12702.488175490687
0,1,c_fc.weight,2.986071600182486
0,1,c_proj.weight,2.8987104032549365
0,2,c_attn.weight,3.7135562707574077
0,2,c_proj.weight,662.8498115643694
0,2,c_fc.weight,2.941488637716038
0,2,c_proj.weight,2.9514901235625115
0,3,c_attn.weight,3.681468023330454
0,3,c_proj.weight,924.0805553006873
0,3,c_fc.weight,2.980875786802019
0,3,c_proj.weight,2.974639155202992
0,4,c_attn.weight,3.647824811849107
0,4,c_proj.weight,351.4567099822373
0,4,c_fc.weight,2.9618580019923133
0,4,c_proj.weight,2.9291445277931114
0,5,c_attn.weight,3.6915058537001957
0,5,c_proj.weight,930.5084580077921
0,5,c_fc.weight,2.981148667333697
0,5,c_proj.weight,2.983464673749719
200,0,c_attn.weight,3.7114616132629115
200,0,c_proj.weight,2466.0387823863307
200,0,c_fc.weight,2.9491255192140393
200,0,c_proj.weight,2.9974686110844564
200,1,c_attn.weight,3.639478732026276
200,1,c_proj.weight,4046.577282870778
200,1,c_fc.weight,2.9857936119643997
200,1,c_proj.weight,2.924534812070079
200,2,c_attn.weight,3.7131143898112975
200,2,c_proj.weight,820.5798066970456
200,2,c_fc.weight,2.94076372928766
200,2,c_proj.weight,2.9527912436954464
200,3,c_attn.weight,3.6812686252615854
200,3,c_proj.weight,854.7033177181295
200,3,c_fc.weight,2.981069866466269
200,3,c_proj.weight,2.967537358663856
200,4,c_attn.weight,3.6481025127559406
200,4,c_proj.weight,344.6630329090368
200,4,c_fc.weight,2.9623605662238393
200,4,c_proj.weight,2.931048667767039
200,5,c_attn.weight,3.6914923821003396
200,5,c_proj.weight,795.6720797143852
200,5,c_fc.weight,2.9813616424341056
200,5,c_proj.weight,2.9906333435722483
100,0,c_attn.weight,3.7112977567735395
100,0,c_proj.weight,1114.2773426304266
100,0,c_fc.weight,2.9502540805815927
100,0,c_proj.weight,2.972430056697323
100,1,c_attn.weight,3.639585342358253
100,1,c_proj.weight,27822.305909858
100,1,c_fc.weight,2.98578463937984
100,1,c_proj.weight,2.9047898742623386
100,2,c_attn.weight,3.713478817402764
100,2,c_proj.weight,675.9779000954842
100,2,c_fc.weight,2.941154143402363
100,2,c_proj.weight,2.9500811817536885
100,3,c_attn.weight,3.681273707265302
100,3,c_proj.weight,595.0919690552374
100,3,c_fc.weight,2.9809703000558847
100,3,c_proj.weight,2.9714511347863226
100,4,c_attn.weight,3.6479541456125184
100,4,c_proj.weight,375.95943549640174
100,4,c_fc.weight,2.961955443426432
100,4,c_proj.weight,2.9303155420099483
100,5,c_attn.weight,3.691505812104446
100,5,c_proj.weight,802.6508902028983
100,5,c_fc.weight,2.981411446780798
100,5,c_proj.weight,2.987809785804639
100,0,c_attn.weight,3.711569589538173
100,0,c_proj.weight,1287.3804282256085
100,0,c_fc.weight,2.9469567605623435
100,0,c_proj.weight,3.0263164082294516
100,1,c_attn.weight,3.669787890251734
100,1,c_proj.weight,427.7357692806091
100,1,c_fc.weight,2.987536651472219
100,1,c_proj.weight,2.916859441264064
100,2,c_attn.weight,3.7506583564555926
100,2,c_proj.weight,1063.2710228735903
100,2,c_fc.weight,2.9527879921587235
100,2,c_proj.weight,2.9766640945586906
100,3,c_attn.weight,3.6904898611731514
100,3,c_proj.weight,437.0006592951622
100,3,c_fc.weight,3.0027636335815937
100,3,c_proj.weight,2.9747248576850094
100,4,c_attn.weight,3.65655373030952
100,4,c_proj.weight,525.5130692799015
100,4,c_fc.weight,2.9758053469733716
100,4,c_proj.weight,2.9550926154909436
100,5,c_attn.weight,3.7018094387474427
100,5,c_proj.weight,1490.3106375073573
100,5,c_fc.weight,3.006089428013308
100,5,c_proj.weight,2.99481557455651
0,0,c_attn.weight,3.7113394648216063
0,0,c_proj.weight,992.4843486057568
0,0,c_fc.weight,2.950321687678822
0,0,c_proj.weight,2.9669154479676565
0,1,c_attn.weight,3.6395189796208434
0,1,c_proj.weight,12753.621164021164
0,1,c_fc.weight,2.9860744886762722
0,1,c_proj.weight,2.8987159163423573
0,2,c_attn.weight,3.713550676581175
0,2,c_proj.weight,662.415770925148
0,2,c_fc.weight,2.941488928507632
0,2,c_proj.weight,2.951487635648773
0,3,c_attn.weight,3.68147471283929
0,3,c_proj.weight,923.2084018393814
0,3,c_fc.weight,2.9808775050927454
0,3,c_proj.weight,2.9746451492942336
0,4,c_attn.weight,3.647825109520438
0,4,c_proj.weight,351.37468107529065
0,4,c_fc.weight,2.961861592562064
0,4,c_proj.weight,2.929149750809567
0,5,c_attn.weight,3.6915064575612373
0,5,c_proj.weight,928.8224400547283
0,5,c_fc.weight,2.9811531507855533
0,5,c_proj.weight,2.9834623850151
100,0,c_attn.weight,3.711183474661289
100,0,c_proj.weight,1054.8332235392938
100,0,c_fc.weight,2.950298904480672
100,0,c_proj.weight,2.9681843708095204
100,1,c_attn.weight,3.639553916575976
100,1,c_proj.weight,82969.18376905046
100,1,c_fc.weight,2.9860649625310205
100,1,c_proj.weight,2.8984278324244026
100,2,c_attn.weight,3.7135726961936832
100,2,c_proj.weight,669.8327577210896
100,2,c_fc.weight,2.941487931681089
100,2,c_proj.weight,2.951780863880701
100,3,c_attn.weight,3.6814354448416706
100,3,c_proj.weight,793.1346574520671
100,3,c_fc.weight,2.9808776407874844
100,3,c_proj.weight,2.9747783803894294
100,4,c_attn.weight,3.647858252545399
100,4,c_proj.weight,348.5597764157811
100,4,c_fc.weight,2.961840369811608
100,4,c_proj.weight,2.929363349041208
100,5,c_attn.weight,3.6914820902255157
100,5,c_proj.weight,901.0154961648878
100,5,c_fc.weight,2.98117636285941
100,5,c_proj.weight,2.9837836509652607
0,0,c_attn.weight,3.711345246615648
0,0,c_proj.weight,994.2518247038842
0,0,c_fc.weight,2.950323383801096
0,0,c_proj.weight,2.9669163717260023
0,1,c_attn.weight,3.639521207728843
0,1,c_proj.weight,12702.488175490687
0,1,c_fc.weight,2.9860719058024316
0,1,c_proj.weight,2.89870912508503
0,2,c_attn.weight,3.7135558563344957
0,2,c_proj.weight,662.8498115643694
0,2,c_fc.weight,2.9414891582680047
0,2,c_proj.weight,2.9514896705284484
0,3,c_attn.weight,3.681468877684694
0,3,c_proj.weight,924.0805553006873
0,3,c_fc.weight,2.9808763869632675
0,3,c_proj.weight,2.97463843540962
0,4,c_attn.weight,3.6478247762339056
0,4,c_proj.weight,351.4567099822373
0,4,c_fc.weight,2.961856569924184
0,4,c_proj.weight,2.9291444078866076
0,5,c_attn.weight,3.691504676797073
0,5,c_proj.weight,930.5084580077921
0,5,c_fc.weight,2.9811482901113244
0,5,c_proj.weight,2.983463684125186
200,0,c_attn.weight,3.7114585151448547
200,0,c_proj.weight,2472.9250165489007
200,0,c_fc.weight,2.9491254708088195
200,0,c_proj.weight,2.997471880772949
200,1,c_attn.weight,3.639479548312242
200,1,c_proj.weight,4043.0329590422066
200,1,c_fc.weight,2.985791017031118
200,1,c_proj.weight,2.9245335765795595
200,2,c_attn.weight,3.7131132060909513
200,2,c_proj.weight,820.9201676476206
200,2,c_fc.weight,2.940761868318523
200,2,c_proj.weight,2.9528000958722815
200,3,c_attn.weight,3.681267836369263
200,3,c_proj.weight,854.9445868009602
200,3,c_fc.weight,2.981068748132246
200,3,c_proj.weight,2.9675494182442774
200,4,c_attn.weight,3.648098978584489
200,4,c_proj.weight,344.6118543599684
200,4,c_fc.weight,2.962359592785559
200,4,c_proj.weight,2.931053551883513
200,5,c_attn.weight,3.6914915549555998
200,5,c_proj.weight,795.6647374786546
200,5,c_fc.weight,2.9813612594848578
200,5,c_proj.weight,2.990626688755333
100,0,c_attn.weight,3.71515399081886
100,0,c_proj.weight,938.003666356984
100,0,c_fc.weight,2.9593083823073605
100,0,c_proj.weight,3.0370447634992304
100,1,c_attn.weight,3.6657268962939344
100,1,c_proj.weight,924.9974265741467
100,1,c_fc.weight,2.993213535410988
100,1,c_proj.weight,2.90737227131052
100,2,c_attn.weight,3.7520987612834933
100,2,c_proj.weight,1342.225931945299
100,2,c_fc.weight,2.958647388822978
100,2,c_proj.weight,2.980218631260017
100,3,c_attn.weight,3.6924273736440774
100,3,c_proj.weight,577.9342225679699
100,3,c_fc.weight,3.0117404198861126
100,3,c_proj.weight,2.961567397317984
100,4,c_attn.weight,3.655595130823087
100,4,c_proj.weight,369.46282592070645
100,4,c_fc.weight,2.986186885428623
100,4,c_proj.weight,2.9595079920302947
100,5,c_attn.weight,3.7063247819617615
100,5,c_proj.weight,1596.7001969576017
100,5,c_fc.weight,3.0132954198078976
100,5,c_proj.weight,2.992776846536986
200,0,c_attn.weight,3.658070914723408
200,0,c_proj.weight,4423.778401925564
200,0,c_fc.weight,2.9798146775966043
200,0,c_proj.weight,3.0175931944177647
200,1,c_attn.weight,3.672868767167249
200,1,c_proj.weight,2503.667400268176
200,1,c_fc.weight,2.9931228658108515
200,1,c_proj.weight,2.955043659462488
200,2,c_attn.weight,3.7997730391639397
200,2,c_proj.weight,431.7300399178222
200,2,c_fc.weight,2.938165118793863
200,2,c_proj.weight,3.005579304199939
200,3,c_attn.weight,3.690314072108043
200,3,c_proj.weight,478.3869992102796
200,3,c_fc.weight,3.017702344038995
200,3,c_proj.weight,2.9937150916888577
200,4,c_attn.weight,3.687990470572303
200,4,c_proj.weight,257.2519967804211
200,4,c_fc.weight,2.9988009639210436
200,4,c_proj.weight,2.986436937545675
200,5,c_attn.weight,3.7323536544805545
200,5,c_proj.weight,1506.3553544780268
200,5,c_fc.weight,2.9893682938537784
200,5,c_proj.weight,2.959789235296599
200,0,c_attn.weight,3.7110234451152264
200,0,c_proj.weight,1183.7776343123605
200,0,c_fc.weight,2.950329263852768
200,0,c_proj.weight,2.9693009069562364
200,1,c_attn.weight,3.6395976787194693
200,1,c_proj.weight,15879.156048271778
200,1,c_fc.weight,2.98603936233425
200,1,c_proj.weight,2.898958148894132
200,2,c_attn.weight,3.7135793259679555
200,2,c_proj.weight,681.0721509509804
200,2,c_fc.weight,2.94143392486531
200,2,c_proj.weight,2.9512714283256622
200,3,c_attn.weight,3.6813604880177477
200,3,c_proj.weight,614.6308442874241
200,3,c_fc.weight,2.9808938489984045
200,3,c_proj.weight,2.974321613703396
200,4,c_attn.weight,3.6480159355426074
200,4,c_proj.weight,355.5323522373486
200,4,c_fc.weight,2.961829289172251
200,4,c_proj.weight,2.9294535369643055
200,5,c_attn.weight,3.6914867318178
200,5,c_proj.weight,886.1745564564096
200,5,c_fc.weight,2.9812230124586234
200,5,c_proj.weight,2.984731727052601
100,0,c_attn.weight,3.7116191439883006
100,0,c_proj.weight,822.8681244244419
100,0,c_fc.weight,2.9500795805312343
100,0,c_proj.weight,2.985417093227811
100,1,c_attn.weight,3.6394756999362587
100,1,c_proj.weight,10171.42111219008
100,1,c_fc.weight,2.9855833242304497
100,1,c_proj.weight,2.915392820236767
100,2,c_attn.weight,3.7134139152470556
100,2,c_proj.weight,693.2775215906347
100,2,c_fc.weight,2.9409817842291637
100,2,c_proj.weight,2.950371276150357
100,3,c_attn.weight,3.681288845232828
100,3,c_proj.weight,828.1861599650118
100,3,c_fc.weight,2.9809878845620164
100,3,c_proj.weight,2.969213145069381
100,4,c_attn.weight,3.647752716780414
100,4,c_proj.weight,392.158588229551
100,4,c_fc.weight,2.9620713514823245
100,4,c_proj.weight,2.93202938062935
100,5,c_attn.weight,3.6914816600071094
100,5,c_proj.weight,822.6439172280207
100,5,c_fc.weight,2.9814997724740713
100,5,c_proj.weight,2.9909678898636742
