iter,block,param_type,value
0,0,ln1,0.017133720219135284
0,0,attn_qkv,0.7612454891204834
0,0,attn_proj,2.598083972930908
0,0,ln2,0.016432490199804306
0,0,mlp_fc,0.898635983467102
0,0,mlp_proj,4.068049907684326
0,1,ln1,0.014309398829936981
0,1,attn_qkv,0.6937984824180603
0,1,attn_proj,2.3788199424743652
0,1,ln2,0.014912856742739677
0,1,mlp_fc,0.746441662311554
0,1,mlp_proj,3.0850441455841064
0,2,ln1,0.012143728323280811
0,2,attn_qkv,0.6382868885993958
0,2,attn_proj,2.0726892948150635
0,2,ln2,0.012612035498023033
0,2,mlp_fc,0.6739774346351624
0,2,mlp_proj,2.841599941253662
0,3,ln1,0.010516858659684658
0,3,attn_qkv,0.5740432739257812
0,3,attn_proj,2.083254337310791
0,3,ln2,0.012827522121369839
0,3,mlp_fc,0.6340072751045227
0,3,mlp_proj,2.5277459621429443
0,4,ln1,0.011319540441036224
0,4,attn_qkv,0.5093865394592285
0,4,attn_proj,1.833225965499878
0,4,ln2,0.01201066467911005
0,4,mlp_fc,0.5870782136917114
0,4,mlp_proj,2.302046775817871
0,5,ln1,0.009975739754736423
0,5,attn_qkv,0.45294877886772156
0,5,attn_proj,1.588693380355835
0,5,ln2,0.010507560335099697
0,5,mlp_fc,0.5249325037002563
0,5,mlp_proj,2.040832996368408
100,0,ln1,0.005482169333845377
100,0,attn_qkv,0.17187151312828064
100,0,attn_proj,0.17478692531585693
100,0,ln2,0.004833081271499395
100,0,mlp_fc,0.08277779072523117
100,0,mlp_proj,0.16400635242462158
100,1,ln1,0.0005788973066955805
100,1,attn_qkv,0.021283544600009918
100,1,attn_proj,0.04097558930516243
100,1,ln2,0.0025112652219831944
100,1,mlp_fc,0.05221909284591675
100,1,mlp_proj,0.1238960400223732
100,2,ln1,0.00042894750367850065
100,2,attn_qkv,0.014663348905742168
100,2,attn_proj,0.026188494637608528
100,2,ln2,0.0016976409824565053
100,2,mlp_fc,0.04039781540632248
100,2,mlp_proj,0.10653131455183029
100,3,ln1,0.0005872429464943707
100,3,attn_qkv,0.017902404069900513
100,3,attn_proj,0.035041820257902145
100,3,ln2,0.0014944918220862746
100,3,mlp_fc,0.03589307516813278
100,3,mlp_proj,0.09639833122491837
100,4,ln1,0.0006206785910762846
100,4,attn_qkv,0.02004603110253811
100,4,attn_proj,0.044973988085985184
100,4,ln2,0.0014081100234761834
100,4,mlp_fc,0.03469223901629448
100,4,mlp_proj,0.09168518334627151
100,5,ln1,0.0007213581702671945
100,5,attn_qkv,0.023829564452171326
100,5,attn_proj,0.06010865047574043
100,5,ln2,0.001352965016849339
100,5,mlp_fc,0.03228837624192238
100,5,mlp_proj,0.08296757936477661
0,0,ln1,0.017133720219135284
0,0,attn_qkv,0.7612454891204834
0,0,attn_proj,2.598083972930908
0,0,ln2,0.016432490199804306
0,0,mlp_fc,0.898635983467102
0,0,mlp_proj,4.068049907684326
0,1,ln1,0.014309398829936981
0,1,attn_qkv,0.6937984824180603
0,1,attn_proj,2.3788199424743652
0,1,ln2,0.014912856742739677
0,1,mlp_fc,0.746441662311554
0,1,mlp_proj,3.0850441455841064
0,2,ln1,0.012143728323280811
0,2,attn_qkv,0.6382868885993958
0,2,attn_proj,2.0726892948150635
0,2,ln2,0.012612035498023033
0,2,mlp_fc,0.6739774346351624
0,2,mlp_proj,2.841599941253662
0,3,ln1,0.010516858659684658
0,3,attn_qkv,0.5740432739257812
0,3,attn_proj,2.083254337310791
0,3,ln2,0.012827522121369839
0,3,mlp_fc,0.6340072751045227
0,3,mlp_proj,2.5277459621429443
0,4,ln1,0.011319540441036224
0,4,attn_qkv,0.5093865394592285
0,4,attn_proj,1.833225965499878
0,4,ln2,0.01201066467911005
0,4,mlp_fc,0.5870782136917114
0,4,mlp_proj,2.302046775817871
0,5,ln1,0.009975739754736423
0,5,attn_qkv,0.45294877886772156
0,5,attn_proj,1.588693380355835
0,5,ln2,0.010507560335099697
0,5,mlp_fc,0.5249325037002563
0,5,mlp_proj,2.040832996368408
200,0,ln1,0.004502490162849426
200,0,attn_qkv,0.12435854971408844
200,0,attn_proj,0.1337326169013977
200,0,ln2,0.003583465935662389
200,0,mlp_fc,0.055541712790727615
200,0,mlp_proj,0.09566337615251541
200,1,ln1,0.0007322707679122686
200,1,attn_qkv,0.017688272520899773
200,1,attn_proj,0.026633569970726967
200,1,ln2,0.0017418545903638005
200,1,mlp_fc,0.03234104812145233
200,1,mlp_proj,0.06639868766069412
200,2,ln1,0.0007261782884597778
200,2,attn_qkv,0.01742078736424446
200,2,attn_proj,0.0240329597145319
200,2,ln2,0.0012539129238575697
200,2,mlp_fc,0.024296551942825317
200,2,mlp_proj,0.05640317127108574
200,3,ln1,0.0007880330085754395
200,3,attn_qkv,0.01808842457830906
200,3,attn_proj,0.02472480572760105
200,3,ln2,0.0008479083771817386
200,3,mlp_fc,0.01981622911989689
200,3,mlp_proj,0.05073809251189232
200,4,ln1,0.0006321501568891108
200,4,attn_qkv,0.015065540559589863
200,4,attn_proj,0.027059508487582207
200,4,ln2,0.0008064782014116645
200,4,mlp_fc,0.018517877906560898
200,4,mlp_proj,0.044945646077394485
200,5,ln1,0.0009155991137959063
200,5,attn_qkv,0.018272308632731438
200,5,attn_proj,0.028190238401293755
200,5,ln2,0.0007687052711844444
200,5,mlp_fc,0.018129177391529083
200,5,mlp_proj,0.03959310054779053
0,0,ln1,0.017133720219135284
0,0,attn_qkv,0.7612454891204834
0,0,attn_proj,2.598083972930908
0,0,ln2,0.016432490199804306
0,0,mlp_fc,0.898635983467102
0,0,mlp_proj,4.068049907684326
0,1,ln1,0.014309398829936981
0,1,attn_qkv,0.6937984824180603
0,1,attn_proj,2.3788199424743652
0,1,ln2,0.014912856742739677
0,1,mlp_fc,0.746441662311554
0,1,mlp_proj,3.0850441455841064
0,2,ln1,0.012143728323280811
0,2,attn_qkv,0.6382868885993958
0,2,attn_proj,2.0726892948150635
0,2,ln2,0.012612035498023033
0,2,mlp_fc,0.6739774346351624
0,2,mlp_proj,2.841599941253662
0,3,ln1,0.010516858659684658
0,3,attn_qkv,0.5740432739257812
0,3,attn_proj,2.083254337310791
0,3,ln2,0.012827522121369839
0,3,mlp_fc,0.6340072751045227
0,3,mlp_proj,2.5277459621429443
0,4,ln1,0.011319540441036224
0,4,attn_qkv,0.5093865394592285
0,4,attn_proj,1.833225965499878
0,4,ln2,0.01201066467911005
0,4,mlp_fc,0.5870782136917114
0,4,mlp_proj,2.302046775817871
0,5,ln1,0.009975739754736423
0,5,attn_qkv,0.45294877886772156
0,5,attn_proj,1.588693380355835
0,5,ln2,0.010507560335099697
0,5,mlp_fc,0.5249325037002563
0,5,mlp_proj,2.040832996368408
100,0,ln1,0.005477897357195616
100,0,attn_qkv,0.17191855609416962
100,0,attn_proj,0.17474907636642456
100,0,ln2,0.00483738211914897
100,0,mlp_fc,0.08280602842569351
100,0,mlp_proj,0.16402949392795563
100,1,ln1,0.000580038467887789
100,1,attn_qkv,0.02129422500729561
100,1,attn_proj,0.0410209484398365
100,1,ln2,0.00250981911085546
100,1,mlp_fc,0.05220204219222069
100,1,mlp_proj,0.12390139698982239
100,2,ln1,0.000429798528784886
100,2,attn_qkv,0.014655440114438534
100,2,attn_proj,0.026124412193894386
100,2,ln2,0.0016936491010710597
100,2,mlp_fc,0.040376145392656326
100,2,mlp_proj,0.10649088770151138
100,3,ln1,0.000588288763538003
100,3,attn_qkv,0.017884882166981697
100,3,attn_proj,0.035035669803619385
100,3,ln2,0.001490825554355979
100,3,mlp_fc,0.035861700773239136
100,3,mlp_proj,0.09631112962961197
100,4,ln1,0.0006198726478032768
100,4,attn_qkv,0.020038971677422523
100,4,attn_proj,0.04494253173470497
100,4,ln2,0.0014066442381590605
100,4,mlp_fc,0.03467768803238869
100,4,mlp_proj,0.09161945432424545
100,5,ln1,0.000719509378541261
100,5,attn_qkv,0.023816918954253197
100,5,attn_proj,0.060061752796173096
100,5,ln2,0.0013496605679392815
100,5,mlp_fc,0.03225506842136383
100,5,mlp_proj,0.08287746459245682
0,0,ln1,0.017133720219135284
0,0,attn_qkv,0.7612454891204834
0,0,attn_proj,2.598083972930908
0,0,ln2,0.016432490199804306
0,0,mlp_fc,0.898635983467102
0,0,mlp_proj,4.068049907684326
0,1,ln1,0.014309398829936981
0,1,attn_qkv,0.6937984824180603
0,1,attn_proj,2.3788199424743652
0,1,ln2,0.014912856742739677
0,1,mlp_fc,0.746441662311554
0,1,mlp_proj,3.0850441455841064
0,2,ln1,0.012143728323280811
0,2,attn_qkv,0.6382868885993958
0,2,attn_proj,2.0726892948150635
0,2,ln2,0.012612035498023033
0,2,mlp_fc,0.6739774346351624
0,2,mlp_proj,2.841599941253662
0,3,ln1,0.010516858659684658
0,3,attn_qkv,0.5740432739257812
0,3,attn_proj,2.083254337310791
0,3,ln2,0.012827522121369839
0,3,mlp_fc,0.6340072751045227
0,3,mlp_proj,2.5277459621429443
0,4,ln1,0.011319540441036224
0,4,attn_qkv,0.5093865394592285
0,4,attn_proj,1.833225965499878
0,4,ln2,0.01201066467911005
0,4,mlp_fc,0.5870782136917114
0,4,mlp_proj,2.302046775817871
0,5,ln1,0.009975739754736423
0,5,attn_qkv,0.45294877886772156
0,5,attn_proj,1.588693380355835
0,5,ln2,0.010507560335099697
0,5,mlp_fc,0.5249325037002563
0,5,mlp_proj,2.040832996368408
100,0,ln1,0.005468422081321478
100,0,attn_qkv,0.17158468067646027
100,0,attn_proj,0.174533873796463
100,0,ln2,0.004832505248486996
100,0,mlp_fc,0.0826987624168396
100,0,mlp_proj,0.16380825638771057
100,1,ln1,0.0005774206947535276
100,1,attn_qkv,0.021224001422524452
100,1,attn_proj,0.04092629626393318
100,1,ln2,0.002507217926904559
100,1,mlp_fc,0.052125658839941025
100,1,mlp_proj,0.12371338903903961
100,2,ln1,0.0004294962272979319
100,2,attn_qkv,0.01463397964835167
100,2,attn_proj,0.026110051199793816
100,2,ln2,0.0016913642175495625
100,2,mlp_fc,0.04031433165073395
100,2,mlp_proj,0.10638611763715744
100,3,ln1,0.0005861040554009378
100,3,attn_qkv,0.01787618175148964
100,3,attn_proj,0.034998830407857895
100,3,ln2,0.0014903837582096457
100,3,mlp_fc,0.03582679107785225
100,3,mlp_proj,0.09628474712371826
100,4,ln1,0.0006197049515321851
100,4,attn_qkv,0.020024944096803665
100,4,attn_proj,0.044946201145648956
100,4,ln2,0.001406357274390757
100,4,mlp_fc,0.03464338183403015
100,4,mlp_proj,0.09158089011907578
100,5,ln1,0.000718072522431612
100,5,attn_qkv,0.023794302716851234
100,5,attn_proj,0.06008952111005783
100,5,ln2,0.0013500283239409328
100,5,mlp_fc,0.03224334120750427
100,5,mlp_proj,0.08288924396038055
200,0,ln1,0.0044991858303546906
200,0,attn_qkv,0.12643001973628998
200,0,attn_proj,0.13832169771194458
200,0,ln2,0.00361360190436244
200,0,mlp_fc,0.05608751252293587
200,0,mlp_proj,0.09693416953086853
200,1,ln1,0.0007401409093290567
200,1,attn_qkv,0.018427113071084023
200,1,attn_proj,0.02840970829129219
200,1,ln2,0.0017676819115877151
200,1,mlp_fc,0.03272688761353493
200,1,mlp_proj,0.06695328652858734
200,2,ln1,0.0007680955459363759
200,2,attn_qkv,0.018687015399336815
200,2,attn_proj,0.023555811494588852
200,2,ln2,0.0012687983689829707
200,2,mlp_fc,0.02458360232412815
200,2,mlp_proj,0.05679800733923912
200,3,ln1,0.0008209362276829779
200,3,attn_qkv,0.01838289387524128
200,3,attn_proj,0.02533966489136219
200,3,ln2,0.0008537057437933981
200,3,mlp_fc,0.020055267959833145
200,3,mlp_proj,0.05108039453625679
200,4,ln1,0.0006362967542372644
200,4,attn_qkv,0.014978920109570026
200,4,attn_proj,0.027322160080075264
200,4,ln2,0.0008042924455367029
200,4,mlp_fc,0.018640704452991486
200,4,mlp_proj,0.0451442115008831
200,5,ln1,0.0008791123982518911
200,5,attn_qkv,0.01767890900373459
200,5,attn_proj,0.0282821673899889
200,5,ln2,0.0007611561450175941
200,5,mlp_fc,0.018115419894456863
200,5,mlp_proj,0.03974001109600067
100,0,ln1,0.014164752326905727
100,0,attn_qkv,0.3070330321788788
100,0,attn_proj,0.30152812600135803
100,0,ln2,0.006980131380259991
100,0,mlp_fc,0.1112302616238594
100,0,mlp_proj,0.2124309241771698
100,1,ln1,0.0008195725386030972
100,1,attn_qkv,0.027673264965415
100,1,attn_proj,0.04946281388401985
100,1,ln2,0.003731771605089307
100,1,mlp_fc,0.07007725536823273
100,1,mlp_proj,0.15760967135429382
100,2,ln1,0.0005720087792724371
100,2,attn_qkv,0.01805184781551361
100,2,attn_proj,0.03048711270093918
100,2,ln2,0.0026804546359926462
100,2,mlp_fc,0.05233697593212128
100,2,mlp_proj,0.12425992637872696
100,3,ln1,0.0005275739240460098
100,3,attn_qkv,0.019269734621047974
100,3,attn_proj,0.037920501083135605
100,3,ln2,0.0020330778788775206
100,3,mlp_fc,0.04347020015120506
100,3,mlp_proj,0.10444559156894684
100,4,ln1,0.0008674138225615025
100,4,attn_qkv,0.02514525130391121
100,4,attn_proj,0.046476323157548904
100,4,ln2,0.0016990015283226967
100,4,mlp_fc,0.039547596126794815
100,4,mlp_proj,0.09663881361484528
100,5,ln1,0.000905502587556839
100,5,attn_qkv,0.025870466604828835
100,5,attn_proj,0.0545070618391037
100,5,ln2,0.0016681523993611336
100,5,mlp_fc,0.03844689205288887
100,5,mlp_proj,0.08457162231206894
0,0,ln1,0.017133720219135284
0,0,attn_qkv,0.7612454891204834
0,0,attn_proj,2.598083972930908
0,0,ln2,0.016432490199804306
0,0,mlp_fc,0.898635983467102
0,0,mlp_proj,4.068049907684326
0,1,ln1,0.014309398829936981
0,1,attn_qkv,0.6937984824180603
0,1,attn_proj,2.3788199424743652
0,1,ln2,0.014912856742739677
0,1,mlp_fc,0.746441662311554
0,1,mlp_proj,3.0850441455841064
0,2,ln1,0.012143728323280811
0,2,attn_qkv,0.6382868885993958
0,2,attn_proj,2.0726892948150635
0,2,ln2,0.012612035498023033
0,2,mlp_fc,0.6739774346351624
0,2,mlp_proj,2.841599941253662
0,3,ln1,0.010516858659684658
0,3,attn_qkv,0.5740432739257812
0,3,attn_proj,2.083254337310791
0,3,ln2,0.012827522121369839
0,3,mlp_fc,0.6340072751045227
0,3,mlp_proj,2.5277459621429443
0,4,ln1,0.011319540441036224
0,4,attn_qkv,0.5093865394592285
0,4,attn_proj,1.833225965499878
0,4,ln2,0.01201066467911005
0,4,mlp_fc,0.5870782136917114
0,4,mlp_proj,2.302046775817871
0,5,ln1,0.009975739754736423
0,5,attn_qkv,0.45294877886772156
0,5,attn_proj,1.588693380355835
0,5,ln2,0.010507560335099697
0,5,mlp_fc,0.5249325037002563
0,5,mlp_proj,2.040832996368408
200,0,ln1,0.008259677328169346
200,0,attn_qkv,0.2102023959159851
200,0,attn_proj,0.14211022853851318
200,0,ln2,0.004388363566249609
200,0,mlp_fc,0.0624917671084404
200,0,mlp_proj,0.11881308257579803
200,1,ln1,0.001486699446104467
200,1,attn_qkv,0.03062387742102146
200,1,attn_proj,0.027967050671577454
200,1,ln2,0.0024757911451160908
200,1,mlp_fc,0.042629536241292953
200,1,mlp_proj,0.09514963626861572
200,2,ln1,0.0007594438502565026
200,2,attn_qkv,0.018059182912111282
200,2,attn_proj,0.02595401741564274
200,2,ln2,0.0017713878769427538
200,2,mlp_fc,0.033537670969963074
200,2,mlp_proj,0.08061883598566055
200,3,ln1,0.000927211542148143
200,3,attn_qkv,0.022208964452147484
200,3,attn_proj,0.03400946781039238
200,3,ln2,0.0017756996676325798
200,3,mlp_fc,0.030295271426439285
200,3,mlp_proj,0.07212226092815399
200,4,ln1,0.001016518333926797
200,4,attn_qkv,0.024534201249480247
200,4,attn_proj,0.03758137673139572
200,4,ln2,0.0016615751665085554
200,4,mlp_fc,0.029172653332352638
200,4,mlp_proj,0.06329531967639923
200,5,ln1,0.0015701809898018837
200,5,attn_qkv,0.03631375730037689
200,5,attn_proj,0.04041219502687454
200,5,ln2,0.0016511880094185472
200,5,mlp_fc,0.029898688197135925
200,5,mlp_proj,0.054916128516197205
100,0,ln1,0.014126409776508808
100,0,attn_qkv,0.30621951818466187
100,0,attn_proj,0.3008352816104889
100,0,ln2,0.006969415582716465
100,0,mlp_fc,0.11111822724342346
100,0,mlp_proj,0.21215592324733734
100,1,ln1,0.0008178662974387407
100,1,attn_qkv,0.027622519060969353
100,1,attn_proj,0.04940677061676979
100,1,ln2,0.0037263312842696905
100,1,mlp_fc,0.06998758763074875
100,1,mlp_proj,0.1574447602033615
100,2,ln1,0.0005714913713745773
100,2,attn_qkv,0.018026821315288544
100,2,attn_proj,0.03042636811733246
100,2,ln2,0.0026754692662507296
100,2,mlp_fc,0.0522773377597332
100,2,mlp_proj,0.12413131445646286
100,3,ln1,0.0005270099500194192
100,3,attn_qkv,0.019253509119153023
100,3,attn_proj,0.037883978337049484
100,3,ln2,0.002029341645538807
100,3,mlp_fc,0.04341665655374527
100,3,mlp_proj,0.10434170067310333
100,4,ln1,0.0008644416811875999
100,4,attn_qkv,0.02507549524307251
100,4,attn_proj,0.046418365091085434
100,4,ln2,0.0016974308528006077
100,4,mlp_fc,0.0395076759159565
100,4,mlp_proj,0.09655441343784332
100,5,ln1,0.0009024968603625894
100,5,attn_qkv,0.025789188221096992
100,5,attn_proj,0.05439131706953049
100,5,ln2,0.0016653005732223392
100,5,mlp_fc,0.03839524835348129
100,5,mlp_proj,0.08450455218553543
200,0,ln1,0.004561624024063349
200,0,attn_qkv,0.12517333030700684
200,0,attn_proj,0.13635510206222534
200,0,ln2,0.0035174761433154345
200,0,mlp_fc,0.055307548493146896
200,0,mlp_proj,0.09504299610853195
200,1,ln1,0.0007121576345525682
200,1,attn_qkv,0.017617957666516304
200,1,attn_proj,0.02730407565832138
200,1,ln2,0.0017315938603132963
200,1,mlp_fc,0.031947944313287735
200,1,mlp_proj,0.06553272902965546
200,2,ln1,0.0007011227426119149
200,2,attn_qkv,0.01674991101026535
200,2,attn_proj,0.021373040974140167
200,2,ln2,0.0012481907615438104
200,2,mlp_fc,0.024063946679234505
200,2,mlp_proj,0.05610200762748718
200,3,ln1,0.0007460222113877535
200,3,attn_qkv,0.017106259241700172
200,3,attn_proj,0.0244926568120718
200,3,ln2,0.0008411100716330111
200,3,mlp_fc,0.019619395956397057
200,3,mlp_proj,0.05041448771953583
200,4,ln1,0.0006346625159494579
200,4,attn_qkv,0.014881053008139133
200,4,attn_proj,0.0266034584492445
200,4,ln2,0.0007854248397052288
200,4,mlp_fc,0.018131598830223083
200,4,mlp_proj,0.04442014917731285
200,5,ln1,0.0008515902445651591
200,5,attn_qkv,0.017301639541983604
200,5,attn_proj,0.027793679386377335
200,5,ln2,0.0007481625070795417
200,5,mlp_fc,0.017683308571577072
200,5,mlp_proj,0.03917008265852928
200,0,ln1,0.008361714892089367
200,0,attn_qkv,0.21210843324661255
200,0,attn_proj,0.14230863749980927
200,0,ln2,0.00440429849550128
200,0,mlp_fc,0.06277251243591309
200,0,mlp_proj,0.11972520500421524
200,1,ln1,0.0014986294554546475
200,1,attn_qkv,0.031005656346678734
200,1,attn_proj,0.028127916157245636
200,1,ln2,0.0025005473289638758
200,1,mlp_fc,0.042984768748283386
200,1,mlp_proj,0.09578622132539749
200,2,ln1,0.0007625407888554037
200,2,attn_qkv,0.018258776515722275
200,2,attn_proj,0.026283828541636467
200,2,ln2,0.0017952813068404794
200,2,mlp_fc,0.0338306799530983
200,2,mlp_proj,0.08118031173944473
200,3,ln1,0.0008878330700099468
200,3,attn_qkv,0.021651679649949074
200,3,attn_proj,0.034525156021118164
200,3,ln2,0.001798212993890047
200,3,mlp_fc,0.03052510879933834
200,3,mlp_proj,0.07233649492263794
200,4,ln1,0.0010303386952728033
200,4,attn_qkv,0.024875670671463013
200,4,attn_proj,0.03760900720953941
200,4,ln2,0.0016839953605085611
200,4,mlp_fc,0.029448311775922775
200,4,mlp_proj,0.06340694427490234
200,5,ln1,0.001645097159780562
200,5,attn_qkv,0.03731997311115265
200,5,attn_proj,0.03947431221604347
200,5,ln2,0.0016718468395993114
200,5,mlp_fc,0.030182426795363426
200,5,mlp_proj,0.05506465211510658
0,0,ln1,0.017133720219135284
0,0,attn_qkv,0.7612454891204834
0,0,attn_proj,2.598083972930908
0,0,ln2,0.016432490199804306
0,0,mlp_fc,0.898635983467102
0,0,mlp_proj,4.068049907684326
0,1,ln1,0.014309398829936981
0,1,attn_qkv,0.6937984824180603
0,1,attn_proj,2.3788199424743652
0,1,ln2,0.014912856742739677
0,1,mlp_fc,0.746441662311554
0,1,mlp_proj,3.0850441455841064
0,2,ln1,0.012143728323280811
0,2,attn_qkv,0.6382868885993958
0,2,attn_proj,2.0726892948150635
0,2,ln2,0.012612035498023033
0,2,mlp_fc,0.6739774346351624
0,2,mlp_proj,2.841599941253662
0,3,ln1,0.010516858659684658
0,3,attn_qkv,0.5740432739257812
0,3,attn_proj,2.083254337310791
0,3,ln2,0.012827522121369839
0,3,mlp_fc,0.6340072751045227
0,3,mlp_proj,2.5277459621429443
0,4,ln1,0.011319540441036224
0,4,attn_qkv,0.5093865394592285
0,4,attn_proj,1.833225965499878
0,4,ln2,0.01201066467911005
0,4,mlp_fc,0.5870782136917114
0,4,mlp_proj,2.302046775817871
0,5,ln1,0.009975739754736423
0,5,attn_qkv,0.45294877886772156
0,5,attn_proj,1.588693380355835
0,5,ln2,0.010507560335099697
0,5,mlp_fc,0.5249325037002563
0,5,mlp_proj,2.040832996368408
0,0,ln1,0.017133720219135284
0,0,attn_qkv,0.7612454891204834
0,0,attn_proj,2.598083972930908
0,0,ln2,0.016432490199804306
0,0,mlp_fc,0.898635983467102
0,0,mlp_proj,4.068049907684326
0,1,ln1,0.014309398829936981
0,1,attn_qkv,0.6937984824180603
0,1,attn_proj,2.3788199424743652
0,1,ln2,0.014912856742739677
0,1,mlp_fc,0.746441662311554
0,1,mlp_proj,3.0850441455841064
0,2,ln1,0.012143728323280811
0,2,attn_qkv,0.6382868885993958
0,2,attn_proj,2.0726892948150635
0,2,ln2,0.012612035498023033
0,2,mlp_fc,0.6739774346351624
0,2,mlp_proj,2.841599941253662
0,3,ln1,0.010516858659684658
0,3,attn_qkv,0.5740432739257812
0,3,attn_proj,2.083254337310791
0,3,ln2,0.012827522121369839
0,3,mlp_fc,0.6340072751045227
0,3,mlp_proj,2.5277459621429443
0,4,ln1,0.011319540441036224
0,4,attn_qkv,0.5093865394592285
0,4,attn_proj,1.833225965499878
0,4,ln2,0.01201066467911005
0,4,mlp_fc,0.5870782136917114
0,4,mlp_proj,2.302046775817871
0,5,ln1,0.009975739754736423
0,5,attn_qkv,0.45294877886772156
0,5,attn_proj,1.588693380355835
0,5,ln2,0.010507560335099697
0,5,mlp_fc,0.5249325037002563
0,5,mlp_proj,2.040832996368408
0,0,ln1,0.017133720219135284
0,0,attn_qkv,0.7612454891204834
0,0,attn_proj,2.598083972930908
0,0,ln2,0.016432490199804306
0,0,mlp_fc,0.898635983467102
0,0,mlp_proj,4.068049907684326
0,1,ln1,0.014309398829936981
0,1,attn_qkv,0.6937984824180603
0,1,attn_proj,2.3788199424743652
0,1,ln2,0.014912856742739677
0,1,mlp_fc,0.746441662311554
0,1,mlp_proj,3.0850441455841064
0,2,ln1,0.012143728323280811
0,2,attn_qkv,0.6382868885993958
0,2,attn_proj,2.0726892948150635
0,2,ln2,0.012612035498023033
0,2,mlp_fc,0.6739774346351624
0,2,mlp_proj,2.841599941253662
0,3,ln1,0.010516858659684658
0,3,attn_qkv,0.5740432739257812
0,3,attn_proj,2.083254337310791
0,3,ln2,0.012827522121369839
0,3,mlp_fc,0.6340072751045227
0,3,mlp_proj,2.5277459621429443
0,4,ln1,0.011319540441036224
0,4,attn_qkv,0.5093865394592285
0,4,attn_proj,1.833225965499878
0,4,ln2,0.01201066467911005
0,4,mlp_fc,0.5870782136917114
0,4,mlp_proj,2.302046775817871
0,5,ln1,0.009975739754736423
0,5,attn_qkv,0.45294877886772156
0,5,attn_proj,1.588693380355835
0,5,ln2,0.010507560335099697
0,5,mlp_fc,0.5249325037002563
0,5,mlp_proj,2.040832996368408
100,0,ln1,0.014182424172759056
100,0,attn_qkv,0.30733925104141235
100,0,attn_proj,0.3017215430736542
100,0,ln2,0.006975544150918722
100,0,mlp_fc,0.11124340444803238
100,0,mlp_proj,0.21251912415027618
100,1,ln1,0.0008218907751142979
100,1,attn_qkv,0.027750812470912933
100,1,attn_proj,0.049579717218875885
100,1,ln2,0.003734404221177101
100,1,mlp_fc,0.07012525200843811
100,1,mlp_proj,0.15772990882396698
100,2,ln1,0.0005753706791438162
100,2,attn_qkv,0.0181112103164196
100,2,attn_proj,0.030547920614480972
100,2,ln2,0.0026826008688658476
100,2,mlp_fc,0.05238199979066849
100,2,mlp_proj,0.1243305504322052
100,3,ln1,0.0005288939573802054
100,3,attn_qkv,0.019318796694278717
100,3,attn_proj,0.03797735273838043
100,3,ln2,0.0020348106045275927
100,3,mlp_fc,0.04352127015590668
100,3,mlp_proj,0.10451331734657288
100,4,ln1,0.0008667088695801795
100,4,attn_qkv,0.02514031156897545
100,4,attn_proj,0.04655023664236069
100,4,ln2,0.0017000550869852304
100,4,mlp_fc,0.03958545997738838
100,4,mlp_proj,0.09671446681022644
100,5,ln1,0.0009048886713571846
100,5,attn_qkv,0.02586006000638008
100,5,attn_proj,0.0545489601790905
100,5,ln2,0.0016693408833816648
100,5,mlp_fc,0.03847822919487953
100,5,mlp_proj,0.08459994196891785
100,0,ln1,0.014194080606102943
100,0,attn_qkv,0.30738043785095215
100,0,attn_proj,0.301865816116333
100,0,ln2,0.0069790249690413475
100,0,mlp_fc,0.11121397465467453
100,0,mlp_proj,0.2124229520559311
100,1,ln1,0.0008190153748728335
100,1,attn_qkv,0.02764843963086605
100,1,attn_proj,0.04952239990234375
100,1,ln2,0.003732243785634637
100,1,mlp_fc,0.07007068395614624
100,1,mlp_proj,0.15757796168327332
100,2,ln1,0.0005718310130760074
100,2,attn_qkv,0.018038898706436157
100,2,attn_proj,0.03051261231303215
100,2,ln2,0.0026825028471648693
100,2,mlp_fc,0.05235323682427406
100,2,mlp_proj,0.12424386292695999
100,3,ln1,0.0005283725331537426
100,3,attn_qkv,0.019296465441584587
100,3,attn_proj,0.037959471344947815
100,3,ln2,0.002032739808782935
100,3,mlp_fc,0.04346661642193794
100,3,mlp_proj,0.10437358170747757
100,4,ln1,0.0008691726834513247
100,4,attn_qkv,0.02519523911178112
100,4,attn_proj,0.04653153195977211
100,4,ln2,0.0016966323601081967
100,4,mlp_fc,0.03952688351273537
100,4,mlp_proj,0.09654494374990463
100,5,ln1,0.0009067317005246878
100,5,attn_qkv,0.025913838297128677
100,5,attn_proj,0.054542671889066696
100,5,ln2,0.0016623218543827534
100,5,mlp_fc,0.03837968409061432
100,5,mlp_proj,0.08445081859827042
100,0,ln1,0.014227354899048805
100,0,attn_qkv,0.30831021070480347
100,0,attn_proj,0.30227968096733093
100,0,ln2,0.0069940220564603806
100,0,mlp_fc,0.11147751659154892
100,0,mlp_proj,0.21301676332950592
100,1,ln1,0.0008241107570938766
100,1,attn_qkv,0.027810346335172653
100,1,attn_proj,0.049709856510162354
100,1,ln2,0.003742742585018277
100,1,mlp_fc,0.0703059732913971
100,1,mlp_proj,0.1580802947282791
100,2,ln1,0.0005771773285232484
100,2,attn_qkv,0.01817818358540535
100,2,attn_proj,0.03064465895295143
100,2,ln2,0.0026894984766840935
100,2,mlp_fc,0.052521198987960815
100,2,mlp_proj,0.12461060285568237
100,3,ln1,0.0005310066626407206
100,3,attn_qkv,0.019392570480704308
100,3,attn_proj,0.03809269890189171
100,3,ln2,0.0020388741977512836
100,3,mlp_fc,0.04362570494413376
100,3,mlp_proj,0.10474304854869843
100,4,ln1,0.0008723928476683795
100,4,attn_qkv,0.025289729237556458
100,4,attn_proj,0.046732135117053986
100,4,ln2,0.0017048176378011703
100,4,mlp_fc,0.0396900400519371
100,4,mlp_proj,0.09694056212902069
100,5,ln1,0.0009107436635531485
100,5,attn_qkv,0.026021812111139297
100,5,attn_proj,0.054812390357255936
100,5,ln2,0.001673810533247888
100,5,mlp_fc,0.038593824952840805
100,5,mlp_proj,0.08479861170053482
200,0,ln1,0.008297809399664402
200,0,attn_qkv,0.21039694547653198
200,0,attn_proj,0.14211253821849823
200,0,ln2,0.004390066023916006
200,0,mlp_fc,0.06252774596214294
200,0,mlp_proj,0.1189504861831665
200,1,ln1,0.0014821735676378012
200,1,attn_qkv,0.03068397380411625
200,1,attn_proj,0.02791457250714302
200,1,ln2,0.002486323704943061
200,1,mlp_fc,0.04272693023085594
200,1,mlp_proj,0.0952015295624733
200,2,ln1,0.0007542818202637136
200,2,attn_qkv,0.018040869385004044
200,2,attn_proj,0.02595621533691883
200,2,ln2,0.00177344074472785
200,2,mlp_fc,0.03354096785187721
200,2,mlp_proj,0.08054954558610916
200,3,ln1,0.0008650012314319611
200,3,attn_qkv,0.02152368426322937
200,3,attn_proj,0.034363869577646255
200,3,ln2,0.001770271803252399
200,3,mlp_fc,0.030191080644726753
200,3,mlp_proj,0.07200353592634201
200,4,ln1,0.001016591559164226
200,4,attn_qkv,0.024480339139699936
200,4,attn_proj,0.03761029243469238
200,4,ln2,0.0016588990110903978
200,4,mlp_fc,0.02911330945789814
200,4,mlp_proj,0.0631125271320343
200,5,ln1,0.0015756710199639201
200,5,attn_qkv,0.036299850791692734
200,5,attn_proj,0.04009215906262398
200,5,ln2,0.0016499763587489724
200,5,mlp_fc,0.029860571026802063
200,5,mlp_proj,0.0547347329556942
200,0,ln1,0.008398394100368023
200,0,attn_qkv,0.21227334439754486
200,0,attn_proj,0.14345090091228485
200,0,ln2,0.004414811264723539
200,0,mlp_fc,0.06293470412492752
200,0,mlp_proj,0.1197357103228569
200,1,ln1,0.001508246292360127
200,1,attn_qkv,0.031156025826931
200,1,attn_proj,0.028218843042850494
200,1,ln2,0.0025099224876612425
200,1,mlp_fc,0.04301723465323448
200,1,mlp_proj,0.09553291648626328
200,2,ln1,0.0007758854771964252
200,2,attn_qkv,0.01841718517243862
200,2,attn_proj,0.02627665549516678
200,2,ln2,0.001784337917342782
200,2,mlp_fc,0.03381866216659546
200,2,mlp_proj,0.0808459147810936
200,3,ln1,0.0009447181946597993
200,3,attn_qkv,0.02259001135826111
200,3,attn_proj,0.0344870388507843
200,3,ln2,0.0017952934140339494
200,3,mlp_fc,0.03057481162250042
200,3,mlp_proj,0.07229084521532059
200,4,ln1,0.0010632782941684127
200,4,attn_qkv,0.025101086124777794
200,4,attn_proj,0.03815812990069389
200,4,ln2,0.0016889928374439478
200,4,mlp_fc,0.02955903857946396
200,4,mlp_proj,0.06345989555120468
200,5,ln1,0.0016891236882656813
200,5,attn_qkv,0.03826179355382919
200,5,attn_proj,0.04006221890449524
200,5,ln2,0.0016754757380113006
200,5,mlp_fc,0.030286943539977074
200,5,mlp_proj,0.055265262722969055
200,0,ln1,0.008297012187540531
200,0,attn_qkv,0.21092121303081512
200,0,attn_proj,0.14208035171031952
200,0,ln2,0.004392008297145367
200,0,mlp_fc,0.06263771653175354
200,0,mlp_proj,0.11920487880706787
200,1,ln1,0.0014844402903690934
200,1,attn_qkv,0.03073895536363125
200,1,attn_proj,0.028281915932893753
200,1,ln2,0.002488616853952408
200,1,mlp_fc,0.04279666393995285
200,1,mlp_proj,0.09538548439741135
200,2,ln1,0.000748156919144094
200,2,attn_qkv,0.01801161840558052
200,2,attn_proj,0.02618333138525486
200,2,ln2,0.001781255821697414
200,2,mlp_fc,0.033650465309619904
200,2,mlp_proj,0.08084134012460709
200,3,ln1,0.0008706367807462811
200,3,attn_qkv,0.021493904292583466
200,3,attn_proj,0.03412206470966339
200,3,ln2,0.0017765514785423875
200,3,mlp_fc,0.030320053920149803
200,3,mlp_proj,0.0722069963812828
200,4,ln1,0.0010181351099163294
200,4,attn_qkv,0.02459731139242649
200,4,attn_proj,0.037555817514657974
200,4,ln2,0.001662912778556347
200,4,mlp_fc,0.029197875410318375
200,4,mlp_proj,0.06326569616794586
200,5,ln1,0.0015804312424734235
200,5,attn_qkv,0.036577701568603516
200,5,attn_proj,0.0404578261077404
200,5,ln2,0.0016531741712242365
200,5,mlp_fc,0.029949719086289406
200,5,mlp_proj,0.054930269718170166
0,0,ln1,0.017133720219135284
0,0,attn_qkv,0.7612454891204834
0,0,attn_proj,2.598083972930908
0,0,ln2,0.016432490199804306
0,0,mlp_fc,0.898635983467102
0,0,mlp_proj,4.068049907684326
0,1,ln1,0.014309398829936981
0,1,attn_qkv,0.6937984824180603
0,1,attn_proj,2.3788199424743652
0,1,ln2,0.014912856742739677
0,1,mlp_fc,0.746441662311554
0,1,mlp_proj,3.0850441455841064
0,2,ln1,0.012143728323280811
0,2,attn_qkv,0.6382868885993958
0,2,attn_proj,2.0726892948150635
0,2,ln2,0.012612035498023033
0,2,mlp_fc,0.6739774346351624
0,2,mlp_proj,2.841599941253662
0,3,ln1,0.010516858659684658
0,3,attn_qkv,0.5740432739257812
0,3,attn_proj,2.083254337310791
0,3,ln2,0.012827522121369839
0,3,mlp_fc,0.6340072751045227
0,3,mlp_proj,2.5277459621429443
0,4,ln1,0.011319540441036224
0,4,attn_qkv,0.5093865394592285
0,4,attn_proj,1.833225965499878
0,4,ln2,0.01201066467911005
0,4,mlp_fc,0.5870782136917114
0,4,mlp_proj,2.302046775817871
0,5,ln1,0.009975739754736423
0,5,attn_qkv,0.45294877886772156
0,5,attn_proj,1.588693380355835
0,5,ln2,0.010507560335099697
0,5,mlp_fc,0.5249325037002563
0,5,mlp_proj,2.040832996368408
0,0,ln1,0.017133720219135284
0,0,attn_qkv,0.7612454891204834
0,0,attn_proj,2.598083972930908
0,0,ln2,0.016432490199804306
0,0,mlp_fc,0.898635983467102
0,0,mlp_proj,4.068049907684326
0,1,ln1,0.014309398829936981
0,1,attn_qkv,0.6937984824180603
0,1,attn_proj,2.3788199424743652
0,1,ln2,0.014912856742739677
0,1,mlp_fc,0.746441662311554
0,1,mlp_proj,3.0850441455841064
0,2,ln1,0.012143728323280811
0,2,attn_qkv,0.6382868885993958
0,2,attn_proj,2.0726892948150635
0,2,ln2,0.012612035498023033
0,2,mlp_fc,0.6739774346351624
0,2,mlp_proj,2.841599941253662
0,3,ln1,0.010516858659684658
0,3,attn_qkv,0.5740432739257812
0,3,attn_proj,2.083254337310791
0,3,ln2,0.012827522121369839
0,3,mlp_fc,0.6340072751045227
0,3,mlp_proj,2.5277459621429443
0,4,ln1,0.011319540441036224
0,4,attn_qkv,0.5093865394592285
0,4,attn_proj,1.833225965499878
0,4,ln2,0.01201066467911005
0,4,mlp_fc,0.5870782136917114
0,4,mlp_proj,2.302046775817871
0,5,ln1,0.009975739754736423
0,5,attn_qkv,0.45294877886772156
0,5,attn_proj,1.588693380355835
0,5,ln2,0.010507560335099697
0,5,mlp_fc,0.5249325037002563
0,5,mlp_proj,2.040832996368408
0,0,ln1,0.017133720219135284
0,0,attn_qkv,0.7612454891204834
0,0,attn_proj,2.598083972930908
0,0,ln2,0.016432490199804306
0,0,mlp_fc,0.898635983467102
0,0,mlp_proj,4.068049907684326
0,1,ln1,0.014309398829936981
0,1,attn_qkv,0.6937984824180603
0,1,attn_proj,2.3788199424743652
0,1,ln2,0.014912856742739677
0,1,mlp_fc,0.746441662311554
0,1,mlp_proj,3.0850441455841064
0,2,ln1,0.012143728323280811
0,2,attn_qkv,0.6382868885993958
0,2,attn_proj,2.0726892948150635
0,2,ln2,0.012612035498023033
0,2,mlp_fc,0.6739774346351624
0,2,mlp_proj,2.841599941253662
0,3,ln1,0.010516858659684658
0,3,attn_qkv,0.5740432739257812
0,3,attn_proj,2.083254337310791
0,3,ln2,0.012827522121369839
0,3,mlp_fc,0.6340072751045227
0,3,mlp_proj,2.5277459621429443
0,4,ln1,0.011319540441036224
0,4,attn_qkv,0.5093865394592285
0,4,attn_proj,1.833225965499878
0,4,ln2,0.01201066467911005
0,4,mlp_fc,0.5870782136917114
0,4,mlp_proj,2.302046775817871
0,5,ln1,0.009975739754736423
0,5,attn_qkv,0.45294877886772156
0,5,attn_proj,1.588693380355835
0,5,ln2,0.010507560335099697
0,5,mlp_fc,0.5249325037002563
0,5,mlp_proj,2.040832996368408
100,0,ln1,0.01418464258313179
100,0,attn_qkv,0.3070664703845978
100,0,attn_proj,0.30139219760894775
100,0,ln2,0.006974879652261734
100,0,mlp_fc,0.11117766052484512
100,0,mlp_proj,0.2122756391763687
100,1,ln1,0.0008197204442694783
100,1,attn_qkv,0.027655985206365585
100,1,attn_proj,0.04943932965397835
100,1,ln2,0.0037280761171132326
100,1,mlp_fc,0.07003211230039597
100,1,mlp_proj,0.15755221247673035
100,2,ln1,0.000571819837205112
100,2,attn_qkv,0.01804354228079319
100,2,attn_proj,0.03045262023806572
100,2,ln2,0.0026788904797285795
100,2,mlp_fc,0.052312638610601425
100,2,mlp_proj,0.12423384934663773
100,3,ln1,0.0005278667085804045
100,3,attn_qkv,0.019292309880256653
100,3,attn_proj,0.03793226182460785
100,3,ln2,0.002031709998846054
100,3,mlp_fc,0.04345347359776497
100,3,mlp_proj,0.1043894812464714
100,4,ln1,0.0008667970541864634
100,4,attn_qkv,0.025142163038253784
100,4,attn_proj,0.04649292677640915
100,4,ln2,0.001697619678452611
100,4,mlp_fc,0.039532411843538284
100,4,mlp_proj,0.09659364819526672
100,5,ln1,0.0009048972860909998
100,5,attn_qkv,0.025863120332360268
100,5,attn_proj,0.05452372133731842
100,5,ln2,0.0016657623928040266
100,5,mlp_fc,0.03841666877269745
100,5,mlp_proj,0.0845230370759964
100,0,ln1,0.014181963168084621
100,0,attn_qkv,0.3076251447200775
100,0,attn_proj,0.3018799126148224
100,0,ln2,0.006986817345023155
100,0,mlp_fc,0.11135869473218918
100,0,mlp_proj,0.21273286640644073
100,1,ln1,0.0008227438083849847
100,1,attn_qkv,0.027755504474043846
100,1,attn_proj,0.04960618540644646
100,1,ln2,0.0037381001748144627
100,1,mlp_fc,0.07019548118114471
100,1,mlp_proj,0.15783894062042236
100,2,ln1,0.0005744500667788088
100,2,attn_qkv,0.018111590296030045
100,2,attn_proj,0.030552370473742485
100,2,ln2,0.0026832176372408867
100,2,mlp_fc,0.052444640547037125
100,2,mlp_proj,0.12445667386054993
100,3,ln1,0.0005308897234499454
100,3,attn_qkv,0.019361587241292
100,3,attn_proj,0.03803519532084465
100,3,ln2,0.0020351908169686794
100,3,mlp_fc,0.04356520250439644
100,3,mlp_proj,0.1046256273984909
100,4,ln1,0.0008703438215889037
100,4,attn_qkv,0.025218958035111427
100,4,attn_proj,0.046598076820373535
100,4,ln2,0.0016998783685266972
100,4,mlp_fc,0.03962412104010582
100,4,mlp_proj,0.09680657833814621
100,5,ln1,0.0009083963232114911
100,5,attn_qkv,0.025936907157301903
100,5,attn_proj,0.054643623530864716
100,5,ln2,0.0016713720979169011
100,5,mlp_fc,0.038530800491571426
100,5,mlp_proj,0.08471353352069855
100,0,ln1,0.014147866517305374
100,0,attn_qkv,0.3070169985294342
100,0,attn_proj,0.3011636734008789
100,0,ln2,0.006980054546147585
100,0,mlp_fc,0.11122973263263702
100,0,mlp_proj,0.21252299845218658
100,1,ln1,0.0008217301801778376
100,1,attn_qkv,0.027747182175517082
100,1,attn_proj,0.0495343841612339
100,1,ln2,0.0037333595100790262
100,1,mlp_fc,0.07013839483261108
100,1,mlp_proj,0.15777012705802917
100,2,ln1,0.0005746266106143594
100,2,attn_qkv,0.018119169399142265
100,2,attn_proj,0.030528832226991653
100,2,ln2,0.002683989005163312
100,2,mlp_fc,0.05240659788250923
100,2,mlp_proj,0.12442419677972794
100,3,ln1,0.0005302673671394587
100,3,attn_qkv,0.019352126866579056
100,3,attn_proj,0.03799214959144592
100,3,ln2,0.0020346599631011486
100,3,mlp_fc,0.04353615641593933
100,3,mlp_proj,0.1045958623290062
100,4,ln1,0.0008684017811901867
100,4,attn_qkv,0.025192052125930786
100,4,attn_proj,0.04659409075975418
100,4,ln2,0.0017026832792907953
100,4,mlp_fc,0.0396241694688797
100,4,mlp_proj,0.09684496372938156
100,5,ln1,0.000907164067029953
100,5,attn_qkv,0.025911349803209305
100,5,attn_proj,0.054647766053676605
100,5,ln2,0.0016721077263355255
100,5,mlp_fc,0.03853948041796684
100,5,mlp_proj,0.08473319560289383
200,0,ln1,0.008360335603356361
200,0,attn_qkv,0.21135233342647552
200,0,attn_proj,0.1417149305343628
200,0,ln2,0.004386359825730324
200,0,mlp_fc,0.06256107985973358
200,0,mlp_proj,0.11910261958837509
200,1,ln1,0.0014737856108695269
200,1,attn_qkv,0.030556006357073784
200,1,attn_proj,0.027804622426629066
200,1,ln2,0.0024824461434036493
200,1,mlp_fc,0.04275790974497795
200,1,mlp_proj,0.09527289122343063
200,2,ln1,0.0007447410025633872
200,2,attn_qkv,0.017978962510824203
200,2,attn_proj,0.02612501196563244
200,2,ln2,0.0017738068709149957
200,2,mlp_fc,0.033550381660461426
200,2,mlp_proj,0.08073287457227707
200,3,ln1,0.000856472528539598
200,3,attn_qkv,0.021217171102762222
200,3,attn_proj,0.034653544425964355
200,3,ln2,0.001773426658473909
200,3,mlp_fc,0.03022770956158638
200,3,mlp_proj,0.07212692499160767
200,4,ln1,0.0010148118017241359
200,4,attn_qkv,0.024587076157331467
200,4,attn_proj,0.0373644083738327
200,4,ln2,0.001659566187299788
200,4,mlp_fc,0.02911332994699478
200,4,mlp_proj,0.06324079632759094
200,5,ln1,0.0015921429730951786
200,5,attn_qkv,0.036455802619457245
200,5,attn_proj,0.03982662037014961
200,5,ln2,0.001652084058150649
200,5,mlp_fc,0.029865169897675514
200,5,mlp_proj,0.054906316101551056
200,0,ln1,0.008310259319841862
200,0,attn_qkv,0.21093402802944183
200,0,attn_proj,0.1429540514945984
200,0,ln2,0.004409612622112036
200,0,mlp_fc,0.06273391097784042
200,0,mlp_proj,0.11927574872970581
200,1,ln1,0.0014917277731001377
200,1,attn_qkv,0.030853161588311195
200,1,attn_proj,0.028056422248482704
200,1,ln2,0.002492333995178342
200,1,mlp_fc,0.04280762001872063
200,1,mlp_proj,0.0953323096036911
200,2,ln1,0.0007697908440604806
200,2,attn_qkv,0.018232503905892372
200,2,attn_proj,0.026111001148819923
200,2,ln2,0.0017822319641709328
200,2,mlp_fc,0.03366267681121826
200,2,mlp_proj,0.080619215965271
200,3,ln1,0.0009455554536543787
200,3,attn_qkv,0.02256576530635357
200,3,attn_proj,0.03427401930093765
200,3,ln2,0.0017995410598814487
200,3,mlp_fc,0.030487462878227234
200,3,mlp_proj,0.07217345386743546
200,4,ln1,0.00104959262534976
200,4,attn_qkv,0.024933381006121635
200,4,attn_proj,0.03782528266310692
200,4,ln2,0.0016885575605556369
200,4,mlp_fc,0.029459385201334953
200,4,mlp_proj,0.06334806233644485
200,5,ln1,0.001653807470574975
200,5,attn_qkv,0.03712182864546776
200,5,attn_proj,0.03953990340232849
200,5,ln2,0.0016754508251324296
200,5,mlp_fc,0.030194349586963654
200,5,mlp_proj,0.05504502356052399
200,0,ln1,0.008300538174808025
200,0,attn_qkv,0.210272878408432
200,0,attn_proj,0.14179378747940063
200,0,ln2,0.004378282930701971
200,0,mlp_fc,0.06246955692768097
200,0,mlp_proj,0.11878761649131775
200,1,ln1,0.0014738708268851042
200,1,attn_qkv,0.030526531860232353
200,1,attn_proj,0.028006434440612793
200,1,ln2,0.00248444895260036
200,1,mlp_fc,0.04268238693475723
200,1,mlp_proj,0.0951383039355278
200,2,ln1,0.000750483013689518
200,2,attn_qkv,0.0180019773542881
200,2,attn_proj,0.025980638340115547
200,2,ln2,0.0017760171322152019
200,2,mlp_fc,0.033539801836013794
200,2,mlp_proj,0.08061347901821136
200,3,ln1,0.0008689313544891775
200,3,attn_qkv,0.02133159153163433
200,3,attn_proj,0.0341583676636219
200,3,ln2,0.0017706636572256684
200,3,mlp_fc,0.030225126072764397
200,3,mlp_proj,0.07200499624013901
200,4,ln1,0.001023334451019764
200,4,attn_qkv,0.024564441293478012
200,4,attn_proj,0.03750550001859665
200,4,ln2,0.001659743837080896
200,4,mlp_fc,0.029121752828359604
200,4,mlp_proj,0.0631428211927414
200,5,ln1,0.0015627897810190916
200,5,attn_qkv,0.03625011071562767
200,5,attn_proj,0.04030919820070267
200,5,ln2,0.0016518706688657403
200,5,mlp_fc,0.02987421490252018
200,5,mlp_proj,0.0547633096575737
0,0,ln1,0.017133720219135284
0,0,attn_qkv,0.7612454891204834
0,0,attn_proj,2.598083972930908
0,0,ln2,0.016432490199804306
0,0,mlp_fc,0.898635983467102
0,0,mlp_proj,4.068049907684326
0,1,ln1,0.014309398829936981
0,1,attn_qkv,0.6937984824180603
0,1,attn_proj,2.3788199424743652
0,1,ln2,0.014912856742739677
0,1,mlp_fc,0.746441662311554
0,1,mlp_proj,3.0850441455841064
0,2,ln1,0.012143728323280811
0,2,attn_qkv,0.6382868885993958
0,2,attn_proj,2.0726892948150635
0,2,ln2,0.012612035498023033
0,2,mlp_fc,0.6739774346351624
0,2,mlp_proj,2.841599941253662
0,3,ln1,0.010516858659684658
0,3,attn_qkv,0.5740432739257812
0,3,attn_proj,2.083254337310791
0,3,ln2,0.012827522121369839
0,3,mlp_fc,0.6340072751045227
0,3,mlp_proj,2.5277459621429443
0,4,ln1,0.011319540441036224
0,4,attn_qkv,0.5093865394592285
0,4,attn_proj,1.833225965499878
0,4,ln2,0.01201066467911005
0,4,mlp_fc,0.5870782136917114
0,4,mlp_proj,2.302046775817871
0,5,ln1,0.009975739754736423
0,5,attn_qkv,0.45294877886772156
0,5,attn_proj,1.588693380355835
0,5,ln2,0.010507560335099697
0,5,mlp_fc,0.5249325037002563
0,5,mlp_proj,2.040832996368408
0,0,ln1,0.017133720219135284
0,0,attn_qkv,0.7612454891204834
0,0,attn_proj,2.598083972930908
0,0,ln2,0.016432490199804306
0,0,mlp_fc,0.898635983467102
0,0,mlp_proj,4.068049907684326
0,1,ln1,0.014309398829936981
0,1,attn_qkv,0.6937984824180603
0,1,attn_proj,2.3788199424743652
0,1,ln2,0.014912856742739677
0,1,mlp_fc,0.746441662311554
0,1,mlp_proj,3.0850441455841064
0,2,ln1,0.012143728323280811
0,2,attn_qkv,0.6382868885993958
0,2,attn_proj,2.0726892948150635
0,2,ln2,0.012612035498023033
0,2,mlp_fc,0.6739774346351624
0,2,mlp_proj,2.841599941253662
0,3,ln1,0.010516858659684658
0,3,attn_qkv,0.5740432739257812
0,3,attn_proj,2.083254337310791
0,3,ln2,0.012827522121369839
0,3,mlp_fc,0.6340072751045227
0,3,mlp_proj,2.5277459621429443
0,4,ln1,0.011319540441036224
0,4,attn_qkv,0.5093865394592285
0,4,attn_proj,1.833225965499878
0,4,ln2,0.01201066467911005
0,4,mlp_fc,0.5870782136917114
0,4,mlp_proj,2.302046775817871
0,5,ln1,0.009975739754736423
0,5,attn_qkv,0.45294877886772156
0,5,attn_proj,1.588693380355835
0,5,ln2,0.010507560335099697
0,5,mlp_fc,0.5249325037002563
0,5,mlp_proj,2.040832996368408
0,0,ln1,0.017133720219135284
0,0,attn_qkv,0.7612454891204834
0,0,attn_proj,2.598083972930908
0,0,ln2,0.016432490199804306
0,0,mlp_fc,0.898635983467102
0,0,mlp_proj,4.068049907684326
0,1,ln1,0.014309398829936981
0,1,attn_qkv,0.6937984824180603
0,1,attn_proj,2.3788199424743652
0,1,ln2,0.014912856742739677
0,1,mlp_fc,0.746441662311554
0,1,mlp_proj,3.0850441455841064
0,2,ln1,0.012143728323280811
0,2,attn_qkv,0.6382868885993958
0,2,attn_proj,2.0726892948150635
0,2,ln2,0.012612035498023033
0,2,mlp_fc,0.6739774346351624
0,2,mlp_proj,2.841599941253662
0,3,ln1,0.010516858659684658
0,3,attn_qkv,0.5740432739257812
0,3,attn_proj,2.083254337310791
0,3,ln2,0.012827522121369839
0,3,mlp_fc,0.6340072751045227
0,3,mlp_proj,2.5277459621429443
0,4,ln1,0.011319540441036224
0,4,attn_qkv,0.5093865394592285
0,4,attn_proj,1.833225965499878
0,4,ln2,0.01201066467911005
0,4,mlp_fc,0.5870782136917114
0,4,mlp_proj,2.302046775817871
0,5,ln1,0.009975739754736423
0,5,attn_qkv,0.45294877886772156
0,5,attn_proj,1.588693380355835
0,5,ln2,0.010507560335099697
0,5,mlp_fc,0.5249325037002563
0,5,mlp_proj,2.040832996368408
100,0,ln1,0.014183825813233852
100,0,attn_qkv,0.30759379267692566
100,0,attn_proj,0.3015521168708801
100,0,ln2,0.006976285949349403
100,0,mlp_fc,0.1112082377076149
100,0,mlp_proj,0.2123997062444687
100,1,ln1,0.0008207816281355917
100,1,attn_qkv,0.027715375646948814
100,1,attn_proj,0.049482207745313644
100,1,ln2,0.0037334386724978685
100,1,mlp_fc,0.0700921043753624
100,1,mlp_proj,0.15765687823295593
100,2,ln1,0.0005733612342737615
100,2,attn_qkv,0.01808902621269226
100,2,attn_proj,0.03051232360303402
100,2,ln2,0.0026800152845680714
100,2,mlp_fc,0.0523616224527359
100,2,mlp_proj,0.12433437258005142
100,3,ln1,0.0005298921023495495
100,3,attn_qkv,0.019345417618751526
100,3,attn_proj,0.038019925355911255
100,3,ln2,0.002033029915764928
100,3,mlp_fc,0.04349975287914276
100,3,mlp_proj,0.10450705140829086
100,4,ln1,0.0008675483986735344
100,4,attn_qkv,0.025153012946248055
100,4,attn_proj,0.04657109081745148
100,4,ln2,0.001698521664366126
100,4,mlp_fc,0.03956664726138115
100,4,mlp_proj,0.09667825698852539
100,5,ln1,0.0009066591737791896
100,5,attn_qkv,0.025896498933434486
100,5,attn_proj,0.05462055653333664
100,5,ln2,0.0016668073367327452
100,5,mlp_fc,0.0384528711438179
100,5,mlp_proj,0.08458717912435532
100,0,ln1,0.014126097783446312
100,0,attn_qkv,0.3065625727176666
100,0,attn_proj,0.30110445618629456
100,0,ln2,0.006974195130169392
100,0,mlp_fc,0.11117677390575409
100,0,mlp_proj,0.21224382519721985
100,1,ln1,0.0008172260131686926
100,1,attn_qkv,0.02761036530137062
100,1,attn_proj,0.04939427226781845
100,1,ln2,0.0037302609998732805
100,1,mlp_fc,0.07002808153629303
100,1,mlp_proj,0.15747106075286865
100,2,ln1,0.0005697350134141743
100,2,attn_qkv,0.01801544614136219
100,2,attn_proj,0.030436182394623756
100,2,ln2,0.002679070457816124
100,2,mlp_fc,0.05230940878391266
100,2,mlp_proj,0.1241554394364357
100,3,ln1,0.0005277514574117959
100,3,attn_qkv,0.01927550695836544
100,3,attn_proj,0.037885043770074844
100,3,ln2,0.0020314885769039392
100,3,mlp_fc,0.04343811422586441
100,3,mlp_proj,0.10434921085834503
100,4,ln1,0.0008650086238048971
100,4,attn_qkv,0.025105668231844902
100,4,attn_proj,0.046434950083494186
100,4,ln2,0.0016942154616117477
100,4,mlp_fc,0.039481908082962036
100,4,mlp_proj,0.09652075916528702
100,5,ln1,0.000902760133612901
100,5,attn_qkv,0.02581518329679966
100,5,attn_proj,0.054425664246082306
100,5,ln2,0.0016605214914306998
100,5,mlp_fc,0.03833886235952377
100,5,mlp_proj,0.08443397283554077
100,0,ln1,0.014166862703859806
100,0,attn_qkv,0.3074171245098114
100,0,attn_proj,0.3015855848789215
100,0,ln2,0.00698000006377697
100,0,mlp_fc,0.11131592839956284
100,0,mlp_proj,0.21258309483528137
100,1,ln1,0.000821487104985863
100,1,attn_qkv,0.027713565155863762
100,1,attn_proj,0.049524497240781784
100,1,ln2,0.003734258934855461
100,1,mlp_fc,0.07017583400011063
100,1,mlp_proj,0.15781566500663757
100,2,ln1,0.0005750191048718989
100,2,attn_qkv,0.018086081370711327
100,2,attn_proj,0.030497347936034203
100,2,ln2,0.002679710043594241
100,2,mlp_fc,0.05240999162197113
100,2,mlp_proj,0.124405637383461
100,3,ln1,0.0005283731734380126
100,3,attn_qkv,0.019300272688269615
100,3,attn_proj,0.03793908283114433
100,3,ln2,0.002031864132732153
100,3,mlp_fc,0.04351818189024925
100,3,mlp_proj,0.10457257181406021
100,4,ln1,0.0008642350439913571
100,4,attn_qkv,0.02508556842803955
100,4,attn_proj,0.046467408537864685
100,4,ln2,0.001697697676718235
100,4,mlp_fc,0.039574336260557175
100,4,mlp_proj,0.09680452197790146
100,5,ln1,0.0009022617596201599
100,5,attn_qkv,0.02580306865274906
100,5,attn_proj,0.05449092760682106
100,5,ln2,0.001670337631367147
100,5,mlp_fc,0.03849974647164345
100,5,mlp_proj,0.0847269594669342
200,0,ln1,0.00824168510735035
200,0,attn_qkv,0.20952774584293365
200,0,attn_proj,0.14225515723228455
200,0,ln2,0.004383951425552368
200,0,mlp_fc,0.062491852790117264
200,0,mlp_proj,0.11861670017242432
200,1,ln1,0.0014600863214582205
200,1,attn_qkv,0.030316416174173355
200,1,attn_proj,0.028026120737195015
200,1,ln2,0.0024733776226639748
200,1,mlp_fc,0.04253481701016426
200,1,mlp_proj,0.09489073604345322
200,2,ln1,0.0007432760903611779
200,2,attn_qkv,0.017897285521030426
200,2,attn_proj,0.025948315858840942
200,2,ln2,0.0017638563876971602
200,2,mlp_fc,0.03339513763785362
200,2,mlp_proj,0.08035469800233841
200,3,ln1,0.0009177169995382428
200,3,attn_qkv,0.021970639005303383
200,3,attn_proj,0.033845312893390656
200,3,ln2,0.001771061448380351
200,3,mlp_fc,0.030176905915141106
200,3,mlp_proj,0.07189762592315674
200,4,ln1,0.0010151866590604186
200,4,attn_qkv,0.02446725033223629
200,4,attn_proj,0.0372694730758667
200,4,ln2,0.0016595456982031465
200,4,mlp_fc,0.029077323153614998
200,4,mlp_proj,0.06293316930532455
200,5,ln1,0.0015612554270774126
200,5,attn_qkv,0.03619289770722389
200,5,attn_proj,0.04034421220421791
200,5,ln2,0.0016518482007086277
200,5,mlp_fc,0.029852578416466713
200,5,mlp_proj,0.054608047008514404
200,0,ln1,0.008236400783061981
200,0,attn_qkv,0.20920228958129883
200,0,attn_proj,0.141616091132164
200,0,ln2,0.004373548086732626
200,0,mlp_fc,0.06247444078326225
200,0,mlp_proj,0.11865861713886261
200,1,ln1,0.001461906940676272
200,1,attn_qkv,0.030293859541416168
200,1,attn_proj,0.0276500191539526
200,1,ln2,0.002476619789376855
200,1,mlp_fc,0.04260195419192314
200,1,mlp_proj,0.09503494948148727
200,2,ln1,0.0007385540520772338
200,2,attn_qkv,0.01774746924638748
200,2,attn_proj,0.025879379361867905
200,2,ln2,0.0017619077116250992
200,2,mlp_fc,0.033372946083545685
200,2,mlp_proj,0.08045817166566849
200,3,ln1,0.0008514397195540369
200,3,attn_qkv,0.020992890000343323
200,3,attn_proj,0.03406891971826553
200,3,ln2,0.0017595648532733321
200,3,mlp_fc,0.030041411519050598
200,3,mlp_proj,0.07182218134403229
200,4,ln1,0.0009977859444916248
200,4,attn_qkv,0.024215878918766975
200,4,attn_proj,0.03706619516015053
200,4,ln2,0.0016510366695001721
200,4,mlp_fc,0.02891378290951252
200,4,mlp_proj,0.06285140663385391
200,5,ln1,0.001541636185720563
200,5,attn_qkv,0.03584977239370346
200,5,attn_proj,0.04028124734759331
200,5,ln2,0.001642821473069489
200,5,mlp_fc,0.02966252900660038
200,5,mlp_proj,0.05450055003166199
200,0,ln1,0.008199465461075306
200,0,attn_qkv,0.2084963470697403
200,0,attn_proj,0.14124631881713867
200,0,ln2,0.004352241288870573
200,0,mlp_fc,0.06221172213554382
200,0,mlp_proj,0.11823911219835281
200,1,ln1,0.001473720883950591
200,1,attn_qkv,0.03049437329173088
200,1,attn_proj,0.027648644521832466
200,1,ln2,0.0024719005450606346
200,1,mlp_fc,0.04246221110224724
200,1,mlp_proj,0.09465949982404709
200,2,ln1,0.0007505341200158
200,2,attn_qkv,0.017898695543408394
200,2,attn_proj,0.025749385356903076
200,2,ln2,0.0017566682072356343
200,2,mlp_fc,0.03330131620168686
200,2,mlp_proj,0.0801263228058815
200,3,ln1,0.0008714740979485214
200,3,attn_qkv,0.021646399050951004
200,3,attn_proj,0.0337420292198658
200,3,ln2,0.0017566080205142498
200,3,mlp_fc,0.030012376606464386
200,3,mlp_proj,0.07161339372396469
200,4,ln1,0.001019993214868009
200,4,attn_qkv,0.02430582232773304
200,4,attn_proj,0.03720621019601822
200,4,ln2,0.0016503764782100916
200,4,mlp_fc,0.028929028660058975
200,4,mlp_proj,0.0627169981598854
200,5,ln1,0.0015340482350438833
200,5,attn_qkv,0.035683225840330124
200,5,attn_proj,0.04011749103665352
200,5,ln2,0.0016476537566632032
200,5,mlp_fc,0.029741613194346428
200,5,mlp_proj,0.05444293096661568
0,0,ln1,0.017133720219135284
0,0,attn_qkv,0.7612454891204834
0,0,attn_proj,2.598083972930908
0,0,ln2,0.016432490199804306
0,0,mlp_fc,0.898635983467102
0,0,mlp_proj,4.068049907684326
0,1,ln1,0.014309398829936981
0,1,attn_qkv,0.6937984824180603
0,1,attn_proj,2.3788199424743652
0,1,ln2,0.014912856742739677
0,1,mlp_fc,0.746441662311554
0,1,mlp_proj,3.0850441455841064
0,2,ln1,0.012143728323280811
0,2,attn_qkv,0.6382868885993958
0,2,attn_proj,2.0726892948150635
0,2,ln2,0.012612035498023033
0,2,mlp_fc,0.6739774346351624
0,2,mlp_proj,2.841599941253662
0,3,ln1,0.010516858659684658
0,3,attn_qkv,0.5740432739257812
0,3,attn_proj,2.083254337310791
0,3,ln2,0.012827522121369839
0,3,mlp_fc,0.6340072751045227
0,3,mlp_proj,2.5277459621429443
0,4,ln1,0.011319540441036224
0,4,attn_qkv,0.5093865394592285
0,4,attn_proj,1.833225965499878
0,4,ln2,0.01201066467911005
0,4,mlp_fc,0.5870782136917114
0,4,mlp_proj,2.302046775817871
0,5,ln1,0.009975739754736423
0,5,attn_qkv,0.45294877886772156
0,5,attn_proj,1.588693380355835
0,5,ln2,0.010507560335099697
0,5,mlp_fc,0.5249325037002563
0,5,mlp_proj,2.040832996368408
0,0,ln1,0.017133720219135284
0,0,attn_qkv,0.7612454891204834
0,0,attn_proj,2.598083972930908
0,0,ln2,0.016432490199804306
0,0,mlp_fc,0.898635983467102
0,0,mlp_proj,4.068049907684326
0,1,ln1,0.014309398829936981
0,1,attn_qkv,0.6937984824180603
0,1,attn_proj,2.3788199424743652
0,1,ln2,0.014912856742739677
0,1,mlp_fc,0.746441662311554
0,1,mlp_proj,3.0850441455841064
0,2,ln1,0.012143728323280811
0,2,attn_qkv,0.6382868885993958
0,2,attn_proj,2.0726892948150635
0,2,ln2,0.012612035498023033
0,2,mlp_fc,0.6739774346351624
0,2,mlp_proj,2.841599941253662
0,3,ln1,0.010516858659684658
0,3,attn_qkv,0.5740432739257812
0,3,attn_proj,2.083254337310791
0,3,ln2,0.012827522121369839
0,3,mlp_fc,0.6340072751045227
0,3,mlp_proj,2.5277459621429443
0,4,ln1,0.011319540441036224
0,4,attn_qkv,0.5093865394592285
0,4,attn_proj,1.833225965499878
0,4,ln2,0.01201066467911005
0,4,mlp_fc,0.5870782136917114
0,4,mlp_proj,2.302046775817871
0,5,ln1,0.009975739754736423
0,5,attn_qkv,0.45294877886772156
0,5,attn_proj,1.588693380355835
0,5,ln2,0.010507560335099697
0,5,mlp_fc,0.5249325037002563
0,5,mlp_proj,2.040832996368408
0,0,ln1,0.017133720219135284
0,0,attn_qkv,0.7612454891204834
0,0,attn_proj,2.598083972930908
0,0,ln2,0.016432490199804306
0,0,mlp_fc,0.898635983467102
0,0,mlp_proj,4.068049907684326
0,1,ln1,0.014309398829936981
0,1,attn_qkv,0.6937984824180603
0,1,attn_proj,2.3788199424743652
0,1,ln2,0.014912856742739677
0,1,mlp_fc,0.746441662311554
0,1,mlp_proj,3.0850441455841064
0,2,ln1,0.012143728323280811
0,2,attn_qkv,0.6382868885993958
0,2,attn_proj,2.0726892948150635
0,2,ln2,0.012612035498023033
0,2,mlp_fc,0.6739774346351624
0,2,mlp_proj,2.841599941253662
0,3,ln1,0.010516858659684658
0,3,attn_qkv,0.5740432739257812
0,3,attn_proj,2.083254337310791
0,3,ln2,0.012827522121369839
0,3,mlp_fc,0.6340072751045227
0,3,mlp_proj,2.5277459621429443
0,4,ln1,0.011319540441036224
0,4,attn_qkv,0.5093865394592285
0,4,attn_proj,1.833225965499878
0,4,ln2,0.01201066467911005
0,4,mlp_fc,0.5870782136917114
0,4,mlp_proj,2.302046775817871
0,5,ln1,0.009975739754736423
0,5,attn_qkv,0.45294877886772156
0,5,attn_proj,1.588693380355835
0,5,ln2,0.010507560335099697
0,5,mlp_fc,0.5249325037002563
0,5,mlp_proj,2.040832996368408
100,0,ln1,0.014222766272723675
100,0,attn_qkv,0.3080369234085083
100,0,attn_proj,0.3020537197589874
100,0,ln2,0.006984724197536707
100,0,mlp_fc,0.11133363097906113
100,0,mlp_proj,0.2126530259847641
100,1,ln1,0.0008231680258177221
100,1,attn_qkv,0.02776256389915943
100,1,attn_proj,0.049587152898311615
100,1,ln2,0.0037368841003626585
100,1,mlp_fc,0.07018668204545975
100,1,mlp_proj,0.15785744786262512
100,2,ln1,0.0005755873280577362
100,2,attn_qkv,0.01811896450817585
100,2,attn_proj,0.030542319640517235
100,2,ln2,0.0026830334682017565
100,2,mlp_fc,0.0524415522813797
100,2,mlp_proj,0.12449187785387039
100,3,ln1,0.000530545599758625
100,3,attn_qkv,0.019361848011612892
100,3,attn_proj,0.03803742304444313
100,3,ln2,0.0020342995412647724
100,3,mlp_fc,0.043545451015233994
100,3,mlp_proj,0.10462235659360886
100,4,ln1,0.0008681015460751951
100,4,attn_qkv,0.025193724781274796
100,4,attn_proj,0.046572037041187286
100,4,ln2,0.0016994039760902524
100,4,mlp_fc,0.039603423327207565
100,4,mlp_proj,0.09680364280939102
100,5,ln1,0.000907199690118432
100,5,attn_qkv,0.025912931188941002
100,5,attn_proj,0.05464106425642967
100,5,ln2,0.0016682571731507778
100,5,mlp_fc,0.03849003463983536
100,5,mlp_proj,0.08468077331781387
100,0,ln1,0.014245306141674519
100,0,attn_qkv,0.3082747459411621
100,0,attn_proj,0.3021550476551056
100,0,ln2,0.006990015506744385
100,0,mlp_fc,0.11138083785772324
100,0,mlp_proj,0.21280232071876526
100,1,ln1,0.0008227626676671207
100,1,attn_qkv,0.027767881751060486
100,1,attn_proj,0.049581460654735565
100,1,ln2,0.0037372063379734755
100,1,mlp_fc,0.0702279582619667
100,1,mlp_proj,0.15797807276248932
100,2,ln1,0.0005771366413682699
100,2,attn_qkv,0.018150819465517998
100,2,attn_proj,0.030587488785386086
100,2,ln2,0.0026848716661334038
100,2,mlp_fc,0.052472010254859924
100,2,mlp_proj,0.12456823140382767
100,3,ln1,0.0005311535205692053
100,3,attn_qkv,0.019382793456315994
100,3,attn_proj,0.03809424862265587
100,3,ln2,0.0020358990877866745
100,3,mlp_fc,0.043583694845438004
100,3,mlp_proj,0.10468241572380066
100,4,ln1,0.0008709677495062351
100,4,attn_qkv,0.025247935205698013
100,4,attn_proj,0.04668673500418663
100,4,ln2,0.001700989785604179
100,4,mlp_fc,0.03964599594473839
100,4,mlp_proj,0.09687309712171555
100,5,ln1,0.0009086502832360566
100,5,attn_qkv,0.025942450389266014
100,5,attn_proj,0.05472668260335922
100,5,ln2,0.0016728428890928626
100,5,mlp_fc,0.03855995088815689
100,5,mlp_proj,0.0847570076584816
200,0,ln1,0.008392310701310635
200,0,attn_qkv,0.21214917302131653
200,0,attn_proj,0.14213046431541443
200,0,ln2,0.004393383860588074
200,0,mlp_fc,0.06267087906599045
200,0,mlp_proj,0.11958407610654831
200,1,ln1,0.0014962733257561922
200,1,attn_qkv,0.031008971855044365
200,1,attn_proj,0.027978859841823578
200,1,ln2,0.00249805417843163
200,1,mlp_fc,0.04294339194893837
200,1,mlp_proj,0.09560975432395935
200,2,ln1,0.0007671868079341948
200,2,attn_qkv,0.01833549700677395
200,2,attn_proj,0.02632843516767025
200,2,ln2,0.0017875641351565719
200,2,mlp_fc,0.03378725051879883
200,2,mlp_proj,0.0810655876994133
200,3,ln1,0.0008701650076545775
200,3,attn_qkv,0.02163444645702839
200,3,attn_proj,0.034749168902635574
200,3,ln2,0.0017978247487917542
200,3,mlp_fc,0.030527327209711075
200,3,mlp_proj,0.07240355014801025
200,4,ln1,0.001041318872012198
200,4,attn_qkv,0.02500620111823082
200,4,attn_proj,0.03793724626302719
200,4,ln2,0.0016852000262588263
200,4,mlp_fc,0.029486924409866333
200,4,mlp_proj,0.06360433250665665
200,5,ln1,0.0016569850267842412
200,5,attn_qkv,0.03768592327833176
200,5,attn_proj,0.03951529413461685
200,5,ln2,0.0016725953901186585
200,5,mlp_fc,0.030203724279999733
200,5,mlp_proj,0.055276576429605484
100,0,ln1,0.014118487946689129
100,0,attn_qkv,0.3064458668231964
100,0,attn_proj,0.3011399805545807
100,0,ln2,0.006970014423131943
100,0,mlp_fc,0.11111627519130707
100,0,mlp_proj,0.21220290660858154
100,1,ln1,0.0008206198108382523
100,1,attn_qkv,0.027708085253834724
100,1,attn_proj,0.0495372973382473
100,1,ln2,0.003725688438862562
100,1,mlp_fc,0.06998038291931152
100,1,mlp_proj,0.1574341058731079
100,2,ln1,0.0005730031989514828
100,2,attn_qkv,0.018094707280397415
100,2,attn_proj,0.030515290796756744
100,2,ln2,0.002675165655091405
100,2,mlp_fc,0.05227792635560036
100,2,mlp_proj,0.12413521111011505
100,3,ln1,0.0005284216022118926
100,3,attn_qkv,0.019295847043395042
100,3,attn_proj,0.037940770387649536
100,3,ln2,0.0020294885616749525
100,3,mlp_fc,0.04342939704656601
100,3,mlp_proj,0.1043664962053299
100,4,ln1,0.0008664282504469156
100,4,attn_qkv,0.025153450667858124
100,4,attn_proj,0.046500831842422485
100,4,ln2,0.0016967656556516886
100,4,mlp_fc,0.039512816816568375
100,4,mlp_proj,0.0965985581278801
100,5,ln1,0.0009049455402418971
100,5,attn_qkv,0.025866836309432983
100,5,attn_proj,0.05452030152082443
100,5,ln2,0.0016674553044140339
100,5,mlp_fc,0.03843173384666443
100,5,mlp_proj,0.084554024040699
200,0,ln1,0.008347278460860252
200,0,attn_qkv,0.2105148285627365
200,0,attn_proj,0.14160344004631042
200,0,ln2,0.004375477321445942
200,0,mlp_fc,0.06240790709853172
200,0,mlp_proj,0.11880418658256531
200,1,ln1,0.0014578313566744328
200,1,attn_qkv,0.0303123127669096
200,1,attn_proj,0.027628356590867043
200,1,ln2,0.0024808202870190144
200,1,mlp_fc,0.04263264313340187
200,1,mlp_proj,0.0949755385518074
200,2,ln1,0.0007483361987397075
200,2,attn_qkv,0.017898891121149063
200,2,attn_proj,0.026048770174384117
200,2,ln2,0.0017650615191087127
200,2,mlp_fc,0.033417150378227234
200,2,mlp_proj,0.08043952286243439
200,3,ln1,0.0008440164383500814
200,3,attn_qkv,0.02112819440662861
200,3,attn_proj,0.03461910039186478
200,3,ln2,0.0017684857593849301
200,3,mlp_fc,0.030132954940199852
200,3,mlp_proj,0.07188529521226883
200,4,ln1,0.0010210748296231031
200,4,attn_qkv,0.02456909790635109
200,4,attn_proj,0.037505317479372025
200,4,ln2,0.0016599890077486634
200,4,mlp_fc,0.029061999171972275
200,4,mlp_proj,0.06305968016386032
200,5,ln1,0.001577306422404945
200,5,attn_qkv,0.03606748208403587
200,5,attn_proj,0.039562907069921494
200,5,ln2,0.0016517655458301306
200,5,mlp_fc,0.029824094846844673
200,5,mlp_proj,0.05475062504410744
0,0,ln1,0.017133720219135284
0,0,attn_qkv,0.7612454891204834
0,0,attn_proj,2.598083972930908
0,0,ln2,0.016432490199804306
0,0,mlp_fc,0.898635983467102
0,0,mlp_proj,4.068049907684326
0,1,ln1,0.014309398829936981
0,1,attn_qkv,0.6937984824180603
0,1,attn_proj,2.3788199424743652
0,1,ln2,0.014912856742739677
0,1,mlp_fc,0.746441662311554
0,1,mlp_proj,3.0850441455841064
0,2,ln1,0.012143728323280811
0,2,attn_qkv,0.6382868885993958
0,2,attn_proj,2.0726892948150635
0,2,ln2,0.012612035498023033
0,2,mlp_fc,0.6739774346351624
0,2,mlp_proj,2.841599941253662
0,3,ln1,0.010516858659684658
0,3,attn_qkv,0.5740432739257812
0,3,attn_proj,2.083254337310791
0,3,ln2,0.012827522121369839
0,3,mlp_fc,0.6340072751045227
0,3,mlp_proj,2.5277459621429443
0,4,ln1,0.011319540441036224
0,4,attn_qkv,0.5093865394592285
0,4,attn_proj,1.833225965499878
0,4,ln2,0.01201066467911005
0,4,mlp_fc,0.5870782136917114
0,4,mlp_proj,2.302046775817871
0,5,ln1,0.009975739754736423
0,5,attn_qkv,0.45294877886772156
0,5,attn_proj,1.588693380355835
0,5,ln2,0.010507560335099697
0,5,mlp_fc,0.5249325037002563
0,5,mlp_proj,2.040832996368408
200,0,ln1,0.008280634880065918
200,0,attn_qkv,0.209910050034523
200,0,attn_proj,0.14260506629943848
200,0,ln2,0.004399147350341082
200,0,mlp_fc,0.06256810575723648
200,0,mlp_proj,0.11868598312139511
200,1,ln1,0.0014739509206265211
200,1,attn_qkv,0.030489454045891762
200,1,attn_proj,0.02808147855103016
200,1,ln2,0.002470396226271987
200,1,mlp_fc,0.042554207146167755
200,1,mlp_proj,0.09488042443990707
200,2,ln1,0.0007440177723765373
200,2,attn_qkv,0.017903797328472137
200,2,attn_proj,0.025779590010643005
200,2,ln2,0.0017646673368290067
200,2,mlp_fc,0.033392637968063354
200,2,mlp_proj,0.08024314045906067
200,3,ln1,0.0009354436188004911
200,3,attn_qkv,0.022158559411764145
200,3,attn_proj,0.03364946320652962
200,3,ln2,0.0017706416547298431
200,3,mlp_fc,0.030164889991283417
200,3,mlp_proj,0.07181192934513092
200,4,ln1,0.0010247364407405257
200,4,attn_qkv,0.024536412209272385
200,4,attn_proj,0.03745534271001816
200,4,ln2,0.0016609362792223692
200,4,mlp_fc,0.029078779742121696
200,4,mlp_proj,0.06294655054807663
200,5,ln1,0.0015563421184197068
200,5,attn_qkv,0.03620127588510513
200,5,attn_proj,0.04074016958475113
200,5,ln2,0.0016514064045622945
200,5,mlp_fc,0.029815590009093285
200,5,mlp_proj,0.0545174814760685
0,0,ln1,0.017133720219135284
0,0,attn_qkv,0.7612454891204834
0,0,attn_proj,2.598083972930908
0,0,ln2,0.016432490199804306
0,0,mlp_fc,0.898635983467102
0,0,mlp_proj,4.068049907684326
0,1,ln1,0.014309398829936981
0,1,attn_qkv,0.6937984824180603
0,1,attn_proj,2.3788199424743652
0,1,ln2,0.014912856742739677
0,1,mlp_fc,0.746441662311554
0,1,mlp_proj,3.0850441455841064
0,2,ln1,0.012143728323280811
0,2,attn_qkv,0.6382868885993958
0,2,attn_proj,2.0726892948150635
0,2,ln2,0.012612035498023033
0,2,mlp_fc,0.6739774346351624
0,2,mlp_proj,2.841599941253662
0,3,ln1,0.010516858659684658
0,3,attn_qkv,0.5740432739257812
0,3,attn_proj,2.083254337310791
0,3,ln2,0.012827522121369839
0,3,mlp_fc,0.6340072751045227
0,3,mlp_proj,2.5277459621429443
0,4,ln1,0.011319540441036224
0,4,attn_qkv,0.5093865394592285
0,4,attn_proj,1.833225965499878
0,4,ln2,0.01201066467911005
0,4,mlp_fc,0.5870782136917114
0,4,mlp_proj,2.302046775817871
0,5,ln1,0.009975739754736423
0,5,attn_qkv,0.45294877886772156
0,5,attn_proj,1.588693380355835
0,5,ln2,0.010507560335099697
0,5,mlp_fc,0.5249325037002563
0,5,mlp_proj,2.040832996368408
100,0,ln1,0.012967335991561413
100,0,attn_qkv,0.5525855422019958
100,0,attn_proj,1.7868050336837769
100,0,ln2,0.013596800155937672
100,0,mlp_fc,0.679840624332428
100,0,mlp_proj,2.8964619636535645
100,1,ln1,0.0101632634177804
100,1,attn_qkv,0.4743022620677948
100,1,attn_proj,1.6297959089279175
100,1,ln2,0.011767509393393993
100,1,mlp_fc,0.555023729801178
100,1,mlp_proj,2.1835625171661377
100,2,ln1,0.008337661623954773
100,2,attn_qkv,0.4378717839717865
100,2,attn_proj,1.4616965055465698
100,2,ln2,0.010045499540865421
100,2,mlp_fc,0.5058099031448364
100,2,mlp_proj,2.0610949993133545
100,3,ln1,0.0092232134193182
100,3,attn_qkv,0.4225056767463684
100,3,attn_proj,1.5391972064971924
100,3,ln2,0.009315591305494308
100,3,mlp_fc,0.48990434408187866
100,3,mlp_proj,1.8507864475250244
100,4,ln1,0.008254893124103546
100,4,attn_qkv,0.40109458565711975
100,4,attn_proj,1.4358607530593872
100,4,ln2,0.010088142938911915
100,4,mlp_fc,0.4868437647819519
100,4,mlp_proj,1.7828080654144287
100,5,ln1,0.00969672854989767
100,5,attn_qkv,0.38653814792633057
100,5,attn_proj,1.4427459239959717
100,5,ln2,0.008541341871023178
100,5,mlp_fc,0.4601074457168579
100,5,mlp_proj,1.6838349103927612
0,0,ln1,0.017133720219135284
0,0,attn_qkv,0.7612454891204834
0,0,attn_proj,2.598083972930908
0,0,ln2,0.016432490199804306
0,0,mlp_fc,0.898635983467102
0,0,mlp_proj,4.068049907684326
0,1,ln1,0.014309398829936981
0,1,attn_qkv,0.6937984824180603
0,1,attn_proj,2.3788199424743652
0,1,ln2,0.014912856742739677
0,1,mlp_fc,0.746441662311554
0,1,mlp_proj,3.0850441455841064
0,2,ln1,0.012143728323280811
0,2,attn_qkv,0.6382868885993958
0,2,attn_proj,2.0726892948150635
0,2,ln2,0.012612035498023033
0,2,mlp_fc,0.6739774346351624
0,2,mlp_proj,2.841599941253662
0,3,ln1,0.010516858659684658
0,3,attn_qkv,0.5740432739257812
0,3,attn_proj,2.083254337310791
0,3,ln2,0.012827522121369839
0,3,mlp_fc,0.6340072751045227
0,3,mlp_proj,2.5277459621429443
0,4,ln1,0.011319540441036224
0,4,attn_qkv,0.5093865394592285
0,4,attn_proj,1.833225965499878
0,4,ln2,0.01201066467911005
0,4,mlp_fc,0.5870782136917114
0,4,mlp_proj,2.302046775817871
0,5,ln1,0.009975739754736423
0,5,attn_qkv,0.45294877886772156
0,5,attn_proj,1.588693380355835
0,5,ln2,0.010507560335099697
0,5,mlp_fc,0.5249325037002563
0,5,mlp_proj,2.040832996368408
200,0,ln1,0.003773005213588476
200,0,attn_qkv,0.16038778424263
200,0,attn_proj,0.5208723545074463
200,0,ln2,0.006603604182600975
200,0,mlp_fc,0.3277450501918793
200,0,mlp_proj,1.1770431995391846
200,1,ln1,0.003612044034525752
200,1,attn_qkv,0.158853217959404
200,1,attn_proj,0.5630053877830505
200,1,ln2,0.005323232151567936
200,1,mlp_fc,0.2581935226917267
200,1,mlp_proj,0.9047802090644836
200,2,ln1,0.0036820480599999428
200,2,attn_qkv,0.17018017172813416
200,2,attn_proj,0.5920892953872681
200,2,ln2,0.005104533396661282
200,2,mlp_fc,0.23695699870586395
200,2,mlp_proj,0.8670480251312256
200,3,ln1,0.003767765825614333
200,3,attn_qkv,0.1773562878370285
200,3,attn_proj,0.6267387270927429
200,3,ln2,0.004324370063841343
200,3,mlp_fc,0.2261609137058258
200,3,mlp_proj,0.801035463809967
200,4,ln1,0.0038845017552375793
200,4,attn_qkv,0.19067837297916412
200,4,attn_proj,0.6323533654212952
200,4,ln2,0.00487548066303134
200,4,mlp_fc,0.23024173080921173
200,4,mlp_proj,0.7922847270965576
200,5,ln1,0.004507394041866064
200,5,attn_qkv,0.19534924626350403
200,5,attn_proj,0.6910524368286133
200,5,ln2,0.004907658323645592
200,5,mlp_fc,0.2303958535194397
200,5,mlp_proj,0.795433521270752
100,0,ln1,0.012965066358447075
100,0,attn_qkv,0.5525083541870117
100,0,attn_proj,1.786679983139038
100,0,ln2,0.013597055338323116
100,0,mlp_fc,0.6798286437988281
100,0,mlp_proj,2.896578073501587
100,1,ln1,0.010161874815821648
100,1,attn_qkv,0.4743078351020813
100,1,attn_proj,1.6298813819885254
100,1,ln2,0.01177049521356821
100,1,mlp_fc,0.5550422072410583
100,1,mlp_proj,2.1835224628448486
100,2,ln1,0.00833825021982193
100,2,attn_qkv,0.4379102885723114
100,2,attn_proj,1.4617743492126465
100,2,ln2,0.010044478811323643
100,2,mlp_fc,0.5058119893074036
100,2,mlp_proj,2.061060667037964
100,3,ln1,0.009223636239767075
100,3,attn_qkv,0.42250627279281616
100,3,attn_proj,1.5392032861709595
100,3,ln2,0.009314065799117088
100,3,mlp_fc,0.48992276191711426
100,3,mlp_proj,1.850852608680725
100,4,ln1,0.008254478685557842
100,4,attn_qkv,0.401093065738678
100,4,attn_proj,1.4359182119369507
100,4,ln2,0.010087596252560616
100,4,mlp_fc,0.48685604333877563
100,4,mlp_proj,1.7827751636505127
100,5,ln1,0.00969542097300291
100,5,attn_qkv,0.38651496171951294
100,5,attn_proj,1.4427976608276367
100,5,ln2,0.008541827090084553
100,5,mlp_fc,0.46009430289268494
100,5,mlp_proj,1.6838250160217285
100,0,ln1,0.014165767468512058
100,0,attn_qkv,0.3076308071613312
100,0,attn_proj,0.30140751600265503
100,0,ln2,0.006982504855841398
100,0,mlp_fc,0.11131966859102249
100,0,mlp_proj,0.21256105601787567
100,1,ln1,0.0008213281398639083
100,1,attn_qkv,0.027714457362890244
100,1,attn_proj,0.04959632083773613
100,1,ln2,0.0037346433382481337
100,1,mlp_fc,0.0701528862118721
100,1,mlp_proj,0.1577814668416977
100,2,ln1,0.000573197437915951
100,2,attn_qkv,0.018090030178427696
100,2,attn_proj,0.030515944585204124
100,2,ln2,0.002680049277842045
100,2,mlp_fc,0.052403636276721954
100,2,mlp_proj,0.12440093606710434
100,3,ln1,0.0005293288268148899
100,3,attn_qkv,0.019330987706780434
100,3,attn_proj,0.03799964115023613
100,3,ln2,0.002033315133303404
100,3,mlp_fc,0.04352070018649101
100,3,mlp_proj,0.10456733405590057
100,4,ln1,0.0008660221938043833
100,4,attn_qkv,0.025138895958662033
100,4,attn_proj,0.04652995243668556
100,4,ln2,0.0017001449596136808
100,4,mlp_fc,0.03960137069225311
100,4,mlp_proj,0.09682255238294601
100,5,ln1,0.0009049935615621507
100,5,attn_qkv,0.025835033506155014
100,5,attn_proj,0.05454901605844498
100,5,ln2,0.0016723738517612219
100,5,mlp_fc,0.038527075201272964
100,5,mlp_proj,0.08472392708063126
0,0,ln1,0.017133720219135284
0,0,attn_qkv,0.7612454891204834
0,0,attn_proj,2.598083972930908
0,0,ln2,0.016432490199804306
0,0,mlp_fc,0.898635983467102
0,0,mlp_proj,4.068049907684326
0,1,ln1,0.014309398829936981
0,1,attn_qkv,0.6937984824180603
0,1,attn_proj,2.3788199424743652
0,1,ln2,0.014912856742739677
0,1,mlp_fc,0.746441662311554
0,1,mlp_proj,3.0850441455841064
0,2,ln1,0.012143728323280811
0,2,attn_qkv,0.6382868885993958
0,2,attn_proj,2.0726892948150635
0,2,ln2,0.012612035498023033
0,2,mlp_fc,0.6739774346351624
0,2,mlp_proj,2.841599941253662
0,3,ln1,0.010516858659684658
0,3,attn_qkv,0.5740432739257812
0,3,attn_proj,2.083254337310791
0,3,ln2,0.012827522121369839
0,3,mlp_fc,0.6340072751045227
0,3,mlp_proj,2.5277459621429443
0,4,ln1,0.011319540441036224
0,4,attn_qkv,0.5093865394592285
0,4,attn_proj,1.833225965499878
0,4,ln2,0.01201066467911005
0,4,mlp_fc,0.5870782136917114
0,4,mlp_proj,2.302046775817871
0,5,ln1,0.009975739754736423
0,5,attn_qkv,0.45294877886772156
0,5,attn_proj,1.588693380355835
0,5,ln2,0.010507560335099697
0,5,mlp_fc,0.5249325037002563
0,5,mlp_proj,2.040832996368408
200,0,ln1,0.0037735672667622566
200,0,attn_qkv,0.1603432446718216
200,0,attn_proj,0.5207496881484985
200,0,ln2,0.006603430490940809
200,0,mlp_fc,0.32771939039230347
200,0,mlp_proj,1.1768724918365479
200,1,ln1,0.0036107399500906467
200,1,attn_qkv,0.1587546169757843
200,1,attn_proj,0.5627971887588501
200,1,ln2,0.005323837045580149
200,1,mlp_fc,0.2581869661808014
200,1,mlp_proj,0.904765784740448
200,2,ln1,0.003683132817968726
200,2,attn_qkv,0.17019106447696686
200,2,attn_proj,0.5920348167419434
200,2,ln2,0.005103957839310169
200,2,mlp_fc,0.2369384616613388
200,2,mlp_proj,0.8669922351837158
200,3,ln1,0.0037667008582502604
200,3,attn_qkv,0.17732149362564087
200,3,attn_proj,0.6266406774520874
200,3,ln2,0.004323500208556652
200,3,mlp_fc,0.22616387903690338
200,3,mlp_proj,0.8009777069091797
200,4,ln1,0.003884185804054141
200,4,attn_qkv,0.1906716227531433
200,4,attn_proj,0.6323046088218689
200,4,ln2,0.004874235950410366
200,4,mlp_fc,0.23019492626190186
200,4,mlp_proj,0.7922224402427673
200,5,ln1,0.004508025944232941
200,5,attn_qkv,0.1953505128622055
200,5,attn_proj,0.6910156011581421
200,5,ln2,0.0049077668227255344
200,5,mlp_fc,0.23036935925483704
200,5,mlp_proj,0.7953574061393738
200,0,ln1,0.008303068578243256
200,0,attn_qkv,0.21046006679534912
200,0,attn_proj,0.1412408947944641
200,0,ln2,0.004374421201646328
200,0,mlp_fc,0.062440186738967896
200,0,mlp_proj,0.11891526728868484
200,1,ln1,0.0014659569133073092
200,1,attn_qkv,0.03043052926659584
200,1,attn_proj,0.027579745277762413
200,1,ln2,0.0024804403074085712
200,1,mlp_fc,0.04268357530236244
200,1,mlp_proj,0.09518309682607651
200,2,ln1,0.000743635930120945
200,2,attn_qkv,0.01786155439913273
200,2,attn_proj,0.025904519483447075
200,2,ln2,0.0017672576941549778
200,2,mlp_fc,0.033454135060310364
200,2,mlp_proj,0.08063238859176636
200,3,ln1,0.0008510209736414254
200,3,attn_qkv,0.021050039678812027
200,3,attn_proj,0.034325502812862396
200,3,ln2,0.001762781641446054
200,3,mlp_fc,0.030069010332226753
200,3,mlp_proj,0.07186257094144821
200,4,ln1,0.0010069472482427955
200,4,attn_qkv,0.024275770410895348
200,4,attn_proj,0.03716721013188362
200,4,ln2,0.0016519733471795917
200,4,mlp_fc,0.028969522565603256
200,4,mlp_proj,0.06299465149641037
200,5,ln1,0.0015409394400194287
200,5,attn_qkv,0.035841066390275955
200,5,attn_proj,0.04025005176663399
200,5,ln2,0.0016434816643595695
200,5,mlp_fc,0.029698966071009636
200,5,mlp_proj,0.054593510925769806
100,0,ln1,0.0027792167384177446
100,0,attn_qkv,0.11560065299272537
100,0,attn_proj,0.3728398382663727
100,0,ln2,0.006174810230731964
100,0,mlp_fc,0.2584139108657837
100,0,mlp_proj,0.8589425683021545
100,1,ln1,0.0022784832399338484
100,1,attn_qkv,0.0924365296959877
100,1,attn_proj,0.3056274354457855
100,1,ln2,0.00405913358554244
100,1,mlp_fc,0.18026773631572723
100,1,mlp_proj,0.6017649173736572
100,2,ln1,0.0017950767651200294
100,2,attn_qkv,0.08049638569355011
100,2,attn_proj,0.26560676097869873
100,2,ln2,0.003170426469296217
100,2,mlp_fc,0.15384723246097565
100,2,mlp_proj,0.5156269073486328
100,3,ln1,0.0014040510868653655
100,3,attn_qkv,0.06869399547576904
100,3,attn_proj,0.2345278412103653
100,3,ln2,0.0027426276355981827
100,3,mlp_fc,0.13107582926750183
100,3,mlp_proj,0.43860459327697754
100,4,ln1,0.0014547016471624374
100,4,attn_qkv,0.068110890686512
100,4,attn_proj,0.2248266637325287
100,4,ln2,0.0026312030386179686
100,4,mlp_fc,0.12164879590272903
100,4,mlp_proj,0.39135435223579407
100,5,ln1,0.0013625117717310786
100,5,attn_qkv,0.06613345444202423
100,5,attn_proj,0.23698663711547852
100,5,ln2,0.002261863322928548
100,5,mlp_fc,0.11176878958940506
100,5,mlp_proj,0.3686390519142151
0,0,ln1,0.017133720219135284
0,0,attn_qkv,0.7612454891204834
0,0,attn_proj,2.598083972930908
0,0,ln2,0.016432490199804306
0,0,mlp_fc,0.898635983467102
0,0,mlp_proj,4.068049907684326
0,1,ln1,0.014309398829936981
0,1,attn_qkv,0.6937984824180603
0,1,attn_proj,2.3788199424743652
0,1,ln2,0.014912856742739677
0,1,mlp_fc,0.746441662311554
0,1,mlp_proj,3.0850441455841064
0,2,ln1,0.012143728323280811
0,2,attn_qkv,0.6382868885993958
0,2,attn_proj,2.0726892948150635
0,2,ln2,0.012612035498023033
0,2,mlp_fc,0.6739774346351624
0,2,mlp_proj,2.841599941253662
0,3,ln1,0.010516858659684658
0,3,attn_qkv,0.5740432739257812
0,3,attn_proj,2.083254337310791
0,3,ln2,0.012827522121369839
0,3,mlp_fc,0.6340072751045227
0,3,mlp_proj,2.5277459621429443
0,4,ln1,0.011319540441036224
0,4,attn_qkv,0.5093865394592285
0,4,attn_proj,1.833225965499878
0,4,ln2,0.01201066467911005
0,4,mlp_fc,0.5870782136917114
0,4,mlp_proj,2.302046775817871
0,5,ln1,0.009975739754736423
0,5,attn_qkv,0.45294877886772156
0,5,attn_proj,1.588693380355835
0,5,ln2,0.010507560335099697
0,5,mlp_fc,0.5249325037002563
0,5,mlp_proj,2.040832996368408
0,0,ln1,0.017133720219135284
0,0,attn_qkv,0.7612454891204834
0,0,attn_proj,2.598083972930908
0,0,ln2,0.016432490199804306
0,0,mlp_fc,0.898635983467102
0,0,mlp_proj,4.068049907684326
0,1,ln1,0.014309398829936981
0,1,attn_qkv,0.6937984824180603
0,1,attn_proj,2.3788199424743652
0,1,ln2,0.014912856742739677
0,1,mlp_fc,0.746441662311554
0,1,mlp_proj,3.0850441455841064
0,2,ln1,0.012143728323280811
0,2,attn_qkv,0.6382868885993958
0,2,attn_proj,2.0726892948150635
0,2,ln2,0.012612035498023033
0,2,mlp_fc,0.6739774346351624
0,2,mlp_proj,2.841599941253662
0,3,ln1,0.010516858659684658
0,3,attn_qkv,0.5740432739257812
0,3,attn_proj,2.083254337310791
0,3,ln2,0.012827522121369839
0,3,mlp_fc,0.6340072751045227
0,3,mlp_proj,2.5277459621429443
0,4,ln1,0.011319540441036224
0,4,attn_qkv,0.5093865394592285
0,4,attn_proj,1.833225965499878
0,4,ln2,0.01201066467911005
0,4,mlp_fc,0.5870782136917114
0,4,mlp_proj,2.302046775817871
0,5,ln1,0.009975739754736423
0,5,attn_qkv,0.45294877886772156
0,5,attn_proj,1.588693380355835
0,5,ln2,0.010507560335099697
0,5,mlp_fc,0.5249325037002563
0,5,mlp_proj,2.040832996368408
100,0,ln1,0.002778248628601432
100,0,attn_qkv,0.11560782790184021
100,0,attn_proj,0.372835636138916
100,0,ln2,0.006176833529025316
100,0,mlp_fc,0.25842106342315674
100,0,mlp_proj,0.8589581251144409
100,1,ln1,0.002279062755405903
100,1,attn_qkv,0.0924365371465683
100,1,attn_proj,0.3056047856807709
100,1,ln2,0.004056749865412712
100,1,mlp_fc,0.18025682866573334
100,1,mlp_proj,0.6017338633537292
100,2,ln1,0.001793829258531332
100,2,attn_qkv,0.08045700937509537
100,2,attn_proj,0.2655539810657501
100,2,ln2,0.003170115640386939
100,2,mlp_fc,0.15383264422416687
100,2,mlp_proj,0.5155966877937317
100,3,ln1,0.0014046999858692288
100,3,attn_qkv,0.06870384514331818
100,3,attn_proj,0.234469935297966
100,3,ln2,0.0027425093576312065
100,3,mlp_fc,0.13107027113437653
100,3,mlp_proj,0.43860286474227905
100,4,ln1,0.001454477896913886
100,4,attn_qkv,0.0681157335639
100,4,attn_proj,0.22480157017707825
100,4,ln2,0.0026302505284547806
100,4,mlp_fc,0.1216277927160263
100,4,mlp_proj,0.3912745416164398
100,5,ln1,0.0013629271415993571
100,5,attn_qkv,0.06611325591802597
100,5,attn_proj,0.23696991801261902
100,5,ln2,0.002260815119370818
100,5,mlp_fc,0.11174055933952332
100,5,mlp_proj,0.3685856759548187
200,0,ln1,0.005606651771813631
200,0,attn_qkv,0.27964743971824646
200,0,attn_proj,0.9254535436630249
200,0,ln2,0.007901028729975224
200,0,mlp_fc,0.3129501938819885
200,0,mlp_proj,1.0689634084701538
200,1,ln1,0.002701348392292857
200,1,attn_qkv,0.13885244727134705
200,1,attn_proj,0.45781055092811584
200,1,ln2,0.004588797222822905
200,1,mlp_fc,0.1992107480764389
200,1,mlp_proj,0.6900247931480408
200,2,ln1,0.0023714604321867228
200,2,attn_qkv,0.11259360611438751
200,2,attn_proj,0.3324718475341797
200,2,ln2,0.003588583553209901
200,2,mlp_fc,0.15281017124652863
200,2,mlp_proj,0.5286394953727722
200,3,ln1,0.0017676294082775712
200,3,attn_qkv,0.08347075432538986
200,3,attn_proj,0.26640447974205017
200,3,ln2,0.0030662885401397943
200,3,mlp_fc,0.13047721982002258
200,3,mlp_proj,0.4451005160808563
200,4,ln1,0.0017609735950827599
200,4,attn_qkv,0.07768293470144272
200,4,attn_proj,0.23505350947380066
200,4,ln2,0.0025346484035253525
200,4,mlp_fc,0.11884859949350357
200,4,mlp_proj,0.40834569931030273
200,5,ln1,0.0016706956084817648
200,5,attn_qkv,0.07282564789056778
200,5,attn_proj,0.24442361295223236
200,5,ln2,0.002549094380810857
200,5,mlp_fc,0.11197565495967865
200,5,mlp_proj,0.3770690858364105
100,0,ln1,0.012968179769814014
100,0,attn_qkv,0.5525896549224854
100,0,attn_proj,1.786828875541687
100,0,ln2,0.013599326834082603
100,0,mlp_fc,0.6798173785209656
100,0,mlp_proj,2.8964498043060303
100,1,ln1,0.010160766541957855
100,1,attn_qkv,0.47431105375289917
100,1,attn_proj,1.6299078464508057
100,1,ln2,0.011769759468734264
100,1,mlp_fc,0.5550272464752197
100,1,mlp_proj,2.1834754943847656
100,2,ln1,0.008336967788636684
100,2,attn_qkv,0.43787938356399536
100,2,attn_proj,1.4616341590881348
100,2,ln2,0.010044803842902184
100,2,mlp_fc,0.5058064460754395
100,2,mlp_proj,2.0609548091888428
100,3,ln1,0.009223438799381256
100,3,attn_qkv,0.4224846661090851
100,3,attn_proj,1.5391725301742554
100,3,ln2,0.00931333377957344
100,3,mlp_fc,0.4898832142353058
100,3,mlp_proj,1.8507663011550903
100,4,ln1,0.00825363490730524
100,4,attn_qkv,0.40108445286750793
100,4,attn_proj,1.4358211755752563
100,4,ln2,0.010089000687003136
100,4,mlp_fc,0.4868384897708893
100,4,mlp_proj,1.7827595472335815
100,5,ln1,0.00969555601477623
100,5,attn_qkv,0.38652271032333374
100,5,attn_proj,1.442806601524353
100,5,ln2,0.008541742339730263
100,5,mlp_fc,0.4600873589515686
100,5,mlp_proj,1.6837453842163086
200,0,ln1,0.005606577731668949
200,0,attn_qkv,0.27974751591682434
200,0,attn_proj,0.9257438778877258
200,0,ln2,0.007906933315098286
200,0,mlp_fc,0.3130075931549072
200,0,mlp_proj,1.0688785314559937
200,1,ln1,0.0027001239359378815
200,1,attn_qkv,0.1387845128774643
200,1,attn_proj,0.4577432870864868
200,1,ln2,0.00458791246637702
200,1,mlp_fc,0.19926108419895172
200,1,mlp_proj,0.69014573097229
200,2,ln1,0.002371956827118993
200,2,attn_qkv,0.11256217211484909
200,2,attn_proj,0.3324362337589264
200,2,ln2,0.003590123262256384
200,2,mlp_fc,0.15284639596939087
200,2,mlp_proj,0.5286905765533447
200,3,ln1,0.0017665221821516752
200,3,attn_qkv,0.0834779143333435
200,3,attn_proj,0.26642701029777527
200,3,ln2,0.0030648407991975546
200,3,mlp_fc,0.13050203025341034
200,3,mlp_proj,0.44520628452301025
200,4,ln1,0.0017607612535357475
200,4,attn_qkv,0.07770147919654846
200,4,attn_proj,0.23514755070209503
200,4,ln2,0.002536020241677761
200,4,mlp_fc,0.1189020499587059
200,4,mlp_proj,0.4085612893104553
200,5,ln1,0.0016702460125088692
200,5,attn_qkv,0.07286211848258972
200,5,attn_proj,0.24456408619880676
200,5,ln2,0.0025508219841867685
200,5,mlp_fc,0.11203566193580627
200,5,mlp_proj,0.37728896737098694
0,0,ln1,0.017133720219135284
0,0,attn_qkv,0.7612454891204834
0,0,attn_proj,2.598083972930908
0,0,ln2,0.016432490199804306
0,0,mlp_fc,0.898635983467102
0,0,mlp_proj,4.068049907684326
0,1,ln1,0.014309398829936981
0,1,attn_qkv,0.6937984824180603
0,1,attn_proj,2.3788199424743652
0,1,ln2,0.014912856742739677
0,1,mlp_fc,0.746441662311554
0,1,mlp_proj,3.0850441455841064
0,2,ln1,0.012143728323280811
0,2,attn_qkv,0.6382868885993958
0,2,attn_proj,2.0726892948150635
0,2,ln2,0.012612035498023033
0,2,mlp_fc,0.6739774346351624
0,2,mlp_proj,2.841599941253662
0,3,ln1,0.010516858659684658
0,3,attn_qkv,0.5740432739257812
0,3,attn_proj,2.083254337310791
0,3,ln2,0.012827522121369839
0,3,mlp_fc,0.6340072751045227
0,3,mlp_proj,2.5277459621429443
0,4,ln1,0.011319540441036224
0,4,attn_qkv,0.5093865394592285
0,4,attn_proj,1.833225965499878
0,4,ln2,0.01201066467911005
0,4,mlp_fc,0.5870782136917114
0,4,mlp_proj,2.302046775817871
0,5,ln1,0.009975739754736423
0,5,attn_qkv,0.45294877886772156
0,5,attn_proj,1.588693380355835
0,5,ln2,0.010507560335099697
0,5,mlp_fc,0.5249325037002563
0,5,mlp_proj,2.040832996368408
200,0,ln1,0.0037730105686932802
200,0,attn_qkv,0.16037404537200928
200,0,attn_proj,0.5207700729370117
200,0,ln2,0.0066037229262292385
200,0,mlp_fc,0.3277389705181122
200,0,mlp_proj,1.176953673362732
200,1,ln1,0.003610665677115321
200,1,attn_qkv,0.15879234671592712
200,1,attn_proj,0.56301349401474
200,1,ln2,0.005322296638041735
200,1,mlp_fc,0.2581963837146759
200,1,mlp_proj,0.9047935009002686
200,2,ln1,0.0036823065020143986
200,2,attn_qkv,0.17017057538032532
200,2,attn_proj,0.592109739780426
200,2,ln2,0.005103117320686579
200,2,mlp_fc,0.23693536221981049
200,2,mlp_proj,0.8670006394386292
200,3,ln1,0.003767144400626421
200,3,attn_qkv,0.17734460532665253
200,3,attn_proj,0.6266869902610779
200,3,ln2,0.004323894623667002
200,3,mlp_fc,0.2261519432067871
200,3,mlp_proj,0.8009809851646423
200,4,ln1,0.0038838661275804043
200,4,attn_qkv,0.19067120552062988
200,4,attn_proj,0.6322991847991943
200,4,ln2,0.004875418730080128
200,4,mlp_fc,0.23023587465286255
200,4,mlp_proj,0.7922907471656799
200,5,ln1,0.004508438520133495
200,5,attn_qkv,0.195365309715271
200,5,attn_proj,0.6910696029663086
200,5,ln2,0.0049070194363594055
200,5,mlp_fc,0.23039114475250244
200,5,mlp_proj,0.7953853607177734
0,0,ln1,0.017133720219135284
0,0,attn_qkv,0.7612454891204834
0,0,attn_proj,2.598083972930908
0,0,ln2,0.016432490199804306
0,0,mlp_fc,0.898635983467102
0,0,mlp_proj,4.068049907684326
0,1,ln1,0.014309398829936981
0,1,attn_qkv,0.6937984824180603
0,1,attn_proj,2.3788199424743652
0,1,ln2,0.014912856742739677
0,1,mlp_fc,0.746441662311554
0,1,mlp_proj,3.0850441455841064
0,2,ln1,0.012143728323280811
0,2,attn_qkv,0.6382868885993958
0,2,attn_proj,2.0726892948150635
0,2,ln2,0.012612035498023033
0,2,mlp_fc,0.6739774346351624
0,2,mlp_proj,2.841599941253662
0,3,ln1,0.010516858659684658
0,3,attn_qkv,0.5740432739257812
0,3,attn_proj,2.083254337310791
0,3,ln2,0.012827522121369839
0,3,mlp_fc,0.6340072751045227
0,3,mlp_proj,2.5277459621429443
0,4,ln1,0.011319540441036224
0,4,attn_qkv,0.5093865394592285
0,4,attn_proj,1.833225965499878
0,4,ln2,0.01201066467911005
0,4,mlp_fc,0.5870782136917114
0,4,mlp_proj,2.302046775817871
0,5,ln1,0.009975739754736423
0,5,attn_qkv,0.45294877886772156
0,5,attn_proj,1.588693380355835
0,5,ln2,0.010507560335099697
0,5,mlp_fc,0.5249325037002563
0,5,mlp_proj,2.040832996368408
100,0,ln1,0.004284637980163097
100,0,attn_qkv,0.19616468250751495
100,0,attn_proj,0.6157888174057007
100,0,ln2,0.008345864713191986
100,0,mlp_fc,0.3344614803791046
100,0,mlp_proj,1.117791771888733
100,1,ln1,0.0032844587694853544
100,1,attn_qkv,0.15500333905220032
100,1,attn_proj,0.4840310215950012
100,1,ln2,0.005368266254663467
100,1,mlp_fc,0.23682892322540283
100,1,mlp_proj,0.8146910667419434
100,2,ln1,0.002642769366502762
100,2,attn_qkv,0.13412092626094818
100,2,attn_proj,0.40472733974456787
100,2,ln2,0.004285302013158798
100,2,mlp_fc,0.19828180968761444
100,2,mlp_proj,0.6698065400123596
100,3,ln1,0.0026951972395181656
100,3,attn_qkv,0.11037996411323547
100,3,attn_proj,0.32969188690185547
100,3,ln2,0.0036591868847608566
100,3,mlp_fc,0.1675272434949875
100,3,mlp_proj,0.5715263485908508
100,4,ln1,0.0020671365782618523
100,4,attn_qkv,0.09373917430639267
100,4,attn_proj,0.27856025099754333
100,4,ln2,0.0031519667245447636
100,4,mlp_fc,0.1555466651916504
100,4,mlp_proj,0.515802264213562
100,5,ln1,0.001970773097127676
100,5,attn_qkv,0.08503709733486176
100,5,attn_proj,0.29159989953041077
100,5,ln2,0.0028922504279762506
100,5,mlp_fc,0.14009778201580048
100,5,mlp_proj,0.474026083946228
100,0,ln1,0.004283193498849869
100,0,attn_qkv,0.19612865149974823
100,0,attn_proj,0.6156682968139648
100,0,ln2,0.008341585285961628
100,0,mlp_fc,0.33437275886535645
100,0,mlp_proj,1.1174687147140503
100,1,ln1,0.0032821297645568848
100,1,attn_qkv,0.15493158996105194
100,1,attn_proj,0.48393335938453674
100,1,ln2,0.005366860888898373
100,1,mlp_fc,0.2367476522922516
100,1,mlp_proj,0.8143849968910217
100,2,ln1,0.002640580525621772
100,2,attn_qkv,0.1340881884098053
100,2,attn_proj,0.40459975600242615
100,2,ln2,0.004285234026610851
100,2,mlp_fc,0.1982065737247467
100,2,mlp_proj,0.6695009469985962
100,3,ln1,0.0026956689544022083
100,3,attn_qkv,0.11031342297792435
100,3,attn_proj,0.3295561969280243
100,3,ln2,0.0036591137759387493
100,3,mlp_fc,0.16748228669166565
100,3,mlp_proj,0.5713568329811096
100,4,ln1,0.002064836909994483
100,4,attn_qkv,0.09367402642965317
100,4,attn_proj,0.27837300300598145
100,4,ln2,0.0031500833574682474
100,4,mlp_fc,0.15549568831920624
100,4,mlp_proj,0.5156117081642151
100,5,ln1,0.001969792414456606
100,5,attn_qkv,0.0849648118019104
100,5,attn_proj,0.2913782000541687
100,5,ln2,0.0028915447182953358
100,5,mlp_fc,0.14002090692520142
100,5,mlp_proj,0.4737977087497711
0,0,ln1,0.017133720219135284
0,0,attn_qkv,0.7612454891204834
0,0,attn_proj,2.598083972930908
0,0,ln2,0.016432490199804306
0,0,mlp_fc,0.898635983467102
0,0,mlp_proj,4.068049907684326
0,1,ln1,0.014309398829936981
0,1,attn_qkv,0.6937984824180603
0,1,attn_proj,2.3788199424743652
0,1,ln2,0.014912856742739677
0,1,mlp_fc,0.746441662311554
0,1,mlp_proj,3.0850441455841064
0,2,ln1,0.012143728323280811
0,2,attn_qkv,0.6382868885993958
0,2,attn_proj,2.0726892948150635
0,2,ln2,0.012612035498023033
0,2,mlp_fc,0.6739774346351624
0,2,mlp_proj,2.841599941253662
0,3,ln1,0.010516858659684658
0,3,attn_qkv,0.5740432739257812
0,3,attn_proj,2.083254337310791
0,3,ln2,0.012827522121369839
0,3,mlp_fc,0.6340072751045227
0,3,mlp_proj,2.5277459621429443
0,4,ln1,0.011319540441036224
0,4,attn_qkv,0.5093865394592285
0,4,attn_proj,1.833225965499878
0,4,ln2,0.01201066467911005
0,4,mlp_fc,0.5870782136917114
0,4,mlp_proj,2.302046775817871
0,5,ln1,0.009975739754736423
0,5,attn_qkv,0.45294877886772156
0,5,attn_proj,1.588693380355835
0,5,ln2,0.010507560335099697
0,5,mlp_fc,0.5249325037002563
0,5,mlp_proj,2.040832996368408
200,0,ln1,0.006351948715746403
200,0,attn_qkv,0.3195842504501343
200,0,attn_proj,0.9734889268875122
200,0,ln2,0.008079173974692822
200,0,mlp_fc,0.28076690435409546
200,0,mlp_proj,0.9011891484260559
200,1,ln1,0.0022822727914899588
200,1,attn_qkv,0.11454789340496063
200,1,attn_proj,0.3589361011981964
200,1,ln2,0.004141129087656736
200,1,mlp_fc,0.1717837154865265
200,1,mlp_proj,0.5849140882492065
200,2,ln1,0.001976779894903302
200,2,attn_qkv,0.09303463995456696
200,2,attn_proj,0.27363598346710205
200,2,ln2,0.0033422999549657106
200,2,mlp_fc,0.1347164809703827
200,2,mlp_proj,0.4589415490627289
200,3,ln1,0.0015567701775580645
200,3,attn_qkv,0.07325851917266846
200,3,attn_proj,0.23064054548740387
200,3,ln2,0.002799280220642686
200,3,mlp_fc,0.1155049055814743
200,3,mlp_proj,0.39136749505996704
200,4,ln1,0.0016876925947144628
200,4,attn_qkv,0.0704798772931099
200,4,attn_proj,0.21015426516532898
200,4,ln2,0.0023750055115669966
200,4,mlp_fc,0.10643599927425385
200,4,mlp_proj,0.36362946033477783
200,5,ln1,0.0016090277349576354
200,5,attn_qkv,0.06814669817686081
200,5,attn_proj,0.22149251401424408
200,5,ln2,0.0021951051894575357
200,5,mlp_fc,0.10110261291265488
200,5,mlp_proj,0.33678632974624634
200,0,ln1,0.006344618275761604
200,0,attn_qkv,0.3190933167934418
200,0,attn_proj,0.9720731973648071
200,0,ln2,0.00807520654052496
200,0,mlp_fc,0.2806720435619354
200,0,mlp_proj,0.9006912708282471
200,1,ln1,0.0022781197912991047
200,1,attn_qkv,0.11439305543899536
200,1,attn_proj,0.35846325755119324
200,1,ln2,0.004140457604080439
200,1,mlp_fc,0.17172497510910034
200,1,mlp_proj,0.5845844149589539
200,2,ln1,0.001974983373656869
200,2,attn_qkv,0.09293469786643982
200,2,attn_proj,0.27334481477737427
200,2,ln2,0.0033414913341403008
200,2,mlp_fc,0.13466565310955048
200,2,mlp_proj,0.458748459815979
200,3,ln1,0.0015552503755316138
200,3,attn_qkv,0.07318518310785294
200,3,attn_proj,0.23038847744464874
200,3,ln2,0.0027952096424996853
200,3,mlp_fc,0.11546996235847473
200,3,mlp_proj,0.3912087380886078
200,4,ln1,0.0016861858312040567
200,4,attn_qkv,0.07040971517562866
200,4,attn_proj,0.20998984575271606
200,4,ln2,0.0023734229616820812
200,4,mlp_fc,0.10640140622854233
200,4,mlp_proj,0.36353427171707153
200,5,ln1,0.001607460086233914
200,5,attn_qkv,0.0680980235338211
200,5,attn_proj,0.22140473127365112
200,5,ln2,0.0021965177729725838
200,5,mlp_fc,0.10109580308198929
200,5,mlp_proj,0.3367456793785095
0,0,ln1,0.017133720219135284
0,0,attn_qkv,0.7612454891204834
0,0,attn_proj,2.598083972930908
0,0,ln2,0.016432490199804306
0,0,mlp_fc,0.898635983467102
0,0,mlp_proj,4.068049907684326
0,1,ln1,0.014309398829936981
0,1,attn_qkv,0.6937984824180603
0,1,attn_proj,2.3788199424743652
0,1,ln2,0.014912856742739677
0,1,mlp_fc,0.746441662311554
0,1,mlp_proj,3.0850441455841064
0,2,ln1,0.012143728323280811
0,2,attn_qkv,0.6382868885993958
0,2,attn_proj,2.0726892948150635
0,2,ln2,0.012612035498023033
0,2,mlp_fc,0.6739774346351624
0,2,mlp_proj,2.841599941253662
0,3,ln1,0.010516858659684658
0,3,attn_qkv,0.5740432739257812
0,3,attn_proj,2.083254337310791
0,3,ln2,0.012827522121369839
0,3,mlp_fc,0.6340072751045227
0,3,mlp_proj,2.5277459621429443
0,4,ln1,0.011319540441036224
0,4,attn_qkv,0.5093865394592285
0,4,attn_proj,1.833225965499878
0,4,ln2,0.01201066467911005
0,4,mlp_fc,0.5870782136917114
0,4,mlp_proj,2.302046775817871
0,5,ln1,0.009975739754736423
0,5,attn_qkv,0.45294877886772156
0,5,attn_proj,1.588693380355835
0,5,ln2,0.010507560335099697
0,5,mlp_fc,0.5249325037002563
0,5,mlp_proj,2.040832996368408
100,0,ln1,0.002776721026748419
100,0,attn_qkv,0.11555370688438416
100,0,attn_proj,0.3726760149002075
100,0,ln2,0.006173972971737385
100,0,mlp_fc,0.2583788335323334
100,0,mlp_proj,0.8587912917137146
100,1,ln1,0.002277225721627474
100,1,attn_qkv,0.09238234162330627
100,1,attn_proj,0.305552214384079
100,1,ln2,0.004058109130710363
100,1,mlp_fc,0.1802653670310974
100,1,mlp_proj,0.601737380027771
100,2,ln1,0.0017950411420315504
100,2,attn_qkv,0.08047448843717575
100,2,attn_proj,0.265588641166687
100,2,ln2,0.0031702849082648754
100,2,mlp_fc,0.15383672714233398
100,2,mlp_proj,0.5155916810035706
100,3,ln1,0.001404318492859602
100,3,attn_qkv,0.06871190667152405
100,3,attn_proj,0.2345525175333023
100,3,ln2,0.0027438218239694834
100,3,mlp_fc,0.13107195496559143
100,3,mlp_proj,0.43864747881889343
100,4,ln1,0.001454729586839676
100,4,attn_qkv,0.06811116635799408
100,4,attn_proj,0.22486649453639984
100,4,ln2,0.002631603507325053
100,4,mlp_fc,0.12164270877838135
100,4,mlp_proj,0.3913295567035675
100,5,ln1,0.0013624855782836676
100,5,attn_qkv,0.06614433228969574
100,5,attn_proj,0.23704801499843597
100,5,ln2,0.002263382775709033
100,5,mlp_fc,0.11178753525018692
100,5,mlp_proj,0.36869075894355774
0,0,ln1,0.017133720219135284
0,0,attn_qkv,0.7612454891204834
0,0,attn_proj,2.598083972930908
0,0,ln2,0.016432490199804306
0,0,mlp_fc,0.898635983467102
0,0,mlp_proj,4.068049907684326
0,1,ln1,0.014309398829936981
0,1,attn_qkv,0.6937984824180603
0,1,attn_proj,2.3788199424743652
0,1,ln2,0.014912856742739677
0,1,mlp_fc,0.746441662311554
0,1,mlp_proj,3.0850441455841064
0,2,ln1,0.012143728323280811
0,2,attn_qkv,0.6382868885993958
0,2,attn_proj,2.0726892948150635
0,2,ln2,0.012612035498023033
0,2,mlp_fc,0.6739774346351624
0,2,mlp_proj,2.841599941253662
0,3,ln1,0.010516858659684658
0,3,attn_qkv,0.5740432739257812
0,3,attn_proj,2.083254337310791
0,3,ln2,0.012827522121369839
0,3,mlp_fc,0.6340072751045227
0,3,mlp_proj,2.5277459621429443
0,4,ln1,0.011319540441036224
0,4,attn_qkv,0.5093865394592285
0,4,attn_proj,1.833225965499878
0,4,ln2,0.01201066467911005
0,4,mlp_fc,0.5870782136917114
0,4,mlp_proj,2.302046775817871
0,5,ln1,0.009975739754736423
0,5,attn_qkv,0.45294877886772156
0,5,attn_proj,1.588693380355835
0,5,ln2,0.010507560335099697
0,5,mlp_fc,0.5249325037002563
0,5,mlp_proj,2.040832996368408
100,0,ln1,0.01296866126358509
100,0,attn_qkv,0.5525636076927185
100,0,attn_proj,1.786832571029663
100,0,ln2,0.013595120050013065
100,0,mlp_fc,0.6798455715179443
100,0,mlp_proj,2.896580934524536
100,1,ln1,0.01016419380903244
100,1,attn_qkv,0.4743494689464569
100,1,attn_proj,1.6300171613693237
100,1,ln2,0.011771945282816887
100,1,mlp_fc,0.555048942565918
100,1,mlp_proj,2.1835405826568604
100,2,ln1,0.008336872793734074
100,2,attn_qkv,0.4378998279571533
100,2,attn_proj,1.461780309677124
100,2,ln2,0.010044435039162636
100,2,mlp_fc,0.5058310627937317
100,2,mlp_proj,2.061119318008423
100,3,ln1,0.009223966859281063
100,3,attn_qkv,0.4224981367588043
100,3,attn_proj,1.5392495393753052
100,3,ln2,0.00931608397513628
100,3,mlp_fc,0.48991185426712036
100,3,mlp_proj,1.850921869277954
100,4,ln1,0.008252829313278198
100,4,attn_qkv,0.4010864496231079
100,4,attn_proj,1.4358810186386108
100,4,ln2,0.010086744092404842
100,4,mlp_fc,0.4868459701538086
100,4,mlp_proj,1.782779335975647
100,5,ln1,0.009695757180452347
100,5,attn_qkv,0.3865160644054413
100,5,attn_proj,1.4426591396331787
100,5,ln2,0.008542184717953205
100,5,mlp_fc,0.4600928723812103
100,5,mlp_proj,1.6837751865386963
200,0,ln1,0.005610247142612934
200,0,attn_qkv,0.2798614799976349
200,0,attn_proj,0.9262380599975586
200,0,ln2,0.007906830869615078
200,0,mlp_fc,0.3130394220352173
200,0,mlp_proj,1.069224238395691
200,1,ln1,0.002702312543988228
200,1,attn_qkv,0.13890047371387482
200,1,attn_proj,0.45812657475471497
200,1,ln2,0.004591530188918114
200,1,mlp_fc,0.1992674022912979
200,1,mlp_proj,0.6902837157249451
200,2,ln1,0.0023726036306470633
200,2,attn_qkv,0.11262858659029007
200,2,attn_proj,0.33253172039985657
200,2,ln2,0.003591236425563693
200,2,mlp_fc,0.1528540998697281
200,2,mlp_proj,0.52874755859375
200,3,ln1,0.0017677840078249574
200,3,attn_qkv,0.0835045576095581
200,3,attn_proj,0.26647454500198364
200,3,ln2,0.0030650978442281485
200,3,mlp_fc,0.13048747181892395
200,3,mlp_proj,0.4451315701007843
200,4,ln1,0.0017610837239772081
200,4,attn_qkv,0.07769889384508133
200,4,attn_proj,0.23506754636764526
200,4,ln2,0.0025355874095112085
200,4,mlp_fc,0.11888114362955093
200,4,mlp_proj,0.4084063172340393
200,5,ln1,0.001670786994509399
200,5,attn_qkv,0.07282200455665588
200,5,attn_proj,0.2444523125886917
200,5,ln2,0.002549952594563365
200,5,mlp_fc,0.11199326068162918
200,5,mlp_proj,0.37711140513420105
100,0,ln1,0.012971600517630577
100,0,attn_qkv,0.5526022911071777
100,0,attn_proj,1.7867519855499268
100,0,ln2,0.01359710656106472
100,0,mlp_fc,0.679818332195282
100,0,mlp_proj,2.8964219093322754
100,1,ln1,0.010161783546209335
100,1,attn_qkv,0.4742891788482666
100,1,attn_proj,1.6296926736831665
100,1,ln2,0.011771157383918762
100,1,mlp_fc,0.5549916625022888
100,1,mlp_proj,2.1834139823913574
100,2,ln1,0.008336803875863552
100,2,attn_qkv,0.43789809942245483
100,2,attn_proj,1.4617068767547607
100,2,ln2,0.010046056471765041
100,2,mlp_fc,0.5057950615882874
100,2,mlp_proj,2.06107759475708
100,3,ln1,0.009222189895808697
100,3,attn_qkv,0.42247557640075684
100,3,attn_proj,1.5391333103179932
100,3,ln2,0.009316463954746723
100,3,mlp_fc,0.48988187313079834
100,3,mlp_proj,1.8507689237594604
100,4,ln1,0.008253534324467182
100,4,attn_qkv,0.40107882022857666
100,4,attn_proj,1.4359378814697266
100,4,ln2,0.010086271911859512
100,4,mlp_fc,0.4868338704109192
100,4,mlp_proj,1.7827463150024414
100,5,ln1,0.00969499722123146
100,5,attn_qkv,0.3865368068218231
100,5,attn_proj,1.442752480506897
100,5,ln2,0.008541099727153778
100,5,mlp_fc,0.4601016342639923
100,5,mlp_proj,1.6838716268539429
0,0,ln1,0.017133720219135284
0,0,attn_qkv,0.7612454891204834
0,0,attn_proj,2.598083972930908
0,0,ln2,0.016432490199804306
0,0,mlp_fc,0.898635983467102
0,0,mlp_proj,4.068049907684326
0,1,ln1,0.014309398829936981
0,1,attn_qkv,0.6937984824180603
0,1,attn_proj,2.3788199424743652
0,1,ln2,0.014912856742739677
0,1,mlp_fc,0.746441662311554
0,1,mlp_proj,3.0850441455841064
0,2,ln1,0.012143728323280811
0,2,attn_qkv,0.6382868885993958
0,2,attn_proj,2.0726892948150635
0,2,ln2,0.012612035498023033
0,2,mlp_fc,0.6739774346351624
0,2,mlp_proj,2.841599941253662
0,3,ln1,0.010516858659684658
0,3,attn_qkv,0.5740432739257812
0,3,attn_proj,2.083254337310791
0,3,ln2,0.012827522121369839
0,3,mlp_fc,0.6340072751045227
0,3,mlp_proj,2.5277459621429443
0,4,ln1,0.011319540441036224
0,4,attn_qkv,0.5093865394592285
0,4,attn_proj,1.833225965499878
0,4,ln2,0.01201066467911005
0,4,mlp_fc,0.5870782136917114
0,4,mlp_proj,2.302046775817871
0,5,ln1,0.009975739754736423
0,5,attn_qkv,0.45294877886772156
0,5,attn_proj,1.588693380355835
0,5,ln2,0.010507560335099697
0,5,mlp_fc,0.5249325037002563
0,5,mlp_proj,2.040832996368408
200,0,ln1,0.0037731127813458443
200,0,attn_qkv,0.16035926342010498
200,0,attn_proj,0.520781397819519
200,0,ln2,0.006602409761399031
200,0,mlp_fc,0.3277508020401001
200,0,mlp_proj,1.1769592761993408
200,1,ln1,0.0036092125810682774
200,1,attn_qkv,0.15875865519046783
200,1,attn_proj,0.5629292130470276
200,1,ln2,0.005321362055838108
200,1,mlp_fc,0.25822141766548157
200,1,mlp_proj,0.9048701524734497
200,2,ln1,0.003683644812554121
200,2,attn_qkv,0.17019128799438477
200,2,attn_proj,0.5921345949172974
200,2,ln2,0.005103864707052708
200,2,mlp_fc,0.23696687817573547
200,2,mlp_proj,0.8671305775642395
200,3,ln1,0.003767608664929867
200,3,attn_qkv,0.17736664414405823
200,3,attn_proj,0.6267526745796204
200,3,ln2,0.004323098808526993
200,3,mlp_fc,0.22616009414196014
200,3,mlp_proj,0.801041841506958
200,4,ln1,0.003884429344907403
200,4,attn_qkv,0.19066213071346283
200,4,attn_proj,0.6323469281196594
200,4,ln2,0.004874854348599911
200,4,mlp_fc,0.23022471368312836
200,4,mlp_proj,0.7923355102539062
200,5,ln1,0.004508540965616703
200,5,attn_qkv,0.19538860023021698
200,5,attn_proj,0.6910877227783203
200,5,ln2,0.004908114671707153
200,5,mlp_fc,0.23040112853050232
200,5,mlp_proj,0.7953837513923645
200,0,ln1,0.0037729726172983646
200,0,attn_qkv,0.1603754609823227
200,0,attn_proj,0.5207683444023132
200,0,ln2,0.006602413486689329
200,0,mlp_fc,0.3277192711830139
200,0,mlp_proj,1.176831603050232
200,1,ln1,0.003609988372772932
200,1,attn_qkv,0.15877369046211243
200,1,attn_proj,0.5628412365913391
200,1,ln2,0.0053228954784572124
200,1,mlp_fc,0.25819066166877747
200,1,mlp_proj,0.9047543406486511
200,2,ln1,0.003682495094835758
200,2,attn_qkv,0.17018264532089233
200,2,attn_proj,0.5920446515083313
200,2,ln2,0.005102428141981363
200,2,mlp_fc,0.2369242012500763
200,2,mlp_proj,0.866912305355072
200,3,ln1,0.003767441725358367
200,3,attn_qkv,0.17733684182167053
200,3,attn_proj,0.6266734004020691
200,3,ln2,0.004323028493672609
200,3,mlp_fc,0.2261650413274765
200,3,mlp_proj,0.8009752035140991
200,4,ln1,0.003884078934788704
200,4,attn_qkv,0.1906857043504715
200,4,attn_proj,0.6322951316833496
200,4,ln2,0.004873478785157204
200,4,mlp_fc,0.23022039234638214
200,4,mlp_proj,0.7922428250312805
200,5,ln1,0.004508146084845066
200,5,attn_qkv,0.19535264372825623
200,5,attn_proj,0.691016674041748
200,5,ln2,0.0049073160625994205
200,5,mlp_fc,0.230378195643425
200,5,mlp_proj,0.7953376173973083
100,0,ln1,0.004279888700693846
100,0,attn_qkv,0.1959649920463562
100,0,attn_proj,0.6151817440986633
100,0,ln2,0.008340712636709213
100,0,mlp_fc,0.33431321382522583
100,0,mlp_proj,1.1169942617416382
100,1,ln1,0.0032797520980238914
100,1,attn_qkv,0.15473289787769318
100,1,attn_proj,0.4832858741283417
100,1,ln2,0.0053671980276703835
100,1,mlp_fc,0.2366887629032135
100,1,mlp_proj,0.8140852451324463
100,2,ln1,0.002637404715642333
100,2,attn_qkv,0.13393783569335938
100,2,attn_proj,0.4042050838470459
100,2,ln2,0.004282321780920029
100,2,mlp_fc,0.19817999005317688
100,2,mlp_proj,0.6694134473800659
100,3,ln1,0.00269257090985775
100,3,attn_qkv,0.1102367490530014
100,3,attn_proj,0.3293071389198303
100,3,ln2,0.0036564248148351908
100,3,mlp_fc,0.1674635112285614
100,3,mlp_proj,0.5712919235229492
100,4,ln1,0.0020633528474718332
100,4,attn_qkv,0.09362361580133438
100,4,attn_proj,0.27831313014030457
100,4,ln2,0.0031513904687017202
100,4,mlp_fc,0.1554902195930481
100,4,mlp_proj,0.5156083703041077
100,5,ln1,0.001967816613614559
100,5,attn_qkv,0.08495170623064041
100,5,attn_proj,0.2913549244403839
100,5,ln2,0.0028914636932313442
100,5,mlp_fc,0.1400432139635086
100,5,mlp_proj,0.4738437533378601
0,0,ln1,0.017133720219135284
0,0,attn_qkv,0.7612454891204834
0,0,attn_proj,2.598083972930908
0,0,ln2,0.016432490199804306
0,0,mlp_fc,0.898635983467102
0,0,mlp_proj,4.068049907684326
0,1,ln1,0.014309398829936981
0,1,attn_qkv,0.6937984824180603
0,1,attn_proj,2.3788199424743652
0,1,ln2,0.014912856742739677
0,1,mlp_fc,0.746441662311554
0,1,mlp_proj,3.0850441455841064
0,2,ln1,0.012143728323280811
0,2,attn_qkv,0.6382868885993958
0,2,attn_proj,2.0726892948150635
0,2,ln2,0.012612035498023033
0,2,mlp_fc,0.6739774346351624
0,2,mlp_proj,2.841599941253662
0,3,ln1,0.010516858659684658
0,3,attn_qkv,0.5740432739257812
0,3,attn_proj,2.083254337310791
0,3,ln2,0.012827522121369839
0,3,mlp_fc,0.6340072751045227
0,3,mlp_proj,2.5277459621429443
0,4,ln1,0.011319540441036224
0,4,attn_qkv,0.5093865394592285
0,4,attn_proj,1.833225965499878
0,4,ln2,0.01201066467911005
0,4,mlp_fc,0.5870782136917114
0,4,mlp_proj,2.302046775817871
0,5,ln1,0.009975739754736423
0,5,attn_qkv,0.45294877886772156
0,5,attn_proj,1.588693380355835
0,5,ln2,0.010507560335099697
0,5,mlp_fc,0.5249325037002563
0,5,mlp_proj,2.040832996368408
0,0,ln1,0.017133720219135284
0,0,attn_qkv,0.7612454891204834
0,0,attn_proj,2.598083972930908
0,0,ln2,0.016432490199804306
0,0,mlp_fc,0.898635983467102
0,0,mlp_proj,4.068049907684326
0,1,ln1,0.014309398829936981
0,1,attn_qkv,0.6937984824180603
0,1,attn_proj,2.3788199424743652
0,1,ln2,0.014912856742739677
0,1,mlp_fc,0.746441662311554
0,1,mlp_proj,3.0850441455841064
0,2,ln1,0.012143728323280811
0,2,attn_qkv,0.6382868885993958
0,2,attn_proj,2.0726892948150635
0,2,ln2,0.012612035498023033
0,2,mlp_fc,0.6739774346351624
0,2,mlp_proj,2.841599941253662
0,3,ln1,0.010516858659684658
0,3,attn_qkv,0.5740432739257812
0,3,attn_proj,2.083254337310791
0,3,ln2,0.012827522121369839
0,3,mlp_fc,0.6340072751045227
0,3,mlp_proj,2.5277459621429443
0,4,ln1,0.011319540441036224
0,4,attn_qkv,0.5093865394592285
0,4,attn_proj,1.833225965499878
0,4,ln2,0.01201066467911005
0,4,mlp_fc,0.5870782136917114
0,4,mlp_proj,2.302046775817871
0,5,ln1,0.009975739754736423
0,5,attn_qkv,0.45294877886772156
0,5,attn_proj,1.588693380355835
0,5,ln2,0.010507560335099697
0,5,mlp_fc,0.5249325037002563
0,5,mlp_proj,2.040832996368408
100,0,ln1,0.002776405541226268
100,0,attn_qkv,0.11551009863615036
100,0,attn_proj,0.3726300299167633
100,0,ln2,0.006174479611217976
100,0,mlp_fc,0.25840941071510315
100,0,mlp_proj,0.8588665723800659
100,1,ln1,0.002277672290802002
100,1,attn_qkv,0.09240549802780151
100,1,attn_proj,0.3056015074253082
100,1,ln2,0.004056978039443493
100,1,mlp_fc,0.18026617169380188
100,1,mlp_proj,0.6017675399780273
100,2,ln1,0.001793709583580494
100,2,attn_qkv,0.08046378940343857
100,2,attn_proj,0.26555463671684265
100,2,ln2,0.0031696967780590057
100,2,mlp_fc,0.15383686125278473
100,2,mlp_proj,0.5155986547470093
100,3,ln1,0.0014034465420991182
100,3,attn_qkv,0.06869584321975708
100,3,attn_proj,0.2345012128353119
100,3,ln2,0.0027427903842180967
100,3,mlp_fc,0.13107886910438538
100,3,mlp_proj,0.4386245012283325
100,4,ln1,0.0014539610128849745
100,4,attn_qkv,0.06810056418180466
100,4,attn_proj,0.22478021681308746
100,4,ln2,0.0026313539128750563
100,4,mlp_fc,0.12163788825273514
100,4,mlp_proj,0.39132243394851685
100,5,ln1,0.0013631440233439207
100,5,attn_qkv,0.06613055616617203
100,5,attn_proj,0.23694215714931488
100,5,ln2,0.002262520371004939
100,5,mlp_fc,0.11177128553390503
100,5,mlp_proj,0.36861351132392883
200,0,ln1,0.006355328019708395
200,0,attn_qkv,0.31973597407341003
200,0,attn_proj,0.9738233089447021
200,0,ln2,0.008078857325017452
200,0,mlp_fc,0.2807634472846985
200,0,mlp_proj,0.9013362526893616
200,1,ln1,0.002282173838466406
200,1,attn_qkv,0.11459768563508987
200,1,attn_proj,0.3590523600578308
200,1,ln2,0.004142778925597668
200,1,mlp_fc,0.1717779040336609
200,1,mlp_proj,0.5849204659461975
200,2,ln1,0.0019778802525252104
200,2,attn_qkv,0.09306148439645767
200,2,attn_proj,0.2737191319465637
200,2,ln2,0.003341563045978546
200,2,mlp_fc,0.13469821214675903
200,2,mlp_proj,0.4588783383369446
200,3,ln1,0.0015572714619338512
200,3,attn_qkv,0.07326763868331909
200,3,attn_proj,0.23069535195827484
200,3,ln2,0.0027982022147625685
200,3,mlp_fc,0.11549655348062515
200,3,mlp_proj,0.39133045077323914
200,4,ln1,0.001687871408648789
200,4,attn_qkv,0.07047118991613388
200,4,attn_proj,0.21011421084403992
200,4,ln2,0.0023743812926113605
200,4,mlp_fc,0.10641495883464813
200,4,mlp_proj,0.3635903596878052
200,5,ln1,0.0016085096867755055
200,5,attn_qkv,0.0681554302573204
200,5,attn_proj,0.22153779864311218
200,5,ln2,0.0021956912241876125
200,5,mlp_fc,0.10110994428396225
200,5,mlp_proj,0.3367903232574463
100,0,ln1,0.002776987850666046
100,0,attn_qkv,0.11554917693138123
100,0,attn_proj,0.3726564049720764
100,0,ln2,0.006175301969051361
100,0,mlp_fc,0.2583863139152527
100,0,mlp_proj,0.858818769454956
100,1,ln1,0.002277492778375745
100,1,attn_qkv,0.09237464517354965
100,1,attn_proj,0.3055177330970764
100,1,ln2,0.004057619720697403
100,1,mlp_fc,0.1802457571029663
100,1,mlp_proj,0.6016607880592346
100,2,ln1,0.001794409821741283
100,2,attn_qkv,0.08045307546854019
100,2,attn_proj,0.2655082941055298
100,2,ln2,0.00316959572955966
100,2,mlp_fc,0.15382111072540283
100,2,mlp_proj,0.5155550837516785
100,3,ln1,0.0014035521307960153
100,3,attn_qkv,0.06870373338460922
100,3,attn_proj,0.23449140787124634
100,3,ln2,0.0027431445196270943
100,3,mlp_fc,0.13105307519435883
100,3,mlp_proj,0.43856412172317505
100,4,ln1,0.0014540625270456076
100,4,attn_qkv,0.06809815019369125
100,4,attn_proj,0.22478026151657104
100,4,ln2,0.0026315157301723957
100,4,mlp_fc,0.12163043022155762
100,4,mlp_proj,0.391311913728714
100,5,ln1,0.0013628910528495908
100,5,attn_qkv,0.06611358374357224
100,5,attn_proj,0.23689253628253937
100,5,ln2,0.002260957146063447
100,5,mlp_fc,0.1117398589849472
100,5,mlp_proj,0.36857789754867554
200,0,ln1,0.005604320205748081
200,0,attn_qkv,0.27959033846855164
200,0,attn_proj,0.9251676201820374
200,0,ln2,0.007906128652393818
200,0,mlp_fc,0.31295689940452576
200,0,mlp_proj,1.0687050819396973
200,1,ln1,0.0027006338350474834
200,1,attn_qkv,0.13877153396606445
200,1,attn_proj,0.45760378241539
200,1,ln2,0.004588046111166477
200,1,mlp_fc,0.1992032825946808
200,1,mlp_proj,0.6899449229240417
200,2,ln1,0.0023707086220383644
200,2,attn_qkv,0.11253654956817627
200,2,attn_proj,0.3322699964046478
200,2,ln2,0.003589077852666378
200,2,mlp_fc,0.1528041511774063
200,2,mlp_proj,0.5285449624061584
200,3,ln1,0.0017658219439908862
200,3,attn_qkv,0.08342938870191574
200,3,attn_proj,0.2663215100765228
200,3,ln2,0.0030649742111563683
200,3,mlp_fc,0.13045036792755127
200,3,mlp_proj,0.44495686888694763
200,4,ln1,0.0017600611317902803
200,4,attn_qkv,0.07766097038984299
200,4,attn_proj,0.23498132824897766
200,4,ln2,0.002534691710025072
200,4,mlp_fc,0.11883905529975891
200,4,mlp_proj,0.40831637382507324
200,5,ln1,0.0016698382096365094
200,5,attn_qkv,0.07279761880636215
200,5,attn_proj,0.24436534941196442
200,5,ln2,0.0025484750512987375
200,5,mlp_fc,0.11195315420627594
200,5,mlp_proj,0.37704071402549744
0,0,ln1,0.017133720219135284
0,0,attn_qkv,0.7612454891204834
0,0,attn_proj,2.598083972930908
0,0,ln2,0.016432490199804306
0,0,mlp_fc,0.898635983467102
0,0,mlp_proj,4.068049907684326
0,1,ln1,0.014309398829936981
0,1,attn_qkv,0.6937984824180603
0,1,attn_proj,2.3788199424743652
0,1,ln2,0.014912856742739677
0,1,mlp_fc,0.746441662311554
0,1,mlp_proj,3.0850441455841064
0,2,ln1,0.012143728323280811
0,2,attn_qkv,0.6382868885993958
0,2,attn_proj,2.0726892948150635
0,2,ln2,0.012612035498023033
0,2,mlp_fc,0.6739774346351624
0,2,mlp_proj,2.841599941253662
0,3,ln1,0.010516858659684658
0,3,attn_qkv,0.5740432739257812
0,3,attn_proj,2.083254337310791
0,3,ln2,0.012827522121369839
0,3,mlp_fc,0.6340072751045227
0,3,mlp_proj,2.5277459621429443
0,4,ln1,0.011319540441036224
0,4,attn_qkv,0.5093865394592285
0,4,attn_proj,1.833225965499878
0,4,ln2,0.01201066467911005
0,4,mlp_fc,0.5870782136917114
0,4,mlp_proj,2.302046775817871
0,5,ln1,0.009975739754736423
0,5,attn_qkv,0.45294877886772156
0,5,attn_proj,1.588693380355835
0,5,ln2,0.010507560335099697
0,5,mlp_fc,0.5249325037002563
0,5,mlp_proj,2.040832996368408
0,0,ln1,0.017133720219135284
0,0,attn_qkv,0.7612454891204834
0,0,attn_proj,2.598083972930908
0,0,ln2,0.016432490199804306
0,0,mlp_fc,0.898635983467102
0,0,mlp_proj,4.068049907684326
0,1,ln1,0.014309398829936981
0,1,attn_qkv,0.6937984824180603
0,1,attn_proj,2.3788199424743652
0,1,ln2,0.014912856742739677
0,1,mlp_fc,0.746441662311554
0,1,mlp_proj,3.0850441455841064
0,2,ln1,0.012143728323280811
0,2,attn_qkv,0.6382868885993958
0,2,attn_proj,2.0726892948150635
0,2,ln2,0.012612035498023033
0,2,mlp_fc,0.6739774346351624
0,2,mlp_proj,2.841599941253662
0,3,ln1,0.010516858659684658
0,3,attn_qkv,0.5740432739257812
0,3,attn_proj,2.083254337310791
0,3,ln2,0.012827522121369839
0,3,mlp_fc,0.6340072751045227
0,3,mlp_proj,2.5277459621429443
0,4,ln1,0.011319540441036224
0,4,attn_qkv,0.5093865394592285
0,4,attn_proj,1.833225965499878
0,4,ln2,0.01201066467911005
0,4,mlp_fc,0.5870782136917114
0,4,mlp_proj,2.302046775817871
0,5,ln1,0.009975739754736423
0,5,attn_qkv,0.45294877886772156
0,5,attn_proj,1.588693380355835
0,5,ln2,0.010507560335099697
0,5,mlp_fc,0.5249325037002563
0,5,mlp_proj,2.040832996368408
200,0,ln1,0.005603991448879242
200,0,attn_qkv,0.27956148982048035
200,0,attn_proj,0.9252387285232544
200,0,ln2,0.007906054146587849
200,0,mlp_fc,0.3129124343395233
200,0,mlp_proj,1.0684657096862793
200,1,ln1,0.0026987725868821144
200,1,attn_qkv,0.13869763910770416
200,1,attn_proj,0.45746269822120667
200,1,ln2,0.004587480332702398
200,1,mlp_fc,0.1992080956697464
200,1,mlp_proj,0.6899469494819641
200,2,ln1,0.0023705961648374796
200,2,attn_qkv,0.11251223087310791
200,2,attn_proj,0.33227378129959106
200,2,ln2,0.003587382147088647
200,2,mlp_fc,0.15281377732753754
200,2,mlp_proj,0.5285850167274475
200,3,ln1,0.0017663909820839763
200,3,attn_qkv,0.08345700055360794
200,3,attn_proj,0.2663578689098358
200,3,ln2,0.0030642168130725622
200,3,mlp_fc,0.1304752230644226
200,3,mlp_proj,0.44512683153152466
200,4,ln1,0.001759739825502038
200,4,attn_qkv,0.07768267393112183
200,4,attn_proj,0.235073983669281
200,4,ln2,0.002535842591896653
200,4,mlp_fc,0.1188855916261673
200,4,mlp_proj,0.40850406885147095
200,5,ln1,0.0016701272688806057
200,5,attn_qkv,0.07285003364086151
200,5,attn_proj,0.24456378817558289
200,5,ln2,0.0025513037107884884
200,5,mlp_fc,0.11201513558626175
200,5,mlp_proj,0.3772444725036621
100,0,ln1,0.012969572097063065
100,0,attn_qkv,0.5525309443473816
100,0,attn_proj,1.7867772579193115
100,0,ln2,0.013595647178590298
100,0,mlp_fc,0.6797869801521301
100,0,mlp_proj,2.8963704109191895
100,1,ln1,0.01016165129840374
100,1,attn_qkv,0.474257230758667
100,1,attn_proj,1.6297636032104492
100,1,ln2,0.011769936420023441
100,1,mlp_fc,0.5550064444541931
100,1,mlp_proj,2.1834306716918945
100,2,ln1,0.008336953818798065
100,2,attn_qkv,0.4379005432128906
100,2,attn_proj,1.4616942405700684
100,2,ln2,0.010046071372926235
100,2,mlp_fc,0.5057911276817322
100,2,mlp_proj,2.0610737800598145
100,3,ln1,0.009224019013345242
100,3,attn_qkv,0.4224776327610016
100,3,attn_proj,1.5391508340835571
100,3,ln2,0.009313669055700302
100,3,mlp_fc,0.48986467719078064
100,3,mlp_proj,1.850785255432129
100,4,ln1,0.008254438638687134
100,4,attn_qkv,0.4010900855064392
100,4,attn_proj,1.4357911348342896
100,4,ln2,0.01008751429617405
100,4,mlp_fc,0.4868158996105194
100,4,mlp_proj,1.7827129364013672
100,5,ln1,0.009695306420326233
100,5,attn_qkv,0.38651806116104126
100,5,attn_proj,1.4427947998046875
100,5,ln2,0.00854056142270565
100,5,mlp_fc,0.46006670594215393
100,5,mlp_proj,1.6837828159332275
200,0,ln1,0.0037747309543192387
200,0,attn_qkv,0.1604006588459015
200,0,attn_proj,0.5209368467330933
200,0,ln2,0.006603271700441837
200,0,mlp_fc,0.32773929834365845
200,0,mlp_proj,1.176928997039795
200,1,ln1,0.0036106707993894815
200,1,attn_qkv,0.15875506401062012
200,1,attn_proj,0.5628350973129272
200,1,ln2,0.005323151592165232
200,1,mlp_fc,0.2581821084022522
200,1,mlp_proj,0.904717206954956
200,2,ln1,0.003683079732581973
200,2,attn_qkv,0.17016585171222687
200,2,attn_proj,0.5920321941375732
200,2,ln2,0.005104003474116325
200,2,mlp_fc,0.2369271069765091
200,2,mlp_proj,0.8669841885566711
200,3,ln1,0.0037680482491850853
200,3,attn_qkv,0.17735251784324646
200,3,attn_proj,0.6266771554946899
200,3,ln2,0.0043237959034740925
200,3,mlp_fc,0.2261430025100708
200,3,mlp_proj,0.8009631633758545
200,4,ln1,0.0038842337671667337
200,4,attn_qkv,0.19067732989788055
200,4,attn_proj,0.6322794556617737
200,4,ln2,0.004874480422586203
200,4,mlp_fc,0.23020364344120026
200,4,mlp_proj,0.7922084927558899
200,5,ln1,0.004507752601057291
200,5,attn_qkv,0.19535167515277863
200,5,attn_proj,0.6909918189048767
200,5,ln2,0.0049070636741817
200,5,mlp_fc,0.23038122057914734
200,5,mlp_proj,0.7953541874885559
100,0,ln1,0.004281299188733101
100,0,attn_qkv,0.19598545134067535
100,0,attn_proj,0.6153329610824585
100,0,ln2,0.008343066088855267
100,0,mlp_fc,0.33440104126930237
100,0,mlp_proj,1.117371678352356
100,1,ln1,0.0032818338368088007
100,1,attn_qkv,0.1548483818769455
100,1,attn_proj,0.48361748456954956
100,1,ln2,0.005366946570575237
100,1,mlp_fc,0.23676899075508118
100,1,mlp_proj,0.814393162727356
100,2,ln1,0.002639537211507559
100,2,attn_qkv,0.133975088596344
100,2,attn_proj,0.4043911397457123
100,2,ln2,0.004284233320504427
100,2,mlp_fc,0.1982225626707077
100,2,mlp_proj,0.6695426106452942
100,3,ln1,0.002692960202693939
100,3,attn_qkv,0.1103082150220871
100,3,attn_proj,0.32948505878448486
100,3,ln2,0.0036570648662745953
100,3,mlp_fc,0.16750021278858185
100,3,mlp_proj,0.5713894963264465
100,4,ln1,0.0020643523894250393
100,4,attn_qkv,0.09366155415773392
100,4,attn_proj,0.27842313051223755
100,4,ln2,0.0031509781256318092
100,4,mlp_fc,0.15553273260593414
100,4,mlp_proj,0.5157684683799744
100,5,ln1,0.0019689672626554966
100,5,attn_qkv,0.08499500155448914
100,5,attn_proj,0.2915067672729492
100,5,ln2,0.0028911191038787365
100,5,mlp_fc,0.14006493985652924
100,5,mlp_proj,0.47395479679107666
0,0,ln1,0.017133720219135284
0,0,attn_qkv,0.7612454891204834
0,0,attn_proj,2.598083972930908
0,0,ln2,0.016432490199804306
0,0,mlp_fc,0.898635983467102
0,0,mlp_proj,4.068049907684326
0,1,ln1,0.014309398829936981
0,1,attn_qkv,0.6937984824180603
0,1,attn_proj,2.3788199424743652
0,1,ln2,0.014912856742739677
0,1,mlp_fc,0.746441662311554
0,1,mlp_proj,3.0850441455841064
0,2,ln1,0.012143728323280811
0,2,attn_qkv,0.6382868885993958
0,2,attn_proj,2.0726892948150635
0,2,ln2,0.012612035498023033
0,2,mlp_fc,0.6739774346351624
0,2,mlp_proj,2.841599941253662
0,3,ln1,0.010516858659684658
0,3,attn_qkv,0.5740432739257812
0,3,attn_proj,2.083254337310791
0,3,ln2,0.012827522121369839
0,3,mlp_fc,0.6340072751045227
0,3,mlp_proj,2.5277459621429443
0,4,ln1,0.011319540441036224
0,4,attn_qkv,0.5093865394592285
0,4,attn_proj,1.833225965499878
0,4,ln2,0.01201066467911005
0,4,mlp_fc,0.5870782136917114
0,4,mlp_proj,2.302046775817871
0,5,ln1,0.009975739754736423
0,5,attn_qkv,0.45294877886772156
0,5,attn_proj,1.588693380355835
0,5,ln2,0.010507560335099697
0,5,mlp_fc,0.5249325037002563
0,5,mlp_proj,2.040832996368408
0,0,ln1,0.017133720219135284
0,0,attn_qkv,0.7612454891204834
0,0,attn_proj,2.598083972930908
0,0,ln2,0.016432490199804306
0,0,mlp_fc,0.898635983467102
0,0,mlp_proj,4.068049907684326
0,1,ln1,0.014309398829936981
0,1,attn_qkv,0.6937984824180603
0,1,attn_proj,2.3788199424743652
0,1,ln2,0.014912856742739677
0,1,mlp_fc,0.746441662311554
0,1,mlp_proj,3.0850441455841064
0,2,ln1,0.012143728323280811
0,2,attn_qkv,0.6382868885993958
0,2,attn_proj,2.0726892948150635
0,2,ln2,0.012612035498023033
0,2,mlp_fc,0.6739774346351624
0,2,mlp_proj,2.841599941253662
0,3,ln1,0.010516858659684658
0,3,attn_qkv,0.5740432739257812
0,3,attn_proj,2.083254337310791
0,3,ln2,0.012827522121369839
0,3,mlp_fc,0.6340072751045227
0,3,mlp_proj,2.5277459621429443
0,4,ln1,0.011319540441036224
0,4,attn_qkv,0.5093865394592285
0,4,attn_proj,1.833225965499878
0,4,ln2,0.01201066467911005
0,4,mlp_fc,0.5870782136917114
0,4,mlp_proj,2.302046775817871
0,5,ln1,0.009975739754736423
0,5,attn_qkv,0.45294877886772156
0,5,attn_proj,1.588693380355835
0,5,ln2,0.010507560335099697
0,5,mlp_fc,0.5249325037002563
0,5,mlp_proj,2.040832996368408
100,0,ln1,0.004279774148017168
100,0,attn_qkv,0.19598941504955292
100,0,attn_proj,0.615209698677063
100,0,ln2,0.008344022557139397
100,0,mlp_fc,0.33439046144485474
100,0,mlp_proj,1.117348074913025
100,1,ln1,0.0032810126431286335
100,1,attn_qkv,0.15482322871685028
100,1,attn_proj,0.48356276750564575
100,1,ln2,0.005366839002817869
100,1,mlp_fc,0.23677852749824524
100,1,mlp_proj,0.8144289255142212
100,2,ln1,0.0026382426731288433
100,2,attn_qkv,0.13395707309246063
100,2,attn_proj,0.40435120463371277
100,2,ln2,0.004283710848540068
100,2,mlp_fc,0.19821935892105103
100,2,mlp_proj,0.6695747375488281
100,3,ln1,0.0026922698598355055
100,3,attn_qkv,0.11028867214918137
100,3,attn_proj,0.3294684588909149
100,3,ln2,0.003658608766272664
100,3,mlp_fc,0.167508065700531
100,3,mlp_proj,0.5714625716209412
100,4,ln1,0.002065372886136174
100,4,attn_qkv,0.09369125217199326
100,4,attn_proj,0.2784384489059448
100,4,ln2,0.003151142504066229
100,4,mlp_fc,0.15553176403045654
100,4,mlp_proj,0.5157535076141357
100,5,ln1,0.001969408942386508
100,5,attn_qkv,0.0849895104765892
100,5,attn_proj,0.2914503812789917
100,5,ln2,0.00289290864020586
100,5,mlp_fc,0.14006665349006653
100,5,mlp_proj,0.4739612340927124
200,0,ln1,0.006351939868181944
200,0,attn_qkv,0.3195565640926361
200,0,attn_proj,0.9733522534370422
200,0,ln2,0.008079268969595432
200,0,mlp_fc,0.28079864382743835
200,0,mlp_proj,0.9012436270713806
200,1,ln1,0.0022803815081715584
200,1,attn_qkv,0.11447734385728836
200,1,attn_proj,0.3588109016418457
200,1,ln2,0.00414071511477232
200,1,mlp_fc,0.1717906892299652
200,1,mlp_proj,0.5848776698112488
200,2,ln1,0.0019750965293496847
200,2,attn_qkv,0.09299623966217041
200,2,attn_proj,0.2735295295715332
200,2,ln2,0.0033427283633500338
200,2,mlp_fc,0.13471776247024536
200,2,mlp_proj,0.4589618146419525
200,3,ln1,0.0015562688931822777
200,3,attn_qkv,0.07322042435407639
200,3,attn_proj,0.23053787648677826
200,3,ln2,0.0027985197957605124
200,3,mlp_fc,0.11551091820001602
200,3,mlp_proj,0.3913642466068268
200,4,ln1,0.001687574083916843
200,4,attn_qkv,0.07045414298772812
200,4,attn_proj,0.21010340750217438
200,4,ln2,0.0023742050398141146
200,4,mlp_fc,0.10643976181745529
200,4,mlp_proj,0.3636479377746582
200,5,ln1,0.0016092488076537848
200,5,attn_qkv,0.06816093623638153
200,5,attn_proj,0.2215253859758377
200,5,ln2,0.0021981254685670137
200,5,mlp_fc,0.10112128406763077
200,5,mlp_proj,0.3368702232837677
100,0,ln1,0.0027793534100055695
100,0,attn_qkv,0.11560077220201492
100,0,attn_proj,0.37271568179130554
100,0,ln2,0.006175432354211807
100,0,mlp_fc,0.2583973705768585
100,0,mlp_proj,0.8588619232177734
100,1,ln1,0.0022769805509597063
100,1,attn_qkv,0.09240080416202545
100,1,attn_proj,0.3055953085422516
100,1,ln2,0.004059186205267906
100,1,mlp_fc,0.1802690029144287
100,1,mlp_proj,0.6017352938652039
100,2,ln1,0.0017941441619768739
100,2,attn_qkv,0.08045773953199387
100,2,attn_proj,0.2655871510505676
100,2,ln2,0.003169511677697301
100,2,mlp_fc,0.15381771326065063
100,2,mlp_proj,0.515570878982544
100,3,ln1,0.0014030494494363666
100,3,attn_qkv,0.06867213547229767
100,3,attn_proj,0.23451849818229675
100,3,ln2,0.0027425193693488836
100,3,mlp_fc,0.131080761551857
100,3,mlp_proj,0.43864020705223083
100,4,ln1,0.0014554032823070884
100,4,attn_qkv,0.06812988221645355
100,4,attn_proj,0.2248706817626953
100,4,ln2,0.002630518050864339
100,4,mlp_fc,0.1216406524181366
100,4,mlp_proj,0.39133474230766296
100,5,ln1,0.0013629724271595478
100,5,attn_qkv,0.0661371499300003
100,5,attn_proj,0.23702283203601837
100,5,ln2,0.0022617068607360125
100,5,mlp_fc,0.11175066232681274
100,5,mlp_proj,0.3686538338661194
200,0,ln1,0.006348761264234781
200,0,attn_qkv,0.3193655014038086
200,0,attn_proj,0.9729479551315308
200,0,ln2,0.008075695484876633
200,0,mlp_fc,0.2807331085205078
200,0,mlp_proj,0.9009890556335449
200,1,ln1,0.0022805987391620874
200,1,attn_qkv,0.11448436230421066
200,1,attn_proj,0.358725368976593
200,1,ln2,0.004141881596297026
200,1,mlp_fc,0.17172865569591522
200,1,mlp_proj,0.584644079208374
200,2,ln1,0.001975364051759243
200,2,attn_qkv,0.09299076348543167
200,2,attn_proj,0.2734568119049072
200,2,ln2,0.003340011229738593
200,2,mlp_fc,0.13466167449951172
200,2,mlp_proj,0.458758145570755
200,3,ln1,0.001555150025524199
200,3,attn_qkv,0.07318054884672165
200,3,attn_proj,0.23047201335430145
200,3,ln2,0.002797289052978158
200,3,mlp_fc,0.11546634882688522
200,3,mlp_proj,0.39118868112564087
200,4,ln1,0.0016868629027158022
200,4,attn_qkv,0.07041727006435394
200,4,attn_proj,0.21001681685447693
200,4,ln2,0.0023730143439024687
200,4,mlp_fc,0.10640455782413483
200,4,mlp_proj,0.3635275363922119
200,5,ln1,0.0016095259925350547
200,5,attn_qkv,0.06814312934875488
200,5,attn_proj,0.22147729992866516
200,5,ln2,0.0021956220734864473
200,5,mlp_fc,0.10107922554016113
200,5,mlp_proj,0.3367321789264679
0,0,ln1,0.017133720219135284
0,0,attn_qkv,0.7612454891204834
0,0,attn_proj,2.598083972930908
0,0,ln2,0.016432490199804306
0,0,mlp_fc,0.898635983467102
0,0,mlp_proj,4.068049907684326
0,1,ln1,0.014309398829936981
0,1,attn_qkv,0.6937984824180603
0,1,attn_proj,2.3788199424743652
0,1,ln2,0.014912856742739677
0,1,mlp_fc,0.746441662311554
0,1,mlp_proj,3.0850441455841064
0,2,ln1,0.012143728323280811
0,2,attn_qkv,0.6382868885993958
0,2,attn_proj,2.0726892948150635
0,2,ln2,0.012612035498023033
0,2,mlp_fc,0.6739774346351624
0,2,mlp_proj,2.841599941253662
0,3,ln1,0.010516858659684658
0,3,attn_qkv,0.5740432739257812
0,3,attn_proj,2.083254337310791
0,3,ln2,0.012827522121369839
0,3,mlp_fc,0.6340072751045227
0,3,mlp_proj,2.5277459621429443
0,4,ln1,0.011319540441036224
0,4,attn_qkv,0.5093865394592285
0,4,attn_proj,1.833225965499878
0,4,ln2,0.01201066467911005
0,4,mlp_fc,0.5870782136917114
0,4,mlp_proj,2.302046775817871
0,5,ln1,0.009975739754736423
0,5,attn_qkv,0.45294877886772156
0,5,attn_proj,1.588693380355835
0,5,ln2,0.010507560335099697
0,5,mlp_fc,0.5249325037002563
0,5,mlp_proj,2.040832996368408
200,0,ln1,0.0056062303483486176
200,0,attn_qkv,0.27965879440307617
200,0,attn_proj,0.9254739284515381
200,0,ln2,0.007904821075499058
200,0,mlp_fc,0.3129745125770569
200,0,mlp_proj,1.0687849521636963
200,1,ln1,0.0027013772632926702
200,1,attn_qkv,0.13878695666790009
200,1,attn_proj,0.4577035903930664
200,1,ln2,0.0045867059379816055
200,1,mlp_fc,0.1992158144712448
200,1,mlp_proj,0.6900044083595276
200,2,ln1,0.002370751230046153
200,2,attn_qkv,0.11258142441511154
200,2,attn_proj,0.33235615491867065
200,2,ln2,0.0035890010185539722
200,2,mlp_fc,0.1528138667345047
200,2,mlp_proj,0.5286049246788025
200,3,ln1,0.001766499481163919
200,3,attn_qkv,0.0834525004029274
200,3,attn_proj,0.2663571834564209
200,3,ln2,0.0030647823587059975
200,3,mlp_fc,0.1304781287908554
200,3,mlp_proj,0.4451007544994354
200,4,ln1,0.0017605011817067862
200,4,attn_qkv,0.07767395675182343
200,4,attn_proj,0.2350713312625885
200,4,ln2,0.002534625120460987
200,4,mlp_fc,0.11887729167938232
200,4,mlp_proj,0.40845561027526855
200,5,ln1,0.001670660451054573
200,5,attn_qkv,0.07282491773366928
200,5,attn_proj,0.2444816678762436
200,5,ln2,0.0025507353711873293
200,5,mlp_fc,0.11201107501983643
200,5,mlp_proj,0.3771887719631195
0,0,ln1,0.017133720219135284
0,0,attn_qkv,0.7612454891204834
0,0,attn_proj,2.598083972930908
0,0,ln2,0.016432490199804306
0,0,mlp_fc,0.898635983467102
0,0,mlp_proj,4.068049907684326
0,1,ln1,0.014309398829936981
0,1,attn_qkv,0.6937984824180603
0,1,attn_proj,2.3788199424743652
0,1,ln2,0.014912856742739677
0,1,mlp_fc,0.746441662311554
0,1,mlp_proj,3.0850441455841064
0,2,ln1,0.012143728323280811
0,2,attn_qkv,0.6382868885993958
0,2,attn_proj,2.0726892948150635
0,2,ln2,0.012612035498023033
0,2,mlp_fc,0.6739774346351624
0,2,mlp_proj,2.841599941253662
0,3,ln1,0.010516858659684658
0,3,attn_qkv,0.5740432739257812
0,3,attn_proj,2.083254337310791
0,3,ln2,0.012827522121369839
0,3,mlp_fc,0.6340072751045227
0,3,mlp_proj,2.5277459621429443
0,4,ln1,0.011319540441036224
0,4,attn_qkv,0.5093865394592285
0,4,attn_proj,1.833225965499878
0,4,ln2,0.01201066467911005
0,4,mlp_fc,0.5870782136917114
0,4,mlp_proj,2.302046775817871
0,5,ln1,0.009975739754736423
0,5,attn_qkv,0.45294877886772156
0,5,attn_proj,1.588693380355835
0,5,ln2,0.010507560335099697
0,5,mlp_fc,0.5249325037002563
0,5,mlp_proj,2.040832996368408
100,0,ln1,0.012966995127499104
100,0,attn_qkv,0.5524858236312866
100,0,attn_proj,1.7865086793899536
100,0,ln2,0.013597027398645878
100,0,mlp_fc,0.6797972321510315
100,0,mlp_proj,2.8963632583618164
100,1,ln1,0.010161761194467545
100,1,attn_qkv,0.4742682874202728
100,1,attn_proj,1.6297168731689453
100,1,ln2,0.011769960634410381
100,1,mlp_fc,0.5549930930137634
100,1,mlp_proj,2.1834189891815186
100,2,ln1,0.008335793390870094
100,2,attn_qkv,0.4378105103969574
100,2,attn_proj,1.4616367816925049
100,2,ln2,0.010043933056294918
100,2,mlp_fc,0.5058093667030334
100,2,mlp_proj,2.0610272884368896
100,3,ln1,0.00922261644154787
100,3,attn_qkv,0.422508180141449
100,3,attn_proj,1.5391952991485596
100,3,ln2,0.009316762909293175
100,3,mlp_fc,0.48991858959198
100,3,mlp_proj,1.8508542776107788
100,4,ln1,0.008254093118011951
100,4,attn_qkv,0.4010888338088989
100,4,attn_proj,1.4359368085861206
100,4,ln2,0.010087573900818825
100,4,mlp_fc,0.48686110973358154
100,4,mlp_proj,1.7828251123428345
100,5,ln1,0.009695705026388168
100,5,attn_qkv,0.38651251792907715
100,5,attn_proj,1.4427943229675293
100,5,ln2,0.008542215451598167
100,5,mlp_fc,0.460080623626709
100,5,mlp_proj,1.6838210821151733
0,0,ln1,0.017133720219135284
0,0,attn_qkv,0.7612454891204834
0,0,attn_proj,2.598083972930908
0,0,ln2,0.016432490199804306
0,0,mlp_fc,0.898635983467102
0,0,mlp_proj,4.068049907684326
0,1,ln1,0.014309398829936981
0,1,attn_qkv,0.6937984824180603
0,1,attn_proj,2.3788199424743652
0,1,ln2,0.014912856742739677
0,1,mlp_fc,0.746441662311554
0,1,mlp_proj,3.0850441455841064
0,2,ln1,0.012143728323280811
0,2,attn_qkv,0.6382868885993958
0,2,attn_proj,2.0726892948150635
0,2,ln2,0.012612035498023033
0,2,mlp_fc,0.6739774346351624
0,2,mlp_proj,2.841599941253662
0,3,ln1,0.010516858659684658
0,3,attn_qkv,0.5740432739257812
0,3,attn_proj,2.083254337310791
0,3,ln2,0.012827522121369839
0,3,mlp_fc,0.6340072751045227
0,3,mlp_proj,2.5277459621429443
0,4,ln1,0.011319540441036224
0,4,attn_qkv,0.5093865394592285
0,4,attn_proj,1.833225965499878
0,4,ln2,0.01201066467911005
0,4,mlp_fc,0.5870782136917114
0,4,mlp_proj,2.302046775817871
0,5,ln1,0.009975739754736423
0,5,attn_qkv,0.45294877886772156
0,5,attn_proj,1.588693380355835
0,5,ln2,0.010507560335099697
0,5,mlp_fc,0.5249325037002563
0,5,mlp_proj,2.040832996368408
100,0,ln1,0.012967695482075214
100,0,attn_qkv,0.552506148815155
100,0,attn_proj,1.7867248058319092
100,0,ln2,0.013597466051578522
100,0,mlp_fc,0.6798355579376221
100,0,mlp_proj,2.8965744972229004
100,1,ln1,0.010162018239498138
100,1,attn_qkv,0.47429031133651733
100,1,attn_proj,1.6298420429229736
100,1,ln2,0.011769109405577183
100,1,mlp_fc,0.5550204515457153
100,1,mlp_proj,2.1835248470306396
100,2,ln1,0.008336642757058144
100,2,attn_qkv,0.43788447976112366
100,2,attn_proj,1.4617263078689575
100,2,ln2,0.010045310482382774
100,2,mlp_fc,0.5058256387710571
100,2,mlp_proj,2.061131238937378
100,3,ln1,0.009223072789609432
100,3,attn_qkv,0.42249345779418945
100,3,attn_proj,1.539284110069275
100,3,ln2,0.009315529838204384
100,3,mlp_fc,0.48991841077804565
100,3,mlp_proj,1.8509272336959839
100,4,ln1,0.008255129680037498
100,4,attn_qkv,0.40111997723579407
100,4,attn_proj,1.436011552810669
100,4,ln2,0.010088670998811722
100,4,mlp_fc,0.4868585467338562
100,4,mlp_proj,1.78288996219635
100,5,ln1,0.009696554392576218
100,5,attn_qkv,0.38655218482017517
100,5,attn_proj,1.442938208580017
100,5,ln2,0.008540662936866283
100,5,mlp_fc,0.46012747287750244
100,5,mlp_proj,1.6839863061904907
200,0,ln1,0.0037722850684076548
200,0,attn_qkv,0.16035707294940948
200,0,attn_proj,0.5207091569900513
200,0,ln2,0.006603702437132597
200,0,mlp_fc,0.32775887846946716
200,0,mlp_proj,1.1769636869430542
200,1,ln1,0.003609933890402317
200,1,attn_qkv,0.15876559913158417
200,1,attn_proj,0.5628267526626587
200,1,ln2,0.005322733428329229
200,1,mlp_fc,0.2582024037837982
200,1,mlp_proj,0.9047915935516357
200,2,ln1,0.0036821996327489614
200,2,attn_qkv,0.17015837132930756
200,2,attn_proj,0.5920969247817993
200,2,ln2,0.0051025040447711945
200,2,mlp_fc,0.2369433343410492
200,2,mlp_proj,0.867043673992157
200,3,ln1,0.0037678254302591085
200,3,attn_qkv,0.17736078798770905
200,3,attn_proj,0.6267344355583191
200,3,ln2,0.004323601722717285
200,3,mlp_fc,0.2261631041765213
200,3,mlp_proj,0.801042377948761
200,4,ln1,0.003884784411638975
200,4,attn_qkv,0.19068410992622375
200,4,attn_proj,0.6323719620704651
200,4,ln2,0.004875073209404945
200,4,mlp_fc,0.23022280633449554
200,4,mlp_proj,0.792290210723877
200,5,ln1,0.004508000332862139
200,5,attn_qkv,0.19535619020462036
200,5,attn_proj,0.6909963488578796
200,5,ln2,0.004909070674329996
200,5,mlp_fc,0.23039774596691132
200,5,mlp_proj,0.7953913807868958
100,0,ln1,0.004280267748981714
100,0,attn_qkv,0.1959124058485031
100,0,attn_proj,0.6150854229927063
100,0,ln2,0.008342365734279156
100,0,mlp_fc,0.33432623744010925
100,0,mlp_proj,1.1171132326126099
100,1,ln1,0.0032809991389513016
100,1,attn_qkv,0.15474574267864227
100,1,attn_proj,0.483446329832077
100,1,ln2,0.005366602912545204
100,1,mlp_fc,0.23672984540462494
100,1,mlp_proj,0.814302921295166
100,2,ln1,0.002638545585796237
100,2,attn_qkv,0.13393409550189972
100,2,attn_proj,0.4042838215827942
100,2,ln2,0.004284608643501997
100,2,mlp_fc,0.19819673895835876
100,2,mlp_proj,0.6694931387901306
100,3,ln1,0.0026925471611320972
100,3,attn_qkv,0.11029582470655441
100,3,attn_proj,0.3294737935066223
100,3,ln2,0.0036585505586117506
100,3,mlp_fc,0.16749970614910126
100,3,mlp_proj,0.5713748931884766
100,4,ln1,0.0020654688123613596
100,4,attn_qkv,0.09370917826890945
100,4,attn_proj,0.278452605009079
100,4,ln2,0.003150267293676734
100,4,mlp_fc,0.15551979839801788
100,4,mlp_proj,0.515691876411438
100,5,ln1,0.001968955621123314
100,5,attn_qkv,0.08499274402856827
100,5,attn_proj,0.2915133833885193
100,5,ln2,0.002891554730013013
100,5,mlp_fc,0.14005646109580994
100,5,mlp_proj,0.4739411175251007
0,0,ln1,0.017133720219135284
0,0,attn_qkv,0.7612454891204834
0,0,attn_proj,2.598083972930908
0,0,ln2,0.016432490199804306
0,0,mlp_fc,0.898635983467102
0,0,mlp_proj,4.068049907684326
0,1,ln1,0.014309398829936981
0,1,attn_qkv,0.6937984824180603
0,1,attn_proj,2.3788199424743652
0,1,ln2,0.014912856742739677
0,1,mlp_fc,0.746441662311554
0,1,mlp_proj,3.0850441455841064
0,2,ln1,0.012143728323280811
0,2,attn_qkv,0.6382868885993958
0,2,attn_proj,2.0726892948150635
0,2,ln2,0.012612035498023033
0,2,mlp_fc,0.6739774346351624
0,2,mlp_proj,2.841599941253662
0,3,ln1,0.010516858659684658
0,3,attn_qkv,0.5740432739257812
0,3,attn_proj,2.083254337310791
0,3,ln2,0.012827522121369839
0,3,mlp_fc,0.6340072751045227
0,3,mlp_proj,2.5277459621429443
0,4,ln1,0.011319540441036224
0,4,attn_qkv,0.5093865394592285
0,4,attn_proj,1.833225965499878
0,4,ln2,0.01201066467911005
0,4,mlp_fc,0.5870782136917114
0,4,mlp_proj,2.302046775817871
0,5,ln1,0.009975739754736423
0,5,attn_qkv,0.45294877886772156
0,5,attn_proj,1.588693380355835
0,5,ln2,0.010507560335099697
0,5,mlp_fc,0.5249325037002563
0,5,mlp_proj,2.040832996368408
200,0,ln1,0.003773149335756898
200,0,attn_qkv,0.16039207577705383
200,0,attn_proj,0.5208829641342163
200,0,ln2,0.006602201145142317
200,0,mlp_fc,0.32774579524993896
200,0,mlp_proj,1.177032232284546
200,1,ln1,0.0036125590559095144
200,1,attn_qkv,0.15884830057621002
200,1,attn_proj,0.5629913806915283
200,1,ln2,0.0053220586851239204
200,1,mlp_fc,0.2581925690174103
200,1,mlp_proj,0.9048151969909668
200,2,ln1,0.0036828655283898115
200,2,attn_qkv,0.17017541825771332
200,2,attn_proj,0.5921196341514587
200,2,ln2,0.005104043986648321
200,2,mlp_fc,0.23693221807479858
200,2,mlp_proj,0.8669787049293518
200,3,ln1,0.00376824545674026
200,3,attn_qkv,0.1773688793182373
200,3,attn_proj,0.6267076730728149
200,3,ln2,0.0043238624930381775
200,3,mlp_fc,0.2261396050453186
200,3,mlp_proj,0.8009785413742065
200,4,ln1,0.003884737379848957
200,4,attn_qkv,0.1906871199607849
200,4,attn_proj,0.6323085427284241
200,4,ln2,0.004873347003012896
200,4,mlp_fc,0.23020748794078827
200,4,mlp_proj,0.7922327518463135
200,5,ln1,0.004508090205490589
200,5,attn_qkv,0.19533908367156982
200,5,attn_proj,0.6910136938095093
200,5,ln2,0.004907824099063873
200,5,mlp_fc,0.23037944734096527
200,5,mlp_proj,0.7953667640686035
200,0,ln1,0.006342705339193344
200,0,attn_qkv,0.3190256655216217
200,0,attn_proj,0.9719734787940979
200,0,ln2,0.008074878714978695
200,0,mlp_fc,0.2806338369846344
200,0,mlp_proj,0.9005670547485352
200,1,ln1,0.002276970539242029
200,1,attn_qkv,0.11436805129051208
200,1,attn_proj,0.35843971371650696
200,1,ln2,0.004139131400734186
200,1,mlp_fc,0.17168016731739044
200,1,mlp_proj,0.5844096541404724
200,2,ln1,0.001972658559679985
200,2,attn_qkv,0.09290462732315063
200,2,attn_proj,0.273179829120636
200,2,ln2,0.0033387476578354836
200,2,mlp_fc,0.13460400700569153
200,2,mlp_proj,0.4585241675376892
200,3,ln1,0.0015549261588603258
200,3,attn_qkv,0.07312747091054916
200,3,attn_proj,0.23025788366794586
200,3,ln2,0.002794706029817462
200,3,mlp_fc,0.11540370434522629
200,3,mlp_proj,0.39093485474586487
200,4,ln1,0.0016855745343491435
200,4,attn_qkv,0.07036034017801285
200,4,attn_proj,0.20977507531642914
200,4,ln2,0.0023717982694506645
200,4,mlp_fc,0.10633264482021332
200,4,mlp_proj,0.36325109004974365
200,5,ln1,0.001608345890417695
200,5,attn_qkv,0.06805404275655746
200,5,attn_proj,0.22110964357852936
200,5,ln2,0.00219314475543797
200,5,mlp_fc,0.10098760575056076
200,5,mlp_proj,0.33640068769454956
100,0,ln1,0.0027781431563198566
100,0,attn_qkv,0.11556058377027512
100,0,attn_proj,0.37271758913993835
100,0,ln2,0.006175149232149124
100,0,mlp_fc,0.25841033458709717
100,0,mlp_proj,0.8588852882385254
100,1,ln1,0.0022785114124417305
100,1,attn_qkv,0.09239354729652405
100,1,attn_proj,0.3055092990398407
100,1,ln2,0.00405803183093667
100,1,mlp_fc,0.18025895953178406
100,1,mlp_proj,0.601706862449646
100,2,ln1,0.001792973023839295
100,2,attn_qkv,0.08046268671751022
100,2,attn_proj,0.2654986083507538
100,2,ln2,0.0031690564937889576
100,2,mlp_fc,0.15381330251693726
100,2,mlp_proj,0.5155299305915833
100,3,ln1,0.0014032936887815595
100,3,attn_qkv,0.06866379827260971
100,3,attn_proj,0.23446856439113617
100,3,ln2,0.002743592020124197
100,3,mlp_fc,0.131058469414711
100,3,mlp_proj,0.4385571777820587
100,4,ln1,0.0014544676523655653
100,4,attn_qkv,0.06810500472784042
100,4,attn_proj,0.2247823178768158
100,4,ln2,0.0026306835934519768
100,4,mlp_fc,0.12163254618644714
100,4,mlp_proj,0.3913014233112335
100,5,ln1,0.0013631259789690375
100,5,attn_qkv,0.06615513563156128
100,5,attn_proj,0.23695021867752075
100,5,ln2,0.0022612675093114376
100,5,mlp_fc,0.1117294654250145
100,5,mlp_proj,0.36856454610824585
0,0,ln1,0.017133720219135284
0,0,attn_qkv,0.7612454891204834
0,0,attn_proj,2.598083972930908
0,0,ln2,0.016432490199804306
0,0,mlp_fc,0.898635983467102
0,0,mlp_proj,4.068049907684326
0,1,ln1,0.014309398829936981
0,1,attn_qkv,0.6937984824180603
0,1,attn_proj,2.3788199424743652
0,1,ln2,0.014912856742739677
0,1,mlp_fc,0.746441662311554
0,1,mlp_proj,3.0850441455841064
0,2,ln1,0.012143728323280811
0,2,attn_qkv,0.6382868885993958
0,2,attn_proj,2.0726892948150635
0,2,ln2,0.012612035498023033
0,2,mlp_fc,0.6739774346351624
0,2,mlp_proj,2.841599941253662
0,3,ln1,0.010516858659684658
0,3,attn_qkv,0.5740432739257812
0,3,attn_proj,2.083254337310791
0,3,ln2,0.012827522121369839
0,3,mlp_fc,0.6340072751045227
0,3,mlp_proj,2.5277459621429443
0,4,ln1,0.011319540441036224
0,4,attn_qkv,0.5093865394592285
0,4,attn_proj,1.833225965499878
0,4,ln2,0.01201066467911005
0,4,mlp_fc,0.5870782136917114
0,4,mlp_proj,2.302046775817871
0,5,ln1,0.009975739754736423
0,5,attn_qkv,0.45294877886772156
0,5,attn_proj,1.588693380355835
0,5,ln2,0.010507560335099697
0,5,mlp_fc,0.5249325037002563
0,5,mlp_proj,2.040832996368408
0,0,ln1,0.017133720219135284
0,0,attn_qkv,0.7612454891204834
0,0,attn_proj,2.598083972930908
0,0,ln2,0.016432490199804306
0,0,mlp_fc,0.898635983467102
0,0,mlp_proj,4.068049907684326
0,1,ln1,0.014309398829936981
0,1,attn_qkv,0.6937984824180603
0,1,attn_proj,2.3788199424743652
0,1,ln2,0.014912856742739677
0,1,mlp_fc,0.746441662311554
0,1,mlp_proj,3.0850441455841064
0,2,ln1,0.012143728323280811
0,2,attn_qkv,0.6382868885993958
0,2,attn_proj,2.0726892948150635
0,2,ln2,0.012612035498023033
0,2,mlp_fc,0.6739774346351624
0,2,mlp_proj,2.841599941253662
0,3,ln1,0.010516858659684658
0,3,attn_qkv,0.5740432739257812
0,3,attn_proj,2.083254337310791
0,3,ln2,0.012827522121369839
0,3,mlp_fc,0.6340072751045227
0,3,mlp_proj,2.5277459621429443
0,4,ln1,0.011319540441036224
0,4,attn_qkv,0.5093865394592285
0,4,attn_proj,1.833225965499878
0,4,ln2,0.01201066467911005
0,4,mlp_fc,0.5870782136917114
0,4,mlp_proj,2.302046775817871
0,5,ln1,0.009975739754736423
0,5,attn_qkv,0.45294877886772156
0,5,attn_proj,1.588693380355835
0,5,ln2,0.010507560335099697
0,5,mlp_fc,0.5249325037002563
0,5,mlp_proj,2.040832996368408
100,0,ln1,0.0027767939027398825
100,0,attn_qkv,0.11554254591464996
100,0,attn_proj,0.3726740777492523
100,0,ln2,0.006175100803375244
100,0,mlp_fc,0.2584269642829895
100,0,mlp_proj,0.8589257597923279
100,1,ln1,0.0022770557552576065
100,1,attn_qkv,0.09238242357969284
100,1,attn_proj,0.3055354952812195
100,1,ln2,0.004058974329382181
100,1,mlp_fc,0.1802620142698288
100,1,mlp_proj,0.6017062664031982
100,2,ln1,0.0017928933957591653
100,2,attn_qkv,0.08040335774421692
100,2,attn_proj,0.2654082775115967
100,2,ln2,0.003169698640704155
100,2,mlp_fc,0.15380525588989258
100,2,mlp_proj,0.5154871940612793
100,3,ln1,0.0014027078868821263
100,3,attn_qkv,0.06861767917871475
100,3,attn_proj,0.23432768881320953
100,3,ln2,0.002742156619206071
100,3,mlp_fc,0.13103823363780975
100,3,mlp_proj,0.43847721815109253
100,4,ln1,0.0014532599598169327
100,4,attn_qkv,0.06806506961584091
100,4,attn_proj,0.22460997104644775
100,4,ln2,0.002631366951391101
100,4,mlp_fc,0.12161167711019516
100,4,mlp_proj,0.3911777138710022
100,5,ln1,0.0013629448367282748
100,5,attn_qkv,0.06609520316123962
100,5,attn_proj,0.2367650419473648
100,5,ln2,0.002259918488562107
100,5,mlp_fc,0.11170120537281036
100,5,mlp_proj,0.36842769384384155
200,0,ln1,0.005613105371594429
200,0,attn_qkv,0.27996504306793213
200,0,attn_proj,0.9265209436416626
200,0,ln2,0.007907787337899208
200,0,mlp_fc,0.3130314350128174
200,0,mlp_proj,1.0691295862197876
200,1,ln1,0.0027017516549676657
200,1,attn_qkv,0.13890114426612854
200,1,attn_proj,0.4581681191921234
200,1,ln2,0.004590876866132021
200,1,mlp_fc,0.19929669797420502
200,1,mlp_proj,0.6903558373451233
200,2,ln1,0.002373132621869445
200,2,attn_qkv,0.11263255774974823
200,2,attn_proj,0.3326486051082611
200,2,ln2,0.0035918268840759993
200,2,mlp_fc,0.1528925746679306
200,2,mlp_proj,0.5289223790168762
200,3,ln1,0.001767698093317449
200,3,attn_qkv,0.08355250954627991
200,3,attn_proj,0.2666444182395935
200,3,ln2,0.003066533012315631
200,3,mlp_fc,0.13053299486637115
200,3,mlp_proj,0.44535526633262634
200,4,ln1,0.0017619054997339845
200,4,attn_qkv,0.07777265459299088
200,4,attn_proj,0.23533877730369568
200,4,ln2,0.0025372121017426252
200,4,mlp_fc,0.11893104761838913
200,4,mlp_proj,0.4086998999118805
200,5,ln1,0.0016717023681849241
200,5,attn_qkv,0.07290820777416229
200,5,attn_proj,0.2447775900363922
200,5,ln2,0.0025516264140605927
200,5,mlp_fc,0.11206822097301483
200,5,mlp_proj,0.37742531299591064
100,0,ln1,0.012968207709491253
100,0,attn_qkv,0.5525455474853516
100,0,attn_proj,1.7868160009384155
100,0,ln2,0.013599010184407234
100,0,mlp_fc,0.679823637008667
100,0,mlp_proj,2.896577835083008
100,1,ln1,0.010162154212594032
100,1,attn_qkv,0.47429391741752625
100,1,attn_proj,1.6297552585601807
100,1,ln2,0.011770502664148808
100,1,mlp_fc,0.555056095123291
100,1,mlp_proj,2.1836044788360596
100,2,ln1,0.008336600847542286
100,2,attn_qkv,0.43792155385017395
100,2,attn_proj,1.4618669748306274
100,2,ln2,0.010042980313301086
100,2,mlp_fc,0.505825400352478
100,2,mlp_proj,2.061122179031372
100,3,ln1,0.009223444387316704
100,3,attn_qkv,0.42252668738365173
100,3,attn_proj,1.5393598079681396
100,3,ln2,0.009313276968896389
100,3,mlp_fc,0.48991158604621887
100,3,mlp_proj,1.8508824110031128
100,4,ln1,0.008254765532910824
100,4,attn_qkv,0.40111321210861206
100,4,attn_proj,1.435860276222229
100,4,ln2,0.01008743979036808
100,4,mlp_fc,0.4868451654911041
100,4,mlp_proj,1.7828049659729004
100,5,ln1,0.009695076383650303
100,5,attn_qkv,0.38653531670570374
100,5,attn_proj,1.4427772760391235
100,5,ln2,0.008541038259863853
100,5,mlp_fc,0.4601089060306549
100,5,mlp_proj,1.6838899850845337
200,0,ln1,0.00560340192168951
200,0,attn_qkv,0.27961573004722595
200,0,attn_proj,0.925414502620697
200,0,ln2,0.00790392141789198
200,0,mlp_fc,0.3129572868347168
200,0,mlp_proj,1.068767786026001
200,1,ln1,0.0027016012463718653
200,1,attn_qkv,0.13881969451904297
200,1,attn_proj,0.45764702558517456
200,1,ln2,0.004587223753333092
200,1,mlp_fc,0.19921928644180298
200,1,mlp_proj,0.6900007724761963
200,2,ln1,0.0023723531048744917
200,2,attn_qkv,0.11257543414831161
200,2,attn_proj,0.3323712944984436
200,2,ln2,0.0035889612045139074
200,2,mlp_fc,0.15282349288463593
200,2,mlp_proj,0.5286524891853333
200,3,ln1,0.0017672453541308641
200,3,attn_qkv,0.08347873389720917
200,3,attn_proj,0.26637938618659973
200,3,ln2,0.0030641474295407534
200,3,mlp_fc,0.13048022985458374
200,3,mlp_proj,0.44510993361473083
200,4,ln1,0.0017603551968932152
200,4,attn_qkv,0.07768265902996063
200,4,attn_proj,0.2350948005914688
200,4,ln2,0.0025354227982461452
200,4,mlp_fc,0.11886913329362869
200,4,mlp_proj,0.4084143340587616
200,5,ln1,0.0016705240122973919
200,5,attn_qkv,0.07282520830631256
200,5,attn_proj,0.24444721639156342
200,5,ln2,0.0025489635299891233
200,5,mlp_fc,0.11199646443128586
200,5,mlp_proj,0.3771447241306305
0,0,ln1,0.017133720219135284
0,0,attn_qkv,0.7612454891204834
0,0,attn_proj,2.598083972930908
0,0,ln2,0.016432490199804306
0,0,mlp_fc,0.898635983467102
0,0,mlp_proj,4.068049907684326
0,1,ln1,0.014309398829936981
0,1,attn_qkv,0.6937984824180603
0,1,attn_proj,2.3788199424743652
0,1,ln2,0.014912856742739677
0,1,mlp_fc,0.746441662311554
0,1,mlp_proj,3.0850441455841064
0,2,ln1,0.012143728323280811
0,2,attn_qkv,0.6382868885993958
0,2,attn_proj,2.0726892948150635
0,2,ln2,0.012612035498023033
0,2,mlp_fc,0.6739774346351624
0,2,mlp_proj,2.841599941253662
0,3,ln1,0.010516858659684658
0,3,attn_qkv,0.5740432739257812
0,3,attn_proj,2.083254337310791
0,3,ln2,0.012827522121369839
0,3,mlp_fc,0.6340072751045227
0,3,mlp_proj,2.5277459621429443
0,4,ln1,0.011319540441036224
0,4,attn_qkv,0.5093865394592285
0,4,attn_proj,1.833225965499878
0,4,ln2,0.01201066467911005
0,4,mlp_fc,0.5870782136917114
0,4,mlp_proj,2.302046775817871
0,5,ln1,0.009975739754736423
0,5,attn_qkv,0.45294877886772156
0,5,attn_proj,1.588693380355835
0,5,ln2,0.010507560335099697
0,5,mlp_fc,0.5249325037002563
0,5,mlp_proj,2.040832996368408
0,0,ln1,0.017133720219135284
0,0,attn_qkv,0.7612454891204834
0,0,attn_proj,2.598083972930908
0,0,ln2,0.016432490199804306
0,0,mlp_fc,0.898635983467102
0,0,mlp_proj,4.068049907684326
0,1,ln1,0.014309398829936981
0,1,attn_qkv,0.6937984824180603
0,1,attn_proj,2.3788199424743652
0,1,ln2,0.014912856742739677
0,1,mlp_fc,0.746441662311554
0,1,mlp_proj,3.0850441455841064
0,2,ln1,0.012143728323280811
0,2,attn_qkv,0.6382868885993958
0,2,attn_proj,2.0726892948150635
0,2,ln2,0.012612035498023033
0,2,mlp_fc,0.6739774346351624
0,2,mlp_proj,2.841599941253662
0,3,ln1,0.010516858659684658
0,3,attn_qkv,0.5740432739257812
0,3,attn_proj,2.083254337310791
0,3,ln2,0.012827522121369839
0,3,mlp_fc,0.6340072751045227
0,3,mlp_proj,2.5277459621429443
0,4,ln1,0.011319540441036224
0,4,attn_qkv,0.5093865394592285
0,4,attn_proj,1.833225965499878
0,4,ln2,0.01201066467911005
0,4,mlp_fc,0.5870782136917114
0,4,mlp_proj,2.302046775817871
0,5,ln1,0.009975739754736423
0,5,attn_qkv,0.45294877886772156
0,5,attn_proj,1.588693380355835
0,5,ln2,0.010507560335099697
0,5,mlp_fc,0.5249325037002563
0,5,mlp_proj,2.040832996368408
200,0,ln1,0.003769118571653962
200,0,attn_qkv,0.16027836501598358
200,0,attn_proj,0.5205026268959045
200,0,ln2,0.006599957589060068
200,0,mlp_fc,0.3276921212673187
200,0,mlp_proj,1.1766889095306396
200,1,ln1,0.0036092079244554043
200,1,attn_qkv,0.1587056666612625
200,1,attn_proj,0.5626177787780762
200,1,ln2,0.005321755539625883
200,1,mlp_fc,0.2581478953361511
200,1,mlp_proj,0.9045961499214172
200,2,ln1,0.0036813151091337204
200,2,attn_qkv,0.17010748386383057
200,2,attn_proj,0.5918721556663513
200,2,ln2,0.005101652350276709
200,2,mlp_fc,0.23689258098602295
200,2,mlp_proj,0.8668172359466553
200,3,ln1,0.0037663946859538555
200,3,attn_qkv,0.17728078365325928
200,3,attn_proj,0.6265420317649841
200,3,ln2,0.0043236929923295975
200,3,mlp_fc,0.22612081468105316
200,3,mlp_proj,0.8008696436882019
200,4,ln1,0.003883803728967905
200,4,attn_qkv,0.19064238667488098
200,4,attn_proj,0.632239580154419
200,4,ln2,0.004875612910836935
200,4,mlp_fc,0.23019549250602722
200,4,mlp_proj,0.7921636700630188
200,5,ln1,0.004506675060838461
200,5,attn_qkv,0.19530226290225983
200,5,attn_proj,0.6908891797065735
200,5,ln2,0.004907941445708275
200,5,mlp_fc,0.2303469181060791
200,5,mlp_proj,0.7952612638473511
100,0,ln1,0.004280450753867626
100,0,attn_qkv,0.19600199162960052
100,0,attn_proj,0.6153146624565125
100,0,ln2,0.008343588560819626
100,0,mlp_fc,0.3343447148799896
100,0,mlp_proj,1.117270827293396
100,1,ln1,0.00328114558942616
100,1,attn_qkv,0.1548326164484024
100,1,attn_proj,0.48356568813323975
100,1,ln2,0.005365853663533926
100,1,mlp_fc,0.23674070835113525
100,1,mlp_proj,0.8143407702445984
100,2,ln1,0.0026397965848445892
100,2,attn_qkv,0.13399922847747803
100,2,attn_proj,0.40445685386657715
100,2,ln2,0.0042841192334890366
100,2,mlp_fc,0.1982104629278183
100,2,mlp_proj,0.6695852279663086
100,3,ln1,0.0026934738270938396
100,3,attn_qkv,0.11030656099319458
100,3,attn_proj,0.3295280635356903
100,3,ln2,0.0036563542671501637
100,3,mlp_fc,0.16749760508537292
100,3,mlp_proj,0.5714167952537537
100,4,ln1,0.0020654285326600075
100,4,attn_qkv,0.09368545562028885
100,4,attn_proj,0.278439998626709
100,4,ln2,0.0031508179381489754
100,4,mlp_fc,0.15553131699562073
100,4,mlp_proj,0.5157414078712463
100,5,ln1,0.001968991942703724
100,5,attn_qkv,0.08499223738908768
100,5,attn_proj,0.2915031313896179
100,5,ln2,0.0028917898889631033
100,5,mlp_fc,0.14006556570529938
100,5,mlp_proj,0.47395023703575134
100,0,ln1,0.004283315967768431
100,0,attn_qkv,0.19613833725452423
100,0,attn_proj,0.6156714558601379
100,0,ln2,0.008345148526132107
100,0,mlp_fc,0.33440306782722473
100,0,mlp_proj,1.1174876689910889
100,1,ln1,0.003283301368355751
100,1,attn_qkv,0.1549462378025055
100,1,attn_proj,0.4838967025279999
100,1,ln2,0.005365976598113775
100,1,mlp_fc,0.23675070703029633
100,1,mlp_proj,0.8144065141677856
100,2,ln1,0.00264019169844687
100,2,attn_qkv,0.13406798243522644
100,2,attn_proj,0.4046238958835602
100,2,ln2,0.004284578375518322
100,2,mlp_fc,0.19821864366531372
100,2,mlp_proj,0.6696175932884216
100,3,ln1,0.002694744383916259
100,3,attn_qkv,0.11035754531621933
100,3,attn_proj,0.32962003350257874
100,3,ln2,0.0036564467009156942
100,3,mlp_fc,0.167485773563385
100,3,mlp_proj,0.5713158249855042
100,4,ln1,0.002065962180495262
100,4,attn_qkv,0.09370268136262894
100,4,attn_proj,0.2784422039985657
100,4,ln2,0.0031511003617197275
100,4,mlp_fc,0.1554991602897644
100,4,mlp_proj,0.5156502723693848
100,5,ln1,0.0019695255905389786
100,5,attn_qkv,0.08497969806194305
100,5,attn_proj,0.29148057103157043
100,5,ln2,0.002891538431867957
100,5,mlp_fc,0.14006254076957703
100,5,mlp_proj,0.47388768196105957
0,0,ln1,0.017133720219135284
0,0,attn_qkv,0.7612454891204834
0,0,attn_proj,2.598083972930908
0,0,ln2,0.016432490199804306
0,0,mlp_fc,0.898635983467102
0,0,mlp_proj,4.068049907684326
0,1,ln1,0.014309398829936981
0,1,attn_qkv,0.6937984824180603
0,1,attn_proj,2.3788199424743652
0,1,ln2,0.014912856742739677
0,1,mlp_fc,0.746441662311554
0,1,mlp_proj,3.0850441455841064
0,2,ln1,0.012143728323280811
0,2,attn_qkv,0.6382868885993958
0,2,attn_proj,2.0726892948150635
0,2,ln2,0.012612035498023033
0,2,mlp_fc,0.6739774346351624
0,2,mlp_proj,2.841599941253662
0,3,ln1,0.010516858659684658
0,3,attn_qkv,0.5740432739257812
0,3,attn_proj,2.083254337310791
0,3,ln2,0.012827522121369839
0,3,mlp_fc,0.6340072751045227
0,3,mlp_proj,2.5277459621429443
0,4,ln1,0.011319540441036224
0,4,attn_qkv,0.5093865394592285
0,4,attn_proj,1.833225965499878
0,4,ln2,0.01201066467911005
0,4,mlp_fc,0.5870782136917114
0,4,mlp_proj,2.302046775817871
0,5,ln1,0.009975739754736423
0,5,attn_qkv,0.45294877886772156
0,5,attn_proj,1.588693380355835
0,5,ln2,0.010507560335099697
0,5,mlp_fc,0.5249325037002563
0,5,mlp_proj,2.040832996368408
200,0,ln1,0.006340713705867529
200,0,attn_qkv,0.31909090280532837
200,0,attn_proj,0.971933126449585
200,0,ln2,0.00807754322886467
200,0,mlp_fc,0.28071361780166626
200,0,mlp_proj,0.9006406664848328
200,1,ln1,0.0022780587896704674
200,1,attn_qkv,0.11436092108488083
200,1,attn_proj,0.3584212064743042
200,1,ln2,0.004142706282436848
200,1,mlp_fc,0.17175187170505524
200,1,mlp_proj,0.5845731496810913
200,2,ln1,0.0019738348200917244
200,2,attn_qkv,0.09288259595632553
200,2,attn_proj,0.2732241749763489
200,2,ln2,0.0033402033150196075
200,2,mlp_fc,0.13469447195529938
200,2,mlp_proj,0.4587562680244446
200,3,ln1,0.001553314388729632
200,3,attn_qkv,0.0731532946228981
200,3,attn_proj,0.2303619086742401
200,3,ln2,0.002798175672069192
200,3,mlp_fc,0.11548829823732376
200,3,mlp_proj,0.39122724533081055
200,4,ln1,0.0016857389127835631
200,4,attn_qkv,0.0703931674361229
200,4,attn_proj,0.20996659994125366
200,4,ln2,0.0023737431038171053
200,4,mlp_fc,0.10641834884881973
200,4,mlp_proj,0.36354100704193115
200,5,ln1,0.0016063591465353966
200,5,attn_qkv,0.06807233393192291
200,5,attn_proj,0.22134509682655334
200,5,ln2,0.0021946134511381388
200,5,mlp_fc,0.10109638422727585
200,5,mlp_proj,0.3367695212364197
200,0,ln1,0.006352659314870834
200,0,attn_qkv,0.3195653259754181
200,0,attn_proj,0.9733075499534607
200,0,ln2,0.008079318329691887
200,0,mlp_fc,0.28074413537979126
200,0,mlp_proj,0.9010999798774719
200,1,ln1,0.002280834596604109
200,1,attn_qkv,0.11447552591562271
200,1,attn_proj,0.3587462306022644
200,1,ln2,0.004142872989177704
200,1,mlp_fc,0.17178912460803986
200,1,mlp_proj,0.5848351120948792
200,2,ln1,0.0019759698770940304
200,2,attn_qkv,0.09301012009382248
200,2,attn_proj,0.27358314394950867
200,2,ln2,0.0033426524605602026
200,2,mlp_fc,0.13471072912216187
200,2,mlp_proj,0.45892003178596497
200,3,ln1,0.0015568109229207039
200,3,attn_qkv,0.07324859499931335
200,3,attn_proj,0.230616956949234
200,3,ln2,0.0027975505217909813
200,3,mlp_fc,0.11551215499639511
200,3,mlp_proj,0.39140740036964417
200,4,ln1,0.0016875257715582848
200,4,attn_qkv,0.07048631459474564
200,4,attn_proj,0.21017274260520935
200,4,ln2,0.002374806674197316
200,4,mlp_fc,0.10644622892141342
200,4,mlp_proj,0.36363935470581055
200,5,ln1,0.0016087336698547006
200,5,attn_qkv,0.06816554069519043
200,5,attn_proj,0.22156326472759247
200,5,ln2,0.0021963350009173155
200,5,mlp_fc,0.10113207995891571
200,5,mlp_proj,0.3368854224681854
100,0,ln1,0.0027794339694082737
100,0,attn_qkv,0.11561766266822815
100,0,attn_proj,0.3728494644165039
100,0,ln2,0.006175366695970297
100,0,mlp_fc,0.25843361020088196
100,0,mlp_proj,0.8589884638786316
100,1,ln1,0.0022799638099968433
100,1,attn_qkv,0.09245789051055908
100,1,attn_proj,0.305720716714859
100,1,ln2,0.004058279097080231
100,1,mlp_fc,0.1802876889705658
100,1,mlp_proj,0.6018298864364624
100,2,ln1,0.0017942639533430338
100,2,attn_qkv,0.08048811554908752
100,2,attn_proj,0.26558753848075867
100,2,ln2,0.0031707261223345995
100,2,mlp_fc,0.15385088324546814
100,2,mlp_proj,0.5156485438346863
100,3,ln1,0.0014046771684661508
100,3,attn_qkv,0.06870956718921661
100,3,attn_proj,0.23457245528697968
100,3,ln2,0.0027435612864792347
100,3,mlp_fc,0.13107043504714966
100,3,mlp_proj,0.4386284649372101
100,4,ln1,0.0014550539199262857
100,4,attn_qkv,0.06814306974411011
100,4,attn_proj,0.22486647963523865
100,4,ln2,0.002629699883982539
100,4,mlp_fc,0.12164729088544846
100,4,mlp_proj,0.3913419246673584
100,5,ln1,0.0013634071219712496
100,5,attn_qkv,0.0661502480506897
100,5,attn_proj,0.23701496422290802
100,5,ln2,0.0022611727472394705
100,5,mlp_fc,0.11177033931016922
100,5,mlp_proj,0.3686591386795044
0,0,ln1,0.017133720219135284
0,0,attn_qkv,0.7612454891204834
0,0,attn_proj,2.598083972930908
0,0,ln2,0.016432490199804306
0,0,mlp_fc,0.898635983467102
0,0,mlp_proj,4.068049907684326
0,1,ln1,0.014309398829936981
0,1,attn_qkv,0.6937984824180603
0,1,attn_proj,2.3788199424743652
0,1,ln2,0.014912856742739677
0,1,mlp_fc,0.746441662311554
0,1,mlp_proj,3.0850441455841064
0,2,ln1,0.012143728323280811
0,2,attn_qkv,0.6382868885993958
0,2,attn_proj,2.0726892948150635
0,2,ln2,0.012612035498023033
0,2,mlp_fc,0.6739774346351624
0,2,mlp_proj,2.841599941253662
0,3,ln1,0.010516858659684658
0,3,attn_qkv,0.5740432739257812
0,3,attn_proj,2.083254337310791
0,3,ln2,0.012827522121369839
0,3,mlp_fc,0.6340072751045227
0,3,mlp_proj,2.5277459621429443
0,4,ln1,0.011319540441036224
0,4,attn_qkv,0.5093865394592285
0,4,attn_proj,1.833225965499878
0,4,ln2,0.01201066467911005
0,4,mlp_fc,0.5870782136917114
0,4,mlp_proj,2.302046775817871
0,5,ln1,0.009975739754736423
0,5,attn_qkv,0.45294877886772156
0,5,attn_proj,1.588693380355835
0,5,ln2,0.010507560335099697
0,5,mlp_fc,0.5249325037002563
0,5,mlp_proj,2.040832996368408
0,0,ln1,0.017133720219135284
0,0,attn_qkv,0.7612454891204834
0,0,attn_proj,2.598083972930908
0,0,ln2,0.016432490199804306
0,0,mlp_fc,0.898635983467102
0,0,mlp_proj,4.068049907684326
0,1,ln1,0.014309398829936981
0,1,attn_qkv,0.6937984824180603
0,1,attn_proj,2.3788199424743652
0,1,ln2,0.014912856742739677
0,1,mlp_fc,0.746441662311554
0,1,mlp_proj,3.0850441455841064
0,2,ln1,0.012143728323280811
0,2,attn_qkv,0.6382868885993958
0,2,attn_proj,2.0726892948150635
0,2,ln2,0.012612035498023033
0,2,mlp_fc,0.6739774346351624
0,2,mlp_proj,2.841599941253662
0,3,ln1,0.010516858659684658
0,3,attn_qkv,0.5740432739257812
0,3,attn_proj,2.083254337310791
0,3,ln2,0.012827522121369839
0,3,mlp_fc,0.6340072751045227
0,3,mlp_proj,2.5277459621429443
0,4,ln1,0.011319540441036224
0,4,attn_qkv,0.5093865394592285
0,4,attn_proj,1.833225965499878
0,4,ln2,0.01201066467911005
0,4,mlp_fc,0.5870782136917114
0,4,mlp_proj,2.302046775817871
0,5,ln1,0.009975739754736423
0,5,attn_qkv,0.45294877886772156
0,5,attn_proj,1.588693380355835
0,5,ln2,0.010507560335099697
0,5,mlp_fc,0.5249325037002563
0,5,mlp_proj,2.040832996368408
200,0,ln1,0.005610089749097824
200,0,attn_qkv,0.2798830270767212
200,0,attn_proj,0.9264112710952759
200,0,ln2,0.007904482074081898
200,0,mlp_fc,0.31300002336502075
200,0,mlp_proj,1.068988561630249
200,1,ln1,0.002701874589547515
200,1,attn_qkv,0.13890305161476135
200,1,attn_proj,0.45796269178390503
200,1,ln2,0.004587249364703894
200,1,mlp_fc,0.19924026727676392
200,1,mlp_proj,0.6901282668113708
200,2,ln1,0.0023718755692243576
200,2,attn_qkv,0.11256811767816544
200,2,attn_proj,0.3324524164199829
200,2,ln2,0.0035876466426998377
200,2,mlp_fc,0.1528298556804657
200,2,mlp_proj,0.5286795496940613
200,3,ln1,0.001767589128576219
200,3,attn_qkv,0.08349978923797607
200,3,attn_proj,0.26650065183639526
200,3,ln2,0.00306521519087255
200,3,mlp_fc,0.13047873973846436
200,3,mlp_proj,0.44510313868522644
200,4,ln1,0.0017606023466214538
200,4,attn_qkv,0.07770337909460068
200,4,attn_proj,0.2351117581129074
200,4,ln2,0.002536918967962265
200,4,mlp_fc,0.1188696026802063
200,4,mlp_proj,0.40841710567474365
200,5,ln1,0.0016707290196791291
200,5,attn_qkv,0.07282326370477676
200,5,attn_proj,0.24444685876369476
200,5,ln2,0.002549267141148448
200,5,mlp_fc,0.11198391020298004
200,5,mlp_proj,0.3771302402019501
100,0,ln1,0.01297038234770298
100,0,attn_qkv,0.5526339411735535
100,0,attn_proj,1.786978006362915
100,0,ln2,0.013597982935607433
100,0,mlp_fc,0.6798355579376221
100,0,mlp_proj,2.8965930938720703
100,1,ln1,0.010161924175918102
100,1,attn_qkv,0.47434839606285095
100,1,attn_proj,1.6299142837524414
100,1,ln2,0.011768746189773083
100,1,mlp_fc,0.5550093650817871
100,1,mlp_proj,2.183462381362915
100,2,ln1,0.008338178507983685
100,2,attn_qkv,0.4379057288169861
100,2,attn_proj,1.4616342782974243
100,2,ln2,0.010044317692518234
100,2,mlp_fc,0.5058135986328125
100,2,mlp_proj,2.0611073970794678
100,3,ln1,0.009224064648151398
100,3,attn_qkv,0.42250972986221313
100,3,attn_proj,1.5393140316009521
100,3,ln2,0.009314611554145813
100,3,mlp_fc,0.4899211525917053
100,3,mlp_proj,1.8509656190872192
100,4,ln1,0.00825461558997631
100,4,attn_qkv,0.40110477805137634
100,4,attn_proj,1.4358861446380615
100,4,ln2,0.010087903589010239
100,4,mlp_fc,0.48684537410736084
100,4,mlp_proj,1.7827800512313843
100,5,ln1,0.009695984423160553
100,5,attn_qkv,0.3865263760089874
100,5,attn_proj,1.4427646398544312
100,5,ln2,0.008539943024516106
100,5,mlp_fc,0.46008574962615967
100,5,mlp_proj,1.6837958097457886
100,0,ln1,0.012969691306352615
100,0,attn_qkv,0.552552342414856
100,0,attn_proj,1.786757469177246
100,0,ln2,0.01359892450273037
100,0,mlp_fc,0.6798427700996399
100,0,mlp_proj,2.896528482437134
100,1,ln1,0.010161892510950565
100,1,attn_qkv,0.4742778539657593
100,1,attn_proj,1.6298375129699707
100,1,ln2,0.011769098229706287
100,1,mlp_fc,0.555030882358551
100,1,mlp_proj,2.1835744380950928
100,2,ln1,0.008338057436048985
100,2,attn_qkv,0.43796026706695557
100,2,attn_proj,1.4618473052978516
100,2,ln2,0.010044997557997704
100,2,mlp_fc,0.5058166980743408
100,2,mlp_proj,2.061170816421509
100,3,ln1,0.009224428795278072
100,3,attn_qkv,0.4225335419178009
100,3,attn_proj,1.5393420457839966
100,3,ln2,0.009316322393715382
100,3,mlp_fc,0.4899170398712158
100,3,mlp_proj,1.8508962392807007
100,4,ln1,0.008254527114331722
100,4,attn_qkv,0.4011107087135315
100,4,attn_proj,1.4359123706817627
100,4,ln2,0.01008780300617218
100,4,mlp_fc,0.48687565326690674
100,4,mlp_proj,1.7828730344772339
100,5,ln1,0.009696085005998611
100,5,attn_qkv,0.38654109835624695
100,5,attn_proj,1.4428637027740479
100,5,ln2,0.008540859445929527
100,5,mlp_fc,0.4600885808467865
100,5,mlp_proj,1.6838691234588623
0,0,ln1,0.017133720219135284
0,0,attn_qkv,0.7612454891204834
0,0,attn_proj,2.598083972930908
0,0,ln2,0.016432490199804306
0,0,mlp_fc,0.898635983467102
0,0,mlp_proj,4.068049907684326
0,1,ln1,0.014309398829936981
0,1,attn_qkv,0.6937984824180603
0,1,attn_proj,2.3788199424743652
0,1,ln2,0.014912856742739677
0,1,mlp_fc,0.746441662311554
0,1,mlp_proj,3.0850441455841064
0,2,ln1,0.012143728323280811
0,2,attn_qkv,0.6382868885993958
0,2,attn_proj,2.0726892948150635
0,2,ln2,0.012612035498023033
0,2,mlp_fc,0.6739774346351624
0,2,mlp_proj,2.841599941253662
0,3,ln1,0.010516858659684658
0,3,attn_qkv,0.5740432739257812
0,3,attn_proj,2.083254337310791
0,3,ln2,0.012827522121369839
0,3,mlp_fc,0.6340072751045227
0,3,mlp_proj,2.5277459621429443
0,4,ln1,0.011319540441036224
0,4,attn_qkv,0.5093865394592285
0,4,attn_proj,1.833225965499878
0,4,ln2,0.01201066467911005
0,4,mlp_fc,0.5870782136917114
0,4,mlp_proj,2.302046775817871
0,5,ln1,0.009975739754736423
0,5,attn_qkv,0.45294877886772156
0,5,attn_proj,1.588693380355835
0,5,ln2,0.010507560335099697
0,5,mlp_fc,0.5249325037002563
0,5,mlp_proj,2.040832996368408
200,0,ln1,0.003771544201299548
200,0,attn_qkv,0.16032515466213226
200,0,attn_proj,0.5207154154777527
200,0,ln2,0.00660202419385314
200,0,mlp_fc,0.32773205637931824
200,0,mlp_proj,1.1768890619277954
200,1,ln1,0.003610297804698348
200,1,attn_qkv,0.15878699719905853
200,1,attn_proj,0.5629596710205078
200,1,ln2,0.0053222873248159885
200,1,mlp_fc,0.2581813335418701
200,1,mlp_proj,0.9047369360923767
200,2,ln1,0.0036829616874456406
200,2,attn_qkv,0.17015835642814636
200,2,attn_proj,0.5920699834823608
200,2,ln2,0.005102751310914755
200,2,mlp_fc,0.2369450032711029
200,2,mlp_proj,0.8670533299446106
200,3,ln1,0.0037665232084691525
200,3,attn_qkv,0.17734292149543762
200,3,attn_proj,0.6267319917678833
200,3,ln2,0.004323655739426613
200,3,mlp_fc,0.22613941133022308
200,3,mlp_proj,0.8009483218193054
200,4,ln1,0.003883730387315154
200,4,attn_qkv,0.1906561404466629
200,4,attn_proj,0.6322613954544067
200,4,ln2,0.004875998944044113
200,4,mlp_fc,0.23021408915519714
200,4,mlp_proj,0.7922428846359253
200,5,ln1,0.0045071011409163475
200,5,attn_qkv,0.19537100195884705
200,5,attn_proj,0.691081702709198
200,5,ln2,0.004907206166535616
200,5,mlp_fc,0.23037606477737427
200,5,mlp_proj,0.7953546643257141
200,0,ln1,0.003770609386265278
200,0,attn_qkv,0.16031061112880707
200,0,attn_proj,0.5206875205039978
200,0,ln2,0.006602345034480095
200,0,mlp_fc,0.32772278785705566
200,0,mlp_proj,1.1768391132354736
200,1,ln1,0.0036100815050303936
200,1,attn_qkv,0.15876945853233337
200,1,attn_proj,0.5628935098648071
200,1,ln2,0.005321737378835678
200,1,mlp_fc,0.2581748962402344
200,1,mlp_proj,0.9047152400016785
200,2,ln1,0.003681402187794447
200,2,attn_qkv,0.17015451192855835
200,2,attn_proj,0.592029333114624
200,2,ln2,0.005102712661027908
200,2,mlp_fc,0.23692895472049713
200,2,mlp_proj,0.8669665455818176
200,3,ln1,0.0037670270539820194
200,3,attn_qkv,0.17732878029346466
200,3,attn_proj,0.6266339421272278
200,3,ln2,0.00432539964094758
200,3,mlp_fc,0.226155087351799
200,3,mlp_proj,0.8009769916534424
200,4,ln1,0.0038842938374727964
200,4,attn_qkv,0.19067245721817017
200,4,attn_proj,0.6322764754295349
200,4,ln2,0.004874995443969965
200,4,mlp_fc,0.2302166372537613
200,4,mlp_proj,0.7922525405883789
200,5,ln1,0.0045080240815877914
200,5,attn_qkv,0.19534002244472504
200,5,attn_proj,0.6909592747688293
200,5,ln2,0.004907927941530943
200,5,mlp_fc,0.23037496209144592
200,5,mlp_proj,0.7953361868858337
0,0,ln1,0.017133720219135284
0,0,attn_qkv,0.7612454891204834
0,0,attn_proj,2.598083972930908
0,0,ln2,0.016432490199804306
0,0,mlp_fc,0.898635983467102
0,0,mlp_proj,4.068049907684326
0,1,ln1,0.014309398829936981
0,1,attn_qkv,0.6937984824180603
0,1,attn_proj,2.3788199424743652
0,1,ln2,0.014912856742739677
0,1,mlp_fc,0.746441662311554
0,1,mlp_proj,3.0850441455841064
0,2,ln1,0.012143728323280811
0,2,attn_qkv,0.6382868885993958
0,2,attn_proj,2.0726892948150635
0,2,ln2,0.012612035498023033
0,2,mlp_fc,0.6739774346351624
0,2,mlp_proj,2.841599941253662
0,3,ln1,0.010516858659684658
0,3,attn_qkv,0.5740432739257812
0,3,attn_proj,2.083254337310791
0,3,ln2,0.012827522121369839
0,3,mlp_fc,0.6340072751045227
0,3,mlp_proj,2.5277459621429443
0,4,ln1,0.011319540441036224
0,4,attn_qkv,0.5093865394592285
0,4,attn_proj,1.833225965499878
0,4,ln2,0.01201066467911005
0,4,mlp_fc,0.5870782136917114
0,4,mlp_proj,2.302046775817871
0,5,ln1,0.009975739754736423
0,5,attn_qkv,0.45294877886772156
0,5,attn_proj,1.588693380355835
0,5,ln2,0.010507560335099697
0,5,mlp_fc,0.5249325037002563
0,5,mlp_proj,2.040832996368408
100,0,ln1,0.004280082415789366
100,0,attn_qkv,0.1959732323884964
100,0,attn_proj,0.6153226494789124
100,0,ln2,0.008346767164766788
100,0,mlp_fc,0.334407240152359
100,0,mlp_proj,1.1174954175949097
100,1,ln1,0.003283521393314004
100,1,attn_qkv,0.1549033224582672
100,1,attn_proj,0.4837835431098938
100,1,ln2,0.005365753546357155
100,1,mlp_fc,0.23677916824817657
100,1,mlp_proj,0.8144654035568237
100,2,ln1,0.0026392738800495863
100,2,attn_qkv,0.13398772478103638
100,2,attn_proj,0.40444186329841614
100,2,ln2,0.004284416325390339
100,2,mlp_fc,0.19823715090751648
100,2,mlp_proj,0.6696504354476929
100,3,ln1,0.002694329246878624
100,3,attn_qkv,0.1103198304772377
100,3,attn_proj,0.329475075006485
100,3,ln2,0.0036566767375916243
100,3,mlp_fc,0.16749681532382965
100,3,mlp_proj,0.5713885426521301
100,4,ln1,0.0020643447060137987
100,4,attn_qkv,0.09366881102323532
100,4,attn_proj,0.27839118242263794
100,4,ln2,0.0031522661447525024
100,4,mlp_fc,0.15552349388599396
100,4,mlp_proj,0.5157268643379211
100,5,ln1,0.0019700517877936363
100,5,attn_qkv,0.08499140292406082
100,5,attn_proj,0.29143768548965454
100,5,ln2,0.002890693722292781
100,5,mlp_fc,0.14004556834697723
100,5,mlp_proj,0.47387930750846863
0,0,ln1,0.017133720219135284
0,0,attn_qkv,0.7612454891204834
0,0,attn_proj,2.598083972930908
0,0,ln2,0.016432490199804306
0,0,mlp_fc,0.898635983467102
0,0,mlp_proj,4.068049907684326
0,1,ln1,0.014309398829936981
0,1,attn_qkv,0.6937984824180603
0,1,attn_proj,2.3788199424743652
0,1,ln2,0.014912856742739677
0,1,mlp_fc,0.746441662311554
0,1,mlp_proj,3.0850441455841064
0,2,ln1,0.012143728323280811
0,2,attn_qkv,0.6382868885993958
0,2,attn_proj,2.0726892948150635
0,2,ln2,0.012612035498023033
0,2,mlp_fc,0.6739774346351624
0,2,mlp_proj,2.841599941253662
0,3,ln1,0.010516858659684658
0,3,attn_qkv,0.5740432739257812
0,3,attn_proj,2.083254337310791
0,3,ln2,0.012827522121369839
0,3,mlp_fc,0.6340072751045227
0,3,mlp_proj,2.5277459621429443
0,4,ln1,0.011319540441036224
0,4,attn_qkv,0.5093865394592285
0,4,attn_proj,1.833225965499878
0,4,ln2,0.01201066467911005
0,4,mlp_fc,0.5870782136917114
0,4,mlp_proj,2.302046775817871
0,5,ln1,0.009975739754736423
0,5,attn_qkv,0.45294877886772156
0,5,attn_proj,1.588693380355835
0,5,ln2,0.010507560335099697
0,5,mlp_fc,0.5249325037002563
0,5,mlp_proj,2.040832996368408
0,0,ln1,0.017133720219135284
0,0,attn_qkv,0.7612454891204834
0,0,attn_proj,2.598083972930908
0,0,ln2,0.016432490199804306
0,0,mlp_fc,0.898635983467102
0,0,mlp_proj,4.068049907684326
0,1,ln1,0.014309398829936981
0,1,attn_qkv,0.6937984824180603
0,1,attn_proj,2.3788199424743652
0,1,ln2,0.014912856742739677
0,1,mlp_fc,0.746441662311554
0,1,mlp_proj,3.0850441455841064
0,2,ln1,0.012143728323280811
0,2,attn_qkv,0.6382868885993958
0,2,attn_proj,2.0726892948150635
0,2,ln2,0.012612035498023033
0,2,mlp_fc,0.6739774346351624
0,2,mlp_proj,2.841599941253662
0,3,ln1,0.010516858659684658
0,3,attn_qkv,0.5740432739257812
0,3,attn_proj,2.083254337310791
0,3,ln2,0.012827522121369839
0,3,mlp_fc,0.6340072751045227
0,3,mlp_proj,2.5277459621429443
0,4,ln1,0.011319540441036224
0,4,attn_qkv,0.5093865394592285
0,4,attn_proj,1.833225965499878
0,4,ln2,0.01201066467911005
0,4,mlp_fc,0.5870782136917114
0,4,mlp_proj,2.302046775817871
0,5,ln1,0.009975739754736423
0,5,attn_qkv,0.45294877886772156
0,5,attn_proj,1.588693380355835
0,5,ln2,0.010507560335099697
0,5,mlp_fc,0.5249325037002563
0,5,mlp_proj,2.040832996368408
100,0,ln1,0.003171793185174465
100,0,attn_qkv,0.1507260799407959
100,0,attn_proj,0.4964870512485504
100,0,ln2,0.007652642205357552
100,0,mlp_fc,0.32770591974258423
100,0,mlp_proj,1.1025233268737793
100,1,ln1,0.0022569529246538877
100,1,attn_qkv,0.1146644577383995
100,1,attn_proj,0.3583783209323883
100,1,ln2,0.004698052536696196
100,1,mlp_fc,0.22197973728179932
100,1,mlp_proj,0.7639497518539429
100,2,ln1,0.0017246913630515337
100,2,attn_qkv,0.09015881270170212
100,2,attn_proj,0.2911430299282074
100,2,ln2,0.0037810264620929956
100,2,mlp_fc,0.18368974328041077
100,2,mlp_proj,0.6364525556564331
100,3,ln1,0.0015619535697624087
100,3,attn_qkv,0.07803680002689362
100,3,attn_proj,0.2577195167541504
100,3,ln2,0.0032520960085093975
100,3,mlp_fc,0.1590093970298767
100,3,mlp_proj,0.5436286330223083
100,4,ln1,0.001547353807836771
100,4,attn_qkv,0.07490769773721695
100,4,attn_proj,0.2365962415933609
100,4,ln2,0.0030910810455679893
100,4,mlp_fc,0.1495843380689621
100,4,mlp_proj,0.5081853866577148
100,5,ln1,0.001654362422414124
100,5,attn_qkv,0.07590789347887039
100,5,attn_proj,0.2623990476131439
100,5,ln2,0.0032863684464246035
100,5,mlp_fc,0.1433572620153427
100,5,mlp_proj,0.4910070598125458
200,0,ln1,0.006356131285429001
200,0,attn_qkv,0.3199142813682556
200,0,attn_proj,0.9743180274963379
200,0,ln2,0.008084363304078579
200,0,mlp_fc,0.2808396518230438
200,0,mlp_proj,0.9014002680778503
200,1,ln1,0.0022816897835582495
200,1,attn_qkv,0.11457603424787521
200,1,attn_proj,0.35894468426704407
200,1,ln2,0.004144645761698484
200,1,mlp_fc,0.17182064056396484
200,1,mlp_proj,0.5849506855010986
200,2,ln1,0.001976552652195096
200,2,attn_qkv,0.09298723936080933
200,2,attn_proj,0.2735946774482727
200,2,ln2,0.0033445225562900305
200,2,mlp_fc,0.1347275674343109
200,2,mlp_proj,0.45893433690071106
200,3,ln1,0.0015553137054666877
200,3,attn_qkv,0.07321128994226456
200,3,attn_proj,0.23056043684482574
200,3,ln2,0.0027987025678157806
200,3,mlp_fc,0.11552437394857407
200,3,mlp_proj,0.3914180397987366
200,4,ln1,0.001686863717623055
200,4,attn_qkv,0.07044194638729095
200,4,attn_proj,0.2101648449897766
200,4,ln2,0.0023754939902573824
200,4,mlp_fc,0.10647237300872803
200,4,mlp_proj,0.363741397857666
200,5,ln1,0.0016084619564935565
200,5,attn_qkv,0.06815750896930695
200,5,attn_proj,0.22159311175346375
200,5,ln2,0.0021984102204442024
200,5,mlp_fc,0.1011623665690422
200,5,mlp_proj,0.3369758725166321
100,0,ln1,0.002778886817395687
100,0,attn_qkv,0.11558171361684799
100,0,attn_proj,0.37272241711616516
100,0,ln2,0.00617515342310071
100,0,mlp_fc,0.2584063708782196
100,0,mlp_proj,0.8588989973068237
100,1,ln1,0.0022789272479712963
100,1,attn_qkv,0.09243038296699524
100,1,attn_proj,0.30558106303215027
100,1,ln2,0.004056443460285664
100,1,mlp_fc,0.18027542531490326
100,1,mlp_proj,0.601725161075592
100,2,ln1,0.0017939485842362046
100,2,attn_qkv,0.08044880628585815
100,2,attn_proj,0.2655040919780731
100,2,ln2,0.003169426927343011
100,2,mlp_fc,0.1538189947605133
100,2,mlp_proj,0.5155744552612305
100,3,ln1,0.0014037875225767493
100,3,attn_qkv,0.06869512796401978
100,3,attn_proj,0.2344740778207779
100,3,ln2,0.002742764772847295
100,3,mlp_fc,0.13106399774551392
100,3,mlp_proj,0.4385831356048584
100,4,ln1,0.0014542968710884452
100,4,attn_qkv,0.06809894740581512
100,4,attn_proj,0.22479942440986633
100,4,ln2,0.002630609320476651
100,4,mlp_fc,0.12163095921278
100,4,mlp_proj,0.3912832736968994
100,5,ln1,0.0013631205074489117
100,5,attn_qkv,0.06611528247594833
100,5,attn_proj,0.23695625364780426
100,5,ln2,0.002261937828734517
100,5,mlp_fc,0.11175256967544556
100,5,mlp_proj,0.3686180114746094
100,0,ln1,0.0027774497866630554
100,0,attn_qkv,0.11556003987789154
100,0,attn_proj,0.37271353602409363
100,0,ln2,0.006174518261104822
100,0,mlp_fc,0.25841429829597473
100,0,mlp_proj,0.8588606715202332
100,1,ln1,0.0022786580957472324
100,1,attn_qkv,0.09242845326662064
100,1,attn_proj,0.3055960536003113
100,1,ln2,0.004057575017213821
100,1,mlp_fc,0.18026083707809448
100,1,mlp_proj,0.6017098426818848
100,2,ln1,0.0017946010921150446
100,2,attn_qkv,0.08047165721654892
100,2,attn_proj,0.26550760865211487
100,2,ln2,0.0031702909618616104
100,2,mlp_fc,0.15382452309131622
100,2,mlp_proj,0.515595018863678
100,3,ln1,0.0014033305924385786
100,3,attn_qkv,0.06868596374988556
100,3,attn_proj,0.23447895050048828
100,3,ln2,0.002743063261732459
100,3,mlp_fc,0.1310669332742691
100,3,mlp_proj,0.438619464635849
100,4,ln1,0.0014545981539413333
100,4,attn_qkv,0.06810755282640457
100,4,attn_proj,0.22479842603206635
100,4,ln2,0.002631237730383873
100,4,mlp_fc,0.12164431065320969
100,4,mlp_proj,0.391292542219162
100,5,ln1,0.0013627090957015753
100,5,attn_qkv,0.06613205373287201
100,5,attn_proj,0.23697583377361298
100,5,ln2,0.0022608530707657337
100,5,mlp_fc,0.11173644661903381
100,5,mlp_proj,0.3685827851295471
200,0,ln1,0.003554781898856163
200,0,attn_qkv,0.15623819828033447
200,0,attn_proj,0.43486252427101135
200,0,ln2,0.005139813292771578
200,0,mlp_fc,0.20835722982883453
200,0,mlp_proj,0.7605615854263306
200,1,ln1,0.0019724222365766764
200,1,attn_qkv,0.0799553245306015
200,1,attn_proj,0.21542389690876007
200,1,ln2,0.003274068469181657
200,1,mlp_fc,0.141144260764122
200,1,mlp_proj,0.5156617760658264
200,2,ln1,0.0016140977386385202
200,2,attn_qkv,0.06390288472175598
200,2,attn_proj,0.1767817735671997
200,2,ln2,0.00270013976842165
200,2,mlp_fc,0.12183850258588791
200,2,mlp_proj,0.43003949522972107
200,3,ln1,0.0014913692139089108
200,3,attn_qkv,0.058406662195920944
200,3,attn_proj,0.17163503170013428
200,3,ln2,0.0027114253025501966
200,3,mlp_fc,0.10638941824436188
200,3,mlp_proj,0.36838656663894653
200,4,ln1,0.001522442209534347
200,4,attn_qkv,0.06305387616157532
200,4,attn_proj,0.1796238124370575
200,4,ln2,0.002291172044351697
200,4,mlp_fc,0.10059632360935211
200,4,mlp_proj,0.3463221788406372
200,5,ln1,0.0017570964992046356
200,5,attn_qkv,0.06782759726047516
200,5,attn_proj,0.20163309574127197
200,5,ln2,0.002476684283465147
200,5,mlp_fc,0.09954357892274857
200,5,mlp_proj,0.3360685408115387
0,0,ln1,0.017133720219135284
0,0,attn_qkv,0.7612454891204834
0,0,attn_proj,2.598083972930908
0,0,ln2,0.016432490199804306
0,0,mlp_fc,0.898635983467102
0,0,mlp_proj,4.068049907684326
0,1,ln1,0.014309398829936981
0,1,attn_qkv,0.6937984824180603
0,1,attn_proj,2.3788199424743652
0,1,ln2,0.014912856742739677
0,1,mlp_fc,0.746441662311554
0,1,mlp_proj,3.0850441455841064
0,2,ln1,0.012143728323280811
0,2,attn_qkv,0.6382868885993958
0,2,attn_proj,2.0726892948150635
0,2,ln2,0.012612035498023033
0,2,mlp_fc,0.6739774346351624
0,2,mlp_proj,2.841599941253662
0,3,ln1,0.010516858659684658
0,3,attn_qkv,0.5740432739257812
0,3,attn_proj,2.083254337310791
0,3,ln2,0.012827522121369839
0,3,mlp_fc,0.6340072751045227
0,3,mlp_proj,2.5277459621429443
0,4,ln1,0.011319540441036224
0,4,attn_qkv,0.5093865394592285
0,4,attn_proj,1.833225965499878
0,4,ln2,0.01201066467911005
0,4,mlp_fc,0.5870782136917114
0,4,mlp_proj,2.302046775817871
0,5,ln1,0.009975739754736423
0,5,attn_qkv,0.45294877886772156
0,5,attn_proj,1.588693380355835
0,5,ln2,0.010507560335099697
0,5,mlp_fc,0.5249325037002563
0,5,mlp_proj,2.040832996368408
200,0,ln1,0.005607623606920242
200,0,attn_qkv,0.2797659933567047
200,0,attn_proj,0.9258684515953064
200,0,ln2,0.007906104438006878
200,0,mlp_fc,0.3129858374595642
200,0,mlp_proj,1.0689297914505005
200,1,ln1,0.0027022259309887886
200,1,attn_qkv,0.1388392299413681
200,1,attn_proj,0.4579079747200012
200,1,ln2,0.004587225150316954
200,1,mlp_fc,0.19922812283039093
200,1,mlp_proj,0.6900513768196106
200,2,ln1,0.0023718224838376045
200,2,attn_qkv,0.11257483810186386
200,2,attn_proj,0.3324887156486511
200,2,ln2,0.0035902452655136585
200,2,mlp_fc,0.15282893180847168
200,2,mlp_proj,0.528630256652832
200,3,ln1,0.0017674925038591027
200,3,attn_qkv,0.08348297327756882
200,3,attn_proj,0.2664341330528259
200,3,ln2,0.0030646587256342173
200,3,mlp_fc,0.13047610223293304
200,3,mlp_proj,0.44511863589286804
200,4,ln1,0.0017608260968700051
200,4,attn_qkv,0.07768569886684418
200,4,attn_proj,0.23510250449180603
200,4,ln2,0.0025362572632730007
200,4,mlp_fc,0.11887069791555405
200,4,mlp_proj,0.4084443747997284
200,5,ln1,0.0016699244733899832
200,5,attn_qkv,0.07282430678606033
200,5,attn_proj,0.24449512362480164
200,5,ln2,0.002549836179241538
200,5,mlp_fc,0.11199712753295898
200,5,mlp_proj,0.37714096903800964
200,0,ln1,0.005604597739875317
200,0,attn_qkv,0.27958762645721436
200,0,attn_proj,0.925270140171051
200,0,ln2,0.007904079742729664
200,0,mlp_fc,0.3129443824291229
200,0,mlp_proj,1.0686023235321045
200,1,ln1,0.0027002189308404922
200,1,attn_qkv,0.13876570761203766
200,1,attn_proj,0.45761412382125854
200,1,ln2,0.004589460790157318
200,1,mlp_fc,0.1991894245147705
200,1,mlp_proj,0.6898891925811768
200,2,ln1,0.0023698920849710703
200,2,attn_qkv,0.11252734810113907
200,2,attn_proj,0.3322451114654541
200,2,ln2,0.0035885635297745466
200,2,mlp_fc,0.15279142558574677
200,2,mlp_proj,0.5285127758979797
200,3,ln1,0.0017666908679530025
200,3,attn_qkv,0.0834261104464531
200,3,attn_proj,0.2663259208202362
200,3,ln2,0.0030633844435214996
200,3,mlp_fc,0.13046202063560486
200,3,mlp_proj,0.44501349329948425
200,4,ln1,0.0017600107239559293
200,4,attn_qkv,0.07765305787324905
200,4,attn_proj,0.2349580079317093
200,4,ln2,0.0025352744851261377
200,4,mlp_fc,0.11884219944477081
200,4,mlp_proj,0.4082731008529663
200,5,ln1,0.0016712072538211942
200,5,attn_qkv,0.07280252128839493
200,5,attn_proj,0.2443365603685379
200,5,ln2,0.00254894164390862
200,5,mlp_fc,0.11193917691707611
200,5,mlp_proj,0.376975417137146
0,0,ln1,0.017133720219135284
0,0,attn_qkv,0.7612454891204834
0,0,attn_proj,2.598083972930908
0,0,ln2,0.016432490199804306
0,0,mlp_fc,0.898635983467102
0,0,mlp_proj,4.068049907684326
0,1,ln1,0.014309398829936981
0,1,attn_qkv,0.6937984824180603
0,1,attn_proj,2.3788199424743652
0,1,ln2,0.014912856742739677
0,1,mlp_fc,0.746441662311554
0,1,mlp_proj,3.0850441455841064
0,2,ln1,0.012143728323280811
0,2,attn_qkv,0.6382868885993958
0,2,attn_proj,2.0726892948150635
0,2,ln2,0.012612035498023033
0,2,mlp_fc,0.6739774346351624
0,2,mlp_proj,2.841599941253662
0,3,ln1,0.010516858659684658
0,3,attn_qkv,0.5740432739257812
0,3,attn_proj,2.083254337310791
0,3,ln2,0.012827522121369839
0,3,mlp_fc,0.6340072751045227
0,3,mlp_proj,2.5277459621429443
0,4,ln1,0.011319540441036224
0,4,attn_qkv,0.5093865394592285
0,4,attn_proj,1.833225965499878
0,4,ln2,0.01201066467911005
0,4,mlp_fc,0.5870782136917114
0,4,mlp_proj,2.302046775817871
0,5,ln1,0.009975739754736423
0,5,attn_qkv,0.45294877886772156
0,5,attn_proj,1.588693380355835
0,5,ln2,0.010507560335099697
0,5,mlp_fc,0.5249325037002563
0,5,mlp_proj,2.040832996368408
100,0,ln1,0.012967160902917385
100,0,attn_qkv,0.5525211095809937
100,0,attn_proj,1.7866500616073608
100,0,ln2,0.01359657384455204
100,0,mlp_fc,0.6798219680786133
100,0,mlp_proj,2.896497964859009
100,1,ln1,0.010161716490983963
100,1,attn_qkv,0.474274605512619
100,1,attn_proj,1.6298174858093262
100,1,ln2,0.011770895682275295
100,1,mlp_fc,0.5550066828727722
100,1,mlp_proj,2.183509349822998
100,2,ln1,0.00833637360483408
100,2,attn_qkv,0.4378788471221924
100,2,attn_proj,1.461726188659668
100,2,ln2,0.010044357739388943
100,2,mlp_fc,0.5058072209358215
100,2,mlp_proj,2.0610439777374268
100,3,ln1,0.009224009700119495
100,3,attn_qkv,0.4225095212459564
100,3,attn_proj,1.5392311811447144
100,3,ln2,0.009314784780144691
100,3,mlp_fc,0.48991259932518005
100,3,mlp_proj,1.8508731126785278
100,4,ln1,0.008253620006144047
100,4,attn_qkv,0.40108558535575867
100,4,attn_proj,1.4358712434768677
100,4,ln2,0.010087027214467525
100,4,mlp_fc,0.4868267774581909
100,4,mlp_proj,1.78274405002594
100,5,ln1,0.009695030748844147
100,5,attn_qkv,0.3865266442298889
100,5,attn_proj,1.442762851715088
100,5,ln2,0.008541841059923172
100,5,mlp_fc,0.460080623626709
100,5,mlp_proj,1.6838109493255615
0,0,ln1,0.017133720219135284
0,0,attn_qkv,0.7612454891204834
0,0,attn_proj,2.598083972930908
0,0,ln2,0.016432490199804306
0,0,mlp_fc,0.898635983467102
0,0,mlp_proj,4.068049907684326
0,1,ln1,0.014309398829936981
0,1,attn_qkv,0.6937984824180603
0,1,attn_proj,2.3788199424743652
0,1,ln2,0.014912856742739677
0,1,mlp_fc,0.746441662311554
0,1,mlp_proj,3.0850441455841064
0,2,ln1,0.012143728323280811
0,2,attn_qkv,0.6382868885993958
0,2,attn_proj,2.0726892948150635
0,2,ln2,0.012612035498023033
0,2,mlp_fc,0.6739774346351624
0,2,mlp_proj,2.841599941253662
0,3,ln1,0.010516858659684658
0,3,attn_qkv,0.5740432739257812
0,3,attn_proj,2.083254337310791
0,3,ln2,0.012827522121369839
0,3,mlp_fc,0.6340072751045227
0,3,mlp_proj,2.5277459621429443
0,4,ln1,0.011319540441036224
0,4,attn_qkv,0.5093865394592285
0,4,attn_proj,1.833225965499878
0,4,ln2,0.01201066467911005
0,4,mlp_fc,0.5870782136917114
0,4,mlp_proj,2.302046775817871
0,5,ln1,0.009975739754736423
0,5,attn_qkv,0.45294877886772156
0,5,attn_proj,1.588693380355835
0,5,ln2,0.010507560335099697
0,5,mlp_fc,0.5249325037002563
0,5,mlp_proj,2.040832996368408
0,0,ln1,0.017133720219135284
0,0,attn_qkv,0.7612454891204834
0,0,attn_proj,2.598083972930908
0,0,ln2,0.016432490199804306
0,0,mlp_fc,0.898635983467102
0,0,mlp_proj,4.068049907684326
0,1,ln1,0.014309398829936981
0,1,attn_qkv,0.6937984824180603
0,1,attn_proj,2.3788199424743652
0,1,ln2,0.014912856742739677
0,1,mlp_fc,0.746441662311554
0,1,mlp_proj,3.0850441455841064
0,2,ln1,0.012143728323280811
0,2,attn_qkv,0.6382868885993958
0,2,attn_proj,2.0726892948150635
0,2,ln2,0.012612035498023033
0,2,mlp_fc,0.6739774346351624
0,2,mlp_proj,2.841599941253662
0,3,ln1,0.010516858659684658
0,3,attn_qkv,0.5740432739257812
0,3,attn_proj,2.083254337310791
0,3,ln2,0.012827522121369839
0,3,mlp_fc,0.6340072751045227
0,3,mlp_proj,2.5277459621429443
0,4,ln1,0.011319540441036224
0,4,attn_qkv,0.5093865394592285
0,4,attn_proj,1.833225965499878
0,4,ln2,0.01201066467911005
0,4,mlp_fc,0.5870782136917114
0,4,mlp_proj,2.302046775817871
0,5,ln1,0.009975739754736423
0,5,attn_qkv,0.45294877886772156
0,5,attn_proj,1.588693380355835
0,5,ln2,0.010507560335099697
0,5,mlp_fc,0.5249325037002563
0,5,mlp_proj,2.040832996368408
100,0,ln1,0.004039527382701635
100,0,attn_qkv,0.16048094630241394
100,0,attn_proj,0.523277997970581
100,0,ln2,0.0082859443500638
100,0,mlp_fc,0.33089518547058105
100,0,mlp_proj,1.1266708374023438
100,1,ln1,0.0031082392670214176
100,1,attn_qkv,0.14177939295768738
100,1,attn_proj,0.4914463758468628
100,1,ln2,0.005006314255297184
100,1,mlp_fc,0.23309893906116486
100,1,mlp_proj,0.7996029853820801
100,2,ln1,0.0025067590177059174
100,2,attn_qkv,0.12168490141630173
100,2,attn_proj,0.3834526240825653
100,2,ln2,0.004115319810807705
100,2,mlp_fc,0.19131922721862793
100,2,mlp_proj,0.6455410718917847
100,3,ln1,0.0021758517250418663
100,3,attn_qkv,0.10079537332057953
100,3,attn_proj,0.323219895362854
100,3,ln2,0.003495111595839262
100,3,mlp_fc,0.16291238367557526
100,3,mlp_proj,0.5546956062316895
100,4,ln1,0.0017800191417336464
100,4,attn_qkv,0.08610375970602036
100,4,attn_proj,0.27187401056289673
100,4,ln2,0.0034130054991692305
100,4,mlp_fc,0.15140192210674286
100,4,mlp_proj,0.5073215365409851
100,5,ln1,0.0018009088234975934
100,5,attn_qkv,0.08002618700265884
100,5,attn_proj,0.2676898241043091
100,5,ln2,0.003381855320185423
100,5,mlp_fc,0.14289772510528564
100,5,mlp_proj,0.48597651720046997
200,0,ln1,0.003771296702325344
200,0,attn_qkv,0.16034312546253204
200,0,attn_proj,0.5207493305206299
200,0,ln2,0.0066030812449753284
200,0,mlp_fc,0.3277505338191986
200,0,mlp_proj,1.176973819732666
200,1,ln1,0.0036105511244386435
200,1,attn_qkv,0.1587916910648346
200,1,attn_proj,0.5629788041114807
200,1,ln2,0.005325140431523323
200,1,mlp_fc,0.25819528102874756
200,1,mlp_proj,0.9048188924789429
200,2,ln1,0.003681865520775318
200,2,attn_qkv,0.17017823457717896
200,2,attn_proj,0.5921532511711121
200,2,ln2,0.005102409049868584
200,2,mlp_fc,0.23695135116577148
200,2,mlp_proj,0.8670326471328735
200,3,ln1,0.00376893044449389
200,3,attn_qkv,0.1773681640625
200,3,attn_proj,0.6267054677009583
200,3,ln2,0.004323432222008705
200,3,mlp_fc,0.22616131603717804
200,3,mlp_proj,0.8010042905807495
200,4,ln1,0.0038841210771352053
200,4,attn_qkv,0.19066452980041504
200,4,attn_proj,0.6322976350784302
200,4,ln2,0.004874750971794128
200,4,mlp_fc,0.2302040457725525
200,4,mlp_proj,0.792251706123352
200,5,ln1,0.00450740335509181
200,5,attn_qkv,0.19534026086330414
200,5,attn_proj,0.691007137298584
200,5,ln2,0.004908185917884111
200,5,mlp_fc,0.23038645088672638
200,5,mlp_proj,0.7953851819038391
100,0,ln1,0.004282364621758461
100,0,attn_qkv,0.19607214629650116
100,0,attn_proj,0.6155173778533936
100,0,ln2,0.008342434652149677
100,0,mlp_fc,0.3343674838542938
100,0,mlp_proj,1.1173813343048096
100,1,ln1,0.0032825705129653215
100,1,attn_qkv,0.15489903092384338
100,1,attn_proj,0.4836921691894531
100,1,ln2,0.005366536322981119
100,1,mlp_fc,0.23675411939620972
100,1,mlp_proj,0.8143622875213623
100,2,ln1,0.0026399388443678617
100,2,attn_qkv,0.13402807712554932
100,2,attn_proj,0.4044930040836334
100,2,ln2,0.004283631220459938
100,2,mlp_fc,0.19820095598697662
100,2,mlp_proj,0.66953444480896
100,3,ln1,0.0026936831418424845
100,3,attn_qkv,0.11030447483062744
100,3,attn_proj,0.3294941186904907
100,3,ln2,0.0036574476398527622
100,3,mlp_fc,0.16748236119747162
100,3,mlp_proj,0.5713337063789368
100,4,ln1,0.002065082546323538
100,4,attn_qkv,0.09367341548204422
100,4,attn_proj,0.27840662002563477
100,4,ln2,0.003151455195620656
100,4,mlp_fc,0.15549787878990173
100,4,mlp_proj,0.515653669834137
100,5,ln1,0.0019699283875524998
100,5,attn_qkv,0.08499199151992798
100,5,attn_proj,0.2914327383041382
100,5,ln2,0.00289177056401968
100,5,mlp_fc,0.1400393545627594
100,5,mlp_proj,0.4738284647464752
100,0,ln1,0.004282036330550909
100,0,attn_qkv,0.19603757560253143
100,0,attn_proj,0.6154526472091675
100,0,ln2,0.008345828391611576
100,0,mlp_fc,0.33438488841056824
100,0,mlp_proj,1.117319107055664
100,1,ln1,0.003282437799498439
100,1,attn_qkv,0.1548667550086975
100,1,attn_proj,0.48362472653388977
100,1,ln2,0.005366021301597357
100,1,mlp_fc,0.23673300445079803
100,1,mlp_proj,0.8142587542533875
100,2,ln1,0.002640269696712494
100,2,attn_qkv,0.13401088118553162
100,2,attn_proj,0.4044260084629059
100,2,ln2,0.004283195827156305
100,2,mlp_fc,0.19819076359272003
100,2,mlp_proj,0.6695460081100464
100,3,ln1,0.002694091759622097
100,3,attn_qkv,0.11030499637126923
100,3,attn_proj,0.32946398854255676
100,3,ln2,0.003655945649370551
100,3,mlp_fc,0.16747108101844788
100,3,mlp_proj,0.5713092088699341
100,4,ln1,0.002065042033791542
100,4,attn_qkv,0.09367450326681137
100,4,attn_proj,0.27837273478507996
100,4,ln2,0.0031520246993750334
100,4,mlp_fc,0.15548895299434662
100,4,mlp_proj,0.5156164169311523
100,5,ln1,0.0019689176697283983
100,5,attn_qkv,0.0849829614162445
100,5,attn_proj,0.29142990708351135
100,5,ln2,0.0028923777863383293
100,5,mlp_fc,0.14002546668052673
100,5,mlp_proj,0.4738382399082184
0,0,ln1,0.017133720219135284
0,0,attn_qkv,0.7612454891204834
0,0,attn_proj,2.598083972930908
0,0,ln2,0.016432490199804306
0,0,mlp_fc,0.898635983467102
0,0,mlp_proj,4.068049907684326
0,1,ln1,0.014309398829936981
0,1,attn_qkv,0.6937984824180603
0,1,attn_proj,2.3788199424743652
0,1,ln2,0.014912856742739677
0,1,mlp_fc,0.746441662311554
0,1,mlp_proj,3.0850441455841064
0,2,ln1,0.012143728323280811
0,2,attn_qkv,0.6382868885993958
0,2,attn_proj,2.0726892948150635
0,2,ln2,0.012612035498023033
0,2,mlp_fc,0.6739774346351624
0,2,mlp_proj,2.841599941253662
0,3,ln1,0.010516858659684658
0,3,attn_qkv,0.5740432739257812
0,3,attn_proj,2.083254337310791
0,3,ln2,0.012827522121369839
0,3,mlp_fc,0.6340072751045227
0,3,mlp_proj,2.5277459621429443
0,4,ln1,0.011319540441036224
0,4,attn_qkv,0.5093865394592285
0,4,attn_proj,1.833225965499878
0,4,ln2,0.01201066467911005
0,4,mlp_fc,0.5870782136917114
0,4,mlp_proj,2.302046775817871
0,5,ln1,0.009975739754736423
0,5,attn_qkv,0.45294877886772156
0,5,attn_proj,1.588693380355835
0,5,ln2,0.010507560335099697
0,5,mlp_fc,0.5249325037002563
0,5,mlp_proj,2.040832996368408
200,0,ln1,0.0041052247397601604
200,0,attn_qkv,0.162385493516922
200,0,attn_proj,0.43289387226104736
200,0,ln2,0.005889163818210363
200,0,mlp_fc,0.1943303793668747
200,0,mlp_proj,0.6656085848808289
200,1,ln1,0.0020104709547013044
200,1,attn_qkv,0.07509433478116989
200,1,attn_proj,0.1992226392030716
200,1,ln2,0.003399077570065856
200,1,mlp_fc,0.11999397724866867
200,1,mlp_proj,0.4241035282611847
200,2,ln1,0.0014278126182034612
200,2,attn_qkv,0.05257578566670418
200,2,attn_proj,0.1291615515947342
200,2,ln2,0.002610331168398261
200,2,mlp_fc,0.09717633575201035
200,2,mlp_proj,0.3406505882740021
200,3,ln1,0.0012736887438222766
200,3,attn_qkv,0.044316671788692474
200,3,attn_proj,0.12033677846193314
200,3,ln2,0.0024167574010789394
200,3,mlp_fc,0.08199211955070496
200,3,mlp_proj,0.28265950083732605
200,4,ln1,0.0011993296211585402
200,4,attn_qkv,0.047276612371206284
200,4,attn_proj,0.126998171210289
200,4,ln2,0.002002463210374117
200,4,mlp_fc,0.07848135381937027
200,4,mlp_proj,0.2682138979434967
200,5,ln1,0.001463877153582871
200,5,attn_qkv,0.053347643464803696
200,5,attn_proj,0.15515485405921936
200,5,ln2,0.0022383863106369972
200,5,mlp_fc,0.07815604656934738
200,5,mlp_proj,0.2649977505207062
0,0,ln1,0.017133720219135284
0,0,attn_qkv,0.7612454891204834
0,0,attn_proj,2.598083972930908
0,0,ln2,0.016432490199804306
0,0,mlp_fc,0.898635983467102
0,0,mlp_proj,4.068049907684326
0,1,ln1,0.014309398829936981
0,1,attn_qkv,0.6937984824180603
0,1,attn_proj,2.3788199424743652
0,1,ln2,0.014912856742739677
0,1,mlp_fc,0.746441662311554
0,1,mlp_proj,3.0850441455841064
0,2,ln1,0.012143728323280811
0,2,attn_qkv,0.6382868885993958
0,2,attn_proj,2.0726892948150635
0,2,ln2,0.012612035498023033
0,2,mlp_fc,0.6739774346351624
0,2,mlp_proj,2.841599941253662
0,3,ln1,0.010516858659684658
0,3,attn_qkv,0.5740432739257812
0,3,attn_proj,2.083254337310791
0,3,ln2,0.012827522121369839
0,3,mlp_fc,0.6340072751045227
0,3,mlp_proj,2.5277459621429443
0,4,ln1,0.011319540441036224
0,4,attn_qkv,0.5093865394592285
0,4,attn_proj,1.833225965499878
0,4,ln2,0.01201066467911005
0,4,mlp_fc,0.5870782136917114
0,4,mlp_proj,2.302046775817871
0,5,ln1,0.009975739754736423
0,5,attn_qkv,0.45294877886772156
0,5,attn_proj,1.588693380355835
0,5,ln2,0.010507560335099697
0,5,mlp_fc,0.5249325037002563
0,5,mlp_proj,2.040832996368408
200,0,ln1,0.006351391784846783
200,0,attn_qkv,0.3197696805000305
200,0,attn_proj,0.9739738702774048
200,0,ln2,0.008077606558799744
200,0,mlp_fc,0.2807811200618744
200,0,mlp_proj,0.9011920690536499
200,1,ln1,0.0022817158605903387
200,1,attn_qkv,0.11453408002853394
200,1,attn_proj,0.3589875102043152
200,1,ln2,0.00414311746135354
200,1,mlp_fc,0.17178156971931458
200,1,mlp_proj,0.5848313570022583
200,2,ln1,0.0019769074860960245
200,2,attn_qkv,0.09299690276384354
200,2,attn_proj,0.27362069487571716
200,2,ln2,0.0033415379002690315
200,2,mlp_fc,0.13470721244812012
200,2,mlp_proj,0.45890218019485474
200,3,ln1,0.0015556674916297197
200,3,attn_qkv,0.07324354350566864
200,3,attn_proj,0.23062710464000702
200,3,ln2,0.0027992248069494963
200,3,mlp_fc,0.11550581455230713
200,3,mlp_proj,0.3913350999355316
200,4,ln1,0.0016872428823262453
200,4,attn_qkv,0.07047038525342941
200,4,attn_proj,0.21018372476100922
200,4,ln2,0.002375820418819785
200,4,mlp_fc,0.1064368486404419
200,4,mlp_proj,0.3636855185031891
200,5,ln1,0.0016069302801042795
200,5,attn_qkv,0.06813763082027435
200,5,attn_proj,0.22155563533306122
200,5,ln2,0.002196521731093526
200,5,mlp_fc,0.10114246606826782
200,5,mlp_proj,0.3368794322013855
200,0,ln1,0.006344032008200884
200,0,attn_qkv,0.31922879815101624
200,0,attn_proj,0.972415030002594
200,0,ln2,0.008081790991127491
200,0,mlp_fc,0.2807191014289856
200,0,mlp_proj,0.900795578956604
200,1,ln1,0.002278069267049432
200,1,attn_qkv,0.11440681666135788
200,1,attn_proj,0.3586016297340393
200,1,ln2,0.004142147023230791
200,1,mlp_fc,0.17176119983196259
200,1,mlp_proj,0.5847033858299255
200,2,ln1,0.0019745687022805214
200,2,attn_qkv,0.09295091032981873
200,2,attn_proj,0.2734169661998749
200,2,ln2,0.0033422161359339952
200,2,mlp_fc,0.1346847414970398
200,2,mlp_proj,0.45883381366729736
200,3,ln1,0.0015543154440820217
200,3,attn_qkv,0.07318446785211563
200,3,attn_proj,0.23046348989009857
200,3,ln2,0.002798174973577261
200,3,mlp_fc,0.11551503837108612
200,3,mlp_proj,0.39134493470191956
200,4,ln1,0.001687278738245368
200,4,attn_qkv,0.0704442486166954
200,4,attn_proj,0.21008644998073578
200,4,ln2,0.002374072093516588
200,4,mlp_fc,0.10645267367362976
200,4,mlp_proj,0.3637189269065857
200,5,ln1,0.0016082257498055696
200,5,attn_qkv,0.06814507395029068
200,5,attn_proj,0.2215006798505783
200,5,ln2,0.00219669658690691
200,5,mlp_fc,0.10114026069641113
200,5,mlp_proj,0.33693304657936096
100,0,ln1,0.0031744628213346004
100,0,attn_qkv,0.15102353692054749
100,0,attn_proj,0.4971466362476349
100,0,ln2,0.007649524137377739
100,0,mlp_fc,0.3275934159755707
100,0,mlp_proj,1.102512001991272
100,1,ln1,0.0022633564658463
100,1,attn_qkv,0.11489786207675934
100,1,attn_proj,0.3589083254337311
100,1,ln2,0.004700507037341595
100,1,mlp_fc,0.22191014885902405
100,1,mlp_proj,0.7637102603912354
100,2,ln1,0.0017264122143387794
100,2,attn_qkv,0.09018412977457047
100,2,attn_proj,0.2913075387477875
100,2,ln2,0.0037821363657712936
100,2,mlp_fc,0.18363241851329803
100,2,mlp_proj,0.6363335251808167
100,3,ln1,0.0015610209666192532
100,3,attn_qkv,0.07802584022283554
100,3,attn_proj,0.25779345631599426
100,3,ln2,0.003254783106967807
100,3,mlp_fc,0.15898306667804718
100,3,mlp_proj,0.5435528755187988
100,4,ln1,0.0015493941027671099
100,4,attn_qkv,0.07495933771133423
100,4,attn_proj,0.23675984144210815
100,4,ln2,0.003091303398832679
100,4,mlp_fc,0.14958113431930542
100,4,mlp_proj,0.5081402659416199
100,5,ln1,0.00165290676523
100,5,attn_qkv,0.07603856921195984
100,5,attn_proj,0.2626666724681854
100,5,ln2,0.0032869973219931126
100,5,mlp_fc,0.1433659940958023
100,5,mlp_proj,0.4910969138145447
0,0,ln1,0.017133720219135284
0,0,attn_qkv,0.7612454891204834
0,0,attn_proj,2.598083972930908
0,0,ln2,0.016432490199804306
0,0,mlp_fc,0.898635983467102
0,0,mlp_proj,4.068049907684326
0,1,ln1,0.014309398829936981
0,1,attn_qkv,0.6937984824180603
0,1,attn_proj,2.3788199424743652
0,1,ln2,0.014912856742739677
0,1,mlp_fc,0.746441662311554
0,1,mlp_proj,3.0850441455841064
0,2,ln1,0.012143728323280811
0,2,attn_qkv,0.6382868885993958
0,2,attn_proj,2.0726892948150635
0,2,ln2,0.012612035498023033
0,2,mlp_fc,0.6739774346351624
0,2,mlp_proj,2.841599941253662
0,3,ln1,0.010516858659684658
0,3,attn_qkv,0.5740432739257812
0,3,attn_proj,2.083254337310791
0,3,ln2,0.012827522121369839
0,3,mlp_fc,0.6340072751045227
0,3,mlp_proj,2.5277459621429443
0,4,ln1,0.011319540441036224
0,4,attn_qkv,0.5093865394592285
0,4,attn_proj,1.833225965499878
0,4,ln2,0.01201066467911005
0,4,mlp_fc,0.5870782136917114
0,4,mlp_proj,2.302046775817871
0,5,ln1,0.009975739754736423
0,5,attn_qkv,0.45294877886772156
0,5,attn_proj,1.588693380355835
0,5,ln2,0.010507560335099697
0,5,mlp_fc,0.5249325037002563
0,5,mlp_proj,2.040832996368408
100,0,ln1,0.002780029084533453
100,0,attn_qkv,0.11562242358922958
100,0,attn_proj,0.37280067801475525
100,0,ln2,0.00617450475692749
100,0,mlp_fc,0.25842583179473877
100,0,mlp_proj,0.8589613437652588
100,1,ln1,0.0022798562422394753
100,1,attn_qkv,0.09242897480726242
100,1,attn_proj,0.3056228756904602
100,1,ln2,0.004058262798935175
100,1,mlp_fc,0.18027354776859283
100,1,mlp_proj,0.6018051505088806
100,2,ln1,0.0017942340346053243
100,2,attn_qkv,0.08046768605709076
100,2,attn_proj,0.26558932662010193
100,2,ln2,0.0031702087726444006
100,2,mlp_fc,0.15381762385368347
100,2,mlp_proj,0.5155747532844543
100,3,ln1,0.0014039742527529597
100,3,attn_qkv,0.06870441883802414
100,3,attn_proj,0.23452125489711761
100,3,ln2,0.0027427664026618004
100,3,mlp_fc,0.1310482770204544
100,3,mlp_proj,0.43853136897087097
100,4,ln1,0.0014538709074258804
100,4,attn_qkv,0.06809302419424057
100,4,attn_proj,0.22478145360946655
100,4,ln2,0.0026306051295250654
100,4,mlp_fc,0.12161336839199066
100,4,mlp_proj,0.39125359058380127
100,5,ln1,0.0013629377353936434
100,5,attn_qkv,0.06613973528146744
100,5,attn_proj,0.23694591224193573
100,5,ln2,0.0022593874018639326
100,5,mlp_fc,0.11173254251480103
100,5,mlp_proj,0.3685564696788788
0,0,ln1,0.017133720219135284
0,0,attn_qkv,0.7612454891204834
0,0,attn_proj,2.598083972930908
0,0,ln2,0.016432490199804306
0,0,mlp_fc,0.898635983467102
0,0,mlp_proj,4.068049907684326
0,1,ln1,0.014309398829936981
0,1,attn_qkv,0.6937984824180603
0,1,attn_proj,2.3788199424743652
0,1,ln2,0.014912856742739677
0,1,mlp_fc,0.746441662311554
0,1,mlp_proj,3.0850441455841064
0,2,ln1,0.012143728323280811
0,2,attn_qkv,0.6382868885993958
0,2,attn_proj,2.0726892948150635
0,2,ln2,0.012612035498023033
0,2,mlp_fc,0.6739774346351624
0,2,mlp_proj,2.841599941253662
0,3,ln1,0.010516858659684658
0,3,attn_qkv,0.5740432739257812
0,3,attn_proj,2.083254337310791
0,3,ln2,0.012827522121369839
0,3,mlp_fc,0.6340072751045227
0,3,mlp_proj,2.5277459621429443
0,4,ln1,0.011319540441036224
0,4,attn_qkv,0.5093865394592285
0,4,attn_proj,1.833225965499878
0,4,ln2,0.01201066467911005
0,4,mlp_fc,0.5870782136917114
0,4,mlp_proj,2.302046775817871
0,5,ln1,0.009975739754736423
0,5,attn_qkv,0.45294877886772156
0,5,attn_proj,1.588693380355835
0,5,ln2,0.010507560335099697
0,5,mlp_fc,0.5249325037002563
0,5,mlp_proj,2.040832996368408
0,0,ln1,0.017133720219135284
0,0,attn_qkv,0.7612454891204834
0,0,attn_proj,2.598083972930908
0,0,ln2,0.016432490199804306
0,0,mlp_fc,0.898635983467102
0,0,mlp_proj,4.068049907684326
0,1,ln1,0.014309398829936981
0,1,attn_qkv,0.6937984824180603
0,1,attn_proj,2.3788199424743652
0,1,ln2,0.014912856742739677
0,1,mlp_fc,0.746441662311554
0,1,mlp_proj,3.0850441455841064
0,2,ln1,0.012143728323280811
0,2,attn_qkv,0.6382868885993958
0,2,attn_proj,2.0726892948150635
0,2,ln2,0.012612035498023033
0,2,mlp_fc,0.6739774346351624
0,2,mlp_proj,2.841599941253662
0,3,ln1,0.010516858659684658
0,3,attn_qkv,0.5740432739257812
0,3,attn_proj,2.083254337310791
0,3,ln2,0.012827522121369839
0,3,mlp_fc,0.6340072751045227
0,3,mlp_proj,2.5277459621429443
0,4,ln1,0.011319540441036224
0,4,attn_qkv,0.5093865394592285
0,4,attn_proj,1.833225965499878
0,4,ln2,0.01201066467911005
0,4,mlp_fc,0.5870782136917114
0,4,mlp_proj,2.302046775817871
0,5,ln1,0.009975739754736423
0,5,attn_qkv,0.45294877886772156
0,5,attn_proj,1.588693380355835
0,5,ln2,0.010507560335099697
0,5,mlp_fc,0.5249325037002563
0,5,mlp_proj,2.040832996368408
200,0,ln1,0.0035493827890604734
200,0,attn_qkv,0.1558627039194107
200,0,attn_proj,0.43381646275520325
200,0,ln2,0.00513790687546134
200,0,mlp_fc,0.20820406079292297
200,0,mlp_proj,0.7594872117042542
200,1,ln1,0.001966830575838685
200,1,attn_qkv,0.07979615777730942
200,1,attn_proj,0.21506893634796143
200,1,ln2,0.0032701301388442516
200,1,mlp_fc,0.1410321444272995
200,1,mlp_proj,0.5150306820869446
200,2,ln1,0.0016107832780107856
200,2,attn_qkv,0.06379735469818115
200,2,attn_proj,0.17638294398784637
200,2,ln2,0.002694183960556984
200,2,mlp_fc,0.12163539230823517
200,2,mlp_proj,0.4291679561138153
200,3,ln1,0.0014834218891337514
200,3,attn_qkv,0.058118198066949844
200,3,attn_proj,0.17084026336669922
200,3,ln2,0.0027049314230680466
200,3,mlp_fc,0.10613885521888733
200,3,mlp_proj,0.367412269115448
200,4,ln1,0.0015135089633986354
200,4,attn_qkv,0.06272026151418686
200,4,attn_proj,0.17871186137199402
200,4,ln2,0.002282610395923257
200,4,mlp_fc,0.1003260612487793
200,4,mlp_proj,0.34523341059684753
200,5,ln1,0.00174317869823426
200,5,attn_qkv,0.06728299707174301
200,5,attn_proj,0.20047689974308014
200,5,ln2,0.002467696787789464
200,5,mlp_fc,0.099143847823143
200,5,mlp_proj,0.33484992384910583
100,0,ln1,0.0031800493597984314
100,0,attn_qkv,0.15126654505729675
100,0,attn_proj,0.497736394405365
100,0,ln2,0.007648383732885122
100,0,mlp_fc,0.3276497423648834
100,0,mlp_proj,1.1029311418533325
100,1,ln1,0.002267587697133422
100,1,attn_qkv,0.11501600593328476
100,1,attn_proj,0.3593004047870636
100,1,ln2,0.00469750352203846
100,1,mlp_fc,0.2219235897064209
100,1,mlp_proj,0.7639142870903015
100,2,ln1,0.0017283451743423939
100,2,attn_qkv,0.09034503996372223
100,2,attn_proj,0.29167258739471436
100,2,ln2,0.003779634600505233
100,2,mlp_fc,0.18365070223808289
100,2,mlp_proj,0.636503279209137
100,3,ln1,0.0015628683613613248
100,3,attn_qkv,0.07812336832284927
100,3,attn_proj,0.2580818235874176
100,3,ln2,0.003252171678468585
100,3,mlp_fc,0.15898530185222626
100,3,mlp_proj,0.5436319708824158
100,4,ln1,0.0015505964402109385
100,4,attn_qkv,0.07504495233297348
100,4,attn_proj,0.23712480068206787
100,4,ln2,0.003089797915890813
100,4,mlp_fc,0.14963509142398834
100,4,mlp_proj,0.5082991719245911
100,5,ln1,0.0016538838390260935
100,5,attn_qkv,0.07607477903366089
100,5,attn_proj,0.26292333006858826
100,5,ln2,0.0032899470534175634
100,5,mlp_fc,0.14341863989830017
100,5,mlp_proj,0.49124792218208313
100,0,ln1,0.012966313399374485
100,0,attn_qkv,0.5524995923042297
100,0,attn_proj,1.7865842580795288
100,0,ln2,0.013598445802927017
100,0,mlp_fc,0.6798049211502075
100,0,mlp_proj,2.8962466716766357
100,1,ln1,0.010162574239075184
100,1,attn_qkv,0.4742511212825775
100,1,attn_proj,1.6297043561935425
100,1,ln2,0.01176898181438446
100,1,mlp_fc,0.5549776554107666
100,1,mlp_proj,2.183337688446045
100,2,ln1,0.00833606906235218
100,2,attn_qkv,0.4378410279750824
100,2,attn_proj,1.4616833925247192
100,2,ln2,0.010044681839644909
100,2,mlp_fc,0.5057961344718933
100,2,mlp_proj,2.061069965362549
100,3,ln1,0.009223854169249535
100,3,attn_qkv,0.42253634333610535
100,3,attn_proj,1.5392796993255615
100,3,ln2,0.009313968010246754
100,3,mlp_fc,0.48990198969841003
100,3,mlp_proj,1.8508604764938354
100,4,ln1,0.008254230953752995
100,4,attn_qkv,0.40111783146858215
100,4,attn_proj,1.4359596967697144
100,4,ln2,0.010088659822940826
100,4,mlp_fc,0.48684996366500854
100,4,mlp_proj,1.7827762365341187
100,5,ln1,0.009696741588413715
100,5,attn_qkv,0.38655519485473633
100,5,attn_proj,1.442880392074585
100,5,ln2,0.008542332798242569
100,5,mlp_fc,0.46010786294937134
100,5,mlp_proj,1.683887004852295
200,0,ln1,0.005602698307484388
200,0,attn_qkv,0.2794170081615448
200,0,attn_proj,0.9248312711715698
200,0,ln2,0.007907040417194366
200,0,mlp_fc,0.3129023313522339
200,0,mlp_proj,1.068436622619629
200,1,ln1,0.0026987239252775908
200,1,attn_qkv,0.13870835304260254
200,1,attn_proj,0.45750731229782104
200,1,ln2,0.004587635397911072
200,1,mlp_fc,0.19918201863765717
200,1,mlp_proj,0.6898411512374878
200,2,ln1,0.002369361463934183
200,2,attn_qkv,0.11248304694890976
200,2,attn_proj,0.3322535753250122
200,2,ln2,0.0035871409345418215
200,2,mlp_fc,0.15280917286872864
200,2,mlp_proj,0.5285596251487732
200,3,ln1,0.0017659916775301099
200,3,attn_qkv,0.08343363553285599
200,3,attn_proj,0.2662399113178253
200,3,ln2,0.003064145799726248
200,3,mlp_fc,0.1304590255022049
200,3,mlp_proj,0.44498834013938904
200,4,ln1,0.0017596217803657055
200,4,attn_qkv,0.07764313369989395
200,4,attn_proj,0.2349405586719513
200,4,ln2,0.0025344486348330975
200,4,mlp_fc,0.11884891241788864
200,4,mlp_proj,0.40831345319747925
200,5,ln1,0.001670602010563016
200,5,attn_qkv,0.07278096675872803
200,5,attn_proj,0.24431699514389038
200,5,ln2,0.002549137221649289
200,5,mlp_fc,0.11196878552436829
200,5,mlp_proj,0.3770443797111511
100,0,ln1,0.012967020273208618
100,0,attn_qkv,0.5525588393211365
100,0,attn_proj,1.7867447137832642
100,0,ln2,0.013597965240478516
100,0,mlp_fc,0.6798387169837952
100,0,mlp_proj,2.896462917327881
100,1,ln1,0.010162006132304668
100,1,attn_qkv,0.47427308559417725
100,1,attn_proj,1.6298178434371948
100,1,ln2,0.011770057491958141
100,1,mlp_fc,0.5550178289413452
100,1,mlp_proj,2.183445453643799
100,2,ln1,0.00833631306886673
100,2,attn_qkv,0.43786317110061646
100,2,attn_proj,1.461706519126892
100,2,ln2,0.010044539347290993
100,2,mlp_fc,0.5058001279830933
100,2,mlp_proj,2.060976028442383
100,3,ln1,0.009223305620253086
100,3,attn_qkv,0.42248713970184326
100,3,attn_proj,1.539203405380249
100,3,ln2,0.009314007125794888
100,3,mlp_fc,0.48990899324417114
100,3,mlp_proj,1.8508570194244385
100,4,ln1,0.008254138752818108
100,4,attn_qkv,0.40106895565986633
100,4,attn_proj,1.4358928203582764
100,4,ln2,0.010087312199175358
100,4,mlp_fc,0.4868396818637848
100,4,mlp_proj,1.782759666442871
100,5,ln1,0.009696154855191708
100,5,attn_qkv,0.3865412771701813
100,5,attn_proj,1.4427934885025024
100,5,ln2,0.008541654795408249
100,5,mlp_fc,0.4600972831249237
100,5,mlp_proj,1.6838020086288452
0,0,ln1,0.017133720219135284
0,0,attn_qkv,0.7612454891204834
0,0,attn_proj,2.598083972930908
0,0,ln2,0.016432490199804306
0,0,mlp_fc,0.898635983467102
0,0,mlp_proj,4.068049907684326
0,1,ln1,0.014309398829936981
0,1,attn_qkv,0.6937984824180603
0,1,attn_proj,2.3788199424743652
0,1,ln2,0.014912856742739677
0,1,mlp_fc,0.746441662311554
0,1,mlp_proj,3.0850441455841064
0,2,ln1,0.012143728323280811
0,2,attn_qkv,0.6382868885993958
0,2,attn_proj,2.0726892948150635
0,2,ln2,0.012612035498023033
0,2,mlp_fc,0.6739774346351624
0,2,mlp_proj,2.841599941253662
0,3,ln1,0.010516858659684658
0,3,attn_qkv,0.5740432739257812
0,3,attn_proj,2.083254337310791
0,3,ln2,0.012827522121369839
0,3,mlp_fc,0.6340072751045227
0,3,mlp_proj,2.5277459621429443
0,4,ln1,0.011319540441036224
0,4,attn_qkv,0.5093865394592285
0,4,attn_proj,1.833225965499878
0,4,ln2,0.01201066467911005
0,4,mlp_fc,0.5870782136917114
0,4,mlp_proj,2.302046775817871
0,5,ln1,0.009975739754736423
0,5,attn_qkv,0.45294877886772156
0,5,attn_proj,1.588693380355835
0,5,ln2,0.010507560335099697
0,5,mlp_fc,0.5249325037002563
0,5,mlp_proj,2.040832996368408
200,0,ln1,0.003556326497346163
200,0,attn_qkv,0.1562686711549759
200,0,attn_proj,0.4345472455024719
200,0,ln2,0.0051441197283566
200,0,mlp_fc,0.20828938484191895
200,0,mlp_proj,0.7599436640739441
200,1,ln1,0.001968646887689829
200,1,attn_qkv,0.07985842227935791
200,1,attn_proj,0.21524231135845184
200,1,ln2,0.0032716342248022556
200,1,mlp_fc,0.14109760522842407
200,1,mlp_proj,0.5153394341468811
200,2,ln1,0.0016096897888928652
200,2,attn_qkv,0.06378880143165588
200,2,attn_proj,0.17663884162902832
200,2,ln2,0.0026923760306090117
200,2,mlp_fc,0.12173858284950256
200,2,mlp_proj,0.42967739701271057
200,3,ln1,0.001484976732172072
200,3,attn_qkv,0.05827699974179268
200,3,attn_proj,0.17126697301864624
200,3,ln2,0.0027074916288256645
200,3,mlp_fc,0.10628034919500351
200,3,mlp_proj,0.3679545521736145
200,4,ln1,0.0015184292569756508
200,4,attn_qkv,0.0629073902964592
200,4,attn_proj,0.17926481366157532
200,4,ln2,0.002285553375259042
200,4,mlp_fc,0.10049010068178177
200,4,mlp_proj,0.3459082841873169
200,5,ln1,0.0017429669387638569
200,5,attn_qkv,0.06753844022750854
200,5,attn_proj,0.20123937726020813
200,5,ln2,0.002470549661666155
200,5,mlp_fc,0.09936511516571045
200,5,mlp_proj,0.3357373774051666
200,0,ln1,0.0037714852951467037
200,0,attn_qkv,0.16035263240337372
200,0,attn_proj,0.5207578539848328
200,0,ln2,0.006603359244763851
200,0,mlp_fc,0.32774120569229126
200,0,mlp_proj,1.176952838897705
200,1,ln1,0.003610647050663829
200,1,attn_qkv,0.15877243876457214
200,1,attn_proj,0.5629157423973083
200,1,ln2,0.005324366968125105
200,1,mlp_fc,0.2582024931907654
200,1,mlp_proj,0.904778003692627
200,2,ln1,0.0036816031206399202
200,2,attn_qkv,0.17016103863716125
200,2,attn_proj,0.5921146869659424
200,2,ln2,0.00510423444211483
200,2,mlp_fc,0.23694583773612976
200,2,mlp_proj,0.8670161962509155
200,3,ln1,0.0037676242645829916
200,3,attn_qkv,0.17734184861183167
200,3,attn_proj,0.6267107129096985
200,3,ln2,0.004324316047132015
200,3,mlp_fc,0.22615782916545868
200,3,mlp_proj,0.8009917736053467
200,4,ln1,0.0038849066477268934
200,4,attn_qkv,0.19067500531673431
200,4,attn_proj,0.6322910785675049
200,4,ln2,0.004875517450273037
200,4,mlp_fc,0.23021715879440308
200,4,mlp_proj,0.7922402620315552
200,5,ln1,0.00450757285580039
200,5,attn_qkv,0.19536679983139038
200,5,attn_proj,0.691042423248291
200,5,ln2,0.004906969144940376
200,5,mlp_fc,0.2303854376077652
200,5,mlp_proj,0.795367419719696
0,0,ln1,0.017133720219135284
0,0,attn_qkv,0.7612454891204834
0,0,attn_proj,2.598083972930908
0,0,ln2,0.016432490199804306
0,0,mlp_fc,0.898635983467102
0,0,mlp_proj,4.068049907684326
0,1,ln1,0.014309398829936981
0,1,attn_qkv,0.6937984824180603
0,1,attn_proj,2.3788199424743652
0,1,ln2,0.014912856742739677
0,1,mlp_fc,0.746441662311554
0,1,mlp_proj,3.0850441455841064
0,2,ln1,0.012143728323280811
0,2,attn_qkv,0.6382868885993958
0,2,attn_proj,2.0726892948150635
0,2,ln2,0.012612035498023033
0,2,mlp_fc,0.6739774346351624
0,2,mlp_proj,2.841599941253662
0,3,ln1,0.010516858659684658
0,3,attn_qkv,0.5740432739257812
0,3,attn_proj,2.083254337310791
0,3,ln2,0.012827522121369839
0,3,mlp_fc,0.6340072751045227
0,3,mlp_proj,2.5277459621429443
0,4,ln1,0.011319540441036224
0,4,attn_qkv,0.5093865394592285
0,4,attn_proj,1.833225965499878
0,4,ln2,0.01201066467911005
0,4,mlp_fc,0.5870782136917114
0,4,mlp_proj,2.302046775817871
0,5,ln1,0.009975739754736423
0,5,attn_qkv,0.45294877886772156
0,5,attn_proj,1.588693380355835
0,5,ln2,0.010507560335099697
0,5,mlp_fc,0.5249325037002563
0,5,mlp_proj,2.040832996368408
200,0,ln1,0.0037718724925071
200,0,attn_qkv,0.1603473573923111
200,0,attn_proj,0.5207515358924866
200,0,ln2,0.0066027212888002396
200,0,mlp_fc,0.3277374804019928
200,0,mlp_proj,1.1769013404846191
200,1,ln1,0.003609968116506934
200,1,attn_qkv,0.15875613689422607
200,1,attn_proj,0.56280517578125
200,1,ln2,0.005323953460901976
200,1,mlp_fc,0.25817376375198364
200,1,mlp_proj,0.9047271013259888
200,2,ln1,0.0036823914851993322
200,2,attn_qkv,0.17018342018127441
200,2,attn_proj,0.5920684933662415
200,2,ln2,0.005103588569909334
200,2,mlp_fc,0.2369523048400879
200,2,mlp_proj,0.8670346140861511
200,3,ln1,0.0037682109978049994
200,3,attn_qkv,0.1773514598608017
200,3,attn_proj,0.6266996264457703
200,3,ln2,0.004323685076087713
200,3,mlp_fc,0.22616656124591827
200,3,mlp_proj,0.8010085821151733
200,4,ln1,0.003883193712681532
200,4,attn_qkv,0.1906677633523941
200,4,attn_proj,0.6322887539863586
200,4,ln2,0.004875407554209232
200,4,mlp_fc,0.23023688793182373
200,4,mlp_proj,0.7923155426979065
200,5,ln1,0.004508426878601313
200,5,attn_qkv,0.19537171721458435
200,5,attn_proj,0.6910594701766968
200,5,ln2,0.004909037612378597
200,5,mlp_fc,0.23038695752620697
200,5,mlp_proj,0.7953687310218811
100,0,ln1,0.004046471323817968
100,0,attn_qkv,0.16054193675518036
100,0,attn_proj,0.5233915448188782
100,0,ln2,0.008294397965073586
100,0,mlp_fc,0.3309701383113861
100,0,mlp_proj,1.1268305778503418
100,1,ln1,0.00310211512260139
100,1,attn_qkv,0.14178547263145447
100,1,attn_proj,0.49170222878456116
100,1,ln2,0.005006598774343729
100,1,mlp_fc,0.2332560420036316
100,1,mlp_proj,0.8002645373344421
100,2,ln1,0.0025082670617848635
100,2,attn_qkv,0.12177237123250961
100,2,attn_proj,0.38359180092811584
100,2,ln2,0.004117982927709818
100,2,mlp_fc,0.1914769411087036
100,2,mlp_proj,0.6460049152374268
100,3,ln1,0.002177119953557849
100,3,attn_qkv,0.10092537105083466
100,3,attn_proj,0.32369136810302734
100,3,ln2,0.0034985323436558247
100,3,mlp_fc,0.16304637491703033
100,3,mlp_proj,0.5551796555519104
100,4,ln1,0.0017792966682463884
100,4,attn_qkv,0.08617542684078217
100,4,attn_proj,0.27219173312187195
100,4,ln2,0.003418377600610256
100,4,mlp_fc,0.15151432156562805
100,4,mlp_proj,0.5076457262039185
100,5,ln1,0.001801057136617601
100,5,attn_qkv,0.07997487485408783
100,5,attn_proj,0.2677273452281952
100,5,ln2,0.0033825167920440435
100,5,mlp_fc,0.1430145651102066
100,5,mlp_proj,0.48630112409591675
0,0,ln1,0.017133720219135284
0,0,attn_qkv,0.7612454891204834
0,0,attn_proj,2.598083972930908
0,0,ln2,0.016432490199804306
0,0,mlp_fc,0.898635983467102
0,0,mlp_proj,4.068049907684326
0,1,ln1,0.014309398829936981
0,1,attn_qkv,0.6937984824180603
0,1,attn_proj,2.3788199424743652
0,1,ln2,0.014912856742739677
0,1,mlp_fc,0.746441662311554
0,1,mlp_proj,3.0850441455841064
0,2,ln1,0.012143728323280811
0,2,attn_qkv,0.6382868885993958
0,2,attn_proj,2.0726892948150635
0,2,ln2,0.012612035498023033
0,2,mlp_fc,0.6739774346351624
0,2,mlp_proj,2.841599941253662
0,3,ln1,0.010516858659684658
0,3,attn_qkv,0.5740432739257812
0,3,attn_proj,2.083254337310791
0,3,ln2,0.012827522121369839
0,3,mlp_fc,0.6340072751045227
0,3,mlp_proj,2.5277459621429443
0,4,ln1,0.011319540441036224
0,4,attn_qkv,0.5093865394592285
0,4,attn_proj,1.833225965499878
0,4,ln2,0.01201066467911005
0,4,mlp_fc,0.5870782136917114
0,4,mlp_proj,2.302046775817871
0,5,ln1,0.009975739754736423
0,5,attn_qkv,0.45294877886772156
0,5,attn_proj,1.588693380355835
0,5,ln2,0.010507560335099697
0,5,mlp_fc,0.5249325037002563
0,5,mlp_proj,2.040832996368408
0,0,ln1,0.017133720219135284
0,0,attn_qkv,0.7612454891204834
0,0,attn_proj,2.598083972930908
0,0,ln2,0.016432490199804306
0,0,mlp_fc,0.898635983467102
0,0,mlp_proj,4.068049907684326
0,1,ln1,0.014309398829936981
0,1,attn_qkv,0.6937984824180603
0,1,attn_proj,2.3788199424743652
0,1,ln2,0.014912856742739677
0,1,mlp_fc,0.746441662311554
0,1,mlp_proj,3.0850441455841064
0,2,ln1,0.012143728323280811
0,2,attn_qkv,0.6382868885993958
0,2,attn_proj,2.0726892948150635
0,2,ln2,0.012612035498023033
0,2,mlp_fc,0.6739774346351624
0,2,mlp_proj,2.841599941253662
0,3,ln1,0.010516858659684658
0,3,attn_qkv,0.5740432739257812
0,3,attn_proj,2.083254337310791
0,3,ln2,0.012827522121369839
0,3,mlp_fc,0.6340072751045227
0,3,mlp_proj,2.5277459621429443
0,4,ln1,0.011319540441036224
0,4,attn_qkv,0.5093865394592285
0,4,attn_proj,1.833225965499878
0,4,ln2,0.01201066467911005
0,4,mlp_fc,0.5870782136917114
0,4,mlp_proj,2.302046775817871
0,5,ln1,0.009975739754736423
0,5,attn_qkv,0.45294877886772156
0,5,attn_proj,1.588693380355835
0,5,ln2,0.010507560335099697
0,5,mlp_fc,0.5249325037002563
0,5,mlp_proj,2.040832996368408
100,0,ln1,0.004277925938367844
100,0,attn_qkv,0.1959010362625122
100,0,attn_proj,0.6151666641235352
100,0,ln2,0.008342725224792957
100,0,mlp_fc,0.33434373140335083
100,0,mlp_proj,1.1171919107437134
100,1,ln1,0.0032806876115500927
100,1,attn_qkv,0.15479186177253723
100,1,attn_proj,0.4834465980529785
100,1,ln2,0.005364015232771635
100,1,mlp_fc,0.23669226467609406
100,1,mlp_proj,0.8141170740127563
100,2,ln1,0.0026377211324870586
100,2,attn_qkv,0.1339567005634308
100,2,attn_proj,0.40425625443458557
100,2,ln2,0.0042841131798923016
100,2,mlp_fc,0.1982036828994751
100,2,mlp_proj,0.6695006489753723
100,3,ln1,0.0026927583385258913
100,3,attn_qkv,0.11026729643344879
100,3,attn_proj,0.3293854892253876
100,3,ln2,0.0036584644112735987
100,3,mlp_fc,0.1674688309431076
100,3,mlp_proj,0.5713111758232117
100,4,ln1,0.002063811756670475
100,4,attn_qkv,0.09364733099937439
100,4,attn_proj,0.27831506729125977
100,4,ln2,0.0031507203821092844
100,4,mlp_fc,0.15549838542938232
100,4,mlp_proj,0.5156222581863403
100,5,ln1,0.0019685474690049887
100,5,attn_qkv,0.08494218438863754
100,5,attn_proj,0.29137128591537476
100,5,ln2,0.002891968237236142
100,5,mlp_fc,0.14004676043987274
100,5,mlp_proj,0.47386711835861206
0,0,ln1,0.017133720219135284
0,0,attn_qkv,0.7612454891204834
0,0,attn_proj,2.598083972930908
0,0,ln2,0.016432490199804306
0,0,mlp_fc,0.898635983467102
0,0,mlp_proj,4.068049907684326
0,1,ln1,0.014309398829936981
0,1,attn_qkv,0.6937984824180603
0,1,attn_proj,2.3788199424743652
0,1,ln2,0.014912856742739677
0,1,mlp_fc,0.746441662311554
0,1,mlp_proj,3.0850441455841064
0,2,ln1,0.012143728323280811
0,2,attn_qkv,0.6382868885993958
0,2,attn_proj,2.0726892948150635
0,2,ln2,0.012612035498023033
0,2,mlp_fc,0.6739774346351624
0,2,mlp_proj,2.841599941253662
0,3,ln1,0.010516858659684658
0,3,attn_qkv,0.5740432739257812
0,3,attn_proj,2.083254337310791
0,3,ln2,0.012827522121369839
0,3,mlp_fc,0.6340072751045227
0,3,mlp_proj,2.5277459621429443
0,4,ln1,0.011319540441036224
0,4,attn_qkv,0.5093865394592285
0,4,attn_proj,1.833225965499878
0,4,ln2,0.01201066467911005
0,4,mlp_fc,0.5870782136917114
0,4,mlp_proj,2.302046775817871
0,5,ln1,0.009975739754736423
0,5,attn_qkv,0.45294877886772156
0,5,attn_proj,1.588693380355835
0,5,ln2,0.010507560335099697
0,5,mlp_fc,0.5249325037002563
0,5,mlp_proj,2.040832996368408
200,0,ln1,0.0040960186161100864
200,0,attn_qkv,0.16209664940834045
200,0,attn_proj,0.4323074519634247
200,0,ln2,0.005886869039386511
200,0,mlp_fc,0.19426307082176208
200,0,mlp_proj,0.6652927398681641
200,1,ln1,0.002013205084949732
200,1,attn_qkv,0.0750822201371193
200,1,attn_proj,0.19926631450653076
200,1,ln2,0.003399211447685957
200,1,mlp_fc,0.11996044963598251
200,1,mlp_proj,0.42399129271507263
200,2,ln1,0.0014259940944612026
200,2,attn_qkv,0.05256063863635063
200,2,attn_proj,0.12909959256649017
200,2,ln2,0.002605689223855734
200,2,mlp_fc,0.09716130793094635
200,2,mlp_proj,0.34062209725379944
200,3,ln1,0.0012702654348686337
200,3,attn_qkv,0.044278766959905624
200,3,attn_proj,0.12031203508377075
200,3,ln2,0.002415070775896311
200,3,mlp_fc,0.08199756592512131
200,3,mlp_proj,0.28271132707595825
200,4,ln1,0.0011994157684966922
200,4,attn_qkv,0.047290608286857605
200,4,attn_proj,0.12706013023853302
200,4,ln2,0.00200366391800344
200,4,mlp_fc,0.07851497083902359
200,4,mlp_proj,0.26829424500465393
200,5,ln1,0.001457470585592091
200,5,attn_qkv,0.05331264063715935
200,5,attn_proj,0.15507490932941437
200,5,ln2,0.002237479668110609
200,5,mlp_fc,0.0781586617231369
200,5,mlp_proj,0.2650662958621979
200,0,ln1,0.006341356784105301
200,0,attn_qkv,0.318956583738327
200,0,attn_proj,0.9719663858413696
200,0,ln2,0.008075191639363766
200,0,mlp_fc,0.2806284427642822
200,0,mlp_proj,0.9006125330924988
200,1,ln1,0.0022782038431614637
200,1,attn_qkv,0.11439552903175354
200,1,attn_proj,0.3585067391395569
200,1,ln2,0.0041397069580852985
200,1,mlp_fc,0.17169909179210663
200,1,mlp_proj,0.5845447778701782
200,2,ln1,0.0019739114213734865
200,2,attn_qkv,0.09295368939638138
200,2,attn_proj,0.27331817150115967
200,2,ln2,0.0033397290389984846
200,2,mlp_fc,0.13463358581066132
200,2,mlp_proj,0.458638459444046
200,3,ln1,0.0015559438616037369
200,3,attn_qkv,0.07317019253969193
200,3,attn_proj,0.2303621917963028
200,3,ln2,0.002795753302052617
200,3,mlp_fc,0.11543776094913483
200,3,mlp_proj,0.39108020067214966
200,4,ln1,0.0016864815261214972
200,4,attn_qkv,0.07039781659841537
200,4,attn_proj,0.20990090072155
200,4,ln2,0.0023731004912406206
200,4,mlp_fc,0.10634642839431763
200,4,mlp_proj,0.3633025884628296
200,5,ln1,0.0016091078286990523
200,5,attn_qkv,0.06808068603277206
200,5,attn_proj,0.2212568074464798
200,5,ln2,0.0021942700259387493
200,5,mlp_fc,0.1010240986943245
200,5,mlp_proj,0.33653783798217773
100,0,ln1,0.004045393317937851
100,0,attn_qkv,0.1605859100818634
100,0,attn_proj,0.5239660143852234
100,0,ln2,0.008286215364933014
100,0,mlp_fc,0.331021249294281
100,0,mlp_proj,1.127608299255371
100,1,ln1,0.0031175597105175257
100,1,attn_qkv,0.14207065105438232
100,1,attn_proj,0.4929410219192505
100,1,ln2,0.005010833032429218
100,1,mlp_fc,0.23341970145702362
100,1,mlp_proj,0.8006572127342224
100,2,ln1,0.0025105453096330166
100,2,attn_qkv,0.12177372723817825
100,2,attn_proj,0.38403213024139404
100,2,ln2,0.004120190627872944
100,2,mlp_fc,0.19150060415267944
100,2,mlp_proj,0.6462922692298889
100,3,ln1,0.0021778217051178217
100,3,attn_qkv,0.10094783455133438
100,3,attn_proj,0.32418355345726013
100,3,ln2,0.003498977283015847
100,3,mlp_fc,0.1631445735692978
100,3,mlp_proj,0.5554772615432739
100,4,ln1,0.0017850561998784542
100,4,attn_qkv,0.0862971842288971
100,4,attn_proj,0.2726554870605469
100,4,ln2,0.0034199405927211046
100,4,mlp_fc,0.15158972144126892
100,4,mlp_proj,0.5079684853553772
100,5,ln1,0.0018032427178695798
100,5,attn_qkv,0.08015864342451096
100,5,attn_proj,0.26827603578567505
100,5,ln2,0.0033833766356110573
100,5,mlp_fc,0.14304162561893463
100,5,mlp_proj,0.4864102602005005
100,0,ln1,0.002777153393253684
100,0,attn_qkv,0.1155538335442543
100,0,attn_proj,0.3726906180381775
100,0,ln2,0.006174866575747728
100,0,mlp_fc,0.2584054172039032
100,0,mlp_proj,0.8588588237762451
100,1,ln1,0.002276407787576318
100,1,attn_qkv,0.09238346666097641
100,1,attn_proj,0.30552154779434204
100,1,ln2,0.004057618789374828
100,1,mlp_fc,0.18026523292064667
100,1,mlp_proj,0.6017609238624573
100,2,ln1,0.0017942195991054177
100,2,attn_qkv,0.08046185970306396
100,2,attn_proj,0.26554298400878906
100,2,ln2,0.0031701645348221064
100,2,mlp_fc,0.1538391411304474
100,2,mlp_proj,0.5156232118606567
100,3,ln1,0.0014041624963283539
100,3,attn_qkv,0.06871175765991211
100,3,attn_proj,0.23452192544937134
100,3,ln2,0.0027434052899479866
100,3,mlp_fc,0.131077840924263
100,3,mlp_proj,0.438663512468338
100,4,ln1,0.0014542406424880028
100,4,attn_qkv,0.0681120902299881
100,4,attn_proj,0.22485944628715515
100,4,ln2,0.002631880808621645
100,4,mlp_fc,0.12165932357311249
100,4,mlp_proj,0.39138063788414
100,5,ln1,0.0013628910528495908
100,5,attn_qkv,0.06612534075975418
100,5,attn_proj,0.23703628778457642
100,5,ln2,0.0022617781069129705
100,5,mlp_fc,0.1117851659655571
100,5,mlp_proj,0.36872541904449463
100,0,ln1,0.0027772875037044287
100,0,attn_qkv,0.11555317044258118
100,0,attn_proj,0.37275052070617676
100,0,ln2,0.006174245849251747
100,0,mlp_fc,0.25842273235321045
100,0,mlp_proj,0.858916163444519
100,1,ln1,0.002278642961755395
100,1,attn_qkv,0.092420294880867
100,1,attn_proj,0.3055787980556488
100,1,ln2,0.00405862694606185
100,1,mlp_fc,0.1802724301815033
100,1,mlp_proj,0.6017720699310303
100,2,ln1,0.0017947733867913485
100,2,attn_qkv,0.08046851307153702
100,2,attn_proj,0.2655888795852661
100,2,ln2,0.0031708229798823595
100,2,mlp_fc,0.15384671092033386
100,2,mlp_proj,0.5156236886978149
100,3,ln1,0.0014043088303878903
100,3,attn_qkv,0.06871011853218079
100,3,attn_proj,0.23454469442367554
100,3,ln2,0.0027429629117250443
100,3,mlp_fc,0.13107986748218536
100,3,mlp_proj,0.4386337995529175
100,4,ln1,0.0014549421612173319
100,4,attn_qkv,0.06811869889497757
100,4,attn_proj,0.2248249500989914
100,4,ln2,0.0026310121174901724
100,4,mlp_fc,0.12164612859487534
100,4,mlp_proj,0.3913191258907318
100,5,ln1,0.001362205483019352
100,5,attn_qkv,0.0661148950457573
100,5,attn_proj,0.23697079718112946
100,5,ln2,0.0022621476091444492
100,5,mlp_fc,0.11176199465990067
100,5,mlp_proj,0.3686284124851227
0,0,ln1,0.017133720219135284
0,0,attn_qkv,0.7612454891204834
0,0,attn_proj,2.598083972930908
0,0,ln2,0.016432490199804306
0,0,mlp_fc,0.898635983467102
0,0,mlp_proj,4.068049907684326
0,1,ln1,0.014309398829936981
0,1,attn_qkv,0.6937984824180603
0,1,attn_proj,2.3788199424743652
0,1,ln2,0.014912856742739677
0,1,mlp_fc,0.746441662311554
0,1,mlp_proj,3.0850441455841064
0,2,ln1,0.012143728323280811
0,2,attn_qkv,0.6382868885993958
0,2,attn_proj,2.0726892948150635
0,2,ln2,0.012612035498023033
0,2,mlp_fc,0.6739774346351624
0,2,mlp_proj,2.841599941253662
0,3,ln1,0.010516858659684658
0,3,attn_qkv,0.5740432739257812
0,3,attn_proj,2.083254337310791
0,3,ln2,0.012827522121369839
0,3,mlp_fc,0.6340072751045227
0,3,mlp_proj,2.5277459621429443
0,4,ln1,0.011319540441036224
0,4,attn_qkv,0.5093865394592285
0,4,attn_proj,1.833225965499878
0,4,ln2,0.01201066467911005
0,4,mlp_fc,0.5870782136917114
0,4,mlp_proj,2.302046775817871
0,5,ln1,0.009975739754736423
0,5,attn_qkv,0.45294877886772156
0,5,attn_proj,1.588693380355835
0,5,ln2,0.010507560335099697
0,5,mlp_fc,0.5249325037002563
0,5,mlp_proj,2.040832996368408
0,0,ln1,0.017133720219135284
0,0,attn_qkv,0.7612454891204834
0,0,attn_proj,2.598083972930908
0,0,ln2,0.016432490199804306
0,0,mlp_fc,0.898635983467102
0,0,mlp_proj,4.068049907684326
0,1,ln1,0.014309398829936981
0,1,attn_qkv,0.6937984824180603
0,1,attn_proj,2.3788199424743652
0,1,ln2,0.014912856742739677
0,1,mlp_fc,0.746441662311554
0,1,mlp_proj,3.0850441455841064
0,2,ln1,0.012143728323280811
0,2,attn_qkv,0.6382868885993958
0,2,attn_proj,2.0726892948150635
0,2,ln2,0.012612035498023033
0,2,mlp_fc,0.6739774346351624
0,2,mlp_proj,2.841599941253662
0,3,ln1,0.010516858659684658
0,3,attn_qkv,0.5740432739257812
0,3,attn_proj,2.083254337310791
0,3,ln2,0.012827522121369839
0,3,mlp_fc,0.6340072751045227
0,3,mlp_proj,2.5277459621429443
0,4,ln1,0.011319540441036224
0,4,attn_qkv,0.5093865394592285
0,4,attn_proj,1.833225965499878
0,4,ln2,0.01201066467911005
0,4,mlp_fc,0.5870782136917114
0,4,mlp_proj,2.302046775817871
0,5,ln1,0.009975739754736423
0,5,attn_qkv,0.45294877886772156
0,5,attn_proj,1.588693380355835
0,5,ln2,0.010507560335099697
0,5,mlp_fc,0.5249325037002563
0,5,mlp_proj,2.040832996368408
200,0,ln1,0.005609604530036449
200,0,attn_qkv,0.27979719638824463
200,0,attn_proj,0.9259845614433289
200,0,ln2,0.007905534468591213
200,0,mlp_fc,0.31301742792129517
200,0,mlp_proj,1.0690839290618896
200,1,ln1,0.002703552832826972
200,1,attn_qkv,0.13890422880649567
200,1,attn_proj,0.4579277038574219
200,1,ln2,0.004587656352669001
200,1,mlp_fc,0.19923126697540283
200,1,mlp_proj,0.690116286277771
200,2,ln1,0.0023723335471004248
200,2,attn_qkv,0.112629733979702
200,2,attn_proj,0.33254021406173706
200,2,ln2,0.003589385189116001
200,2,mlp_fc,0.15283112227916718
200,2,mlp_proj,0.5286778807640076
200,3,ln1,0.0017679429147392511
200,3,attn_qkv,0.08349427580833435
200,3,attn_proj,0.26649218797683716
200,3,ln2,0.0030653688590973616
200,3,mlp_fc,0.13047634065151215
200,3,mlp_proj,0.4451150894165039
200,4,ln1,0.0017609959468245506
200,4,attn_qkv,0.07769357413053513
200,4,attn_proj,0.2351304292678833
200,4,ln2,0.0025350695941597223
200,4,mlp_fc,0.11887269467115402
200,4,mlp_proj,0.4084567725658417
200,5,ln1,0.0016705440357327461
200,5,attn_qkv,0.07282935827970505
200,5,attn_proj,0.24452511966228485
200,5,ln2,0.0025500741321593523
200,5,mlp_fc,0.11201005429029465
200,5,mlp_proj,0.37716439366340637
200,0,ln1,0.004101733211427927
200,0,attn_qkv,0.1623120754957199
200,0,attn_proj,0.4326344132423401
200,0,ln2,0.0058865235187113285
200,0,mlp_fc,0.1942923665046692
200,0,mlp_proj,0.665587306022644
200,1,ln1,0.0020133417565375566
200,1,attn_qkv,0.07512839883565903
200,1,attn_proj,0.19926710426807404
200,1,ln2,0.003400918561965227
200,1,mlp_fc,0.1200016587972641
200,1,mlp_proj,0.4241270422935486
200,2,ln1,0.0014253415865823627
200,2,attn_qkv,0.052586689591407776
200,2,attn_proj,0.1292182058095932
200,2,ln2,0.0026105011347681284
200,2,mlp_fc,0.09721006453037262
200,2,mlp_proj,0.34073182940483093
200,3,ln1,0.0012792012421414256
200,3,attn_qkv,0.04432615637779236
200,3,attn_proj,0.12038886547088623
200,3,ln2,0.002415803959593177
200,3,mlp_fc,0.08201354742050171
200,3,mlp_proj,0.2827744781970978
200,4,ln1,0.001203608582727611
200,4,attn_qkv,0.04736454784870148
200,4,attn_proj,0.12719500064849854
200,4,ln2,0.002004920970648527
200,4,mlp_fc,0.07855048030614853
200,4,mlp_proj,0.2684507966041565
200,5,ln1,0.0014656445709988475
200,5,attn_qkv,0.053422410041093826
200,5,attn_proj,0.15541709959506989
200,5,ln2,0.002241321373730898
200,5,mlp_fc,0.07823839783668518
200,5,mlp_proj,0.265299916267395
200,0,ln1,0.0056078373454511166
200,0,attn_qkv,0.2796490788459778
200,0,attn_proj,0.925614058971405
200,0,ln2,0.007905666716396809
200,0,mlp_fc,0.3129976987838745
200,0,mlp_proj,1.0688910484313965
200,1,ln1,0.00270108412951231
200,1,attn_qkv,0.13878750801086426
200,1,attn_proj,0.45769521594047546
200,1,ln2,0.004588165786117315
200,1,mlp_fc,0.19924457371234894
200,1,mlp_proj,0.6901000142097473
200,2,ln1,0.0023715244606137276
200,2,attn_qkv,0.11253635585308075
200,2,attn_proj,0.33232516050338745
200,2,ln2,0.003590177744626999
200,2,mlp_fc,0.15283630788326263
200,2,mlp_proj,0.5286788940429688
200,3,ln1,0.0017658912111073732
200,3,attn_qkv,0.08344947546720505
200,3,attn_proj,0.26638370752334595
200,3,ln2,0.003065109020099044
200,3,mlp_fc,0.13048100471496582
200,3,mlp_proj,0.44510769844055176
200,4,ln1,0.0017602458829060197
200,4,attn_qkv,0.0776745155453682
200,4,attn_proj,0.23505350947380066
200,4,ln2,0.002535432344302535
200,4,mlp_fc,0.11887645721435547
200,4,mlp_proj,0.40842849016189575
200,5,ln1,0.0016711670905351639
200,5,attn_qkv,0.07282566279172897
200,5,attn_proj,0.24446694552898407
200,5,ln2,0.0025500492192804813
200,5,mlp_fc,0.11199643462896347
200,5,mlp_proj,0.3771595358848572
100,0,ln1,0.003159429645165801
100,0,attn_qkv,0.1502678543329239
100,0,attn_proj,0.49509352445602417
100,0,ln2,0.0076454817317426205
100,0,mlp_fc,0.3273908793926239
100,0,mlp_proj,1.1010692119598389
100,1,ln1,0.0022543901577591896
100,1,attn_qkv,0.1142621710896492
100,1,attn_proj,0.35723280906677246
100,1,ln2,0.0046946099027991295
100,1,mlp_fc,0.2217247039079666
100,1,mlp_proj,0.7626188397407532
100,2,ln1,0.0017154241213575006
100,2,attn_qkv,0.089727021753788
100,2,attn_proj,0.2896214425563812
100,2,ln2,0.003775146324187517
100,2,mlp_fc,0.18339267373085022
100,2,mlp_proj,0.6353396773338318
100,3,ln1,0.0015531862154603004
100,3,attn_qkv,0.0775950625538826
100,3,attn_proj,0.2565058171749115
100,3,ln2,0.0032492042519152164
100,3,mlp_fc,0.158752903342247
100,3,mlp_proj,0.5426487326622009
100,4,ln1,0.0015421387506648898
100,4,attn_qkv,0.07454925775527954
100,4,attn_proj,0.23569878935813904
100,4,ln2,0.0030832753982394934
100,4,mlp_fc,0.14936919510364532
100,4,mlp_proj,0.5074124932289124
100,5,ln1,0.0016463508363813162
100,5,attn_qkv,0.0756814181804657
100,5,attn_proj,0.261554092168808
100,5,ln2,0.0032776757143437862
100,5,mlp_fc,0.14309683442115784
100,5,mlp_proj,0.49027466773986816
100,0,ln1,0.01296533364802599
100,0,attn_qkv,0.5524055361747742
100,0,attn_proj,1.7863481044769287
100,0,ln2,0.013592584058642387
100,0,mlp_fc,0.6797356009483337
100,0,mlp_proj,2.896008253097534
100,1,ln1,0.010161537677049637
100,1,attn_qkv,0.4742058217525482
100,1,attn_proj,1.6296340227127075
100,1,ln2,0.011769508011639118
100,1,mlp_fc,0.5549868941307068
100,1,mlp_proj,2.183297872543335
100,2,ln1,0.00833493284881115
100,2,attn_qkv,0.43785837292671204
100,2,attn_proj,1.461648941040039
100,2,ln2,0.010043328627943993
100,2,mlp_fc,0.5057855844497681
100,2,mlp_proj,2.0609469413757324
100,3,ln1,0.009222540073096752
100,3,attn_qkv,0.42249253392219543
100,3,attn_proj,1.5392552614212036
100,3,ln2,0.009313656948506832
100,3,mlp_fc,0.4898999035358429
100,3,mlp_proj,1.8508177995681763
100,4,ln1,0.008254374377429485
100,4,attn_qkv,0.4010984003543854
100,4,attn_proj,1.4359326362609863
100,4,ln2,0.010088037699460983
100,4,mlp_fc,0.4868468642234802
100,4,mlp_proj,1.7827531099319458
100,5,ln1,0.009695235639810562
100,5,attn_qkv,0.38652852177619934
100,5,attn_proj,1.4428417682647705
100,5,ln2,0.008542748168110847
100,5,mlp_fc,0.4601103365421295
100,5,mlp_proj,1.6838675737380981
0,0,ln1,0.017133720219135284
0,0,attn_qkv,0.7612454891204834
0,0,attn_proj,2.598083972930908
0,0,ln2,0.016432490199804306
0,0,mlp_fc,0.898635983467102
0,0,mlp_proj,4.068049907684326
0,1,ln1,0.014309398829936981
0,1,attn_qkv,0.6937984824180603
0,1,attn_proj,2.3788199424743652
0,1,ln2,0.014912856742739677
0,1,mlp_fc,0.746441662311554
0,1,mlp_proj,3.0850441455841064
0,2,ln1,0.012143728323280811
0,2,attn_qkv,0.6382868885993958
0,2,attn_proj,2.0726892948150635
0,2,ln2,0.012612035498023033
0,2,mlp_fc,0.6739774346351624
0,2,mlp_proj,2.841599941253662
0,3,ln1,0.010516858659684658
0,3,attn_qkv,0.5740432739257812
0,3,attn_proj,2.083254337310791
0,3,ln2,0.012827522121369839
0,3,mlp_fc,0.6340072751045227
0,3,mlp_proj,2.5277459621429443
0,4,ln1,0.011319540441036224
0,4,attn_qkv,0.5093865394592285
0,4,attn_proj,1.833225965499878
0,4,ln2,0.01201066467911005
0,4,mlp_fc,0.5870782136917114
0,4,mlp_proj,2.302046775817871
0,5,ln1,0.009975739754736423
0,5,attn_qkv,0.45294877886772156
0,5,attn_proj,1.588693380355835
0,5,ln2,0.010507560335099697
0,5,mlp_fc,0.5249325037002563
0,5,mlp_proj,2.040832996368408
0,0,ln1,0.017133720219135284
0,0,attn_qkv,0.7612454891204834
0,0,attn_proj,2.598083972930908
0,0,ln2,0.016432490199804306
0,0,mlp_fc,0.898635983467102
0,0,mlp_proj,4.068049907684326
0,1,ln1,0.014309398829936981
0,1,attn_qkv,0.6937984824180603
0,1,attn_proj,2.3788199424743652
0,1,ln2,0.014912856742739677
0,1,mlp_fc,0.746441662311554
0,1,mlp_proj,3.0850441455841064
0,2,ln1,0.012143728323280811
0,2,attn_qkv,0.6382868885993958
0,2,attn_proj,2.0726892948150635
0,2,ln2,0.012612035498023033
0,2,mlp_fc,0.6739774346351624
0,2,mlp_proj,2.841599941253662
0,3,ln1,0.010516858659684658
0,3,attn_qkv,0.5740432739257812
0,3,attn_proj,2.083254337310791
0,3,ln2,0.012827522121369839
0,3,mlp_fc,0.6340072751045227
0,3,mlp_proj,2.5277459621429443
0,4,ln1,0.011319540441036224
0,4,attn_qkv,0.5093865394592285
0,4,attn_proj,1.833225965499878
0,4,ln2,0.01201066467911005
0,4,mlp_fc,0.5870782136917114
0,4,mlp_proj,2.302046775817871
0,5,ln1,0.009975739754736423
0,5,attn_qkv,0.45294877886772156
0,5,attn_proj,1.588693380355835
0,5,ln2,0.010507560335099697
0,5,mlp_fc,0.5249325037002563
0,5,mlp_proj,2.040832996368408
0,0,ln1,0.017133720219135284
0,0,attn_qkv,0.7612454891204834
0,0,attn_proj,2.598083972930908
0,0,ln2,0.016432490199804306
0,0,mlp_fc,0.898635983467102
0,0,mlp_proj,4.068049907684326
0,1,ln1,0.014309398829936981
0,1,attn_qkv,0.6937984824180603
0,1,attn_proj,2.3788199424743652
0,1,ln2,0.014912856742739677
0,1,mlp_fc,0.746441662311554
0,1,mlp_proj,3.0850441455841064
0,2,ln1,0.012143728323280811
0,2,attn_qkv,0.6382868885993958
0,2,attn_proj,2.0726892948150635
0,2,ln2,0.012612035498023033
0,2,mlp_fc,0.6739774346351624
0,2,mlp_proj,2.841599941253662
0,3,ln1,0.010516858659684658
0,3,attn_qkv,0.5740432739257812
0,3,attn_proj,2.083254337310791
0,3,ln2,0.012827522121369839
0,3,mlp_fc,0.6340072751045227
0,3,mlp_proj,2.5277459621429443
0,4,ln1,0.011319540441036224
0,4,attn_qkv,0.5093865394592285
0,4,attn_proj,1.833225965499878
0,4,ln2,0.01201066467911005
0,4,mlp_fc,0.5870782136917114
0,4,mlp_proj,2.302046775817871
0,5,ln1,0.009975739754736423
0,5,attn_qkv,0.45294877886772156
0,5,attn_proj,1.588693380355835
0,5,ln2,0.010507560335099697
0,5,mlp_fc,0.5249325037002563
0,5,mlp_proj,2.040832996368408
200,0,ln1,0.0035477974452078342
200,0,attn_qkv,0.1559007167816162
200,0,attn_proj,0.4338381290435791
200,0,ln2,0.005138303153216839
200,0,mlp_fc,0.2081865817308426
200,0,mlp_proj,0.7592315077781677
200,1,ln1,0.0019668966997414827
200,1,attn_qkv,0.0797438845038414
200,1,attn_proj,0.21492180228233337
200,1,ln2,0.003268781816586852
200,1,mlp_fc,0.14096859097480774
200,1,mlp_proj,0.5147302150726318
200,2,ln1,0.0016072994330897927
200,2,attn_qkv,0.06371860206127167
200,2,attn_proj,0.1762019693851471
200,2,ln2,0.0026912777684628963
200,2,mlp_fc,0.12157709151506424
200,2,mlp_proj,0.4289299547672272
200,3,ln1,0.0014843681128695607
200,3,attn_qkv,0.058106034994125366
200,3,attn_proj,0.17087268829345703
200,3,ln2,0.0027013872750103474
200,3,mlp_fc,0.10612007975578308
200,3,mlp_proj,0.3673458695411682
200,4,ln1,0.0015136442380025983
200,4,attn_qkv,0.06272115558385849
200,4,attn_proj,0.17873598635196686
200,4,ln2,0.002281327499076724
200,4,mlp_fc,0.1003355085849762
200,4,mlp_proj,0.345370888710022
200,5,ln1,0.001746120979078114
200,5,attn_qkv,0.06744040548801422
200,5,attn_proj,0.20080038905143738
200,5,ln2,0.0024644925724714994
200,5,mlp_fc,0.0992310494184494
200,5,mlp_proj,0.3351839482784271
200,0,ln1,0.00377270276658237
200,0,attn_qkv,0.16042211651802063
200,0,attn_proj,0.5209405422210693
200,0,ln2,0.006604073103517294
200,0,mlp_fc,0.3277728855609894
200,0,mlp_proj,1.177105188369751
200,1,ln1,0.0036108060739934444
200,1,attn_qkv,0.15884312987327576
200,1,attn_proj,0.5630345940589905
200,1,ln2,0.0053243087604641914
200,1,mlp_fc,0.2582304775714874
200,1,mlp_proj,0.9048993587493896
200,2,ln1,0.0036836834624409676
200,2,attn_qkv,0.17019861936569214
200,2,attn_proj,0.5921530723571777
200,2,ln2,0.005105180665850639
200,2,mlp_fc,0.23695774376392365
200,2,mlp_proj,0.8670299053192139
200,3,ln1,0.003768299240618944
200,3,attn_qkv,0.17735740542411804
200,3,attn_proj,0.6267219185829163
200,3,ln2,0.0043242149986326694
200,3,mlp_fc,0.22614982724189758
200,3,mlp_proj,0.8009842038154602
200,4,ln1,0.0038837979082018137
200,4,attn_qkv,0.19068215787410736
200,4,attn_proj,0.6323170065879822
200,4,ln2,0.004875557497143745
200,4,mlp_fc,0.23021195828914642
200,4,mlp_proj,0.7922616600990295
200,5,ln1,0.004507455509155989
200,5,attn_qkv,0.19535252451896667
200,5,attn_proj,0.6910412311553955
200,5,ln2,0.004908571019768715
200,5,mlp_fc,0.23040248453617096
200,5,mlp_proj,0.7954305410385132
100,0,ln1,0.004280091263353825
100,0,attn_qkv,0.1960555464029312
100,0,attn_proj,0.615548312664032
100,0,ln2,0.008342941291630268
100,0,mlp_fc,0.3344062566757202
100,0,mlp_proj,1.1175341606140137
100,1,ln1,0.0032836447935551405
100,1,attn_qkv,0.1549379825592041
100,1,attn_proj,0.4837696850299835
100,1,ln2,0.005367990583181381
100,1,mlp_fc,0.23673737049102783
100,1,mlp_proj,0.8142839074134827
100,2,ln1,0.002640441758558154
100,2,attn_qkv,0.1340346485376358
100,2,attn_proj,0.4044826328754425
100,2,ln2,0.004282963462173939
100,2,mlp_fc,0.198175311088562
100,2,mlp_proj,0.6694318652153015
100,3,ln1,0.002694652881473303
100,3,attn_qkv,0.11029146611690521
100,3,attn_proj,0.32936984300613403
100,3,ln2,0.003656708635389805
100,3,mlp_fc,0.16744373738765717
100,3,mlp_proj,0.5711742639541626
100,4,ln1,0.0020642061717808247
100,4,attn_qkv,0.09363218396902084
100,4,attn_proj,0.278226375579834
100,4,ln2,0.0031501867342740297
100,4,mlp_fc,0.15546086430549622
100,4,mlp_proj,0.5154650807380676
100,5,ln1,0.0019694482907652855
100,5,attn_qkv,0.08496163040399551
100,5,attn_proj,0.29127442836761475
100,5,ln2,0.0028901759069412947
100,5,mlp_fc,0.13998299837112427
100,5,mlp_proj,0.47367268800735474
100,0,ln1,0.003175683319568634
100,0,attn_qkv,0.1511734426021576
100,0,attn_proj,0.4972284734249115
100,0,ln2,0.007653152570128441
100,0,mlp_fc,0.32770243287086487
100,0,mlp_proj,1.1029837131500244
100,1,ln1,0.002264315728098154
100,1,attn_qkv,0.11497177183628082
100,1,attn_proj,0.3589787483215332
100,1,ln2,0.004701424390077591
100,1,mlp_fc,0.22200867533683777
100,1,mlp_proj,0.7643150091171265
100,2,ln1,0.0017267505172640085
100,2,attn_qkv,0.0903376117348671
100,2,attn_proj,0.2915968596935272
100,2,ln2,0.0037831326480954885
100,2,mlp_fc,0.1837051808834076
100,2,mlp_proj,0.6366820335388184
100,3,ln1,0.0015633325092494488
100,3,attn_qkv,0.0780705139040947
100,3,attn_proj,0.2580853998661041
100,3,ln2,0.0032558641396462917
100,3,mlp_fc,0.15906286239624023
100,3,mlp_proj,0.5439407229423523
100,4,ln1,0.0015512469690293074
100,4,attn_qkv,0.07503417879343033
100,4,attn_proj,0.2370918244123459
100,4,ln2,0.003089232137426734
100,4,mlp_fc,0.14965620636940002
100,4,mlp_proj,0.5085803270339966
100,5,ln1,0.0016532383160665631
100,5,attn_qkv,0.0760624036192894
100,5,attn_proj,0.2629697322845459
100,5,ln2,0.003290472785010934
100,5,mlp_fc,0.14350368082523346
100,5,mlp_proj,0.49149906635284424
100,0,ln1,0.004281371831893921
100,0,attn_qkv,0.19588610529899597
100,0,attn_proj,0.614932656288147
100,0,ln2,0.008341138251125813
100,0,mlp_fc,0.334316611289978
100,0,mlp_proj,1.1170357465744019
100,1,ln1,0.0032796035520732403
100,1,attn_qkv,0.15470638871192932
100,1,attn_proj,0.483271986246109
100,1,ln2,0.0053658075630664825
100,1,mlp_fc,0.23669856786727905
100,1,mlp_proj,0.8140955567359924
100,2,ln1,0.00263696676120162
100,2,attn_qkv,0.13383445143699646
100,2,attn_proj,0.4039841592311859
100,2,ln2,0.004283759277313948
100,2,mlp_fc,0.19816575944423676
100,2,mlp_proj,0.6693811416625977
100,3,ln1,0.002691672183573246
100,3,attn_qkv,0.1102118268609047
100,3,attn_proj,0.3292587995529175
100,3,ln2,0.0036582055035978556
100,3,mlp_fc,0.16746719181537628
100,3,mlp_proj,0.5712628364562988
100,4,ln1,0.002063535852357745
100,4,attn_qkv,0.09362590312957764
100,4,attn_proj,0.2783021926879883
100,4,ln2,0.003151402110233903
100,4,mlp_fc,0.15551207959651947
100,4,mlp_proj,0.51566082239151
100,5,ln1,0.0019676678348332644
100,5,attn_qkv,0.08496037870645523
100,5,attn_proj,0.29133206605911255
100,5,ln2,0.0028917668387293816
100,5,mlp_fc,0.14004404842853546
100,5,mlp_proj,0.4739035665988922
0,0,ln1,0.017133720219135284
0,0,attn_qkv,0.7612454891204834
0,0,attn_proj,2.598083972930908
0,0,ln2,0.016432490199804306
0,0,mlp_fc,0.898635983467102
0,0,mlp_proj,4.068049907684326
0,1,ln1,0.014309398829936981
0,1,attn_qkv,0.6937984824180603
0,1,attn_proj,2.3788199424743652
0,1,ln2,0.014912856742739677
0,1,mlp_fc,0.746441662311554
0,1,mlp_proj,3.0850441455841064
0,2,ln1,0.012143728323280811
0,2,attn_qkv,0.6382868885993958
0,2,attn_proj,2.0726892948150635
0,2,ln2,0.012612035498023033
0,2,mlp_fc,0.6739774346351624
0,2,mlp_proj,2.841599941253662
0,3,ln1,0.010516858659684658
0,3,attn_qkv,0.5740432739257812
0,3,attn_proj,2.083254337310791
0,3,ln2,0.012827522121369839
0,3,mlp_fc,0.6340072751045227
0,3,mlp_proj,2.5277459621429443
0,4,ln1,0.011319540441036224
0,4,attn_qkv,0.5093865394592285
0,4,attn_proj,1.833225965499878
0,4,ln2,0.01201066467911005
0,4,mlp_fc,0.5870782136917114
0,4,mlp_proj,2.302046775817871
0,5,ln1,0.009975739754736423
0,5,attn_qkv,0.45294877886772156
0,5,attn_proj,1.588693380355835
0,5,ln2,0.010507560335099697
0,5,mlp_fc,0.5249325037002563
0,5,mlp_proj,2.040832996368408
0,0,ln1,0.017133720219135284
0,0,attn_qkv,0.7612454891204834
0,0,attn_proj,2.598083972930908
0,0,ln2,0.016432490199804306
0,0,mlp_fc,0.898635983467102
0,0,mlp_proj,4.068049907684326
0,1,ln1,0.014309398829936981
0,1,attn_qkv,0.6937984824180603
0,1,attn_proj,2.3788199424743652
0,1,ln2,0.014912856742739677
0,1,mlp_fc,0.746441662311554
0,1,mlp_proj,3.0850441455841064
0,2,ln1,0.012143728323280811
0,2,attn_qkv,0.6382868885993958
0,2,attn_proj,2.0726892948150635
0,2,ln2,0.012612035498023033
0,2,mlp_fc,0.6739774346351624
0,2,mlp_proj,2.841599941253662
0,3,ln1,0.010516858659684658
0,3,attn_qkv,0.5740432739257812
0,3,attn_proj,2.083254337310791
0,3,ln2,0.012827522121369839
0,3,mlp_fc,0.6340072751045227
0,3,mlp_proj,2.5277459621429443
0,4,ln1,0.011319540441036224
0,4,attn_qkv,0.5093865394592285
0,4,attn_proj,1.833225965499878
0,4,ln2,0.01201066467911005
0,4,mlp_fc,0.5870782136917114
0,4,mlp_proj,2.302046775817871
0,5,ln1,0.009975739754736423
0,5,attn_qkv,0.45294877886772156
0,5,attn_proj,1.588693380355835
0,5,ln2,0.010507560335099697
0,5,mlp_fc,0.5249325037002563
0,5,mlp_proj,2.040832996368408
200,0,ln1,0.006351706571877003
200,0,attn_qkv,0.31946831941604614
200,0,attn_proj,0.9730451107025146
200,0,ln2,0.008078123442828655
200,0,mlp_fc,0.2807566821575165
200,0,mlp_proj,0.9010136127471924
200,1,ln1,0.0022806201595813036
200,1,attn_qkv,0.11449062824249268
200,1,attn_proj,0.3587936460971832
200,1,ln2,0.0041422415524721146
200,1,mlp_fc,0.1717810332775116
200,1,mlp_proj,0.584808886051178
200,2,ln1,0.0019755319226533175
200,2,attn_qkv,0.0929698646068573
200,2,attn_proj,0.2734943628311157
200,2,ln2,0.003342119511216879
200,2,mlp_fc,0.13470356166362762
200,2,mlp_proj,0.45885786414146423
200,3,ln1,0.001554528484120965
200,3,attn_qkv,0.0731956884264946
200,3,attn_proj,0.23051710426807404
200,3,ln2,0.0027980876620858908
200,3,mlp_fc,0.11549646407365799
200,3,mlp_proj,0.3912781774997711
200,4,ln1,0.0016865713987499475
200,4,attn_qkv,0.0704374834895134
200,4,attn_proj,0.21012385189533234
200,4,ln2,0.0023744020145386457
200,4,mlp_fc,0.10643372684717178
200,4,mlp_proj,0.36361929774284363
200,5,ln1,0.0016075643943622708
200,5,attn_qkv,0.06813424825668335
200,5,attn_proj,0.22152242064476013
200,5,ln2,0.0021976795978844166
200,5,mlp_fc,0.10113023221492767
200,5,mlp_proj,0.33686307072639465
0,0,ln1,0.017133720219135284
0,0,attn_qkv,0.7612454891204834
0,0,attn_proj,2.598083972930908
0,0,ln2,0.016432490199804306
0,0,mlp_fc,0.898635983467102
0,0,mlp_proj,4.068049907684326
0,1,ln1,0.014309398829936981
0,1,attn_qkv,0.6937984824180603
0,1,attn_proj,2.3788199424743652
0,1,ln2,0.014912856742739677
0,1,mlp_fc,0.746441662311554
0,1,mlp_proj,3.0850441455841064
0,2,ln1,0.012143728323280811
0,2,attn_qkv,0.6382868885993958
0,2,attn_proj,2.0726892948150635
0,2,ln2,0.012612035498023033
0,2,mlp_fc,0.6739774346351624
0,2,mlp_proj,2.841599941253662
0,3,ln1,0.010516858659684658
0,3,attn_qkv,0.5740432739257812
0,3,attn_proj,2.083254337310791
0,3,ln2,0.012827522121369839
0,3,mlp_fc,0.6340072751045227
0,3,mlp_proj,2.5277459621429443
0,4,ln1,0.011319540441036224
0,4,attn_qkv,0.5093865394592285
0,4,attn_proj,1.833225965499878
0,4,ln2,0.01201066467911005
0,4,mlp_fc,0.5870782136917114
0,4,mlp_proj,2.302046775817871
0,5,ln1,0.009975739754736423
0,5,attn_qkv,0.45294877886772156
0,5,attn_proj,1.588693380355835
0,5,ln2,0.010507560335099697
0,5,mlp_fc,0.5249325037002563
0,5,mlp_proj,2.040832996368408
200,0,ln1,0.0035571942571550608
200,0,attn_qkv,0.15635138750076294
200,0,attn_proj,0.43508392572402954
200,0,ln2,0.005143214948475361
200,0,mlp_fc,0.20837964117527008
200,0,mlp_proj,0.7607250809669495
200,1,ln1,0.001974883023649454
200,1,attn_qkv,0.08000180870294571
200,1,attn_proj,0.21543295681476593
200,1,ln2,0.003273737384006381
200,1,mlp_fc,0.14110398292541504
200,1,mlp_proj,0.5155043601989746
200,2,ln1,0.0016133560566231608
200,2,attn_qkv,0.06389231979846954
200,2,attn_proj,0.1767357885837555
200,2,ln2,0.002696193289011717
200,2,mlp_fc,0.12176448106765747
200,2,mlp_proj,0.42977312207221985
200,3,ln1,0.001488835085183382
200,3,attn_qkv,0.058354321867227554
200,3,attn_proj,0.1714785099029541
200,3,ln2,0.002707731444388628
200,3,mlp_fc,0.10628417134284973
200,3,mlp_proj,0.36806708574295044
200,4,ln1,0.0015198292676359415
200,4,attn_qkv,0.06296370178461075
200,4,attn_proj,0.17927753925323486
200,4,ln2,0.002285209484398365
200,4,mlp_fc,0.10053406655788422
200,4,mlp_proj,0.346035897731781
200,5,ln1,0.0017515788786113262
200,5,attn_qkv,0.06768377125263214
200,5,attn_proj,0.2013600915670395
200,5,ln2,0.0024750754237174988
200,5,mlp_fc,0.09941313415765762
200,5,mlp_proj,0.33570581674575806
200,0,ln1,0.00635526655241847
200,0,attn_qkv,0.31982460618019104
200,0,attn_proj,0.974108874797821
200,0,ln2,0.008081352338194847
200,0,mlp_fc,0.2807702124118805
200,0,mlp_proj,0.9012755751609802
200,1,ln1,0.0022832320537418127
200,1,attn_qkv,0.11457177251577377
200,1,attn_proj,0.3590780794620514
200,1,ln2,0.004142467863857746
200,1,mlp_fc,0.17178097367286682
200,1,mlp_proj,0.5848723649978638
200,2,ln1,0.0019774972461163998
200,2,attn_qkv,0.09303437918424606
200,2,attn_proj,0.2737164795398712
200,2,ln2,0.0033428375609219074
200,2,mlp_fc,0.13471496105194092
200,2,mlp_proj,0.45892736315727234
200,3,ln1,0.001556245144456625
200,3,attn_qkv,0.07325945794582367
200,3,attn_proj,0.2306937277317047
200,3,ln2,0.002799566136673093
200,3,mlp_fc,0.11551538109779358
200,3,mlp_proj,0.3913753628730774
200,4,ln1,0.0016879148315638304
200,4,attn_qkv,0.07048916816711426
200,4,attn_proj,0.21027635037899017
200,4,ln2,0.002375852083787322
200,4,mlp_fc,0.10645187646150589
200,4,mlp_proj,0.36370086669921875
200,5,ln1,0.0016079326160252094
200,5,attn_qkv,0.06817454844713211
200,5,attn_proj,0.22164657711982727
200,5,ln2,0.002196813467890024
200,5,mlp_fc,0.10114205628633499
200,5,mlp_proj,0.3369261920452118
100,0,ln1,0.002779307309538126
100,0,attn_qkv,0.11559183895587921
100,0,attn_proj,0.3727799654006958
100,0,ln2,0.006175796501338482
100,0,mlp_fc,0.25841787457466125
100,0,mlp_proj,0.8589368462562561
100,1,ln1,0.0022789123468101025
100,1,attn_qkv,0.09242098033428192
100,1,attn_proj,0.3056159019470215
100,1,ln2,0.00405855244025588
100,1,mlp_fc,0.18028061091899872
100,1,mlp_proj,0.6017944812774658
100,2,ln1,0.001793709583580494
100,2,attn_qkv,0.08044123649597168
100,2,attn_proj,0.26556864380836487
100,2,ln2,0.0031711505725979805
100,2,mlp_fc,0.15385040640830994
100,2,mlp_proj,0.5156602263450623
100,3,ln1,0.0014042820548638701
100,3,attn_qkv,0.06872157752513885
100,3,attn_proj,0.23459604382514954
100,3,ln2,0.002743081422522664
100,3,mlp_fc,0.1310792863368988
100,3,mlp_proj,0.43868738412857056
100,4,ln1,0.00145500258076936
100,4,attn_qkv,0.06815039366483688
100,4,attn_proj,0.22491396963596344
100,4,ln2,0.0026309415698051453
100,4,mlp_fc,0.12165755033493042
100,4,mlp_proj,0.3913935422897339
100,5,ln1,0.0013629706809297204
100,5,attn_qkv,0.06618557870388031
100,5,attn_proj,0.23715366423130035
100,5,ln2,0.0022623559925705194
100,5,mlp_fc,0.11178465932607651
100,5,mlp_proj,0.3687363564968109
100,0,ln1,0.004039430990815163
100,0,attn_qkv,0.16037172079086304
100,0,attn_proj,0.5227137207984924
100,0,ln2,0.00828056875616312
100,0,mlp_fc,0.33070001006126404
100,0,mlp_proj,1.1258721351623535
100,1,ln1,0.003103903029114008
100,1,attn_qkv,0.1414528340101242
100,1,attn_proj,0.49062058329582214
100,1,ln2,0.004999483935534954
100,1,mlp_fc,0.23303261399269104
100,1,mlp_proj,0.799210786819458
100,2,ln1,0.0025045634247362614
100,2,attn_qkv,0.12150086462497711
100,2,attn_proj,0.38264840841293335
100,2,ln2,0.004111787769943476
100,2,mlp_fc,0.1912231296300888
100,2,mlp_proj,0.6452356576919556
100,3,ln1,0.0021715061739087105
100,3,attn_qkv,0.10069277882575989
100,3,attn_proj,0.32319173216819763
100,3,ln2,0.0034960887860506773
100,3,mlp_fc,0.1629525125026703
100,3,mlp_proj,0.5548492670059204
100,4,ln1,0.0017802740912884474
100,4,attn_qkv,0.0860934928059578
100,4,attn_proj,0.2719785273075104
100,4,ln2,0.0034145221579819918
100,4,mlp_fc,0.15146945416927338
100,4,mlp_proj,0.5074507594108582
100,5,ln1,0.0017964462749660015
100,5,attn_qkv,0.07999179512262344
100,5,attn_proj,0.2677467465400696
100,5,ln2,0.0033813351765275
100,5,mlp_fc,0.1429288536310196
100,5,mlp_proj,0.48612120747566223
0,0,ln1,0.017133720219135284
0,0,attn_qkv,0.7612454891204834
0,0,attn_proj,2.598083972930908
0,0,ln2,0.016432490199804306
0,0,mlp_fc,0.898635983467102
0,0,mlp_proj,4.068049907684326
0,1,ln1,0.014309398829936981
0,1,attn_qkv,0.6937984824180603
0,1,attn_proj,2.3788199424743652
0,1,ln2,0.014912856742739677
0,1,mlp_fc,0.746441662311554
0,1,mlp_proj,3.0850441455841064
0,2,ln1,0.012143728323280811
0,2,attn_qkv,0.6382868885993958
0,2,attn_proj,2.0726892948150635
0,2,ln2,0.012612035498023033
0,2,mlp_fc,0.6739774346351624
0,2,mlp_proj,2.841599941253662
0,3,ln1,0.010516858659684658
0,3,attn_qkv,0.5740432739257812
0,3,attn_proj,2.083254337310791
0,3,ln2,0.012827522121369839
0,3,mlp_fc,0.6340072751045227
0,3,mlp_proj,2.5277459621429443
0,4,ln1,0.011319540441036224
0,4,attn_qkv,0.5093865394592285
0,4,attn_proj,1.833225965499878
0,4,ln2,0.01201066467911005
0,4,mlp_fc,0.5870782136917114
0,4,mlp_proj,2.302046775817871
0,5,ln1,0.009975739754736423
0,5,attn_qkv,0.45294877886772156
0,5,attn_proj,1.588693380355835
0,5,ln2,0.010507560335099697
0,5,mlp_fc,0.5249325037002563
0,5,mlp_proj,2.040832996368408
100,0,ln1,0.003182177897542715
100,0,attn_qkv,0.1513848453760147
100,0,attn_proj,0.49804413318634033
100,0,ln2,0.007653356995433569
100,0,mlp_fc,0.327720582485199
100,0,mlp_proj,1.103178858757019
100,1,ln1,0.002262731548398733
100,1,attn_qkv,0.11508527398109436
100,1,attn_proj,0.3594728708267212
100,1,ln2,0.004698301199823618
100,1,mlp_fc,0.22203627228736877
100,1,mlp_proj,0.7643498778343201
100,2,ln1,0.0017283280612900853
100,2,attn_qkv,0.09032732248306274
100,2,attn_proj,0.2917836904525757
100,2,ln2,0.003785440232604742
100,2,mlp_fc,0.18376101553440094
100,2,mlp_proj,0.6368830800056458
100,3,ln1,0.0015650347340852022
100,3,attn_qkv,0.0782080590724945
100,3,attn_proj,0.2581934630870819
100,3,ln2,0.003253642236813903
100,3,mlp_fc,0.15906967222690582
100,3,mlp_proj,0.5437412858009338
100,4,ln1,0.0015500613953918219
100,4,attn_qkv,0.07500457763671875
100,4,attn_proj,0.2370438426733017
100,4,ln2,0.0030938279815018177
100,4,mlp_fc,0.1496206670999527
100,4,mlp_proj,0.5082842111587524
100,5,ln1,0.0016538904746994376
100,5,attn_qkv,0.0759885162115097
100,5,attn_proj,0.2627209424972534
100,5,ln2,0.003287341445684433
100,5,mlp_fc,0.14341363310813904
100,5,mlp_proj,0.49118155241012573
0,0,ln1,0.017133720219135284
0,0,attn_qkv,0.7612454891204834
0,0,attn_proj,2.598083972930908
0,0,ln2,0.016432490199804306
0,0,mlp_fc,0.898635983467102
0,0,mlp_proj,4.068049907684326
0,1,ln1,0.014309398829936981
0,1,attn_qkv,0.6937984824180603
0,1,attn_proj,2.3788199424743652
0,1,ln2,0.014912856742739677
0,1,mlp_fc,0.746441662311554
0,1,mlp_proj,3.0850441455841064
0,2,ln1,0.012143728323280811
0,2,attn_qkv,0.6382868885993958
0,2,attn_proj,2.0726892948150635
0,2,ln2,0.012612035498023033
0,2,mlp_fc,0.6739774346351624
0,2,mlp_proj,2.841599941253662
0,3,ln1,0.010516858659684658
0,3,attn_qkv,0.5740432739257812
0,3,attn_proj,2.083254337310791
0,3,ln2,0.012827522121369839
0,3,mlp_fc,0.6340072751045227
0,3,mlp_proj,2.5277459621429443
0,4,ln1,0.011319540441036224
0,4,attn_qkv,0.5093865394592285
0,4,attn_proj,1.833225965499878
0,4,ln2,0.01201066467911005
0,4,mlp_fc,0.5870782136917114
0,4,mlp_proj,2.302046775817871
0,5,ln1,0.009975739754736423
0,5,attn_qkv,0.45294877886772156
0,5,attn_proj,1.588693380355835
0,5,ln2,0.010507560335099697
0,5,mlp_fc,0.5249325037002563
0,5,mlp_proj,2.040832996368408
200,0,ln1,0.005598578602075577
200,0,attn_qkv,0.27929913997650146
200,0,attn_proj,0.9242935180664062
200,0,ln2,0.007903148420155048
200,0,mlp_fc,0.31288790702819824
200,0,mlp_proj,1.0682179927825928
200,1,ln1,0.0026971392799168825
200,1,attn_qkv,0.13864310085773468
200,1,attn_proj,0.4572902321815491
200,1,ln2,0.004585927817970514
200,1,mlp_fc,0.1992006003856659
200,1,mlp_proj,0.6898672580718994
200,2,ln1,0.0023700655438005924
200,2,attn_qkv,0.11247702687978745
200,2,attn_proj,0.33220553398132324
200,2,ln2,0.0035895861219614744
200,2,mlp_fc,0.15282411873340607
200,2,mlp_proj,0.5285864472389221
200,3,ln1,0.0017655077390372753
200,3,attn_qkv,0.08344332128763199
200,3,attn_proj,0.266228049993515
200,3,ln2,0.0030630850233137608
200,3,mlp_fc,0.13047869503498077
200,3,mlp_proj,0.4451046288013458
200,4,ln1,0.0017597158439457417
200,4,attn_qkv,0.0776570588350296
200,4,attn_proj,0.23496873676776886
200,4,ln2,0.0025358779821544886
200,4,mlp_fc,0.11886084079742432
200,4,mlp_proj,0.4084155559539795
200,5,ln1,0.0016692347126081586
200,5,attn_qkv,0.07279756665229797
200,5,attn_proj,0.2444010227918625
200,5,ln2,0.0025485579390078783
200,5,mlp_fc,0.11200015246868134
200,5,mlp_proj,0.3771665692329407
0,0,ln1,0.017133720219135284
0,0,attn_qkv,0.7612454891204834
0,0,attn_proj,2.598083972930908
0,0,ln2,0.016432490199804306
0,0,mlp_fc,0.898635983467102
0,0,mlp_proj,4.068049907684326
0,1,ln1,0.014309398829936981
0,1,attn_qkv,0.6937984824180603
0,1,attn_proj,2.3788199424743652
0,1,ln2,0.014912856742739677
0,1,mlp_fc,0.746441662311554
0,1,mlp_proj,3.0850441455841064
0,2,ln1,0.012143728323280811
0,2,attn_qkv,0.6382868885993958
0,2,attn_proj,2.0726892948150635
0,2,ln2,0.012612035498023033
0,2,mlp_fc,0.6739774346351624
0,2,mlp_proj,2.841599941253662
0,3,ln1,0.010516858659684658
0,3,attn_qkv,0.5740432739257812
0,3,attn_proj,2.083254337310791
0,3,ln2,0.012827522121369839
0,3,mlp_fc,0.6340072751045227
0,3,mlp_proj,2.5277459621429443
0,4,ln1,0.011319540441036224
0,4,attn_qkv,0.5093865394592285
0,4,attn_proj,1.833225965499878
0,4,ln2,0.01201066467911005
0,4,mlp_fc,0.5870782136917114
0,4,mlp_proj,2.302046775817871
0,5,ln1,0.009975739754736423
0,5,attn_qkv,0.45294877886772156
0,5,attn_proj,1.588693380355835
0,5,ln2,0.010507560335099697
0,5,mlp_fc,0.5249325037002563
0,5,mlp_proj,2.040832996368408
200,0,ln1,0.004113883711397648
200,0,attn_qkv,0.1629432588815689
200,0,attn_proj,0.4342144727706909
200,0,ln2,0.0058958870358765125
200,0,mlp_fc,0.1944858282804489
200,0,mlp_proj,0.6668765544891357
200,1,ln1,0.0020226670894771814
200,1,attn_qkv,0.07544691115617752
200,1,attn_proj,0.20018678903579712
200,1,ln2,0.0034059465397149324
200,1,mlp_fc,0.12013083696365356
200,1,mlp_proj,0.4247593879699707
200,2,ln1,0.0014308718964457512
200,2,attn_qkv,0.052736129611730576
200,2,attn_proj,0.12951278686523438
200,2,ln2,0.002615776378661394
200,2,mlp_fc,0.09731405228376389
200,2,mlp_proj,0.34121134877204895
200,3,ln1,0.0012787412852048874
200,3,attn_qkv,0.04446185380220413
200,3,attn_proj,0.12073839455842972
200,3,ln2,0.0024217627942562103
200,3,mlp_fc,0.08212923258543015
200,3,mlp_proj,0.2832339406013489
200,4,ln1,0.001209199777804315
200,4,attn_qkv,0.047522563487291336
200,4,attn_proj,0.12745767831802368
200,4,ln2,0.002006777096539736
200,4,mlp_fc,0.07866017520427704
200,4,mlp_proj,0.26885250210762024
200,5,ln1,0.001468821195885539
200,5,attn_qkv,0.053605373948812485
200,5,attn_proj,0.15573260188102722
200,5,ln2,0.002246761228889227
200,5,mlp_fc,0.07839161157608032
200,5,mlp_proj,0.26573869585990906
100,0,ln1,0.012965966016054153
100,0,attn_qkv,0.5524927973747253
100,0,attn_proj,1.7866151332855225
100,0,ln2,0.013592995703220367
100,0,mlp_fc,0.6798056364059448
100,0,mlp_proj,2.896451473236084
100,1,ln1,0.01016222033649683
100,1,attn_qkv,0.4742735028266907
100,1,attn_proj,1.629709005355835
100,1,ln2,0.011770489625632763
100,1,mlp_fc,0.5549939274787903
100,1,mlp_proj,2.1833748817443848
100,2,ln1,0.00833699107170105
100,2,attn_qkv,0.4378539025783539
100,2,attn_proj,1.4616584777832031
100,2,ln2,0.010043289512395859
100,2,mlp_fc,0.5057849287986755
100,2,mlp_proj,2.060974597930908
100,3,ln1,0.009223566390573978
100,3,attn_qkv,0.4224952161312103
100,3,attn_proj,1.5391634702682495
100,3,ln2,0.009316347539424896
100,3,mlp_fc,0.48988914489746094
100,3,mlp_proj,1.850833535194397
100,4,ln1,0.00825448613613844
100,4,attn_qkv,0.40108636021614075
100,4,attn_proj,1.435886263847351
100,4,ln2,0.010088249109685421
100,4,mlp_fc,0.48684608936309814
100,4,mlp_proj,1.7827942371368408
100,5,ln1,0.009696428664028645
100,5,attn_qkv,0.3865315616130829
100,5,attn_proj,1.442814826965332
100,5,ln2,0.008540194481611252
100,5,mlp_fc,0.4600887894630432
100,5,mlp_proj,1.683838129043579
200,0,ln1,0.0035511604510247707
200,0,attn_qkv,0.15618835389614105
200,0,attn_proj,0.43471601605415344
200,0,ln2,0.005142353009432554
200,0,mlp_fc,0.20826438069343567
200,0,mlp_proj,0.760047972202301
200,1,ln1,0.001972024329006672
200,1,attn_qkv,0.07993316650390625
200,1,attn_proj,0.21534685790538788
200,1,ln2,0.0032683569006621838
200,1,mlp_fc,0.1410215198993683
200,1,mlp_proj,0.5150395631790161
200,2,ln1,0.001610603998415172
200,2,attn_qkv,0.06385404616594315
200,2,attn_proj,0.17663468420505524
200,2,ln2,0.0026955371722579002
200,2,mlp_fc,0.12166643142700195
200,2,mlp_proj,0.4293595254421234
200,3,ln1,0.0014878909569233656
200,3,attn_qkv,0.0582590214908123
200,3,attn_proj,0.17118772864341736
200,3,ln2,0.002705847378820181
200,3,mlp_fc,0.10619377344846725
200,3,mlp_proj,0.3676306903362274
200,4,ln1,0.001516487798653543
200,4,attn_qkv,0.06280997395515442
200,4,attn_proj,0.17899879813194275
200,4,ln2,0.0022859275341033936
200,4,mlp_fc,0.10041453689336777
200,4,mlp_proj,0.34561097621917725
200,5,ln1,0.0017500913236290216
200,5,attn_qkv,0.06754576414823532
200,5,attn_proj,0.20098976790905
200,5,ln2,0.0024693170562386513
200,5,mlp_fc,0.09927397966384888
200,5,mlp_proj,0.3353177309036255
0,0,ln1,0.017133720219135284
0,0,attn_qkv,0.7612454891204834
0,0,attn_proj,2.598083972930908
0,0,ln2,0.016432490199804306
0,0,mlp_fc,0.898635983467102
0,0,mlp_proj,4.068049907684326
0,1,ln1,0.014309398829936981
0,1,attn_qkv,0.6937984824180603
0,1,attn_proj,2.3788199424743652
0,1,ln2,0.014912856742739677
0,1,mlp_fc,0.746441662311554
0,1,mlp_proj,3.0850441455841064
0,2,ln1,0.012143728323280811
0,2,attn_qkv,0.6382868885993958
0,2,attn_proj,2.0726892948150635
0,2,ln2,0.012612035498023033
0,2,mlp_fc,0.6739774346351624
0,2,mlp_proj,2.841599941253662
0,3,ln1,0.010516858659684658
0,3,attn_qkv,0.5740432739257812
0,3,attn_proj,2.083254337310791
0,3,ln2,0.012827522121369839
0,3,mlp_fc,0.6340072751045227
0,3,mlp_proj,2.5277459621429443
0,4,ln1,0.011319540441036224
0,4,attn_qkv,0.5093865394592285
0,4,attn_proj,1.833225965499878
0,4,ln2,0.01201066467911005
0,4,mlp_fc,0.5870782136917114
0,4,mlp_proj,2.302046775817871
0,5,ln1,0.009975739754736423
0,5,attn_qkv,0.45294877886772156
0,5,attn_proj,1.588693380355835
0,5,ln2,0.010507560335099697
0,5,mlp_fc,0.5249325037002563
0,5,mlp_proj,2.040832996368408
100,0,ln1,0.004045197274535894
100,0,attn_qkv,0.16061104834079742
100,0,attn_proj,0.5233830809593201
100,0,ln2,0.008284677751362324
100,0,mlp_fc,0.3308706283569336
100,0,mlp_proj,1.1266059875488281
100,1,ln1,0.003102133749052882
100,1,attn_qkv,0.14174771308898926
100,1,attn_proj,0.49152714014053345
100,1,ln2,0.0050038909539580345
100,1,mlp_fc,0.23307600617408752
100,1,mlp_proj,0.7995068430900574
100,2,ln1,0.002502709859982133
100,2,attn_qkv,0.121591717004776
100,2,attn_proj,0.38347843289375305
100,2,ln2,0.0041184197179973125
100,2,mlp_fc,0.19136761128902435
100,2,mlp_proj,0.6455510258674622
100,3,ln1,0.002174394205212593
100,3,attn_qkv,0.10083393007516861
100,3,attn_proj,0.3233698010444641
100,3,ln2,0.003493705065920949
100,3,mlp_fc,0.16291430592536926
100,3,mlp_proj,0.5545973777770996
100,4,ln1,0.001777465222403407
100,4,attn_qkv,0.085976742208004
100,4,attn_proj,0.27175721526145935
100,4,ln2,0.003415896790102124
100,4,mlp_fc,0.15141810476779938
100,4,mlp_proj,0.5071686506271362
100,5,ln1,0.0017971419729292393
100,5,attn_qkv,0.07988104969263077
100,5,attn_proj,0.26756611466407776
100,5,ln2,0.0033849291503429413
100,5,mlp_fc,0.14296290278434753
100,5,mlp_proj,0.4859962463378906
100,0,ln1,0.012967553921043873
100,0,attn_qkv,0.5525752902030945
100,0,attn_proj,1.7866142988204956
100,0,ln2,0.013593744486570358
100,0,mlp_fc,0.6797483563423157
100,0,mlp_proj,2.896211862564087
100,1,ln1,0.010161266662180424
100,1,attn_qkv,0.4742833375930786
100,1,attn_proj,1.6297019720077515
100,1,ln2,0.011771178804337978
100,1,mlp_fc,0.5550082921981812
100,1,mlp_proj,2.1834561824798584
100,2,ln1,0.008335033431649208
100,2,attn_qkv,0.4378550946712494
100,2,attn_proj,1.4616526365280151
100,2,ln2,0.010043284855782986
100,2,mlp_fc,0.5057767629623413
100,2,mlp_proj,2.060945510864258
100,3,ln1,0.009221620857715607
100,3,attn_qkv,0.4225082993507385
100,3,attn_proj,1.5391899347305298
100,3,ln2,0.009314926341176033
100,3,mlp_fc,0.48991867899894714
100,3,mlp_proj,1.850864052772522
100,4,ln1,0.008254609070718288
100,4,attn_qkv,0.4011075496673584
100,4,attn_proj,1.4358651638031006
100,4,ln2,0.010088079608976841
100,4,mlp_fc,0.48684850335121155
100,4,mlp_proj,1.78279447555542
100,5,ln1,0.009695228189229965
100,5,attn_qkv,0.38651928305625916
100,5,attn_proj,1.4427043199539185
100,5,ln2,0.008541940711438656
100,5,mlp_fc,0.4600728750228882
100,5,mlp_proj,1.6837854385375977
0,0,ln1,0.017133720219135284
0,0,attn_qkv,0.7612454891204834
0,0,attn_proj,2.598083972930908
0,0,ln2,0.016432490199804306
0,0,mlp_fc,0.898635983467102
0,0,mlp_proj,4.068049907684326
0,1,ln1,0.014309398829936981
0,1,attn_qkv,0.6937984824180603
0,1,attn_proj,2.3788199424743652
0,1,ln2,0.014912856742739677
0,1,mlp_fc,0.746441662311554
0,1,mlp_proj,3.0850441455841064
0,2,ln1,0.012143728323280811
0,2,attn_qkv,0.6382868885993958
0,2,attn_proj,2.0726892948150635
0,2,ln2,0.012612035498023033
0,2,mlp_fc,0.6739774346351624
0,2,mlp_proj,2.841599941253662
0,3,ln1,0.010516858659684658
0,3,attn_qkv,0.5740432739257812
0,3,attn_proj,2.083254337310791
0,3,ln2,0.012827522121369839
0,3,mlp_fc,0.6340072751045227
0,3,mlp_proj,2.5277459621429443
0,4,ln1,0.011319540441036224
0,4,attn_qkv,0.5093865394592285
0,4,attn_proj,1.833225965499878
0,4,ln2,0.01201066467911005
0,4,mlp_fc,0.5870782136917114
0,4,mlp_proj,2.302046775817871
0,5,ln1,0.009975739754736423
0,5,attn_qkv,0.45294877886772156
0,5,attn_proj,1.588693380355835
0,5,ln2,0.010507560335099697
0,5,mlp_fc,0.5249325037002563
0,5,mlp_proj,2.040832996368408
200,0,ln1,0.0037710617762058973
200,0,attn_qkv,0.1603703796863556
200,0,attn_proj,0.5207687020301819
200,0,ln2,0.006603896617889404
200,0,mlp_fc,0.3277311325073242
200,0,mlp_proj,1.1768702268600464
200,1,ln1,0.0036094749812036753
200,1,attn_qkv,0.15876565873622894
200,1,attn_proj,0.5628825426101685
200,1,ln2,0.005320004653185606
200,1,mlp_fc,0.2581831216812134
200,1,mlp_proj,0.9047324657440186
200,2,ln1,0.0036815013736486435
200,2,attn_qkv,0.17014095187187195
200,2,attn_proj,0.5920290946960449
200,2,ln2,0.0051032621413469315
200,2,mlp_fc,0.2369306981563568
200,2,mlp_proj,0.8669716715812683
200,3,ln1,0.0037669548764824867
200,3,attn_qkv,0.1773252785205841
200,3,attn_proj,0.6266233325004578
200,3,ln2,0.0043242271058261395
200,3,mlp_fc,0.22613844275474548
200,3,mlp_proj,0.8009227514266968
200,4,ln1,0.0038836614694446325
200,4,attn_qkv,0.1906415820121765
200,4,attn_proj,0.6322780251502991
200,4,ln2,0.004873319994658232
200,4,mlp_fc,0.23021268844604492
200,4,mlp_proj,0.7922292351722717
200,5,ln1,0.004507188219577074
200,5,attn_qkv,0.1953502595424652
200,5,attn_proj,0.690994381904602
200,5,ln2,0.004907787777483463
200,5,mlp_fc,0.23036950826644897
200,5,mlp_proj,0.7953025102615356
100,0,ln1,0.004280601162463427
100,0,attn_qkv,0.19596624374389648
100,0,attn_proj,0.6152128577232361
100,0,ln2,0.008343148045241833
100,0,mlp_fc,0.33435770869255066
100,0,mlp_proj,1.1171951293945312
100,1,ln1,0.0032814480364322662
100,1,attn_qkv,0.15480360388755798
100,1,attn_proj,0.48355618119239807
100,1,ln2,0.005366124678403139
100,1,mlp_fc,0.23674382269382477
100,1,mlp_proj,0.8142686486244202
100,2,ln1,0.0026387993711978197
100,2,attn_qkv,0.1339399218559265
100,2,attn_proj,0.4042324721813202
100,2,ln2,0.004283551592379808
100,2,mlp_fc,0.1982092410326004
100,2,mlp_proj,0.6694977879524231
100,3,ln1,0.0026927562430500984
100,3,attn_qkv,0.11030258238315582
100,3,attn_proj,0.3294573128223419
100,3,ln2,0.003656759625300765
100,3,mlp_fc,0.16747015714645386
100,3,mlp_proj,0.5713076591491699
100,4,ln1,0.002065082546323538
100,4,attn_qkv,0.09364593029022217
100,4,attn_proj,0.278344064950943
100,4,ln2,0.003152082674205303
100,4,mlp_fc,0.15550333261489868
100,4,mlp_proj,0.5156784057617188
100,5,ln1,0.001968514872714877
100,5,attn_qkv,0.08497273921966553
100,5,attn_proj,0.2914232909679413
100,5,ln2,0.0028894217684865
100,5,mlp_fc,0.14002569019794464
100,5,mlp_proj,0.4738604724407196
0,0,ln1,0.017133720219135284
0,0,attn_qkv,0.7612454891204834
0,0,attn_proj,2.598083972930908
0,0,ln2,0.016432490199804306
0,0,mlp_fc,0.898635983467102
0,0,mlp_proj,4.068049907684326
0,1,ln1,0.014309398829936981
0,1,attn_qkv,0.6937984824180603
0,1,attn_proj,2.3788199424743652
0,1,ln2,0.014912856742739677
0,1,mlp_fc,0.746441662311554
0,1,mlp_proj,3.0850441455841064
0,2,ln1,0.012143728323280811
0,2,attn_qkv,0.6382868885993958
0,2,attn_proj,2.0726892948150635
0,2,ln2,0.012612035498023033
0,2,mlp_fc,0.6739774346351624
0,2,mlp_proj,2.841599941253662
0,3,ln1,0.010516858659684658
0,3,attn_qkv,0.5740432739257812
0,3,attn_proj,2.083254337310791
0,3,ln2,0.012827522121369839
0,3,mlp_fc,0.6340072751045227
0,3,mlp_proj,2.5277459621429443
0,4,ln1,0.011319540441036224
0,4,attn_qkv,0.5093865394592285
0,4,attn_proj,1.833225965499878
0,4,ln2,0.01201066467911005
0,4,mlp_fc,0.5870782136917114
0,4,mlp_proj,2.302046775817871
0,5,ln1,0.009975739754736423
0,5,attn_qkv,0.45294877886772156
0,5,attn_proj,1.588693380355835
0,5,ln2,0.010507560335099697
0,5,mlp_fc,0.5249325037002563
0,5,mlp_proj,2.040832996368408
200,0,ln1,0.0041131265461444855
200,0,attn_qkv,0.16266494989395142
200,0,attn_proj,0.43367800116539
200,0,ln2,0.005895528011023998
200,0,mlp_fc,0.19445133209228516
200,0,mlp_proj,0.6662693023681641
200,1,ln1,0.0020190535578876734
200,1,attn_qkv,0.0752619132399559
200,1,attn_proj,0.19972999393939972
200,1,ln2,0.0033996158745139837
200,1,mlp_fc,0.12008599936962128
200,1,mlp_proj,0.4244803786277771
200,2,ln1,0.0014293229905888438
200,2,attn_qkv,0.05270266905426979
200,2,attn_proj,0.12941230833530426
200,2,ln2,0.0026098478119820356
200,2,mlp_fc,0.09724392741918564
200,2,mlp_proj,0.3409869372844696
200,3,ln1,0.0012752820039168
200,3,attn_qkv,0.04437451437115669
200,3,attn_proj,0.120540551841259
200,3,ln2,0.0024177373852580786
200,3,mlp_fc,0.08205172419548035
200,3,mlp_proj,0.2829936742782593
200,4,ln1,0.0012032444356009364
200,4,attn_qkv,0.04741758108139038
200,4,attn_proj,0.12723132967948914
200,4,ln2,0.002006229478865862
200,4,mlp_fc,0.0785769522190094
200,4,mlp_proj,0.26851606369018555
200,5,ln1,0.0014687273651361465
200,5,attn_qkv,0.05346763879060745
200,5,attn_proj,0.15535467863082886
200,5,ln2,0.0022429681848734617
200,5,mlp_fc,0.07825329154729843
200,5,mlp_proj,0.2653345465660095
200,0,ln1,0.0037712552584707737
200,0,attn_qkv,0.16033104062080383
200,0,attn_proj,0.5207647085189819
200,0,ln2,0.006600532215088606
200,0,mlp_fc,0.3277466595172882
200,0,mlp_proj,1.1769474744796753
200,1,ln1,0.0036099145654588938
200,1,attn_qkv,0.15878619253635406
200,1,attn_proj,0.5628921985626221
200,1,ln2,0.0053225732408463955
200,1,mlp_fc,0.2581874430179596
200,1,mlp_proj,0.9047822952270508
200,2,ln1,0.003681332105770707
200,2,attn_qkv,0.17015065252780914
200,2,attn_proj,0.5920434594154358
200,2,ln2,0.005103079602122307
200,2,mlp_fc,0.2369527816772461
200,2,mlp_proj,0.867031991481781
200,3,ln1,0.003766620997339487
200,3,attn_qkv,0.17734096944332123
200,3,attn_proj,0.6267221570014954
200,3,ln2,0.004324138164520264
200,3,mlp_fc,0.2261502742767334
200,3,mlp_proj,0.8009634017944336
200,4,ln1,0.0038835271261632442
200,4,attn_qkv,0.1906474083662033
200,4,attn_proj,0.6322582960128784
200,4,ln2,0.004874468315392733
200,4,mlp_fc,0.23021630942821503
200,4,mlp_proj,0.7922329902648926
200,5,ln1,0.004507625009864569
200,5,attn_qkv,0.19534923136234283
200,5,attn_proj,0.6910102963447571
200,5,ln2,0.004907764494419098
200,5,mlp_fc,0.2303810566663742
200,5,mlp_proj,0.7953450083732605
0,0,ln1,0.017133720219135284
0,0,attn_qkv,0.7612454891204834
0,0,attn_proj,2.598083972930908
0,0,ln2,0.016432490199804306
0,0,mlp_fc,0.898635983467102
0,0,mlp_proj,4.068049907684326
0,1,ln1,0.014309398829936981
0,1,attn_qkv,0.6937984824180603
0,1,attn_proj,2.3788199424743652
0,1,ln2,0.014912856742739677
0,1,mlp_fc,0.746441662311554
0,1,mlp_proj,3.0850441455841064
0,2,ln1,0.012143728323280811
0,2,attn_qkv,0.6382868885993958
0,2,attn_proj,2.0726892948150635
0,2,ln2,0.012612035498023033
0,2,mlp_fc,0.6739774346351624
0,2,mlp_proj,2.841599941253662
0,3,ln1,0.010516858659684658
0,3,attn_qkv,0.5740432739257812
0,3,attn_proj,2.083254337310791
0,3,ln2,0.012827522121369839
0,3,mlp_fc,0.6340072751045227
0,3,mlp_proj,2.5277459621429443
0,4,ln1,0.011319540441036224
0,4,attn_qkv,0.5093865394592285
0,4,attn_proj,1.833225965499878
0,4,ln2,0.01201066467911005
0,4,mlp_fc,0.5870782136917114
0,4,mlp_proj,2.302046775817871
0,5,ln1,0.009975739754736423
0,5,attn_qkv,0.45294877886772156
0,5,attn_proj,1.588693380355835
0,5,ln2,0.010507560335099697
0,5,mlp_fc,0.5249325037002563
0,5,mlp_proj,2.040832996368408
100,0,ln1,0.003176156198605895
100,0,attn_qkv,0.15099917352199554
100,0,attn_proj,0.4969777464866638
100,0,ln2,0.007657751906663179
100,0,mlp_fc,0.32766953110694885
100,0,mlp_proj,1.1025370359420776
100,1,ln1,0.0022568826097995043
100,1,attn_qkv,0.11477341502904892
100,1,attn_proj,0.3587284982204437
100,1,ln2,0.004699787124991417
100,1,mlp_fc,0.2220146656036377
100,1,mlp_proj,0.7641520500183105
100,2,ln1,0.001725673908367753
100,2,attn_qkv,0.09016892313957214
100,2,attn_proj,0.2913256585597992
100,2,ln2,0.0037857536226511
100,2,mlp_fc,0.18370777368545532
100,2,mlp_proj,0.636516809463501
100,3,ln1,0.0015603691572323442
100,3,attn_qkv,0.07802914083003998
100,3,attn_proj,0.25778162479400635
100,3,ln2,0.0032557079102844
100,3,mlp_fc,0.15905886888504028
100,3,mlp_proj,0.5436745882034302
100,4,ln1,0.0015473328530788422
100,4,attn_qkv,0.07490668445825577
100,4,attn_proj,0.23667645454406738
100,4,ln2,0.0030900125857442617
100,4,mlp_fc,0.14957144856452942
100,4,mlp_proj,0.5082011818885803
100,5,ln1,0.0016499923076480627
100,5,attn_qkv,0.0758112296462059
100,5,attn_proj,0.2623083293437958
100,5,ln2,0.003287019208073616
100,5,mlp_fc,0.14339697360992432
100,5,mlp_proj,0.49113136529922485
200,0,ln1,0.006348879542201757
200,0,attn_qkv,0.3195129632949829
200,0,attn_proj,0.9731255769729614
200,0,ln2,0.00808191578835249
200,0,mlp_fc,0.28076672554016113
200,0,mlp_proj,0.901107668876648
200,1,ln1,0.0022800795268267393
200,1,attn_qkv,0.11449778825044632
200,1,attn_proj,0.358742356300354
200,1,ln2,0.004142209887504578
200,1,mlp_fc,0.17179812490940094
200,1,mlp_proj,0.5849043130874634
200,2,ln1,0.0019769619684666395
200,2,attn_qkv,0.09301485121250153
200,2,attn_proj,0.273609459400177
200,2,ln2,0.0033428508322685957
200,2,mlp_fc,0.13473428785800934
200,2,mlp_proj,0.45903271436691284
200,3,ln1,0.0015558426966890693
200,3,attn_qkv,0.0732322484254837
200,3,attn_proj,0.23058010637760162
200,3,ln2,0.00279822014272213
200,3,mlp_fc,0.11553198844194412
200,3,mlp_proj,0.39145997166633606
200,4,ln1,0.001687802141532302
200,4,attn_qkv,0.07048317790031433
200,4,attn_proj,0.2102116048336029
200,4,ln2,0.0023754886351525784
200,4,mlp_fc,0.1064736396074295
200,4,mlp_proj,0.36375659704208374
200,5,ln1,0.0016085576498880982
200,5,attn_qkv,0.06815829128026962
200,5,attn_proj,0.2216118574142456
200,5,ln2,0.002197435824200511
200,5,mlp_fc,0.10116700828075409
200,5,mlp_proj,0.33700525760650635
100,0,ln1,0.0027790176682174206
100,0,attn_qkv,0.1155925765633583
100,0,attn_proj,0.3727358877658844
100,0,ln2,0.006174413487315178
100,0,mlp_fc,0.25840139389038086
100,0,mlp_proj,0.8588600754737854
100,1,ln1,0.0022777661215513945
100,1,attn_qkv,0.0923953428864479
100,1,attn_proj,0.30547767877578735
100,1,ln2,0.004058503080159426
100,1,mlp_fc,0.18024565279483795
100,1,mlp_proj,0.6016809344291687
100,2,ln1,0.0017926394939422607
100,2,attn_qkv,0.0804423913359642
100,2,attn_proj,0.2654920220375061
100,2,ln2,0.0031694634817540646
100,2,mlp_fc,0.15379789471626282
100,2,mlp_proj,0.5154690742492676
100,3,ln1,0.001403581234626472
100,3,attn_qkv,0.06868959218263626
100,3,attn_proj,0.23442308604717255
100,3,ln2,0.0027434120420366526
100,3,mlp_fc,0.13106165826320648
100,3,mlp_proj,0.4385785460472107
100,4,ln1,0.001454537152312696
100,4,attn_qkv,0.0681181326508522
100,4,attn_proj,0.22479546070098877
100,4,ln2,0.0026300910394638777
100,4,mlp_fc,0.12162291258573532
100,4,mlp_proj,0.3912353813648224
100,5,ln1,0.0013634506613016129
100,5,attn_qkv,0.06614769250154495
100,5,attn_proj,0.23696881532669067
100,5,ln2,0.002260972745716572
100,5,mlp_fc,0.11172179132699966
100,5,mlp_proj,0.3685375452041626
0,0,ln1,0.017133720219135284
0,0,attn_qkv,0.7612454891204834
0,0,attn_proj,2.598083972930908
0,0,ln2,0.016432490199804306
0,0,mlp_fc,0.898635983467102
0,0,mlp_proj,4.068049907684326
0,1,ln1,0.014309398829936981
0,1,attn_qkv,0.6937984824180603
0,1,attn_proj,2.3788199424743652
0,1,ln2,0.014912856742739677
0,1,mlp_fc,0.746441662311554
0,1,mlp_proj,3.0850441455841064
0,2,ln1,0.012143728323280811
0,2,attn_qkv,0.6382868885993958
0,2,attn_proj,2.0726892948150635
0,2,ln2,0.012612035498023033
0,2,mlp_fc,0.6739774346351624
0,2,mlp_proj,2.841599941253662
0,3,ln1,0.010516858659684658
0,3,attn_qkv,0.5740432739257812
0,3,attn_proj,2.083254337310791
0,3,ln2,0.012827522121369839
0,3,mlp_fc,0.6340072751045227
0,3,mlp_proj,2.5277459621429443
0,4,ln1,0.011319540441036224
0,4,attn_qkv,0.5093865394592285
0,4,attn_proj,1.833225965499878
0,4,ln2,0.01201066467911005
0,4,mlp_fc,0.5870782136917114
0,4,mlp_proj,2.302046775817871
0,5,ln1,0.009975739754736423
0,5,attn_qkv,0.45294877886772156
0,5,attn_proj,1.588693380355835
0,5,ln2,0.010507560335099697
0,5,mlp_fc,0.5249325037002563
0,5,mlp_proj,2.040832996368408
0,0,ln1,0.017133720219135284
0,0,attn_qkv,0.7612454891204834
0,0,attn_proj,2.598083972930908
0,0,ln2,0.016432490199804306
0,0,mlp_fc,0.898635983467102
0,0,mlp_proj,4.068049907684326
0,1,ln1,0.014309398829936981
0,1,attn_qkv,0.6937984824180603
0,1,attn_proj,2.3788199424743652
0,1,ln2,0.014912856742739677
0,1,mlp_fc,0.746441662311554
0,1,mlp_proj,3.0850441455841064
0,2,ln1,0.012143728323280811
0,2,attn_qkv,0.6382868885993958
0,2,attn_proj,2.0726892948150635
0,2,ln2,0.012612035498023033
0,2,mlp_fc,0.6739774346351624
0,2,mlp_proj,2.841599941253662
0,3,ln1,0.010516858659684658
0,3,attn_qkv,0.5740432739257812
0,3,attn_proj,2.083254337310791
0,3,ln2,0.012827522121369839
0,3,mlp_fc,0.6340072751045227
0,3,mlp_proj,2.5277459621429443
0,4,ln1,0.011319540441036224
0,4,attn_qkv,0.5093865394592285
0,4,attn_proj,1.833225965499878
0,4,ln2,0.01201066467911005
0,4,mlp_fc,0.5870782136917114
0,4,mlp_proj,2.302046775817871
0,5,ln1,0.009975739754736423
0,5,attn_qkv,0.45294877886772156
0,5,attn_proj,1.588693380355835
0,5,ln2,0.010507560335099697
0,5,mlp_fc,0.5249325037002563
0,5,mlp_proj,2.040832996368408
200,0,ln1,0.0035626855678856373
200,0,attn_qkv,0.15644696354866028
200,0,attn_proj,0.43545928597450256
200,0,ln2,0.005142840091139078
200,0,mlp_fc,0.20841558277606964
200,0,mlp_proj,0.7608991265296936
200,1,ln1,0.001974929589778185
200,1,attn_qkv,0.08006361871957779
200,1,attn_proj,0.21585345268249512
200,1,ln2,0.003272739704698324
200,1,mlp_fc,0.14115315675735474
200,1,mlp_proj,0.5158107876777649
200,2,ln1,0.0016140452353283763
200,2,attn_qkv,0.06396912783384323
200,2,attn_proj,0.17704753577709198
200,2,ln2,0.0026983756106346846
200,2,mlp_fc,0.121830053627491
200,2,mlp_proj,0.430009663105011
200,3,ln1,0.0014915760839357972
200,3,attn_qkv,0.05842448025941849
200,3,attn_proj,0.17173519730567932
200,3,ln2,0.002712942659854889
200,3,mlp_fc,0.10638321191072464
200,3,mlp_proj,0.3682945966720581
200,4,ln1,0.0015218150801956654
200,4,attn_qkv,0.06301910430192947
200,4,attn_proj,0.1795671135187149
200,4,ln2,0.002289630239829421
200,4,mlp_fc,0.10057687759399414
200,4,mlp_proj,0.3462164103984833
200,5,ln1,0.0017556260572746396
200,5,attn_qkv,0.06775549799203873
200,5,attn_proj,0.20142608880996704
200,5,ln2,0.0024735629558563232
200,5,mlp_fc,0.09946983307600021
200,5,mlp_proj,0.33587175607681274
0,0,ln1,0.017133720219135284
0,0,attn_qkv,0.7612454891204834
0,0,attn_proj,2.598083972930908
0,0,ln2,0.016432490199804306
0,0,mlp_fc,0.898635983467102
0,0,mlp_proj,4.068049907684326
0,1,ln1,0.014309398829936981
0,1,attn_qkv,0.6937984824180603
0,1,attn_proj,2.3788199424743652
0,1,ln2,0.014912856742739677
0,1,mlp_fc,0.746441662311554
0,1,mlp_proj,3.0850441455841064
0,2,ln1,0.012143728323280811
0,2,attn_qkv,0.6382868885993958
0,2,attn_proj,2.0726892948150635
0,2,ln2,0.012612035498023033
0,2,mlp_fc,0.6739774346351624
0,2,mlp_proj,2.841599941253662
0,3,ln1,0.010516858659684658
0,3,attn_qkv,0.5740432739257812
0,3,attn_proj,2.083254337310791
0,3,ln2,0.012827522121369839
0,3,mlp_fc,0.6340072751045227
0,3,mlp_proj,2.5277459621429443
0,4,ln1,0.011319540441036224
0,4,attn_qkv,0.5093865394592285
0,4,attn_proj,1.833225965499878
0,4,ln2,0.01201066467911005
0,4,mlp_fc,0.5870782136917114
0,4,mlp_proj,2.302046775817871
0,5,ln1,0.009975739754736423
0,5,attn_qkv,0.45294877886772156
0,5,attn_proj,1.588693380355835
0,5,ln2,0.010507560335099697
0,5,mlp_fc,0.5249325037002563
0,5,mlp_proj,2.040832996368408
200,0,ln1,0.005605566781014204
200,0,attn_qkv,0.2796306014060974
200,0,attn_proj,0.9255590438842773
200,0,ln2,0.00790240615606308
200,0,mlp_fc,0.3129662871360779
200,0,mlp_proj,1.0688531398773193
200,1,ln1,0.002700605196878314
200,1,attn_qkv,0.13882361352443695
200,1,attn_proj,0.45772871375083923
200,1,ln2,0.00458622956648469
200,1,mlp_fc,0.1992340236902237
200,1,mlp_proj,0.6900966763496399
200,2,ln1,0.0023711537942290306
200,2,attn_qkv,0.11256676912307739
200,2,attn_proj,0.3323388993740082
200,2,ln2,0.0035873311571776867
200,2,mlp_fc,0.15281420946121216
200,2,mlp_proj,0.5286094546318054
200,3,ln1,0.0017669893568381667
200,3,attn_qkv,0.08344721794128418
200,3,attn_proj,0.26634880900382996
200,3,ln2,0.003064892254769802
200,3,mlp_fc,0.13046656548976898
200,3,mlp_proj,0.44507020711898804
200,4,ln1,0.0017601836007088423
200,4,attn_qkv,0.07767195999622345
200,4,attn_proj,0.2350013554096222
200,4,ln2,0.0025344742462038994
200,4,mlp_fc,0.11886579543352127
200,4,mlp_proj,0.40835845470428467
200,5,ln1,0.00167173205409199
200,5,attn_qkv,0.07280150055885315
200,5,attn_proj,0.2442934811115265
200,5,ln2,0.002549973549321294
200,5,mlp_fc,0.11196853965520859
200,5,mlp_proj,0.3770189881324768
100,0,ln1,0.003173665376380086
100,0,attn_qkv,0.15079104900360107
100,0,attn_proj,0.4962160289287567
100,0,ln2,0.007650391664355993
100,0,mlp_fc,0.32761701941490173
100,0,mlp_proj,1.1022558212280273
100,1,ln1,0.0022589811123907566
100,1,attn_qkv,0.11464835703372955
100,1,attn_proj,0.3582436442375183
100,1,ln2,0.00469631003215909
100,1,mlp_fc,0.2219245731830597
100,1,mlp_proj,0.7636656165122986
100,2,ln1,0.0017217022832483053
100,2,attn_qkv,0.09009906649589539
100,2,attn_proj,0.2908543646335602
100,2,ln2,0.0037825750187039375
100,2,mlp_fc,0.18365196883678436
100,2,mlp_proj,0.6363223195075989
100,3,ln1,0.0015590968541800976
100,3,attn_qkv,0.07794514298439026
100,3,attn_proj,0.2574949562549591
100,3,ln2,0.0032543439883738756
100,3,mlp_fc,0.15903590619564056
100,3,mlp_proj,0.5436550974845886
100,4,ln1,0.0015469479840248823
100,4,attn_qkv,0.07483915239572525
100,4,attn_proj,0.2366192787885666
100,4,ln2,0.0030881306156516075
100,4,mlp_fc,0.14961035549640656
100,4,mlp_proj,0.5082657933235168
100,5,ln1,0.0016492281574755907
100,5,attn_qkv,0.07594992965459824
100,5,attn_proj,0.2624655067920685
100,5,ln2,0.0032884138636291027
100,5,mlp_fc,0.1434098482131958
100,5,mlp_proj,0.4911719858646393
100,0,ln1,0.0027765242848545313
100,0,attn_qkv,0.1155344694852829
100,0,attn_proj,0.37263718247413635
100,0,ln2,0.006175213027745485
100,0,mlp_fc,0.25839778780937195
100,0,mlp_proj,0.858842134475708
100,1,ln1,0.002276725135743618
100,1,attn_qkv,0.0923629030585289
100,1,attn_proj,0.3055365979671478
100,1,ln2,0.004057574551552534
100,1,mlp_fc,0.1802542507648468
100,1,mlp_proj,0.6016704440116882
100,2,ln1,0.0017935261130332947
100,2,attn_qkv,0.08041290938854218
100,2,attn_proj,0.26540687680244446
100,2,ln2,0.003168300027027726
100,2,mlp_fc,0.15381035208702087
100,2,mlp_proj,0.5154929757118225
100,3,ln1,0.001403242233209312
100,3,attn_qkv,0.06865458935499191
100,3,attn_proj,0.23441533744335175
100,3,ln2,0.002742230659350753
100,3,mlp_fc,0.13105715811252594
100,3,mlp_proj,0.43853646516799927
100,4,ln1,0.001453678123652935
100,4,attn_qkv,0.06807906180620193
100,4,attn_proj,0.2246951013803482
100,4,ln2,0.002631325274705887
100,4,mlp_fc,0.12162292003631592
100,4,mlp_proj,0.39125093817710876
100,5,ln1,0.001362707233056426
100,5,attn_qkv,0.06610893458127975
100,5,attn_proj,0.23685620725154877
100,5,ln2,0.002261582762002945
100,5,mlp_fc,0.1117154136300087
100,5,mlp_proj,0.36850541830062866
0,0,ln1,0.017133720219135284
0,0,attn_qkv,0.7612454891204834
0,0,attn_proj,2.598083972930908
0,0,ln2,0.016432490199804306
0,0,mlp_fc,0.898635983467102
0,0,mlp_proj,4.068049907684326
0,1,ln1,0.014309398829936981
0,1,attn_qkv,0.6937984824180603
0,1,attn_proj,2.3788199424743652
0,1,ln2,0.014912856742739677
0,1,mlp_fc,0.746441662311554
0,1,mlp_proj,3.0850441455841064
0,2,ln1,0.012143728323280811
0,2,attn_qkv,0.6382868885993958
0,2,attn_proj,2.0726892948150635
0,2,ln2,0.012612035498023033
0,2,mlp_fc,0.6739774346351624
0,2,mlp_proj,2.841599941253662
0,3,ln1,0.010516858659684658
0,3,attn_qkv,0.5740432739257812
0,3,attn_proj,2.083254337310791
0,3,ln2,0.012827522121369839
0,3,mlp_fc,0.6340072751045227
0,3,mlp_proj,2.5277459621429443
0,4,ln1,0.011319540441036224
0,4,attn_qkv,0.5093865394592285
0,4,attn_proj,1.833225965499878
0,4,ln2,0.01201066467911005
0,4,mlp_fc,0.5870782136917114
0,4,mlp_proj,2.302046775817871
0,5,ln1,0.009975739754736423
0,5,attn_qkv,0.45294877886772156
0,5,attn_proj,1.588693380355835
0,5,ln2,0.010507560335099697
0,5,mlp_fc,0.5249325037002563
0,5,mlp_proj,2.040832996368408
100,0,ln1,0.012969870120286942
100,0,attn_qkv,0.5525516867637634
100,0,attn_proj,1.7867555618286133
100,0,ln2,0.013594483025372028
100,0,mlp_fc,0.6797886490821838
100,0,mlp_proj,2.896376609802246
100,1,ln1,0.010159900411963463
100,1,attn_qkv,0.474252849817276
100,1,attn_proj,1.6297552585601807
100,1,ln2,0.011768531985580921
100,1,mlp_fc,0.5550016164779663
100,1,mlp_proj,2.1833813190460205
100,2,ln1,0.008335563354194164
100,2,attn_qkv,0.43784409761428833
100,2,attn_proj,1.4615927934646606
100,2,ln2,0.010042198933660984
100,2,mlp_fc,0.5057709217071533
100,2,mlp_proj,2.0608856678009033
100,3,ln1,0.00922376848757267
100,3,attn_qkv,0.4225022792816162
100,3,attn_proj,1.5392526388168335
100,3,ln2,0.009312843903899193
100,3,mlp_fc,0.48990145325660706
100,3,mlp_proj,1.8509184122085571
100,4,ln1,0.008253767155110836
100,4,attn_qkv,0.4010908007621765
100,4,attn_proj,1.4360538721084595
100,4,ln2,0.010088003240525723
100,4,mlp_fc,0.4868360459804535
100,4,mlp_proj,1.7827547788619995
100,5,ln1,0.00969622004777193
100,5,attn_qkv,0.3865465521812439
100,5,attn_proj,1.4428596496582031
100,5,ln2,0.008541978895664215
100,5,mlp_fc,0.460094690322876
100,5,mlp_proj,1.6838330030441284
0,0,ln1,0.017133720219135284
0,0,attn_qkv,0.7612454891204834
0,0,attn_proj,2.598083972930908
0,0,ln2,0.016432490199804306
0,0,mlp_fc,0.898635983467102
0,0,mlp_proj,4.068049907684326
0,1,ln1,0.014309398829936981
0,1,attn_qkv,0.6937984824180603
0,1,attn_proj,2.3788199424743652
0,1,ln2,0.014912856742739677
0,1,mlp_fc,0.746441662311554
0,1,mlp_proj,3.0850441455841064
0,2,ln1,0.012143728323280811
0,2,attn_qkv,0.6382868885993958
0,2,attn_proj,2.0726892948150635
0,2,ln2,0.012612035498023033
0,2,mlp_fc,0.6739774346351624
0,2,mlp_proj,2.841599941253662
0,3,ln1,0.010516858659684658
0,3,attn_qkv,0.5740432739257812
0,3,attn_proj,2.083254337310791
0,3,ln2,0.012827522121369839
0,3,mlp_fc,0.6340072751045227
0,3,mlp_proj,2.5277459621429443
0,4,ln1,0.011319540441036224
0,4,attn_qkv,0.5093865394592285
0,4,attn_proj,1.833225965499878
0,4,ln2,0.01201066467911005
0,4,mlp_fc,0.5870782136917114
0,4,mlp_proj,2.302046775817871
0,5,ln1,0.009975739754736423
0,5,attn_qkv,0.45294877886772156
0,5,attn_proj,1.588693380355835
0,5,ln2,0.010507560335099697
0,5,mlp_fc,0.5249325037002563
0,5,mlp_proj,2.040832996368408
200,0,ln1,0.005608941428363323
200,0,attn_qkv,0.27981552481651306
200,0,attn_proj,0.9262220859527588
200,0,ln2,0.007905644364655018
200,0,mlp_fc,0.31302979588508606
200,0,mlp_proj,1.069226861000061
200,1,ln1,0.002702333964407444
200,1,attn_qkv,0.13889190554618835
200,1,attn_proj,0.4579750597476959
200,1,ln2,0.004587673116475344
200,1,mlp_fc,0.19923512637615204
200,1,mlp_proj,0.6901399493217468
200,2,ln1,0.002372539369389415
200,2,attn_qkv,0.11260384321212769
200,2,attn_proj,0.3324820101261139
200,2,ln2,0.0035903723910450935
200,2,mlp_fc,0.15282565355300903
200,2,mlp_proj,0.5286580324172974
200,3,ln1,0.0017683348851278424
200,3,attn_qkv,0.08350785821676254
200,3,attn_proj,0.26654142141342163
200,3,ln2,0.003064968856051564
200,3,mlp_fc,0.1304788887500763
200,3,mlp_proj,0.4451504349708557
200,4,ln1,0.0017602489097043872
200,4,attn_qkv,0.07770491391420364
200,4,attn_proj,0.23517762124538422
200,4,ln2,0.0025356528349220753
200,4,mlp_fc,0.11886788159608841
200,4,mlp_proj,0.40844225883483887
200,5,ln1,0.0016710575437173247
200,5,attn_qkv,0.07283902913331985
200,5,attn_proj,0.244546040892601
200,5,ln2,0.002549636410549283
200,5,mlp_fc,0.11199864000082016
200,5,mlp_proj,0.37717726826667786
200,0,ln1,0.003541842568665743
200,0,attn_qkv,0.15566149353981018
200,0,attn_proj,0.4330296218395233
200,0,ln2,0.005135254003107548
200,0,mlp_fc,0.20806610584259033
200,0,mlp_proj,0.7585833668708801
200,1,ln1,0.0019640473183244467
200,1,attn_qkv,0.07966656237840652
200,1,attn_proj,0.21458283066749573
200,1,ln2,0.003267971333116293
200,1,mlp_fc,0.14091205596923828
200,1,mlp_proj,0.5144568085670471
200,2,ln1,0.0016092825680971146
200,2,attn_qkv,0.06369824707508087
200,2,attn_proj,0.1760839968919754
200,2,ln2,0.0026866330299526453
200,2,mlp_fc,0.12146572768688202
200,2,mlp_proj,0.42858242988586426
200,3,ln1,0.001481147133745253
200,3,attn_qkv,0.058034587651491165
200,3,attn_proj,0.170729860663414
200,3,ln2,0.0027021581772714853
200,3,mlp_fc,0.10605277121067047
200,3,mlp_proj,0.3670446574687958
200,4,ln1,0.001513274502940476
200,4,attn_qkv,0.06267756968736649
200,4,attn_proj,0.17863111197948456
200,4,ln2,0.002280726097524166
200,4,mlp_fc,0.1002311110496521
200,4,mlp_proj,0.3449264168739319
200,5,ln1,0.0017447652062401175
200,5,attn_qkv,0.06727497279644012
200,5,attn_proj,0.20042552053928375
200,5,ln2,0.002464424818754196
200,5,mlp_fc,0.09904438257217407
200,5,mlp_proj,0.33448725938796997
100,0,ln1,0.004039998631924391
100,0,attn_qkv,0.1604364961385727
100,0,attn_proj,0.5228201746940613
100,0,ln2,0.00828950572758913
100,0,mlp_fc,0.33084234595298767
100,0,mlp_proj,1.1262151002883911
100,1,ln1,0.003096845932304859
100,1,attn_qkv,0.14154614508152008
100,1,attn_proj,0.49100759625434875
100,1,ln2,0.005002038553357124
100,1,mlp_fc,0.23305638134479523
100,1,mlp_proj,0.7995215058326721
100,2,ln1,0.002504616044461727
100,2,attn_qkv,0.12161726504564285
100,2,attn_proj,0.3831331431865692
100,2,ln2,0.00412099389359355
100,2,mlp_fc,0.19134344160556793
100,2,mlp_proj,0.6454551815986633
100,3,ln1,0.0021746091078966856
100,3,attn_qkv,0.10080759227275848
100,3,attn_proj,0.32325315475463867
100,3,ln2,0.00349632790312171
100,3,mlp_fc,0.16294017434120178
100,3,mlp_proj,0.5547754168510437
100,4,ln1,0.0017762223724275827
100,4,attn_qkv,0.08602016419172287
100,4,attn_proj,0.27186375856399536
100,4,ln2,0.003419906832277775
100,4,mlp_fc,0.15146490931510925
100,4,mlp_proj,0.5074118971824646
100,5,ln1,0.0017938497476279736
100,5,attn_qkv,0.07982046157121658
100,5,attn_proj,0.26755383610725403
100,5,ln2,0.003384305164217949
100,5,mlp_fc,0.14299941062927246
100,5,mlp_proj,0.48615413904190063
200,0,ln1,0.0037737565580755472
200,0,attn_qkv,0.16037261486053467
200,0,attn_proj,0.5207887887954712
200,0,ln2,0.006602345034480095
200,0,mlp_fc,0.3277336359024048
200,0,mlp_proj,1.1768971681594849
200,1,ln1,0.0036119611468166113
200,1,attn_qkv,0.15875428915023804
200,1,attn_proj,0.5628504157066345
200,1,ln2,0.005323366727679968
200,1,mlp_fc,0.2581652104854584
200,1,mlp_proj,0.9046656489372253
200,2,ln1,0.003682247130200267
200,2,attn_qkv,0.1701641082763672
200,2,attn_proj,0.5920328497886658
200,2,ln2,0.005103614646941423
200,2,mlp_fc,0.23692329227924347
200,2,mlp_proj,0.8669843077659607
200,3,ln1,0.0037675302010029554
200,3,attn_qkv,0.17734912037849426
200,3,attn_proj,0.6266615390777588
200,3,ln2,0.004324645269662142
200,3,mlp_fc,0.22614750266075134
200,3,mlp_proj,0.8009393811225891
200,4,ln1,0.003884408622980118
200,4,attn_qkv,0.19065968692302704
200,4,attn_proj,0.632257878780365
200,4,ln2,0.00487337214872241
200,4,mlp_fc,0.23022280633449554
200,4,mlp_proj,0.7922167181968689
200,5,ln1,0.0045085991732776165
200,5,attn_qkv,0.19535769522190094
200,5,attn_proj,0.690994918346405
200,5,ln2,0.004907398484647274
200,5,mlp_fc,0.23037473857402802
200,5,mlp_proj,0.7953047752380371
100,0,ln1,0.004282577894628048
100,0,attn_qkv,0.19611865282058716
100,0,attn_proj,0.6157125234603882
100,0,ln2,0.008343040943145752
100,0,mlp_fc,0.3344123959541321
100,0,mlp_proj,1.1176284551620483
100,1,ln1,0.003284354694187641
100,1,attn_qkv,0.15497952699661255
100,1,attn_proj,0.4838615655899048
100,1,ln2,0.005366208963096142
100,1,mlp_fc,0.23678140342235565
100,1,mlp_proj,0.8145442605018616
100,2,ln1,0.0026411290746182203
100,2,attn_qkv,0.1340974122285843
100,2,attn_proj,0.4046784043312073
100,2,ln2,0.004286071285605431
100,2,mlp_fc,0.19825336337089539
100,2,mlp_proj,0.6697084307670593
100,3,ln1,0.002695750445127487
100,3,attn_qkv,0.11033663153648376
100,3,attn_proj,0.32954278588294983
100,3,ln2,0.0036579023580998182
100,3,mlp_fc,0.1675015538930893
100,3,mlp_proj,0.57145094871521
100,4,ln1,0.0020657340064644814
100,4,attn_qkv,0.09371510148048401
100,4,attn_proj,0.2784595787525177
100,4,ln2,0.0031508789397776127
100,4,mlp_fc,0.15552444756031036
100,4,mlp_proj,0.5157232284545898
100,5,ln1,0.0019691279157996178
100,5,attn_qkv,0.0849904790520668
100,5,attn_proj,0.2914482057094574
100,5,ln2,0.0028913491405546665
100,5,mlp_fc,0.14006701111793518
100,5,mlp_proj,0.4739249646663666
0,0,ln1,0.017133720219135284
0,0,attn_qkv,0.7612454891204834
0,0,attn_proj,2.598083972930908
0,0,ln2,0.016432490199804306
0,0,mlp_fc,0.898635983467102
0,0,mlp_proj,4.068049907684326
0,1,ln1,0.014309398829936981
0,1,attn_qkv,0.6937984824180603
0,1,attn_proj,2.3788199424743652
0,1,ln2,0.014912856742739677
0,1,mlp_fc,0.746441662311554
0,1,mlp_proj,3.0850441455841064
0,2,ln1,0.012143728323280811
0,2,attn_qkv,0.6382868885993958
0,2,attn_proj,2.0726892948150635
0,2,ln2,0.012612035498023033
0,2,mlp_fc,0.6739774346351624
0,2,mlp_proj,2.841599941253662
0,3,ln1,0.010516858659684658
0,3,attn_qkv,0.5740432739257812
0,3,attn_proj,2.083254337310791
0,3,ln2,0.012827522121369839
0,3,mlp_fc,0.6340072751045227
0,3,mlp_proj,2.5277459621429443
0,4,ln1,0.011319540441036224
0,4,attn_qkv,0.5093865394592285
0,4,attn_proj,1.833225965499878
0,4,ln2,0.01201066467911005
0,4,mlp_fc,0.5870782136917114
0,4,mlp_proj,2.302046775817871
0,5,ln1,0.009975739754736423
0,5,attn_qkv,0.45294877886772156
0,5,attn_proj,1.588693380355835
0,5,ln2,0.010507560335099697
0,5,mlp_fc,0.5249325037002563
0,5,mlp_proj,2.040832996368408
200,0,ln1,0.004106589592993259
200,0,attn_qkv,0.16235078871250153
200,0,attn_proj,0.4326097071170807
200,0,ln2,0.005888483952730894
200,0,mlp_fc,0.1942976862192154
200,0,mlp_proj,0.6654795408248901
200,1,ln1,0.0020108851604163647
200,1,attn_qkv,0.07514987885951996
200,1,attn_proj,0.19942598044872284
200,1,ln2,0.003400723682716489
200,1,mlp_fc,0.11999210715293884
200,1,mlp_proj,0.424081951379776
200,2,ln1,0.0014268385712057352
200,2,attn_qkv,0.05254996567964554
200,2,attn_proj,0.1291789710521698
200,2,ln2,0.0026079437229782343
200,2,mlp_fc,0.09715326130390167
200,2,mlp_proj,0.3406284749507904
200,3,ln1,0.0012731952592730522
200,3,attn_qkv,0.04428175464272499
200,3,attn_proj,0.12027712911367416
200,3,ln2,0.002415643772110343
200,3,mlp_fc,0.08197252452373505
200,3,mlp_proj,0.2826210856437683
200,4,ln1,0.001204594736918807
200,4,attn_qkv,0.04731796681880951
200,4,attn_proj,0.12707573175430298
200,4,ln2,0.0020052222535014153
200,4,mlp_fc,0.07850339263677597
200,4,mlp_proj,0.2682373523712158
200,5,ln1,0.0014629149809479713
200,5,attn_qkv,0.053358085453510284
200,5,attn_proj,0.1552102118730545
200,5,ln2,0.002238778630271554
200,5,mlp_fc,0.0781741812825203
200,5,mlp_proj,0.2650129199028015
0,0,ln1,0.017133720219135284
0,0,attn_qkv,0.7612454891204834
0,0,attn_proj,2.598083972930908
0,0,ln2,0.016432490199804306
0,0,mlp_fc,0.898635983467102
0,0,mlp_proj,4.068049907684326
0,1,ln1,0.014309398829936981
0,1,attn_qkv,0.6937984824180603
0,1,attn_proj,2.3788199424743652
0,1,ln2,0.014912856742739677
0,1,mlp_fc,0.746441662311554
0,1,mlp_proj,3.0850441455841064
0,2,ln1,0.012143728323280811
0,2,attn_qkv,0.6382868885993958
0,2,attn_proj,2.0726892948150635
0,2,ln2,0.012612035498023033
0,2,mlp_fc,0.6739774346351624
0,2,mlp_proj,2.841599941253662
0,3,ln1,0.010516858659684658
0,3,attn_qkv,0.5740432739257812
0,3,attn_proj,2.083254337310791
0,3,ln2,0.012827522121369839
0,3,mlp_fc,0.6340072751045227
0,3,mlp_proj,2.5277459621429443
0,4,ln1,0.011319540441036224
0,4,attn_qkv,0.5093865394592285
0,4,attn_proj,1.833225965499878
0,4,ln2,0.01201066467911005
0,4,mlp_fc,0.5870782136917114
0,4,mlp_proj,2.302046775817871
0,5,ln1,0.009975739754736423
0,5,attn_qkv,0.45294877886772156
0,5,attn_proj,1.588693380355835
0,5,ln2,0.010507560335099697
0,5,mlp_fc,0.5249325037002563
0,5,mlp_proj,2.040832996368408
0,0,ln1,0.017133720219135284
0,0,attn_qkv,0.7612454891204834
0,0,attn_proj,2.598083972930908
0,0,ln2,0.016432490199804306
0,0,mlp_fc,0.898635983467102
0,0,mlp_proj,4.068049907684326
0,1,ln1,0.014309398829936981
0,1,attn_qkv,0.6937984824180603
0,1,attn_proj,2.3788199424743652
0,1,ln2,0.014912856742739677
0,1,mlp_fc,0.746441662311554
0,1,mlp_proj,3.0850441455841064
0,2,ln1,0.012143728323280811
0,2,attn_qkv,0.6382868885993958
0,2,attn_proj,2.0726892948150635
0,2,ln2,0.012612035498023033
0,2,mlp_fc,0.6739774346351624
0,2,mlp_proj,2.841599941253662
0,3,ln1,0.010516858659684658
0,3,attn_qkv,0.5740432739257812
0,3,attn_proj,2.083254337310791
0,3,ln2,0.012827522121369839
0,3,mlp_fc,0.6340072751045227
0,3,mlp_proj,2.5277459621429443
0,4,ln1,0.011319540441036224
0,4,attn_qkv,0.5093865394592285
0,4,attn_proj,1.833225965499878
0,4,ln2,0.01201066467911005
0,4,mlp_fc,0.5870782136917114
0,4,mlp_proj,2.302046775817871
0,5,ln1,0.009975739754736423
0,5,attn_qkv,0.45294877886772156
0,5,attn_proj,1.588693380355835
0,5,ln2,0.010507560335099697
0,5,mlp_fc,0.5249325037002563
0,5,mlp_proj,2.040832996368408
200,0,ln1,0.00634642131626606
200,0,attn_qkv,0.31946253776550293
200,0,attn_proj,0.9730401635169983
200,0,ln2,0.00807812251150608
200,0,mlp_fc,0.28073883056640625
200,0,mlp_proj,0.9009600281715393
200,1,ln1,0.0022785509936511517
200,1,attn_qkv,0.11447349935770035
200,1,attn_proj,0.35864850878715515
200,1,ln2,0.004140177275985479
200,1,mlp_fc,0.17175909876823425
200,1,mlp_proj,0.5847187042236328
200,2,ln1,0.001974827144294977
200,2,attn_qkv,0.09293437004089355
200,2,attn_proj,0.2734144926071167
200,2,ln2,0.0033416124060750008
200,2,mlp_fc,0.13469168543815613
200,2,mlp_proj,0.458805114030838
200,3,ln1,0.0015551778487861156
200,3,attn_qkv,0.07317902892827988
200,3,attn_proj,0.23047415912151337
200,3,ln2,0.002797248773276806
200,3,mlp_fc,0.11549393087625504
200,3,mlp_proj,0.39126038551330566
200,4,ln1,0.001686385367065668
200,4,attn_qkv,0.07044375687837601
200,4,attn_proj,0.21010370552539825
200,4,ln2,0.0023744553327560425
200,4,mlp_fc,0.1064184159040451
200,4,mlp_proj,0.3635701835155487
200,5,ln1,0.001607032143510878
200,5,attn_qkv,0.06811413168907166
200,5,attn_proj,0.22144727408885956
200,5,ln2,0.002196152228862047
200,5,mlp_fc,0.10110452026128769
200,5,mlp_proj,0.336781769990921
