iter,block,param_type,value
0,0,ln1,0.017543844878673553
0,0,attn_qkv,0.7942193150520325
0,0,attn_proj,2.6767687797546387
0,0,ln2,0.017682822421193123
0,0,mlp_fc,0.9068092703819275
0,0,mlp_proj,4.124599933624268
0,1,ln1,0.014470272697508335
0,1,attn_qkv,0.6962488889694214
0,1,attn_proj,2.4009218215942383
0,1,ln2,0.01568080298602581
0,1,mlp_fc,0.7507880926132202
0,1,mlp_proj,3.099825143814087
0,2,ln1,0.012221109122037888
0,2,attn_qkv,0.6386053562164307
0,2,attn_proj,2.0732004642486572
0,2,ln2,0.012333890423178673
0,2,mlp_fc,0.6782792210578918
0,2,mlp_proj,2.8379604816436768
0,3,ln1,0.01031240914016962
0,3,attn_qkv,0.5723047256469727
0,3,attn_proj,2.101801872253418
0,3,ln2,0.012488692998886108
0,3,mlp_fc,0.6319975852966309
0,3,mlp_proj,2.524048089981079
0,4,ln1,0.011131392791867256
0,4,attn_qkv,0.5051341652870178
0,4,attn_proj,1.8246937990188599
0,4,ln2,0.01216837391257286
0,4,mlp_fc,0.5903922319412231
0,4,mlp_proj,2.3193435668945312
0,5,ln1,0.00991820078343153
0,5,attn_qkv,0.450687974691391
0,5,attn_proj,1.5693941116333008
0,5,ln2,0.010378549806773663
0,5,mlp_fc,0.5269944071769714
0,5,mlp_proj,2.057368040084839
100,0,ln1,0.003975741099566221
100,0,attn_qkv,0.13058416545391083
100,0,attn_proj,0.16033081710338593
100,0,ln2,0.005091496277600527
100,0,mlp_fc,0.08570212870836258
100,0,mlp_proj,0.16089576482772827
100,1,ln1,0.0005688035162165761
100,1,attn_qkv,0.017827332019805908
100,1,attn_proj,0.02938014827668667
100,1,ln2,0.0022425211500376463
100,1,mlp_fc,0.05051882192492485
100,1,mlp_proj,0.11712517589330673
100,2,ln1,0.00032216610270552337
100,2,attn_qkv,0.011846086010336876
100,2,attn_proj,0.02068750001490116
100,2,ln2,0.0017427477287128568
100,2,mlp_fc,0.03823123499751091
100,2,mlp_proj,0.10001421719789505
100,3,ln1,0.0004743244790006429
100,3,attn_qkv,0.013591260649263859
100,3,attn_proj,0.02607111632823944
100,3,ln2,0.0012789282482117414
100,3,mlp_fc,0.03205797076225281
100,3,mlp_proj,0.08049622178077698
100,4,ln1,0.0005026058061048388
100,4,attn_qkv,0.01556587964296341
100,4,attn_proj,0.033282846212387085
100,4,ln2,0.0012322583934292197
100,4,mlp_fc,0.029510492458939552
100,4,mlp_proj,0.07309990376234055
100,5,ln1,0.0006572945858351886
100,5,attn_qkv,0.018047869205474854
100,5,attn_proj,0.04375763610005379
100,5,ln2,0.0011230437085032463
100,5,mlp_fc,0.027612943202257156
100,5,mlp_proj,0.06597038358449936
200,0,ln1,0.007106927689164877
200,0,attn_qkv,0.14470146596431732
200,0,attn_proj,0.13513441383838654
200,0,ln2,0.003948243334889412
200,0,mlp_fc,0.05572880432009697
200,0,mlp_proj,0.10187783092260361
200,1,ln1,0.0005951151833869517
200,1,attn_qkv,0.01629009284079075
200,1,attn_proj,0.02192104049026966
200,1,ln2,0.0019784437026828527
200,1,mlp_fc,0.03487453982234001
200,1,mlp_proj,0.07210945338010788
200,2,ln1,0.0005978401168249547
200,2,attn_qkv,0.014848642982542515
200,2,attn_proj,0.020434780046343803
200,2,ln2,0.0013927480904385448
200,2,mlp_fc,0.026283368468284607
200,2,mlp_proj,0.059009063988924026
200,3,ln1,0.0008086396264843643
200,3,attn_qkv,0.016699280589818954
200,3,attn_proj,0.02288747951388359
200,3,ln2,0.0009785204892978072
200,3,mlp_fc,0.021548429504036903
200,3,mlp_proj,0.04946385324001312
200,4,ln1,0.0005680305766873062
200,4,attn_qkv,0.013391794636845589
200,4,attn_proj,0.021308092400431633
200,4,ln2,0.0007871518610045314
200,4,mlp_fc,0.01844659633934498
200,4,mlp_proj,0.045869532972574234
200,5,ln1,0.0006391509086824954
200,5,attn_qkv,0.014619462192058563
200,5,attn_proj,0.026040976867079735
200,5,ln2,0.0006716763600707054
200,5,mlp_fc,0.016806209459900856
200,5,mlp_proj,0.04098045825958252
0,0,ln1,0.017133720219135284
0,0,attn_qkv,0.7612454891204834
0,0,attn_proj,2.598083972930908
0,0,ln2,0.016432490199804306
0,0,mlp_fc,0.898635983467102
0,0,mlp_proj,4.068049907684326
0,1,ln1,0.014309398829936981
0,1,attn_qkv,0.6937984824180603
0,1,attn_proj,2.3788199424743652
0,1,ln2,0.014912856742739677
0,1,mlp_fc,0.746441662311554
0,1,mlp_proj,3.0850441455841064
0,2,ln1,0.012143728323280811
0,2,attn_qkv,0.6382868885993958
0,2,attn_proj,2.0726892948150635
0,2,ln2,0.012612035498023033
0,2,mlp_fc,0.6739774346351624
0,2,mlp_proj,2.841599941253662
0,3,ln1,0.010516858659684658
0,3,attn_qkv,0.5740432739257812
0,3,attn_proj,2.083254337310791
0,3,ln2,0.012827522121369839
0,3,mlp_fc,0.6340072751045227
0,3,mlp_proj,2.5277459621429443
0,4,ln1,0.011319540441036224
0,4,attn_qkv,0.5093865394592285
0,4,attn_proj,1.833225965499878
0,4,ln2,0.01201066467911005
0,4,mlp_fc,0.5870782136917114
0,4,mlp_proj,2.302046775817871
0,5,ln1,0.009975739754736423
0,5,attn_qkv,0.45294877886772156
0,5,attn_proj,1.588693380355835
0,5,ln2,0.010507560335099697
0,5,mlp_fc,0.5249325037002563
0,5,mlp_proj,2.040832996368408
100,0,ln1,0.003412714460864663
100,0,attn_qkv,0.12878799438476562
100,0,attn_proj,0.1589270383119583
100,0,ln2,0.005080534145236015
100,0,mlp_fc,0.08338980376720428
100,0,mlp_proj,0.15993009507656097
100,1,ln1,0.00047961174277588725
100,1,attn_qkv,0.015276697464287281
100,1,attn_proj,0.028026310727000237
100,1,ln2,0.00247237179428339
100,1,mlp_fc,0.050755079835653305
100,1,mlp_proj,0.12205559760332108
100,2,ln1,0.0003315320354886353
100,2,attn_qkv,0.011200942099094391
100,2,attn_proj,0.022722957655787468
100,2,ln2,0.0018702720990404487
100,2,mlp_fc,0.039495524019002914
100,2,mlp_proj,0.1052386611700058
100,3,ln1,0.00035124283749610186
100,3,attn_qkv,0.012696143239736557
100,3,attn_proj,0.02978123351931572
100,3,ln2,0.0013786153867840767
100,3,mlp_fc,0.03283408656716347
100,3,mlp_proj,0.08684434741735458
100,4,ln1,0.0005199551815167069
100,4,attn_qkv,0.01510580349713564
100,4,attn_proj,0.035108551383018494
100,4,ln2,0.0012785635190084577
100,4,mlp_fc,0.031349148601293564
100,4,mlp_proj,0.08256099373102188
100,5,ln1,0.000556405633687973
100,5,attn_qkv,0.015558085404336452
100,5,attn_proj,0.044829607009887695
100,5,ln2,0.0013678851537406445
100,5,mlp_fc,0.03114653006196022
100,5,mlp_proj,0.07063207775354385
200,0,ln1,0.005932653788477182
200,0,attn_qkv,0.13946208357810974
200,0,attn_proj,0.14245256781578064
200,0,ln2,0.0038044191896915436
200,0,mlp_fc,0.053800005465745926
200,0,mlp_proj,0.09482954442501068
200,1,ln1,0.0006229732534848154
200,1,attn_qkv,0.017326900735497475
200,1,attn_proj,0.03105912171304226
200,1,ln2,0.0019443731289356947
200,1,mlp_fc,0.03252391517162323
200,1,mlp_proj,0.06757467240095139
200,2,ln1,0.0004966664710082114
200,2,attn_qkv,0.011835345067083836
200,2,attn_proj,0.020660249516367912
200,2,ln2,0.001373868784867227
200,2,mlp_fc,0.02411528117954731
200,2,mlp_proj,0.05577946454286575
200,3,ln1,0.0005432568723335862
200,3,attn_qkv,0.01364855282008648
200,3,attn_proj,0.023059405386447906
200,3,ln2,0.0009624899248592556
200,3,mlp_fc,0.019487252458930016
200,3,mlp_proj,0.048235051333904266
200,4,ln1,0.0004925815155729651
200,4,attn_qkv,0.010920016095042229
200,4,attn_proj,0.019430693238973618
200,4,ln2,0.0007988805882632732
200,4,mlp_fc,0.01725691370666027
200,4,mlp_proj,0.04383024573326111
200,5,ln1,0.0005361223011277616
200,5,attn_qkv,0.012918039225041866
200,5,attn_proj,0.023094041272997856
200,5,ln2,0.0006541266338899732
200,5,mlp_fc,0.01588866300880909
200,5,mlp_proj,0.03924527391791344
0,0,ln1,0.017133720219135284
0,0,attn_qkv,0.7612454891204834
0,0,attn_proj,2.598083972930908
0,0,ln2,0.016432490199804306
0,0,mlp_fc,0.898635983467102
0,0,mlp_proj,4.068049907684326
0,1,ln1,0.014309398829936981
0,1,attn_qkv,0.6937984824180603
0,1,attn_proj,2.3788199424743652
0,1,ln2,0.014912856742739677
0,1,mlp_fc,0.746441662311554
0,1,mlp_proj,3.0850441455841064
0,2,ln1,0.012143728323280811
0,2,attn_qkv,0.6382868885993958
0,2,attn_proj,2.0726892948150635
0,2,ln2,0.012612035498023033
0,2,mlp_fc,0.6739774346351624
0,2,mlp_proj,2.841599941253662
0,3,ln1,0.010516858659684658
0,3,attn_qkv,0.5740432739257812
0,3,attn_proj,2.083254337310791
0,3,ln2,0.012827522121369839
0,3,mlp_fc,0.6340072751045227
0,3,mlp_proj,2.5277459621429443
0,4,ln1,0.011319540441036224
0,4,attn_qkv,0.5093865394592285
0,4,attn_proj,1.833225965499878
0,4,ln2,0.01201066467911005
0,4,mlp_fc,0.5870782136917114
0,4,mlp_proj,2.302046775817871
0,5,ln1,0.009975739754736423
0,5,attn_qkv,0.45294877886772156
0,5,attn_proj,1.588693380355835
0,5,ln2,0.010507560335099697
0,5,mlp_fc,0.5249325037002563
0,5,mlp_proj,2.040832996368408
100,0,ln1,0.003412878606468439
100,0,attn_qkv,0.12892502546310425
100,0,attn_proj,0.15920224785804749
100,0,ln2,0.005077922251075506
100,0,mlp_fc,0.08339916169643402
100,0,mlp_proj,0.15993811190128326
100,1,ln1,0.00048071984201669693
100,1,attn_qkv,0.015307929366827011
100,1,attn_proj,0.028118586167693138
100,1,ln2,0.002474334789440036
100,1,mlp_fc,0.05073554441332817
100,1,mlp_proj,0.12200916558504105
100,2,ln1,0.00033466320019215345
100,2,attn_qkv,0.011242647655308247
100,2,attn_proj,0.022750752046704292
100,2,ln2,0.0018711190205067396
100,2,mlp_fc,0.03947630524635315
100,2,mlp_proj,0.10523746907711029
100,3,ln1,0.00035235064569860697
100,3,attn_qkv,0.012724519707262516
100,3,attn_proj,0.02978695183992386
100,3,ln2,0.0013793673133477569
100,3,mlp_fc,0.03282393142580986
100,3,mlp_proj,0.08681078255176544
100,4,ln1,0.0005211257957853377
100,4,attn_qkv,0.015144377015531063
100,4,attn_proj,0.03514980152249336
100,4,ln2,0.0012804875150322914
100,4,mlp_fc,0.03135981038212776
100,4,mlp_proj,0.08257127553224564
100,5,ln1,0.000557495339307934
100,5,attn_qkv,0.015603180974721909
100,5,attn_proj,0.04484426602721214
100,5,ln2,0.0013695949455723166
100,5,mlp_fc,0.031166374683380127
100,5,mlp_proj,0.07067176699638367
200,0,ln1,0.005944809876382351
200,0,attn_qkv,0.1398932784795761
200,0,attn_proj,0.14428387582302094
200,0,ln2,0.0038312668912112713
200,0,mlp_fc,0.053987812250852585
200,0,mlp_proj,0.09502734988927841
200,1,ln1,0.0006319708772934973
200,1,attn_qkv,0.017446165904402733
200,1,attn_proj,0.0314536988735199
200,1,ln2,0.0019433804554864764
200,1,mlp_fc,0.03260931372642517
200,1,mlp_proj,0.06744254380464554
200,2,ln1,0.0005007416475564241
200,2,attn_qkv,0.011855404824018478
200,2,attn_proj,0.020699869841337204
200,2,ln2,0.0013752463273704052
200,2,mlp_fc,0.02414986863732338
200,2,mlp_proj,0.0556684210896492
200,3,ln1,0.000560447049792856
200,3,attn_qkv,0.01389574259519577
200,3,attn_proj,0.022853445261716843
200,3,ln2,0.0009575632866472006
200,3,mlp_fc,0.019406655803322792
200,3,mlp_proj,0.04805418848991394
200,4,ln1,0.0004844713257625699
200,4,attn_qkv,0.01081481110304594
200,4,attn_proj,0.019337953999638557
200,4,ln2,0.0007950483704917133
200,4,mlp_fc,0.017144594341516495
200,4,mlp_proj,0.04357952997088432
200,5,ln1,0.0005246323999017477
200,5,attn_qkv,0.012781142257153988
200,5,attn_proj,0.023011725395917892
200,5,ln2,0.0006443237070925534
200,5,mlp_fc,0.015722433105111122
200,5,mlp_proj,0.0389850027859211
0,0,ln1,0.017133720219135284
0,0,attn_qkv,0.7612454891204834
0,0,attn_proj,2.598083972930908
0,0,ln2,0.016432490199804306
0,0,mlp_fc,0.898635983467102
0,0,mlp_proj,4.068049907684326
0,1,ln1,0.014309398829936981
0,1,attn_qkv,0.6937984824180603
0,1,attn_proj,2.3788199424743652
0,1,ln2,0.014912856742739677
0,1,mlp_fc,0.746441662311554
0,1,mlp_proj,3.0850441455841064
0,2,ln1,0.012143728323280811
0,2,attn_qkv,0.6382868885993958
0,2,attn_proj,2.0726892948150635
0,2,ln2,0.012612035498023033
0,2,mlp_fc,0.6739774346351624
0,2,mlp_proj,2.841599941253662
0,3,ln1,0.010516858659684658
0,3,attn_qkv,0.5740432739257812
0,3,attn_proj,2.083254337310791
0,3,ln2,0.012827522121369839
0,3,mlp_fc,0.6340072751045227
0,3,mlp_proj,2.5277459621429443
0,4,ln1,0.011319540441036224
0,4,attn_qkv,0.5093865394592285
0,4,attn_proj,1.833225965499878
0,4,ln2,0.01201066467911005
0,4,mlp_fc,0.5870782136917114
0,4,mlp_proj,2.302046775817871
0,5,ln1,0.009975739754736423
0,5,attn_qkv,0.45294877886772156
0,5,attn_proj,1.588693380355835
0,5,ln2,0.010507560335099697
0,5,mlp_fc,0.5249325037002563
0,5,mlp_proj,2.040832996368408
100,0,ln1,0.003422166220843792
100,0,attn_qkv,0.12899959087371826
100,0,attn_proj,0.15939462184906006
100,0,ln2,0.0050853765569627285
100,0,mlp_fc,0.0834338441491127
100,0,mlp_proj,0.1601516604423523
100,1,ln1,0.0004810098325833678
100,1,attn_qkv,0.015310532413423061
100,1,attn_proj,0.028118832036852837
100,1,ln2,0.002473401138558984
100,1,mlp_fc,0.050808362662792206
100,1,mlp_proj,0.12219061702489853
100,2,ln1,0.0003319589013699442
100,2,attn_qkv,0.011228637769818306
100,2,attn_proj,0.0227559395134449
100,2,ln2,0.0018722472013905644
100,2,mlp_fc,0.03954024985432625
100,2,mlp_proj,0.10536795854568481
100,3,ln1,0.0003530647372826934
100,3,attn_qkv,0.012770666740834713
100,3,attn_proj,0.02983887679874897
100,3,ln2,0.0013829165836796165
100,3,mlp_fc,0.03288603946566582
100,3,mlp_proj,0.08696456253528595
100,4,ln1,0.0005223596235737205
100,4,attn_qkv,0.01518242433667183
100,4,attn_proj,0.03518570214509964
100,4,ln2,0.0012832630891352892
100,4,mlp_fc,0.031413353979587555
100,4,mlp_proj,0.08271261304616928
100,5,ln1,0.0005599881405942142
100,5,attn_qkv,0.01565471850335598
100,5,attn_proj,0.04491114616394043
100,5,ln2,0.00137228611856699
100,5,mlp_fc,0.03122073970735073
100,5,mlp_proj,0.07078178972005844
200,0,ln1,0.005866095423698425
200,0,attn_qkv,0.1394801288843155
200,0,attn_proj,0.14328080415725708
200,0,ln2,0.003810110967606306
200,0,mlp_fc,0.05395840108394623
200,0,mlp_proj,0.09508658945560455
200,1,ln1,0.0006267386488616467
200,1,attn_qkv,0.017596479505300522
200,1,attn_proj,0.0318647101521492
200,1,ln2,0.0019439752213656902
200,1,mlp_fc,0.032593078911304474
200,1,mlp_proj,0.06773544102907181
200,2,ln1,0.0005117554683238268
200,2,attn_qkv,0.012158039025962353
200,2,attn_proj,0.020947188138961792
200,2,ln2,0.0013781486777588725
200,2,mlp_fc,0.02418012171983719
200,2,mlp_proj,0.05590161681175232
200,3,ln1,0.0005706424708478153
200,3,attn_qkv,0.014050542376935482
200,3,attn_proj,0.02332904003560543
200,3,ln2,0.0009694963810034096
200,3,mlp_fc,0.019594915211200714
200,3,mlp_proj,0.04844071343541145
200,4,ln1,0.0004990124725736678
200,4,attn_qkv,0.011087678372859955
200,4,attn_proj,0.019566336646676064
200,4,ln2,0.0008031083852984011
200,4,mlp_fc,0.017369871959090233
200,4,mlp_proj,0.04405926540493965
200,5,ln1,0.0005557741387747228
200,5,attn_qkv,0.013261640444397926
200,5,attn_proj,0.023200979456305504
200,5,ln2,0.0006552213453687727
200,5,mlp_fc,0.016013802960515022
200,5,mlp_proj,0.03943558782339096
0,0,ln1,0.017133720219135284
0,0,attn_qkv,0.7612454891204834
0,0,attn_proj,2.598083972930908
0,0,ln2,0.016432490199804306
0,0,mlp_fc,0.898635983467102
0,0,mlp_proj,4.068049907684326
0,1,ln1,0.014309398829936981
0,1,attn_qkv,0.6937984824180603
0,1,attn_proj,2.3788199424743652
0,1,ln2,0.014912856742739677
0,1,mlp_fc,0.746441662311554
0,1,mlp_proj,3.0850441455841064
0,2,ln1,0.012143728323280811
0,2,attn_qkv,0.6382868885993958
0,2,attn_proj,2.0726892948150635
0,2,ln2,0.012612035498023033
0,2,mlp_fc,0.6739774346351624
0,2,mlp_proj,2.841599941253662
0,3,ln1,0.010516858659684658
0,3,attn_qkv,0.5740432739257812
0,3,attn_proj,2.083254337310791
0,3,ln2,0.012827522121369839
0,3,mlp_fc,0.6340072751045227
0,3,mlp_proj,2.5277459621429443
0,4,ln1,0.011319540441036224
0,4,attn_qkv,0.5093865394592285
0,4,attn_proj,1.833225965499878
0,4,ln2,0.01201066467911005
0,4,mlp_fc,0.5870782136917114
0,4,mlp_proj,2.302046775817871
0,5,ln1,0.009975739754736423
0,5,attn_qkv,0.45294877886772156
0,5,attn_proj,1.588693380355835
0,5,ln2,0.010507560335099697
0,5,mlp_fc,0.5249325037002563
0,5,mlp_proj,2.040832996368408
100,0,ln1,0.013121542520821095
100,0,attn_qkv,0.5396794080734253
100,0,attn_proj,1.7461638450622559
100,0,ln2,0.012622996233403683
100,0,mlp_fc,0.6747444868087769
100,0,mlp_proj,2.8586554527282715
100,1,ln1,0.010344963520765305
100,1,attn_qkv,0.47844216227531433
100,1,attn_proj,1.6558185815811157
100,1,ln2,0.011776089668273926
100,1,mlp_fc,0.5598465204238892
100,1,mlp_proj,2.1817626953125
100,2,ln1,0.00873078778386116
100,2,attn_qkv,0.44118109345436096
100,2,attn_proj,1.4569369554519653
100,2,ln2,0.010002018883824348
100,2,mlp_fc,0.507810652256012
100,2,mlp_proj,2.0484979152679443
100,3,ln1,0.009133201092481613
100,3,attn_qkv,0.42592862248420715
100,3,attn_proj,1.5425199270248413
100,3,ln2,0.009392392821609974
100,3,mlp_fc,0.485998272895813
100,3,mlp_proj,1.8490394353866577
100,4,ln1,0.008332204073667526
100,4,attn_qkv,0.40530750155448914
100,4,attn_proj,1.4090656042099
100,4,ln2,0.009975495748221874
100,4,mlp_fc,0.478860467672348
100,4,mlp_proj,1.760071873664856
100,5,ln1,0.009573789313435555
100,5,attn_qkv,0.3869517743587494
100,5,attn_proj,1.4555293321609497
100,5,ln2,0.008557550609111786
100,5,mlp_fc,0.46233513951301575
100,5,mlp_proj,1.678730845451355
200,0,ln1,0.0038312028627842665
200,0,attn_qkv,0.15853051841259003
200,0,attn_proj,0.5034034848213196
200,0,ln2,0.006436679512262344
200,0,mlp_fc,0.33513420820236206
200,0,mlp_proj,1.1655329465866089
200,1,ln1,0.0029782368801534176
200,1,attn_qkv,0.1408090442419052
200,1,attn_proj,0.5025454163551331
200,1,ln2,0.005125714931637049
200,1,mlp_fc,0.25410330295562744
200,1,mlp_proj,0.868681788444519
200,2,ln1,0.0029994866345077753
200,2,attn_qkv,0.1407606154680252
200,2,attn_proj,0.5031899213790894
200,2,ln2,0.004423793870955706
200,2,mlp_fc,0.22315853834152222
200,2,mlp_proj,0.8077405095100403
200,3,ln1,0.0032815909944474697
200,3,attn_qkv,0.15002566576004028
200,3,attn_proj,0.5447526574134827
200,3,ln2,0.003848660970106721
200,3,mlp_fc,0.21116051077842712
200,3,mlp_proj,0.7447191476821899
200,4,ln1,0.0034273136407136917
200,4,attn_qkv,0.16728228330612183
200,4,attn_proj,0.5690062046051025
200,4,ln2,0.004723533987998962
200,4,mlp_fc,0.21781957149505615
200,4,mlp_proj,0.746273934841156
200,5,ln1,0.003961171023547649
200,5,attn_qkv,0.17531223595142365
200,5,attn_proj,0.6425085663795471
200,5,ln2,0.004287876654416323
200,5,mlp_fc,0.21697232127189636
200,5,mlp_proj,0.7450411915779114
0,0,ln1,0.017133720219135284
0,0,attn_qkv,0.7612454891204834
0,0,attn_proj,2.598083972930908
0,0,ln2,0.016432490199804306
0,0,mlp_fc,0.898635983467102
0,0,mlp_proj,4.068049907684326
0,1,ln1,0.014309398829936981
0,1,attn_qkv,0.6937984824180603
0,1,attn_proj,2.3788199424743652
0,1,ln2,0.014912856742739677
0,1,mlp_fc,0.746441662311554
0,1,mlp_proj,3.0850441455841064
0,2,ln1,0.012143728323280811
0,2,attn_qkv,0.6382868885993958
0,2,attn_proj,2.0726892948150635
0,2,ln2,0.012612035498023033
0,2,mlp_fc,0.6739774346351624
0,2,mlp_proj,2.841599941253662
0,3,ln1,0.010516858659684658
0,3,attn_qkv,0.5740432739257812
0,3,attn_proj,2.083254337310791
0,3,ln2,0.012827522121369839
0,3,mlp_fc,0.6340072751045227
0,3,mlp_proj,2.5277459621429443
0,4,ln1,0.011319540441036224
0,4,attn_qkv,0.5093865394592285
0,4,attn_proj,1.833225965499878
0,4,ln2,0.01201066467911005
0,4,mlp_fc,0.5870782136917114
0,4,mlp_proj,2.302046775817871
0,5,ln1,0.009975739754736423
0,5,attn_qkv,0.45294877886772156
0,5,attn_proj,1.588693380355835
0,5,ln2,0.010507560335099697
0,5,mlp_fc,0.5249325037002563
0,5,mlp_proj,2.040832996368408
100,0,ln1,0.0028523593209683895
100,0,attn_qkv,0.12047571688890457
100,0,attn_proj,0.39572522044181824
100,0,ln2,0.006157379597425461
100,0,mlp_fc,0.26429516077041626
100,0,mlp_proj,0.8946458697319031
100,1,ln1,0.002576796803623438
100,1,attn_qkv,0.10186105966567993
100,1,attn_proj,0.3445463180541992
100,1,ln2,0.004424376413226128
100,1,mlp_fc,0.18433618545532227
100,1,mlp_proj,0.6192537546157837
100,2,ln1,0.0018061260925605893
100,2,attn_qkv,0.08369167149066925
100,2,attn_proj,0.28662943840026855
100,2,ln2,0.003235904034227133
100,2,mlp_fc,0.15425613522529602
100,2,mlp_proj,0.518267810344696
100,3,ln1,0.001524422550573945
100,3,attn_qkv,0.07540833204984665
100,3,attn_proj,0.2437889724969864
100,3,ln2,0.002684792736545205
100,3,mlp_fc,0.1321137249469757
100,3,mlp_proj,0.44307321310043335
100,4,ln1,0.001661828369833529
100,4,attn_qkv,0.07401725649833679
100,4,attn_proj,0.23908309638500214
100,4,ln2,0.00264354282990098
100,4,mlp_fc,0.12317807972431183
100,4,mlp_proj,0.4001207649707794
100,5,ln1,0.0016497242031618953
100,5,attn_qkv,0.0724698156118393
100,5,attn_proj,0.25393834710121155
100,5,ln2,0.0026019541546702385
100,5,mlp_fc,0.11389532685279846
100,5,mlp_proj,0.3785054683685303
200,0,ln1,0.0031524267978966236
200,0,attn_qkv,0.1586005538702011
200,0,attn_proj,0.5106441378593445
200,0,ln2,0.007137472275644541
200,0,mlp_fc,0.2808566093444824
200,0,mlp_proj,0.8717671632766724
200,1,ln1,0.0015764993149787188
200,1,attn_qkv,0.08196345716714859
200,1,attn_proj,0.27322643995285034
200,1,ln2,0.0036210017278790474
200,1,mlp_fc,0.17311140894889832
200,1,mlp_proj,0.5678079724311829
200,2,ln1,0.0012734459014609456
200,2,attn_qkv,0.06186888739466667
200,2,attn_proj,0.20289179682731628
200,2,ln2,0.002823296934366226
200,2,mlp_fc,0.1335054337978363
200,2,mlp_proj,0.4537654221057892
200,3,ln1,0.0011121470015496016
200,3,attn_qkv,0.05153965950012207
200,3,attn_proj,0.18457430601119995
200,3,ln2,0.002313373377546668
200,3,mlp_fc,0.11503785848617554
200,3,mlp_proj,0.39094746112823486
200,4,ln1,0.001061256043612957
200,4,attn_qkv,0.05355454608798027
200,4,attn_proj,0.17450609803199768
200,4,ln2,0.0023097461089491844
200,4,mlp_fc,0.10552633553743362
200,4,mlp_proj,0.3578377962112427
200,5,ln1,0.001156982616521418
200,5,attn_qkv,0.057969048619270325
200,5,attn_proj,0.19781042635440826
200,5,ln2,0.002000909298658371
200,5,mlp_fc,0.09864408522844315
200,5,mlp_proj,0.3337174654006958
0,0,ln1,0.017133720219135284
0,0,attn_qkv,0.7612454891204834
0,0,attn_proj,2.598083972930908
0,0,ln2,0.016432490199804306
0,0,mlp_fc,0.898635983467102
0,0,mlp_proj,4.068049907684326
0,1,ln1,0.014309398829936981
0,1,attn_qkv,0.6937984824180603
0,1,attn_proj,2.3788199424743652
0,1,ln2,0.014912856742739677
0,1,mlp_fc,0.746441662311554
0,1,mlp_proj,3.0850441455841064
0,2,ln1,0.012143728323280811
0,2,attn_qkv,0.6382868885993958
0,2,attn_proj,2.0726892948150635
0,2,ln2,0.012612035498023033
0,2,mlp_fc,0.6739774346351624
0,2,mlp_proj,2.841599941253662
0,3,ln1,0.010516858659684658
0,3,attn_qkv,0.5740432739257812
0,3,attn_proj,2.083254337310791
0,3,ln2,0.012827522121369839
0,3,mlp_fc,0.6340072751045227
0,3,mlp_proj,2.5277459621429443
0,4,ln1,0.011319540441036224
0,4,attn_qkv,0.5093865394592285
0,4,attn_proj,1.833225965499878
0,4,ln2,0.01201066467911005
0,4,mlp_fc,0.5870782136917114
0,4,mlp_proj,2.302046775817871
0,5,ln1,0.009975739754736423
0,5,attn_qkv,0.45294877886772156
0,5,attn_proj,1.588693380355835
0,5,ln2,0.010507560335099697
0,5,mlp_fc,0.5249325037002563
0,5,mlp_proj,2.040832996368408
100,0,ln1,0.003552558133378625
100,0,attn_qkv,0.1645343005657196
100,0,attn_proj,0.5134981870651245
100,0,ln2,0.008017909713089466
100,0,mlp_fc,0.3086758553981781
100,0,mlp_proj,1.011089563369751
100,1,ln1,0.0026757344603538513
100,1,attn_qkv,0.12022033333778381
100,1,attn_proj,0.36366164684295654
100,1,ln2,0.005022155120968819
100,1,mlp_fc,0.2113969773054123
100,1,mlp_proj,0.7070798277854919
100,2,ln1,0.0020178656559437513
100,2,attn_qkv,0.09551254659891129
100,2,attn_proj,0.32244566082954407
100,2,ln2,0.0038304156623780727
100,2,mlp_fc,0.17600294947624207
100,2,mlp_proj,0.5900494456291199
100,3,ln1,0.0018602779600769281
100,3,attn_qkv,0.08328460156917572
100,3,attn_proj,0.263924241065979
100,3,ln2,0.003191940486431122
100,3,mlp_fc,0.14944376051425934
100,3,mlp_proj,0.5018415451049805
100,4,ln1,0.0014769199769943953
100,4,attn_qkv,0.07508375495672226
100,4,attn_proj,0.2367531806230545
100,4,ln2,0.002795844106003642
100,4,mlp_fc,0.1392599195241928
100,4,mlp_proj,0.4615332782268524
100,5,ln1,0.0015151725383475423
100,5,attn_qkv,0.07413548976182938
100,5,attn_proj,0.25519657135009766
100,5,ln2,0.0027504973113536835
100,5,mlp_fc,0.12749750912189484
100,5,mlp_proj,0.43034812808036804
200,0,ln1,0.004090089350938797
200,0,attn_qkv,0.21987728774547577
200,0,attn_proj,0.6893417239189148
200,0,ln2,0.0074013276025652885
200,0,mlp_fc,0.2640959918498993
200,0,mlp_proj,0.7948834896087646
200,1,ln1,0.0016291949432343245
200,1,attn_qkv,0.08263050019741058
200,1,attn_proj,0.2595239579677582
200,1,ln2,0.0034167119301855564
200,1,mlp_fc,0.15573960542678833
200,1,mlp_proj,0.507269024848938
200,2,ln1,0.001403121743351221
200,2,attn_qkv,0.06487518548965454
200,2,attn_proj,0.2064383178949356
200,2,ln2,0.0027012936770915985
200,2,mlp_fc,0.11880961805582047
200,2,mlp_proj,0.40300115942955017
200,3,ln1,0.0012244778918102384
200,3,attn_qkv,0.05588214844465256
200,3,attn_proj,0.18726812303066254
200,3,ln2,0.002354273572564125
200,3,mlp_fc,0.10318443924188614
200,3,mlp_proj,0.34658142924308777
200,4,ln1,0.0009885324398055673
200,4,attn_qkv,0.05425039678812027
200,4,attn_proj,0.17536818981170654
200,4,ln2,0.0022104098461568356
200,4,mlp_fc,0.09618794173002243
200,4,mlp_proj,0.322994589805603
200,5,ln1,0.0012130289105698466
200,5,attn_qkv,0.05772138014435768
200,5,attn_proj,0.19291919469833374
200,5,ln2,0.0018743471009656787
200,5,mlp_fc,0.08963116258382797
200,5,mlp_proj,0.29414719343185425
0,0,ln1,0.017133720219135284
0,0,attn_qkv,0.7612454891204834
0,0,attn_proj,2.598083972930908
0,0,ln2,0.016432490199804306
0,0,mlp_fc,0.898635983467102
0,0,mlp_proj,4.068049907684326
0,1,ln1,0.014309398829936981
0,1,attn_qkv,0.6937984824180603
0,1,attn_proj,2.3788199424743652
0,1,ln2,0.014912856742739677
0,1,mlp_fc,0.746441662311554
0,1,mlp_proj,3.0850441455841064
0,2,ln1,0.012143728323280811
0,2,attn_qkv,0.6382868885993958
0,2,attn_proj,2.0726892948150635
0,2,ln2,0.012612035498023033
0,2,mlp_fc,0.6739774346351624
0,2,mlp_proj,2.841599941253662
0,3,ln1,0.010516858659684658
0,3,attn_qkv,0.5740432739257812
0,3,attn_proj,2.083254337310791
0,3,ln2,0.012827522121369839
0,3,mlp_fc,0.6340072751045227
0,3,mlp_proj,2.5277459621429443
0,4,ln1,0.011319540441036224
0,4,attn_qkv,0.5093865394592285
0,4,attn_proj,1.833225965499878
0,4,ln2,0.01201066467911005
0,4,mlp_fc,0.5870782136917114
0,4,mlp_proj,2.302046775817871
0,5,ln1,0.009975739754736423
0,5,attn_qkv,0.45294877886772156
0,5,attn_proj,1.588693380355835
0,5,ln2,0.010507560335099697
0,5,mlp_fc,0.5249325037002563
0,5,mlp_proj,2.040832996368408
100,0,ln1,0.013120748102664948
100,0,attn_qkv,0.5397179126739502
100,0,attn_proj,1.7460875511169434
100,0,ln2,0.01262099388986826
100,0,mlp_fc,0.6746915578842163
100,0,mlp_proj,2.858353614807129
100,1,ln1,0.010343089699745178
100,1,attn_qkv,0.4783613085746765
100,1,attn_proj,1.6555612087249756
100,1,ln2,0.011776193976402283
100,1,mlp_fc,0.5597712993621826
100,1,mlp_proj,2.181384801864624
100,2,ln1,0.008729379624128342
100,2,attn_qkv,0.44109633564949036
100,2,attn_proj,1.4565850496292114
100,2,ln2,0.010001953691244125
100,2,mlp_fc,0.5077518820762634
100,2,mlp_proj,2.0482468605041504
100,3,ln1,0.0091329924762249
100,3,attn_qkv,0.42588335275650024
100,3,attn_proj,1.5422816276550293
100,3,ln2,0.009389051236212254
100,3,mlp_fc,0.48595985770225525
100,3,mlp_proj,1.8487757444381714
100,4,ln1,0.00833128485828638
100,4,attn_qkv,0.40526318550109863
100,4,attn_proj,1.4089324474334717
100,4,ln2,0.009973558597266674
100,4,mlp_fc,0.47882482409477234
100,4,mlp_proj,1.7599172592163086
100,5,ln1,0.009572665207087994
100,5,attn_qkv,0.38691094517707825
100,5,attn_proj,1.4554187059402466
100,5,ln2,0.008556931279599667
100,5,mlp_fc,0.4622889459133148
100,5,mlp_proj,1.6785274744033813
200,0,ln1,0.0038273250684142113
200,0,attn_qkv,0.15841513872146606
200,0,attn_proj,0.5030982494354248
200,0,ln2,0.006435002665966749
200,0,mlp_fc,0.3350803256034851
200,0,mlp_proj,1.1652802228927612
200,1,ln1,0.0029756140429526567
200,1,attn_qkv,0.14073695242404938
200,1,attn_proj,0.5022849440574646
200,1,ln2,0.005126014351844788
200,1,mlp_fc,0.25407588481903076
200,1,mlp_proj,0.868574857711792
200,2,ln1,0.002999290358275175
200,2,attn_qkv,0.1407437026500702
200,2,attn_proj,0.5030717849731445
200,2,ln2,0.004427377600222826
200,2,mlp_fc,0.22315366566181183
200,2,mlp_proj,0.8077195286750793
200,3,ln1,0.0032820834312587976
200,3,attn_qkv,0.15003906190395355
200,3,attn_proj,0.5447736978530884
200,3,ln2,0.0038495019543915987
200,3,mlp_fc,0.21116724610328674
200,3,mlp_proj,0.7447590231895447
200,4,ln1,0.0034275376237928867
200,4,attn_qkv,0.16728730499744415
200,4,attn_proj,0.5690706968307495
200,4,ln2,0.004723096266388893
200,4,mlp_fc,0.21783602237701416
200,4,mlp_proj,0.7463472485542297
200,5,ln1,0.003961514215916395
200,5,attn_qkv,0.17533133924007416
200,5,attn_proj,0.6425840854644775
200,5,ln2,0.004289273638278246
200,5,mlp_fc,0.21700017154216766
200,5,mlp_proj,0.7451115250587463
0,0,ln1,0.017133720219135284
0,0,attn_qkv,0.7612454891204834
0,0,attn_proj,2.598083972930908
0,0,ln2,0.016432490199804306
0,0,mlp_fc,0.898635983467102
0,0,mlp_proj,4.068049907684326
0,1,ln1,0.014309398829936981
0,1,attn_qkv,0.6937984824180603
0,1,attn_proj,2.3788199424743652
0,1,ln2,0.014912856742739677
0,1,mlp_fc,0.746441662311554
0,1,mlp_proj,3.0850441455841064
0,2,ln1,0.012143728323280811
0,2,attn_qkv,0.6382868885993958
0,2,attn_proj,2.0726892948150635
0,2,ln2,0.012612035498023033
0,2,mlp_fc,0.6739774346351624
0,2,mlp_proj,2.841599941253662
0,3,ln1,0.010516858659684658
0,3,attn_qkv,0.5740432739257812
0,3,attn_proj,2.083254337310791
0,3,ln2,0.012827522121369839
0,3,mlp_fc,0.6340072751045227
0,3,mlp_proj,2.5277459621429443
0,4,ln1,0.011319540441036224
0,4,attn_qkv,0.5093865394592285
0,4,attn_proj,1.833225965499878
0,4,ln2,0.01201066467911005
0,4,mlp_fc,0.5870782136917114
0,4,mlp_proj,2.302046775817871
0,5,ln1,0.009975739754736423
0,5,attn_qkv,0.45294877886772156
0,5,attn_proj,1.588693380355835
0,5,ln2,0.010507560335099697
0,5,mlp_fc,0.5249325037002563
0,5,mlp_proj,2.040832996368408
100,0,ln1,0.002853002864867449
100,0,attn_qkv,0.12045326083898544
100,0,attn_proj,0.3956758975982666
100,0,ln2,0.0061575579456985
100,0,mlp_fc,0.2642960250377655
100,0,mlp_proj,0.8946166634559631
100,1,ln1,0.002575629623606801
100,1,attn_qkv,0.10184144973754883
100,1,attn_proj,0.34453994035720825
100,1,ln2,0.0044228327460587025
100,1,mlp_fc,0.18432775139808655
100,1,mlp_proj,0.619239866733551
100,2,ln1,0.0018054646207019687
100,2,attn_qkv,0.08367784321308136
100,2,attn_proj,0.28653910756111145
100,2,ln2,0.003235971787944436
100,2,mlp_fc,0.1542472243309021
100,2,mlp_proj,0.5182690024375916
100,3,ln1,0.0015242506051436067
100,3,attn_qkv,0.07536959648132324
100,3,attn_proj,0.24373787641525269
100,3,ln2,0.0026837976183742285
100,3,mlp_fc,0.13208375871181488
100,3,mlp_proj,0.4430267810821533
100,4,ln1,0.001661962945945561
100,4,attn_qkv,0.07399246841669083
100,4,attn_proj,0.23894034326076508
100,4,ln2,0.00264350906945765
100,4,mlp_fc,0.12313970178365707
100,4,mlp_proj,0.4000416398048401
100,5,ln1,0.0016485414234921336
100,5,attn_qkv,0.07242587953805923
100,5,attn_proj,0.2538186013698578
100,5,ln2,0.0026019292417913675
100,5,mlp_fc,0.11387214064598083
100,5,mlp_proj,0.37847211956977844
200,0,ln1,0.00315439747646451
200,0,attn_qkv,0.15861758589744568
200,0,attn_proj,0.5106120705604553
200,0,ln2,0.007142424583435059
200,0,mlp_fc,0.2809051275253296
200,0,mlp_proj,0.8719460964202881
200,1,ln1,0.0015771974576637149
200,1,attn_qkv,0.08195947855710983
200,1,attn_proj,0.27325835824012756
200,1,ln2,0.0036234159488230944
200,1,mlp_fc,0.1731438934803009
200,1,mlp_proj,0.5678964257240295
200,2,ln1,0.001274953712709248
200,2,attn_qkv,0.061899807304143906
200,2,attn_proj,0.2029176652431488
200,2,ln2,0.0028246594592928886
200,2,mlp_fc,0.13350728154182434
200,2,mlp_proj,0.45377978682518005
200,3,ln1,0.0011128741316497326
200,3,attn_qkv,0.05158187821507454
200,3,attn_proj,0.18463648855686188
200,3,ln2,0.002313606906682253
200,3,mlp_fc,0.1150544136762619
200,3,mlp_proj,0.3910224437713623
200,4,ln1,0.0010618736268952489
200,4,attn_qkv,0.05360615625977516
200,4,attn_proj,0.17467926442623138
200,4,ln2,0.002312526572495699
200,4,mlp_fc,0.10556494444608688
200,4,mlp_proj,0.35796982049942017
200,5,ln1,0.001157333143055439
200,5,attn_qkv,0.058003995567560196
200,5,attn_proj,0.19793517887592316
200,5,ln2,0.002000293927267194
200,5,mlp_fc,0.0986776128411293
200,5,mlp_proj,0.33385464549064636
0,0,ln1,0.017133720219135284
0,0,attn_qkv,0.7612454891204834
0,0,attn_proj,2.598083972930908
0,0,ln2,0.016432490199804306
0,0,mlp_fc,0.898635983467102
0,0,mlp_proj,4.068049907684326
0,1,ln1,0.014309398829936981
0,1,attn_qkv,0.6937984824180603
0,1,attn_proj,2.3788199424743652
0,1,ln2,0.014912856742739677
0,1,mlp_fc,0.746441662311554
0,1,mlp_proj,3.0850441455841064
0,2,ln1,0.012143728323280811
0,2,attn_qkv,0.6382868885993958
0,2,attn_proj,2.0726892948150635
0,2,ln2,0.012612035498023033
0,2,mlp_fc,0.6739774346351624
0,2,mlp_proj,2.841599941253662
0,3,ln1,0.010516858659684658
0,3,attn_qkv,0.5740432739257812
0,3,attn_proj,2.083254337310791
0,3,ln2,0.012827522121369839
0,3,mlp_fc,0.6340072751045227
0,3,mlp_proj,2.5277459621429443
0,4,ln1,0.011319540441036224
0,4,attn_qkv,0.5093865394592285
0,4,attn_proj,1.833225965499878
0,4,ln2,0.01201066467911005
0,4,mlp_fc,0.5870782136917114
0,4,mlp_proj,2.302046775817871
0,5,ln1,0.009975739754736423
0,5,attn_qkv,0.45294877886772156
0,5,attn_proj,1.588693380355835
0,5,ln2,0.010507560335099697
0,5,mlp_fc,0.5249325037002563
0,5,mlp_proj,2.040832996368408
100,0,ln1,0.003556450130417943
100,0,attn_qkv,0.1647666096687317
100,0,attn_proj,0.5140619277954102
100,0,ln2,0.008021491579711437
100,0,mlp_fc,0.3088064193725586
100,0,mlp_proj,1.0116333961486816
100,1,ln1,0.0026794837322086096
100,1,attn_qkv,0.12036227434873581
100,1,attn_proj,0.36398622393608093
100,1,ln2,0.005024319980293512
100,1,mlp_fc,0.21146425604820251
100,1,mlp_proj,0.7073500752449036
100,2,ln1,0.0020200777798891068
100,2,attn_qkv,0.09560290724039078
100,2,attn_proj,0.3226187527179718
100,2,ln2,0.003830897156149149
100,2,mlp_fc,0.17606987059116364
100,2,mlp_proj,0.590319812297821
100,3,ln1,0.0018633883446455002
100,3,attn_qkv,0.08333039283752441
100,3,attn_proj,0.26402121782302856
100,3,ln2,0.0031919858884066343
100,3,mlp_fc,0.14947566390037537
100,3,mlp_proj,0.5019498467445374
100,4,ln1,0.0014775341842323542
100,4,attn_qkv,0.07511446624994278
100,4,attn_proj,0.23682495951652527
100,4,ln2,0.002795933047309518
100,4,mlp_fc,0.13927870988845825
100,4,mlp_proj,0.4616018831729889
100,5,ln1,0.0015162021154537797
100,5,attn_qkv,0.07415472716093063
100,5,attn_proj,0.2551952302455902
100,5,ln2,0.002749644685536623
100,5,mlp_fc,0.12750990688800812
100,5,mlp_proj,0.4304238259792328
200,0,ln1,0.004083390347659588
200,0,attn_qkv,0.21958893537521362
200,0,attn_proj,0.6883794069290161
200,0,ln2,0.007399002090096474
200,0,mlp_fc,0.2639772295951843
200,0,mlp_proj,0.794402539730072
200,1,ln1,0.0016261726850643754
200,1,attn_qkv,0.08253658562898636
200,1,attn_proj,0.2591724693775177
200,1,ln2,0.003413808299228549
200,1,mlp_fc,0.155650332570076
200,1,mlp_proj,0.5068945288658142
200,2,ln1,0.001401325804181397
200,2,attn_qkv,0.06476340442895889
200,2,attn_proj,0.20612068474292755
200,2,ln2,0.002697962336242199
200,2,mlp_fc,0.11873916536569595
200,2,mlp_proj,0.40272873640060425
200,3,ln1,0.0012211790308356285
200,3,attn_qkv,0.05579175800085068
200,3,attn_proj,0.18704821169376373
200,3,ln2,0.002351683098822832
200,3,mlp_fc,0.10311947017908096
200,3,mlp_proj,0.34636878967285156
200,4,ln1,0.000986371305771172
200,4,attn_qkv,0.05418349429965019
200,4,attn_proj,0.17513106763362885
200,4,ln2,0.002208028919994831
200,4,mlp_fc,0.09613737463951111
200,4,mlp_proj,0.3227885365486145
200,5,ln1,0.0012102165492251515
200,5,attn_qkv,0.057667672634124756
200,5,attn_proj,0.192769855260849
200,5,ln2,0.0018740748055279255
200,5,mlp_fc,0.08957622945308685
200,5,mlp_proj,0.29396289587020874
0,0,ln1,0.017133720219135284
0,0,attn_qkv,0.7612454891204834
0,0,attn_proj,2.598083972930908
0,0,ln2,0.016432490199804306
0,0,mlp_fc,0.898635983467102
0,0,mlp_proj,4.068049907684326
0,1,ln1,0.014309398829936981
0,1,attn_qkv,0.6937984824180603
0,1,attn_proj,2.3788199424743652
0,1,ln2,0.014912856742739677
0,1,mlp_fc,0.746441662311554
0,1,mlp_proj,3.0850441455841064
0,2,ln1,0.012143728323280811
0,2,attn_qkv,0.6382868885993958
0,2,attn_proj,2.0726892948150635
0,2,ln2,0.012612035498023033
0,2,mlp_fc,0.6739774346351624
0,2,mlp_proj,2.841599941253662
0,3,ln1,0.010516858659684658
0,3,attn_qkv,0.5740432739257812
0,3,attn_proj,2.083254337310791
0,3,ln2,0.012827522121369839
0,3,mlp_fc,0.6340072751045227
0,3,mlp_proj,2.5277459621429443
0,4,ln1,0.011319540441036224
0,4,attn_qkv,0.5093865394592285
0,4,attn_proj,1.833225965499878
0,4,ln2,0.01201066467911005
0,4,mlp_fc,0.5870782136917114
0,4,mlp_proj,2.302046775817871
0,5,ln1,0.009975739754736423
0,5,attn_qkv,0.45294877886772156
0,5,attn_proj,1.588693380355835
0,5,ln2,0.010507560335099697
0,5,mlp_fc,0.5249325037002563
0,5,mlp_proj,2.040832996368408
100,0,ln1,0.01311938464641571
100,0,attn_qkv,0.5397376418113708
100,0,attn_proj,1.746288537979126
100,0,ln2,0.012620876543223858
100,0,mlp_fc,0.6747459173202515
100,0,mlp_proj,2.858637571334839
100,1,ln1,0.010343644767999649
100,1,attn_qkv,0.47839754819869995
100,1,attn_proj,1.6557031869888306
100,1,ln2,0.011775286868214607
100,1,mlp_fc,0.5598006844520569
100,1,mlp_proj,2.1815006732940674
100,2,ln1,0.008730201981961727
100,2,attn_qkv,0.4410998225212097
100,2,attn_proj,1.4567174911499023
100,2,ln2,0.010000585578382015
100,2,mlp_fc,0.5077723860740662
100,2,mlp_proj,2.0483174324035645
100,3,ln1,0.00913476012647152
100,3,attn_qkv,0.4259268045425415
100,3,attn_proj,1.5424021482467651
100,3,ln2,0.00938970036804676
100,3,mlp_fc,0.4859751760959625
100,3,mlp_proj,1.8489123582839966
100,4,ln1,0.008331294171512127
100,4,attn_qkv,0.40526995062828064
100,4,attn_proj,1.4089993238449097
100,4,ln2,0.009974103420972824
100,4,mlp_fc,0.4788466989994049
100,4,mlp_proj,1.7599471807479858
100,5,ln1,0.009573245421051979
100,5,attn_qkv,0.38691818714141846
100,5,attn_proj,1.4554885625839233
100,5,ln2,0.008557923138141632
100,5,mlp_fc,0.4623238444328308
100,5,mlp_proj,1.6786855459213257
200,0,ln1,0.003830105531960726
200,0,attn_qkv,0.15846656262874603
200,0,attn_proj,0.5032349824905396
200,0,ln2,0.0064334268681705
200,0,mlp_fc,0.3351079523563385
200,0,mlp_proj,1.1653910875320435
200,1,ln1,0.0029756580479443073
200,1,attn_qkv,0.14077164232730865
200,1,attn_proj,0.5023449659347534
200,1,ln2,0.0051257554441690445
200,1,mlp_fc,0.2541017234325409
200,1,mlp_proj,0.8686853051185608
200,2,ln1,0.0030010093469172716
200,2,attn_qkv,0.14077085256576538
200,2,attn_proj,0.5031576752662659
200,2,ln2,0.00442896131426096
200,2,mlp_fc,0.2231716811656952
200,2,mlp_proj,0.8078026175498962
200,3,ln1,0.003281103679910302
200,3,attn_qkv,0.15001532435417175
200,3,attn_proj,0.5447643995285034
200,3,ln2,0.0038490991573780775
200,3,mlp_fc,0.21118146181106567
200,3,mlp_proj,0.7447696328163147
200,4,ln1,0.0034277618397027254
200,4,attn_qkv,0.16728614270687103
200,4,attn_proj,0.5690321326255798
200,4,ln2,0.004722841549664736
200,4,mlp_fc,0.21781212091445923
200,4,mlp_proj,0.7463387250900269
200,5,ln1,0.003961935639381409
200,5,attn_qkv,0.17530527710914612
200,5,attn_proj,0.6425846815109253
200,5,ln2,0.004288818221539259
200,5,mlp_fc,0.21701651811599731
200,5,mlp_proj,0.7451593279838562
0,0,ln1,0.017133720219135284
0,0,attn_qkv,0.7612454891204834
0,0,attn_proj,2.598083972930908
0,0,ln2,0.016432490199804306
0,0,mlp_fc,0.898635983467102
0,0,mlp_proj,4.068049907684326
0,1,ln1,0.014309398829936981
0,1,attn_qkv,0.6937984824180603
0,1,attn_proj,2.3788199424743652
0,1,ln2,0.014912856742739677
0,1,mlp_fc,0.746441662311554
0,1,mlp_proj,3.0850441455841064
0,2,ln1,0.012143728323280811
0,2,attn_qkv,0.6382868885993958
0,2,attn_proj,2.0726892948150635
0,2,ln2,0.012612035498023033
0,2,mlp_fc,0.6739774346351624
0,2,mlp_proj,2.841599941253662
0,3,ln1,0.010516858659684658
0,3,attn_qkv,0.5740432739257812
0,3,attn_proj,2.083254337310791
0,3,ln2,0.012827522121369839
0,3,mlp_fc,0.6340072751045227
0,3,mlp_proj,2.5277459621429443
0,4,ln1,0.011319540441036224
0,4,attn_qkv,0.5093865394592285
0,4,attn_proj,1.833225965499878
0,4,ln2,0.01201066467911005
0,4,mlp_fc,0.5870782136917114
0,4,mlp_proj,2.302046775817871
0,5,ln1,0.009975739754736423
0,5,attn_qkv,0.45294877886772156
0,5,attn_proj,1.588693380355835
0,5,ln2,0.010507560335099697
0,5,mlp_fc,0.5249325037002563
0,5,mlp_proj,2.040832996368408
100,0,ln1,0.002853624988347292
100,0,attn_qkv,0.12049733102321625
100,0,attn_proj,0.39581039547920227
100,0,ln2,0.006154427770525217
100,0,mlp_fc,0.26430433988571167
100,0,mlp_proj,0.8947322368621826
100,1,ln1,0.0025776661932468414
100,1,attn_qkv,0.10190122574567795
100,1,attn_proj,0.34462857246398926
100,1,ln2,0.004424620885401964
100,1,mlp_fc,0.18432362377643585
100,1,mlp_proj,0.6192600727081299
100,2,ln1,0.0018064205069094896
100,2,attn_qkv,0.08369220048189163
100,2,attn_proj,0.28651928901672363
100,2,ln2,0.0032354381401091814
100,2,mlp_fc,0.15424279868602753
100,2,mlp_proj,0.5182470679283142
100,3,ln1,0.0015230500139296055
100,3,attn_qkv,0.07536957412958145
100,3,attn_proj,0.2437444031238556
100,3,ln2,0.0026843068189918995
100,3,mlp_fc,0.1321122944355011
100,3,mlp_proj,0.44309237599372864
100,4,ln1,0.0016615105560049415
100,4,attn_qkv,0.0740000382065773
100,4,attn_proj,0.23899824917316437
100,4,ln2,0.0026441989466547966
100,4,mlp_fc,0.12317046523094177
100,4,mlp_proj,0.4001269042491913
100,5,ln1,0.001650859834626317
100,5,attn_qkv,0.0724506825208664
100,5,attn_proj,0.25389808416366577
100,5,ln2,0.0026007513515651226
100,5,mlp_fc,0.11387660354375839
100,5,mlp_proj,0.3784811198711395
200,0,ln1,0.0031491704285144806
200,0,attn_qkv,0.1583831012248993
200,0,attn_proj,0.5098839402198792
200,0,ln2,0.007136112544685602
200,0,mlp_fc,0.28079500794410706
200,0,mlp_proj,0.871400773525238
200,1,ln1,0.0015751953469589353
200,1,attn_qkv,0.08186157047748566
200,1,attn_proj,0.2729575037956238
200,1,ln2,0.003618823830038309
200,1,mlp_fc,0.17306706309318542
200,1,mlp_proj,0.5675945281982422
200,2,ln1,0.0012724926928058267
200,2,attn_qkv,0.061811260879039764
200,2,attn_proj,0.2026703804731369
200,2,ln2,0.002823273418471217
200,2,mlp_fc,0.13345283269882202
200,2,mlp_proj,0.4535672664642334
200,3,ln1,0.0011109188199043274
200,3,attn_qkv,0.05147906392812729
200,3,attn_proj,0.18435466289520264
200,3,ln2,0.0023120646364986897
200,3,mlp_fc,0.11499668657779694
200,3,mlp_proj,0.390757292509079
200,4,ln1,0.001060505397617817
200,4,attn_qkv,0.053513236343860626
200,4,attn_proj,0.1743452399969101
200,4,ln2,0.0023094266653060913
200,4,mlp_fc,0.1054949089884758
200,4,mlp_proj,0.35764700174331665
200,5,ln1,0.0011557381367310882
200,5,attn_qkv,0.05791398137807846
200,5,attn_proj,0.19758257269859314
200,5,ln2,0.001998982159420848
200,5,mlp_fc,0.0985928475856781
200,5,mlp_proj,0.3335381746292114
0,0,ln1,0.017133720219135284
0,0,attn_qkv,0.7612454891204834
0,0,attn_proj,2.598083972930908
0,0,ln2,0.016432490199804306
0,0,mlp_fc,0.898635983467102
0,0,mlp_proj,4.068049907684326
0,1,ln1,0.014309398829936981
0,1,attn_qkv,0.6937984824180603
0,1,attn_proj,2.3788199424743652
0,1,ln2,0.014912856742739677
0,1,mlp_fc,0.746441662311554
0,1,mlp_proj,3.0850441455841064
0,2,ln1,0.012143728323280811
0,2,attn_qkv,0.6382868885993958
0,2,attn_proj,2.0726892948150635
0,2,ln2,0.012612035498023033
0,2,mlp_fc,0.6739774346351624
0,2,mlp_proj,2.841599941253662
0,3,ln1,0.010516858659684658
0,3,attn_qkv,0.5740432739257812
0,3,attn_proj,2.083254337310791
0,3,ln2,0.012827522121369839
0,3,mlp_fc,0.6340072751045227
0,3,mlp_proj,2.5277459621429443
0,4,ln1,0.011319540441036224
0,4,attn_qkv,0.5093865394592285
0,4,attn_proj,1.833225965499878
0,4,ln2,0.01201066467911005
0,4,mlp_fc,0.5870782136917114
0,4,mlp_proj,2.302046775817871
0,5,ln1,0.009975739754736423
0,5,attn_qkv,0.45294877886772156
0,5,attn_proj,1.588693380355835
0,5,ln2,0.010507560335099697
0,5,mlp_fc,0.5249325037002563
0,5,mlp_proj,2.040832996368408
100,0,ln1,0.0035527765285223722
100,0,attn_qkv,0.1646224558353424
100,0,attn_proj,0.513705313205719
100,0,ln2,0.008020012639462948
100,0,mlp_fc,0.3087211847305298
100,0,mlp_proj,1.0112571716308594
100,1,ln1,0.002677228534594178
100,1,attn_qkv,0.12028087675571442
100,1,attn_proj,0.3637996315956116
100,1,ln2,0.005021797027438879
100,1,mlp_fc,0.2114100605249405
100,1,mlp_proj,0.7070802450180054
100,2,ln1,0.0020182926673442125
100,2,attn_qkv,0.09554558992385864
100,2,attn_proj,0.3224875032901764
100,2,ln2,0.0038299846928566694
100,2,mlp_fc,0.17602093517780304
100,2,mlp_proj,0.5901095271110535
100,3,ln1,0.0018616243032738566
100,3,attn_qkv,0.08328269422054291
100,3,attn_proj,0.26391860842704773
100,3,ln2,0.0031912322156131268
100,3,mlp_fc,0.14944155514240265
100,3,mlp_proj,0.5018123388290405
100,4,ln1,0.0014764937805011868
100,4,attn_qkv,0.07506940513849258
100,4,attn_proj,0.23671753704547882
100,4,ln2,0.0027958485297858715
100,4,mlp_fc,0.13922904431819916
100,4,mlp_proj,0.46147868037223816
100,5,ln1,0.0015153755666688085
100,5,attn_qkv,0.07411651313304901
100,5,attn_proj,0.25515541434288025
100,5,ln2,0.002749199513345957
100,5,mlp_fc,0.12748472392559052
100,5,mlp_proj,0.43031975626945496
200,0,ln1,0.004099027253687382
200,0,attn_qkv,0.22047539055347443
200,0,attn_proj,0.690923273563385
200,0,ln2,0.007406506687402725
200,0,mlp_fc,0.26422780752182007
200,0,mlp_proj,0.7954149842262268
200,1,ln1,0.0016319272108376026
200,1,attn_qkv,0.08276595920324326
200,1,attn_proj,0.25986042618751526
200,1,ln2,0.003419374581426382
200,1,mlp_fc,0.15582171082496643
200,1,mlp_proj,0.5075973868370056
200,2,ln1,0.001405699527822435
200,2,attn_qkv,0.06496847420930862
200,2,attn_proj,0.2067723423242569
200,2,ln2,0.002702864585444331
200,2,mlp_fc,0.11889850348234177
200,2,mlp_proj,0.40333321690559387
200,3,ln1,0.0012256755726411939
200,3,attn_qkv,0.05599695071578026
200,3,attn_proj,0.18764600157737732
200,3,ln2,0.0023573157377541065
200,3,mlp_fc,0.1032966673374176
200,3,mlp_proj,0.3469593822956085
200,4,ln1,0.0009898614371195436
200,4,attn_qkv,0.05433730036020279
200,4,attn_proj,0.1756715476512909
200,4,ln2,0.0022139044012874365
200,4,mlp_fc,0.09631451964378357
200,4,mlp_proj,0.323415070772171
200,5,ln1,0.0012137963203713298
200,5,attn_qkv,0.057810697704553604
200,5,attn_proj,0.19321979582309723
200,5,ln2,0.0018778927624225616
200,5,mlp_fc,0.0897504910826683
200,5,mlp_proj,0.2945367693901062
0,0,ln1,0.017133720219135284
0,0,attn_qkv,0.7612454891204834
0,0,attn_proj,2.598083972930908
0,0,ln2,0.016432490199804306
0,0,mlp_fc,0.898635983467102
0,0,mlp_proj,4.068049907684326
0,1,ln1,0.014309398829936981
0,1,attn_qkv,0.6937984824180603
0,1,attn_proj,2.3788199424743652
0,1,ln2,0.014912856742739677
0,1,mlp_fc,0.746441662311554
0,1,mlp_proj,3.0850441455841064
0,2,ln1,0.012143728323280811
0,2,attn_qkv,0.6382868885993958
0,2,attn_proj,2.0726892948150635
0,2,ln2,0.012612035498023033
0,2,mlp_fc,0.6739774346351624
0,2,mlp_proj,2.841599941253662
0,3,ln1,0.010516858659684658
0,3,attn_qkv,0.5740432739257812
0,3,attn_proj,2.083254337310791
0,3,ln2,0.012827522121369839
0,3,mlp_fc,0.6340072751045227
0,3,mlp_proj,2.5277459621429443
0,4,ln1,0.011319540441036224
0,4,attn_qkv,0.5093865394592285
0,4,attn_proj,1.833225965499878
0,4,ln2,0.01201066467911005
0,4,mlp_fc,0.5870782136917114
0,4,mlp_proj,2.302046775817871
0,5,ln1,0.009975739754736423
0,5,attn_qkv,0.45294877886772156
0,5,attn_proj,1.588693380355835
0,5,ln2,0.010507560335099697
0,5,mlp_fc,0.5249325037002563
0,5,mlp_proj,2.040832996368408
100,0,ln1,0.01312292367219925
100,0,attn_qkv,0.5397976636886597
100,0,attn_proj,1.7462648153305054
100,0,ln2,0.0126224085688591
100,0,mlp_fc,0.6747389435768127
100,0,mlp_proj,2.858684778213501
100,1,ln1,0.01034585665911436
100,1,attn_qkv,0.4784819781780243
100,1,attn_proj,1.6558698415756226
100,1,ln2,0.01177798118442297
100,1,mlp_fc,0.559814989566803
100,1,mlp_proj,2.181577444076538
100,2,ln1,0.008729887194931507
100,2,attn_qkv,0.44114890694618225
100,2,attn_proj,1.4568818807601929
100,2,ln2,0.010001910850405693
100,2,mlp_fc,0.5077923536300659
100,2,mlp_proj,2.0483717918395996
100,3,ln1,0.00913393497467041
100,3,attn_qkv,0.42594200372695923
100,3,attn_proj,1.5424718856811523
100,3,ln2,0.009390312246978283
100,3,mlp_fc,0.4859909415245056
100,3,mlp_proj,1.848895788192749
100,4,ln1,0.008331862278282642
100,4,attn_qkv,0.405292809009552
100,4,attn_proj,1.4089916944503784
100,4,ln2,0.0099744638428092
100,4,mlp_fc,0.47885367274284363
100,4,mlp_proj,1.7599321603775024
100,5,ln1,0.009572981856763363
100,5,attn_qkv,0.38693758845329285
100,5,attn_proj,1.4554754495620728
100,5,ln2,0.008556170389056206
100,5,mlp_fc,0.462293803691864
100,5,mlp_proj,1.6786454916000366
200,0,ln1,0.0038298857398331165
200,0,attn_qkv,0.15851038694381714
200,0,attn_proj,0.5032317638397217
200,0,ln2,0.006436475552618504
200,0,mlp_fc,0.33510029315948486
200,0,mlp_proj,1.165381669998169
200,1,ln1,0.002974981674924493
200,1,attn_qkv,0.14072774350643158
200,1,attn_proj,0.5023012161254883
200,1,ln2,0.00512540852651
200,1,mlp_fc,0.2540850341320038
200,1,mlp_proj,0.8686031103134155
200,2,ln1,0.0029998994432389736
200,2,attn_qkv,0.1407560408115387
200,2,attn_proj,0.5031117796897888
200,2,ln2,0.0044286795891821384
200,2,mlp_fc,0.2231636941432953
200,2,mlp_proj,0.807783305644989
200,3,ln1,0.003282012650743127
200,3,attn_qkv,0.15003283321857452
200,3,attn_proj,0.5447596311569214
200,3,ln2,0.0038498162757605314
200,3,mlp_fc,0.21117393672466278
200,3,mlp_proj,0.7447437644004822
200,4,ln1,0.0034280798863619566
200,4,attn_qkv,0.16727584600448608
200,4,attn_proj,0.5690432786941528
200,4,ln2,0.004723315592855215
200,4,mlp_fc,0.21784789860248566
200,4,mlp_proj,0.7463300824165344
200,5,ln1,0.0039621456526219845
200,5,attn_qkv,0.17532849311828613
200,5,attn_proj,0.642568051815033
200,5,ln2,0.004290123004466295
200,5,mlp_fc,0.2170107066631317
200,5,mlp_proj,0.7451246976852417
0,0,ln1,0.017133720219135284
0,0,attn_qkv,0.7612454891204834
0,0,attn_proj,2.598083972930908
0,0,ln2,0.016432490199804306
0,0,mlp_fc,0.898635983467102
0,0,mlp_proj,4.068049907684326
0,1,ln1,0.014309398829936981
0,1,attn_qkv,0.6937984824180603
0,1,attn_proj,2.3788199424743652
0,1,ln2,0.014912856742739677
0,1,mlp_fc,0.746441662311554
0,1,mlp_proj,3.0850441455841064
0,2,ln1,0.012143728323280811
0,2,attn_qkv,0.6382868885993958
0,2,attn_proj,2.0726892948150635
0,2,ln2,0.012612035498023033
0,2,mlp_fc,0.6739774346351624
0,2,mlp_proj,2.841599941253662
0,3,ln1,0.010516858659684658
0,3,attn_qkv,0.5740432739257812
0,3,attn_proj,2.083254337310791
0,3,ln2,0.012827522121369839
0,3,mlp_fc,0.6340072751045227
0,3,mlp_proj,2.5277459621429443
0,4,ln1,0.011319540441036224
0,4,attn_qkv,0.5093865394592285
0,4,attn_proj,1.833225965499878
0,4,ln2,0.01201066467911005
0,4,mlp_fc,0.5870782136917114
0,4,mlp_proj,2.302046775817871
0,5,ln1,0.009975739754736423
0,5,attn_qkv,0.45294877886772156
0,5,attn_proj,1.588693380355835
0,5,ln2,0.010507560335099697
0,5,mlp_fc,0.5249325037002563
0,5,mlp_proj,2.040832996368408
100,0,ln1,0.002852089237421751
100,0,attn_qkv,0.12040573358535767
100,0,attn_proj,0.3955764174461365
100,0,ln2,0.006156000774353743
100,0,mlp_fc,0.26427048444747925
100,0,mlp_proj,0.8945282101631165
100,1,ln1,0.0025755546521395445
100,1,attn_qkv,0.10182251781225204
100,1,attn_proj,0.34443092346191406
100,1,ln2,0.0044231778010725975
100,1,mlp_fc,0.18431589007377625
100,1,mlp_proj,0.6191673278808594
100,2,ln1,0.001805629231967032
100,2,attn_qkv,0.0836581140756607
100,2,attn_proj,0.28647956252098083
100,2,ln2,0.0032360812183469534
100,2,mlp_fc,0.15422232449054718
100,2,mlp_proj,0.5181512832641602
100,3,ln1,0.0015236347680911422
100,3,attn_qkv,0.07535102218389511
100,3,attn_proj,0.24367490410804749
100,3,ln2,0.0026852665469050407
100,3,mlp_fc,0.13209794461727142
100,3,mlp_proj,0.4430294334888458
100,4,ln1,0.0016614968189969659
100,4,attn_qkv,0.07396367937326431
100,4,attn_proj,0.23895226418972015
100,4,ln2,0.0026444178074598312
100,4,mlp_fc,0.12313796579837799
100,4,mlp_proj,0.40002715587615967
100,5,ln1,0.001649043639190495
100,5,attn_qkv,0.07241975516080856
100,5,attn_proj,0.25378483533859253
100,5,ln2,0.0026004668325185776
100,5,mlp_fc,0.11386006325483322
100,5,mlp_proj,0.37839919328689575
200,0,ln1,0.003153229597955942
200,0,attn_qkv,0.15861181914806366
200,0,attn_proj,0.5106794238090515
200,0,ln2,0.007136410102248192
200,0,mlp_fc,0.2808295786380768
200,0,mlp_proj,0.8717575073242188
200,1,ln1,0.0015761847607791424
200,1,attn_qkv,0.08196797221899033
200,1,attn_proj,0.27324751019477844
200,1,ln2,0.0036219540052115917
200,1,mlp_fc,0.17309530079364777
200,1,mlp_proj,0.5677460432052612
200,2,ln1,0.0012739694211632013
200,2,attn_qkv,0.061878833919763565
200,2,attn_proj,0.20288823544979095
200,2,ln2,0.002823267364874482
200,2,mlp_fc,0.13347569108009338
200,2,mlp_proj,0.4536871910095215
200,3,ln1,0.0011127820471301675
200,3,attn_qkv,0.05153878033161163
200,3,attn_proj,0.18456804752349854
200,3,ln2,0.0023126881569623947
200,3,mlp_fc,0.1150251030921936
200,3,mlp_proj,0.3909098505973816
200,4,ln1,0.0010614428902044892
200,4,attn_qkv,0.05358574166893959
200,4,attn_proj,0.17456920444965363
200,4,ln2,0.002308933762833476
200,4,mlp_fc,0.10552414506673813
200,4,mlp_proj,0.3577919900417328
200,5,ln1,0.0011559838894754648
200,5,attn_qkv,0.057949814945459366
200,5,attn_proj,0.1977674514055252
200,5,ln2,0.002001113025471568
200,5,mlp_fc,0.09864192456007004
200,5,mlp_proj,0.33371129631996155
0,0,ln1,0.017133720219135284
0,0,attn_qkv,0.7612454891204834
0,0,attn_proj,2.598083972930908
0,0,ln2,0.016432490199804306
0,0,mlp_fc,0.898635983467102
0,0,mlp_proj,4.068049907684326
0,1,ln1,0.014309398829936981
0,1,attn_qkv,0.6937984824180603
0,1,attn_proj,2.3788199424743652
0,1,ln2,0.014912856742739677
0,1,mlp_fc,0.746441662311554
0,1,mlp_proj,3.0850441455841064
0,2,ln1,0.012143728323280811
0,2,attn_qkv,0.6382868885993958
0,2,attn_proj,2.0726892948150635
0,2,ln2,0.012612035498023033
0,2,mlp_fc,0.6739774346351624
0,2,mlp_proj,2.841599941253662
0,3,ln1,0.010516858659684658
0,3,attn_qkv,0.5740432739257812
0,3,attn_proj,2.083254337310791
0,3,ln2,0.012827522121369839
0,3,mlp_fc,0.6340072751045227
0,3,mlp_proj,2.5277459621429443
0,4,ln1,0.011319540441036224
0,4,attn_qkv,0.5093865394592285
0,4,attn_proj,1.833225965499878
0,4,ln2,0.01201066467911005
0,4,mlp_fc,0.5870782136917114
0,4,mlp_proj,2.302046775817871
0,5,ln1,0.009975739754736423
0,5,attn_qkv,0.45294877886772156
0,5,attn_proj,1.588693380355835
0,5,ln2,0.010507560335099697
0,5,mlp_fc,0.5249325037002563
0,5,mlp_proj,2.040832996368408
100,0,ln1,0.0035513052716851234
100,0,attn_qkv,0.16454389691352844
100,0,attn_proj,0.5135457515716553
100,0,ln2,0.008018624037504196
100,0,mlp_fc,0.30867305397987366
100,0,mlp_proj,1.0110559463500977
100,1,ln1,0.002675747498869896
100,1,attn_qkv,0.12023861706256866
100,1,attn_proj,0.36361923813819885
100,1,ln2,0.005020849406719208
100,1,mlp_fc,0.21138855814933777
100,1,mlp_proj,0.7070004343986511
100,2,ln1,0.0020177781116217375
100,2,attn_qkv,0.09550655633211136
100,2,attn_proj,0.32238122820854187
100,2,ln2,0.003827755805104971
100,2,mlp_fc,0.1759907305240631
100,2,mlp_proj,0.5900291800498962
100,3,ln1,0.0018604574725031853
100,3,attn_qkv,0.08324383199214935
100,3,attn_proj,0.26386120915412903
100,3,ln2,0.003191503928974271
100,3,mlp_fc,0.14942888915538788
100,3,mlp_proj,0.5017681121826172
100,4,ln1,0.0014770658453926444
100,4,attn_qkv,0.07507345080375671
100,4,attn_proj,0.23663824796676636
100,4,ln2,0.002794521162286401
100,4,mlp_fc,0.1392177939414978
100,4,mlp_proj,0.46141377091407776
100,5,ln1,0.001515549491159618
100,5,attn_qkv,0.07411251217126846
100,5,attn_proj,0.25507575273513794
100,5,ln2,0.002748416969552636
100,5,mlp_fc,0.1274566352367401
100,5,mlp_proj,0.4302147328853607
200,0,ln1,0.00408908911049366
200,0,attn_qkv,0.21988679468631744
200,0,attn_proj,0.6891787648200989
200,0,ln2,0.00739925866946578
200,0,mlp_fc,0.2640228271484375
200,0,mlp_proj,0.794736385345459
200,1,ln1,0.0016277250833809376
200,1,attn_qkv,0.08262563496828079
200,1,attn_proj,0.2595196068286896
200,1,ln2,0.0034133042208850384
200,1,mlp_fc,0.15568405389785767
200,1,mlp_proj,0.5070842504501343
200,2,ln1,0.0014029304729774594
200,2,attn_qkv,0.06484375149011612
200,2,attn_proj,0.20632201433181763
200,2,ln2,0.0027003621216863394
200,2,mlp_fc,0.11875463277101517
200,2,mlp_proj,0.40282103419303894
200,3,ln1,0.0012236147886142135
200,3,attn_qkv,0.05585269629955292
200,3,attn_proj,0.1871950775384903
200,3,ln2,0.0023527105804532766
200,3,mlp_fc,0.10312791168689728
200,3,mlp_proj,0.3464510440826416
200,4,ln1,0.0009879053104668856
200,4,attn_qkv,0.0541936494410038
200,4,attn_proj,0.17521493136882782
200,4,ln2,0.0022090179845690727
200,4,mlp_fc,0.09615092724561691
200,4,mlp_proj,0.3228473961353302
200,5,ln1,0.00121076381765306
200,5,attn_qkv,0.057666271924972534
200,5,attn_proj,0.19278903305530548
200,5,ln2,0.0018741826061159372
200,5,mlp_fc,0.0895693227648735
200,5,mlp_proj,0.2939913272857666
0,0,ln1,0.017133720219135284
0,0,attn_qkv,0.7612454891204834
0,0,attn_proj,2.598083972930908
0,0,ln2,0.016432490199804306
0,0,mlp_fc,0.898635983467102
0,0,mlp_proj,4.068049907684326
0,1,ln1,0.014309398829936981
0,1,attn_qkv,0.6937984824180603
0,1,attn_proj,2.3788199424743652
0,1,ln2,0.014912856742739677
0,1,mlp_fc,0.746441662311554
0,1,mlp_proj,3.0850441455841064
0,2,ln1,0.012143728323280811
0,2,attn_qkv,0.6382868885993958
0,2,attn_proj,2.0726892948150635
0,2,ln2,0.012612035498023033
0,2,mlp_fc,0.6739774346351624
0,2,mlp_proj,2.841599941253662
0,3,ln1,0.010516858659684658
0,3,attn_qkv,0.5740432739257812
0,3,attn_proj,2.083254337310791
0,3,ln2,0.012827522121369839
0,3,mlp_fc,0.6340072751045227
0,3,mlp_proj,2.5277459621429443
0,4,ln1,0.011319540441036224
0,4,attn_qkv,0.5093865394592285
0,4,attn_proj,1.833225965499878
0,4,ln2,0.01201066467911005
0,4,mlp_fc,0.5870782136917114
0,4,mlp_proj,2.302046775817871
0,5,ln1,0.009975739754736423
0,5,attn_qkv,0.45294877886772156
0,5,attn_proj,1.588693380355835
0,5,ln2,0.010507560335099697
0,5,mlp_fc,0.5249325037002563
0,5,mlp_proj,2.040832996368408
100,0,ln1,0.003497315803542733
100,0,attn_qkv,0.15670514106750488
100,0,attn_proj,0.5262191295623779
100,0,ln2,0.007009018678218126
100,0,mlp_fc,0.3176755905151367
100,0,mlp_proj,1.0947870016098022
100,1,ln1,0.0026516367215663195
100,1,attn_qkv,0.11644799262285233
100,1,attn_proj,0.390214204788208
100,1,ln2,0.0045000058598816395
100,1,mlp_fc,0.2136911004781723
100,1,mlp_proj,0.7489442229270935
100,2,ln1,0.0018331450410187244
100,2,attn_qkv,0.09507793188095093
100,2,attn_proj,0.3098244071006775
100,2,ln2,0.003650727914646268
100,2,mlp_fc,0.17515012621879578
100,2,mlp_proj,0.6187177300453186
100,3,ln1,0.0017455985071137547
100,3,attn_qkv,0.0870928019285202
100,3,attn_proj,0.27095967531204224
100,3,ln2,0.0031580347567796707
100,3,mlp_fc,0.15472716093063354
100,3,mlp_proj,0.5413573384284973
100,4,ln1,0.001747894217260182
100,4,attn_qkv,0.0845968946814537
100,4,attn_proj,0.2698594629764557
100,4,ln2,0.0031127650290727615
100,4,mlp_fc,0.14614106714725494
100,4,mlp_proj,0.4974574148654938
100,5,ln1,0.0016129938885569572
100,5,attn_qkv,0.08126869797706604
100,5,attn_proj,0.2783345878124237
100,5,ln2,0.003030771156772971
100,5,mlp_fc,0.1404464840888977
100,5,mlp_proj,0.48062652349472046
200,0,ln1,0.002070898190140724
200,0,attn_qkv,0.09649822860956192
200,0,attn_proj,0.27106180787086487
200,0,ln2,0.004826370161026716
200,0,mlp_fc,0.19424493610858917
200,0,mlp_proj,0.6242028474807739
200,1,ln1,0.001027510268613696
200,1,attn_qkv,0.0442684069275856
200,1,attn_proj,0.13217779994010925
200,1,ln2,0.0028358197305351496
200,1,mlp_fc,0.1270892173051834
200,1,mlp_proj,0.43145304918289185
200,2,ln1,0.0008055351208895445
200,2,attn_qkv,0.03569384291768074
200,2,attn_proj,0.10834264755249023
200,2,ln2,0.0022578341886401176
200,2,mlp_fc,0.10125941783189774
200,2,mlp_proj,0.3514857292175293
200,3,ln1,0.0007922902586869895
200,3,attn_qkv,0.034809764474630356
200,3,attn_proj,0.11173184961080551
200,3,ln2,0.001988972071558237
200,3,mlp_fc,0.08888779580593109
200,3,mlp_proj,0.30384331941604614
200,4,ln1,0.0008677296573296189
200,4,attn_qkv,0.03898610919713974
200,4,attn_proj,0.119538813829422
200,4,ln2,0.0017596590332686901
200,4,mlp_fc,0.08373387157917023
200,4,mlp_proj,0.2863345742225647
200,5,ln1,0.0009729752200655639
200,5,attn_qkv,0.04432491585612297
200,5,attn_proj,0.14665763080120087
200,5,ln2,0.0020134039223194122
200,5,mlp_fc,0.08073689043521881
200,5,mlp_proj,0.2745603322982788
0,0,ln1,0.017133720219135284
0,0,attn_qkv,0.7612454891204834
0,0,attn_proj,2.598083972930908
0,0,ln2,0.016432490199804306
0,0,mlp_fc,0.898635983467102
0,0,mlp_proj,4.068049907684326
0,1,ln1,0.014309398829936981
0,1,attn_qkv,0.6937984824180603
0,1,attn_proj,2.3788199424743652
0,1,ln2,0.014912856742739677
0,1,mlp_fc,0.746441662311554
0,1,mlp_proj,3.0850441455841064
0,2,ln1,0.012143728323280811
0,2,attn_qkv,0.6382868885993958
0,2,attn_proj,2.0726892948150635
0,2,ln2,0.012612035498023033
0,2,mlp_fc,0.6739774346351624
0,2,mlp_proj,2.841599941253662
0,3,ln1,0.010516858659684658
0,3,attn_qkv,0.5740432739257812
0,3,attn_proj,2.083254337310791
0,3,ln2,0.012827522121369839
0,3,mlp_fc,0.6340072751045227
0,3,mlp_proj,2.5277459621429443
0,4,ln1,0.011319540441036224
0,4,attn_qkv,0.5093865394592285
0,4,attn_proj,1.833225965499878
0,4,ln2,0.01201066467911005
0,4,mlp_fc,0.5870782136917114
0,4,mlp_proj,2.302046775817871
0,5,ln1,0.009975739754736423
0,5,attn_qkv,0.45294877886772156
0,5,attn_proj,1.588693380355835
0,5,ln2,0.010507560335099697
0,5,mlp_fc,0.5249325037002563
0,5,mlp_proj,2.040832996368408
100,0,ln1,0.003576725721359253
100,0,attn_qkv,0.14815224707126617
100,0,attn_proj,0.49689996242523193
100,0,ln2,0.00784476101398468
100,0,mlp_fc,0.32521185278892517
100,0,mlp_proj,1.1053552627563477
100,1,ln1,0.003082702634856105
100,1,attn_qkv,0.13511967658996582
100,1,attn_proj,0.466484934091568
100,1,ln2,0.004954346921294928
100,1,mlp_fc,0.22381123900413513
100,1,mlp_proj,0.7656357884407043
100,2,ln1,0.002295621670782566
100,2,attn_qkv,0.1143450066447258
100,2,attn_proj,0.3812468945980072
100,2,ln2,0.0041405679658055305
100,2,mlp_fc,0.18557432293891907
100,2,mlp_proj,0.6464141011238098
100,3,ln1,0.002027573063969612
100,3,attn_qkv,0.10030405223369598
100,3,attn_proj,0.32029807567596436
100,3,ln2,0.0034517438616603613
100,3,mlp_fc,0.16073273122310638
100,3,mlp_proj,0.5536841750144958
100,4,ln1,0.0019638477824628353
100,4,attn_qkv,0.09081216156482697
100,4,attn_proj,0.29506129026412964
100,4,ln2,0.0033441120758652687
100,4,mlp_fc,0.15026822686195374
100,4,mlp_proj,0.5080255270004272
100,5,ln1,0.0018010514322668314
100,5,attn_qkv,0.085383340716362
100,5,attn_proj,0.2872491478919983
100,5,ln2,0.003045522142201662
100,5,mlp_fc,0.14546172320842743
100,5,mlp_proj,0.4875510632991791
200,0,ln1,0.002335989847779274
200,0,attn_qkv,0.10070213675498962
200,0,attn_proj,0.27478155493736267
200,0,ln2,0.005011655855923891
200,0,mlp_fc,0.17548051476478577
200,0,mlp_proj,0.5412792563438416
200,1,ln1,0.0010881274938583374
200,1,attn_qkv,0.04426433518528938
200,1,attn_proj,0.12804879248142242
200,1,ln2,0.0027770856395363808
200,1,mlp_fc,0.10706531256437302
200,1,mlp_proj,0.3591189980506897
200,2,ln1,0.0008445815183222294
200,2,attn_qkv,0.03298274427652359
200,2,attn_proj,0.0919690951704979
200,2,ln2,0.002141716191545129
200,2,mlp_fc,0.08227533102035522
200,2,mlp_proj,0.28735679388046265
200,3,ln1,0.0007851271075196564
200,3,attn_qkv,0.03176097571849823
200,3,attn_proj,0.09494815021753311
200,3,ln2,0.00194256950635463
200,3,mlp_fc,0.06996647268533707
200,3,mlp_proj,0.24280305206775665
200,4,ln1,0.0008588638156652451
200,4,attn_qkv,0.03426097333431244
200,4,attn_proj,0.09868218004703522
200,4,ln2,0.0018610849510878325
200,4,mlp_fc,0.06797690689563751
200,4,mlp_proj,0.23033572733402252
200,5,ln1,0.0010950792348012328
200,5,attn_qkv,0.041576456278562546
200,5,attn_proj,0.12352747470140457
200,5,ln2,0.0019389605149626732
200,5,mlp_fc,0.0646728053689003
200,5,mlp_proj,0.21703274548053741
0,0,ln1,0.017133720219135284
0,0,attn_qkv,0.7612454891204834
0,0,attn_proj,2.598083972930908
0,0,ln2,0.016432490199804306
0,0,mlp_fc,0.898635983467102
0,0,mlp_proj,4.068049907684326
0,1,ln1,0.014309398829936981
0,1,attn_qkv,0.6937984824180603
0,1,attn_proj,2.3788199424743652
0,1,ln2,0.014912856742739677
0,1,mlp_fc,0.746441662311554
0,1,mlp_proj,3.0850441455841064
0,2,ln1,0.012143728323280811
0,2,attn_qkv,0.6382868885993958
0,2,attn_proj,2.0726892948150635
0,2,ln2,0.012612035498023033
0,2,mlp_fc,0.6739774346351624
0,2,mlp_proj,2.841599941253662
0,3,ln1,0.010516858659684658
0,3,attn_qkv,0.5740432739257812
0,3,attn_proj,2.083254337310791
0,3,ln2,0.012827522121369839
0,3,mlp_fc,0.6340072751045227
0,3,mlp_proj,2.5277459621429443
0,4,ln1,0.011319540441036224
0,4,attn_qkv,0.5093865394592285
0,4,attn_proj,1.833225965499878
0,4,ln2,0.01201066467911005
0,4,mlp_fc,0.5870782136917114
0,4,mlp_proj,2.302046775817871
0,5,ln1,0.009975739754736423
0,5,attn_qkv,0.45294877886772156
0,5,attn_proj,1.588693380355835
0,5,ln2,0.010507560335099697
0,5,mlp_fc,0.5249325037002563
0,5,mlp_proj,2.040832996368408
100,0,ln1,0.003487944370135665
100,0,attn_qkv,0.1563677042722702
100,0,attn_proj,0.525029718875885
100,0,ln2,0.007010580971837044
100,0,mlp_fc,0.31761547923088074
100,0,mlp_proj,1.0943995714187622
100,1,ln1,0.0026476799976080656
100,1,attn_qkv,0.1163138598203659
100,1,attn_proj,0.3894309997558594
100,1,ln2,0.004498073365539312
100,1,mlp_fc,0.213590607047081
100,1,mlp_proj,0.7484789490699768
100,2,ln1,0.0018279951764270663
100,2,attn_qkv,0.09486839920282364
100,2,attn_proj,0.30920979380607605
100,2,ln2,0.003648668760433793
100,2,mlp_fc,0.17506824433803558
100,2,mlp_proj,0.6183939576148987
100,3,ln1,0.0017434802139177918
100,3,attn_qkv,0.08685407042503357
100,3,attn_proj,0.27053481340408325
100,3,ln2,0.0031600515358150005
100,3,mlp_fc,0.1546792834997177
100,3,mlp_proj,0.5411036610603333
100,4,ln1,0.0017462106188759208
100,4,attn_qkv,0.08449387550354004
100,4,attn_proj,0.2696411609649658
100,4,ln2,0.003106510266661644
100,4,mlp_fc,0.14618045091629028
100,4,mlp_proj,0.4974450469017029
100,5,ln1,0.0016132821328938007
100,5,attn_qkv,0.08121611922979355
100,5,attn_proj,0.2782116234302521
100,5,ln2,0.003028079867362976
100,5,mlp_fc,0.14042650163173676
100,5,mlp_proj,0.4806121587753296
200,0,ln1,0.0020737804006785154
200,0,attn_qkv,0.09653759747743607
200,0,attn_proj,0.2711637318134308
200,0,ln2,0.0048315031453967094
200,0,mlp_fc,0.1943514049053192
200,0,mlp_proj,0.6245641708374023
200,1,ln1,0.0010279060807079077
200,1,attn_qkv,0.04428417980670929
200,1,attn_proj,0.13212135434150696
200,1,ln2,0.002839517779648304
200,1,mlp_fc,0.1271664947271347
200,1,mlp_proj,0.43176916241645813
200,2,ln1,0.0008071539341472089
200,2,attn_qkv,0.035700809210538864
200,2,attn_proj,0.10824859887361526
200,2,ln2,0.0022604591213166714
200,2,mlp_fc,0.10127939283847809
200,2,mlp_proj,0.3515457212924957
200,3,ln1,0.0007904355297796428
200,3,attn_qkv,0.03475163131952286
200,3,attn_proj,0.11160214990377426
200,3,ln2,0.001992274774238467
200,3,mlp_fc,0.08890598267316818
200,3,mlp_proj,0.3038620054721832
200,4,ln1,0.0008657225989736617
200,4,attn_qkv,0.038890354335308075
200,4,attn_proj,0.11933143436908722
200,4,ln2,0.0017608166672289371
200,4,mlp_fc,0.0837436318397522
200,4,mlp_proj,0.28623658418655396
200,5,ln1,0.0009699717629700899
200,5,attn_qkv,0.044274237006902695
200,5,attn_proj,0.1462603062391281
200,5,ln2,0.002014130586758256
200,5,mlp_fc,0.08070164173841476
200,5,mlp_proj,0.2743823230266571
0,0,ln1,0.017133720219135284
0,0,attn_qkv,0.7612454891204834
0,0,attn_proj,2.598083972930908
0,0,ln2,0.016432490199804306
0,0,mlp_fc,0.898635983467102
0,0,mlp_proj,4.068049907684326
0,1,ln1,0.014309398829936981
0,1,attn_qkv,0.6937984824180603
0,1,attn_proj,2.3788199424743652
0,1,ln2,0.014912856742739677
0,1,mlp_fc,0.746441662311554
0,1,mlp_proj,3.0850441455841064
0,2,ln1,0.012143728323280811
0,2,attn_qkv,0.6382868885993958
0,2,attn_proj,2.0726892948150635
0,2,ln2,0.012612035498023033
0,2,mlp_fc,0.6739774346351624
0,2,mlp_proj,2.841599941253662
0,3,ln1,0.010516858659684658
0,3,attn_qkv,0.5740432739257812
0,3,attn_proj,2.083254337310791
0,3,ln2,0.012827522121369839
0,3,mlp_fc,0.6340072751045227
0,3,mlp_proj,2.5277459621429443
0,4,ln1,0.011319540441036224
0,4,attn_qkv,0.5093865394592285
0,4,attn_proj,1.833225965499878
0,4,ln2,0.01201066467911005
0,4,mlp_fc,0.5870782136917114
0,4,mlp_proj,2.302046775817871
0,5,ln1,0.009975739754736423
0,5,attn_qkv,0.45294877886772156
0,5,attn_proj,1.588693380355835
0,5,ln2,0.010507560335099697
0,5,mlp_fc,0.5249325037002563
0,5,mlp_proj,2.040832996368408
100,0,ln1,0.0035670914221554995
100,0,attn_qkv,0.14790615439414978
100,0,attn_proj,0.4963473677635193
100,0,ln2,0.007848366163671017
100,0,mlp_fc,0.32516196370124817
100,0,mlp_proj,1.1048331260681152
100,1,ln1,0.003078932873904705
100,1,attn_qkv,0.13514912128448486
100,1,attn_proj,0.4655855894088745
100,1,ln2,0.00495115015655756
100,1,mlp_fc,0.22374990582466125
100,1,mlp_proj,0.765095591545105
100,2,ln1,0.0022885433863848448
100,2,attn_qkv,0.11394098401069641
100,2,attn_proj,0.38033774495124817
100,2,ln2,0.004142367746680975
100,2,mlp_fc,0.18550440669059753
100,2,mlp_proj,0.6460198163986206
100,3,ln1,0.0020250447560101748
100,3,attn_qkv,0.10002564638853073
100,3,attn_proj,0.31964242458343506
100,3,ln2,0.0034508854150772095
100,3,mlp_fc,0.16054877638816833
100,3,mlp_proj,0.5529490113258362
100,4,ln1,0.0019624263513833284
100,4,attn_qkv,0.09058352559804916
100,4,attn_proj,0.2944253087043762
100,4,ln2,0.003337923903018236
100,4,mlp_fc,0.15019352734088898
100,4,mlp_proj,0.5077357888221741
100,5,ln1,0.00179485569242388
100,5,attn_qkv,0.0851408839225769
100,5,attn_proj,0.28661438822746277
100,5,ln2,0.003040329087525606
100,5,mlp_fc,0.145300954580307
100,5,mlp_proj,0.4871448576450348
200,0,ln1,0.002335998462513089
200,0,attn_qkv,0.10056626796722412
200,0,attn_proj,0.27463430166244507
200,0,ln2,0.005009964108467102
200,0,mlp_fc,0.17550364136695862
200,0,mlp_proj,0.5413318276405334
200,1,ln1,0.001089018303900957
200,1,attn_qkv,0.04423905164003372
200,1,attn_proj,0.12805131077766418
200,1,ln2,0.0027771666646003723
200,1,mlp_fc,0.10709414631128311
200,1,mlp_proj,0.35919249057769775
200,2,ln1,0.0008450130117125809
200,2,attn_qkv,0.03297267481684685
200,2,attn_proj,0.09200765937566757
200,2,ln2,0.0021429690532386303
200,2,mlp_fc,0.08230111002922058
200,2,mlp_proj,0.2874164581298828
200,3,ln1,0.0007830255199223757
200,3,attn_qkv,0.03173569217324257
200,3,attn_proj,0.0949634239077568
200,3,ln2,0.0019440414616838098
200,3,mlp_fc,0.06998791545629501
200,3,mlp_proj,0.2429012954235077
200,4,ln1,0.0008588938508182764
200,4,attn_qkv,0.03427855670452118
200,4,attn_proj,0.09872191399335861
200,4,ln2,0.0018625500379130244
200,4,mlp_fc,0.06802722811698914
200,4,mlp_proj,0.23044534027576447
200,5,ln1,0.0010922113433480263
200,5,attn_qkv,0.041573937982320786
200,5,attn_proj,0.12355151772499084
200,5,ln2,0.001940009999088943
200,5,mlp_fc,0.0647016391158104
200,5,mlp_proj,0.21715737879276276
0,0,ln1,0.017133720219135284
0,0,attn_qkv,0.7612454891204834
0,0,attn_proj,2.598083972930908
0,0,ln2,0.016432490199804306
0,0,mlp_fc,0.898635983467102
0,0,mlp_proj,4.068049907684326
0,1,ln1,0.014309398829936981
0,1,attn_qkv,0.6937984824180603
0,1,attn_proj,2.3788199424743652
0,1,ln2,0.014912856742739677
0,1,mlp_fc,0.746441662311554
0,1,mlp_proj,3.0850441455841064
0,2,ln1,0.012143728323280811
0,2,attn_qkv,0.6382868885993958
0,2,attn_proj,2.0726892948150635
0,2,ln2,0.012612035498023033
0,2,mlp_fc,0.6739774346351624
0,2,mlp_proj,2.841599941253662
0,3,ln1,0.010516858659684658
0,3,attn_qkv,0.5740432739257812
0,3,attn_proj,2.083254337310791
0,3,ln2,0.012827522121369839
0,3,mlp_fc,0.6340072751045227
0,3,mlp_proj,2.5277459621429443
0,4,ln1,0.011319540441036224
0,4,attn_qkv,0.5093865394592285
0,4,attn_proj,1.833225965499878
0,4,ln2,0.01201066467911005
0,4,mlp_fc,0.5870782136917114
0,4,mlp_proj,2.302046775817871
0,5,ln1,0.009975739754736423
0,5,attn_qkv,0.45294877886772156
0,5,attn_proj,1.588693380355835
0,5,ln2,0.010507560335099697
0,5,mlp_fc,0.5249325037002563
0,5,mlp_proj,2.040832996368408
100,0,ln1,0.0035092427860945463
100,0,attn_qkv,0.15707755088806152
100,0,attn_proj,0.527693510055542
100,0,ln2,0.007009455002844334
100,0,mlp_fc,0.3178352415561676
100,0,mlp_proj,1.0962185859680176
100,1,ln1,0.0026608314365148544
100,1,attn_qkv,0.11689958721399307
100,1,attn_proj,0.391726016998291
100,1,ln2,0.004503345116972923
100,1,mlp_fc,0.21385091543197632
100,1,mlp_proj,0.7498926520347595
100,2,ln1,0.0018381295958533883
100,2,attn_qkv,0.09539245069026947
100,2,attn_proj,0.31079086661338806
100,2,ln2,0.0036556206177920103
100,2,mlp_fc,0.17528752982616425
100,2,mlp_proj,0.6194006204605103
100,3,ln1,0.0017536254599690437
100,3,attn_qkv,0.08738316595554352
100,3,attn_proj,0.27183854579925537
100,3,ln2,0.003162241308018565
100,3,mlp_fc,0.15490593016147614
100,3,mlp_proj,0.5420942306518555
100,4,ln1,0.0017521446570754051
100,4,attn_qkv,0.08488602936267853
100,4,attn_proj,0.2707642614841461
100,4,ln2,0.003121130634099245
100,4,mlp_fc,0.1463710516691208
100,4,mlp_proj,0.49822723865509033
100,5,ln1,0.001621086965315044
100,5,attn_qkv,0.0816081240773201
100,5,attn_proj,0.2793005406856537
100,5,ln2,0.003040753770619631
100,5,mlp_fc,0.14068663120269775
100,5,mlp_proj,0.4814019799232483
200,0,ln1,0.0020734264981001616
200,0,attn_qkv,0.09634144604206085
200,0,attn_proj,0.2707521617412567
200,0,ln2,0.004830230958759785
200,0,mlp_fc,0.19426031410694122
200,0,mlp_proj,0.6242098212242126
200,1,ln1,0.0010255840606987476
200,1,attn_qkv,0.044219113886356354
200,1,attn_proj,0.13201652467250824
200,1,ln2,0.0028360849246382713
200,1,mlp_fc,0.12709619104862213
200,1,mlp_proj,0.4315090477466583
200,2,ln1,0.0008042671834118664
200,2,attn_qkv,0.03563980013132095
200,2,attn_proj,0.10811631381511688
200,2,ln2,0.00225305138155818
200,2,mlp_fc,0.10125552862882614
200,2,mlp_proj,0.35142600536346436
200,3,ln1,0.0007883317884989083
200,3,attn_qkv,0.03472829982638359
200,3,attn_proj,0.11151973903179169
200,3,ln2,0.001989295706152916
200,3,mlp_fc,0.08884260058403015
200,3,mlp_proj,0.30371910333633423
200,4,ln1,0.0008680775645188987
200,4,attn_qkv,0.03894428536295891
200,4,attn_proj,0.11934258788824081
200,4,ln2,0.0017589193303138018
200,4,mlp_fc,0.08369877934455872
200,4,mlp_proj,0.28615376353263855
200,5,ln1,0.000972263456787914
200,5,attn_qkv,0.04421008750796318
200,5,attn_proj,0.1462845504283905
200,5,ln2,0.002013064920902252
200,5,mlp_fc,0.08072458952665329
200,5,mlp_proj,0.27447277307510376
0,0,ln1,0.017133720219135284
0,0,attn_qkv,0.7612454891204834
0,0,attn_proj,2.598083972930908
0,0,ln2,0.016432490199804306
0,0,mlp_fc,0.898635983467102
0,0,mlp_proj,4.068049907684326
0,1,ln1,0.014309398829936981
0,1,attn_qkv,0.6937984824180603
0,1,attn_proj,2.3788199424743652
0,1,ln2,0.014912856742739677
0,1,mlp_fc,0.746441662311554
0,1,mlp_proj,3.0850441455841064
0,2,ln1,0.012143728323280811
0,2,attn_qkv,0.6382868885993958
0,2,attn_proj,2.0726892948150635
0,2,ln2,0.012612035498023033
0,2,mlp_fc,0.6739774346351624
0,2,mlp_proj,2.841599941253662
0,3,ln1,0.010516858659684658
0,3,attn_qkv,0.5740432739257812
0,3,attn_proj,2.083254337310791
0,3,ln2,0.012827522121369839
0,3,mlp_fc,0.6340072751045227
0,3,mlp_proj,2.5277459621429443
0,4,ln1,0.011319540441036224
0,4,attn_qkv,0.5093865394592285
0,4,attn_proj,1.833225965499878
0,4,ln2,0.01201066467911005
0,4,mlp_fc,0.5870782136917114
0,4,mlp_proj,2.302046775817871
0,5,ln1,0.009975739754736423
0,5,attn_qkv,0.45294877886772156
0,5,attn_proj,1.588693380355835
0,5,ln2,0.010507560335099697
0,5,mlp_fc,0.5249325037002563
0,5,mlp_proj,2.040832996368408
100,0,ln1,0.0035675556864589453
100,0,attn_qkv,0.1476888209581375
100,0,attn_proj,0.49554213881492615
100,0,ln2,0.007839585654437542
100,0,mlp_fc,0.3249337673187256
100,0,mlp_proj,1.104055643081665
100,1,ln1,0.0030756955966353416
100,1,attn_qkv,0.13490821421146393
100,1,attn_proj,0.46529826521873474
100,1,ln2,0.0049497392028570175
100,1,mlp_fc,0.22361516952514648
100,1,mlp_proj,0.7648864388465881
100,2,ln1,0.002290975535288453
100,2,attn_qkv,0.11413057148456573
100,2,attn_proj,0.38076215982437134
100,2,ln2,0.004141485784202814
100,2,mlp_fc,0.18552376329898834
100,2,mlp_proj,0.6461792588233948
100,3,ln1,0.002030978910624981
100,3,attn_qkv,0.10019869357347488
100,3,attn_proj,0.32001417875289917
100,3,ln2,0.0034479484893381596
100,3,mlp_fc,0.16067586839199066
100,3,mlp_proj,0.5534986257553101
100,4,ln1,0.001967778429389
100,4,attn_qkv,0.09075590968132019
100,4,attn_proj,0.29503509402275085
100,4,ln2,0.0033451742492616177
100,4,mlp_fc,0.15028966963291168
100,4,mlp_proj,0.5080878138542175
100,5,ln1,0.0017980600241571665
100,5,attn_qkv,0.08533336222171783
100,5,attn_proj,0.2871989607810974
100,5,ln2,0.0030459784902632236
100,5,mlp_fc,0.14550930261611938
100,5,mlp_proj,0.48772168159484863
200,0,ln1,0.0023423798847943544
200,0,attn_qkv,0.10080313682556152
200,0,attn_proj,0.2754819095134735
200,0,ln2,0.005013186484575272
200,0,mlp_fc,0.17555059492588043
200,0,mlp_proj,0.5417362451553345
200,1,ln1,0.0010924768866971135
200,1,attn_qkv,0.044415172189474106
200,1,attn_proj,0.1284261792898178
200,1,ln2,0.002779219998046756
200,1,mlp_fc,0.10712608695030212
200,1,mlp_proj,0.35938888788223267
200,2,ln1,0.0008479959797114134
200,2,attn_qkv,0.033095650374889374
200,2,attn_proj,0.09227883070707321
200,2,ln2,0.002143419813364744
200,2,mlp_fc,0.0823414996266365
200,2,mlp_proj,0.2876971960067749
200,3,ln1,0.0007861113408580422
200,3,attn_qkv,0.031808290630578995
200,3,attn_proj,0.095295749604702
200,3,ln2,0.001946743344888091
200,3,mlp_fc,0.07005219161510468
200,3,mlp_proj,0.24316219985485077
200,4,ln1,0.0008608214557170868
200,4,attn_qkv,0.03431146591901779
200,4,attn_proj,0.09893127530813217
200,4,ln2,0.0018671790603548288
200,4,mlp_fc,0.06809055805206299
200,4,mlp_proj,0.23071661591529846
200,5,ln1,0.0010984186083078384
200,5,attn_qkv,0.041702356189489365
200,5,attn_proj,0.12381558865308762
200,5,ln2,0.0019444474019110203
200,5,mlp_fc,0.06475746631622314
200,5,mlp_proj,0.21726399660110474
0,0,ln1,0.017133720219135284
0,0,attn_qkv,0.7612454891204834
0,0,attn_proj,2.598083972930908
0,0,ln2,0.016432490199804306
0,0,mlp_fc,0.898635983467102
0,0,mlp_proj,4.068049907684326
0,1,ln1,0.014309398829936981
0,1,attn_qkv,0.6937984824180603
0,1,attn_proj,2.3788199424743652
0,1,ln2,0.014912856742739677
0,1,mlp_fc,0.746441662311554
0,1,mlp_proj,3.0850441455841064
0,2,ln1,0.012143728323280811
0,2,attn_qkv,0.6382868885993958
0,2,attn_proj,2.0726892948150635
0,2,ln2,0.012612035498023033
0,2,mlp_fc,0.6739774346351624
0,2,mlp_proj,2.841599941253662
0,3,ln1,0.010516858659684658
0,3,attn_qkv,0.5740432739257812
0,3,attn_proj,2.083254337310791
0,3,ln2,0.012827522121369839
0,3,mlp_fc,0.6340072751045227
0,3,mlp_proj,2.5277459621429443
0,4,ln1,0.011319540441036224
0,4,attn_qkv,0.5093865394592285
0,4,attn_proj,1.833225965499878
0,4,ln2,0.01201066467911005
0,4,mlp_fc,0.5870782136917114
0,4,mlp_proj,2.302046775817871
0,5,ln1,0.009975739754736423
0,5,attn_qkv,0.45294877886772156
0,5,attn_proj,1.588693380355835
0,5,ln2,0.010507560335099697
0,5,mlp_fc,0.5249325037002563
0,5,mlp_proj,2.040832996368408
100,0,ln1,0.0034995167516171932
100,0,attn_qkv,0.15675127506256104
100,0,attn_proj,0.5263928174972534
100,0,ln2,0.007014933507889509
100,0,mlp_fc,0.31779536604881287
100,0,mlp_proj,1.0954855680465698
100,1,ln1,0.002655006479471922
100,1,attn_qkv,0.11667869985103607
100,1,attn_proj,0.39084720611572266
100,1,ln2,0.004500261042267084
100,1,mlp_fc,0.21377228200435638
100,1,mlp_proj,0.749349057674408
100,2,ln1,0.0018338464433327317
100,2,attn_qkv,0.09521520137786865
100,2,attn_proj,0.3103135824203491
100,2,ln2,0.0036563684698194265
100,2,mlp_fc,0.1752648651599884
100,2,mlp_proj,0.6192739009857178
100,3,ln1,0.0017508706077933311
100,3,attn_qkv,0.08722460269927979
100,3,attn_proj,0.2714586555957794
100,3,ln2,0.003160273190587759
100,3,mlp_fc,0.15486198663711548
100,3,mlp_proj,0.5419172048568726
100,4,ln1,0.0017517008818686008
100,4,attn_qkv,0.08475928008556366
100,4,attn_proj,0.270538330078125
100,4,ln2,0.0031155229080468416
100,4,mlp_fc,0.1463373750448227
100,4,mlp_proj,0.4981643855571747
100,5,ln1,0.0016191700706258416
100,5,attn_qkv,0.08149586617946625
100,5,attn_proj,0.2791012227535248
100,5,ln2,0.003035568166524172
100,5,mlp_fc,0.1406383514404297
100,5,mlp_proj,0.48126420378685
200,0,ln1,0.002075253054499626
200,0,attn_qkv,0.09652434289455414
200,0,attn_proj,0.2712869942188263
200,0,ln2,0.004833419341593981
200,0,mlp_fc,0.19431360065937042
200,0,mlp_proj,0.6245177984237671
200,1,ln1,0.0010276194661855698
200,1,attn_qkv,0.04429920017719269
200,1,attn_proj,0.13218142092227936
200,1,ln2,0.0028407066129148006
200,1,mlp_fc,0.12714165449142456
200,1,mlp_proj,0.4317116439342499
200,2,ln1,0.0008072910713963211
200,2,attn_qkv,0.03573865815997124
200,2,attn_proj,0.10835323482751846
200,2,ln2,0.0022583771497011185
200,2,mlp_fc,0.10130222886800766
200,2,mlp_proj,0.35162460803985596
200,3,ln1,0.0007915690657682717
200,3,attn_qkv,0.03484530374407768
200,3,attn_proj,0.11187993735074997
200,3,ln2,0.0019907932728528976
200,3,mlp_fc,0.0889173075556755
200,3,mlp_proj,0.3040825426578522
200,4,ln1,0.0008674668497405946
200,4,attn_qkv,0.0390268936753273
200,4,attn_proj,0.11973608285188675
200,4,ln2,0.0017612460069358349
200,4,mlp_fc,0.08381921052932739
200,4,mlp_proj,0.2866010069847107
200,5,ln1,0.0009739476954564452
200,5,attn_qkv,0.04441911354660988
200,5,attn_proj,0.1468127816915512
200,5,ln2,0.0020157210528850555
200,5,mlp_fc,0.08084150403738022
200,5,mlp_proj,0.27478325366973877
0,0,ln1,0.017133720219135284
0,0,attn_qkv,0.7612454891204834
0,0,attn_proj,2.598083972930908
0,0,ln2,0.016432490199804306
0,0,mlp_fc,0.898635983467102
0,0,mlp_proj,4.068049907684326
0,1,ln1,0.014309398829936981
0,1,attn_qkv,0.6937984824180603
0,1,attn_proj,2.3788199424743652
0,1,ln2,0.014912856742739677
0,1,mlp_fc,0.746441662311554
0,1,mlp_proj,3.0850441455841064
0,2,ln1,0.012143728323280811
0,2,attn_qkv,0.6382868885993958
0,2,attn_proj,2.0726892948150635
0,2,ln2,0.012612035498023033
0,2,mlp_fc,0.6739774346351624
0,2,mlp_proj,2.841599941253662
0,3,ln1,0.010516858659684658
0,3,attn_qkv,0.5740432739257812
0,3,attn_proj,2.083254337310791
0,3,ln2,0.012827522121369839
0,3,mlp_fc,0.6340072751045227
0,3,mlp_proj,2.5277459621429443
0,4,ln1,0.011319540441036224
0,4,attn_qkv,0.5093865394592285
0,4,attn_proj,1.833225965499878
0,4,ln2,0.01201066467911005
0,4,mlp_fc,0.5870782136917114
0,4,mlp_proj,2.302046775817871
0,5,ln1,0.009975739754736423
0,5,attn_qkv,0.45294877886772156
0,5,attn_proj,1.588693380355835
0,5,ln2,0.010507560335099697
0,5,mlp_fc,0.5249325037002563
0,5,mlp_proj,2.040832996368408
100,0,ln1,0.003577880561351776
100,0,attn_qkv,0.14802798628807068
100,0,attn_proj,0.4965941607952118
100,0,ln2,0.00785095989704132
100,0,mlp_fc,0.32513946294784546
100,0,mlp_proj,1.104718804359436
100,1,ln1,0.003080537309870124
100,1,attn_qkv,0.13503769040107727
100,1,attn_proj,0.4654085338115692
100,1,ln2,0.004952786490321159
100,1,mlp_fc,0.22369329631328583
100,1,mlp_proj,0.7651229500770569
100,2,ln1,0.002293139463290572
100,2,attn_qkv,0.11404568701982498
100,2,attn_proj,0.3804106116294861
100,2,ln2,0.004141756799072027
100,2,mlp_fc,0.18554246425628662
100,2,mlp_proj,0.6460891366004944
100,3,ln1,0.0020265053026378155
100,3,attn_qkv,0.10007030516862869
100,3,attn_proj,0.31976059079170227
100,3,ln2,0.0034500344190746546
100,3,mlp_fc,0.16056959331035614
100,3,mlp_proj,0.5529577136039734
100,4,ln1,0.001965053379535675
100,4,attn_qkv,0.09062159061431885
100,4,attn_proj,0.29431697726249695
100,4,ln2,0.0033388284500688314
100,4,mlp_fc,0.1501205712556839
100,4,mlp_proj,0.5074992179870605
100,5,ln1,0.0017942796694114804
100,5,attn_qkv,0.08511926978826523
100,5,attn_proj,0.28654730319976807
100,5,ln2,0.0030396785587072372
100,5,mlp_fc,0.1453274041414261
100,5,mlp_proj,0.4870976507663727
200,0,ln1,0.0023365409579128027
200,0,attn_qkv,0.10059445351362228
200,0,attn_proj,0.2746565639972687
200,0,ln2,0.0050129359588027
200,0,mlp_fc,0.17556600272655487
200,0,mlp_proj,0.5416282415390015
200,1,ln1,0.0010890959529206157
200,1,attn_qkv,0.04427328333258629
200,1,attn_proj,0.12805837392807007
200,1,ln2,0.0027792416512966156
200,1,mlp_fc,0.10713857412338257
200,1,mlp_proj,0.3594139814376831
200,2,ln1,0.0008464801358059049
200,2,attn_qkv,0.033025700598955154
200,2,attn_proj,0.09209480881690979
200,2,ln2,0.0021463679149746895
200,2,mlp_fc,0.08235868066549301
200,2,mlp_proj,0.2877331078052521
200,3,ln1,0.0007867717649787664
200,3,attn_qkv,0.0318419486284256
200,3,attn_proj,0.0951349213719368
200,3,ln2,0.0019460509065538645
200,3,mlp_fc,0.07006508857011795
200,3,mlp_proj,0.24316465854644775
200,4,ln1,0.0008623389876447618
200,4,attn_qkv,0.03433492034673691
200,4,attn_proj,0.09889069199562073
200,4,ln2,0.0018667550757527351
200,4,mlp_fc,0.06808999925851822
200,4,mlp_proj,0.23070648312568665
200,5,ln1,0.0010958731872960925
200,5,attn_qkv,0.04165787249803543
200,5,attn_proj,0.12379885464906693
200,5,ln2,0.0019454555585980415
200,5,mlp_fc,0.0647817850112915
200,5,mlp_proj,0.21738138794898987
0,0,ln1,0.017133720219135284
0,0,attn_qkv,0.7612454891204834
0,0,attn_proj,2.598083972930908
0,0,ln2,0.016432490199804306
0,0,mlp_fc,0.898635983467102
0,0,mlp_proj,4.068049907684326
0,1,ln1,0.014309398829936981
0,1,attn_qkv,0.6937984824180603
0,1,attn_proj,2.3788199424743652
0,1,ln2,0.014912856742739677
0,1,mlp_fc,0.746441662311554
0,1,mlp_proj,3.0850441455841064
0,2,ln1,0.012143728323280811
0,2,attn_qkv,0.6382868885993958
0,2,attn_proj,2.0726892948150635
0,2,ln2,0.012612035498023033
0,2,mlp_fc,0.6739774346351624
0,2,mlp_proj,2.841599941253662
0,3,ln1,0.010516858659684658
0,3,attn_qkv,0.5740432739257812
0,3,attn_proj,2.083254337310791
0,3,ln2,0.012827522121369839
0,3,mlp_fc,0.6340072751045227
0,3,mlp_proj,2.5277459621429443
0,4,ln1,0.011319540441036224
0,4,attn_qkv,0.5093865394592285
0,4,attn_proj,1.833225965499878
0,4,ln2,0.01201066467911005
0,4,mlp_fc,0.5870782136917114
0,4,mlp_proj,2.302046775817871
0,5,ln1,0.009975739754736423
0,5,attn_qkv,0.45294877886772156
0,5,attn_proj,1.588693380355835
0,5,ln2,0.010507560335099697
0,5,mlp_fc,0.5249325037002563
0,5,mlp_proj,2.040832996368408
100,0,ln1,0.0035899830982089043
100,0,attn_qkv,0.16201616823673248
100,0,attn_proj,0.5425190329551697
100,0,ln2,0.0071388911455869675
100,0,mlp_fc,0.32420533895492554
100,0,mlp_proj,1.1199235916137695
100,1,ln1,0.002747452352195978
100,1,attn_qkv,0.12226054072380066
100,1,attn_proj,0.4094484746456146
100,1,ln2,0.004625339992344379
100,1,mlp_fc,0.21846075356006622
100,1,mlp_proj,0.7666575908660889
100,2,ln1,0.0019209193997085094
100,2,attn_qkv,0.1006656363606453
100,2,attn_proj,0.328060120344162
100,2,ln2,0.003794480813667178
100,2,mlp_fc,0.17934942245483398
100,2,mlp_proj,0.6334966421127319
100,3,ln1,0.0018175335135310888
100,3,attn_qkv,0.09133706241846085
100,3,attn_proj,0.28485769033432007
100,3,ln2,0.003272653091698885
100,3,mlp_fc,0.1587543934583664
100,3,mlp_proj,0.5552565455436707
100,4,ln1,0.0018200752092525363
100,4,attn_qkv,0.08850464224815369
100,4,attn_proj,0.2820504307746887
100,4,ln2,0.0031936466693878174
100,4,mlp_fc,0.14974616467952728
100,4,mlp_proj,0.5095401406288147
100,5,ln1,0.0016968266572803259
100,5,attn_qkv,0.08394838869571686
100,5,attn_proj,0.286313533782959
100,5,ln2,0.0031469871755689383
100,5,mlp_fc,0.14440998435020447
100,5,mlp_proj,0.49416258931159973
200,0,ln1,0.0021418749820441008
200,0,attn_qkv,0.10465138405561447
200,0,attn_proj,0.2922024428844452
200,0,ln2,0.004969009198248386
200,0,mlp_fc,0.19906069338321686
200,0,mlp_proj,0.6405243873596191
200,1,ln1,0.001054048421792686
200,1,attn_qkv,0.04843336343765259
200,1,attn_proj,0.14359673857688904
200,1,ln2,0.0029286148492246866
200,1,mlp_fc,0.13003189861774445
200,1,mlp_proj,0.44142359495162964
200,2,ln1,0.0008598255808465183
200,2,attn_qkv,0.03955972567200661
200,2,attn_proj,0.11965342611074448
200,2,ln2,0.0023339714389294386
200,2,mlp_fc,0.10252921283245087
200,2,mlp_proj,0.35607481002807617
200,3,ln1,0.0008439028752036393
200,3,attn_qkv,0.03838593512773514
200,3,attn_proj,0.12382098287343979
200,3,ln2,0.0020726225338876247
200,3,mlp_fc,0.08963027596473694
200,3,mlp_proj,0.30654823780059814
200,4,ln1,0.0009215542813763022
200,4,attn_qkv,0.04189923033118248
200,4,attn_proj,0.127748504281044
200,4,ln2,0.0018617315217852592
200,4,mlp_fc,0.08464669436216354
200,4,mlp_proj,0.29009002447128296
200,5,ln1,0.001033223932608962
200,5,attn_qkv,0.046810850501060486
200,5,attn_proj,0.15295946598052979
200,5,ln2,0.0020689109805971384
200,5,mlp_fc,0.08169212192296982
200,5,mlp_proj,0.27847743034362793
0,0,ln1,0.017133720219135284
0,0,attn_qkv,0.7612454891204834
0,0,attn_proj,2.598083972930908
0,0,ln2,0.016432490199804306
0,0,mlp_fc,0.898635983467102
0,0,mlp_proj,4.068049907684326
0,1,ln1,0.014309398829936981
0,1,attn_qkv,0.6937984824180603
0,1,attn_proj,2.3788199424743652
0,1,ln2,0.014912856742739677
0,1,mlp_fc,0.746441662311554
0,1,mlp_proj,3.0850441455841064
0,2,ln1,0.012143728323280811
0,2,attn_qkv,0.6382868885993958
0,2,attn_proj,2.0726892948150635
0,2,ln2,0.012612035498023033
0,2,mlp_fc,0.6739774346351624
0,2,mlp_proj,2.841599941253662
0,3,ln1,0.010516858659684658
0,3,attn_qkv,0.5740432739257812
0,3,attn_proj,2.083254337310791
0,3,ln2,0.012827522121369839
0,3,mlp_fc,0.6340072751045227
0,3,mlp_proj,2.5277459621429443
0,4,ln1,0.011319540441036224
0,4,attn_qkv,0.5093865394592285
0,4,attn_proj,1.833225965499878
0,4,ln2,0.01201066467911005
0,4,mlp_fc,0.5870782136917114
0,4,mlp_proj,2.302046775817871
0,5,ln1,0.009975739754736423
0,5,attn_qkv,0.45294877886772156
0,5,attn_proj,1.588693380355835
0,5,ln2,0.010507560335099697
0,5,mlp_fc,0.5249325037002563
0,5,mlp_proj,2.040832996368408
100,0,ln1,0.003585218917578459
100,0,attn_qkv,0.16196617484092712
100,0,attn_proj,0.5429235100746155
100,0,ln2,0.0071386126801371574
100,0,mlp_fc,0.3242270350456238
100,0,mlp_proj,1.1197489500045776
100,1,ln1,0.0027435156516730785
100,1,attn_qkv,0.12209545075893402
100,1,attn_proj,0.4092606008052826
100,1,ln2,0.004626271780580282
100,1,mlp_fc,0.21841895580291748
100,1,mlp_proj,0.7664477825164795
100,2,ln1,0.001922415685839951
100,2,attn_qkv,0.10058357566595078
100,2,attn_proj,0.3277412950992584
100,2,ln2,0.003796081757172942
100,2,mlp_fc,0.17927975952625275
100,2,mlp_proj,0.6331056952476501
100,3,ln1,0.0018151022959500551
100,3,attn_qkv,0.09112578630447388
100,3,attn_proj,0.28436458110809326
100,3,ln2,0.0032740796450525522
100,3,mlp_fc,0.1586577445268631
100,3,mlp_proj,0.554927408695221
100,4,ln1,0.0018177011515945196
100,4,attn_qkv,0.08832933753728867
100,4,attn_proj,0.28152915835380554
100,4,ln2,0.0031888361554592848
100,4,mlp_fc,0.1496385931968689
100,4,mlp_proj,0.5091731548309326
100,5,ln1,0.0016924483934417367
100,5,attn_qkv,0.08376836776733398
100,5,attn_proj,0.2857741117477417
100,5,ln2,0.0031428146176040173
100,5,mlp_fc,0.14426666498184204
100,5,mlp_proj,0.4937519133090973
200,0,ln1,0.002136813011020422
200,0,attn_qkv,0.10444045066833496
200,0,attn_proj,0.2918640673160553
200,0,ln2,0.0049658226780593395
200,0,mlp_fc,0.1990116536617279
200,0,mlp_proj,0.6401948928833008
200,1,ln1,0.0010539079084992409
200,1,attn_qkv,0.048347633332014084
200,1,attn_proj,0.14335398375988007
200,1,ln2,0.0029241538140922785
200,1,mlp_fc,0.1299789547920227
200,1,mlp_proj,0.4411897361278534
200,2,ln1,0.0008587556076236069
200,2,attn_qkv,0.03944774344563484
200,2,attn_proj,0.11933969706296921
200,2,ln2,0.0023320221807807684
200,2,mlp_fc,0.10247128456830978
200,2,mlp_proj,0.35579079389572144
200,3,ln1,0.0008408473222516477
200,3,attn_qkv,0.03823468089103699
200,3,attn_proj,0.12340523302555084
200,3,ln2,0.0020694793201982975
200,3,mlp_fc,0.08952833712100983
200,3,mlp_proj,0.3061380684375763
200,4,ln1,0.0009188245749101043
200,4,attn_qkv,0.04174584522843361
200,4,attn_proj,0.127312570810318
200,4,ln2,0.0018599166069179773
200,4,mlp_fc,0.08452954143285751
200,4,mlp_proj,0.2895861566066742
200,5,ln1,0.001028585247695446
200,5,attn_qkv,0.04655640944838524
200,5,attn_proj,0.15231741964817047
200,5,ln2,0.0020637379493564367
200,5,mlp_fc,0.08146302402019501
200,5,mlp_proj,0.2777218818664551
0,0,ln1,0.017133720219135284
0,0,attn_qkv,0.7612454891204834
0,0,attn_proj,2.598083972930908
0,0,ln2,0.016432490199804306
0,0,mlp_fc,0.898635983467102
0,0,mlp_proj,4.068049907684326
0,1,ln1,0.014309398829936981
0,1,attn_qkv,0.6937984824180603
0,1,attn_proj,2.3788199424743652
0,1,ln2,0.014912856742739677
0,1,mlp_fc,0.746441662311554
0,1,mlp_proj,3.0850441455841064
0,2,ln1,0.012143728323280811
0,2,attn_qkv,0.6382868885993958
0,2,attn_proj,2.0726892948150635
0,2,ln2,0.012612035498023033
0,2,mlp_fc,0.6739774346351624
0,2,mlp_proj,2.841599941253662
0,3,ln1,0.010516858659684658
0,3,attn_qkv,0.5740432739257812
0,3,attn_proj,2.083254337310791
0,3,ln2,0.012827522121369839
0,3,mlp_fc,0.6340072751045227
0,3,mlp_proj,2.5277459621429443
0,4,ln1,0.011319540441036224
0,4,attn_qkv,0.5093865394592285
0,4,attn_proj,1.833225965499878
0,4,ln2,0.01201066467911005
0,4,mlp_fc,0.5870782136917114
0,4,mlp_proj,2.302046775817871
0,5,ln1,0.009975739754736423
0,5,attn_qkv,0.45294877886772156
0,5,attn_proj,1.588693380355835
0,5,ln2,0.010507560335099697
0,5,mlp_fc,0.5249325037002563
0,5,mlp_proj,2.040832996368408
100,0,ln1,0.003583552548661828
100,0,attn_qkv,0.161852166056633
100,0,attn_proj,0.5421284437179565
100,0,ln2,0.007143791764974594
100,0,mlp_fc,0.32426348328590393
100,0,mlp_proj,1.1198492050170898
100,1,ln1,0.0027478160336613655
100,1,attn_qkv,0.12222566455602646
100,1,attn_proj,0.40936005115509033
100,1,ln2,0.004623868968337774
100,1,mlp_fc,0.2184942215681076
100,1,mlp_proj,0.7667598128318787
100,2,ln1,0.0019257450476288795
100,2,attn_qkv,0.10069995373487473
100,2,attn_proj,0.3281628489494324
100,2,ln2,0.003800503211095929
100,2,mlp_fc,0.17941685020923615
100,2,mlp_proj,0.6338860392570496
100,3,ln1,0.0018168241949751973
100,3,attn_qkv,0.0913851410150528
100,3,attn_proj,0.28504911065101624
100,3,ln2,0.0032743450719863176
100,3,mlp_fc,0.15885485708713531
100,3,mlp_proj,0.5556715130805969
100,4,ln1,0.0018226224929094315
100,4,attn_qkv,0.08859821408987045
100,4,attn_proj,0.28244709968566895
100,4,ln2,0.003194361925125122
100,4,mlp_fc,0.1498030722141266
100,4,mlp_proj,0.5099775195121765
100,5,ln1,0.0016986833652481437
100,5,attn_qkv,0.08405564725399017
100,5,attn_proj,0.28672465682029724
100,5,ln2,0.0031488153617829084
100,5,mlp_fc,0.14455607533454895
100,5,mlp_proj,0.4945887625217438
200,0,ln1,0.0021420158445835114
200,0,attn_qkv,0.10470849275588989
200,0,attn_proj,0.2926141321659088
200,0,ln2,0.004968879744410515
200,0,mlp_fc,0.19909849762916565
200,0,mlp_proj,0.640765368938446
200,1,ln1,0.0010558427311480045
200,1,attn_qkv,0.048492297530174255
200,1,attn_proj,0.1436839997768402
200,1,ln2,0.0029236264526844025
200,1,mlp_fc,0.1300443410873413
200,1,mlp_proj,0.44153130054473877
200,2,ln1,0.0008603084133937955
200,2,attn_qkv,0.03956969082355499
200,2,attn_proj,0.11964590102434158
200,2,ln2,0.0023334010038524866
200,2,mlp_fc,0.1025213673710823
200,2,mlp_proj,0.3561333119869232
200,3,ln1,0.0008453450282104313
200,3,attn_qkv,0.03844413533806801
200,3,attn_proj,0.12398020178079605
200,3,ln2,0.0020743710920214653
200,3,mlp_fc,0.08966214209794998
200,3,mlp_proj,0.30668991804122925
200,4,ln1,0.0009237733902409673
200,4,attn_qkv,0.04194151237607002
200,4,attn_proj,0.12790392339229584
200,4,ln2,0.0018636721652001143
200,4,mlp_fc,0.0847010686993599
200,4,mlp_proj,0.2903098165988922
200,5,ln1,0.0010334390681236982
200,5,attn_qkv,0.04680768400430679
200,5,attn_proj,0.15316142141819
200,5,ln2,0.0020713643170893192
200,5,mlp_fc,0.08178956806659698
200,5,mlp_proj,0.27879470586776733
0,0,ln1,0.017133720219135284
0,0,attn_qkv,0.7612454891204834
0,0,attn_proj,2.598083972930908
0,0,ln2,0.016432490199804306
0,0,mlp_fc,0.898635983467102
0,0,mlp_proj,4.068049907684326
0,1,ln1,0.014309398829936981
0,1,attn_qkv,0.6937984824180603
0,1,attn_proj,2.3788199424743652
0,1,ln2,0.014912856742739677
0,1,mlp_fc,0.746441662311554
0,1,mlp_proj,3.0850441455841064
0,2,ln1,0.012143728323280811
0,2,attn_qkv,0.6382868885993958
0,2,attn_proj,2.0726892948150635
0,2,ln2,0.012612035498023033
0,2,mlp_fc,0.6739774346351624
0,2,mlp_proj,2.841599941253662
0,3,ln1,0.010516858659684658
0,3,attn_qkv,0.5740432739257812
0,3,attn_proj,2.083254337310791
0,3,ln2,0.012827522121369839
0,3,mlp_fc,0.6340072751045227
0,3,mlp_proj,2.5277459621429443
0,4,ln1,0.011319540441036224
0,4,attn_qkv,0.5093865394592285
0,4,attn_proj,1.833225965499878
0,4,ln2,0.01201066467911005
0,4,mlp_fc,0.5870782136917114
0,4,mlp_proj,2.302046775817871
0,5,ln1,0.009975739754736423
0,5,attn_qkv,0.45294877886772156
0,5,attn_proj,1.588693380355835
0,5,ln2,0.010507560335099697
0,5,mlp_fc,0.5249325037002563
0,5,mlp_proj,2.040832996368408
100,0,ln1,0.003583268728107214
100,0,attn_qkv,0.161883145570755
100,0,attn_proj,0.5425068140029907
100,0,ln2,0.007137526758015156
100,0,mlp_fc,0.32421979308128357
100,0,mlp_proj,1.1197230815887451
100,1,ln1,0.0027444257866591215
100,1,attn_qkv,0.12218606472015381
100,1,attn_proj,0.4094535708427429
100,1,ln2,0.004627067595720291
100,1,mlp_fc,0.21842938661575317
100,1,mlp_proj,0.7664372324943542
100,2,ln1,0.0019233640050515532
100,2,attn_qkv,0.10064566135406494
100,2,attn_proj,0.32781919836997986
100,2,ln2,0.0038001190405339003
100,2,mlp_fc,0.17926612496376038
100,2,mlp_proj,0.6332149505615234
100,3,ln1,0.0018168995156884193
100,3,attn_qkv,0.0912395492196083
100,3,attn_proj,0.2846565246582031
100,3,ln2,0.0032729324884712696
100,3,mlp_fc,0.15870247781276703
100,3,mlp_proj,0.5551408529281616
100,4,ln1,0.001818529679439962
100,4,attn_qkv,0.08844994753599167
100,4,attn_proj,0.2819534242153168
100,4,ln2,0.0031916950829327106
100,4,mlp_fc,0.1497163623571396
100,4,mlp_proj,0.509392261505127
100,5,ln1,0.0016957191983237863
100,5,attn_qkv,0.08386557549238205
100,5,attn_proj,0.2860797941684723
100,5,ln2,0.00314325001090765
100,5,mlp_fc,0.14436456561088562
100,5,mlp_proj,0.4939635396003723
200,0,ln1,0.002135937800630927
200,0,attn_qkv,0.10420437157154083
200,0,attn_proj,0.29125672578811646
200,0,ln2,0.0049654641188681126
200,0,mlp_fc,0.19900278747081757
200,0,mlp_proj,0.6399940252304077
200,1,ln1,0.001050104619935155
200,1,attn_qkv,0.04828949272632599
200,1,attn_proj,0.1431916058063507
200,1,ln2,0.002922618295997381
200,1,mlp_fc,0.1299540251493454
200,1,mlp_proj,0.441083163022995
200,2,ln1,0.000855219317600131
200,2,attn_qkv,0.03939603269100189
200,2,attn_proj,0.1192202940583229
200,2,ln2,0.002330688526853919
200,2,mlp_fc,0.10244262218475342
200,2,mlp_proj,0.3557126522064209
200,3,ln1,0.000840555178001523
200,3,attn_qkv,0.03822976350784302
200,3,attn_proj,0.12339992821216583
200,3,ln2,0.0020683195907622576
200,3,mlp_fc,0.0895140990614891
200,3,mlp_proj,0.30609962344169617
200,4,ln1,0.0009191963472403586
200,4,attn_qkv,0.04175645112991333
200,4,attn_proj,0.12733961641788483
200,4,ln2,0.0018584972713142633
200,4,mlp_fc,0.08452121913433075
200,4,mlp_proj,0.2896406650543213
200,5,ln1,0.0010278449626639485
200,5,attn_qkv,0.046563100069761276
200,5,attn_proj,0.1524524688720703
200,5,ln2,0.002062831539660692
200,5,mlp_fc,0.08152909576892853
200,5,mlp_proj,0.2780188024044037
