timestamp,run_name,optimizer_name,seed,dataset,iter,split,loss,lr,mfu_percent,dt_ms
2025-09-15 03:11:39,ADAM_lr0.0003,ADAM,2,MNIST,0,train_eval,4.741975784301758,9.900990099009901e-06,,
2025-09-15 03:11:39,ADAM_lr0.0003,ADAM,2,MNIST,0,val_eval,4.739541530609131,9.900990099009901e-06,,
2025-09-15 03:12:05,ADAM_lr0.0003,ADAM,2,MNIST,0,train_iter,4.819905757904053,9.900990099009901e-06,,32503.253698349
2025-09-15 03:12:05,ADAM_lr0.0003,ADAM,2,MNIST,1,train_eval,3.64689564704895,1.9801980198019803e-05,,
2025-09-15 03:12:05,ADAM_lr0.0003,ADAM,2,MNIST,1,val_eval,3.6468234062194824,1.9801980198019803e-05,,
2025-09-15 03:12:06,ADAM_lr0.0003,ADAM,2,MNIST,1,train_iter,3.9237284660339355,1.9801980198019803e-05,,1055.7787418365479
2025-09-15 03:12:07,ADAM_lr0.0003,ADAM,2,MNIST,2,train_eval,2.3303091526031494,2.9702970297029702e-05,,
2025-09-15 03:12:07,ADAM_lr0.0003,ADAM,2,MNIST,2,val_eval,2.3443572521209717,2.9702970297029702e-05,,
2025-09-15 03:12:07,ADAM_lr0.0003,ADAM,2,MNIST,2,train_iter,2.735084056854248,2.9702970297029702e-05,,1079.9996852874756
2025-09-15 03:12:08,ADAM_lr0.0003,ADAM,2,MNIST,3,train_eval,1.700777292251587,3.9603960396039605e-05,,
2025-09-15 03:12:08,ADAM_lr0.0003,ADAM,2,MNIST,3,val_eval,1.7274506092071533,3.9603960396039605e-05,,
2025-09-15 03:12:08,ADAM_lr0.0003,ADAM,2,MNIST,3,train_iter,2.1940581798553467,3.9603960396039605e-05,,1189.983606338501
2025-09-15 03:12:09,ADAM_lr0.0003,ADAM,2,MNIST,4,train_eval,1.5076990127563477,4.950495049504951e-05,,
2025-09-15 03:12:09,ADAM_lr0.0003,ADAM,2,MNIST,4,val_eval,1.4863030910491943,4.950495049504951e-05,,
2025-09-15 03:12:09,ADAM_lr0.0003,ADAM,2,MNIST,4,train_iter,1.4761645793914795,4.950495049504951e-05,,1036.1213684082031
2025-09-15 03:12:10,ADAM_lr0.0003,ADAM,2,MNIST,5,train_eval,1.4581496715545654,5.9405940594059404e-05,,
2025-09-15 03:12:10,ADAM_lr0.0003,ADAM,2,MNIST,5,val_eval,1.4291516542434692,5.9405940594059404e-05,,
2025-09-15 03:12:10,ADAM_lr0.0003,ADAM,2,MNIST,5,train_iter,1.6388452053070068,5.9405940594059404e-05,0.07008909414783622,1003.0121803283691
2025-09-15 03:12:11,ADAM_lr0.0003,ADAM,2,MNIST,6,train_eval,1.4300906658172607,6.930693069306931e-05,0.07008909414783622,
2025-09-15 03:12:11,ADAM_lr0.0003,ADAM,2,MNIST,6,val_eval,1.4348522424697876,6.930693069306931e-05,0.07008909414783622,
2025-09-15 03:12:11,ADAM_lr0.0003,ADAM,2,MNIST,6,train_iter,1.4588241577148438,6.930693069306931e-05,0.07250176991097028,746.1612224578857
2025-09-15 03:12:12,ADAM_lr0.0003,ADAM,2,MNIST,7,train_eval,1.3275772333145142,7.920792079207921e-05,0.07250176991097028,
2025-09-15 03:12:12,ADAM_lr0.0003,ADAM,2,MNIST,7,val_eval,1.3344361782073975,7.920792079207921e-05,0.07250176991097028,
2025-09-15 03:12:12,ADAM_lr0.0003,ADAM,2,MNIST,7,train_iter,1.3456017971038818,7.920792079207921e-05,0.07225070310324913,1004.4164657592773
2025-09-15 03:12:13,ADAM_lr0.0003,ADAM,2,MNIST,8,train_eval,1.3228267431259155,8.910891089108912e-05,0.07225070310324913,
2025-09-15 03:12:13,ADAM_lr0.0003,ADAM,2,MNIST,8,val_eval,1.3131033182144165,8.910891089108912e-05,0.07225070310324913,
2025-09-15 03:12:13,ADAM_lr0.0003,ADAM,2,MNIST,8,train_iter,1.3761285543441772,8.910891089108912e-05,0.07178618352164626,1039.8592948913574
2025-09-15 03:12:14,ADAM_lr0.0003,ADAM,2,MNIST,9,train_eval,1.239508867263794,9.900990099009902e-05,0.07178618352164626,
2025-09-15 03:12:14,ADAM_lr0.0003,ADAM,2,MNIST,9,val_eval,1.2355092763900757,9.900990099009902e-05,0.07178618352164626,
2025-09-15 03:12:14,ADAM_lr0.0003,ADAM,2,MNIST,9,train_iter,1.29160737991333,9.900990099009902e-05,0.07094651855281915,1109.0192794799805
2025-09-15 03:12:15,ADAM_lr0.0003,ADAM,2,MNIST,10,train_eval,1.1409698724746704,0.0001089108910891089,0.07094651855281915,
2025-09-15 03:12:15,ADAM_lr0.0003,ADAM,2,MNIST,10,val_eval,1.1891398429870605,0.0001089108910891089,0.07094651855281915,
2025-09-15 03:12:15,ADAM_lr0.0003,ADAM,2,MNIST,10,train_iter,1.071967601776123,0.0001089108910891089,0.07050851898330798,1056.0896396636963
2025-09-15 03:12:16,ADAM_lr0.0003,ADAM,2,MNIST,11,train_eval,1.1993499994277954,0.00011881188118811881,0.07050851898330798,
2025-09-15 03:12:16,ADAM_lr0.0003,ADAM,2,MNIST,11,val_eval,1.2074432373046875,0.00011881188118811881,0.07050851898330798,
2025-09-15 03:12:16,ADAM_lr0.0003,ADAM,2,MNIST,11,train_iter,1.3242924213409424,0.00011881188118811881,0.07268994442094405,761.4612579345703
2025-09-15 03:12:17,ADAM_lr0.0003,ADAM,2,MNIST,12,train_eval,1.1419216394424438,0.00012871287128712872,0.07268994442094405,
2025-09-15 03:12:17,ADAM_lr0.0003,ADAM,2,MNIST,12,val_eval,1.1507973670959473,0.00012871287128712872,0.07268994442094405,
2025-09-15 03:12:17,ADAM_lr0.0003,ADAM,2,MNIST,12,train_iter,1.1049540042877197,0.00012871287128712872,0.07217779035914668,1040.4303073883057
2025-09-15 03:12:18,ADAM_lr0.0003,ADAM,2,MNIST,13,train_eval,1.2877087593078613,0.00013861386138613863,0.07217779035914668,
2025-09-15 03:12:18,ADAM_lr0.0003,ADAM,2,MNIST,13,val_eval,1.2980475425720215,0.00013861386138613863,0.07217779035914668,
2025-09-15 03:12:18,ADAM_lr0.0003,ADAM,2,MNIST,13,train_iter,1.5833263397216797,0.00013861386138613863,0.07445393792318789,740.4756546020508
2025-09-15 03:12:18,ADAM_lr0.0003,ADAM,2,MNIST,14,train_eval,1.2720712423324585,0.0001485148514851485,0.07445393792318789,
2025-09-15 03:12:18,ADAM_lr0.0003,ADAM,2,MNIST,14,val_eval,1.2626731395721436,0.0001485148514851485,0.07445393792318789,
2025-09-15 03:12:18,ADAM_lr0.0003,ADAM,2,MNIST,14,train_iter,1.259037971496582,0.0001485148514851485,0.07661200619051659,732.029914855957
2025-09-15 03:12:19,ADAM_lr0.0003,ADAM,2,MNIST,15,train_eval,1.1393723487854004,0.00015841584158415842,0.07661200619051659,
2025-09-15 03:12:19,ADAM_lr0.0003,ADAM,2,MNIST,15,val_eval,1.1303545236587524,0.00015841584158415842,0.07661200619051659,
2025-09-15 03:12:19,ADAM_lr0.0003,ADAM,2,MNIST,15,train_iter,1.1900413036346436,0.00015841584158415842,0.0760048518223578,996.5941905975342
2025-09-15 03:12:20,ADAM_lr0.0003,ADAM,2,MNIST,16,train_eval,1.1590813398361206,0.00016831683168316833,0.0760048518223578,
2025-09-15 03:12:20,ADAM_lr0.0003,ADAM,2,MNIST,16,val_eval,1.1480908393859863,0.00016831683168316833,0.0760048518223578,
2025-09-15 03:12:20,ADAM_lr0.0003,ADAM,2,MNIST,16,train_iter,1.2301108837127686,0.00016831683168316833,0.07801984822399369,731.1148643493652
2025-09-15 03:12:21,ADAM_lr0.0003,ADAM,2,MNIST,17,train_eval,1.1143780946731567,0.00017821782178217824,0.07801984822399369,
2025-09-15 03:12:21,ADAM_lr0.0003,ADAM,2,MNIST,17,val_eval,1.1248019933700562,0.00017821782178217824,0.07801984822399369,
2025-09-15 03:12:21,ADAM_lr0.0003,ADAM,2,MNIST,17,train_iter,1.2037949562072754,0.00017821782178217824,0.07721348808396983,1004.9169063568115
2025-09-15 03:12:22,ADAM_lr0.0003,ADAM,2,MNIST,18,train_eval,1.1127653121948242,0.00018811881188118812,0.07721348808396983,
2025-09-15 03:12:22,ADAM_lr0.0003,ADAM,2,MNIST,18,val_eval,1.121960163116455,0.00018811881188118812,0.07721348808396983,
2025-09-15 03:12:22,ADAM_lr0.0003,ADAM,2,MNIST,18,train_iter,1.0845681428909302,0.00018811881188118812,0.07652662369030258,999.3655681610107
2025-09-15 03:12:23,ADAM_lr0.0003,ADAM,2,MNIST,19,train_eval,1.0937942266464233,0.00019801980198019803,0.07652662369030258,
2025-09-15 03:12:23,ADAM_lr0.0003,ADAM,2,MNIST,19,val_eval,1.1328973770141602,0.00019801980198019803,0.07652662369030258,
2025-09-15 03:12:23,ADAM_lr0.0003,ADAM,2,MNIST,19,train_iter,1.0257614850997925,0.00019801980198019803,0.07798330614078053,771.7373371124268
2025-09-15 03:12:24,ADAM_lr0.0003,ADAM,2,MNIST,20,train_eval,1.0906586647033691,0.00020792079207920794,0.07798330614078053,
2025-09-15 03:12:24,ADAM_lr0.0003,ADAM,2,MNIST,20,val_eval,1.125419020652771,0.00020792079207920794,0.07798330614078053,
2025-09-15 03:12:24,ADAM_lr0.0003,ADAM,2,MNIST,20,train_iter,1.109459400177002,0.00020792079207920794,0.07983579340507442,728.4379005432129
2025-09-15 03:12:24,ADAM_lr0.0003,ADAM,2,MNIST,21,train_eval,1.0823333263397217,0.0002178217821782178,0.07983579340507442,
2025-09-15 03:12:24,ADAM_lr0.0003,ADAM,2,MNIST,21,val_eval,1.1159844398498535,0.0002178217821782178,0.07983579340507442,
2025-09-15 03:12:25,ADAM_lr0.0003,ADAM,2,MNIST,21,train_iter,1.0845978260040283,0.0002178217821782178,0.07871469135661605,1024.4145393371582
2025-09-15 03:12:25,ADAM_lr0.0003,ADAM,2,MNIST,22,train_eval,1.0755648612976074,0.0002277227722772277,0.07871469135661605,
2025-09-15 03:12:25,ADAM_lr0.0003,ADAM,2,MNIST,22,val_eval,1.1065208911895752,0.0002277227722772277,0.07871469135661605,
2025-09-15 03:12:26,ADAM_lr0.0003,ADAM,2,MNIST,22,train_iter,1.079746961593628,0.0002277227722772277,0.07744942525676737,1064.1546249389648
2025-09-15 03:12:26,ADAM_lr0.0003,ADAM,2,MNIST,23,train_eval,1.082637906074524,0.00023762376237623762,0.07744942525676737,
2025-09-15 03:12:26,ADAM_lr0.0003,ADAM,2,MNIST,23,val_eval,1.1147209405899048,0.00023762376237623762,0.07744942525676737,
2025-09-15 03:12:26,ADAM_lr0.0003,ADAM,2,MNIST,23,train_iter,1.0917733907699585,0.00023762376237623762,0.07894485819810271,760.793924331665
2025-09-15 03:12:27,ADAM_lr0.0003,ADAM,2,MNIST,24,train_eval,1.0665931701660156,0.00024752475247524753,0.07894485819810271,
2025-09-15 03:12:27,ADAM_lr0.0003,ADAM,2,MNIST,24,val_eval,1.1041555404663086,0.00024752475247524753,0.07894485819810271,
2025-09-15 03:12:27,ADAM_lr0.0003,ADAM,2,MNIST,24,train_iter,0.9581774473190308,0.00024752475247524753,0.07807142487147188,1001.2774467468262
2025-09-15 03:12:28,ADAM_lr0.0003,ADAM,2,MNIST,25,train_eval,1.1089816093444824,0.00025742574257425744,0.07807142487147188,
2025-09-15 03:12:28,ADAM_lr0.0003,ADAM,2,MNIST,25,val_eval,1.101306438446045,0.00025742574257425744,0.07807142487147188,
2025-09-15 03:12:29,ADAM_lr0.0003,ADAM,2,MNIST,25,train_iter,1.3080605268478394,0.00025742574257425744,0.07572953470757421,1286.3123416900635
2025-09-15 03:12:29,ADAM_lr0.0003,ADAM,2,MNIST,26,train_eval,1.1021161079406738,0.00026732673267326735,0.07572953470757421,
2025-09-15 03:12:29,ADAM_lr0.0003,ADAM,2,MNIST,26,val_eval,1.1209063529968262,0.00026732673267326735,0.07572953470757421,
2025-09-15 03:12:29,ADAM_lr0.0003,ADAM,2,MNIST,26,train_iter,1.3531711101531982,0.00026732673267326735,0.07782757808507625,726.9179821014404
2025-09-15 03:12:30,ADAM_lr0.0003,ADAM,2,MNIST,27,train_eval,1.0825152397155762,0.00027722772277227726,0.07782757808507625,
2025-09-15 03:12:30,ADAM_lr0.0003,ADAM,2,MNIST,27,val_eval,1.0909448862075806,0.00027722772277227726,0.07782757808507625,
2025-09-15 03:12:31,ADAM_lr0.0003,ADAM,2,MNIST,27,train_iter,1.3730028867721558,0.00027722772277227726,0.07617628862750676,1146.547794342041
2025-09-15 03:12:31,ADAM_lr0.0003,ADAM,2,MNIST,28,train_eval,1.1061183214187622,0.00028712871287128717,0.07617628862750676,
2025-09-15 03:12:31,ADAM_lr0.0003,ADAM,2,MNIST,28,val_eval,1.1114693880081177,0.00028712871287128717,0.07617628862750676,
2025-09-15 03:12:31,ADAM_lr0.0003,ADAM,2,MNIST,28,train_iter,1.193120002746582,0.00028712871287128717,0.07748045105387841,787.9607677459717
2025-09-15 03:12:32,ADAM_lr0.0003,ADAM,2,MNIST,29,train_eval,1.1073830127716064,0.000297029702970297,0.07748045105387841,
2025-09-15 03:12:32,ADAM_lr0.0003,ADAM,2,MNIST,29,val_eval,1.1100105047225952,0.000297029702970297,0.07748045105387841,
2025-09-15 03:12:32,ADAM_lr0.0003,ADAM,2,MNIST,29,train_iter,1.1137123107910156,0.000297029702970297,0.07941558253354285,726.0036468505859
2025-09-15 03:12:33,ADAM_lr0.0003,ADAM,2,MNIST,30,train_eval,1.0733271837234497,0.00030693069306930693,0.07941558253354285,
2025-09-15 03:12:33,ADAM_lr0.0003,ADAM,2,MNIST,30,val_eval,1.0849319696426392,0.00030693069306930693,0.07941558253354285,
2025-09-15 03:12:33,ADAM_lr0.0003,ADAM,2,MNIST,30,train_iter,1.2899141311645508,0.00030693069306930693,0.07820866935646903,1043.8592433929443
2025-09-15 03:12:34,ADAM_lr0.0003,ADAM,2,MNIST,31,train_eval,1.079984426498413,0.00031683168316831684,0.07820866935646903,
2025-09-15 03:12:34,ADAM_lr0.0003,ADAM,2,MNIST,31,val_eval,1.0821763277053833,0.00031683168316831684,0.07820866935646903,
2025-09-15 03:12:34,ADAM_lr0.0003,ADAM,2,MNIST,31,train_iter,1.1301463842391968,0.00031683168316831684,0.07729303174441964,1018.0721282958984
2025-09-15 03:12:35,ADAM_lr0.0003,ADAM,2,MNIST,32,train_eval,1.0846967697143555,0.00032673267326732675,0.07729303174441964,
2025-09-15 03:12:35,ADAM_lr0.0003,ADAM,2,MNIST,32,val_eval,1.082342267036438,0.00032673267326732675,0.07729303174441964,
2025-09-15 03:12:35,ADAM_lr0.0003,ADAM,2,MNIST,32,train_iter,1.0925791263580322,0.00032673267326732675,0.07854696564242414,782.5710773468018
2025-09-15 03:12:36,ADAM_lr0.0003,ADAM,2,MNIST,33,train_eval,1.0653105974197388,0.00033663366336633666,0.07854696564242414,
2025-09-15 03:12:36,ADAM_lr0.0003,ADAM,2,MNIST,33,val_eval,1.0748581886291504,0.00033663366336633666,0.07854696564242414,
2025-09-15 03:12:36,ADAM_lr0.0003,ADAM,2,MNIST,33,train_iter,1.1125110387802124,0.00033663366336633666,0.07701879671471937,1111.1974716186523
2025-09-15 03:12:37,ADAM_lr0.0003,ADAM,2,MNIST,34,train_eval,1.047471284866333,0.00034653465346534657,0.07701879671471937,
2025-09-15 03:12:37,ADAM_lr0.0003,ADAM,2,MNIST,34,val_eval,1.0436211824417114,0.00034653465346534657,0.07701879671471937,
2025-09-15 03:12:37,ADAM_lr0.0003,ADAM,2,MNIST,34,train_iter,1.0075396299362183,0.00034653465346534657,0.07587310029403627,1072.2734928131104
2025-09-15 03:12:38,ADAM_lr0.0003,ADAM,2,MNIST,35,train_eval,1.0622836351394653,0.0003564356435643565,0.07587310029403627,
2025-09-15 03:12:38,ADAM_lr0.0003,ADAM,2,MNIST,35,val_eval,1.0615288019180298,0.0003564356435643565,0.07587310029403627,
2025-09-15 03:12:38,ADAM_lr0.0003,ADAM,2,MNIST,35,train_iter,0.912129282951355,0.0003564356435643565,0.07629099838059937,878.180980682373
2025-09-15 03:12:39,ADAM_lr0.0003,ADAM,2,MNIST,36,train_eval,1.055733561515808,0.00036633663366336634,0.07629099838059937,
2025-09-15 03:12:39,ADAM_lr0.0003,ADAM,2,MNIST,36,val_eval,1.062862753868103,0.00036633663366336634,0.07629099838059937,
2025-09-15 03:12:39,ADAM_lr0.0003,ADAM,2,MNIST,36,train_iter,0.8148926496505737,0.00036633663366336634,0.07360650322141163,1421.7560291290283
2025-09-15 03:12:41,ADAM_lr0.0003,ADAM,2,MNIST,37,train_eval,1.0576938390731812,0.00037623762376237625,0.07360650322141163,
2025-09-15 03:12:41,ADAM_lr0.0003,ADAM,2,MNIST,37,val_eval,1.0402120351791382,0.00037623762376237625,0.07360650322141163,
2025-09-15 03:12:42,ADAM_lr0.0003,ADAM,2,MNIST,37,train_iter,1.1098096370697021,0.00037623762376237625,0.0693960830769881,2231.5897941589355
2025-09-15 03:12:43,ADAM_lr0.0003,ADAM,2,MNIST,38,train_eval,1.062941551208496,0.00038613861386138616,0.0693960830769881,
2025-09-15 03:12:43,ADAM_lr0.0003,ADAM,2,MNIST,38,val_eval,1.0573177337646484,0.00038613861386138616,0.0693960830769881,
2025-09-15 03:12:43,ADAM_lr0.0003,ADAM,2,MNIST,38,train_iter,0.8775887489318848,0.00038613861386138616,0.06760423608429193,1365.6463623046875
2025-09-15 03:12:44,ADAM_lr0.0003,ADAM,2,MNIST,39,train_eval,1.0510950088500977,0.00039603960396039607,0.06760423608429193,
2025-09-15 03:12:44,ADAM_lr0.0003,ADAM,2,MNIST,39,val_eval,1.0416688919067383,0.00039603960396039607,0.06760423608429193,
2025-09-15 03:12:44,ADAM_lr0.0003,ADAM,2,MNIST,39,train_iter,0.9363850355148315,0.00039603960396039607,0.06690719750237556,1159.4219207763672
2025-09-15 03:12:45,ADAM_lr0.0003,ADAM,2,MNIST,40,train_eval,1.0519676208496094,0.000405940594059406,0.06690719750237556,
2025-09-15 03:12:45,ADAM_lr0.0003,ADAM,2,MNIST,40,val_eval,1.0164761543273926,0.000405940594059406,0.06690719750237556,
2025-09-15 03:12:46,ADAM_lr0.0003,ADAM,2,MNIST,40,train_iter,0.7902774810791016,0.000405940594059406,0.06481752952841655,1527.9161930084229
2025-09-15 03:12:47,ADAM_lr0.0003,ADAM,2,MNIST,41,train_eval,1.0408375263214111,0.0004158415841584159,0.06481752952841655,
2025-09-15 03:12:47,ADAM_lr0.0003,ADAM,2,MNIST,41,val_eval,1.033363699913025,0.0004158415841584159,0.06481752952841655,
2025-09-15 03:12:47,ADAM_lr0.0003,ADAM,2,MNIST,41,train_iter,0.8322514295578003,0.0004158415841584159,0.06316522969904988,1455.655813217163
2025-09-15 03:12:48,ADAM_lr0.0003,ADAM,2,MNIST,42,train_eval,1.0481526851654053,0.0004257425742574258,0.06316522969904988,
2025-09-15 03:12:48,ADAM_lr0.0003,ADAM,2,MNIST,42,val_eval,1.0651216506958008,0.0004257425742574258,0.06316522969904988,
2025-09-15 03:12:48,ADAM_lr0.0003,ADAM,2,MNIST,42,train_iter,1.1706990003585815,0.0004257425742574258,0.06384135347123769,1005.3448677062988
2025-09-15 03:12:49,ADAM_lr0.0003,ADAM,2,MNIST,43,train_eval,1.026739478111267,0.0004356435643564356,0.06384135347123769,
2025-09-15 03:12:49,ADAM_lr0.0003,ADAM,2,MNIST,43,val_eval,1.0168957710266113,0.0004356435643564356,0.06384135347123769,
2025-09-15 03:12:49,ADAM_lr0.0003,ADAM,2,MNIST,43,train_iter,0.9435915946960449,0.0004356435643564356,0.06523433171225752,903.9371013641357
2025-09-15 03:12:50,ADAM_lr0.0003,ADAM,2,MNIST,44,train_eval,1.0432525873184204,0.0004455445544554455,0.06523433171225752,
2025-09-15 03:12:50,ADAM_lr0.0003,ADAM,2,MNIST,44,val_eval,1.0312156677246094,0.0004455445544554455,0.06523433171225752,
2025-09-15 03:12:50,ADAM_lr0.0003,ADAM,2,MNIST,44,train_iter,1.0160207748413086,0.0004455445544554455,0.06642367772027866,911.4770889282227
2025-09-15 03:12:51,ADAM_lr0.0003,ADAM,2,MNIST,45,train_eval,1.0694705247879028,0.0004554455445544554,0.06642367772027866,
2025-09-15 03:12:51,ADAM_lr0.0003,ADAM,2,MNIST,45,val_eval,1.0492711067199707,0.0004554455445544554,0.06642367772027866,
2025-09-15 03:12:51,ADAM_lr0.0003,ADAM,2,MNIST,45,train_iter,1.1719797849655151,0.0004554455445544554,0.0673614694680148,927.4239540100098
2025-09-15 03:12:52,ADAM_lr0.0003,ADAM,2,MNIST,46,train_eval,1.0348113775253296,0.0004653465346534653,0.0673614694680148,
2025-09-15 03:12:52,ADAM_lr0.0003,ADAM,2,MNIST,46,val_eval,1.0321043729782104,0.0004653465346534653,0.0673614694680148,
2025-09-15 03:12:52,ADAM_lr0.0003,ADAM,2,MNIST,46,train_iter,0.8669509887695312,0.0004653465346534653,0.06619082682285671,1263.1418704986572
2025-09-15 03:12:53,ADAM_lr0.0003,ADAM,2,MNIST,47,train_eval,1.029639720916748,0.00047524752475247524,0.06619082682285671,
2025-09-15 03:12:53,ADAM_lr0.0003,ADAM,2,MNIST,47,val_eval,1.0504895448684692,0.00047524752475247524,0.06619082682285671,
2025-09-15 03:12:53,ADAM_lr0.0003,ADAM,2,MNIST,47,train_iter,0.9571661949157715,0.00047524752475247524,0.06735817543719251,902.855396270752
2025-09-15 03:12:55,ADAM_lr0.0003,ADAM,2,MNIST,48,train_eval,1.0297534465789795,0.00048514851485148515,0.06735817543719251,
2025-09-15 03:12:55,ADAM_lr0.0003,ADAM,2,MNIST,48,val_eval,1.02315092086792,0.00048514851485148515,0.06735817543719251,
2025-09-15 03:12:55,ADAM_lr0.0003,ADAM,2,MNIST,48,train_iter,1.3325880765914917,0.00048514851485148515,0.06496521144024583,1618.7562942504883
2025-09-15 03:12:57,ADAM_lr0.0003,ADAM,2,MNIST,49,train_eval,1.0163294076919556,0.0004950495049504951,0.06496521144024583,
2025-09-15 03:12:57,ADAM_lr0.0003,ADAM,2,MNIST,49,val_eval,1.0139458179473877,0.0004950495049504951,0.06496521144024583,
2025-09-15 03:12:57,ADAM_lr0.0003,ADAM,2,MNIST,49,train_iter,1.2821124792099,0.0004950495049504951,0.06125152254931523,2526.2110233306885
2025-09-15 03:12:59,ADAM_lr0.0003,ADAM,2,MNIST,50,train_eval,1.0160741806030273,0.000504950495049505,0.06125152254931523,
2025-09-15 03:12:59,ADAM_lr0.0003,ADAM,2,MNIST,50,val_eval,1.0439409017562866,0.000504950495049505,0.06125152254931523,
2025-09-15 03:12:59,ADAM_lr0.0003,ADAM,2,MNIST,50,train_iter,0.9446828365325928,0.000504950495049505,0.05967068046156568,1546.9942092895508
2025-09-15 03:13:00,ADAM_lr0.0003,ADAM,2,MNIST,51,train_eval,1.029830813407898,0.0005148514851485149,0.05967068046156568,
2025-09-15 03:13:00,ADAM_lr0.0003,ADAM,2,MNIST,51,val_eval,1.0522782802581787,0.0005148514851485149,0.05967068046156568,
2025-09-15 03:13:00,ADAM_lr0.0003,ADAM,2,MNIST,51,train_iter,1.1908233165740967,0.0005148514851485149,0.05918771027859536,1281.8920612335205
2025-09-15 03:13:01,ADAM_lr0.0003,ADAM,2,MNIST,52,train_eval,1.0476939678192139,0.0005247524752475248,0.05918771027859536,
2025-09-15 03:13:01,ADAM_lr0.0003,ADAM,2,MNIST,52,val_eval,1.0404106378555298,0.0005247524752475248,0.05918771027859536,
2025-09-15 03:13:01,ADAM_lr0.0003,ADAM,2,MNIST,52,train_iter,0.6239356994628906,0.0005247524752475248,0.0588434924668015,1261.0914707183838
2025-09-15 03:13:03,ADAM_lr0.0003,ADAM,2,MNIST,53,train_eval,1.034734845161438,0.0005346534653465347,0.0588434924668015,
2025-09-15 03:13:03,ADAM_lr0.0003,ADAM,2,MNIST,53,val_eval,1.0486973524093628,0.0005346534653465347,0.0588434924668015,
2025-09-15 03:13:03,ADAM_lr0.0003,ADAM,2,MNIST,53,train_iter,1.2368829250335693,0.0005346534653465347,0.058434169068086295,1284.0161323547363
2025-09-15 03:13:04,ADAM_lr0.0003,ADAM,2,MNIST,54,train_eval,1.028489589691162,0.0005445544554455446,0.058434169068086295,
2025-09-15 03:13:04,ADAM_lr0.0003,ADAM,2,MNIST,54,val_eval,1.0484427213668823,0.0005445544554455446,0.058434169068086295,
2025-09-15 03:13:04,ADAM_lr0.0003,ADAM,2,MNIST,54,train_iter,0.9476795196533203,0.0005445544554455446,0.05846463058729173,1196.8278884887695
2025-09-15 03:13:05,ADAM_lr0.0003,ADAM,2,MNIST,55,train_eval,1.031545877456665,0.0005544554455445545,0.05846463058729173,
2025-09-15 03:13:05,ADAM_lr0.0003,ADAM,2,MNIST,55,val_eval,1.0284935235977173,0.0005544554455445545,0.05846463058729173,
2025-09-15 03:13:05,ADAM_lr0.0003,ADAM,2,MNIST,55,train_iter,0.8668990135192871,0.0005544554455445545,0.05747400401786248,1447.746753692627
2025-09-15 03:13:07,ADAM_lr0.0003,ADAM,2,MNIST,56,train_eval,1.0418626070022583,0.0005643564356435644,0.05747400401786248,
2025-09-15 03:13:07,ADAM_lr0.0003,ADAM,2,MNIST,56,val_eval,1.018548607826233,0.0005643564356435644,0.05747400401786248,
2025-09-15 03:13:07,ADAM_lr0.0003,ADAM,2,MNIST,56,train_iter,1.0186113119125366,0.0005643564356435644,0.0554343217403721,1896.0506916046143
2025-09-15 03:13:08,ADAM_lr0.0003,ADAM,2,MNIST,57,train_eval,1.034067153930664,0.0005742574257425743,0.0554343217403721,
2025-09-15 03:13:08,ADAM_lr0.0003,ADAM,2,MNIST,57,val_eval,1.0265898704528809,0.0005742574257425743,0.0554343217403721,
2025-09-15 03:13:08,ADAM_lr0.0003,ADAM,2,MNIST,57,train_iter,1.1710180044174194,0.0005742574257425743,0.05570005417678813,1210.160493850708
2025-09-15 03:13:10,ADAM_lr0.0003,ADAM,2,MNIST,58,train_eval,1.0175611972808838,0.0005841584158415842,0.05570005417678813,
2025-09-15 03:13:10,ADAM_lr0.0003,ADAM,2,MNIST,58,val_eval,1.012783408164978,0.0005841584158415842,0.05570005417678813,
2025-09-15 03:13:11,ADAM_lr0.0003,ADAM,2,MNIST,58,train_iter,1.0863598585128784,0.0005841584158415842,0.05328347280098382,2229.3295860290527
2025-09-15 03:13:12,ADAM_lr0.0003,ADAM,2,MNIST,59,train_eval,1.0098004341125488,0.000594059405940594,0.05328347280098382,
2025-09-15 03:13:12,ADAM_lr0.0003,ADAM,2,MNIST,59,val_eval,1.0223381519317627,0.000594059405940594,0.05328347280098382,
2025-09-15 03:13:12,ADAM_lr0.0003,ADAM,2,MNIST,59,train_iter,1.0374231338500977,0.000594059405940594,0.052914046621024,1417.6514148712158
2025-09-15 03:13:13,ADAM_lr0.0003,ADAM,2,MNIST,60,train_eval,1.0146093368530273,0.000603960396039604,0.052914046621024,
2025-09-15 03:13:13,ADAM_lr0.0003,ADAM,2,MNIST,60,val_eval,1.0262303352355957,0.000603960396039604,0.052914046621024,
2025-09-15 03:13:13,ADAM_lr0.0003,ADAM,2,MNIST,60,train_iter,1.051969051361084,0.000603960396039604,0.05538295314874573,905.8942794799805
2025-09-15 03:13:14,ADAM_lr0.0003,ADAM,2,MNIST,61,train_eval,1.0137896537780762,0.0006138613861386139,0.05538295314874573,
2025-09-15 03:13:14,ADAM_lr0.0003,ADAM,2,MNIST,61,val_eval,1.0103105306625366,0.0006138613861386139,0.05538295314874573,
2025-09-15 03:13:14,ADAM_lr0.0003,ADAM,2,MNIST,61,train_iter,1.026946783065796,0.0006138613861386139,0.05494876553054559,1377.326250076294
2025-09-15 03:13:16,ADAM_lr0.0003,ADAM,2,MNIST,62,train_eval,1.0132654905319214,0.0006237623762376238,0.05494876553054559,
2025-09-15 03:13:16,ADAM_lr0.0003,ADAM,2,MNIST,62,val_eval,1.0079200267791748,0.0006237623762376238,0.05494876553054559,
2025-09-15 03:13:16,ADAM_lr0.0003,ADAM,2,MNIST,62,train_iter,1.045872449874878,0.0006237623762376238,0.052853529454571106,2067.8720474243164
2025-09-15 03:13:17,ADAM_lr0.0003,ADAM,2,MNIST,63,train_eval,1.0093330144882202,0.0006336633663366337,0.052853529454571106,
2025-09-15 03:13:17,ADAM_lr0.0003,ADAM,2,MNIST,63,val_eval,1.0302931070327759,0.0006336633663366337,0.052853529454571106,
2025-09-15 03:13:17,ADAM_lr0.0003,ADAM,2,MNIST,63,train_iter,0.6278187036514282,0.0006336633663366337,0.0552867279272407,910.7954502105713
2025-09-15 03:13:18,ADAM_lr0.0003,ADAM,2,MNIST,64,train_eval,1.0191190242767334,0.0006435643564356436,0.0552867279272407,
2025-09-15 03:13:18,ADAM_lr0.0003,ADAM,2,MNIST,64,val_eval,1.0441429615020752,0.0006435643564356436,0.0552867279272407,
2025-09-15 03:13:18,ADAM_lr0.0003,ADAM,2,MNIST,64,train_iter,0.9463207125663757,0.0006435643564356436,0.05753994698566252,903.3820629119873
2025-09-15 03:13:19,ADAM_lr0.0003,ADAM,2,MNIST,65,train_eval,1.0329166650772095,0.0006534653465346535,0.05753994698566252,
2025-09-15 03:13:19,ADAM_lr0.0003,ADAM,2,MNIST,65,val_eval,1.0466123819351196,0.0006534653465346535,0.05753994698566252,
2025-09-15 03:13:19,ADAM_lr0.0003,ADAM,2,MNIST,65,train_iter,0.9344457387924194,0.0006534653465346535,0.059561987063107995,904.0625095367432
2025-09-15 03:13:20,ADAM_lr0.0003,ADAM,2,MNIST,66,train_eval,1.0450056791305542,0.0006633663366336634,0.059561987063107995,
2025-09-15 03:13:20,ADAM_lr0.0003,ADAM,2,MNIST,66,val_eval,1.051730751991272,0.0006633663366336634,0.059561987063107995,
2025-09-15 03:13:20,ADAM_lr0.0003,ADAM,2,MNIST,66,train_iter,1.158155918121338,0.0006633663366336634,0.061343389309578895,908.5531234741211
2025-09-15 03:13:21,ADAM_lr0.0003,ADAM,2,MNIST,67,train_eval,1.0211360454559326,0.0006732673267326733,0.061343389309578895,
2025-09-15 03:13:21,ADAM_lr0.0003,ADAM,2,MNIST,67,val_eval,1.0228118896484375,0.0006732673267326733,0.061343389309578895,
2025-09-15 03:13:21,ADAM_lr0.0003,ADAM,2,MNIST,67,train_iter,1.2192800045013428,0.0006732673267326733,0.06294715492018012,908.4939956665039
2025-09-15 03:13:22,ADAM_lr0.0003,ADAM,2,MNIST,68,train_eval,1.0325614213943481,0.0006831683168316832,0.06294715492018012,
2025-09-15 03:13:22,ADAM_lr0.0003,ADAM,2,MNIST,68,val_eval,1.0271143913269043,0.0006831683168316832,0.06294715492018012,
2025-09-15 03:13:22,ADAM_lr0.0003,ADAM,2,MNIST,68,train_iter,0.8499405384063721,0.0006831683168316832,0.06445454354150199,901.0417461395264
2025-09-15 03:13:23,ADAM_lr0.0003,ADAM,2,MNIST,69,train_eval,1.0268722772598267,0.0006930693069306931,0.06445454354150199,
2025-09-15 03:13:23,ADAM_lr0.0003,ADAM,2,MNIST,69,val_eval,1.0270521640777588,0.0006930693069306931,0.06445454354150199,
2025-09-15 03:13:23,ADAM_lr0.0003,ADAM,2,MNIST,69,train_iter,1.1350648403167725,0.0006930693069306931,0.06574164974375407,909.1453552246094
2025-09-15 03:13:24,ADAM_lr0.0003,ADAM,2,MNIST,70,train_eval,1.0100178718566895,0.000702970297029703,0.06574164974375407,
2025-09-15 03:13:24,ADAM_lr0.0003,ADAM,2,MNIST,70,val_eval,1.019615888595581,0.000702970297029703,0.06574164974375407,
2025-09-15 03:13:24,ADAM_lr0.0003,ADAM,2,MNIST,70,train_iter,0.9919878840446472,0.000702970297029703,0.06495252917159516,1215.2061462402344
2025-09-15 03:13:26,ADAM_lr0.0003,ADAM,2,MNIST,71,train_eval,1.0492547750473022,0.000712871287128713,0.06495252917159516,
2025-09-15 03:13:26,ADAM_lr0.0003,ADAM,2,MNIST,71,val_eval,1.0426069498062134,0.000712871287128713,0.06495252917159516,
2025-09-15 03:13:26,ADAM_lr0.0003,ADAM,2,MNIST,71,train_iter,0.9489203691482544,0.000712871287128713,0.06256253067588348,1712.44478225708
2025-09-15 03:13:27,ADAM_lr0.0003,ADAM,2,MNIST,72,train_eval,1.0243675708770752,0.0007227722772277228,0.06256253067588348,
2025-09-15 03:13:27,ADAM_lr0.0003,ADAM,2,MNIST,72,val_eval,1.0185952186584473,0.0007227722772277228,0.06256253067588348,
2025-09-15 03:13:27,ADAM_lr0.0003,ADAM,2,MNIST,72,train_iter,1.006657600402832,0.0007227722772277228,0.062152329448969944,1202.5246620178223
2025-09-15 03:13:28,ADAM_lr0.0003,ADAM,2,MNIST,73,train_eval,1.0231027603149414,0.0007326732673267327,0.062152329448969944,
2025-09-15 03:13:28,ADAM_lr0.0003,ADAM,2,MNIST,73,val_eval,1.0137511491775513,0.0007326732673267327,0.062152329448969944,
2025-09-15 03:13:28,ADAM_lr0.0003,ADAM,2,MNIST,73,train_iter,0.7541438937187195,0.0007326732673267327,0.061683609420475405,1223.3543395996094
2025-09-15 03:13:29,ADAM_lr0.0003,ADAM,2,MNIST,74,train_eval,1.0413967370986938,0.0007425742574257426,0.061683609420475405,
2025-09-15 03:13:29,ADAM_lr0.0003,ADAM,2,MNIST,74,val_eval,1.0346516370773315,0.0007425742574257426,0.061683609420475405,
2025-09-15 03:13:29,ADAM_lr0.0003,ADAM,2,MNIST,74,train_iter,0.9106936454772949,0.0007425742574257426,0.06118574579628482,1239.7539615631104
2025-09-15 03:13:31,ADAM_lr0.0003,ADAM,2,MNIST,75,train_eval,1.0308728218078613,0.0007524752475247525,0.06118574579628482,
2025-09-15 03:13:31,ADAM_lr0.0003,ADAM,2,MNIST,75,val_eval,1.0396264791488647,0.0007524752475247525,0.06118574579628482,
2025-09-15 03:13:31,ADAM_lr0.0003,ADAM,2,MNIST,75,train_iter,1.0969016551971436,0.0007524752475247525,0.05975043996266352,1501.0929107666016
2025-09-15 03:13:32,ADAM_lr0.0003,ADAM,2,MNIST,76,train_eval,1.0229624509811401,0.0007623762376237624,0.05975043996266352,
2025-09-15 03:13:32,ADAM_lr0.0003,ADAM,2,MNIST,76,val_eval,1.0462113618850708,0.0007623762376237624,0.05975043996266352,
2025-09-15 03:13:32,ADAM_lr0.0003,ADAM,2,MNIST,76,train_iter,1.0429558753967285,0.0007623762376237624,0.05912455421923037,1314.2294883728027
2025-09-15 03:13:33,ADAM_lr0.0003,ADAM,2,MNIST,77,train_eval,1.0301083326339722,0.0007722772277227723,0.05912455421923037,
2025-09-15 03:13:33,ADAM_lr0.0003,ADAM,2,MNIST,77,val_eval,1.0393909215927124,0.0007722772277227723,0.05912455421923037,
2025-09-15 03:13:33,ADAM_lr0.0003,ADAM,2,MNIST,77,train_iter,1.1397660970687866,0.0007722772277227723,0.06050580141666676,963.8481140136719
2025-09-15 03:13:35,ADAM_lr0.0003,ADAM,2,MNIST,78,train_eval,1.0888876914978027,0.0007821782178217822,0.06050580141666676,
2025-09-15 03:13:35,ADAM_lr0.0003,ADAM,2,MNIST,78,val_eval,1.0736651420593262,0.0007821782178217822,0.06050580141666676,
2025-09-15 03:13:35,ADAM_lr0.0003,ADAM,2,MNIST,78,train_iter,1.234045147895813,0.0007821782178217822,0.05920611129698875,1479.7272682189941
2025-09-15 03:13:36,ADAM_lr0.0003,ADAM,2,MNIST,79,train_eval,1.0234664678573608,0.0007920792079207921,0.05920611129698875,
2025-09-15 03:13:36,ADAM_lr0.0003,ADAM,2,MNIST,79,val_eval,1.049565315246582,0.0007920792079207921,0.05920611129698875,
2025-09-15 03:13:36,ADAM_lr0.0003,ADAM,2,MNIST,79,train_iter,0.9841692447662354,0.0007920792079207921,0.059158069511955715,1197.0946788787842
2025-09-15 03:13:37,ADAM_lr0.0003,ADAM,2,MNIST,80,train_eval,1.0094342231750488,0.000801980198019802,0.059158069511955715,
2025-09-15 03:13:37,ADAM_lr0.0003,ADAM,2,MNIST,80,val_eval,1.0340359210968018,0.000801980198019802,0.059158069511955715,
2025-09-15 03:13:37,ADAM_lr0.0003,ADAM,2,MNIST,80,train_iter,1.3031195402145386,0.000801980198019802,0.06000647030038398,1039.297103881836
2025-09-15 03:13:38,ADAM_lr0.0003,ADAM,2,MNIST,81,train_eval,1.0080457925796509,0.000811881188118812,0.06000647030038398,
2025-09-15 03:13:38,ADAM_lr0.0003,ADAM,2,MNIST,81,val_eval,1.0257240533828735,0.000811881188118812,0.06000647030038398,
2025-09-15 03:13:38,ADAM_lr0.0003,ADAM,2,MNIST,81,train_iter,1.1261765956878662,0.000811881188118812,0.060449376461722035,1091.0162925720215
2025-09-15 03:13:39,ADAM_lr0.0003,ADAM,2,MNIST,82,train_eval,1.0126852989196777,0.0008217821782178219,0.060449376461722035,
2025-09-15 03:13:39,ADAM_lr0.0003,ADAM,2,MNIST,82,val_eval,1.0033122301101685,0.0008217821782178219,0.060449376461722035,
2025-09-15 03:13:40,ADAM_lr0.0003,ADAM,2,MNIST,82,train_iter,1.1873183250427246,0.0008217821782178219,0.057744448989346636,2104.790449142456
2025-09-15 03:13:41,ADAM_lr0.0003,ADAM,2,MNIST,83,train_eval,1.0155349969863892,0.0008316831683168318,0.057744448989346636,
2025-09-15 03:13:41,ADAM_lr0.0003,ADAM,2,MNIST,83,val_eval,1.0019519329071045,0.0008316831683168318,0.057744448989346636,
2025-09-15 03:13:42,ADAM_lr0.0003,ADAM,2,MNIST,83,train_iter,1.187432050704956,0.0008316831683168318,0.055786761130465205,1841.8834209442139
2025-09-15 03:13:44,ADAM_lr0.0003,ADAM,2,MNIST,84,train_eval,1.001866102218628,0.0008415841584158417,0.055786761130465205,
2025-09-15 03:13:44,ADAM_lr0.0003,ADAM,2,MNIST,84,val_eval,1.023720145225525,0.0008415841584158417,0.055786761130465205,
2025-09-15 03:13:44,ADAM_lr0.0003,ADAM,2,MNIST,84,train_iter,1.0448148250579834,0.0008415841584158417,0.05366771883790861,2032.013177871704
2025-09-15 03:13:46,ADAM_lr0.0003,ADAM,2,MNIST,85,train_eval,1.038960337638855,0.0008514851485148516,0.05366771883790861,
2025-09-15 03:13:46,ADAM_lr0.0003,ADAM,2,MNIST,85,val_eval,1.0338997840881348,0.0008514851485148516,0.05366771883790861,
2025-09-15 03:13:46,ADAM_lr0.0003,ADAM,2,MNIST,85,train_iter,1.024613618850708,0.0008514851485148516,0.052053283393261165,1873.5051155090332
2025-09-15 03:13:48,ADAM_lr0.0003,ADAM,2,MNIST,86,train_eval,1.0376332998275757,0.0008613861386138615,0.052053283393261165,
2025-09-15 03:13:48,ADAM_lr0.0003,ADAM,2,MNIST,86,val_eval,1.0222806930541992,0.0008613861386138615,0.052053283393261165,
2025-09-15 03:13:48,ADAM_lr0.0003,ADAM,2,MNIST,86,train_iter,1.0004990100860596,0.0008613861386138615,0.05033544540328093,2015.782356262207
2025-09-15 03:13:49,ADAM_lr0.0003,ADAM,2,MNIST,87,train_eval,1.0402021408081055,0.0008712871287128712,0.05033544540328093,
2025-09-15 03:13:49,ADAM_lr0.0003,ADAM,2,MNIST,87,val_eval,1.0250717401504517,0.0008712871287128712,0.05033544540328093,
2025-09-15 03:13:49,ADAM_lr0.0003,ADAM,2,MNIST,87,train_iter,1.0223325490951538,0.0008712871287128712,0.05065460636670577,1313.3585453033447
2025-09-15 03:13:50,ADAM_lr0.0003,ADAM,2,MNIST,88,train_eval,1.011905550956726,0.0008811881188118811,0.05065460636670577,
2025-09-15 03:13:50,ADAM_lr0.0003,ADAM,2,MNIST,88,val_eval,1.0505647659301758,0.0008811881188118811,0.05065460636670577,
2025-09-15 03:13:50,ADAM_lr0.0003,ADAM,2,MNIST,88,train_iter,0.984056830406189,0.0008811881188118811,0.05216820054758217,1068.5458183288574
2025-09-15 03:13:52,ADAM_lr0.0003,ADAM,2,MNIST,89,train_eval,1.0093578100204468,0.000891089108910891,0.05216820054758217,
2025-09-15 03:13:52,ADAM_lr0.0003,ADAM,2,MNIST,89,val_eval,1.0254716873168945,0.000891089108910891,0.05216820054758217,
2025-09-15 03:13:52,ADAM_lr0.0003,ADAM,2,MNIST,89,train_iter,1.0754010677337646,0.000891089108910891,0.05030629183069152,2095.4418182373047
2025-09-15 03:13:54,ADAM_lr0.0003,ADAM,2,MNIST,90,train_eval,0.9969265460968018,0.0009009900990099009,0.05030629183069152,
2025-09-15 03:13:54,ADAM_lr0.0003,ADAM,2,MNIST,90,val_eval,1.019466519355774,0.0009009900990099009,0.05030629183069152,
2025-09-15 03:13:54,ADAM_lr0.0003,ADAM,2,MNIST,90,train_iter,0.9416831731796265,0.0009009900990099009,0.049277746800327156,1756.5901279449463
2025-09-15 03:13:56,ADAM_lr0.0003,ADAM,2,MNIST,91,train_eval,1.0072864294052124,0.0009108910891089108,0.049277746800327156,
2025-09-15 03:13:56,ADAM_lr0.0003,ADAM,2,MNIST,91,val_eval,1.0227341651916504,0.0009108910891089108,0.049277746800327156,
2025-09-15 03:13:56,ADAM_lr0.0003,ADAM,2,MNIST,91,train_iter,0.9440723657608032,0.0009108910891089108,0.04775854147549613,2062.455177307129
2025-09-15 03:13:58,ADAM_lr0.0003,ADAM,2,MNIST,92,train_eval,1.0357040166854858,0.0009207920792079207,0.04775854147549613,
2025-09-15 03:13:58,ADAM_lr0.0003,ADAM,2,MNIST,92,val_eval,1.032100796699524,0.0009207920792079207,0.04775854147549613,
2025-09-15 03:13:58,ADAM_lr0.0003,ADAM,2,MNIST,92,train_iter,1.1856276988983154,0.0009207920792079207,0.046003472517292976,2327.216625213623
2025-09-15 03:14:00,ADAM_lr0.0003,ADAM,2,MNIST,93,train_eval,1.0292701721191406,0.0009306930693069307,0.046003472517292976,
2025-09-15 03:14:00,ADAM_lr0.0003,ADAM,2,MNIST,93,val_eval,1.003676414489746,0.0009306930693069307,0.046003472517292976,
2025-09-15 03:14:00,ADAM_lr0.0003,ADAM,2,MNIST,93,train_iter,1.035291314125061,0.0009306930693069307,0.04540041820482203,1758.6956024169922
2025-09-15 03:14:02,ADAM_lr0.0003,ADAM,2,MNIST,94,train_eval,1.0204755067825317,0.0009405940594059406,0.04540041820482203,
2025-09-15 03:14:02,ADAM_lr0.0003,ADAM,2,MNIST,94,val_eval,1.0461043119430542,0.0009405940594059406,0.04540041820482203,
2025-09-15 03:14:02,ADAM_lr0.0003,ADAM,2,MNIST,94,train_iter,1.1761112213134766,0.0009405940594059406,0.04507006667372965,1669.96169090271
2025-09-15 03:14:03,ADAM_lr0.0003,ADAM,2,MNIST,95,train_eval,1.023435115814209,0.0009504950495049505,0.04507006667372965,
2025-09-15 03:14:03,ADAM_lr0.0003,ADAM,2,MNIST,95,val_eval,1.0122150182724,0.0009504950495049505,0.04507006667372965,
2025-09-15 03:14:03,ADAM_lr0.0003,ADAM,2,MNIST,95,train_iter,1.0716394186019897,0.0009504950495049505,0.0447532528102828,1677.732229232788
2025-09-15 03:14:05,ADAM_lr0.0003,ADAM,2,MNIST,96,train_eval,1.0326545238494873,0.0009603960396039604,0.0447532528102828,
2025-09-15 03:14:05,ADAM_lr0.0003,ADAM,2,MNIST,96,val_eval,1.0374081134796143,0.0009603960396039604,0.0447532528102828,
2025-09-15 03:14:05,ADAM_lr0.0003,ADAM,2,MNIST,96,train_iter,0.8286862373352051,0.0009603960396039604,0.045067836499948985,1467.6733016967773
2025-09-15 03:14:07,ADAM_lr0.0003,ADAM,2,MNIST,97,train_eval,0.9973618984222412,0.0009702970297029703,0.045067836499948985,
2025-09-15 03:14:07,ADAM_lr0.0003,ADAM,2,MNIST,97,val_eval,1.02239191532135,0.0009702970297029703,0.045067836499948985,
2025-09-15 03:14:07,ADAM_lr0.0003,ADAM,2,MNIST,97,train_iter,1.009225845336914,0.0009702970297029703,0.04468329898475842,1705.3861618041992
2025-09-15 03:14:09,ADAM_lr0.0003,ADAM,2,MNIST,98,train_eval,1.009902000427246,0.0009801980198019802,0.04468329898475842,
2025-09-15 03:14:09,ADAM_lr0.0003,ADAM,2,MNIST,98,val_eval,1.0175517797470093,0.0009801980198019802,0.04468329898475842,
2025-09-15 03:14:09,ADAM_lr0.0003,ADAM,2,MNIST,98,train_iter,0.9071192145347595,0.0009801980198019802,0.04332160268085933,2262.906551361084
2025-09-15 03:14:10,ADAM_lr0.0003,ADAM,2,MNIST,99,train_eval,1.0179907083511353,0.0009900990099009901,0.04332160268085933,
2025-09-15 03:14:10,ADAM_lr0.0003,ADAM,2,MNIST,99,val_eval,1.0295031070709229,0.0009900990099009901,0.04332160268085933,
2025-09-15 03:14:10,ADAM_lr0.0003,ADAM,2,MNIST,99,train_iter,1.1608080863952637,0.0009900990099009901,0.044097098194744604,1376.3694763183594
2025-09-15 03:14:11,ADAM_lr0.0003,ADAM,2,MNIST,100,train_eval,1.010082721710205,0.001,0.044097098194744604,
2025-09-15 03:14:11,ADAM_lr0.0003,ADAM,2,MNIST,100,val_eval,1.0223701000213623,0.001,0.044097098194744604,
2025-09-15 03:18:01,ADAM_lr0.0003,ADAM,2,MNIST,100,train_iter,1.0906028747558594,0.001,0.03971790388738151,230375.3411769867
2025-09-15 03:18:02,ADAM_lr0.0003,ADAM,2,MNIST,101,train_eval,1.0059434175491333,0.000999999907510999,0.03971790388738151,
2025-09-15 03:18:02,ADAM_lr0.0003,ADAM,2,MNIST,101,val_eval,1.0380699634552002,0.000999999907510999,0.03971790388738151,
2025-09-15 03:18:02,ADAM_lr0.0003,ADAM,2,MNIST,101,train_iter,0.726170539855957,0.000999999907510999,0.04298071236269367,971.7223644256592
2025-09-15 03:18:03,ADAM_lr0.0003,ADAM,2,MNIST,102,train_eval,1.0164847373962402,0.000999999630044034,0.04298071236269367,
2025-09-15 03:18:03,ADAM_lr0.0003,ADAM,2,MNIST,102,val_eval,1.0148147344589233,0.000999999630044034,0.04298071236269367,
2025-09-15 03:18:03,ADAM_lr0.0003,ADAM,2,MNIST,102,train_iter,1.0189570188522339,0.000999999630044034,0.04544593036417604,1039.438247680664
2025-09-15 03:18:04,ADAM_lr0.0003,ADAM,2,MNIST,103,train_eval,1.0045510530471802,0.0009999991675992191,0.04544593036417604,
2025-09-15 03:18:04,ADAM_lr0.0003,ADAM,2,MNIST,103,val_eval,1.0170494318008423,0.0009999991675992191,0.04544593036417604,
2025-09-15 03:18:04,ADAM_lr0.0003,ADAM,2,MNIST,103,train_iter,0.9848850965499878,0.0009999991675992191,0.04741310388410944,1079.587459564209
2025-09-15 03:18:05,ADAM_lr0.0003,ADAM,2,MNIST,104,train_eval,1.0159592628479004,0.0009999985201767443,0.04741310388410944,
2025-09-15 03:18:05,ADAM_lr0.0003,ADAM,2,MNIST,104,val_eval,1.0196701288223267,0.0009999985201767443,0.04741310388410944,
2025-09-15 03:18:05,ADAM_lr0.0003,ADAM,2,MNIST,104,train_iter,1.4967975616455078,0.0009999985201767443,0.04856576481897568,1192.7478313446045
2025-09-15 03:18:06,ADAM_lr0.0003,ADAM,2,MNIST,105,train_eval,1.0129973888397217,0.000999997687776876,0.04856576481897568,
2025-09-15 03:18:06,ADAM_lr0.0003,ADAM,2,MNIST,105,val_eval,1.0029606819152832,0.000999997687776876,0.04856576481897568,
2025-09-15 03:18:06,ADAM_lr0.0003,ADAM,2,MNIST,105,train_iter,1.2675663232803345,0.000999997687776876,0.04945116910024876,1224.3199348449707
2025-09-15 03:18:07,ADAM_lr0.0003,ADAM,2,MNIST,106,train_eval,1.0097439289093018,0.0009999966703999558,0.04945116910024876,
2025-09-15 03:18:07,ADAM_lr0.0003,ADAM,2,MNIST,106,val_eval,1.0329713821411133,0.0009999966703999558,0.04945116910024876,
2025-09-15 03:18:07,ADAM_lr0.0003,ADAM,2,MNIST,106,train_iter,1.1239001750946045,0.0009999966703999558,0.05093552281525067,1093.4059619903564
2025-09-15 03:18:08,ADAM_lr0.0003,ADAM,2,MNIST,107,train_eval,1.0031249523162842,0.0009999954680464025,0.05093552281525067,
2025-09-15 03:18:08,ADAM_lr0.0003,ADAM,2,MNIST,107,val_eval,1.0448378324508667,0.0009999954680464025,0.05093552281525067,
2025-09-15 03:18:08,ADAM_lr0.0003,ADAM,2,MNIST,107,train_iter,0.9407181739807129,0.0009999954680464025,0.05180788225100161,1178.3649921417236
2025-09-15 03:18:09,ADAM_lr0.0003,ADAM,2,MNIST,108,train_eval,1.0181273221969604,0.00099999408071671,0.05180788225100161,
2025-09-15 03:18:09,ADAM_lr0.0003,ADAM,2,MNIST,108,val_eval,1.016992449760437,0.00099999408071671,0.05180788225100161,
2025-09-15 03:18:09,ADAM_lr0.0003,ADAM,2,MNIST,108,train_iter,1.1047601699829102,0.00099999408071671,0.053856563064501047,972.4118709564209
2025-09-15 03:18:10,ADAM_lr0.0003,ADAM,2,MNIST,109,train_eval,1.0005890130996704,0.0009999925084114485,0.053856563064501047,
2025-09-15 03:18:10,ADAM_lr0.0003,ADAM,2,MNIST,109,val_eval,1.0114104747772217,0.0009999925084114485,0.053856563064501047,
2025-09-15 03:18:10,ADAM_lr0.0003,ADAM,2,MNIST,109,train_iter,1.0645312070846558,0.0009999925084114485,0.054820202601387924,1107.212781906128
2025-09-15 03:18:12,ADAM_lr0.0003,ADAM,2,MNIST,110,train_eval,1.0086557865142822,0.0009999907511312647,0.054820202601387924,
2025-09-15 03:18:12,ADAM_lr0.0003,ADAM,2,MNIST,110,val_eval,1.020431399345398,0.0009999907511312647,0.054820202601387924,
2025-09-15 03:18:12,ADAM_lr0.0003,ADAM,2,MNIST,110,train_iter,0.9963060617446899,0.0009999907511312647,0.05587556645964175,1075.3569602966309
2025-09-15 03:18:13,ADAM_lr0.0003,ADAM,2,MNIST,111,train_eval,0.9863274097442627,0.0009999888088768807,0.05587556645964175,
2025-09-15 03:18:13,ADAM_lr0.0003,ADAM,2,MNIST,111,val_eval,1.0011318922042847,0.0009999888088768807,0.05587556645964175,
2025-09-15 03:18:13,ADAM_lr0.0003,ADAM,2,MNIST,111,train_iter,0.7495616674423218,0.0009999888088768807,0.055328785454494246,1394.6309089660645
2025-09-15 03:18:15,ADAM_lr0.0003,ADAM,2,MNIST,112,train_eval,0.9798643589019775,0.000999986681649095,0.055328785454494246,
2025-09-15 03:18:15,ADAM_lr0.0003,ADAM,2,MNIST,112,val_eval,1.0162878036499023,0.000999986681649095,0.055328785454494246,
2025-09-15 03:18:15,ADAM_lr0.0003,ADAM,2,MNIST,112,train_iter,0.925511360168457,0.000999986681649095,0.05380821778951351,1752.112865447998
2025-09-15 03:18:16,ADAM_lr0.0003,ADAM,2,MNIST,113,train_eval,1.0048091411590576,0.0009999843694487819,0.05380821778951351,
2025-09-15 03:18:16,ADAM_lr0.0003,ADAM,2,MNIST,113,val_eval,1.0306535959243774,0.0009999843694487819,0.05380821778951351,
2025-09-15 03:18:16,ADAM_lr0.0003,ADAM,2,MNIST,113,train_iter,0.747791051864624,0.0009999843694487819,0.053784285015006664,1312.3328685760498
2025-09-15 03:18:17,ADAM_lr0.0003,ADAM,2,MNIST,114,train_eval,1.0074973106384277,0.000999981872276892,0.053784285015006664,
2025-09-15 03:18:17,ADAM_lr0.0003,ADAM,2,MNIST,114,val_eval,1.0167229175567627,0.000999981872276892,0.053784285015006664,
2025-09-15 03:18:17,ADAM_lr0.0003,ADAM,2,MNIST,114,train_iter,1.3049272298812866,0.000999981872276892,0.053352792274682266,1421.086072921753
2025-09-15 03:18:19,ADAM_lr0.0003,ADAM,2,MNIST,115,train_eval,1.006216287612915,0.0009999791901344516,0.053352792274682266,
2025-09-15 03:18:19,ADAM_lr0.0003,ADAM,2,MNIST,115,val_eval,1.0157341957092285,0.0009999791901344516,0.053352792274682266,
2025-09-15 03:18:19,ADAM_lr0.0003,ADAM,2,MNIST,115,train_iter,0.7497856020927429,0.0009999791901344516,0.05200591649883054,1762.615442276001
2025-09-15 03:18:21,ADAM_lr0.0003,ADAM,2,MNIST,116,train_eval,0.9816576242446899,0.0009999763230225634,0.05200591649883054,
2025-09-15 03:18:21,ADAM_lr0.0003,ADAM,2,MNIST,116,val_eval,1.022110104560852,0.0009999763230225634,0.05200591649883054,
2025-09-15 03:18:21,ADAM_lr0.0003,ADAM,2,MNIST,116,train_iter,1.1796433925628662,0.0009999763230225634,0.05164688372719247,1452.0161151885986
2025-09-15 03:18:22,ADAM_lr0.0003,ADAM,2,MNIST,117,train_eval,1.0251790285110474,0.0009999732709424058,0.05164688372719247,
2025-09-15 03:18:22,ADAM_lr0.0003,ADAM,2,MNIST,117,val_eval,1.0072954893112183,0.0009999732709424058,0.05164688372719247,
2025-09-15 03:18:22,ADAM_lr0.0003,ADAM,2,MNIST,117,train_iter,1.0606298446655273,0.0009999732709424058,0.0542659545391969,903.165340423584
2025-09-15 03:18:23,ADAM_lr0.0003,ADAM,2,MNIST,118,train_eval,1.0056768655776978,0.0009999700338952336,0.0542659545391969,
2025-09-15 03:18:23,ADAM_lr0.0003,ADAM,2,MNIST,118,val_eval,1.005394697189331,0.0009999700338952336,0.0542659545391969,
2025-09-15 03:18:23,ADAM_lr0.0003,ADAM,2,MNIST,118,train_iter,0.955562949180603,0.0009999700338952336,0.0539259456981554,1382.070541381836
2025-09-15 03:18:25,ADAM_lr0.0003,ADAM,2,MNIST,119,train_eval,1.0242139101028442,0.0009999666118823774,0.0539259456981554,
2025-09-15 03:18:25,ADAM_lr0.0003,ADAM,2,MNIST,119,val_eval,1.0306981801986694,0.0009999666118823774,0.0539259456981554,
2025-09-15 03:18:25,ADAM_lr0.0003,ADAM,2,MNIST,119,train_iter,1.040908694267273,0.0009999666118823774,0.052594947922541914,1730.851650238037
2025-09-15 03:18:27,ADAM_lr0.0003,ADAM,2,MNIST,120,train_eval,1.044621229171753,0.0009999630049052437,0.052594947922541914,
2025-09-15 03:18:27,ADAM_lr0.0003,ADAM,2,MNIST,120,val_eval,1.048317313194275,0.0009999630049052437,0.052594947922541914,
2025-09-15 03:18:27,ADAM_lr0.0003,ADAM,2,MNIST,120,train_iter,0.9079996943473816,0.0009999630049052437,0.050973538310106634,1932.3410987854004
2025-09-15 03:18:28,ADAM_lr0.0003,ADAM,2,MNIST,121,train_eval,1.0579107999801636,0.0009999592129653152,0.050973538310106634,
2025-09-15 03:18:28,ADAM_lr0.0003,ADAM,2,MNIST,121,val_eval,1.0491728782653809,0.0009999592129653152,0.050973538310106634,
2025-09-15 03:18:28,ADAM_lr0.0003,ADAM,2,MNIST,121,train_iter,0.7197088003158569,0.0009999592129653152,0.05045477748025607,1535.4108810424805
2025-09-15 03:18:30,ADAM_lr0.0003,ADAM,2,MNIST,122,train_eval,1.0675740242004395,0.0009999552360641507,0.05045477748025607,
2025-09-15 03:18:30,ADAM_lr0.0003,ADAM,2,MNIST,122,val_eval,1.054992914199829,0.0009999552360641507,0.05045477748025607,
2025-09-15 03:18:30,ADAM_lr0.0003,ADAM,2,MNIST,122,train_iter,1.1112582683563232,0.0009999552360641507,0.05037046109163478,1417.0112609863281
2025-09-15 03:18:31,ADAM_lr0.0003,ADAM,2,MNIST,123,train_eval,1.039987325668335,0.000999951074203385,0.05037046109163478,
2025-09-15 03:18:31,ADAM_lr0.0003,ADAM,2,MNIST,123,val_eval,1.0561350584030151,0.000999951074203385,0.05037046109163478,
2025-09-15 03:18:31,ADAM_lr0.0003,ADAM,2,MNIST,123,train_iter,1.073535680770874,0.000999951074203385,0.049433723924333116,1714.510202407837
2025-09-15 03:18:33,ADAM_lr0.0003,ADAM,2,MNIST,124,train_eval,1.033851146697998,0.0009999467273847289,0.049433723924333116,
2025-09-15 03:18:33,ADAM_lr0.0003,ADAM,2,MNIST,124,val_eval,1.0323125123977661,0.0009999467273847289,0.049433723924333116,
2025-09-15 03:18:33,ADAM_lr0.0003,ADAM,2,MNIST,124,train_iter,0.8012410998344421,0.0009999467273847289,0.04813773470079987,1927.415132522583
2025-09-15 03:18:35,ADAM_lr0.0003,ADAM,2,MNIST,125,train_eval,1.0347059965133667,0.000999942195609969,0.04813773470079987,
2025-09-15 03:18:35,ADAM_lr0.0003,ADAM,2,MNIST,125,val_eval,1.0175199508666992,0.000999942195609969,0.04813773470079987,
2025-09-15 03:18:35,ADAM_lr0.0003,ADAM,2,MNIST,125,train_iter,0.850396990776062,0.000999942195609969,0.047766001757323796,1582.610845565796
2025-09-15 03:18:36,ADAM_lr0.0003,ADAM,2,MNIST,126,train_eval,1.0148727893829346,0.0009999374788809685,0.047766001757323796,
2025-09-15 03:18:36,ADAM_lr0.0003,ADAM,2,MNIST,126,val_eval,1.0078641176223755,0.0009999374788809685,0.047766001757323796,
2025-09-15 03:18:36,ADAM_lr0.0003,ADAM,2,MNIST,126,train_iter,0.8733503222465515,0.0009999374788809685,0.04719517211251967,1671.518087387085
2025-09-15 03:18:38,ADAM_lr0.0003,ADAM,2,MNIST,127,train_eval,1.0090323686599731,0.0009999325771996657,0.04719517211251967,
2025-09-15 03:18:38,ADAM_lr0.0003,ADAM,2,MNIST,127,val_eval,1.0190125703811646,0.0009999325771996657,0.04719517211251967,
2025-09-15 03:18:38,ADAM_lr0.0003,ADAM,2,MNIST,127,train_iter,0.9911437034606934,0.0009999325771996657,0.04704540781568718,1538.3810997009277
2025-09-15 03:18:39,ADAM_lr0.0003,ADAM,2,MNIST,128,train_eval,1.0150551795959473,0.0009999274905680762,0.04704540781568718,
2025-09-15 03:18:39,ADAM_lr0.0003,ADAM,2,MNIST,128,val_eval,1.0283021926879883,0.0009999274905680762,0.04704540781568718,
2025-09-15 03:18:39,ADAM_lr0.0003,ADAM,2,MNIST,128,train_iter,1.0940399169921875,0.0009999274905680762,0.0479816099741355,1246.293544769287
2025-09-15 03:18:41,ADAM_lr0.0003,ADAM,2,MNIST,129,train_eval,1.0145559310913086,0.0009999222189882903,0.0479816099741355,
2025-09-15 03:18:41,ADAM_lr0.0003,ADAM,2,MNIST,129,val_eval,1.0412840843200684,0.0009999222189882903,0.0479816099741355,
2025-09-15 03:18:41,ADAM_lr0.0003,ADAM,2,MNIST,129,train_iter,1.0478885173797607,0.0009999222189882903,0.04711205931007385,1789.4423007965088
2025-09-15 03:18:43,ADAM_lr0.0003,ADAM,2,MNIST,130,train_eval,1.0435806512832642,0.0009999167624624755,0.04711205931007385,
2025-09-15 03:18:43,ADAM_lr0.0003,ADAM,2,MNIST,130,val_eval,1.0243548154830933,0.0009999167624624755,0.04711205931007385,
2025-09-15 03:18:43,ADAM_lr0.0003,ADAM,2,MNIST,130,train_iter,1.1012623310089111,0.0009999167624624755,0.04650051811189989,1714.7796154022217
2025-09-15 03:18:44,ADAM_lr0.0003,ADAM,2,MNIST,131,train_eval,0.9824298620223999,0.0009999111209928744,0.04650051811189989,
2025-09-15 03:18:44,ADAM_lr0.0003,ADAM,2,MNIST,131,val_eval,1.0218585729599,0.0009999111209928744,0.04650051811189989,
2025-09-15 03:18:44,ADAM_lr0.0003,ADAM,2,MNIST,131,train_iter,0.8921846151351929,0.0009999111209928744,0.04739872680465338,1267.0676708221436
2025-09-15 03:18:45,ADAM_lr0.0003,ADAM,2,MNIST,132,train_eval,0.981067419052124,0.000999905294581806,0.04739872680465338,
2025-09-15 03:18:45,ADAM_lr0.0003,ADAM,2,MNIST,132,val_eval,1.0160949230194092,0.000999905294581806,0.04739872680465338,
2025-09-15 03:18:45,ADAM_lr0.0003,ADAM,2,MNIST,132,train_iter,1.1084299087524414,0.000999905294581806,0.04819568250937518,1269.683837890625
2025-09-15 03:18:46,ADAM_lr0.0003,ADAM,2,MNIST,133,train_eval,1.0020627975463867,0.0009998992832316654,0.04819568250937518,
2025-09-15 03:18:46,ADAM_lr0.0003,ADAM,2,MNIST,133,val_eval,1.018121361732483,0.0009998992832316654,0.04819568250937518,
2025-09-15 03:18:46,ADAM_lr0.0003,ADAM,2,MNIST,133,train_iter,1.1178644895553589,0.0009998992832316654,0.04970439209347109,1110.8901500701904
2025-09-15 03:18:48,ADAM_lr0.0003,ADAM,2,MNIST,134,train_eval,1.0021939277648926,0.0009998930869449237,0.04970439209347109,
2025-09-15 03:18:48,ADAM_lr0.0003,ADAM,2,MNIST,134,val_eval,1.0173041820526123,0.0009998930869449237,0.04970439209347109,
2025-09-15 03:18:48,ADAM_lr0.0003,ADAM,2,MNIST,134,train_iter,1.032440423965454,0.0009998930869449237,0.05053505434708895,1211.8425369262695
2025-09-15 03:18:49,ADAM_lr0.0003,ADAM,2,MNIST,135,train_eval,0.9996183514595032,0.000999886705724128,0.05053505434708895,
2025-09-15 03:18:49,ADAM_lr0.0003,ADAM,2,MNIST,135,val_eval,1.0183000564575195,0.000999886705724128,0.05053505434708895,
2025-09-15 03:18:49,ADAM_lr0.0003,ADAM,2,MNIST,135,train_iter,1.182370901107788,0.000999886705724128,0.05169559520461362,1131.3114166259766
2025-09-15 03:18:50,ADAM_lr0.0003,ADAM,2,MNIST,136,train_eval,0.9967626929283142,0.0009998801395719012,0.05169559520461362,
2025-09-15 03:18:50,ADAM_lr0.0003,ADAM,2,MNIST,136,val_eval,1.0228198766708374,0.0009998801395719012,0.05169559520461362,
2025-09-15 03:18:50,ADAM_lr0.0003,ADAM,2,MNIST,136,train_iter,1.0179529190063477,0.0009998801395719012,0.05090518241215564,1605.3404808044434
2025-09-15 03:18:51,ADAM_lr0.0003,ADAM,2,MNIST,137,train_eval,1.0034302473068237,0.0009998733884909424,0.05090518241215564,
2025-09-15 03:18:51,ADAM_lr0.0003,ADAM,2,MNIST,137,val_eval,0.9970048666000366,0.0009998733884909424,0.05090518241215564,
2025-09-15 03:18:52,ADAM_lr0.0003,ADAM,2,MNIST,137,train_iter,1.1164977550506592,0.0009998733884909424,0.050448301209617824,1517.1713829040527
2025-09-15 03:18:53,ADAM_lr0.0003,ADAM,2,MNIST,138,train_eval,1.012294054031372,0.0009998664524840269,0.050448301209617824,
2025-09-15 03:18:53,ADAM_lr0.0003,ADAM,2,MNIST,138,val_eval,1.0102657079696655,0.0009998664524840269,0.050448301209617824,
2025-09-15 03:18:53,ADAM_lr0.0003,ADAM,2,MNIST,138,train_iter,1.1345477104187012,0.0009998664524840269,0.05272447895479423,960.2532386779785
2025-09-15 03:18:54,ADAM_lr0.0003,ADAM,2,MNIST,139,train_eval,0.9944160580635071,0.0009998593315540057,0.05272447895479423,
2025-09-15 03:18:54,ADAM_lr0.0003,ADAM,2,MNIST,139,val_eval,1.0102877616882324,0.0009998593315540057,0.05272447895479423,
2025-09-15 03:18:54,ADAM_lr0.0003,ADAM,2,MNIST,139,train_iter,0.9401819705963135,0.0009998593315540057,0.05515605633305756,912.5127792358398
2025-09-15 03:18:55,ADAM_lr0.0003,ADAM,2,MNIST,140,train_eval,0.9945796728134155,0.000999852025703806,0.05515605633305756,
2025-09-15 03:18:55,ADAM_lr0.0003,ADAM,2,MNIST,140,val_eval,1.0020906925201416,0.000999852025703806,0.05515605633305756,
2025-09-15 03:18:55,ADAM_lr0.0003,ADAM,2,MNIST,140,train_iter,0.9784151315689087,0.000999852025703806,0.05640980013651901,1038.5076999664307
2025-09-15 03:18:56,ADAM_lr0.0003,ADAM,2,MNIST,141,train_eval,0.9977855682373047,0.0009998445349364308,0.05640980013651901,
2025-09-15 03:18:56,ADAM_lr0.0003,ADAM,2,MNIST,141,val_eval,1.0068650245666504,0.0009998445349364308,0.05640980013651901,
2025-09-15 03:18:56,ADAM_lr0.0003,ADAM,2,MNIST,141,train_iter,1.0031445026397705,0.0009998445349364308,0.055889102520350654,1372.9753494262695
2025-09-15 03:18:57,ADAM_lr0.0003,ADAM,2,MNIST,142,train_eval,0.9788766503334045,0.0009998368592549595,0.055889102520350654,
2025-09-15 03:18:57,ADAM_lr0.0003,ADAM,2,MNIST,142,val_eval,0.9966993927955627,0.0009998368592549595,0.055889102520350654,
2025-09-15 03:18:58,ADAM_lr0.0003,ADAM,2,MNIST,142,train_iter,1.4351648092269897,0.0009998368592549595,0.05457122486919601,1645.9770202636719
2025-09-15 03:18:59,ADAM_lr0.0003,ADAM,2,MNIST,143,train_eval,0.9916114211082458,0.000999828998662547,0.05457122486919601,
2025-09-15 03:18:59,ADAM_lr0.0003,ADAM,2,MNIST,143,val_eval,0.9874690175056458,0.000999828998662547,0.05457122486919601,
2025-09-15 03:19:00,ADAM_lr0.0003,ADAM,2,MNIST,143,train_iter,1.2218680381774902,0.000999828998662547,0.05273800641369553,1939.9027824401855
2025-09-15 03:19:01,ADAM_lr0.0003,ADAM,2,MNIST,144,train_eval,0.9936032295227051,0.000999820953162425,0.05273800641369553,
2025-09-15 03:19:01,ADAM_lr0.0003,ADAM,2,MNIST,144,val_eval,0.9954386949539185,0.000999820953162425,0.05273800641369553,
2025-09-15 03:19:01,ADAM_lr0.0003,ADAM,2,MNIST,144,train_iter,0.9066407084465027,0.000999820953162425,0.05439093175566085,1014.9126052856445
2025-09-15 03:19:02,ADAM_lr0.0003,ADAM,2,MNIST,145,train_eval,1.0088341236114502,0.0009998127227579003,0.05439093175566085,
2025-09-15 03:19:02,ADAM_lr0.0003,ADAM,2,MNIST,145,val_eval,0.9938098192214966,0.0009998127227579003,0.05439093175566085,
2025-09-15 03:19:02,ADAM_lr0.0003,ADAM,2,MNIST,145,train_iter,0.9761988520622253,0.0009998127227579003,0.05480179444770078,1201.7221450805664
2025-09-15 03:19:03,ADAM_lr0.0003,ADAM,2,MNIST,146,train_eval,0.9939407110214233,0.000999804307452356,0.05480179444770078,
2025-09-15 03:19:03,ADAM_lr0.0003,ADAM,2,MNIST,146,val_eval,0.9947954416275024,0.000999804307452356,0.05480179444770078,
2025-09-15 03:19:03,ADAM_lr0.0003,ADAM,2,MNIST,146,train_iter,0.9817788004875183,0.000999804307452356,0.054014534883080625,1498.0058670043945
2025-09-15 03:19:05,ADAM_lr0.0003,ADAM,2,MNIST,147,train_eval,0.9969120621681213,0.0009997957072492515,0.054014534883080625,
2025-09-15 03:19:05,ADAM_lr0.0003,ADAM,2,MNIST,147,val_eval,1.0068855285644531,0.0009997957072492515,0.054014534883080625,
2025-09-15 03:19:05,ADAM_lr0.0003,ADAM,2,MNIST,147,train_iter,0.844338059425354,0.0009997957072492515,0.05287220783695038,1650.578260421753
2025-09-15 03:19:06,ADAM_lr0.0003,ADAM,2,MNIST,148,train_eval,1.0002655982971191,0.0009997869221521221,0.05287220783695038,
2025-09-15 03:19:06,ADAM_lr0.0003,ADAM,2,MNIST,148,val_eval,1.0121253728866577,0.0009997869221521221,0.05287220783695038,
2025-09-15 03:19:06,ADAM_lr0.0003,ADAM,2,MNIST,148,train_iter,0.8535715937614441,0.0009997869221521221,0.053989934654588505,1097.5923538208008
2025-09-15 03:19:08,ADAM_lr0.0003,ADAM,2,MNIST,149,train_eval,1.013682246208191,0.0009997779521645793,0.053989934654588505,
2025-09-15 03:19:08,ADAM_lr0.0003,ADAM,2,MNIST,149,val_eval,0.999144434928894,0.0009997779521645793,0.053989934654588505,
2025-09-15 03:19:08,ADAM_lr0.0003,ADAM,2,MNIST,149,train_iter,1.06350576877594,0.0009997779521645793,0.05366510504543481,1385.4541778564453
2025-09-15 03:19:09,ADAM_lr0.0003,ADAM,2,MNIST,150,train_eval,0.9844122529029846,0.0009997687972903096,0.05366510504543481,
2025-09-15 03:19:09,ADAM_lr0.0003,ADAM,2,MNIST,150,val_eval,1.0156126022338867,0.0009997687972903096,0.05366510504543481,
2025-09-15 03:19:09,ADAM_lr0.0003,ADAM,2,MNIST,150,train_iter,0.9634883403778076,0.0009997687972903096,0.052989333703475146,1498.7022876739502
2025-09-15 03:19:11,ADAM_lr0.0003,ADAM,2,MNIST,151,train_eval,0.984767735004425,0.0009997594575330766,0.052989333703475146,
2025-09-15 03:19:11,ADAM_lr0.0003,ADAM,2,MNIST,151,val_eval,0.9940402507781982,0.0009997594575330766,0.052989333703475146,
2025-09-15 03:19:11,ADAM_lr0.0003,ADAM,2,MNIST,151,train_iter,0.9957060217857361,0.0009997594575330766,0.05154585354371118,1823.396921157837
2025-09-15 03:19:13,ADAM_lr0.0003,ADAM,2,MNIST,152,train_eval,1.0007458925247192,0.0009997499328967194,0.05154585354371118,
2025-09-15 03:19:13,ADAM_lr0.0003,ADAM,2,MNIST,152,val_eval,0.9979637861251831,0.0009997499328967194,0.05154585354371118,
2025-09-15 03:19:13,ADAM_lr0.0003,ADAM,2,MNIST,152,train_iter,1.2998669147491455,0.0009997499328967194,0.050238236108138594,1827.4188041687012
2025-09-15 03:19:14,ADAM_lr0.0003,ADAM,2,MNIST,153,train_eval,1.003945231437683,0.0009997402233851535,0.050238236108138594,
2025-09-15 03:19:14,ADAM_lr0.0003,ADAM,2,MNIST,153,val_eval,1.002101182937622,0.0009997402233851535,0.050238236108138594,
2025-09-15 03:19:14,ADAM_lr0.0003,ADAM,2,MNIST,153,train_iter,0.7391051054000854,0.0009997402233851535,0.0498684179653874,1510.5314254760742
2025-09-15 03:19:16,ADAM_lr0.0003,ADAM,2,MNIST,154,train_eval,0.9921807646751404,0.00099973032900237,0.0498684179653874,
2025-09-15 03:19:16,ADAM_lr0.0003,ADAM,2,MNIST,154,val_eval,1.0059438943862915,0.00099973032900237,0.0498684179653874,
2025-09-15 03:19:16,ADAM_lr0.0003,ADAM,2,MNIST,154,train_iter,1.1625972986221313,0.00099973032900237,0.04975888399644886,1441.373348236084
2025-09-15 03:19:17,ADAM_lr0.0003,ADAM,2,MNIST,155,train_eval,1.0087122917175293,0.000999720249752436,0.04975888399644886,
2025-09-15 03:19:17,ADAM_lr0.0003,ADAM,2,MNIST,155,val_eval,1.0213592052459717,0.000999720249752436,0.04975888399644886,
2025-09-15 03:19:17,ADAM_lr0.0003,ADAM,2,MNIST,155,train_iter,0.875017523765564,0.000999720249752436,0.04913177386073645,1616.5509223937988
2025-09-15 03:19:19,ADAM_lr0.0003,ADAM,2,MNIST,156,train_eval,0.9969754815101624,0.0009997099856394946,0.04913177386073645,
2025-09-15 03:19:19,ADAM_lr0.0003,ADAM,2,MNIST,156,val_eval,1.0177861452102661,0.0009997099856394946,0.04913177386073645,
2025-09-15 03:19:19,ADAM_lr0.0003,ADAM,2,MNIST,156,train_iter,0.9697629809379578,0.0009997099856394946,0.04914950555510826,1425.7049560546875
2025-09-15 03:19:21,ADAM_lr0.0003,ADAM,2,MNIST,157,train_eval,0.9788296222686768,0.0009996995366677653,0.04914950555510826,
2025-09-15 03:19:21,ADAM_lr0.0003,ADAM,2,MNIST,157,val_eval,0.9902589321136475,0.0009996995366677653,0.04914950555510826,
2025-09-15 03:19:21,ADAM_lr0.0003,ADAM,2,MNIST,157,train_iter,0.9880768656730652,0.0009996995366677653,0.047665231541469275,2049.1647720336914
2025-09-15 03:19:22,ADAM_lr0.0003,ADAM,2,MNIST,158,train_eval,1.0205119848251343,0.000999688902841543,0.047665231541469275,
2025-09-15 03:19:22,ADAM_lr0.0003,ADAM,2,MNIST,158,val_eval,1.0230847597122192,0.000999688902841543,0.047665231541469275,
2025-09-15 03:19:22,ADAM_lr0.0003,ADAM,2,MNIST,158,train_iter,1.0560600757598877,0.000999688902841543,0.047088644564379195,1677.8349876403809
2025-09-15 03:19:24,ADAM_lr0.0003,ADAM,2,MNIST,159,train_eval,0.9972027540206909,0.000999678084165199,0.047088644564379195,
2025-09-15 03:19:24,ADAM_lr0.0003,ADAM,2,MNIST,159,val_eval,1.0082722902297974,0.000999678084165199,0.047088644564379195,
2025-09-15 03:19:24,ADAM_lr0.0003,ADAM,2,MNIST,159,train_iter,0.89373779296875,0.000999678084165199,0.048087347656662636,1231.7018508911133
2025-09-15 03:19:25,ADAM_lr0.0003,ADAM,2,MNIST,160,train_eval,1.0131137371063232,0.0009996670806431804,0.048087347656662636,
2025-09-15 03:19:25,ADAM_lr0.0003,ADAM,2,MNIST,160,val_eval,1.0138927698135376,0.0009996670806431804,0.048087347656662636,
2025-09-15 03:19:25,ADAM_lr0.0003,ADAM,2,MNIST,160,train_iter,0.8490044474601746,0.0009996670806431804,0.048120092272972495,1452.0399570465088
2025-09-15 03:19:28,ADAM_lr0.0003,ADAM,2,MNIST,161,train_eval,1.0246700048446655,0.0009996558922800104,0.048120092272972495,
2025-09-15 03:19:28,ADAM_lr0.0003,ADAM,2,MNIST,161,val_eval,1.0092828273773193,0.0009996558922800104,0.048120092272972495,
2025-09-15 03:19:28,ADAM_lr0.0003,ADAM,2,MNIST,161,train_iter,1.0403803586959839,0.0009996558922800104,0.046165293338438634,2460.449457168579
2025-09-15 03:19:29,ADAM_lr0.0003,ADAM,2,MNIST,162,train_eval,0.9995413422584534,0.0009996445190802881,0.046165293338438634,
2025-09-15 03:19:29,ADAM_lr0.0003,ADAM,2,MNIST,162,val_eval,1.0015966892242432,0.0009996445190802881,0.046165293338438634,
2025-09-15 03:19:29,ADAM_lr0.0003,ADAM,2,MNIST,162,train_iter,1.071313500404358,0.0009996445190802881,0.04836971589103185,1030.6510925292969
2025-09-15 03:19:30,ADAM_lr0.0003,ADAM,2,MNIST,163,train_eval,1.022476315498352,0.0009996329610486886,0.04836971589103185,
2025-09-15 03:19:30,ADAM_lr0.0003,ADAM,2,MNIST,163,val_eval,0.9871006011962891,0.0009996329610486886,0.04836971589103185,
2025-09-15 03:19:31,ADAM_lr0.0003,ADAM,2,MNIST,163,train_iter,1.004372477531433,0.0009996329610486886,0.047232795368676424,1899.979591369629
2025-09-15 03:19:32,ADAM_lr0.0003,ADAM,2,MNIST,164,train_eval,1.0155030488967896,0.0009996212181899629,0.047232795368676424,
2025-09-15 03:19:32,ADAM_lr0.0003,ADAM,2,MNIST,164,val_eval,0.9830804467201233,0.0009996212181899629,0.047232795368676424,
2025-09-15 03:19:33,ADAM_lr0.0003,ADAM,2,MNIST,164,train_iter,0.8872132301330566,0.0009996212181899629,0.04544748248391925,2392.8186893463135
2025-09-15 03:19:34,ADAM_lr0.0003,ADAM,2,MNIST,165,train_eval,0.9960674047470093,0.000999609290508938,0.04544748248391925,
2025-09-15 03:19:34,ADAM_lr0.0003,ADAM,2,MNIST,165,val_eval,1.0035264492034912,0.000999609290508938,0.04544748248391925,
2025-09-15 03:19:34,ADAM_lr0.0003,ADAM,2,MNIST,165,train_iter,0.8935572504997253,0.000999609290508938,0.04613102471984664,1344.6118831634521
2025-09-15 03:19:36,ADAM_lr0.0003,ADAM,2,MNIST,166,train_eval,0.9979183673858643,0.000999597178010517,0.04613102471984664,
2025-09-15 03:19:36,ADAM_lr0.0003,ADAM,2,MNIST,166,val_eval,1.0070589780807495,0.000999597178010517,0.04613102471984664,
2025-09-15 03:19:36,ADAM_lr0.0003,ADAM,2,MNIST,166,train_iter,1.297637701034546,0.000999597178010517,0.04602696514679771,1559.093952178955
2025-09-15 03:19:37,ADAM_lr0.0003,ADAM,2,MNIST,167,train_eval,1.010466456413269,0.000999584880699679,0.04602696514679771,
2025-09-15 03:19:37,ADAM_lr0.0003,ADAM,2,MNIST,167,val_eval,1.0089032649993896,0.000999584880699679,0.04602696514679771,
2025-09-15 03:19:37,ADAM_lr0.0003,ADAM,2,MNIST,167,train_iter,0.9572768211364746,0.000999584880699679,0.04633867865979349,1430.4914474487305
2025-09-15 03:19:38,ADAM_lr0.0003,ADAM,2,MNIST,168,train_eval,1.0023623704910278,0.0009995723985814788,0.04633867865979349,
2025-09-15 03:19:38,ADAM_lr0.0003,ADAM,2,MNIST,168,val_eval,1.0028082132339478,0.0009995723985814788,0.04633867865979349,
2025-09-15 03:19:38,ADAM_lr0.0003,ADAM,2,MNIST,168,train_iter,0.7406184077262878,0.0009995723985814788,0.04807453947820157,1103.661060333252
2025-09-15 03:19:40,ADAM_lr0.0003,ADAM,2,MNIST,169,train_eval,1.004460334777832,0.0009995597316610474,0.04807453947820157,
2025-09-15 03:19:40,ADAM_lr0.0003,ADAM,2,MNIST,169,val_eval,1.0016196966171265,0.0009995597316610474,0.04807453947820157,
2025-09-15 03:19:40,ADAM_lr0.0003,ADAM,2,MNIST,169,train_iter,0.8926011919975281,0.0009995597316610474,0.04905616654628849,1214.3588066101074
2025-09-15 03:19:41,ADAM_lr0.0003,ADAM,2,MNIST,170,train_eval,0.9965412020683289,0.0009995468799435915,0.04905616654628849,
2025-09-15 03:19:41,ADAM_lr0.0003,ADAM,2,MNIST,170,val_eval,0.9941999316215515,0.0009995468799435915,0.04905616654628849,
2025-09-15 03:19:41,ADAM_lr0.0003,ADAM,2,MNIST,170,train_iter,1.3907127380371094,0.0009995468799435915,0.04997810953543141,1206.3405513763428
2025-09-15 03:19:42,ADAM_lr0.0003,ADAM,2,MNIST,171,train_eval,1.0091099739074707,0.0009995338434343943,0.04997810953543141,
2025-09-15 03:19:42,ADAM_lr0.0003,ADAM,2,MNIST,171,val_eval,0.9926055669784546,0.0009995338434343943,0.04997810953543141,
2025-09-15 03:19:42,ADAM_lr0.0003,ADAM,2,MNIST,171,train_iter,0.914138674736023,0.0009995338434343943,0.052030032371689336,997.2038269042969
2025-09-15 03:19:43,ADAM_lr0.0003,ADAM,2,MNIST,172,train_eval,0.9986690282821655,0.0009995206221388145,0.052030032371689336,
2025-09-15 03:19:43,ADAM_lr0.0003,ADAM,2,MNIST,172,val_eval,1.0024064779281616,0.0009995206221388145,0.052030032371689336,
2025-09-15 03:19:43,ADAM_lr0.0003,ADAM,2,MNIST,172,train_iter,0.8489408493041992,0.0009995206221388145,0.052758624061433924,1185.1823329925537
2025-09-15 03:19:45,ADAM_lr0.0003,ADAM,2,MNIST,173,train_eval,0.9912960529327393,0.0009995072160622865,0.052758624061433924,
2025-09-15 03:19:45,ADAM_lr0.0003,ADAM,2,MNIST,173,val_eval,0.9862583875656128,0.0009995072160622865,0.052758624061433924,
2025-09-15 03:19:45,ADAM_lr0.0003,ADAM,2,MNIST,173,train_iter,0.7316638827323914,0.0009995072160622865,0.05164819715077483,1687.7038478851318
2025-09-15 03:19:46,ADAM_lr0.0003,ADAM,2,MNIST,174,train_eval,1.0037803649902344,0.0009994936252103218,0.05164819715077483,
2025-09-15 03:19:46,ADAM_lr0.0003,ADAM,2,MNIST,174,val_eval,1.0042085647583008,0.0009994936252103218,0.05164819715077483,
2025-09-15 03:19:46,ADAM_lr0.0003,ADAM,2,MNIST,174,train_iter,1.2642863988876343,0.0009994936252103218,0.051782208940747636,1326.711654663086
2025-09-15 03:19:47,ADAM_lr0.0003,ADAM,2,MNIST,175,train_eval,0.981011152267456,0.0009994798495885063,0.051782208940747636,
2025-09-15 03:19:47,ADAM_lr0.0003,ADAM,2,MNIST,175,val_eval,0.9907486438751221,0.0009994798495885063,0.051782208940747636,
2025-09-15 03:19:47,ADAM_lr0.0003,ADAM,2,MNIST,175,train_iter,0.848360538482666,0.0009994798495885063,0.05240781852840833,1211.2727165222168
2025-09-15 03:19:48,ADAM_lr0.0003,ADAM,2,MNIST,176,train_eval,1.0129793882369995,0.000999465889202503,0.05240781852840833,
2025-09-15 03:19:48,ADAM_lr0.0003,ADAM,2,MNIST,176,val_eval,1.0026156902313232,0.000999465889202503,0.05240781852840833,
2025-09-15 03:19:48,ADAM_lr0.0003,ADAM,2,MNIST,176,train_iter,0.8591511249542236,0.000999465889202503,0.054120138650053565,1011.0626220703125
2025-09-15 03:19:49,ADAM_lr0.0003,ADAM,2,MNIST,177,train_eval,1.0191082954406738,0.0009994517440580508,0.054120138650053565,
2025-09-15 03:19:49,ADAM_lr0.0003,ADAM,2,MNIST,177,val_eval,1.0021896362304688,0.0009994517440580508,0.054120138650053565,
2025-09-15 03:19:49,ADAM_lr0.0003,ADAM,2,MNIST,177,train_iter,1.2598495483398438,0.0009994517440580508,0.056457485779330935,907.1743488311768
2025-09-15 03:19:50,ADAM_lr0.0003,ADAM,2,MNIST,178,train_eval,0.9989379644393921,0.0009994374141609635,0.056457485779330935,
2025-09-15 03:19:50,ADAM_lr0.0003,ADAM,2,MNIST,178,val_eval,1.014674425125122,0.0009994374141609635,0.056457485779330935,
2025-09-15 03:19:50,ADAM_lr0.0003,ADAM,2,MNIST,178,train_iter,1.0349493026733398,0.0009994374141609635,0.05857478209082109,905.5752754211426
2025-09-15 03:19:51,ADAM_lr0.0003,ADAM,2,MNIST,179,train_eval,0.9883188009262085,0.0009994228995171322,0.05857478209082109,
2025-09-15 03:19:51,ADAM_lr0.0003,ADAM,2,MNIST,179,val_eval,0.9914788603782654,0.0009994228995171322,0.05857478209082109,
2025-09-15 03:19:51,ADAM_lr0.0003,ADAM,2,MNIST,179,train_iter,0.7909109592437744,0.0009994228995171322,0.05777824192604486,1389.0748023986816
2025-09-15 03:19:53,ADAM_lr0.0003,ADAM,2,MNIST,180,train_eval,0.9709843397140503,0.000999408200132523,0.05777824192604486,
2025-09-15 03:19:53,ADAM_lr0.0003,ADAM,2,MNIST,180,val_eval,0.9913472533226013,0.000999408200132523,0.05777824192604486,
2025-09-15 03:19:53,ADAM_lr0.0003,ADAM,2,MNIST,180,train_iter,1.0042212009429932,0.000999408200132523,0.05688343279011529,1439.6886825561523
2025-09-15 03:19:54,ADAM_lr0.0003,ADAM,2,MNIST,181,train_eval,0.9921894669532776,0.0009993933160131784,0.05688343279011529,
2025-09-15 03:19:54,ADAM_lr0.0003,ADAM,2,MNIST,181,val_eval,1.0301966667175293,0.0009993933160131784,0.05688343279011529,
2025-09-15 03:19:54,ADAM_lr0.0003,ADAM,2,MNIST,181,train_iter,0.8256461024284363,0.0009993933160131784,0.056996411255639236,1211.796522140503
2025-09-15 03:19:55,ADAM_lr0.0003,ADAM,2,MNIST,182,train_eval,0.9882149696350098,0.0009993782471652167,0.056996411255639236,
2025-09-15 03:19:55,ADAM_lr0.0003,ADAM,2,MNIST,182,val_eval,1.0109983682632446,0.0009993782471652167,0.056996411255639236,
2025-09-15 03:19:55,ADAM_lr0.0003,ADAM,2,MNIST,182,train_iter,0.956061840057373,0.0009993782471652167,0.05721378622085979,1188.1024837493896
2025-09-15 03:19:56,ADAM_lr0.0003,ADAM,2,MNIST,183,train_eval,0.9739957451820374,0.0009993629935948318,0.05721378622085979,
2025-09-15 03:19:56,ADAM_lr0.0003,ADAM,2,MNIST,183,val_eval,1.0191311836242676,0.0009993629935948318,0.05721378622085979,
2025-09-15 03:19:56,ADAM_lr0.0003,ADAM,2,MNIST,183,train_iter,1.1374071836471558,0.0009993629935948318,0.05780491977069133,1113.6646270751953
2025-09-15 03:19:58,ADAM_lr0.0003,ADAM,2,MNIST,184,train_eval,0.9935019612312317,0.0009993475553082944,0.05780491977069133,
2025-09-15 03:19:58,ADAM_lr0.0003,ADAM,2,MNIST,184,val_eval,1.0175294876098633,0.0009993475553082944,0.05780491977069133,
2025-09-15 03:19:58,ADAM_lr0.0003,ADAM,2,MNIST,184,train_iter,1.3059896230697632,0.0009993475553082944,0.05630213124761063,1643.4102058410645
2025-09-15 03:20:00,ADAM_lr0.0003,ADAM,2,MNIST,185,train_eval,1.0179692506790161,0.0009993319323119503,0.05630213124761063,
2025-09-15 03:20:00,ADAM_lr0.0003,ADAM,2,MNIST,185,val_eval,1.0094014406204224,0.0009993319323119503,0.05630213124761063,
2025-09-15 03:20:00,ADAM_lr0.0003,ADAM,2,MNIST,185,train_iter,1.219404697418213,0.0009993319323119503,0.05475613764640299,1721.264362335205
2025-09-15 03:20:01,ADAM_lr0.0003,ADAM,2,MNIST,186,train_eval,0.9965184926986694,0.0009993161246122217,0.05475613764640299,
2025-09-15 03:20:01,ADAM_lr0.0003,ADAM,2,MNIST,186,val_eval,1.004359245300293,0.0009993161246122217,0.05475613764640299,
2025-09-15 03:20:01,ADAM_lr0.0003,ADAM,2,MNIST,186,train_iter,0.9755470156669617,0.0009993161246122217,0.056993793335295195,911.419153213501
2025-09-15 03:20:02,ADAM_lr0.0003,ADAM,2,MNIST,187,train_eval,0.9818474650382996,0.0009993001322156061,0.056993793335295195,
2025-09-15 03:20:02,ADAM_lr0.0003,ADAM,2,MNIST,187,val_eval,1.003800868988037,0.0009993001322156061,0.056993793335295195,
2025-09-15 03:20:02,ADAM_lr0.0003,ADAM,2,MNIST,187,train_iter,1.2966800928115845,0.0009993001322156061,0.05593690050315262,1514.2793655395508
2025-09-15 03:20:03,ADAM_lr0.0003,ADAM,2,MNIST,188,train_eval,1.009313941001892,0.000999283955128678,0.05593690050315262,
2025-09-15 03:20:03,ADAM_lr0.0003,ADAM,2,MNIST,188,val_eval,0.9977844953536987,0.000999283955128678,0.05593690050315262,
2025-09-15 03:20:03,ADAM_lr0.0003,ADAM,2,MNIST,188,train_iter,0.9018518924713135,0.000999283955128678,0.05664265589393156,1115.9746646881104
2025-09-15 03:20:04,ADAM_lr0.0003,ADAM,2,MNIST,189,train_eval,0.9934493899345398,0.000999267593358087,0.05664265589393156,
2025-09-15 03:20:04,ADAM_lr0.0003,ADAM,2,MNIST,189,val_eval,0.9931483268737793,0.000999267593358087,0.05664265589393156,
2025-09-15 03:20:04,ADAM_lr0.0003,ADAM,2,MNIST,189,train_iter,0.8416373133659363,0.000999267593358087,0.056985807037102834,1170.2237129211426
2025-09-15 03:20:05,ADAM_lr0.0003,ADAM,2,MNIST,190,train_eval,0.9878610968589783,0.0009992510469105584,0.056985807037102834,
2025-09-15 03:20:05,ADAM_lr0.0003,ADAM,2,MNIST,190,val_eval,0.992429256439209,0.0009992510469105584,0.056985807037102834,
2025-09-15 03:20:05,ADAM_lr0.0003,ADAM,2,MNIST,190,train_iter,1.1705766916275024,0.0009992510469105584,0.059112132816173855,898.4160423278809
2025-09-15 03:20:07,ADAM_lr0.0003,ADAM,2,MNIST,191,train_eval,1.001663327217102,0.000999234315792894,0.059112132816173855,
2025-09-15 03:20:07,ADAM_lr0.0003,ADAM,2,MNIST,191,val_eval,1.0076351165771484,0.000999234315792894,0.059112132816173855,
2025-09-15 03:20:07,ADAM_lr0.0003,ADAM,2,MNIST,191,train_iter,1.0776090621948242,0.000999234315792894,0.05766853631280646,1573.5507011413574
2025-09-15 03:20:08,ADAM_lr0.0003,ADAM,2,MNIST,192,train_eval,1.0048056840896606,0.0009992174000119718,0.05766853631280646,
2025-09-15 03:20:08,ADAM_lr0.0003,ADAM,2,MNIST,192,val_eval,1.0142196416854858,0.0009992174000119718,0.05766853631280646,
2025-09-15 03:20:08,ADAM_lr0.0003,ADAM,2,MNIST,192,train_iter,0.9529191851615906,0.0009992174000119718,0.05694475160374661,1393.9967155456543
2025-09-15 03:20:10,ADAM_lr0.0003,ADAM,2,MNIST,193,train_eval,0.9950730800628662,0.0009992002995747448,0.05694475160374661,
2025-09-15 03:20:10,ADAM_lr0.0003,ADAM,2,MNIST,193,val_eval,1.015254259109497,0.0009992002995747448,0.05694475160374661,
2025-09-15 03:20:10,ADAM_lr0.0003,ADAM,2,MNIST,193,train_iter,0.8673356771469116,0.0009992002995747448,0.05663712116262674,1305.03511428833
2025-09-15 03:20:10,ADAM_lr0.0003,ADAM,2,MNIST,194,train_eval,0.9993067979812622,0.0009991830144882423,0.05663712116262674,
2025-09-15 03:20:10,ADAM_lr0.0003,ADAM,2,MNIST,194,val_eval,1.0003337860107422,0.0009991830144882423,0.05663712116262674,
2025-09-15 03:20:10,ADAM_lr0.0003,ADAM,2,MNIST,194,train_iter,0.8866956233978271,0.0009991830144882423,0.0588080541803975,897.2992897033691
2025-09-15 03:20:11,ADAM_lr0.0003,ADAM,2,MNIST,195,train_eval,0.9925689101219177,0.0009991655447595697,0.0588080541803975,
2025-09-15 03:20:11,ADAM_lr0.0003,ADAM,2,MNIST,195,val_eval,1.0027310848236084,0.0009991655447595697,0.0588080541803975,
2025-09-15 03:20:11,ADAM_lr0.0003,ADAM,2,MNIST,195,train_iter,1.0295466184616089,0.0009991655447595697,0.06077464223630777,895.8415985107422
2025-09-15 03:20:12,ADAM_lr0.0003,ADAM,2,MNIST,196,train_eval,1.0031428337097168,0.0009991478903959082,0.06077464223630777,
2025-09-15 03:20:12,ADAM_lr0.0003,ADAM,2,MNIST,196,val_eval,0.9888986349105835,0.0009991478903959082,0.06077464223630777,
2025-09-15 03:20:12,ADAM_lr0.0003,ADAM,2,MNIST,196,train_iter,1.0611101388931274,0.0009991478903959082,0.062156427407777264,942.4569606781006
2025-09-15 03:20:14,ADAM_lr0.0003,ADAM,2,MNIST,197,train_eval,0.9915093183517456,0.0009991300514045147,0.062156427407777264,
2025-09-15 03:20:14,ADAM_lr0.0003,ADAM,2,MNIST,197,val_eval,0.9830316305160522,0.0009991300514045147,0.062156427407777264,
2025-09-15 03:20:15,ADAM_lr0.0003,ADAM,2,MNIST,197,train_iter,0.7603855133056641,0.0009991300514045147,0.05918419603548803,2167.477607727051
2025-09-15 03:20:16,ADAM_lr0.0003,ADAM,2,MNIST,198,train_eval,0.9794929623603821,0.0009991120277927223,0.05918419603548803,
2025-09-15 03:20:16,ADAM_lr0.0003,ADAM,2,MNIST,198,val_eval,0.9991108179092407,0.0009991120277927223,0.05918419603548803,
2025-09-15 03:20:16,ADAM_lr0.0003,ADAM,2,MNIST,198,train_iter,0.9129015207290649,0.0009991120277927223,0.05818609256176138,1428.774356842041
2025-09-15 03:20:17,ADAM_lr0.0003,ADAM,2,MNIST,199,train_eval,0.9753877520561218,0.0009990938195679395,0.05818609256176138,
2025-09-15 03:20:17,ADAM_lr0.0003,ADAM,2,MNIST,199,val_eval,1.0111138820648193,0.0009990938195679395,0.05818609256176138,
2025-09-15 03:20:17,ADAM_lr0.0003,ADAM,2,MNIST,199,train_iter,1.1674621105194092,0.0009990938195679395,0.06012870347177791,905.7881832122803
2025-09-15 03:20:19,ADAM_lr0.0003,ADAM,2,MNIST,200,train_eval,0.9553635120391846,0.0009990754267376514,0.06012870347177791,
2025-09-15 03:20:19,ADAM_lr0.0003,ADAM,2,MNIST,200,val_eval,0.9872404336929321,0.0009990754267376514,0.06012870347177791,
2025-09-15 03:24:23,ADAM_lr0.0003,ADAM,2,MNIST,200,train_iter,0.9388524889945984,0.0009990754267376514,0.054144451150568415,245650.12001991272
2025-09-15 03:24:49,ADAM_lr0.001,ADAM,2,MNIST,0,train_eval,4.741975784301758,9.900990099009901e-06,,
2025-09-15 03:24:49,ADAM_lr0.001,ADAM,2,MNIST,0,val_eval,4.739541530609131,9.900990099009901e-06,,
2025-09-15 03:29:08,ADAM_lr0.001,ADAM,2,MNIST,0,train_iter,4.819905757904053,9.900990099009901e-06,,269839.5516872406
2025-09-15 03:29:09,ADAM_lr0.001,ADAM,2,MNIST,1,train_eval,3.64689564704895,1.9801980198019803e-05,,
2025-09-15 03:29:09,ADAM_lr0.001,ADAM,2,MNIST,1,val_eval,3.6468234062194824,1.9801980198019803e-05,,
2025-09-15 03:29:10,ADAM_lr0.001,ADAM,2,MNIST,1,train_iter,3.9237284660339355,1.9801980198019803e-05,,2268.6092853546143
2025-09-15 03:29:11,ADAM_lr0.001,ADAM,2,MNIST,2,train_eval,2.3303093910217285,2.9702970297029702e-05,,
2025-09-15 03:29:11,ADAM_lr0.001,ADAM,2,MNIST,2,val_eval,2.344357490539551,2.9702970297029702e-05,,
2025-09-15 03:29:12,ADAM_lr0.001,ADAM,2,MNIST,2,train_iter,2.735084056854248,2.9702970297029702e-05,,1476.3727188110352
2025-09-15 03:29:13,ADAM_lr0.001,ADAM,2,MNIST,3,train_eval,1.7007765769958496,3.9603960396039605e-05,,
2025-09-15 03:29:13,ADAM_lr0.001,ADAM,2,MNIST,3,val_eval,1.7274502515792847,3.9603960396039605e-05,,
2025-09-15 03:29:13,ADAM_lr0.001,ADAM,2,MNIST,3,train_iter,2.1940581798553467,3.9603960396039605e-05,,1621.5441226959229
2025-09-15 03:29:15,ADAM_lr0.001,ADAM,2,MNIST,4,train_eval,1.5077041387557983,4.950495049504951e-05,,
2025-09-15 03:29:15,ADAM_lr0.001,ADAM,2,MNIST,4,val_eval,1.4863026142120361,4.950495049504951e-05,,
2025-09-15 03:29:15,ADAM_lr0.001,ADAM,2,MNIST,4,train_iter,1.4762144088745117,4.950495049504951e-05,,1841.5744304656982
2025-09-15 03:29:16,ADAM_lr0.001,ADAM,2,MNIST,5,train_eval,1.4581531286239624,5.9405940594059404e-05,,
2025-09-15 03:29:16,ADAM_lr0.001,ADAM,2,MNIST,5,val_eval,1.4291582107543945,5.9405940594059404e-05,,
2025-09-15 03:29:17,ADAM_lr0.001,ADAM,2,MNIST,5,train_iter,1.6387914419174194,5.9405940594059404e-05,0.03636594615146515,1933.1331253051758
2025-09-15 03:29:18,ADAM_lr0.001,ADAM,2,MNIST,6,train_eval,1.4300810098648071,6.930693069306931e-05,0.03636594615146515,
2025-09-15 03:29:18,ADAM_lr0.001,ADAM,2,MNIST,6,val_eval,1.4348431825637817,6.930693069306931e-05,0.03636594615146515,
2025-09-15 03:29:18,ADAM_lr0.001,ADAM,2,MNIST,6,train_iter,1.4587701559066772,6.930693069306931e-05,0.03830796737274565,1260.1730823516846
2025-09-15 03:29:19,ADAM_lr0.001,ADAM,2,MNIST,7,train_eval,1.3275500535964966,7.920792079207921e-05,0.03830796737274565,
2025-09-15 03:29:19,ADAM_lr0.001,ADAM,2,MNIST,7,val_eval,1.33441162109375,7.920792079207921e-05,0.03830796737274565,
2025-09-15 03:29:20,ADAM_lr0.001,ADAM,2,MNIST,7,train_iter,1.3455114364624023,7.920792079207921e-05,0.03907558830505847,1528.7914276123047
2025-09-15 03:29:21,ADAM_lr0.001,ADAM,2,MNIST,8,train_eval,1.3227951526641846,8.910891089108912e-05,0.03907558830505847,
2025-09-15 03:29:21,ADAM_lr0.001,ADAM,2,MNIST,8,val_eval,1.313073992729187,8.910891089108912e-05,0.03907558830505847,
2025-09-15 03:29:21,ADAM_lr0.001,ADAM,2,MNIST,8,train_iter,1.376280665397644,8.910891089108912e-05,0.039901877744670036,1485.0542545318604
2025-09-15 03:29:22,ADAM_lr0.001,ADAM,2,MNIST,9,train_eval,1.2394894361495972,9.900990099009902e-05,0.039901877744670036,
2025-09-15 03:29:22,ADAM_lr0.001,ADAM,2,MNIST,9,val_eval,1.2354886531829834,9.900990099009902e-05,0.039901877744670036,
2025-09-15 03:29:23,ADAM_lr0.001,ADAM,2,MNIST,9,train_iter,1.2915371656417847,9.900990099009902e-05,0.03973349894507707,1839.4486904144287
2025-09-15 03:29:24,ADAM_lr0.001,ADAM,2,MNIST,10,train_eval,1.1409738063812256,0.0001089108910891089,0.03973349894507707,
2025-09-15 03:29:24,ADAM_lr0.001,ADAM,2,MNIST,10,val_eval,1.1891446113586426,0.0001089108910891089,0.03973349894507707,
2025-09-15 03:29:25,ADAM_lr0.001,ADAM,2,MNIST,10,train_iter,1.0719573497772217,0.0001089108910891089,0.04034613305729248,1532.9363346099854
2025-09-15 03:29:26,ADAM_lr0.001,ADAM,2,MNIST,11,train_eval,1.1995861530303955,0.00011881188118811881,0.04034613305729248,
2025-09-15 03:29:26,ADAM_lr0.001,ADAM,2,MNIST,11,val_eval,1.2076798677444458,0.00011881188118811881,0.04034613305729248,
2025-09-15 03:29:26,ADAM_lr0.001,ADAM,2,MNIST,11,train_iter,1.3245291709899902,0.00011881188118811881,0.04061491008615925,1633.6007118225098
2025-09-15 03:29:27,ADAM_lr0.001,ADAM,2,MNIST,12,train_eval,1.142009973526001,0.00012871287128712872,0.04061491008615925,
2025-09-15 03:29:27,ADAM_lr0.001,ADAM,2,MNIST,12,val_eval,1.1508861780166626,0.00012871287128712872,0.04061491008615925,
2025-09-15 03:29:28,ADAM_lr0.001,ADAM,2,MNIST,12,train_iter,1.105102300643921,0.00012871287128712872,0.04043400924263475,1811.5856647491455
2025-09-15 03:29:29,ADAM_lr0.001,ADAM,2,MNIST,13,train_eval,1.2879501581192017,0.00013861386138613863,0.04043400924263475,
2025-09-15 03:29:29,ADAM_lr0.001,ADAM,2,MNIST,13,val_eval,1.298282265663147,0.00013861386138613863,0.04043400924263475,
2025-09-15 03:29:29,ADAM_lr0.001,ADAM,2,MNIST,13,train_iter,1.5835685729980469,0.00013861386138613863,0.042833889757421875,1091.062307357788
2025-09-15 03:29:31,ADAM_lr0.001,ADAM,2,MNIST,14,train_eval,1.2731537818908691,0.0001485148514851485,0.042833889757421875,
2025-09-15 03:29:31,ADAM_lr0.001,ADAM,2,MNIST,14,val_eval,1.2637298107147217,0.0001485148514851485,0.042833889757421875,
2025-09-15 03:29:31,ADAM_lr0.001,ADAM,2,MNIST,14,train_iter,1.2599904537200928,0.0001485148514851485,0.041643450706581,2272.9179859161377
2025-09-15 03:29:34,ADAM_lr0.001,ADAM,2,MNIST,15,train_eval,1.1391695737838745,0.00015841584158415842,0.041643450706581,
2025-09-15 03:29:34,ADAM_lr0.001,ADAM,2,MNIST,15,val_eval,1.1301535367965698,0.00015841584158415842,0.041643450706581,
2025-09-15 03:29:34,ADAM_lr0.001,ADAM,2,MNIST,15,train_iter,1.1900393962860107,0.00015841584158415842,0.03980985835778027,3016.202211380005
2025-09-15 03:29:36,ADAM_lr0.001,ADAM,2,MNIST,16,train_eval,1.1632009744644165,0.00016831683168316833,0.03980985835778027,
2025-09-15 03:29:36,ADAM_lr0.001,ADAM,2,MNIST,16,val_eval,1.1521937847137451,0.00016831683168316833,0.03980985835778027,
2025-09-15 03:29:36,ADAM_lr0.001,ADAM,2,MNIST,16,train_iter,1.2338438034057617,0.00016831683168316833,0.04023639099497144,1595.0067043304443
2025-09-15 03:29:37,ADAM_lr0.001,ADAM,2,MNIST,17,train_eval,1.1192879676818848,0.00017821782178217824,0.04023639099497144,
2025-09-15 03:29:37,ADAM_lr0.001,ADAM,2,MNIST,17,val_eval,1.1298097372055054,0.00017821782178217824,0.04023639099497144,
2025-09-15 03:29:38,ADAM_lr0.001,ADAM,2,MNIST,17,train_iter,1.2078273296356201,0.00017821782178217824,0.03969271087101961,2020.1449394226074
2025-09-15 03:29:39,ADAM_lr0.001,ADAM,2,MNIST,18,train_eval,1.108494520187378,0.00018811881188118812,0.03969271087101961,
2025-09-15 03:29:39,ADAM_lr0.001,ADAM,2,MNIST,18,val_eval,1.117640733718872,0.00018811881188118812,0.03969271087101961,
2025-09-15 03:29:40,ADAM_lr0.001,ADAM,2,MNIST,18,train_iter,1.0807814598083496,0.00018811881188118812,0.039845095292238876,1705.6305408477783
2025-09-15 03:29:41,ADAM_lr0.001,ADAM,2,MNIST,19,train_eval,1.0906578302383423,0.00019801980198019803,0.039845095292238876,
2025-09-15 03:29:41,ADAM_lr0.001,ADAM,2,MNIST,19,val_eval,1.1295734643936157,0.00019801980198019803,0.039845095292238876,
2025-09-15 03:29:41,ADAM_lr0.001,ADAM,2,MNIST,19,train_iter,1.0230344533920288,0.00019801980198019803,0.040706548038265226,1450.6967067718506
2025-09-15 03:29:42,ADAM_lr0.001,ADAM,2,MNIST,20,train_eval,1.088071584701538,0.00020792079207920794,0.040706548038265226,
2025-09-15 03:29:42,ADAM_lr0.001,ADAM,2,MNIST,20,val_eval,1.1230682134628296,0.00020792079207920794,0.040706548038265226,
2025-09-15 03:29:42,ADAM_lr0.001,ADAM,2,MNIST,20,train_iter,1.1055781841278076,0.00020792079207920794,0.04216887223118415,1270.5671787261963
2025-09-15 03:29:44,ADAM_lr0.001,ADAM,2,MNIST,21,train_eval,1.0790709257125854,0.0002178217821782178,0.04216887223118415,
2025-09-15 03:29:44,ADAM_lr0.001,ADAM,2,MNIST,21,val_eval,1.1129080057144165,0.0002178217821782178,0.04216887223118415,
2025-09-15 03:29:45,ADAM_lr0.001,ADAM,2,MNIST,21,train_iter,1.0798434019088745,0.0002178217821782178,0.041243008568279955,2136.120080947876
2025-09-15 03:29:46,ADAM_lr0.001,ADAM,2,MNIST,22,train_eval,1.0764063596725464,0.0002277227722772277,0.041243008568279955,
2025-09-15 03:29:46,ADAM_lr0.001,ADAM,2,MNIST,22,val_eval,1.1077457666397095,0.0002277227722772277,0.041243008568279955,
2025-09-15 03:29:47,ADAM_lr0.001,ADAM,2,MNIST,22,train_iter,1.0801470279693604,0.0002277227722772277,0.040413414105336574,2133.732318878174
2025-09-15 03:29:49,ADAM_lr0.001,ADAM,2,MNIST,23,train_eval,1.0726253986358643,0.00023762376237623762,0.040413414105336574,
2025-09-15 03:29:49,ADAM_lr0.001,ADAM,2,MNIST,23,val_eval,1.1044236421585083,0.00023762376237623762,0.040413414105336574,
2025-09-15 03:29:49,ADAM_lr0.001,ADAM,2,MNIST,23,train_iter,1.0808748006820679,0.00023762376237623762,0.03921592690440744,2472.0048904418945
2025-09-15 03:29:51,ADAM_lr0.001,ADAM,2,MNIST,24,train_eval,1.0653882026672363,0.00024752475247524753,0.03921592690440744,
2025-09-15 03:29:51,ADAM_lr0.001,ADAM,2,MNIST,24,val_eval,1.1024556159973145,0.00024752475247524753,0.03921592690440744,
2025-09-15 03:29:52,ADAM_lr0.001,ADAM,2,MNIST,24,train_iter,0.9505297541618347,0.00024752475247524753,0.03771735616893049,2901.3445377349854
2025-09-15 03:29:54,ADAM_lr0.001,ADAM,2,MNIST,25,train_eval,1.1057285070419312,0.00025742574257425744,0.03771735616893049,
2025-09-15 03:29:54,ADAM_lr0.001,ADAM,2,MNIST,25,val_eval,1.0979045629501343,0.00025742574257425744,0.03771735616893049,
2025-09-15 03:29:54,ADAM_lr0.001,ADAM,2,MNIST,25,train_iter,1.307178258895874,0.00025742574257425744,0.03721498237616355,2150.273323059082
2025-09-15 03:29:57,ADAM_lr0.001,ADAM,2,MNIST,26,train_eval,1.0838359594345093,0.00026732673267326735,0.03721498237616355,
2025-09-15 03:29:57,ADAM_lr0.001,ADAM,2,MNIST,26,val_eval,1.101718544960022,0.00026732673267326735,0.03721498237616355,
2025-09-15 03:29:57,ADAM_lr0.001,ADAM,2,MNIST,26,train_iter,1.3338818550109863,0.00026732673267326735,0.03659840813569932,2264.1525268554688
2025-09-15 03:29:58,ADAM_lr0.001,ADAM,2,MNIST,27,train_eval,1.08782958984375,0.00027722772277227726,0.03659840813569932,
2025-09-15 03:29:58,ADAM_lr0.001,ADAM,2,MNIST,27,val_eval,1.0963190793991089,0.00027722772277227726,0.03659840813569932,
2025-09-15 03:29:59,ADAM_lr0.001,ADAM,2,MNIST,27,train_iter,1.3839685916900635,0.00027722772277227726,0.035814793550391986,2444.1823959350586
2025-09-15 03:30:00,ADAM_lr0.001,ADAM,2,MNIST,28,train_eval,1.0772464275360107,0.00028712871287128717,0.035814793550391986,
2025-09-15 03:30:00,ADAM_lr0.001,ADAM,2,MNIST,28,val_eval,1.0821946859359741,0.00028712871287128717,0.035814793550391986,
2025-09-15 03:30:01,ADAM_lr0.001,ADAM,2,MNIST,28,train_iter,1.1572703123092651,0.00028712871287128717,0.03568589489816846,2036.1642837524414
2025-09-15 03:30:02,ADAM_lr0.001,ADAM,2,MNIST,29,train_eval,1.0688095092773438,0.000297029702970297,0.03568589489816846,
2025-09-15 03:30:02,ADAM_lr0.001,ADAM,2,MNIST,29,val_eval,1.0698190927505493,0.000297029702970297,0.03568589489816846,
2025-09-15 03:30:03,ADAM_lr0.001,ADAM,2,MNIST,29,train_iter,1.083296298980713,0.000297029702970297,0.03671220249638131,1529.9627780914307
2025-09-15 03:30:04,ADAM_lr0.001,ADAM,2,MNIST,30,train_eval,1.0735080242156982,0.00030693069306930693,0.03671220249638131,
2025-09-15 03:30:04,ADAM_lr0.001,ADAM,2,MNIST,30,val_eval,1.086374044418335,0.00030693069306930693,0.03671220249638131,
2025-09-15 03:30:04,ADAM_lr0.001,ADAM,2,MNIST,30,train_iter,1.2760392427444458,0.00030693069306930693,0.038004680836892596,1416.2869453430176
2025-09-15 03:30:05,ADAM_lr0.001,ADAM,2,MNIST,31,train_eval,1.0712674856185913,0.00031683168316831684,0.038004680836892596,
2025-09-15 03:30:05,ADAM_lr0.001,ADAM,2,MNIST,31,val_eval,1.073024034500122,0.00031683168316831684,0.038004680836892596,
2025-09-15 03:30:05,ADAM_lr0.001,ADAM,2,MNIST,31,train_iter,1.1206579208374023,0.00031683168316831684,0.03901764203864563,1460.5016708374023
2025-09-15 03:30:07,ADAM_lr0.001,ADAM,2,MNIST,32,train_eval,1.0545637607574463,0.00032673267326732675,0.03901764203864563,
2025-09-15 03:30:07,ADAM_lr0.001,ADAM,2,MNIST,32,val_eval,1.0520271062850952,0.00032673267326732675,0.03901764203864563,
2025-09-15 03:30:08,ADAM_lr0.001,ADAM,2,MNIST,32,train_iter,1.0676606893539429,0.00032673267326732675,0.037786253705077676,2632.596254348755
2025-09-15 03:30:10,ADAM_lr0.001,ADAM,2,MNIST,33,train_eval,1.0458977222442627,0.00033663366336633666,0.037786253705077676,
2025-09-15 03:30:10,ADAM_lr0.001,ADAM,2,MNIST,33,val_eval,1.0551241636276245,0.00033663366336633666,0.037786253705077676,
2025-09-15 03:30:10,ADAM_lr0.001,ADAM,2,MNIST,33,train_iter,1.098389983177185,0.00033663366336633666,0.03807071442520017,1730.2172183990479
2025-09-15 03:30:11,ADAM_lr0.001,ADAM,2,MNIST,34,train_eval,1.037642240524292,0.00034653465346534657,0.03807071442520017,
2025-09-15 03:30:11,ADAM_lr0.001,ADAM,2,MNIST,34,val_eval,1.0342708826065063,0.00034653465346534657,0.03807071442520017,
2025-09-15 03:30:12,ADAM_lr0.001,ADAM,2,MNIST,34,train_iter,0.9998394846916199,0.00034653465346534657,0.037319706870295934,2300.351619720459
2025-09-15 03:30:14,ADAM_lr0.001,ADAM,2,MNIST,35,train_eval,1.0518440008163452,0.0003564356435643565,0.037319706870295934,
2025-09-15 03:30:14,ADAM_lr0.001,ADAM,2,MNIST,35,val_eval,1.050825834274292,0.0003564356435643565,0.037319706870295934,
2025-09-15 03:30:14,ADAM_lr0.001,ADAM,2,MNIST,35,train_iter,0.9055836200714111,0.0003564356435643565,0.03724918738961,1920.0096130371094
2025-09-15 03:30:15,ADAM_lr0.001,ADAM,2,MNIST,36,train_eval,1.0271968841552734,0.00036633663366336634,0.03724918738961,
2025-09-15 03:30:15,ADAM_lr0.001,ADAM,2,MNIST,36,val_eval,1.0343599319458008,0.00036633663366336634,0.03724918738961,
2025-09-15 03:30:15,ADAM_lr0.001,ADAM,2,MNIST,36,train_iter,0.7985213994979858,0.00036633663366336634,0.03864939879158568,1371.6766834259033
2025-09-15 03:30:17,ADAM_lr0.001,ADAM,2,MNIST,37,train_eval,1.049267292022705,0.00037623762376237625,0.03864939879158568,
2025-09-15 03:30:17,ADAM_lr0.001,ADAM,2,MNIST,37,val_eval,1.0333683490753174,0.00037623762376237625,0.03864939879158568,
2025-09-15 03:30:18,ADAM_lr0.001,ADAM,2,MNIST,37,train_iter,1.1013888120651245,0.00037623762376237625,0.037790937151499046,2338.2911682128906
2025-09-15 03:30:19,ADAM_lr0.001,ADAM,2,MNIST,38,train_eval,1.049331545829773,0.00038613861386138616,0.037790937151499046,
2025-09-15 03:30:19,ADAM_lr0.001,ADAM,2,MNIST,38,val_eval,1.0449632406234741,0.00038613861386138616,0.037790937151499046,
2025-09-15 03:30:19,ADAM_lr0.001,ADAM,2,MNIST,38,train_iter,0.867067277431488,0.00038613861386138616,0.038008675275892044,1758.8984966278076
2025-09-15 03:30:22,ADAM_lr0.001,ADAM,2,MNIST,39,train_eval,1.0363460779190063,0.00039603960396039607,0.038008675275892044,
2025-09-15 03:30:22,ADAM_lr0.001,ADAM,2,MNIST,39,val_eval,1.0268787145614624,0.00039603960396039607,0.038008675275892044,
2025-09-15 03:30:22,ADAM_lr0.001,ADAM,2,MNIST,39,train_iter,0.9231430888175964,0.00039603960396039607,0.036573781698206874,2971.301317214966
2025-09-15 03:30:25,ADAM_lr0.001,ADAM,2,MNIST,40,train_eval,1.038020133972168,0.000405940594059406,0.036573781698206874,
2025-09-15 03:30:25,ADAM_lr0.001,ADAM,2,MNIST,40,val_eval,1.0034191608428955,0.000405940594059406,0.036573781698206874,
2025-09-15 03:30:26,ADAM_lr0.001,ADAM,2,MNIST,40,train_iter,0.7753540873527527,0.000405940594059406,0.03484065570744923,3653.378486633301
2025-09-15 03:30:28,ADAM_lr0.001,ADAM,2,MNIST,41,train_eval,1.0467983484268188,0.0004158415841584159,0.03484065570744923,
2025-09-15 03:30:28,ADAM_lr0.001,ADAM,2,MNIST,41,val_eval,1.040252685546875,0.0004158415841584159,0.03484065570744923,
2025-09-15 03:30:28,ADAM_lr0.001,ADAM,2,MNIST,41,train_iter,0.8138262033462524,0.0004158415841584159,0.03587884785032082,1554.5380115509033
2025-09-15 03:30:29,ADAM_lr0.001,ADAM,2,MNIST,42,train_eval,1.056023359298706,0.0004257425742574258,0.03587884785032082,
2025-09-15 03:30:29,ADAM_lr0.001,ADAM,2,MNIST,42,val_eval,1.0729190111160278,0.0004257425742574258,0.03587884785032082,
2025-09-15 03:30:29,ADAM_lr0.001,ADAM,2,MNIST,42,train_iter,1.1790589094161987,0.0004257425742574258,0.037248494303370065,1418.0488586425781
2025-09-15 03:30:31,ADAM_lr0.001,ADAM,2,MNIST,43,train_eval,1.033086895942688,0.0004356435643564356,0.037248494303370065,
2025-09-15 03:30:31,ADAM_lr0.001,ADAM,2,MNIST,43,val_eval,1.0244979858398438,0.0004356435643564356,0.037248494303370065,
2025-09-15 03:30:31,ADAM_lr0.001,ADAM,2,MNIST,43,train_iter,0.9468738436698914,0.0004356435643564356,0.03837114313748334,1450.2370357513428
2025-09-15 03:30:33,ADAM_lr0.001,ADAM,2,MNIST,44,train_eval,1.0364387035369873,0.0004455445544554455,0.03837114313748334,
2025-09-15 03:30:33,ADAM_lr0.001,ADAM,2,MNIST,44,val_eval,1.0254384279251099,0.0004455445544554455,0.03837114313748334,
2025-09-15 03:30:33,ADAM_lr0.001,ADAM,2,MNIST,44,train_iter,1.013701319694519,0.0004455445544554455,0.03795067317772491,2057.5807094573975
2025-09-15 03:30:34,ADAM_lr0.001,ADAM,2,MNIST,45,train_eval,1.0621880292892456,0.0004554455445544554,0.03795067317772491,
2025-09-15 03:30:34,ADAM_lr0.001,ADAM,2,MNIST,45,val_eval,1.0417420864105225,0.0004554455445544554,0.03795067317772491,
2025-09-15 03:30:35,ADAM_lr0.001,ADAM,2,MNIST,45,train_iter,1.1627447605133057,0.0004554455445544554,0.03783466726729046,1910.8192920684814
2025-09-15 03:30:36,ADAM_lr0.001,ADAM,2,MNIST,46,train_eval,1.0284688472747803,0.0004653465346534653,0.03783466726729046,
2025-09-15 03:30:36,ADAM_lr0.001,ADAM,2,MNIST,46,val_eval,1.0268473625183105,0.0004653465346534653,0.03783466726729046,
2025-09-15 03:30:36,ADAM_lr0.001,ADAM,2,MNIST,46,train_iter,0.8627740740776062,0.0004653465346534653,0.03990828197535754,1200.2601623535156
2025-09-15 03:30:37,ADAM_lr0.001,ADAM,2,MNIST,47,train_eval,1.0291767120361328,0.00047524752475247524,0.03990828197535754,
2025-09-15 03:30:37,ADAM_lr0.001,ADAM,2,MNIST,47,val_eval,1.049465298652649,0.00047524752475247524,0.03990828197535754,
2025-09-15 03:30:37,ADAM_lr0.001,ADAM,2,MNIST,47,train_iter,0.9500411748886108,0.00047524752475247524,0.04123243664026713,1322.6799964904785
2025-09-15 03:30:39,ADAM_lr0.001,ADAM,2,MNIST,48,train_eval,1.0294241905212402,0.00048514851485148515,0.04123243664026713,
2025-09-15 03:30:39,ADAM_lr0.001,ADAM,2,MNIST,48,val_eval,1.0232911109924316,0.00048514851485148515,0.04123243664026713,
2025-09-15 03:30:39,ADAM_lr0.001,ADAM,2,MNIST,48,train_iter,1.3322945833206177,0.00048514851485148515,0.0416778045233482,1538.7654304504395
2025-09-15 03:30:40,ADAM_lr0.001,ADAM,2,MNIST,49,train_eval,1.0214897394180298,0.0004950495049504951,0.0416778045233482,
2025-09-15 03:30:40,ADAM_lr0.001,ADAM,2,MNIST,49,val_eval,1.018982172012329,0.0004950495049504951,0.0416778045233482,
2025-09-15 03:30:40,ADAM_lr0.001,ADAM,2,MNIST,49,train_iter,1.2812012434005737,0.0004950495049504951,0.042396731779309416,1438.600778579712
2025-09-15 03:30:42,ADAM_lr0.001,ADAM,2,MNIST,50,train_eval,1.0223491191864014,0.000504950495049505,0.042396731779309416,
2025-09-15 03:30:42,ADAM_lr0.001,ADAM,2,MNIST,50,val_eval,1.0485234260559082,0.000504950495049505,0.042396731779309416,
2025-09-15 03:30:42,ADAM_lr0.001,ADAM,2,MNIST,50,train_iter,0.9415499567985535,0.000504950495049505,0.04163854032163468,2019.261360168457
2025-09-15 03:30:44,ADAM_lr0.001,ADAM,2,MNIST,51,train_eval,1.0274609327316284,0.0005148514851485149,0.04163854032163468,
2025-09-15 03:30:44,ADAM_lr0.001,ADAM,2,MNIST,51,val_eval,1.0500980615615845,0.0005148514851485149,0.04163854032163468,
2025-09-15 03:30:44,ADAM_lr0.001,ADAM,2,MNIST,51,train_iter,1.1854455471038818,0.0005148514851485149,0.04122212076451807,1875.9558200836182
2025-09-15 03:30:45,ADAM_lr0.001,ADAM,2,MNIST,52,train_eval,1.042022943496704,0.0005247524752475248,0.04122212076451807,
2025-09-15 03:30:45,ADAM_lr0.001,ADAM,2,MNIST,52,val_eval,1.035610318183899,0.0005247524752475248,0.04122212076451807,
2025-09-15 03:30:45,ADAM_lr0.001,ADAM,2,MNIST,52,train_iter,0.6120902299880981,0.0005247524752475248,0.042346302950885706,1339.9720191955566
2025-09-15 03:30:47,ADAM_lr0.001,ADAM,2,MNIST,53,train_eval,1.0430546998977661,0.0005346534653465347,0.042346302950885706,
2025-09-15 03:30:47,ADAM_lr0.001,ADAM,2,MNIST,53,val_eval,1.056888461112976,0.0005346534653465347,0.042346302950885706,
2025-09-15 03:30:47,ADAM_lr0.001,ADAM,2,MNIST,53,train_iter,1.2476695775985718,0.0005346534653465347,0.041823171531450036,1894.1192626953125
2025-09-15 03:30:49,ADAM_lr0.001,ADAM,2,MNIST,54,train_eval,1.0430160760879517,0.0005445544554455446,0.041823171531450036,
2025-09-15 03:30:49,ADAM_lr0.001,ADAM,2,MNIST,54,val_eval,1.063372254371643,0.0005445544554455446,0.041823171531450036,
2025-09-15 03:30:49,ADAM_lr0.001,ADAM,2,MNIST,54,train_iter,0.9638670682907104,0.0005445544554455446,0.041105510658728944,2029.0675163269043
2025-09-15 03:30:51,ADAM_lr0.001,ADAM,2,MNIST,55,train_eval,1.0320518016815186,0.0005544554455445545,0.041105510658728944,
2025-09-15 03:30:51,ADAM_lr0.001,ADAM,2,MNIST,55,val_eval,1.0296472311019897,0.0005544554455445545,0.041105510658728944,
2025-09-15 03:30:51,ADAM_lr0.001,ADAM,2,MNIST,55,train_iter,0.8686298131942749,0.0005544554455445545,0.04078237640759442,1856.152057647705
2025-09-15 03:30:52,ADAM_lr0.001,ADAM,2,MNIST,56,train_eval,1.0458204746246338,0.0005643564356435644,0.04078237640759442,
2025-09-15 03:30:52,ADAM_lr0.001,ADAM,2,MNIST,56,val_eval,1.0226937532424927,0.0005643564356435644,0.04078237640759442,
2025-09-15 03:30:52,ADAM_lr0.001,ADAM,2,MNIST,56,train_iter,1.0223140716552734,0.0005643564356435644,0.041868844256066115,1361.166000366211
2025-09-15 03:30:54,ADAM_lr0.001,ADAM,2,MNIST,57,train_eval,1.0309292078018188,0.0005742574257425743,0.041868844256066115,
2025-09-15 03:30:54,ADAM_lr0.001,ADAM,2,MNIST,57,val_eval,1.0237044095993042,0.0005742574257425743,0.041868844256066115,
2025-09-15 03:30:54,ADAM_lr0.001,ADAM,2,MNIST,57,train_iter,1.167515516281128,0.0005742574257425743,0.041384629080210074,1898.6361026763916
2025-09-15 03:30:56,ADAM_lr0.001,ADAM,2,MNIST,58,train_eval,1.0256668329238892,0.0005841584158415842,0.041384629080210074,
2025-09-15 03:30:56,ADAM_lr0.001,ADAM,2,MNIST,58,val_eval,1.0203735828399658,0.0005841584158415842,0.041384629080210074,
2025-09-15 03:30:56,ADAM_lr0.001,ADAM,2,MNIST,58,train_iter,1.0886629819869995,0.0005841584158415842,0.04263937785433048,1303.4944534301758
2025-09-15 03:30:58,ADAM_lr0.001,ADAM,2,MNIST,59,train_eval,1.0111511945724487,0.000594059405940594,0.04263937785433048,
2025-09-15 03:30:58,ADAM_lr0.001,ADAM,2,MNIST,59,val_eval,1.0236364603042603,0.000594059405940594,0.04263937785433048,
2025-09-15 03:30:58,ADAM_lr0.001,ADAM,2,MNIST,59,train_iter,1.039009690284729,0.000594059405940594,0.041915944578045684,1985.5988025665283
2025-09-15 03:31:00,ADAM_lr0.001,ADAM,2,MNIST,60,train_eval,1.0183595418930054,0.000603960396039604,0.041915944578045684,
2025-09-15 03:31:00,ADAM_lr0.001,ADAM,2,MNIST,60,val_eval,1.0298651456832886,0.000603960396039604,0.041915944578045684,
2025-09-15 03:31:00,ADAM_lr0.001,ADAM,2,MNIST,60,train_iter,1.0627713203430176,0.000603960396039604,0.0406266398264417,2422.2328662872314
2025-09-15 03:31:03,ADAM_lr0.001,ADAM,2,MNIST,61,train_eval,1.0167824029922485,0.0006138613861386139,0.0406266398264417,
2025-09-15 03:31:03,ADAM_lr0.001,ADAM,2,MNIST,61,val_eval,1.011799693107605,0.0006138613861386139,0.0406266398264417,
2025-09-15 03:31:03,ADAM_lr0.001,ADAM,2,MNIST,61,train_iter,1.0347670316696167,0.0006138613861386139,0.0393080685627884,2561.8746280670166
2025-09-15 03:31:04,ADAM_lr0.001,ADAM,2,MNIST,62,train_eval,1.0050703287124634,0.0006237623762376238,0.0393080685627884,
2025-09-15 03:31:04,ADAM_lr0.001,ADAM,2,MNIST,62,val_eval,0.9992992877960205,0.0006237623762376238,0.0393080685627884,
2025-09-15 03:31:05,ADAM_lr0.001,ADAM,2,MNIST,62,train_iter,1.0364811420440674,0.0006237623762376238,0.03792495636931218,2759.3657970428467
2025-09-15 03:31:07,ADAM_lr0.001,ADAM,2,MNIST,63,train_eval,1.0031081438064575,0.0006336633663366337,0.03792495636931218,
2025-09-15 03:31:07,ADAM_lr0.001,ADAM,2,MNIST,63,val_eval,1.0222971439361572,0.0006336633663366337,0.03792495636931218,
2025-09-15 03:31:07,ADAM_lr0.001,ADAM,2,MNIST,63,train_iter,0.6355398297309875,0.0006336633663366337,0.03953010228489347,1302.424669265747
2025-09-15 03:31:07,ADAM_lr0.001,ADAM,2,MNIST,64,train_eval,1.0110142230987549,0.0006435643564356436,0.03953010228489347,
2025-09-15 03:31:07,ADAM_lr0.001,ADAM,2,MNIST,64,val_eval,1.0350059270858765,0.0006435643564356436,0.03953010228489347,
2025-09-15 03:31:08,ADAM_lr0.001,ADAM,2,MNIST,64,train_iter,0.934156596660614,0.0006435643564356436,0.04347743084809069,889.8379802703857
2025-09-15 03:31:08,ADAM_lr0.001,ADAM,2,MNIST,65,train_eval,1.0258874893188477,0.0006534653465346535,0.04347743084809069,
2025-09-15 03:31:08,ADAM_lr0.001,ADAM,2,MNIST,65,val_eval,1.039806842803955,0.0006534653465346535,0.04347743084809069,
2025-09-15 03:31:08,ADAM_lr0.001,ADAM,2,MNIST,65,train_iter,0.9283689260482788,0.0006534653465346535,0.0470553542793192,886.9943618774414
2025-09-15 03:31:09,ADAM_lr0.001,ADAM,2,MNIST,66,train_eval,1.0336799621582031,0.0006633663366336634,0.0470553542793192,
2025-09-15 03:31:09,ADAM_lr0.001,ADAM,2,MNIST,66,val_eval,1.0403828620910645,0.0006633663366336634,0.0470553542793192,
2025-09-15 03:31:09,ADAM_lr0.001,ADAM,2,MNIST,66,train_iter,1.138061285018921,0.0006633663366336634,0.05031025575292083,883.120059967041
2025-09-15 03:31:10,ADAM_lr0.001,ADAM,2,MNIST,67,train_eval,1.0250848531723022,0.0006732673267326733,0.05031025575292083,
2025-09-15 03:31:10,ADAM_lr0.001,ADAM,2,MNIST,67,val_eval,1.0257906913757324,0.0006732673267326733,0.05031025575292083,
2025-09-15 03:31:10,ADAM_lr0.001,ADAM,2,MNIST,67,train_iter,1.2146084308624268,0.0006732673267326733,0.053269756071761085,879.7945976257324
2025-09-15 03:31:12,ADAM_lr0.001,ADAM,2,MNIST,68,train_eval,1.0264705419540405,0.0006831683168316832,0.053269756071761085,
2025-09-15 03:31:12,ADAM_lr0.001,ADAM,2,MNIST,68,val_eval,1.0188511610031128,0.0006831683168316832,0.053269756071761085,
2025-09-15 03:31:12,ADAM_lr0.001,ADAM,2,MNIST,68,train_iter,0.8420740365982056,0.0006831683168316832,0.051726389499757365,1858.0200672149658
2025-09-15 03:31:14,ADAM_lr0.001,ADAM,2,MNIST,69,train_eval,1.0321685075759888,0.0006930693069306931,0.051726389499757365,
2025-09-15 03:31:14,ADAM_lr0.001,ADAM,2,MNIST,69,val_eval,1.0325285196304321,0.0006930693069306931,0.051726389499757365,
2025-09-15 03:31:14,ADAM_lr0.001,ADAM,2,MNIST,69,train_iter,1.1331756114959717,0.0006930693069306931,0.049738349685862056,2207.505941390991
2025-09-15 03:31:16,ADAM_lr0.001,ADAM,2,MNIST,70,train_eval,1.003668189048767,0.000702970297029703,0.049738349685862056,
2025-09-15 03:31:16,ADAM_lr0.001,ADAM,2,MNIST,70,val_eval,1.0147793292999268,0.000702970297029703,0.049738349685862056,
2025-09-15 03:31:16,ADAM_lr0.001,ADAM,2,MNIST,70,train_iter,0.983984649181366,0.000702970297029703,0.04878366519781355,1749.131202697754
2025-09-15 03:31:17,ADAM_lr0.001,ADAM,2,MNIST,71,train_eval,1.0255439281463623,0.000712871287128713,0.04878366519781355,
2025-09-15 03:31:17,ADAM_lr0.001,ADAM,2,MNIST,71,val_eval,1.017444133758545,0.000712871287128713,0.04878366519781355,
2025-09-15 03:31:17,ADAM_lr0.001,ADAM,2,MNIST,71,train_iter,0.9185608625411987,0.000712871287128713,0.050609924820713886,1048.5329627990723
2025-09-15 03:31:19,ADAM_lr0.001,ADAM,2,MNIST,72,train_eval,1.0229932069778442,0.0007227722772277228,0.050609924820713886,
2025-09-15 03:31:19,ADAM_lr0.001,ADAM,2,MNIST,72,val_eval,1.0164463520050049,0.0007227722772277228,0.050609924820713886,
2025-09-15 03:31:19,ADAM_lr0.001,ADAM,2,MNIST,72,train_iter,1.0096640586853027,0.0007227722772277228,0.050263065130592345,1491.265058517456
2025-09-15 03:31:20,ADAM_lr0.001,ADAM,2,MNIST,73,train_eval,1.0226248502731323,0.0007326732673267327,0.050263065130592345,
2025-09-15 03:31:20,ADAM_lr0.001,ADAM,2,MNIST,73,val_eval,1.0140293836593628,0.0007326732673267327,0.050263065130592345,
2025-09-15 03:31:20,ADAM_lr0.001,ADAM,2,MNIST,73,train_iter,0.7540475130081177,0.0007326732673267327,0.04960788729753932,1608.2851886749268
2025-09-15 03:31:22,ADAM_lr0.001,ADAM,2,MNIST,74,train_eval,1.0259214639663696,0.0007425742574257426,0.04960788729753932,
2025-09-15 03:31:22,ADAM_lr0.001,ADAM,2,MNIST,74,val_eval,1.0180093050003052,0.0007425742574257426,0.04960788729753932,
2025-09-15 03:31:22,ADAM_lr0.001,ADAM,2,MNIST,74,train_iter,0.8940962553024292,0.0007425742574257426,0.04808925280182453,2042.3319339752197
2025-09-15 03:31:24,ADAM_lr0.001,ADAM,2,MNIST,75,train_eval,1.0036541223526,0.0007524752475247525,0.04808925280182453,
2025-09-15 03:31:24,ADAM_lr0.001,ADAM,2,MNIST,75,val_eval,1.0125946998596191,0.0007524752475247525,0.04808925280182453,
2025-09-15 03:31:24,ADAM_lr0.001,ADAM,2,MNIST,75,train_iter,1.0838232040405273,0.0007524752475247525,0.04685086098720954,1968.8994884490967
2025-09-15 03:31:26,ADAM_lr0.001,ADAM,2,MNIST,76,train_eval,0.9991933703422546,0.0007623762376237624,0.04685086098720954,
2025-09-15 03:31:26,ADAM_lr0.001,ADAM,2,MNIST,76,val_eval,1.0217065811157227,0.0007623762376237624,0.04685086098720954,
2025-09-15 03:31:26,ADAM_lr0.001,ADAM,2,MNIST,76,train_iter,1.036557674407959,0.0007623762376237624,0.04604389680457853,1812.7386569976807
2025-09-15 03:31:28,ADAM_lr0.001,ADAM,2,MNIST,77,train_eval,1.0123381614685059,0.0007722772277227723,0.04604389680457853,
2025-09-15 03:31:28,ADAM_lr0.001,ADAM,2,MNIST,77,val_eval,1.0201166868209839,0.0007722772277227723,0.04604389680457853,
2025-09-15 03:31:28,ADAM_lr0.001,ADAM,2,MNIST,77,train_iter,1.1236183643341064,0.0007722772277227723,0.045249501728891035,1845.1526165008545
2025-09-15 03:31:30,ADAM_lr0.001,ADAM,2,MNIST,78,train_eval,1.0175998210906982,0.0007821782178217822,0.045249501728891035,
2025-09-15 03:31:30,ADAM_lr0.001,ADAM,2,MNIST,78,val_eval,1.0020339488983154,0.0007821782178217822,0.045249501728891035,
2025-09-15 03:31:30,ADAM_lr0.001,ADAM,2,MNIST,78,train_iter,1.1689257621765137,0.0007821782178217822,0.04417782572049222,2035.7553958892822
2025-09-15 03:31:32,ADAM_lr0.001,ADAM,2,MNIST,79,train_eval,1.0024523735046387,0.0007920792079207921,0.04417782572049222,
2025-09-15 03:31:32,ADAM_lr0.001,ADAM,2,MNIST,79,val_eval,1.0286586284637451,0.0007920792079207921,0.04417782572049222,
2025-09-15 03:31:32,ADAM_lr0.001,ADAM,2,MNIST,79,train_iter,0.9853867888450623,0.0007920792079207921,0.043476072162763155,1891.8101787567139
2025-09-15 03:31:34,ADAM_lr0.001,ADAM,2,MNIST,80,train_eval,0.9977471232414246,0.000801980198019802,0.043476072162763155,
2025-09-15 03:31:34,ADAM_lr0.001,ADAM,2,MNIST,80,val_eval,1.0223766565322876,0.000801980198019802,0.043476072162763155,
2025-09-15 03:31:34,ADAM_lr0.001,ADAM,2,MNIST,80,train_iter,1.2777698040008545,0.000801980198019802,0.04170960627163554,2723.609685897827
2025-09-15 03:31:37,ADAM_lr0.001,ADAM,2,MNIST,81,train_eval,0.9990690350532532,0.000811881188118812,0.04170960627163554,
2025-09-15 03:31:37,ADAM_lr0.001,ADAM,2,MNIST,81,val_eval,1.0166095495224,0.000811881188118812,0.04170960627163554,
2025-09-15 03:31:37,ADAM_lr0.001,ADAM,2,MNIST,81,train_iter,1.1082602739334106,0.000811881188118812,0.04022209059722747,2619.77481842041
2025-09-15 03:31:40,ADAM_lr0.001,ADAM,2,MNIST,82,train_eval,0.9990326762199402,0.0008217821782178219,0.04022209059722747,
2025-09-15 03:31:40,ADAM_lr0.001,ADAM,2,MNIST,82,val_eval,0.9878033995628357,0.0008217821782178219,0.04022209059722747,
2025-09-15 03:31:41,ADAM_lr0.001,ADAM,2,MNIST,82,train_iter,1.169567584991455,0.0008217821782178219,0.03813358177153487,3635.528087615967
2025-09-15 03:31:42,ADAM_lr0.001,ADAM,2,MNIST,83,train_eval,1.0094176530838013,0.0008316831683168318,0.03813358177153487,
2025-09-15 03:31:42,ADAM_lr0.001,ADAM,2,MNIST,83,val_eval,0.9963310360908508,0.0008316831683168318,0.03813358177153487,
2025-09-15 03:31:42,ADAM_lr0.001,ADAM,2,MNIST,83,train_iter,1.162978172302246,0.0008316831683168318,0.03841531115761945,1716.6962623596191
2025-09-15 03:31:44,ADAM_lr0.001,ADAM,2,MNIST,84,train_eval,0.9912043809890747,0.0008415841584158417,0.03841531115761945,
2025-09-15 03:31:44,ADAM_lr0.001,ADAM,2,MNIST,84,val_eval,1.0138143301010132,0.0008415841584158417,0.03841531115761945,
2025-09-15 03:31:44,ADAM_lr0.001,ADAM,2,MNIST,84,train_iter,1.0342175960540771,0.0008415841584158417,0.03868280566331925,1710.8731269836426
2025-09-15 03:31:46,ADAM_lr0.001,ADAM,2,MNIST,85,train_eval,1.0267640352249146,0.0008514851485148516,0.03868280566331925,
2025-09-15 03:31:46,ADAM_lr0.001,ADAM,2,MNIST,85,val_eval,1.0224941968917847,0.0008514851485148516,0.03868280566331925,
2025-09-15 03:31:46,ADAM_lr0.001,ADAM,2,MNIST,85,train_iter,1.0162243843078613,0.0008514851485148516,0.03883231411415958,1749.7239112854004
2025-09-15 03:31:48,ADAM_lr0.001,ADAM,2,MNIST,86,train_eval,1.0228404998779297,0.0008613861386138615,0.03883231411415958,
2025-09-15 03:31:48,ADAM_lr0.001,ADAM,2,MNIST,86,val_eval,1.0078779458999634,0.0008613861386138615,0.03883231411415958,
2025-09-15 03:31:48,ADAM_lr0.001,ADAM,2,MNIST,86,train_iter,0.9890189170837402,0.0008613861386138615,0.03850831889806444,1975.1489162445068
2025-09-15 03:31:50,ADAM_lr0.001,ADAM,2,MNIST,87,train_eval,1.0282381772994995,0.0008712871287128712,0.03850831889806444,
2025-09-15 03:31:50,ADAM_lr0.001,ADAM,2,MNIST,87,val_eval,1.0134090185165405,0.0008712871287128712,0.03850831889806444,
2025-09-15 03:31:50,ADAM_lr0.001,ADAM,2,MNIST,87,train_iter,1.014709234237671,0.0008712871287128712,0.03758711798877379,2399.6269702911377
2025-09-15 03:31:52,ADAM_lr0.001,ADAM,2,MNIST,88,train_eval,1.0042235851287842,0.0008811881188118811,0.03758711798877379,
2025-09-15 03:31:52,ADAM_lr0.001,ADAM,2,MNIST,88,val_eval,1.0418224334716797,0.0008811881188118811,0.03758711798877379,
2025-09-15 03:31:52,ADAM_lr0.001,ADAM,2,MNIST,88,train_iter,0.9685690402984619,0.0008811881188118811,0.037251659354375875,2053.6084175109863
2025-09-15 03:31:54,ADAM_lr0.001,ADAM,2,MNIST,89,train_eval,1.0039159059524536,0.000891089108910891,0.037251659354375875,
2025-09-15 03:31:54,ADAM_lr0.001,ADAM,2,MNIST,89,val_eval,1.018328309059143,0.000891089108910891,0.037251659354375875,
2025-09-15 03:31:54,ADAM_lr0.001,ADAM,2,MNIST,89,train_iter,1.0547771453857422,0.000891089108910891,0.0381595399942291,1517.364740371704
2025-09-15 03:31:55,ADAM_lr0.001,ADAM,2,MNIST,90,train_eval,0.9873190522193909,0.0009009900990099009,0.0381595399942291,
2025-09-15 03:31:55,ADAM_lr0.001,ADAM,2,MNIST,90,val_eval,1.009379267692566,0.0009009900990099009,0.0381595399942291,
2025-09-15 03:31:55,ADAM_lr0.001,ADAM,2,MNIST,90,train_iter,0.9308339953422546,0.0009009900990099009,0.03998741789050381,1245.6114292144775
2025-09-15 03:31:56,ADAM_lr0.001,ADAM,2,MNIST,91,train_eval,0.9943529367446899,0.0009108910891089108,0.03998741789050381,
2025-09-15 03:31:56,ADAM_lr0.001,ADAM,2,MNIST,91,val_eval,1.0089527368545532,0.0009108910891089108,0.03998741789050381,
2025-09-15 03:31:56,ADAM_lr0.001,ADAM,2,MNIST,91,train_iter,0.9345902800559998,0.0009108910891089108,0.04141848241527551,1294.7094440460205
2025-09-15 03:31:58,ADAM_lr0.001,ADAM,2,MNIST,92,train_eval,1.022011160850525,0.0009207920792079207,0.04141848241527551,
2025-09-15 03:31:58,ADAM_lr0.001,ADAM,2,MNIST,92,val_eval,1.0181798934936523,0.0009207920792079207,0.04141848241527551,
2025-09-15 03:31:58,ADAM_lr0.001,ADAM,2,MNIST,92,train_iter,1.1734153032302856,0.0009207920792079207,0.04122736036011096,1779.4251441955566
2025-09-15 03:32:00,ADAM_lr0.001,ADAM,2,MNIST,93,train_eval,1.015690565109253,0.0009306930693069307,0.04122736036011096,
2025-09-15 03:32:00,ADAM_lr0.001,ADAM,2,MNIST,93,val_eval,0.9908254146575928,0.0009306930693069307,0.04122736036011096,
2025-09-15 03:32:00,ADAM_lr0.001,ADAM,2,MNIST,93,train_iter,1.0220658779144287,0.0009306930693069307,0.04083987559118497,1882.0745944976807
2025-09-15 03:32:02,ADAM_lr0.001,ADAM,2,MNIST,94,train_eval,1.0118955373764038,0.0009405940594059406,0.04083987559118497,
2025-09-15 03:32:02,ADAM_lr0.001,ADAM,2,MNIST,94,val_eval,1.0378623008728027,0.0009405940594059406,0.04083987559118497,
2025-09-15 03:32:02,ADAM_lr0.001,ADAM,2,MNIST,94,train_iter,1.1564061641693115,0.0009405940594059406,0.04015578056256681,2067.718744277954
2025-09-15 03:32:04,ADAM_lr0.001,ADAM,2,MNIST,95,train_eval,1.0126903057098389,0.0009504950495049505,0.04015578056256681,
2025-09-15 03:32:04,ADAM_lr0.001,ADAM,2,MNIST,95,val_eval,1.0017763376235962,0.0009504950495049505,0.04015578056256681,
2025-09-15 03:32:04,ADAM_lr0.001,ADAM,2,MNIST,95,train_iter,1.058229923248291,0.0009504950495049505,0.040003435848401346,1819.7247982025146
2025-09-15 03:32:06,ADAM_lr0.001,ADAM,2,MNIST,96,train_eval,1.0191493034362793,0.0009603960396039604,0.040003435848401346,
2025-09-15 03:32:06,ADAM_lr0.001,ADAM,2,MNIST,96,val_eval,1.0238033533096313,0.0009603960396039604,0.040003435848401346,
2025-09-15 03:32:06,ADAM_lr0.001,ADAM,2,MNIST,96,train_iter,0.8235213160514832,0.0009603960396039604,0.03937379145738981,2085.6270790100098
2025-09-15 03:32:08,ADAM_lr0.001,ADAM,2,MNIST,97,train_eval,0.9821941256523132,0.0009702970297029703,0.03937379145738981,
2025-09-15 03:32:08,ADAM_lr0.001,ADAM,2,MNIST,97,val_eval,1.0059996843338013,0.0009702970297029703,0.03937379145738981,
2025-09-15 03:32:08,ADAM_lr0.001,ADAM,2,MNIST,97,train_iter,1.0007555484771729,0.0009702970297029703,0.03985201953313392,1592.0848846435547
2025-09-15 03:32:09,ADAM_lr0.001,ADAM,2,MNIST,98,train_eval,0.9901987314224243,0.0009801980198019802,0.03985201953313392,
2025-09-15 03:32:09,ADAM_lr0.001,ADAM,2,MNIST,98,val_eval,0.9960193634033203,0.0009801980198019802,0.03985201953313392,
2025-09-15 03:32:09,ADAM_lr0.001,ADAM,2,MNIST,98,train_iter,0.8809382319450378,0.0009801980198019802,0.039849342817086866,1765.2170658111572
2025-09-15 03:32:11,ADAM_lr0.001,ADAM,2,MNIST,99,train_eval,1.005549430847168,0.0009900990099009901,0.039849342817086866,
2025-09-15 03:32:11,ADAM_lr0.001,ADAM,2,MNIST,99,val_eval,1.016535997390747,0.0009900990099009901,0.039849342817086866,
2025-09-15 03:32:11,ADAM_lr0.001,ADAM,2,MNIST,99,train_iter,1.1403923034667969,0.0009900990099009901,0.039630652381279836,1866.5869235992432
2025-09-15 03:32:13,ADAM_lr0.001,ADAM,2,MNIST,100,train_eval,0.9958043694496155,0.001,0.039630652381279836,
2025-09-15 03:32:13,ADAM_lr0.001,ADAM,2,MNIST,100,val_eval,1.0081884860992432,0.001,0.039630652381279836,
2025-09-15 03:35:46,ADAM_lr0.001,ADAM,2,MNIST,100,train_iter,1.0704419612884521,0.001,0.03570036205286478,214494.00091171265
2025-09-15 03:35:47,ADAM_lr0.001,ADAM,2,MNIST,101,train_eval,0.9894915819168091,0.000999999907510999,0.03570036205286478,
2025-09-15 03:35:47,ADAM_lr0.001,ADAM,2,MNIST,101,val_eval,1.0209296941757202,0.000999999907510999,0.03570036205286478,
2025-09-15 03:35:47,ADAM_lr0.001,ADAM,2,MNIST,101,train_iter,0.7053776979446411,0.000999999907510999,0.03941704396937721,964.7719860076904
2025-09-15 03:35:48,ADAM_lr0.001,ADAM,2,MNIST,102,train_eval,1.0029075145721436,0.000999999630044034,0.03941704396937721,
2025-09-15 03:35:48,ADAM_lr0.001,ADAM,2,MNIST,102,val_eval,1.0012437105178833,0.000999999630044034,0.03941704396937721,
2025-09-15 03:35:48,ADAM_lr0.001,ADAM,2,MNIST,102,train_iter,1.001133680343628,0.000999999630044034,0.04328658550088402,899.9872207641602
2025-09-15 03:35:48,ADAM_lr0.001,ADAM,2,MNIST,103,train_eval,0.9924550652503967,0.0009999991675992191,0.04328658550088402,
2025-09-15 03:35:48,ADAM_lr0.001,ADAM,2,MNIST,103,val_eval,1.0046337842941284,0.0009999991675992191,0.04328658550088402,
2025-09-15 03:35:48,ADAM_lr0.001,ADAM,2,MNIST,103,train_iter,0.983104407787323,0.0009999991675992191,0.04685798422132592,889.8696899414062
2025-09-15 03:35:49,ADAM_lr0.001,ADAM,2,MNIST,104,train_eval,1.0077624320983887,0.0009999985201767443,0.04685798422132592,
2025-09-15 03:35:49,ADAM_lr0.001,ADAM,2,MNIST,104,val_eval,1.0110816955566406,0.0009999985201767443,0.04685798422132592,
2025-09-15 03:35:49,ADAM_lr0.001,ADAM,2,MNIST,104,train_iter,1.4677469730377197,0.0009999985201767443,0.05001762701225502,896.0645198822021
2025-09-15 03:35:50,ADAM_lr0.001,ADAM,2,MNIST,105,train_eval,1.0081878900527954,0.000999997687776876,0.05001762701225502,
2025-09-15 03:35:50,ADAM_lr0.001,ADAM,2,MNIST,105,val_eval,0.9965210556983948,0.000999997687776876,0.05001762701225502,
2025-09-15 03:35:50,ADAM_lr0.001,ADAM,2,MNIST,105,train_iter,1.267530083656311,0.000999997687776876,0.05284904835087253,897.4666595458984
2025-09-15 03:35:51,ADAM_lr0.001,ADAM,2,MNIST,106,train_eval,1.0025687217712402,0.0009999966703999558,0.05284904835087253,
2025-09-15 03:35:51,ADAM_lr0.001,ADAM,2,MNIST,106,val_eval,1.0258631706237793,0.0009999966703999558,0.05284904835087253,
2025-09-15 03:35:51,ADAM_lr0.001,ADAM,2,MNIST,106,train_iter,1.1103425025939941,0.0009999966703999558,0.05554115003449033,881.2856674194336
2025-09-15 03:35:52,ADAM_lr0.001,ADAM,2,MNIST,107,train_eval,0.9952855110168457,0.0009999954680464025,0.05554115003449033,
2025-09-15 03:35:52,ADAM_lr0.001,ADAM,2,MNIST,107,val_eval,1.0387555360794067,0.0009999954680464025,0.05554115003449033,
2025-09-15 03:35:52,ADAM_lr0.001,ADAM,2,MNIST,107,train_iter,0.9333089590072632,0.0009999954680464025,0.057600424245280425,923.3760833740234
2025-09-15 03:35:53,ADAM_lr0.001,ADAM,2,MNIST,108,train_eval,1.012326955795288,0.00099999408071671,0.057600424245280425,
2025-09-15 03:35:53,ADAM_lr0.001,ADAM,2,MNIST,108,val_eval,1.0107512474060059,0.00099999408071671,0.057600424245280425,
2025-09-15 03:35:53,ADAM_lr0.001,ADAM,2,MNIST,108,train_iter,1.1019644737243652,0.00099999408071671,0.05775089704374458,1189.4092559814453
2025-09-15 03:35:54,ADAM_lr0.001,ADAM,2,MNIST,109,train_eval,0.997063159942627,0.0009999925084114485,0.05775089704374458,
2025-09-15 03:35:54,ADAM_lr0.001,ADAM,2,MNIST,109,val_eval,1.008426547050476,0.0009999925084114485,0.05775089704374458,
2025-09-15 03:35:54,ADAM_lr0.001,ADAM,2,MNIST,109,train_iter,1.060568928718567,0.0009999925084114485,0.05979091235400877,899.5428085327148
2025-09-15 03:35:55,ADAM_lr0.001,ADAM,2,MNIST,110,train_eval,1.0050196647644043,0.0009999907511312647,0.05979091235400877,
2025-09-15 03:35:55,ADAM_lr0.001,ADAM,2,MNIST,110,val_eval,1.0163346529006958,0.0009999907511312647,0.05979091235400877,
2025-09-15 03:35:55,ADAM_lr0.001,ADAM,2,MNIST,110,train_iter,0.9981039762496948,0.0009999907511312647,0.061623046354078365,899.9896049499512
2025-09-15 03:35:56,ADAM_lr0.001,ADAM,2,MNIST,111,train_eval,0.9830629229545593,0.0009999888088768807,0.061623046354078365,
2025-09-15 03:35:56,ADAM_lr0.001,ADAM,2,MNIST,111,val_eval,0.9977318048477173,0.0009999888088768807,0.061623046354078365,
2025-09-15 03:35:56,ADAM_lr0.001,ADAM,2,MNIST,111,train_iter,0.7500621676445007,0.0009999888088768807,0.060589853382451236,1370.6119060516357
2025-09-15 03:35:58,ADAM_lr0.001,ADAM,2,MNIST,112,train_eval,0.9768028259277344,0.000999986681649095,0.060589853382451236,
2025-09-15 03:35:58,ADAM_lr0.001,ADAM,2,MNIST,112,val_eval,1.0128549337387085,0.000999986681649095,0.060589853382451236,
2025-09-15 03:35:58,ADAM_lr0.001,ADAM,2,MNIST,112,train_iter,0.9239106178283691,0.000999986681649095,0.05941052547837545,1440.6793117523193
2025-09-15 03:35:59,ADAM_lr0.001,ADAM,2,MNIST,113,train_eval,1.0036876201629639,0.0009999843694487819,0.05941052547837545,
2025-09-15 03:35:59,ADAM_lr0.001,ADAM,2,MNIST,113,val_eval,1.0296744108200073,0.0009999843694487819,0.05941052547837545,
2025-09-15 03:35:59,ADAM_lr0.001,ADAM,2,MNIST,113,train_iter,0.7471405267715454,0.0009999843694487819,0.058753691868034724,1330.3804397583008
2025-09-15 03:36:01,ADAM_lr0.001,ADAM,2,MNIST,114,train_eval,1.0077993869781494,0.000999981872276892,0.058753691868034724,
2025-09-15 03:36:01,ADAM_lr0.001,ADAM,2,MNIST,114,val_eval,1.017530918121338,0.000999981872276892,0.058753691868034724,
2025-09-15 03:36:01,ADAM_lr0.001,ADAM,2,MNIST,114,train_iter,1.3094277381896973,0.000999981872276892,0.057649156432780846,1473.541498184204
2025-09-15 03:36:02,ADAM_lr0.001,ADAM,2,MNIST,115,train_eval,1.0037178993225098,0.0009999791901344516,0.057649156432780846,
2025-09-15 03:36:02,ADAM_lr0.001,ADAM,2,MNIST,115,val_eval,1.0132474899291992,0.0009999791901344516,0.057649156432780846,
2025-09-15 03:36:02,ADAM_lr0.001,ADAM,2,MNIST,115,train_iter,0.7439408302307129,0.0009999791901344516,0.05728436751547397,1301.8252849578857
2025-09-15 03:36:03,ADAM_lr0.001,ADAM,2,MNIST,116,train_eval,0.9799012541770935,0.0009999763230225634,0.05728436751547397,
2025-09-15 03:36:03,ADAM_lr0.001,ADAM,2,MNIST,116,val_eval,1.0204405784606934,0.0009999763230225634,0.05728436751547397,
2025-09-15 03:36:04,ADAM_lr0.001,ADAM,2,MNIST,116,train_iter,1.1726378202438354,0.0009999763230225634,0.056104170526641524,1545.6576347351074
2025-09-15 03:36:05,ADAM_lr0.001,ADAM,2,MNIST,117,train_eval,1.0280119180679321,0.0009999732709424058,0.056104170526641524,
2025-09-15 03:36:05,ADAM_lr0.001,ADAM,2,MNIST,117,val_eval,1.0101219415664673,0.0009999732709424058,0.056104170526641524,
2025-09-15 03:36:05,ADAM_lr0.001,ADAM,2,MNIST,117,train_iter,1.0405067205429077,0.0009999732709424058,0.054801225076587814,1632.0528984069824
2025-09-15 03:36:07,ADAM_lr0.001,ADAM,2,MNIST,118,train_eval,1.0022034645080566,0.0009999700338952336,0.054801225076587814,
2025-09-15 03:36:07,ADAM_lr0.001,ADAM,2,MNIST,118,val_eval,1.0026021003723145,0.0009999700338952336,0.054801225076587814,
2025-09-15 03:36:07,ADAM_lr0.001,ADAM,2,MNIST,118,train_iter,0.9507551193237305,0.0009999700338952336,0.054361053655810704,1394.8590755462646
2025-09-15 03:36:08,ADAM_lr0.001,ADAM,2,MNIST,119,train_eval,1.0109437704086304,0.0009999666118823774,0.054361053655810704,
2025-09-15 03:36:08,ADAM_lr0.001,ADAM,2,MNIST,119,val_eval,1.0166521072387695,0.0009999666118823774,0.054361053655810704,
2025-09-15 03:36:08,ADAM_lr0.001,ADAM,2,MNIST,119,train_iter,1.0302037000656128,0.0009999666118823774,0.05602773849174105,989.7549152374268
2025-09-15 03:36:09,ADAM_lr0.001,ADAM,2,MNIST,120,train_eval,1.0001389980316162,0.0009999630049052437,0.05602773849174105,
2025-09-15 03:36:09,ADAM_lr0.001,ADAM,2,MNIST,120,val_eval,1.0061615705490112,0.0009999630049052437,0.05602773849174105,
2025-09-15 03:36:09,ADAM_lr0.001,ADAM,2,MNIST,120,train_iter,0.8963441252708435,0.0009999630049052437,0.05625384333455866,1206.0675621032715
2025-09-15 03:36:10,ADAM_lr0.001,ADAM,2,MNIST,121,train_eval,1.0000464916229248,0.0009999592129653152,0.05625384333455866,
2025-09-15 03:36:10,ADAM_lr0.001,ADAM,2,MNIST,121,val_eval,0.9951475262641907,0.0009999592129653152,0.05625384333455866,
2025-09-15 03:36:10,ADAM_lr0.001,ADAM,2,MNIST,121,train_iter,0.720979630947113,0.0009999592129653152,0.057195519110700095,1070.4975128173828
2025-09-15 03:36:11,ADAM_lr0.001,ADAM,2,MNIST,122,train_eval,1.011671543121338,0.0009999552360641507,0.057195519110700095,
2025-09-15 03:36:11,ADAM_lr0.001,ADAM,2,MNIST,122,val_eval,1.0109000205993652,0.0009999552360641507,0.057195519110700095,
2025-09-15 03:36:11,ADAM_lr0.001,ADAM,2,MNIST,122,train_iter,1.1037110090255737,0.0009999552360641507,0.059286253089542204,900.0978469848633
2025-09-15 03:36:12,ADAM_lr0.001,ADAM,2,MNIST,123,train_eval,1.0163201093673706,0.000999951074203385,0.059286253089542204,
2025-09-15 03:36:12,ADAM_lr0.001,ADAM,2,MNIST,123,val_eval,1.0281956195831299,0.000999951074203385,0.059286253089542204,
2025-09-15 03:36:12,ADAM_lr0.001,ADAM,2,MNIST,123,train_iter,1.0620442628860474,0.000999951074203385,0.05811082837652015,1479.0079593658447
2025-09-15 03:36:14,ADAM_lr0.001,ADAM,2,MNIST,124,train_eval,1.0199609994888306,0.0009999467273847289,0.05811082837652015,
2025-09-15 03:36:14,ADAM_lr0.001,ADAM,2,MNIST,124,val_eval,1.0196117162704468,0.0009999467273847289,0.05811082837652015,
2025-09-15 03:36:14,ADAM_lr0.001,ADAM,2,MNIST,124,train_iter,0.7951418161392212,0.0009999467273847289,0.05624100545624309,1783.6990356445312
2025-09-15 03:36:15,ADAM_lr0.001,ADAM,2,MNIST,125,train_eval,1.0240237712860107,0.000999942195609969,0.05624100545624309,
2025-09-15 03:36:15,ADAM_lr0.001,ADAM,2,MNIST,125,val_eval,1.0054831504821777,0.000999942195609969,0.05624100545624309,
2025-09-15 03:36:15,ADAM_lr0.001,ADAM,2,MNIST,125,train_iter,0.840645968914032,0.000999942195609969,0.05617745740370978,1264.2667293548584
2025-09-15 03:36:16,ADAM_lr0.001,ADAM,2,MNIST,126,train_eval,1.0139174461364746,0.0009999374788809685,0.05617745740370978,
2025-09-15 03:36:16,ADAM_lr0.001,ADAM,2,MNIST,126,val_eval,1.0069829225540161,0.0009999374788809685,0.05617745740370978,
2025-09-15 03:36:16,ADAM_lr0.001,ADAM,2,MNIST,126,train_iter,0.868465781211853,0.0009999374788809685,0.05843753305236993,892.3814296722412
2025-09-15 03:36:18,ADAM_lr0.001,ADAM,2,MNIST,127,train_eval,1.0127609968185425,0.0009999325771996657,0.05843753305236993,
2025-09-15 03:36:18,ADAM_lr0.001,ADAM,2,MNIST,127,val_eval,1.0248788595199585,0.0009999325771996657,0.05843753305236993,
2025-09-15 03:36:18,ADAM_lr0.001,ADAM,2,MNIST,127,train_iter,0.9951688647270203,0.0009999325771996657,0.05706749234389407,1571.406602859497
2025-09-15 03:36:19,ADAM_lr0.001,ADAM,2,MNIST,128,train_eval,1.012077808380127,0.0009999274905680762,0.05706749234389407,
2025-09-15 03:36:19,ADAM_lr0.001,ADAM,2,MNIST,128,val_eval,1.0266553163528442,0.0009999274905680762,0.05706749234389407,
2025-09-15 03:36:19,ADAM_lr0.001,ADAM,2,MNIST,128,train_iter,1.0808438062667847,0.0009999274905680762,0.05847152223260588,988.6429309844971
2025-09-15 03:36:20,ADAM_lr0.001,ADAM,2,MNIST,129,train_eval,1.0119171142578125,0.0009999222189882903,0.05847152223260588,
2025-09-15 03:36:20,ADAM_lr0.001,ADAM,2,MNIST,129,val_eval,1.0368387699127197,0.0009999222189882903,0.05847152223260588,
2025-09-15 03:36:20,ADAM_lr0.001,ADAM,2,MNIST,129,train_iter,1.0603103637695312,0.0009999222189882903,0.05949055788532727,1023.8609313964844
2025-09-15 03:36:21,ADAM_lr0.001,ADAM,2,MNIST,130,train_eval,1.0417802333831787,0.0009999167624624755,0.05949055788532727,
2025-09-15 03:36:21,ADAM_lr0.001,ADAM,2,MNIST,130,val_eval,1.0234369039535522,0.0009999167624624755,0.05949055788532727,
2025-09-15 03:36:21,ADAM_lr0.001,ADAM,2,MNIST,130,train_iter,1.0982463359832764,0.0009999167624624755,0.05769314032779497,1693.312644958496
2025-09-15 03:36:23,ADAM_lr0.001,ADAM,2,MNIST,131,train_eval,0.980842113494873,0.0009999111209928744,0.05769314032779497,
2025-09-15 03:36:23,ADAM_lr0.001,ADAM,2,MNIST,131,val_eval,1.0200902223587036,0.0009999111209928744,0.05769314032779497,
2025-09-15 03:36:23,ADAM_lr0.001,ADAM,2,MNIST,131,train_iter,0.8945717215538025,0.0009999111209928744,0.05719305630988727,1334.1648578643799
2025-09-15 03:36:24,ADAM_lr0.001,ADAM,2,MNIST,132,train_eval,0.9853001236915588,0.000999905294581806,0.05719305630988727,
2025-09-15 03:36:24,ADAM_lr0.001,ADAM,2,MNIST,132,val_eval,1.0198723077774048,0.000999905294581806,0.05719305630988727,
2025-09-15 03:36:24,ADAM_lr0.001,ADAM,2,MNIST,132,train_iter,1.111739158630371,0.000999905294581806,0.05783464793277787,1105.1933765411377
2025-09-15 03:36:25,ADAM_lr0.001,ADAM,2,MNIST,133,train_eval,1.020930528640747,0.0009998992832316654,0.05783464793277787,
2025-09-15 03:36:25,ADAM_lr0.001,ADAM,2,MNIST,133,val_eval,1.0377174615859985,0.0009998992832316654,0.05783464793277787,
2025-09-15 03:36:25,ADAM_lr0.001,ADAM,2,MNIST,133,train_iter,1.1400952339172363,0.0009998992832316654,0.059814213722045276,905.5769443511963
2025-09-15 03:36:26,ADAM_lr0.001,ADAM,2,MNIST,134,train_eval,1.0102766752243042,0.0009998930869449237,0.059814213722045276,
2025-09-15 03:36:26,ADAM_lr0.001,ADAM,2,MNIST,134,val_eval,1.0262378454208374,0.0009998930869449237,0.059814213722045276,
2025-09-15 03:36:26,ADAM_lr0.001,ADAM,2,MNIST,134,train_iter,1.0454646348953247,0.0009998930869449237,0.060162900170517106,1110.5690002441406
2025-09-15 03:36:27,ADAM_lr0.001,ADAM,2,MNIST,135,train_eval,1.1356251239776611,0.000999886705724128,0.060162900170517106,
2025-09-15 03:36:27,ADAM_lr0.001,ADAM,2,MNIST,135,val_eval,1.158831000328064,0.000999886705724128,0.060162900170517106,
2025-09-15 03:36:27,ADAM_lr0.001,ADAM,2,MNIST,135,train_iter,1.2564935684204102,0.000999886705724128,0.059530239672784875,1305.814504623413
2025-09-15 03:36:29,ADAM_lr0.001,ADAM,2,MNIST,136,train_eval,1.007112741470337,0.0009998801395719012,0.059530239672784875,
2025-09-15 03:36:29,ADAM_lr0.001,ADAM,2,MNIST,136,val_eval,1.0316929817199707,0.0009998801395719012,0.059530239672784875,
2025-09-15 03:36:29,ADAM_lr0.001,ADAM,2,MNIST,136,train_iter,1.0406559705734253,0.0009998801395719012,0.05864197696432084,1388.026237487793
2025-09-15 03:36:30,ADAM_lr0.001,ADAM,2,MNIST,137,train_eval,1.0276488065719604,0.0009998733884909424,0.05864197696432084,
2025-09-15 03:36:30,ADAM_lr0.001,ADAM,2,MNIST,137,val_eval,1.022430658340454,0.0009998733884909424,0.05864197696432084,
2025-09-15 03:36:30,ADAM_lr0.001,ADAM,2,MNIST,137,train_iter,1.1357364654541016,0.0009998733884909424,0.05666675969292081,1807.6772689819336
2025-09-15 03:36:32,ADAM_lr0.001,ADAM,2,MNIST,138,train_eval,1.0215668678283691,0.0009998664524840269,0.05666675969292081,
2025-09-15 03:36:32,ADAM_lr0.001,ADAM,2,MNIST,138,val_eval,1.0193382501602173,0.0009998664524840269,0.05666675969292081,
2025-09-15 03:36:32,ADAM_lr0.001,ADAM,2,MNIST,138,train_iter,1.1405166387557983,0.0009998664524840269,0.05458631238390714,1960.282564163208
2025-09-15 03:36:34,ADAM_lr0.001,ADAM,2,MNIST,139,train_eval,1.0391895771026611,0.0009998593315540057,0.05458631238390714,
2025-09-15 03:36:34,ADAM_lr0.001,ADAM,2,MNIST,139,val_eval,1.054491400718689,0.0009998593315540057,0.05458631238390714,
2025-09-15 03:36:34,ADAM_lr0.001,ADAM,2,MNIST,139,train_iter,1.0177760124206543,0.0009998593315540057,0.05316968570508257,1739.241361618042
2025-09-15 03:36:35,ADAM_lr0.001,ADAM,2,MNIST,140,train_eval,1.006838321685791,0.000999852025703806,0.05316968570508257,
2025-09-15 03:36:35,ADAM_lr0.001,ADAM,2,MNIST,140,val_eval,1.0138171911239624,0.000999852025703806,0.05316968570508257,
2025-09-15 03:36:35,ADAM_lr0.001,ADAM,2,MNIST,140,train_iter,1.0089452266693115,0.000999852025703806,0.0529885765362703,1368.8111305236816
2025-09-15 03:36:37,ADAM_lr0.001,ADAM,2,MNIST,141,train_eval,1.0218967199325562,0.0009998445349364308,0.0529885765362703,
2025-09-15 03:36:37,ADAM_lr0.001,ADAM,2,MNIST,141,val_eval,1.0307693481445312,0.0009998445349364308,0.0529885765362703,
2025-09-15 03:36:37,ADAM_lr0.001,ADAM,2,MNIST,141,train_iter,1.014404535293579,0.0009998445349364308,0.05111649053743348,2051.499843597412
2025-09-15 03:36:39,ADAM_lr0.001,ADAM,2,MNIST,142,train_eval,0.9883842468261719,0.0009998368592549595,0.05111649053743348,
2025-09-15 03:36:39,ADAM_lr0.001,ADAM,2,MNIST,142,val_eval,1.0055562257766724,0.0009998368592549595,0.05111649053743348,
2025-09-15 03:36:39,ADAM_lr0.001,ADAM,2,MNIST,142,train_iter,1.444554328918457,0.0009998368592549595,0.04998818664738528,1764.8537158966064
2025-09-15 03:36:40,ADAM_lr0.001,ADAM,2,MNIST,143,train_eval,1.0036394596099854,0.000999828998662547,0.04998818664738528,
2025-09-15 03:36:40,ADAM_lr0.001,ADAM,2,MNIST,143,val_eval,0.9989435076713562,0.000999828998662547,0.04998818664738528,
2025-09-15 03:36:40,ADAM_lr0.001,ADAM,2,MNIST,143,train_iter,1.2373714447021484,0.000999828998662547,0.05075164002445706,1220.0086116790771
2025-09-15 03:36:42,ADAM_lr0.001,ADAM,2,MNIST,144,train_eval,1.0113924741744995,0.000999820953162425,0.05075164002445706,
2025-09-15 03:36:42,ADAM_lr0.001,ADAM,2,MNIST,144,val_eval,1.0139681100845337,0.000999820953162425,0.05075164002445706,
2025-09-15 03:36:42,ADAM_lr0.001,ADAM,2,MNIST,144,train_iter,0.9560655355453491,0.000999820953162425,0.0515664584846519,1193.5555934906006
2025-09-15 03:36:43,ADAM_lr0.001,ADAM,2,MNIST,145,train_eval,1.0192376375198364,0.0009998127227579003,0.0515664584846519,
2025-09-15 03:36:43,ADAM_lr0.001,ADAM,2,MNIST,145,val_eval,1.004734992980957,0.0009998127227579003,0.0515664584846519,
2025-09-15 03:36:43,ADAM_lr0.001,ADAM,2,MNIST,145,train_iter,0.9887951612472534,0.0009998127227579003,0.0527232858085961,1113.495111465454
2025-09-15 03:36:44,ADAM_lr0.001,ADAM,2,MNIST,146,train_eval,1.0098252296447754,0.000999804307452356,0.0527232858085961,
2025-09-15 03:36:44,ADAM_lr0.001,ADAM,2,MNIST,146,val_eval,1.0108747482299805,0.000999804307452356,0.0527232858085961,
2025-09-15 03:36:44,ADAM_lr0.001,ADAM,2,MNIST,146,train_iter,0.9905511736869812,0.000999804307452356,0.0542818341865743,1029.15358543396
2025-09-15 03:36:45,ADAM_lr0.001,ADAM,2,MNIST,147,train_eval,1.0182254314422607,0.0009997957072492515,0.0542818341865743,
2025-09-15 03:36:45,ADAM_lr0.001,ADAM,2,MNIST,147,val_eval,1.028681755065918,0.0009997957072492515,0.0542818341865743,
2025-09-15 03:36:45,ADAM_lr0.001,ADAM,2,MNIST,147,train_iter,0.862828254699707,0.0009997957072492515,0.054435660874358624,1259.4068050384521
2025-09-15 03:36:46,ADAM_lr0.001,ADAM,2,MNIST,148,train_eval,1.0112828016281128,0.0009997869221521221,0.054435660874358624,
2025-09-15 03:36:46,ADAM_lr0.001,ADAM,2,MNIST,148,val_eval,1.0224286317825317,0.0009997869221521221,0.054435660874358624,
2025-09-15 03:36:46,ADAM_lr0.001,ADAM,2,MNIST,148,train_iter,0.8541054725646973,0.0009997869221521221,0.05557248423921567,1068.329095840454
2025-09-15 03:36:48,ADAM_lr0.001,ADAM,2,MNIST,149,train_eval,1.0221449136734009,0.0009997779521645793,0.05557248423921567,
2025-09-15 03:36:48,ADAM_lr0.001,ADAM,2,MNIST,149,val_eval,1.0091856718063354,0.0009997779521645793,0.05557248423921567,
2025-09-15 03:36:48,ADAM_lr0.001,ADAM,2,MNIST,149,train_iter,1.0725247859954834,0.0009997779521645793,0.05460183830275292,1532.7296257019043
2025-09-15 03:36:49,ADAM_lr0.001,ADAM,2,MNIST,150,train_eval,0.9904477000236511,0.0009997687972903096,0.05460183830275292,
2025-09-15 03:36:49,ADAM_lr0.001,ADAM,2,MNIST,150,val_eval,1.0229405164718628,0.0009997687972903096,0.05460183830275292,
2025-09-15 03:36:49,ADAM_lr0.001,ADAM,2,MNIST,150,train_iter,0.963780403137207,0.0009997687972903096,0.0547947974116032,1243.5598373413086
2025-09-15 03:36:50,ADAM_lr0.001,ADAM,2,MNIST,151,train_eval,0.9928924441337585,0.0009997594575330766,0.0547947974116032,
2025-09-15 03:36:50,ADAM_lr0.001,ADAM,2,MNIST,151,val_eval,1.0031840801239014,0.0009997594575330766,0.0547947974116032,
2025-09-15 03:36:50,ADAM_lr0.001,ADAM,2,MNIST,151,train_iter,1.0001945495605469,0.0009997594575330766,0.053871892582310406,1542.830228805542
2025-09-15 03:36:52,ADAM_lr0.001,ADAM,2,MNIST,152,train_eval,1.0148556232452393,0.0009997499328967194,0.053871892582310406,
2025-09-15 03:36:52,ADAM_lr0.001,ADAM,2,MNIST,152,val_eval,1.0117254257202148,0.0009997499328967194,0.053871892582310406,
2025-09-15 03:36:52,ADAM_lr0.001,ADAM,2,MNIST,152,train_iter,1.329817533493042,0.0009997499328967194,0.05329252956359126,1462.2037410736084
2025-09-15 03:36:54,ADAM_lr0.001,ADAM,2,MNIST,153,train_eval,1.0134695768356323,0.0009997402233851535,0.05329252956359126,
2025-09-15 03:36:54,ADAM_lr0.001,ADAM,2,MNIST,153,val_eval,1.012681007385254,0.0009997402233851535,0.05329252956359126,
2025-09-15 03:36:54,ADAM_lr0.001,ADAM,2,MNIST,153,train_iter,0.7530179023742676,0.0009997402233851535,0.05118981680614354,2178.8110733032227
2025-09-15 03:36:56,ADAM_lr0.001,ADAM,2,MNIST,154,train_eval,1.0019078254699707,0.00099973032900237,0.05118981680614354,
2025-09-15 03:36:56,ADAM_lr0.001,ADAM,2,MNIST,154,val_eval,1.0158038139343262,0.00099973032900237,0.05118981680614354,
2025-09-15 03:36:56,ADAM_lr0.001,ADAM,2,MNIST,154,train_iter,1.1711865663528442,0.00099973032900237,0.05087045738020712,1464.70308303833
2025-09-15 03:36:57,ADAM_lr0.001,ADAM,2,MNIST,155,train_eval,1.0213305950164795,0.000999720249752436,0.05087045738020712,
2025-09-15 03:36:57,ADAM_lr0.001,ADAM,2,MNIST,155,val_eval,1.0350902080535889,0.000999720249752436,0.05087045738020712,
2025-09-15 03:36:57,ADAM_lr0.001,ADAM,2,MNIST,155,train_iter,0.8720855712890625,0.000999720249752436,0.05011608497427825,1622.5597858428955
2025-09-15 03:36:59,ADAM_lr0.001,ADAM,2,MNIST,156,train_eval,1.0114222764968872,0.0009997099856394946,0.05011608497427825,
2025-09-15 03:36:59,ADAM_lr0.001,ADAM,2,MNIST,156,val_eval,1.0340734720230103,0.0009997099856394946,0.05011608497427825,
2025-09-15 03:36:59,ADAM_lr0.001,ADAM,2,MNIST,156,train_iter,0.9837238192558289,0.0009997099856394946,0.04908205167552463,1767.413854598999
2025-09-15 03:37:01,ADAM_lr0.001,ADAM,2,MNIST,157,train_eval,0.987296462059021,0.0009996995366677653,0.04908205167552463,
2025-09-15 03:37:01,ADAM_lr0.001,ADAM,2,MNIST,157,val_eval,0.9993220567703247,0.0009996995366677653,0.04908205167552463,
2025-09-15 03:37:01,ADAM_lr0.001,ADAM,2,MNIST,157,train_iter,0.9921749830245972,0.0009996995366677653,0.04859920680979714,1588.576078414917
2025-09-15 03:37:02,ADAM_lr0.001,ADAM,2,MNIST,158,train_eval,1.0259040594100952,0.000999688902841543,0.04859920680979714,
2025-09-15 03:37:02,ADAM_lr0.001,ADAM,2,MNIST,158,val_eval,1.028696060180664,0.000999688902841543,0.04859920680979714,
2025-09-15 03:37:02,ADAM_lr0.001,ADAM,2,MNIST,158,train_iter,1.062086582183838,0.000999688902841543,0.0483045130398023,1539.9062633514404
2025-09-15 03:37:03,ADAM_lr0.001,ADAM,2,MNIST,159,train_eval,1.0042369365692139,0.000999678084165199,0.0483045130398023,
2025-09-15 03:37:03,ADAM_lr0.001,ADAM,2,MNIST,159,val_eval,1.015320897102356,0.000999678084165199,0.0483045130398023,
2025-09-15 03:37:03,ADAM_lr0.001,ADAM,2,MNIST,159,train_iter,0.9004992246627808,0.000999678084165199,0.04847985292672531,1404.3776988983154
2025-09-15 03:37:05,ADAM_lr0.001,ADAM,2,MNIST,160,train_eval,1.0154038667678833,0.0009996670806431804,0.04847985292672531,
2025-09-15 03:37:05,ADAM_lr0.001,ADAM,2,MNIST,160,val_eval,1.0170319080352783,0.0009996670806431804,0.04847985292672531,
2025-09-15 03:37:05,ADAM_lr0.001,ADAM,2,MNIST,160,train_iter,0.8526289463043213,0.0009996670806431804,0.0495868403404268,1180.5295944213867
2025-09-15 03:37:06,ADAM_lr0.001,ADAM,2,MNIST,161,train_eval,1.0204858779907227,0.0009996558922800104,0.0495868403404268,
2025-09-15 03:37:06,ADAM_lr0.001,ADAM,2,MNIST,161,val_eval,1.0051636695861816,0.0009996558922800104,0.0495868403404268,
2025-09-15 03:37:06,ADAM_lr0.001,ADAM,2,MNIST,161,train_iter,1.0376359224319458,0.0009996558922800104,0.05129569295688532,1054.365634918213
2025-09-15 03:37:07,ADAM_lr0.001,ADAM,2,MNIST,162,train_eval,0.9937289953231812,0.0009996445190802881,0.05129569295688532,
2025-09-15 03:37:07,ADAM_lr0.001,ADAM,2,MNIST,162,val_eval,0.9961270093917847,0.0009996445190802881,0.05129569295688532,
2025-09-15 03:37:07,ADAM_lr0.001,ADAM,2,MNIST,162,train_iter,1.06292724609375,0.0009996445190802881,0.05389654545578408,909.3968868255615
2025-09-15 03:37:08,ADAM_lr0.001,ADAM,2,MNIST,163,train_eval,1.0205416679382324,0.0009996329610486886,0.05389654545578408,
2025-09-15 03:37:08,ADAM_lr0.001,ADAM,2,MNIST,163,val_eval,0.985975980758667,0.0009996329610486886,0.05389654545578408,
2025-09-15 03:37:08,ADAM_lr0.001,ADAM,2,MNIST,163,train_iter,1.0025835037231445,0.0009996329610486886,0.0537797939359793,1333.235502243042
2025-09-15 03:37:09,ADAM_lr0.001,ADAM,2,MNIST,164,train_eval,1.018149971961975,0.0009996212181899629,0.0537797939359793,
2025-09-15 03:37:09,ADAM_lr0.001,ADAM,2,MNIST,164,val_eval,0.9864760041236877,0.0009996212181899629,0.0537797939359793,
2025-09-15 03:37:09,ADAM_lr0.001,ADAM,2,MNIST,164,train_iter,0.8897525668144226,0.0009996212181899629,0.05443429021552241,1165.3625965118408
2025-09-15 03:37:10,ADAM_lr0.001,ADAM,2,MNIST,165,train_eval,1.0034581422805786,0.000999609290508938,0.05443429021552241,
2025-09-15 03:37:10,ADAM_lr0.001,ADAM,2,MNIST,165,val_eval,1.0107989311218262,0.000999609290508938,0.05443429021552241,
2025-09-15 03:37:10,ADAM_lr0.001,ADAM,2,MNIST,165,train_iter,0.8943891525268555,0.000999609290508938,0.05476256496655745,1218.0149555206299
2025-09-15 03:37:11,ADAM_lr0.001,ADAM,2,MNIST,166,train_eval,1.0062845945358276,0.000999597178010517,0.05476256496655745,
2025-09-15 03:37:11,ADAM_lr0.001,ADAM,2,MNIST,166,val_eval,1.0153928995132446,0.000999597178010517,0.05476256496655745,
2025-09-15 03:37:11,ADAM_lr0.001,ADAM,2,MNIST,166,train_iter,1.3090624809265137,0.000999597178010517,0.056604654355531824,960.6025218963623
2025-09-15 03:37:13,ADAM_lr0.001,ADAM,2,MNIST,167,train_eval,1.0120131969451904,0.000999584880699679,0.056604654355531824,
2025-09-15 03:37:13,ADAM_lr0.001,ADAM,2,MNIST,167,val_eval,1.0124331712722778,0.000999584880699679,0.056604654355531824,
2025-09-15 03:37:13,ADAM_lr0.001,ADAM,2,MNIST,167,train_iter,0.9588598608970642,0.000999584880699679,0.05564376425278011,1495.8844184875488
2025-09-15 03:37:14,ADAM_lr0.001,ADAM,2,MNIST,168,train_eval,0.9988038539886475,0.0009995723985814788,0.05564376425278011,
2025-09-15 03:37:14,ADAM_lr0.001,ADAM,2,MNIST,168,val_eval,1.000379204750061,0.0009995723985814788,0.05564376425278011,
2025-09-15 03:37:15,ADAM_lr0.001,ADAM,2,MNIST,168,train_iter,0.747776985168457,0.0009995723985814788,0.05419666013208467,1707.4463367462158
2025-09-15 03:37:16,ADAM_lr0.001,ADAM,2,MNIST,169,train_eval,1.0008769035339355,0.0009995597316610474,0.05419666013208467,
2025-09-15 03:37:16,ADAM_lr0.001,ADAM,2,MNIST,169,val_eval,0.9983817338943481,0.0009995597316610474,0.05419666013208467,
2025-09-15 03:37:16,ADAM_lr0.001,ADAM,2,MNIST,169,train_iter,0.9032801389694214,0.0009995597316610474,0.05271942390047335,1783.1697463989258
2025-09-15 03:37:18,ADAM_lr0.001,ADAM,2,MNIST,170,train_eval,0.9940235614776611,0.0009995468799435915,0.05271942390047335,
2025-09-15 03:37:18,ADAM_lr0.001,ADAM,2,MNIST,170,val_eval,0.9919455051422119,0.0009995468799435915,0.05271942390047335,
2025-09-15 03:37:18,ADAM_lr0.001,ADAM,2,MNIST,170,train_iter,1.3978605270385742,0.0009995468799435915,0.05152208161069631,1725.327968597412
2025-09-15 03:37:20,ADAM_lr0.001,ADAM,2,MNIST,171,train_eval,1.0082199573516846,0.0009995338434343943,0.05152208161069631,
2025-09-15 03:37:20,ADAM_lr0.001,ADAM,2,MNIST,171,val_eval,0.991534948348999,0.0009995338434343943,0.05152208161069631,
2025-09-15 03:37:20,ADAM_lr0.001,ADAM,2,MNIST,171,train_iter,0.9206611514091492,0.0009995338434343943,0.05082391676546989,1578.3460140228271
2025-09-15 03:37:21,ADAM_lr0.001,ADAM,2,MNIST,172,train_eval,0.9977466464042664,0.0009995206221388145,0.05082391676546989,
2025-09-15 03:37:21,ADAM_lr0.001,ADAM,2,MNIST,172,val_eval,1.0013461112976074,0.0009995206221388145,0.05082391676546989,
2025-09-15 03:37:21,ADAM_lr0.001,ADAM,2,MNIST,172,train_iter,0.8509845733642578,0.0009995206221388145,0.05050543167275385,1475.6841659545898
2025-09-15 03:37:23,ADAM_lr0.001,ADAM,2,MNIST,173,train_eval,0.9888303279876709,0.0009995072160622865,0.05050543167275385,
2025-09-15 03:37:23,ADAM_lr0.001,ADAM,2,MNIST,173,val_eval,0.9837775230407715,0.0009995072160622865,0.05050543167275385,
2025-09-15 03:37:24,ADAM_lr0.001,ADAM,2,MNIST,173,train_iter,0.7365948557853699,0.0009995072160622865,0.0483025237827237,2468.7225818634033
2025-09-15 03:37:24,ADAM_lr0.001,ADAM,2,MNIST,174,train_eval,0.9994502067565918,0.0009994936252103218,0.0483025237827237,
2025-09-15 03:37:24,ADAM_lr0.001,ADAM,2,MNIST,174,val_eval,0.9999468326568604,0.0009994936252103218,0.0483025237827237,
2025-09-15 03:37:24,ADAM_lr0.001,ADAM,2,MNIST,174,train_iter,1.2629947662353516,0.0009994936252103218,0.05106055977428727,926.4304637908936
2025-09-15 03:37:25,ADAM_lr0.001,ADAM,2,MNIST,175,train_eval,0.9771410226821899,0.0009994798495885063,0.05106055977428727,
2025-09-15 03:37:25,ADAM_lr0.001,ADAM,2,MNIST,175,val_eval,0.9863825440406799,0.0009994798495885063,0.05106055977428727,
2025-09-15 03:37:25,ADAM_lr0.001,ADAM,2,MNIST,175,train_iter,0.8481577634811401,0.0009994798495885063,0.05329941603608692,957.1280479431152
2025-09-15 03:37:27,ADAM_lr0.001,ADAM,2,MNIST,176,train_eval,1.0101802349090576,0.000999465889202503,0.05329941603608692,
2025-09-15 03:37:27,ADAM_lr0.001,ADAM,2,MNIST,176,val_eval,1.000369668006897,0.000999465889202503,0.05329941603608692,
2025-09-15 03:37:27,ADAM_lr0.001,ADAM,2,MNIST,176,train_iter,0.8595857620239258,0.000999465889202503,0.05215933737839802,1677.8643131256104
2025-09-15 03:37:29,ADAM_lr0.001,ADAM,2,MNIST,177,train_eval,1.0175690650939941,0.0009994517440580508,0.05215933737839802,
2025-09-15 03:37:29,ADAM_lr0.001,ADAM,2,MNIST,177,val_eval,1.0001412630081177,0.0009994517440580508,0.05215933737839802,
2025-09-15 03:37:29,ADAM_lr0.001,ADAM,2,MNIST,177,train_iter,1.2537299394607544,0.0009994517440580508,0.05185958925546324,1429.9747943878174
2025-09-15 03:37:30,ADAM_lr0.001,ADAM,2,MNIST,178,train_eval,0.9988955855369568,0.0009994374141609635,0.05185958925546324,
2025-09-15 03:37:30,ADAM_lr0.001,ADAM,2,MNIST,178,val_eval,1.013951063156128,0.0009994374141609635,0.05185958925546324,
2025-09-15 03:37:30,ADAM_lr0.001,ADAM,2,MNIST,178,train_iter,1.0339865684509277,0.0009994374141609635,0.05242649580400194,1222.00345993042
2025-09-15 03:37:31,ADAM_lr0.001,ADAM,2,MNIST,179,train_eval,0.9911950826644897,0.0009994228995171322,0.05242649580400194,
2025-09-15 03:37:31,ADAM_lr0.001,ADAM,2,MNIST,179,val_eval,0.9941132068634033,0.0009994228995171322,0.05242649580400194,
2025-09-15 03:37:31,ADAM_lr0.001,ADAM,2,MNIST,179,train_iter,0.7923760414123535,0.0009994228995171322,0.055048950369675685,893.8243389129639
2025-09-15 03:37:32,ADAM_lr0.001,ADAM,2,MNIST,180,train_eval,0.9718175530433655,0.000999408200132523,0.055048950369675685,
2025-09-15 03:37:32,ADAM_lr0.001,ADAM,2,MNIST,180,val_eval,0.992266058921814,0.000999408200132523,0.055048950369675685,
2025-09-15 03:37:32,ADAM_lr0.001,ADAM,2,MNIST,180,train_iter,0.9985141754150391,0.000999408200132523,0.05745578608089513,888.556718826294
2025-09-15 03:37:32,ADAM_lr0.001,ADAM,2,MNIST,181,train_eval,0.9921422600746155,0.0009993933160131784,0.05745578608089513,
2025-09-15 03:37:32,ADAM_lr0.001,ADAM,2,MNIST,181,val_eval,1.0309704542160034,0.0009993933160131784,0.05745578608089513,
2025-09-15 03:37:32,ADAM_lr0.001,ADAM,2,MNIST,181,train_iter,0.8221287131309509,0.0009993933160131784,0.05964184778471526,886.3263130187988
2025-09-15 03:37:33,ADAM_lr0.001,ADAM,2,MNIST,182,train_eval,0.9929536581039429,0.0009993782471652167,0.05964184778471526,
2025-09-15 03:37:33,ADAM_lr0.001,ADAM,2,MNIST,182,val_eval,1.0160706043243408,0.0009993782471652167,0.05964184778471526,
2025-09-15 03:37:33,ADAM_lr0.001,ADAM,2,MNIST,182,train_iter,0.9719746112823486,0.0009993782471652167,0.06164763829725466,882.0631504058838
2025-09-15 03:37:34,ADAM_lr0.001,ADAM,2,MNIST,183,train_eval,0.9759520888328552,0.0009993629935948318,0.06164763829725466,
2025-09-15 03:37:34,ADAM_lr0.001,ADAM,2,MNIST,183,val_eval,1.021999716758728,0.0009993629935948318,0.06164763829725466,
2025-09-15 03:37:34,ADAM_lr0.001,ADAM,2,MNIST,183,train_iter,1.1370285749435425,0.0009993629935948318,0.06345541845978406,881.7789554595947
2025-09-15 03:37:35,ADAM_lr0.001,ADAM,2,MNIST,184,train_eval,0.9911915063858032,0.0009993475553082944,0.06345541845978406,
2025-09-15 03:37:35,ADAM_lr0.001,ADAM,2,MNIST,184,val_eval,1.0147591829299927,0.0009993475553082944,0.06345541845978406,
2025-09-15 03:37:35,ADAM_lr0.001,ADAM,2,MNIST,184,train_iter,1.3048371076583862,0.0009993475553082944,0.06440534414687743,963.6149406433105
2025-09-15 03:37:36,ADAM_lr0.001,ADAM,2,MNIST,185,train_eval,1.0164837837219238,0.0009993319323119503,0.06440534414687743,
2025-09-15 03:37:36,ADAM_lr0.001,ADAM,2,MNIST,185,val_eval,1.0078706741333008,0.0009993319323119503,0.06440534414687743,
2025-09-15 03:37:36,ADAM_lr0.001,ADAM,2,MNIST,185,train_iter,1.219750165939331,0.0009993319323119503,0.06383133609711802,1198.3277797698975
2025-09-15 03:37:38,ADAM_lr0.001,ADAM,2,MNIST,186,train_eval,0.9961596727371216,0.0009993161246122217,0.06383133609711802,
2025-09-15 03:37:38,ADAM_lr0.001,ADAM,2,MNIST,186,val_eval,1.0037455558776855,0.0009993161246122217,0.06383133609711802,
2025-09-15 03:37:38,ADAM_lr0.001,ADAM,2,MNIST,186,train_iter,0.9823586344718933,0.0009993161246122217,0.062005702830247755,1542.5169467926025
2025-09-15 03:37:39,ADAM_lr0.001,ADAM,2,MNIST,187,train_eval,0.9790793061256409,0.0009993001322156061,0.062005702830247755,
2025-09-15 03:37:39,ADAM_lr0.001,ADAM,2,MNIST,187,val_eval,1.0015876293182373,0.0009993001322156061,0.062005702830247755,
2025-09-15 03:37:39,ADAM_lr0.001,ADAM,2,MNIST,187,train_iter,1.2879217863082886,0.0009993001322156061,0.06092530024791974,1373.0061054229736
2025-09-15 03:37:40,ADAM_lr0.001,ADAM,2,MNIST,188,train_eval,1.0076342821121216,0.000999283955128678,0.06092530024791974,
2025-09-15 03:37:40,ADAM_lr0.001,ADAM,2,MNIST,188,val_eval,0.9955000281333923,0.000999283955128678,0.06092530024791974,
2025-09-15 03:37:41,ADAM_lr0.001,ADAM,2,MNIST,188,train_iter,0.893437385559082,0.000999283955128678,0.060474102405648086,1246.1633682250977
2025-09-15 03:37:42,ADAM_lr0.001,ADAM,2,MNIST,189,train_eval,0.9969221353530884,0.000999267593358087,0.060474102405648086,
2025-09-15 03:37:42,ADAM_lr0.001,ADAM,2,MNIST,189,val_eval,0.9969354271888733,0.000999267593358087,0.060474102405648086,
2025-09-15 03:37:42,ADAM_lr0.001,ADAM,2,MNIST,189,train_iter,0.8502280116081238,0.000999267593358087,0.06026715453571989,1203.6755084991455
2025-09-15 03:37:43,ADAM_lr0.001,ADAM,2,MNIST,190,train_eval,0.9933169484138489,0.0009992510469105584,0.06026715453571989,
2025-09-15 03:37:43,ADAM_lr0.001,ADAM,2,MNIST,190,val_eval,0.9983073472976685,0.0009992510469105584,0.06026715453571989,
2025-09-15 03:37:43,ADAM_lr0.001,ADAM,2,MNIST,190,train_iter,1.1735031604766846,0.0009992510469105584,0.06127272739730414,999.6776580810547
2025-09-15 03:37:44,ADAM_lr0.001,ADAM,2,MNIST,191,train_eval,1.0008503198623657,0.000999234315792894,0.06127272739730414,
2025-09-15 03:37:44,ADAM_lr0.001,ADAM,2,MNIST,191,val_eval,1.0061298608779907,0.000999234315792894,0.06127272739730414,
2025-09-15 03:37:44,ADAM_lr0.001,ADAM,2,MNIST,191,train_iter,1.0766509771347046,0.000999234315792894,0.06007948760901811,1424.802303314209
2025-09-15 03:37:45,ADAM_lr0.001,ADAM,2,MNIST,192,train_eval,1.0034472942352295,0.0009992174000119718,0.06007948760901811,
2025-09-15 03:37:45,ADAM_lr0.001,ADAM,2,MNIST,192,val_eval,1.0133112668991089,0.0009992174000119718,0.06007948760901811,
2025-09-15 03:37:45,ADAM_lr0.001,ADAM,2,MNIST,192,train_iter,0.9495994448661804,0.0009992174000119718,0.059862384384759645,1213.9887809753418
2025-09-15 03:37:48,ADAM_lr0.001,ADAM,2,MNIST,193,train_eval,0.9978246092796326,0.0009992002995747448,0.059862384384759645,
2025-09-15 03:37:48,ADAM_lr0.001,ADAM,2,MNIST,193,val_eval,1.01767098903656,0.0009992002995747448,0.059862384384759645,
2025-09-15 03:37:48,ADAM_lr0.001,ADAM,2,MNIST,193,train_iter,0.8728687763214111,0.0009992002995747448,0.05679298080821214,2410.154104232788
2025-09-15 03:37:50,ADAM_lr0.001,ADAM,2,MNIST,194,train_eval,1.0011147260665894,0.0009991830144882423,0.05679298080821214,
2025-09-15 03:37:50,ADAM_lr0.001,ADAM,2,MNIST,194,val_eval,1.0025635957717896,0.0009991830144882423,0.05679298080821214,
2025-09-15 03:37:50,ADAM_lr0.001,ADAM,2,MNIST,194,train_iter,0.8969053030014038,0.0009991830144882423,0.05416730330685204,2302.192211151123
2025-09-15 03:37:52,ADAM_lr0.001,ADAM,2,MNIST,195,train_eval,0.9927517771720886,0.0009991655447595697,0.05416730330685204,
2025-09-15 03:37:52,ADAM_lr0.001,ADAM,2,MNIST,195,val_eval,1.0031497478485107,0.0009991655447595697,0.05416730330685204,
2025-09-15 03:37:52,ADAM_lr0.001,ADAM,2,MNIST,195,train_iter,1.034492015838623,0.0009991655447595697,0.05230813568110835,1976.0780334472656
2025-09-15 03:37:53,ADAM_lr0.001,ADAM,2,MNIST,196,train_eval,1.003699779510498,0.0009991478903959082,0.05230813568110835,
2025-09-15 03:37:53,ADAM_lr0.001,ADAM,2,MNIST,196,val_eval,0.9900716543197632,0.0009991478903959082,0.05230813568110835,
2025-09-15 03:37:53,ADAM_lr0.001,ADAM,2,MNIST,196,train_iter,1.0601320266723633,0.0009991478903959082,0.05370699509198837,1060.387372970581
2025-09-15 03:37:54,ADAM_lr0.001,ADAM,2,MNIST,197,train_eval,0.9951193928718567,0.0009991300514045147,0.05370699509198837,
2025-09-15 03:37:54,ADAM_lr0.001,ADAM,2,MNIST,197,val_eval,0.9878503680229187,0.0009991300514045147,0.05370699509198837,
2025-09-15 03:37:54,ADAM_lr0.001,ADAM,2,MNIST,197,train_iter,0.7611090540885925,0.0009991300514045147,0.054281010459433975,1182.5666427612305
2025-09-15 03:37:56,ADAM_lr0.001,ADAM,2,MNIST,198,train_eval,0.9864717721939087,0.0009991120277927223,0.054281010459433975,
2025-09-15 03:37:56,ADAM_lr0.001,ADAM,2,MNIST,198,val_eval,1.0067474842071533,0.0009991120277927223,0.054281010459433975,
2025-09-15 03:37:56,ADAM_lr0.001,ADAM,2,MNIST,198,train_iter,0.9285990595817566,0.0009991120277927223,0.054005811093224595,1364.2840385437012
2025-09-15 03:37:57,ADAM_lr0.001,ADAM,2,MNIST,199,train_eval,0.9797217845916748,0.0009990938195679395,0.054005811093224595,
2025-09-15 03:37:57,ADAM_lr0.001,ADAM,2,MNIST,199,val_eval,1.0169618129730225,0.0009990938195679395,0.054005811093224595,
2025-09-15 03:37:57,ADAM_lr0.001,ADAM,2,MNIST,199,train_iter,1.1739885807037354,0.0009990938195679395,0.05439740644396808,1213.709831237793
2025-09-15 03:37:58,ADAM_lr0.001,ADAM,2,MNIST,200,train_eval,0.9549543261528015,0.0009990754267376514,0.05439740644396808,
2025-09-15 03:37:58,ADAM_lr0.001,ADAM,2,MNIST,200,val_eval,0.9865572452545166,0.0009990754267376514,0.05439740644396808,
2025-09-15 03:41:16,ADAM_lr0.001,ADAM,2,MNIST,200,train_iter,0.939967155456543,0.0009990754267376514,0.048992965350685404,199153.28359603882
2025-09-15 03:41:32,ADAM_lr0.01,ADAM,2,MNIST,0,train_eval,4.741975784301758,9.900990099009901e-06,,
2025-09-15 03:41:32,ADAM_lr0.01,ADAM,2,MNIST,0,val_eval,4.739541530609131,9.900990099009901e-06,,
2025-09-15 03:44:36,ADAM_lr0.01,ADAM,2,MNIST,0,train_iter,4.819905757904053,9.900990099009901e-06,,186780.00450134277
2025-09-15 03:44:37,ADAM_lr0.01,ADAM,2,MNIST,1,train_eval,3.64689564704895,1.9801980198019803e-05,,
2025-09-15 03:44:37,ADAM_lr0.01,ADAM,2,MNIST,1,val_eval,3.6468234062194824,1.9801980198019803e-05,,
2025-09-15 03:44:38,ADAM_lr0.01,ADAM,2,MNIST,1,train_iter,3.9237284660339355,1.9801980198019803e-05,,2465.4054641723633
2025-09-15 03:44:40,ADAM_lr0.01,ADAM,2,MNIST,2,train_eval,2.3303093910217285,2.9702970297029702e-05,,
2025-09-15 03:44:40,ADAM_lr0.01,ADAM,2,MNIST,2,val_eval,2.3443572521209717,2.9702970297029702e-05,,
2025-09-15 03:44:40,ADAM_lr0.01,ADAM,2,MNIST,2,train_iter,2.735084056854248,2.9702970297029702e-05,,2021.4495658874512
2025-09-15 03:44:41,ADAM_lr0.01,ADAM,2,MNIST,3,train_eval,1.700777292251587,3.9603960396039605e-05,,
2025-09-15 03:44:41,ADAM_lr0.01,ADAM,2,MNIST,3,val_eval,1.7274506092071533,3.9603960396039605e-05,,
2025-09-15 03:44:42,ADAM_lr0.01,ADAM,2,MNIST,3,train_iter,2.194044828414917,3.9603960396039605e-05,,1586.2462520599365
2025-09-15 03:44:43,ADAM_lr0.01,ADAM,2,MNIST,4,train_eval,1.507707953453064,4.950495049504951e-05,,
2025-09-15 03:44:43,ADAM_lr0.01,ADAM,2,MNIST,4,val_eval,1.4863090515136719,4.950495049504951e-05,,
2025-09-15 03:44:43,ADAM_lr0.01,ADAM,2,MNIST,4,train_iter,1.4761227369308472,4.950495049504951e-05,,1311.7339611053467
2025-09-15 03:44:44,ADAM_lr0.01,ADAM,2,MNIST,5,train_eval,1.4581613540649414,5.9405940594059404e-05,,
2025-09-15 03:44:44,ADAM_lr0.01,ADAM,2,MNIST,5,val_eval,1.429167628288269,5.9405940594059404e-05,,
2025-09-15 03:44:44,ADAM_lr0.01,ADAM,2,MNIST,5,train_iter,1.6388416290283203,5.9405940594059404e-05,0.05484676255740891,1281.75687789917
2025-09-15 03:44:46,ADAM_lr0.01,ADAM,2,MNIST,6,train_eval,1.4300824403762817,6.930693069306931e-05,0.05484676255740891,
2025-09-15 03:44:46,ADAM_lr0.01,ADAM,2,MNIST,6,val_eval,1.434842824935913,6.930693069306931e-05,0.05484676255740891,
2025-09-15 03:44:46,ADAM_lr0.01,ADAM,2,MNIST,6,train_iter,1.4588117599487305,6.930693069306931e-05,0.055192167056957654,1205.8188915252686
2025-09-15 03:44:47,ADAM_lr0.01,ADAM,2,MNIST,7,train_eval,1.3275567293167114,7.920792079207921e-05,0.055192167056957654,
2025-09-15 03:44:47,ADAM_lr0.01,ADAM,2,MNIST,7,val_eval,1.3344213962554932,7.920792079207921e-05,0.055192167056957654,
2025-09-15 03:44:47,ADAM_lr0.01,ADAM,2,MNIST,7,train_iter,1.3455795049667358,7.920792079207921e-05,0.05440311474299752,1486.210823059082
2025-09-15 03:44:48,ADAM_lr0.01,ADAM,2,MNIST,8,train_eval,1.3227932453155518,8.910891089108912e-05,0.05440311474299752,
2025-09-15 03:44:48,ADAM_lr0.01,ADAM,2,MNIST,8,val_eval,1.313071846961975,8.910891089108912e-05,0.05440311474299752,
2025-09-15 03:44:48,ADAM_lr0.01,ADAM,2,MNIST,8,train_iter,1.3761889934539795,8.910891089108912e-05,0.054291529323825936,1319.2687034606934
2025-09-15 03:44:50,ADAM_lr0.01,ADAM,2,MNIST,9,train_eval,1.2394849061965942,9.900990099009902e-05,0.054291529323825936,
2025-09-15 03:44:50,ADAM_lr0.01,ADAM,2,MNIST,9,val_eval,1.2354830503463745,9.900990099009902e-05,0.054291529323825936,
2025-09-15 03:44:50,ADAM_lr0.01,ADAM,2,MNIST,9,train_iter,1.2915376424789429,9.900990099009902e-05,0.052914646462401384,1734.8353862762451
2025-09-15 03:44:51,ADAM_lr0.01,ADAM,2,MNIST,10,train_eval,1.1409374475479126,0.0001089108910891089,0.052914646462401384,
2025-09-15 03:44:51,ADAM_lr0.01,ADAM,2,MNIST,10,val_eval,1.1891062259674072,0.0001089108910891089,0.052914646462401384,
2025-09-15 03:44:51,ADAM_lr0.01,ADAM,2,MNIST,10,train_iter,1.07196044921875,0.0001089108910891089,0.05296065283638136,1317.1072006225586
2025-09-15 03:44:53,ADAM_lr0.01,ADAM,2,MNIST,11,train_eval,1.1995733976364136,0.00011881188118811881,0.05296065283638136,
2025-09-15 03:44:53,ADAM_lr0.01,ADAM,2,MNIST,11,val_eval,1.2076627016067505,0.00011881188118811881,0.05296065283638136,
2025-09-15 03:44:53,ADAM_lr0.01,ADAM,2,MNIST,11,train_iter,1.3244984149932861,0.00011881188118811881,0.054060680782845594,1099.111795425415
2025-09-15 03:44:54,ADAM_lr0.01,ADAM,2,MNIST,12,train_eval,1.1419960260391235,0.00012871287128712872,0.054060680782845594,
2025-09-15 03:44:54,ADAM_lr0.01,ADAM,2,MNIST,12,val_eval,1.1508716344833374,0.00012871287128712872,0.054060680782845594,
2025-09-15 03:44:54,ADAM_lr0.01,ADAM,2,MNIST,12,train_iter,1.1050405502319336,0.00012871287128712872,0.05271382643527216,1731.867790222168
2025-09-15 03:44:56,ADAM_lr0.01,ADAM,2,MNIST,13,train_eval,1.287898302078247,0.00013861386138613863,0.05271382643527216,
2025-09-15 03:44:56,ADAM_lr0.01,ADAM,2,MNIST,13,val_eval,1.2982308864593506,0.00013861386138613863,0.05271382643527216,
2025-09-15 03:44:56,ADAM_lr0.01,ADAM,2,MNIST,13,train_iter,1.5834829807281494,0.00013861386138613863,0.052030220210526605,1532.3374271392822
2025-09-15 03:44:58,ADAM_lr0.01,ADAM,2,MNIST,14,train_eval,1.2727363109588623,0.0001485148514851485,0.052030220210526605,
2025-09-15 03:44:58,ADAM_lr0.01,ADAM,2,MNIST,14,val_eval,1.263323187828064,0.0001485148514851485,0.052030220210526605,
2025-09-15 03:44:58,ADAM_lr0.01,ADAM,2,MNIST,14,train_iter,1.2595981359481812,0.0001485148514851485,0.05062365890334171,1851.7303466796875
2025-09-15 03:44:59,ADAM_lr0.01,ADAM,2,MNIST,15,train_eval,1.139227032661438,0.00015841584158415842,0.05062365890334171,
2025-09-15 03:44:59,ADAM_lr0.01,ADAM,2,MNIST,15,val_eval,1.1302214860916138,0.00015841584158415842,0.05062365890334171,
2025-09-15 03:45:00,ADAM_lr0.01,ADAM,2,MNIST,15,train_iter,1.189966082572937,0.00015841584158415842,0.049264086410579486,1898.5724449157715
2025-09-15 03:45:01,ADAM_lr0.01,ADAM,2,MNIST,16,train_eval,1.1618553400039673,0.00016831683168316833,0.049264086410579486,
2025-09-15 03:45:01,ADAM_lr0.01,ADAM,2,MNIST,16,val_eval,1.150856375694275,0.00016831683168316833,0.049264086410579486,
2025-09-15 03:45:01,ADAM_lr0.01,ADAM,2,MNIST,16,train_iter,1.2326217889785767,0.00016831683168316833,0.048772023933946244,1585.3569507598877
2025-09-15 03:45:02,ADAM_lr0.01,ADAM,2,MNIST,17,train_eval,1.1175868511199951,0.00017821782178217824,0.048772023933946244,
2025-09-15 03:45:02,ADAM_lr0.01,ADAM,2,MNIST,17,val_eval,1.1280689239501953,0.00017821782178217824,0.048772023933946244,
2025-09-15 03:45:03,ADAM_lr0.01,ADAM,2,MNIST,17,train_iter,1.206380009651184,0.00017821782178217824,0.04757478978993877,1910.3484153747559
2025-09-15 03:45:05,ADAM_lr0.01,ADAM,2,MNIST,18,train_eval,1.1098891496658325,0.00018811881188118812,0.04757478978993877,
2025-09-15 03:45:05,ADAM_lr0.01,ADAM,2,MNIST,18,val_eval,1.1190589666366577,0.00018811881188118812,0.04757478978993877,
2025-09-15 03:45:06,ADAM_lr0.01,ADAM,2,MNIST,18,train_iter,1.082075595855713,0.00018811881188118812,0.04537819955199912,2745.1491355895996
2025-09-15 03:45:07,ADAM_lr0.01,ADAM,2,MNIST,19,train_eval,1.0917291641235352,0.00019801980198019803,0.04537819955199912,
2025-09-15 03:45:07,ADAM_lr0.01,ADAM,2,MNIST,19,val_eval,1.130706548690796,0.00019801980198019803,0.04537819955199912,
2025-09-15 03:45:07,ADAM_lr0.01,ADAM,2,MNIST,19,train_iter,1.0239386558532715,0.00019801980198019803,0.045369902380958255,1552.0446300506592
2025-09-15 03:45:09,ADAM_lr0.01,ADAM,2,MNIST,20,train_eval,1.089033603668213,0.00020792079207920794,0.045369902380958255,
2025-09-15 03:45:09,ADAM_lr0.01,ADAM,2,MNIST,20,val_eval,1.1239440441131592,0.00020792079207920794,0.045369902380958255,
2025-09-15 03:45:09,ADAM_lr0.01,ADAM,2,MNIST,20,train_iter,1.1070746183395386,0.00020792079207920794,0.045358739039027665,1553.312063217163
2025-09-15 03:45:11,ADAM_lr0.01,ADAM,2,MNIST,21,train_eval,1.0802170038223267,0.0002178217821782178,0.045358739039027665,
2025-09-15 03:45:11,ADAM_lr0.01,ADAM,2,MNIST,21,val_eval,1.1139782667160034,0.0002178217821782178,0.045358739039027665,
2025-09-15 03:45:11,ADAM_lr0.01,ADAM,2,MNIST,21,train_iter,1.0814393758773804,0.0002178217821782178,0.044017370775782376,2200.660228729248
2025-09-15 03:45:13,ADAM_lr0.01,ADAM,2,MNIST,22,train_eval,1.0758695602416992,0.0002277227722772277,0.044017370775782376,
2025-09-15 03:45:13,ADAM_lr0.01,ADAM,2,MNIST,22,val_eval,1.1070504188537598,0.0002277227722772277,0.044017370775782376,
2025-09-15 03:45:13,ADAM_lr0.01,ADAM,2,MNIST,22,train_iter,1.0797919034957886,0.0002277227722772277,0.04348897200256467,1814.9774074554443
2025-09-15 03:45:15,ADAM_lr0.01,ADAM,2,MNIST,23,train_eval,1.0761027336120605,0.00023762376237623762,0.04348897200256467,
2025-09-15 03:45:15,ADAM_lr0.01,ADAM,2,MNIST,23,val_eval,1.1080228090286255,0.00023762376237623762,0.04348897200256467,
2025-09-15 03:45:15,ADAM_lr0.01,ADAM,2,MNIST,23,train_iter,1.08469820022583,0.00023762376237623762,0.042669316780807584,1991.9352531433105
2025-09-15 03:45:17,ADAM_lr0.01,ADAM,2,MNIST,24,train_eval,1.0638166666030884,0.00024752475247524753,0.042669316780807584,
2025-09-15 03:45:17,ADAM_lr0.01,ADAM,2,MNIST,24,val_eval,1.1010104417800903,0.00024752475247524753,0.042669316780807584,
2025-09-15 03:45:17,ADAM_lr0.01,ADAM,2,MNIST,24,train_iter,0.9518961906433105,0.00024752475247524753,0.041161456013861696,2547.966957092285
2025-09-15 03:45:19,ADAM_lr0.01,ADAM,2,MNIST,25,train_eval,1.1115996837615967,0.00025742574257425744,0.041161456013861696,
2025-09-15 03:45:19,ADAM_lr0.01,ADAM,2,MNIST,25,val_eval,1.1038421392440796,0.00025742574257425744,0.041161456013861696,
2025-09-15 03:45:19,ADAM_lr0.01,ADAM,2,MNIST,25,train_iter,1.313529133796692,0.00025742574257425744,0.041707854076213,1507.765293121338
2025-09-15 03:45:21,ADAM_lr0.01,ADAM,2,MNIST,26,train_eval,1.097505807876587,0.00026732673267326735,0.041707854076213,
2025-09-15 03:45:21,ADAM_lr0.01,ADAM,2,MNIST,26,val_eval,1.1157560348510742,0.00026732673267326735,0.041707854076213,
2025-09-15 03:45:21,ADAM_lr0.01,ADAM,2,MNIST,26,train_iter,1.3460181951522827,0.00026732673267326735,0.041787560929123266,1653.9311408996582
2025-09-15 03:45:22,ADAM_lr0.01,ADAM,2,MNIST,27,train_eval,1.0778313875198364,0.00027722772277227726,0.041787560929123266,
2025-09-15 03:45:22,ADAM_lr0.01,ADAM,2,MNIST,27,val_eval,1.0863858461380005,0.00027722772277227726,0.041787560929123266,
2025-09-15 03:45:23,ADAM_lr0.01,ADAM,2,MNIST,27,train_iter,1.3727020025253296,0.00027722772277227726,0.04119534975025016,1960.1097106933594
2025-09-15 03:45:25,ADAM_lr0.01,ADAM,2,MNIST,28,train_eval,1.0965275764465332,0.00028712871287128717,0.04119534975025016,
2025-09-15 03:45:25,ADAM_lr0.01,ADAM,2,MNIST,28,val_eval,1.1018353700637817,0.00028712871287128717,0.04119534975025016,
2025-09-15 03:45:25,ADAM_lr0.01,ADAM,2,MNIST,28,train_iter,1.1813920736312866,0.00028712871287128717,0.04057173770944473,2010.9200477600098
2025-09-15 03:45:27,ADAM_lr0.01,ADAM,2,MNIST,29,train_eval,1.0753995180130005,0.000297029702970297,0.04057173770944473,
2025-09-15 03:45:27,ADAM_lr0.01,ADAM,2,MNIST,29,val_eval,1.0772420167922974,0.000297029702970297,0.04057173770944473,
2025-09-15 03:45:28,ADAM_lr0.01,ADAM,2,MNIST,29,train_iter,1.088822841644287,0.000297029702970297,0.038665464582428,3268.4082984924316
2025-09-15 03:45:29,ADAM_lr0.01,ADAM,2,MNIST,30,train_eval,1.06731379032135,0.00030693069306930693,0.038665464582428,
2025-09-15 03:45:29,ADAM_lr0.01,ADAM,2,MNIST,30,val_eval,1.0798213481903076,0.00030693069306930693,0.038665464582428,
2025-09-15 03:45:29,ADAM_lr0.01,ADAM,2,MNIST,30,train_iter,1.2701189517974854,0.00030693069306930693,0.04041410911970996,1251.964807510376
2025-09-15 03:45:30,ADAM_lr0.01,ADAM,2,MNIST,31,train_eval,1.0858312845230103,0.00031683168316831684,0.04041410911970996,
2025-09-15 03:45:30,ADAM_lr0.01,ADAM,2,MNIST,31,val_eval,1.087764024734497,0.00031683168316831684,0.04041410911970996,
2025-09-15 03:45:30,ADAM_lr0.01,ADAM,2,MNIST,31,train_iter,1.1325063705444336,0.00031683168316831684,0.04192116125350477,1267.0214176177979
2025-09-15 03:45:32,ADAM_lr0.01,ADAM,2,MNIST,32,train_eval,1.0679959058761597,0.00032673267326732675,0.04192116125350477,
2025-09-15 03:45:32,ADAM_lr0.01,ADAM,2,MNIST,32,val_eval,1.065773367881775,0.00032673267326732675,0.04192116125350477,
2025-09-15 03:45:33,ADAM_lr0.01,ADAM,2,MNIST,32,train_iter,1.0799000263214111,0.00032673267326732675,0.040936853621186355,2191.5340423583984
2025-09-15 03:45:34,ADAM_lr0.01,ADAM,2,MNIST,33,train_eval,1.046308994293213,0.00033663366336633666,0.040936853621186355,
2025-09-15 03:45:34,ADAM_lr0.01,ADAM,2,MNIST,33,val_eval,1.055820107460022,0.00033663366336633666,0.040936853621186355,
2025-09-15 03:45:35,ADAM_lr0.01,ADAM,2,MNIST,33,train_iter,1.098414421081543,0.00033663366336633666,0.039929361992261436,2277.8937816619873
2025-09-15 03:45:36,ADAM_lr0.01,ADAM,2,MNIST,34,train_eval,1.0470064878463745,0.00034653465346534657,0.039929361992261436,
2025-09-15 03:45:36,ADAM_lr0.01,ADAM,2,MNIST,34,val_eval,1.0430729389190674,0.00034653465346534657,0.039929361992261436,
2025-09-15 03:45:37,ADAM_lr0.01,ADAM,2,MNIST,34,train_iter,1.0109341144561768,0.00034653465346534657,0.03904620346375913,2260.6186866760254
2025-09-15 03:45:39,ADAM_lr0.01,ADAM,2,MNIST,35,train_eval,1.0551135540008545,0.0003564356435643565,0.03904620346375913,
2025-09-15 03:45:39,ADAM_lr0.01,ADAM,2,MNIST,35,val_eval,1.0544039011001587,0.0003564356435643565,0.03904620346375913,
2025-09-15 03:45:39,ADAM_lr0.01,ADAM,2,MNIST,35,train_iter,0.9085263609886169,0.0003564356435643565,0.03963719414132627,1563.7521743774414
2025-09-15 03:45:40,ADAM_lr0.01,ADAM,2,MNIST,36,train_eval,1.032528281211853,0.00036633663366336634,0.03963719414132627,
2025-09-15 03:45:40,ADAM_lr0.01,ADAM,2,MNIST,36,val_eval,1.0395333766937256,0.00036633663366336634,0.03963719414132627,
2025-09-15 03:45:40,ADAM_lr0.01,ADAM,2,MNIST,36,train_iter,0.8036291003227234,0.00036633663366336634,0.03959039920591462,1794.780969619751
2025-09-15 03:45:42,ADAM_lr0.01,ADAM,2,MNIST,37,train_eval,1.0494731664657593,0.00037623762376237625,0.03959039920591462,
2025-09-15 03:45:42,ADAM_lr0.01,ADAM,2,MNIST,37,val_eval,1.03281569480896,0.00037623762376237625,0.03959039920591462,
2025-09-15 03:45:42,ADAM_lr0.01,ADAM,2,MNIST,37,train_iter,1.1002014875411987,0.00037623762376237625,0.03984768980466782,1667.3316955566406
2025-09-15 03:45:44,ADAM_lr0.01,ADAM,2,MNIST,38,train_eval,1.0515713691711426,0.00038613861386138616,0.03984768980466782,
2025-09-15 03:45:44,ADAM_lr0.01,ADAM,2,MNIST,38,val_eval,1.0470024347305298,0.00038613861386138616,0.03984768980466782,
2025-09-15 03:45:44,ADAM_lr0.01,ADAM,2,MNIST,38,train_iter,0.8678078651428223,0.00038613861386138616,0.04036074206387323,1562.983751296997
2025-09-15 03:45:45,ADAM_lr0.01,ADAM,2,MNIST,39,train_eval,1.0360794067382812,0.00039603960396039607,0.04036074206387323,
2025-09-15 03:45:45,ADAM_lr0.01,ADAM,2,MNIST,39,val_eval,1.0269793272018433,0.00039603960396039607,0.04036074206387323,
2025-09-15 03:45:46,ADAM_lr0.01,ADAM,2,MNIST,39,train_iter,0.9245163798332214,0.00039603960396039607,0.03921010094092143,2436.3834857940674
2025-09-15 03:45:47,ADAM_lr0.01,ADAM,2,MNIST,40,train_eval,1.0412462949752808,0.000405940594059406,0.03921010094092143,
2025-09-15 03:45:47,ADAM_lr0.01,ADAM,2,MNIST,40,val_eval,1.0069499015808105,0.000405940594059406,0.03921010094092143,
2025-09-15 03:45:48,ADAM_lr0.01,ADAM,2,MNIST,40,train_iter,0.7782602310180664,0.000405940594059406,0.03950061141464678,1669.2359447479248
2025-09-15 03:45:49,ADAM_lr0.01,ADAM,2,MNIST,41,train_eval,1.0380624532699585,0.0004158415841584159,0.03950061141464678,
2025-09-15 03:45:49,ADAM_lr0.01,ADAM,2,MNIST,41,val_eval,1.0317686796188354,0.0004158415841584159,0.03950061141464678,
2025-09-15 03:45:49,ADAM_lr0.01,ADAM,2,MNIST,41,train_iter,0.8155794143676758,0.0004158415841584159,0.04266922115954309,987.5469207763672
2025-09-15 03:45:50,ADAM_lr0.01,ADAM,2,MNIST,42,train_eval,1.0382962226867676,0.0004257425742574258,0.04266922115954309,
2025-09-15 03:45:50,ADAM_lr0.01,ADAM,2,MNIST,42,val_eval,1.0546506643295288,0.0004257425742574258,0.04266922115954309,
2025-09-15 03:45:50,ADAM_lr0.01,ADAM,2,MNIST,42,train_iter,1.1650217771530151,0.0004257425742574258,0.04426686749959852,1198.7278461456299
2025-09-15 03:45:52,ADAM_lr0.01,ADAM,2,MNIST,43,train_eval,1.0258796215057373,0.0004356435643564356,0.04426686749959852,
2025-09-15 03:45:52,ADAM_lr0.01,ADAM,2,MNIST,43,val_eval,1.0170284509658813,0.0004356435643564356,0.04426686749959852,
2025-09-15 03:45:52,ADAM_lr0.01,ADAM,2,MNIST,43,train_iter,0.935490071773529,0.0004356435643564356,0.043759890420351014,1793.5056686401367
2025-09-15 03:45:54,ADAM_lr0.01,ADAM,2,MNIST,44,train_eval,1.0304570198059082,0.0004455445544554455,0.043759890420351014,
2025-09-15 03:45:54,ADAM_lr0.01,ADAM,2,MNIST,44,val_eval,1.0195366144180298,0.0004455445544554455,0.043759890420351014,
2025-09-15 03:45:54,ADAM_lr0.01,ADAM,2,MNIST,44,train_iter,1.0050573348999023,0.0004455445544554455,0.042305631166763925,2406.116247177124
2025-09-15 03:45:56,ADAM_lr0.01,ADAM,2,MNIST,45,train_eval,1.0643372535705566,0.0004554455445544554,0.042305631166763925,
2025-09-15 03:45:56,ADAM_lr0.01,ADAM,2,MNIST,45,val_eval,1.0441441535949707,0.0004554455445544554,0.042305631166763925,
2025-09-15 03:45:56,ADAM_lr0.01,ADAM,2,MNIST,45,train_iter,1.1683160066604614,0.0004554455445544554,0.04127138408178951,2199.413776397705
2025-09-15 03:45:58,ADAM_lr0.01,ADAM,2,MNIST,46,train_eval,1.0249090194702148,0.0004653465346534653,0.04127138408178951,
2025-09-15 03:45:58,ADAM_lr0.01,ADAM,2,MNIST,46,val_eval,1.022639513015747,0.0004653465346534653,0.04127138408178951,
2025-09-15 03:45:58,ADAM_lr0.01,ADAM,2,MNIST,46,train_iter,0.859501838684082,0.0004653465346534653,0.04236272694608029,1347.1393585205078
2025-09-15 03:45:59,ADAM_lr0.01,ADAM,2,MNIST,47,train_eval,1.0391124486923218,0.00047524752475247524,0.04236272694608029,
2025-09-15 03:45:59,ADAM_lr0.01,ADAM,2,MNIST,47,val_eval,1.059259295463562,0.00047524752475247524,0.04236272694608029,
2025-09-15 03:45:59,ADAM_lr0.01,ADAM,2,MNIST,47,train_iter,0.9580432176589966,0.00047524752475247524,0.04377941077703782,1243.600845336914
2025-09-15 03:46:01,ADAM_lr0.01,ADAM,2,MNIST,48,train_eval,1.0265719890594482,0.00048514851485148515,0.04377941077703782,
2025-09-15 03:46:01,ADAM_lr0.01,ADAM,2,MNIST,48,val_eval,1.0207490921020508,0.00048514851485148515,0.04377941077703782,
2025-09-15 03:46:01,ADAM_lr0.01,ADAM,2,MNIST,48,train_iter,1.3312499523162842,0.00048514851485148515,0.04383971048075141,1583.96577835083
2025-09-15 03:46:02,ADAM_lr0.01,ADAM,2,MNIST,49,train_eval,1.01876699924469,0.0004950495049504951,0.04383971048075141,
2025-09-15 03:46:02,ADAM_lr0.01,ADAM,2,MNIST,49,val_eval,1.017111897468567,0.0004950495049504951,0.04383971048075141,
2025-09-15 03:46:02,ADAM_lr0.01,ADAM,2,MNIST,49,train_iter,1.2855063676834106,0.0004950495049504951,0.04454624964227164,1381.0052871704102
2025-09-15 03:46:03,ADAM_lr0.01,ADAM,2,MNIST,50,train_eval,1.0203830003738403,0.000504950495049505,0.04454624964227164,
2025-09-15 03:46:03,ADAM_lr0.01,ADAM,2,MNIST,50,val_eval,1.0485175848007202,0.000504950495049505,0.04454624964227164,
2025-09-15 03:46:03,ADAM_lr0.01,ADAM,2,MNIST,50,train_iter,0.9340466856956482,0.000504950495049505,0.04714847508569528,996.1981773376465
2025-09-15 03:46:04,ADAM_lr0.01,ADAM,2,MNIST,51,train_eval,1.034000277519226,0.0005148514851485149,0.04714847508569528,
2025-09-15 03:46:04,ADAM_lr0.01,ADAM,2,MNIST,51,val_eval,1.0563560724258423,0.0005148514851485149,0.04714847508569528,
2025-09-15 03:46:04,ADAM_lr0.01,ADAM,2,MNIST,51,train_iter,1.1890195608139038,0.0005148514851485149,0.04791710841874758,1282.036304473877
2025-09-15 03:46:05,ADAM_lr0.01,ADAM,2,MNIST,52,train_eval,1.0520343780517578,0.0005247524752475248,0.04791710841874758,
2025-09-15 03:46:05,ADAM_lr0.01,ADAM,2,MNIST,52,val_eval,1.0453630685806274,0.0005247524752475248,0.04791710841874758,
2025-09-15 03:46:05,ADAM_lr0.01,ADAM,2,MNIST,52,train_iter,0.6181614398956299,0.0005247524752475248,0.0489549873049037,1205.9204578399658
2025-09-15 03:46:07,ADAM_lr0.01,ADAM,2,MNIST,53,train_eval,1.0569685697555542,0.0005346534653465347,0.0489549873049037,
2025-09-15 03:46:07,ADAM_lr0.01,ADAM,2,MNIST,53,val_eval,1.0707652568817139,0.0005346534653465347,0.0489549873049037,
2025-09-15 03:46:07,ADAM_lr0.01,ADAM,2,MNIST,53,train_iter,1.268277645111084,0.0005346534653465347,0.04830453583847583,1656.052589416504
2025-09-15 03:46:08,ADAM_lr0.01,ADAM,2,MNIST,54,train_eval,1.023017168045044,0.0005445544554455446,0.04830453583847583,
2025-09-15 03:46:08,ADAM_lr0.01,ADAM,2,MNIST,54,val_eval,1.0428000688552856,0.0005445544554455446,0.04830453583847583,
2025-09-15 03:46:08,ADAM_lr0.01,ADAM,2,MNIST,54,train_iter,0.9441714286804199,0.0005445544554455446,0.048741727050869724,1334.566354751587
2025-09-15 03:46:10,ADAM_lr0.01,ADAM,2,MNIST,55,train_eval,1.037274718284607,0.0005544554455445545,0.048741727050869724,
2025-09-15 03:46:10,ADAM_lr0.01,ADAM,2,MNIST,55,val_eval,1.0346415042877197,0.0005544554455445545,0.048741727050869724,
2025-09-15 03:46:10,ADAM_lr0.01,ADAM,2,MNIST,55,train_iter,0.8760728240013123,0.0005544554455445545,0.048006485453817575,1698.5113620758057
2025-09-15 03:46:12,ADAM_lr0.01,ADAM,2,MNIST,56,train_eval,1.0377905368804932,0.0005643564356435644,0.048006485453817575,
2025-09-15 03:46:12,ADAM_lr0.01,ADAM,2,MNIST,56,val_eval,1.0153762102127075,0.0005643564356435644,0.048006485453817575,
2025-09-15 03:46:12,ADAM_lr0.01,ADAM,2,MNIST,56,train_iter,1.0145955085754395,0.0005643564356435644,0.04716034781519046,1777.7221202850342
2025-09-15 03:46:14,ADAM_lr0.01,ADAM,2,MNIST,57,train_eval,1.0346654653549194,0.0005742574257425743,0.04716034781519046,
2025-09-15 03:46:14,ADAM_lr0.01,ADAM,2,MNIST,57,val_eval,1.0279011726379395,0.0005742574257425743,0.04716034781519046,
2025-09-15 03:46:14,ADAM_lr0.01,ADAM,2,MNIST,57,train_iter,1.1680233478546143,0.0005742574257425743,0.04561746832460407,2215.4672145843506
2025-09-15 03:46:16,ADAM_lr0.01,ADAM,2,MNIST,58,train_eval,1.0193395614624023,0.0005841584158415842,0.04561746832460407,
2025-09-15 03:46:16,ADAM_lr0.01,ADAM,2,MNIST,58,val_eval,1.014509916305542,0.0005841584158415842,0.04561746832460407,
2025-09-15 03:46:16,ADAM_lr0.01,ADAM,2,MNIST,58,train_iter,1.0847606658935547,0.0005841584158415842,0.044687517995053064,1935.6870651245117
2025-09-15 03:46:18,ADAM_lr0.01,ADAM,2,MNIST,59,train_eval,1.0086055994033813,0.000594059405940594,0.044687517995053064,
2025-09-15 03:46:18,ADAM_lr0.01,ADAM,2,MNIST,59,val_eval,1.021206021308899,0.000594059405940594,0.044687517995053064,
2025-09-15 03:46:18,ADAM_lr0.01,ADAM,2,MNIST,59,train_iter,1.0332722663879395,0.000594059405940594,0.04455440895004116,1621.4485168457031
2025-09-15 03:46:19,ADAM_lr0.01,ADAM,2,MNIST,60,train_eval,1.0099235773086548,0.000603960396039604,0.04455440895004116,
2025-09-15 03:46:19,ADAM_lr0.01,ADAM,2,MNIST,60,val_eval,1.0212842226028442,0.000603960396039604,0.04455440895004116,
2025-09-15 03:46:19,ADAM_lr0.01,ADAM,2,MNIST,60,train_iter,1.0436691045761108,0.000603960396039604,0.04486600775426604,1474.7142791748047
2025-09-15 03:46:21,ADAM_lr0.01,ADAM,2,MNIST,61,train_eval,1.0172572135925293,0.0006138613861386139,0.04486600775426604,
2025-09-15 03:46:21,ADAM_lr0.01,ADAM,2,MNIST,61,val_eval,1.0121502876281738,0.0006138613861386139,0.04486600775426604,
2025-09-15 03:46:21,ADAM_lr0.01,ADAM,2,MNIST,61,train_iter,1.03140127658844,0.0006138613861386139,0.045474130279724634,1379.8632621765137
2025-09-15 03:46:22,ADAM_lr0.01,ADAM,2,MNIST,62,train_eval,1.0147452354431152,0.0006237623762376238,0.045474130279724634,
2025-09-15 03:46:22,ADAM_lr0.01,ADAM,2,MNIST,62,val_eval,1.0090816020965576,0.0006237623762376238,0.045474130279724634,
2025-09-15 03:46:22,ADAM_lr0.01,ADAM,2,MNIST,62,train_iter,1.0460041761398315,0.0006237623762376238,0.04482551054709871,1803.1275272369385
2025-09-15 03:46:24,ADAM_lr0.01,ADAM,2,MNIST,63,train_eval,1.003282070159912,0.0006336633663366337,0.04482551054709871,
2025-09-15 03:46:24,ADAM_lr0.01,ADAM,2,MNIST,63,val_eval,1.0236741304397583,0.0006336633663366337,0.04482551054709871,
2025-09-15 03:46:24,ADAM_lr0.01,ADAM,2,MNIST,63,train_iter,0.627025842666626,0.0006336633663366337,0.04543414561384588,1380.821943283081
2025-09-15 03:46:25,ADAM_lr0.01,ADAM,2,MNIST,64,train_eval,1.008082628250122,0.0006435643564356436,0.04543414561384588,
2025-09-15 03:46:25,ADAM_lr0.01,ADAM,2,MNIST,64,val_eval,1.0319321155548096,0.0006435643564356436,0.04543414561384588,
2025-09-15 03:46:25,ADAM_lr0.01,ADAM,2,MNIST,64,train_iter,0.9358088374137878,0.0006435643564356436,0.04572194876209338,1455.1241397857666
2025-09-15 03:46:26,ADAM_lr0.01,ADAM,2,MNIST,65,train_eval,1.0214924812316895,0.0006534653465346535,0.04572194876209338,
2025-09-15 03:46:26,ADAM_lr0.01,ADAM,2,MNIST,65,val_eval,1.034919023513794,0.0006534653465346535,0.04572194876209338,
2025-09-15 03:46:26,ADAM_lr0.01,ADAM,2,MNIST,65,train_iter,0.9256615042686462,0.0006534653465346535,0.04749196184131593,1108.450174331665
2025-09-15 03:46:28,ADAM_lr0.01,ADAM,2,MNIST,66,train_eval,1.0247373580932617,0.0006633663366336634,0.04749196184131593,
2025-09-15 03:46:28,ADAM_lr0.01,ADAM,2,MNIST,66,val_eval,1.0315732955932617,0.0006633663366336634,0.04749196184131593,
2025-09-15 03:46:28,ADAM_lr0.01,ADAM,2,MNIST,66,train_iter,1.1395210027694702,0.0006633663366336634,0.04804115250629717,1326.8229961395264
2025-09-15 03:46:29,ADAM_lr0.01,ADAM,2,MNIST,67,train_eval,1.012966513633728,0.0006732673267326733,0.04804115250629717,
2025-09-15 03:46:29,ADAM_lr0.01,ADAM,2,MNIST,67,val_eval,1.014174222946167,0.0006732673267326733,0.04804115250629717,
2025-09-15 03:46:29,ADAM_lr0.01,ADAM,2,MNIST,67,train_iter,1.210567831993103,0.0006732673267326733,0.0470715292865029,1833.364486694336
2025-09-15 03:46:31,ADAM_lr0.01,ADAM,2,MNIST,68,train_eval,1.0097129344940186,0.0006831683168316832,0.0470715292865029,
2025-09-15 03:46:31,ADAM_lr0.01,ADAM,2,MNIST,68,val_eval,1.00014328956604,0.0006831683168316832,0.0470715292865029,
2025-09-15 03:46:32,ADAM_lr0.01,ADAM,2,MNIST,68,train_iter,0.8276560306549072,0.0006831683168316832,0.04554117669774912,2212.9251956939697
2025-09-15 03:46:33,ADAM_lr0.01,ADAM,2,MNIST,69,train_eval,1.012120008468628,0.0006930693069306931,0.04554117669774912,
2025-09-15 03:46:33,ADAM_lr0.01,ADAM,2,MNIST,69,val_eval,1.0114690065383911,0.0006930693069306931,0.04554117669774912,
2025-09-15 03:46:33,ADAM_lr0.01,ADAM,2,MNIST,69,train_iter,1.1066579818725586,0.0006930693069306931,0.04706839304925884,1155.9998989105225
2025-09-15 03:46:35,ADAM_lr0.01,ADAM,2,MNIST,70,train_eval,1.0021142959594727,0.000702970297029703,0.04706839304925884,
2025-09-15 03:46:35,ADAM_lr0.01,ADAM,2,MNIST,70,val_eval,1.0131325721740723,0.000702970297029703,0.04706839304925884,
2025-09-15 03:46:35,ADAM_lr0.01,ADAM,2,MNIST,70,train_iter,0.9841821193695068,0.000702970297029703,0.04583969300953339,2021.2018489837646
2025-09-15 03:46:36,ADAM_lr0.01,ADAM,2,MNIST,71,train_eval,1.034968376159668,0.000712871287128713,0.04583969300953339,
2025-09-15 03:46:36,ADAM_lr0.01,ADAM,2,MNIST,71,val_eval,1.0276858806610107,0.000712871287128713,0.04583969300953339,
2025-09-15 03:46:36,ADAM_lr0.01,ADAM,2,MNIST,71,train_iter,0.9192199110984802,0.000712871287128713,0.048289877530198,999.4125366210938
2025-09-15 03:46:38,ADAM_lr0.01,ADAM,2,MNIST,72,train_eval,1.024437665939331,0.0007227722772277228,0.048289877530198,
2025-09-15 03:46:38,ADAM_lr0.01,ADAM,2,MNIST,72,val_eval,1.020605444908142,0.0007227722772277228,0.048289877530198,
2025-09-15 03:46:38,ADAM_lr0.01,ADAM,2,MNIST,72,train_iter,1.0017894506454468,0.0007227722772277228,0.0474413586142059,1766.1290168762207
2025-09-15 03:46:40,ADAM_lr0.01,ADAM,2,MNIST,73,train_eval,1.0215251445770264,0.0007326732673267327,0.0474413586142059,
2025-09-15 03:46:40,ADAM_lr0.01,ADAM,2,MNIST,73,val_eval,1.013218641281128,0.0007326732673267327,0.0474413586142059,
2025-09-15 03:46:40,ADAM_lr0.01,ADAM,2,MNIST,73,train_iter,0.7533491849899292,0.0007326732673267327,0.04604234222899473,2101.5756130218506
2025-09-15 03:46:41,ADAM_lr0.01,ADAM,2,MNIST,74,train_eval,1.02935791015625,0.0007425742574257426,0.04604234222899473,
2025-09-15 03:46:41,ADAM_lr0.01,ADAM,2,MNIST,74,val_eval,1.0217726230621338,0.0007425742574257426,0.04604234222899473,
2025-09-15 03:46:41,ADAM_lr0.01,ADAM,2,MNIST,74,train_iter,0.8971735835075378,0.0007425742574257426,0.04552593208210252,1719.7465896606445
2025-09-15 03:46:43,ADAM_lr0.01,ADAM,2,MNIST,75,train_eval,1.0080146789550781,0.0007524752475247525,0.04552593208210252,
2025-09-15 03:46:43,ADAM_lr0.01,ADAM,2,MNIST,75,val_eval,1.0167094469070435,0.0007524752475247525,0.04552593208210252,
2025-09-15 03:46:43,ADAM_lr0.01,ADAM,2,MNIST,75,train_iter,1.0883768796920776,0.0007524752475247525,0.045068962255440374,1716.4716720581055
2025-09-15 03:46:45,ADAM_lr0.01,ADAM,2,MNIST,76,train_eval,1.0064048767089844,0.0007623762376237624,0.045068962255440374,
2025-09-15 03:46:45,ADAM_lr0.01,ADAM,2,MNIST,76,val_eval,1.0287506580352783,0.0007623762376237624,0.045068962255440374,
2025-09-15 03:46:45,ADAM_lr0.01,ADAM,2,MNIST,76,train_iter,1.0413415431976318,0.0007623762376237624,0.045590850660186095,1397.956371307373
2025-09-15 03:46:46,ADAM_lr0.01,ADAM,2,MNIST,77,train_eval,1.0147809982299805,0.0007722772277227723,0.045590850660186095,
2025-09-15 03:46:46,ADAM_lr0.01,ADAM,2,MNIST,77,val_eval,1.022840976715088,0.0007722772277227723,0.045590850660186095,
2025-09-15 03:46:46,ADAM_lr0.01,ADAM,2,MNIST,77,train_iter,1.1250810623168945,0.0007722772277227723,0.04634381844647027,1323.4095573425293
2025-09-15 03:46:47,ADAM_lr0.01,ADAM,2,MNIST,78,train_eval,1.0151642560958862,0.0007821782178217822,0.04634381844647027,
2025-09-15 03:46:47,ADAM_lr0.01,ADAM,2,MNIST,78,val_eval,0.9996264576911926,0.0007821782178217822,0.04634381844647027,
2025-09-15 03:46:48,ADAM_lr0.01,ADAM,2,MNIST,78,train_iter,1.165032148361206,0.0007821782178217822,0.04561453920570786,1800.2142906188965
2025-09-15 03:46:49,ADAM_lr0.01,ADAM,2,MNIST,79,train_eval,1.0016069412231445,0.0007920792079207921,0.04561453920570786,
2025-09-15 03:46:49,ADAM_lr0.01,ADAM,2,MNIST,79,val_eval,1.026790976524353,0.0007920792079207921,0.04561453920570786,
2025-09-15 03:46:49,ADAM_lr0.01,ADAM,2,MNIST,79,train_iter,0.9804350137710571,0.0007920792079207921,0.04528728369241286,1660.2957248687744
2025-09-15 03:46:51,ADAM_lr0.01,ADAM,2,MNIST,80,train_eval,0.997458279132843,0.000801980198019802,0.04528728369241286,
2025-09-15 03:46:51,ADAM_lr0.01,ADAM,2,MNIST,80,val_eval,1.0220867395401,0.000801980198019802,0.04528728369241286,
2025-09-15 03:46:51,ADAM_lr0.01,ADAM,2,MNIST,80,train_iter,1.2763035297393799,0.000801980198019802,0.04566093637347103,1434.0014457702637
2025-09-15 03:46:52,ADAM_lr0.01,ADAM,2,MNIST,81,train_eval,1.0100312232971191,0.000811881188118812,0.04566093637347103,
2025-09-15 03:46:52,ADAM_lr0.01,ADAM,2,MNIST,81,val_eval,1.0262459516525269,0.000811881188118812,0.04566093637347103,
2025-09-15 03:46:52,ADAM_lr0.01,ADAM,2,MNIST,81,train_iter,1.1241767406463623,0.000811881188118812,0.04681163038892376,1229.715347290039
2025-09-15 03:46:53,ADAM_lr0.01,ADAM,2,MNIST,82,train_eval,1.0019774436950684,0.0008217821782178219,0.04681163038892376,
2025-09-15 03:46:53,ADAM_lr0.01,ADAM,2,MNIST,82,val_eval,0.9908303618431091,0.0008217821782178219,0.04681163038892376,
2025-09-15 03:46:54,ADAM_lr0.01,ADAM,2,MNIST,82,train_iter,1.1710138320922852,0.0008217821782178219,0.04590420803351826,1862.8787994384766
2025-09-15 03:46:55,ADAM_lr0.01,ADAM,2,MNIST,83,train_eval,1.0143005847930908,0.0008316831683168318,0.04590420803351826,
2025-09-15 03:46:55,ADAM_lr0.01,ADAM,2,MNIST,83,val_eval,0.9999435544013977,0.0008316831683168318,0.04590420803351826,
2025-09-15 03:46:55,ADAM_lr0.01,ADAM,2,MNIST,83,train_iter,1.1852360963821411,0.0008316831683168318,0.04630727270412104,1407.8385829925537
2025-09-15 03:46:57,ADAM_lr0.01,ADAM,2,MNIST,84,train_eval,0.9966457486152649,0.0008415841584158417,0.04630727270412104,
2025-09-15 03:46:57,ADAM_lr0.01,ADAM,2,MNIST,84,val_eval,1.0188705921173096,0.0008415841584158417,0.04630727270412104,
2025-09-15 03:46:57,ADAM_lr0.01,ADAM,2,MNIST,84,train_iter,1.0479868650436401,0.0008415841584158417,0.046625488016535696,1420.5098152160645
2025-09-15 03:46:58,ADAM_lr0.01,ADAM,2,MNIST,85,train_eval,1.0262136459350586,0.0008514851485148516,0.046625488016535696,
2025-09-15 03:46:58,ADAM_lr0.01,ADAM,2,MNIST,85,val_eval,1.0211234092712402,0.0008514851485148516,0.046625488016535696,
2025-09-15 03:46:58,ADAM_lr0.01,ADAM,2,MNIST,85,train_iter,1.0107957124710083,0.0008514851485148516,0.04643875561526517,1570.6679821014404
2025-09-15 03:46:59,ADAM_lr0.01,ADAM,2,MNIST,86,train_eval,1.034873604774475,0.0008613861386138615,0.04643875561526517,
2025-09-15 03:46:59,ADAM_lr0.01,ADAM,2,MNIST,86,val_eval,1.0186021327972412,0.0008613861386138615,0.04643875561526517,
2025-09-15 03:46:59,ADAM_lr0.01,ADAM,2,MNIST,86,train_iter,0.9912362098693848,0.0008613861386138615,0.04742846372359639,1247.8773593902588
2025-09-15 03:47:01,ADAM_lr0.01,ADAM,2,MNIST,87,train_eval,1.046882152557373,0.0008712871287128712,0.04742846372359639,
2025-09-15 03:47:01,ADAM_lr0.01,ADAM,2,MNIST,87,val_eval,1.0325279235839844,0.0008712871287128712,0.04742846372359639,
2025-09-15 03:47:01,ADAM_lr0.01,ADAM,2,MNIST,87,train_iter,1.017869234085083,0.0008712871287128712,0.048512410032802225,1206.4993381500244
2025-09-15 03:47:02,ADAM_lr0.01,ADAM,2,MNIST,88,train_eval,1.02439546585083,0.0008811881188118811,0.048512410032802225,
2025-09-15 03:47:02,ADAM_lr0.01,ADAM,2,MNIST,88,val_eval,1.0628371238708496,0.0008811881188118811,0.048512410032802225,
2025-09-15 03:47:02,ADAM_lr0.01,ADAM,2,MNIST,88,train_iter,0.9891935586929321,0.0008811881188118811,0.05010549817882231,1090.8849239349365
2025-09-15 03:47:04,ADAM_lr0.01,ADAM,2,MNIST,89,train_eval,1.012682557106018,0.000891089108910891,0.05010549817882231,
2025-09-15 03:47:04,ADAM_lr0.01,ADAM,2,MNIST,89,val_eval,1.0286678075790405,0.000891089108910891,0.05010549817882231,
2025-09-15 03:47:04,ADAM_lr0.01,ADAM,2,MNIST,89,train_iter,1.0856468677520752,0.000891089108910891,0.04888554117980696,1854.5968532562256
2025-09-15 03:47:05,ADAM_lr0.01,ADAM,2,MNIST,90,train_eval,1.000044822692871,0.0009009900990099009,0.04888554117980696,
2025-09-15 03:47:05,ADAM_lr0.01,ADAM,2,MNIST,90,val_eval,1.0216774940490723,0.0009009900990099009,0.04888554117980696,
2025-09-15 03:47:05,ADAM_lr0.01,ADAM,2,MNIST,90,train_iter,0.9480161666870117,0.0009009900990099009,0.04904536871030718,1392.5297260284424
2025-09-15 03:47:07,ADAM_lr0.01,ADAM,2,MNIST,91,train_eval,1.0053349733352661,0.0009108910891089108,0.04904536871030718,
2025-09-15 03:47:07,ADAM_lr0.01,ADAM,2,MNIST,91,val_eval,1.0198636054992676,0.0009108910891089108,0.04904536871030718,
2025-09-15 03:47:07,ADAM_lr0.01,ADAM,2,MNIST,91,train_iter,0.9512142539024353,0.0009108910891089108,0.04869313661249003,1544.2774295806885
2025-09-15 03:47:07,ADAM_lr0.01,ADAM,2,MNIST,92,train_eval,1.0282883644104004,0.0009207920792079207,0.04869313661249003,
2025-09-15 03:47:07,ADAM_lr0.01,ADAM,2,MNIST,92,val_eval,1.0250908136367798,0.0009207920792079207,0.04869313661249003,
2025-09-15 03:47:08,ADAM_lr0.01,ADAM,2,MNIST,92,train_iter,1.1783485412597656,0.0009207920792079207,0.05133969783596075,935.3563785552979
2025-09-15 03:47:09,ADAM_lr0.01,ADAM,2,MNIST,93,train_eval,1.0512020587921143,0.0009306930693069307,0.05133969783596075,
2025-09-15 03:47:09,ADAM_lr0.01,ADAM,2,MNIST,93,val_eval,1.0254647731781006,0.0009306930693069307,0.05133969783596075,
2025-09-15 03:47:09,ADAM_lr0.01,ADAM,2,MNIST,93,train_iter,1.0450522899627686,0.0009306930693069307,0.05151456066661592,1324.2123126983643
2025-09-15 03:47:10,ADAM_lr0.01,ADAM,2,MNIST,94,train_eval,1.026142954826355,0.0009405940594059406,0.05151456066661592,
2025-09-15 03:47:10,ADAM_lr0.01,ADAM,2,MNIST,94,val_eval,1.0525119304656982,0.0009405940594059406,0.05151456066661592,
2025-09-15 03:47:10,ADAM_lr0.01,ADAM,2,MNIST,94,train_iter,1.1711947917938232,0.0009405940594059406,0.054184432752926746,898.827075958252
2025-09-15 03:47:11,ADAM_lr0.01,ADAM,2,MNIST,95,train_eval,1.052653431892395,0.0009504950495049505,0.054184432752926746,
2025-09-15 03:47:11,ADAM_lr0.01,ADAM,2,MNIST,95,val_eval,1.0431463718414307,0.0009504950495049505,0.054184432752926746,
2025-09-15 03:47:11,ADAM_lr0.01,ADAM,2,MNIST,95,train_iter,1.1050738096237183,0.0009504950495049505,0.05594247843499821,979.590654373169
2025-09-15 03:47:12,ADAM_lr0.01,ADAM,2,MNIST,96,train_eval,1.0361502170562744,0.0009603960396039604,0.05594247843499821,
2025-09-15 03:47:12,ADAM_lr0.01,ADAM,2,MNIST,96,val_eval,1.0396164655685425,0.0009603960396039604,0.05594247843499821,
2025-09-15 03:47:12,ADAM_lr0.01,ADAM,2,MNIST,96,train_iter,0.8294823169708252,0.0009603960396039604,0.055364275471403546,1401.5069007873535
2025-09-15 03:47:13,ADAM_lr0.01,ADAM,2,MNIST,97,train_eval,1.002940058708191,0.0009702970297029703,0.055364275471403546,
2025-09-15 03:47:13,ADAM_lr0.01,ADAM,2,MNIST,97,val_eval,1.028437852859497,0.0009702970297029703,0.055364275471403546,
2025-09-15 03:47:13,ADAM_lr0.01,ADAM,2,MNIST,97,train_iter,1.0178117752075195,0.0009702970297029703,0.05658002941984655,1041.1481857299805
2025-09-15 03:47:14,ADAM_lr0.01,ADAM,2,MNIST,98,train_eval,1.011669635772705,0.0009801980198019802,0.05658002941984655,
2025-09-15 03:47:14,ADAM_lr0.01,ADAM,2,MNIST,98,val_eval,1.0178635120391846,0.0009801980198019802,0.05658002941984655,
2025-09-15 03:47:15,ADAM_lr0.01,ADAM,2,MNIST,98,train_iter,0.8931512832641602,0.0009801980198019802,0.05613952340615283,1347.39351272583
2025-09-15 03:47:16,ADAM_lr0.01,ADAM,2,MNIST,99,train_eval,1.0195122957229614,0.0009900990099009901,0.05613952340615283,
2025-09-15 03:47:16,ADAM_lr0.01,ADAM,2,MNIST,99,val_eval,1.0296260118484497,0.0009900990099009901,0.05613952340615283,
2025-09-15 03:47:16,ADAM_lr0.01,ADAM,2,MNIST,99,train_iter,1.16685152053833,0.0009900990099009901,0.057342145573728465,1031.3129425048828
2025-09-15 03:47:17,ADAM_lr0.01,ADAM,2,MNIST,100,train_eval,1.0067058801651,0.001,0.057342145573728465,
2025-09-15 03:47:17,ADAM_lr0.01,ADAM,2,MNIST,100,val_eval,1.0190867185592651,0.001,0.057342145573728465,
2025-09-15 03:49:32,ADAM_lr0.01,ADAM,2,MNIST,100,train_iter,1.0909217596054077,0.001,0.05165948029946914,136374.76778030396
2025-09-15 03:49:33,ADAM_lr0.01,ADAM,2,MNIST,101,train_eval,0.9981505870819092,0.000999999907510999,0.05165948029946914,
2025-09-15 03:49:33,ADAM_lr0.01,ADAM,2,MNIST,101,val_eval,1.0301355123519897,0.000999999907510999,0.05165948029946914,
2025-09-15 03:49:33,ADAM_lr0.01,ADAM,2,MNIST,101,train_iter,0.7170273065567017,0.000999999907510999,0.05301129391638526,1078.594446182251
2025-09-15 03:49:34,ADAM_lr0.01,ADAM,2,MNIST,102,train_eval,1.0060194730758667,0.000999999630044034,0.05301129391638526,
2025-09-15 03:49:34,ADAM_lr0.01,ADAM,2,MNIST,102,val_eval,1.0043421983718872,0.000999999630044034,0.05301129391638526,
2025-09-15 03:49:34,ADAM_lr0.01,ADAM,2,MNIST,102,train_iter,1.0117013454437256,0.000999999630044034,0.053303438826287776,1256.8705081939697
2025-09-15 03:49:35,ADAM_lr0.01,ADAM,2,MNIST,103,train_eval,0.9961469173431396,0.0009999991675992191,0.053303438826287776,
2025-09-15 03:49:35,ADAM_lr0.01,ADAM,2,MNIST,103,val_eval,1.0083186626434326,0.0009999991675992191,0.053303438826287776,
2025-09-15 03:49:35,ADAM_lr0.01,ADAM,2,MNIST,103,train_iter,0.9951924085617065,0.0009999991675992191,0.053789261943801216,1208.7035179138184
2025-09-15 03:49:37,ADAM_lr0.01,ADAM,2,MNIST,104,train_eval,1.0082998275756836,0.0009999985201767443,0.053789261943801216,
2025-09-15 03:49:37,ADAM_lr0.01,ADAM,2,MNIST,104,val_eval,1.012363076210022,0.0009999985201767443,0.053789261943801216,
2025-09-15 03:49:37,ADAM_lr0.01,ADAM,2,MNIST,104,train_iter,1.470663070678711,0.0009999985201767443,0.054792121901190524,1101.5758514404297
2025-09-15 03:49:37,ADAM_lr0.01,ADAM,2,MNIST,105,train_eval,1.0123533010482788,0.000999997687776876,0.054792121901190524,
2025-09-15 03:49:37,ADAM_lr0.01,ADAM,2,MNIST,105,val_eval,1.0017421245574951,0.000999997687776876,0.054792121901190524,
2025-09-15 03:49:37,ADAM_lr0.01,ADAM,2,MNIST,105,train_iter,1.2674797773361206,0.000999997687776876,0.0570379948334845,910.0251197814941
2025-09-15 03:49:38,ADAM_lr0.01,ADAM,2,MNIST,106,train_eval,1.0269513130187988,0.0009999966703999558,0.0570379948334845,
2025-09-15 03:49:38,ADAM_lr0.01,ADAM,2,MNIST,106,val_eval,1.0483007431030273,0.0009999966703999558,0.0570379948334845,
2025-09-15 03:49:38,ADAM_lr0.01,ADAM,2,MNIST,106,train_iter,1.1225212812423706,0.0009999966703999558,0.05869657599644222,954.8571109771729
2025-09-15 03:49:40,ADAM_lr0.01,ADAM,2,MNIST,107,train_eval,1.0327762365341187,0.0009999954680464025,0.05869657599644222,
2025-09-15 03:49:40,ADAM_lr0.01,ADAM,2,MNIST,107,val_eval,1.0783027410507202,0.0009999954680464025,0.05869657599644222,
2025-09-15 03:49:40,ADAM_lr0.01,ADAM,2,MNIST,107,train_iter,0.962817370891571,0.0009999954680464025,0.057737724660690874,1431.5412044525146
2025-09-15 03:49:41,ADAM_lr0.01,ADAM,2,MNIST,108,train_eval,1.0309350490570068,0.00099999408071671,0.057737724660690874,
2025-09-15 03:49:41,ADAM_lr0.01,ADAM,2,MNIST,108,val_eval,1.0286502838134766,0.00099999408071671,0.057737724660690874,
2025-09-15 03:49:41,ADAM_lr0.01,ADAM,2,MNIST,108,train_iter,1.1221699714660645,0.00099999408071671,0.05987769382573429,888.3309364318848
2025-09-15 03:49:42,ADAM_lr0.01,ADAM,2,MNIST,109,train_eval,1.0302776098251343,0.0009999925084114485,0.05987769382573429,
2025-09-15 03:49:42,ADAM_lr0.01,ADAM,2,MNIST,109,val_eval,1.0399852991104126,0.0009999925084114485,0.05987769382573429,
2025-09-15 03:49:42,ADAM_lr0.01,ADAM,2,MNIST,109,train_iter,1.1091485023498535,0.0009999925084114485,0.06176735016345446,892.4262523651123
2025-09-15 03:49:43,ADAM_lr0.01,ADAM,2,MNIST,110,train_eval,1.032559871673584,0.0009999907511312647,0.06176735016345446,
2025-09-15 03:49:43,ADAM_lr0.01,ADAM,2,MNIST,110,val_eval,1.045271396636963,0.0009999907511312647,0.06176735016345446,
2025-09-15 03:49:43,ADAM_lr0.01,ADAM,2,MNIST,110,train_iter,1.0146598815917969,0.0009999907511312647,0.06141438800721978,1207.124948501587
2025-09-15 03:49:44,ADAM_lr0.01,ADAM,2,MNIST,111,train_eval,0.9953950643539429,0.0009999888088768807,0.06141438800721978,
2025-09-15 03:49:44,ADAM_lr0.01,ADAM,2,MNIST,111,val_eval,1.0110653638839722,0.0009999888088768807,0.06141438800721978,
2025-09-15 03:49:44,ADAM_lr0.01,ADAM,2,MNIST,111,train_iter,0.7546293139457703,0.0009999888088768807,0.06328249331993266,877.7055740356445
2025-09-15 03:49:45,ADAM_lr0.01,ADAM,2,MNIST,112,train_eval,0.9868585467338562,0.000999986681649095,0.06328249331993266,
2025-09-15 03:49:45,ADAM_lr0.01,ADAM,2,MNIST,112,val_eval,1.023678183555603,0.000999986681649095,0.06328249331993266,
2025-09-15 03:49:45,ADAM_lr0.01,ADAM,2,MNIST,112,train_iter,0.9370088577270508,0.000999986681649095,0.06185208357599579,1435.331106185913
2025-09-15 03:49:46,ADAM_lr0.01,ADAM,2,MNIST,113,train_eval,1.013329267501831,0.0009999843694487819,0.06185208357599579,
2025-09-15 03:49:46,ADAM_lr0.01,ADAM,2,MNIST,113,val_eval,1.0401873588562012,0.0009999843694487819,0.06185208357599579,
2025-09-15 03:49:46,ADAM_lr0.01,ADAM,2,MNIST,113,train_iter,0.7574574947357178,0.0009999843694487819,0.06099399930871815,1319.6654319763184
2025-09-15 03:49:48,ADAM_lr0.01,ADAM,2,MNIST,114,train_eval,1.013675332069397,0.000999981872276892,0.06099399930871815,
2025-09-15 03:49:48,ADAM_lr0.01,ADAM,2,MNIST,114,val_eval,1.0228679180145264,0.000999981872276892,0.06099399930871815,
2025-09-15 03:49:48,ADAM_lr0.01,ADAM,2,MNIST,114,train_iter,1.3149099349975586,0.000999981872276892,0.06125085920493268,1105.9997081756592
2025-09-15 03:49:49,ADAM_lr0.01,ADAM,2,MNIST,115,train_eval,1.0112698078155518,0.0009999791901344516,0.06125085920493268,
2025-09-15 03:49:49,ADAM_lr0.01,ADAM,2,MNIST,115,val_eval,1.0212862491607666,0.0009999791901344516,0.06125085920493268,
2025-09-15 03:49:49,ADAM_lr0.01,ADAM,2,MNIST,115,train_iter,0.7548555135726929,0.0009999791901344516,0.06154928692193627,1094.4199562072754
2025-09-15 03:49:50,ADAM_lr0.01,ADAM,2,MNIST,116,train_eval,0.987569272518158,0.0009999763230225634,0.06154928692193627,
2025-09-15 03:49:50,ADAM_lr0.01,ADAM,2,MNIST,116,val_eval,1.0289539098739624,0.0009999763230225634,0.06154928692193627,
2025-09-15 03:49:50,ADAM_lr0.01,ADAM,2,MNIST,116,train_iter,1.1830360889434814,0.0009999763230225634,0.06082041454897573,1295.6042289733887
2025-09-15 03:49:51,ADAM_lr0.01,ADAM,2,MNIST,117,train_eval,1.0244239568710327,0.0009999732709424058,0.06082041454897573,
2025-09-15 03:49:51,ADAM_lr0.01,ADAM,2,MNIST,117,val_eval,1.006591558456421,0.0009999732709424058,0.06082041454897573,
2025-09-15 03:49:51,ADAM_lr0.01,ADAM,2,MNIST,117,train_iter,1.0359243154525757,0.0009999732709424058,0.06198422732884163,970.2129364013672
2025-09-15 03:49:52,ADAM_lr0.01,ADAM,2,MNIST,118,train_eval,1.006960391998291,0.0009999700338952336,0.06198422732884163,
2025-09-15 03:49:52,ADAM_lr0.01,ADAM,2,MNIST,118,val_eval,1.0073202848434448,0.0009999700338952336,0.06198422732884163,
2025-09-15 03:49:52,ADAM_lr0.01,ADAM,2,MNIST,118,train_iter,0.9586396217346191,0.0009999700338952336,0.061110069879877084,1320.3740119934082
2025-09-15 03:49:54,ADAM_lr0.01,ADAM,2,MNIST,119,train_eval,1.0130329132080078,0.0009999666118823774,0.061110069879877084,
2025-09-15 03:49:54,ADAM_lr0.01,ADAM,2,MNIST,119,val_eval,1.018668532371521,0.0009999666118823774,0.061110069879877084,
2025-09-15 03:49:54,ADAM_lr0.01,ADAM,2,MNIST,119,train_iter,1.0325663089752197,0.0009999666118823774,0.06014351009685548,1366.5261268615723
2025-09-15 03:49:55,ADAM_lr0.01,ADAM,2,MNIST,120,train_eval,0.9993759393692017,0.0009999630049052437,0.06014351009685548,
2025-09-15 03:49:55,ADAM_lr0.01,ADAM,2,MNIST,120,val_eval,1.0056108236312866,0.0009999630049052437,0.06014351009685548,
2025-09-15 03:49:55,ADAM_lr0.01,ADAM,2,MNIST,120,train_iter,0.9043834209442139,0.0009999630049052437,0.05945277646828712,1320.5347061157227
2025-09-15 03:49:56,ADAM_lr0.01,ADAM,2,MNIST,121,train_eval,0.997138500213623,0.0009999592129653152,0.05945277646828712,
2025-09-15 03:49:56,ADAM_lr0.01,ADAM,2,MNIST,121,val_eval,0.9909599423408508,0.0009999592129653152,0.05945277646828712,
2025-09-15 03:49:56,ADAM_lr0.01,ADAM,2,MNIST,121,train_iter,0.7179601192474365,0.0009999592129653152,0.059412136326562025,1190.5932426452637
2025-09-15 03:49:57,ADAM_lr0.01,ADAM,2,MNIST,122,train_eval,1.0130118131637573,0.0009999552360641507,0.059412136326562025,
2025-09-15 03:49:57,ADAM_lr0.01,ADAM,2,MNIST,122,val_eval,1.0145224332809448,0.0009999552360641507,0.059412136326562025,
2025-09-15 03:49:57,ADAM_lr0.01,ADAM,2,MNIST,122,train_iter,1.1153281927108765,0.0009999552360641507,0.05961541479170719,1144.1175937652588
2025-09-15 03:49:59,ADAM_lr0.01,ADAM,2,MNIST,123,train_eval,1.0134458541870117,0.000999951074203385,0.05961541479170719,
2025-09-15 03:49:59,ADAM_lr0.01,ADAM,2,MNIST,123,val_eval,1.0245330333709717,0.000999951074203385,0.05961541479170719,
2025-09-15 03:49:59,ADAM_lr0.01,ADAM,2,MNIST,123,train_iter,1.0717384815216064,0.000999951074203385,0.05917603832054196,1273.0553150177002
2025-09-15 03:50:00,ADAM_lr0.01,ADAM,2,MNIST,124,train_eval,1.017936110496521,0.0009999467273847289,0.05917603832054196,
2025-09-15 03:50:00,ADAM_lr0.01,ADAM,2,MNIST,124,val_eval,1.0192610025405884,0.0009999467273847289,0.05917603832054196,
2025-09-15 03:50:00,ADAM_lr0.01,ADAM,2,MNIST,124,train_iter,0.7945222854614258,0.0009999467273847289,0.0591614950732616,1190.9112930297852
2025-09-15 03:50:01,ADAM_lr0.01,ADAM,2,MNIST,125,train_eval,1.023201823234558,0.000999942195609969,0.0591614950732616,
2025-09-15 03:50:01,ADAM_lr0.01,ADAM,2,MNIST,125,val_eval,1.0041735172271729,0.000999942195609969,0.0591614950732616,
2025-09-15 03:50:01,ADAM_lr0.01,ADAM,2,MNIST,125,train_iter,0.8450220823287964,0.000999942195609969,0.057497238965606295,1653.386116027832
2025-09-15 03:50:03,ADAM_lr0.01,ADAM,2,MNIST,126,train_eval,1.014306664466858,0.0009999374788809685,0.057497238965606295,
2025-09-15 03:50:03,ADAM_lr0.01,ADAM,2,MNIST,126,val_eval,1.0067270994186401,0.0009999374788809685,0.057497238965606295,
2025-09-15 03:50:03,ADAM_lr0.01,ADAM,2,MNIST,126,train_iter,0.8696405291557312,0.0009999374788809685,0.0565446869703488,1465.4512405395508
2025-09-15 03:50:04,ADAM_lr0.01,ADAM,2,MNIST,127,train_eval,1.0159306526184082,0.0009999325771996657,0.0565446869703488,
2025-09-15 03:50:04,ADAM_lr0.01,ADAM,2,MNIST,127,val_eval,1.0256645679473877,0.0009999325771996657,0.0565446869703488,
2025-09-15 03:50:04,ADAM_lr0.01,ADAM,2,MNIST,127,train_iter,0.9953683614730835,0.0009999325771996657,0.05545791614637918,1539.0732288360596
2025-09-15 03:50:06,ADAM_lr0.01,ADAM,2,MNIST,128,train_eval,1.0072647333145142,0.0009999274905680762,0.05545791614637918,
2025-09-15 03:50:06,ADAM_lr0.01,ADAM,2,MNIST,128,val_eval,1.019745111465454,0.0009999274905680762,0.05545791614637918,
2025-09-15 03:50:06,ADAM_lr0.01,ADAM,2,MNIST,128,train_iter,1.0891093015670776,0.0009999274905680762,0.053463460605146215,1979.5427322387695
2025-09-15 03:50:08,ADAM_lr0.01,ADAM,2,MNIST,129,train_eval,1.0062659978866577,0.0009999222189882903,0.053463460605146215,
2025-09-15 03:50:08,ADAM_lr0.01,ADAM,2,MNIST,129,val_eval,1.0319552421569824,0.0009999222189882903,0.053463460605146215,
2025-09-15 03:50:08,ADAM_lr0.01,ADAM,2,MNIST,129,train_iter,1.048856258392334,0.0009999222189882903,0.05192847577925045,1844.4910049438477
2025-09-15 03:50:10,ADAM_lr0.01,ADAM,2,MNIST,130,train_eval,1.0407518148422241,0.0009999167624624755,0.05192847577925045,
2025-09-15 03:50:10,ADAM_lr0.01,ADAM,2,MNIST,130,val_eval,1.0207178592681885,0.0009999167624624755,0.05192847577925045,
2025-09-15 03:50:10,ADAM_lr0.01,ADAM,2,MNIST,130,train_iter,1.1012517213821411,0.0009999167624624755,0.05104823877971113,1630.108118057251
2025-09-15 03:50:12,ADAM_lr0.01,ADAM,2,MNIST,131,train_eval,0.9817038178443909,0.0009999111209928744,0.05104823877971113,
2025-09-15 03:50:12,ADAM_lr0.01,ADAM,2,MNIST,131,val_eval,1.021923303604126,0.0009999111209928744,0.05104823877971113,
2025-09-15 03:50:12,ADAM_lr0.01,ADAM,2,MNIST,131,train_iter,0.882560133934021,0.0009999111209928744,0.049990123577420296,1737.2195720672607
2025-09-15 03:50:13,ADAM_lr0.01,ADAM,2,MNIST,132,train_eval,0.9808275103569031,0.000999905294581806,0.049990123577420296,
2025-09-15 03:50:13,ADAM_lr0.01,ADAM,2,MNIST,132,val_eval,1.0165257453918457,0.000999905294581806,0.049990123577420296,
2025-09-15 03:50:13,ADAM_lr0.01,ADAM,2,MNIST,132,train_iter,1.0983349084854126,0.000999905294581806,0.04935127491344209,1612.3297214508057
2025-09-15 03:50:15,ADAM_lr0.01,ADAM,2,MNIST,133,train_eval,1.0017048120498657,0.0009998992832316654,0.04935127491344209,
2025-09-15 03:50:15,ADAM_lr0.01,ADAM,2,MNIST,133,val_eval,1.0183873176574707,0.0009998992832316654,0.04935127491344209,
2025-09-15 03:50:15,ADAM_lr0.01,ADAM,2,MNIST,133,train_iter,1.1179511547088623,0.0009998992832316654,0.048440249326673214,1746.978998184204
2025-09-15 03:50:17,ADAM_lr0.01,ADAM,2,MNIST,134,train_eval,1.0011286735534668,0.0009998930869449237,0.048440249326673214,
2025-09-15 03:50:17,ADAM_lr0.01,ADAM,2,MNIST,134,val_eval,1.0155051946640015,0.0009998930869449237,0.048440249326673214,
2025-09-15 03:50:17,ADAM_lr0.01,ADAM,2,MNIST,134,train_iter,1.026808500289917,0.0009998930869449237,0.04776122331068006,1687.8807544708252
2025-09-15 03:50:18,ADAM_lr0.01,ADAM,2,MNIST,135,train_eval,0.9944909811019897,0.000999886705724128,0.04776122331068006,
2025-09-15 03:50:18,ADAM_lr0.01,ADAM,2,MNIST,135,val_eval,1.0133848190307617,0.000999886705724128,0.04776122331068006,
2025-09-15 03:50:18,ADAM_lr0.01,ADAM,2,MNIST,135,train_iter,1.1746654510498047,0.000999886705724128,0.04816343542150647,1357.5835227966309
2025-09-15 03:50:19,ADAM_lr0.01,ADAM,2,MNIST,136,train_eval,0.9980217218399048,0.0009998801395719012,0.04816343542150647,
2025-09-15 03:50:19,ADAM_lr0.01,ADAM,2,MNIST,136,val_eval,1.0242407321929932,0.0009998801395719012,0.04816343542150647,
2025-09-15 03:50:19,ADAM_lr0.01,ADAM,2,MNIST,136,train_iter,1.0149264335632324,0.0009998801395719012,0.04862915729431705,1330.9228420257568
2025-09-15 03:50:21,ADAM_lr0.01,ADAM,2,MNIST,137,train_eval,1.0098066329956055,0.0009998733884909424,0.04862915729431705,
2025-09-15 03:50:21,ADAM_lr0.01,ADAM,2,MNIST,137,val_eval,1.0020253658294678,0.0009998733884909424,0.04862915729431705,
2025-09-15 03:50:21,ADAM_lr0.01,ADAM,2,MNIST,137,train_iter,1.1246421337127686,0.0009998733884909424,0.04898013486460487,1348.3247756958008
2025-09-15 03:50:22,ADAM_lr0.01,ADAM,2,MNIST,138,train_eval,1.0244510173797607,0.0009998664524840269,0.04898013486460487,
2025-09-15 03:50:22,ADAM_lr0.01,ADAM,2,MNIST,138,val_eval,1.0223989486694336,0.0009998664524840269,0.04898013486460487,
2025-09-15 03:50:22,ADAM_lr0.01,ADAM,2,MNIST,138,train_iter,1.1377508640289307,0.0009998664524840269,0.048317030693208,1660.0170135498047
2025-09-15 03:50:24,ADAM_lr0.01,ADAM,2,MNIST,139,train_eval,1.0063060522079468,0.0009998593315540057,0.048317030693208,
2025-09-15 03:50:24,ADAM_lr0.01,ADAM,2,MNIST,139,val_eval,1.0242247581481934,0.0009998593315540057,0.048317030693208,
2025-09-15 03:50:24,ADAM_lr0.01,ADAM,2,MNIST,139,train_iter,0.9478354454040527,0.0009998593315540057,0.04797810071842879,1564.7399425506592
2025-09-15 03:50:25,ADAM_lr0.01,ADAM,2,MNIST,140,train_eval,1.0120244026184082,0.000999852025703806,0.04797810071842879,
2025-09-15 03:50:25,ADAM_lr0.01,ADAM,2,MNIST,140,val_eval,1.0199840068817139,0.000999852025703806,0.04797810071842879,
2025-09-15 03:50:25,ADAM_lr0.01,ADAM,2,MNIST,140,train_iter,1.0753519535064697,0.000999852025703806,0.04816500777044814,1410.3150367736816
2025-09-15 03:50:26,ADAM_lr0.01,ADAM,2,MNIST,141,train_eval,1.0002152919769287,0.0009998445349364308,0.04816500777044814,
2025-09-15 03:50:26,ADAM_lr0.01,ADAM,2,MNIST,141,val_eval,1.0103386640548706,0.0009998445349364308,0.04816500777044814,
2025-09-15 03:50:26,ADAM_lr0.01,ADAM,2,MNIST,141,train_iter,1.017486572265625,0.0009998445349364308,0.05046969483722022,987.1978759765625
2025-09-15 03:50:28,ADAM_lr0.01,ADAM,2,MNIST,142,train_eval,0.9812625050544739,0.0009998368592549595,0.05046969483722022,
2025-09-15 03:50:28,ADAM_lr0.01,ADAM,2,MNIST,142,val_eval,0.9991119503974915,0.0009998368592549595,0.05046969483722022,
2025-09-15 03:50:28,ADAM_lr0.01,ADAM,2,MNIST,142,train_iter,1.4351012706756592,0.0009998368592549595,0.049868107642887655,1581.421136856079
2025-09-15 03:50:29,ADAM_lr0.01,ADAM,2,MNIST,143,train_eval,0.993985116481781,0.000999828998662547,0.049868107642887655,
2025-09-15 03:50:29,ADAM_lr0.01,ADAM,2,MNIST,143,val_eval,0.9902188181877136,0.000999828998662547,0.049868107642887655,
2025-09-15 03:50:30,ADAM_lr0.01,ADAM,2,MNIST,143,train_iter,1.2273235321044922,0.000999828998662547,0.04815290231110296,2148.798704147339
2025-09-15 03:50:32,ADAM_lr0.01,ADAM,2,MNIST,144,train_eval,1.0029473304748535,0.000999820953162425,0.04815290231110296,
2025-09-15 03:50:32,ADAM_lr0.01,ADAM,2,MNIST,144,val_eval,1.0051802396774292,0.000999820953162425,0.04815290231110296,
2025-09-15 03:50:32,ADAM_lr0.01,ADAM,2,MNIST,144,train_iter,0.9186169505119324,0.000999820953162425,0.04750147349754344,1688.3418560028076
2025-09-15 03:50:33,ADAM_lr0.01,ADAM,2,MNIST,145,train_eval,1.0179548263549805,0.0009998127227579003,0.04750147349754344,
2025-09-15 03:50:33,ADAM_lr0.01,ADAM,2,MNIST,145,val_eval,1.0047262907028198,0.0009998127227579003,0.04750147349754344,
2025-09-15 03:50:33,ADAM_lr0.01,ADAM,2,MNIST,145,train_iter,0.9898138046264648,0.0009998127227579003,0.047441763857475075,1498.7986087799072
2025-09-15 03:50:35,ADAM_lr0.01,ADAM,2,MNIST,146,train_eval,1.006332516670227,0.000999804307452356,0.047441763857475075,
2025-09-15 03:50:35,ADAM_lr0.01,ADAM,2,MNIST,146,val_eval,1.0075688362121582,0.000999804307452356,0.047441763857475075,
2025-09-15 03:50:35,ADAM_lr0.01,ADAM,2,MNIST,146,train_iter,0.9916892051696777,0.000999804307452356,0.047858590222462874,1362.142562866211
2025-09-15 03:50:36,ADAM_lr0.01,ADAM,2,MNIST,147,train_eval,1.0035148859024048,0.0009997957072492515,0.047858590222462874,
2025-09-15 03:50:36,ADAM_lr0.01,ADAM,2,MNIST,147,val_eval,1.0137726068496704,0.0009997957072492515,0.047858590222462874,
2025-09-15 03:50:36,ADAM_lr0.01,ADAM,2,MNIST,147,train_iter,0.848122775554657,0.0009997957072492515,0.04784335654260798,1473.6058712005615
2025-09-15 03:50:38,ADAM_lr0.01,ADAM,2,MNIST,148,train_eval,1.003470540046692,0.0009997869221521221,0.04784335654260798,
2025-09-15 03:50:38,ADAM_lr0.01,ADAM,2,MNIST,148,val_eval,1.015455722808838,0.0009997869221521221,0.04784335654260798,
2025-09-15 03:50:38,ADAM_lr0.01,ADAM,2,MNIST,148,train_iter,0.854255199432373,0.0009997869221521221,0.04784901078328321,1467.6485061645508
2025-09-15 03:50:39,ADAM_lr0.01,ADAM,2,MNIST,149,train_eval,1.0164811611175537,0.0009997779521645793,0.04784901078328321,
2025-09-15 03:50:39,ADAM_lr0.01,ADAM,2,MNIST,149,val_eval,1.0025324821472168,0.0009997779521645793,0.04784901078328321,
2025-09-15 03:50:39,ADAM_lr0.01,ADAM,2,MNIST,149,train_iter,1.0647096633911133,0.0009997779521645793,0.04795344037473723,1437.8290176391602
2025-09-15 03:50:40,ADAM_lr0.01,ADAM,2,MNIST,150,train_eval,0.9880216121673584,0.0009997687972903096,0.04795344037473723,
2025-09-15 03:50:40,ADAM_lr0.01,ADAM,2,MNIST,150,val_eval,1.0200409889221191,0.0009997687972903096,0.04795344037473723,
2025-09-15 03:50:40,ADAM_lr0.01,ADAM,2,MNIST,150,train_iter,0.9723933935165405,0.0009997687972903096,0.049342481441323804,1136.73734664917
2025-09-15 03:50:42,ADAM_lr0.01,ADAM,2,MNIST,151,train_eval,0.9883389472961426,0.0009997594575330766,0.049342481441323804,
2025-09-15 03:50:42,ADAM_lr0.01,ADAM,2,MNIST,151,val_eval,0.9977466464042664,0.0009997594575330766,0.049342481441323804,
2025-09-15 03:50:42,ADAM_lr0.01,ADAM,2,MNIST,151,train_iter,0.9920219779014587,0.0009997594575330766,0.048990625283878944,1534.1379642486572
2025-09-15 03:50:43,ADAM_lr0.01,ADAM,2,MNIST,152,train_eval,1.0022079944610596,0.0009997499328967194,0.048990625283878944,
2025-09-15 03:50:43,ADAM_lr0.01,ADAM,2,MNIST,152,val_eval,0.9997138381004333,0.0009997499328967194,0.048990625283878944,
2025-09-15 03:50:43,ADAM_lr0.01,ADAM,2,MNIST,152,train_iter,1.3007186651229858,0.0009997499328967194,0.0487489232490212,1509.4432830810547
2025-09-15 03:50:44,ADAM_lr0.01,ADAM,2,MNIST,153,train_eval,1.0048511028289795,0.0009997402233851535,0.0487489232490212,
2025-09-15 03:50:44,ADAM_lr0.01,ADAM,2,MNIST,153,val_eval,1.0035457611083984,0.0009997402233851535,0.0487489232490212,
2025-09-15 03:50:44,ADAM_lr0.01,ADAM,2,MNIST,153,train_iter,0.7436830401420593,0.0009997402233851535,0.0491087593405055,1342.9582118988037
2025-09-15 03:50:45,ADAM_lr0.01,ADAM,2,MNIST,154,train_eval,0.993527352809906,0.00099973032900237,0.0491087593405055,
2025-09-15 03:50:45,ADAM_lr0.01,ADAM,2,MNIST,154,val_eval,1.007623553276062,0.00099973032900237,0.0491087593405055,
2025-09-15 03:50:45,ADAM_lr0.01,ADAM,2,MNIST,154,train_iter,1.1601241827011108,0.00099973032900237,0.05205131938054899,895.1523303985596
2025-09-15 03:50:47,ADAM_lr0.01,ADAM,2,MNIST,155,train_eval,1.0129997730255127,0.000999720249752436,0.05205131938054899,
2025-09-15 03:50:47,ADAM_lr0.01,ADAM,2,MNIST,155,val_eval,1.0253690481185913,0.000999720249752436,0.05205131938054899,
2025-09-15 03:50:47,ADAM_lr0.01,ADAM,2,MNIST,155,train_iter,0.8703789114952087,0.000999720249752436,0.05121824359789785,1607.9440116882324
2025-09-15 03:50:48,ADAM_lr0.01,ADAM,2,MNIST,156,train_eval,1.0033283233642578,0.0009997099856394946,0.05121824359789785,
2025-09-15 03:50:48,ADAM_lr0.01,ADAM,2,MNIST,156,val_eval,1.024338722229004,0.0009997099856394946,0.05121824359789785,
2025-09-15 03:50:48,ADAM_lr0.01,ADAM,2,MNIST,156,train_iter,0.9681938886642456,0.0009997099856394946,0.05228177083943756,1136.5597248077393
2025-09-15 03:50:49,ADAM_lr0.01,ADAM,2,MNIST,157,train_eval,0.9836641550064087,0.0009996995366677653,0.05228177083943756,
2025-09-15 03:50:49,ADAM_lr0.01,ADAM,2,MNIST,157,val_eval,0.9951272010803223,0.0009996995366677653,0.05228177083943756,
2025-09-15 03:50:49,ADAM_lr0.01,ADAM,2,MNIST,157,train_iter,0.9900367259979248,0.0009996995366677653,0.05499304639985853,885.4541778564453
2025-09-15 03:50:50,ADAM_lr0.01,ADAM,2,MNIST,158,train_eval,1.0222662687301636,0.000999688902841543,0.05499304639985853,
2025-09-15 03:50:50,ADAM_lr0.01,ADAM,2,MNIST,158,val_eval,1.024999737739563,0.000999688902841543,0.05499304639985853,
2025-09-15 03:50:50,ADAM_lr0.01,ADAM,2,MNIST,158,train_iter,1.0566091537475586,0.000999688902841543,0.05741660570039648,887.3081207275391
2025-09-15 03:50:51,ADAM_lr0.01,ADAM,2,MNIST,159,train_eval,0.999671459197998,0.000999678084165199,0.05741660570039648,
2025-09-15 03:50:51,ADAM_lr0.01,ADAM,2,MNIST,159,val_eval,1.0104364156723022,0.000999678084165199,0.05741660570039648,
2025-09-15 03:50:51,ADAM_lr0.01,ADAM,2,MNIST,159,train_iter,0.8945664167404175,0.000999678084165199,0.05969457542061198,876.6016960144043
2025-09-15 03:50:52,ADAM_lr0.01,ADAM,2,MNIST,160,train_eval,1.0132250785827637,0.0009996670806431804,0.05969457542061198,
2025-09-15 03:50:52,ADAM_lr0.01,ADAM,2,MNIST,160,val_eval,1.0148639678955078,0.0009996670806431804,0.05969457542061198,
2025-09-15 03:50:52,ADAM_lr0.01,ADAM,2,MNIST,160,train_iter,0.8534151911735535,0.0009996670806431804,0.061748850890967336,876.1534690856934
2025-09-15 03:50:53,ADAM_lr0.01,ADAM,2,MNIST,161,train_eval,1.0226964950561523,0.0009996558922800104,0.061748850890967336,
2025-09-15 03:50:53,ADAM_lr0.01,ADAM,2,MNIST,161,val_eval,1.0070403814315796,0.0009996558922800104,0.061748850890967336,
2025-09-15 03:50:53,ADAM_lr0.01,ADAM,2,MNIST,161,train_iter,1.0443997383117676,0.0009996558922800104,0.060313724341670295,1483.2024574279785
2025-09-15 03:50:54,ADAM_lr0.01,ADAM,2,MNIST,162,train_eval,0.9943985939025879,0.0009996445190802881,0.060313724341670295,
2025-09-15 03:50:54,ADAM_lr0.01,ADAM,2,MNIST,162,val_eval,0.9960855841636658,0.0009996445190802881,0.060313724341670295,
2025-09-15 03:50:54,ADAM_lr0.01,ADAM,2,MNIST,162,train_iter,1.0622096061706543,0.0009996445190802881,0.06050754698672542,1129.2853355407715
2025-09-15 03:50:55,ADAM_lr0.01,ADAM,2,MNIST,163,train_eval,1.0225350856781006,0.0009996329610486886,0.06050754698672542,
2025-09-15 03:50:55,ADAM_lr0.01,ADAM,2,MNIST,163,val_eval,0.9874631762504578,0.0009996329610486886,0.06050754698672542,
2025-09-15 03:50:56,ADAM_lr0.01,ADAM,2,MNIST,163,train_iter,1.0010287761688232,0.0009996329610486886,0.059307410936799455,1449.3041038513184
2025-09-15 03:50:58,ADAM_lr0.01,ADAM,2,MNIST,164,train_eval,1.0188682079315186,0.0009996212181899629,0.059307410936799455,
2025-09-15 03:50:58,ADAM_lr0.01,ADAM,2,MNIST,164,val_eval,0.9865070581436157,0.0009996212181899629,0.059307410936799455,
2025-09-15 03:50:58,ADAM_lr0.01,ADAM,2,MNIST,164,train_iter,0.8858069181442261,0.0009996212181899629,0.05592013558571276,2763.953685760498
2025-09-15 03:50:59,ADAM_lr0.01,ADAM,2,MNIST,165,train_eval,0.998904287815094,0.000999609290508938,0.05592013558571276,
2025-09-15 03:50:59,ADAM_lr0.01,ADAM,2,MNIST,165,val_eval,1.0069849491119385,0.000999609290508938,0.05592013558571276,
2025-09-15 03:50:59,ADAM_lr0.01,ADAM,2,MNIST,165,train_iter,0.8901810050010681,0.000999609290508938,0.05760573267525428,965.9793376922607
2025-09-15 03:51:00,ADAM_lr0.01,ADAM,2,MNIST,166,train_eval,1.0015232563018799,0.000999597178010517,0.05760573267525428,
2025-09-15 03:51:00,ADAM_lr0.01,ADAM,2,MNIST,166,val_eval,1.0104955434799194,0.000999597178010517,0.05760573267525428,
2025-09-15 03:51:00,ADAM_lr0.01,ADAM,2,MNIST,166,train_iter,1.3065235614776611,0.000999597178010517,0.059315556898213134,941.0505294799805
2025-09-15 03:51:02,ADAM_lr0.01,ADAM,2,MNIST,167,train_eval,1.0130726099014282,0.000999584880699679,0.059315556898213134,
2025-09-15 03:51:02,ADAM_lr0.01,ADAM,2,MNIST,167,val_eval,1.0127525329589844,0.000999584880699679,0.059315556898213134,
2025-09-15 03:51:02,ADAM_lr0.01,ADAM,2,MNIST,167,train_iter,0.9605792760848999,0.000999584880699679,0.05909945357868629,1230.0026416778564
2025-09-15 03:51:03,ADAM_lr0.01,ADAM,2,MNIST,168,train_eval,1.0027377605438232,0.0009995723985814788,0.05909945357868629,
2025-09-15 03:51:03,ADAM_lr0.01,ADAM,2,MNIST,168,val_eval,1.0037362575531006,0.0009995723985814788,0.05909945357868629,
2025-09-15 03:51:03,ADAM_lr0.01,ADAM,2,MNIST,168,train_iter,0.7506546378135681,0.0009995723985814788,0.05701088479488259,1839.6568298339844
2025-09-15 03:51:05,ADAM_lr0.01,ADAM,2,MNIST,169,train_eval,1.0048267841339111,0.0009995597316610474,0.05701088479488259,
2025-09-15 03:51:05,ADAM_lr0.01,ADAM,2,MNIST,169,val_eval,1.0023223161697388,0.0009995597316610474,0.05701088479488259,
2025-09-15 03:51:05,ADAM_lr0.01,ADAM,2,MNIST,169,train_iter,0.8963770270347595,0.0009995597316610474,0.05630125812197202,1408.4093570709229
2025-09-15 03:51:06,ADAM_lr0.01,ADAM,2,MNIST,170,train_eval,0.9972613453865051,0.0009995468799435915,0.05630125812197202,
2025-09-15 03:51:06,ADAM_lr0.01,ADAM,2,MNIST,170,val_eval,0.9955341219902039,0.0009995468799435915,0.05630125812197202,
2025-09-15 03:51:06,ADAM_lr0.01,ADAM,2,MNIST,170,train_iter,1.3962758779525757,0.0009995468799435915,0.0551424209923058,1572.258472442627
2025-09-15 03:51:08,ADAM_lr0.01,ADAM,2,MNIST,171,train_eval,1.0089232921600342,0.0009995338434343943,0.0551424209923058,
2025-09-15 03:51:08,ADAM_lr0.01,ADAM,2,MNIST,171,val_eval,0.9920265674591064,0.0009995338434343943,0.0551424209923058,
2025-09-15 03:51:08,ADAM_lr0.01,ADAM,2,MNIST,171,train_iter,0.9127931594848633,0.0009995338434343943,0.053536037983956855,1798.9444732666016
2025-09-15 03:51:09,ADAM_lr0.01,ADAM,2,MNIST,172,train_eval,0.9971252679824829,0.0009995206221388145,0.053536037983956855,
2025-09-15 03:51:09,ADAM_lr0.01,ADAM,2,MNIST,172,val_eval,0.9997169971466064,0.0009995206221388145,0.053536037983956855,
2025-09-15 03:51:09,ADAM_lr0.01,ADAM,2,MNIST,172,train_iter,0.8506827354431152,0.0009995206221388145,0.056072321482213076,891.0167217254639
2025-09-15 03:51:10,ADAM_lr0.01,ADAM,2,MNIST,173,train_eval,0.9887849688529968,0.0009995072160622865,0.056072321482213076,
2025-09-15 03:51:10,ADAM_lr0.01,ADAM,2,MNIST,173,val_eval,0.9828808307647705,0.0009995072160622865,0.056072321482213076,
2025-09-15 03:51:11,ADAM_lr0.01,ADAM,2,MNIST,173,train_iter,0.7323481440544128,0.0009995072160622865,0.05537421379699758,1432.0316314697266
2025-09-15 03:51:11,ADAM_lr0.01,ADAM,2,MNIST,174,train_eval,0.9983645677566528,0.0009994936252103218,0.05537421379699758,
2025-09-15 03:51:11,ADAM_lr0.01,ADAM,2,MNIST,174,val_eval,0.999004065990448,0.0009994936252103218,0.05537421379699758,
2025-09-15 03:51:11,ADAM_lr0.01,ADAM,2,MNIST,174,train_iter,1.2643017768859863,0.0009994936252103218,0.05759541490632365,906.0914516448975
2025-09-15 03:51:13,ADAM_lr0.01,ADAM,2,MNIST,175,train_eval,0.975542426109314,0.0009994798495885063,0.05759541490632365,
2025-09-15 03:51:13,ADAM_lr0.01,ADAM,2,MNIST,175,val_eval,0.9846488237380981,0.0009994798495885063,0.05759541490632365,
2025-09-15 03:51:13,ADAM_lr0.01,ADAM,2,MNIST,175,train_iter,0.8438462615013123,0.0009994798495885063,0.05839910374931702,1071.122169494629
2025-09-15 03:51:14,ADAM_lr0.01,ADAM,2,MNIST,176,train_eval,1.0117840766906738,0.000999465889202503,0.05839910374931702,
2025-09-15 03:51:14,ADAM_lr0.01,ADAM,2,MNIST,176,val_eval,1.001437783241272,0.000999465889202503,0.05839910374931702,
2025-09-15 03:51:14,ADAM_lr0.01,ADAM,2,MNIST,176,train_iter,0.86188143491745,0.000999465889202503,0.0574298488793208,1443.3419704437256
2025-09-15 03:51:15,ADAM_lr0.01,ADAM,2,MNIST,177,train_eval,1.0249848365783691,0.0009994517440580508,0.0574298488793208,
2025-09-15 03:51:15,ADAM_lr0.01,ADAM,2,MNIST,177,val_eval,1.0077892541885376,0.0009994517440580508,0.0574298488793208,
2025-09-15 03:51:15,ADAM_lr0.01,ADAM,2,MNIST,177,train_iter,1.2669106721878052,0.0009994517440580508,0.0569746128202457,1329.4923305511475
2025-09-15 03:51:17,ADAM_lr0.01,ADAM,2,MNIST,178,train_eval,1.0007652044296265,0.0009994374141609635,0.0569746128202457,
2025-09-15 03:51:17,ADAM_lr0.01,ADAM,2,MNIST,178,val_eval,1.015204906463623,0.0009994374141609635,0.0569746128202457,
2025-09-15 03:51:17,ADAM_lr0.01,ADAM,2,MNIST,178,train_iter,1.0347980260849,0.0009994374141609635,0.056535746696171514,1336.8630409240723
2025-09-15 03:51:18,ADAM_lr0.01,ADAM,2,MNIST,179,train_eval,0.989634096622467,0.0009994228995171322,0.056535746696171514,
2025-09-15 03:51:18,ADAM_lr0.01,ADAM,2,MNIST,179,val_eval,0.9925991892814636,0.0009994228995171322,0.056535746696171514,
2025-09-15 03:51:18,ADAM_lr0.01,ADAM,2,MNIST,179,train_iter,0.7952338457107544,0.0009994228995171322,0.05567450056782868,1466.9322967529297
2025-09-15 03:51:19,ADAM_lr0.01,ADAM,2,MNIST,180,train_eval,0.9711736440658569,0.000999408200132523,0.05567450056782868,
2025-09-15 03:51:19,ADAM_lr0.01,ADAM,2,MNIST,180,val_eval,0.9912866353988647,0.000999408200132523,0.05567450056782868,
2025-09-15 03:51:19,ADAM_lr0.01,ADAM,2,MNIST,180,train_iter,0.9969773292541504,0.000999408200132523,0.05521781547024625,1375.5321502685547
2025-09-15 03:51:21,ADAM_lr0.01,ADAM,2,MNIST,181,train_eval,0.9904701113700867,0.0009993933160131784,0.05521781547024625,
2025-09-15 03:51:21,ADAM_lr0.01,ADAM,2,MNIST,181,val_eval,1.0291228294372559,0.0009993933160131784,0.05521781547024625,
2025-09-15 03:51:21,ADAM_lr0.01,ADAM,2,MNIST,181,train_iter,0.8239957690238953,0.0009993933160131784,0.05647340732303016,1037.278175354004
2025-09-15 03:51:22,ADAM_lr0.01,ADAM,2,MNIST,182,train_eval,0.9884896874427795,0.0009993782471652167,0.05647340732303016,
2025-09-15 03:51:22,ADAM_lr0.01,ADAM,2,MNIST,182,val_eval,1.0116691589355469,0.0009993782471652167,0.05647340732303016,
2025-09-15 03:51:22,ADAM_lr0.01,ADAM,2,MNIST,182,train_iter,0.9601750373840332,0.0009993782471652167,0.05629296044583244,1285.926103591919
2025-09-15 03:51:23,ADAM_lr0.01,ADAM,2,MNIST,183,train_eval,0.977963387966156,0.0009993629935948318,0.05629296044583244,
2025-09-15 03:51:23,ADAM_lr0.01,ADAM,2,MNIST,183,val_eval,1.0236878395080566,0.0009993629935948318,0.05629296044583244,
2025-09-15 03:51:23,ADAM_lr0.01,ADAM,2,MNIST,183,train_iter,1.1387742757797241,0.0009993629935948318,0.05619925582689937,1269.9675559997559
2025-09-15 03:51:24,ADAM_lr0.01,ADAM,2,MNIST,184,train_eval,0.9974411129951477,0.0009993475553082944,0.05619925582689937,
2025-09-15 03:51:24,ADAM_lr0.01,ADAM,2,MNIST,184,val_eval,1.0212397575378418,0.0009993475553082944,0.05619925582689937,
2025-09-15 03:51:24,ADAM_lr0.01,ADAM,2,MNIST,184,train_iter,1.3094408512115479,0.0009993475553082944,0.05847629845059701,890.2177810668945
2025-09-15 03:51:25,ADAM_lr0.01,ADAM,2,MNIST,185,train_eval,1.0189824104309082,0.0009993319323119503,0.05847629845059701,
2025-09-15 03:51:25,ADAM_lr0.01,ADAM,2,MNIST,185,val_eval,1.0097920894622803,0.0009993319323119503,0.05847629845059701,
2025-09-15 03:51:25,ADAM_lr0.01,ADAM,2,MNIST,185,train_iter,1.2274775505065918,0.0009993319323119503,0.05856950999213926,1183.337688446045
2025-09-15 03:51:26,ADAM_lr0.01,ADAM,2,MNIST,186,train_eval,0.9954910278320312,0.0009993161246122217,0.05856950999213926,
2025-09-15 03:51:26,ADAM_lr0.01,ADAM,2,MNIST,186,val_eval,1.003419041633606,0.0009993161246122217,0.05856950999213926,
2025-09-15 03:51:26,ADAM_lr0.01,ADAM,2,MNIST,186,train_iter,0.9785255193710327,0.0009993161246122217,0.05943062932353356,1046.4346408843994
2025-09-15 03:51:27,ADAM_lr0.01,ADAM,2,MNIST,187,train_eval,0.9820075035095215,0.0009993001322156061,0.05943062932353356,
2025-09-15 03:51:27,ADAM_lr0.01,ADAM,2,MNIST,187,val_eval,1.0043296813964844,0.0009993001322156061,0.05943062932353356,
2025-09-15 03:51:27,ADAM_lr0.01,ADAM,2,MNIST,187,train_iter,1.307987928390503,0.0009993001322156061,0.059494666140863246,1170.2854633331299
2025-09-15 03:51:29,ADAM_lr0.01,ADAM,2,MNIST,188,train_eval,1.011303424835205,0.000999283955128678,0.059494666140863246,
2025-09-15 03:51:29,ADAM_lr0.01,ADAM,2,MNIST,188,val_eval,0.9996893405914307,0.000999283955128678,0.059494666140863246,
2025-09-15 03:51:29,ADAM_lr0.01,ADAM,2,MNIST,188,train_iter,0.9047160148620605,0.000999283955128678,0.05921606545765366,1239.673376083374
2025-09-15 03:51:30,ADAM_lr0.01,ADAM,2,MNIST,189,train_eval,1.001103162765503,0.000999267593358087,0.05921606545765366,
2025-09-15 03:51:30,ADAM_lr0.01,ADAM,2,MNIST,189,val_eval,1.000656247138977,0.000999267593358087,0.05921606545765366,
2025-09-15 03:51:30,ADAM_lr0.01,ADAM,2,MNIST,189,train_iter,0.8465230464935303,0.000999267593358087,0.060989404712690355,913.5894775390625
2025-09-15 03:51:30,ADAM_lr0.01,ADAM,2,MNIST,190,train_eval,1.0020477771759033,0.0009992510469105584,0.060989404712690355,
2025-09-15 03:51:30,ADAM_lr0.01,ADAM,2,MNIST,190,val_eval,1.0071932077407837,0.0009992510469105584,0.060989404712690355,
2025-09-15 03:51:31,ADAM_lr0.01,ADAM,2,MNIST,190,train_iter,1.1810805797576904,0.0009992510469105584,0.06201088683818861,987.3039722442627
2025-09-15 03:51:31,ADAM_lr0.01,ADAM,2,MNIST,191,train_eval,1.0121104717254639,0.000999234315792894,0.06201088683818861,
2025-09-15 03:51:31,ADAM_lr0.01,ADAM,2,MNIST,191,val_eval,1.0176897048950195,0.000999234315792894,0.06201088683818861,
2025-09-15 03:51:31,ADAM_lr0.01,ADAM,2,MNIST,191,train_iter,1.0773346424102783,0.000999234315792894,0.0637660121605896,883.5887908935547
2025-09-15 03:51:32,ADAM_lr0.01,ADAM,2,MNIST,192,train_eval,1.0187314748764038,0.0009992174000119718,0.0637660121605896,
2025-09-15 03:51:32,ADAM_lr0.01,ADAM,2,MNIST,192,val_eval,1.0275850296020508,0.0009992174000119718,0.0637660121605896,
2025-09-15 03:51:32,ADAM_lr0.01,ADAM,2,MNIST,192,train_iter,0.9762147665023804,0.0009992174000119718,0.06532613884505091,885.7581615447998
2025-09-15 03:51:33,ADAM_lr0.01,ADAM,2,MNIST,193,train_eval,1.0012751817703247,0.0009992002995747448,0.06532613884505091,
2025-09-15 03:51:33,ADAM_lr0.01,ADAM,2,MNIST,193,val_eval,1.0218219757080078,0.0009992002995747448,0.06532613884505091,
2025-09-15 03:51:33,ADAM_lr0.01,ADAM,2,MNIST,193,train_iter,0.8687984347343445,0.0009992002995747448,0.06677140990602864,881.1886310577393
2025-09-15 03:51:34,ADAM_lr0.01,ADAM,2,MNIST,194,train_eval,1.0043777227401733,0.0009991830144882423,0.06677140990602864,
2025-09-15 03:51:34,ADAM_lr0.01,ADAM,2,MNIST,194,val_eval,1.0063163042068481,0.0009991830144882423,0.06677140990602864,
2025-09-15 03:51:34,ADAM_lr0.01,ADAM,2,MNIST,194,train_iter,0.8988777995109558,0.0009991830144882423,0.06806684739815373,881.7751407623291
2025-09-15 03:51:35,ADAM_lr0.01,ADAM,2,MNIST,195,train_eval,1.0002245903015137,0.0009991655447595697,0.06806684739815373,
2025-09-15 03:51:35,ADAM_lr0.01,ADAM,2,MNIST,195,val_eval,1.0104358196258545,0.0009991655447595697,0.06806684739815373,
2025-09-15 03:51:35,ADAM_lr0.01,ADAM,2,MNIST,195,train_iter,1.0269417762756348,0.0009991655447595697,0.06914746882784936,891.3083076477051
2025-09-15 03:51:36,ADAM_lr0.01,ADAM,2,MNIST,196,train_eval,1.0138797760009766,0.0009991478903959082,0.06914746882784936,
2025-09-15 03:51:36,ADAM_lr0.01,ADAM,2,MNIST,196,val_eval,1.000187873840332,0.0009991478903959082,0.06914746882784936,
2025-09-15 03:51:36,ADAM_lr0.01,ADAM,2,MNIST,196,train_iter,1.0705866813659668,0.0009991478903959082,0.07016235506380487,886.5506649017334
2025-09-15 03:51:37,ADAM_lr0.01,ADAM,2,MNIST,197,train_eval,0.999370813369751,0.0009991300514045147,0.07016235506380487,
2025-09-15 03:51:37,ADAM_lr0.01,ADAM,2,MNIST,197,val_eval,0.9916064739227295,0.0009991300514045147,0.07016235506380487,
2025-09-15 03:51:37,ADAM_lr0.01,ADAM,2,MNIST,197,train_iter,0.7600973844528198,0.0009991300514045147,0.07110229706781103,883.5928440093994
2025-09-15 03:51:38,ADAM_lr0.01,ADAM,2,MNIST,198,train_eval,0.9852633476257324,0.0009991120277927223,0.07110229706781103,
2025-09-15 03:51:38,ADAM_lr0.01,ADAM,2,MNIST,198,val_eval,1.005341649055481,0.0009991120277927223,0.07110229706781103,
2025-09-15 03:51:38,ADAM_lr0.01,ADAM,2,MNIST,198,train_iter,0.9287335276603699,0.0009991120277927223,0.07194189540323384,884.29856300354
2025-09-15 03:51:38,ADAM_lr0.01,ADAM,2,MNIST,199,train_eval,0.9814940094947815,0.0009990938195679395,0.07194189540323384,
2025-09-15 03:51:38,ADAM_lr0.01,ADAM,2,MNIST,199,val_eval,1.017958402633667,0.0009990938195679395,0.07194189540323384,
2025-09-15 03:51:38,ADAM_lr0.01,ADAM,2,MNIST,199,train_iter,1.1793415546417236,0.0009990938195679395,0.07262670818059652,892.2476768493652
2025-09-15 03:51:39,ADAM_lr0.01,ADAM,2,MNIST,200,train_eval,0.9612637162208557,0.0009990754267376514,0.07262670818059652,
2025-09-15 03:51:39,ADAM_lr0.01,ADAM,2,MNIST,200,val_eval,0.994234561920166,0.0009990754267376514,0.07262670818059652,
2025-09-15 03:54:43,ADAM_lr0.01,ADAM,2,MNIST,200,train_iter,0.9495427012443542,0.0009990754267376514,0.0654020681654897,184850.72541236877
2025-09-15 03:54:55,ADAMW_lr0.0003,ADAMW,2,MNIST,0,train_eval,4.741975784301758,9.900990099009901e-06,,
2025-09-15 03:54:55,ADAMW_lr0.0003,ADAMW,2,MNIST,0,val_eval,4.739541530609131,9.900990099009901e-06,,
2025-09-15 03:55:58,ADAMW_lr0.0003,ADAMW,2,MNIST,0,train_iter,4.819905757904053,9.900990099009901e-06,,65344.05183792114
2025-09-15 03:55:59,ADAMW_lr0.0003,ADAMW,2,MNIST,1,train_eval,3.64689564704895,1.9801980198019803e-05,,
2025-09-15 03:55:59,ADAMW_lr0.0003,ADAMW,2,MNIST,1,val_eval,3.6468234062194824,1.9801980198019803e-05,,
2025-09-15 03:55:59,ADAMW_lr0.0003,ADAMW,2,MNIST,1,train_iter,3.9237284660339355,1.9801980198019803e-05,,1399.266242980957
2025-09-15 03:56:00,ADAMW_lr0.0003,ADAMW,2,MNIST,2,train_eval,2.3303091526031494,2.9702970297029702e-05,,
2025-09-15 03:56:00,ADAMW_lr0.0003,ADAMW,2,MNIST,2,val_eval,2.344357490539551,2.9702970297029702e-05,,
2025-09-15 03:56:01,ADAMW_lr0.0003,ADAMW,2,MNIST,2,train_iter,2.735084056854248,2.9702970297029702e-05,,1542.0584678649902
2025-09-15 03:56:02,ADAMW_lr0.0003,ADAMW,2,MNIST,3,train_eval,1.700776219367981,3.9603960396039605e-05,,
2025-09-15 03:56:02,ADAMW_lr0.0003,ADAMW,2,MNIST,3,val_eval,1.7274497747421265,3.9603960396039605e-05,,
2025-09-15 03:56:02,ADAMW_lr0.0003,ADAMW,2,MNIST,3,train_iter,2.1940736770629883,3.9603960396039605e-05,,1316.5614604949951
2025-09-15 03:56:03,ADAMW_lr0.0003,ADAMW,2,MNIST,4,train_eval,1.5076998472213745,4.950495049504951e-05,,
2025-09-15 03:56:03,ADAMW_lr0.0003,ADAMW,2,MNIST,4,val_eval,1.4862980842590332,4.950495049504951e-05,,
2025-09-15 03:56:04,ADAMW_lr0.0003,ADAMW,2,MNIST,4,train_iter,1.4762532711029053,4.950495049504951e-05,,1485.2659702301025
2025-09-15 03:56:05,ADAMW_lr0.0003,ADAMW,2,MNIST,5,train_eval,1.4581631422042847,5.9405940594059404e-05,,
2025-09-15 03:56:05,ADAMW_lr0.0003,ADAMW,2,MNIST,5,val_eval,1.4291720390319824,5.9405940594059404e-05,,
2025-09-15 03:56:05,ADAMW_lr0.0003,ADAMW,2,MNIST,5,train_iter,1.638803243637085,5.9405940594059404e-05,0.043134130540016885,1629.8048496246338
2025-09-15 03:56:06,ADAMW_lr0.0003,ADAMW,2,MNIST,6,train_eval,1.4301031827926636,6.930693069306931e-05,0.043134130540016885,
2025-09-15 03:56:06,ADAMW_lr0.0003,ADAMW,2,MNIST,6,val_eval,1.4348663091659546,6.930693069306931e-05,0.043134130540016885,
2025-09-15 03:56:06,ADAMW_lr0.0003,ADAMW,2,MNIST,6,train_iter,1.4587736129760742,6.930693069306931e-05,0.04464892333121259,1206.2067985534668
2025-09-15 03:56:07,ADAMW_lr0.0003,ADAMW,2,MNIST,7,train_eval,1.327561616897583,7.920792079207921e-05,0.04464892333121259,
2025-09-15 03:56:07,ADAMW_lr0.0003,ADAMW,2,MNIST,7,val_eval,1.3344273567199707,7.920792079207921e-05,0.04464892333121259,
2025-09-15 03:56:08,ADAMW_lr0.0003,ADAMW,2,MNIST,7,train_iter,1.3455575704574585,7.920792079207921e-05,0.044395833704978134,1669.1241264343262
2025-09-15 03:56:09,ADAMW_lr0.0003,ADAMW,2,MNIST,8,train_eval,1.3228055238723755,8.910891089108912e-05,0.044395833704978134,
2025-09-15 03:56:09,ADAMW_lr0.0003,ADAMW,2,MNIST,8,val_eval,1.3130840063095093,8.910891089108912e-05,0.044395833704978134,
2025-09-15 03:56:10,ADAMW_lr0.0003,ADAMW,2,MNIST,8,train_iter,1.3761625289916992,8.910891089108912e-05,0.04422992499244065,1644.9594497680664
2025-09-15 03:56:11,ADAMW_lr0.0003,ADAMW,2,MNIST,9,train_eval,1.2394909858703613,9.900990099009902e-05,0.04422992499244065,
2025-09-15 03:56:11,ADAMW_lr0.0003,ADAMW,2,MNIST,9,val_eval,1.2354868650436401,9.900990099009902e-05,0.04422992499244065,
2025-09-15 03:56:11,ADAMW_lr0.0003,ADAMW,2,MNIST,9,train_iter,1.2915172576904297,9.900990099009902e-05,0.04424248535775509,1584.925651550293
2025-09-15 03:56:12,ADAMW_lr0.0003,ADAMW,2,MNIST,10,train_eval,1.1409374475479126,0.0001089108910891089,0.04424248535775509,
2025-09-15 03:56:12,ADAMW_lr0.0003,ADAMW,2,MNIST,10,val_eval,1.1891050338745117,0.0001089108910891089,0.04424248535775509,
2025-09-15 03:56:13,ADAMW_lr0.0003,ADAMW,2,MNIST,10,train_iter,1.0720107555389404,0.0001089108910891089,0.04430565072454125,1566.6086673736572
2025-09-15 03:56:14,ADAMW_lr0.0003,ADAMW,2,MNIST,11,train_eval,1.1994948387145996,0.00011881188118811881,0.04430565072454125,
2025-09-15 03:56:14,ADAMW_lr0.0003,ADAMW,2,MNIST,11,val_eval,1.2075868844985962,0.00011881188118811881,0.04430565072454125,
2025-09-15 03:56:14,ADAMW_lr0.0003,ADAMW,2,MNIST,11,train_iter,1.3244717121124268,0.00011881188118811881,0.04758231878587272,912.132978439331
2025-09-15 03:56:15,ADAMW_lr0.0003,ADAMW,2,MNIST,12,train_eval,1.1419678926467896,0.00012871287128712872,0.04758231878587272,
2025-09-15 03:56:15,ADAMW_lr0.0003,ADAMW,2,MNIST,12,val_eval,1.1508444547653198,0.00012871287128712872,0.04758231878587272,
2025-09-15 03:56:15,ADAMW_lr0.0003,ADAMW,2,MNIST,12,train_iter,1.1049941778182983,0.00012871287128712872,0.04853517543010217,1230.9424877166748
2025-09-15 03:56:16,ADAMW_lr0.0003,ADAMW,2,MNIST,13,train_eval,1.287969946861267,0.00013861386138613863,0.04853517543010217,
2025-09-15 03:56:16,ADAMW_lr0.0003,ADAMW,2,MNIST,13,val_eval,1.298304557800293,0.00013861386138613863,0.04853517543010217,
2025-09-15 03:56:16,ADAMW_lr0.0003,ADAMW,2,MNIST,13,train_iter,1.583634614944458,0.00013861386138613863,0.05125830556778761,927.8538227081299
2025-09-15 03:56:17,ADAMW_lr0.0003,ADAMW,2,MNIST,14,train_eval,1.2726929187774658,0.0001485148514851485,0.05125830556778761,
2025-09-15 03:56:17,ADAMW_lr0.0003,ADAMW,2,MNIST,14,val_eval,1.2632768154144287,0.0001485148514851485,0.05125830556778761,
2025-09-15 03:56:17,ADAMW_lr0.0003,ADAMW,2,MNIST,14,train_iter,1.2595502138137817,0.0001485148514851485,0.05402539512593355,890.674352645874
2025-09-15 03:56:18,ADAMW_lr0.0003,ADAMW,2,MNIST,15,train_eval,1.1392531394958496,0.00015841584158415842,0.05402539512593355,
2025-09-15 03:56:18,ADAMW_lr0.0003,ADAMW,2,MNIST,15,val_eval,1.1302412748336792,0.00015841584158415842,0.05402539512593355,
2025-09-15 03:56:18,ADAMW_lr0.0003,ADAMW,2,MNIST,15,train_iter,1.190038800239563,0.00015841584158415842,0.05380262096532441,1357.208490371704
2025-09-15 03:56:19,ADAMW_lr0.0003,ADAMW,2,MNIST,16,train_eval,1.1615387201309204,0.00016831683168316833,0.05380262096532441,
2025-09-15 03:56:19,ADAMW_lr0.0003,ADAMW,2,MNIST,16,val_eval,1.1505405902862549,0.00016831683168316833,0.05380262096532441,
2025-09-15 03:56:19,ADAMW_lr0.0003,ADAMW,2,MNIST,16,train_iter,1.2323331832885742,0.00016831683168316833,0.05610518456710984,915.0307178497314
2025-09-15 03:56:20,ADAMW_lr0.0003,ADAMW,2,MNIST,17,train_eval,1.1171945333480835,0.00017821782178217824,0.05610518456710984,
2025-09-15 03:56:20,ADAMW_lr0.0003,ADAMW,2,MNIST,17,val_eval,1.1276695728302002,0.00017821782178217824,0.05610518456710984,
2025-09-15 03:56:21,ADAMW_lr0.0003,ADAMW,2,MNIST,17,train_iter,1.2060863971710205,0.00017821782178217824,0.0556798976597566,1355.7777404785156
2025-09-15 03:56:21,ADAMW_lr0.0003,ADAMW,2,MNIST,18,train_eval,1.1102230548858643,0.00018811881188118812,0.0556798976597566,
2025-09-15 03:56:21,ADAMW_lr0.0003,ADAMW,2,MNIST,18,val_eval,1.1193864345550537,0.00018811881188118812,0.0556798976597566,
2025-09-15 03:56:22,ADAMW_lr0.0003,ADAMW,2,MNIST,18,train_iter,1.082342267036438,0.00018811881188118812,0.05525470412831184,1366.9648170471191
2025-09-15 03:56:23,ADAMW_lr0.0003,ADAMW,2,MNIST,19,train_eval,1.0919697284698486,0.00019801980198019803,0.05525470412831184,
2025-09-15 03:56:23,ADAMW_lr0.0003,ADAMW,2,MNIST,19,val_eval,1.1309551000595093,0.00019801980198019803,0.05525470412831184,
2025-09-15 03:56:23,ADAMW_lr0.0003,ADAMW,2,MNIST,19,train_iter,1.024228811264038,0.00019801980198019803,0.05754119775803998,899.9044895172119
2025-09-15 03:56:24,ADAMW_lr0.0003,ADAMW,2,MNIST,20,train_eval,1.0892287492752075,0.00020792079207920794,0.05754119775803998,
2025-09-15 03:56:24,ADAMW_lr0.0003,ADAMW,2,MNIST,20,val_eval,1.1241273880004883,0.00020792079207920794,0.05754119775803998,
2025-09-15 03:56:24,ADAMW_lr0.0003,ADAMW,2,MNIST,20,train_iter,1.1073555946350098,0.00020792079207920794,0.05966273420278471,892.6267623901367
2025-09-15 03:56:25,ADAMW_lr0.0003,ADAMW,2,MNIST,21,train_eval,1.0804892778396606,0.0002178217821782178,0.05966273420278471,
2025-09-15 03:56:25,ADAMW_lr0.0003,ADAMW,2,MNIST,21,val_eval,1.1142390966415405,0.0002178217821782178,0.05966273420278471,
2025-09-15 03:56:25,ADAMW_lr0.0003,ADAMW,2,MNIST,21,train_iter,1.0818798542022705,0.0002178217821782178,0.058855763102965655,1362.5915050506592
2025-09-15 03:56:26,ADAMW_lr0.0003,ADAMW,2,MNIST,22,train_eval,1.0758063793182373,0.0002277227722772277,0.058855763102965655,
2025-09-15 03:56:26,ADAMW_lr0.0003,ADAMW,2,MNIST,22,val_eval,1.106956958770752,0.0002277227722772277,0.058855763102965655,
2025-09-15 03:56:27,ADAMW_lr0.0003,ADAMW,2,MNIST,22,train_iter,1.0798135995864868,0.0002277227722772277,0.057287064262503774,1628.4968852996826
2025-09-15 03:56:28,ADAMW_lr0.0003,ADAMW,2,MNIST,23,train_eval,1.0770870447158813,0.00023762376237623762,0.057287064262503774,
2025-09-15 03:56:28,ADAMW_lr0.0003,ADAMW,2,MNIST,23,val_eval,1.1090359687805176,0.00023762376237623762,0.057287064262503774,
2025-09-15 03:56:28,ADAMW_lr0.0003,ADAMW,2,MNIST,23,train_iter,1.0856406688690186,0.00023762376237623762,0.0587172818471894,981.9941520690918
2025-09-15 03:56:29,ADAMW_lr0.0003,ADAMW,2,MNIST,24,train_eval,1.0637884140014648,0.00024752475247524753,0.0587172818471894,
2025-09-15 03:56:29,ADAMW_lr0.0003,ADAMW,2,MNIST,24,val_eval,1.1010278463363647,0.00024752475247524753,0.0587172818471894,
2025-09-15 03:56:29,ADAMW_lr0.0003,ADAMW,2,MNIST,24,train_iter,0.9525701403617859,0.00024752475247524753,0.05711182853676357,1647.8126049041748
2025-09-15 03:56:30,ADAMW_lr0.0003,ADAMW,2,MNIST,25,train_eval,1.1131925582885742,0.00025742574257425744,0.05711182853676357,
2025-09-15 03:56:30,ADAMW_lr0.0003,ADAMW,2,MNIST,25,val_eval,1.1054359674453735,0.00025742574257425744,0.05711182853676357,
2025-09-15 03:56:30,ADAMW_lr0.0003,ADAMW,2,MNIST,25,train_iter,1.315185546875,0.00025742574257425744,0.05868369037807988,965.2585983276367
2025-09-15 03:56:31,ADAMW_lr0.0003,ADAMW,2,MNIST,26,train_eval,1.1014513969421387,0.00026732673267326735,0.05868369037807988,
2025-09-15 03:56:31,ADAMW_lr0.0003,ADAMW,2,MNIST,26,val_eval,1.1198055744171143,0.00026732673267326735,0.05868369037807988,
2025-09-15 03:56:31,ADAMW_lr0.0003,ADAMW,2,MNIST,26,train_iter,1.3500282764434814,0.00026732673267326735,0.06030172704756446,939.0382766723633
2025-09-15 03:56:32,ADAMW_lr0.0003,ADAMW,2,MNIST,27,train_eval,1.0790296792984009,0.00027722772277227726,0.06030172704756446,
2025-09-15 03:56:32,ADAMW_lr0.0003,ADAMW,2,MNIST,27,val_eval,1.087667465209961,0.00027722772277227726,0.06030172704756446,
2025-09-15 03:56:33,ADAMW_lr0.0003,ADAMW,2,MNIST,27,train_iter,1.3738220930099487,0.00027722772277227726,0.05950139902373159,1344.212293624878
2025-09-15 03:56:33,ADAMW_lr0.0003,ADAMW,2,MNIST,28,train_eval,1.107530117034912,0.00028712871287128717,0.05950139902373159,
2025-09-15 03:56:33,ADAMW_lr0.0003,ADAMW,2,MNIST,28,val_eval,1.112892746925354,0.00028712871287128717,0.05950139902373159,
2025-09-15 03:56:33,ADAMW_lr0.0003,ADAMW,2,MNIST,28,train_iter,1.1936683654785156,0.00028712871287128717,0.061073739621416843,934.535026550293
2025-09-15 03:56:34,ADAMW_lr0.0003,ADAMW,2,MNIST,29,train_eval,1.103044033050537,0.000297029702970297,0.061073739621416843,
2025-09-15 03:56:34,ADAMW_lr0.0003,ADAMW,2,MNIST,29,val_eval,1.1047759056091309,0.000297029702970297,0.061073739621416843,
2025-09-15 03:56:34,ADAMW_lr0.0003,ADAMW,2,MNIST,29,train_iter,1.1104803085327148,0.000297029702970297,0.06277536910735303,900.2456665039062
2025-09-15 03:56:35,ADAMW_lr0.0003,ADAMW,2,MNIST,30,train_eval,1.0691889524459839,0.00030693069306930693,0.06277536910735303,
2025-09-15 03:56:35,ADAMW_lr0.0003,ADAMW,2,MNIST,30,val_eval,1.0811095237731934,0.00030693069306930693,0.06277536910735303,
2025-09-15 03:56:36,ADAMW_lr0.0003,ADAMW,2,MNIST,30,train_iter,1.2801833152770996,0.00030693069306930693,0.06197438033784486,1283.6592197418213
2025-09-15 03:56:37,ADAMW_lr0.0003,ADAMW,2,MNIST,31,train_eval,1.0868386030197144,0.00031683168316831684,0.06197438033784486,
2025-09-15 03:56:37,ADAMW_lr0.0003,ADAMW,2,MNIST,31,val_eval,1.0888125896453857,0.00031683168316831684,0.06197438033784486,
2025-09-15 03:56:37,ADAMW_lr0.0003,ADAMW,2,MNIST,31,train_iter,1.1347756385803223,0.00031683168316831684,0.06342192472021706,919.5601940155029
2025-09-15 03:56:37,ADAMW_lr0.0003,ADAMW,2,MNIST,32,train_eval,1.0920270681381226,0.00032673267326732675,0.06342192472021706,
2025-09-15 03:56:37,ADAMW_lr0.0003,ADAMW,2,MNIST,32,val_eval,1.089840054512024,0.00032673267326732675,0.06342192472021706,
2025-09-15 03:56:37,ADAMW_lr0.0003,ADAMW,2,MNIST,32,train_iter,1.1046322584152222,0.00032673267326732675,0.06478778942554704,912.0354652404785
2025-09-15 03:56:38,ADAMW_lr0.0003,ADAMW,2,MNIST,33,train_eval,1.0650660991668701,0.00033663366336633666,0.06478778942554704,
2025-09-15 03:56:38,ADAMW_lr0.0003,ADAMW,2,MNIST,33,val_eval,1.0745433568954468,0.00033663366336633666,0.06478778942554704,
2025-09-15 03:56:39,ADAMW_lr0.0003,ADAMW,2,MNIST,33,train_iter,1.1148755550384521,0.00033663366336633666,0.06328528308015674,1412.7082824707031
2025-09-15 03:56:40,ADAMW_lr0.0003,ADAMW,2,MNIST,34,train_eval,1.0450334548950195,0.00034653465346534657,0.06328528308015674,
2025-09-15 03:56:40,ADAMW_lr0.0003,ADAMW,2,MNIST,34,val_eval,1.0412062406539917,0.00034653465346534657,0.06328528308015674,
2025-09-15 03:56:40,ADAMW_lr0.0003,ADAMW,2,MNIST,34,train_iter,1.006934404373169,0.00034653465346534657,0.06238458002752347,1295.1819896697998
2025-09-15 03:56:41,ADAMW_lr0.0003,ADAMW,2,MNIST,35,train_eval,1.0652333498001099,0.0003564356435643565,0.06238458002752347,
2025-09-15 03:56:41,ADAMW_lr0.0003,ADAMW,2,MNIST,35,val_eval,1.064600944519043,0.0003564356435643565,0.06238458002752347,
2025-09-15 03:56:41,ADAMW_lr0.0003,ADAMW,2,MNIST,35,train_iter,0.9137406349182129,0.0003564356435643565,0.06403521559800651,891.106367111206
2025-09-15 03:56:42,ADAMW_lr0.0003,ADAMW,2,MNIST,36,train_eval,1.047900915145874,0.00036633663366336634,0.06403521559800651,
2025-09-15 03:56:42,ADAMW_lr0.0003,ADAMW,2,MNIST,36,val_eval,1.0547775030136108,0.00036633663366336634,0.06403521559800651,
2025-09-15 03:56:42,ADAMW_lr0.0003,ADAMW,2,MNIST,36,train_iter,0.8086711168289185,0.00036633663366336634,0.06557442312483146,885.0889205932617
2025-09-15 03:56:43,ADAMW_lr0.0003,ADAMW,2,MNIST,37,train_eval,1.0532361268997192,0.00037623762376237625,0.06557442312483146,
2025-09-15 03:56:43,ADAMW_lr0.0003,ADAMW,2,MNIST,37,val_eval,1.0360157489776611,0.00037623762376237625,0.06557442312483146,
2025-09-15 03:56:43,ADAMW_lr0.0003,ADAMW,2,MNIST,37,train_iter,1.1058143377304077,0.00037623762376237625,0.06443678668332549,1297.0983982086182
2025-09-15 03:56:45,ADAMW_lr0.0003,ADAMW,2,MNIST,38,train_eval,1.0589841604232788,0.00038613861386138616,0.06443678668332549,
2025-09-15 03:56:45,ADAMW_lr0.0003,ADAMW,2,MNIST,38,val_eval,1.0536909103393555,0.00038613861386138616,0.06443678668332549,
2025-09-15 03:56:45,ADAMW_lr0.0003,ADAMW,2,MNIST,38,train_iter,0.875288188457489,0.00038613861386138616,0.0635983995103295,1254.1759014129639
2025-09-15 03:56:45,ADAMW_lr0.0003,ADAMW,2,MNIST,39,train_eval,1.0470519065856934,0.00039603960396039607,0.0635983995103295,
2025-09-15 03:56:45,ADAMW_lr0.0003,ADAMW,2,MNIST,39,val_eval,1.0376909971237183,0.00039603960396039607,0.0635983995103295,
2025-09-15 03:56:45,ADAMW_lr0.0003,ADAMW,2,MNIST,39,train_iter,0.933936595916748,0.00039603960396039607,0.0651422124948722,889.4648551940918
2025-09-15 03:56:46,ADAMW_lr0.0003,ADAMW,2,MNIST,40,train_eval,1.0478460788726807,0.000405940594059406,0.0651422124948722,
2025-09-15 03:56:46,ADAMW_lr0.0003,ADAMW,2,MNIST,40,val_eval,1.0123745203018188,0.000405940594059406,0.0651422124948722,
2025-09-15 03:56:47,ADAMW_lr0.0003,ADAMW,2,MNIST,40,train_iter,0.7860504984855652,0.000405940594059406,0.0636321309238265,1404.8411846160889
2025-09-15 03:56:48,ADAMW_lr0.0003,ADAMW,2,MNIST,41,train_eval,1.0390057563781738,0.0004158415841584159,0.0636321309238265,
2025-09-15 03:56:48,ADAMW_lr0.0003,ADAMW,2,MNIST,41,val_eval,1.0317360162734985,0.0004158415841584159,0.0636321309238265,
2025-09-15 03:56:48,ADAMW_lr0.0003,ADAMW,2,MNIST,41,train_iter,0.8279935717582703,0.0004158415841584159,0.06505812184074328,902.534008026123
2025-09-15 03:56:49,ADAMW_lr0.0003,ADAMW,2,MNIST,42,train_eval,1.0564963817596436,0.0004257425742574258,0.06505812184074328,
2025-09-15 03:56:49,ADAMW_lr0.0003,ADAMW,2,MNIST,42,val_eval,1.0737121105194092,0.0004257425742574258,0.06505812184074328,
2025-09-15 03:56:49,ADAMW_lr0.0003,ADAMW,2,MNIST,42,train_iter,1.1820833683013916,0.0004257425742574258,0.06630999316221516,906.2011241912842
2025-09-15 03:56:50,ADAMW_lr0.0003,ADAMW,2,MNIST,43,train_eval,1.0291532278060913,0.0004356435643564356,0.06630999316221516,
2025-09-15 03:56:50,ADAMW_lr0.0003,ADAMW,2,MNIST,43,val_eval,1.019271731376648,0.0004356435643564356,0.06630999316221516,
2025-09-15 03:56:50,ADAMW_lr0.0003,ADAMW,2,MNIST,43,train_iter,0.9416751861572266,0.0004356435643564356,0.06744818125385187,904.8593044281006
2025-09-15 03:56:50,ADAMW_lr0.0003,ADAMW,2,MNIST,44,train_eval,1.0479871034622192,0.0004455445544554455,0.06744818125385187,
2025-09-15 03:56:50,ADAMW_lr0.0003,ADAMW,2,MNIST,44,val_eval,1.0349488258361816,0.0004455445544554455,0.06744818125385187,
2025-09-15 03:56:50,ADAMW_lr0.0003,ADAMW,2,MNIST,44,train_iter,1.0187500715255737,0.0004455445544554455,0.06852687649631874,898.576021194458
2025-09-15 03:56:51,ADAMW_lr0.0003,ADAMW,2,MNIST,45,train_eval,1.0694360733032227,0.0004554455445544554,0.06852687649631874,
2025-09-15 03:56:51,ADAMW_lr0.0003,ADAMW,2,MNIST,45,val_eval,1.049221396446228,0.0004554455445544554,0.06852687649631874,
2025-09-15 03:56:51,ADAMW_lr0.0003,ADAMW,2,MNIST,45,train_iter,1.1738159656524658,0.0004554455445544554,0.0695057459274036,897.6531028747559
2025-09-15 03:56:52,ADAMW_lr0.0003,ADAMW,2,MNIST,46,train_eval,1.0333385467529297,0.0004653465346534653,0.0695057459274036,
2025-09-15 03:56:52,ADAMW_lr0.0003,ADAMW,2,MNIST,46,val_eval,1.030854344367981,0.0004653465346534653,0.0695057459274036,
2025-09-15 03:56:52,ADAMW_lr0.0003,ADAMW,2,MNIST,46,train_iter,0.8668593764305115,0.0004653465346534653,0.07042231100608036,893.5930728912354
2025-09-15 03:56:53,ADAMW_lr0.0003,ADAMW,2,MNIST,47,train_eval,1.030027985572815,0.00047524752475247524,0.07042231100608036,
2025-09-15 03:56:53,ADAMW_lr0.0003,ADAMW,2,MNIST,47,val_eval,1.0510064363479614,0.00047524752475247524,0.07042231100608036,
2025-09-15 03:56:53,ADAMW_lr0.0003,ADAMW,2,MNIST,47,train_iter,0.9567636847496033,0.00047524752475247524,0.07126257656067259,891.8521404266357
2025-09-15 03:56:54,ADAMW_lr0.0003,ADAMW,2,MNIST,48,train_eval,1.0317392349243164,0.00048514851485148515,0.07126257656067259,
2025-09-15 03:56:54,ADAMW_lr0.0003,ADAMW,2,MNIST,48,val_eval,1.0252702236175537,0.00048514851485148515,0.07126257656067259,
2025-09-15 03:56:54,ADAMW_lr0.0003,ADAMW,2,MNIST,48,train_iter,1.3379440307617188,0.00048514851485148515,0.07199938228784811,894.0563201904297
2025-09-15 03:56:55,ADAMW_lr0.0003,ADAMW,2,MNIST,49,train_eval,1.0172981023788452,0.0004950495049504951,0.07199938228784811,
2025-09-15 03:56:55,ADAMW_lr0.0003,ADAMW,2,MNIST,49,val_eval,1.014935851097107,0.0004950495049504951,0.07199938228784811,
2025-09-15 03:56:55,ADAMW_lr0.0003,ADAMW,2,MNIST,49,train_iter,1.2820453643798828,0.0004950495049504951,0.07264321774599572,896.2550163269043
2025-09-15 03:56:56,ADAMW_lr0.0003,ADAMW,2,MNIST,50,train_eval,1.0146576166152954,0.000504950495049505,0.07264321774599572,
2025-09-15 03:56:56,ADAMW_lr0.0003,ADAMW,2,MNIST,50,val_eval,1.042570948600769,0.000504950495049505,0.07264321774599572,
2025-09-15 03:56:56,ADAMW_lr0.0003,ADAMW,2,MNIST,50,train_iter,0.9428672194480896,0.000504950495049505,0.07326230516090593,891.7489051818848
2025-09-15 03:56:57,ADAMW_lr0.0003,ADAMW,2,MNIST,51,train_eval,1.0299723148345947,0.0005148514851485149,0.07326230516090593,
2025-09-15 03:56:57,ADAMW_lr0.0003,ADAMW,2,MNIST,51,val_eval,1.052547812461853,0.0005148514851485149,0.07326230516090593,
2025-09-15 03:56:57,ADAMW_lr0.0003,ADAMW,2,MNIST,51,train_iter,1.1922848224639893,0.0005148514851485149,0.07383482617357491,890.0167942047119
2025-09-15 03:56:58,ADAMW_lr0.0003,ADAMW,2,MNIST,52,train_eval,1.0486345291137695,0.0005247524752475248,0.07383482617357491,
2025-09-15 03:56:58,ADAMW_lr0.0003,ADAMW,2,MNIST,52,val_eval,1.0410923957824707,0.0005247524752475248,0.07383482617357491,
2025-09-15 03:56:58,ADAMW_lr0.0003,ADAMW,2,MNIST,52,train_iter,0.6245628595352173,0.0005247524752475248,0.07433398139806098,891.8361663818359
2025-09-15 03:56:58,ADAMW_lr0.0003,ADAMW,2,MNIST,53,train_eval,1.036145806312561,0.0005346534653465347,0.07433398139806098,
2025-09-15 03:56:58,ADAMW_lr0.0003,ADAMW,2,MNIST,53,val_eval,1.0499262809753418,0.0005346534653465347,0.07433398139806098,
2025-09-15 03:56:58,ADAMW_lr0.0003,ADAMW,2,MNIST,53,train_iter,1.2412527799606323,0.0005346534653465347,0.07472155873694232,898.8676071166992
2025-09-15 03:56:59,ADAMW_lr0.0003,ADAMW,2,MNIST,54,train_eval,1.0284227132797241,0.0005445544554455446,0.07472155873694232,
2025-09-15 03:56:59,ADAMW_lr0.0003,ADAMW,2,MNIST,54,val_eval,1.0483406782150269,0.0005445544554455446,0.07472155873694232,
2025-09-15 03:56:59,ADAMW_lr0.0003,ADAMW,2,MNIST,54,train_iter,0.9489924311637878,0.0005445544554455446,0.07503443826643866,903.0172824859619
2025-09-15 03:57:00,ADAMW_lr0.0003,ADAMW,2,MNIST,55,train_eval,1.032966136932373,0.0005544554455445545,0.07503443826643866,
2025-09-15 03:57:00,ADAMW_lr0.0003,ADAMW,2,MNIST,55,val_eval,1.0300955772399902,0.0005544554455445545,0.07503443826643866,
2025-09-15 03:57:00,ADAMW_lr0.0003,ADAMW,2,MNIST,55,train_iter,0.8676545023918152,0.0005544554455445545,0.07537758601203008,895.9331512451172
2025-09-15 03:57:01,ADAMW_lr0.0003,ADAMW,2,MNIST,56,train_eval,1.0445986986160278,0.0005643564356435644,0.07537758601203008,
2025-09-15 03:57:01,ADAMW_lr0.0003,ADAMW,2,MNIST,56,val_eval,1.0214532613754272,0.0005643564356435644,0.07537758601203008,
2025-09-15 03:57:01,ADAMW_lr0.0003,ADAMW,2,MNIST,56,train_iter,1.0200138092041016,0.0005643564356435644,0.07573305178100735,890.6400203704834
2025-09-15 03:57:02,ADAMW_lr0.0003,ADAMW,2,MNIST,57,train_eval,1.035656452178955,0.0005742574257425743,0.07573305178100735,
2025-09-15 03:57:02,ADAMW_lr0.0003,ADAMW,2,MNIST,57,val_eval,1.0285252332687378,0.0005742574257425743,0.07573305178100735,
2025-09-15 03:57:02,ADAMW_lr0.0003,ADAMW,2,MNIST,57,train_iter,1.1760247945785522,0.0005742574257425743,0.07607033328161675,888.6852264404297
2025-09-15 03:57:03,ADAMW_lr0.0003,ADAMW,2,MNIST,58,train_eval,1.0156280994415283,0.0005841584158415842,0.07607033328161675,
2025-09-15 03:57:03,ADAMW_lr0.0003,ADAMW,2,MNIST,58,val_eval,1.010404109954834,0.0005841584158415842,0.07607033328161675,
2025-09-15 03:57:03,ADAMW_lr0.0003,ADAMW,2,MNIST,58,train_iter,1.0834147930145264,0.0005841584158415842,0.07346959259063951,1404.2370319366455
2025-09-15 03:57:04,ADAMW_lr0.0003,ADAMW,2,MNIST,59,train_eval,1.0090491771697998,0.000594059405940594,0.07346959259063951,
2025-09-15 03:57:04,ADAMW_lr0.0003,ADAMW,2,MNIST,59,val_eval,1.0215401649475098,0.000594059405940594,0.07346959259063951,
2025-09-15 03:57:04,ADAMW_lr0.0003,ADAMW,2,MNIST,59,train_iter,1.035759449005127,0.000594059405940594,0.07367404625629026,930.9544563293457
2025-09-15 03:57:05,ADAMW_lr0.0003,ADAMW,2,MNIST,60,train_eval,1.0176494121551514,0.000603960396039604,0.07367404625629026,
2025-09-15 03:57:05,ADAMW_lr0.0003,ADAMW,2,MNIST,60,val_eval,1.0290931463241577,0.000603960396039604,0.07367404625629026,
2025-09-15 03:57:05,ADAMW_lr0.0003,ADAMW,2,MNIST,60,train_iter,1.057725429534912,0.000603960396039604,0.07416878041257588,894.1614627838135
2025-09-15 03:57:06,ADAMW_lr0.0003,ADAMW,2,MNIST,61,train_eval,1.0166915655136108,0.0006138613861386139,0.07416878041257588,
2025-09-15 03:57:06,ADAMW_lr0.0003,ADAMW,2,MNIST,61,val_eval,1.0137219429016113,0.0006138613861386139,0.07416878041257588,
2025-09-15 03:57:06,ADAMW_lr0.0003,ADAMW,2,MNIST,61,train_iter,1.0297414064407349,0.0006138613861386139,0.07456907721069504,899.3046283721924
2025-09-15 03:57:07,ADAMW_lr0.0003,ADAMW,2,MNIST,62,train_eval,1.0195953845977783,0.0006237623762376238,0.07456907721069504,
2025-09-15 03:57:07,ADAMW_lr0.0003,ADAMW,2,MNIST,62,val_eval,1.0144180059432983,0.0006237623762376238,0.07456907721069504,
2025-09-15 03:57:07,ADAMW_lr0.0003,ADAMW,2,MNIST,62,train_iter,1.0529296398162842,0.0006237623762376238,0.07490027898774705,902.6608467102051
2025-09-15 03:57:08,ADAMW_lr0.0003,ADAMW,2,MNIST,63,train_eval,1.0218532085418701,0.0006336633663366337,0.07490027898774705,
2025-09-15 03:57:08,ADAMW_lr0.0003,ADAMW,2,MNIST,63,val_eval,1.043017864227295,0.0006336633663366337,0.07490027898774705,
2025-09-15 03:57:08,ADAMW_lr0.0003,ADAMW,2,MNIST,63,train_iter,0.6331433057785034,0.0006336633663366337,0.07529630423766805,891.4499282836914
2025-09-15 03:57:10,ADAMW_lr0.0003,ADAMW,2,MNIST,64,train_eval,1.0319249629974365,0.0006435643564356436,0.07529630423766805,
2025-09-15 03:57:10,ADAMW_lr0.0003,ADAMW,2,MNIST,64,val_eval,1.0570383071899414,0.0006435643564356436,0.07529630423766805,
2025-09-15 03:57:10,ADAMW_lr0.0003,ADAMW,2,MNIST,64,train_iter,0.9550232887268066,0.0006435643564356436,0.07189805264859969,1701.6162872314453
2025-09-15 03:57:12,ADAMW_lr0.0003,ADAMW,2,MNIST,65,train_eval,1.0395139455795288,0.0006534653465346535,0.07189805264859969,
2025-09-15 03:57:12,ADAMW_lr0.0003,ADAMW,2,MNIST,65,val_eval,1.053076982498169,0.0006534653465346535,0.07189805264859969,
2025-09-15 03:57:12,ADAMW_lr0.0003,ADAMW,2,MNIST,65,train_iter,0.9331992864608765,0.0006534653465346535,0.068464484395419,1871.5596199035645
2025-09-15 03:57:13,ADAMW_lr0.0003,ADAMW,2,MNIST,66,train_eval,1.0562881231307983,0.0006633663366336634,0.068464484395419,
2025-09-15 03:57:13,ADAMW_lr0.0003,ADAMW,2,MNIST,66,val_eval,1.0633496046066284,0.0006633663366336634,0.068464484395419,
2025-09-15 03:57:13,ADAMW_lr0.0003,ADAMW,2,MNIST,66,train_iter,1.1679046154022217,0.0006633663366336634,0.06762390480743545,1170.525312423706
2025-09-15 03:57:14,ADAMW_lr0.0003,ADAMW,2,MNIST,67,train_eval,1.0256558656692505,0.0006732673267326733,0.06762390480743545,
2025-09-15 03:57:14,ADAMW_lr0.0003,ADAMW,2,MNIST,67,val_eval,1.0277403593063354,0.0006732673267326733,0.06762390480743545,
2025-09-15 03:57:14,ADAMW_lr0.0003,ADAMW,2,MNIST,67,train_iter,1.2268989086151123,0.0006732673267326733,0.06555435354167966,1498.0316162109375
2025-09-15 03:57:16,ADAMW_lr0.0003,ADAMW,2,MNIST,68,train_eval,1.0211310386657715,0.0006831683168316832,0.06555435354167966,
2025-09-15 03:57:16,ADAMW_lr0.0003,ADAMW,2,MNIST,68,val_eval,1.0130341053009033,0.0006831683168316832,0.06555435354167966,
2025-09-15 03:57:16,ADAMW_lr0.0003,ADAMW,2,MNIST,68,train_iter,0.8355060815811157,0.0006831683168316832,0.06426888465566773,1333.9784145355225
2025-09-15 03:57:17,ADAMW_lr0.0003,ADAMW,2,MNIST,69,train_eval,1.0384266376495361,0.0006930693069306931,0.06426888465566773,
2025-09-15 03:57:17,ADAMW_lr0.0003,ADAMW,2,MNIST,69,val_eval,1.0381979942321777,0.0006930693069306931,0.06426888465566773,
2025-09-15 03:57:17,ADAMW_lr0.0003,ADAMW,2,MNIST,69,train_iter,1.155906319618225,0.0006930693069306931,0.06432198330214481,1084.8820209503174
2025-09-15 03:57:18,ADAMW_lr0.0003,ADAMW,2,MNIST,70,train_eval,1.0058951377868652,0.000702970297029703,0.06432198330214481,
2025-09-15 03:57:18,ADAMW_lr0.0003,ADAMW,2,MNIST,70,val_eval,1.016814112663269,0.000702970297029703,0.06432198330214481,
2025-09-15 03:57:18,ADAMW_lr0.0003,ADAMW,2,MNIST,70,train_iter,0.9909863471984863,0.000702970297029703,0.0618464869395445,1776.7376899719238
2025-09-15 03:57:20,ADAMW_lr0.0003,ADAMW,2,MNIST,71,train_eval,1.0294370651245117,0.000712871287128713,0.0618464869395445,
2025-09-15 03:57:20,ADAMW_lr0.0003,ADAMW,2,MNIST,71,val_eval,1.0224251747131348,0.000712871287128713,0.0618464869395445,
2025-09-15 03:57:20,ADAMW_lr0.0003,ADAMW,2,MNIST,71,train_iter,0.9317545890808105,0.000712871287128713,0.06014157824236173,1569.2923069000244
2025-09-15 03:57:21,ADAMW_lr0.0003,ADAMW,2,MNIST,72,train_eval,1.015026569366455,0.0007227722772277228,0.06014157824236173,
2025-09-15 03:57:21,ADAMW_lr0.0003,ADAMW,2,MNIST,72,val_eval,1.0094152688980103,0.0007227722772277228,0.06014157824236173,
2025-09-15 03:57:22,ADAMW_lr0.0003,ADAMW,2,MNIST,72,train_iter,0.9947948455810547,0.0007227722772277228,0.057585698581139724,2032.8097343444824
2025-09-15 03:57:24,ADAMW_lr0.0003,ADAMW,2,MNIST,73,train_eval,1.0206362009048462,0.0007326732673267327,0.057585698581139724,
2025-09-15 03:57:24,ADAMW_lr0.0003,ADAMW,2,MNIST,73,val_eval,1.0115829706192017,0.0007326732673267327,0.057585698581139724,
2025-09-15 03:57:24,ADAMW_lr0.0003,ADAMW,2,MNIST,73,train_iter,0.7588838338851929,0.0007326732673267327,0.05605598381542923,1662.393569946289
2025-09-15 03:57:25,ADAMW_lr0.0003,ADAMW,2,MNIST,74,train_eval,1.0326625108718872,0.0007425742574257426,0.05605598381542923,
2025-09-15 03:57:25,ADAMW_lr0.0003,ADAMW,2,MNIST,74,val_eval,1.025383472442627,0.0007425742574257426,0.05605598381542923,
2025-09-15 03:57:25,ADAMW_lr0.0003,ADAMW,2,MNIST,74,train_iter,0.9036846160888672,0.0007425742574257426,0.05452253995117407,1726.3641357421875
2025-09-15 03:57:27,ADAMW_lr0.0003,ADAMW,2,MNIST,75,train_eval,1.0187814235687256,0.0007524752475247525,0.05452253995117407,
2025-09-15 03:57:27,ADAMW_lr0.0003,ADAMW,2,MNIST,75,val_eval,1.0278164148330688,0.0007524752475247525,0.05452253995117407,
2025-09-15 03:57:27,ADAMW_lr0.0003,ADAMW,2,MNIST,75,train_iter,1.089837908744812,0.0007524752475247525,0.05343263901842197,1611.520528793335
2025-09-15 03:57:29,ADAMW_lr0.0003,ADAMW,2,MNIST,76,train_eval,1.0167115926742554,0.0007623762376237624,0.05343263901842197,
2025-09-15 03:57:29,ADAMW_lr0.0003,ADAMW,2,MNIST,76,val_eval,1.0397233963012695,0.0007623762376237624,0.05343263901842197,
2025-09-15 03:57:29,ADAMW_lr0.0003,ADAMW,2,MNIST,76,train_iter,1.0456809997558594,0.0007623762376237624,0.05260354012838355,1557.3248863220215
2025-09-15 03:57:30,ADAMW_lr0.0003,ADAMW,2,MNIST,77,train_eval,1.023053765296936,0.0007722772277227723,0.05260354012838355,
2025-09-15 03:57:30,ADAMW_lr0.0003,ADAMW,2,MNIST,77,val_eval,1.0311130285263062,0.0007722772277227723,0.05260354012838355,
2025-09-15 03:57:30,ADAMW_lr0.0003,ADAMW,2,MNIST,77,train_iter,1.1290700435638428,0.0007722772277227723,0.051517350584044504,1684.1745376586914
2025-09-15 03:57:31,ADAMW_lr0.0003,ADAMW,2,MNIST,78,train_eval,1.0205656290054321,0.0007821782178217822,0.051517350584044504,
2025-09-15 03:57:31,ADAMW_lr0.0003,ADAMW,2,MNIST,78,val_eval,1.0047518014907837,0.0007821782178217822,0.051517350584044504,
2025-09-15 03:57:32,ADAMW_lr0.0003,ADAMW,2,MNIST,78,train_iter,1.1690644025802612,0.0007821782178217822,0.050530772706267255,1687.8166198730469
2025-09-15 03:57:33,ADAMW_lr0.0003,ADAMW,2,MNIST,79,train_eval,1.0075592994689941,0.0007920792079207921,0.050530772706267255,
2025-09-15 03:57:33,ADAMW_lr0.0003,ADAMW,2,MNIST,79,val_eval,1.0330849885940552,0.0007920792079207921,0.050530772706267255,
2025-09-15 03:57:33,ADAMW_lr0.0003,ADAMW,2,MNIST,79,train_iter,0.9838749766349792,0.0007920792079207921,0.05055613807127517,1384.286880493164
2025-09-15 03:57:35,ADAMW_lr0.0003,ADAMW,2,MNIST,80,train_eval,0.9994243383407593,0.000801980198019802,0.05055613807127517,
2025-09-15 03:57:35,ADAMW_lr0.0003,ADAMW,2,MNIST,80,val_eval,1.023827314376831,0.000801980198019802,0.05055613807127517,
2025-09-15 03:57:35,ADAMW_lr0.0003,ADAMW,2,MNIST,80,train_iter,1.2793052196502686,0.000801980198019802,0.051302082287821925,1211.747169494629
2025-09-15 03:57:36,ADAMW_lr0.0003,ADAMW,2,MNIST,81,train_eval,1.0044171810150146,0.000811881188118812,0.051302082287821925,
2025-09-15 03:57:36,ADAMW_lr0.0003,ADAMW,2,MNIST,81,val_eval,1.0215229988098145,0.000811881188118812,0.051302082287821925,
2025-09-15 03:57:36,ADAMW_lr0.0003,ADAMW,2,MNIST,81,train_iter,1.1075040102005005,0.000811881188118812,0.05254851235583406,1102.4651527404785
2025-09-15 03:57:37,ADAMW_lr0.0003,ADAMW,2,MNIST,82,train_eval,1.009657859802246,0.0008217821782178219,0.05254851235583406,
2025-09-15 03:57:37,ADAMW_lr0.0003,ADAMW,2,MNIST,82,val_eval,0.9999465346336365,0.0008217821782178219,0.05254851235583406,
2025-09-15 03:57:37,ADAMW_lr0.0003,ADAMW,2,MNIST,82,train_iter,1.1809682846069336,0.0008217821782178219,0.05129911972803489,1755.110263824463
2025-09-15 03:57:38,ADAMW_lr0.0003,ADAMW,2,MNIST,83,train_eval,1.0209228992462158,0.0008316831683168318,0.05129911972803489,
2025-09-15 03:57:38,ADAMW_lr0.0003,ADAMW,2,MNIST,83,val_eval,1.0076613426208496,0.0008316831683168318,0.05129911972803489,
2025-09-15 03:57:38,ADAMW_lr0.0003,ADAMW,2,MNIST,83,train_iter,1.1907048225402832,0.0008316831683168318,0.05397613536787407,900.4850387573242
2025-09-15 03:57:39,ADAMW_lr0.0003,ADAMW,2,MNIST,84,train_eval,0.9998318552970886,0.0008415841584158417,0.05397613536787407,
2025-09-15 03:57:39,ADAMW_lr0.0003,ADAMW,2,MNIST,84,val_eval,1.0215338468551636,0.0008415841584158417,0.05397613536787407,
2025-09-15 03:57:39,ADAMW_lr0.0003,ADAMW,2,MNIST,84,train_iter,1.044050693511963,0.0008415841584158417,0.056502808107793664,887.1488571166992
2025-09-15 03:57:40,ADAMW_lr0.0003,ADAMW,2,MNIST,85,train_eval,1.0316250324249268,0.0008514851485148516,0.056502808107793664,
2025-09-15 03:57:40,ADAMW_lr0.0003,ADAMW,2,MNIST,85,val_eval,1.0274972915649414,0.0008514851485148516,0.056502808107793664,
2025-09-15 03:57:40,ADAMW_lr0.0003,ADAMW,2,MNIST,85,train_iter,1.020369052886963,0.0008514851485148516,0.05876840196287639,888.0915641784668
2025-09-15 03:57:41,ADAMW_lr0.0003,ADAMW,2,MNIST,86,train_eval,1.032554268836975,0.0008613861386138615,0.05876840196287639,
2025-09-15 03:57:41,ADAMW_lr0.0003,ADAMW,2,MNIST,86,val_eval,1.0170469284057617,0.0008613861386138615,0.05876840196287639,
2025-09-15 03:57:41,ADAMW_lr0.0003,ADAMW,2,MNIST,86,train_iter,0.9965984225273132,0.0008613861386138615,0.0608649724224325,881.6831111907959
2025-09-15 03:57:42,ADAMW_lr0.0003,ADAMW,2,MNIST,87,train_eval,1.035789132118225,0.0008712871287128712,0.0608649724224325,
2025-09-15 03:57:42,ADAMW_lr0.0003,ADAMW,2,MNIST,87,val_eval,1.020653486251831,0.0008712871287128712,0.0608649724224325,
2025-09-15 03:57:42,ADAMW_lr0.0003,ADAMW,2,MNIST,87,train_iter,1.0198594331741333,0.0008712871287128712,0.06147277340168534,1050.1506328582764
2025-09-15 03:57:43,ADAMW_lr0.0003,ADAMW,2,MNIST,88,train_eval,1.0100270509719849,0.0008811881188118811,0.06147277340168534,
2025-09-15 03:57:43,ADAMW_lr0.0003,ADAMW,2,MNIST,88,val_eval,1.0473213195800781,0.0008811881188118811,0.06147277340168534,
2025-09-15 03:57:43,ADAMW_lr0.0003,ADAMW,2,MNIST,88,train_iter,0.9783166646957397,0.0008811881188118811,0.06028436378723919,1417.6666736602783
2025-09-15 03:57:45,ADAMW_lr0.0003,ADAMW,2,MNIST,89,train_eval,1.007561445236206,0.000891089108910891,0.06028436378723919,
2025-09-15 03:57:45,ADAMW_lr0.0003,ADAMW,2,MNIST,89,val_eval,1.0220550298690796,0.000891089108910891,0.06028436378723919,
2025-09-15 03:57:45,ADAMW_lr0.0003,ADAMW,2,MNIST,89,train_iter,1.061391830444336,0.000891089108910891,0.058399724694661405,1696.516752243042
2025-09-15 03:57:46,ADAMW_lr0.0003,ADAMW,2,MNIST,90,train_eval,0.9894221425056458,0.0009009900990099009,0.058399724694661405,
2025-09-15 03:57:46,ADAMW_lr0.0003,ADAMW,2,MNIST,90,val_eval,1.0124778747558594,0.0009009900990099009,0.058399724694661405,
2025-09-15 03:57:46,ADAMW_lr0.0003,ADAMW,2,MNIST,90,train_iter,0.9289070963859558,0.0009009900990099009,0.05834504406854941,1215.1541709899902
2025-09-15 03:57:48,ADAMW_lr0.0003,ADAMW,2,MNIST,91,train_eval,0.9978779554367065,0.0009108910891089108,0.05834504406854941,
2025-09-15 03:57:48,ADAMW_lr0.0003,ADAMW,2,MNIST,91,val_eval,1.0133109092712402,0.0009108910891089108,0.05834504406854941,
2025-09-15 03:57:48,ADAMW_lr0.0003,ADAMW,2,MNIST,91,train_iter,0.93865966796875,0.0009108910891089108,0.05715294868419719,1514.3046379089355
2025-09-15 03:57:49,ADAMW_lr0.0003,ADAMW,2,MNIST,92,train_eval,1.0245997905731201,0.0009207920792079207,0.05715294868419719,
2025-09-15 03:57:49,ADAMW_lr0.0003,ADAMW,2,MNIST,92,val_eval,1.0210604667663574,0.0009207920792079207,0.05715294868419719,
2025-09-15 03:57:49,ADAMW_lr0.0003,ADAMW,2,MNIST,92,train_iter,1.1742204427719116,0.0009207920792079207,0.05612345597493795,1500.2813339233398
2025-09-15 03:57:51,ADAMW_lr0.0003,ADAMW,2,MNIST,93,train_eval,1.0216147899627686,0.0009306930693069307,0.05612345597493795,
2025-09-15 03:57:51,ADAMW_lr0.0003,ADAMW,2,MNIST,93,val_eval,0.9974017143249512,0.0009306930693069307,0.05612345597493795,
2025-09-15 03:57:52,ADAMW_lr0.0003,ADAMW,2,MNIST,93,train_iter,1.0227621793746948,0.0009306930693069307,0.053776259572974855,2153.047561645508
2025-09-15 03:57:52,ADAMW_lr0.0003,ADAMW,2,MNIST,94,train_eval,1.016370177268982,0.0009405940594059406,0.053776259572974855,
2025-09-15 03:57:52,ADAMW_lr0.0003,ADAMW,2,MNIST,94,val_eval,1.0423009395599365,0.0009405940594059406,0.053776259572974855,
2025-09-15 03:57:52,ADAMW_lr0.0003,ADAMW,2,MNIST,94,train_iter,1.165653944015503,0.0009405940594059406,0.05606503153390527,916.9914722442627
2025-09-15 03:57:54,ADAMW_lr0.0003,ADAMW,2,MNIST,95,train_eval,1.0144991874694824,0.0009504950495049505,0.05606503153390527,
2025-09-15 03:57:54,ADAMW_lr0.0003,ADAMW,2,MNIST,95,val_eval,1.0037906169891357,0.0009504950495049505,0.05606503153390527,
2025-09-15 03:57:54,ADAMW_lr0.0003,ADAMW,2,MNIST,95,train_iter,1.0584144592285156,0.0009504950495049505,0.056867815540422355,1096.8492031097412
2025-09-15 03:57:55,ADAMW_lr0.0003,ADAMW,2,MNIST,96,train_eval,1.0224970579147339,0.0009603960396039604,0.056867815540422355,
2025-09-15 03:57:55,ADAMW_lr0.0003,ADAMW,2,MNIST,96,val_eval,1.0262855291366577,0.0009603960396039604,0.056867815540422355,
2025-09-15 03:57:55,ADAMW_lr0.0003,ADAMW,2,MNIST,96,train_iter,0.8231903910636902,0.0009603960396039604,0.05609070039161976,1431.8735599517822
2025-09-15 03:57:56,ADAMW_lr0.0003,ADAMW,2,MNIST,97,train_eval,0.987274169921875,0.0009702970297029703,0.05609070039161976,
2025-09-15 03:57:56,ADAMW_lr0.0003,ADAMW,2,MNIST,97,val_eval,1.011427879333496,0.0009702970297029703,0.05609070039161976,
2025-09-15 03:57:56,ADAMW_lr0.0003,ADAMW,2,MNIST,97,train_iter,0.9975860118865967,0.0009702970297029703,0.05515434177671824,1504.4844150543213
2025-09-15 03:57:58,ADAMW_lr0.0003,ADAMW,2,MNIST,98,train_eval,0.9973083734512329,0.0009801980198019802,0.05515434177671824,
2025-09-15 03:57:58,ADAMW_lr0.0003,ADAMW,2,MNIST,98,val_eval,1.0042006969451904,0.0009801980198019802,0.05515434177671824,
2025-09-15 03:57:58,ADAMW_lr0.0003,ADAMW,2,MNIST,98,train_iter,0.8913113474845886,0.0009801980198019802,0.056127009249390764,1083.5251808166504
2025-09-15 03:57:59,ADAMW_lr0.0003,ADAMW,2,MNIST,99,train_eval,1.0074658393859863,0.0009900990099009901,0.056127009249390764,
2025-09-15 03:57:59,ADAMW_lr0.0003,ADAMW,2,MNIST,99,val_eval,1.0180530548095703,0.0009900990099009901,0.056127009249390764,
2025-09-15 03:57:59,ADAMW_lr0.0003,ADAMW,2,MNIST,99,train_iter,1.1460204124450684,0.0009900990099009901,0.05538032272833468,1444.718599319458
2025-09-15 03:58:01,ADAMW_lr0.0003,ADAMW,2,MNIST,100,train_eval,1.005159616470337,0.001,0.05538032272833468,
2025-09-15 03:58:01,ADAMW_lr0.0003,ADAMW,2,MNIST,100,val_eval,1.016883134841919,0.001,0.05538032272833468,
2025-09-15 04:00:56,ADAMW_lr0.0003,ADAMW,2,MNIST,100,train_iter,1.0785455703735352,0.001,0.04988203008026395,176902.0607471466
2025-09-15 04:00:57,ADAMW_lr0.0003,ADAMW,2,MNIST,101,train_eval,0.9987534284591675,0.000999999907510999,0.04988203008026395,
2025-09-15 04:00:57,ADAMW_lr0.0003,ADAMW,2,MNIST,101,val_eval,1.030778408050537,0.000999999907510999,0.04988203008026395,
2025-09-15 04:00:57,ADAMW_lr0.0003,ADAMW,2,MNIST,101,train_iter,0.7161194682121277,0.000999999907510999,0.05270115984095569,900.4383087158203
2025-09-15 04:00:58,ADAMW_lr0.0003,ADAMW,2,MNIST,102,train_eval,1.0136622190475464,0.000999999630044034,0.05270115984095569,
2025-09-15 04:00:58,ADAMW_lr0.0003,ADAMW,2,MNIST,102,val_eval,1.0122257471084595,0.000999999630044034,0.05270115984095569,
2025-09-15 04:00:58,ADAMW_lr0.0003,ADAMW,2,MNIST,102,train_iter,1.0140552520751953,0.000999999630044034,0.05529250347839061,894.2387104034424
2025-09-15 04:00:59,ADAMW_lr0.0003,ADAMW,2,MNIST,103,train_eval,0.9987330436706543,0.0009999991675992191,0.05529250347839061,
2025-09-15 04:00:59,ADAMW_lr0.0003,ADAMW,2,MNIST,103,val_eval,1.0108859539031982,0.0009999991675992191,0.05529250347839061,
2025-09-15 04:00:59,ADAMW_lr0.0003,ADAMW,2,MNIST,103,train_iter,0.9875180125236511,0.0009999991675992191,0.05762480497685374,894.2282199859619
2025-09-15 04:01:00,ADAMW_lr0.0003,ADAMW,2,MNIST,104,train_eval,1.0163525342941284,0.0009999985201767443,0.05762480497685374,
2025-09-15 04:01:00,ADAMW_lr0.0003,ADAMW,2,MNIST,104,val_eval,1.020362377166748,0.0009999985201767443,0.05762480497685374,
2025-09-15 04:01:00,ADAMW_lr0.0003,ADAMW,2,MNIST,104,train_iter,1.4761403799057007,0.0009999985201767443,0.05892166690164249,995.8465099334717
2025-09-15 04:01:01,ADAMW_lr0.0003,ADAMW,2,MNIST,105,train_eval,1.0100921392440796,0.000999997687776876,0.05892166690164249,
2025-09-15 04:01:01,ADAMW_lr0.0003,ADAMW,2,MNIST,105,val_eval,0.9997828602790833,0.000999997687776876,0.05892166690164249,
2025-09-15 04:01:01,ADAMW_lr0.0003,ADAMW,2,MNIST,105,train_iter,1.2714433670043945,0.000999997687776876,0.06044558270617411,947.9427337646484
2025-09-15 04:01:01,ADAMW_lr0.0003,ADAMW,2,MNIST,106,train_eval,1.0085604190826416,0.0009999966703999558,0.06044558270617411,
2025-09-15 04:01:01,ADAMW_lr0.0003,ADAMW,2,MNIST,106,val_eval,1.031788945198059,0.0009999966703999558,0.06044558270617411,
2025-09-15 04:01:01,ADAMW_lr0.0003,ADAMW,2,MNIST,106,train_iter,1.1192481517791748,0.0009999966703999558,0.06228555930479626,891.6215896606445
2025-09-15 04:01:02,ADAMW_lr0.0003,ADAMW,2,MNIST,107,train_eval,0.9989867210388184,0.0009999954680464025,0.06228555930479626,
2025-09-15 04:01:02,ADAMW_lr0.0003,ADAMW,2,MNIST,107,val_eval,1.042778491973877,0.0009999954680464025,0.06228555930479626,
2025-09-15 04:01:02,ADAMW_lr0.0003,ADAMW,2,MNIST,107,train_iter,0.9341003894805908,0.0009999954680464025,0.06358862814123308,933.4003925323486
2025-09-15 04:01:03,ADAMW_lr0.0003,ADAMW,2,MNIST,108,train_eval,1.0164281129837036,0.00099999408071671,0.06358862814123308,
2025-09-15 04:01:03,ADAMW_lr0.0003,ADAMW,2,MNIST,108,val_eval,1.0154447555541992,0.00099999408071671,0.06358862814123308,
2025-09-15 04:01:03,ADAMW_lr0.0003,ADAMW,2,MNIST,108,train_iter,1.102403998374939,0.00099999408071671,0.06516361451200156,886.0795497894287
2025-09-15 04:01:04,ADAMW_lr0.0003,ADAMW,2,MNIST,109,train_eval,1.0005933046340942,0.0009999925084114485,0.06516361451200156,
2025-09-15 04:01:04,ADAMW_lr0.0003,ADAMW,2,MNIST,109,val_eval,1.0100840330123901,0.0009999925084114485,0.06516361451200156,
2025-09-15 04:01:04,ADAMW_lr0.0003,ADAMW,2,MNIST,109,train_iter,1.0549273490905762,0.0009999925084114485,0.06655748109198271,888.7255191802979
2025-09-15 04:01:05,ADAMW_lr0.0003,ADAMW,2,MNIST,110,train_eval,1.0093181133270264,0.0009999907511312647,0.06655748109198271,
2025-09-15 04:01:05,ADAMW_lr0.0003,ADAMW,2,MNIST,110,val_eval,1.0215332508087158,0.0009999907511312647,0.06655748109198271,
2025-09-15 04:01:05,ADAMW_lr0.0003,ADAMW,2,MNIST,110,train_iter,0.9925137758255005,0.0009999907511312647,0.06784325768402458,885.2231502532959
2025-09-15 04:01:06,ADAMW_lr0.0003,ADAMW,2,MNIST,111,train_eval,0.9846272468566895,0.0009999888088768807,0.06784325768402458,
2025-09-15 04:01:06,ADAMW_lr0.0003,ADAMW,2,MNIST,111,val_eval,0.9989228844642639,0.0009999888088768807,0.06784325768402458,
2025-09-15 04:01:06,ADAMW_lr0.0003,ADAMW,2,MNIST,111,train_iter,0.7551519274711609,0.0009999888088768807,0.06897102144761953,888.5164260864258
2025-09-15 04:01:07,ADAMW_lr0.0003,ADAMW,2,MNIST,112,train_eval,0.9755143523216248,0.000999986681649095,0.06897102144761953,
2025-09-15 04:01:07,ADAMW_lr0.0003,ADAMW,2,MNIST,112,val_eval,1.0118170976638794,0.000999986681649095,0.06897102144761953,
2025-09-15 04:01:07,ADAMW_lr0.0003,ADAMW,2,MNIST,112,train_iter,0.9183276891708374,0.000999986681649095,0.06963489792455206,929.776668548584
2025-09-15 04:01:08,ADAMW_lr0.0003,ADAMW,2,MNIST,113,train_eval,0.9997478723526001,0.0009999843694487819,0.06963489792455206,
2025-09-15 04:01:08,ADAMW_lr0.0003,ADAMW,2,MNIST,113,val_eval,1.0264683961868286,0.0009999843694487819,0.06963489792455206,
2025-09-15 04:01:08,ADAMW_lr0.0003,ADAMW,2,MNIST,113,train_iter,0.7433380484580994,0.0009999843694487819,0.06823140491060206,1264.3930912017822
2025-09-15 04:01:09,ADAMW_lr0.0003,ADAMW,2,MNIST,114,train_eval,1.0033183097839355,0.000999981872276892,0.06823140491060206,
2025-09-15 04:01:09,ADAMW_lr0.0003,ADAMW,2,MNIST,114,val_eval,1.0142048597335815,0.000999981872276892,0.06823140491060206,
2025-09-15 04:01:09,ADAMW_lr0.0003,ADAMW,2,MNIST,114,train_iter,1.3015432357788086,0.000999981872276892,0.06937032852467004,882.9395771026611
2025-09-15 04:01:10,ADAMW_lr0.0003,ADAMW,2,MNIST,115,train_eval,1.0054643154144287,0.0009999791901344516,0.06937032852467004,
2025-09-15 04:01:10,ADAMW_lr0.0003,ADAMW,2,MNIST,115,val_eval,1.015101432800293,0.0009999791901344516,0.06937032852467004,
2025-09-15 04:01:10,ADAMW_lr0.0003,ADAMW,2,MNIST,115,train_iter,0.749058723449707,0.0009999791901344516,0.07039501579510671,882.9777240753174
2025-09-15 04:01:11,ADAMW_lr0.0003,ADAMW,2,MNIST,116,train_eval,0.9849787950515747,0.0009999763230225634,0.07039501579510671,
2025-09-15 04:01:11,ADAMW_lr0.0003,ADAMW,2,MNIST,116,val_eval,1.0259219408035278,0.0009999763230225634,0.07039501579510671,
2025-09-15 04:01:11,ADAMW_lr0.0003,ADAMW,2,MNIST,116,train_iter,1.1914818286895752,0.0009999763230225634,0.07134675258334662,879.716157913208
2025-09-15 04:01:12,ADAMW_lr0.0003,ADAMW,2,MNIST,117,train_eval,1.0231165885925293,0.0009999732709424058,0.07134675258334662,
2025-09-15 04:01:12,ADAMW_lr0.0003,ADAMW,2,MNIST,117,val_eval,1.0055631399154663,0.0009999732709424058,0.07134675258334662,
2025-09-15 04:01:12,ADAMW_lr0.0003,ADAMW,2,MNIST,117,train_iter,1.0411319732666016,0.0009999732709424058,0.07223654403210415,876.0733604431152
2025-09-15 04:01:12,ADAMW_lr0.0003,ADAMW,2,MNIST,118,train_eval,1.006990909576416,0.0009999700338952336,0.07223654403210415,
2025-09-15 04:01:12,ADAMW_lr0.0003,ADAMW,2,MNIST,118,val_eval,1.00773286819458,0.0009999700338952336,0.07223654403210415,
2025-09-15 04:01:12,ADAMW_lr0.0003,ADAMW,2,MNIST,118,train_iter,0.9523876905441284,0.0009999700338952336,0.07301189982028017,878.8614273071289
2025-09-15 04:01:13,ADAMW_lr0.0003,ADAMW,2,MNIST,119,train_eval,1.0308846235275269,0.0009999666118823774,0.07301189982028017,
2025-09-15 04:01:13,ADAMW_lr0.0003,ADAMW,2,MNIST,119,val_eval,1.0380018949508667,0.0009999666118823774,0.07301189982028017,
2025-09-15 04:01:13,ADAMW_lr0.0003,ADAMW,2,MNIST,119,train_iter,1.035323143005371,0.0009999666118823774,0.07373224693585952,876.3933181762695
2025-09-15 04:01:14,ADAMW_lr0.0003,ADAMW,2,MNIST,120,train_eval,1.049380898475647,0.0009999630049052437,0.07373224693585952,
2025-09-15 04:01:14,ADAMW_lr0.0003,ADAMW,2,MNIST,120,val_eval,1.0549559593200684,0.0009999630049052437,0.07373224693585952,
2025-09-15 04:01:14,ADAMW_lr0.0003,ADAMW,2,MNIST,120,train_iter,0.9012519717216492,0.0009999630049052437,0.07434086790525782,880.751371383667
2025-09-15 04:01:15,ADAMW_lr0.0003,ADAMW,2,MNIST,121,train_eval,1.090116262435913,0.0009999592129653152,0.07434086790525782,
2025-09-15 04:01:15,ADAMW_lr0.0003,ADAMW,2,MNIST,121,val_eval,1.074864387512207,0.0009999592129653152,0.07434086790525782,
2025-09-15 04:01:15,ADAMW_lr0.0003,ADAMW,2,MNIST,121,train_iter,0.7232908010482788,0.0009999592129653152,0.07485660915693594,884.29856300354
2025-09-15 04:01:16,ADAMW_lr0.0003,ADAMW,2,MNIST,122,train_eval,1.1107052564620972,0.0009999552360641507,0.07485660915693594,
2025-09-15 04:01:16,ADAMW_lr0.0003,ADAMW,2,MNIST,122,val_eval,1.099428653717041,0.0009999552360641507,0.07485660915693594,
2025-09-15 04:01:16,ADAMW_lr0.0003,ADAMW,2,MNIST,122,train_iter,1.112471342086792,0.0009999552360641507,0.07521757322277701,895.9293365478516
2025-09-15 04:01:17,ADAMW_lr0.0003,ADAMW,2,MNIST,123,train_eval,1.126708745956421,0.000999951074203385,0.07521757322277701,
2025-09-15 04:01:17,ADAMW_lr0.0003,ADAMW,2,MNIST,123,val_eval,1.1448965072631836,0.000999951074203385,0.07521757322277701,
2025-09-15 04:01:17,ADAMW_lr0.0003,ADAMW,2,MNIST,123,train_iter,1.0578904151916504,0.000999951074203385,0.07567298859321714,881.2673091888428
2025-09-15 04:01:18,ADAMW_lr0.0003,ADAMW,2,MNIST,124,train_eval,1.1361831426620483,0.0009999467273847289,0.07567298859321714,
2025-09-15 04:01:18,ADAMW_lr0.0003,ADAMW,2,MNIST,124,val_eval,1.139776349067688,0.0009999467273847289,0.07567298859321714,
2025-09-15 04:01:18,ADAMW_lr0.0003,ADAMW,2,MNIST,124,train_iter,0.7977072596549988,0.0009999467273847289,0.07606817740796783,882.8926086425781
2025-09-15 04:01:19,ADAMW_lr0.0003,ADAMW,2,MNIST,125,train_eval,1.1162718534469604,0.000999942195609969,0.07606817740796783,
2025-09-15 04:01:19,ADAMW_lr0.0003,ADAMW,2,MNIST,125,val_eval,1.104798674583435,0.000999942195609969,0.07606817740796783,
2025-09-15 04:01:19,ADAMW_lr0.0003,ADAMW,2,MNIST,125,train_iter,0.8430818319320679,0.000999942195609969,0.07621145799690768,907.088041305542
2025-09-15 04:01:20,ADAMW_lr0.0003,ADAMW,2,MNIST,126,train_eval,1.073807716369629,0.0009999374788809685,0.07621145799690768,
2025-09-15 04:01:20,ADAMW_lr0.0003,ADAMW,2,MNIST,126,val_eval,1.0743087530136108,0.0009999374788809685,0.07621145799690768,
2025-09-15 04:01:20,ADAMW_lr0.0003,ADAMW,2,MNIST,126,train_iter,0.8690407276153564,0.0009999374788809685,0.07643310740356302,896.3668346405029
2025-09-15 04:01:20,ADAMW_lr0.0003,ADAMW,2,MNIST,127,train_eval,1.0484012365341187,0.0009999325771996657,0.07643310740356302,
2025-09-15 04:01:20,ADAMW_lr0.0003,ADAMW,2,MNIST,127,val_eval,1.0638831853866577,0.0009999325771996657,0.07643310740356302,
2025-09-15 04:01:20,ADAMW_lr0.0003,ADAMW,2,MNIST,127,train_iter,0.9929674863815308,0.0009999325771996657,0.0767382167550021,884.4552040100098
2025-09-15 04:01:21,ADAMW_lr0.0003,ADAMW,2,MNIST,128,train_eval,1.027529001235962,0.0009999274905680762,0.0767382167550021,
2025-09-15 04:01:21,ADAMW_lr0.0003,ADAMW,2,MNIST,128,val_eval,1.0502760410308838,0.0009999274905680762,0.0767382167550021,
2025-09-15 04:01:21,ADAMW_lr0.0003,ADAMW,2,MNIST,128,train_iter,1.0902776718139648,0.0009999274905680762,0.07701811954961707,883.8653564453125
2025-09-15 04:01:22,ADAMW_lr0.0003,ADAMW,2,MNIST,129,train_eval,1.0223925113677979,0.0009999222189882903,0.07701811954961707,
2025-09-15 04:01:22,ADAMW_lr0.0003,ADAMW,2,MNIST,129,val_eval,1.0468648672103882,0.0009999222189882903,0.07701811954961707,
2025-09-15 04:01:22,ADAMW_lr0.0003,ADAMW,2,MNIST,129,train_iter,1.0511250495910645,0.0009999222189882903,0.0771949941213404,892.2834396362305
2025-09-15 04:01:23,ADAMW_lr0.0003,ADAMW,2,MNIST,130,train_eval,1.0587126016616821,0.0009999167624624755,0.0771949941213404,
2025-09-15 04:01:23,ADAMW_lr0.0003,ADAMW,2,MNIST,130,val_eval,1.0442774295806885,0.0009999167624624755,0.0771949941213404,
2025-09-15 04:01:23,ADAMW_lr0.0003,ADAMW,2,MNIST,130,train_iter,1.1122119426727295,0.0009999167624624755,0.07737346976969088,890.1042938232422
2025-09-15 04:01:24,ADAMW_lr0.0003,ADAMW,2,MNIST,131,train_eval,1.006040096282959,0.0009999111209928744,0.07737346976969088,
2025-09-15 04:01:24,ADAMW_lr0.0003,ADAMW,2,MNIST,131,val_eval,1.042392373085022,0.0009999111209928744,0.07737346976969088,
2025-09-15 04:01:24,ADAMW_lr0.0003,ADAMW,2,MNIST,131,train_iter,0.9663853049278259,0.0009999111209928744,0.07761823638879842,880.7218074798584
2025-09-15 04:01:25,ADAMW_lr0.0003,ADAMW,2,MNIST,132,train_eval,0.98833167552948,0.000999905294581806,0.07761823638879842,
2025-09-15 04:01:25,ADAMW_lr0.0003,ADAMW,2,MNIST,132,val_eval,1.023980736732483,0.000999905294581806,0.07761823638879842,
2025-09-15 04:01:25,ADAMW_lr0.0003,ADAMW,2,MNIST,132,train_iter,1.118800401687622,0.000999905294581806,0.07783568803382726,881.0350894927979
2025-09-15 04:01:26,ADAMW_lr0.0003,ADAMW,2,MNIST,133,train_eval,1.00929856300354,0.0009998992832316654,0.07783568803382726,
2025-09-15 04:01:26,ADAMW_lr0.0003,ADAMW,2,MNIST,133,val_eval,1.02558171749115,0.0009998992832316654,0.07783568803382726,
2025-09-15 04:01:26,ADAMW_lr0.0003,ADAMW,2,MNIST,133,train_iter,1.1428818702697754,0.0009998992832316654,0.07802438515416196,881.8097114562988
2025-09-15 04:01:27,ADAMW_lr0.0003,ADAMW,2,MNIST,134,train_eval,1.0130966901779175,0.0009998930869449237,0.07802438515416196,
2025-09-15 04:01:27,ADAMW_lr0.0003,ADAMW,2,MNIST,134,val_eval,1.0286415815353394,0.0009998930869449237,0.07802438515416196,
2025-09-15 04:01:27,ADAMW_lr0.0003,ADAMW,2,MNIST,134,train_iter,1.0460456609725952,0.0009998930869449237,0.07806462711389425,896.3799476623535
2025-09-15 04:01:28,ADAMW_lr0.0003,ADAMW,2,MNIST,135,train_eval,1.0103883743286133,0.000999886705724128,0.07806462711389425,
2025-09-15 04:01:28,ADAMW_lr0.0003,ADAMW,2,MNIST,135,val_eval,1.0305380821228027,0.000999886705724128,0.07806462711389425,
2025-09-15 04:01:28,ADAMW_lr0.0003,ADAMW,2,MNIST,135,train_iter,1.1919687986373901,0.000999886705724128,0.07818755015862591,886.5783214569092
2025-09-15 04:01:28,ADAMW_lr0.0003,ADAMW,2,MNIST,136,train_eval,1.0101821422576904,0.0009998801395719012,0.07818755015862591,
2025-09-15 04:01:28,ADAMW_lr0.0003,ADAMW,2,MNIST,136,val_eval,1.0368788242340088,0.0009998801395719012,0.07818755015862591,
2025-09-15 04:01:28,ADAMW_lr0.0003,ADAMW,2,MNIST,136,train_iter,1.0435817241668701,0.0009998801395719012,0.07839146278991316,876.2698173522949
2025-09-15 04:01:29,ADAMW_lr0.0003,ADAMW,2,MNIST,137,train_eval,1.0137925148010254,0.0009998733884909424,0.07839146278991316,
2025-09-15 04:01:29,ADAMW_lr0.0003,ADAMW,2,MNIST,137,val_eval,1.006885051727295,0.0009998733884909424,0.07839146278991316,
2025-09-15 04:01:29,ADAMW_lr0.0003,ADAMW,2,MNIST,137,train_iter,1.1243714094161987,0.0009998733884909424,0.07853095917394608,881.1049461364746
2025-09-15 04:01:30,ADAMW_lr0.0003,ADAMW,2,MNIST,138,train_eval,1.0173918008804321,0.0009998664524840269,0.07853095917394608,
2025-09-15 04:01:30,ADAMW_lr0.0003,ADAMW,2,MNIST,138,val_eval,1.0154906511306763,0.0009998664524840269,0.07853095917394608,
2025-09-15 04:01:30,ADAMW_lr0.0003,ADAMW,2,MNIST,138,train_iter,1.1351007223129272,0.0009998664524840269,0.07868885447197305,877.547025680542
2025-09-15 04:01:31,ADAMW_lr0.0003,ADAMW,2,MNIST,139,train_eval,0.9962387084960938,0.0009998593315540057,0.07868885447197305,
2025-09-15 04:01:31,ADAMW_lr0.0003,ADAMW,2,MNIST,139,val_eval,1.0123618841171265,0.0009998593315540057,0.07868885447197305,
2025-09-15 04:01:31,ADAMW_lr0.0003,ADAMW,2,MNIST,139,train_iter,0.9475928544998169,0.0009998593315540057,0.07894321184686692,865.4205799102783
2025-09-15 04:01:32,ADAMW_lr0.0003,ADAMW,2,MNIST,140,train_eval,0.9972736239433289,0.000999852025703806,0.07894321184686692,
2025-09-15 04:01:32,ADAMW_lr0.0003,ADAMW,2,MNIST,140,val_eval,1.0049829483032227,0.000999852025703806,0.07894321184686692,
2025-09-15 04:01:32,ADAMW_lr0.0003,ADAMW,2,MNIST,140,train_iter,0.988864541053772,0.000999852025703806,0.07908016572395116,875.3306865692139
2025-09-15 04:01:33,ADAMW_lr0.0003,ADAMW,2,MNIST,141,train_eval,1.0060466527938843,0.0009998445349364308,0.07908016572395116,
2025-09-15 04:01:33,ADAMW_lr0.0003,ADAMW,2,MNIST,141,val_eval,1.014890432357788,0.0009998445349364308,0.07908016572395116,
2025-09-15 04:01:33,ADAMW_lr0.0003,ADAMW,2,MNIST,141,train_iter,1.0127131938934326,0.0009998445349364308,0.07916255811686695,879.8074722290039
2025-09-15 04:01:34,ADAMW_lr0.0003,ADAMW,2,MNIST,142,train_eval,0.9864764213562012,0.0009998368592549595,0.07916255811686695,
2025-09-15 04:01:34,ADAMW_lr0.0003,ADAMW,2,MNIST,142,val_eval,1.0043396949768066,0.0009998368592549595,0.07916255811686695,
2025-09-15 04:01:34,ADAMW_lr0.0003,ADAMW,2,MNIST,142,train_iter,1.4451978206634521,0.0009998368592549595,0.07901406111452562,905.0257205963135
2025-09-15 04:01:35,ADAMW_lr0.0003,ADAMW,2,MNIST,143,train_eval,0.9952542185783386,0.000999828998662547,0.07901406111452562,
2025-09-15 04:01:35,ADAMW_lr0.0003,ADAMW,2,MNIST,143,val_eval,0.9914156198501587,0.000999828998662547,0.07901406111452562,
2025-09-15 04:01:35,ADAMW_lr0.0003,ADAMW,2,MNIST,143,train_iter,1.2290012836456299,0.000999828998662547,0.07642562959839067,1323.1799602508545
2025-09-15 04:01:36,ADAMW_lr0.0003,ADAMW,2,MNIST,144,train_eval,1.0072919130325317,0.000999820953162425,0.07642562959839067,
2025-09-15 04:01:36,ADAMW_lr0.0003,ADAMW,2,MNIST,144,val_eval,1.0100233554840088,0.000999820953162425,0.07642562959839067,
2025-09-15 04:01:36,ADAMW_lr0.0003,ADAMW,2,MNIST,144,train_iter,0.9318075180053711,0.000999820953162425,0.07667177607323361,891.1497592926025
2025-09-15 04:01:37,ADAMW_lr0.0003,ADAMW,2,MNIST,145,train_eval,1.0146074295043945,0.0009998127227579003,0.07667177607323361,
2025-09-15 04:01:37,ADAMW_lr0.0003,ADAMW,2,MNIST,145,val_eval,0.9994888305664062,0.0009998127227579003,0.07667177607323361,
2025-09-15 04:01:37,ADAMW_lr0.0003,ADAMW,2,MNIST,145,train_iter,0.9778140783309937,0.0009998127227579003,0.07705558982231991,873.1870651245117
2025-09-15 04:01:38,ADAMW_lr0.0003,ADAMW,2,MNIST,146,train_eval,1.000483751296997,0.000999804307452356,0.07705558982231991,
2025-09-15 04:01:38,ADAMW_lr0.0003,ADAMW,2,MNIST,146,val_eval,1.0005074739456177,0.000999804307452356,0.07705558982231991,
2025-09-15 04:01:38,ADAMW_lr0.0003,ADAMW,2,MNIST,146,train_iter,0.9855126142501831,0.000999804307452356,0.07730064343631521,884.2113018035889
2025-09-15 04:01:39,ADAMW_lr0.0003,ADAMW,2,MNIST,147,train_eval,1.0121097564697266,0.0009997957072492515,0.07730064343631521,
2025-09-15 04:01:39,ADAMW_lr0.0003,ADAMW,2,MNIST,147,val_eval,1.021930456161499,0.0009997957072492515,0.07730064343631521,
2025-09-15 04:01:39,ADAMW_lr0.0003,ADAMW,2,MNIST,147,train_iter,0.8561598658561707,0.0009997957072492515,0.07760840236760783,874.6175765991211
2025-09-15 04:01:39,ADAMW_lr0.0003,ADAMW,2,MNIST,148,train_eval,1.0113967657089233,0.0009997869221521221,0.07760840236760783,
2025-09-15 04:01:39,ADAMW_lr0.0003,ADAMW,2,MNIST,148,val_eval,1.0230443477630615,0.0009997869221521221,0.07760840236760783,
2025-09-15 04:01:39,ADAMW_lr0.0003,ADAMW,2,MNIST,148,train_iter,0.8578648567199707,0.0009997869221521221,0.07782446506406013,881.2971115112305
2025-09-15 04:01:40,ADAMW_lr0.0003,ADAMW,2,MNIST,149,train_eval,1.0171116590499878,0.0009997779521645793,0.07782446506406013,
2025-09-15 04:01:40,ADAMW_lr0.0003,ADAMW,2,MNIST,149,val_eval,1.002274990081787,0.0009997779521645793,0.07782446506406013,
2025-09-15 04:01:40,ADAMW_lr0.0003,ADAMW,2,MNIST,149,train_iter,1.0687174797058105,0.0009997779521645793,0.07804458475814595,878.4708976745605
2025-09-15 04:01:41,ADAMW_lr0.0003,ADAMW,2,MNIST,150,train_eval,0.9854918122291565,0.0009997687972903096,0.07804458475814595,
2025-09-15 04:01:41,ADAMW_lr0.0003,ADAMW,2,MNIST,150,val_eval,1.0170013904571533,0.0009997687972903096,0.07804458475814595,
2025-09-15 04:01:41,ADAMW_lr0.0003,ADAMW,2,MNIST,150,train_iter,0.960605800151825,0.0009997687972903096,0.07818377120300037,884.9868774414062
2025-09-15 04:01:42,ADAMW_lr0.0003,ADAMW,2,MNIST,151,train_eval,0.9863308668136597,0.0009997594575330766,0.07818377120300037,
2025-09-15 04:01:42,ADAMW_lr0.0003,ADAMW,2,MNIST,151,val_eval,0.9961305260658264,0.0009997594575330766,0.07818377120300037,
2025-09-15 04:01:42,ADAMW_lr0.0003,ADAMW,2,MNIST,151,train_iter,0.994626522064209,0.0009997594575330766,0.07838532975022602,876.5683174133301
2025-09-15 04:01:43,ADAMW_lr0.0003,ADAMW,2,MNIST,152,train_eval,1.0018415451049805,0.0009997499328967194,0.07838532975022602,
2025-09-15 04:01:43,ADAMW_lr0.0003,ADAMW,2,MNIST,152,val_eval,0.9992321729660034,0.0009997499328967194,0.07838532975022602,
2025-09-15 04:01:43,ADAMW_lr0.0003,ADAMW,2,MNIST,152,train_iter,1.2961426973342896,0.0009997499328967194,0.07846160477997792,888.2112503051758
2025-09-15 04:01:44,ADAMW_lr0.0003,ADAMW,2,MNIST,153,train_eval,1.0047262907028198,0.0009997402233851535,0.07846160477997792,
2025-09-15 04:01:44,ADAMW_lr0.0003,ADAMW,2,MNIST,153,val_eval,1.0039293766021729,0.0009997402233851535,0.07846160477997792,
2025-09-15 04:01:44,ADAMW_lr0.0003,ADAMW,2,MNIST,153,train_iter,0.7402410507202148,0.0009997402233851535,0.07859461162300754,881.0470104217529
2025-09-15 04:01:45,ADAMW_lr0.0003,ADAMW,2,MNIST,154,train_eval,0.9943305850028992,0.00099973032900237,0.07859461162300754,
2025-09-15 04:01:45,ADAMW_lr0.0003,ADAMW,2,MNIST,154,val_eval,1.008235216140747,0.00099973032900237,0.07859461162300754,
2025-09-15 04:01:45,ADAMW_lr0.0003,ADAMW,2,MNIST,154,train_iter,1.1640880107879639,0.00099973032900237,0.07868587024846799,884.1993808746338
2025-09-15 04:01:46,ADAMW_lr0.0003,ADAMW,2,MNIST,155,train_eval,1.0131858587265015,0.000999720249752436,0.07868587024846799,
2025-09-15 04:01:46,ADAMW_lr0.0003,ADAMW,2,MNIST,155,val_eval,1.0264512300491333,0.000999720249752436,0.07868587024846799,
2025-09-15 04:01:46,ADAMW_lr0.0003,ADAMW,2,MNIST,155,train_iter,0.868916392326355,0.000999720249752436,0.07873147516074874,888.2803916931152
2025-09-15 04:01:47,ADAMW_lr0.0003,ADAMW,2,MNIST,156,train_eval,1.001762866973877,0.0009997099856394946,0.07873147516074874,
2025-09-15 04:01:47,ADAMW_lr0.0003,ADAMW,2,MNIST,156,val_eval,1.0234043598175049,0.0009997099856394946,0.07873147516074874,
2025-09-15 04:01:47,ADAMW_lr0.0003,ADAMW,2,MNIST,156,train_iter,0.9706630110740662,0.0009997099856394946,0.07882014450957404,882.9669952392578
2025-09-15 04:01:47,ADAMW_lr0.0003,ADAMW,2,MNIST,157,train_eval,0.9814485311508179,0.0009996995366677653,0.07882014450957404,
2025-09-15 04:01:47,ADAMW_lr0.0003,ADAMW,2,MNIST,157,val_eval,0.9931401014328003,0.0009996995366677653,0.07882014450957404,
2025-09-15 04:01:47,ADAMW_lr0.0003,ADAMW,2,MNIST,157,train_iter,0.9898287653923035,0.0009996995366677653,0.07886256754179907,887.131929397583
2025-09-15 04:01:48,ADAMW_lr0.0003,ADAMW,2,MNIST,158,train_eval,1.0214983224868774,0.000999688902841543,0.07886256754179907,
2025-09-15 04:01:48,ADAMW_lr0.0003,ADAMW,2,MNIST,158,val_eval,1.0244618654251099,0.000999688902841543,0.07886256754179907,
2025-09-15 04:01:48,ADAMW_lr0.0003,ADAMW,2,MNIST,158,train_iter,1.054866075515747,0.000999688902841543,0.07892533300112176,884.3882083892822
2025-09-15 04:01:49,ADAMW_lr0.0003,ADAMW,2,MNIST,159,train_eval,1.0002946853637695,0.000999678084165199,0.07892533300112176,
2025-09-15 04:01:49,ADAMW_lr0.0003,ADAMW,2,MNIST,159,val_eval,1.0109957456588745,0.000999678084165199,0.07892533300112176,
2025-09-15 04:01:49,ADAMW_lr0.0003,ADAMW,2,MNIST,159,train_iter,0.8995028734207153,0.000999678084165199,0.07901856892267348,880.3186416625977
2025-09-15 04:01:50,ADAMW_lr0.0003,ADAMW,2,MNIST,160,train_eval,1.0140537023544312,0.0009996670806431804,0.07901856892267348,
2025-09-15 04:01:50,ADAMW_lr0.0003,ADAMW,2,MNIST,160,val_eval,1.0155874490737915,0.0009996670806431804,0.07901856892267348,
2025-09-15 04:01:50,ADAMW_lr0.0003,ADAMW,2,MNIST,160,train_iter,0.8516262769699097,0.0009996670806431804,0.07906820368254282,884.1135501861572
2025-09-15 04:01:51,ADAMW_lr0.0003,ADAMW,2,MNIST,161,train_eval,1.0222159624099731,0.0009996558922800104,0.07906820368254282,
2025-09-15 04:01:51,ADAMW_lr0.0003,ADAMW,2,MNIST,161,val_eval,1.0061055421829224,0.0009996558922800104,0.07906820368254282,
2025-09-15 04:01:51,ADAMW_lr0.0003,ADAMW,2,MNIST,161,train_iter,1.0377240180969238,0.0009996558922800104,0.07919741686673538,874.8123645782471
2025-09-15 04:01:52,ADAMW_lr0.0003,ADAMW,2,MNIST,162,train_eval,0.9941089749336243,0.0009996445190802881,0.07919741686673538,
2025-09-15 04:01:52,ADAMW_lr0.0003,ADAMW,2,MNIST,162,val_eval,0.9961397647857666,0.0009996445190802881,0.07919741686673538,
2025-09-15 04:01:52,ADAMW_lr0.0003,ADAMW,2,MNIST,162,train_iter,1.0639903545379639,0.0009996445190802881,0.0792388492922236,883.0382823944092
2025-09-15 04:01:53,ADAMW_lr0.0003,ADAMW,2,MNIST,163,train_eval,1.0195789337158203,0.0009996329610486886,0.0792388492922236,
2025-09-15 04:01:53,ADAMW_lr0.0003,ADAMW,2,MNIST,163,val_eval,0.985141396522522,0.0009996329610486886,0.0792388492922236,
2025-09-15 04:01:53,ADAMW_lr0.0003,ADAMW,2,MNIST,163,train_iter,1.0010156631469727,0.0009996329610486886,0.07649162238066551,1358.0231666564941
2025-09-15 04:01:54,ADAMW_lr0.0003,ADAMW,2,MNIST,164,train_eval,1.0147080421447754,0.0009996212181899629,0.07649162238066551,
2025-09-15 04:01:54,ADAMW_lr0.0003,ADAMW,2,MNIST,164,val_eval,0.9824169278144836,0.0009996212181899629,0.07649162238066551,
2025-09-15 04:01:54,ADAMW_lr0.0003,ADAMW,2,MNIST,164,train_iter,0.8805618286132812,0.0009996212181899629,0.07439902339238065,1265.174388885498
2025-09-15 04:01:55,ADAMW_lr0.0003,ADAMW,2,MNIST,165,train_eval,0.9957588315010071,0.000999609290508938,0.07439902339238065,
2025-09-15 04:01:55,ADAMW_lr0.0003,ADAMW,2,MNIST,165,val_eval,1.002800703048706,0.000999609290508938,0.07439902339238065,
2025-09-15 04:01:55,ADAMW_lr0.0003,ADAMW,2,MNIST,165,train_iter,0.8926836848258972,0.000999609290508938,0.0748582915573484,889.9695873260498
2025-09-15 04:01:56,ADAMW_lr0.0003,ADAMW,2,MNIST,166,train_eval,0.9998204112052917,0.000999597178010517,0.0748582915573484,
2025-09-15 04:01:56,ADAMW_lr0.0003,ADAMW,2,MNIST,166,val_eval,1.0091350078582764,0.000999597178010517,0.0748582915573484,
2025-09-15 04:01:56,ADAMW_lr0.0003,ADAMW,2,MNIST,166,train_iter,1.3099474906921387,0.000999597178010517,0.0752555680920622,891.7832374572754
2025-09-15 04:01:57,ADAMW_lr0.0003,ADAMW,2,MNIST,167,train_eval,1.0102111101150513,0.000999584880699679,0.0752555680920622,
2025-09-15 04:01:57,ADAMW_lr0.0003,ADAMW,2,MNIST,167,val_eval,1.0092287063598633,0.000999584880699679,0.0752555680920622,
2025-09-15 04:01:57,ADAMW_lr0.0003,ADAMW,2,MNIST,167,train_iter,0.9606409072875977,0.000999584880699679,0.07569826354133301,882.253885269165
2025-09-15 04:01:58,ADAMW_lr0.0003,ADAMW,2,MNIST,168,train_eval,0.9983499050140381,0.0009995723985814788,0.07569826354133301,
2025-09-15 04:01:58,ADAMW_lr0.0003,ADAMW,2,MNIST,168,val_eval,0.9988542199134827,0.0009995723985814788,0.07569826354133301,
2025-09-15 04:01:58,ADAMW_lr0.0003,ADAMW,2,MNIST,168,train_iter,0.737906813621521,0.0009995723985814788,0.07609485308272461,882.4572563171387
2025-09-15 04:01:59,ADAMW_lr0.0003,ADAMW,2,MNIST,169,train_eval,0.999381422996521,0.0009995597316610474,0.07609485308272461,
2025-09-15 04:01:59,ADAMW_lr0.0003,ADAMW,2,MNIST,169,val_eval,0.9964622259140015,0.0009995597316610474,0.07609485308272461,
2025-09-15 04:01:59,ADAMW_lr0.0003,ADAMW,2,MNIST,169,train_iter,0.8969863653182983,0.0009995597316610474,0.07646678348563261,880.7988166809082
2025-09-15 04:02:00,ADAMW_lr0.0003,ADAMW,2,MNIST,170,train_eval,0.9915975332260132,0.0009995468799435915,0.07646678348563261,
2025-09-15 04:02:00,ADAMW_lr0.0003,ADAMW,2,MNIST,170,val_eval,0.9889327883720398,0.0009995468799435915,0.07646678348563261,
2025-09-15 04:02:00,ADAMW_lr0.0003,ADAMW,2,MNIST,170,train_iter,1.3923333883285522,0.0009995468799435915,0.07705066981877848,854.1359901428223
2025-09-15 04:02:01,ADAMW_lr0.0003,ADAMW,2,MNIST,171,train_eval,1.0053396224975586,0.0009995338434343943,0.07705066981877848,
2025-09-15 04:02:01,ADAMW_lr0.0003,ADAMW,2,MNIST,171,val_eval,0.9877580404281616,0.0009995338434343943,0.07705066981877848,
2025-09-15 04:02:01,ADAMW_lr0.0003,ADAMW,2,MNIST,171,train_iter,0.9112123250961304,0.0009995338434343943,0.07741053116473427,871.6781139373779
2025-09-15 04:02:01,ADAMW_lr0.0003,ADAMW,2,MNIST,172,train_eval,0.9956570267677307,0.0009995206221388145,0.07741053116473427,
2025-09-15 04:02:01,ADAMW_lr0.0003,ADAMW,2,MNIST,172,val_eval,0.998349666595459,0.0009995206221388145,0.07741053116473427,
2025-09-15 04:02:01,ADAMW_lr0.0003,ADAMW,2,MNIST,172,train_iter,0.8525775671005249,0.0009995206221388145,0.07767591429260337,878.0462741851807
2025-09-15 04:02:02,ADAMW_lr0.0003,ADAMW,2,MNIST,173,train_eval,0.9869147539138794,0.0009995072160622865,0.07767591429260337,
2025-09-15 04:02:02,ADAMW_lr0.0003,ADAMW,2,MNIST,173,val_eval,0.9814959168434143,0.0009995072160622865,0.07767591429260337,
2025-09-15 04:02:03,ADAMW_lr0.0003,ADAMW,2,MNIST,173,train_iter,0.7325879335403442,0.0009995072160622865,0.07489263047668251,1410.430908203125
2025-09-15 04:02:04,ADAMW_lr0.0003,ADAMW,2,MNIST,174,train_eval,0.9966590404510498,0.0009994936252103218,0.07489263047668251,
2025-09-15 04:02:04,ADAMW_lr0.0003,ADAMW,2,MNIST,174,val_eval,0.997011661529541,0.0009994936252103218,0.07489263047668251,
2025-09-15 04:02:04,ADAMW_lr0.0003,ADAMW,2,MNIST,174,train_iter,1.2629446983337402,0.0009994936252103218,0.07482993426451025,946.6044902801514
2025-09-15 04:02:05,ADAMW_lr0.0003,ADAMW,2,MNIST,175,train_eval,0.9744308590888977,0.0009994798495885063,0.07482993426451025,
2025-09-15 04:02:05,ADAMW_lr0.0003,ADAMW,2,MNIST,175,val_eval,0.9836717844009399,0.0009994798495885063,0.07482993426451025,
2025-09-15 04:02:05,ADAMW_lr0.0003,ADAMW,2,MNIST,175,train_iter,0.8399216532707214,0.0009994798495885063,0.07523645447373986,891.0589218139648
2025-09-15 04:02:06,ADAMW_lr0.0003,ADAMW,2,MNIST,176,train_eval,1.009382963180542,0.000999465889202503,0.07523645447373986,
2025-09-15 04:02:06,ADAMW_lr0.0003,ADAMW,2,MNIST,176,val_eval,0.999297559261322,0.000999465889202503,0.07523645447373986,
2025-09-15 04:02:06,ADAMW_lr0.0003,ADAMW,2,MNIST,176,train_iter,0.8674880862236023,0.000999465889202503,0.07562219892534898,888.819694519043
2025-09-15 04:02:06,ADAMW_lr0.0003,ADAMW,2,MNIST,177,train_eval,1.018812894821167,0.0009994517440580508,0.07562219892534898,
2025-09-15 04:02:06,ADAMW_lr0.0003,ADAMW,2,MNIST,177,val_eval,1.0016536712646484,0.0009994517440580508,0.07562219892534898,
2025-09-15 04:02:06,ADAMW_lr0.0003,ADAMW,2,MNIST,177,train_iter,1.2570064067840576,0.0009994517440580508,0.07605410974518444,879.3978691101074
2025-09-15 04:02:07,ADAMW_lr0.0003,ADAMW,2,MNIST,178,train_eval,0.9994984269142151,0.0009994374141609635,0.07605410974518444,
2025-09-15 04:02:07,ADAMW_lr0.0003,ADAMW,2,MNIST,178,val_eval,1.0142077207565308,0.0009994374141609635,0.07605410974518444,
2025-09-15 04:02:07,ADAMW_lr0.0003,ADAMW,2,MNIST,178,train_iter,1.0382328033447266,0.0009994374141609635,0.07617262436994274,910.1617336273193
2025-09-15 04:02:08,ADAMW_lr0.0003,ADAMW,2,MNIST,179,train_eval,0.9883889555931091,0.0009994228995171322,0.07617262436994274,
2025-09-15 04:02:08,ADAMW_lr0.0003,ADAMW,2,MNIST,179,val_eval,0.991526186466217,0.0009994228995171322,0.07617262436994274,
2025-09-15 04:02:08,ADAMW_lr0.0003,ADAMW,2,MNIST,179,train_iter,0.7897948622703552,0.0009994228995171322,0.07650650837166006,884.1519355773926
2025-09-15 04:02:09,ADAMW_lr0.0003,ADAMW,2,MNIST,180,train_eval,0.9707241058349609,0.000999408200132523,0.07650650837166006,
2025-09-15 04:02:09,ADAMW_lr0.0003,ADAMW,2,MNIST,180,val_eval,0.9910898804664612,0.000999408200132523,0.07650650837166006,
2025-09-15 04:02:09,ADAMW_lr0.0003,ADAMW,2,MNIST,180,train_iter,1.006625771522522,0.000999408200132523,0.07681206939389092,883.5890293121338
2025-09-15 04:02:10,ADAMW_lr0.0003,ADAMW,2,MNIST,181,train_eval,0.9910588264465332,0.0009993933160131784,0.07681206939389092,
2025-09-15 04:02:10,ADAMW_lr0.0003,ADAMW,2,MNIST,181,val_eval,1.0301775932312012,0.0009993933160131784,0.07681206939389092,
2025-09-15 04:02:10,ADAMW_lr0.0003,ADAMW,2,MNIST,181,train_iter,0.8280843496322632,0.0009993933160131784,0.07711693015412774,880.2857398986816
2025-09-15 04:02:11,ADAMW_lr0.0003,ADAMW,2,MNIST,182,train_eval,0.9903872013092041,0.0009993782471652167,0.07711693015412774,
2025-09-15 04:02:11,ADAMW_lr0.0003,ADAMW,2,MNIST,182,val_eval,1.0138951539993286,0.0009993782471652167,0.07711693015412774,
2025-09-15 04:02:11,ADAMW_lr0.0003,ADAMW,2,MNIST,182,train_iter,0.9670243263244629,0.0009993782471652167,0.07691380856325847,936.2661838531494
2025-09-15 04:02:12,ADAMW_lr0.0003,ADAMW,2,MNIST,183,train_eval,0.978432297706604,0.0009993629935948318,0.07691380856325847,
2025-09-15 04:02:12,ADAMW_lr0.0003,ADAMW,2,MNIST,183,val_eval,1.024243712425232,0.0009993629935948318,0.07691380856325847,
2025-09-15 04:02:12,ADAMW_lr0.0003,ADAMW,2,MNIST,183,train_iter,1.135979175567627,0.0009993629935948318,0.07709266885729253,893.2409286499023
2025-09-15 04:02:13,ADAMW_lr0.0003,ADAMW,2,MNIST,184,train_eval,0.9974508881568909,0.0009993475553082944,0.07709266885729253,
2025-09-15 04:02:13,ADAMW_lr0.0003,ADAMW,2,MNIST,184,val_eval,1.0222727060317993,0.0009993475553082944,0.07709266885729253,
2025-09-15 04:02:13,ADAMW_lr0.0003,ADAMW,2,MNIST,184,train_iter,1.316558599472046,0.0009993475553082944,0.07727205653236288,891.1559581756592
2025-09-15 04:02:14,ADAMW_lr0.0003,ADAMW,2,MNIST,185,train_eval,1.0199708938598633,0.0009993319323119503,0.07727205653236288,
2025-09-15 04:02:14,ADAMW_lr0.0003,ADAMW,2,MNIST,185,val_eval,1.0112006664276123,0.0009993319323119503,0.07727205653236288,
2025-09-15 04:02:14,ADAMW_lr0.0003,ADAMW,2,MNIST,185,train_iter,1.2208411693572998,0.0009993319323119503,0.07753275535807581,880.0833225250244
2025-09-15 04:02:15,ADAMW_lr0.0003,ADAMW,2,MNIST,186,train_eval,0.996839702129364,0.0009993161246122217,0.07753275535807581,
2025-09-15 04:02:15,ADAMW_lr0.0003,ADAMW,2,MNIST,186,val_eval,1.0048295259475708,0.0009993161246122217,0.07753275535807581,
2025-09-15 04:02:15,ADAMW_lr0.0003,ADAMW,2,MNIST,186,train_iter,0.9734706282615662,0.0009993161246122217,0.0777544237699135,881.5135955810547
2025-09-15 04:02:15,ADAMW_lr0.0003,ADAMW,2,MNIST,187,train_eval,0.9836686849594116,0.0009993001322156061,0.0777544237699135,
2025-09-15 04:02:15,ADAMW_lr0.0003,ADAMW,2,MNIST,187,val_eval,1.0061088800430298,0.0009993001322156061,0.0777544237699135,
2025-09-15 04:02:15,ADAMW_lr0.0003,ADAMW,2,MNIST,187,train_iter,1.303754210472107,0.0009993001322156061,0.07792448859000281,884.7794532775879
2025-09-15 04:02:16,ADAMW_lr0.0003,ADAMW,2,MNIST,188,train_eval,1.0140055418014526,0.000999283955128678,0.07792448859000281,
2025-09-15 04:02:16,ADAMW_lr0.0003,ADAMW,2,MNIST,188,val_eval,1.001868486404419,0.000999283955128678,0.07792448859000281,
2025-09-15 04:02:16,ADAMW_lr0.0003,ADAMW,2,MNIST,188,train_iter,0.9040673971176147,0.000999283955128678,0.07667636519239847,1074.216365814209
2025-09-15 04:02:18,ADAMW_lr0.0003,ADAMW,2,MNIST,189,train_eval,1.0023853778839111,0.000999267593358087,0.07667636519239847,
2025-09-15 04:02:18,ADAMW_lr0.0003,ADAMW,2,MNIST,189,val_eval,1.0024313926696777,0.000999267593358087,0.07667636519239847,
2025-09-15 04:02:18,ADAMW_lr0.0003,ADAMW,2,MNIST,189,train_iter,0.8515856266021729,0.000999267593358087,0.07449956568937989,1280.3187370300293
2025-09-15 04:02:20,ADAMW_lr0.0003,ADAMW,2,MNIST,190,train_eval,0.994743824005127,0.0009992510469105584,0.07449956568937989,
2025-09-15 04:02:20,ADAMW_lr0.0003,ADAMW,2,MNIST,190,val_eval,0.9994267821311951,0.0009992510469105584,0.07449956568937989,
2025-09-15 04:02:20,ADAMW_lr0.0003,ADAMW,2,MNIST,190,train_iter,1.1785402297973633,0.0009992510469105584,0.07070091903853967,1925.342321395874
2025-09-15 04:02:21,ADAMW_lr0.0003,ADAMW,2,MNIST,191,train_eval,1.0030360221862793,0.000999234315792894,0.07070091903853967,
2025-09-15 04:02:21,ADAMW_lr0.0003,ADAMW,2,MNIST,191,val_eval,1.008773922920227,0.000999234315792894,0.07070091903853967,
2025-09-15 04:02:21,ADAMW_lr0.0003,ADAMW,2,MNIST,191,train_iter,1.0734705924987793,0.000999234315792894,0.0695882940001655,1180.0353527069092
2025-09-15 04:02:23,ADAMW_lr0.0003,ADAMW,2,MNIST,192,train_eval,1.0103758573532104,0.0009992174000119718,0.0695882940001655,
2025-09-15 04:02:23,ADAMW_lr0.0003,ADAMW,2,MNIST,192,val_eval,1.0204784870147705,0.0009992174000119718,0.0695882940001655,
2025-09-15 04:02:23,ADAMW_lr0.0003,ADAMW,2,MNIST,192,train_iter,0.9511021375656128,0.0009992174000119718,0.06595186383543396,2115.9472465515137
2025-09-15 04:02:24,ADAMW_lr0.0003,ADAMW,2,MNIST,193,train_eval,1.004175066947937,0.0009992002995747448,0.06595186383543396,
2025-09-15 04:02:24,ADAMW_lr0.0003,ADAMW,2,MNIST,193,val_eval,1.0248942375183105,0.0009992002995747448,0.06595186383543396,
2025-09-15 04:02:24,ADAMW_lr0.0003,ADAMW,2,MNIST,193,train_iter,0.8729233741760254,0.0009992002995747448,0.06414945545534251,1466.794729232788
2025-09-15 04:02:26,ADAMW_lr0.0003,ADAMW,2,MNIST,194,train_eval,1.006126880645752,0.0009991830144882423,0.06414945545534251,
2025-09-15 04:02:26,ADAMW_lr0.0003,ADAMW,2,MNIST,194,val_eval,1.0084426403045654,0.0009991830144882423,0.06414945545534251,
2025-09-15 04:02:26,ADAMW_lr0.0003,ADAMW,2,MNIST,194,train_iter,0.9007407426834106,0.0009991830144882423,0.06275167884935423,1401.1929035186768
2025-09-15 04:02:27,ADAMW_lr0.0003,ADAMW,2,MNIST,195,train_eval,0.9962127208709717,0.0009991655447595697,0.06275167884935423,
2025-09-15 04:02:27,ADAMW_lr0.0003,ADAMW,2,MNIST,195,val_eval,1.0068392753601074,0.0009991655447595697,0.06275167884935423,
2025-09-15 04:02:27,ADAMW_lr0.0003,ADAMW,2,MNIST,195,train_iter,1.0360040664672852,0.0009991655447595697,0.061099144013544285,1520.7829475402832
2025-09-15 04:02:29,ADAMW_lr0.0003,ADAMW,2,MNIST,196,train_eval,1.0083590745925903,0.0009991478903959082,0.061099144013544285,
2025-09-15 04:02:29,ADAMW_lr0.0003,ADAMW,2,MNIST,196,val_eval,0.9946367144584656,0.0009991478903959082,0.061099144013544285,
2025-09-15 04:02:29,ADAMW_lr0.0003,ADAMW,2,MNIST,196,train_iter,1.0682802200317383,0.0009991478903959082,0.05939895230613502,1594.2094326019287
2025-09-15 04:02:31,ADAMW_lr0.0003,ADAMW,2,MNIST,197,train_eval,0.9988613724708557,0.0009991300514045147,0.05939895230613502,
2025-09-15 04:02:31,ADAMW_lr0.0003,ADAMW,2,MNIST,197,val_eval,0.9911506175994873,0.0009991300514045147,0.05939895230613502,
2025-09-15 04:02:31,ADAMW_lr0.0003,ADAMW,2,MNIST,197,train_iter,0.7710496783256531,0.0009991300514045147,0.05795518222813594,1563.5733604431152
2025-09-15 04:02:32,ADAMW_lr0.0003,ADAMW,2,MNIST,198,train_eval,0.9883406162261963,0.0009991120277927223,0.05795518222813594,
2025-09-15 04:02:32,ADAMW_lr0.0003,ADAMW,2,MNIST,198,val_eval,1.0077643394470215,0.0009991120277927223,0.05795518222813594,
2025-09-15 04:02:32,ADAMW_lr0.0003,ADAMW,2,MNIST,198,train_iter,0.9324516654014587,0.0009991120277927223,0.05670013456146843,1548.302412033081
2025-09-15 04:02:34,ADAMW_lr0.0003,ADAMW,2,MNIST,199,train_eval,0.9789976477622986,0.0009990938195679395,0.05670013456146843,
2025-09-15 04:02:34,ADAMW_lr0.0003,ADAMW,2,MNIST,199,val_eval,1.0156431198120117,0.0009990938195679395,0.05670013456146843,
2025-09-15 04:02:34,ADAMW_lr0.0003,ADAMW,2,MNIST,199,train_iter,1.173534631729126,0.0009990938195679395,0.055769435501188715,1483.3414554595947
2025-09-15 04:02:34,ADAMW_lr0.0003,ADAMW,2,MNIST,200,train_eval,0.9570146799087524,0.0009990754267376514,0.055769435501188715,
2025-09-15 04:02:34,ADAMW_lr0.0003,ADAMW,2,MNIST,200,val_eval,0.9884985089302063,0.0009990754267376514,0.055769435501188715,
2025-09-15 04:05:49,ADAMW_lr0.0003,ADAMW,2,MNIST,200,train_iter,0.9367467761039734,0.0009990754267376514,0.050228418249635115,195678.98154258728
2025-09-15 04:06:02,ADAMW_lr0.001,ADAMW,2,MNIST,0,train_eval,4.741975784301758,9.900990099009901e-06,,
2025-09-15 04:06:02,ADAMW_lr0.001,ADAMW,2,MNIST,0,val_eval,4.739541530609131,9.900990099009901e-06,,
2025-09-15 04:08:31,ADAMW_lr0.001,ADAMW,2,MNIST,0,train_iter,4.819905757904053,9.900990099009901e-06,,153390.95449447632
2025-09-15 04:08:32,ADAMW_lr0.001,ADAMW,2,MNIST,1,train_eval,3.64689564704895,1.9801980198019803e-05,,
2025-09-15 04:08:32,ADAMW_lr0.001,ADAMW,2,MNIST,1,val_eval,3.6468234062194824,1.9801980198019803e-05,,
2025-09-15 04:08:33,ADAMW_lr0.001,ADAMW,2,MNIST,1,train_iter,3.9237284660339355,1.9801980198019803e-05,,1242.9051399230957
2025-09-15 04:08:33,ADAMW_lr0.001,ADAMW,2,MNIST,2,train_eval,2.3303091526031494,2.9702970297029702e-05,,
2025-09-15 04:08:33,ADAMW_lr0.001,ADAMW,2,MNIST,2,val_eval,2.344357490539551,2.9702970297029702e-05,,
2025-09-15 04:08:34,ADAMW_lr0.001,ADAMW,2,MNIST,2,train_iter,2.735084056854248,2.9702970297029702e-05,,1063.7788772583008
2025-09-15 04:08:35,ADAMW_lr0.001,ADAMW,2,MNIST,3,train_eval,1.7007769346237183,3.9603960396039605e-05,,
2025-09-15 04:08:35,ADAMW_lr0.001,ADAMW,2,MNIST,3,val_eval,1.7274503707885742,3.9603960396039605e-05,,
2025-09-15 04:08:35,ADAMW_lr0.001,ADAMW,2,MNIST,3,train_iter,2.194044828414917,3.9603960396039605e-05,,1397.7575302124023
2025-09-15 04:08:36,ADAMW_lr0.001,ADAMW,2,MNIST,4,train_eval,1.5077064037322998,4.950495049504951e-05,,
2025-09-15 04:08:36,ADAMW_lr0.001,ADAMW,2,MNIST,4,val_eval,1.4863048791885376,4.950495049504951e-05,,
2025-09-15 04:08:36,ADAMW_lr0.001,ADAMW,2,MNIST,4,train_iter,1.4761476516723633,4.950495049504951e-05,,1175.3578186035156
2025-09-15 04:08:37,ADAMW_lr0.001,ADAMW,2,MNIST,5,train_eval,1.4581522941589355,5.9405940594059404e-05,,
2025-09-15 04:08:37,ADAMW_lr0.001,ADAMW,2,MNIST,5,val_eval,1.4291549921035767,5.9405940594059404e-05,,
2025-09-15 04:08:37,ADAMW_lr0.001,ADAMW,2,MNIST,5,train_iter,1.6388096809387207,5.9405940594059404e-05,0.06549088736303091,1073.4350681304932
2025-09-15 04:08:38,ADAMW_lr0.001,ADAMW,2,MNIST,6,train_eval,1.4300960302352905,6.930693069306931e-05,0.06549088736303091,
2025-09-15 04:08:38,ADAMW_lr0.001,ADAMW,2,MNIST,6,val_eval,1.43485689163208,6.930693069306931e-05,0.06549088736303091,
2025-09-15 04:08:38,ADAMW_lr0.001,ADAMW,2,MNIST,6,train_iter,1.4587607383728027,6.930693069306931e-05,0.06809503905849676,768.0363655090332
2025-09-15 04:08:39,ADAMW_lr0.001,ADAMW,2,MNIST,7,train_eval,1.3275701999664307,7.920792079207921e-05,0.06809503905849676,
2025-09-15 04:08:39,ADAMW_lr0.001,ADAMW,2,MNIST,7,val_eval,1.3344343900680542,7.920792079207921e-05,0.06809503905849676,
2025-09-15 04:08:39,ADAMW_lr0.001,ADAMW,2,MNIST,7,train_iter,1.3456037044525146,7.920792079207921e-05,0.0681416266044757,1025.3686904907227
2025-09-15 04:08:40,ADAMW_lr0.001,ADAMW,2,MNIST,8,train_eval,1.3228166103363037,8.910891089108912e-05,0.0681416266044757,
2025-09-15 04:08:40,ADAMW_lr0.001,ADAMW,2,MNIST,8,val_eval,1.3130933046340942,8.910891089108912e-05,0.0681416266044757,
2025-09-15 04:08:40,ADAMW_lr0.001,ADAMW,2,MNIST,8,train_iter,1.3762481212615967,8.910891089108912e-05,0.06797119641415628,1058.1433773040771
2025-09-15 04:08:41,ADAMW_lr0.001,ADAMW,2,MNIST,9,train_eval,1.2394835948944092,9.900990099009902e-05,0.06797119641415628,
2025-09-15 04:08:41,ADAMW_lr0.001,ADAMW,2,MNIST,9,val_eval,1.235479474067688,9.900990099009902e-05,0.06797119641415628,
2025-09-15 04:08:41,ADAMW_lr0.001,ADAMW,2,MNIST,9,train_iter,1.2915656566619873,9.900990099009902e-05,0.06793769025040156,1039.3884181976318
2025-09-15 04:08:42,ADAMW_lr0.001,ADAMW,2,MNIST,10,train_eval,1.1409794092178345,0.0001089108910891089,0.06793769025040156,
2025-09-15 04:08:42,ADAMW_lr0.001,ADAMW,2,MNIST,10,val_eval,1.189145565032959,0.0001089108910891089,0.06793769025040156,
2025-09-15 04:08:42,ADAMW_lr0.001,ADAMW,2,MNIST,10,train_iter,1.0719698667526245,0.0001089108910891089,0.06755716044658909,1096.1732864379883
2025-09-15 04:08:43,ADAMW_lr0.001,ADAMW,2,MNIST,11,train_eval,1.199562668800354,0.00011881188118811881,0.06755716044658909,
2025-09-15 04:08:43,ADAMW_lr0.001,ADAMW,2,MNIST,11,val_eval,1.2076572179794312,0.00011881188118811881,0.06755716044658909,
2025-09-15 04:08:43,ADAMW_lr0.001,ADAMW,2,MNIST,11,train_iter,1.3244675397872925,0.00011881188118811881,0.06998652518185741,765.373945236206
2025-09-15 04:08:44,ADAMW_lr0.001,ADAMW,2,MNIST,12,train_eval,1.142005205154419,0.00012871287128712872,0.06998652518185741,
2025-09-15 04:08:44,ADAMW_lr0.001,ADAMW,2,MNIST,12,val_eval,1.150881290435791,0.00012871287128712872,0.06998652518185741,
2025-09-15 04:08:44,ADAMW_lr0.001,ADAMW,2,MNIST,12,train_iter,1.105041265487671,0.00012871287128712872,0.06968477383709493,1049.7424602508545
2025-09-15 04:08:45,ADAMW_lr0.001,ADAMW,2,MNIST,13,train_eval,1.287987232208252,0.00013861386138613863,0.06968477383709493,
2025-09-15 04:08:45,ADAMW_lr0.001,ADAMW,2,MNIST,13,val_eval,1.298325538635254,0.00013861386138613863,0.06968477383709493,
2025-09-15 04:08:45,ADAMW_lr0.001,ADAMW,2,MNIST,13,train_iter,1.5836942195892334,0.00013861386138613863,0.07184159199928247,770.3883647918701
2025-09-15 04:08:46,ADAMW_lr0.001,ADAMW,2,MNIST,14,train_eval,1.273032546043396,0.0001485148514851485,0.07184159199928247,
2025-09-15 04:08:46,ADAMW_lr0.001,ADAMW,2,MNIST,14,val_eval,1.2636114358901978,0.0001485148514851485,0.07184159199928247,
2025-09-15 04:08:46,ADAMW_lr0.001,ADAMW,2,MNIST,14,train_iter,1.259918212890625,0.0001485148514851485,0.07431190038366565,728.1625270843506
2025-09-15 04:08:46,ADAMW_lr0.001,ADAMW,2,MNIST,15,train_eval,1.13919198513031,0.00015841584158415842,0.07431190038366565,
2025-09-15 04:08:46,ADAMW_lr0.001,ADAMW,2,MNIST,15,val_eval,1.1301823854446411,0.00015841584158415842,0.07431190038366565,
2025-09-15 04:08:47,ADAMW_lr0.001,ADAMW,2,MNIST,15,train_iter,1.1900608539581299,0.00015841584158415842,0.073597582400006,1046.621322631836
2025-09-15 04:08:47,ADAMW_lr0.001,ADAMW,2,MNIST,16,train_eval,1.1631274223327637,0.00016831683168316833,0.073597582400006,
2025-09-15 04:08:47,ADAMW_lr0.001,ADAMW,2,MNIST,16,val_eval,1.1521220207214355,0.00016831683168316833,0.073597582400006,
2025-09-15 04:08:47,ADAMW_lr0.001,ADAMW,2,MNIST,16,train_iter,1.2337777614593506,0.00016831683168316833,0.07516279932642476,787.6796722412109
2025-09-15 04:08:48,ADAMW_lr0.001,ADAMW,2,MNIST,17,train_eval,1.1191682815551758,0.00017821782178217824,0.07516279932642476,
2025-09-15 04:08:48,ADAMW_lr0.001,ADAMW,2,MNIST,17,val_eval,1.1296900510787964,0.00017821782178217824,0.07516279932642476,
2025-09-15 04:08:48,ADAMW_lr0.001,ADAMW,2,MNIST,17,train_iter,1.2077019214630127,0.00017821782178217824,0.07399529437363121,1107.3036193847656
2025-09-15 04:08:49,ADAMW_lr0.001,ADAMW,2,MNIST,18,train_eval,1.108603835105896,0.00018811881188118812,0.07399529437363121,
2025-09-15 04:08:49,ADAMW_lr0.001,ADAMW,2,MNIST,18,val_eval,1.1177475452423096,0.00018811881188118812,0.07399529437363121,
2025-09-15 04:08:50,ADAMW_lr0.001,ADAMW,2,MNIST,18,train_iter,1.0809248685836792,0.00018811881188118812,0.0701113402063844,1999.6788501739502
2025-09-15 04:08:51,ADAMW_lr0.001,ADAMW,2,MNIST,19,train_eval,1.0907385349273682,0.00019801980198019803,0.0701113402063844,
2025-09-15 04:08:51,ADAMW_lr0.001,ADAMW,2,MNIST,19,val_eval,1.1296563148498535,0.00019801980198019803,0.0701113402063844,
2025-09-15 04:08:51,ADAMW_lr0.001,ADAMW,2,MNIST,19,train_iter,1.0231022834777832,0.00019801980198019803,0.07224913539587591,768.3982849121094
2025-09-15 04:08:52,ADAMW_lr0.001,ADAMW,2,MNIST,20,train_eval,1.0881751775741577,0.00020792079207920794,0.07224913539587591,
2025-09-15 04:08:52,ADAMW_lr0.001,ADAMW,2,MNIST,20,val_eval,1.123162865638733,0.00020792079207920794,0.07224913539587591,
2025-09-15 04:08:52,ADAMW_lr0.001,ADAMW,2,MNIST,20,train_iter,1.1057544946670532,0.00020792079207920794,0.07475315678135029,722.5890159606934
2025-09-15 04:08:53,ADAMW_lr0.001,ADAMW,2,MNIST,21,train_eval,1.0792064666748047,0.0002178217821782178,0.07475315678135029,
2025-09-15 04:08:53,ADAMW_lr0.001,ADAMW,2,MNIST,21,val_eval,1.1130399703979492,0.0002178217821782178,0.07475315678135029,
2025-09-15 04:08:54,ADAMW_lr0.001,ADAMW,2,MNIST,21,train_iter,1.079970359802246,0.0002178217821782178,0.07120638077434228,1789.4744873046875
2025-09-15 04:08:55,ADAMW_lr0.001,ADAMW,2,MNIST,22,train_eval,1.0763322114944458,0.0002277227722772277,0.07120638077434228,
2025-09-15 04:08:55,ADAMW_lr0.001,ADAMW,2,MNIST,22,val_eval,1.1076475381851196,0.0002277227722772277,0.07120638077434228,
2025-09-15 04:08:55,ADAMW_lr0.001,ADAMW,2,MNIST,22,train_iter,1.0800273418426514,0.0002277227722772277,0.07045227373668984,1104.215383529663
2025-09-15 04:08:56,ADAMW_lr0.001,ADAMW,2,MNIST,23,train_eval,1.0729858875274658,0.00023762376237623762,0.07045227373668984,
2025-09-15 04:08:56,ADAMW_lr0.001,ADAMW,2,MNIST,23,val_eval,1.1048057079315186,0.00023762376237623762,0.07045227373668984,
2025-09-15 04:08:56,ADAMW_lr0.001,ADAMW,2,MNIST,23,train_iter,1.0812013149261475,0.00023762376237623762,0.07022713841436529,1030.7810306549072
2025-09-15 04:08:57,ADAMW_lr0.001,ADAMW,2,MNIST,24,train_eval,1.0651228427886963,0.00024752475247524753,0.07022713841436529,
2025-09-15 04:08:57,ADAMW_lr0.001,ADAMW,2,MNIST,24,val_eval,1.1022071838378906,0.00024752475247524753,0.07022713841436529,
2025-09-15 04:08:57,ADAMW_lr0.001,ADAMW,2,MNIST,24,train_iter,0.9506334662437439,0.00024752475247524753,0.069795952654526,1066.523790359497
2025-09-15 04:08:58,ADAMW_lr0.001,ADAMW,2,MNIST,25,train_eval,1.1063507795333862,0.00025742574257425744,0.069795952654526,
2025-09-15 04:08:58,ADAMW_lr0.001,ADAMW,2,MNIST,25,val_eval,1.0985231399536133,0.00025742574257425744,0.069795952654526,
2025-09-15 04:08:58,ADAMW_lr0.001,ADAMW,2,MNIST,25,train_iter,1.3078711032867432,0.00025742574257425744,0.06899718656876407,1137.3913288116455
2025-09-15 04:08:59,ADAMW_lr0.001,ADAMW,2,MNIST,26,train_eval,1.085089921951294,0.00026732673267326735,0.06899718656876407,
2025-09-15 04:08:59,ADAMW_lr0.001,ADAMW,2,MNIST,26,val_eval,1.1030195951461792,0.00026732673267326735,0.06899718656876407,
2025-09-15 04:08:59,ADAMW_lr0.001,ADAMW,2,MNIST,26,train_iter,1.3346540927886963,0.00026732673267326735,0.07159472153820903,740.2162551879883
2025-09-15 04:09:00,ADAMW_lr0.001,ADAMW,2,MNIST,27,train_eval,1.0865111351013184,0.00027722772277227726,0.07159472153820903,
2025-09-15 04:09:00,ADAMW_lr0.001,ADAMW,2,MNIST,27,val_eval,1.0949711799621582,0.00027722772277227726,0.07159472153820903,
2025-09-15 04:09:00,ADAMW_lr0.001,ADAMW,2,MNIST,27,train_iter,1.3826707601547241,0.00027722772277227726,0.07041341638871636,1175.9493350982666
2025-09-15 04:09:01,ADAMW_lr0.001,ADAMW,2,MNIST,28,train_eval,1.0770355463027954,0.00028712871287128717,0.07041341638871636,
2025-09-15 04:09:01,ADAMW_lr0.001,ADAMW,2,MNIST,28,val_eval,1.0820057392120361,0.00028712871287128717,0.07041341638871636,
2025-09-15 04:09:01,ADAMW_lr0.001,ADAMW,2,MNIST,28,train_iter,1.1569349765777588,0.00028712871287128717,0.06974711931100405,1102.74076461792
2025-09-15 04:09:02,ADAMW_lr0.001,ADAMW,2,MNIST,29,train_eval,1.0684821605682373,0.000297029702970297,0.06974711931100405,
2025-09-15 04:09:02,ADAMW_lr0.001,ADAMW,2,MNIST,29,val_eval,1.0696078538894653,0.000297029702970297,0.06974711931100405,
2025-09-15 04:09:02,ADAMW_lr0.001,ADAMW,2,MNIST,29,train_iter,1.0830261707305908,0.000297029702970297,0.0688521213528955,1156.3079357147217
2025-09-15 04:09:03,ADAMW_lr0.001,ADAMW,2,MNIST,30,train_eval,1.0729680061340332,0.00030693069306930693,0.0688521213528955,
2025-09-15 04:09:03,ADAMW_lr0.001,ADAMW,2,MNIST,30,val_eval,1.085817813873291,0.00030693069306930693,0.0688521213528955,
2025-09-15 04:09:03,ADAMW_lr0.001,ADAMW,2,MNIST,30,train_iter,1.2750825881958008,0.00030693069306930693,0.07078377413003577,797.3380088806152
2025-09-15 04:09:04,ADAMW_lr0.001,ADAMW,2,MNIST,31,train_eval,1.0708239078521729,0.00031683168316831684,0.07078377413003577,
2025-09-15 04:09:04,ADAMW_lr0.001,ADAMW,2,MNIST,31,val_eval,1.0726069211959839,0.00031683168316831684,0.07078377413003577,
2025-09-15 04:09:04,ADAMW_lr0.001,ADAMW,2,MNIST,31,train_iter,1.1199541091918945,0.00031683168316831684,0.07333708544981385,729.8846244812012
2025-09-15 04:09:05,ADAMW_lr0.001,ADAMW,2,MNIST,32,train_eval,1.0541412830352783,0.00032673267326732675,0.07333708544981385,
2025-09-15 04:09:05,ADAMW_lr0.001,ADAMW,2,MNIST,32,val_eval,1.051632046699524,0.00032673267326732675,0.07333708544981385,
2025-09-15 04:09:05,ADAMW_lr0.001,ADAMW,2,MNIST,32,train_iter,1.0674488544464111,0.00032673267326732675,0.07156030457586254,1265.0914192199707
2025-09-15 04:09:06,ADAMW_lr0.001,ADAMW,2,MNIST,33,train_eval,1.045689582824707,0.00033663366336633666,0.07156030457586254,
2025-09-15 04:09:06,ADAMW_lr0.001,ADAMW,2,MNIST,33,val_eval,1.0550081729888916,0.00033663366336633666,0.07156030457586254,
2025-09-15 04:09:06,ADAMW_lr0.001,ADAMW,2,MNIST,33,train_iter,1.098376989364624,0.00033663366336633666,0.0735500137091011,768.6662673950195
2025-09-15 04:09:07,ADAMW_lr0.001,ADAMW,2,MNIST,34,train_eval,1.0376002788543701,0.00034653465346534657,0.0735500137091011,
2025-09-15 04:09:07,ADAMW_lr0.001,ADAMW,2,MNIST,34,val_eval,1.0342618227005005,0.00034653465346534657,0.0735500137091011,
2025-09-15 04:09:07,ADAMW_lr0.001,ADAMW,2,MNIST,34,train_iter,0.9997744560241699,0.00034653465346534657,0.07305353736821088,1025.0048637390137
2025-09-15 04:09:08,ADAMW_lr0.001,ADAMW,2,MNIST,35,train_eval,1.051611304283142,0.0003564356435643565,0.07305353736821088,
2025-09-15 04:09:08,ADAMW_lr0.001,ADAMW,2,MNIST,35,val_eval,1.0505969524383545,0.0003564356435643565,0.07305353736821088,
2025-09-15 04:09:08,ADAMW_lr0.001,ADAMW,2,MNIST,35,train_iter,0.9053386449813843,0.0003564356435643565,0.074510230045738,802.3264408111572
2025-09-15 04:09:08,ADAMW_lr0.001,ADAMW,2,MNIST,36,train_eval,1.0271469354629517,0.00036633663366336634,0.074510230045738,
2025-09-15 04:09:08,ADAMW_lr0.001,ADAMW,2,MNIST,36,val_eval,1.034360408782959,0.00036633663366336634,0.074510230045738,
2025-09-15 04:09:08,ADAMW_lr0.001,ADAMW,2,MNIST,36,train_iter,0.7988418936729431,0.00036633663366336634,0.07668327224278292,730.4627895355225
2025-09-15 04:09:09,ADAMW_lr0.001,ADAMW,2,MNIST,37,train_eval,1.0490106344223022,0.00037623762376237625,0.07668327224278292,
2025-09-15 04:09:09,ADAMW_lr0.001,ADAMW,2,MNIST,37,val_eval,1.0330941677093506,0.00037623762376237625,0.07668327224278292,
2025-09-15 04:09:09,ADAMW_lr0.001,ADAMW,2,MNIST,37,train_iter,1.100939154624939,0.00037623762376237625,0.07597997591313879,1009.3309879302979
2025-09-15 04:09:10,ADAMW_lr0.001,ADAMW,2,MNIST,38,train_eval,1.0491774082183838,0.00038613861386138616,0.07597997591313879,
2025-09-15 04:09:10,ADAMW_lr0.001,ADAMW,2,MNIST,38,val_eval,1.0448068380355835,0.00038613861386138616,0.07597997591313879,
2025-09-15 04:09:10,ADAMW_lr0.001,ADAMW,2,MNIST,38,train_iter,0.8670352697372437,0.00038613861386138616,0.07766419209622617,757.3647499084473
2025-09-15 04:09:11,ADAMW_lr0.001,ADAMW,2,MNIST,39,train_eval,1.0360726118087769,0.00039603960396039607,0.07766419209622617,
2025-09-15 04:09:11,ADAMW_lr0.001,ADAMW,2,MNIST,39,val_eval,1.0266563892364502,0.00039603960396039607,0.07766419209622617,
2025-09-15 04:09:11,ADAMW_lr0.001,ADAMW,2,MNIST,39,train_iter,0.92303466796875,0.00039603960396039607,0.07624459914614305,1107.6436042785645
2025-09-15 04:09:12,ADAMW_lr0.001,ADAMW,2,MNIST,40,train_eval,1.0377739667892456,0.000405940594059406,0.07624459914614305,
2025-09-15 04:09:12,ADAMW_lr0.001,ADAMW,2,MNIST,40,val_eval,1.0032614469528198,0.000405940594059406,0.07624459914614305,
2025-09-15 04:09:13,ADAMW_lr0.001,ADAMW,2,MNIST,40,train_iter,0.7753795385360718,0.000405940594059406,0.07227561456412811,1923.1483936309814
2025-09-15 04:09:14,ADAMW_lr0.001,ADAMW,2,MNIST,41,train_eval,1.0462982654571533,0.0004158415841584159,0.07227561456412811,
2025-09-15 04:09:14,ADAMW_lr0.001,ADAMW,2,MNIST,41,val_eval,1.0398396253585815,0.0004158415841584159,0.07227561456412811,
2025-09-15 04:09:14,ADAMW_lr0.001,ADAMW,2,MNIST,41,train_iter,0.8135164976119995,0.0004158415841584159,0.07258970074652579,932.1599006652832
2025-09-15 04:09:15,ADAMW_lr0.001,ADAMW,2,MNIST,42,train_eval,1.0550583600997925,0.0004257425742574258,0.07258970074652579,
2025-09-15 04:09:15,ADAMW_lr0.001,ADAMW,2,MNIST,42,val_eval,1.0719236135482788,0.0004257425742574258,0.07258970074652579,
2025-09-15 04:09:15,ADAMW_lr0.001,ADAMW,2,MNIST,42,train_iter,1.1784199476242065,0.0004257425742574258,0.07407976740869218,803.5194873809814
2025-09-15 04:09:16,ADAMW_lr0.001,ADAMW,2,MNIST,43,train_eval,1.0332303047180176,0.0004356435643564356,0.07407976740869218,
2025-09-15 04:09:16,ADAMW_lr0.001,ADAMW,2,MNIST,43,val_eval,1.0246249437332153,0.0004356435643564356,0.07407976740869218,
2025-09-15 04:09:16,ADAMW_lr0.001,ADAMW,2,MNIST,43,train_iter,0.9469261169433594,0.0004356435643564356,0.0762942509655656,730.5846214294434
2025-09-15 04:09:16,ADAMW_lr0.001,ADAMW,2,MNIST,44,train_eval,1.0368329286575317,0.0004455445544554455,0.0762942509655656,
2025-09-15 04:09:16,ADAMW_lr0.001,ADAMW,2,MNIST,44,val_eval,1.0258325338363647,0.0004455445544554455,0.0762942509655656,
2025-09-15 04:09:16,ADAMW_lr0.001,ADAMW,2,MNIST,44,train_iter,1.0139505863189697,0.0004455445544554455,0.0782372699469854,734.4019412994385
2025-09-15 04:09:17,ADAMW_lr0.001,ADAMW,2,MNIST,45,train_eval,1.0619755983352661,0.0004554455445544554,0.0782372699469854,
2025-09-15 04:09:17,ADAMW_lr0.001,ADAMW,2,MNIST,45,val_eval,1.0415735244750977,0.0004554455445544554,0.0782372699469854,
2025-09-15 04:09:17,ADAMW_lr0.001,ADAMW,2,MNIST,45,train_iter,1.162306308746338,0.0004554455445544554,0.08001610116256874,732.0988178253174
2025-09-15 04:09:18,ADAMW_lr0.001,ADAMW,2,MNIST,46,train_eval,1.0282657146453857,0.0004653465346534653,0.08001610116256874,
2025-09-15 04:09:18,ADAMW_lr0.001,ADAMW,2,MNIST,46,val_eval,1.0266718864440918,0.0004653465346534653,0.08001610116256874,
2025-09-15 04:09:18,ADAMW_lr0.001,ADAMW,2,MNIST,46,train_iter,0.8625993728637695,0.0004653465346534653,0.08161956732247316,731.9068908691406
2025-09-15 04:09:19,ADAMW_lr0.001,ADAMW,2,MNIST,47,train_eval,1.0288403034210205,0.00047524752475247524,0.08161956732247316,
2025-09-15 04:09:19,ADAMW_lr0.001,ADAMW,2,MNIST,47,val_eval,1.0491358041763306,0.00047524752475247524,0.08161956732247316,
2025-09-15 04:09:19,ADAMW_lr0.001,ADAMW,2,MNIST,47,train_iter,0.9502827525138855,0.00047524752475247524,0.08301393771892816,735.6405258178711
2025-09-15 04:09:19,ADAMW_lr0.001,ADAMW,2,MNIST,48,train_eval,1.0296787023544312,0.00048514851485148515,0.08301393771892816,
2025-09-15 04:09:19,ADAMW_lr0.001,ADAMW,2,MNIST,48,val_eval,1.023516297340393,0.00048514851485148515,0.08301393771892816,
2025-09-15 04:09:19,ADAMW_lr0.001,ADAMW,2,MNIST,48,train_iter,1.3315824270248413,0.00048514851485148515,0.08429900528039566,733.328104019165
2025-09-15 04:09:20,ADAMW_lr0.001,ADAMW,2,MNIST,49,train_eval,1.0215694904327393,0.0004950495049504951,0.08429900528039566,
2025-09-15 04:09:20,ADAMW_lr0.001,ADAMW,2,MNIST,49,val_eval,1.0191096067428589,0.0004950495049504951,0.08429900528039566,
2025-09-15 04:09:20,ADAMW_lr0.001,ADAMW,2,MNIST,49,train_iter,1.2812683582305908,0.0004950495049504951,0.08548835057142315,730.8287620544434
2025-09-15 04:09:21,ADAMW_lr0.001,ADAMW,2,MNIST,50,train_eval,1.0224101543426514,0.000504950495049505,0.08548835057142315,
2025-09-15 04:09:21,ADAMW_lr0.001,ADAMW,2,MNIST,50,val_eval,1.048553705215454,0.000504950495049505,0.08548835057142315,
2025-09-15 04:09:21,ADAMW_lr0.001,ADAMW,2,MNIST,50,train_iter,0.9418781995773315,0.000504950495049505,0.08653978515086762,732.2733402252197
2025-09-15 04:09:21,ADAMW_lr0.001,ADAMW,2,MNIST,51,train_eval,1.027828335762024,0.0005148514851485149,0.08653978515086762,
2025-09-15 04:09:21,ADAMW_lr0.001,ADAMW,2,MNIST,51,val_eval,1.0503747463226318,0.0005148514851485149,0.08653978515086762,
2025-09-15 04:09:22,ADAMW_lr0.001,ADAMW,2,MNIST,51,train_iter,1.1857342720031738,0.0005148514851485149,0.08750411111977428,730.9002876281738
2025-09-15 04:09:22,ADAMW_lr0.001,ADAMW,2,MNIST,52,train_eval,1.042336344718933,0.0005247524752475248,0.08750411111977428,
2025-09-15 04:09:22,ADAMW_lr0.001,ADAMW,2,MNIST,52,val_eval,1.0359479188919067,0.0005247524752475248,0.08750411111977428,
2025-09-15 04:09:22,ADAMW_lr0.001,ADAMW,2,MNIST,52,train_iter,0.6125315427780151,0.0005247524752475248,0.08816354402905177,747.0922470092773
2025-09-15 04:09:23,ADAMW_lr0.001,ADAMW,2,MNIST,53,train_eval,1.044379472732544,0.0005346534653465347,0.08816354402905177,
2025-09-15 04:09:23,ADAMW_lr0.001,ADAMW,2,MNIST,53,val_eval,1.0582157373428345,0.0005346534653465347,0.08816354402905177,
2025-09-15 04:09:23,ADAMW_lr0.001,ADAMW,2,MNIST,53,train_iter,1.249666690826416,0.0005346534653465347,0.08885232058843753,739.60280418396
2025-09-15 04:09:24,ADAMW_lr0.001,ADAMW,2,MNIST,54,train_eval,1.0349863767623901,0.0005445544554455446,0.08885232058843753,
2025-09-15 04:09:24,ADAMW_lr0.001,ADAMW,2,MNIST,54,val_eval,1.055384635925293,0.0005445544554455446,0.08885232058843753,
2025-09-15 04:09:24,ADAMW_lr0.001,ADAMW,2,MNIST,54,train_iter,0.9561233520507812,0.0005445544554455446,0.08947532134955485,739.3615245819092
2025-09-15 04:09:24,ADAMW_lr0.001,ADAMW,2,MNIST,55,train_eval,1.028275728225708,0.0005544554455445545,0.08947532134955485,
2025-09-15 04:09:24,ADAMW_lr0.001,ADAMW,2,MNIST,55,val_eval,1.0257359743118286,0.0005544554455445545,0.08947532134955485,
2025-09-15 04:09:24,ADAMW_lr0.001,ADAMW,2,MNIST,55,train_iter,0.86529541015625,0.0005544554455445545,0.09017587872697701,728.6438941955566
2025-09-15 04:09:25,ADAMW_lr0.001,ADAMW,2,MNIST,56,train_eval,1.0398211479187012,0.0005643564356435644,0.09017587872697701,
2025-09-15 04:09:25,ADAMW_lr0.001,ADAMW,2,MNIST,56,val_eval,1.0169445276260376,0.0005643564356435644,0.09017587872697701,
2025-09-15 04:09:25,ADAMW_lr0.001,ADAMW,2,MNIST,56,train_iter,1.0165890455245972,0.0005643564356435644,0.09077296351234465,731.1763763427734
2025-09-15 04:09:26,ADAMW_lr0.001,ADAMW,2,MNIST,57,train_eval,1.03249990940094,0.0005742574257425743,0.09077296351234465,
2025-09-15 04:09:26,ADAMW_lr0.001,ADAMW,2,MNIST,57,val_eval,1.025302529335022,0.0005742574257425743,0.09077296351234465,
2025-09-15 04:09:26,ADAMW_lr0.001,ADAMW,2,MNIST,57,train_iter,1.167616367340088,0.0005742574257425743,0.09128913380010346,732.7926158905029
2025-09-15 04:09:27,ADAMW_lr0.001,ADAMW,2,MNIST,58,train_eval,1.021409273147583,0.0005841584158415842,0.09128913380010346,
2025-09-15 04:09:27,ADAMW_lr0.001,ADAMW,2,MNIST,58,val_eval,1.0162338018417358,0.0005841584158415842,0.09128913380010346,
2025-09-15 04:09:27,ADAMW_lr0.001,ADAMW,2,MNIST,58,train_iter,1.0863584280014038,0.0005841584158415842,0.0916298401443393,742.3763275146484
2025-09-15 04:09:27,ADAMW_lr0.001,ADAMW,2,MNIST,59,train_eval,1.0091896057128906,0.000594059405940594,0.0916298401443393,
2025-09-15 04:09:27,ADAMW_lr0.001,ADAMW,2,MNIST,59,val_eval,1.0218472480773926,0.000594059405940594,0.0916298401443393,
2025-09-15 04:09:27,ADAMW_lr0.001,ADAMW,2,MNIST,59,train_iter,1.0357197523117065,0.000594059405940594,0.09213068652042068,727.4570465087891
2025-09-15 04:09:28,ADAMW_lr0.001,ADAMW,2,MNIST,60,train_eval,1.0176135301589966,0.000603960396039604,0.09213068652042068,
2025-09-15 04:09:28,ADAMW_lr0.001,ADAMW,2,MNIST,60,val_eval,1.029178261756897,0.000603960396039604,0.09213068652042068,
2025-09-15 04:09:28,ADAMW_lr0.001,ADAMW,2,MNIST,60,train_iter,1.062281847000122,0.000603960396039604,0.09253628003799608,730.8731079101562
2025-09-15 04:09:29,ADAMW_lr0.001,ADAMW,2,MNIST,61,train_eval,1.014747142791748,0.0006138613861386139,0.09253628003799608,
2025-09-15 04:09:29,ADAMW_lr0.001,ADAMW,2,MNIST,61,val_eval,1.0098159313201904,0.0006138613861386139,0.09253628003799608,
2025-09-15 04:09:29,ADAMW_lr0.001,ADAMW,2,MNIST,61,train_iter,1.0330067873001099,0.0006138613861386139,0.09279666485470373,738.9123439788818
2025-09-15 04:09:30,ADAMW_lr0.001,ADAMW,2,MNIST,62,train_eval,1.0059009790420532,0.0006237623762376238,0.09279666485470373,
2025-09-15 04:09:30,ADAMW_lr0.001,ADAMW,2,MNIST,62,val_eval,1.000090479850769,0.0006237623762376238,0.09279666485470373,
2025-09-15 04:09:30,ADAMW_lr0.001,ADAMW,2,MNIST,62,train_iter,1.037353754043579,0.0006237623762376238,0.08982205011235968,1114.9823665618896
2025-09-15 04:09:31,ADAMW_lr0.001,ADAMW,2,MNIST,63,train_eval,1.000133991241455,0.0006336633663366337,0.08982205011235968,
2025-09-15 04:09:31,ADAMW_lr0.001,ADAMW,2,MNIST,63,val_eval,1.0197457075119019,0.0006336633663366337,0.08982205011235968,
2025-09-15 04:09:31,ADAMW_lr0.001,ADAMW,2,MNIST,63,train_iter,0.6328428983688354,0.0006336633663366337,0.09021326969394529,749.9949932098389
2025-09-15 04:09:31,ADAMW_lr0.001,ADAMW,2,MNIST,64,train_eval,1.009204387664795,0.0006435643564356436,0.09021326969394529,
2025-09-15 04:09:31,ADAMW_lr0.001,ADAMW,2,MNIST,64,val_eval,1.033340334892273,0.0006435643564356436,0.09021326969394529,
2025-09-15 04:09:31,ADAMW_lr0.001,ADAMW,2,MNIST,64,train_iter,0.934709906578064,0.0006435643564356436,0.09077758754249207,733.3905696868896
2025-09-15 04:09:32,ADAMW_lr0.001,ADAMW,2,MNIST,65,train_eval,1.0329152345657349,0.0006534653465346535,0.09077758754249207,
2025-09-15 04:09:32,ADAMW_lr0.001,ADAMW,2,MNIST,65,val_eval,1.046884298324585,0.0006534653465346535,0.09077758754249207,
2025-09-15 04:09:32,ADAMW_lr0.001,ADAMW,2,MNIST,65,train_iter,0.9394403696060181,0.0006534653465346535,0.09138212143022813,726.0699272155762
2025-09-15 04:09:33,ADAMW_lr0.001,ADAMW,2,MNIST,66,train_eval,1.0318615436553955,0.0006633663366336634,0.09138212143022813,
2025-09-15 04:09:33,ADAMW_lr0.001,ADAMW,2,MNIST,66,val_eval,1.0386967658996582,0.0006633663366336634,0.09138212143022813,
2025-09-15 04:09:33,ADAMW_lr0.001,ADAMW,2,MNIST,66,train_iter,1.1379408836364746,0.0006633663366336634,0.09192569643717394,726.1078357696533
2025-09-15 04:09:34,ADAMW_lr0.001,ADAMW,2,MNIST,67,train_eval,1.0245248079299927,0.0006732673267326733,0.09192569643717394,
2025-09-15 04:09:34,ADAMW_lr0.001,ADAMW,2,MNIST,67,val_eval,1.0250204801559448,0.0006732673267326733,0.09192569643717394,
2025-09-15 04:09:34,ADAMW_lr0.001,ADAMW,2,MNIST,67,train_iter,1.2146390676498413,0.0006732673267326733,0.09234592188881038,731.3191890716553
2025-09-15 04:09:34,ADAMW_lr0.001,ADAMW,2,MNIST,68,train_eval,1.0253987312316895,0.0006831683168316832,0.09234592188881038,
2025-09-15 04:09:34,ADAMW_lr0.001,ADAMW,2,MNIST,68,val_eval,1.0171231031417847,0.0006831683168316832,0.09234592188881038,
2025-09-15 04:09:34,ADAMW_lr0.001,ADAMW,2,MNIST,68,train_iter,0.842011570930481,0.0006831683168316832,0.09267403196347401,735.1500988006592
2025-09-15 04:09:35,ADAMW_lr0.001,ADAMW,2,MNIST,69,train_eval,1.0340877771377563,0.0006930693069306931,0.09267403196347401,
2025-09-15 04:09:35,ADAMW_lr0.001,ADAMW,2,MNIST,69,val_eval,1.0344229936599731,0.0006930693069306931,0.09267403196347401,
2025-09-15 04:09:35,ADAMW_lr0.001,ADAMW,2,MNIST,69,train_iter,1.1351341009140015,0.0006930693069306931,0.09304638800421539,729.2735576629639
2025-09-15 04:09:36,ADAMW_lr0.001,ADAMW,2,MNIST,70,train_eval,1.005760669708252,0.000702970297029703,0.09304638800421539,
2025-09-15 04:09:36,ADAMW_lr0.001,ADAMW,2,MNIST,70,val_eval,1.0160305500030518,0.000702970297029703,0.09304638800421539,
2025-09-15 04:09:36,ADAMW_lr0.001,ADAMW,2,MNIST,70,train_iter,0.984703004360199,0.000702970297029703,0.09331075126733125,734.666109085083
2025-09-15 04:09:37,ADAMW_lr0.001,ADAMW,2,MNIST,71,train_eval,1.0292408466339111,0.000712871287128713,0.09331075126733125,
2025-09-15 04:09:37,ADAMW_lr0.001,ADAMW,2,MNIST,71,val_eval,1.0213061571121216,0.000712871287128713,0.09331075126733125,
2025-09-15 04:09:37,ADAMW_lr0.001,ADAMW,2,MNIST,71,train_iter,0.9208105802536011,0.000712871287128713,0.09358977058754306,731.5247058868408
2025-09-15 04:09:37,ADAMW_lr0.001,ADAMW,2,MNIST,72,train_eval,1.0215011835098267,0.0007227722772277228,0.09358977058754306,
2025-09-15 04:09:37,ADAMW_lr0.001,ADAMW,2,MNIST,72,val_eval,1.0148249864578247,0.0007227722772277228,0.09358977058754306,
2025-09-15 04:09:37,ADAMW_lr0.001,ADAMW,2,MNIST,72,train_iter,1.0082048177719116,0.0007227722772277228,0.09393375790555084,724.5230674743652
2025-09-15 04:09:38,ADAMW_lr0.001,ADAMW,2,MNIST,73,train_eval,1.0220551490783691,0.0007326732673267327,0.09393375790555084,
2025-09-15 04:09:38,ADAMW_lr0.001,ADAMW,2,MNIST,73,val_eval,1.0136164426803589,0.0007326732673267327,0.09393375790555084,
2025-09-15 04:09:38,ADAMW_lr0.001,ADAMW,2,MNIST,73,train_iter,0.7545547485351562,0.0007326732673267327,0.0942467002495827,724.2727279663086
2025-09-15 04:09:39,ADAMW_lr0.001,ADAMW,2,MNIST,74,train_eval,1.0257728099822998,0.0007425742574257426,0.0942467002495827,
2025-09-15 04:09:39,ADAMW_lr0.001,ADAMW,2,MNIST,74,val_eval,1.0177000761032104,0.0007425742574257426,0.0942467002495827,
2025-09-15 04:09:39,ADAMW_lr0.001,ADAMW,2,MNIST,74,train_iter,0.8941569328308105,0.0007425742574257426,0.09446203843578592,729.2547225952148
2025-09-15 04:09:39,ADAMW_lr0.001,ADAMW,2,MNIST,75,train_eval,1.0044344663619995,0.0007524752475247525,0.09446203843578592,
2025-09-15 04:09:39,ADAMW_lr0.001,ADAMW,2,MNIST,75,val_eval,1.0129715204238892,0.0007524752475247525,0.09446203843578592,
2025-09-15 04:09:39,ADAMW_lr0.001,ADAMW,2,MNIST,75,train_iter,1.0825523138046265,0.0007524752475247525,0.0946434255517066,730.1952838897705
2025-09-15 04:09:40,ADAMW_lr0.001,ADAMW,2,MNIST,76,train_eval,1.0030319690704346,0.0007623762376237624,0.0946434255517066,
2025-09-15 04:09:40,ADAMW_lr0.001,ADAMW,2,MNIST,76,val_eval,1.0250164270401,0.0007623762376237624,0.0946434255517066,
2025-09-15 04:09:40,ADAMW_lr0.001,ADAMW,2,MNIST,76,train_iter,1.0380527973175049,0.0007623762376237624,0.09484353103984101,727.4105548858643
2025-09-15 04:09:41,ADAMW_lr0.001,ADAMW,2,MNIST,77,train_eval,1.0182956457138062,0.0007722772277227723,0.09484353103984101,
2025-09-15 04:09:41,ADAMW_lr0.001,ADAMW,2,MNIST,77,val_eval,1.0266849994659424,0.0007722772277227723,0.09484353103984101,
2025-09-15 04:09:41,ADAMW_lr0.001,ADAMW,2,MNIST,77,train_iter,1.1255977153778076,0.0007722772277227723,0.09493701678818478,733.9882850646973
2025-09-15 04:09:42,ADAMW_lr0.001,ADAMW,2,MNIST,78,train_eval,1.0234203338623047,0.0007821782178217822,0.09493701678818478,
2025-09-15 04:09:42,ADAMW_lr0.001,ADAMW,2,MNIST,78,val_eval,1.0082892179489136,0.0007821782178217822,0.09493701678818478,
2025-09-15 04:09:42,ADAMW_lr0.001,ADAMW,2,MNIST,78,train_iter,1.1799756288528442,0.0007821782178217822,0.09502525307664134,733.6742877960205
2025-09-15 04:09:42,ADAMW_lr0.001,ADAMW,2,MNIST,79,train_eval,1.0110571384429932,0.0007920792079207921,0.09502525307664134,
2025-09-15 04:09:42,ADAMW_lr0.001,ADAMW,2,MNIST,79,val_eval,1.0376999378204346,0.0007920792079207921,0.09502525307664134,
2025-09-15 04:09:42,ADAMW_lr0.001,ADAMW,2,MNIST,79,train_iter,0.9896469116210938,0.0007920792079207921,0.0950482293803922,738.0211353302002
2025-09-15 04:09:43,ADAMW_lr0.001,ADAMW,2,MNIST,80,train_eval,1.0042166709899902,0.000801980198019802,0.0950482293803922,
2025-09-15 04:09:43,ADAMW_lr0.001,ADAMW,2,MNIST,80,val_eval,1.0285924673080444,0.000801980198019802,0.0950482293803922,
2025-09-15 04:09:43,ADAMW_lr0.001,ADAMW,2,MNIST,80,train_iter,1.287038803100586,0.000801980198019802,0.09503235908571715,740.8638000488281
2025-09-15 04:09:44,ADAMW_lr0.001,ADAMW,2,MNIST,81,train_eval,1.0061339139938354,0.000811881188118812,0.09503235908571715,
2025-09-15 04:09:44,ADAMW_lr0.001,ADAMW,2,MNIST,81,val_eval,1.0233548879623413,0.000811881188118812,0.09503235908571715,
2025-09-15 04:09:44,ADAMW_lr0.001,ADAMW,2,MNIST,81,train_iter,1.1153972148895264,0.000811881188118812,0.09517980207366247,728.4483909606934
2025-09-15 04:09:45,ADAMW_lr0.001,ADAMW,2,MNIST,82,train_eval,1.0033442974090576,0.0008217821782178219,0.09517980207366247,
2025-09-15 04:09:45,ADAMW_lr0.001,ADAMW,2,MNIST,82,val_eval,0.9916665554046631,0.0008217821782178219,0.09517980207366247,
2025-09-15 04:09:45,ADAMW_lr0.001,ADAMW,2,MNIST,82,train_iter,1.174607276916504,0.0008217821782178219,0.0919517452178415,1117.664098739624
2025-09-15 04:09:46,ADAMW_lr0.001,ADAMW,2,MNIST,83,train_eval,1.014276146888733,0.0008316831683168318,0.0919517452178415,
2025-09-15 04:09:46,ADAMW_lr0.001,ADAMW,2,MNIST,83,val_eval,1.0012882947921753,0.0008316831683168318,0.0919517452178415,
2025-09-15 04:09:46,ADAMW_lr0.001,ADAMW,2,MNIST,83,train_iter,1.1711781024932861,0.0008316831683168318,0.09159133085083498,795.7229614257812
2025-09-15 04:09:47,ADAMW_lr0.001,ADAMW,2,MNIST,84,train_eval,1.0002362728118896,0.0008415841584158417,0.09159133085083498,
2025-09-15 04:09:47,ADAMW_lr0.001,ADAMW,2,MNIST,84,val_eval,1.0233144760131836,0.0008415841584158417,0.09159133085083498,
2025-09-15 04:09:47,ADAMW_lr0.001,ADAMW,2,MNIST,84,train_iter,1.0442609786987305,0.0008415841584158417,0.0919139340068247,741.4276599884033
2025-09-15 04:09:47,ADAMW_lr0.001,ADAMW,2,MNIST,85,train_eval,1.0296052694320679,0.0008514851485148516,0.0919139340068247,
2025-09-15 04:09:47,ADAMW_lr0.001,ADAMW,2,MNIST,85,val_eval,1.0253708362579346,0.0008514851485148516,0.0919139340068247,
2025-09-15 04:09:47,ADAMW_lr0.001,ADAMW,2,MNIST,85,train_iter,1.0231571197509766,0.0008514851485148516,0.09229892989019445,734.0993881225586
2025-09-15 04:09:48,ADAMW_lr0.001,ADAMW,2,MNIST,86,train_eval,1.0289002656936646,0.0008613861386138615,0.09229892989019445,
2025-09-15 04:09:48,ADAMW_lr0.001,ADAMW,2,MNIST,86,val_eval,1.01408052444458,0.0008613861386138615,0.09229892989019445,
2025-09-15 04:09:48,ADAMW_lr0.001,ADAMW,2,MNIST,86,train_iter,0.993195652961731,0.0008613861386138615,0.09251071443270543,744.5733547210693
2025-09-15 04:09:49,ADAMW_lr0.001,ADAMW,2,MNIST,87,train_eval,1.0368061065673828,0.0008712871287128712,0.09251071443270543,
2025-09-15 04:09:49,ADAMW_lr0.001,ADAMW,2,MNIST,87,val_eval,1.0224997997283936,0.0008712871287128712,0.09251071443270543,
2025-09-15 04:09:49,ADAMW_lr0.001,ADAMW,2,MNIST,87,train_iter,1.0331816673278809,0.0008712871287128712,0.09293244183930696,726.7825603485107
2025-09-15 04:09:49,ADAMW_lr0.001,ADAMW,2,MNIST,88,train_eval,1.0098220109939575,0.0008811881188118811,0.09293244183930696,
2025-09-15 04:09:49,ADAMW_lr0.001,ADAMW,2,MNIST,88,val_eval,1.048126220703125,0.0008811881188118811,0.09293244183930696,
2025-09-15 04:09:49,ADAMW_lr0.001,ADAMW,2,MNIST,88,train_iter,0.9747295379638672,0.0008811881188118811,0.09306926186312102,745.490312576294
2025-09-15 04:09:50,ADAMW_lr0.001,ADAMW,2,MNIST,89,train_eval,1.0124608278274536,0.000891089108910891,0.09306926186312102,
2025-09-15 04:09:50,ADAMW_lr0.001,ADAMW,2,MNIST,89,val_eval,1.0279594659805298,0.000891089108910891,0.09306926186312102,
2025-09-15 04:09:50,ADAMW_lr0.001,ADAMW,2,MNIST,89,train_iter,1.0595756769180298,0.000891089108910891,0.0932732919529981,739.149808883667
2025-09-15 04:09:51,ADAMW_lr0.001,ADAMW,2,MNIST,90,train_eval,0.9926720261573792,0.0009009900990099009,0.0932732919529981,
2025-09-15 04:09:51,ADAMW_lr0.001,ADAMW,2,MNIST,90,val_eval,1.015525460243225,0.0009009900990099009,0.0932732919529981,
2025-09-15 04:09:51,ADAMW_lr0.001,ADAMW,2,MNIST,90,train_iter,0.9332575798034668,0.0009009900990099009,0.09354924028064258,732.043981552124
2025-09-15 04:09:52,ADAMW_lr0.001,ADAMW,2,MNIST,91,train_eval,0.999457836151123,0.0009108910891089108,0.09354924028064258,
2025-09-15 04:09:52,ADAMW_lr0.001,ADAMW,2,MNIST,91,val_eval,1.013847827911377,0.0009108910891089108,0.09354924028064258,
2025-09-15 04:09:52,ADAMW_lr0.001,ADAMW,2,MNIST,91,train_iter,0.9363318681716919,0.0009108910891089108,0.09382846280586254,729.6984195709229
2025-09-15 04:09:52,ADAMW_lr0.001,ADAMW,2,MNIST,92,train_eval,1.022921085357666,0.0009207920792079207,0.09382846280586254,
2025-09-15 04:09:52,ADAMW_lr0.001,ADAMW,2,MNIST,92,val_eval,1.0191303491592407,0.0009207920792079207,0.09382846280586254,
2025-09-15 04:09:52,ADAMW_lr0.001,ADAMW,2,MNIST,92,train_iter,1.1829086542129517,0.0009207920792079207,0.09402707499196951,733.7110042572021
2025-09-15 04:09:53,ADAMW_lr0.001,ADAMW,2,MNIST,93,train_eval,1.0180728435516357,0.0009306930693069307,0.09402707499196951,
2025-09-15 04:09:53,ADAMW_lr0.001,ADAMW,2,MNIST,93,val_eval,0.9928478002548218,0.0009306930693069307,0.09402707499196951,
2025-09-15 04:09:53,ADAMW_lr0.001,ADAMW,2,MNIST,93,train_iter,1.023306131362915,0.0009306930693069307,0.09416495906143828,736.853837966919
2025-09-15 04:09:54,ADAMW_lr0.001,ADAMW,2,MNIST,94,train_eval,1.015346884727478,0.0009405940594059406,0.09416495906143828,
2025-09-15 04:09:54,ADAMW_lr0.001,ADAMW,2,MNIST,94,val_eval,1.0405032634735107,0.0009405940594059406,0.09416495906143828,
2025-09-15 04:09:54,ADAMW_lr0.001,ADAMW,2,MNIST,94,train_iter,1.1646863222122192,0.0009405940594059406,0.0943749665735403,730.2777767181396
2025-09-15 04:09:55,ADAMW_lr0.001,ADAMW,2,MNIST,95,train_eval,1.0157606601715088,0.0009504950495049505,0.0943749665735403,
2025-09-15 04:09:55,ADAMW_lr0.001,ADAMW,2,MNIST,95,val_eval,1.0044184923171997,0.0009504950495049505,0.0943749665735403,
2025-09-15 04:09:55,ADAMW_lr0.001,ADAMW,2,MNIST,95,train_iter,1.061779260635376,0.0009504950495049505,0.09448719224584418,736.1493110656738
2025-09-15 04:09:55,ADAMW_lr0.001,ADAMW,2,MNIST,96,train_eval,1.019109845161438,0.0009603960396039604,0.09448719224584418,
2025-09-15 04:09:55,ADAMW_lr0.001,ADAMW,2,MNIST,96,val_eval,1.0231002569198608,0.0009603960396039604,0.09448719224584418,
2025-09-15 04:09:55,ADAMW_lr0.001,ADAMW,2,MNIST,96,train_iter,0.8241590261459351,0.0009603960396039604,0.0946388551851455,732.2647571563721
2025-09-15 04:09:56,ADAMW_lr0.001,ADAMW,2,MNIST,97,train_eval,0.9857547879219055,0.0009702970297029703,0.0946388551851455,
2025-09-15 04:09:56,ADAMW_lr0.001,ADAMW,2,MNIST,97,val_eval,1.0096886157989502,0.0009702970297029703,0.0946388551851455,
2025-09-15 04:09:56,ADAMW_lr0.001,ADAMW,2,MNIST,97,train_iter,1.008442759513855,0.0009702970297029703,0.0948262803311095,728.400707244873
2025-09-15 04:09:57,ADAMW_lr0.001,ADAMW,2,MNIST,98,train_eval,0.9927229881286621,0.0009801980198019802,0.0948262803311095,
2025-09-15 04:09:57,ADAMW_lr0.001,ADAMW,2,MNIST,98,val_eval,0.9975963830947876,0.0009801980198019802,0.0948262803311095,
2025-09-15 04:09:57,ADAMW_lr0.001,ADAMW,2,MNIST,98,train_iter,0.8801674842834473,0.0009801980198019802,0.09498652621241205,729.0380001068115
2025-09-15 04:09:58,ADAMW_lr0.001,ADAMW,2,MNIST,99,train_eval,1.0082086324691772,0.0009900990099009901,0.09498652621241205,
2025-09-15 04:09:58,ADAMW_lr0.001,ADAMW,2,MNIST,99,val_eval,1.0187649726867676,0.0009900990099009901,0.09498652621241205,
2025-09-15 04:09:58,ADAMW_lr0.001,ADAMW,2,MNIST,99,train_iter,1.1428580284118652,0.0009900990099009901,0.0951246870863521,729.4964790344238
2025-09-15 04:09:58,ADAMW_lr0.001,ADAMW,2,MNIST,100,train_eval,0.9998540282249451,0.001,0.0951246870863521,
2025-09-15 04:09:58,ADAMW_lr0.001,ADAMW,2,MNIST,100,val_eval,1.0124599933624268,0.001,0.0951246870863521,
2025-09-15 04:11:42,ADAMW_lr0.001,ADAMW,2,MNIST,100,train_iter,1.0777151584625244,0.001,0.08567964907698382,104255.50365447998
2025-09-15 04:11:43,ADAMW_lr0.001,ADAMW,2,MNIST,101,train_eval,0.9913402795791626,0.000999999907510999,0.08567964907698382,
2025-09-15 04:11:43,ADAMW_lr0.001,ADAMW,2,MNIST,101,val_eval,1.0232053995132446,0.000999999907510999,0.08567964907698382,
2025-09-15 04:11:43,ADAMW_lr0.001,ADAMW,2,MNIST,101,train_iter,0.7099254131317139,0.000999999907510999,0.08477640412141701,917.1922206878662
2025-09-15 04:11:44,ADAMW_lr0.001,ADAMW,2,MNIST,102,train_eval,1.010743260383606,0.000999999630044034,0.08477640412141701,
2025-09-15 04:11:44,ADAMW_lr0.001,ADAMW,2,MNIST,102,val_eval,1.0097246170043945,0.000999999630044034,0.08477640412141701,
2025-09-15 04:11:44,ADAMW_lr0.001,ADAMW,2,MNIST,102,train_iter,1.009505033493042,0.000999999630044034,0.08408150591806261,903.2833576202393
2025-09-15 04:11:45,ADAMW_lr0.001,ADAMW,2,MNIST,103,train_eval,1.0005617141723633,0.0009999991675992191,0.08408150591806261,
2025-09-15 04:11:45,ADAMW_lr0.001,ADAMW,2,MNIST,103,val_eval,1.0125359296798706,0.0009999991675992191,0.08408150591806261,
2025-09-15 04:11:45,ADAMW_lr0.001,ADAMW,2,MNIST,103,train_iter,0.9854024648666382,0.0009999991675992191,0.08349178626933511,899.1601467132568
2025-09-15 04:11:45,ADAMW_lr0.001,ADAMW,2,MNIST,104,train_eval,1.0132951736450195,0.0009999985201767443,0.08349178626933511,
2025-09-15 04:11:45,ADAMW_lr0.001,ADAMW,2,MNIST,104,val_eval,1.016302227973938,0.0009999985201767443,0.08349178626933511,
2025-09-15 04:11:45,ADAMW_lr0.001,ADAMW,2,MNIST,104,train_iter,1.4735794067382812,0.0009999985201767443,0.08293479019672785,902.1890163421631
2025-09-15 04:11:46,ADAMW_lr0.001,ADAMW,2,MNIST,105,train_eval,1.0117924213409424,0.000999997687776876,0.08293479019672785,
2025-09-15 04:11:46,ADAMW_lr0.001,ADAMW,2,MNIST,105,val_eval,1.0008245706558228,0.000999997687776876,0.08293479019672785,
2025-09-15 04:11:46,ADAMW_lr0.001,ADAMW,2,MNIST,105,train_iter,1.269416332244873,0.000999997687776876,0.08231676723825322,915.9092903137207
2025-09-15 04:11:47,ADAMW_lr0.001,ADAMW,2,MNIST,106,train_eval,1.0128124952316284,0.0009999966703999558,0.08231676723825322,
2025-09-15 04:11:47,ADAMW_lr0.001,ADAMW,2,MNIST,106,val_eval,1.0353074073791504,0.0009999966703999558,0.08231676723825322,
2025-09-15 04:11:47,ADAMW_lr0.001,ADAMW,2,MNIST,106,train_iter,1.1295775175094604,0.0009999966703999558,0.08190997830833135,898.4181880950928
2025-09-15 04:11:48,ADAMW_lr0.001,ADAMW,2,MNIST,107,train_eval,0.9998740553855896,0.0009999954680464025,0.08190997830833135,
2025-09-15 04:11:48,ADAMW_lr0.001,ADAMW,2,MNIST,107,val_eval,1.043399453163147,0.0009999954680464025,0.08190997830833135,
2025-09-15 04:11:48,ADAMW_lr0.001,ADAMW,2,MNIST,107,train_iter,0.9380149245262146,0.0009999954680464025,0.08135143446971382,921.0696220397949
2025-09-15 04:11:49,ADAMW_lr0.001,ADAMW,2,MNIST,108,train_eval,1.0127568244934082,0.00099999408071671,0.08135143446971382,
2025-09-15 04:11:49,ADAMW_lr0.001,ADAMW,2,MNIST,108,val_eval,1.0106821060180664,0.00099999408071671,0.08135143446971382,
2025-09-15 04:11:49,ADAMW_lr0.001,ADAMW,2,MNIST,108,train_iter,1.104997158050537,0.00099999408071671,0.08080605604197963,926.2502193450928
2025-09-15 04:11:50,ADAMW_lr0.001,ADAMW,2,MNIST,109,train_eval,0.9985348582267761,0.0009999925084114485,0.08080605604197963,
2025-09-15 04:11:50,ADAMW_lr0.001,ADAMW,2,MNIST,109,val_eval,1.0094976425170898,0.0009999925084114485,0.08080605604197963,
2025-09-15 04:11:50,ADAMW_lr0.001,ADAMW,2,MNIST,109,train_iter,1.0573924779891968,0.0009999925084114485,0.08041827622412855,913.8412475585938
2025-09-15 04:11:51,ADAMW_lr0.001,ADAMW,2,MNIST,110,train_eval,1.0062203407287598,0.0009999907511312647,0.08041827622412855,
2025-09-15 04:11:51,ADAMW_lr0.001,ADAMW,2,MNIST,110,val_eval,1.0174458026885986,0.0009999907511312647,0.08041827622412855,
2025-09-15 04:11:51,ADAMW_lr0.001,ADAMW,2,MNIST,110,train_iter,0.9940832853317261,0.0009999907511312647,0.08013799155681221,905.7505130767822
2025-09-15 04:11:52,ADAMW_lr0.001,ADAMW,2,MNIST,111,train_eval,0.9859496355056763,0.0009999888088768807,0.08013799155681221,
2025-09-15 04:11:52,ADAMW_lr0.001,ADAMW,2,MNIST,111,val_eval,1.0009734630584717,0.0009999888088768807,0.08013799155681221,
2025-09-15 04:11:52,ADAMW_lr0.001,ADAMW,2,MNIST,111,train_iter,0.755011260509491,0.0009999888088768807,0.07980938297864558,914.7491455078125
2025-09-15 04:11:53,ADAMW_lr0.001,ADAMW,2,MNIST,112,train_eval,0.9814724922180176,0.000999986681649095,0.07980938297864558,
2025-09-15 04:11:53,ADAMW_lr0.001,ADAMW,2,MNIST,112,val_eval,1.0175089836120605,0.000999986681649095,0.07980938297864558,
2025-09-15 04:11:53,ADAMW_lr0.001,ADAMW,2,MNIST,112,train_iter,0.9331337809562683,0.000999986681649095,0.07962585703027224,901.5839099884033
2025-09-15 04:11:54,ADAMW_lr0.001,ADAMW,2,MNIST,113,train_eval,1.0084048509597778,0.0009999843694487819,0.07962585703027224,
2025-09-15 04:11:54,ADAMW_lr0.001,ADAMW,2,MNIST,113,val_eval,1.034762978553772,0.0009999843694487819,0.07962585703027224,
2025-09-15 04:11:54,ADAMW_lr0.001,ADAMW,2,MNIST,113,train_iter,0.7476505637168884,0.0009999843694487819,0.07951006962408615,895.9095478057861
2025-09-15 04:11:55,ADAMW_lr0.001,ADAMW,2,MNIST,114,train_eval,1.0120038986206055,0.000999981872276892,0.07951006962408615,
2025-09-15 04:11:55,ADAMW_lr0.001,ADAMW,2,MNIST,114,val_eval,1.0215370655059814,0.000999981872276892,0.07951006962408615,
2025-09-15 04:11:55,ADAMW_lr0.001,ADAMW,2,MNIST,114,train_iter,1.3104041814804077,0.000999981872276892,0.07924100765939687,915.1356220245361
2025-09-15 04:11:55,ADAMW_lr0.001,ADAMW,2,MNIST,115,train_eval,1.0063263177871704,0.0009999791901344516,0.07924100765939687,
2025-09-15 04:11:55,ADAMW_lr0.001,ADAMW,2,MNIST,115,val_eval,1.0162458419799805,0.0009999791901344516,0.07924100765939687,
2025-09-15 04:11:55,ADAMW_lr0.001,ADAMW,2,MNIST,115,train_iter,0.7421256899833679,0.0009999791901344516,0.07911213827832357,901.8361568450928
2025-09-15 04:11:56,ADAMW_lr0.001,ADAMW,2,MNIST,116,train_eval,0.9838824272155762,0.0009999763230225634,0.07911213827832357,
2025-09-15 04:11:56,ADAMW_lr0.001,ADAMW,2,MNIST,116,val_eval,1.0242797136306763,0.0009999763230225634,0.07911213827832357,
2025-09-15 04:11:56,ADAMW_lr0.001,ADAMW,2,MNIST,116,train_iter,1.180888056755066,0.0009999763230225634,0.08072558297707903,738.086462020874
2025-09-15 04:11:57,ADAMW_lr0.001,ADAMW,2,MNIST,117,train_eval,1.0219231843948364,0.0009999732709424058,0.08072558297707903,
2025-09-15 04:11:57,ADAMW_lr0.001,ADAMW,2,MNIST,117,val_eval,1.004001259803772,0.0009999732709424058,0.08072558297707903,
2025-09-15 04:11:57,ADAMW_lr0.001,ADAMW,2,MNIST,117,train_iter,1.0308400392532349,0.0009999732709424058,0.08246571571574918,716.421365737915
2025-09-15 04:11:58,ADAMW_lr0.001,ADAMW,2,MNIST,118,train_eval,1.0043463706970215,0.0009999700338952336,0.08246571571574918,
2025-09-15 04:11:58,ADAMW_lr0.001,ADAMW,2,MNIST,118,val_eval,1.0042431354522705,0.0009999700338952336,0.08246571571574918,
2025-09-15 04:11:58,ADAMW_lr0.001,ADAMW,2,MNIST,118,train_iter,0.9539035558700562,0.0009999700338952336,0.0839507216716166,722.3927974700928
2025-09-15 04:11:58,ADAMW_lr0.001,ADAMW,2,MNIST,119,train_eval,1.0077987909317017,0.0009999666118823774,0.0839507216716166,
2025-09-15 04:11:58,ADAMW_lr0.001,ADAMW,2,MNIST,119,val_eval,1.0134931802749634,0.0009999666118823774,0.0839507216716166,
2025-09-15 04:11:58,ADAMW_lr0.001,ADAMW,2,MNIST,119,train_iter,1.0303725004196167,0.0009999666118823774,0.08530680055432774,720.9427356719971
2025-09-15 04:11:59,ADAMW_lr0.001,ADAMW,2,MNIST,120,train_eval,0.9994645714759827,0.0009999630049052437,0.08530680055432774,
2025-09-15 04:11:59,ADAMW_lr0.001,ADAMW,2,MNIST,120,val_eval,1.0058482885360718,0.0009999630049052437,0.08530680055432774,
2025-09-15 04:11:59,ADAMW_lr0.001,ADAMW,2,MNIST,120,train_iter,0.902462363243103,0.0009999630049052437,0.08660439016343938,715.2857780456543
2025-09-15 04:12:00,ADAMW_lr0.001,ADAMW,2,MNIST,121,train_eval,0.9975817203521729,0.0009999592129653152,0.08660439016343938,
2025-09-15 04:12:00,ADAMW_lr0.001,ADAMW,2,MNIST,121,val_eval,0.9924241900444031,0.0009999592129653152,0.08660439016343938,
2025-09-15 04:12:00,ADAMW_lr0.001,ADAMW,2,MNIST,121,train_iter,0.7151957750320435,0.0009999592129653152,0.08769111159800783,721.2378978729248
2025-09-15 04:12:00,ADAMW_lr0.001,ADAMW,2,MNIST,122,train_eval,1.0122731924057007,0.0009999552360641507,0.08769111159800783,
2025-09-15 04:12:00,ADAMW_lr0.001,ADAMW,2,MNIST,122,val_eval,1.0111712217330933,0.0009999552360641507,0.08769111159800783,
2025-09-15 04:12:00,ADAMW_lr0.001,ADAMW,2,MNIST,122,train_iter,1.1012489795684814,0.0009999552360641507,0.08867585134591345,720.7431793212891
2025-09-15 04:12:01,ADAMW_lr0.001,ADAMW,2,MNIST,123,train_eval,1.018723726272583,0.000999951074203385,0.08867585134591345,
2025-09-15 04:12:01,ADAMW_lr0.001,ADAMW,2,MNIST,123,val_eval,1.030636191368103,0.000999951074203385,0.08867585134591345,
2025-09-15 04:12:01,ADAMW_lr0.001,ADAMW,2,MNIST,123,train_iter,1.0680707693099976,0.000999951074203385,0.0896753183399031,712.4743461608887
2025-09-15 04:12:02,ADAMW_lr0.001,ADAMW,2,MNIST,124,train_eval,1.02580988407135,0.0009999467273847289,0.0896753183399031,
2025-09-15 04:12:02,ADAMW_lr0.001,ADAMW,2,MNIST,124,val_eval,1.0248074531555176,0.0009999467273847289,0.0896753183399031,
2025-09-15 04:12:02,ADAMW_lr0.001,ADAMW,2,MNIST,124,train_iter,0.7935657501220703,0.0009999467273847289,0.09042707192091368,723.30641746521
2025-09-15 04:12:03,ADAMW_lr0.001,ADAMW,2,MNIST,125,train_eval,1.0271198749542236,0.000999942195609969,0.09042707192091368,
2025-09-15 04:12:03,ADAMW_lr0.001,ADAMW,2,MNIST,125,val_eval,1.00803542137146,0.000999942195609969,0.09042707192091368,
2025-09-15 04:12:03,ADAMW_lr0.001,ADAMW,2,MNIST,125,train_iter,0.8405628204345703,0.000999942195609969,0.09122611045785697,714.3063545227051
2025-09-15 04:12:03,ADAMW_lr0.001,ADAMW,2,MNIST,126,train_eval,1.0224719047546387,0.0009999374788809685,0.09122611045785697,
2025-09-15 04:12:03,ADAMW_lr0.001,ADAMW,2,MNIST,126,val_eval,1.0149426460266113,0.0009999374788809685,0.09122611045785697,
2025-09-15 04:12:03,ADAMW_lr0.001,ADAMW,2,MNIST,126,train_iter,0.8753890991210938,0.0009999374788809685,0.09186993710107037,719.8143005371094
2025-09-15 04:12:04,ADAMW_lr0.001,ADAMW,2,MNIST,127,train_eval,1.0145301818847656,0.0009999325771996657,0.09186993710107037,
2025-09-15 04:12:04,ADAMW_lr0.001,ADAMW,2,MNIST,127,val_eval,1.0280128717422485,0.0009999325771996657,0.09186993710107037,
2025-09-15 04:12:04,ADAMW_lr0.001,ADAMW,2,MNIST,127,train_iter,1.0000152587890625,0.0009999325771996657,0.09240698542648938,722.9526042938232
2025-09-15 04:12:05,ADAMW_lr0.001,ADAMW,2,MNIST,128,train_eval,1.0130116939544678,0.0009999274905680762,0.09240698542648938,
2025-09-15 04:12:05,ADAMW_lr0.001,ADAMW,2,MNIST,128,val_eval,1.0281808376312256,0.0009999274905680762,0.09240698542648938,
2025-09-15 04:12:05,ADAMW_lr0.001,ADAMW,2,MNIST,128,train_iter,1.0836576223373413,0.0009999274905680762,0.0929833720857256,716.1006927490234
2025-09-15 04:12:06,ADAMW_lr0.001,ADAMW,2,MNIST,129,train_eval,1.0177668333053589,0.0009999222189882903,0.0929833720857256,
2025-09-15 04:12:06,ADAMW_lr0.001,ADAMW,2,MNIST,129,val_eval,1.0427473783493042,0.0009999222189882903,0.0929833720857256,
2025-09-15 04:12:06,ADAMW_lr0.001,ADAMW,2,MNIST,129,train_iter,1.0596468448638916,0.0009999222189882903,0.09356091746386613,711.8372917175293
2025-09-15 04:12:06,ADAMW_lr0.001,ADAMW,2,MNIST,130,train_eval,1.045893907546997,0.0009999167624624755,0.09356091746386613,
2025-09-15 04:12:06,ADAMW_lr0.001,ADAMW,2,MNIST,130,val_eval,1.0269138813018799,0.0009999167624624755,0.09356091746386613,
2025-09-15 04:12:06,ADAMW_lr0.001,ADAMW,2,MNIST,130,train_iter,1.1117541790008545,0.0009999167624624755,0.0939852353276506,718.7860012054443
2025-09-15 04:12:07,ADAMW_lr0.001,ADAMW,2,MNIST,131,train_eval,0.9882484674453735,0.0009999111209928744,0.0939852353276506,
2025-09-15 04:12:07,ADAMW_lr0.001,ADAMW,2,MNIST,131,val_eval,1.0284936428070068,0.0009999111209928744,0.0939852353276506,
2025-09-15 04:12:07,ADAMW_lr0.001,ADAMW,2,MNIST,131,train_iter,0.8979021906852722,0.0009999111209928744,0.09436565852369315,718.8935279846191
2025-09-15 04:12:08,ADAMW_lr0.001,ADAMW,2,MNIST,132,train_eval,0.982227623462677,0.000999905294581806,0.09436565852369315,
2025-09-15 04:12:08,ADAMW_lr0.001,ADAMW,2,MNIST,132,val_eval,1.018050193786621,0.000999905294581806,0.09436565852369315,
2025-09-15 04:12:08,ADAMW_lr0.001,ADAMW,2,MNIST,132,train_iter,1.1084747314453125,0.000999905294581806,0.0947734177557533,714.1191959381104
2025-09-15 04:12:08,ADAMW_lr0.001,ADAMW,2,MNIST,133,train_eval,1.003478765487671,0.0009998992832316654,0.0947734177557533,
2025-09-15 04:12:08,ADAMW_lr0.001,ADAMW,2,MNIST,133,val_eval,1.0201191902160645,0.0009998992832316654,0.0947734177557533,
2025-09-15 04:12:08,ADAMW_lr0.001,ADAMW,2,MNIST,133,train_iter,1.1216704845428467,0.0009998992832316654,0.09510216194129857,716.9039249420166
2025-09-15 04:12:09,ADAMW_lr0.001,ADAMW,2,MNIST,134,train_eval,1.0083014965057373,0.0009998930869449237,0.09510216194129857,
2025-09-15 04:12:09,ADAMW_lr0.001,ADAMW,2,MNIST,134,val_eval,1.023853063583374,0.0009998930869449237,0.09510216194129857,
2025-09-15 04:12:09,ADAMW_lr0.001,ADAMW,2,MNIST,134,train_iter,1.0359513759613037,0.0009998930869449237,0.09545457537020151,712.7938270568848
2025-09-15 04:12:10,ADAMW_lr0.001,ADAMW,2,MNIST,135,train_eval,0.9942830801010132,0.000999886705724128,0.09545457537020151,
2025-09-15 04:12:10,ADAMW_lr0.001,ADAMW,2,MNIST,135,val_eval,1.01369309425354,0.000999886705724128,0.09545457537020151,
2025-09-15 04:12:10,ADAMW_lr0.001,ADAMW,2,MNIST,135,train_iter,1.1742812395095825,0.000999886705724128,0.09567500239204335,719.8550701141357
2025-09-15 04:12:11,ADAMW_lr0.001,ADAMW,2,MNIST,136,train_eval,0.9981361627578735,0.0009998801395719012,0.09567500239204335,
2025-09-15 04:12:11,ADAMW_lr0.001,ADAMW,2,MNIST,136,val_eval,1.0239266157150269,0.0009998801395719012,0.09567500239204335,
2025-09-15 04:12:11,ADAMW_lr0.001,ADAMW,2,MNIST,136,train_iter,1.011533498764038,0.0009998801395719012,0.0958734384639107,719.8512554168701
2025-09-15 04:12:11,ADAMW_lr0.001,ADAMW,2,MNIST,137,train_eval,1.0078121423721313,0.0009998733884909424,0.0958734384639107,
2025-09-15 04:12:11,ADAMW_lr0.001,ADAMW,2,MNIST,137,val_eval,1.0012867450714111,0.0009998733884909424,0.0958734384639107,
2025-09-15 04:12:11,ADAMW_lr0.001,ADAMW,2,MNIST,137,train_iter,1.1296954154968262,0.0009998733884909424,0.09609326014821562,716.825008392334
2025-09-15 04:12:12,ADAMW_lr0.001,ADAMW,2,MNIST,138,train_eval,1.0132795572280884,0.0009998664524840269,0.09609326014821562,
2025-09-15 04:12:12,ADAMW_lr0.001,ADAMW,2,MNIST,138,val_eval,1.0116641521453857,0.0009998664524840269,0.09609326014821562,
2025-09-15 04:12:12,ADAMW_lr0.001,ADAMW,2,MNIST,138,train_iter,1.1352847814559937,0.0009998664524840269,0.0962386369193358,720.6802368164062
2025-09-15 04:12:13,ADAMW_lr0.001,ADAMW,2,MNIST,139,train_eval,0.9996097683906555,0.0009998593315540057,0.0962386369193358,
2025-09-15 04:12:13,ADAMW_lr0.001,ADAMW,2,MNIST,139,val_eval,1.016657829284668,0.0009998593315540057,0.0962386369193358,
2025-09-15 04:12:13,ADAMW_lr0.001,ADAMW,2,MNIST,139,train_iter,0.9530142545700073,0.0009998593315540057,0.09647938588678223,712.6505374908447
2025-09-15 04:12:13,ADAMW_lr0.001,ADAMW,2,MNIST,140,train_eval,1.002305030822754,0.000999852025703806,0.09647938588678223,
2025-09-15 04:12:13,ADAMW_lr0.001,ADAMW,2,MNIST,140,val_eval,1.0100985765457153,0.000999852025703806,0.09647938588678223,
2025-09-15 04:12:13,ADAMW_lr0.001,ADAMW,2,MNIST,140,train_iter,1.0172525644302368,0.000999852025703806,0.09663495760334724,717.0922756195068
2025-09-15 04:12:14,ADAMW_lr0.001,ADAMW,2,MNIST,141,train_eval,0.9985986948013306,0.0009998445349364308,0.09663495760334724,
2025-09-15 04:12:14,ADAMW_lr0.001,ADAMW,2,MNIST,141,val_eval,1.0073739290237427,0.0009998445349364308,0.09663495760334724,
2025-09-15 04:12:14,ADAMW_lr0.001,ADAMW,2,MNIST,141,train_iter,0.9978461265563965,0.0009998445349364308,0.09677491673762073,717.0963287353516
2025-09-15 04:12:15,ADAMW_lr0.001,ADAMW,2,MNIST,142,train_eval,0.9874089956283569,0.0009998368592549595,0.09677491673762073,
2025-09-15 04:12:15,ADAMW_lr0.001,ADAMW,2,MNIST,142,val_eval,1.0045839548110962,0.0009998368592549595,0.09677491673762073,
2025-09-15 04:12:15,ADAMW_lr0.001,ADAMW,2,MNIST,142,train_iter,1.4303029775619507,0.0009998368592549595,0.09688479177837145,718.2750701904297
2025-09-15 04:12:16,ADAMW_lr0.001,ADAMW,2,MNIST,143,train_eval,1.0149919986724854,0.000999828998662547,0.09688479177837145,
2025-09-15 04:12:16,ADAMW_lr0.001,ADAMW,2,MNIST,143,val_eval,1.0128467082977295,0.000999828998662547,0.09688479177837145,
2025-09-15 04:12:16,ADAMW_lr0.001,ADAMW,2,MNIST,143,train_iter,1.267693042755127,0.000999828998662547,0.09700519745314377,716.6993618011475
2025-09-15 04:12:16,ADAMW_lr0.001,ADAMW,2,MNIST,144,train_eval,0.9991986155509949,0.000999820953162425,0.09700519745314377,
2025-09-15 04:12:16,ADAMW_lr0.001,ADAMW,2,MNIST,144,val_eval,1.0011816024780273,0.000999820953162425,0.09700519745314377,
2025-09-15 04:12:16,ADAMW_lr0.001,ADAMW,2,MNIST,144,train_iter,0.916183590888977,0.000999820953162425,0.09708133206410044,719.062089920044
2025-09-15 04:12:17,ADAMW_lr0.001,ADAMW,2,MNIST,145,train_eval,1.0199439525604248,0.0009998127227579003,0.09708133206410044,
2025-09-15 04:12:17,ADAMW_lr0.001,ADAMW,2,MNIST,145,val_eval,1.0054957866668701,0.0009998127227579003,0.09708133206410044,
2025-09-15 04:12:17,ADAMW_lr0.001,ADAMW,2,MNIST,145,train_iter,0.9810006618499756,0.0009998127227579003,0.09723703932493279,712.7063274383545
2025-09-15 04:12:18,ADAMW_lr0.001,ADAMW,2,MNIST,146,train_eval,0.9999063014984131,0.000999804307452356,0.09723703932493279,
2025-09-15 04:12:18,ADAMW_lr0.001,ADAMW,2,MNIST,146,val_eval,1.0003408193588257,0.000999804307452356,0.09723703932493279,
2025-09-15 04:12:18,ADAMW_lr0.001,ADAMW,2,MNIST,146,train_iter,0.9805123209953308,0.000999804307452356,0.09733610453728465,715.6863212585449
2025-09-15 04:12:18,ADAMW_lr0.001,ADAMW,2,MNIST,147,train_eval,1.0043554306030273,0.0009997957072492515,0.09733610453728465,
2025-09-15 04:12:18,ADAMW_lr0.001,ADAMW,2,MNIST,147,val_eval,1.0150210857391357,0.0009997957072492515,0.09733610453728465,
2025-09-15 04:12:18,ADAMW_lr0.001,ADAMW,2,MNIST,147,train_iter,0.8509652614593506,0.0009997957072492515,0.0974153941211993,716.4061069488525
2025-09-15 04:12:19,ADAMW_lr0.001,ADAMW,2,MNIST,148,train_eval,1.0079646110534668,0.0009997869221521221,0.0974153941211993,
2025-09-15 04:12:19,ADAMW_lr0.001,ADAMW,2,MNIST,148,val_eval,1.0198036432266235,0.0009997869221521221,0.0974153941211993,
2025-09-15 04:12:19,ADAMW_lr0.001,ADAMW,2,MNIST,148,train_iter,0.8543846011161804,0.0009997869221521221,0.09748070710751079,716.8478965759277
2025-09-15 04:12:20,ADAMW_lr0.001,ADAMW,2,MNIST,149,train_eval,1.0267421007156372,0.0009997779521645793,0.09748070710751079,
2025-09-15 04:12:20,ADAMW_lr0.001,ADAMW,2,MNIST,149,val_eval,1.0119892358779907,0.0009997779521645793,0.09748070710751079,
2025-09-15 04:12:20,ADAMW_lr0.001,ADAMW,2,MNIST,149,train_iter,1.070793867111206,0.0009997779521645793,0.0975437210331539,716.538667678833
2025-09-15 04:12:21,ADAMW_lr0.001,ADAMW,2,MNIST,150,train_eval,0.9944614171981812,0.0009997687972903096,0.0975437210331539,
2025-09-15 04:12:21,ADAMW_lr0.001,ADAMW,2,MNIST,150,val_eval,1.0261350870132446,0.0009997687972903096,0.0975437210331539,
2025-09-15 04:12:21,ADAMW_lr0.001,ADAMW,2,MNIST,150,train_iter,0.9642117023468018,0.0009997687972903096,0.09752693625230714,721.9469547271729
2025-09-15 04:12:21,ADAMW_lr0.001,ADAMW,2,MNIST,151,train_eval,0.9979641437530518,0.0009997594575330766,0.09752693625230714,
2025-09-15 04:12:21,ADAMW_lr0.001,ADAMW,2,MNIST,151,val_eval,1.009498119354248,0.0009997594575330766,0.09752693625230714,
2025-09-15 04:12:21,ADAMW_lr0.001,ADAMW,2,MNIST,151,train_iter,0.9968448877334595,0.0009997594575330766,0.09763021297551813,713.2754325866699
2025-09-15 04:12:22,ADAMW_lr0.001,ADAMW,2,MNIST,152,train_eval,1.0088249444961548,0.0009997499328967194,0.09763021297551813,
2025-09-15 04:12:22,ADAMW_lr0.001,ADAMW,2,MNIST,152,val_eval,1.006822109222412,0.0009997499328967194,0.09763021297551813,
2025-09-15 04:12:22,ADAMW_lr0.001,ADAMW,2,MNIST,152,train_iter,1.3109768629074097,0.0009997499328967194,0.09762725761295835,720.2842235565186
2025-09-15 04:12:23,ADAMW_lr0.001,ADAMW,2,MNIST,153,train_eval,1.0057625770568848,0.0009997402233851535,0.09762725761295835,
2025-09-15 04:12:23,ADAMW_lr0.001,ADAMW,2,MNIST,153,val_eval,1.0046876668930054,0.0009997402233851535,0.09762725761295835,
2025-09-15 04:12:23,ADAMW_lr0.001,ADAMW,2,MNIST,153,train_iter,0.737520158290863,0.0009997402233851535,0.09771978406349596,713.3274078369141
2025-09-15 04:12:23,ADAMW_lr0.001,ADAMW,2,MNIST,154,train_eval,0.9980260729789734,0.00099973032900237,0.09771978406349596,
2025-09-15 04:12:23,ADAMW_lr0.001,ADAMW,2,MNIST,154,val_eval,1.0126121044158936,0.00099973032900237,0.09771978406349596,
2025-09-15 04:12:23,ADAMW_lr0.001,ADAMW,2,MNIST,154,train_iter,1.1665736436843872,0.00099973032900237,0.09780574977313432,713.1326198577881
2025-09-15 04:12:24,ADAMW_lr0.001,ADAMW,2,MNIST,155,train_eval,1.0199774503707886,0.000999720249752436,0.09780574977313432,
2025-09-15 04:12:24,ADAMW_lr0.001,ADAMW,2,MNIST,155,val_eval,1.0331002473831177,0.000999720249752436,0.09780574977313432,
2025-09-15 04:12:24,ADAMW_lr0.001,ADAMW,2,MNIST,155,train_iter,0.8768628835678101,0.000999720249752436,0.09781302234770477,718.2397842407227
2025-09-15 04:12:25,ADAMW_lr0.001,ADAMW,2,MNIST,156,train_eval,1.0126196146011353,0.0009997099856394946,0.09781302234770477,
2025-09-15 04:12:25,ADAMW_lr0.001,ADAMW,2,MNIST,156,val_eval,1.0349429845809937,0.0009997099856394946,0.09781302234770477,
2025-09-15 04:12:25,ADAMW_lr0.001,ADAMW,2,MNIST,156,train_iter,0.9869735240936279,0.0009997099856394946,0.09787052669677938,714.519739151001
2025-09-15 04:12:26,ADAMW_lr0.001,ADAMW,2,MNIST,157,train_eval,0.9904726147651672,0.0009996995366677653,0.09787052669677938,
2025-09-15 04:12:26,ADAMW_lr0.001,ADAMW,2,MNIST,157,val_eval,1.0022224187850952,0.0009996995366677653,0.09787052669677938,
2025-09-15 04:12:26,ADAMW_lr0.001,ADAMW,2,MNIST,157,train_iter,1.00247061252594,0.0009996995366677653,0.09796952854871219,711.1048698425293
2025-09-15 04:12:26,ADAMW_lr0.001,ADAMW,2,MNIST,158,train_eval,1.0264980792999268,0.000999688902841543,0.09796952854871219,
2025-09-15 04:12:26,ADAMW_lr0.001,ADAMW,2,MNIST,158,val_eval,1.0293381214141846,0.000999688902841543,0.09796952854871219,
2025-09-15 04:12:26,ADAMW_lr0.001,ADAMW,2,MNIST,158,train_iter,1.0750210285186768,0.000999688902841543,0.0979378651417122,719.8989391326904
2025-09-15 04:12:27,ADAMW_lr0.001,ADAMW,2,MNIST,159,train_eval,1.001262903213501,0.000999678084165199,0.0979378651417122,
2025-09-15 04:12:27,ADAMW_lr0.001,ADAMW,2,MNIST,159,val_eval,1.0121853351593018,0.000999678084165199,0.0979378651417122,
2025-09-15 04:12:27,ADAMW_lr0.001,ADAMW,2,MNIST,159,train_iter,0.8991132974624634,0.000999678084165199,0.0979912507863348,713.9127254486084
2025-09-15 04:12:28,ADAMW_lr0.001,ADAMW,2,MNIST,160,train_eval,1.026392936706543,0.0009996670806431804,0.0979912507863348,
2025-09-15 04:12:28,ADAMW_lr0.001,ADAMW,2,MNIST,160,val_eval,1.0286426544189453,0.0009996670806431804,0.0979912507863348,
2025-09-15 04:12:28,ADAMW_lr0.001,ADAMW,2,MNIST,160,train_iter,0.8625795841217041,0.0009996670806431804,0.09802324299962095,715.078592300415
2025-09-15 04:12:28,ADAMW_lr0.001,ADAMW,2,MNIST,161,train_eval,1.0270122289657593,0.0009996558922800104,0.09802324299962095,
2025-09-15 04:12:28,ADAMW_lr0.001,ADAMW,2,MNIST,161,val_eval,1.0112115144729614,0.0009996558922800104,0.09802324299962095,
2025-09-15 04:12:28,ADAMW_lr0.001,ADAMW,2,MNIST,161,train_iter,1.057978868484497,0.0009996558922800104,0.0979614075189299,721.7319011688232
2025-09-15 04:12:29,ADAMW_lr0.001,ADAMW,2,MNIST,162,train_eval,0.9971430897712708,0.0009996445190802881,0.0979614075189299,
2025-09-15 04:12:29,ADAMW_lr0.001,ADAMW,2,MNIST,162,val_eval,0.999724805355072,0.0009996445190802881,0.0979614075189299,
2025-09-15 04:12:29,ADAMW_lr0.001,ADAMW,2,MNIST,162,train_iter,1.0655407905578613,0.0009996445190802881,0.09801553114816629,713.6886119842529
2025-09-15 04:12:30,ADAMW_lr0.001,ADAMW,2,MNIST,163,train_eval,1.0224556922912598,0.0009996329610486886,0.09801553114816629,
2025-09-15 04:12:30,ADAMW_lr0.001,ADAMW,2,MNIST,163,val_eval,0.9884360432624817,0.0009996329610486886,0.09801553114816629,
2025-09-15 04:12:30,ADAMW_lr0.001,ADAMW,2,MNIST,163,train_iter,0.9966782331466675,0.0009996329610486886,0.09507825738192882,1024.1456031799316
2025-09-15 04:12:31,ADAMW_lr0.001,ADAMW,2,MNIST,164,train_eval,1.0231223106384277,0.0009996212181899629,0.09507825738192882,
2025-09-15 04:12:31,ADAMW_lr0.001,ADAMW,2,MNIST,164,val_eval,0.9913395643234253,0.0009996212181899629,0.09507825738192882,
2025-09-15 04:12:31,ADAMW_lr0.001,ADAMW,2,MNIST,164,train_iter,0.880199670791626,0.0009996212181899629,0.09440008846140857,796.1828708648682
2025-09-15 04:12:32,ADAMW_lr0.001,ADAMW,2,MNIST,165,train_eval,1.0087331533432007,0.000999609290508938,0.09440008846140857,
2025-09-15 04:12:32,ADAMW_lr0.001,ADAMW,2,MNIST,165,val_eval,1.0166627168655396,0.000999609290508938,0.09440008846140857,
2025-09-15 04:12:32,ADAMW_lr0.001,ADAMW,2,MNIST,165,train_iter,0.8970672488212585,0.000999609290508938,0.0945956303010426,729.5920848846436
2025-09-15 04:12:32,ADAMW_lr0.001,ADAMW,2,MNIST,166,train_eval,1.0100533962249756,0.000999597178010517,0.0945956303010426,
2025-09-15 04:12:32,ADAMW_lr0.001,ADAMW,2,MNIST,166,val_eval,1.0195835828781128,0.000999597178010517,0.0945956303010426,
2025-09-15 04:12:32,ADAMW_lr0.001,ADAMW,2,MNIST,166,train_iter,1.3182446956634521,0.000999597178010517,0.09480530717979165,727.0500659942627
2025-09-15 04:12:33,ADAMW_lr0.001,ADAMW,2,MNIST,167,train_eval,1.0125823020935059,0.000999584880699679,0.09480530717979165,
2025-09-15 04:12:33,ADAMW_lr0.001,ADAMW,2,MNIST,167,val_eval,1.0124200582504272,0.000999584880699679,0.09480530717979165,
2025-09-15 04:12:33,ADAMW_lr0.001,ADAMW,2,MNIST,167,train_iter,0.959549605846405,0.000999584880699679,0.09498975353206686,727.3707389831543
2025-09-15 04:12:34,ADAMW_lr0.001,ADAMW,2,MNIST,168,train_eval,0.9988519549369812,0.0009995723985814788,0.09498975353206686,
2025-09-15 04:12:34,ADAMW_lr0.001,ADAMW,2,MNIST,168,val_eval,1.0003806352615356,0.0009995723985814788,0.09498975353206686,
2025-09-15 04:12:34,ADAMW_lr0.001,ADAMW,2,MNIST,168,train_iter,0.7564331293106079,0.0009995723985814788,0.09515031568923221,727.7803421020508
2025-09-15 04:12:35,ADAMW_lr0.001,ADAMW,2,MNIST,169,train_eval,1.0012307167053223,0.0009995597316610474,0.09515031568923221,
2025-09-15 04:12:35,ADAMW_lr0.001,ADAMW,2,MNIST,169,val_eval,0.9991744160652161,0.0009995597316610474,0.09515031568923221,
2025-09-15 04:12:35,ADAMW_lr0.001,ADAMW,2,MNIST,169,train_iter,0.9020624160766602,0.0009995597316610474,0.09530688050371997,726.8729209899902
2025-09-15 04:12:35,ADAMW_lr0.001,ADAMW,2,MNIST,170,train_eval,0.9949426054954529,0.0009995468799435915,0.09530688050371997,
2025-09-15 04:12:35,ADAMW_lr0.001,ADAMW,2,MNIST,170,val_eval,0.9928922057151794,0.0009995468799435915,0.09530688050371997,
2025-09-15 04:12:35,ADAMW_lr0.001,ADAMW,2,MNIST,170,train_iter,1.396863341331482,0.0009995468799435915,0.09537015228203621,732.7549457550049
2025-09-15 04:12:36,ADAMW_lr0.001,ADAMW,2,MNIST,171,train_eval,1.0097235441207886,0.0009995338434343943,0.09537015228203621,
2025-09-15 04:12:36,ADAMW_lr0.001,ADAMW,2,MNIST,171,val_eval,0.993312656879425,0.0009995338434343943,0.09537015228203621,
2025-09-15 04:12:36,ADAMW_lr0.001,ADAMW,2,MNIST,171,train_iter,0.9181571006774902,0.0009995338434343943,0.09523332449479013,747.8597164154053
2025-09-15 04:12:37,ADAMW_lr0.001,ADAMW,2,MNIST,172,train_eval,0.9993817210197449,0.0009995206221388145,0.09523332449479013,
2025-09-15 04:12:37,ADAMW_lr0.001,ADAMW,2,MNIST,172,val_eval,1.0020602941513062,0.0009995206221388145,0.09523332449479013,
2025-09-15 04:12:37,ADAMW_lr0.001,ADAMW,2,MNIST,172,train_iter,0.8526341319084167,0.0009995206221388145,0.0953552222192727,728.8599014282227
2025-09-15 04:12:38,ADAMW_lr0.001,ADAMW,2,MNIST,173,train_eval,0.990801990032196,0.0009995072160622865,0.0953552222192727,
2025-09-15 04:12:38,ADAMW_lr0.001,ADAMW,2,MNIST,173,val_eval,0.9859809279441833,0.0009995072160622865,0.0953552222192727,
2025-09-15 04:12:38,ADAMW_lr0.001,ADAMW,2,MNIST,173,train_iter,0.7354291677474976,0.0009995072160622865,0.09213203243653179,1113.6963367462158
2025-09-15 04:12:39,ADAMW_lr0.001,ADAMW,2,MNIST,174,train_eval,1.0012311935424805,0.0009994936252103218,0.09213203243653179,
2025-09-15 04:12:39,ADAMW_lr0.001,ADAMW,2,MNIST,174,val_eval,1.0019216537475586,0.0009994936252103218,0.09213203243653179,
2025-09-15 04:12:39,ADAMW_lr0.001,ADAMW,2,MNIST,174,train_iter,1.272808313369751,0.0009994936252103218,0.09235465723477654,745.03493309021
2025-09-15 04:12:39,ADAMW_lr0.001,ADAMW,2,MNIST,175,train_eval,0.9773703217506409,0.0009994798495885063,0.09235465723477654,
2025-09-15 04:12:39,ADAMW_lr0.001,ADAMW,2,MNIST,175,val_eval,0.9859676361083984,0.0009994798495885063,0.09235465723477654,
2025-09-15 04:12:40,ADAMW_lr0.001,ADAMW,2,MNIST,175,train_iter,0.8374795913696289,0.0009994798495885063,0.08734627758418813,1663.0892753601074
2025-09-15 04:12:41,ADAMW_lr0.001,ADAMW,2,MNIST,176,train_eval,1.0083123445510864,0.000999465889202503,0.08734627758418813,
2025-09-15 04:12:41,ADAMW_lr0.001,ADAMW,2,MNIST,176,val_eval,0.9984201788902283,0.000999465889202503,0.08734627758418813,
2025-09-15 04:12:41,ADAMW_lr0.001,ADAMW,2,MNIST,176,train_iter,0.8626155853271484,0.000999465889202503,0.0882509647233713,729.3071746826172
2025-09-15 04:12:42,ADAMW_lr0.001,ADAMW,2,MNIST,177,train_eval,1.0170196294784546,0.0009994517440580508,0.0882509647233713,
2025-09-15 04:12:42,ADAMW_lr0.001,ADAMW,2,MNIST,177,val_eval,1.0001988410949707,0.0009994517440580508,0.0882509647233713,
2025-09-15 04:12:42,ADAMW_lr0.001,ADAMW,2,MNIST,177,train_iter,1.2549548149108887,0.0009994517440580508,0.08905719832872586,729.9118041992188
2025-09-15 04:12:43,ADAMW_lr0.001,ADAMW,2,MNIST,178,train_eval,1.0010546445846558,0.0009994374141609635,0.08905719832872586,
2025-09-15 04:12:43,ADAMW_lr0.001,ADAMW,2,MNIST,178,val_eval,1.0153672695159912,0.0009994374141609635,0.08905719832872586,
2025-09-15 04:12:43,ADAMW_lr0.001,ADAMW,2,MNIST,178,train_iter,1.0314879417419434,0.0009994374141609635,0.08962597885882155,741.9939041137695
2025-09-15 04:12:43,ADAMW_lr0.001,ADAMW,2,MNIST,179,train_eval,0.9921724200248718,0.0009994228995171322,0.08962597885882155,
2025-09-15 04:12:43,ADAMW_lr0.001,ADAMW,2,MNIST,179,val_eval,0.9952776432037354,0.0009994228995171322,0.08962597885882155,
2025-09-15 04:12:43,ADAMW_lr0.001,ADAMW,2,MNIST,179,train_iter,0.7943533658981323,0.0009994228995171322,0.09006810774658074,747.4987506866455
2025-09-15 04:12:44,ADAMW_lr0.001,ADAMW,2,MNIST,180,train_eval,0.9746572375297546,0.000999408200132523,0.09006810774658074,
2025-09-15 04:12:44,ADAMW_lr0.001,ADAMW,2,MNIST,180,val_eval,0.9955354928970337,0.000999408200132523,0.09006810774658074,
2025-09-15 04:12:44,ADAMW_lr0.001,ADAMW,2,MNIST,180,train_iter,0.9962795972824097,0.000999408200132523,0.09057564441303356,738.8863563537598
2025-09-15 04:12:45,ADAMW_lr0.001,ADAMW,2,MNIST,181,train_eval,0.9959924221038818,0.0009993933160131784,0.09057564441303356,
2025-09-15 04:12:45,ADAMW_lr0.001,ADAMW,2,MNIST,181,val_eval,1.0356113910675049,0.0009993933160131784,0.09057564441303356,
2025-09-15 04:12:45,ADAMW_lr0.001,ADAMW,2,MNIST,181,train_iter,0.8288639783859253,0.0009993933160131784,0.09067743350481672,767.5237655639648
2025-09-15 04:12:46,ADAMW_lr0.001,ADAMW,2,MNIST,182,train_eval,0.991629958152771,0.0009993782471652167,0.09067743350481672,
2025-09-15 04:12:46,ADAMW_lr0.001,ADAMW,2,MNIST,182,val_eval,1.015021800994873,0.0009993782471652167,0.09067743350481672,
2025-09-15 04:12:46,ADAMW_lr0.001,ADAMW,2,MNIST,182,train_iter,0.9644774198532104,0.0009993782471652167,0.0903663553793619,802.8194904327393
2025-09-15 04:12:46,ADAMW_lr0.001,ADAMW,2,MNIST,183,train_eval,0.9765623211860657,0.0009993629935948318,0.0903663553793619,
2025-09-15 04:12:46,ADAMW_lr0.001,ADAMW,2,MNIST,183,val_eval,1.0221030712127686,0.0009993629935948318,0.0903663553793619,
2025-09-15 04:12:46,ADAMW_lr0.001,ADAMW,2,MNIST,183,train_iter,1.1392186880111694,0.0009993629935948318,0.09078584059185006,743.4360980987549
2025-09-15 04:12:47,ADAMW_lr0.001,ADAMW,2,MNIST,184,train_eval,0.9952918887138367,0.0009993475553082944,0.09078584059185006,
2025-09-15 04:12:47,ADAMW_lr0.001,ADAMW,2,MNIST,184,val_eval,1.0187904834747314,0.0009993475553082944,0.09078584059185006,
2025-09-15 04:12:47,ADAMW_lr0.001,ADAMW,2,MNIST,184,train_iter,1.307517409324646,0.0009993475553082944,0.09116000627807694,743.7012195587158
2025-09-15 04:12:48,ADAMW_lr0.001,ADAMW,2,MNIST,185,train_eval,1.0199341773986816,0.0009993319323119503,0.09116000627807694,
2025-09-15 04:12:48,ADAMW_lr0.001,ADAMW,2,MNIST,185,val_eval,1.0106467008590698,0.0009993319323119503,0.09116000627807694,
2025-09-15 04:12:48,ADAMW_lr0.001,ADAMW,2,MNIST,185,train_iter,1.236236572265625,0.0009993319323119503,0.09171819135641247,726.6783714294434
2025-09-15 04:12:49,ADAMW_lr0.001,ADAMW,2,MNIST,186,train_eval,0.9975383281707764,0.0009993161246122217,0.09171819135641247,
2025-09-15 04:12:49,ADAMW_lr0.001,ADAMW,2,MNIST,186,val_eval,1.005354404449463,0.0009993161246122217,0.09171819135641247,
2025-09-15 04:12:49,ADAMW_lr0.001,ADAMW,2,MNIST,186,train_iter,0.9842890501022339,0.0009993161246122217,0.09206102053352953,738.8629913330078
2025-09-15 04:12:49,ADAMW_lr0.001,ADAMW,2,MNIST,187,train_eval,0.9808071255683899,0.0009993001322156061,0.09206102053352953,
2025-09-15 04:12:49,ADAMW_lr0.001,ADAMW,2,MNIST,187,val_eval,1.0028681755065918,0.0009993001322156061,0.09206102053352953,
2025-09-15 04:12:49,ADAMW_lr0.001,ADAMW,2,MNIST,187,train_iter,1.294683814048767,0.0009993001322156061,0.09246210406597122,731.7461967468262
2025-09-15 04:12:50,ADAMW_lr0.001,ADAMW,2,MNIST,188,train_eval,1.0086804628372192,0.000999283955128678,0.09246210406597122,
2025-09-15 04:12:50,ADAMW_lr0.001,ADAMW,2,MNIST,188,val_eval,0.9974572658538818,0.000999283955128678,0.09246210406597122,
2025-09-15 04:12:50,ADAMW_lr0.001,ADAMW,2,MNIST,188,train_iter,0.8992210626602173,0.000999283955128678,0.0926860425863035,742.3348426818848
2025-09-15 04:12:51,ADAMW_lr0.001,ADAMW,2,MNIST,189,train_eval,0.9960528016090393,0.000999267593358087,0.0926860425863035,
2025-09-15 04:12:51,ADAMW_lr0.001,ADAMW,2,MNIST,189,val_eval,0.9967375993728638,0.000999267593358087,0.0926860425863035,
2025-09-15 04:12:51,ADAMW_lr0.001,ADAMW,2,MNIST,189,train_iter,0.8424257636070251,0.000999267593358087,0.09305656415706652,729.3214797973633
2025-09-15 04:12:51,ADAMW_lr0.001,ADAMW,2,MNIST,190,train_eval,0.9941256642341614,0.0009992510469105584,0.09305656415706652,
2025-09-15 04:12:51,ADAMW_lr0.001,ADAMW,2,MNIST,190,val_eval,0.9985210299491882,0.0009992510469105584,0.09305656415706652,
2025-09-15 04:12:52,ADAMW_lr0.001,ADAMW,2,MNIST,190,train_iter,1.1710200309753418,0.0009992510469105584,0.09332606243886782,734.1940402984619
2025-09-15 04:12:52,ADAMW_lr0.001,ADAMW,2,MNIST,191,train_eval,1.0050755739212036,0.000999234315792894,0.09332606243886782,
2025-09-15 04:12:52,ADAMW_lr0.001,ADAMW,2,MNIST,191,val_eval,1.0112600326538086,0.000999234315792894,0.09332606243886782,
2025-09-15 04:12:52,ADAMW_lr0.001,ADAMW,2,MNIST,191,train_iter,1.075536847114563,0.000999234315792894,0.09358802477706936,732.7084541320801
2025-09-15 04:12:53,ADAMW_lr0.001,ADAMW,2,MNIST,192,train_eval,1.0081745386123657,0.0009992174000119718,0.09358802477706936,
2025-09-15 04:12:53,ADAMW_lr0.001,ADAMW,2,MNIST,192,val_eval,1.017805814743042,0.0009992174000119718,0.09358802477706936,
2025-09-15 04:12:53,ADAMW_lr0.001,ADAMW,2,MNIST,192,train_iter,0.952983021736145,0.0009992174000119718,0.09387111556692469,729.1121482849121
2025-09-15 04:12:54,ADAMW_lr0.001,ADAMW,2,MNIST,193,train_eval,0.9986196160316467,0.0009992002995747448,0.09387111556692469,
2025-09-15 04:12:54,ADAMW_lr0.001,ADAMW,2,MNIST,193,val_eval,1.019625186920166,0.0009992002995747448,0.09387111556692469,
2025-09-15 04:12:54,ADAMW_lr0.001,ADAMW,2,MNIST,193,train_iter,0.8759834170341492,0.0009992002995747448,0.09393805397547968,743.5989379882812
2025-09-15 04:12:54,ADAMW_lr0.001,ADAMW,2,MNIST,194,train_eval,1.0012214183807373,0.0009991830144882423,0.09393805397547968,
2025-09-15 04:12:54,ADAMW_lr0.001,ADAMW,2,MNIST,194,val_eval,1.0031428337097168,0.0009991830144882423,0.09393805397547968,
2025-09-15 04:12:54,ADAMW_lr0.001,ADAMW,2,MNIST,194,train_iter,0.8900177478790283,0.0009991830144882423,0.09417158491759432,730.2145957946777
2025-09-15 04:12:55,ADAMW_lr0.001,ADAMW,2,MNIST,195,train_eval,0.9944816827774048,0.0009991655447595697,0.09417158491759432,
2025-09-15 04:12:55,ADAMW_lr0.001,ADAMW,2,MNIST,195,val_eval,1.0047125816345215,0.0009991655447595697,0.09417158491759432,
2025-09-15 04:12:55,ADAMW_lr0.001,ADAMW,2,MNIST,195,train_iter,1.036981463432312,0.0009991655447595697,0.09441190116552008,727.935791015625
2025-09-15 04:12:56,ADAMW_lr0.001,ADAMW,2,MNIST,196,train_eval,1.0079424381256104,0.0009991478903959082,0.09441190116552008,
2025-09-15 04:12:56,ADAMW_lr0.001,ADAMW,2,MNIST,196,val_eval,0.9941844344139099,0.0009991478903959082,0.09441190116552008,
2025-09-15 04:12:56,ADAMW_lr0.001,ADAMW,2,MNIST,196,train_iter,1.0728614330291748,0.0009991478903959082,0.09463293274545138,727.5781631469727
2025-09-15 04:12:57,ADAMW_lr0.001,ADAMW,2,MNIST,197,train_eval,0.997374415397644,0.0009991300514045147,0.09463293274545138,
2025-09-15 04:12:57,ADAMW_lr0.001,ADAMW,2,MNIST,197,val_eval,0.988800585269928,0.0009991300514045147,0.09463293274545138,
2025-09-15 04:12:57,ADAMW_lr0.001,ADAMW,2,MNIST,197,train_iter,0.7595691680908203,0.0009991300514045147,0.09466812603437084,740.1201725006104
2025-09-15 04:12:57,ADAMW_lr0.001,ADAMW,2,MNIST,198,train_eval,0.9858047962188721,0.0009991120277927223,0.09466812603437084,
2025-09-15 04:12:57,ADAMW_lr0.001,ADAMW,2,MNIST,198,val_eval,1.0053218603134155,0.0009991120277927223,0.09466812603437084,
2025-09-15 04:12:57,ADAMW_lr0.001,ADAMW,2,MNIST,198,train_iter,0.9138960242271423,0.0009991120277927223,0.09484875265786089,728.6930084228516
2025-09-15 04:12:58,ADAMW_lr0.001,ADAMW,2,MNIST,199,train_eval,0.9783899784088135,0.0009990938195679395,0.09484875265786089,
2025-09-15 04:12:58,ADAMW_lr0.001,ADAMW,2,MNIST,199,val_eval,1.0156135559082031,0.0009990938195679395,0.09484875265786089,
2025-09-15 04:12:58,ADAMW_lr0.001,ADAMW,2,MNIST,199,train_iter,1.1717928647994995,0.0009990938195679395,0.09499151236130599,730.1919460296631
2025-09-15 04:12:59,ADAMW_lr0.001,ADAMW,2,MNIST,200,train_eval,0.9572237133979797,0.0009990754267376514,0.09499151236130599,
2025-09-15 04:12:59,ADAMW_lr0.001,ADAMW,2,MNIST,200,val_eval,0.9890584349632263,0.0009990754267376514,0.09499151236130599,
2025-09-15 04:14:24,ADAMW_lr0.001,ADAMW,2,MNIST,200,train_iter,0.9522922039031982,0.0009990754267376514,0.08557399645940413,86114.93515968323
2025-09-15 04:14:33,ADAMW_lr0.01,ADAMW,2,MNIST,0,train_eval,4.741975784301758,9.900990099009901e-06,,
2025-09-15 04:14:33,ADAMW_lr0.01,ADAMW,2,MNIST,0,val_eval,4.739541530609131,9.900990099009901e-06,,
2025-09-15 04:16:21,ADAMW_lr0.01,ADAMW,2,MNIST,0,train_iter,4.819905757904053,9.900990099009901e-06,,110277.58884429932
2025-09-15 04:16:22,ADAMW_lr0.01,ADAMW,2,MNIST,1,train_eval,3.64689564704895,1.9801980198019803e-05,,
2025-09-15 04:16:22,ADAMW_lr0.01,ADAMW,2,MNIST,1,val_eval,3.6468234062194824,1.9801980198019803e-05,,
2025-09-15 04:16:22,ADAMW_lr0.01,ADAMW,2,MNIST,1,train_iter,3.9237284660339355,1.9801980198019803e-05,,1383.143663406372
2025-09-15 04:16:24,ADAMW_lr0.01,ADAMW,2,MNIST,2,train_eval,2.3303091526031494,2.9702970297029702e-05,,
2025-09-15 04:16:24,ADAMW_lr0.01,ADAMW,2,MNIST,2,val_eval,2.344357490539551,2.9702970297029702e-05,,
2025-09-15 04:16:24,ADAMW_lr0.01,ADAMW,2,MNIST,2,train_iter,2.735084056854248,2.9702970297029702e-05,,1640.035629272461
2025-09-15 04:16:25,ADAMW_lr0.01,ADAMW,2,MNIST,3,train_eval,1.7007766962051392,3.9603960396039605e-05,,
2025-09-15 04:16:25,ADAMW_lr0.01,ADAMW,2,MNIST,3,val_eval,1.7274497747421265,3.9603960396039605e-05,,
2025-09-15 04:16:25,ADAMW_lr0.01,ADAMW,2,MNIST,3,train_iter,2.1940736770629883,3.9603960396039605e-05,,1307.7380657196045
2025-09-15 04:16:26,ADAMW_lr0.01,ADAMW,2,MNIST,4,train_eval,1.5077002048492432,4.950495049504951e-05,,
2025-09-15 04:16:26,ADAMW_lr0.01,ADAMW,2,MNIST,4,val_eval,1.486297607421875,4.950495049504951e-05,,
2025-09-15 04:16:27,ADAMW_lr0.01,ADAMW,2,MNIST,4,train_iter,1.476258635520935,4.950495049504951e-05,,1326.174020767212
2025-09-15 04:16:28,ADAMW_lr0.01,ADAMW,2,MNIST,5,train_eval,1.4581375122070312,5.9405940594059404e-05,,
2025-09-15 04:16:28,ADAMW_lr0.01,ADAMW,2,MNIST,5,val_eval,1.42914617061615,5.9405940594059404e-05,,
2025-09-15 04:16:28,ADAMW_lr0.01,ADAMW,2,MNIST,5,train_iter,1.6388278007507324,5.9405940594059404e-05,0.05427551499276502,1295.2473163604736
2025-09-15 04:16:29,ADAMW_lr0.01,ADAMW,2,MNIST,6,train_eval,1.4301077127456665,6.930693069306931e-05,0.05427551499276502,
2025-09-15 04:16:29,ADAMW_lr0.01,ADAMW,2,MNIST,6,val_eval,1.4348700046539307,6.930693069306931e-05,0.05427551499276502,
2025-09-15 04:16:29,ADAMW_lr0.01,ADAMW,2,MNIST,6,train_iter,1.4588197469711304,6.930693069306931e-05,0.0564240349435978,927.924394607544
2025-09-15 04:16:30,ADAMW_lr0.01,ADAMW,2,MNIST,7,train_eval,1.3275480270385742,7.920792079207921e-05,0.0564240349435978,
2025-09-15 04:16:30,ADAMW_lr0.01,ADAMW,2,MNIST,7,val_eval,1.3344112634658813,7.920792079207921e-05,0.0564240349435978,
2025-09-15 04:16:31,ADAMW_lr0.01,ADAMW,2,MNIST,7,train_iter,1.3455651998519897,7.920792079207921e-05,0.05394414140037192,2222.9247093200684
2025-09-15 04:16:32,ADAMW_lr0.01,ADAMW,2,MNIST,8,train_eval,1.3228116035461426,8.910891089108912e-05,0.05394414140037192,
2025-09-15 04:16:32,ADAMW_lr0.01,ADAMW,2,MNIST,8,val_eval,1.3130871057510376,8.910891089108912e-05,0.05394414140037192,
2025-09-15 04:16:33,ADAMW_lr0.01,ADAMW,2,MNIST,8,train_iter,1.376283049583435,8.910891089108912e-05,0.05318013351801753,1518.2299613952637
2025-09-15 04:16:33,ADAMW_lr0.01,ADAMW,2,MNIST,9,train_eval,1.239517331123352,9.900990099009902e-05,0.05318013351801753,
2025-09-15 04:16:33,ADAMW_lr0.01,ADAMW,2,MNIST,9,val_eval,1.2355172634124756,9.900990099009902e-05,0.05318013351801753,
2025-09-15 04:16:34,ADAMW_lr0.01,ADAMW,2,MNIST,9,train_iter,1.2915606498718262,9.900990099009902e-05,0.053175892332087346,1322.981357574463
2025-09-15 04:16:35,ADAMW_lr0.01,ADAMW,2,MNIST,10,train_eval,1.1409953832626343,0.0001089108910891089,0.053175892332087346,
2025-09-15 04:16:35,ADAMW_lr0.01,ADAMW,2,MNIST,10,val_eval,1.1891614198684692,0.0001089108910891089,0.053175892332087346,
2025-09-15 04:16:35,ADAMW_lr0.01,ADAMW,2,MNIST,10,train_iter,1.072037935256958,0.0001089108910891089,0.05361779617906193,1220.597267150879
2025-09-15 04:16:36,ADAMW_lr0.01,ADAMW,2,MNIST,11,train_eval,1.199407935142517,0.00011881188118811881,0.05361779617906193,
2025-09-15 04:16:36,ADAMW_lr0.01,ADAMW,2,MNIST,11,val_eval,1.2075036764144897,0.00011881188118811881,0.05361779617906193,
2025-09-15 04:16:36,ADAMW_lr0.01,ADAMW,2,MNIST,11,train_iter,1.3243979215621948,0.00011881188118811881,0.05712681270393633,792.4904823303223
2025-09-15 04:16:37,ADAMW_lr0.01,ADAMW,2,MNIST,12,train_eval,1.1419683694839478,0.00012871287128712872,0.05712681270393633,
2025-09-15 04:16:37,ADAMW_lr0.01,ADAMW,2,MNIST,12,val_eval,1.1508485078811646,0.00012871287128712872,0.05712681270393633,
2025-09-15 04:16:37,ADAMW_lr0.01,ADAMW,2,MNIST,12,train_iter,1.1049747467041016,0.00012871287128712872,0.05713786818082302,1228.222370147705
2025-09-15 04:16:38,ADAMW_lr0.01,ADAMW,2,MNIST,13,train_eval,1.2879552841186523,0.00013861386138613863,0.05713786818082302,
2025-09-15 04:16:38,ADAMW_lr0.01,ADAMW,2,MNIST,13,val_eval,1.2982805967330933,0.00013861386138613863,0.05713786818082302,
2025-09-15 04:16:38,ADAMW_lr0.01,ADAMW,2,MNIST,13,train_iter,1.583592414855957,0.00013861386138613863,0.0607345052745116,755.0699710845947
2025-09-15 04:16:39,ADAMW_lr0.01,ADAMW,2,MNIST,14,train_eval,1.2728244066238403,0.0001485148514851485,0.0607345052745116,
2025-09-15 04:16:39,ADAMW_lr0.01,ADAMW,2,MNIST,14,val_eval,1.2634071111679077,0.0001485148514851485,0.0607345052745116,
2025-09-15 04:16:39,ADAMW_lr0.01,ADAMW,2,MNIST,14,train_iter,1.2597334384918213,0.0001485148514851485,0.06441948302097741,720.405101776123
2025-09-15 04:16:39,ADAMW_lr0.01,ADAMW,2,MNIST,15,train_eval,1.139222502708435,0.00015841584158415842,0.06441948302097741,
2025-09-15 04:16:39,ADAMW_lr0.01,ADAMW,2,MNIST,15,val_eval,1.1302125453948975,0.00015841584158415842,0.06441948302097741,
2025-09-15 04:16:40,ADAMW_lr0.01,ADAMW,2,MNIST,15,train_iter,1.190049171447754,0.00015841584158415842,0.0648114529622116,1028.6955833435059
2025-09-15 04:16:40,ADAMW_lr0.01,ADAMW,2,MNIST,16,train_eval,1.1622064113616943,0.00016831683168316833,0.0648114529622116,
2025-09-15 04:16:40,ADAMW_lr0.01,ADAMW,2,MNIST,16,val_eval,1.1512014865875244,0.00016831683168316833,0.0648114529622116,
2025-09-15 04:16:40,ADAMW_lr0.01,ADAMW,2,MNIST,16,train_iter,1.2329686880111694,0.00016831683168316833,0.06820660374123953,711.8074893951416
2025-09-15 04:16:41,ADAMW_lr0.01,ADAMW,2,MNIST,17,train_eval,1.1180628538131714,0.00017821782178217824,0.06820660374123953,
2025-09-15 04:16:41,ADAMW_lr0.01,ADAMW,2,MNIST,17,val_eval,1.1285563707351685,0.00017821782178217824,0.06820660374123953,
2025-09-15 04:16:42,ADAMW_lr0.01,ADAMW,2,MNIST,17,train_iter,1.206784963607788,0.00017821782178217824,0.06762010424643636,1127.6612281799316
2025-09-15 04:16:42,ADAMW_lr0.01,ADAMW,2,MNIST,18,train_eval,1.109501838684082,0.00018811881188118812,0.06762010424643636,
2025-09-15 04:16:42,ADAMW_lr0.01,ADAMW,2,MNIST,18,val_eval,1.118656039237976,0.00018811881188118812,0.06762010424643636,
2025-09-15 04:16:43,ADAMW_lr0.01,ADAMW,2,MNIST,18,train_iter,1.0816752910614014,0.00018811881188118812,0.06724935133330968,1099.9433994293213
2025-09-15 04:16:43,ADAMW_lr0.01,ADAMW,2,MNIST,19,train_eval,1.0914487838745117,0.00019801980198019803,0.06724935133330968,
2025-09-15 04:16:43,ADAMW_lr0.01,ADAMW,2,MNIST,19,val_eval,1.1304134130477905,0.00019801980198019803,0.06724935133330968,
2025-09-15 04:16:43,ADAMW_lr0.01,ADAMW,2,MNIST,19,train_iter,1.023726463317871,0.00019801980198019803,0.06981611877131477,756.5913200378418
2025-09-15 04:16:44,ADAMW_lr0.01,ADAMW,2,MNIST,20,train_eval,1.0888032913208008,0.00020792079207920794,0.06981611877131477,
2025-09-15 04:16:44,ADAMW_lr0.01,ADAMW,2,MNIST,20,val_eval,1.1237335205078125,0.00020792079207920794,0.06981611877131477,
2025-09-15 04:16:44,ADAMW_lr0.01,ADAMW,2,MNIST,20,train_iter,1.1066842079162598,0.00020792079207920794,0.07269153487284427,713.1989002227783
2025-09-15 04:16:45,ADAMW_lr0.01,ADAMW,2,MNIST,21,train_eval,1.079899549484253,0.0002178217821782178,0.07269153487284427,
2025-09-15 04:16:45,ADAMW_lr0.01,ADAMW,2,MNIST,21,val_eval,1.113694429397583,0.0002178217821782178,0.07269153487284427,
2025-09-15 04:16:45,ADAMW_lr0.01,ADAMW,2,MNIST,21,train_iter,1.0810630321502686,0.0002178217821782178,0.07248821806392004,994.9312210083008
2025-09-15 04:16:46,ADAMW_lr0.01,ADAMW,2,MNIST,22,train_eval,1.0759831666946411,0.0002277227722772277,0.07248821806392004,
2025-09-15 04:16:46,ADAMW_lr0.01,ADAMW,2,MNIST,22,val_eval,1.1071999073028564,0.0002277227722772277,0.07248821806392004,
2025-09-15 04:16:46,ADAMW_lr0.01,ADAMW,2,MNIST,22,train_iter,1.0799152851104736,0.0002277227722772277,0.0714399009347339,1133.782148361206
2025-09-15 04:16:47,ADAMW_lr0.01,ADAMW,2,MNIST,23,train_eval,1.0751639604568481,0.00023762376237623762,0.0714399009347339,
2025-09-15 04:16:47,ADAMW_lr0.01,ADAMW,2,MNIST,23,val_eval,1.107049584388733,0.00023762376237623762,0.0714399009347339,
2025-09-15 04:16:47,ADAMW_lr0.01,ADAMW,2,MNIST,23,train_iter,1.083647608757019,0.00023762376237623762,0.07067592673947706,1101.881504058838
2025-09-15 04:16:48,ADAMW_lr0.01,ADAMW,2,MNIST,24,train_eval,1.0640205144882202,0.00024752475247524753,0.07067592673947706,
2025-09-15 04:16:48,ADAMW_lr0.01,ADAMW,2,MNIST,24,val_eval,1.1011683940887451,0.00024752475247524753,0.07067592673947706,
2025-09-15 04:16:48,ADAMW_lr0.01,ADAMW,2,MNIST,24,train_iter,0.9513999819755554,0.00024752475247524753,0.07006197800810962,1089.3104076385498
2025-09-15 04:16:49,ADAMW_lr0.01,ADAMW,2,MNIST,25,train_eval,1.1100600957870483,0.00025742574257425744,0.07006197800810962,
2025-09-15 04:16:49,ADAMW_lr0.01,ADAMW,2,MNIST,25,val_eval,1.1022837162017822,0.00025742574257425744,0.07006197800810962,
2025-09-15 04:16:49,ADAMW_lr0.01,ADAMW,2,MNIST,25,train_iter,1.3117445707321167,0.00025742574257425744,0.07267728598248059,730.6571006774902
2025-09-15 04:16:50,ADAMW_lr0.01,ADAMW,2,MNIST,26,train_eval,1.09367835521698,0.00026732673267326735,0.07267728598248059,
2025-09-15 04:16:50,ADAMW_lr0.01,ADAMW,2,MNIST,26,val_eval,1.1118295192718506,0.00026732673267326735,0.07267728598248059,
2025-09-15 04:16:50,ADAMW_lr0.01,ADAMW,2,MNIST,26,train_iter,1.3422602415084839,0.00026732673267326735,0.07501079921870009,732.1991920471191
2025-09-15 04:16:51,ADAMW_lr0.01,ADAMW,2,MNIST,27,train_eval,1.0784305334091187,0.00027722772277227726,0.07501079921870009,
2025-09-15 04:16:51,ADAMW_lr0.01,ADAMW,2,MNIST,27,val_eval,1.0869277715682983,0.00027722772277227726,0.07501079921870009,
2025-09-15 04:16:52,ADAMW_lr0.01,ADAMW,2,MNIST,27,train_iter,1.3737108707427979,0.00027722772277227726,0.07049303219295601,2356.44793510437
2025-09-15 04:16:53,ADAMW_lr0.01,ADAMW,2,MNIST,28,train_eval,1.080448031425476,0.00028712871287128717,0.07049303219295601,
2025-09-15 04:16:53,ADAMW_lr0.01,ADAMW,2,MNIST,28,val_eval,1.085667371749878,0.00028712871287128717,0.07049303219295601,
2025-09-15 04:16:54,ADAMW_lr0.01,ADAMW,2,MNIST,28,train_iter,1.1632353067398071,0.00028712871287128717,0.06730005450994801,1822.9844570159912
2025-09-15 04:16:55,ADAMW_lr0.01,ADAMW,2,MNIST,29,train_eval,1.0609253644943237,0.000297029702970297,0.06730005450994801,
2025-09-15 04:16:55,ADAMW_lr0.01,ADAMW,2,MNIST,29,val_eval,1.0626931190490723,0.000297029702970297,0.06730005450994801,
2025-09-15 04:16:57,ADAMW_lr0.01,ADAMW,2,MNIST,29,train_iter,1.0766379833221436,0.000297029702970297,0.06283928164042094,3097.973108291626
2025-09-15 04:16:58,ADAMW_lr0.01,ADAMW,2,MNIST,30,train_eval,1.0689445734024048,0.00030693069306930693,0.06283928164042094,
2025-09-15 04:16:58,ADAMW_lr0.01,ADAMW,2,MNIST,30,val_eval,1.081784725189209,0.00030693069306930693,0.06283928164042094,
2025-09-15 04:16:58,ADAMW_lr0.01,ADAMW,2,MNIST,30,train_iter,1.2703852653503418,0.00030693069306930693,0.06543815923938158,791.4190292358398
2025-09-15 04:16:59,ADAMW_lr0.01,ADAMW,2,MNIST,31,train_eval,1.0732589960098267,0.00031683168316831684,0.06543815923938158,
2025-09-15 04:16:59,ADAMW_lr0.01,ADAMW,2,MNIST,31,val_eval,1.075244426727295,0.00031683168316831684,0.06543815923938158,
2025-09-15 04:16:59,ADAMW_lr0.01,ADAMW,2,MNIST,31,train_iter,1.121675968170166,0.00031683168316831684,0.0686535338247604,720.3488349914551
2025-09-15 04:16:59,ADAMW_lr0.01,ADAMW,2,MNIST,32,train_eval,1.053409457206726,0.00032673267326732675,0.0686535338247604,
2025-09-15 04:16:59,ADAMW_lr0.01,ADAMW,2,MNIST,32,val_eval,1.0510902404785156,0.00032673267326732675,0.0686535338247604,
2025-09-15 04:17:00,ADAMW_lr0.01,ADAMW,2,MNIST,32,train_iter,1.06691312789917,0.00032673267326732675,0.06865595157058309,1023.6248970031738
2025-09-15 04:17:00,ADAMW_lr0.01,ADAMW,2,MNIST,33,train_eval,1.0468456745147705,0.00033663366336633666,0.06865595157058309,
2025-09-15 04:17:00,ADAMW_lr0.01,ADAMW,2,MNIST,33,val_eval,1.0565247535705566,0.00033663366336633666,0.06865595157058309,
2025-09-15 04:17:00,ADAMW_lr0.01,ADAMW,2,MNIST,33,train_iter,1.1010711193084717,0.00033663366336633666,0.07134487203950753,735.7800006866455
2025-09-15 04:17:01,ADAMW_lr0.01,ADAMW,2,MNIST,34,train_eval,1.039799690246582,0.00034653465346534657,0.07134487203950753,
2025-09-15 04:17:01,ADAMW_lr0.01,ADAMW,2,MNIST,34,val_eval,1.0363645553588867,0.00034653465346534657,0.07134487203950753,
2025-09-15 04:17:02,ADAMW_lr0.01,ADAMW,2,MNIST,34,train_iter,1.0037511587142944,0.00034653465346534657,0.07064615078577166,1092.3364162445068
2025-09-15 04:17:02,ADAMW_lr0.01,ADAMW,2,MNIST,35,train_eval,1.0476703643798828,0.0003564356435643565,0.07064615078577166,
2025-09-15 04:17:02,ADAMW_lr0.01,ADAMW,2,MNIST,35,val_eval,1.0465947389602661,0.0003564356435643565,0.07064615078577166,
2025-09-15 04:17:02,ADAMW_lr0.01,ADAMW,2,MNIST,35,train_iter,0.9034687876701355,0.0003564356435643565,0.07257317451371417,781.8398475646973
2025-09-15 04:17:03,ADAMW_lr0.01,ADAMW,2,MNIST,36,train_eval,1.0317491292953491,0.00036633663366336634,0.07257317451371417,
2025-09-15 04:17:03,ADAMW_lr0.01,ADAMW,2,MNIST,36,val_eval,1.0391672849655151,0.00036633663366336634,0.07257317451371417,
2025-09-15 04:17:03,ADAMW_lr0.01,ADAMW,2,MNIST,36,train_iter,0.8059011697769165,0.00036633663366336634,0.07505160209215847,722.083568572998
2025-09-15 04:17:04,ADAMW_lr0.01,ADAMW,2,MNIST,37,train_eval,1.0456143617630005,0.00037623762376237625,0.07505160209215847,
2025-09-15 04:17:04,ADAMW_lr0.01,ADAMW,2,MNIST,37,val_eval,1.0297141075134277,0.00037623762376237625,0.07505160209215847,
2025-09-15 04:17:04,ADAMW_lr0.01,ADAMW,2,MNIST,37,train_iter,1.0960688591003418,0.00037623762376237625,0.07427052534563958,1045.4988479614258
2025-09-15 04:17:05,ADAMW_lr0.01,ADAMW,2,MNIST,38,train_eval,1.0484241247177124,0.00038613861386138616,0.07427052534563958,
2025-09-15 04:17:05,ADAMW_lr0.01,ADAMW,2,MNIST,38,val_eval,1.0442310571670532,0.00038613861386138616,0.07427052534563958,
2025-09-15 04:17:05,ADAMW_lr0.01,ADAMW,2,MNIST,38,train_iter,0.8658320307731628,0.00038613861386138616,0.07574389735261847,789.8523807525635
2025-09-15 04:17:06,ADAMW_lr0.01,ADAMW,2,MNIST,39,train_eval,1.0342499017715454,0.00039603960396039607,0.07574389735261847,
2025-09-15 04:17:06,ADAMW_lr0.01,ADAMW,2,MNIST,39,val_eval,1.0250439643859863,0.00039603960396039607,0.07574389735261847,
2025-09-15 04:17:06,ADAMW_lr0.01,ADAMW,2,MNIST,39,train_iter,0.921488881111145,0.00039603960396039607,0.07515765493549668,1005.9921741485596
2025-09-15 04:17:07,ADAMW_lr0.01,ADAMW,2,MNIST,40,train_eval,1.037593960762024,0.000405940594059406,0.07515765493549668,
2025-09-15 04:17:07,ADAMW_lr0.01,ADAMW,2,MNIST,40,val_eval,1.0037182569503784,0.000405940594059406,0.07515765493549668,
2025-09-15 04:17:07,ADAMW_lr0.01,ADAMW,2,MNIST,40,train_iter,0.7776798009872437,0.000405940594059406,0.07475890567656994,987.776517868042
2025-09-15 04:17:08,ADAMW_lr0.01,ADAMW,2,MNIST,41,train_eval,1.0364861488342285,0.0004158415841584159,0.07475890567656994,
2025-09-15 04:17:08,ADAMW_lr0.01,ADAMW,2,MNIST,41,val_eval,1.0301876068115234,0.0004158415841584159,0.07475890567656994,
2025-09-15 04:17:08,ADAMW_lr0.01,ADAMW,2,MNIST,41,train_iter,0.8124868869781494,0.0004158415841584159,0.07621180635843632,787.3430252075195
2025-09-15 04:17:08,ADAMW_lr0.01,ADAMW,2,MNIST,42,train_eval,1.0417362451553345,0.0004257425742574258,0.07621180635843632,
2025-09-15 04:17:08,ADAMW_lr0.01,ADAMW,2,MNIST,42,val_eval,1.0579547882080078,0.0004257425742574258,0.07621180635843632,
2025-09-15 04:17:08,ADAMW_lr0.01,ADAMW,2,MNIST,42,train_iter,1.1671589612960815,0.0004257425742574258,0.07843675880432821,713.9880657196045
2025-09-15 04:17:09,ADAMW_lr0.01,ADAMW,2,MNIST,43,train_eval,1.0296882390975952,0.0004356435643564356,0.07843675880432821,
2025-09-15 04:17:09,ADAMW_lr0.01,ADAMW,2,MNIST,43,val_eval,1.0204870700836182,0.0004356435643564356,0.07843675880432821,
2025-09-15 04:17:09,ADAMW_lr0.01,ADAMW,2,MNIST,43,train_iter,0.9433714747428894,0.0004356435643564356,0.08041979675742775,715.3990268707275
2025-09-15 04:17:10,ADAMW_lr0.01,ADAMW,2,MNIST,44,train_eval,1.032999873161316,0.0004455445544554455,0.08041979675742775,
2025-09-15 04:17:10,ADAMW_lr0.01,ADAMW,2,MNIST,44,val_eval,1.0226726531982422,0.0004455445544554455,0.08041979675742775,
2025-09-15 04:17:10,ADAMW_lr0.01,ADAMW,2,MNIST,44,train_iter,1.007385492324829,0.0004455445544554455,0.08218535448291824,716.7978286743164
2025-09-15 04:17:11,ADAMW_lr0.01,ADAMW,2,MNIST,45,train_eval,1.0669549703598022,0.0004554455445544554,0.08218535448291824,
2025-09-15 04:17:11,ADAMW_lr0.01,ADAMW,2,MNIST,45,val_eval,1.0470786094665527,0.0004554455445544554,0.08218535448291824,
2025-09-15 04:17:11,ADAMW_lr0.01,ADAMW,2,MNIST,45,train_iter,1.166216492652893,0.0004554455445544554,0.08363670265763962,727.0016670227051
2025-09-15 04:17:11,ADAMW_lr0.01,ADAMW,2,MNIST,46,train_eval,1.0294556617736816,0.0004653465346534653,0.08363670265763962,
2025-09-15 04:17:11,ADAMW_lr0.01,ADAMW,2,MNIST,46,val_eval,1.0276367664337158,0.0004653465346534653,0.08363670265763962,
2025-09-15 04:17:11,ADAMW_lr0.01,ADAMW,2,MNIST,46,train_iter,0.8616857528686523,0.0004653465346534653,0.08511338878654887,714.407205581665
2025-09-15 04:17:12,ADAMW_lr0.01,ADAMW,2,MNIST,47,train_eval,1.0379985570907593,0.00047524752475247524,0.08511338878654887,
2025-09-15 04:17:12,ADAMW_lr0.01,ADAMW,2,MNIST,47,val_eval,1.0587271451950073,0.00047524752475247524,0.08511338878654887,
2025-09-15 04:17:12,ADAMW_lr0.01,ADAMW,2,MNIST,47,train_iter,0.9662138819694519,0.00047524752475247524,0.08625353748222465,728.3873558044434
2025-09-15 04:17:13,ADAMW_lr0.01,ADAMW,2,MNIST,48,train_eval,1.034714698791504,0.00048514851485148515,0.08625353748222465,
2025-09-15 04:17:13,ADAMW_lr0.01,ADAMW,2,MNIST,48,val_eval,1.0284533500671387,0.00048514851485148515,0.08625353748222465,
2025-09-15 04:17:13,ADAMW_lr0.01,ADAMW,2,MNIST,48,train_iter,1.337587594985962,0.00048514851485148515,0.08742391660573628,717.6616191864014
2025-09-15 04:17:13,ADAMW_lr0.01,ADAMW,2,MNIST,49,train_eval,1.0206902027130127,0.0004950495049504951,0.08742391660573628,
2025-09-15 04:17:13,ADAMW_lr0.01,ADAMW,2,MNIST,49,val_eval,1.018659234046936,0.0004950495049504951,0.08742391660573628,
2025-09-15 04:17:13,ADAMW_lr0.01,ADAMW,2,MNIST,49,train_iter,1.2880885601043701,0.0004950495049504951,0.08856168302060605,711.5292549133301
2025-09-15 04:17:14,ADAMW_lr0.01,ADAMW,2,MNIST,50,train_eval,1.0185519456863403,0.000504950495049505,0.08856168302060605,
2025-09-15 04:17:14,ADAMW_lr0.01,ADAMW,2,MNIST,50,val_eval,1.0455132722854614,0.000504950495049505,0.08856168302060605,
2025-09-15 04:17:14,ADAMW_lr0.01,ADAMW,2,MNIST,50,train_iter,0.9384903311729431,0.000504950495049505,0.08938427955559969,726.3345718383789
2025-09-15 04:17:15,ADAMW_lr0.01,ADAMW,2,MNIST,51,train_eval,1.029160737991333,0.0005148514851485149,0.08938427955559969,
2025-09-15 04:17:15,ADAMW_lr0.01,ADAMW,2,MNIST,51,val_eval,1.0515835285186768,0.0005148514851485149,0.08938427955559969,
2025-09-15 04:17:15,ADAMW_lr0.01,ADAMW,2,MNIST,51,train_iter,1.185177206993103,0.0005148514851485149,0.09028931236767586,714.1819000244141
2025-09-15 04:17:16,ADAMW_lr0.01,ADAMW,2,MNIST,52,train_eval,1.0484650135040283,0.0005247524752475248,0.09028931236767586,
2025-09-15 04:17:16,ADAMW_lr0.01,ADAMW,2,MNIST,52,val_eval,1.042315125465393,0.0005247524752475248,0.09028931236767586,
2025-09-15 04:17:16,ADAMW_lr0.01,ADAMW,2,MNIST,52,train_iter,0.6125460863113403,0.0005247524752475248,0.09111427641618186,713.4256362915039
2025-09-15 04:17:16,ADAMW_lr0.01,ADAMW,2,MNIST,53,train_eval,1.0469354391098022,0.0005346534653465347,0.09111427641618186,
2025-09-15 04:17:16,ADAMW_lr0.01,ADAMW,2,MNIST,53,val_eval,1.061206340789795,0.0005346534653465347,0.09111427641618186,
2025-09-15 04:17:16,ADAMW_lr0.01,ADAMW,2,MNIST,53,train_iter,1.2461857795715332,0.0005346534653465347,0.09151659759909553,738.9328479766846
2025-09-15 04:17:17,ADAMW_lr0.01,ADAMW,2,MNIST,54,train_eval,1.0869784355163574,0.0005445544554455446,0.09151659759909553,
2025-09-15 04:17:17,ADAMW_lr0.01,ADAMW,2,MNIST,54,val_eval,1.106335163116455,0.0005445544554455446,0.09151659759909553,
2025-09-15 04:17:17,ADAMW_lr0.01,ADAMW,2,MNIST,54,train_iter,1.0023119449615479,0.0005445544554455446,0.09165337096298787,756.8576335906982
2025-09-15 04:17:18,ADAMW_lr0.01,ADAMW,2,MNIST,55,train_eval,1.0731030702590942,0.0005544554455445545,0.09165337096298787,
2025-09-15 04:17:18,ADAMW_lr0.01,ADAMW,2,MNIST,55,val_eval,1.0695195198059082,0.0005544554455445545,0.09165337096298787,
2025-09-15 04:17:18,ADAMW_lr0.01,ADAMW,2,MNIST,55,train_iter,0.9046334624290466,0.0005544554455445545,0.09233082103256811,714.2307758331299
2025-09-15 04:17:18,ADAMW_lr0.01,ADAMW,2,MNIST,56,train_eval,1.045891523361206,0.0005643564356435644,0.09233082103256811,
2025-09-15 04:17:18,ADAMW_lr0.01,ADAMW,2,MNIST,56,val_eval,1.022373080253601,0.0005643564356435644,0.09233082103256811,
2025-09-15 04:17:19,ADAMW_lr0.01,ADAMW,2,MNIST,56,train_iter,1.0177085399627686,0.0005643564356435644,0.09277317854342673,726.5841960906982
2025-09-15 04:17:19,ADAMW_lr0.01,ADAMW,2,MNIST,57,train_eval,1.0421754121780396,0.0005742574257425743,0.09277317854342673,
2025-09-15 04:17:19,ADAMW_lr0.01,ADAMW,2,MNIST,57,val_eval,1.034986972808838,0.0005742574257425743,0.09277317854342673,
2025-09-15 04:17:19,ADAMW_lr0.01,ADAMW,2,MNIST,57,train_iter,1.1803760528564453,0.0005742574257425743,0.09331114854479397,716.2318229675293
2025-09-15 04:17:20,ADAMW_lr0.01,ADAMW,2,MNIST,58,train_eval,1.0321627855300903,0.0005841584158415842,0.09331114854479397,
2025-09-15 04:17:20,ADAMW_lr0.01,ADAMW,2,MNIST,58,val_eval,1.0264769792556763,0.0005841584158415842,0.09331114854479397,
2025-09-15 04:17:20,ADAMW_lr0.01,ADAMW,2,MNIST,58,train_iter,1.1001561880111694,0.0005841584158415842,0.09374241654608374,720.1132774353027
2025-09-15 04:17:21,ADAMW_lr0.01,ADAMW,2,MNIST,59,train_eval,1.0271010398864746,0.000594059405940594,0.09374241654608374,
2025-09-15 04:17:21,ADAMW_lr0.01,ADAMW,2,MNIST,59,val_eval,1.0390743017196655,0.000594059405940594,0.09374241654608374,
2025-09-15 04:17:21,ADAMW_lr0.01,ADAMW,2,MNIST,59,train_iter,1.0545289516448975,0.000594059405940594,0.09407932651232905,723.912239074707
2025-09-15 04:17:21,ADAMW_lr0.01,ADAMW,2,MNIST,60,train_eval,1.0182480812072754,0.000603960396039604,0.09407932651232905,
2025-09-15 04:17:21,ADAMW_lr0.01,ADAMW,2,MNIST,60,val_eval,1.0291579961776733,0.000603960396039604,0.09407932651232905,
2025-09-15 04:17:21,ADAMW_lr0.01,ADAMW,2,MNIST,60,train_iter,1.0573906898498535,0.000603960396039604,0.09453410925622326,712.7876281738281
2025-09-15 04:17:22,ADAMW_lr0.01,ADAMW,2,MNIST,61,train_eval,1.0209033489227295,0.0006138613861386139,0.09453410925622326,
2025-09-15 04:17:22,ADAMW_lr0.01,ADAMW,2,MNIST,61,val_eval,1.0160610675811768,0.0006138613861386139,0.09453410925622326,
2025-09-15 04:17:22,ADAMW_lr0.01,ADAMW,2,MNIST,61,train_iter,1.0359904766082764,0.0006138613861386139,0.09493748247406426,713.2165431976318
2025-09-15 04:17:23,ADAMW_lr0.01,ADAMW,2,MNIST,62,train_eval,1.0096955299377441,0.0006237623762376238,0.09493748247406426,
2025-09-15 04:17:23,ADAMW_lr0.01,ADAMW,2,MNIST,62,val_eval,1.0042370557785034,0.0006237623762376238,0.09493748247406426,
2025-09-15 04:17:23,ADAMW_lr0.01,ADAMW,2,MNIST,62,train_iter,1.0339034795761108,0.0006237623762376238,0.095058472722433,731.1713695526123
2025-09-15 04:17:24,ADAMW_lr0.01,ADAMW,2,MNIST,63,train_eval,1.0096888542175293,0.0006336633663366337,0.095058472722433,
2025-09-15 04:17:24,ADAMW_lr0.01,ADAMW,2,MNIST,63,val_eval,1.029300570487976,0.0006336633663366337,0.095058472722433,
2025-09-15 04:17:24,ADAMW_lr0.01,ADAMW,2,MNIST,63,train_iter,0.6471517086029053,0.0006336633663366337,0.095426447726232,711.9858264923096
2025-09-15 04:17:24,ADAMW_lr0.01,ADAMW,2,MNIST,64,train_eval,1.0132654905319214,0.0006435643564356436,0.095426447726232,
2025-09-15 04:17:24,ADAMW_lr0.01,ADAMW,2,MNIST,64,val_eval,1.0376416444778442,0.0006435643564356436,0.095426447726232,
2025-09-15 04:17:24,ADAMW_lr0.01,ADAMW,2,MNIST,64,train_iter,0.9338719248771667,0.0006435643564356436,0.09575324950957077,712.30149269104
2025-09-15 04:17:25,ADAMW_lr0.01,ADAMW,2,MNIST,65,train_eval,1.0499258041381836,0.0006534653465346535,0.09575324950957077,
2025-09-15 04:17:25,ADAMW_lr0.01,ADAMW,2,MNIST,65,val_eval,1.0639770030975342,0.0006534653465346535,0.09575324950957077,
2025-09-15 04:17:25,ADAMW_lr0.01,ADAMW,2,MNIST,65,train_iter,0.9576834440231323,0.0006534653465346535,0.09605716567342927,711.5952968597412
2025-09-15 04:17:26,ADAMW_lr0.01,ADAMW,2,MNIST,66,train_eval,1.0324827432632446,0.0006633663366336634,0.09605716567342927,
2025-09-15 04:17:26,ADAMW_lr0.01,ADAMW,2,MNIST,66,val_eval,1.0397207736968994,0.0006633663366336634,0.09605716567342927,
2025-09-15 04:17:26,ADAMW_lr0.01,ADAMW,2,MNIST,66,train_iter,1.1411783695220947,0.0006633663366336634,0.09633716223700897,711.1294269561768
2025-09-15 04:17:26,ADAMW_lr0.01,ADAMW,2,MNIST,67,train_eval,1.029181957244873,0.0006732673267326733,0.09633716223700897,
2025-09-15 04:17:26,ADAMW_lr0.01,ADAMW,2,MNIST,67,val_eval,1.030541181564331,0.0006732673267326733,0.09633716223700897,
2025-09-15 04:17:26,ADAMW_lr0.01,ADAMW,2,MNIST,67,train_iter,1.2204642295837402,0.0006732673267326733,0.09648649056235709,718.5924053192139
2025-09-15 04:17:27,ADAMW_lr0.01,ADAMW,2,MNIST,68,train_eval,1.0281283855438232,0.0006831683168316832,0.09648649056235709,
2025-09-15 04:17:27,ADAMW_lr0.01,ADAMW,2,MNIST,68,val_eval,1.0204275846481323,0.0006831683168316832,0.09648649056235709,
2025-09-15 04:17:27,ADAMW_lr0.01,ADAMW,2,MNIST,68,train_iter,0.8420879244804382,0.0006831683168316832,0.09674000128426546,709.9483013153076
2025-09-15 04:17:28,ADAMW_lr0.01,ADAMW,2,MNIST,69,train_eval,1.0339303016662598,0.0006930693069306931,0.09674000128426546,
2025-09-15 04:17:28,ADAMW_lr0.01,ADAMW,2,MNIST,69,val_eval,1.0339272022247314,0.0006930693069306931,0.09674000128426546,
2025-09-15 04:17:28,ADAMW_lr0.01,ADAMW,2,MNIST,69,train_iter,1.136470079421997,0.0006930693069306931,0.09694877863738406,711.3406658172607
2025-09-15 04:17:29,ADAMW_lr0.01,ADAMW,2,MNIST,70,train_eval,1.0082179307937622,0.000702970297029703,0.09694877863738406,
2025-09-15 04:17:29,ADAMW_lr0.01,ADAMW,2,MNIST,70,val_eval,1.019758701324463,0.000702970297029703,0.09694877863738406,
2025-09-15 04:17:29,ADAMW_lr0.01,ADAMW,2,MNIST,70,train_iter,0.986183762550354,0.000702970297029703,0.09692270313264174,727.0829677581787
2025-09-15 04:17:29,ADAMW_lr0.01,ADAMW,2,MNIST,71,train_eval,1.0294430255889893,0.000712871287128713,0.09692270313264174,
2025-09-15 04:17:29,ADAMW_lr0.01,ADAMW,2,MNIST,71,val_eval,1.02278470993042,0.000712871287128713,0.09692270313264174,
2025-09-15 04:17:29,ADAMW_lr0.01,ADAMW,2,MNIST,71,train_iter,0.919763445854187,0.000712871287128713,0.09691350128762242,726.0117530822754
2025-09-15 04:17:30,ADAMW_lr0.01,ADAMW,2,MNIST,72,train_eval,1.027039885520935,0.0007227722772277228,0.09691350128762242,
2025-09-15 04:17:30,ADAMW_lr0.01,ADAMW,2,MNIST,72,val_eval,1.0216022729873657,0.0007227722772277228,0.09691350128762242,
2025-09-15 04:17:30,ADAMW_lr0.01,ADAMW,2,MNIST,72,train_iter,1.0083918571472168,0.0007227722772277228,0.09688687162797203,727.3900508880615
2025-09-15 04:17:31,ADAMW_lr0.01,ADAMW,2,MNIST,73,train_eval,1.025255560874939,0.0007326732673267327,0.09688687162797203,
2025-09-15 04:17:31,ADAMW_lr0.01,ADAMW,2,MNIST,73,val_eval,1.0164225101470947,0.0007326732673267327,0.09688687162797203,
2025-09-15 04:17:31,ADAMW_lr0.01,ADAMW,2,MNIST,73,train_iter,0.7550961375236511,0.0007326732673267327,0.09716984389381955,705.0001621246338
2025-09-15 04:17:31,ADAMW_lr0.01,ADAMW,2,MNIST,74,train_eval,1.0324186086654663,0.0007425742574257426,0.09716984389381955,
2025-09-15 04:17:31,ADAMW_lr0.01,ADAMW,2,MNIST,74,val_eval,1.0247929096221924,0.0007425742574257426,0.09716984389381955,
2025-09-15 04:17:31,ADAMW_lr0.01,ADAMW,2,MNIST,74,train_iter,0.8978579044342041,0.0007425742574257426,0.09752827201637097,697.7403163909912
2025-09-15 04:17:32,ADAMW_lr0.01,ADAMW,2,MNIST,75,train_eval,1.0094020366668701,0.0007524752475247525,0.09752827201637097,
2025-09-15 04:17:32,ADAMW_lr0.01,ADAMW,2,MNIST,75,val_eval,1.0180805921554565,0.0007524752475247525,0.09752827201637097,
2025-09-15 04:17:32,ADAMW_lr0.01,ADAMW,2,MNIST,75,train_iter,1.085564374923706,0.0007524752475247525,0.09788202451989718,695.5885887145996
2025-09-15 04:17:33,ADAMW_lr0.01,ADAMW,2,MNIST,76,train_eval,1.0026947259902954,0.0007623762376237624,0.09788202451989718,
2025-09-15 04:17:33,ADAMW_lr0.01,ADAMW,2,MNIST,76,val_eval,1.0249066352844238,0.0007623762376237624,0.09788202451989718,
2025-09-15 04:17:33,ADAMW_lr0.01,ADAMW,2,MNIST,76,train_iter,1.0384788513183594,0.0007623762376237624,0.09815500504343153,698.7271308898926
2025-09-15 04:17:33,ADAMW_lr0.01,ADAMW,2,MNIST,77,train_eval,1.0134278535842896,0.0007722772277227723,0.09815500504343153,
2025-09-15 04:17:33,ADAMW_lr0.01,ADAMW,2,MNIST,77,val_eval,1.0209168195724487,0.0007722772277227723,0.09815500504343153,
2025-09-15 04:17:33,ADAMW_lr0.01,ADAMW,2,MNIST,77,train_iter,1.1294128894805908,0.0007722772277227723,0.09840066691628785,698.7285614013672
2025-09-15 04:17:34,ADAMW_lr0.01,ADAMW,2,MNIST,78,train_eval,1.015721082687378,0.0007821782178217822,0.09840066691628785,
2025-09-15 04:17:34,ADAMW_lr0.01,ADAMW,2,MNIST,78,val_eval,0.999549150466919,0.0007821782178217822,0.09840066691628785,
2025-09-15 04:17:35,ADAMW_lr0.01,ADAMW,2,MNIST,78,train_iter,1.159735083580017,0.0007821782178217822,0.09526181927721988,1049.0660667419434
2025-09-15 04:17:35,ADAMW_lr0.01,ADAMW,2,MNIST,79,train_eval,1.0050078630447388,0.0007920792079207921,0.09526181927721988,
2025-09-15 04:17:35,ADAMW_lr0.01,ADAMW,2,MNIST,79,val_eval,1.0307308435440063,0.0007920792079207921,0.09526181927721988,
2025-09-15 04:17:35,ADAMW_lr0.01,ADAMW,2,MNIST,79,train_iter,0.9811736941337585,0.0007920792079207921,0.09475725767580398,779.2415618896484
2025-09-15 04:17:36,ADAMW_lr0.01,ADAMW,2,MNIST,80,train_eval,0.9960752725601196,0.000801980198019802,0.09475725767580398,
2025-09-15 04:17:36,ADAMW_lr0.01,ADAMW,2,MNIST,80,val_eval,1.0214552879333496,0.000801980198019802,0.09475725767580398,
2025-09-15 04:17:36,ADAMW_lr0.01,ADAMW,2,MNIST,80,train_iter,1.2693424224853516,0.000801980198019802,0.09501098047105211,722.5508689880371
2025-09-15 04:17:37,ADAMW_lr0.01,ADAMW,2,MNIST,81,train_eval,0.9985094666481018,0.000811881188118812,0.09501098047105211,
2025-09-15 04:17:37,ADAMW_lr0.01,ADAMW,2,MNIST,81,val_eval,1.0166393518447876,0.000811881188118812,0.09501098047105211,
2025-09-15 04:17:37,ADAMW_lr0.01,ADAMW,2,MNIST,81,train_iter,1.09811532497406,0.000811881188118812,0.09517968993835549,727.0073890686035
2025-09-15 04:17:37,ADAMW_lr0.01,ADAMW,2,MNIST,82,train_eval,1.00600266456604,0.0008217821782178219,0.09517968993835549,
2025-09-15 04:17:37,ADAMW_lr0.01,ADAMW,2,MNIST,82,val_eval,0.9940853714942932,0.0008217821782178219,0.09517968993835549,
2025-09-15 04:17:38,ADAMW_lr0.01,ADAMW,2,MNIST,82,train_iter,1.174046516418457,0.0008217821782178219,0.09039614688314832,1484.8730564117432
2025-09-15 04:17:39,ADAMW_lr0.01,ADAMW,2,MNIST,83,train_eval,1.012786626815796,0.0008316831683168318,0.09039614688314832,
2025-09-15 04:17:39,ADAMW_lr0.01,ADAMW,2,MNIST,83,val_eval,1.0001072883605957,0.0008316831683168318,0.09039614688314832,
2025-09-15 04:17:39,ADAMW_lr0.01,ADAMW,2,MNIST,83,train_iter,1.173779010772705,0.0008316831683168318,0.09032121086899321,784.1911315917969
2025-09-15 04:17:40,ADAMW_lr0.01,ADAMW,2,MNIST,84,train_eval,0.9967485666275024,0.0008415841584158417,0.09032121086899321,
2025-09-15 04:17:40,ADAMW_lr0.01,ADAMW,2,MNIST,84,val_eval,1.0184189081192017,0.0008415841584158417,0.09032121086899321,
2025-09-15 04:17:40,ADAMW_lr0.01,ADAMW,2,MNIST,84,train_iter,1.0351195335388184,0.0008415841584158417,0.09115162373801225,712.8007411956787
2025-09-15 04:17:40,ADAMW_lr0.01,ADAMW,2,MNIST,85,train_eval,1.0300806760787964,0.0008514851485148516,0.09115162373801225,
2025-09-15 04:17:40,ADAMW_lr0.01,ADAMW,2,MNIST,85,val_eval,1.0246596336364746,0.0008514851485148516,0.09115162373801225,
2025-09-15 04:17:40,ADAMW_lr0.01,ADAMW,2,MNIST,85,train_iter,1.0173418521881104,0.0008514851485148516,0.09181949617565117,718.5931205749512
2025-09-15 04:17:41,ADAMW_lr0.01,ADAMW,2,MNIST,86,train_eval,1.024796485900879,0.0008613861386138615,0.09181949617565117,
2025-09-15 04:17:41,ADAMW_lr0.01,ADAMW,2,MNIST,86,val_eval,1.00896418094635,0.0008613861386138615,0.09181949617565117,
2025-09-15 04:17:41,ADAMW_lr0.01,ADAMW,2,MNIST,86,train_iter,0.9874250292778015,0.0008613861386138615,0.09249074376460621,713.4761810302734
2025-09-15 04:17:42,ADAMW_lr0.01,ADAMW,2,MNIST,87,train_eval,1.0293482542037964,0.0008712871287128712,0.09249074376460621,
2025-09-15 04:17:42,ADAMW_lr0.01,ADAMW,2,MNIST,87,val_eval,1.0134150981903076,0.0008712871287128712,0.09249074376460621,
2025-09-15 04:17:42,ADAMW_lr0.01,ADAMW,2,MNIST,87,train_iter,1.014500379562378,0.0008712871287128712,0.09313871070438719,710.315465927124
2025-09-15 04:17:43,ADAMW_lr0.01,ADAMW,2,MNIST,88,train_eval,1.0027875900268555,0.0008811881188118811,0.09313871070438719,
2025-09-15 04:17:43,ADAMW_lr0.01,ADAMW,2,MNIST,88,val_eval,1.0408772230148315,0.0008811881188118811,0.09313871070438719,
2025-09-15 04:17:43,ADAMW_lr0.01,ADAMW,2,MNIST,88,train_iter,0.981045663356781,0.0008811881188118811,0.09366737381225242,714.2491340637207
2025-09-15 04:17:43,ADAMW_lr0.01,ADAMW,2,MNIST,89,train_eval,1.0002323389053345,0.000891089108910891,0.09366737381225242,
2025-09-15 04:17:43,ADAMW_lr0.01,ADAMW,2,MNIST,89,val_eval,1.015210747718811,0.000891089108910891,0.09366737381225242,
2025-09-15 04:17:43,ADAMW_lr0.01,ADAMW,2,MNIST,89,train_iter,1.050184726715088,0.000891089108910891,0.09402404676039817,722.9995727539062
2025-09-15 04:17:44,ADAMW_lr0.01,ADAMW,2,MNIST,90,train_eval,0.985892117023468,0.0009009900990099009,0.09402404676039817,
2025-09-15 04:17:44,ADAMW_lr0.01,ADAMW,2,MNIST,90,val_eval,1.0076253414154053,0.0009009900990099009,0.09402404676039817,
2025-09-15 04:17:44,ADAMW_lr0.01,ADAMW,2,MNIST,90,train_iter,0.9332476854324341,0.0009009900990099009,0.09438929623310731,719.7246551513672
2025-09-15 04:17:45,ADAMW_lr0.01,ADAMW,2,MNIST,91,train_eval,0.9926498532295227,0.0009108910891089108,0.09438929623310731,
2025-09-15 04:17:45,ADAMW_lr0.01,ADAMW,2,MNIST,91,val_eval,1.0081006288528442,0.0009108910891089108,0.09438929623310731,
2025-09-15 04:17:45,ADAMW_lr0.01,ADAMW,2,MNIST,91,train_iter,0.9301676154136658,0.0009108910891089108,0.09484669043501226,710.36696434021
2025-09-15 04:17:45,ADAMW_lr0.01,ADAMW,2,MNIST,92,train_eval,1.0230549573898315,0.0009207920792079207,0.09484669043501226,
2025-09-15 04:17:45,ADAMW_lr0.01,ADAMW,2,MNIST,92,val_eval,1.019972562789917,0.0009207920792079207,0.09484669043501226,
2025-09-15 04:17:45,ADAMW_lr0.01,ADAMW,2,MNIST,92,train_iter,1.1700522899627686,0.0009207920792079207,0.09515367832463159,717.9603576660156
2025-09-15 04:17:46,ADAMW_lr0.01,ADAMW,2,MNIST,93,train_eval,1.0338908433914185,0.0009306930693069307,0.09515367832463159,
2025-09-15 04:17:46,ADAMW_lr0.01,ADAMW,2,MNIST,93,val_eval,1.009219765663147,0.0009306930693069307,0.09515367832463159,
2025-09-15 04:17:46,ADAMW_lr0.01,ADAMW,2,MNIST,93,train_iter,1.037285327911377,0.0009306930693069307,0.09553757802127714,710.155725479126
2025-09-15 04:17:47,ADAMW_lr0.01,ADAMW,2,MNIST,94,train_eval,1.0222933292388916,0.0009405940594059406,0.09553757802127714,
2025-09-15 04:17:47,ADAMW_lr0.01,ADAMW,2,MNIST,94,val_eval,1.0483282804489136,0.0009405940594059406,0.09553757802127714,
2025-09-15 04:17:47,ADAMW_lr0.01,ADAMW,2,MNIST,94,train_iter,1.1662135124206543,0.0009405940594059406,0.09564804336435016,727.4274826049805
2025-09-15 04:17:48,ADAMW_lr0.01,ADAMW,2,MNIST,95,train_eval,1.021140694618225,0.0009504950495049505,0.09564804336435016,
2025-09-15 04:17:48,ADAMW_lr0.01,ADAMW,2,MNIST,95,val_eval,1.010980248451233,0.0009504950495049505,0.09564804336435016,
2025-09-15 04:17:48,ADAMW_lr0.01,ADAMW,2,MNIST,95,train_iter,1.0710008144378662,0.0009504950495049505,0.09592001386655273,714.6673202514648
2025-09-15 04:17:48,ADAMW_lr0.01,ADAMW,2,MNIST,96,train_eval,1.0255604982376099,0.0009603960396039604,0.09592001386655273,
2025-09-15 04:17:48,ADAMW_lr0.01,ADAMW,2,MNIST,96,val_eval,1.0307116508483887,0.0009603960396039604,0.09592001386655273,
2025-09-15 04:17:48,ADAMW_lr0.01,ADAMW,2,MNIST,96,train_iter,0.8263335227966309,0.0009603960396039604,0.09608119554168648,720.7925319671631
2025-09-15 04:17:49,ADAMW_lr0.01,ADAMW,2,MNIST,97,train_eval,0.986524760723114,0.0009702970297029703,0.09608119554168648,
2025-09-15 04:17:49,ADAMW_lr0.01,ADAMW,2,MNIST,97,val_eval,1.010691523551941,0.0009702970297029703,0.09608119554168648,
2025-09-15 04:17:49,ADAMW_lr0.01,ADAMW,2,MNIST,97,train_iter,0.9992474317550659,0.0009702970297029703,0.09616585597123643,725.2843379974365
2025-09-15 04:17:50,ADAMW_lr0.01,ADAMW,2,MNIST,98,train_eval,0.9977762699127197,0.0009801980198019802,0.09616585597123643,
2025-09-15 04:17:50,ADAMW_lr0.01,ADAMW,2,MNIST,98,val_eval,1.0039106607437134,0.0009801980198019802,0.09616585597123643,
2025-09-15 04:17:50,ADAMW_lr0.01,ADAMW,2,MNIST,98,train_iter,0.8947666883468628,0.0009801980198019802,0.09635107627420506,717.216968536377
2025-09-15 04:17:50,ADAMW_lr0.01,ADAMW,2,MNIST,99,train_eval,1.0116740465164185,0.0009900990099009901,0.09635107627420506,
2025-09-15 04:17:50,ADAMW_lr0.01,ADAMW,2,MNIST,99,val_eval,1.0226612091064453,0.0009900990099009901,0.09635107627420506,
2025-09-15 04:17:51,ADAMW_lr0.01,ADAMW,2,MNIST,99,train_iter,1.1610186100006104,0.0009900990099009901,0.09661425917709421,710.2258205413818
2025-09-15 04:17:51,ADAMW_lr0.01,ADAMW,2,MNIST,100,train_eval,0.9981591701507568,0.001,0.09661425917709421,
2025-09-15 04:17:51,ADAMW_lr0.01,ADAMW,2,MNIST,100,val_eval,1.0109721422195435,0.001,0.09661425917709421,
2025-09-15 04:19:16,ADAMW_lr0.01,ADAMW,2,MNIST,100,train_iter,1.0828242301940918,0.001,0.08703465480688631,85918.95079612732
2025-09-15 04:19:17,ADAMW_lr0.01,ADAMW,2,MNIST,101,train_eval,0.9968968033790588,0.000999999907510999,0.08703465480688631,
2025-09-15 04:19:17,ADAMW_lr0.01,ADAMW,2,MNIST,101,val_eval,1.028506875038147,0.000999999907510999,0.08703465480688631,
2025-09-15 04:19:17,ADAMW_lr0.01,ADAMW,2,MNIST,101,train_iter,0.708735466003418,0.000999999907510999,0.08615248843420363,898.8304138183594
2025-09-15 04:19:18,ADAMW_lr0.01,ADAMW,2,MNIST,102,train_eval,1.011928915977478,0.000999999630044034,0.08615248843420363,
2025-09-15 04:19:18,ADAMW_lr0.01,ADAMW,2,MNIST,102,val_eval,1.0107252597808838,0.000999999630044034,0.08615248843420363,
2025-09-15 04:19:18,ADAMW_lr0.01,ADAMW,2,MNIST,102,train_iter,1.0070674419403076,0.000999999630044034,0.08546198589384937,887.0973587036133
2025-09-15 04:19:19,ADAMW_lr0.01,ADAMW,2,MNIST,103,train_eval,1.0022776126861572,0.0009999991675992191,0.08546198589384937,
2025-09-15 04:19:19,ADAMW_lr0.01,ADAMW,2,MNIST,103,val_eval,1.014477252960205,0.0009999991675992191,0.08546198589384937,
2025-09-15 04:19:19,ADAMW_lr0.01,ADAMW,2,MNIST,103,train_iter,0.9861790537834167,0.0009999991675992191,0.08480073120812606,891.5753364562988
2025-09-15 04:19:20,ADAMW_lr0.01,ADAMW,2,MNIST,104,train_eval,1.0143611431121826,0.0009999985201767443,0.08480073120812606,
2025-09-15 04:19:20,ADAMW_lr0.01,ADAMW,2,MNIST,104,val_eval,1.0180338621139526,0.0009999985201767443,0.08480073120812606,
2025-09-15 04:19:20,ADAMW_lr0.01,ADAMW,2,MNIST,104,train_iter,1.499717116355896,0.0009999985201767443,0.08424065335874892,887.629508972168
2025-09-15 04:19:21,ADAMW_lr0.01,ADAMW,2,MNIST,105,train_eval,1.0116409063339233,0.000999997687776876,0.08424065335874892,
2025-09-15 04:19:21,ADAMW_lr0.01,ADAMW,2,MNIST,105,val_eval,1.001489520072937,0.000999997687776876,0.08424065335874892,
2025-09-15 04:19:21,ADAMW_lr0.01,ADAMW,2,MNIST,105,train_iter,1.2659751176834106,0.000999997687776876,0.0837656852401313,884.3798637390137
2025-09-15 04:19:22,ADAMW_lr0.01,ADAMW,2,MNIST,106,train_eval,1.010851263999939,0.0009999966703999558,0.0837656852401313,
2025-09-15 04:19:22,ADAMW_lr0.01,ADAMW,2,MNIST,106,val_eval,1.0329768657684326,0.0009999966703999558,0.0837656852401313,
2025-09-15 04:19:22,ADAMW_lr0.01,ADAMW,2,MNIST,106,train_iter,1.132819414138794,0.0009999966703999558,0.0833137224499079,887.113094329834
2025-09-15 04:19:23,ADAMW_lr0.01,ADAMW,2,MNIST,107,train_eval,0.9953022003173828,0.0009999954680464025,0.0833137224499079,
2025-09-15 04:19:23,ADAMW_lr0.01,ADAMW,2,MNIST,107,val_eval,1.0394599437713623,0.0009999954680464025,0.0833137224499079,
2025-09-15 04:19:23,ADAMW_lr0.01,ADAMW,2,MNIST,107,train_iter,0.9318515658378601,0.0009999954680464025,0.08291027129354346,886.742115020752
2025-09-15 04:19:24,ADAMW_lr0.01,ADAMW,2,MNIST,108,train_eval,1.0203477144241333,0.00099999408071671,0.08291027129354346,
2025-09-15 04:19:24,ADAMW_lr0.01,ADAMW,2,MNIST,108,val_eval,1.0186398029327393,0.00099999408071671,0.08291027129354346,
2025-09-15 04:19:24,ADAMW_lr0.01,ADAMW,2,MNIST,108,train_iter,1.122572422027588,0.00099999408071671,0.08255747204518722,885.5907917022705
2025-09-15 04:19:24,ADAMW_lr0.01,ADAMW,2,MNIST,109,train_eval,0.996442973613739,0.0009999925084114485,0.08255747204518722,
2025-09-15 04:19:24,ADAMW_lr0.01,ADAMW,2,MNIST,109,val_eval,1.0066941976547241,0.0009999925084114485,0.08255747204518722,
2025-09-15 04:19:24,ADAMW_lr0.01,ADAMW,2,MNIST,109,train_iter,1.050674319267273,0.0009999925084114485,0.08223186126203572,886.4943981170654
2025-09-15 04:19:25,ADAMW_lr0.01,ADAMW,2,MNIST,110,train_eval,1.011611819267273,0.0009999907511312647,0.08223186126203572,
2025-09-15 04:19:25,ADAMW_lr0.01,ADAMW,2,MNIST,110,val_eval,1.0244768857955933,0.0009999907511312647,0.08223186126203572,
2025-09-15 04:19:25,ADAMW_lr0.01,ADAMW,2,MNIST,110,train_iter,0.9935991168022156,0.0009999907511312647,0.0819883823004835,880.9874057769775
2025-09-15 04:19:26,ADAMW_lr0.01,ADAMW,2,MNIST,111,train_eval,0.9935697913169861,0.0009999888088768807,0.0819883823004835,
2025-09-15 04:19:26,ADAMW_lr0.01,ADAMW,2,MNIST,111,val_eval,1.0081764459609985,0.0009999888088768807,0.0819883823004835,
2025-09-15 04:19:26,ADAMW_lr0.01,ADAMW,2,MNIST,111,train_iter,0.7618422508239746,0.0009999888088768807,0.08173510265303421,884.7737312316895
2025-09-15 04:19:27,ADAMW_lr0.01,ADAMW,2,MNIST,112,train_eval,0.9820496439933777,0.000999986681649095,0.08173510265303421,
2025-09-15 04:19:27,ADAMW_lr0.01,ADAMW,2,MNIST,112,val_eval,1.0187309980392456,0.000999986681649095,0.08173510265303421,
2025-09-15 04:19:27,ADAMW_lr0.01,ADAMW,2,MNIST,112,train_iter,0.9249171614646912,0.000999986681649095,0.08150519450771251,884.9916458129883
2025-09-15 04:19:28,ADAMW_lr0.01,ADAMW,2,MNIST,113,train_eval,1.0049885511398315,0.0009999843694487819,0.08150519450771251,
2025-09-15 04:19:28,ADAMW_lr0.01,ADAMW,2,MNIST,113,val_eval,1.031111478805542,0.0009999843694487819,0.08150519450771251,
2025-09-15 04:19:28,ADAMW_lr0.01,ADAMW,2,MNIST,113,train_iter,0.7487875819206238,0.0009999843694487819,0.08130115655096443,884.6709728240967
2025-09-15 04:19:29,ADAMW_lr0.01,ADAMW,2,MNIST,114,train_eval,1.0134810209274292,0.000999981872276892,0.08130115655096443,
2025-09-15 04:19:29,ADAMW_lr0.01,ADAMW,2,MNIST,114,val_eval,1.0233725309371948,0.000999981872276892,0.08130115655096443,
2025-09-15 04:19:29,ADAMW_lr0.01,ADAMW,2,MNIST,114,train_iter,1.308892011642456,0.000999981872276892,0.08112318875056634,884.0405941009521
2025-09-15 04:19:30,ADAMW_lr0.01,ADAMW,2,MNIST,115,train_eval,1.0119328498840332,0.0009999791901344516,0.08112318875056634,
2025-09-15 04:19:30,ADAMW_lr0.01,ADAMW,2,MNIST,115,val_eval,1.0209563970565796,0.0009999791901344516,0.08112318875056634,
2025-09-15 04:19:30,ADAMW_lr0.01,ADAMW,2,MNIST,115,train_iter,0.7548157572746277,0.0009999791901344516,0.08093813875365241,886.815071105957
2025-09-15 04:19:31,ADAMW_lr0.01,ADAMW,2,MNIST,116,train_eval,0.9958654046058655,0.0009999763230225634,0.08093813875365241,
2025-09-15 04:19:31,ADAMW_lr0.01,ADAMW,2,MNIST,116,val_eval,1.0364130735397339,0.0009999763230225634,0.08093813875365241,
2025-09-15 04:19:31,ADAMW_lr0.01,ADAMW,2,MNIST,116,train_iter,1.1867951154708862,0.0009999763230225634,0.08076382026054361,887.6855373382568
2025-09-15 04:19:32,ADAMW_lr0.01,ADAMW,2,MNIST,117,train_eval,1.0364041328430176,0.0009999732709424058,0.08076382026054361,
2025-09-15 04:19:32,ADAMW_lr0.01,ADAMW,2,MNIST,117,val_eval,1.0181480646133423,0.0009999732709424058,0.08076382026054361,
2025-09-15 04:19:32,ADAMW_lr0.01,ADAMW,2,MNIST,117,train_iter,1.074889063835144,0.0009999732709424058,0.0805252967783583,896.9314098358154
2025-09-15 04:19:32,ADAMW_lr0.01,ADAMW,2,MNIST,118,train_eval,1.0090991258621216,0.0009999700338952336,0.0805252967783583,
2025-09-15 04:19:32,ADAMW_lr0.01,ADAMW,2,MNIST,118,val_eval,1.010143518447876,0.0009999700338952336,0.0805252967783583,
2025-09-15 04:19:32,ADAMW_lr0.01,ADAMW,2,MNIST,118,train_iter,0.9544276595115662,0.0009999700338952336,0.08035501932513422,891.8797969818115
2025-09-15 04:19:33,ADAMW_lr0.01,ADAMW,2,MNIST,119,train_eval,1.0133317708969116,0.0009999666118823774,0.08035501932513422,
2025-09-15 04:19:33,ADAMW_lr0.01,ADAMW,2,MNIST,119,val_eval,1.018288016319275,0.0009999666118823774,0.08035501932513422,
2025-09-15 04:19:33,ADAMW_lr0.01,ADAMW,2,MNIST,119,train_iter,1.0296669006347656,0.0009999666118823774,0.0798678063855945,931.3397407531738
2025-09-15 04:19:34,ADAMW_lr0.01,ADAMW,2,MNIST,120,train_eval,1.0072656869888306,0.0009999630049052437,0.0798678063855945,
2025-09-15 04:19:34,ADAMW_lr0.01,ADAMW,2,MNIST,120,val_eval,1.0144799947738647,0.0009999630049052437,0.0798678063855945,
2025-09-15 04:19:34,ADAMW_lr0.01,ADAMW,2,MNIST,120,train_iter,0.9036420583724976,0.0009999630049052437,0.07973860969324642,894.6797847747803
2025-09-15 04:19:35,ADAMW_lr0.01,ADAMW,2,MNIST,121,train_eval,1.0092642307281494,0.0009999592129653152,0.07973860969324642,
2025-09-15 04:19:35,ADAMW_lr0.01,ADAMW,2,MNIST,121,val_eval,1.0044714212417603,0.0009999592129653152,0.07973860969324642,
2025-09-15 04:19:35,ADAMW_lr0.01,ADAMW,2,MNIST,121,train_iter,0.7172747850418091,0.0009999592129653152,0.07970697290826291,885.1451873779297
2025-09-15 04:19:36,ADAMW_lr0.01,ADAMW,2,MNIST,122,train_eval,1.0230989456176758,0.0009999552360641507,0.07970697290826291,
2025-09-15 04:19:36,ADAMW_lr0.01,ADAMW,2,MNIST,122,val_eval,1.0227420330047607,0.0009999552360641507,0.07970697290826291,
2025-09-15 04:19:36,ADAMW_lr0.01,ADAMW,2,MNIST,122,train_iter,1.1139569282531738,0.0009999552360641507,0.07967037244350995,886.0518932342529
2025-09-15 04:19:37,ADAMW_lr0.01,ADAMW,2,MNIST,123,train_eval,1.0164215564727783,0.000999951074203385,0.07967037244350995,
2025-09-15 04:19:37,ADAMW_lr0.01,ADAMW,2,MNIST,123,val_eval,1.0282844305038452,0.000999951074203385,0.07967037244350995,
2025-09-15 04:19:37,ADAMW_lr0.01,ADAMW,2,MNIST,123,train_iter,1.0635300874710083,0.000999951074203385,0.0796356753879172,886.2481117248535
2025-09-15 04:19:38,ADAMW_lr0.01,ADAMW,2,MNIST,124,train_eval,1.0241971015930176,0.0009999467273847289,0.0796356753879172,
2025-09-15 04:19:38,ADAMW_lr0.01,ADAMW,2,MNIST,124,val_eval,1.0240178108215332,0.0009999467273847289,0.0796356753879172,
2025-09-15 04:19:38,ADAMW_lr0.01,ADAMW,2,MNIST,124,train_iter,0.7950071692466736,0.0009999467273847289,0.07959213503052352,887.6259326934814
2025-09-15 04:19:38,ADAMW_lr0.01,ADAMW,2,MNIST,125,train_eval,1.0295826196670532,0.000999942195609969,0.07959213503052352,
2025-09-15 04:19:38,ADAMW_lr0.01,ADAMW,2,MNIST,125,val_eval,1.0114467144012451,0.000999942195609969,0.07959213503052352,
2025-09-15 04:19:38,ADAMW_lr0.01,ADAMW,2,MNIST,125,train_iter,0.851947009563446,0.000999942195609969,0.08149366783943256,712.9299640655518
2025-09-15 04:19:39,ADAMW_lr0.01,ADAMW,2,MNIST,126,train_eval,1.0180914402008057,0.0009999374788809685,0.08149366783943256,
2025-09-15 04:19:39,ADAMW_lr0.01,ADAMW,2,MNIST,126,val_eval,1.0109529495239258,0.0009999374788809685,0.08149366783943256,
2025-09-15 04:19:39,ADAMW_lr0.01,ADAMW,2,MNIST,126,train_iter,0.8691229820251465,0.0009999374788809685,0.0829618933850464,730.9544086456299
2025-09-15 04:19:40,ADAMW_lr0.01,ADAMW,2,MNIST,127,train_eval,1.0166919231414795,0.0009999325771996657,0.0829618933850464,
2025-09-15 04:19:40,ADAMW_lr0.01,ADAMW,2,MNIST,127,val_eval,1.0275558233261108,0.0009999325771996657,0.0829618933850464,
2025-09-15 04:19:40,ADAMW_lr0.01,ADAMW,2,MNIST,127,train_iter,1.0039466619491577,0.0009999325771996657,0.08442476858501613,720.35813331604
2025-09-15 04:19:41,ADAMW_lr0.01,ADAMW,2,MNIST,128,train_eval,1.021294355392456,0.0009999274905680762,0.08442476858501613,
2025-09-15 04:19:41,ADAMW_lr0.01,ADAMW,2,MNIST,128,val_eval,1.035495638847351,0.0009999274905680762,0.08442476858501613,
2025-09-15 04:19:41,ADAMW_lr0.01,ADAMW,2,MNIST,128,train_iter,1.0965538024902344,0.0009999274905680762,0.08555976659018562,734.0161800384521
2025-09-15 04:19:41,ADAMW_lr0.01,ADAMW,2,MNIST,129,train_eval,1.0188969373703003,0.0009999222189882903,0.08555976659018562,
2025-09-15 04:19:41,ADAMW_lr0.01,ADAMW,2,MNIST,129,val_eval,1.0456050634384155,0.0009999222189882903,0.08555976659018562,
2025-09-15 04:19:41,ADAMW_lr0.01,ADAMW,2,MNIST,129,train_iter,1.0589278936386108,0.0009999222189882903,0.08673186463445598,722.6529121398926
2025-09-15 04:19:42,ADAMW_lr0.01,ADAMW,2,MNIST,130,train_eval,1.0481597185134888,0.0009999167624624755,0.08673186463445598,
2025-09-15 04:19:42,ADAMW_lr0.01,ADAMW,2,MNIST,130,val_eval,1.0285550355911255,0.0009999167624624755,0.08673186463445598,
2025-09-15 04:19:42,ADAMW_lr0.01,ADAMW,2,MNIST,130,train_iter,1.1047662496566772,0.0009999167624624755,0.08779750050916654,721.8554019927979
2025-09-15 04:19:43,ADAMW_lr0.01,ADAMW,2,MNIST,131,train_eval,0.9898624420166016,0.0009999111209928744,0.08779750050916654,
2025-09-15 04:19:43,ADAMW_lr0.01,ADAMW,2,MNIST,131,val_eval,1.0272754430770874,0.0009999111209928744,0.08779750050916654,
2025-09-15 04:19:43,ADAMW_lr0.01,ADAMW,2,MNIST,131,train_iter,0.9094209671020508,0.0009999111209928744,0.08882409732074974,716.8848514556885
2025-09-15 04:19:44,ADAMW_lr0.01,ADAMW,2,MNIST,132,train_eval,0.9852837920188904,0.000999905294581806,0.08882409732074974,
2025-09-15 04:19:44,ADAMW_lr0.01,ADAMW,2,MNIST,132,val_eval,1.0207545757293701,0.000999905294581806,0.08882409732074974,
2025-09-15 04:19:44,ADAMW_lr0.01,ADAMW,2,MNIST,132,train_iter,1.114508032798767,0.000999905294581806,0.08971549013922375,719.2718982696533
2025-09-15 04:19:44,ADAMW_lr0.01,ADAMW,2,MNIST,133,train_eval,1.004543423652649,0.0009998992832316654,0.08971549013922375,
2025-09-15 04:19:44,ADAMW_lr0.01,ADAMW,2,MNIST,133,val_eval,1.020204782485962,0.0009998992832316654,0.08971549013922375,
2025-09-15 04:19:44,ADAMW_lr0.01,ADAMW,2,MNIST,133,train_iter,1.12229585647583,0.0009998992832316654,0.09061717159304217,712.0285034179688
2025-09-15 04:19:45,ADAMW_lr0.01,ADAMW,2,MNIST,134,train_eval,1.0074858665466309,0.0009998930869449237,0.09061717159304217,
2025-09-15 04:19:45,ADAMW_lr0.01,ADAMW,2,MNIST,134,val_eval,1.0232926607131958,0.0009998930869449237,0.09061717159304217,
2025-09-15 04:19:45,ADAMW_lr0.01,ADAMW,2,MNIST,134,train_iter,1.036445140838623,0.0009998930869449237,0.09123260877718053,726.4554500579834
2025-09-15 04:19:46,ADAMW_lr0.01,ADAMW,2,MNIST,135,train_eval,1.0003474950790405,0.000999886705724128,0.09123260877718053,
2025-09-15 04:19:46,ADAMW_lr0.01,ADAMW,2,MNIST,135,val_eval,1.0193274021148682,0.000999886705724128,0.09123260877718053,
2025-09-15 04:19:46,ADAMW_lr0.01,ADAMW,2,MNIST,135,train_iter,1.183945894241333,0.000999886705724128,0.09190196414569793,717.8900241851807
2025-09-15 04:19:46,ADAMW_lr0.01,ADAMW,2,MNIST,136,train_eval,1.0009148120880127,0.0009998801395719012,0.09190196414569793,
2025-09-15 04:19:46,ADAMW_lr0.01,ADAMW,2,MNIST,136,val_eval,1.0273593664169312,0.0009998801395719012,0.09190196414569793,
2025-09-15 04:19:46,ADAMW_lr0.01,ADAMW,2,MNIST,136,train_iter,1.0249017477035522,0.0009998801395719012,0.0925352633772973,715.6333923339844
2025-09-15 04:19:47,ADAMW_lr0.01,ADAMW,2,MNIST,137,train_eval,1.010758638381958,0.0009998733884909424,0.0925352633772973,
2025-09-15 04:19:47,ADAMW_lr0.01,ADAMW,2,MNIST,137,val_eval,1.0046734809875488,0.0009998733884909424,0.0925352633772973,
2025-09-15 04:19:47,ADAMW_lr0.01,ADAMW,2,MNIST,137,train_iter,1.1280797719955444,0.0009998733884909424,0.09312876121513558,713.923454284668
2025-09-15 04:19:48,ADAMW_lr0.01,ADAMW,2,MNIST,138,train_eval,1.0148653984069824,0.0009998664524840269,0.09312876121513558,
2025-09-15 04:19:48,ADAMW_lr0.01,ADAMW,2,MNIST,138,val_eval,1.0128426551818848,0.0009998664524840269,0.09312876121513558,
2025-09-15 04:19:48,ADAMW_lr0.01,ADAMW,2,MNIST,138,train_iter,1.1344964504241943,0.0009998664524840269,0.09363606000063124,715.8753871917725
2025-09-15 04:19:49,ADAMW_lr0.01,ADAMW,2,MNIST,139,train_eval,0.9932217597961426,0.0009998593315540057,0.09363606000063124,
2025-09-15 04:19:49,ADAMW_lr0.01,ADAMW,2,MNIST,139,val_eval,1.0088791847229004,0.0009998593315540057,0.09363606000063124,
2025-09-15 04:19:49,ADAMW_lr0.01,ADAMW,2,MNIST,139,train_iter,0.9441627264022827,0.0009998593315540057,0.09403301101797595,720.2479839324951
2025-09-15 04:19:49,ADAMW_lr0.01,ADAMW,2,MNIST,140,train_eval,0.9941512942314148,0.000999852025703806,0.09403301101797595,
2025-09-15 04:19:49,ADAMW_lr0.01,ADAMW,2,MNIST,140,val_eval,1.0021480321884155,0.000999852025703806,0.09403301101797595,
2025-09-15 04:19:49,ADAMW_lr0.01,ADAMW,2,MNIST,140,train_iter,0.988811194896698,0.000999852025703806,0.0943884417780627,720.3826904296875
2025-09-15 04:19:50,ADAMW_lr0.01,ADAMW,2,MNIST,141,train_eval,1.0005875825881958,0.0009998445349364308,0.0943884417780627,
2025-09-15 04:19:50,ADAMW_lr0.01,ADAMW,2,MNIST,141,val_eval,1.0095621347427368,0.0009998445349364308,0.0943884417780627,
2025-09-15 04:19:50,ADAMW_lr0.01,ADAMW,2,MNIST,141,train_iter,1.0068814754486084,0.0009998445349364308,0.09477987911125256,715.1393890380859
2025-09-15 04:19:51,ADAMW_lr0.01,ADAMW,2,MNIST,142,train_eval,0.9870272278785706,0.0009998368592549595,0.09477987911125256,
2025-09-15 04:19:51,ADAMW_lr0.01,ADAMW,2,MNIST,142,val_eval,1.0037884712219238,0.0009998368592549595,0.09477987911125256,
2025-09-15 04:19:51,ADAMW_lr0.01,ADAMW,2,MNIST,142,train_iter,1.448661208152771,0.0009998368592549595,0.09513544453875136,714.9014472961426
2025-09-15 04:19:51,ADAMW_lr0.01,ADAMW,2,MNIST,143,train_eval,0.9964032769203186,0.000999828998662547,0.09513544453875136,
2025-09-15 04:19:51,ADAMW_lr0.01,ADAMW,2,MNIST,143,val_eval,0.9921261072158813,0.000999828998662547,0.09513544453875136,
2025-09-15 04:19:52,ADAMW_lr0.01,ADAMW,2,MNIST,143,train_iter,1.2238054275512695,0.000999828998662547,0.09204635282866634,1094.2599773406982
2025-09-15 04:19:53,ADAMW_lr0.01,ADAMW,2,MNIST,144,train_eval,0.9991926550865173,0.000999820953162425,0.09204635282866634,
2025-09-15 04:19:53,ADAMW_lr0.01,ADAMW,2,MNIST,144,val_eval,1.0016076564788818,0.000999820953162425,0.09204635282866634,
2025-09-15 04:19:53,ADAMW_lr0.01,ADAMW,2,MNIST,144,train_iter,0.9121620059013367,0.000999820953162425,0.09177815617663834,786.6692543029785
2025-09-15 04:19:53,ADAMW_lr0.01,ADAMW,2,MNIST,145,train_eval,1.0197045803070068,0.0009998127227579003,0.09177815617663834,
2025-09-15 04:19:53,ADAMW_lr0.01,ADAMW,2,MNIST,145,val_eval,1.0044012069702148,0.0009998127227579003,0.09177815617663834,
2025-09-15 04:19:53,ADAMW_lr0.01,ADAMW,2,MNIST,145,train_iter,0.9857009649276733,0.0009998127227579003,0.09244799616063737,713.8776779174805
2025-09-15 04:19:54,ADAMW_lr0.01,ADAMW,2,MNIST,146,train_eval,1.0043262243270874,0.000999804307452356,0.09244799616063737,
2025-09-15 04:19:54,ADAMW_lr0.01,ADAMW,2,MNIST,146,val_eval,1.0047354698181152,0.000999804307452356,0.09244799616063737,
2025-09-15 04:19:54,ADAMW_lr0.01,ADAMW,2,MNIST,146,train_iter,0.9877533912658691,0.000999804307452356,0.09294969650874606,721.2867736816406
2025-09-15 04:19:55,ADAMW_lr0.01,ADAMW,2,MNIST,147,train_eval,1.0024937391281128,0.0009997957072492515,0.09294969650874606,
2025-09-15 04:19:55,ADAMW_lr0.01,ADAMW,2,MNIST,147,val_eval,1.0127100944519043,0.0009997957072492515,0.09294969650874606,
2025-09-15 04:19:55,ADAMW_lr0.01,ADAMW,2,MNIST,147,train_iter,0.8481554985046387,0.0009997957072492515,0.09341706123122899,720.1168537139893
2025-09-15 04:19:55,ADAMW_lr0.01,ADAMW,2,MNIST,148,train_eval,1.0068475008010864,0.0009997869221521221,0.09341706123122899,
2025-09-15 04:19:55,ADAMW_lr0.01,ADAMW,2,MNIST,148,val_eval,1.018882155418396,0.0009997869221521221,0.09341706123122899,
2025-09-15 04:19:55,ADAMW_lr0.01,ADAMW,2,MNIST,148,train_iter,0.8566678762435913,0.0009997869221521221,0.09389178011728162,716.148853302002
2025-09-15 04:19:56,ADAMW_lr0.01,ADAMW,2,MNIST,149,train_eval,1.0198266506195068,0.0009997779521645793,0.09389178011728162,
2025-09-15 04:19:56,ADAMW_lr0.01,ADAMW,2,MNIST,149,val_eval,1.0045161247253418,0.0009997779521645793,0.09389178011728162,
2025-09-15 04:19:56,ADAMW_lr0.01,ADAMW,2,MNIST,149,train_iter,1.072001338005066,0.0009997779521645793,0.09428214236760697,718.8498973846436
2025-09-15 04:19:57,ADAMW_lr0.01,ADAMW,2,MNIST,150,train_eval,0.9843139052391052,0.0009997687972903096,0.09428214236760697,
2025-09-15 04:19:57,ADAMW_lr0.01,ADAMW,2,MNIST,150,val_eval,1.0153660774230957,0.0009997687972903096,0.09428214236760697,
2025-09-15 04:19:57,ADAMW_lr0.01,ADAMW,2,MNIST,150,train_iter,0.9608292579650879,0.0009997687972903096,0.09463924856609454,718.4252738952637
2025-09-15 04:19:58,ADAMW_lr0.01,ADAMW,2,MNIST,151,train_eval,0.9817663431167603,0.0009997594575330766,0.09463924856609454,
2025-09-15 04:19:58,ADAMW_lr0.01,ADAMW,2,MNIST,151,val_eval,0.9915173053741455,0.0009997594575330766,0.09463924856609454,
2025-09-15 04:19:58,ADAMW_lr0.01,ADAMW,2,MNIST,151,train_iter,0.9910246729850769,0.0009997594575330766,0.09172346272621561,1073.5907554626465
2025-09-15 04:19:59,ADAMW_lr0.01,ADAMW,2,MNIST,152,train_eval,0.9973921179771423,0.0009997499328967194,0.09172346272621561,
2025-09-15 04:19:59,ADAMW_lr0.01,ADAMW,2,MNIST,152,val_eval,0.9944416284561157,0.0009997499328967194,0.09172346272621561,
2025-09-15 04:19:59,ADAMW_lr0.01,ADAMW,2,MNIST,152,train_iter,1.2888970375061035,0.0009997499328967194,0.09185799921648038,755.3572654724121
2025-09-15 04:19:59,ADAMW_lr0.01,ADAMW,2,MNIST,153,train_eval,1.0021262168884277,0.0009997402233851535,0.09185799921648038,
2025-09-15 04:19:59,ADAMW_lr0.01,ADAMW,2,MNIST,153,val_eval,1.000227689743042,0.0009997402233851535,0.09185799921648038,
2025-09-15 04:19:59,ADAMW_lr0.01,ADAMW,2,MNIST,153,train_iter,0.7319246530532837,0.0009997402233851535,0.0925206936344826,713.8168811798096
2025-09-15 04:20:00,ADAMW_lr0.01,ADAMW,2,MNIST,154,train_eval,0.9941011667251587,0.00099973032900237,0.0925206936344826,
2025-09-15 04:20:00,ADAMW_lr0.01,ADAMW,2,MNIST,154,val_eval,1.0082206726074219,0.00099973032900237,0.0925206936344826,
2025-09-15 04:20:00,ADAMW_lr0.01,ADAMW,2,MNIST,154,train_iter,1.1661099195480347,0.00099973032900237,0.09310228911309132,714.8933410644531
2025-09-15 04:20:01,ADAMW_lr0.01,ADAMW,2,MNIST,155,train_eval,1.0107134580612183,0.000999720249752436,0.09310228911309132,
2025-09-15 04:20:01,ADAMW_lr0.01,ADAMW,2,MNIST,155,val_eval,1.023344874382019,0.000999720249752436,0.09310228911309132,
2025-09-15 04:20:01,ADAMW_lr0.01,ADAMW,2,MNIST,155,train_iter,0.8650533556938171,0.000999720249752436,0.09354989104390785,720.4492092132568
2025-09-15 04:20:02,ADAMW_lr0.01,ADAMW,2,MNIST,156,train_eval,0.9989301562309265,0.0009997099856394946,0.09354989104390785,
2025-09-15 04:20:02,ADAMW_lr0.01,ADAMW,2,MNIST,156,val_eval,1.0199322700500488,0.0009997099856394946,0.09354989104390785,
2025-09-15 04:20:02,ADAMW_lr0.01,ADAMW,2,MNIST,156,train_iter,0.9684903025627136,0.0009997099856394946,0.09397440003562935,718.8529968261719
2025-09-15 04:20:02,ADAMW_lr0.01,ADAMW,2,MNIST,157,train_eval,0.977855384349823,0.0009996995366677653,0.09397440003562935,
2025-09-15 04:20:02,ADAMW_lr0.01,ADAMW,2,MNIST,157,val_eval,0.9895558953285217,0.0009996995366677653,0.09397440003562935,
2025-09-15 04:20:03,ADAMW_lr0.01,ADAMW,2,MNIST,157,train_iter,0.9893118739128113,0.0009996995366677653,0.09109673354859942,1078.2616138458252
2025-09-15 04:20:03,ADAMW_lr0.01,ADAMW,2,MNIST,158,train_eval,1.0170021057128906,0.000999688902841543,0.09109673354859942,
2025-09-15 04:20:03,ADAMW_lr0.01,ADAMW,2,MNIST,158,val_eval,1.0190457105636597,0.000999688902841543,0.09109673354859942,
2025-09-15 04:20:03,ADAMW_lr0.01,ADAMW,2,MNIST,158,train_iter,1.0517796277999878,0.000999688902841543,0.09181478935588107,715.325117111206
2025-09-15 04:20:04,ADAMW_lr0.01,ADAMW,2,MNIST,159,train_eval,0.9958774447441101,0.000999678084165199,0.09181478935588107,
2025-09-15 04:20:04,ADAMW_lr0.01,ADAMW,2,MNIST,159,val_eval,1.0062975883483887,0.000999678084165199,0.09181478935588107,
2025-09-15 04:20:04,ADAMW_lr0.01,ADAMW,2,MNIST,159,train_iter,0.8958116769790649,0.000999678084165199,0.09245151357666107,716.0191535949707
2025-09-15 04:20:05,ADAMW_lr0.01,ADAMW,2,MNIST,160,train_eval,1.009045124053955,0.0009996670806431804,0.09245151357666107,
2025-09-15 04:20:05,ADAMW_lr0.01,ADAMW,2,MNIST,160,val_eval,1.0099278688430786,0.0009996670806431804,0.09245151357666107,
2025-09-15 04:20:05,ADAMW_lr0.01,ADAMW,2,MNIST,160,train_iter,0.8457393646240234,0.0009996670806431804,0.09307489710424355,712.3672962188721
2025-09-15 04:20:06,ADAMW_lr0.01,ADAMW,2,MNIST,161,train_eval,1.020016074180603,0.0009996558922800104,0.09307489710424355,
2025-09-15 04:20:06,ADAMW_lr0.01,ADAMW,2,MNIST,161,val_eval,1.004432201385498,0.0009996558922800104,0.09307489710424355,
2025-09-15 04:20:06,ADAMW_lr0.01,ADAMW,2,MNIST,161,train_iter,1.0446701049804688,0.0009996558922800104,0.09358700344614244,715.9175872802734
2025-09-15 04:20:06,ADAMW_lr0.01,ADAMW,2,MNIST,162,train_eval,0.994925856590271,0.0009996445190802881,0.09358700344614244,
2025-09-15 04:20:06,ADAMW_lr0.01,ADAMW,2,MNIST,162,val_eval,0.9974319934844971,0.0009996445190802881,0.09358700344614244,
2025-09-15 04:20:06,ADAMW_lr0.01,ADAMW,2,MNIST,162,train_iter,1.067545771598816,0.0009996445190802881,0.0940385586234432,716.5992259979248
2025-09-15 04:20:07,ADAMW_lr0.01,ADAMW,2,MNIST,163,train_eval,1.0199278593063354,0.0009996329610486886,0.0940385586234432,
2025-09-15 04:20:07,ADAMW_lr0.01,ADAMW,2,MNIST,163,val_eval,0.9854153394699097,0.0009996329610486886,0.0940385586234432,
2025-09-15 04:20:07,ADAMW_lr0.01,ADAMW,2,MNIST,163,train_iter,1.0029674768447876,0.0009996329610486886,0.09054710474034695,1189.0296936035156
2025-09-15 04:20:08,ADAMW_lr0.01,ADAMW,2,MNIST,164,train_eval,1.0132540464401245,0.0009996212181899629,0.09054710474034695,
2025-09-15 04:20:08,ADAMW_lr0.01,ADAMW,2,MNIST,164,val_eval,0.9808393716812134,0.0009996212181899629,0.09054710474034695,
2025-09-15 04:20:09,ADAMW_lr0.01,ADAMW,2,MNIST,164,train_iter,0.878319263458252,0.0009996212181899629,0.0880891250251389,1065.6826496124268
2025-09-15 04:20:09,ADAMW_lr0.01,ADAMW,2,MNIST,165,train_eval,0.9956741333007812,0.000999609290508938,0.0880891250251389,
2025-09-15 04:20:09,ADAMW_lr0.01,ADAMW,2,MNIST,165,val_eval,1.0027397871017456,0.000999609290508938,0.0880891250251389,
2025-09-15 04:20:09,ADAMW_lr0.01,ADAMW,2,MNIST,165,train_iter,0.8878993391990662,0.000999609290508938,0.08851931113560653,760.8990669250488
2025-09-15 04:20:10,ADAMW_lr0.01,ADAMW,2,MNIST,166,train_eval,0.9999765753746033,0.000999597178010517,0.08851931113560653,
2025-09-15 04:20:10,ADAMW_lr0.01,ADAMW,2,MNIST,166,val_eval,1.0089017152786255,0.000999597178010517,0.08851931113560653,
2025-09-15 04:20:10,ADAMW_lr0.01,ADAMW,2,MNIST,166,train_iter,1.3066903352737427,0.000999597178010517,0.0894185665442289,720.940113067627
2025-09-15 04:20:11,ADAMW_lr0.01,ADAMW,2,MNIST,167,train_eval,1.0089186429977417,0.000999584880699679,0.0894185665442289,
2025-09-15 04:20:11,ADAMW_lr0.01,ADAMW,2,MNIST,167,val_eval,1.0076854228973389,0.000999584880699679,0.0894185665442289,
2025-09-15 04:20:11,ADAMW_lr0.01,ADAMW,2,MNIST,167,train_iter,0.9580153226852417,0.000999584880699679,0.09016849267918213,725.3589630126953
2025-09-15 04:20:11,ADAMW_lr0.01,ADAMW,2,MNIST,168,train_eval,0.9978615045547485,0.0009995723985814788,0.09016849267918213,
2025-09-15 04:20:11,ADAMW_lr0.01,ADAMW,2,MNIST,168,val_eval,0.9991352558135986,0.0009995723985814788,0.09016849267918213,
2025-09-15 04:20:11,ADAMW_lr0.01,ADAMW,2,MNIST,168,train_iter,0.7497491836547852,0.0009995723985814788,0.09095765110467784,716.909646987915
2025-09-15 04:20:12,ADAMW_lr0.01,ADAMW,2,MNIST,169,train_eval,1.0004498958587646,0.0009995597316610474,0.09095765110467784,
2025-09-15 04:20:12,ADAMW_lr0.01,ADAMW,2,MNIST,169,val_eval,0.9980596899986267,0.0009995597316610474,0.09095765110467784,
2025-09-15 04:20:12,ADAMW_lr0.01,ADAMW,2,MNIST,169,train_iter,0.8971397280693054,0.0009995597316610474,0.09166204671167234,717.3373699188232
2025-09-15 04:20:13,ADAMW_lr0.01,ADAMW,2,MNIST,170,train_eval,0.9929140210151672,0.0009995468799435915,0.09166204671167234,
2025-09-15 04:20:13,ADAMW_lr0.01,ADAMW,2,MNIST,170,val_eval,0.9912969470024109,0.0009995468799435915,0.09166204671167234,
2025-09-15 04:20:13,ADAMW_lr0.01,ADAMW,2,MNIST,170,train_iter,1.395429015159607,0.0009995468799435915,0.09211420927443825,730.8955192565918
2025-09-15 04:20:14,ADAMW_lr0.01,ADAMW,2,MNIST,171,train_eval,1.0052655935287476,0.0009995338434343943,0.09211420927443825,
2025-09-15 04:20:14,ADAMW_lr0.01,ADAMW,2,MNIST,171,val_eval,0.9886356592178345,0.0009995338434343943,0.09211420927443825,
2025-09-15 04:20:14,ADAMW_lr0.01,ADAMW,2,MNIST,171,train_iter,0.9105839729309082,0.0009995338434343943,0.0927604028975707,713.1564617156982
2025-09-15 04:20:14,ADAMW_lr0.01,ADAMW,2,MNIST,172,train_eval,0.9963422417640686,0.0009995206221388145,0.0927604028975707,
2025-09-15 04:20:14,ADAMW_lr0.01,ADAMW,2,MNIST,172,val_eval,0.9985337853431702,0.0009995206221388145,0.0927604028975707,
2025-09-15 04:20:14,ADAMW_lr0.01,ADAMW,2,MNIST,172,train_iter,0.8529151678085327,0.0009995206221388145,0.09317069472292035,725.7671356201172
2025-09-15 04:20:15,ADAMW_lr0.01,ADAMW,2,MNIST,173,train_eval,0.9892699718475342,0.0009995072160622865,0.09317069472292035,
2025-09-15 04:20:15,ADAMW_lr0.01,ADAMW,2,MNIST,173,val_eval,0.9839543104171753,0.0009995072160622865,0.09317069472292035,
2025-09-15 04:20:15,ADAMW_lr0.01,ADAMW,2,MNIST,173,train_iter,0.7276276350021362,0.0009995072160622865,0.09366514735034624,716.5067195892334
2025-09-15 04:20:16,ADAMW_lr0.01,ADAMW,2,MNIST,174,train_eval,1.0012235641479492,0.0009994936252103218,0.09366514735034624,
2025-09-15 04:20:16,ADAMW_lr0.01,ADAMW,2,MNIST,174,val_eval,1.0011738538742065,0.0009994936252103218,0.09366514735034624,
2025-09-15 04:20:16,ADAMW_lr0.01,ADAMW,2,MNIST,174,train_iter,1.268615484237671,0.0009994936252103218,0.09412477337210619,715.4407501220703
2025-09-15 04:20:16,ADAMW_lr0.01,ADAMW,2,MNIST,175,train_eval,0.9768531322479248,0.0009994798495885063,0.09412477337210619,
2025-09-15 04:20:16,ADAMW_lr0.01,ADAMW,2,MNIST,175,val_eval,0.9854782819747925,0.0009994798495885063,0.09412477337210619,
2025-09-15 04:20:16,ADAMW_lr0.01,ADAMW,2,MNIST,175,train_iter,0.8380098342895508,0.0009994798495885063,0.09454197456085653,715.1832580566406
2025-09-15 04:20:17,ADAMW_lr0.01,ADAMW,2,MNIST,176,train_eval,1.0107944011688232,0.000999465889202503,0.09454197456085653,
2025-09-15 04:20:17,ADAMW_lr0.01,ADAMW,2,MNIST,176,val_eval,1.0003432035446167,0.000999465889202503,0.09454197456085653,
2025-09-15 04:20:17,ADAMW_lr0.01,ADAMW,2,MNIST,176,train_iter,0.867369532585144,0.000999465889202503,0.09481896923019796,722.421407699585
2025-09-15 04:20:18,ADAMW_lr0.01,ADAMW,2,MNIST,177,train_eval,1.0211186408996582,0.0009994517440580508,0.09481896923019796,
2025-09-15 04:20:18,ADAMW_lr0.01,ADAMW,2,MNIST,177,val_eval,1.0039533376693726,0.0009994517440580508,0.09481896923019796,
2025-09-15 04:20:18,ADAMW_lr0.01,ADAMW,2,MNIST,177,train_iter,1.2659085988998413,0.0009994517440580508,0.09497616347487114,729.3241024017334
2025-09-15 04:20:19,ADAMW_lr0.01,ADAMW,2,MNIST,178,train_eval,0.9973422288894653,0.0009994374141609635,0.09497616347487114,
2025-09-15 04:20:19,ADAMW_lr0.01,ADAMW,2,MNIST,178,val_eval,1.0119990110397339,0.0009994374141609635,0.09497616347487114,
2025-09-15 04:20:19,ADAMW_lr0.01,ADAMW,2,MNIST,178,train_iter,1.0303871631622314,0.0009994374141609635,0.09533289028884681,713.3932113647461
2025-09-15 04:20:19,ADAMW_lr0.01,ADAMW,2,MNIST,179,train_eval,0.9862766861915588,0.0009994228995171322,0.09533289028884681,
2025-09-15 04:20:19,ADAMW_lr0.01,ADAMW,2,MNIST,179,val_eval,0.9888084530830383,0.0009994228995171322,0.09533289028884681,
2025-09-15 04:20:19,ADAMW_lr0.01,ADAMW,2,MNIST,179,train_iter,0.7879687547683716,0.0009994228995171322,0.09567515308077403,711.8611335754395
2025-09-15 04:20:20,ADAMW_lr0.01,ADAMW,2,MNIST,180,train_eval,0.9693276286125183,0.000999408200132523,0.09567515308077403,
2025-09-15 04:20:20,ADAMW_lr0.01,ADAMW,2,MNIST,180,val_eval,0.9889369010925293,0.000999408200132523,0.09567515308077403,
2025-09-15 04:20:20,ADAMW_lr0.01,ADAMW,2,MNIST,180,train_iter,1.0050139427185059,0.000999408200132523,0.09580573853056254,724.886417388916
2025-09-15 04:20:21,ADAMW_lr0.01,ADAMW,2,MNIST,181,train_eval,0.9906883835792542,0.0009993933160131784,0.09580573853056254,
2025-09-15 04:20:21,ADAMW_lr0.01,ADAMW,2,MNIST,181,val_eval,1.0289653539657593,0.0009993933160131784,0.09580573853056254,
2025-09-15 04:20:21,ADAMW_lr0.01,ADAMW,2,MNIST,181,train_iter,0.8212255239486694,0.0009993933160131784,0.09598394175623598,720.3793525695801
2025-09-15 04:20:22,ADAMW_lr0.01,ADAMW,2,MNIST,182,train_eval,0.987660825252533,0.0009993782471652167,0.09598394175623598,
2025-09-15 04:20:22,ADAMW_lr0.01,ADAMW,2,MNIST,182,val_eval,1.0105308294296265,0.0009993782471652167,0.09598394175623598,
2025-09-15 04:20:22,ADAMW_lr0.01,ADAMW,2,MNIST,182,train_iter,0.9622499346733093,0.0009993782471652167,0.09621991757646366,714.8420810699463
2025-09-15 04:20:22,ADAMW_lr0.01,ADAMW,2,MNIST,183,train_eval,0.9742763042449951,0.0009993629935948318,0.09621991757646366,
2025-09-15 04:20:22,ADAMW_lr0.01,ADAMW,2,MNIST,183,val_eval,1.0192837715148926,0.0009993629935948318,0.09621991757646366,
2025-09-15 04:20:22,ADAMW_lr0.01,ADAMW,2,MNIST,183,train_iter,1.1484178304672241,0.0009993629935948318,0.09630837705327396,723.9644527435303
2025-09-15 04:20:23,ADAMW_lr0.01,ADAMW,2,MNIST,184,train_eval,0.9944817423820496,0.0009993475553082944,0.09630837705327396,
2025-09-15 04:20:23,ADAMW_lr0.01,ADAMW,2,MNIST,184,val_eval,1.018293023109436,0.0009993475553082944,0.09630837705327396,
2025-09-15 04:20:23,ADAMW_lr0.01,ADAMW,2,MNIST,184,train_iter,1.3065699338912964,0.0009993475553082944,0.096497514754956,715.8899307250977
2025-09-15 04:20:24,ADAMW_lr0.01,ADAMW,2,MNIST,185,train_eval,1.0195484161376953,0.0009993319323119503,0.096497514754956,
2025-09-15 04:20:24,ADAMW_lr0.01,ADAMW,2,MNIST,185,val_eval,1.0104683637619019,0.0009993319323119503,0.096497514754956,
2025-09-15 04:20:24,ADAMW_lr0.01,ADAMW,2,MNIST,185,train_iter,1.2233490943908691,0.0009993319323119503,0.09671309874101557,712.5983238220215
2025-09-15 04:20:24,ADAMW_lr0.01,ADAMW,2,MNIST,186,train_eval,0.9962074160575867,0.0009993161246122217,0.09671309874101557,
2025-09-15 04:20:24,ADAMW_lr0.01,ADAMW,2,MNIST,186,val_eval,1.0038260221481323,0.0009993161246122217,0.09671309874101557,
2025-09-15 04:20:24,ADAMW_lr0.01,ADAMW,2,MNIST,186,train_iter,0.9756964445114136,0.0009993161246122217,0.09679865428473225,720.5204963684082
2025-09-15 04:20:25,ADAMW_lr0.01,ADAMW,2,MNIST,187,train_eval,0.9790583848953247,0.0009993001322156061,0.09679865428473225,
2025-09-15 04:20:25,ADAMW_lr0.01,ADAMW,2,MNIST,187,val_eval,1.0016459226608276,0.0009993001322156061,0.09679865428473225,
2025-09-15 04:20:25,ADAMW_lr0.01,ADAMW,2,MNIST,187,train_iter,1.294692039489746,0.0009993001322156061,0.09697910319653295,712.9611968994141
2025-09-15 04:20:26,ADAMW_lr0.01,ADAMW,2,MNIST,188,train_eval,1.0091251134872437,0.000999283955128678,0.09697910319653295,
2025-09-15 04:20:26,ADAMW_lr0.01,ADAMW,2,MNIST,188,val_eval,0.9974285364151001,0.000999283955128678,0.09697910319653295,
2025-09-15 04:20:26,ADAMW_lr0.01,ADAMW,2,MNIST,188,train_iter,0.8990656733512878,0.000999283955128678,0.09713415631498262,713.4931087493896
2025-09-15 04:20:27,ADAMW_lr0.01,ADAMW,2,MNIST,189,train_eval,0.9973856210708618,0.000999267593358087,0.09713415631498262,
2025-09-15 04:20:27,ADAMW_lr0.01,ADAMW,2,MNIST,189,val_eval,0.9973214864730835,0.000999267593358087,0.09713415631498262,
2025-09-15 04:20:27,ADAMW_lr0.01,ADAMW,2,MNIST,189,train_iter,0.8446245193481445,0.000999267593358087,0.09710259777259828,726.1025905609131
2025-09-15 04:20:27,ADAMW_lr0.01,ADAMW,2,MNIST,190,train_eval,0.9883487224578857,0.0009992510469105584,0.09710259777259828,
2025-09-15 04:20:27,ADAMW_lr0.01,ADAMW,2,MNIST,190,val_eval,0.9928533434867859,0.0009992510469105584,0.09710259777259828,
2025-09-15 04:20:27,ADAMW_lr0.01,ADAMW,2,MNIST,190,train_iter,1.1760737895965576,0.0009992510469105584,0.09704838955738254,728.0430793762207
2025-09-15 04:20:28,ADAMW_lr0.01,ADAMW,2,MNIST,191,train_eval,0.9984259009361267,0.000999234315792894,0.09704838955738254,
2025-09-15 04:20:28,ADAMW_lr0.01,ADAMW,2,MNIST,191,val_eval,1.0038834810256958,0.000999234315792894,0.09704838955738254,
2025-09-15 04:20:28,ADAMW_lr0.01,ADAMW,2,MNIST,191,train_iter,1.0733765363693237,0.000999234315792894,0.09716660444366314,715.6655788421631
2025-09-15 04:20:29,ADAMW_lr0.01,ADAMW,2,MNIST,192,train_eval,1.003864049911499,0.0009992174000119718,0.09716660444366314,
2025-09-15 04:20:29,ADAMW_lr0.01,ADAMW,2,MNIST,192,val_eval,1.013474941253662,0.0009992174000119718,0.09716660444366314,
2025-09-15 04:20:29,ADAMW_lr0.01,ADAMW,2,MNIST,192,train_iter,0.9482736587524414,0.0009992174000119718,0.0973137151731563,712.7113342285156
2025-09-15 04:20:29,ADAMW_lr0.01,ADAMW,2,MNIST,193,train_eval,0.9959908127784729,0.0009992002995747448,0.0973137151731563,
2025-09-15 04:20:29,ADAMW_lr0.01,ADAMW,2,MNIST,193,val_eval,1.0164920091629028,0.0009992002995747448,0.0973137151731563,
2025-09-15 04:20:29,ADAMW_lr0.01,ADAMW,2,MNIST,193,train_iter,0.865419864654541,0.0009992002995747448,0.09742678048812159,714.1110897064209
2025-09-15 04:20:30,ADAMW_lr0.01,ADAMW,2,MNIST,194,train_eval,1.0006213188171387,0.0009991830144882423,0.09742678048812159,
2025-09-15 04:20:30,ADAMW_lr0.01,ADAMW,2,MNIST,194,val_eval,1.0023109912872314,0.0009991830144882423,0.09742678048812159,
2025-09-15 04:20:30,ADAMW_lr0.01,ADAMW,2,MNIST,194,train_iter,0.8870971202850342,0.0009991830144882423,0.09747154387544835,718.2695865631104
2025-09-15 04:20:31,ADAMW_lr0.01,ADAMW,2,MNIST,195,train_eval,0.9947901368141174,0.0009991655447595697,0.09747154387544835,
2025-09-15 04:20:31,ADAMW_lr0.01,ADAMW,2,MNIST,195,val_eval,1.0044984817504883,0.0009991655447595697,0.09747154387544835,
2025-09-15 04:20:31,ADAMW_lr0.01,ADAMW,2,MNIST,195,train_iter,1.0294817686080933,0.0009991655447595697,0.09752213392874448,717.5142765045166
2025-09-15 04:20:32,ADAMW_lr0.01,ADAMW,2,MNIST,196,train_eval,1.006456971168518,0.0009991478903959082,0.09752213392874448,
2025-09-15 04:20:32,ADAMW_lr0.01,ADAMW,2,MNIST,196,val_eval,0.9927151203155518,0.0009991478903959082,0.09752213392874448,
2025-09-15 04:20:32,ADAMW_lr0.01,ADAMW,2,MNIST,196,train_iter,1.0659828186035156,0.0009991478903959082,0.09748469403026079,723.6423492431641
2025-09-15 04:20:32,ADAMW_lr0.01,ADAMW,2,MNIST,197,train_eval,0.9941568970680237,0.0009991300514045147,0.09748469403026079,
2025-09-15 04:20:32,ADAMW_lr0.01,ADAMW,2,MNIST,197,val_eval,0.9864874482154846,0.0009991300514045147,0.09748469403026079,
2025-09-15 04:20:32,ADAMW_lr0.01,ADAMW,2,MNIST,197,train_iter,0.7584851980209351,0.0009991300514045147,0.09756857126695277,714.989185333252
2025-09-15 04:20:33,ADAMW_lr0.01,ADAMW,2,MNIST,198,train_eval,0.9822539687156677,0.0009991120277927223,0.09756857126695277,
2025-09-15 04:20:33,ADAMW_lr0.01,ADAMW,2,MNIST,198,val_eval,1.0017191171646118,0.0009991120277927223,0.09756857126695277,
2025-09-15 04:20:33,ADAMW_lr0.01,ADAMW,2,MNIST,198,train_iter,0.9125689268112183,0.0009991120277927223,0.09762387618197027,716.4599895477295
2025-09-15 04:20:34,ADAMW_lr0.01,ADAMW,2,MNIST,199,train_eval,0.9754101634025574,0.0009990938195679395,0.09762387618197027,
2025-09-15 04:20:34,ADAMW_lr0.01,ADAMW,2,MNIST,199,val_eval,1.0115797519683838,0.0009990938195679395,0.09762387618197027,
2025-09-15 04:20:34,ADAMW_lr0.01,ADAMW,2,MNIST,199,train_iter,1.16946542263031,0.0009990938195679395,0.09750939182038887,728.6579608917236
2025-09-15 04:20:34,ADAMW_lr0.01,ADAMW,2,MNIST,200,train_eval,0.955665647983551,0.0009990754267376514,0.09750939182038887,
2025-09-15 04:20:34,ADAMW_lr0.01,ADAMW,2,MNIST,200,val_eval,0.9875308275222778,0.0009990754267376514,0.09750939182038887,
2025-09-15 04:21:49,ADAMW_lr0.01,ADAMW,2,MNIST,200,train_iter,0.9498657584190369,0.0009990754267376514,0.08785213396369407,75041.86654090881
