timestamp,run_name,optimizer_name,seed,dataset,iter,split,loss,lr,mfu_percent,dt_ms
2025-09-14 16:36:14,ADAM_lr0.0003,ADAM,2,MNIST,0,train_eval,4.741961479187012,9.900990099009901e-06,,
2025-09-14 16:36:14,ADAM_lr0.0003,ADAM,2,MNIST,0,val_eval,4.73953104019165,9.900990099009901e-06,,
2025-09-14 16:36:32,ADAM_lr0.0003,ADAM,2,MNIST,0,train_iter,4.819905757904053,9.900990099009901e-06,,24925.484657287598
2025-09-14 16:36:33,ADAM_lr0.0003,ADAM,2,MNIST,1,train_eval,3.6468966007232666,1.9801980198019803e-05,,
2025-09-14 16:36:33,ADAM_lr0.0003,ADAM,2,MNIST,1,val_eval,3.646822929382324,1.9801980198019803e-05,,
2025-09-14 16:36:34,ADAM_lr0.0003,ADAM,2,MNIST,2,train_eval,2.3303070068359375,2.9702970297029702e-05,,
2025-09-14 16:36:34,ADAM_lr0.0003,ADAM,2,MNIST,2,val_eval,2.3443570137023926,2.9702970297029702e-05,,
2025-09-14 16:36:35,ADAM_lr0.0003,ADAM,2,MNIST,3,train_eval,1.700777292251587,3.9603960396039605e-05,,
2025-09-14 16:36:35,ADAM_lr0.0003,ADAM,2,MNIST,3,val_eval,1.7274479866027832,3.9603960396039605e-05,,
2025-09-14 16:36:36,ADAM_lr0.0003,ADAM,2,MNIST,4,train_eval,1.5077247619628906,4.950495049504951e-05,,
2025-09-14 16:36:36,ADAM_lr0.0003,ADAM,2,MNIST,4,val_eval,1.4863221645355225,4.950495049504951e-05,,
2025-09-14 16:36:37,ADAM_lr0.0003,ADAM,2,MNIST,5,train_eval,1.4581516981124878,5.9405940594059404e-05,,
2025-09-14 16:36:37,ADAM_lr0.0003,ADAM,2,MNIST,5,val_eval,1.4291578531265259,5.9405940594059404e-05,,
2025-09-14 16:36:38,ADAM_lr0.0003,ADAM,2,MNIST,6,train_eval,1.4300875663757324,6.930693069306931e-05,,
2025-09-14 16:36:38,ADAM_lr0.0003,ADAM,2,MNIST,6,val_eval,1.4348498582839966,6.930693069306931e-05,,
2025-09-14 16:36:39,ADAM_lr0.0003,ADAM,2,MNIST,7,train_eval,1.3275375366210938,7.920792079207921e-05,,
2025-09-14 16:36:39,ADAM_lr0.0003,ADAM,2,MNIST,7,val_eval,1.3344025611877441,7.920792079207921e-05,,
2025-09-14 16:36:40,ADAM_lr0.0003,ADAM,2,MNIST,8,train_eval,1.3228046894073486,8.910891089108912e-05,,
2025-09-14 16:36:40,ADAM_lr0.0003,ADAM,2,MNIST,8,val_eval,1.3130799531936646,8.910891089108912e-05,,
2025-09-14 16:36:41,ADAM_lr0.0003,ADAM,2,MNIST,9,train_eval,1.239497423171997,9.900990099009902e-05,,
2025-09-14 16:36:41,ADAM_lr0.0003,ADAM,2,MNIST,9,val_eval,1.235498309135437,9.900990099009902e-05,,
2025-09-14 16:36:42,ADAM_lr0.0003,ADAM,2,MNIST,10,train_eval,1.1410099267959595,0.0001089108910891089,,
2025-09-14 16:36:42,ADAM_lr0.0003,ADAM,2,MNIST,10,val_eval,1.1891745328903198,0.0001089108910891089,,
2025-09-14 16:36:42,ADAM_lr0.0003,ADAM,2,MNIST,10,train_iter,1.0719743967056274,0.0001089108910891089,0.06484970919421404,1084.0482711791992
2025-09-14 16:36:43,ADAM_lr0.0003,ADAM,2,MNIST,11,train_eval,1.1995280981063843,0.00011881188118811881,0.06484970919421404,
2025-09-14 16:36:43,ADAM_lr0.0003,ADAM,2,MNIST,11,val_eval,1.207618236541748,0.00011881188118811881,0.06484970919421404,
2025-09-14 16:36:44,ADAM_lr0.0003,ADAM,2,MNIST,12,train_eval,1.141998529434204,0.00012871287128712872,0.06484970919421404,
2025-09-14 16:36:44,ADAM_lr0.0003,ADAM,2,MNIST,12,val_eval,1.1508793830871582,0.00012871287128712872,0.06484970919421404,
2025-09-14 16:36:45,ADAM_lr0.0003,ADAM,2,MNIST,13,train_eval,1.287949800491333,0.00013861386138613863,0.06484970919421404,
2025-09-14 16:36:45,ADAM_lr0.0003,ADAM,2,MNIST,13,val_eval,1.298271656036377,0.00013861386138613863,0.06484970919421404,
2025-09-14 16:36:45,ADAM_lr0.0003,ADAM,2,MNIST,14,train_eval,1.273159146308899,0.0001485148514851485,0.06484970919421404,
2025-09-14 16:36:45,ADAM_lr0.0003,ADAM,2,MNIST,14,val_eval,1.2637273073196411,0.0001485148514851485,0.06484970919421404,
2025-09-14 16:36:46,ADAM_lr0.0003,ADAM,2,MNIST,15,train_eval,1.1391289234161377,0.00015841584158415842,0.06484970919421404,
2025-09-14 16:36:46,ADAM_lr0.0003,ADAM,2,MNIST,15,val_eval,1.1301246881484985,0.00015841584158415842,0.06484970919421404,
2025-09-14 16:36:47,ADAM_lr0.0003,ADAM,2,MNIST,16,train_eval,1.1636192798614502,0.00016831683168316833,0.06484970919421404,
2025-09-14 16:36:47,ADAM_lr0.0003,ADAM,2,MNIST,16,val_eval,1.1526129245758057,0.00016831683168316833,0.06484970919421404,
2025-09-14 16:36:48,ADAM_lr0.0003,ADAM,2,MNIST,17,train_eval,1.1197341680526733,0.00017821782178217824,0.06484970919421404,
2025-09-14 16:36:48,ADAM_lr0.0003,ADAM,2,MNIST,17,val_eval,1.1302626132965088,0.00017821782178217824,0.06484970919421404,
2025-09-14 16:36:49,ADAM_lr0.0003,ADAM,2,MNIST,18,train_eval,1.1081355810165405,0.00018811881188118812,0.06484970919421404,
2025-09-14 16:36:49,ADAM_lr0.0003,ADAM,2,MNIST,18,val_eval,1.1172724962234497,0.00018811881188118812,0.06484970919421404,
2025-09-14 16:36:50,ADAM_lr0.0003,ADAM,2,MNIST,19,train_eval,1.0903643369674683,0.00019801980198019803,0.06484970919421404,
2025-09-14 16:36:50,ADAM_lr0.0003,ADAM,2,MNIST,19,val_eval,1.1292710304260254,0.00019801980198019803,0.06484970919421404,
2025-09-14 16:36:51,ADAM_lr0.0003,ADAM,2,MNIST,20,train_eval,1.0877668857574463,0.00020792079207920794,0.06484970919421404,
2025-09-14 16:36:51,ADAM_lr0.0003,ADAM,2,MNIST,20,val_eval,1.1227827072143555,0.00020792079207920794,0.06484970919421404,
2025-09-14 16:36:51,ADAM_lr0.0003,ADAM,2,MNIST,20,train_iter,1.105186939239502,0.00020792079207920794,0.06815521502289959,718.0469036102295
2025-09-14 16:36:51,ADAM_lr0.0003,ADAM,2,MNIST,21,train_eval,1.0787900686264038,0.0002178217821782178,0.06815521502289959,
2025-09-14 16:36:51,ADAM_lr0.0003,ADAM,2,MNIST,21,val_eval,1.1126492023468018,0.0002178217821782178,0.06815521502289959,
2025-09-14 16:36:53,ADAM_lr0.0003,ADAM,2,MNIST,22,train_eval,1.0765539407730103,0.0002277227722772277,0.06815521502289959,
2025-09-14 16:36:53,ADAM_lr0.0003,ADAM,2,MNIST,22,val_eval,1.1079339981079102,0.0002277227722772277,0.06815521502289959,
2025-09-14 16:36:53,ADAM_lr0.0003,ADAM,2,MNIST,23,train_eval,1.071749210357666,0.00023762376237623762,0.06815521502289959,
2025-09-14 16:36:53,ADAM_lr0.0003,ADAM,2,MNIST,23,val_eval,1.103518009185791,0.00023762376237623762,0.06815521502289959,
2025-09-14 16:36:55,ADAM_lr0.0003,ADAM,2,MNIST,24,train_eval,1.0660772323608398,0.00024752475247524753,0.06815521502289959,
2025-09-14 16:36:55,ADAM_lr0.0003,ADAM,2,MNIST,24,val_eval,1.1031239032745361,0.00024752475247524753,0.06815521502289959,
2025-09-14 16:36:56,ADAM_lr0.0003,ADAM,2,MNIST,25,train_eval,1.1045211553573608,0.00025742574257425744,0.06815521502289959,
2025-09-14 16:36:56,ADAM_lr0.0003,ADAM,2,MNIST,25,val_eval,1.0966686010360718,0.00025742574257425744,0.06815521502289959,
2025-09-14 16:36:57,ADAM_lr0.0003,ADAM,2,MNIST,26,train_eval,1.0814567804336548,0.00026732673267326735,0.06815521502289959,
2025-09-14 16:36:57,ADAM_lr0.0003,ADAM,2,MNIST,26,val_eval,1.0992671251296997,0.00026732673267326735,0.06815521502289959,
2025-09-14 16:36:57,ADAM_lr0.0003,ADAM,2,MNIST,27,train_eval,1.0869578123092651,0.00027722772277227726,0.06815521502289959,
2025-09-14 16:36:57,ADAM_lr0.0003,ADAM,2,MNIST,27,val_eval,1.0955119132995605,0.00027722772277227726,0.06815521502289959,
2025-09-14 16:36:58,ADAM_lr0.0003,ADAM,2,MNIST,28,train_eval,1.072510004043579,0.00028712871287128717,0.06815521502289959,
2025-09-14 16:36:58,ADAM_lr0.0003,ADAM,2,MNIST,28,val_eval,1.0774096250534058,0.00028712871287128717,0.06815521502289959,
2025-09-14 16:36:59,ADAM_lr0.0003,ADAM,2,MNIST,29,train_eval,1.0740704536437988,0.000297029702970297,0.06815521502289959,
2025-09-14 16:36:59,ADAM_lr0.0003,ADAM,2,MNIST,29,val_eval,1.0749924182891846,0.000297029702970297,0.06815521502289959,
2025-09-14 16:37:00,ADAM_lr0.0003,ADAM,2,MNIST,30,train_eval,1.075194239616394,0.00030693069306930693,0.06815521502289959,
2025-09-14 16:37:00,ADAM_lr0.0003,ADAM,2,MNIST,30,val_eval,1.0881643295288086,0.00030693069306930693,0.06815521502289959,
2025-09-14 16:37:00,ADAM_lr0.0003,ADAM,2,MNIST,30,train_iter,1.2771766185760498,0.00030693069306930693,0.0709725527873985,729.7959327697754
2025-09-14 16:37:01,ADAM_lr0.0003,ADAM,2,MNIST,31,train_eval,1.070900797843933,0.00031683168316831684,0.0709725527873985,
2025-09-14 16:37:01,ADAM_lr0.0003,ADAM,2,MNIST,31,val_eval,1.0726009607315063,0.00031683168316831684,0.0709725527873985,
2025-09-14 16:37:02,ADAM_lr0.0003,ADAM,2,MNIST,32,train_eval,1.0565701723098755,0.00032673267326732675,0.0709725527873985,
2025-09-14 16:37:02,ADAM_lr0.0003,ADAM,2,MNIST,32,val_eval,1.0540934801101685,0.00032673267326732675,0.0709725527873985,
2025-09-14 16:37:03,ADAM_lr0.0003,ADAM,2,MNIST,33,train_eval,1.0457881689071655,0.00033663366336633666,0.0709725527873985,
2025-09-14 16:37:03,ADAM_lr0.0003,ADAM,2,MNIST,33,val_eval,1.0549702644348145,0.00033663366336633666,0.0709725527873985,
2025-09-14 16:37:04,ADAM_lr0.0003,ADAM,2,MNIST,34,train_eval,1.0387054681777954,0.00034653465346534657,0.0709725527873985,
2025-09-14 16:37:04,ADAM_lr0.0003,ADAM,2,MNIST,34,val_eval,1.035408616065979,0.00034653465346534657,0.0709725527873985,
2025-09-14 16:37:05,ADAM_lr0.0003,ADAM,2,MNIST,35,train_eval,1.052467703819275,0.0003564356435643565,0.0709725527873985,
2025-09-14 16:37:05,ADAM_lr0.0003,ADAM,2,MNIST,35,val_eval,1.0514105558395386,0.0003564356435643565,0.0709725527873985,
2025-09-14 16:37:06,ADAM_lr0.0003,ADAM,2,MNIST,36,train_eval,1.0279158353805542,0.00036633663366336634,0.0709725527873985,
2025-09-14 16:37:06,ADAM_lr0.0003,ADAM,2,MNIST,36,val_eval,1.035019874572754,0.00036633663366336634,0.0709725527873985,
2025-09-14 16:37:07,ADAM_lr0.0003,ADAM,2,MNIST,37,train_eval,1.0504146814346313,0.00037623762376237625,0.0709725527873985,
2025-09-14 16:37:07,ADAM_lr0.0003,ADAM,2,MNIST,37,val_eval,1.0344504117965698,0.00037623762376237625,0.0709725527873985,
2025-09-14 16:37:08,ADAM_lr0.0003,ADAM,2,MNIST,38,train_eval,1.0499354600906372,0.00038613861386138616,0.0709725527873985,
2025-09-14 16:37:08,ADAM_lr0.0003,ADAM,2,MNIST,38,val_eval,1.0455644130706787,0.00038613861386138616,0.0709725527873985,
2025-09-14 16:37:09,ADAM_lr0.0003,ADAM,2,MNIST,39,train_eval,1.0378830432891846,0.00039603960396039607,0.0709725527873985,
2025-09-14 16:37:09,ADAM_lr0.0003,ADAM,2,MNIST,39,val_eval,1.0284032821655273,0.00039603960396039607,0.0709725527873985,
2025-09-14 16:37:10,ADAM_lr0.0003,ADAM,2,MNIST,40,train_eval,1.037978172302246,0.000405940594059406,0.0709725527873985,
2025-09-14 16:37:10,ADAM_lr0.0003,ADAM,2,MNIST,40,val_eval,1.003391981124878,0.000405940594059406,0.0709725527873985,
2025-09-14 16:37:10,ADAM_lr0.0003,ADAM,2,MNIST,40,train_iter,0.7767308950424194,0.000405940594059406,0.06969625936462195,1207.7078819274902
2025-09-14 16:37:11,ADAM_lr0.0003,ADAM,2,MNIST,41,train_eval,1.047379970550537,0.0004158415841584159,0.06969625936462195,
2025-09-14 16:37:11,ADAM_lr0.0003,ADAM,2,MNIST,41,val_eval,1.040880560874939,0.0004158415841584159,0.06969625936462195,
2025-09-14 16:37:12,ADAM_lr0.0003,ADAM,2,MNIST,42,train_eval,1.063644528388977,0.0004257425742574258,0.06969625936462195,
2025-09-14 16:37:12,ADAM_lr0.0003,ADAM,2,MNIST,42,val_eval,1.0807424783706665,0.0004257425742574258,0.06969625936462195,
2025-09-14 16:37:12,ADAM_lr0.0003,ADAM,2,MNIST,43,train_eval,1.0354517698287964,0.0004356435643564356,0.06969625936462195,
2025-09-14 16:37:12,ADAM_lr0.0003,ADAM,2,MNIST,43,val_eval,1.026939034461975,0.0004356435643564356,0.06969625936462195,
2025-09-14 16:37:13,ADAM_lr0.0003,ADAM,2,MNIST,44,train_eval,1.0347943305969238,0.0004455445544554455,0.06969625936462195,
2025-09-14 16:37:13,ADAM_lr0.0003,ADAM,2,MNIST,44,val_eval,1.0238221883773804,0.0004455445544554455,0.06969625936462195,
2025-09-14 16:37:14,ADAM_lr0.0003,ADAM,2,MNIST,45,train_eval,1.0631358623504639,0.0004554455445544554,0.06969625936462195,
2025-09-14 16:37:14,ADAM_lr0.0003,ADAM,2,MNIST,45,val_eval,1.0424139499664307,0.0004554455445544554,0.06969625936462195,
2025-09-14 16:37:15,ADAM_lr0.0003,ADAM,2,MNIST,46,train_eval,1.0293370485305786,0.0004653465346534653,0.06969625936462195,
2025-09-14 16:37:15,ADAM_lr0.0003,ADAM,2,MNIST,46,val_eval,1.0274574756622314,0.0004653465346534653,0.06969625936462195,
2025-09-14 16:37:15,ADAM_lr0.0003,ADAM,2,MNIST,47,train_eval,1.0336802005767822,0.00047524752475247524,0.06969625936462195,
2025-09-14 16:37:15,ADAM_lr0.0003,ADAM,2,MNIST,47,val_eval,1.0541309118270874,0.00047524752475247524,0.06969625936462195,
2025-09-14 16:37:16,ADAM_lr0.0003,ADAM,2,MNIST,48,train_eval,1.0335698127746582,0.00048514851485148515,0.06969625936462195,
2025-09-14 16:37:16,ADAM_lr0.0003,ADAM,2,MNIST,48,val_eval,1.0278338193893433,0.00048514851485148515,0.06969625936462195,
2025-09-14 16:37:17,ADAM_lr0.0003,ADAM,2,MNIST,49,train_eval,1.0332722663879395,0.0004950495049504951,0.06969625936462195,
2025-09-14 16:37:17,ADAM_lr0.0003,ADAM,2,MNIST,49,val_eval,1.0303936004638672,0.0004950495049504951,0.06969625936462195,
2025-09-14 16:37:17,ADAM_lr0.0003,ADAM,2,MNIST,50,train_eval,1.035294532775879,0.000504950495049505,0.06969625936462195,
2025-09-14 16:37:17,ADAM_lr0.0003,ADAM,2,MNIST,50,val_eval,1.0605615377426147,0.000504950495049505,0.06969625936462195,
2025-09-14 16:37:17,ADAM_lr0.0003,ADAM,2,MNIST,50,train_iter,0.9539257287979126,0.000504950495049505,0.07241589706555165,725.5475521087646
2025-09-14 16:37:18,ADAM_lr0.0003,ADAM,2,MNIST,51,train_eval,1.03794527053833,0.0005148514851485149,0.07241589706555165,
2025-09-14 16:37:18,ADAM_lr0.0003,ADAM,2,MNIST,51,val_eval,1.0614818334579468,0.0005148514851485149,0.07241589706555165,
2025-09-14 16:37:19,ADAM_lr0.0003,ADAM,2,MNIST,52,train_eval,1.0456453561782837,0.0005247524752475248,0.07241589706555165,
2025-09-14 16:37:19,ADAM_lr0.0003,ADAM,2,MNIST,52,val_eval,1.038975477218628,0.0005247524752475248,0.07241589706555165,
2025-09-14 16:37:20,ADAM_lr0.0003,ADAM,2,MNIST,53,train_eval,1.037429690361023,0.0005346534653465347,0.07241589706555165,
2025-09-14 16:37:20,ADAM_lr0.0003,ADAM,2,MNIST,53,val_eval,1.0516992807388306,0.0005346534653465347,0.07241589706555165,
2025-09-14 16:37:20,ADAM_lr0.0003,ADAM,2,MNIST,54,train_eval,1.0335760116577148,0.0005445544554455446,0.07241589706555165,
2025-09-14 16:37:20,ADAM_lr0.0003,ADAM,2,MNIST,54,val_eval,1.0537314414978027,0.0005445544554455446,0.07241589706555165,
2025-09-14 16:37:21,ADAM_lr0.0003,ADAM,2,MNIST,55,train_eval,1.0340418815612793,0.0005544554455445545,0.07241589706555165,
2025-09-14 16:37:21,ADAM_lr0.0003,ADAM,2,MNIST,55,val_eval,1.0306694507598877,0.0005544554455445545,0.07241589706555165,
2025-09-14 16:37:22,ADAM_lr0.0003,ADAM,2,MNIST,56,train_eval,1.0423437356948853,0.0005643564356435644,0.07241589706555165,
2025-09-14 16:37:22,ADAM_lr0.0003,ADAM,2,MNIST,56,val_eval,1.0188522338867188,0.0005643564356435644,0.07241589706555165,
2025-09-14 16:37:22,ADAM_lr0.0003,ADAM,2,MNIST,57,train_eval,1.0315800905227661,0.0005742574257425743,0.07241589706555165,
2025-09-14 16:37:22,ADAM_lr0.0003,ADAM,2,MNIST,57,val_eval,1.0245578289031982,0.0005742574257425743,0.07241589706555165,
2025-09-14 16:37:23,ADAM_lr0.0003,ADAM,2,MNIST,58,train_eval,1.0156309604644775,0.0005841584158415842,0.07241589706555165,
2025-09-14 16:37:23,ADAM_lr0.0003,ADAM,2,MNIST,58,val_eval,1.0106210708618164,0.0005841584158415842,0.07241589706555165,
2025-09-14 16:37:24,ADAM_lr0.0003,ADAM,2,MNIST,59,train_eval,1.013271689414978,0.000594059405940594,0.07241589706555165,
2025-09-14 16:37:24,ADAM_lr0.0003,ADAM,2,MNIST,59,val_eval,1.0255589485168457,0.000594059405940594,0.07241589706555165,
2025-09-14 16:37:25,ADAM_lr0.0003,ADAM,2,MNIST,60,train_eval,1.018190860748291,0.000603960396039604,0.07241589706555165,
2025-09-14 16:37:25,ADAM_lr0.0003,ADAM,2,MNIST,60,val_eval,1.0291074514389038,0.000603960396039604,0.07241589706555165,
2025-09-14 16:37:25,ADAM_lr0.0003,ADAM,2,MNIST,60,train_iter,1.0558686256408691,0.000603960396039604,0.07495097144017887,719.0613746643066
2025-09-14 16:37:25,ADAM_lr0.0003,ADAM,2,MNIST,61,train_eval,1.0202624797821045,0.0006138613861386139,0.07495097144017887,
2025-09-14 16:37:25,ADAM_lr0.0003,ADAM,2,MNIST,61,val_eval,1.0168038606643677,0.0006138613861386139,0.07495097144017887,
2025-09-14 16:37:26,ADAM_lr0.0003,ADAM,2,MNIST,62,train_eval,1.0124112367630005,0.0006237623762376238,0.07495097144017887,
2025-09-14 16:37:26,ADAM_lr0.0003,ADAM,2,MNIST,62,val_eval,1.0064294338226318,0.0006237623762376238,0.07495097144017887,
2025-09-14 16:37:27,ADAM_lr0.0003,ADAM,2,MNIST,63,train_eval,1.0108866691589355,0.0006336633663366337,0.07495097144017887,
2025-09-14 16:37:27,ADAM_lr0.0003,ADAM,2,MNIST,63,val_eval,1.031485915184021,0.0006336633663366337,0.07495097144017887,
2025-09-14 16:37:28,ADAM_lr0.0003,ADAM,2,MNIST,64,train_eval,1.0189250707626343,0.0006435643564356436,0.07495097144017887,
2025-09-14 16:37:28,ADAM_lr0.0003,ADAM,2,MNIST,64,val_eval,1.0432791709899902,0.0006435643564356436,0.07495097144017887,
2025-09-14 16:37:28,ADAM_lr0.0003,ADAM,2,MNIST,65,train_eval,1.029520869255066,0.0006534653465346535,0.07495097144017887,
2025-09-14 16:37:28,ADAM_lr0.0003,ADAM,2,MNIST,65,val_eval,1.0428588390350342,0.0006534653465346535,0.07495097144017887,
2025-09-14 16:37:29,ADAM_lr0.0003,ADAM,2,MNIST,66,train_eval,1.0284028053283691,0.0006633663366336634,0.07495097144017887,
2025-09-14 16:37:29,ADAM_lr0.0003,ADAM,2,MNIST,66,val_eval,1.0342168807983398,0.0006633663366336634,0.07495097144017887,
2025-09-14 16:37:30,ADAM_lr0.0003,ADAM,2,MNIST,67,train_eval,1.0276820659637451,0.0006732673267326733,0.07495097144017887,
2025-09-14 16:37:30,ADAM_lr0.0003,ADAM,2,MNIST,67,val_eval,1.028378963470459,0.0006732673267326733,0.07495097144017887,
2025-09-14 16:37:31,ADAM_lr0.0003,ADAM,2,MNIST,68,train_eval,1.0166642665863037,0.0006831683168316832,0.07495097144017887,
2025-09-14 16:37:31,ADAM_lr0.0003,ADAM,2,MNIST,68,val_eval,1.008262038230896,0.0006831683168316832,0.07495097144017887,
2025-09-14 16:37:31,ADAM_lr0.0003,ADAM,2,MNIST,69,train_eval,1.0254992246627808,0.0006930693069306931,0.07495097144017887,
2025-09-14 16:37:31,ADAM_lr0.0003,ADAM,2,MNIST,69,val_eval,1.025184988975525,0.0006930693069306931,0.07495097144017887,
2025-09-14 16:37:32,ADAM_lr0.0003,ADAM,2,MNIST,70,train_eval,1.005982518196106,0.000702970297029703,0.07495097144017887,
2025-09-14 16:37:32,ADAM_lr0.0003,ADAM,2,MNIST,70,val_eval,1.0172350406646729,0.000702970297029703,0.07495097144017887,
2025-09-14 16:37:32,ADAM_lr0.0003,ADAM,2,MNIST,70,train_iter,0.976186990737915,0.000702970297029703,0.07720516502387198,721.0803031921387
2025-09-14 16:37:33,ADAM_lr0.0003,ADAM,2,MNIST,71,train_eval,1.0346794128417969,0.000712871287128713,0.07720516502387198,
2025-09-14 16:37:33,ADAM_lr0.0003,ADAM,2,MNIST,71,val_eval,1.0277642011642456,0.000712871287128713,0.07720516502387198,
2025-09-14 16:37:33,ADAM_lr0.0003,ADAM,2,MNIST,72,train_eval,1.0224568843841553,0.0007227722772277228,0.07720516502387198,
2025-09-14 16:37:33,ADAM_lr0.0003,ADAM,2,MNIST,72,val_eval,1.0156598091125488,0.0007227722772277228,0.07720516502387198,
2025-09-14 16:37:34,ADAM_lr0.0003,ADAM,2,MNIST,73,train_eval,1.0243456363677979,0.0007326732673267327,0.07720516502387198,
2025-09-14 16:37:34,ADAM_lr0.0003,ADAM,2,MNIST,73,val_eval,1.0149914026260376,0.0007326732673267327,0.07720516502387198,
2025-09-14 16:37:35,ADAM_lr0.0003,ADAM,2,MNIST,74,train_eval,1.0294525623321533,0.0007425742574257426,0.07720516502387198,
2025-09-14 16:37:35,ADAM_lr0.0003,ADAM,2,MNIST,74,val_eval,1.0221415758132935,0.0007425742574257426,0.07720516502387198,
2025-09-14 16:37:36,ADAM_lr0.0003,ADAM,2,MNIST,75,train_eval,1.008138656616211,0.0007524752475247525,0.07720516502387198,
2025-09-14 16:37:36,ADAM_lr0.0003,ADAM,2,MNIST,75,val_eval,1.0162585973739624,0.0007524752475247525,0.07720516502387198,
2025-09-14 16:37:36,ADAM_lr0.0003,ADAM,2,MNIST,76,train_eval,1.0045537948608398,0.0007623762376237624,0.07720516502387198,
2025-09-14 16:37:36,ADAM_lr0.0003,ADAM,2,MNIST,76,val_eval,1.026993989944458,0.0007623762376237624,0.07720516502387198,
2025-09-14 16:37:37,ADAM_lr0.0003,ADAM,2,MNIST,77,train_eval,1.0165843963623047,0.0007722772277227723,0.07720516502387198,
2025-09-14 16:37:37,ADAM_lr0.0003,ADAM,2,MNIST,77,val_eval,1.0245158672332764,0.0007722772277227723,0.07720516502387198,
2025-09-14 16:37:38,ADAM_lr0.0003,ADAM,2,MNIST,78,train_eval,1.0160633325576782,0.0007821782178217822,0.07720516502387198,
2025-09-14 16:37:38,ADAM_lr0.0003,ADAM,2,MNIST,78,val_eval,1.000330924987793,0.0007821782178217822,0.07720516502387198,
2025-09-14 16:37:39,ADAM_lr0.0003,ADAM,2,MNIST,79,train_eval,1.0049008131027222,0.0007920792079207921,0.07720516502387198,
2025-09-14 16:37:39,ADAM_lr0.0003,ADAM,2,MNIST,79,val_eval,1.0308667421340942,0.0007920792079207921,0.07720516502387198,
2025-09-14 16:37:40,ADAM_lr0.0003,ADAM,2,MNIST,80,train_eval,0.995698869228363,0.000801980198019802,0.07720516502387198,
2025-09-14 16:37:40,ADAM_lr0.0003,ADAM,2,MNIST,80,val_eval,1.0205186605453491,0.000801980198019802,0.07720516502387198,
2025-09-14 16:37:40,ADAM_lr0.0003,ADAM,2,MNIST,80,train_iter,1.2774507999420166,0.000801980198019802,0.07925591824952308,719.4583415985107
2025-09-14 16:37:40,ADAM_lr0.0003,ADAM,2,MNIST,81,train_eval,0.9996970295906067,0.000811881188118812,0.07925591824952308,
2025-09-14 16:37:40,ADAM_lr0.0003,ADAM,2,MNIST,81,val_eval,1.0173733234405518,0.000811881188118812,0.07925591824952308,
2025-09-14 16:37:41,ADAM_lr0.0003,ADAM,2,MNIST,82,train_eval,1.0054466724395752,0.0008217821782178219,0.07925591824952308,
2025-09-14 16:37:41,ADAM_lr0.0003,ADAM,2,MNIST,82,val_eval,0.9943721890449524,0.0008217821782178219,0.07925591824952308,
2025-09-14 16:37:42,ADAM_lr0.0003,ADAM,2,MNIST,83,train_eval,1.0165421962738037,0.0008316831683168318,0.07925591824952308,
2025-09-14 16:37:42,ADAM_lr0.0003,ADAM,2,MNIST,83,val_eval,1.003278136253357,0.0008316831683168318,0.07925591824952308,
2025-09-14 16:37:43,ADAM_lr0.0003,ADAM,2,MNIST,84,train_eval,0.9962117075920105,0.0008415841584158417,0.07925591824952308,
2025-09-14 16:37:43,ADAM_lr0.0003,ADAM,2,MNIST,84,val_eval,1.0187172889709473,0.0008415841584158417,0.07925591824952308,
2025-09-14 16:37:45,ADAM_lr0.0003,ADAM,2,MNIST,85,train_eval,1.0288902521133423,0.0008514851485148516,0.07925591824952308,
2025-09-14 16:37:45,ADAM_lr0.0003,ADAM,2,MNIST,85,val_eval,1.0247142314910889,0.0008514851485148516,0.07925591824952308,
2025-09-14 16:37:46,ADAM_lr0.0003,ADAM,2,MNIST,86,train_eval,1.032030701637268,0.0008613861386138615,0.07925591824952308,
2025-09-14 16:37:46,ADAM_lr0.0003,ADAM,2,MNIST,86,val_eval,1.0168049335479736,0.0008613861386138615,0.07925591824952308,
2025-09-14 16:37:47,ADAM_lr0.0003,ADAM,2,MNIST,87,train_eval,1.0327458381652832,0.0008712871287128712,0.07925591824952308,
2025-09-14 16:37:47,ADAM_lr0.0003,ADAM,2,MNIST,87,val_eval,1.0175949335098267,0.0008712871287128712,0.07925591824952308,
2025-09-14 16:37:49,ADAM_lr0.0003,ADAM,2,MNIST,88,train_eval,1.0090303421020508,0.0008811881188118811,0.07925591824952308,
2025-09-14 16:37:49,ADAM_lr0.0003,ADAM,2,MNIST,88,val_eval,1.0470175743103027,0.0008811881188118811,0.07925591824952308,
2025-09-14 16:37:50,ADAM_lr0.0003,ADAM,2,MNIST,89,train_eval,1.0058467388153076,0.000891089108910891,0.07925591824952308,
2025-09-14 16:37:50,ADAM_lr0.0003,ADAM,2,MNIST,89,val_eval,1.0211167335510254,0.000891089108910891,0.07925591824952308,
2025-09-14 16:37:51,ADAM_lr0.0003,ADAM,2,MNIST,90,train_eval,0.9910231232643127,0.0009009900990099009,0.07925591824952308,
2025-09-14 16:37:51,ADAM_lr0.0003,ADAM,2,MNIST,90,val_eval,1.013386845588684,0.0009009900990099009,0.07925591824952308,
2025-09-14 16:37:51,ADAM_lr0.0003,ADAM,2,MNIST,90,train_iter,0.9343204498291016,0.0009009900990099009,0.07853377285396763,975.9247303009033
2025-09-14 16:37:52,ADAM_lr0.0003,ADAM,2,MNIST,91,train_eval,0.996286928653717,0.0009108910891089108,0.07853377285396763,
2025-09-14 16:37:52,ADAM_lr0.0003,ADAM,2,MNIST,91,val_eval,1.0115169286727905,0.0009108910891089108,0.07853377285396763,
2025-09-14 16:37:53,ADAM_lr0.0003,ADAM,2,MNIST,92,train_eval,1.0239040851593018,0.0009207920792079207,0.07853377285396763,
2025-09-14 16:37:53,ADAM_lr0.0003,ADAM,2,MNIST,92,val_eval,1.0209853649139404,0.0009207920792079207,0.07853377285396763,
2025-09-14 16:37:54,ADAM_lr0.0003,ADAM,2,MNIST,93,train_eval,1.0195642709732056,0.0009306930693069307,0.07853377285396763,
2025-09-14 16:37:54,ADAM_lr0.0003,ADAM,2,MNIST,93,val_eval,0.9959122538566589,0.0009306930693069307,0.07853377285396763,
2025-09-14 16:37:55,ADAM_lr0.0003,ADAM,2,MNIST,94,train_eval,1.0176364183425903,0.0009405940594059406,0.07853377285396763,
2025-09-14 16:37:55,ADAM_lr0.0003,ADAM,2,MNIST,94,val_eval,1.0438339710235596,0.0009405940594059406,0.07853377285396763,
2025-09-14 16:37:56,ADAM_lr0.0003,ADAM,2,MNIST,95,train_eval,1.019131064414978,0.0009504950495049505,0.07853377285396763,
2025-09-14 16:37:56,ADAM_lr0.0003,ADAM,2,MNIST,95,val_eval,1.0085464715957642,0.0009504950495049505,0.07853377285396763,
2025-09-14 16:37:57,ADAM_lr0.0003,ADAM,2,MNIST,96,train_eval,1.0231542587280273,0.0009603960396039604,0.07853377285396763,
2025-09-14 16:37:57,ADAM_lr0.0003,ADAM,2,MNIST,96,val_eval,1.027452826499939,0.0009603960396039604,0.07853377285396763,
2025-09-14 16:37:58,ADAM_lr0.0003,ADAM,2,MNIST,97,train_eval,0.9846135973930359,0.0009702970297029703,0.07853377285396763,
2025-09-14 16:37:58,ADAM_lr0.0003,ADAM,2,MNIST,97,val_eval,1.0091660022735596,0.0009702970297029703,0.07853377285396763,
2025-09-14 16:37:58,ADAM_lr0.0003,ADAM,2,MNIST,98,train_eval,0.9930412769317627,0.0009801980198019802,0.07853377285396763,
2025-09-14 16:37:58,ADAM_lr0.0003,ADAM,2,MNIST,98,val_eval,0.9994518756866455,0.0009801980198019802,0.07853377285396763,
2025-09-14 16:37:59,ADAM_lr0.0003,ADAM,2,MNIST,99,train_eval,1.0068804025650024,0.0009900990099009901,0.07853377285396763,
2025-09-14 16:37:59,ADAM_lr0.0003,ADAM,2,MNIST,99,val_eval,1.0180431604385376,0.0009900990099009901,0.07853377285396763,
2025-09-14 16:38:00,ADAM_lr0.0003,ADAM,2,MNIST,100,train_eval,1.0009676218032837,0.001,0.07853377285396763,
2025-09-14 16:38:00,ADAM_lr0.0003,ADAM,2,MNIST,100,val_eval,1.0151183605194092,0.001,0.07853377285396763,
2025-09-14 16:39:07,ADAM_lr0.0003,ADAM,2,MNIST,100,train_iter,1.0790643692016602,0.001,0.0707846970079044,67401.00193023682
2025-09-14 16:39:07,ADAM_lr0.0003,ADAM,2,MNIST,101,train_eval,0.9983640313148499,0.000999999907510999,0.0707846970079044,
2025-09-14 16:39:07,ADAM_lr0.0003,ADAM,2,MNIST,101,val_eval,1.0311247110366821,0.000999999907510999,0.0707846970079044,
2025-09-14 16:39:08,ADAM_lr0.0003,ADAM,2,MNIST,102,train_eval,1.0052493810653687,0.000999999630044034,0.0707846970079044,
2025-09-14 16:39:08,ADAM_lr0.0003,ADAM,2,MNIST,102,val_eval,1.0045684576034546,0.000999999630044034,0.0707846970079044,
2025-09-14 16:39:09,ADAM_lr0.0003,ADAM,2,MNIST,103,train_eval,1.0068061351776123,0.0009999991675992191,0.0707846970079044,
2025-09-14 16:39:09,ADAM_lr0.0003,ADAM,2,MNIST,103,val_eval,1.018344521522522,0.0009999991675992191,0.0707846970079044,
2025-09-14 16:39:10,ADAM_lr0.0003,ADAM,2,MNIST,104,train_eval,1.0224127769470215,0.0009999985201767443,0.0707846970079044,
2025-09-14 16:39:10,ADAM_lr0.0003,ADAM,2,MNIST,104,val_eval,1.0254524946212769,0.0009999985201767443,0.0707846970079044,
2025-09-14 16:39:10,ADAM_lr0.0003,ADAM,2,MNIST,105,train_eval,1.0158929824829102,0.000999997687776876,0.0707846970079044,
2025-09-14 16:39:10,ADAM_lr0.0003,ADAM,2,MNIST,105,val_eval,1.005119800567627,0.000999997687776876,0.0707846970079044,
2025-09-14 16:39:11,ADAM_lr0.0003,ADAM,2,MNIST,106,train_eval,1.0084915161132812,0.0009999966703999558,0.0707846970079044,
2025-09-14 16:39:11,ADAM_lr0.0003,ADAM,2,MNIST,106,val_eval,1.0310397148132324,0.0009999966703999558,0.0707846970079044,
2025-09-14 16:39:12,ADAM_lr0.0003,ADAM,2,MNIST,107,train_eval,0.9995558857917786,0.0009999954680464025,0.0707846970079044,
2025-09-14 16:39:12,ADAM_lr0.0003,ADAM,2,MNIST,107,val_eval,1.0420221090316772,0.0009999954680464025,0.0707846970079044,
2025-09-14 16:39:13,ADAM_lr0.0003,ADAM,2,MNIST,108,train_eval,1.0169529914855957,0.00099999408071671,0.0707846970079044,
2025-09-14 16:39:13,ADAM_lr0.0003,ADAM,2,MNIST,108,val_eval,1.0152758359909058,0.00099999408071671,0.0707846970079044,
2025-09-14 16:39:13,ADAM_lr0.0003,ADAM,2,MNIST,109,train_eval,1.0046024322509766,0.0009999925084114485,0.0707846970079044,
2025-09-14 16:39:13,ADAM_lr0.0003,ADAM,2,MNIST,109,val_eval,1.0157175064086914,0.0009999925084114485,0.0707846970079044,
2025-09-14 16:39:14,ADAM_lr0.0003,ADAM,2,MNIST,110,train_eval,1.008750557899475,0.0009999907511312647,0.0707846970079044,
2025-09-14 16:39:14,ADAM_lr0.0003,ADAM,2,MNIST,110,val_eval,1.0206079483032227,0.0009999907511312647,0.0707846970079044,
2025-09-14 16:39:14,ADAM_lr0.0003,ADAM,2,MNIST,110,train_iter,0.9999648332595825,0.0009999907511312647,0.07326191646078284,735.689640045166
2025-09-14 16:39:15,ADAM_lr0.0003,ADAM,2,MNIST,111,train_eval,0.9862433075904846,0.0009999888088768807,0.07326191646078284,
2025-09-14 16:39:15,ADAM_lr0.0003,ADAM,2,MNIST,111,val_eval,1.0016999244689941,0.0009999888088768807,0.07326191646078284,
2025-09-14 16:39:16,ADAM_lr0.0003,ADAM,2,MNIST,112,train_eval,0.981295645236969,0.000999986681649095,0.07326191646078284,
2025-09-14 16:39:16,ADAM_lr0.0003,ADAM,2,MNIST,112,val_eval,1.0175777673721313,0.000999986681649095,0.07326191646078284,
2025-09-14 16:39:18,ADAM_lr0.0003,ADAM,2,MNIST,113,train_eval,1.0079617500305176,0.0009999843694487819,0.07326191646078284,
2025-09-14 16:39:18,ADAM_lr0.0003,ADAM,2,MNIST,113,val_eval,1.0353634357452393,0.0009999843694487819,0.07326191646078284,
2025-09-14 16:39:20,ADAM_lr0.0003,ADAM,2,MNIST,114,train_eval,1.040732502937317,0.000999981872276892,0.07326191646078284,
2025-09-14 16:39:20,ADAM_lr0.0003,ADAM,2,MNIST,114,val_eval,1.0506385564804077,0.000999981872276892,0.07326191646078284,
2025-09-14 16:39:21,ADAM_lr0.0003,ADAM,2,MNIST,115,train_eval,1.0161579847335815,0.0009999791901344516,0.07326191646078284,
2025-09-14 16:39:21,ADAM_lr0.0003,ADAM,2,MNIST,115,val_eval,1.0258408784866333,0.0009999791901344516,0.07326191646078284,
2025-09-14 16:39:22,ADAM_lr0.0003,ADAM,2,MNIST,116,train_eval,0.997452974319458,0.0009999763230225634,0.07326191646078284,
2025-09-14 16:39:22,ADAM_lr0.0003,ADAM,2,MNIST,116,val_eval,1.0387367010116577,0.0009999763230225634,0.07326191646078284,
2025-09-14 16:39:24,ADAM_lr0.0003,ADAM,2,MNIST,117,train_eval,1.041934847831726,0.0009999732709424058,0.07326191646078284,
2025-09-14 16:39:24,ADAM_lr0.0003,ADAM,2,MNIST,117,val_eval,1.0242302417755127,0.0009999732709424058,0.07326191646078284,
2025-09-14 16:39:25,ADAM_lr0.0003,ADAM,2,MNIST,118,train_eval,1.015430212020874,0.0009999700338952336,0.07326191646078284,
2025-09-14 16:39:25,ADAM_lr0.0003,ADAM,2,MNIST,118,val_eval,1.0159504413604736,0.0009999700338952336,0.07326191646078284,
2025-09-14 16:39:26,ADAM_lr0.0003,ADAM,2,MNIST,119,train_eval,1.0157970190048218,0.0009999666118823774,0.07326191646078284,
2025-09-14 16:39:26,ADAM_lr0.0003,ADAM,2,MNIST,119,val_eval,1.021005392074585,0.0009999666118823774,0.07326191646078284,
2025-09-14 16:39:27,ADAM_lr0.0003,ADAM,2,MNIST,120,train_eval,1.0034849643707275,0.0009999630049052437,0.07326191646078284,
2025-09-14 16:39:27,ADAM_lr0.0003,ADAM,2,MNIST,120,val_eval,1.0101191997528076,0.0009999630049052437,0.07326191646078284,
2025-09-14 16:39:27,ADAM_lr0.0003,ADAM,2,MNIST,120,train_iter,0.902671217918396,0.0009999630049052437,0.07237709900049245,1091.3853645324707
2025-09-14 16:39:28,ADAM_lr0.0003,ADAM,2,MNIST,121,train_eval,1.0075271129608154,0.0009999592129653152,0.07237709900049245,
2025-09-14 16:39:28,ADAM_lr0.0003,ADAM,2,MNIST,121,val_eval,1.0028877258300781,0.0009999592129653152,0.07237709900049245,
2025-09-14 16:39:29,ADAM_lr0.0003,ADAM,2,MNIST,122,train_eval,1.0186840295791626,0.0009999552360641507,0.07237709900049245,
2025-09-14 16:39:29,ADAM_lr0.0003,ADAM,2,MNIST,122,val_eval,1.020677924156189,0.0009999552360641507,0.07237709900049245,
2025-09-14 16:39:30,ADAM_lr0.0003,ADAM,2,MNIST,123,train_eval,1.0182148218154907,0.000999951074203385,0.07237709900049245,
2025-09-14 16:39:30,ADAM_lr0.0003,ADAM,2,MNIST,123,val_eval,1.0290454626083374,0.000999951074203385,0.07237709900049245,
2025-09-14 16:39:31,ADAM_lr0.0003,ADAM,2,MNIST,124,train_eval,1.02178955078125,0.0009999467273847289,0.07237709900049245,
2025-09-14 16:39:31,ADAM_lr0.0003,ADAM,2,MNIST,124,val_eval,1.0227456092834473,0.0009999467273847289,0.07237709900049245,
2025-09-14 16:39:32,ADAM_lr0.0003,ADAM,2,MNIST,125,train_eval,1.0216783285140991,0.000999942195609969,0.07237709900049245,
2025-09-14 16:39:32,ADAM_lr0.0003,ADAM,2,MNIST,125,val_eval,1.0032017230987549,0.000999942195609969,0.07237709900049245,
2025-09-14 16:39:33,ADAM_lr0.0003,ADAM,2,MNIST,126,train_eval,1.0102968215942383,0.0009999374788809685,0.07237709900049245,
2025-09-14 16:39:33,ADAM_lr0.0003,ADAM,2,MNIST,126,val_eval,1.003526210784912,0.0009999374788809685,0.07237709900049245,
2025-09-14 16:39:34,ADAM_lr0.0003,ADAM,2,MNIST,127,train_eval,1.0152665376663208,0.0009999325771996657,0.07237709900049245,
2025-09-14 16:39:34,ADAM_lr0.0003,ADAM,2,MNIST,127,val_eval,1.0260447263717651,0.0009999325771996657,0.07237709900049245,
2025-09-14 16:39:35,ADAM_lr0.0003,ADAM,2,MNIST,128,train_eval,1.021103858947754,0.0009999274905680762,0.07237709900049245,
2025-09-14 16:39:35,ADAM_lr0.0003,ADAM,2,MNIST,128,val_eval,1.034608244895935,0.0009999274905680762,0.07237709900049245,
2025-09-14 16:39:36,ADAM_lr0.0003,ADAM,2,MNIST,129,train_eval,1.007496953010559,0.0009999222189882903,0.07237709900049245,
2025-09-14 16:39:36,ADAM_lr0.0003,ADAM,2,MNIST,129,val_eval,1.0343191623687744,0.0009999222189882903,0.07237709900049245,
2025-09-14 16:39:37,ADAM_lr0.0003,ADAM,2,MNIST,130,train_eval,1.045627236366272,0.0009999167624624755,0.07237709900049245,
2025-09-14 16:39:37,ADAM_lr0.0003,ADAM,2,MNIST,130,val_eval,1.0258965492248535,0.0009999167624624755,0.07237709900049245,
2025-09-14 16:39:37,ADAM_lr0.0003,ADAM,2,MNIST,130,train_iter,1.1072611808776855,0.0009999167624624755,0.07266993669127993,933.5339069366455
2025-09-14 16:39:38,ADAM_lr0.0003,ADAM,2,MNIST,131,train_eval,0.9880633354187012,0.0009999111209928744,0.07266993669127993,
2025-09-14 16:39:38,ADAM_lr0.0003,ADAM,2,MNIST,131,val_eval,1.0273711681365967,0.0009999111209928744,0.07266993669127993,
2025-09-14 16:39:39,ADAM_lr0.0003,ADAM,2,MNIST,132,train_eval,0.978348970413208,0.000999905294581806,0.07266993669127993,
2025-09-14 16:39:39,ADAM_lr0.0003,ADAM,2,MNIST,132,val_eval,1.014139175415039,0.000999905294581806,0.07266993669127993,
2025-09-14 16:39:40,ADAM_lr0.0003,ADAM,2,MNIST,133,train_eval,1.004562497138977,0.0009998992832316654,0.07266993669127993,
2025-09-14 16:39:40,ADAM_lr0.0003,ADAM,2,MNIST,133,val_eval,1.0210621356964111,0.0009998992832316654,0.07266993669127993,
2025-09-14 16:39:41,ADAM_lr0.0003,ADAM,2,MNIST,134,train_eval,1.0077300071716309,0.0009998930869449237,0.07266993669127993,
2025-09-14 16:39:41,ADAM_lr0.0003,ADAM,2,MNIST,134,val_eval,1.0217779874801636,0.0009998930869449237,0.07266993669127993,
2025-09-14 16:39:42,ADAM_lr0.0003,ADAM,2,MNIST,135,train_eval,0.9999691247940063,0.000999886705724128,0.07266993669127993,
2025-09-14 16:39:42,ADAM_lr0.0003,ADAM,2,MNIST,135,val_eval,1.0190362930297852,0.000999886705724128,0.07266993669127993,
2025-09-14 16:39:43,ADAM_lr0.0003,ADAM,2,MNIST,136,train_eval,1.0023566484451294,0.0009998801395719012,0.07266993669127993,
2025-09-14 16:39:43,ADAM_lr0.0003,ADAM,2,MNIST,136,val_eval,1.0296361446380615,0.0009998801395719012,0.07266993669127993,
2025-09-14 16:39:43,ADAM_lr0.0003,ADAM,2,MNIST,137,train_eval,1.0104575157165527,0.0009998733884909424,0.07266993669127993,
2025-09-14 16:39:43,ADAM_lr0.0003,ADAM,2,MNIST,137,val_eval,1.0044760704040527,0.0009998733884909424,0.07266993669127993,
2025-09-14 16:39:44,ADAM_lr0.0003,ADAM,2,MNIST,138,train_eval,1.0199899673461914,0.0009998664524840269,0.07266993669127993,
2025-09-14 16:39:44,ADAM_lr0.0003,ADAM,2,MNIST,138,val_eval,1.0182133913040161,0.0009998664524840269,0.07266993669127993,
2025-09-14 16:39:45,ADAM_lr0.0003,ADAM,2,MNIST,139,train_eval,1.0085943937301636,0.0009998593315540057,0.07266993669127993,
2025-09-14 16:39:45,ADAM_lr0.0003,ADAM,2,MNIST,139,val_eval,1.027686595916748,0.0009998593315540057,0.07266993669127993,
2025-09-14 16:39:46,ADAM_lr0.0003,ADAM,2,MNIST,140,train_eval,1.0209544897079468,0.000999852025703806,0.07266993669127993,
2025-09-14 16:39:46,ADAM_lr0.0003,ADAM,2,MNIST,140,val_eval,1.0291601419448853,0.000999852025703806,0.07266993669127993,
2025-09-14 16:39:46,ADAM_lr0.0003,ADAM,2,MNIST,140,train_iter,1.1104865074157715,0.000999852025703806,0.07305885276835164,918.2476997375488
2025-09-14 16:39:47,ADAM_lr0.0003,ADAM,2,MNIST,141,train_eval,1.0064598321914673,0.0009998445349364308,0.07305885276835164,
2025-09-14 16:39:47,ADAM_lr0.0003,ADAM,2,MNIST,141,val_eval,1.01726233959198,0.0009998445349364308,0.07305885276835164,
2025-09-14 16:39:48,ADAM_lr0.0003,ADAM,2,MNIST,142,train_eval,0.9788095951080322,0.0009998368592549595,0.07305885276835164,
2025-09-14 16:39:48,ADAM_lr0.0003,ADAM,2,MNIST,142,val_eval,0.99666428565979,0.0009998368592549595,0.07305885276835164,
2025-09-14 16:39:49,ADAM_lr0.0003,ADAM,2,MNIST,143,train_eval,0.9957265257835388,0.000999828998662547,0.07305885276835164,
2025-09-14 16:39:49,ADAM_lr0.0003,ADAM,2,MNIST,143,val_eval,0.9920032620429993,0.000999828998662547,0.07305885276835164,
2025-09-14 16:39:50,ADAM_lr0.0003,ADAM,2,MNIST,144,train_eval,1.0016567707061768,0.000999820953162425,0.07305885276835164,
2025-09-14 16:39:50,ADAM_lr0.0003,ADAM,2,MNIST,144,val_eval,1.0048317909240723,0.000999820953162425,0.07305885276835164,
2025-09-14 16:39:51,ADAM_lr0.0003,ADAM,2,MNIST,145,train_eval,1.011196255683899,0.0009998127227579003,0.07305885276835164,
2025-09-14 16:39:51,ADAM_lr0.0003,ADAM,2,MNIST,145,val_eval,0.9969454407691956,0.0009998127227579003,0.07305885276835164,
2025-09-14 16:39:52,ADAM_lr0.0003,ADAM,2,MNIST,146,train_eval,0.9995816946029663,0.000999804307452356,0.07305885276835164,
2025-09-14 16:39:52,ADAM_lr0.0003,ADAM,2,MNIST,146,val_eval,1.0000548362731934,0.000999804307452356,0.07305885276835164,
2025-09-14 16:39:52,ADAM_lr0.0003,ADAM,2,MNIST,147,train_eval,1.010772705078125,0.0009997957072492515,0.07305885276835164,
2025-09-14 16:39:52,ADAM_lr0.0003,ADAM,2,MNIST,147,val_eval,1.0203101634979248,0.0009997957072492515,0.07305885276835164,
2025-09-14 16:39:53,ADAM_lr0.0003,ADAM,2,MNIST,148,train_eval,1.0092867612838745,0.0009997869221521221,0.07305885276835164,
2025-09-14 16:39:53,ADAM_lr0.0003,ADAM,2,MNIST,148,val_eval,1.0213268995285034,0.0009997869221521221,0.07305885276835164,
2025-09-14 16:39:54,ADAM_lr0.0003,ADAM,2,MNIST,149,train_eval,1.0178980827331543,0.0009997779521645793,0.07305885276835164,
2025-09-14 16:39:54,ADAM_lr0.0003,ADAM,2,MNIST,149,val_eval,1.003387689590454,0.0009997779521645793,0.07305885276835164,
2025-09-14 16:39:55,ADAM_lr0.0003,ADAM,2,MNIST,150,train_eval,0.9875382781028748,0.0009997687972903096,0.07305885276835164,
2025-09-14 16:39:55,ADAM_lr0.0003,ADAM,2,MNIST,150,val_eval,1.0193021297454834,0.0009997687972903096,0.07305885276835164,
2025-09-14 16:39:55,ADAM_lr0.0003,ADAM,2,MNIST,150,train_iter,0.9641246795654297,0.0009997687972903096,0.07504871248838943,756.2623023986816
2025-09-14 16:39:55,ADAM_lr0.0003,ADAM,2,MNIST,151,train_eval,0.9880422949790955,0.0009997594575330766,0.07504871248838943,
2025-09-14 16:39:55,ADAM_lr0.0003,ADAM,2,MNIST,151,val_eval,0.9977748394012451,0.0009997594575330766,0.07504871248838943,
2025-09-14 16:39:56,ADAM_lr0.0003,ADAM,2,MNIST,152,train_eval,1.0054931640625,0.0009997499328967194,0.07504871248838943,
2025-09-14 16:39:56,ADAM_lr0.0003,ADAM,2,MNIST,152,val_eval,1.002701997756958,0.0009997499328967194,0.07504871248838943,
2025-09-14 16:39:57,ADAM_lr0.0003,ADAM,2,MNIST,153,train_eval,1.0079078674316406,0.0009997402233851535,0.07504871248838943,
2025-09-14 16:39:57,ADAM_lr0.0003,ADAM,2,MNIST,153,val_eval,1.0078117847442627,0.0009997402233851535,0.07504871248838943,
2025-09-14 16:39:58,ADAM_lr0.0003,ADAM,2,MNIST,154,train_eval,0.9973906874656677,0.00099973032900237,0.07504871248838943,
2025-09-14 16:39:58,ADAM_lr0.0003,ADAM,2,MNIST,154,val_eval,1.010167121887207,0.00099973032900237,0.07504871248838943,
2025-09-14 16:39:58,ADAM_lr0.0003,ADAM,2,MNIST,155,train_eval,1.013159155845642,0.000999720249752436,0.07504871248838943,
2025-09-14 16:39:58,ADAM_lr0.0003,ADAM,2,MNIST,155,val_eval,1.025735855102539,0.000999720249752436,0.07504871248838943,
2025-09-14 16:39:59,ADAM_lr0.0003,ADAM,2,MNIST,156,train_eval,1.0031639337539673,0.0009997099856394946,0.07504871248838943,
2025-09-14 16:39:59,ADAM_lr0.0003,ADAM,2,MNIST,156,val_eval,1.0253599882125854,0.0009997099856394946,0.07504871248838943,
2025-09-14 16:40:00,ADAM_lr0.0003,ADAM,2,MNIST,157,train_eval,0.9866986870765686,0.0009996995366677653,0.07504871248838943,
2025-09-14 16:40:00,ADAM_lr0.0003,ADAM,2,MNIST,157,val_eval,0.9985838532447815,0.0009996995366677653,0.07504871248838943,
2025-09-14 16:40:01,ADAM_lr0.0003,ADAM,2,MNIST,158,train_eval,1.028395652770996,0.000999688902841543,0.07504871248838943,
2025-09-14 16:40:01,ADAM_lr0.0003,ADAM,2,MNIST,158,val_eval,1.0306469202041626,0.000999688902841543,0.07504871248838943,
2025-09-14 16:40:01,ADAM_lr0.0003,ADAM,2,MNIST,159,train_eval,1.0051884651184082,0.000999678084165199,0.07504871248838943,
2025-09-14 16:40:01,ADAM_lr0.0003,ADAM,2,MNIST,159,val_eval,1.0164376497268677,0.000999678084165199,0.07504871248838943,
2025-09-14 16:40:02,ADAM_lr0.0003,ADAM,2,MNIST,160,train_eval,1.016282081604004,0.0009996670806431804,0.07504871248838943,
2025-09-14 16:40:02,ADAM_lr0.0003,ADAM,2,MNIST,160,val_eval,1.0184504985809326,0.0009996670806431804,0.07504871248838943,
2025-09-14 16:40:02,ADAM_lr0.0003,ADAM,2,MNIST,160,train_iter,0.8569477796554565,0.0009996670806431804,0.07682943997346965,757.0886611938477
2025-09-14 16:40:03,ADAM_lr0.0003,ADAM,2,MNIST,161,train_eval,1.0245335102081299,0.0009996558922800104,0.07682943997346965,
2025-09-14 16:40:03,ADAM_lr0.0003,ADAM,2,MNIST,161,val_eval,1.0097787380218506,0.0009996558922800104,0.07682943997346965,
2025-09-14 16:40:04,ADAM_lr0.0003,ADAM,2,MNIST,162,train_eval,0.9981737732887268,0.0009996445190802881,0.07682943997346965,
2025-09-14 16:40:04,ADAM_lr0.0003,ADAM,2,MNIST,162,val_eval,1.0012383460998535,0.0009996445190802881,0.07682943997346965,
2025-09-14 16:40:05,ADAM_lr0.0003,ADAM,2,MNIST,163,train_eval,1.0231378078460693,0.0009996329610486886,0.07682943997346965,
2025-09-14 16:40:05,ADAM_lr0.0003,ADAM,2,MNIST,163,val_eval,0.9887109398841858,0.0009996329610486886,0.07682943997346965,
2025-09-14 16:40:07,ADAM_lr0.0003,ADAM,2,MNIST,164,train_eval,1.0184910297393799,0.0009996212181899629,0.07682943997346965,
2025-09-14 16:40:07,ADAM_lr0.0003,ADAM,2,MNIST,164,val_eval,0.9869227409362793,0.0009996212181899629,0.07682943997346965,
2025-09-14 16:40:08,ADAM_lr0.0003,ADAM,2,MNIST,165,train_eval,1.0009675025939941,0.000999609290508938,0.07682943997346965,
2025-09-14 16:40:08,ADAM_lr0.0003,ADAM,2,MNIST,165,val_eval,1.0087453126907349,0.000999609290508938,0.07682943997346965,
2025-09-14 16:40:09,ADAM_lr0.0003,ADAM,2,MNIST,166,train_eval,1.0039082765579224,0.000999597178010517,0.07682943997346965,
2025-09-14 16:40:09,ADAM_lr0.0003,ADAM,2,MNIST,166,val_eval,1.0131957530975342,0.000999597178010517,0.07682943997346965,
2025-09-14 16:40:10,ADAM_lr0.0003,ADAM,2,MNIST,167,train_eval,1.0127755403518677,0.000999584880699679,0.07682943997346965,
2025-09-14 16:40:10,ADAM_lr0.0003,ADAM,2,MNIST,167,val_eval,1.012057900428772,0.000999584880699679,0.07682943997346965,
2025-09-14 16:40:11,ADAM_lr0.0003,ADAM,2,MNIST,168,train_eval,1.001318097114563,0.0009995723985814788,0.07682943997346965,
2025-09-14 16:40:11,ADAM_lr0.0003,ADAM,2,MNIST,168,val_eval,1.0027539730072021,0.0009995723985814788,0.07682943997346965,
2025-09-14 16:40:12,ADAM_lr0.0003,ADAM,2,MNIST,169,train_eval,1.0029735565185547,0.0009995597316610474,0.07682943997346965,
2025-09-14 16:40:12,ADAM_lr0.0003,ADAM,2,MNIST,169,val_eval,1.0006496906280518,0.0009995597316610474,0.07682943997346965,
2025-09-14 16:40:13,ADAM_lr0.0003,ADAM,2,MNIST,170,train_eval,0.9950100779533386,0.0009995468799435915,0.07682943997346965,
2025-09-14 16:40:13,ADAM_lr0.0003,ADAM,2,MNIST,170,val_eval,0.9931851029396057,0.0009995468799435915,0.07682943997346965,
2025-09-14 16:40:13,ADAM_lr0.0003,ADAM,2,MNIST,170,train_iter,1.3922860622406006,0.0009995468799435915,0.07678509327938327,920.3288555145264
2025-09-14 16:40:14,ADAM_lr0.0003,ADAM,2,MNIST,171,train_eval,1.0084776878356934,0.0009995338434343943,0.07678509327938327,
2025-09-14 16:40:14,ADAM_lr0.0003,ADAM,2,MNIST,171,val_eval,0.9917920827865601,0.0009995338434343943,0.07678509327938327,
2025-09-14 16:40:15,ADAM_lr0.0003,ADAM,2,MNIST,172,train_eval,0.9984660148620605,0.0009995206221388145,0.07678509327938327,
2025-09-14 16:40:15,ADAM_lr0.0003,ADAM,2,MNIST,172,val_eval,1.0023107528686523,0.0009995206221388145,0.07678509327938327,
2025-09-14 16:40:16,ADAM_lr0.0003,ADAM,2,MNIST,173,train_eval,0.9912154674530029,0.0009995072160622865,0.07678509327938327,
2025-09-14 16:40:16,ADAM_lr0.0003,ADAM,2,MNIST,173,val_eval,0.9864292740821838,0.0009995072160622865,0.07678509327938327,
2025-09-14 16:40:18,ADAM_lr0.0003,ADAM,2,MNIST,174,train_eval,1.0034875869750977,0.0009994936252103218,0.07678509327938327,
2025-09-14 16:40:18,ADAM_lr0.0003,ADAM,2,MNIST,174,val_eval,1.0043405294418335,0.0009994936252103218,0.07678509327938327,
2025-09-14 16:40:18,ADAM_lr0.0003,ADAM,2,MNIST,175,train_eval,0.9781581163406372,0.0009994798495885063,0.07678509327938327,
2025-09-14 16:40:18,ADAM_lr0.0003,ADAM,2,MNIST,175,val_eval,0.9887017607688904,0.0009994798495885063,0.07678509327938327,
2025-09-14 16:40:19,ADAM_lr0.0003,ADAM,2,MNIST,176,train_eval,1.0099221467971802,0.000999465889202503,0.07678509327938327,
2025-09-14 16:40:19,ADAM_lr0.0003,ADAM,2,MNIST,176,val_eval,1.0002868175506592,0.000999465889202503,0.07678509327938327,
2025-09-14 16:40:20,ADAM_lr0.0003,ADAM,2,MNIST,177,train_eval,1.0171594619750977,0.0009994517440580508,0.07678509327938327,
2025-09-14 16:40:20,ADAM_lr0.0003,ADAM,2,MNIST,177,val_eval,1.0002158880233765,0.0009994517440580508,0.07678509327938327,
2025-09-14 16:40:21,ADAM_lr0.0003,ADAM,2,MNIST,178,train_eval,1.0007238388061523,0.0009994374141609635,0.07678509327938327,
2025-09-14 16:40:21,ADAM_lr0.0003,ADAM,2,MNIST,178,val_eval,1.0160216093063354,0.0009994374141609635,0.07678509327938327,
2025-09-14 16:40:22,ADAM_lr0.0003,ADAM,2,MNIST,179,train_eval,0.9908973574638367,0.0009994228995171322,0.07678509327938327,
2025-09-14 16:40:22,ADAM_lr0.0003,ADAM,2,MNIST,179,val_eval,0.9940906763076782,0.0009994228995171322,0.07678509327938327,
2025-09-14 16:40:23,ADAM_lr0.0003,ADAM,2,MNIST,180,train_eval,0.9735802412033081,0.000999408200132523,0.07678509327938327,
2025-09-14 16:40:23,ADAM_lr0.0003,ADAM,2,MNIST,180,val_eval,0.9946392774581909,0.000999408200132523,0.07678509327938327,
2025-09-14 16:40:23,ADAM_lr0.0003,ADAM,2,MNIST,180,train_iter,1.0069330930709839,0.000999408200132523,0.07407053657454625,1416.2144660949707
2025-09-14 16:40:24,ADAM_lr0.0003,ADAM,2,MNIST,181,train_eval,0.994169294834137,0.0009993933160131784,0.07407053657454625,
2025-09-14 16:40:24,ADAM_lr0.0003,ADAM,2,MNIST,181,val_eval,1.032959222793579,0.0009993933160131784,0.07407053657454625,
2025-09-14 16:40:25,ADAM_lr0.0003,ADAM,2,MNIST,182,train_eval,0.9903708696365356,0.0009993782471652167,0.07407053657454625,
2025-09-14 16:40:25,ADAM_lr0.0003,ADAM,2,MNIST,182,val_eval,1.0142533779144287,0.0009993782471652167,0.07407053657454625,
2025-09-14 16:40:27,ADAM_lr0.0003,ADAM,2,MNIST,183,train_eval,0.9763535857200623,0.0009993629935948318,0.07407053657454625,
2025-09-14 16:40:27,ADAM_lr0.0003,ADAM,2,MNIST,183,val_eval,1.0217642784118652,0.0009993629935948318,0.07407053657454625,
2025-09-14 16:40:27,ADAM_lr0.0003,ADAM,2,MNIST,184,train_eval,0.9946534037590027,0.0009993475553082944,0.07407053657454625,
2025-09-14 16:40:27,ADAM_lr0.0003,ADAM,2,MNIST,184,val_eval,1.0191333293914795,0.0009993475553082944,0.07407053657454625,
2025-09-14 16:40:28,ADAM_lr0.0003,ADAM,2,MNIST,185,train_eval,1.019982933998108,0.0009993319323119503,0.07407053657454625,
2025-09-14 16:40:28,ADAM_lr0.0003,ADAM,2,MNIST,185,val_eval,1.0107823610305786,0.0009993319323119503,0.07407053657454625,
2025-09-14 16:40:29,ADAM_lr0.0003,ADAM,2,MNIST,186,train_eval,0.9980471134185791,0.0009993161246122217,0.07407053657454625,
2025-09-14 16:40:29,ADAM_lr0.0003,ADAM,2,MNIST,186,val_eval,1.0055128335952759,0.0009993161246122217,0.07407053657454625,
2025-09-14 16:40:30,ADAM_lr0.0003,ADAM,2,MNIST,187,train_eval,0.9837568402290344,0.0009993001322156061,0.07407053657454625,
2025-09-14 16:40:30,ADAM_lr0.0003,ADAM,2,MNIST,187,val_eval,1.0062494277954102,0.0009993001322156061,0.07407053657454625,
2025-09-14 16:40:31,ADAM_lr0.0003,ADAM,2,MNIST,188,train_eval,1.0129196643829346,0.000999283955128678,0.07407053657454625,
2025-09-14 16:40:31,ADAM_lr0.0003,ADAM,2,MNIST,188,val_eval,1.001420259475708,0.000999283955128678,0.07407053657454625,
2025-09-14 16:40:32,ADAM_lr0.0003,ADAM,2,MNIST,189,train_eval,1.0005056858062744,0.000999267593358087,0.07407053657454625,
2025-09-14 16:40:32,ADAM_lr0.0003,ADAM,2,MNIST,189,val_eval,1.001192331314087,0.000999267593358087,0.07407053657454625,
2025-09-14 16:40:33,ADAM_lr0.0003,ADAM,2,MNIST,190,train_eval,0.9967433214187622,0.0009992510469105584,0.07407053657454625,
2025-09-14 16:40:33,ADAM_lr0.0003,ADAM,2,MNIST,190,val_eval,1.0012879371643066,0.0009992510469105584,0.07407053657454625,
2025-09-14 16:40:33,ADAM_lr0.0003,ADAM,2,MNIST,190,train_iter,1.17780339717865,0.0009992510469105584,0.07428514139817269,922.3742485046387
2025-09-14 16:40:34,ADAM_lr0.0003,ADAM,2,MNIST,191,train_eval,1.0059399604797363,0.000999234315792894,0.07428514139817269,
2025-09-14 16:40:34,ADAM_lr0.0003,ADAM,2,MNIST,191,val_eval,1.0113862752914429,0.000999234315792894,0.07428514139817269,
2025-09-14 16:40:35,ADAM_lr0.0003,ADAM,2,MNIST,192,train_eval,1.0089036226272583,0.0009992174000119718,0.07428514139817269,
2025-09-14 16:40:35,ADAM_lr0.0003,ADAM,2,MNIST,192,val_eval,1.0184348821640015,0.0009992174000119718,0.07428514139817269,
2025-09-14 16:40:36,ADAM_lr0.0003,ADAM,2,MNIST,193,train_eval,1.0000255107879639,0.0009992002995747448,0.07428514139817269,
2025-09-14 16:40:36,ADAM_lr0.0003,ADAM,2,MNIST,193,val_eval,1.0201292037963867,0.0009992002995747448,0.07428514139817269,
2025-09-14 16:40:37,ADAM_lr0.0003,ADAM,2,MNIST,194,train_eval,1.0025595426559448,0.0009991830144882423,0.07428514139817269,
2025-09-14 16:40:37,ADAM_lr0.0003,ADAM,2,MNIST,194,val_eval,1.0046051740646362,0.0009991830144882423,0.07428514139817269,
2025-09-14 16:40:38,ADAM_lr0.0003,ADAM,2,MNIST,195,train_eval,0.9966747760772705,0.0009991655447595697,0.07428514139817269,
2025-09-14 16:40:38,ADAM_lr0.0003,ADAM,2,MNIST,195,val_eval,1.0062450170516968,0.0009991655447595697,0.07428514139817269,
2025-09-14 16:40:39,ADAM_lr0.0003,ADAM,2,MNIST,196,train_eval,1.008014440536499,0.0009991478903959082,0.07428514139817269,
2025-09-14 16:40:39,ADAM_lr0.0003,ADAM,2,MNIST,196,val_eval,0.9942068457603455,0.0009991478903959082,0.07428514139817269,
2025-09-14 16:40:39,ADAM_lr0.0003,ADAM,2,MNIST,197,train_eval,0.9970590472221375,0.0009991300514045147,0.07428514139817269,
2025-09-14 16:40:39,ADAM_lr0.0003,ADAM,2,MNIST,197,val_eval,0.9889211058616638,0.0009991300514045147,0.07428514139817269,
2025-09-14 16:40:40,ADAM_lr0.0003,ADAM,2,MNIST,198,train_eval,0.988415002822876,0.0009991120277927223,0.07428514139817269,
2025-09-14 16:40:40,ADAM_lr0.0003,ADAM,2,MNIST,198,val_eval,1.0073812007904053,0.0009991120277927223,0.07428514139817269,
2025-09-14 16:40:41,ADAM_lr0.0003,ADAM,2,MNIST,199,train_eval,0.9823837876319885,0.0009990938195679395,0.07428514139817269,
2025-09-14 16:40:41,ADAM_lr0.0003,ADAM,2,MNIST,199,val_eval,1.0194768905639648,0.0009990938195679395,0.07428514139817269,
2025-09-14 16:40:42,ADAM_lr0.0003,ADAM,2,MNIST,200,train_eval,0.9576753377914429,0.0009990754267376514,0.07428514139817269,
2025-09-14 16:40:42,ADAM_lr0.0003,ADAM,2,MNIST,200,val_eval,0.9893644452095032,0.0009990754267376514,0.07428514139817269,
2025-09-14 16:42:43,ADAM_lr0.0003,ADAM,2,MNIST,200,train_iter,0.9439328908920288,0.0009990754267376514,0.0669143032803403,121888.11349868774
2025-09-14 16:42:56,ADAM_lr0.001,ADAM,2,MNIST,0,train_eval,4.741961479187012,9.900990099009901e-06,,
2025-09-14 16:42:56,ADAM_lr0.001,ADAM,2,MNIST,0,val_eval,4.73953104019165,9.900990099009901e-06,,
2025-09-14 16:45:06,ADAM_lr0.001,ADAM,2,MNIST,0,train_iter,4.819905757904053,9.900990099009901e-06,,135964.50233459473
2025-09-14 16:45:07,ADAM_lr0.001,ADAM,2,MNIST,1,train_eval,3.6468966007232666,1.9801980198019803e-05,,
2025-09-14 16:45:07,ADAM_lr0.001,ADAM,2,MNIST,1,val_eval,3.646822452545166,1.9801980198019803e-05,,
2025-09-14 16:45:09,ADAM_lr0.001,ADAM,2,MNIST,2,train_eval,2.3303062915802,2.9702970297029702e-05,,
2025-09-14 16:45:09,ADAM_lr0.001,ADAM,2,MNIST,2,val_eval,2.344357490539551,2.9702970297029702e-05,,
2025-09-14 16:45:10,ADAM_lr0.001,ADAM,2,MNIST,3,train_eval,1.7007778882980347,3.9603960396039605e-05,,
2025-09-14 16:45:10,ADAM_lr0.001,ADAM,2,MNIST,3,val_eval,1.7274484634399414,3.9603960396039605e-05,,
2025-09-14 16:45:11,ADAM_lr0.001,ADAM,2,MNIST,4,train_eval,1.5077247619628906,4.950495049504951e-05,,
2025-09-14 16:45:11,ADAM_lr0.001,ADAM,2,MNIST,4,val_eval,1.4863225221633911,4.950495049504951e-05,,
2025-09-14 16:45:13,ADAM_lr0.001,ADAM,2,MNIST,5,train_eval,1.4581304788589478,5.9405940594059404e-05,,
2025-09-14 16:45:13,ADAM_lr0.001,ADAM,2,MNIST,5,val_eval,1.4291385412216187,5.9405940594059404e-05,,
2025-09-14 16:45:14,ADAM_lr0.001,ADAM,2,MNIST,6,train_eval,1.430088996887207,6.930693069306931e-05,,
2025-09-14 16:45:14,ADAM_lr0.001,ADAM,2,MNIST,6,val_eval,1.4348570108413696,6.930693069306931e-05,,
2025-09-14 16:45:15,ADAM_lr0.001,ADAM,2,MNIST,7,train_eval,1.3275681734085083,7.920792079207921e-05,,
2025-09-14 16:45:15,ADAM_lr0.001,ADAM,2,MNIST,7,val_eval,1.3344296216964722,7.920792079207921e-05,,
2025-09-14 16:45:17,ADAM_lr0.001,ADAM,2,MNIST,8,train_eval,1.322812557220459,8.910891089108912e-05,,
2025-09-14 16:45:17,ADAM_lr0.001,ADAM,2,MNIST,8,val_eval,1.3130881786346436,8.910891089108912e-05,,
2025-09-14 16:45:18,ADAM_lr0.001,ADAM,2,MNIST,9,train_eval,1.2394986152648926,9.900990099009902e-05,,
2025-09-14 16:45:18,ADAM_lr0.001,ADAM,2,MNIST,9,val_eval,1.2354965209960938,9.900990099009902e-05,,
2025-09-14 16:45:19,ADAM_lr0.001,ADAM,2,MNIST,10,train_eval,1.1409960985183716,0.0001089108910891089,,
2025-09-14 16:45:19,ADAM_lr0.001,ADAM,2,MNIST,10,val_eval,1.1891577243804932,0.0001089108910891089,,
2025-09-14 16:45:19,ADAM_lr0.001,ADAM,2,MNIST,10,train_iter,1.0719718933105469,0.0001089108910891089,0.057242634445254376,1228.109359741211
2025-09-14 16:45:20,ADAM_lr0.001,ADAM,2,MNIST,11,train_eval,1.199425458908081,0.00011881188118811881,0.057242634445254376,
2025-09-14 16:45:20,ADAM_lr0.001,ADAM,2,MNIST,11,val_eval,1.2075167894363403,0.00011881188118811881,0.057242634445254376,
2025-09-14 16:45:22,ADAM_lr0.001,ADAM,2,MNIST,12,train_eval,1.1419614553451538,0.00012871287128712872,0.057242634445254376,
2025-09-14 16:45:22,ADAM_lr0.001,ADAM,2,MNIST,12,val_eval,1.1508357524871826,0.00012871287128712872,0.057242634445254376,
2025-09-14 16:45:23,ADAM_lr0.001,ADAM,2,MNIST,13,train_eval,1.2878402471542358,0.00013861386138613863,0.057242634445254376,
2025-09-14 16:45:23,ADAM_lr0.001,ADAM,2,MNIST,13,val_eval,1.2981736660003662,0.00013861386138613863,0.057242634445254376,
2025-09-14 16:45:24,ADAM_lr0.001,ADAM,2,MNIST,14,train_eval,1.272546410560608,0.0001485148514851485,0.057242634445254376,
2025-09-14 16:45:24,ADAM_lr0.001,ADAM,2,MNIST,14,val_eval,1.263136386871338,0.0001485148514851485,0.057242634445254376,
2025-09-14 16:45:25,ADAM_lr0.001,ADAM,2,MNIST,15,train_eval,1.1392450332641602,0.00015841584158415842,0.057242634445254376,
2025-09-14 16:45:25,ADAM_lr0.001,ADAM,2,MNIST,15,val_eval,1.1302281618118286,0.00015841584158415842,0.057242634445254376,
2025-09-14 16:45:26,ADAM_lr0.001,ADAM,2,MNIST,16,train_eval,1.1613181829452515,0.00016831683168316833,0.057242634445254376,
2025-09-14 16:45:26,ADAM_lr0.001,ADAM,2,MNIST,16,val_eval,1.1503223180770874,0.00016831683168316833,0.057242634445254376,
2025-09-14 16:45:27,ADAM_lr0.001,ADAM,2,MNIST,17,train_eval,1.116959810256958,0.00017821782178217824,0.057242634445254376,
2025-09-14 16:45:27,ADAM_lr0.001,ADAM,2,MNIST,17,val_eval,1.1274328231811523,0.00017821782178217824,0.057242634445254376,
2025-09-14 16:45:28,ADAM_lr0.001,ADAM,2,MNIST,18,train_eval,1.1103812456130981,0.00018811881188118812,0.057242634445254376,
2025-09-14 16:45:28,ADAM_lr0.001,ADAM,2,MNIST,18,val_eval,1.119553565979004,0.00018811881188118812,0.057242634445254376,
2025-09-14 16:45:30,ADAM_lr0.001,ADAM,2,MNIST,19,train_eval,1.092087984085083,0.00019801980198019803,0.057242634445254376,
2025-09-14 16:45:30,ADAM_lr0.001,ADAM,2,MNIST,19,val_eval,1.1310797929763794,0.00019801980198019803,0.057242634445254376,
2025-09-14 16:45:31,ADAM_lr0.001,ADAM,2,MNIST,20,train_eval,1.0893300771713257,0.00020792079207920794,0.057242634445254376,
2025-09-14 16:45:31,ADAM_lr0.001,ADAM,2,MNIST,20,val_eval,1.1242234706878662,0.00020792079207920794,0.057242634445254376,
2025-09-14 16:45:31,ADAM_lr0.001,ADAM,2,MNIST,20,train_iter,1.107511043548584,0.00020792079207920794,0.05947546315469975,883.4912776947021
2025-09-14 16:45:32,ADAM_lr0.001,ADAM,2,MNIST,21,train_eval,1.0806280374526978,0.0002178217821782178,0.05947546315469975,
2025-09-14 16:45:32,ADAM_lr0.001,ADAM,2,MNIST,21,val_eval,1.1143704652786255,0.0002178217821782178,0.05947546315469975,
2025-09-14 16:45:33,ADAM_lr0.001,ADAM,2,MNIST,22,train_eval,1.0757559537887573,0.0002277227722772277,0.05947546315469975,
2025-09-14 16:45:33,ADAM_lr0.001,ADAM,2,MNIST,22,val_eval,1.1068952083587646,0.0002277227722772277,0.05947546315469975,
2025-09-14 16:45:34,ADAM_lr0.001,ADAM,2,MNIST,23,train_eval,1.07749605178833,0.00023762376237623762,0.05947546315469975,
2025-09-14 16:45:34,ADAM_lr0.001,ADAM,2,MNIST,23,val_eval,1.1094383001327515,0.00023762376237623762,0.05947546315469975,
2025-09-14 16:45:35,ADAM_lr0.001,ADAM,2,MNIST,24,train_eval,1.0637927055358887,0.00024752475247524753,0.05947546315469975,
2025-09-14 16:45:35,ADAM_lr0.001,ADAM,2,MNIST,24,val_eval,1.1010438203811646,0.00024752475247524753,0.05947546315469975,
2025-09-14 16:45:37,ADAM_lr0.001,ADAM,2,MNIST,25,train_eval,1.1137800216674805,0.00025742574257425744,0.05947546315469975,
2025-09-14 16:45:37,ADAM_lr0.001,ADAM,2,MNIST,25,val_eval,1.1060374975204468,0.00025742574257425744,0.05947546315469975,
2025-09-14 16:45:38,ADAM_lr0.001,ADAM,2,MNIST,26,train_eval,1.103020429611206,0.00026732673267326735,0.05947546315469975,
2025-09-14 16:45:38,ADAM_lr0.001,ADAM,2,MNIST,26,val_eval,1.1214238405227661,0.00026732673267326735,0.05947546315469975,
2025-09-14 16:45:38,ADAM_lr0.001,ADAM,2,MNIST,27,train_eval,1.079967975616455,0.00027722772277227726,0.05947546315469975,
2025-09-14 16:45:38,ADAM_lr0.001,ADAM,2,MNIST,27,val_eval,1.0886409282684326,0.00027722772277227726,0.05947546315469975,
2025-09-14 16:45:40,ADAM_lr0.001,ADAM,2,MNIST,28,train_eval,1.1094244718551636,0.00028712871287128717,0.05947546315469975,
2025-09-14 16:45:40,ADAM_lr0.001,ADAM,2,MNIST,28,val_eval,1.1147814989089966,0.00028712871287128717,0.05947546315469975,
2025-09-14 16:45:41,ADAM_lr0.001,ADAM,2,MNIST,29,train_eval,1.112585425376892,0.000297029702970297,0.05947546315469975,
2025-09-14 16:45:41,ADAM_lr0.001,ADAM,2,MNIST,29,val_eval,1.1142396926879883,0.000297029702970297,0.05947546315469975,
2025-09-14 16:45:41,ADAM_lr0.001,ADAM,2,MNIST,30,train_eval,1.074832558631897,0.00030693069306930693,0.05947546315469975,
2025-09-14 16:45:41,ADAM_lr0.001,ADAM,2,MNIST,30,val_eval,1.0866076946258545,0.00030693069306930693,0.05947546315469975,
2025-09-14 16:45:42,ADAM_lr0.001,ADAM,2,MNIST,30,train_iter,1.2887742519378662,0.00030693069306930693,0.05970987211596251,1137.1841430664062
2025-09-14 16:45:43,ADAM_lr0.001,ADAM,2,MNIST,31,train_eval,1.080716609954834,0.00031683168316831684,0.05970987211596251,
2025-09-14 16:45:43,ADAM_lr0.001,ADAM,2,MNIST,31,val_eval,1.082638144493103,0.00031683168316831684,0.05970987211596251,
2025-09-14 16:45:44,ADAM_lr0.001,ADAM,2,MNIST,32,train_eval,1.0876673460006714,0.00032673267326732675,0.05970987211596251,
2025-09-14 16:45:44,ADAM_lr0.001,ADAM,2,MNIST,32,val_eval,1.085282802581787,0.00032673267326732675,0.05970987211596251,
2025-09-14 16:45:44,ADAM_lr0.001,ADAM,2,MNIST,33,train_eval,1.0661638975143433,0.00033663366336633666,0.05970987211596251,
2025-09-14 16:45:44,ADAM_lr0.001,ADAM,2,MNIST,33,val_eval,1.0755488872528076,0.00033663366336633666,0.05970987211596251,
2025-09-14 16:45:45,ADAM_lr0.001,ADAM,2,MNIST,34,train_eval,1.0491633415222168,0.00034653465346534657,0.05970987211596251,
2025-09-14 16:45:45,ADAM_lr0.001,ADAM,2,MNIST,34,val_eval,1.0452396869659424,0.00034653465346534657,0.05970987211596251,
2025-09-14 16:45:46,ADAM_lr0.001,ADAM,2,MNIST,35,train_eval,1.0620412826538086,0.0003564356435643565,0.05970987211596251,
2025-09-14 16:45:46,ADAM_lr0.001,ADAM,2,MNIST,35,val_eval,1.0613131523132324,0.0003564356435643565,0.05970987211596251,
2025-09-14 16:45:47,ADAM_lr0.001,ADAM,2,MNIST,36,train_eval,1.058597445487976,0.00036633663366336634,0.05970987211596251,
2025-09-14 16:45:47,ADAM_lr0.001,ADAM,2,MNIST,36,val_eval,1.0657321214675903,0.00036633663366336634,0.05970987211596251,
2025-09-14 16:45:48,ADAM_lr0.001,ADAM,2,MNIST,37,train_eval,1.0586729049682617,0.00037623762376237625,0.05970987211596251,
2025-09-14 16:45:48,ADAM_lr0.001,ADAM,2,MNIST,37,val_eval,1.041218638420105,0.00037623762376237625,0.05970987211596251,
2025-09-14 16:45:50,ADAM_lr0.001,ADAM,2,MNIST,38,train_eval,1.0606857538223267,0.00038613861386138616,0.05970987211596251,
2025-09-14 16:45:50,ADAM_lr0.001,ADAM,2,MNIST,38,val_eval,1.0552089214324951,0.00038613861386138616,0.05970987211596251,
2025-09-14 16:45:51,ADAM_lr0.001,ADAM,2,MNIST,39,train_eval,1.0535005331039429,0.00039603960396039607,0.05970987211596251,
2025-09-14 16:45:51,ADAM_lr0.001,ADAM,2,MNIST,39,val_eval,1.0440047979354858,0.00039603960396039607,0.05970987211596251,
2025-09-14 16:45:52,ADAM_lr0.001,ADAM,2,MNIST,40,train_eval,1.0565552711486816,0.000405940594059406,0.05970987211596251,
2025-09-14 16:45:52,ADAM_lr0.001,ADAM,2,MNIST,40,val_eval,1.0207414627075195,0.000405940594059406,0.05970987211596251,
2025-09-14 16:45:52,ADAM_lr0.001,ADAM,2,MNIST,40,train_iter,0.7933427691459656,0.000405940594059406,0.05923092975101652,1280.0371646881104
2025-09-14 16:45:53,ADAM_lr0.001,ADAM,2,MNIST,41,train_eval,1.0401300191879272,0.0004158415841584159,0.05923092975101652,
2025-09-14 16:45:53,ADAM_lr0.001,ADAM,2,MNIST,41,val_eval,1.0330798625946045,0.0004158415841584159,0.05923092975101652,
2025-09-14 16:45:55,ADAM_lr0.001,ADAM,2,MNIST,42,train_eval,1.04423189163208,0.0004257425742574258,0.05923092975101652,
2025-09-14 16:45:55,ADAM_lr0.001,ADAM,2,MNIST,42,val_eval,1.060892939567566,0.0004257425742574258,0.05923092975101652,
2025-09-14 16:45:56,ADAM_lr0.001,ADAM,2,MNIST,43,train_eval,1.0335832834243774,0.0004356435643564356,0.05923092975101652,
2025-09-14 16:45:56,ADAM_lr0.001,ADAM,2,MNIST,43,val_eval,1.023705005645752,0.0004356435643564356,0.05923092975101652,
2025-09-14 16:45:57,ADAM_lr0.001,ADAM,2,MNIST,44,train_eval,1.040066123008728,0.0004455445544554455,0.05923092975101652,
2025-09-14 16:45:57,ADAM_lr0.001,ADAM,2,MNIST,44,val_eval,1.028186321258545,0.0004455445544554455,0.05923092975101652,
2025-09-14 16:45:58,ADAM_lr0.001,ADAM,2,MNIST,45,train_eval,1.0726069211959839,0.0004554455445544554,0.05923092975101652,
2025-09-14 16:45:58,ADAM_lr0.001,ADAM,2,MNIST,45,val_eval,1.0526353120803833,0.0004554455445544554,0.05923092975101652,
2025-09-14 16:45:58,ADAM_lr0.001,ADAM,2,MNIST,46,train_eval,1.0326656103134155,0.0004653465346534653,0.05923092975101652,
2025-09-14 16:45:58,ADAM_lr0.001,ADAM,2,MNIST,46,val_eval,1.0297434329986572,0.0004653465346534653,0.05923092975101652,
2025-09-14 16:45:59,ADAM_lr0.001,ADAM,2,MNIST,47,train_eval,1.0314476490020752,0.00047524752475247524,0.05923092975101652,
2025-09-14 16:45:59,ADAM_lr0.001,ADAM,2,MNIST,47,val_eval,1.052011251449585,0.00047524752475247524,0.05923092975101652,
2025-09-14 16:46:00,ADAM_lr0.001,ADAM,2,MNIST,48,train_eval,1.0281050205230713,0.00048514851485148515,0.05923092975101652,
2025-09-14 16:46:00,ADAM_lr0.001,ADAM,2,MNIST,48,val_eval,1.02177095413208,0.00048514851485148515,0.05923092975101652,
2025-09-14 16:46:01,ADAM_lr0.001,ADAM,2,MNIST,49,train_eval,1.0236529111862183,0.0004950495049504951,0.05923092975101652,
2025-09-14 16:46:01,ADAM_lr0.001,ADAM,2,MNIST,49,val_eval,1.0211243629455566,0.0004950495049504951,0.05923092975101652,
2025-09-14 16:46:02,ADAM_lr0.001,ADAM,2,MNIST,50,train_eval,1.0120649337768555,0.000504950495049505,0.05923092975101652,
2025-09-14 16:46:02,ADAM_lr0.001,ADAM,2,MNIST,50,val_eval,1.0403189659118652,0.000504950495049505,0.05923092975101652,
2025-09-14 16:46:02,ADAM_lr0.001,ADAM,2,MNIST,50,train_iter,0.9362179636955261,0.000504950495049505,0.06115926312467224,895.3814506530762
2025-09-14 16:46:03,ADAM_lr0.001,ADAM,2,MNIST,51,train_eval,1.0312848091125488,0.0005148514851485149,0.06115926312467224,
2025-09-14 16:46:03,ADAM_lr0.001,ADAM,2,MNIST,51,val_eval,1.0540225505828857,0.0005148514851485149,0.06115926312467224,
2025-09-14 16:46:04,ADAM_lr0.001,ADAM,2,MNIST,52,train_eval,1.046412467956543,0.0005247524752475248,0.06115926312467224,
2025-09-14 16:46:04,ADAM_lr0.001,ADAM,2,MNIST,52,val_eval,1.0389686822891235,0.0005247524752475248,0.06115926312467224,
2025-09-14 16:46:05,ADAM_lr0.001,ADAM,2,MNIST,53,train_eval,1.0353670120239258,0.0005346534653465347,0.06115926312467224,
2025-09-14 16:46:05,ADAM_lr0.001,ADAM,2,MNIST,53,val_eval,1.0495058298110962,0.0005346534653465347,0.06115926312467224,
2025-09-14 16:46:06,ADAM_lr0.001,ADAM,2,MNIST,54,train_eval,1.0281141996383667,0.0005445544554455446,0.06115926312467224,
2025-09-14 16:46:06,ADAM_lr0.001,ADAM,2,MNIST,54,val_eval,1.0475760698318481,0.0005445544554455446,0.06115926312467224,
2025-09-14 16:46:07,ADAM_lr0.001,ADAM,2,MNIST,55,train_eval,1.030212640762329,0.0005544554455445545,0.06115926312467224,
2025-09-14 16:46:07,ADAM_lr0.001,ADAM,2,MNIST,55,val_eval,1.0272023677825928,0.0005544554455445545,0.06115926312467224,
2025-09-14 16:46:07,ADAM_lr0.001,ADAM,2,MNIST,56,train_eval,1.0414596796035767,0.0005643564356435644,0.06115926312467224,
2025-09-14 16:46:07,ADAM_lr0.001,ADAM,2,MNIST,56,val_eval,1.0184060335159302,0.0005643564356435644,0.06115926312467224,
2025-09-14 16:46:09,ADAM_lr0.001,ADAM,2,MNIST,57,train_eval,1.0352373123168945,0.0005742574257425743,0.06115926312467224,
2025-09-14 16:46:09,ADAM_lr0.001,ADAM,2,MNIST,57,val_eval,1.0277403593063354,0.0005742574257425743,0.06115926312467224,
2025-09-14 16:46:10,ADAM_lr0.001,ADAM,2,MNIST,58,train_eval,1.0194904804229736,0.0005841584158415842,0.06115926312467224,
2025-09-14 16:46:10,ADAM_lr0.001,ADAM,2,MNIST,58,val_eval,1.0145649909973145,0.0005841584158415842,0.06115926312467224,
2025-09-14 16:46:12,ADAM_lr0.001,ADAM,2,MNIST,59,train_eval,1.0091387033462524,0.000594059405940594,0.06115926312467224,
2025-09-14 16:46:12,ADAM_lr0.001,ADAM,2,MNIST,59,val_eval,1.0219550132751465,0.000594059405940594,0.06115926312467224,
2025-09-14 16:46:13,ADAM_lr0.001,ADAM,2,MNIST,60,train_eval,1.015574336051941,0.000603960396039604,0.06115926312467224,
2025-09-14 16:46:13,ADAM_lr0.001,ADAM,2,MNIST,60,val_eval,1.0269874334335327,0.000603960396039604,0.06115926312467224,
2025-09-14 16:46:13,ADAM_lr0.001,ADAM,2,MNIST,60,train_iter,1.0497066974639893,0.000603960396039604,0.06295741616802453,888.2930278778076
2025-09-14 16:46:14,ADAM_lr0.001,ADAM,2,MNIST,61,train_eval,1.0170865058898926,0.0006138613861386139,0.06295741616802453,
2025-09-14 16:46:14,ADAM_lr0.001,ADAM,2,MNIST,61,val_eval,1.014135479927063,0.0006138613861386139,0.06295741616802453,
2025-09-14 16:46:15,ADAM_lr0.001,ADAM,2,MNIST,62,train_eval,1.0102248191833496,0.0006237623762376238,0.06295741616802453,
2025-09-14 16:46:15,ADAM_lr0.001,ADAM,2,MNIST,62,val_eval,1.004950761795044,0.0006237623762376238,0.06295741616802453,
2025-09-14 16:46:16,ADAM_lr0.001,ADAM,2,MNIST,63,train_eval,1.0046048164367676,0.0006336633663366337,0.06295741616802453,
2025-09-14 16:46:16,ADAM_lr0.001,ADAM,2,MNIST,63,val_eval,1.0250660181045532,0.0006336633663366337,0.06295741616802453,
2025-09-14 16:46:17,ADAM_lr0.001,ADAM,2,MNIST,64,train_eval,1.0134962797164917,0.0006435643564356436,0.06295741616802453,
2025-09-14 16:46:17,ADAM_lr0.001,ADAM,2,MNIST,64,val_eval,1.0378295183181763,0.0006435643564356436,0.06295741616802453,
2025-09-14 16:46:18,ADAM_lr0.001,ADAM,2,MNIST,65,train_eval,1.025760531425476,0.0006534653465346535,0.06295741616802453,
2025-09-14 16:46:18,ADAM_lr0.001,ADAM,2,MNIST,65,val_eval,1.0390527248382568,0.0006534653465346535,0.06295741616802453,
2025-09-14 16:46:19,ADAM_lr0.001,ADAM,2,MNIST,66,train_eval,1.0339125394821167,0.0006633663366336634,0.06295741616802453,
2025-09-14 16:46:19,ADAM_lr0.001,ADAM,2,MNIST,66,val_eval,1.0407086610794067,0.0006633663366336634,0.06295741616802453,
2025-09-14 16:46:20,ADAM_lr0.001,ADAM,2,MNIST,67,train_eval,1.016936182975769,0.0006732673267326733,0.06295741616802453,
2025-09-14 16:46:20,ADAM_lr0.001,ADAM,2,MNIST,67,val_eval,1.018588900566101,0.0006732673267326733,0.06295741616802453,
2025-09-14 16:46:21,ADAM_lr0.001,ADAM,2,MNIST,68,train_eval,1.0256423950195312,0.0006831683168316832,0.06295741616802453,
2025-09-14 16:46:21,ADAM_lr0.001,ADAM,2,MNIST,68,val_eval,1.0175061225891113,0.0006831683168316832,0.06295741616802453,
2025-09-14 16:46:22,ADAM_lr0.001,ADAM,2,MNIST,69,train_eval,1.021198034286499,0.0006930693069306931,0.06295741616802453,
2025-09-14 16:46:22,ADAM_lr0.001,ADAM,2,MNIST,69,val_eval,1.0211032629013062,0.0006930693069306931,0.06295741616802453,
2025-09-14 16:46:23,ADAM_lr0.001,ADAM,2,MNIST,70,train_eval,1.0064102411270142,0.000702970297029703,0.06295741616802453,
2025-09-14 16:46:23,ADAM_lr0.001,ADAM,2,MNIST,70,val_eval,1.0178122520446777,0.000702970297029703,0.06295741616802453,
2025-09-14 16:46:23,ADAM_lr0.001,ADAM,2,MNIST,70,train_iter,0.9871500730514526,0.000702970297029703,0.06358917679329684,1014.7988796234131
2025-09-14 16:46:24,ADAM_lr0.001,ADAM,2,MNIST,71,train_eval,1.0238311290740967,0.000712871287128713,0.06358917679329684,
2025-09-14 16:46:24,ADAM_lr0.001,ADAM,2,MNIST,71,val_eval,1.0167570114135742,0.000712871287128713,0.06358917679329684,
2025-09-14 16:46:25,ADAM_lr0.001,ADAM,2,MNIST,72,train_eval,1.0109763145446777,0.0007227722772277228,0.06358917679329684,
2025-09-14 16:46:25,ADAM_lr0.001,ADAM,2,MNIST,72,val_eval,1.0052498579025269,0.0007227722772277228,0.06358917679329684,
2025-09-14 16:46:26,ADAM_lr0.001,ADAM,2,MNIST,73,train_eval,1.0220212936401367,0.0007326732673267327,0.06358917679329684,
2025-09-14 16:46:26,ADAM_lr0.001,ADAM,2,MNIST,73,val_eval,1.013667345046997,0.0007326732673267327,0.06358917679329684,
2025-09-14 16:46:26,ADAM_lr0.001,ADAM,2,MNIST,74,train_eval,1.0268841981887817,0.0007425742574257426,0.06358917679329684,
2025-09-14 16:46:26,ADAM_lr0.001,ADAM,2,MNIST,74,val_eval,1.0195658206939697,0.0007425742574257426,0.06358917679329684,
2025-09-14 16:46:27,ADAM_lr0.001,ADAM,2,MNIST,75,train_eval,1.015024185180664,0.0007524752475247525,0.06358917679329684,
2025-09-14 16:46:27,ADAM_lr0.001,ADAM,2,MNIST,75,val_eval,1.0243232250213623,0.0007524752475247525,0.06358917679329684,
2025-09-14 16:46:28,ADAM_lr0.001,ADAM,2,MNIST,76,train_eval,1.014543890953064,0.0007623762376237624,0.06358917679329684,
2025-09-14 16:46:28,ADAM_lr0.001,ADAM,2,MNIST,76,val_eval,1.03721284866333,0.0007623762376237624,0.06358917679329684,
2025-09-14 16:46:29,ADAM_lr0.001,ADAM,2,MNIST,77,train_eval,1.0203967094421387,0.0007722772277227723,0.06358917679329684,
2025-09-14 16:46:29,ADAM_lr0.001,ADAM,2,MNIST,77,val_eval,1.0283963680267334,0.0007722772277227723,0.06358917679329684,
2025-09-14 16:46:30,ADAM_lr0.001,ADAM,2,MNIST,78,train_eval,1.0196858644485474,0.0007821782178217822,0.06358917679329684,
2025-09-14 16:46:30,ADAM_lr0.001,ADAM,2,MNIST,78,val_eval,1.0041102170944214,0.0007821782178217822,0.06358917679329684,
2025-09-14 16:46:31,ADAM_lr0.001,ADAM,2,MNIST,79,train_eval,1.0088962316513062,0.0007920792079207921,0.06358917679329684,
2025-09-14 16:46:31,ADAM_lr0.001,ADAM,2,MNIST,79,val_eval,1.0347144603729248,0.0007920792079207921,0.06358917679329684,
2025-09-14 16:46:32,ADAM_lr0.001,ADAM,2,MNIST,80,train_eval,0.9995566606521606,0.000801980198019802,0.06358917679329684,
2025-09-14 16:46:32,ADAM_lr0.001,ADAM,2,MNIST,80,val_eval,1.0244345664978027,0.000801980198019802,0.06358917679329684,
2025-09-14 16:46:32,ADAM_lr0.001,ADAM,2,MNIST,80,train_iter,1.276951551437378,0.000801980198019802,0.06534882739896049,865.9188747406006
2025-09-14 16:46:33,ADAM_lr0.001,ADAM,2,MNIST,81,train_eval,1.0026684999465942,0.000811881188118812,0.06534882739896049,
2025-09-14 16:46:33,ADAM_lr0.001,ADAM,2,MNIST,81,val_eval,1.02021062374115,0.000811881188118812,0.06534882739896049,
2025-09-14 16:46:33,ADAM_lr0.001,ADAM,2,MNIST,82,train_eval,1.008854627609253,0.0008217821782178219,0.06534882739896049,
2025-09-14 16:46:33,ADAM_lr0.001,ADAM,2,MNIST,82,val_eval,0.9979662299156189,0.0008217821782178219,0.06534882739896049,
2025-09-14 16:46:35,ADAM_lr0.001,ADAM,2,MNIST,83,train_eval,1.0209273099899292,0.0008316831683168318,0.06534882739896049,
2025-09-14 16:46:35,ADAM_lr0.001,ADAM,2,MNIST,83,val_eval,1.0081382989883423,0.0008316831683168318,0.06534882739896049,
2025-09-14 16:46:36,ADAM_lr0.001,ADAM,2,MNIST,84,train_eval,1.0055009126663208,0.0008415841584158417,0.06534882739896049,
2025-09-14 16:46:36,ADAM_lr0.001,ADAM,2,MNIST,84,val_eval,1.0271551609039307,0.0008415841584158417,0.06534882739896049,
2025-09-14 16:46:37,ADAM_lr0.001,ADAM,2,MNIST,85,train_eval,1.0446195602416992,0.0008514851485148516,0.06534882739896049,
2025-09-14 16:46:37,ADAM_lr0.001,ADAM,2,MNIST,85,val_eval,1.0390700101852417,0.0008514851485148516,0.06534882739896049,
2025-09-14 16:46:37,ADAM_lr0.001,ADAM,2,MNIST,86,train_eval,1.0283912420272827,0.0008613861386138615,0.06534882739896049,
2025-09-14 16:46:37,ADAM_lr0.001,ADAM,2,MNIST,86,val_eval,1.0129685401916504,0.0008613861386138615,0.06534882739896049,
2025-09-14 16:46:38,ADAM_lr0.001,ADAM,2,MNIST,87,train_eval,1.032508373260498,0.0008712871287128712,0.06534882739896049,
2025-09-14 16:46:38,ADAM_lr0.001,ADAM,2,MNIST,87,val_eval,1.017218828201294,0.0008712871287128712,0.06534882739896049,
2025-09-14 16:46:39,ADAM_lr0.001,ADAM,2,MNIST,88,train_eval,1.0092254877090454,0.0008811881188118811,0.06534882739896049,
2025-09-14 16:46:39,ADAM_lr0.001,ADAM,2,MNIST,88,val_eval,1.0463001728057861,0.0008811881188118811,0.06534882739896049,
2025-09-14 16:46:40,ADAM_lr0.001,ADAM,2,MNIST,89,train_eval,1.0114104747772217,0.000891089108910891,0.06534882739896049,
2025-09-14 16:46:40,ADAM_lr0.001,ADAM,2,MNIST,89,val_eval,1.026741862297058,0.000891089108910891,0.06534882739896049,
2025-09-14 16:46:41,ADAM_lr0.001,ADAM,2,MNIST,90,train_eval,0.9913117289543152,0.0009009900990099009,0.06534882739896049,
2025-09-14 16:46:41,ADAM_lr0.001,ADAM,2,MNIST,90,val_eval,1.0143437385559082,0.0009009900990099009,0.06534882739896049,
2025-09-14 16:46:41,ADAM_lr0.001,ADAM,2,MNIST,90,train_iter,0.9346434473991394,0.0009009900990099009,0.0665352550213079,910.4700088500977
2025-09-14 16:46:42,ADAM_lr0.001,ADAM,2,MNIST,91,train_eval,1.000403881072998,0.0009108910891089108,0.0665352550213079,
2025-09-14 16:46:42,ADAM_lr0.001,ADAM,2,MNIST,91,val_eval,1.0155906677246094,0.0009108910891089108,0.0665352550213079,
2025-09-14 16:46:43,ADAM_lr0.001,ADAM,2,MNIST,92,train_eval,1.038255214691162,0.0009207920792079207,0.0665352550213079,
2025-09-14 16:46:43,ADAM_lr0.001,ADAM,2,MNIST,92,val_eval,1.0349464416503906,0.0009207920792079207,0.0665352550213079,
2025-09-14 16:46:44,ADAM_lr0.001,ADAM,2,MNIST,93,train_eval,1.029640793800354,0.0009306930693069307,0.0665352550213079,
2025-09-14 16:46:44,ADAM_lr0.001,ADAM,2,MNIST,93,val_eval,1.004271149635315,0.0009306930693069307,0.0665352550213079,
2025-09-14 16:46:45,ADAM_lr0.001,ADAM,2,MNIST,94,train_eval,1.017153263092041,0.0009405940594059406,0.0665352550213079,
2025-09-14 16:46:45,ADAM_lr0.001,ADAM,2,MNIST,94,val_eval,1.0432934761047363,0.0009405940594059406,0.0665352550213079,
2025-09-14 16:46:46,ADAM_lr0.001,ADAM,2,MNIST,95,train_eval,1.0268864631652832,0.0009504950495049505,0.0665352550213079,
2025-09-14 16:46:46,ADAM_lr0.001,ADAM,2,MNIST,95,val_eval,1.0165406465530396,0.0009504950495049505,0.0665352550213079,
2025-09-14 16:46:46,ADAM_lr0.001,ADAM,2,MNIST,96,train_eval,1.0367342233657837,0.0009603960396039604,0.0665352550213079,
2025-09-14 16:46:46,ADAM_lr0.001,ADAM,2,MNIST,96,val_eval,1.0413092374801636,0.0009603960396039604,0.0665352550213079,
2025-09-14 16:46:47,ADAM_lr0.001,ADAM,2,MNIST,97,train_eval,0.9921808838844299,0.0009702970297029703,0.0665352550213079,
2025-09-14 16:46:47,ADAM_lr0.001,ADAM,2,MNIST,97,val_eval,1.0173561573028564,0.0009702970297029703,0.0665352550213079,
2025-09-14 16:46:48,ADAM_lr0.001,ADAM,2,MNIST,98,train_eval,1.006420612335205,0.0009801980198019802,0.0665352550213079,
2025-09-14 16:46:48,ADAM_lr0.001,ADAM,2,MNIST,98,val_eval,1.0125505924224854,0.0009801980198019802,0.0665352550213079,
2025-09-14 16:46:49,ADAM_lr0.001,ADAM,2,MNIST,99,train_eval,1.0164480209350586,0.0009900990099009901,0.0665352550213079,
2025-09-14 16:46:49,ADAM_lr0.001,ADAM,2,MNIST,99,val_eval,1.027135968208313,0.0009900990099009901,0.0665352550213079,
2025-09-14 16:46:50,ADAM_lr0.001,ADAM,2,MNIST,100,train_eval,1.0063375234603882,0.001,0.0665352550213079,
2025-09-14 16:46:50,ADAM_lr0.001,ADAM,2,MNIST,100,val_eval,1.0189968347549438,0.001,0.0665352550213079,
2025-09-14 16:48:54,ADAM_lr0.001,ADAM,2,MNIST,100,train_iter,1.0866106748580933,0.001,0.05993797710373698,124983.52718353271
2025-09-14 16:48:55,ADAM_lr0.001,ADAM,2,MNIST,101,train_eval,1.0093903541564941,0.000999999907510999,0.05993797710373698,
2025-09-14 16:48:55,ADAM_lr0.001,ADAM,2,MNIST,101,val_eval,1.0417578220367432,0.000999999907510999,0.05993797710373698,
2025-09-14 16:48:56,ADAM_lr0.001,ADAM,2,MNIST,102,train_eval,1.0183380842208862,0.000999999630044034,0.05993797710373698,
2025-09-14 16:48:56,ADAM_lr0.001,ADAM,2,MNIST,102,val_eval,1.0166738033294678,0.000999999630044034,0.05993797710373698,
2025-09-14 16:48:57,ADAM_lr0.001,ADAM,2,MNIST,103,train_eval,1.0557489395141602,0.0009999991675992191,0.05993797710373698,
2025-09-14 16:48:57,ADAM_lr0.001,ADAM,2,MNIST,103,val_eval,1.0672792196273804,0.0009999991675992191,0.05993797710373698,
2025-09-14 16:48:58,ADAM_lr0.001,ADAM,2,MNIST,104,train_eval,1.0398467779159546,0.0009999985201767443,0.05993797710373698,
2025-09-14 16:48:58,ADAM_lr0.001,ADAM,2,MNIST,104,val_eval,1.0438519716262817,0.0009999985201767443,0.05993797710373698,
2025-09-14 16:48:59,ADAM_lr0.001,ADAM,2,MNIST,105,train_eval,1.016599178314209,0.000999997687776876,0.05993797710373698,
2025-09-14 16:48:59,ADAM_lr0.001,ADAM,2,MNIST,105,val_eval,1.006017804145813,0.000999997687776876,0.05993797710373698,
2025-09-14 16:48:59,ADAM_lr0.001,ADAM,2,MNIST,106,train_eval,1.0143613815307617,0.0009999966703999558,0.05993797710373698,
2025-09-14 16:48:59,ADAM_lr0.001,ADAM,2,MNIST,106,val_eval,1.0367313623428345,0.0009999966703999558,0.05993797710373698,
2025-09-14 16:49:00,ADAM_lr0.001,ADAM,2,MNIST,107,train_eval,1.0086268186569214,0.0009999954680464025,0.05993797710373698,
2025-09-14 16:49:00,ADAM_lr0.001,ADAM,2,MNIST,107,val_eval,1.0532138347625732,0.0009999954680464025,0.05993797710373698,
2025-09-14 16:49:01,ADAM_lr0.001,ADAM,2,MNIST,108,train_eval,1.029636025428772,0.00099999408071671,0.05993797710373698,
2025-09-14 16:49:01,ADAM_lr0.001,ADAM,2,MNIST,108,val_eval,1.028061032295227,0.00099999408071671,0.05993797710373698,
2025-09-14 16:49:02,ADAM_lr0.001,ADAM,2,MNIST,109,train_eval,1.0069694519042969,0.0009999925084114485,0.05993797710373698,
2025-09-14 16:49:02,ADAM_lr0.001,ADAM,2,MNIST,109,val_eval,1.0179355144500732,0.0009999925084114485,0.05993797710373698,
2025-09-14 16:49:03,ADAM_lr0.001,ADAM,2,MNIST,110,train_eval,1.0142351388931274,0.0009999907511312647,0.05993797710373698,
2025-09-14 16:49:03,ADAM_lr0.001,ADAM,2,MNIST,110,val_eval,1.026917576789856,0.0009999907511312647,0.05993797710373698,
2025-09-14 16:49:03,ADAM_lr0.001,ADAM,2,MNIST,110,train_iter,0.9936695098876953,0.0009999907511312647,0.06176083822790493,899.3639945983887
2025-09-14 16:49:04,ADAM_lr0.001,ADAM,2,MNIST,111,train_eval,0.994398832321167,0.0009999888088768807,0.06176083822790493,
2025-09-14 16:49:04,ADAM_lr0.001,ADAM,2,MNIST,111,val_eval,1.0094619989395142,0.0009999888088768807,0.06176083822790493,
2025-09-14 16:49:05,ADAM_lr0.001,ADAM,2,MNIST,112,train_eval,0.9916113018989563,0.000999986681649095,0.06176083822790493,
2025-09-14 16:49:05,ADAM_lr0.001,ADAM,2,MNIST,112,val_eval,1.0290725231170654,0.000999986681649095,0.06176083822790493,
2025-09-14 16:49:06,ADAM_lr0.001,ADAM,2,MNIST,113,train_eval,1.0305540561676025,0.0009999843694487819,0.06176083822790493,
2025-09-14 16:49:06,ADAM_lr0.001,ADAM,2,MNIST,113,val_eval,1.0610988140106201,0.0009999843694487819,0.06176083822790493,
2025-09-14 16:49:07,ADAM_lr0.001,ADAM,2,MNIST,114,train_eval,1.0378414392471313,0.000999981872276892,0.06176083822790493,
2025-09-14 16:49:07,ADAM_lr0.001,ADAM,2,MNIST,114,val_eval,1.0506904125213623,0.000999981872276892,0.06176083822790493,
2025-09-14 16:49:08,ADAM_lr0.001,ADAM,2,MNIST,115,train_eval,1.0262625217437744,0.0009999791901344516,0.06176083822790493,
2025-09-14 16:49:08,ADAM_lr0.001,ADAM,2,MNIST,115,val_eval,1.0363731384277344,0.0009999791901344516,0.06176083822790493,
2025-09-14 16:49:08,ADAM_lr0.001,ADAM,2,MNIST,116,train_eval,0.9986953139305115,0.0009999763230225634,0.06176083822790493,
2025-09-14 16:49:08,ADAM_lr0.001,ADAM,2,MNIST,116,val_eval,1.041610836982727,0.0009999763230225634,0.06176083822790493,
2025-09-14 16:49:09,ADAM_lr0.001,ADAM,2,MNIST,117,train_eval,1.039484977722168,0.0009999732709424058,0.06176083822790493,
2025-09-14 16:49:09,ADAM_lr0.001,ADAM,2,MNIST,117,val_eval,1.0210517644882202,0.0009999732709424058,0.06176083822790493,
2025-09-14 16:49:10,ADAM_lr0.001,ADAM,2,MNIST,118,train_eval,1.01515531539917,0.0009999700338952336,0.06176083822790493,
2025-09-14 16:49:10,ADAM_lr0.001,ADAM,2,MNIST,118,val_eval,1.0157276391983032,0.0009999700338952336,0.06176083822790493,
2025-09-14 16:49:11,ADAM_lr0.001,ADAM,2,MNIST,119,train_eval,1.0147056579589844,0.0009999666118823774,0.06176083822790493,
2025-09-14 16:49:11,ADAM_lr0.001,ADAM,2,MNIST,119,val_eval,1.0202198028564453,0.0009999666118823774,0.06176083822790493,
2025-09-14 16:49:12,ADAM_lr0.001,ADAM,2,MNIST,120,train_eval,1.0061535835266113,0.0009999630049052437,0.06176083822790493,
2025-09-14 16:49:12,ADAM_lr0.001,ADAM,2,MNIST,120,val_eval,1.0129472017288208,0.0009999630049052437,0.06176083822790493,
2025-09-14 16:49:12,ADAM_lr0.001,ADAM,2,MNIST,120,train_iter,0.9022083282470703,0.0009999630049052437,0.06338109673385245,901.707649230957
2025-09-14 16:49:13,ADAM_lr0.001,ADAM,2,MNIST,121,train_eval,1.0085082054138184,0.0009999592129653152,0.06338109673385245,
2025-09-14 16:49:13,ADAM_lr0.001,ADAM,2,MNIST,121,val_eval,1.0025136470794678,0.0009999592129653152,0.06338109673385245,
2025-09-14 16:49:14,ADAM_lr0.001,ADAM,2,MNIST,122,train_eval,1.0222355127334595,0.0009999552360641507,0.06338109673385245,
2025-09-14 16:49:14,ADAM_lr0.001,ADAM,2,MNIST,122,val_eval,1.0227630138397217,0.0009999552360641507,0.06338109673385245,
2025-09-14 16:49:15,ADAM_lr0.001,ADAM,2,MNIST,123,train_eval,1.0232746601104736,0.000999951074203385,0.06338109673385245,
2025-09-14 16:49:15,ADAM_lr0.001,ADAM,2,MNIST,123,val_eval,1.0351630449295044,0.000999951074203385,0.06338109673385245,
2025-09-14 16:49:15,ADAM_lr0.001,ADAM,2,MNIST,124,train_eval,1.0231807231903076,0.0009999467273847289,0.06338109673385245,
2025-09-14 16:49:15,ADAM_lr0.001,ADAM,2,MNIST,124,val_eval,1.024372935295105,0.0009999467273847289,0.06338109673385245,
2025-09-14 16:49:16,ADAM_lr0.001,ADAM,2,MNIST,125,train_eval,1.0290330648422241,0.000999942195609969,0.06338109673385245,
2025-09-14 16:49:16,ADAM_lr0.001,ADAM,2,MNIST,125,val_eval,1.0096243619918823,0.000999942195609969,0.06338109673385245,
2025-09-14 16:49:17,ADAM_lr0.001,ADAM,2,MNIST,126,train_eval,1.0181827545166016,0.0009999374788809685,0.06338109673385245,
2025-09-14 16:49:17,ADAM_lr0.001,ADAM,2,MNIST,126,val_eval,1.0108517408370972,0.0009999374788809685,0.06338109673385245,
2025-09-14 16:49:18,ADAM_lr0.001,ADAM,2,MNIST,127,train_eval,1.0137715339660645,0.0009999325771996657,0.06338109673385245,
2025-09-14 16:49:18,ADAM_lr0.001,ADAM,2,MNIST,127,val_eval,1.025699257850647,0.0009999325771996657,0.06338109673385245,
2025-09-14 16:49:18,ADAM_lr0.001,ADAM,2,MNIST,128,train_eval,1.0136611461639404,0.0009999274905680762,0.06338109673385245,
2025-09-14 16:49:18,ADAM_lr0.001,ADAM,2,MNIST,128,val_eval,1.0267891883850098,0.0009999274905680762,0.06338109673385245,
2025-09-14 16:49:19,ADAM_lr0.001,ADAM,2,MNIST,129,train_eval,1.0137954950332642,0.0009999222189882903,0.06338109673385245,
2025-09-14 16:49:19,ADAM_lr0.001,ADAM,2,MNIST,129,val_eval,1.0397083759307861,0.0009999222189882903,0.06338109673385245,
2025-09-14 16:49:20,ADAM_lr0.001,ADAM,2,MNIST,130,train_eval,1.0455176830291748,0.0009999167624624755,0.06338109673385245,
2025-09-14 16:49:20,ADAM_lr0.001,ADAM,2,MNIST,130,val_eval,1.0261807441711426,0.0009999167624624755,0.06338109673385245,
2025-09-14 16:49:20,ADAM_lr0.001,ADAM,2,MNIST,130,train_iter,1.1159586906433105,0.0009999167624624755,0.06637994781135288,752.9239654541016
2025-09-14 16:49:21,ADAM_lr0.001,ADAM,2,MNIST,131,train_eval,0.9844245910644531,0.0009999111209928744,0.06637994781135288,
2025-09-14 16:49:21,ADAM_lr0.001,ADAM,2,MNIST,131,val_eval,1.0248416662216187,0.0009999111209928744,0.06637994781135288,
2025-09-14 16:49:21,ADAM_lr0.001,ADAM,2,MNIST,132,train_eval,0.9807526469230652,0.000999905294581806,0.06637994781135288,
2025-09-14 16:49:21,ADAM_lr0.001,ADAM,2,MNIST,132,val_eval,1.0158240795135498,0.000999905294581806,0.06637994781135288,
2025-09-14 16:49:22,ADAM_lr0.001,ADAM,2,MNIST,133,train_eval,1.0030773878097534,0.0009998992832316654,0.06637994781135288,
2025-09-14 16:49:22,ADAM_lr0.001,ADAM,2,MNIST,133,val_eval,1.0192170143127441,0.0009998992832316654,0.06637994781135288,
2025-09-14 16:49:23,ADAM_lr0.001,ADAM,2,MNIST,134,train_eval,1.0059351921081543,0.0009998930869449237,0.06637994781135288,
2025-09-14 16:49:23,ADAM_lr0.001,ADAM,2,MNIST,134,val_eval,1.0203994512557983,0.0009998930869449237,0.06637994781135288,
2025-09-14 16:49:24,ADAM_lr0.001,ADAM,2,MNIST,135,train_eval,1.0002241134643555,0.000999886705724128,0.06637994781135288,
2025-09-14 16:49:24,ADAM_lr0.001,ADAM,2,MNIST,135,val_eval,1.0191737413406372,0.000999886705724128,0.06637994781135288,
2025-09-14 16:49:25,ADAM_lr0.001,ADAM,2,MNIST,136,train_eval,1.0007429122924805,0.0009998801395719012,0.06637994781135288,
2025-09-14 16:49:25,ADAM_lr0.001,ADAM,2,MNIST,136,val_eval,1.0267117023468018,0.0009998801395719012,0.06637994781135288,
2025-09-14 16:49:25,ADAM_lr0.001,ADAM,2,MNIST,137,train_eval,1.0098928213119507,0.0009998733884909424,0.06637994781135288,
2025-09-14 16:49:25,ADAM_lr0.001,ADAM,2,MNIST,137,val_eval,1.0034749507904053,0.0009998733884909424,0.06637994781135288,
2025-09-14 16:49:26,ADAM_lr0.001,ADAM,2,MNIST,138,train_eval,1.016024112701416,0.0009998664524840269,0.06637994781135288,
2025-09-14 16:49:26,ADAM_lr0.001,ADAM,2,MNIST,138,val_eval,1.0141924619674683,0.0009998664524840269,0.06637994781135288,
2025-09-14 16:49:27,ADAM_lr0.001,ADAM,2,MNIST,139,train_eval,0.9969760179519653,0.0009998593315540057,0.06637994781135288,
2025-09-14 16:49:27,ADAM_lr0.001,ADAM,2,MNIST,139,val_eval,1.0128580331802368,0.0009998593315540057,0.06637994781135288,
2025-09-14 16:49:28,ADAM_lr0.001,ADAM,2,MNIST,140,train_eval,0.9980313181877136,0.000999852025703806,0.06637994781135288,
2025-09-14 16:49:28,ADAM_lr0.001,ADAM,2,MNIST,140,val_eval,1.0058798789978027,0.000999852025703806,0.06637994781135288,
2025-09-14 16:49:28,ADAM_lr0.001,ADAM,2,MNIST,140,train_iter,0.9946686029434204,0.000999852025703806,0.06758620248461429,896.2006568908691
2025-09-14 16:49:29,ADAM_lr0.001,ADAM,2,MNIST,141,train_eval,0.9993220567703247,0.0009998445349364308,0.06758620248461429,
2025-09-14 16:49:29,ADAM_lr0.001,ADAM,2,MNIST,141,val_eval,1.0082883834838867,0.0009998445349364308,0.06758620248461429,
2025-09-14 16:49:30,ADAM_lr0.001,ADAM,2,MNIST,142,train_eval,0.9790221452713013,0.0009998368592549595,0.06758620248461429,
2025-09-14 16:49:30,ADAM_lr0.001,ADAM,2,MNIST,142,val_eval,0.9971275925636292,0.0009998368592549595,0.06758620248461429,
2025-09-14 16:49:32,ADAM_lr0.001,ADAM,2,MNIST,143,train_eval,1.000727653503418,0.000999828998662547,0.06758620248461429,
2025-09-14 16:49:32,ADAM_lr0.001,ADAM,2,MNIST,143,val_eval,0.997134804725647,0.000999828998662547,0.06758620248461429,
2025-09-14 16:49:33,ADAM_lr0.001,ADAM,2,MNIST,144,train_eval,0.9994555711746216,0.000999820953162425,0.06758620248461429,
2025-09-14 16:49:33,ADAM_lr0.001,ADAM,2,MNIST,144,val_eval,1.0012164115905762,0.000999820953162425,0.06758620248461429,
2025-09-14 16:49:33,ADAM_lr0.001,ADAM,2,MNIST,145,train_eval,1.0153306722640991,0.0009998127227579003,0.06758620248461429,
2025-09-14 16:49:33,ADAM_lr0.001,ADAM,2,MNIST,145,val_eval,1.0005285739898682,0.0009998127227579003,0.06758620248461429,
2025-09-14 16:49:34,ADAM_lr0.001,ADAM,2,MNIST,146,train_eval,1.002206802368164,0.000999804307452356,0.06758620248461429,
2025-09-14 16:49:34,ADAM_lr0.001,ADAM,2,MNIST,146,val_eval,1.0034499168395996,0.000999804307452356,0.06758620248461429,
2025-09-14 16:49:35,ADAM_lr0.001,ADAM,2,MNIST,147,train_eval,1.003599762916565,0.0009997957072492515,0.06758620248461429,
2025-09-14 16:49:35,ADAM_lr0.001,ADAM,2,MNIST,147,val_eval,1.0135703086853027,0.0009997957072492515,0.06758620248461429,
2025-09-14 16:49:36,ADAM_lr0.001,ADAM,2,MNIST,148,train_eval,1.0037171840667725,0.0009997869221521221,0.06758620248461429,
2025-09-14 16:49:36,ADAM_lr0.001,ADAM,2,MNIST,148,val_eval,1.0159368515014648,0.0009997869221521221,0.06758620248461429,
2025-09-14 16:49:37,ADAM_lr0.001,ADAM,2,MNIST,149,train_eval,1.0154259204864502,0.0009997779521645793,0.06758620248461429,
2025-09-14 16:49:37,ADAM_lr0.001,ADAM,2,MNIST,149,val_eval,1.0008841753005981,0.0009997779521645793,0.06758620248461429,
2025-09-14 16:49:38,ADAM_lr0.001,ADAM,2,MNIST,150,train_eval,0.9857620000839233,0.0009997687972903096,0.06758620248461429,
2025-09-14 16:49:38,ADAM_lr0.001,ADAM,2,MNIST,150,val_eval,1.0178217887878418,0.0009997687972903096,0.06758620248461429,
2025-09-14 16:49:38,ADAM_lr0.001,ADAM,2,MNIST,150,train_iter,0.9617888331413269,0.0009997687972903096,0.06869354453199084,893.7268257141113
2025-09-14 16:49:39,ADAM_lr0.001,ADAM,2,MNIST,151,train_eval,0.9866012334823608,0.0009997594575330766,0.06869354453199084,
2025-09-14 16:49:39,ADAM_lr0.001,ADAM,2,MNIST,151,val_eval,0.997027575969696,0.0009997594575330766,0.06869354453199084,
2025-09-14 16:49:40,ADAM_lr0.001,ADAM,2,MNIST,152,train_eval,1.0010125637054443,0.0009997499328967194,0.06869354453199084,
2025-09-14 16:49:40,ADAM_lr0.001,ADAM,2,MNIST,152,val_eval,0.9982733726501465,0.0009997499328967194,0.06869354453199084,
2025-09-14 16:49:41,ADAM_lr0.001,ADAM,2,MNIST,153,train_eval,1.0038355588912964,0.0009997402233851535,0.06869354453199084,
2025-09-14 16:49:41,ADAM_lr0.001,ADAM,2,MNIST,153,val_eval,1.0031347274780273,0.0009997402233851535,0.06869354453199084,
2025-09-14 16:49:42,ADAM_lr0.001,ADAM,2,MNIST,154,train_eval,0.9950268268585205,0.00099973032900237,0.06869354453199084,
2025-09-14 16:49:42,ADAM_lr0.001,ADAM,2,MNIST,154,val_eval,1.0093107223510742,0.00099973032900237,0.06869354453199084,
2025-09-14 16:49:43,ADAM_lr0.001,ADAM,2,MNIST,155,train_eval,1.0133458375930786,0.000999720249752436,0.06869354453199084,
2025-09-14 16:49:43,ADAM_lr0.001,ADAM,2,MNIST,155,val_eval,1.0263087749481201,0.000999720249752436,0.06869354453199084,
2025-09-14 16:49:44,ADAM_lr0.001,ADAM,2,MNIST,156,train_eval,1.0039851665496826,0.0009997099856394946,0.06869354453199084,
2025-09-14 16:49:44,ADAM_lr0.001,ADAM,2,MNIST,156,val_eval,1.0254367589950562,0.0009997099856394946,0.06869354453199084,
2025-09-14 16:49:45,ADAM_lr0.001,ADAM,2,MNIST,157,train_eval,0.9868476986885071,0.0009996995366677653,0.06869354453199084,
2025-09-14 16:49:45,ADAM_lr0.001,ADAM,2,MNIST,157,val_eval,0.9981601238250732,0.0009996995366677653,0.06869354453199084,
2025-09-14 16:49:46,ADAM_lr0.001,ADAM,2,MNIST,158,train_eval,1.0277490615844727,0.000999688902841543,0.06869354453199084,
2025-09-14 16:49:46,ADAM_lr0.001,ADAM,2,MNIST,158,val_eval,1.0308798551559448,0.000999688902841543,0.06869354453199084,
2025-09-14 16:49:47,ADAM_lr0.001,ADAM,2,MNIST,159,train_eval,1.0025745630264282,0.000999678084165199,0.06869354453199084,
2025-09-14 16:49:47,ADAM_lr0.001,ADAM,2,MNIST,159,val_eval,1.013552188873291,0.000999678084165199,0.06869354453199084,
2025-09-14 16:49:48,ADAM_lr0.001,ADAM,2,MNIST,160,train_eval,1.0142802000045776,0.0009996670806431804,0.06869354453199084,
2025-09-14 16:49:48,ADAM_lr0.001,ADAM,2,MNIST,160,val_eval,1.0160927772521973,0.0009996670806431804,0.06869354453199084,
2025-09-14 16:49:48,ADAM_lr0.001,ADAM,2,MNIST,160,train_iter,0.8487975001335144,0.0009996670806431804,0.06902925236991064,975.7058620452881
2025-09-14 16:49:48,ADAM_lr0.001,ADAM,2,MNIST,161,train_eval,1.0227755308151245,0.0009996558922800104,0.06902925236991064,
2025-09-14 16:49:48,ADAM_lr0.001,ADAM,2,MNIST,161,val_eval,1.0071136951446533,0.0009996558922800104,0.06902925236991064,
2025-09-14 16:49:49,ADAM_lr0.001,ADAM,2,MNIST,162,train_eval,0.9977970123291016,0.0009996445190802881,0.06902925236991064,
2025-09-14 16:49:49,ADAM_lr0.001,ADAM,2,MNIST,162,val_eval,0.9991822242736816,0.0009996445190802881,0.06902925236991064,
2025-09-14 16:49:50,ADAM_lr0.001,ADAM,2,MNIST,163,train_eval,1.022351622581482,0.0009996329610486886,0.06902925236991064,
2025-09-14 16:49:50,ADAM_lr0.001,ADAM,2,MNIST,163,val_eval,0.9875888228416443,0.0009996329610486886,0.06902925236991064,
2025-09-14 16:49:52,ADAM_lr0.001,ADAM,2,MNIST,164,train_eval,1.0170704126358032,0.0009996212181899629,0.06902925236991064,
2025-09-14 16:49:52,ADAM_lr0.001,ADAM,2,MNIST,164,val_eval,0.9852875471115112,0.0009996212181899629,0.06902925236991064,
2025-09-14 16:49:53,ADAM_lr0.001,ADAM,2,MNIST,165,train_eval,1.0018752813339233,0.000999609290508938,0.06902925236991064,
2025-09-14 16:49:53,ADAM_lr0.001,ADAM,2,MNIST,165,val_eval,1.0093121528625488,0.000999609290508938,0.06902925236991064,
2025-09-14 16:49:54,ADAM_lr0.001,ADAM,2,MNIST,166,train_eval,1.006535291671753,0.000999597178010517,0.06902925236991064,
2025-09-14 16:49:54,ADAM_lr0.001,ADAM,2,MNIST,166,val_eval,1.0155766010284424,0.000999597178010517,0.06902925236991064,
2025-09-14 16:49:55,ADAM_lr0.001,ADAM,2,MNIST,167,train_eval,1.0172234773635864,0.000999584880699679,0.06902925236991064,
2025-09-14 16:49:55,ADAM_lr0.001,ADAM,2,MNIST,167,val_eval,1.0169291496276855,0.000999584880699679,0.06902925236991064,
2025-09-14 16:49:55,ADAM_lr0.001,ADAM,2,MNIST,168,train_eval,1.005556344985962,0.0009995723985814788,0.06902925236991064,
2025-09-14 16:49:55,ADAM_lr0.001,ADAM,2,MNIST,168,val_eval,1.006190299987793,0.0009995723985814788,0.06902925236991064,
2025-09-14 16:49:56,ADAM_lr0.001,ADAM,2,MNIST,169,train_eval,1.0056450366973877,0.0009995597316610474,0.06902925236991064,
2025-09-14 16:49:56,ADAM_lr0.001,ADAM,2,MNIST,169,val_eval,1.0032670497894287,0.0009995597316610474,0.06902925236991064,
2025-09-14 16:49:57,ADAM_lr0.001,ADAM,2,MNIST,170,train_eval,0.997107982635498,0.0009995468799435915,0.06902925236991064,
2025-09-14 16:49:57,ADAM_lr0.001,ADAM,2,MNIST,170,val_eval,0.9945316910743713,0.0009995468799435915,0.06902925236991064,
2025-09-14 16:49:57,ADAM_lr0.001,ADAM,2,MNIST,170,train_iter,1.3988850116729736,0.0009995468799435915,0.07000994077594239,891.7257785797119
2025-09-14 16:49:58,ADAM_lr0.001,ADAM,2,MNIST,171,train_eval,1.0098719596862793,0.0009995338434343943,0.07000994077594239,
2025-09-14 16:49:58,ADAM_lr0.001,ADAM,2,MNIST,171,val_eval,0.9925978183746338,0.0009995338434343943,0.07000994077594239,
2025-09-14 16:49:59,ADAM_lr0.001,ADAM,2,MNIST,172,train_eval,0.9995640516281128,0.0009995206221388145,0.07000994077594239,
2025-09-14 16:49:59,ADAM_lr0.001,ADAM,2,MNIST,172,val_eval,1.0025842189788818,0.0009995206221388145,0.07000994077594239,
2025-09-14 16:50:00,ADAM_lr0.001,ADAM,2,MNIST,173,train_eval,0.992264986038208,0.0009995072160622865,0.07000994077594239,
2025-09-14 16:50:00,ADAM_lr0.001,ADAM,2,MNIST,173,val_eval,0.9868534803390503,0.0009995072160622865,0.07000994077594239,
2025-09-14 16:50:01,ADAM_lr0.001,ADAM,2,MNIST,174,train_eval,1.0030741691589355,0.0009994936252103218,0.07000994077594239,
2025-09-14 16:50:01,ADAM_lr0.001,ADAM,2,MNIST,174,val_eval,1.0040278434753418,0.0009994936252103218,0.07000994077594239,
2025-09-14 16:50:02,ADAM_lr0.001,ADAM,2,MNIST,175,train_eval,0.9789720177650452,0.0009994798495885063,0.07000994077594239,
2025-09-14 16:50:02,ADAM_lr0.001,ADAM,2,MNIST,175,val_eval,0.9884234666824341,0.0009994798495885063,0.07000994077594239,
2025-09-14 16:50:03,ADAM_lr0.001,ADAM,2,MNIST,176,train_eval,1.0108734369277954,0.000999465889202503,0.07000994077594239,
2025-09-14 16:50:03,ADAM_lr0.001,ADAM,2,MNIST,176,val_eval,1.0009938478469849,0.000999465889202503,0.07000994077594239,
2025-09-14 16:50:03,ADAM_lr0.001,ADAM,2,MNIST,177,train_eval,1.0176457166671753,0.0009994517440580508,0.07000994077594239,
2025-09-14 16:50:03,ADAM_lr0.001,ADAM,2,MNIST,177,val_eval,1.0002180337905884,0.0009994517440580508,0.07000994077594239,
2025-09-14 16:50:04,ADAM_lr0.001,ADAM,2,MNIST,178,train_eval,0.9983869791030884,0.0009994374141609635,0.07000994077594239,
2025-09-14 16:50:04,ADAM_lr0.001,ADAM,2,MNIST,178,val_eval,1.0135042667388916,0.0009994374141609635,0.07000994077594239,
2025-09-14 16:50:05,ADAM_lr0.001,ADAM,2,MNIST,179,train_eval,0.9892148375511169,0.0009994228995171322,0.07000994077594239,
2025-09-14 16:50:05,ADAM_lr0.001,ADAM,2,MNIST,179,val_eval,0.9922020435333252,0.0009994228995171322,0.07000994077594239,
2025-09-14 16:50:06,ADAM_lr0.001,ADAM,2,MNIST,180,train_eval,0.9720591902732849,0.000999408200132523,0.07000994077594239,
2025-09-14 16:50:06,ADAM_lr0.001,ADAM,2,MNIST,180,val_eval,0.9927679300308228,0.000999408200132523,0.07000994077594239,
2025-09-14 16:50:06,ADAM_lr0.001,ADAM,2,MNIST,180,train_iter,1.00450599193573,0.000999408200132523,0.07273133428671487,723.0756282806396
2025-09-14 16:50:06,ADAM_lr0.001,ADAM,2,MNIST,181,train_eval,0.9958685040473938,0.0009993933160131784,0.07273133428671487,
2025-09-14 16:50:06,ADAM_lr0.001,ADAM,2,MNIST,181,val_eval,1.0351133346557617,0.0009993933160131784,0.07273133428671487,
2025-09-14 16:50:07,ADAM_lr0.001,ADAM,2,MNIST,182,train_eval,0.994661808013916,0.0009993782471652167,0.07273133428671487,
2025-09-14 16:50:07,ADAM_lr0.001,ADAM,2,MNIST,182,val_eval,1.0178205966949463,0.0009993782471652167,0.07273133428671487,
2025-09-14 16:50:08,ADAM_lr0.001,ADAM,2,MNIST,183,train_eval,0.9794564843177795,0.0009993629935948318,0.07273133428671487,
2025-09-14 16:50:08,ADAM_lr0.001,ADAM,2,MNIST,183,val_eval,1.0254147052764893,0.0009993629935948318,0.07273133428671487,
2025-09-14 16:50:09,ADAM_lr0.001,ADAM,2,MNIST,184,train_eval,0.9949134588241577,0.0009993475553082944,0.07273133428671487,
2025-09-14 16:50:09,ADAM_lr0.001,ADAM,2,MNIST,184,val_eval,1.0193676948547363,0.0009993475553082944,0.07273133428671487,
2025-09-14 16:50:10,ADAM_lr0.001,ADAM,2,MNIST,185,train_eval,1.0181268453598022,0.0009993319323119503,0.07273133428671487,
2025-09-14 16:50:10,ADAM_lr0.001,ADAM,2,MNIST,185,val_eval,1.0094513893127441,0.0009993319323119503,0.07273133428671487,
2025-09-14 16:50:11,ADAM_lr0.001,ADAM,2,MNIST,186,train_eval,0.9979760050773621,0.0009993161246122217,0.07273133428671487,
2025-09-14 16:50:11,ADAM_lr0.001,ADAM,2,MNIST,186,val_eval,1.005359172821045,0.0009993161246122217,0.07273133428671487,
2025-09-14 16:50:12,ADAM_lr0.001,ADAM,2,MNIST,187,train_eval,0.9810272455215454,0.0009993001322156061,0.07273133428671487,
2025-09-14 16:50:12,ADAM_lr0.001,ADAM,2,MNIST,187,val_eval,1.0028126239776611,0.0009993001322156061,0.07273133428671487,
2025-09-14 16:50:13,ADAM_lr0.001,ADAM,2,MNIST,188,train_eval,1.0090641975402832,0.000999283955128678,0.07273133428671487,
2025-09-14 16:50:13,ADAM_lr0.001,ADAM,2,MNIST,188,val_eval,0.997646689414978,0.000999283955128678,0.07273133428671487,
2025-09-14 16:50:13,ADAM_lr0.001,ADAM,2,MNIST,189,train_eval,0.9984667897224426,0.000999267593358087,0.07273133428671487,
2025-09-14 16:50:13,ADAM_lr0.001,ADAM,2,MNIST,189,val_eval,0.9986640214920044,0.000999267593358087,0.07273133428671487,
2025-09-14 16:50:14,ADAM_lr0.001,ADAM,2,MNIST,190,train_eval,0.9978258013725281,0.0009992510469105584,0.07273133428671487,
2025-09-14 16:50:14,ADAM_lr0.001,ADAM,2,MNIST,190,val_eval,1.0031334161758423,0.0009992510469105584,0.07273133428671487,
2025-09-14 16:50:14,ADAM_lr0.001,ADAM,2,MNIST,190,train_iter,1.1762466430664062,0.0009992510469105584,0.07278565454976126,959.4085216522217
2025-09-14 16:50:15,ADAM_lr0.001,ADAM,2,MNIST,191,train_eval,1.007315754890442,0.000999234315792894,0.07278565454976126,
2025-09-14 16:50:15,ADAM_lr0.001,ADAM,2,MNIST,191,val_eval,1.0128291845321655,0.000999234315792894,0.07278565454976126,
2025-09-14 16:50:16,ADAM_lr0.001,ADAM,2,MNIST,192,train_eval,1.0069234371185303,0.0009992174000119718,0.07278565454976126,
2025-09-14 16:50:16,ADAM_lr0.001,ADAM,2,MNIST,192,val_eval,1.016170620918274,0.0009992174000119718,0.07278565454976126,
2025-09-14 16:50:17,ADAM_lr0.001,ADAM,2,MNIST,193,train_eval,0.9962927103042603,0.0009992002995747448,0.07278565454976126,
2025-09-14 16:50:17,ADAM_lr0.001,ADAM,2,MNIST,193,val_eval,1.0165855884552002,0.0009992002995747448,0.07278565454976126,
2025-09-14 16:50:18,ADAM_lr0.001,ADAM,2,MNIST,194,train_eval,1.0003807544708252,0.0009991830144882423,0.07278565454976126,
2025-09-14 16:50:18,ADAM_lr0.001,ADAM,2,MNIST,194,val_eval,1.0025146007537842,0.0009991830144882423,0.07278565454976126,
2025-09-14 16:50:19,ADAM_lr0.001,ADAM,2,MNIST,195,train_eval,0.9943057298660278,0.0009991655447595697,0.07278565454976126,
2025-09-14 16:50:19,ADAM_lr0.001,ADAM,2,MNIST,195,val_eval,1.004225730895996,0.0009991655447595697,0.07278565454976126,
2025-09-14 16:50:20,ADAM_lr0.001,ADAM,2,MNIST,196,train_eval,1.0042098760604858,0.0009991478903959082,0.07278565454976126,
2025-09-14 16:50:20,ADAM_lr0.001,ADAM,2,MNIST,196,val_eval,0.9908155798912048,0.0009991478903959082,0.07278565454976126,
2025-09-14 16:50:21,ADAM_lr0.001,ADAM,2,MNIST,197,train_eval,0.9922564625740051,0.0009991300514045147,0.07278565454976126,
2025-09-14 16:50:21,ADAM_lr0.001,ADAM,2,MNIST,197,val_eval,0.9848687648773193,0.0009991300514045147,0.07278565454976126,
2025-09-14 16:50:23,ADAM_lr0.001,ADAM,2,MNIST,198,train_eval,0.983123242855072,0.0009991120277927223,0.07278565454976126,
2025-09-14 16:50:23,ADAM_lr0.001,ADAM,2,MNIST,198,val_eval,1.00324285030365,0.0009991120277927223,0.07278565454976126,
2025-09-14 16:50:23,ADAM_lr0.001,ADAM,2,MNIST,199,train_eval,0.9794237613677979,0.0009990938195679395,0.07278565454976126,
2025-09-14 16:50:23,ADAM_lr0.001,ADAM,2,MNIST,199,val_eval,1.0159207582473755,0.0009990938195679395,0.07278565454976126,
2025-09-14 16:50:24,ADAM_lr0.001,ADAM,2,MNIST,200,train_eval,0.9562557339668274,0.0009990754267376514,0.07278565454976126,
2025-09-14 16:50:24,ADAM_lr0.001,ADAM,2,MNIST,200,val_eval,0.9879534840583801,0.0009990754267376514,0.07278565454976126,
2025-09-14 16:52:32,ADAM_lr0.001,ADAM,2,MNIST,200,train_iter,0.9395502805709839,0.0009990754267376514,0.06556175614963364,128597.0413684845
2025-09-14 16:52:40,ADAMW_lr0.0003,ADAMW,2,MNIST,0,train_eval,4.741961479187012,9.900990099009901e-06,,
2025-09-14 16:52:40,ADAMW_lr0.0003,ADAMW,2,MNIST,0,val_eval,4.73953104019165,9.900990099009901e-06,,
2025-09-14 16:53:14,ADAMW_lr0.0003,ADAMW,2,MNIST,0,train_iter,4.819905757904053,9.900990099009901e-06,,35713.85073661804
2025-09-14 16:53:14,ADAMW_lr0.0003,ADAMW,2,MNIST,1,train_eval,3.6468966007232666,1.9801980198019803e-05,,
2025-09-14 16:53:14,ADAMW_lr0.0003,ADAMW,2,MNIST,1,val_eval,3.646822929382324,1.9801980198019803e-05,,
2025-09-14 16:53:15,ADAMW_lr0.0003,ADAMW,2,MNIST,2,train_eval,2.3303070068359375,2.9702970297029702e-05,,
2025-09-14 16:53:15,ADAMW_lr0.0003,ADAMW,2,MNIST,2,val_eval,2.344357490539551,2.9702970297029702e-05,,
2025-09-14 16:53:16,ADAMW_lr0.0003,ADAMW,2,MNIST,3,train_eval,1.700777292251587,3.9603960396039605e-05,,
2025-09-14 16:53:16,ADAMW_lr0.0003,ADAMW,2,MNIST,3,val_eval,1.727448582649231,3.9603960396039605e-05,,
2025-09-14 16:53:18,ADAMW_lr0.0003,ADAMW,2,MNIST,4,train_eval,1.5077248811721802,4.950495049504951e-05,,
2025-09-14 16:53:18,ADAMW_lr0.0003,ADAMW,2,MNIST,4,val_eval,1.4863221645355225,4.950495049504951e-05,,
2025-09-14 16:53:19,ADAMW_lr0.0003,ADAMW,2,MNIST,5,train_eval,1.4581657648086548,5.9405940594059404e-05,,
2025-09-14 16:53:19,ADAMW_lr0.0003,ADAMW,2,MNIST,5,val_eval,1.4291688203811646,5.9405940594059404e-05,,
2025-09-14 16:53:21,ADAMW_lr0.0003,ADAMW,2,MNIST,6,train_eval,1.430086612701416,6.930693069306931e-05,,
2025-09-14 16:53:21,ADAMW_lr0.0003,ADAMW,2,MNIST,6,val_eval,1.4348516464233398,6.930693069306931e-05,,
2025-09-14 16:53:21,ADAMW_lr0.0003,ADAMW,2,MNIST,7,train_eval,1.327589511871338,7.920792079207921e-05,,
2025-09-14 16:53:21,ADAMW_lr0.0003,ADAMW,2,MNIST,7,val_eval,1.3344552516937256,7.920792079207921e-05,,
2025-09-14 16:53:23,ADAMW_lr0.0003,ADAMW,2,MNIST,8,train_eval,1.3228131532669067,8.910891089108912e-05,,
2025-09-14 16:53:23,ADAMW_lr0.0003,ADAMW,2,MNIST,8,val_eval,1.3130966424942017,8.910891089108912e-05,,
2025-09-14 16:53:24,ADAMW_lr0.0003,ADAMW,2,MNIST,9,train_eval,1.2394970655441284,9.900990099009902e-05,,
2025-09-14 16:53:24,ADAMW_lr0.0003,ADAMW,2,MNIST,9,val_eval,1.2354896068572998,9.900990099009902e-05,,
2025-09-14 16:53:26,ADAMW_lr0.0003,ADAMW,2,MNIST,10,train_eval,1.1410595178604126,0.0001089108910891089,,
2025-09-14 16:53:26,ADAMW_lr0.0003,ADAMW,2,MNIST,10,val_eval,1.1892307996749878,0.0001089108910891089,,
2025-09-14 16:53:26,ADAMW_lr0.0003,ADAMW,2,MNIST,10,train_iter,1.0719785690307617,0.0001089108910891089,0.04570770146344859,1538.038730621338
2025-09-14 16:53:27,ADAMW_lr0.0003,ADAMW,2,MNIST,11,train_eval,1.1996378898620605,0.00011881188118811881,0.04570770146344859,
2025-09-14 16:53:27,ADAMW_lr0.0003,ADAMW,2,MNIST,11,val_eval,1.2077351808547974,0.00011881188118811881,0.04570770146344859,
2025-09-14 16:53:28,ADAMW_lr0.0003,ADAMW,2,MNIST,12,train_eval,1.142067313194275,0.00012871287128712872,0.04570770146344859,
2025-09-14 16:53:28,ADAMW_lr0.0003,ADAMW,2,MNIST,12,val_eval,1.1509343385696411,0.00012871287128712872,0.04570770146344859,
2025-09-14 16:53:30,ADAMW_lr0.0003,ADAMW,2,MNIST,13,train_eval,1.2881428003311157,0.00013861386138613863,0.04570770146344859,
2025-09-14 16:53:30,ADAMW_lr0.0003,ADAMW,2,MNIST,13,val_eval,1.2984657287597656,0.00013861386138613863,0.04570770146344859,
2025-09-14 16:53:30,ADAMW_lr0.0003,ADAMW,2,MNIST,14,train_eval,1.2738929986953735,0.0001485148514851485,0.04570770146344859,
2025-09-14 16:53:30,ADAMW_lr0.0003,ADAMW,2,MNIST,14,val_eval,1.2644456624984741,0.0001485148514851485,0.04570770146344859,
2025-09-14 16:53:31,ADAMW_lr0.0003,ADAMW,2,MNIST,15,train_eval,1.138972520828247,0.00015841584158415842,0.04570770146344859,
2025-09-14 16:53:31,ADAMW_lr0.0003,ADAMW,2,MNIST,15,val_eval,1.129968285560608,0.00015841584158415842,0.04570770146344859,
2025-09-14 16:53:33,ADAMW_lr0.0003,ADAMW,2,MNIST,16,train_eval,1.1663594245910645,0.00016831683168316833,0.04570770146344859,
2025-09-14 16:53:33,ADAMW_lr0.0003,ADAMW,2,MNIST,16,val_eval,1.155329704284668,0.00016831683168316833,0.04570770146344859,
2025-09-14 16:53:34,ADAMW_lr0.0003,ADAMW,2,MNIST,17,train_eval,1.1233536005020142,0.00017821782178217824,0.04570770146344859,
2025-09-14 16:53:34,ADAMW_lr0.0003,ADAMW,2,MNIST,17,val_eval,1.1339354515075684,0.00017821782178217824,0.04570770146344859,
2025-09-14 16:53:35,ADAMW_lr0.0003,ADAMW,2,MNIST,18,train_eval,1.1057398319244385,0.00018811881188118812,0.04570770146344859,
2025-09-14 16:53:35,ADAMW_lr0.0003,ADAMW,2,MNIST,18,val_eval,1.1148622035980225,0.00018811881188118812,0.04570770146344859,
2025-09-14 16:53:36,ADAMW_lr0.0003,ADAMW,2,MNIST,19,train_eval,1.088605284690857,0.00019801980198019803,0.04570770146344859,
2025-09-14 16:53:36,ADAMW_lr0.0003,ADAMW,2,MNIST,19,val_eval,1.1274179220199585,0.00019801980198019803,0.04570770146344859,
2025-09-14 16:53:37,ADAMW_lr0.0003,ADAMW,2,MNIST,20,train_eval,1.085714340209961,0.00020792079207920794,0.04570770146344859,
2025-09-14 16:53:37,ADAMW_lr0.0003,ADAMW,2,MNIST,20,val_eval,1.1208935976028442,0.00020792079207920794,0.04570770146344859,
2025-09-14 16:53:37,ADAMW_lr0.0003,ADAMW,2,MNIST,20,train_iter,1.1020662784576416,0.00020792079207920794,0.05042880957296211,756.5770149230957
2025-09-14 16:53:38,ADAMW_lr0.0003,ADAMW,2,MNIST,21,train_eval,1.0767781734466553,0.0002178217821782178,0.05042880957296211,
2025-09-14 16:53:38,ADAMW_lr0.0003,ADAMW,2,MNIST,21,val_eval,1.1107325553894043,0.0002178217821782178,0.05042880957296211,
2025-09-14 16:53:39,ADAMW_lr0.0003,ADAMW,2,MNIST,22,train_eval,1.078515648841858,0.0002277227722772277,0.05042880957296211,
2025-09-14 16:53:39,ADAMW_lr0.0003,ADAMW,2,MNIST,22,val_eval,1.1102129220962524,0.0002277227722772277,0.05042880957296211,
2025-09-14 16:53:41,ADAMW_lr0.0003,ADAMW,2,MNIST,23,train_eval,1.067508578300476,0.00023762376237623762,0.05042880957296211,
2025-09-14 16:53:41,ADAMW_lr0.0003,ADAMW,2,MNIST,23,val_eval,1.0991004705429077,0.00023762376237623762,0.05042880957296211,
2025-09-14 16:53:43,ADAMW_lr0.0003,ADAMW,2,MNIST,24,train_eval,1.0710381269454956,0.00024752475247524753,0.05042880957296211,
2025-09-14 16:53:43,ADAMW_lr0.0003,ADAMW,2,MNIST,24,val_eval,1.1079732179641724,0.00024752475247524753,0.05042880957296211,
2025-09-14 16:53:44,ADAMW_lr0.0003,ADAMW,2,MNIST,25,train_eval,1.0993609428405762,0.00025742574257425744,0.05042880957296211,
2025-09-14 16:53:44,ADAMW_lr0.0003,ADAMW,2,MNIST,25,val_eval,1.0913443565368652,0.00025742574257425744,0.05042880957296211,
2025-09-14 16:53:46,ADAMW_lr0.0003,ADAMW,2,MNIST,26,train_eval,1.0795634984970093,0.00026732673267326735,0.05042880957296211,
2025-09-14 16:53:46,ADAMW_lr0.0003,ADAMW,2,MNIST,26,val_eval,1.0971708297729492,0.00026732673267326735,0.05042880957296211,
2025-09-14 16:53:47,ADAMW_lr0.0003,ADAMW,2,MNIST,27,train_eval,1.078566312789917,0.00027722772277227726,0.05042880957296211,
2025-09-14 16:53:47,ADAMW_lr0.0003,ADAMW,2,MNIST,27,val_eval,1.0875555276870728,0.00027722772277227726,0.05042880957296211,
2025-09-14 16:53:48,ADAMW_lr0.0003,ADAMW,2,MNIST,28,train_eval,1.0665028095245361,0.00028712871287128717,0.05042880957296211,
2025-09-14 16:53:48,ADAMW_lr0.0003,ADAMW,2,MNIST,28,val_eval,1.0713309049606323,0.00028712871287128717,0.05042880957296211,
2025-09-14 16:53:49,ADAMW_lr0.0003,ADAMW,2,MNIST,29,train_eval,1.0635442733764648,0.000297029702970297,0.05042880957296211,
2025-09-14 16:53:49,ADAMW_lr0.0003,ADAMW,2,MNIST,29,val_eval,1.064540147781372,0.000297029702970297,0.05042880957296211,
2025-09-14 16:53:51,ADAMW_lr0.0003,ADAMW,2,MNIST,30,train_eval,1.0633703470230103,0.00030693069306930693,0.05042880957296211,
2025-09-14 16:53:51,ADAMW_lr0.0003,ADAMW,2,MNIST,30,val_eval,1.076508641242981,0.00030693069306930693,0.05042880957296211,
2025-09-14 16:53:51,ADAMW_lr0.0003,ADAMW,2,MNIST,30,train_iter,1.2714908123016357,0.00030693069306930693,0.050891041898342725,1276.998519897461
2025-09-14 16:53:52,ADAMW_lr0.0003,ADAMW,2,MNIST,31,train_eval,1.0671216249465942,0.00031683168316831684,0.050891041898342725,
2025-09-14 16:53:52,ADAMW_lr0.0003,ADAMW,2,MNIST,31,val_eval,1.0691325664520264,0.00031683168316831684,0.050891041898342725,
2025-09-14 16:53:53,ADAMW_lr0.0003,ADAMW,2,MNIST,32,train_eval,1.0502201318740845,0.00032673267326732675,0.050891041898342725,
2025-09-14 16:53:53,ADAMW_lr0.0003,ADAMW,2,MNIST,32,val_eval,1.0478750467300415,0.00032673267326732675,0.050891041898342725,
2025-09-14 16:53:54,ADAMW_lr0.0003,ADAMW,2,MNIST,33,train_eval,1.0403449535369873,0.00033663366336633666,0.050891041898342725,
2025-09-14 16:53:54,ADAMW_lr0.0003,ADAMW,2,MNIST,33,val_eval,1.0498573780059814,0.00033663366336633666,0.050891041898342725,
2025-09-14 16:53:55,ADAMW_lr0.0003,ADAMW,2,MNIST,34,train_eval,1.0358359813690186,0.00034653465346534657,0.050891041898342725,
2025-09-14 16:53:55,ADAMW_lr0.0003,ADAMW,2,MNIST,34,val_eval,1.0326684713363647,0.00034653465346534657,0.050891041898342725,
2025-09-14 16:53:57,ADAMW_lr0.0003,ADAMW,2,MNIST,35,train_eval,1.0441746711730957,0.0003564356435643565,0.050891041898342725,
2025-09-14 16:53:57,ADAMW_lr0.0003,ADAMW,2,MNIST,35,val_eval,1.043130874633789,0.0003564356435643565,0.050891041898342725,
2025-09-14 16:53:57,ADAMW_lr0.0003,ADAMW,2,MNIST,36,train_eval,1.027334451675415,0.00036633663366336634,0.050891041898342725,
2025-09-14 16:53:57,ADAMW_lr0.0003,ADAMW,2,MNIST,36,val_eval,1.034393072128296,0.00036633663366336634,0.050891041898342725,
2025-09-14 16:53:58,ADAMW_lr0.0003,ADAMW,2,MNIST,37,train_eval,1.0400835275650024,0.00037623762376237625,0.050891041898342725,
2025-09-14 16:53:58,ADAMW_lr0.0003,ADAMW,2,MNIST,37,val_eval,1.0243730545043945,0.00037623762376237625,0.050891041898342725,
2025-09-14 16:54:00,ADAMW_lr0.0003,ADAMW,2,MNIST,38,train_eval,1.0432844161987305,0.00038613861386138616,0.050891041898342725,
2025-09-14 16:54:00,ADAMW_lr0.0003,ADAMW,2,MNIST,38,val_eval,1.0396318435668945,0.00038613861386138616,0.050891041898342725,
2025-09-14 16:54:01,ADAMW_lr0.0003,ADAMW,2,MNIST,39,train_eval,1.0319066047668457,0.00039603960396039607,0.050891041898342725,
2025-09-14 16:54:01,ADAMW_lr0.0003,ADAMW,2,MNIST,39,val_eval,1.0228149890899658,0.00039603960396039607,0.050891041898342725,
2025-09-14 16:54:02,ADAMW_lr0.0003,ADAMW,2,MNIST,40,train_eval,1.0354219675064087,0.000405940594059406,0.050891041898342725,
2025-09-14 16:54:02,ADAMW_lr0.0003,ADAMW,2,MNIST,40,val_eval,1.0011630058288574,0.000405940594059406,0.050891041898342725,
2025-09-14 16:54:03,ADAMW_lr0.0003,ADAMW,2,MNIST,40,train_iter,0.774979829788208,0.000405940594059406,0.05251491334996041,1047.2288131713867
2025-09-14 16:54:03,ADAMW_lr0.0003,ADAMW,2,MNIST,41,train_eval,1.0322635173797607,0.0004158415841584159,0.05251491334996041,
2025-09-14 16:54:03,ADAMW_lr0.0003,ADAMW,2,MNIST,41,val_eval,1.0261282920837402,0.0004158415841584159,0.05251491334996041,
2025-09-14 16:54:04,ADAMW_lr0.0003,ADAMW,2,MNIST,42,train_eval,1.0496320724487305,0.0004257425742574258,0.05251491334996041,
2025-09-14 16:54:04,ADAMW_lr0.0003,ADAMW,2,MNIST,42,val_eval,1.066392183303833,0.0004257425742574258,0.05251491334996041,
2025-09-14 16:54:05,ADAMW_lr0.0003,ADAMW,2,MNIST,43,train_eval,1.0296339988708496,0.0004356435643564356,0.05251491334996041,
2025-09-14 16:54:05,ADAMW_lr0.0003,ADAMW,2,MNIST,43,val_eval,1.0207087993621826,0.0004356435643564356,0.05251491334996041,
2025-09-14 16:54:05,ADAMW_lr0.0003,ADAMW,2,MNIST,44,train_eval,1.0308016538619995,0.0004455445544554455,0.05251491334996041,
2025-09-14 16:54:05,ADAMW_lr0.0003,ADAMW,2,MNIST,44,val_eval,1.0200752019882202,0.0004455445544554455,0.05251491334996041,
2025-09-14 16:54:06,ADAMW_lr0.0003,ADAMW,2,MNIST,45,train_eval,1.071865439414978,0.0004554455445544554,0.05251491334996041,
2025-09-14 16:54:06,ADAMW_lr0.0003,ADAMW,2,MNIST,45,val_eval,1.0524184703826904,0.0004554455445544554,0.05251491334996041,
2025-09-14 16:54:07,ADAMW_lr0.0003,ADAMW,2,MNIST,46,train_eval,1.0550860166549683,0.0004653465346534653,0.05251491334996041,
2025-09-14 16:54:07,ADAMW_lr0.0003,ADAMW,2,MNIST,46,val_eval,1.054589033126831,0.0004653465346534653,0.05251491334996041,
2025-09-14 16:54:08,ADAMW_lr0.0003,ADAMW,2,MNIST,47,train_eval,1.0539424419403076,0.00047524752475247524,0.05251491334996041,
2025-09-14 16:54:08,ADAMW_lr0.0003,ADAMW,2,MNIST,47,val_eval,1.0772521495819092,0.00047524752475247524,0.05251491334996041,
2025-09-14 16:54:08,ADAMW_lr0.0003,ADAMW,2,MNIST,48,train_eval,1.0335804224014282,0.00048514851485148515,0.05251491334996041,
2025-09-14 16:54:08,ADAMW_lr0.0003,ADAMW,2,MNIST,48,val_eval,1.027889609336853,0.00048514851485148515,0.05251491334996041,
2025-09-14 16:54:09,ADAMW_lr0.0003,ADAMW,2,MNIST,49,train_eval,1.032252311706543,0.0004950495049504951,0.05251491334996041,
2025-09-14 16:54:09,ADAMW_lr0.0003,ADAMW,2,MNIST,49,val_eval,1.0305171012878418,0.0004950495049504951,0.05251491334996041,
2025-09-14 16:54:10,ADAMW_lr0.0003,ADAMW,2,MNIST,50,train_eval,1.03123939037323,0.000504950495049505,0.05251491334996041,
2025-09-14 16:54:10,ADAMW_lr0.0003,ADAMW,2,MNIST,50,val_eval,1.057491421699524,0.000504950495049505,0.05251491334996041,
2025-09-14 16:54:10,ADAMW_lr0.0003,ADAMW,2,MNIST,50,train_iter,0.9631180763244629,0.000504950495049505,0.05560048684910013,843.2250022888184
2025-09-14 16:54:11,ADAMW_lr0.0003,ADAMW,2,MNIST,51,train_eval,1.0434658527374268,0.0005148514851485149,0.05560048684910013,
2025-09-14 16:54:11,ADAMW_lr0.0003,ADAMW,2,MNIST,51,val_eval,1.0690360069274902,0.0005148514851485149,0.05560048684910013,
2025-09-14 16:54:12,ADAMW_lr0.0003,ADAMW,2,MNIST,52,train_eval,1.0517387390136719,0.0005247524752475248,0.05560048684910013,
2025-09-14 16:54:12,ADAMW_lr0.0003,ADAMW,2,MNIST,52,val_eval,1.0481359958648682,0.0005247524752475248,0.05560048684910013,
2025-09-14 16:54:13,ADAMW_lr0.0003,ADAMW,2,MNIST,53,train_eval,1.0596750974655151,0.0005346534653465347,0.05560048684910013,
2025-09-14 16:54:13,ADAMW_lr0.0003,ADAMW,2,MNIST,53,val_eval,1.0737626552581787,0.0005346534653465347,0.05560048684910013,
2025-09-14 16:54:14,ADAMW_lr0.0003,ADAMW,2,MNIST,54,train_eval,1.038637399673462,0.0005445544554455446,0.05560048684910013,
2025-09-14 16:54:14,ADAMW_lr0.0003,ADAMW,2,MNIST,54,val_eval,1.0573639869689941,0.0005445544554455446,0.05560048684910013,
2025-09-14 16:54:14,ADAMW_lr0.0003,ADAMW,2,MNIST,55,train_eval,1.0478029251098633,0.0005544554455445545,0.05560048684910013,
2025-09-14 16:54:14,ADAMW_lr0.0003,ADAMW,2,MNIST,55,val_eval,1.0434889793395996,0.0005544554455445545,0.05560048684910013,
2025-09-14 16:54:15,ADAMW_lr0.0003,ADAMW,2,MNIST,56,train_eval,1.0462085008621216,0.0005643564356435644,0.05560048684910013,
2025-09-14 16:54:15,ADAMW_lr0.0003,ADAMW,2,MNIST,56,val_eval,1.0225799083709717,0.0005643564356435644,0.05560048684910013,
2025-09-14 16:54:16,ADAMW_lr0.0003,ADAMW,2,MNIST,57,train_eval,1.0458637475967407,0.0005742574257425743,0.05560048684910013,
2025-09-14 16:54:16,ADAMW_lr0.0003,ADAMW,2,MNIST,57,val_eval,1.0380971431732178,0.0005742574257425743,0.05560048684910013,
2025-09-14 16:54:17,ADAMW_lr0.0003,ADAMW,2,MNIST,58,train_eval,1.0238128900527954,0.0005841584158415842,0.05560048684910013,
2025-09-14 16:54:17,ADAMW_lr0.0003,ADAMW,2,MNIST,58,val_eval,1.0185446739196777,0.0005841584158415842,0.05560048684910013,
2025-09-14 16:54:18,ADAMW_lr0.0003,ADAMW,2,MNIST,59,train_eval,1.0279321670532227,0.000594059405940594,0.05560048684910013,
2025-09-14 16:54:18,ADAMW_lr0.0003,ADAMW,2,MNIST,59,val_eval,1.039515495300293,0.000594059405940594,0.05560048684910013,
2025-09-14 16:54:19,ADAMW_lr0.0003,ADAMW,2,MNIST,60,train_eval,1.0164066553115845,0.000603960396039604,0.05560048684910013,
2025-09-14 16:54:19,ADAMW_lr0.0003,ADAMW,2,MNIST,60,val_eval,1.0272926092147827,0.000603960396039604,0.05560048684910013,
2025-09-14 16:54:19,ADAMW_lr0.0003,ADAMW,2,MNIST,60,train_iter,1.0489380359649658,0.000603960396039604,0.05787234263338619,897.6132869720459
2025-09-14 16:54:20,ADAMW_lr0.0003,ADAMW,2,MNIST,61,train_eval,1.0221740007400513,0.0006138613861386139,0.05787234263338619,
2025-09-14 16:54:20,ADAMW_lr0.0003,ADAMW,2,MNIST,61,val_eval,1.018235683441162,0.0006138613861386139,0.05787234263338619,
2025-09-14 16:54:21,ADAMW_lr0.0003,ADAMW,2,MNIST,62,train_eval,1.0109788179397583,0.0006237623762376238,0.05787234263338619,
2025-09-14 16:54:21,ADAMW_lr0.0003,ADAMW,2,MNIST,62,val_eval,1.0052540302276611,0.0006237623762376238,0.05787234263338619,
2025-09-14 16:54:22,ADAMW_lr0.0003,ADAMW,2,MNIST,63,train_eval,1.0101065635681152,0.0006336633663366337,0.05787234263338619,
2025-09-14 16:54:22,ADAMW_lr0.0003,ADAMW,2,MNIST,63,val_eval,1.030897855758667,0.0006336633663366337,0.05787234263338619,
2025-09-14 16:54:22,ADAMW_lr0.0003,ADAMW,2,MNIST,64,train_eval,1.026594877243042,0.0006435643564356436,0.05787234263338619,
2025-09-14 16:54:22,ADAMW_lr0.0003,ADAMW,2,MNIST,64,val_eval,1.050400972366333,0.0006435643564356436,0.05787234263338619,
2025-09-14 16:54:23,ADAMW_lr0.0003,ADAMW,2,MNIST,65,train_eval,1.0300307273864746,0.0006534653465346535,0.05787234263338619,
2025-09-14 16:54:23,ADAMW_lr0.0003,ADAMW,2,MNIST,65,val_eval,1.0427719354629517,0.0006534653465346535,0.05787234263338619,
2025-09-14 16:54:24,ADAMW_lr0.0003,ADAMW,2,MNIST,66,train_eval,1.0284901857376099,0.0006633663366336634,0.05787234263338619,
2025-09-14 16:54:24,ADAMW_lr0.0003,ADAMW,2,MNIST,66,val_eval,1.0351815223693848,0.0006633663366336634,0.05787234263338619,
2025-09-14 16:54:25,ADAMW_lr0.0003,ADAMW,2,MNIST,67,train_eval,1.0214660167694092,0.0006732673267326733,0.05787234263338619,
2025-09-14 16:54:25,ADAMW_lr0.0003,ADAMW,2,MNIST,67,val_eval,1.0221611261367798,0.0006732673267326733,0.05787234263338619,
2025-09-14 16:54:26,ADAMW_lr0.0003,ADAMW,2,MNIST,68,train_eval,1.0205363035202026,0.0006831683168316832,0.05787234263338619,
2025-09-14 16:54:26,ADAMW_lr0.0003,ADAMW,2,MNIST,68,val_eval,1.0124354362487793,0.0006831683168316832,0.05787234263338619,
2025-09-14 16:54:27,ADAMW_lr0.0003,ADAMW,2,MNIST,69,train_eval,1.0309414863586426,0.0006930693069306931,0.05787234263338619,
2025-09-14 16:54:27,ADAMW_lr0.0003,ADAMW,2,MNIST,69,val_eval,1.0317072868347168,0.0006930693069306931,0.05787234263338619,
2025-09-14 16:54:28,ADAMW_lr0.0003,ADAMW,2,MNIST,70,train_eval,1.008513331413269,0.000702970297029703,0.05787234263338619,
2025-09-14 16:54:28,ADAMW_lr0.0003,ADAMW,2,MNIST,70,val_eval,1.0177513360977173,0.000702970297029703,0.05787234263338619,
2025-09-14 16:54:28,ADAMW_lr0.0003,ADAMW,2,MNIST,70,train_iter,0.985689103603363,0.000702970297029703,0.05996389173661508,892.2724723815918
2025-09-14 16:54:29,ADAMW_lr0.0003,ADAMW,2,MNIST,71,train_eval,1.0249512195587158,0.000712871287128713,0.05996389173661508,
2025-09-14 16:54:29,ADAMW_lr0.0003,ADAMW,2,MNIST,71,val_eval,1.0178433656692505,0.000712871287128713,0.05996389173661508,
2025-09-14 16:54:30,ADAMW_lr0.0003,ADAMW,2,MNIST,72,train_eval,1.0139479637145996,0.0007227722772277228,0.05996389173661508,
2025-09-14 16:54:30,ADAMW_lr0.0003,ADAMW,2,MNIST,72,val_eval,1.0085279941558838,0.0007227722772277228,0.05996389173661508,
2025-09-14 16:54:31,ADAMW_lr0.0003,ADAMW,2,MNIST,73,train_eval,1.0240883827209473,0.0007326732673267327,0.05996389173661508,
2025-09-14 16:54:31,ADAMW_lr0.0003,ADAMW,2,MNIST,73,val_eval,1.0143355131149292,0.0007326732673267327,0.05996389173661508,
2025-09-14 16:54:31,ADAMW_lr0.0003,ADAMW,2,MNIST,74,train_eval,1.0356636047363281,0.0007425742574257426,0.05996389173661508,
2025-09-14 16:54:31,ADAMW_lr0.0003,ADAMW,2,MNIST,74,val_eval,1.0276886224746704,0.0007425742574257426,0.05996389173661508,
2025-09-14 16:54:32,ADAMW_lr0.0003,ADAMW,2,MNIST,75,train_eval,1.0156735181808472,0.0007524752475247525,0.05996389173661508,
2025-09-14 16:54:32,ADAMW_lr0.0003,ADAMW,2,MNIST,75,val_eval,1.0234655141830444,0.0007524752475247525,0.05996389173661508,
2025-09-14 16:54:33,ADAMW_lr0.0003,ADAMW,2,MNIST,76,train_eval,1.0090023279190063,0.0007623762376237624,0.05996389173661508,
2025-09-14 16:54:33,ADAMW_lr0.0003,ADAMW,2,MNIST,76,val_eval,1.0313664674758911,0.0007623762376237624,0.05996389173661508,
2025-09-14 16:54:34,ADAMW_lr0.0003,ADAMW,2,MNIST,77,train_eval,1.0157032012939453,0.0007722772277227723,0.05996389173661508,
2025-09-14 16:54:34,ADAMW_lr0.0003,ADAMW,2,MNIST,77,val_eval,1.0234065055847168,0.0007722772277227723,0.05996389173661508,
2025-09-14 16:54:35,ADAMW_lr0.0003,ADAMW,2,MNIST,78,train_eval,1.01470148563385,0.0007821782178217822,0.05996389173661508,
2025-09-14 16:54:35,ADAMW_lr0.0003,ADAMW,2,MNIST,78,val_eval,0.9985571503639221,0.0007821782178217822,0.05996389173661508,
2025-09-14 16:54:37,ADAMW_lr0.0003,ADAMW,2,MNIST,79,train_eval,1.0043284893035889,0.0007920792079207921,0.05996389173661508,
2025-09-14 16:54:37,ADAMW_lr0.0003,ADAMW,2,MNIST,79,val_eval,1.0293556451797485,0.0007920792079207921,0.05996389173661508,
2025-09-14 16:54:37,ADAMW_lr0.0003,ADAMW,2,MNIST,80,train_eval,0.9973743557929993,0.000801980198019802,0.05996389173661508,
2025-09-14 16:54:37,ADAMW_lr0.0003,ADAMW,2,MNIST,80,val_eval,1.0213172435760498,0.000801980198019802,0.05996389173661508,
2025-09-14 16:54:37,ADAMW_lr0.0003,ADAMW,2,MNIST,80,train_iter,1.2750446796417236,0.000801980198019802,0.061558398896800835,926.112174987793
2025-09-14 16:54:38,ADAMW_lr0.0003,ADAMW,2,MNIST,81,train_eval,1.0297884941101074,0.000811881188118812,0.061558398896800835,
2025-09-14 16:54:38,ADAMW_lr0.0003,ADAMW,2,MNIST,81,val_eval,1.0461987257003784,0.000811881188118812,0.061558398896800835,
2025-09-14 16:54:39,ADAMW_lr0.0003,ADAMW,2,MNIST,82,train_eval,1.0304454565048218,0.0008217821782178219,0.061558398896800835,
2025-09-14 16:54:39,ADAMW_lr0.0003,ADAMW,2,MNIST,82,val_eval,1.0198076963424683,0.0008217821782178219,0.061558398896800835,
2025-09-14 16:54:40,ADAMW_lr0.0003,ADAMW,2,MNIST,83,train_eval,1.0162357091903687,0.0008316831683168318,0.061558398896800835,
2025-09-14 16:54:40,ADAMW_lr0.0003,ADAMW,2,MNIST,83,val_eval,1.00162672996521,0.0008316831683168318,0.061558398896800835,
2025-09-14 16:54:41,ADAMW_lr0.0003,ADAMW,2,MNIST,84,train_eval,1.0038156509399414,0.0008415841584158417,0.061558398896800835,
2025-09-14 16:54:41,ADAMW_lr0.0003,ADAMW,2,MNIST,84,val_eval,1.0260976552963257,0.0008415841584158417,0.061558398896800835,
2025-09-14 16:54:42,ADAMW_lr0.0003,ADAMW,2,MNIST,85,train_eval,1.03158700466156,0.0008514851485148516,0.061558398896800835,
2025-09-14 16:54:42,ADAMW_lr0.0003,ADAMW,2,MNIST,85,val_eval,1.0267177820205688,0.0008514851485148516,0.061558398896800835,
2025-09-14 16:54:43,ADAMW_lr0.0003,ADAMW,2,MNIST,86,train_eval,1.0243381261825562,0.0008613861386138615,0.061558398896800835,
2025-09-14 16:54:43,ADAMW_lr0.0003,ADAMW,2,MNIST,86,val_eval,1.009731650352478,0.0008613861386138615,0.061558398896800835,
2025-09-14 16:54:44,ADAMW_lr0.0003,ADAMW,2,MNIST,87,train_eval,1.0369268655776978,0.0008712871287128712,0.061558398896800835,
2025-09-14 16:54:44,ADAMW_lr0.0003,ADAMW,2,MNIST,87,val_eval,1.022336721420288,0.0008712871287128712,0.061558398896800835,
2025-09-14 16:54:45,ADAMW_lr0.0003,ADAMW,2,MNIST,88,train_eval,1.0045791864395142,0.0008811881188118811,0.061558398896800835,
2025-09-14 16:54:45,ADAMW_lr0.0003,ADAMW,2,MNIST,88,val_eval,1.0412544012069702,0.0008811881188118811,0.061558398896800835,
2025-09-14 16:54:45,ADAMW_lr0.0003,ADAMW,2,MNIST,89,train_eval,1.0013532638549805,0.000891089108910891,0.061558398896800835,
2025-09-14 16:54:45,ADAMW_lr0.0003,ADAMW,2,MNIST,89,val_eval,1.0159783363342285,0.000891089108910891,0.061558398896800835,
2025-09-14 16:54:46,ADAMW_lr0.0003,ADAMW,2,MNIST,90,train_eval,0.9862117767333984,0.0009009900990099009,0.061558398896800835,
2025-09-14 16:54:46,ADAMW_lr0.0003,ADAMW,2,MNIST,90,val_eval,1.0083967447280884,0.0009009900990099009,0.061558398896800835,
2025-09-14 16:54:46,ADAMW_lr0.0003,ADAMW,2,MNIST,90,train_iter,0.9260501861572266,0.0009009900990099009,0.06327792284231235,892.6599025726318
2025-09-14 16:54:47,ADAMW_lr0.0003,ADAMW,2,MNIST,91,train_eval,0.9976289868354797,0.0009108910891089108,0.06327792284231235,
2025-09-14 16:54:47,ADAMW_lr0.0003,ADAMW,2,MNIST,91,val_eval,1.0130858421325684,0.0009108910891089108,0.06327792284231235,
2025-09-14 16:54:48,ADAMW_lr0.0003,ADAMW,2,MNIST,92,train_eval,1.0290579795837402,0.0009207920792079207,0.06327792284231235,
2025-09-14 16:54:48,ADAMW_lr0.0003,ADAMW,2,MNIST,92,val_eval,1.0255297422409058,0.0009207920792079207,0.06327792284231235,
2025-09-14 16:54:49,ADAMW_lr0.0003,ADAMW,2,MNIST,93,train_eval,1.0280847549438477,0.0009306930693069307,0.06327792284231235,
2025-09-14 16:54:49,ADAMW_lr0.0003,ADAMW,2,MNIST,93,val_eval,1.0024502277374268,0.0009306930693069307,0.06327792284231235,
2025-09-14 16:54:50,ADAMW_lr0.0003,ADAMW,2,MNIST,94,train_eval,1.0193054676055908,0.0009405940594059406,0.06327792284231235,
2025-09-14 16:54:50,ADAMW_lr0.0003,ADAMW,2,MNIST,94,val_eval,1.0456180572509766,0.0009405940594059406,0.06327792284231235,
2025-09-14 16:54:51,ADAMW_lr0.0003,ADAMW,2,MNIST,95,train_eval,1.0135412216186523,0.0009504950495049505,0.06327792284231235,
2025-09-14 16:54:51,ADAMW_lr0.0003,ADAMW,2,MNIST,95,val_eval,1.002882719039917,0.0009504950495049505,0.06327792284231235,
2025-09-14 16:54:51,ADAMW_lr0.0003,ADAMW,2,MNIST,96,train_eval,1.0209892988204956,0.0009603960396039604,0.06327792284231235,
2025-09-14 16:54:51,ADAMW_lr0.0003,ADAMW,2,MNIST,96,val_eval,1.0250624418258667,0.0009603960396039604,0.06327792284231235,
2025-09-14 16:54:52,ADAMW_lr0.0003,ADAMW,2,MNIST,97,train_eval,0.988410234451294,0.0009702970297029703,0.06327792284231235,
2025-09-14 16:54:52,ADAMW_lr0.0003,ADAMW,2,MNIST,97,val_eval,1.0126447677612305,0.0009702970297029703,0.06327792284231235,
2025-09-14 16:54:53,ADAMW_lr0.0003,ADAMW,2,MNIST,98,train_eval,0.9964199066162109,0.0009801980198019802,0.06327792284231235,
2025-09-14 16:54:53,ADAMW_lr0.0003,ADAMW,2,MNIST,98,val_eval,1.002475619316101,0.0009801980198019802,0.06327792284231235,
2025-09-14 16:54:54,ADAMW_lr0.0003,ADAMW,2,MNIST,99,train_eval,1.013056755065918,0.0009900990099009901,0.06327792284231235,
2025-09-14 16:54:54,ADAMW_lr0.0003,ADAMW,2,MNIST,99,val_eval,1.0234174728393555,0.0009900990099009901,0.06327792284231235,
2025-09-14 16:54:55,ADAMW_lr0.0003,ADAMW,2,MNIST,100,train_eval,1.0018752813339233,0.001,0.06327792284231235,
2025-09-14 16:54:55,ADAMW_lr0.0003,ADAMW,2,MNIST,100,val_eval,1.0138071775436401,0.001,0.06327792284231235,
2025-09-14 16:57:08,ADAMW_lr0.0003,ADAMW,2,MNIST,100,train_iter,1.083426594734192,0.001,0.05700242926183697,134420.56894302368
2025-09-14 16:57:09,ADAMW_lr0.0003,ADAMW,2,MNIST,101,train_eval,0.9970327615737915,0.000999999907510999,0.05700242926183697,
2025-09-14 16:57:09,ADAMW_lr0.0003,ADAMW,2,MNIST,101,val_eval,1.0288236141204834,0.000999999907510999,0.05700242926183697,
2025-09-14 16:57:10,ADAMW_lr0.0003,ADAMW,2,MNIST,102,train_eval,1.0103799104690552,0.000999999630044034,0.05700242926183697,
2025-09-14 16:57:10,ADAMW_lr0.0003,ADAMW,2,MNIST,102,val_eval,1.0091824531555176,0.000999999630044034,0.05700242926183697,
2025-09-14 16:57:11,ADAMW_lr0.0003,ADAMW,2,MNIST,103,train_eval,1.0064043998718262,0.0009999991675992191,0.05700242926183697,
2025-09-14 16:57:11,ADAMW_lr0.0003,ADAMW,2,MNIST,103,val_eval,1.0183790922164917,0.0009999991675992191,0.05700242926183697,
2025-09-14 16:57:12,ADAMW_lr0.0003,ADAMW,2,MNIST,104,train_eval,1.0165709257125854,0.0009999985201767443,0.05700242926183697,
2025-09-14 16:57:12,ADAMW_lr0.0003,ADAMW,2,MNIST,104,val_eval,1.0197731256484985,0.0009999985201767443,0.05700242926183697,
2025-09-14 16:57:13,ADAMW_lr0.0003,ADAMW,2,MNIST,105,train_eval,1.0146483182907104,0.000999997687776876,0.05700242926183697,
2025-09-14 16:57:13,ADAMW_lr0.0003,ADAMW,2,MNIST,105,val_eval,1.0048843622207642,0.000999997687776876,0.05700242926183697,
2025-09-14 16:57:14,ADAMW_lr0.0003,ADAMW,2,MNIST,106,train_eval,1.0073105096817017,0.0009999966703999558,0.05700242926183697,
2025-09-14 16:57:14,ADAMW_lr0.0003,ADAMW,2,MNIST,106,val_eval,1.029914379119873,0.0009999966703999558,0.05700242926183697,
2025-09-14 16:57:15,ADAMW_lr0.0003,ADAMW,2,MNIST,107,train_eval,0.9975732564926147,0.0009999954680464025,0.05700242926183697,
2025-09-14 16:57:15,ADAMW_lr0.0003,ADAMW,2,MNIST,107,val_eval,1.0406688451766968,0.0009999954680464025,0.05700242926183697,
2025-09-14 16:57:15,ADAMW_lr0.0003,ADAMW,2,MNIST,108,train_eval,1.015637755393982,0.00099999408071671,0.05700242926183697,
2025-09-14 16:57:15,ADAMW_lr0.0003,ADAMW,2,MNIST,108,val_eval,1.0139063596725464,0.00099999408071671,0.05700242926183697,
2025-09-14 16:57:16,ADAMW_lr0.0003,ADAMW,2,MNIST,109,train_eval,0.9980676174163818,0.0009999925084114485,0.05700242926183697,
2025-09-14 16:57:16,ADAMW_lr0.0003,ADAMW,2,MNIST,109,val_eval,1.0072791576385498,0.0009999925084114485,0.05700242926183697,
2025-09-14 16:57:17,ADAMW_lr0.0003,ADAMW,2,MNIST,110,train_eval,1.0103899240493774,0.0009999907511312647,0.05700242926183697,
2025-09-14 16:57:17,ADAMW_lr0.0003,ADAMW,2,MNIST,110,val_eval,1.0220595598220825,0.0009999907511312647,0.05700242926183697,
2025-09-14 16:57:17,ADAMW_lr0.0003,ADAMW,2,MNIST,110,train_iter,0.9921259880065918,0.0009999907511312647,0.058247111363419264,1012.2530460357666
2025-09-14 16:57:18,ADAMW_lr0.0003,ADAMW,2,MNIST,111,train_eval,0.9899082779884338,0.0009999888088768807,0.058247111363419264,
2025-09-14 16:57:18,ADAMW_lr0.0003,ADAMW,2,MNIST,111,val_eval,1.0052380561828613,0.0009999888088768807,0.058247111363419264,
2025-09-14 16:57:19,ADAMW_lr0.0003,ADAMW,2,MNIST,112,train_eval,0.9815322756767273,0.000999986681649095,0.058247111363419264,
2025-09-14 16:57:19,ADAMW_lr0.0003,ADAMW,2,MNIST,112,val_eval,1.0182262659072876,0.000999986681649095,0.058247111363419264,
2025-09-14 16:57:20,ADAMW_lr0.0003,ADAMW,2,MNIST,113,train_eval,1.0072333812713623,0.0009999843694487819,0.058247111363419264,
2025-09-14 16:57:20,ADAMW_lr0.0003,ADAMW,2,MNIST,113,val_eval,1.0313531160354614,0.0009999843694487819,0.058247111363419264,
2025-09-14 16:57:21,ADAMW_lr0.0003,ADAMW,2,MNIST,114,train_eval,1.0182591676712036,0.000999981872276892,0.058247111363419264,
2025-09-14 16:57:21,ADAMW_lr0.0003,ADAMW,2,MNIST,114,val_eval,1.027804970741272,0.000999981872276892,0.058247111363419264,
2025-09-14 16:57:22,ADAMW_lr0.0003,ADAMW,2,MNIST,115,train_eval,1.006811261177063,0.0009999791901344516,0.058247111363419264,
2025-09-14 16:57:22,ADAMW_lr0.0003,ADAMW,2,MNIST,115,val_eval,1.016526699066162,0.0009999791901344516,0.058247111363419264,
2025-09-14 16:57:23,ADAMW_lr0.0003,ADAMW,2,MNIST,116,train_eval,0.9870485067367554,0.0009999763230225634,0.058247111363419264,
2025-09-14 16:57:23,ADAMW_lr0.0003,ADAMW,2,MNIST,116,val_eval,1.0263679027557373,0.0009999763230225634,0.058247111363419264,
2025-09-14 16:57:24,ADAMW_lr0.0003,ADAMW,2,MNIST,117,train_eval,1.0260729789733887,0.0009999732709424058,0.058247111363419264,
2025-09-14 16:57:24,ADAMW_lr0.0003,ADAMW,2,MNIST,117,val_eval,1.0077816247940063,0.0009999732709424058,0.058247111363419264,
2025-09-14 16:57:24,ADAMW_lr0.0003,ADAMW,2,MNIST,118,train_eval,1.0134663581848145,0.0009999700338952336,0.058247111363419264,
2025-09-14 16:57:24,ADAMW_lr0.0003,ADAMW,2,MNIST,118,val_eval,1.0135802030563354,0.0009999700338952336,0.058247111363419264,
2025-09-14 16:57:25,ADAMW_lr0.0003,ADAMW,2,MNIST,119,train_eval,1.0140471458435059,0.0009999666118823774,0.058247111363419264,
2025-09-14 16:57:25,ADAMW_lr0.0003,ADAMW,2,MNIST,119,val_eval,1.019911527633667,0.0009999666118823774,0.058247111363419264,
2025-09-14 16:57:26,ADAMW_lr0.0003,ADAMW,2,MNIST,120,train_eval,1.0025523900985718,0.0009999630049052437,0.058247111363419264,
2025-09-14 16:57:26,ADAMW_lr0.0003,ADAMW,2,MNIST,120,val_eval,1.0090864896774292,0.0009999630049052437,0.058247111363419264,
2025-09-14 16:57:26,ADAMW_lr0.0003,ADAMW,2,MNIST,120,train_iter,0.8999149203300476,0.0009999630049052437,0.06027910691590178,894.7796821594238
2025-09-14 16:57:27,ADAMW_lr0.0003,ADAMW,2,MNIST,121,train_eval,1.0020636320114136,0.0009999592129653152,0.06027910691590178,
2025-09-14 16:57:27,ADAMW_lr0.0003,ADAMW,2,MNIST,121,val_eval,0.9966307878494263,0.0009999592129653152,0.06027910691590178,
2025-09-14 16:57:28,ADAMW_lr0.0003,ADAMW,2,MNIST,122,train_eval,1.0182114839553833,0.0009999552360641507,0.06027910691590178,
2025-09-14 16:57:28,ADAMW_lr0.0003,ADAMW,2,MNIST,122,val_eval,1.0174351930618286,0.0009999552360641507,0.06027910691590178,
2025-09-14 16:57:29,ADAMW_lr0.0003,ADAMW,2,MNIST,123,train_eval,1.0261138677597046,0.000999951074203385,0.06027910691590178,
2025-09-14 16:57:29,ADAMW_lr0.0003,ADAMW,2,MNIST,123,val_eval,1.03733491897583,0.000999951074203385,0.06027910691590178,
2025-09-14 16:57:30,ADAMW_lr0.0003,ADAMW,2,MNIST,124,train_eval,1.028661847114563,0.0009999467273847289,0.06027910691590178,
2025-09-14 16:57:30,ADAMW_lr0.0003,ADAMW,2,MNIST,124,val_eval,1.0291826725006104,0.0009999467273847289,0.06027910691590178,
2025-09-14 16:57:31,ADAMW_lr0.0003,ADAMW,2,MNIST,125,train_eval,1.0305578708648682,0.000999942195609969,0.06027910691590178,
2025-09-14 16:57:31,ADAMW_lr0.0003,ADAMW,2,MNIST,125,val_eval,1.0132644176483154,0.000999942195609969,0.06027910691590178,
2025-09-14 16:57:32,ADAMW_lr0.0003,ADAMW,2,MNIST,126,train_eval,1.017369031906128,0.0009999374788809685,0.06027910691590178,
2025-09-14 16:57:32,ADAMW_lr0.0003,ADAMW,2,MNIST,126,val_eval,1.010802984237671,0.0009999374788809685,0.06027910691590178,
2025-09-14 16:57:33,ADAMW_lr0.0003,ADAMW,2,MNIST,127,train_eval,1.0151283740997314,0.0009999325771996657,0.06027910691590178,
2025-09-14 16:57:33,ADAMW_lr0.0003,ADAMW,2,MNIST,127,val_eval,1.0259345769882202,0.0009999325771996657,0.06027910691590178,
2025-09-14 16:57:34,ADAMW_lr0.0003,ADAMW,2,MNIST,128,train_eval,1.015557885169983,0.0009999274905680762,0.06027910691590178,
2025-09-14 16:57:34,ADAMW_lr0.0003,ADAMW,2,MNIST,128,val_eval,1.0289405584335327,0.0009999274905680762,0.06027910691590178,
2025-09-14 16:57:35,ADAMW_lr0.0003,ADAMW,2,MNIST,129,train_eval,1.014790415763855,0.0009999222189882903,0.06027910691590178,
2025-09-14 16:57:35,ADAMW_lr0.0003,ADAMW,2,MNIST,129,val_eval,1.0403426885604858,0.0009999222189882903,0.06027910691590178,
2025-09-14 16:57:36,ADAMW_lr0.0003,ADAMW,2,MNIST,130,train_eval,1.0462661981582642,0.0009999167624624755,0.06027910691590178,
2025-09-14 16:57:36,ADAMW_lr0.0003,ADAMW,2,MNIST,130,val_eval,1.0276142358779907,0.0009999167624624755,0.06027910691590178,
2025-09-14 16:57:36,ADAMW_lr0.0003,ADAMW,2,MNIST,130,train_iter,1.1080799102783203,0.0009999167624624755,0.06215403995581448,889.5559310913086
2025-09-14 16:57:36,ADAMW_lr0.0003,ADAMW,2,MNIST,131,train_eval,0.9877452254295349,0.0009999111209928744,0.06215403995581448,
2025-09-14 16:57:36,ADAMW_lr0.0003,ADAMW,2,MNIST,131,val_eval,1.0271610021591187,0.0009999111209928744,0.06215403995581448,
2025-09-14 16:57:37,ADAMW_lr0.0003,ADAMW,2,MNIST,132,train_eval,0.9872239828109741,0.000999905294581806,0.06215403995581448,
2025-09-14 16:57:37,ADAMW_lr0.0003,ADAMW,2,MNIST,132,val_eval,1.0236179828643799,0.000999905294581806,0.06215403995581448,
2025-09-14 16:57:38,ADAMW_lr0.0003,ADAMW,2,MNIST,133,train_eval,1.012860894203186,0.0009998992832316654,0.06215403995581448,
2025-09-14 16:57:38,ADAMW_lr0.0003,ADAMW,2,MNIST,133,val_eval,1.0285820960998535,0.0009998992832316654,0.06215403995581448,
2025-09-14 16:57:39,ADAMW_lr0.0003,ADAMW,2,MNIST,134,train_eval,1.008487343788147,0.0009998930869449237,0.06215403995581448,
2025-09-14 16:57:39,ADAMW_lr0.0003,ADAMW,2,MNIST,134,val_eval,1.0240087509155273,0.0009998930869449237,0.06215403995581448,
2025-09-14 16:57:40,ADAMW_lr0.0003,ADAMW,2,MNIST,135,train_eval,0.9984545707702637,0.000999886705724128,0.06215403995581448,
2025-09-14 16:57:40,ADAMW_lr0.0003,ADAMW,2,MNIST,135,val_eval,1.0177526473999023,0.000999886705724128,0.06215403995581448,
2025-09-14 16:57:41,ADAMW_lr0.0003,ADAMW,2,MNIST,136,train_eval,0.9953171610832214,0.0009998801395719012,0.06215403995581448,
2025-09-14 16:57:41,ADAMW_lr0.0003,ADAMW,2,MNIST,136,val_eval,1.0222641229629517,0.0009998801395719012,0.06215403995581448,
2025-09-14 16:57:42,ADAMW_lr0.0003,ADAMW,2,MNIST,137,train_eval,1.0057640075683594,0.0009998733884909424,0.06215403995581448,
2025-09-14 16:57:42,ADAMW_lr0.0003,ADAMW,2,MNIST,137,val_eval,1.0002392530441284,0.0009998733884909424,0.06215403995581448,
2025-09-14 16:57:42,ADAMW_lr0.0003,ADAMW,2,MNIST,138,train_eval,1.0161974430084229,0.0009998664524840269,0.06215403995581448,
2025-09-14 16:57:42,ADAMW_lr0.0003,ADAMW,2,MNIST,138,val_eval,1.0144559144973755,0.0009998664524840269,0.06215403995581448,
2025-09-14 16:57:43,ADAMW_lr0.0003,ADAMW,2,MNIST,139,train_eval,0.9955191612243652,0.0009998593315540057,0.06215403995581448,
2025-09-14 16:57:43,ADAMW_lr0.0003,ADAMW,2,MNIST,139,val_eval,1.0126347541809082,0.0009998593315540057,0.06215403995581448,
2025-09-14 16:57:44,ADAMW_lr0.0003,ADAMW,2,MNIST,140,train_eval,0.996082067489624,0.000999852025703806,0.06215403995581448,
2025-09-14 16:57:44,ADAMW_lr0.0003,ADAMW,2,MNIST,140,val_eval,1.0045276880264282,0.000999852025703806,0.06215403995581448,
2025-09-14 16:57:44,ADAMW_lr0.0003,ADAMW,2,MNIST,140,train_iter,0.98906010389328,0.000999852025703806,0.06567487927268054,722.0466136932373
2025-09-14 16:57:45,ADAMW_lr0.0003,ADAMW,2,MNIST,141,train_eval,0.9965049028396606,0.0009998445349364308,0.06567487927268054,
2025-09-14 16:57:45,ADAMW_lr0.0003,ADAMW,2,MNIST,141,val_eval,1.0056029558181763,0.0009998445349364308,0.06567487927268054,
2025-09-14 16:57:45,ADAMW_lr0.0003,ADAMW,2,MNIST,142,train_eval,0.9805029034614563,0.0009998368592549595,0.06567487927268054,
2025-09-14 16:57:45,ADAMW_lr0.0003,ADAMW,2,MNIST,142,val_eval,0.9985896348953247,0.0009998368592549595,0.06567487927268054,
2025-09-14 16:57:46,ADAMW_lr0.0003,ADAMW,2,MNIST,143,train_eval,0.9935052990913391,0.000999828998662547,0.06567487927268054,
2025-09-14 16:57:46,ADAMW_lr0.0003,ADAMW,2,MNIST,143,val_eval,0.9902578592300415,0.000999828998662547,0.06567487927268054,
2025-09-14 16:57:47,ADAMW_lr0.0003,ADAMW,2,MNIST,144,train_eval,0.9994595050811768,0.000999820953162425,0.06567487927268054,
2025-09-14 16:57:47,ADAMW_lr0.0003,ADAMW,2,MNIST,144,val_eval,1.0019865036010742,0.000999820953162425,0.06567487927268054,
2025-09-14 16:57:48,ADAMW_lr0.0003,ADAMW,2,MNIST,145,train_eval,1.0092060565948486,0.0009998127227579003,0.06567487927268054,
2025-09-14 16:57:48,ADAMW_lr0.0003,ADAMW,2,MNIST,145,val_eval,0.9950853586196899,0.0009998127227579003,0.06567487927268054,
2025-09-14 16:57:49,ADAMW_lr0.0003,ADAMW,2,MNIST,146,train_eval,1.0006731748580933,0.000999804307452356,0.06567487927268054,
2025-09-14 16:57:49,ADAMW_lr0.0003,ADAMW,2,MNIST,146,val_eval,1.0009249448776245,0.000999804307452356,0.06567487927268054,
2025-09-14 16:57:49,ADAMW_lr0.0003,ADAMW,2,MNIST,147,train_eval,1.0047616958618164,0.0009997957072492515,0.06567487927268054,
2025-09-14 16:57:49,ADAMW_lr0.0003,ADAMW,2,MNIST,147,val_eval,1.0139051675796509,0.0009997957072492515,0.06567487927268054,
2025-09-14 16:57:50,ADAMW_lr0.0003,ADAMW,2,MNIST,148,train_eval,1.0034903287887573,0.0009997869221521221,0.06567487927268054,
2025-09-14 16:57:50,ADAMW_lr0.0003,ADAMW,2,MNIST,148,val_eval,1.0150331258773804,0.0009997869221521221,0.06567487927268054,
2025-09-14 16:57:52,ADAMW_lr0.0003,ADAMW,2,MNIST,149,train_eval,1.0124150514602661,0.0009997779521645793,0.06567487927268054,
2025-09-14 16:57:52,ADAMW_lr0.0003,ADAMW,2,MNIST,149,val_eval,0.997702956199646,0.0009997779521645793,0.06567487927268054,
2025-09-14 16:57:53,ADAMW_lr0.0003,ADAMW,2,MNIST,150,train_eval,0.9828985333442688,0.0009997687972903096,0.06567487927268054,
2025-09-14 16:57:53,ADAMW_lr0.0003,ADAMW,2,MNIST,150,val_eval,1.0138640403747559,0.0009997687972903096,0.06567487927268054,
2025-09-14 16:57:53,ADAMW_lr0.0003,ADAMW,2,MNIST,150,train_iter,0.9616639018058777,0.0009997687972903096,0.0647312315671941,1250.0393390655518
2025-09-14 16:57:54,ADAMW_lr0.0003,ADAMW,2,MNIST,151,train_eval,0.9839670062065125,0.0009997594575330766,0.0647312315671941,
2025-09-14 16:57:54,ADAMW_lr0.0003,ADAMW,2,MNIST,151,val_eval,0.993644118309021,0.0009997594575330766,0.0647312315671941,
2025-09-14 16:57:55,ADAMW_lr0.0003,ADAMW,2,MNIST,152,train_eval,1.0014703273773193,0.0009997499328967194,0.0647312315671941,
2025-09-14 16:57:55,ADAMW_lr0.0003,ADAMW,2,MNIST,152,val_eval,0.9983510375022888,0.0009997499328967194,0.0647312315671941,
2025-09-14 16:57:56,ADAMW_lr0.0003,ADAMW,2,MNIST,153,train_eval,1.0034509897232056,0.0009997402233851535,0.0647312315671941,
2025-09-14 16:57:56,ADAMW_lr0.0003,ADAMW,2,MNIST,153,val_eval,1.002369999885559,0.0009997402233851535,0.0647312315671941,
2025-09-14 16:57:57,ADAMW_lr0.0003,ADAMW,2,MNIST,154,train_eval,0.9942976236343384,0.00099973032900237,0.0647312315671941,
2025-09-14 16:57:57,ADAMW_lr0.0003,ADAMW,2,MNIST,154,val_eval,1.0087412595748901,0.00099973032900237,0.0647312315671941,
2025-09-14 16:57:58,ADAMW_lr0.0003,ADAMW,2,MNIST,155,train_eval,1.014434814453125,0.000999720249752436,0.0647312315671941,
2025-09-14 16:57:58,ADAMW_lr0.0003,ADAMW,2,MNIST,155,val_eval,1.0269346237182617,0.000999720249752436,0.0647312315671941,
2025-09-14 16:57:59,ADAMW_lr0.0003,ADAMW,2,MNIST,156,train_eval,1.0042747259140015,0.0009997099856394946,0.0647312315671941,
2025-09-14 16:57:59,ADAMW_lr0.0003,ADAMW,2,MNIST,156,val_eval,1.0253986120224,0.0009997099856394946,0.0647312315671941,
2025-09-14 16:58:00,ADAMW_lr0.0003,ADAMW,2,MNIST,157,train_eval,0.9837836623191833,0.0009996995366677653,0.0647312315671941,
2025-09-14 16:58:00,ADAMW_lr0.0003,ADAMW,2,MNIST,157,val_eval,0.9950030446052551,0.0009996995366677653,0.0647312315671941,
2025-09-14 16:58:01,ADAMW_lr0.0003,ADAMW,2,MNIST,158,train_eval,1.02229642868042,0.000999688902841543,0.0647312315671941,
2025-09-14 16:58:01,ADAMW_lr0.0003,ADAMW,2,MNIST,158,val_eval,1.0246226787567139,0.000999688902841543,0.0647312315671941,
2025-09-14 16:58:02,ADAMW_lr0.0003,ADAMW,2,MNIST,159,train_eval,0.9979321360588074,0.000999678084165199,0.0647312315671941,
2025-09-14 16:58:02,ADAMW_lr0.0003,ADAMW,2,MNIST,159,val_eval,1.008734107017517,0.000999678084165199,0.0647312315671941,
2025-09-14 16:58:03,ADAMW_lr0.0003,ADAMW,2,MNIST,160,train_eval,1.0097172260284424,0.0009996670806431804,0.0647312315671941,
2025-09-14 16:58:03,ADAMW_lr0.0003,ADAMW,2,MNIST,160,val_eval,1.011704921722412,0.0009996670806431804,0.0647312315671941,
2025-09-14 16:58:03,ADAMW_lr0.0003,ADAMW,2,MNIST,160,train_iter,0.8460575342178345,0.0009996670806431804,0.06608026443568482,898.7319469451904
2025-09-14 16:58:03,ADAMW_lr0.0003,ADAMW,2,MNIST,161,train_eval,1.0185215473175049,0.0009996558922800104,0.06608026443568482,
2025-09-14 16:58:03,ADAMW_lr0.0003,ADAMW,2,MNIST,161,val_eval,1.0029700994491577,0.0009996558922800104,0.06608026443568482,
2025-09-14 16:58:04,ADAMW_lr0.0003,ADAMW,2,MNIST,162,train_eval,0.9927937388420105,0.0009996445190802881,0.06608026443568482,
2025-09-14 16:58:04,ADAMW_lr0.0003,ADAMW,2,MNIST,162,val_eval,0.9959193468093872,0.0009996445190802881,0.06608026443568482,
2025-09-14 16:58:05,ADAMW_lr0.0003,ADAMW,2,MNIST,163,train_eval,1.0208388566970825,0.0009996329610486886,0.06608026443568482,
2025-09-14 16:58:05,ADAMW_lr0.0003,ADAMW,2,MNIST,163,val_eval,0.9857566356658936,0.0009996329610486886,0.06608026443568482,
2025-09-14 16:58:07,ADAMW_lr0.0003,ADAMW,2,MNIST,164,train_eval,1.0148780345916748,0.0009996212181899629,0.06608026443568482,
2025-09-14 16:58:07,ADAMW_lr0.0003,ADAMW,2,MNIST,164,val_eval,0.9828492999076843,0.0009996212181899629,0.06608026443568482,
2025-09-14 16:58:08,ADAMW_lr0.0003,ADAMW,2,MNIST,165,train_eval,0.9971705079078674,0.000999609290508938,0.06608026443568482,
2025-09-14 16:58:08,ADAMW_lr0.0003,ADAMW,2,MNIST,165,val_eval,1.0048730373382568,0.000999609290508938,0.06608026443568482,
2025-09-14 16:58:09,ADAMW_lr0.0003,ADAMW,2,MNIST,166,train_eval,1.002716064453125,0.000999597178010517,0.06608026443568482,
2025-09-14 16:58:09,ADAMW_lr0.0003,ADAMW,2,MNIST,166,val_eval,1.0118552446365356,0.000999597178010517,0.06608026443568482,
2025-09-14 16:58:10,ADAMW_lr0.0003,ADAMW,2,MNIST,167,train_eval,1.014277696609497,0.000999584880699679,0.06608026443568482,
2025-09-14 16:58:10,ADAMW_lr0.0003,ADAMW,2,MNIST,167,val_eval,1.0127747058868408,0.000999584880699679,0.06608026443568482,
2025-09-14 16:58:11,ADAMW_lr0.0003,ADAMW,2,MNIST,168,train_eval,1.0038882493972778,0.0009995723985814788,0.06608026443568482,
2025-09-14 16:58:11,ADAMW_lr0.0003,ADAMW,2,MNIST,168,val_eval,1.0048439502716064,0.0009995723985814788,0.06608026443568482,
2025-09-14 16:58:12,ADAMW_lr0.0003,ADAMW,2,MNIST,169,train_eval,1.006494164466858,0.0009995597316610474,0.06608026443568482,
2025-09-14 16:58:12,ADAMW_lr0.0003,ADAMW,2,MNIST,169,val_eval,1.0028941631317139,0.0009995597316610474,0.06608026443568482,
2025-09-14 16:58:13,ADAMW_lr0.0003,ADAMW,2,MNIST,170,train_eval,0.9956943988800049,0.0009995468799435915,0.06608026443568482,
2025-09-14 16:58:13,ADAMW_lr0.0003,ADAMW,2,MNIST,170,val_eval,0.9940992593765259,0.0009995468799435915,0.06608026443568482,
2025-09-14 16:58:13,ADAMW_lr0.0003,ADAMW,2,MNIST,170,train_iter,1.3945883512496948,0.0009995468799435915,0.0673153586361234,896.3296413421631
2025-09-14 16:58:14,ADAMW_lr0.0003,ADAMW,2,MNIST,171,train_eval,1.0078552961349487,0.0009995338434343943,0.0673153586361234,
2025-09-14 16:58:14,ADAMW_lr0.0003,ADAMW,2,MNIST,171,val_eval,0.9905139207839966,0.0009995338434343943,0.0673153586361234,
2025-09-14 16:58:14,ADAMW_lr0.0003,ADAMW,2,MNIST,172,train_eval,1.000717043876648,0.0009995206221388145,0.0673153586361234,
2025-09-14 16:58:14,ADAMW_lr0.0003,ADAMW,2,MNIST,172,val_eval,1.0032891035079956,0.0009995206221388145,0.0673153586361234,
2025-09-14 16:58:15,ADAMW_lr0.0003,ADAMW,2,MNIST,173,train_eval,0.9906423687934875,0.0009995072160622865,0.0673153586361234,
2025-09-14 16:58:15,ADAMW_lr0.0003,ADAMW,2,MNIST,173,val_eval,0.9851261377334595,0.0009995072160622865,0.0673153586361234,
2025-09-14 16:58:16,ADAMW_lr0.0003,ADAMW,2,MNIST,174,train_eval,1.0013511180877686,0.0009994936252103218,0.0673153586361234,
2025-09-14 16:58:16,ADAMW_lr0.0003,ADAMW,2,MNIST,174,val_eval,1.001570701599121,0.0009994936252103218,0.0673153586361234,
2025-09-14 16:58:17,ADAMW_lr0.0003,ADAMW,2,MNIST,175,train_eval,0.9810785055160522,0.0009994798495885063,0.0673153586361234,
2025-09-14 16:58:17,ADAMW_lr0.0003,ADAMW,2,MNIST,175,val_eval,0.9899120926856995,0.0009994798495885063,0.0673153586361234,
2025-09-14 16:58:18,ADAMW_lr0.0003,ADAMW,2,MNIST,176,train_eval,1.0165940523147583,0.000999465889202503,0.0673153586361234,
2025-09-14 16:58:18,ADAMW_lr0.0003,ADAMW,2,MNIST,176,val_eval,1.0054657459259033,0.000999465889202503,0.0673153586361234,
2025-09-14 16:58:19,ADAMW_lr0.0003,ADAMW,2,MNIST,177,train_eval,1.020424246788025,0.0009994517440580508,0.0673153586361234,
2025-09-14 16:58:19,ADAMW_lr0.0003,ADAMW,2,MNIST,177,val_eval,1.0038576126098633,0.0009994517440580508,0.0673153586361234,
2025-09-14 16:58:20,ADAMW_lr0.0003,ADAMW,2,MNIST,178,train_eval,0.9968496561050415,0.0009994374141609635,0.0673153586361234,
2025-09-14 16:58:20,ADAMW_lr0.0003,ADAMW,2,MNIST,178,val_eval,1.0112947225570679,0.0009994374141609635,0.0673153586361234,
2025-09-14 16:58:21,ADAMW_lr0.0003,ADAMW,2,MNIST,179,train_eval,0.9939179420471191,0.0009994228995171322,0.0673153586361234,
2025-09-14 16:58:21,ADAMW_lr0.0003,ADAMW,2,MNIST,179,val_eval,0.9966465830802917,0.0009994228995171322,0.0673153586361234,
2025-09-14 16:58:22,ADAMW_lr0.0003,ADAMW,2,MNIST,180,train_eval,0.976931095123291,0.000999408200132523,0.0673153586361234,
2025-09-14 16:58:22,ADAMW_lr0.0003,ADAMW,2,MNIST,180,val_eval,0.9967800378799438,0.000999408200132523,0.0673153586361234,
2025-09-14 16:58:22,ADAMW_lr0.0003,ADAMW,2,MNIST,180,train_iter,1.0118974447250366,0.000999408200132523,0.06844004380880025,894.8349952697754
2025-09-14 16:58:22,ADAMW_lr0.0003,ADAMW,2,MNIST,181,train_eval,0.998148500919342,0.0009993933160131784,0.06844004380880025,
2025-09-14 16:58:22,ADAMW_lr0.0003,ADAMW,2,MNIST,181,val_eval,1.0377296209335327,0.0009993933160131784,0.06844004380880025,
2025-09-14 16:58:23,ADAMW_lr0.0003,ADAMW,2,MNIST,182,train_eval,1.0005574226379395,0.0009993782471652167,0.06844004380880025,
2025-09-14 16:58:23,ADAMW_lr0.0003,ADAMW,2,MNIST,182,val_eval,1.0235201120376587,0.0009993782471652167,0.06844004380880025,
2025-09-14 16:58:24,ADAMW_lr0.0003,ADAMW,2,MNIST,183,train_eval,0.9877488017082214,0.0009993629935948318,0.06844004380880025,
2025-09-14 16:58:24,ADAMW_lr0.0003,ADAMW,2,MNIST,183,val_eval,1.0345195531845093,0.0009993629935948318,0.06844004380880025,
2025-09-14 16:58:25,ADAMW_lr0.0003,ADAMW,2,MNIST,184,train_eval,1.0059362649917603,0.0009993475553082944,0.06844004380880025,
2025-09-14 16:58:25,ADAMW_lr0.0003,ADAMW,2,MNIST,184,val_eval,1.0310087203979492,0.0009993475553082944,0.06844004380880025,
2025-09-14 16:58:26,ADAMW_lr0.0003,ADAMW,2,MNIST,185,train_eval,1.026214361190796,0.0009993319323119503,0.06844004380880025,
2025-09-14 16:58:26,ADAMW_lr0.0003,ADAMW,2,MNIST,185,val_eval,1.0170475244522095,0.0009993319323119503,0.06844004380880025,
2025-09-14 16:58:27,ADAMW_lr0.0003,ADAMW,2,MNIST,186,train_eval,1.0000622272491455,0.0009993161246122217,0.06844004380880025,
2025-09-14 16:58:27,ADAMW_lr0.0003,ADAMW,2,MNIST,186,val_eval,1.007775902748108,0.0009993161246122217,0.06844004380880025,
2025-09-14 16:58:28,ADAMW_lr0.0003,ADAMW,2,MNIST,187,train_eval,0.9870957732200623,0.0009993001322156061,0.06844004380880025,
2025-09-14 16:58:28,ADAMW_lr0.0003,ADAMW,2,MNIST,187,val_eval,1.0094099044799805,0.0009993001322156061,0.06844004380880025,
2025-09-14 16:58:29,ADAMW_lr0.0003,ADAMW,2,MNIST,188,train_eval,1.0149890184402466,0.000999283955128678,0.06844004380880025,
2025-09-14 16:58:29,ADAMW_lr0.0003,ADAMW,2,MNIST,188,val_eval,1.0037356615066528,0.000999283955128678,0.06844004380880025,
2025-09-14 16:58:30,ADAMW_lr0.0003,ADAMW,2,MNIST,189,train_eval,0.9985509514808655,0.000999267593358087,0.06844004380880025,
2025-09-14 16:58:30,ADAMW_lr0.0003,ADAMW,2,MNIST,189,val_eval,0.9985068440437317,0.000999267593358087,0.06844004380880025,
2025-09-14 16:58:31,ADAMW_lr0.0003,ADAMW,2,MNIST,190,train_eval,0.9957822561264038,0.0009992510469105584,0.06844004380880025,
2025-09-14 16:58:31,ADAMW_lr0.0003,ADAMW,2,MNIST,190,val_eval,1.001093864440918,0.0009992510469105584,0.06844004380880025,
2025-09-14 16:58:31,ADAMW_lr0.0003,ADAMW,2,MNIST,190,train_iter,1.184179663658142,0.0009992510469105584,0.06947698547017701,892.0276165008545
2025-09-14 16:58:31,ADAMW_lr0.0003,ADAMW,2,MNIST,191,train_eval,1.0053420066833496,0.000999234315792894,0.06947698547017701,
2025-09-14 16:58:31,ADAMW_lr0.0003,ADAMW,2,MNIST,191,val_eval,1.0108662843704224,0.000999234315792894,0.06947698547017701,
2025-09-14 16:58:32,ADAMW_lr0.0003,ADAMW,2,MNIST,192,train_eval,1.0122298002243042,0.0009992174000119718,0.06947698547017701,
2025-09-14 16:58:32,ADAMW_lr0.0003,ADAMW,2,MNIST,192,val_eval,1.0217323303222656,0.0009992174000119718,0.06947698547017701,
2025-09-14 16:58:33,ADAMW_lr0.0003,ADAMW,2,MNIST,193,train_eval,1.00667142868042,0.0009992002995747448,0.06947698547017701,
2025-09-14 16:58:33,ADAMW_lr0.0003,ADAMW,2,MNIST,193,val_eval,1.0278294086456299,0.0009992002995747448,0.06947698547017701,
2025-09-14 16:58:34,ADAMW_lr0.0003,ADAMW,2,MNIST,194,train_eval,1.009946346282959,0.0009991830144882423,0.06947698547017701,
2025-09-14 16:58:34,ADAMW_lr0.0003,ADAMW,2,MNIST,194,val_eval,1.0119165182113647,0.0009991830144882423,0.06947698547017701,
2025-09-14 16:58:35,ADAMW_lr0.0003,ADAMW,2,MNIST,195,train_eval,0.9991805553436279,0.0009991655447595697,0.06947698547017701,
2025-09-14 16:58:35,ADAMW_lr0.0003,ADAMW,2,MNIST,195,val_eval,1.0093510150909424,0.0009991655447595697,0.06947698547017701,
2025-09-14 16:58:36,ADAMW_lr0.0003,ADAMW,2,MNIST,196,train_eval,1.0075739622116089,0.0009991478903959082,0.06947698547017701,
2025-09-14 16:58:36,ADAMW_lr0.0003,ADAMW,2,MNIST,196,val_eval,0.993445873260498,0.0009991478903959082,0.06947698547017701,
2025-09-14 16:58:37,ADAMW_lr0.0003,ADAMW,2,MNIST,197,train_eval,0.9956443905830383,0.0009991300514045147,0.06947698547017701,
2025-09-14 16:58:37,ADAMW_lr0.0003,ADAMW,2,MNIST,197,val_eval,0.987993061542511,0.0009991300514045147,0.06947698547017701,
2025-09-14 16:58:38,ADAMW_lr0.0003,ADAMW,2,MNIST,198,train_eval,0.9871947765350342,0.0009991120277927223,0.06947698547017701,
2025-09-14 16:58:38,ADAMW_lr0.0003,ADAMW,2,MNIST,198,val_eval,1.0068554878234863,0.0009991120277927223,0.06947698547017701,
2025-09-14 16:58:39,ADAMW_lr0.0003,ADAMW,2,MNIST,199,train_eval,0.9834852814674377,0.0009990938195679395,0.06947698547017701,
2025-09-14 16:58:39,ADAMW_lr0.0003,ADAMW,2,MNIST,199,val_eval,1.0204157829284668,0.0009990938195679395,0.06947698547017701,
2025-09-14 16:58:39,ADAMW_lr0.0003,ADAMW,2,MNIST,200,train_eval,0.9610519409179688,0.0009990754267376514,0.06947698547017701,
2025-09-14 16:58:39,ADAMW_lr0.0003,ADAMW,2,MNIST,200,val_eval,0.9929955005645752,0.0009990754267376514,0.06947698547017701,
2025-09-14 17:00:44,ADAMW_lr0.0003,ADAMW,2,MNIST,200,train_iter,0.949434757232666,0.0009990754267376514,0.06258546818043151,125131.08205795288
2025-09-14 17:00:51,ADAMW_lr0.001,ADAMW,2,MNIST,0,train_eval,4.741961479187012,9.900990099009901e-06,,
2025-09-14 17:00:51,ADAMW_lr0.001,ADAMW,2,MNIST,0,val_eval,4.73953104019165,9.900990099009901e-06,,
2025-09-14 17:02:50,ADAMW_lr0.001,ADAMW,2,MNIST,0,train_iter,4.819905757904053,9.900990099009901e-06,,120893.96500587463
2025-09-14 17:02:51,ADAMW_lr0.001,ADAMW,2,MNIST,1,train_eval,3.6468966007232666,1.9801980198019803e-05,,
2025-09-14 17:02:51,ADAMW_lr0.001,ADAMW,2,MNIST,1,val_eval,3.646822929382324,1.9801980198019803e-05,,
2025-09-14 17:02:52,ADAMW_lr0.001,ADAMW,2,MNIST,2,train_eval,2.3303070068359375,2.9702970297029702e-05,,
2025-09-14 17:02:52,ADAMW_lr0.001,ADAMW,2,MNIST,2,val_eval,2.3443570137023926,2.9702970297029702e-05,,
2025-09-14 17:02:53,ADAMW_lr0.001,ADAMW,2,MNIST,3,train_eval,1.7007771730422974,3.9603960396039605e-05,,
2025-09-14 17:02:53,ADAMW_lr0.001,ADAMW,2,MNIST,3,val_eval,1.7274476289749146,3.9603960396039605e-05,,
2025-09-14 17:02:54,ADAMW_lr0.001,ADAMW,2,MNIST,4,train_eval,1.5077251195907593,4.950495049504951e-05,,
2025-09-14 17:02:54,ADAMW_lr0.001,ADAMW,2,MNIST,4,val_eval,1.486322283744812,4.950495049504951e-05,,
2025-09-14 17:02:55,ADAMW_lr0.001,ADAMW,2,MNIST,5,train_eval,1.4581513404846191,5.9405940594059404e-05,,
2025-09-14 17:02:55,ADAMW_lr0.001,ADAMW,2,MNIST,5,val_eval,1.4291579723358154,5.9405940594059404e-05,,
2025-09-14 17:02:57,ADAMW_lr0.001,ADAMW,2,MNIST,6,train_eval,1.4300919771194458,6.930693069306931e-05,,
2025-09-14 17:02:57,ADAMW_lr0.001,ADAMW,2,MNIST,6,val_eval,1.4348536729812622,6.930693069306931e-05,,
2025-09-14 17:02:58,ADAMW_lr0.001,ADAMW,2,MNIST,7,train_eval,1.3275560140609741,7.920792079207921e-05,,
2025-09-14 17:02:58,ADAMW_lr0.001,ADAMW,2,MNIST,7,val_eval,1.3344213962554932,7.920792079207921e-05,,
2025-09-14 17:02:59,ADAMW_lr0.001,ADAMW,2,MNIST,8,train_eval,1.3228076696395874,8.910891089108912e-05,,
2025-09-14 17:02:59,ADAMW_lr0.001,ADAMW,2,MNIST,8,val_eval,1.3130875825881958,8.910891089108912e-05,,
2025-09-14 17:03:01,ADAMW_lr0.001,ADAMW,2,MNIST,9,train_eval,1.2394888401031494,9.900990099009902e-05,,
2025-09-14 17:03:01,ADAMW_lr0.001,ADAMW,2,MNIST,9,val_eval,1.2354860305786133,9.900990099009902e-05,,
2025-09-14 17:03:02,ADAMW_lr0.001,ADAMW,2,MNIST,10,train_eval,1.1410136222839355,0.0001089108910891089,,
2025-09-14 17:03:02,ADAMW_lr0.001,ADAMW,2,MNIST,10,val_eval,1.1891789436340332,0.0001089108910891089,,
2025-09-14 17:03:02,ADAMW_lr0.001,ADAMW,2,MNIST,10,train_iter,1.0720195770263672,0.0001089108910891089,0.05265014911615884,1335.2329730987549
2025-09-14 17:03:03,ADAMW_lr0.001,ADAMW,2,MNIST,11,train_eval,1.1995254755020142,0.00011881188118811881,0.05265014911615884,
2025-09-14 17:03:03,ADAMW_lr0.001,ADAMW,2,MNIST,11,val_eval,1.207625150680542,0.00011881188118811881,0.05265014911615884,
2025-09-14 17:03:04,ADAMW_lr0.001,ADAMW,2,MNIST,12,train_eval,1.1420166492462158,0.00012871287128712872,0.05265014911615884,
2025-09-14 17:03:04,ADAMW_lr0.001,ADAMW,2,MNIST,12,val_eval,1.150894284248352,0.00012871287128712872,0.05265014911615884,
2025-09-14 17:03:06,ADAMW_lr0.001,ADAMW,2,MNIST,13,train_eval,1.2879773378372192,0.00013861386138613863,0.05265014911615884,
2025-09-14 17:03:06,ADAMW_lr0.001,ADAMW,2,MNIST,13,val_eval,1.2983102798461914,0.00013861386138613863,0.05265014911615884,
2025-09-14 17:03:06,ADAMW_lr0.001,ADAMW,2,MNIST,14,train_eval,1.2731730937957764,0.0001485148514851485,0.05265014911615884,
2025-09-14 17:03:06,ADAMW_lr0.001,ADAMW,2,MNIST,14,val_eval,1.2637475728988647,0.0001485148514851485,0.05265014911615884,
2025-09-14 17:03:07,ADAMW_lr0.001,ADAMW,2,MNIST,15,train_eval,1.13913893699646,0.00015841584158415842,0.05265014911615884,
2025-09-14 17:03:07,ADAMW_lr0.001,ADAMW,2,MNIST,15,val_eval,1.1301273107528687,0.00015841584158415842,0.05265014911615884,
2025-09-14 17:03:09,ADAMW_lr0.001,ADAMW,2,MNIST,16,train_eval,1.1638875007629395,0.00016831683168316833,0.05265014911615884,
2025-09-14 17:03:09,ADAMW_lr0.001,ADAMW,2,MNIST,16,val_eval,1.1528795957565308,0.00016831683168316833,0.05265014911615884,
2025-09-14 17:03:10,ADAMW_lr0.001,ADAMW,2,MNIST,17,train_eval,1.1200878620147705,0.00017821782178217824,0.05265014911615884,
2025-09-14 17:03:10,ADAMW_lr0.001,ADAMW,2,MNIST,17,val_eval,1.1306217908859253,0.00017821782178217824,0.05265014911615884,
2025-09-14 17:03:11,ADAMW_lr0.001,ADAMW,2,MNIST,18,train_eval,1.10786771774292,0.00018811881188118812,0.05265014911615884,
2025-09-14 17:03:11,ADAMW_lr0.001,ADAMW,2,MNIST,18,val_eval,1.1170036792755127,0.00018811881188118812,0.05265014911615884,
2025-09-14 17:03:12,ADAMW_lr0.001,ADAMW,2,MNIST,19,train_eval,1.090191125869751,0.00019801980198019803,0.05265014911615884,
2025-09-14 17:03:12,ADAMW_lr0.001,ADAMW,2,MNIST,19,val_eval,1.1290814876556396,0.00019801980198019803,0.05265014911615884,
2025-09-14 17:03:13,ADAMW_lr0.001,ADAMW,2,MNIST,20,train_eval,1.0875533819198608,0.00020792079207920794,0.05265014911615884,
2025-09-14 17:03:13,ADAMW_lr0.001,ADAMW,2,MNIST,20,val_eval,1.122583031654358,0.00020792079207920794,0.05265014911615884,
2025-09-14 17:03:13,ADAMW_lr0.001,ADAMW,2,MNIST,20,train_iter,1.1049134731292725,0.00020792079207920794,0.05522214696833631,897.0282077789307
2025-09-14 17:03:14,ADAMW_lr0.001,ADAMW,2,MNIST,21,train_eval,1.078588604927063,0.0002178217821782178,0.05522214696833631,
2025-09-14 17:03:14,ADAMW_lr0.001,ADAMW,2,MNIST,21,val_eval,1.1124516725540161,0.0002178217821782178,0.05522214696833631,
2025-09-14 17:03:15,ADAMW_lr0.001,ADAMW,2,MNIST,22,train_eval,1.0766922235488892,0.0002277227722772277,0.05522214696833631,
2025-09-14 17:03:15,ADAMW_lr0.001,ADAMW,2,MNIST,22,val_eval,1.1080942153930664,0.0002277227722772277,0.05522214696833631,
2025-09-14 17:03:16,ADAMW_lr0.001,ADAMW,2,MNIST,23,train_eval,1.0711071491241455,0.00023762376237623762,0.05522214696833631,
2025-09-14 17:03:16,ADAMW_lr0.001,ADAMW,2,MNIST,23,val_eval,1.1028538942337036,0.00023762376237623762,0.05522214696833631,
2025-09-14 17:03:17,ADAMW_lr0.001,ADAMW,2,MNIST,24,train_eval,1.0666959285736084,0.00024752475247524753,0.05522214696833631,
2025-09-14 17:03:17,ADAMW_lr0.001,ADAMW,2,MNIST,24,val_eval,1.1037245988845825,0.00024752475247524753,0.05522214696833631,
2025-09-14 17:03:18,ADAMW_lr0.001,ADAMW,2,MNIST,25,train_eval,1.1035430431365967,0.00025742574257425744,0.05522214696833631,
2025-09-14 17:03:18,ADAMW_lr0.001,ADAMW,2,MNIST,25,val_eval,1.0956898927688599,0.00025742574257425744,0.05522214696833631,
2025-09-14 17:03:20,ADAMW_lr0.001,ADAMW,2,MNIST,26,train_eval,1.0798945426940918,0.00026732673267326735,0.05522214696833631,
2025-09-14 17:03:20,ADAMW_lr0.001,ADAMW,2,MNIST,26,val_eval,1.0976531505584717,0.00026732673267326735,0.05522214696833631,
2025-09-14 17:03:21,ADAMW_lr0.001,ADAMW,2,MNIST,27,train_eval,1.0844125747680664,0.00027722772277227726,0.05522214696833631,
2025-09-14 17:03:21,ADAMW_lr0.001,ADAMW,2,MNIST,27,val_eval,1.0930291414260864,0.00027722772277227726,0.05522214696833631,
2025-09-14 17:03:22,ADAMW_lr0.001,ADAMW,2,MNIST,28,train_eval,1.0684709548950195,0.00028712871287128717,0.05522214696833631,
2025-09-14 17:03:22,ADAMW_lr0.001,ADAMW,2,MNIST,28,val_eval,1.0733428001403809,0.00028712871287128717,0.05522214696833631,
2025-09-14 17:03:23,ADAMW_lr0.001,ADAMW,2,MNIST,29,train_eval,1.0809814929962158,0.000297029702970297,0.05522214696833631,
2025-09-14 17:03:23,ADAMW_lr0.001,ADAMW,2,MNIST,29,val_eval,1.0818978548049927,0.000297029702970297,0.05522214696833631,
2025-09-14 17:03:24,ADAMW_lr0.001,ADAMW,2,MNIST,30,train_eval,1.0808178186416626,0.00030693069306930693,0.05522214696833631,
2025-09-14 17:03:24,ADAMW_lr0.001,ADAMW,2,MNIST,30,val_eval,1.094069004058838,0.00030693069306930693,0.05522214696833631,
2025-09-14 17:03:24,ADAMW_lr0.001,ADAMW,2,MNIST,30,train_iter,1.2818284034729004,0.00030693069306930693,0.05763467175585334,885.9801292419434
2025-09-14 17:03:25,ADAMW_lr0.001,ADAMW,2,MNIST,31,train_eval,1.0711565017700195,0.00031683168316831684,0.05763467175585334,
2025-09-14 17:03:25,ADAMW_lr0.001,ADAMW,2,MNIST,31,val_eval,1.0728764533996582,0.00031683168316831684,0.05763467175585334,
2025-09-14 17:03:26,ADAMW_lr0.001,ADAMW,2,MNIST,32,train_eval,1.0606999397277832,0.00032673267326732675,0.05763467175585334,
2025-09-14 17:03:26,ADAMW_lr0.001,ADAMW,2,MNIST,32,val_eval,1.0583454370498657,0.00032673267326732675,0.05763467175585334,
2025-09-14 17:03:28,ADAMW_lr0.001,ADAMW,2,MNIST,33,train_eval,1.0478730201721191,0.00033663366336633666,0.05763467175585334,
2025-09-14 17:03:28,ADAMW_lr0.001,ADAMW,2,MNIST,33,val_eval,1.056870937347412,0.00033663366336633666,0.05763467175585334,
2025-09-14 17:03:29,ADAMW_lr0.001,ADAMW,2,MNIST,34,train_eval,1.0405032634735107,0.00034653465346534657,0.05763467175585334,
2025-09-14 17:03:29,ADAMW_lr0.001,ADAMW,2,MNIST,34,val_eval,1.037192463874817,0.00034653465346534657,0.05763467175585334,
2025-09-14 17:03:31,ADAMW_lr0.001,ADAMW,2,MNIST,35,train_eval,1.0550955533981323,0.0003564356435643565,0.05763467175585334,
2025-09-14 17:03:31,ADAMW_lr0.001,ADAMW,2,MNIST,35,val_eval,1.0539424419403076,0.0003564356435643565,0.05763467175585334,
2025-09-14 17:03:31,ADAMW_lr0.001,ADAMW,2,MNIST,36,train_eval,1.030759334564209,0.00036633663366336634,0.05763467175585334,
2025-09-14 17:03:31,ADAMW_lr0.001,ADAMW,2,MNIST,36,val_eval,1.0377168655395508,0.00036633663366336634,0.05763467175585334,
2025-09-14 17:03:32,ADAMW_lr0.001,ADAMW,2,MNIST,37,train_eval,1.054693579673767,0.00037623762376237625,0.05763467175585334,
2025-09-14 17:03:32,ADAMW_lr0.001,ADAMW,2,MNIST,37,val_eval,1.0386463403701782,0.00037623762376237625,0.05763467175585334,
2025-09-14 17:03:33,ADAMW_lr0.001,ADAMW,2,MNIST,38,train_eval,1.0487561225891113,0.00038613861386138616,0.05763467175585334,
2025-09-14 17:03:33,ADAMW_lr0.001,ADAMW,2,MNIST,38,val_eval,1.0442798137664795,0.00038613861386138616,0.05763467175585334,
2025-09-14 17:03:34,ADAMW_lr0.001,ADAMW,2,MNIST,39,train_eval,1.0370687246322632,0.00039603960396039607,0.05763467175585334,
2025-09-14 17:03:34,ADAMW_lr0.001,ADAMW,2,MNIST,39,val_eval,1.027636170387268,0.00039603960396039607,0.05763467175585334,
2025-09-14 17:03:35,ADAMW_lr0.001,ADAMW,2,MNIST,40,train_eval,1.039069652557373,0.000405940594059406,0.05763467175585334,
2025-09-14 17:03:35,ADAMW_lr0.001,ADAMW,2,MNIST,40,val_eval,1.0046350955963135,0.000405940594059406,0.05763467175585334,
2025-09-14 17:03:36,ADAMW_lr0.001,ADAMW,2,MNIST,40,train_iter,0.7801510691642761,0.000405940594059406,0.05721378477376291,1315.847635269165
2025-09-14 17:03:37,ADAMW_lr0.001,ADAMW,2,MNIST,41,train_eval,1.0391428470611572,0.0004158415841584159,0.05721378477376291,
2025-09-14 17:03:37,ADAMW_lr0.001,ADAMW,2,MNIST,41,val_eval,1.0327104330062866,0.0004158415841584159,0.05721378477376291,
2025-09-14 17:03:38,ADAMW_lr0.001,ADAMW,2,MNIST,42,train_eval,1.0562660694122314,0.0004257425742574258,0.05721378477376291,
2025-09-14 17:03:38,ADAMW_lr0.001,ADAMW,2,MNIST,42,val_eval,1.0728625059127808,0.0004257425742574258,0.05721378477376291,
2025-09-14 17:03:38,ADAMW_lr0.001,ADAMW,2,MNIST,43,train_eval,1.0362876653671265,0.0004356435643564356,0.05721378477376291,
2025-09-14 17:03:38,ADAMW_lr0.001,ADAMW,2,MNIST,43,val_eval,1.02715265750885,0.0004356435643564356,0.05721378477376291,
2025-09-14 17:03:39,ADAMW_lr0.001,ADAMW,2,MNIST,44,train_eval,1.033827781677246,0.0004455445544554455,0.05721378477376291,
2025-09-14 17:03:39,ADAMW_lr0.001,ADAMW,2,MNIST,44,val_eval,1.0230321884155273,0.0004455445544554455,0.05721378477376291,
2025-09-14 17:03:40,ADAMW_lr0.001,ADAMW,2,MNIST,45,train_eval,1.0618213415145874,0.0004554455445544554,0.05721378477376291,
2025-09-14 17:03:40,ADAMW_lr0.001,ADAMW,2,MNIST,45,val_eval,1.041306972503662,0.0004554455445544554,0.05721378477376291,
2025-09-14 17:03:41,ADAMW_lr0.001,ADAMW,2,MNIST,46,train_eval,1.0320441722869873,0.0004653465346534653,0.05721378477376291,
2025-09-14 17:03:41,ADAMW_lr0.001,ADAMW,2,MNIST,46,val_eval,1.0297964811325073,0.0004653465346534653,0.05721378477376291,
2025-09-14 17:03:42,ADAMW_lr0.001,ADAMW,2,MNIST,47,train_eval,1.0345911979675293,0.00047524752475247524,0.05721378477376291,
2025-09-14 17:03:42,ADAMW_lr0.001,ADAMW,2,MNIST,47,val_eval,1.0552549362182617,0.00047524752475247524,0.05721378477376291,
2025-09-14 17:03:43,ADAMW_lr0.001,ADAMW,2,MNIST,48,train_eval,1.0341988801956177,0.00048514851485148515,0.05721378477376291,
2025-09-14 17:03:43,ADAMW_lr0.001,ADAMW,2,MNIST,48,val_eval,1.0285580158233643,0.00048514851485148515,0.05721378477376291,
2025-09-14 17:03:44,ADAMW_lr0.001,ADAMW,2,MNIST,49,train_eval,1.0248011350631714,0.0004950495049504951,0.05721378477376291,
2025-09-14 17:03:44,ADAMW_lr0.001,ADAMW,2,MNIST,49,val_eval,1.0219937562942505,0.0004950495049504951,0.05721378477376291,
2025-09-14 17:03:45,ADAMW_lr0.001,ADAMW,2,MNIST,50,train_eval,1.0354357957839966,0.000504950495049505,0.05721378477376291,
2025-09-14 17:03:45,ADAMW_lr0.001,ADAMW,2,MNIST,50,val_eval,1.0614911317825317,0.000504950495049505,0.05721378477376291,
2025-09-14 17:03:45,ADAMW_lr0.001,ADAMW,2,MNIST,50,train_iter,0.9567319750785828,0.000504950495049505,0.059405723157476005,888.3786201477051
2025-09-14 17:03:46,ADAMW_lr0.001,ADAMW,2,MNIST,51,train_eval,1.0281615257263184,0.0005148514851485149,0.059405723157476005,
2025-09-14 17:03:46,ADAMW_lr0.001,ADAMW,2,MNIST,51,val_eval,1.0510231256484985,0.0005148514851485149,0.059405723157476005,
2025-09-14 17:03:46,ADAMW_lr0.001,ADAMW,2,MNIST,52,train_eval,1.0477150678634644,0.0005247524752475248,0.059405723157476005,
2025-09-14 17:03:46,ADAMW_lr0.001,ADAMW,2,MNIST,52,val_eval,1.040938377380371,0.0005247524752475248,0.059405723157476005,
2025-09-14 17:03:47,ADAMW_lr0.001,ADAMW,2,MNIST,53,train_eval,1.0381009578704834,0.0005346534653465347,0.059405723157476005,
2025-09-14 17:03:47,ADAMW_lr0.001,ADAMW,2,MNIST,53,val_eval,1.052099585533142,0.0005346534653465347,0.059405723157476005,
2025-09-14 17:03:48,ADAMW_lr0.001,ADAMW,2,MNIST,54,train_eval,1.0616729259490967,0.0005445544554455446,0.059405723157476005,
2025-09-14 17:03:48,ADAMW_lr0.001,ADAMW,2,MNIST,54,val_eval,1.0816441774368286,0.0005445544554455446,0.059405723157476005,
2025-09-14 17:03:49,ADAMW_lr0.001,ADAMW,2,MNIST,55,train_eval,1.051202654838562,0.0005544554455445545,0.059405723157476005,
2025-09-14 17:03:49,ADAMW_lr0.001,ADAMW,2,MNIST,55,val_eval,1.04803466796875,0.0005544554455445545,0.059405723157476005,
2025-09-14 17:03:50,ADAMW_lr0.001,ADAMW,2,MNIST,56,train_eval,1.051203727722168,0.0005643564356435644,0.059405723157476005,
2025-09-14 17:03:50,ADAMW_lr0.001,ADAMW,2,MNIST,56,val_eval,1.027673363685608,0.0005643564356435644,0.059405723157476005,
2025-09-14 17:03:51,ADAMW_lr0.001,ADAMW,2,MNIST,57,train_eval,1.037947416305542,0.0005742574257425743,0.059405723157476005,
2025-09-14 17:03:51,ADAMW_lr0.001,ADAMW,2,MNIST,57,val_eval,1.0312323570251465,0.0005742574257425743,0.059405723157476005,
2025-09-14 17:03:52,ADAMW_lr0.001,ADAMW,2,MNIST,58,train_eval,1.0282483100891113,0.0005841584158415842,0.059405723157476005,
2025-09-14 17:03:52,ADAMW_lr0.001,ADAMW,2,MNIST,58,val_eval,1.0228723287582397,0.0005841584158415842,0.059405723157476005,
2025-09-14 17:03:53,ADAMW_lr0.001,ADAMW,2,MNIST,59,train_eval,1.0302603244781494,0.000594059405940594,0.059405723157476005,
2025-09-14 17:03:53,ADAMW_lr0.001,ADAMW,2,MNIST,59,val_eval,1.0425646305084229,0.000594059405940594,0.059405723157476005,
2025-09-14 17:03:54,ADAMW_lr0.001,ADAMW,2,MNIST,60,train_eval,1.0183193683624268,0.000603960396039604,0.059405723157476005,
2025-09-14 17:03:54,ADAMW_lr0.001,ADAMW,2,MNIST,60,val_eval,1.0294209718704224,0.000603960396039604,0.059405723157476005,
2025-09-14 17:03:54,ADAMW_lr0.001,ADAMW,2,MNIST,60,train_iter,1.055415153503418,0.000603960396039604,0.061402066742912806,885.7371807098389
2025-09-14 17:03:54,ADAMW_lr0.001,ADAMW,2,MNIST,61,train_eval,1.0204651355743408,0.0006138613861386139,0.061402066742912806,
2025-09-14 17:03:54,ADAMW_lr0.001,ADAMW,2,MNIST,61,val_eval,1.0156629085540771,0.0006138613861386139,0.061402066742912806,
2025-09-14 17:03:55,ADAMW_lr0.001,ADAMW,2,MNIST,62,train_eval,1.016085147857666,0.0006237623762376238,0.061402066742912806,
2025-09-14 17:03:55,ADAMW_lr0.001,ADAMW,2,MNIST,62,val_eval,1.0109080076217651,0.0006237623762376238,0.061402066742912806,
2025-09-14 17:03:56,ADAMW_lr0.001,ADAMW,2,MNIST,63,train_eval,1.0129103660583496,0.0006336633663366337,0.061402066742912806,
2025-09-14 17:03:56,ADAMW_lr0.001,ADAMW,2,MNIST,63,val_eval,1.0335191488265991,0.0006336633663366337,0.061402066742912806,
2025-09-14 17:03:57,ADAMW_lr0.001,ADAMW,2,MNIST,64,train_eval,1.0220842361450195,0.0006435643564356436,0.061402066742912806,
2025-09-14 17:03:57,ADAMW_lr0.001,ADAMW,2,MNIST,64,val_eval,1.0472511053085327,0.0006435643564356436,0.061402066742912806,
2025-09-14 17:03:58,ADAMW_lr0.001,ADAMW,2,MNIST,65,train_eval,1.0299586057662964,0.0006534653465346535,0.061402066742912806,
2025-09-14 17:03:58,ADAMW_lr0.001,ADAMW,2,MNIST,65,val_eval,1.042912244796753,0.0006534653465346535,0.061402066742912806,
2025-09-14 17:03:58,ADAMW_lr0.001,ADAMW,2,MNIST,66,train_eval,1.0320342779159546,0.0006633663366336634,0.061402066742912806,
2025-09-14 17:03:58,ADAMW_lr0.001,ADAMW,2,MNIST,66,val_eval,1.0376005172729492,0.0006633663366336634,0.061402066742912806,
2025-09-14 17:03:59,ADAMW_lr0.001,ADAMW,2,MNIST,67,train_eval,1.02433180809021,0.0006732673267326733,0.061402066742912806,
2025-09-14 17:03:59,ADAMW_lr0.001,ADAMW,2,MNIST,67,val_eval,1.0250818729400635,0.0006732673267326733,0.061402066742912806,
2025-09-14 17:04:00,ADAMW_lr0.001,ADAMW,2,MNIST,68,train_eval,1.0210185050964355,0.0006831683168316832,0.061402066742912806,
2025-09-14 17:04:00,ADAMW_lr0.001,ADAMW,2,MNIST,68,val_eval,1.0155858993530273,0.0006831683168316832,0.061402066742912806,
2025-09-14 17:04:01,ADAMW_lr0.001,ADAMW,2,MNIST,69,train_eval,1.0258616209030151,0.0006930693069306931,0.061402066742912806,
2025-09-14 17:04:01,ADAMW_lr0.001,ADAMW,2,MNIST,69,val_eval,1.0257195234298706,0.0006930693069306931,0.061402066742912806,
2025-09-14 17:04:01,ADAMW_lr0.001,ADAMW,2,MNIST,70,train_eval,1.0034089088439941,0.000702970297029703,0.061402066742912806,
2025-09-14 17:04:01,ADAMW_lr0.001,ADAMW,2,MNIST,70,val_eval,1.0142022371292114,0.000702970297029703,0.061402066742912806,
2025-09-14 17:04:01,ADAMW_lr0.001,ADAMW,2,MNIST,70,train_iter,0.988987922668457,0.000702970297029703,0.06473093240405178,742.4192428588867
2025-09-14 17:04:02,ADAMW_lr0.001,ADAMW,2,MNIST,71,train_eval,1.02644944190979,0.000712871287128713,0.06473093240405178,
2025-09-14 17:04:02,ADAMW_lr0.001,ADAMW,2,MNIST,71,val_eval,1.0189334154129028,0.000712871287128713,0.06473093240405178,
2025-09-14 17:04:03,ADAMW_lr0.001,ADAMW,2,MNIST,72,train_eval,1.0181536674499512,0.0007227722772277228,0.06473093240405178,
2025-09-14 17:04:03,ADAMW_lr0.001,ADAMW,2,MNIST,72,val_eval,1.0117658376693726,0.0007227722772277228,0.06473093240405178,
2025-09-14 17:04:03,ADAMW_lr0.001,ADAMW,2,MNIST,73,train_eval,1.0358942747116089,0.0007326732673267327,0.06473093240405178,
2025-09-14 17:04:03,ADAMW_lr0.001,ADAMW,2,MNIST,73,val_eval,1.026447057723999,0.0007326732673267327,0.06473093240405178,
2025-09-14 17:04:04,ADAMW_lr0.001,ADAMW,2,MNIST,74,train_eval,1.035170078277588,0.0007425742574257426,0.06473093240405178,
2025-09-14 17:04:04,ADAMW_lr0.001,ADAMW,2,MNIST,74,val_eval,1.0277466773986816,0.0007425742574257426,0.06473093240405178,
2025-09-14 17:04:05,ADAMW_lr0.001,ADAMW,2,MNIST,75,train_eval,1.0243093967437744,0.0007524752475247525,0.06473093240405178,
2025-09-14 17:04:05,ADAMW_lr0.001,ADAMW,2,MNIST,75,val_eval,1.0326203107833862,0.0007524752475247525,0.06473093240405178,
2025-09-14 17:04:06,ADAMW_lr0.001,ADAMW,2,MNIST,76,train_eval,1.0057049989700317,0.0007623762376237624,0.06473093240405178,
2025-09-14 17:04:06,ADAMW_lr0.001,ADAMW,2,MNIST,76,val_eval,1.0283045768737793,0.0007623762376237624,0.06473093240405178,
2025-09-14 17:04:07,ADAMW_lr0.001,ADAMW,2,MNIST,77,train_eval,1.023394227027893,0.0007722772277227723,0.06473093240405178,
2025-09-14 17:04:07,ADAMW_lr0.001,ADAMW,2,MNIST,77,val_eval,1.0312187671661377,0.0007722772277227723,0.06473093240405178,
2025-09-14 17:04:08,ADAMW_lr0.001,ADAMW,2,MNIST,78,train_eval,1.019139051437378,0.0007821782178217822,0.06473093240405178,
2025-09-14 17:04:08,ADAMW_lr0.001,ADAMW,2,MNIST,78,val_eval,1.002585768699646,0.0007821782178217822,0.06473093240405178,
2025-09-14 17:04:10,ADAMW_lr0.001,ADAMW,2,MNIST,79,train_eval,1.0059016942977905,0.0007920792079207921,0.06473093240405178,
2025-09-14 17:04:10,ADAMW_lr0.001,ADAMW,2,MNIST,79,val_eval,1.0316612720489502,0.0007920792079207921,0.06473093240405178,
2025-09-14 17:04:11,ADAMW_lr0.001,ADAMW,2,MNIST,80,train_eval,0.996763288974762,0.000801980198019802,0.06473093240405178,
2025-09-14 17:04:11,ADAMW_lr0.001,ADAMW,2,MNIST,80,val_eval,1.0218520164489746,0.000801980198019802,0.06473093240405178,
2025-09-14 17:04:11,ADAMW_lr0.001,ADAMW,2,MNIST,80,train_iter,1.2778208255767822,0.000801980198019802,0.06393214925105328,1238.9209270477295
2025-09-14 17:04:12,ADAMW_lr0.001,ADAMW,2,MNIST,81,train_eval,0.9982864260673523,0.000811881188118812,0.06393214925105328,
2025-09-14 17:04:12,ADAMW_lr0.001,ADAMW,2,MNIST,81,val_eval,1.0154937505722046,0.000811881188118812,0.06393214925105328,
2025-09-14 17:04:13,ADAMW_lr0.001,ADAMW,2,MNIST,82,train_eval,1.0093616247177124,0.0008217821782178219,0.06393214925105328,
2025-09-14 17:04:13,ADAMW_lr0.001,ADAMW,2,MNIST,82,val_eval,0.9990190267562866,0.0008217821782178219,0.06393214925105328,
2025-09-14 17:04:15,ADAMW_lr0.001,ADAMW,2,MNIST,83,train_eval,1.014621615409851,0.0008316831683168318,0.06393214925105328,
2025-09-14 17:04:15,ADAMW_lr0.001,ADAMW,2,MNIST,83,val_eval,1.0011061429977417,0.0008316831683168318,0.06393214925105328,
2025-09-14 17:04:15,ADAMW_lr0.001,ADAMW,2,MNIST,84,train_eval,0.9979705810546875,0.0008415841584158417,0.06393214925105328,
2025-09-14 17:04:15,ADAMW_lr0.001,ADAMW,2,MNIST,84,val_eval,1.020259976387024,0.0008415841584158417,0.06393214925105328,
2025-09-14 17:04:16,ADAMW_lr0.001,ADAMW,2,MNIST,85,train_eval,1.0347623825073242,0.0008514851485148516,0.06393214925105328,
2025-09-14 17:04:16,ADAMW_lr0.001,ADAMW,2,MNIST,85,val_eval,1.0302094221115112,0.0008514851485148516,0.06393214925105328,
2025-09-14 17:04:17,ADAMW_lr0.001,ADAMW,2,MNIST,86,train_eval,1.034003496170044,0.0008613861386138615,0.06393214925105328,
2025-09-14 17:04:17,ADAMW_lr0.001,ADAMW,2,MNIST,86,val_eval,1.0186994075775146,0.0008613861386138615,0.06393214925105328,
2025-09-14 17:04:18,ADAMW_lr0.001,ADAMW,2,MNIST,87,train_eval,1.040444016456604,0.0008712871287128712,0.06393214925105328,
2025-09-14 17:04:18,ADAMW_lr0.001,ADAMW,2,MNIST,87,val_eval,1.0246872901916504,0.0008712871287128712,0.06393214925105328,
2025-09-14 17:04:19,ADAMW_lr0.001,ADAMW,2,MNIST,88,train_eval,1.0109056234359741,0.0008811881188118811,0.06393214925105328,
2025-09-14 17:04:19,ADAMW_lr0.001,ADAMW,2,MNIST,88,val_eval,1.049316167831421,0.0008811881188118811,0.06393214925105328,
2025-09-14 17:04:20,ADAMW_lr0.001,ADAMW,2,MNIST,89,train_eval,1.0051096677780151,0.000891089108910891,0.06393214925105328,
2025-09-14 17:04:20,ADAMW_lr0.001,ADAMW,2,MNIST,89,val_eval,1.0199304819107056,0.000891089108910891,0.06393214925105328,
2025-09-14 17:04:21,ADAMW_lr0.001,ADAMW,2,MNIST,90,train_eval,0.9908340573310852,0.0009009900990099009,0.06393214925105328,
2025-09-14 17:04:21,ADAMW_lr0.001,ADAMW,2,MNIST,90,val_eval,1.0130374431610107,0.0009009900990099009,0.06393214925105328,
2025-09-14 17:04:21,ADAMW_lr0.001,ADAMW,2,MNIST,90,train_iter,0.9367203712463379,0.0009009900990099009,0.0654744703386021,885.8911991119385
2025-09-14 17:04:22,ADAMW_lr0.001,ADAMW,2,MNIST,91,train_eval,1.0005995035171509,0.0009108910891089108,0.0654744703386021,
2025-09-14 17:04:22,ADAMW_lr0.001,ADAMW,2,MNIST,91,val_eval,1.0151876211166382,0.0009108910891089108,0.0654744703386021,
2025-09-14 17:04:23,ADAMW_lr0.001,ADAMW,2,MNIST,92,train_eval,1.0303235054016113,0.0009207920792079207,0.0654744703386021,
2025-09-14 17:04:23,ADAMW_lr0.001,ADAMW,2,MNIST,92,val_eval,1.0263620615005493,0.0009207920792079207,0.0654744703386021,
2025-09-14 17:04:24,ADAMW_lr0.001,ADAMW,2,MNIST,93,train_eval,1.0219852924346924,0.0009306930693069307,0.0654744703386021,
2025-09-14 17:04:24,ADAMW_lr0.001,ADAMW,2,MNIST,93,val_eval,0.9965885877609253,0.0009306930693069307,0.0654744703386021,
2025-09-14 17:04:25,ADAMW_lr0.001,ADAMW,2,MNIST,94,train_eval,1.0139137506484985,0.0009405940594059406,0.0654744703386021,
2025-09-14 17:04:25,ADAMW_lr0.001,ADAMW,2,MNIST,94,val_eval,1.040076732635498,0.0009405940594059406,0.0654744703386021,
2025-09-14 17:04:26,ADAMW_lr0.001,ADAMW,2,MNIST,95,train_eval,1.0141783952713013,0.0009504950495049505,0.0654744703386021,
2025-09-14 17:04:26,ADAMW_lr0.001,ADAMW,2,MNIST,95,val_eval,1.0032763481140137,0.0009504950495049505,0.0654744703386021,
2025-09-14 17:04:27,ADAMW_lr0.001,ADAMW,2,MNIST,96,train_eval,1.0218392610549927,0.0009603960396039604,0.0654744703386021,
2025-09-14 17:04:27,ADAMW_lr0.001,ADAMW,2,MNIST,96,val_eval,1.0258556604385376,0.0009603960396039604,0.0654744703386021,
2025-09-14 17:04:28,ADAMW_lr0.001,ADAMW,2,MNIST,97,train_eval,0.9874473810195923,0.0009702970297029703,0.0654744703386021,
2025-09-14 17:04:28,ADAMW_lr0.001,ADAMW,2,MNIST,97,val_eval,1.0117851495742798,0.0009702970297029703,0.0654744703386021,
2025-09-14 17:04:29,ADAMW_lr0.001,ADAMW,2,MNIST,98,train_eval,0.9981641173362732,0.0009801980198019802,0.0654744703386021,
2025-09-14 17:04:29,ADAMW_lr0.001,ADAMW,2,MNIST,98,val_eval,1.0045788288116455,0.0009801980198019802,0.0654744703386021,
2025-09-14 17:04:29,ADAMW_lr0.001,ADAMW,2,MNIST,99,train_eval,1.0115079879760742,0.0009900990099009901,0.0654744703386021,
2025-09-14 17:04:29,ADAMW_lr0.001,ADAMW,2,MNIST,99,val_eval,1.022691249847412,0.0009900990099009901,0.0654744703386021,
2025-09-14 17:04:30,ADAMW_lr0.001,ADAMW,2,MNIST,100,train_eval,0.9996395707130432,0.001,0.0654744703386021,
2025-09-14 17:04:30,ADAMW_lr0.001,ADAMW,2,MNIST,100,val_eval,1.0124828815460205,0.001,0.0654744703386021,
2025-09-14 17:06:33,ADAMW_lr0.001,ADAMW,2,MNIST,100,train_iter,1.074154257774353,0.001,0.05898407076686099,123231.10008239746
2025-09-14 17:06:34,ADAMW_lr0.001,ADAMW,2,MNIST,101,train_eval,0.995006799697876,0.000999999907510999,0.05898407076686099,
2025-09-14 17:06:34,ADAMW_lr0.001,ADAMW,2,MNIST,101,val_eval,1.0263891220092773,0.000999999907510999,0.05898407076686099,
2025-09-14 17:06:34,ADAMW_lr0.001,ADAMW,2,MNIST,102,train_eval,1.0058679580688477,0.000999999630044034,0.05898407076686099,
2025-09-14 17:06:34,ADAMW_lr0.001,ADAMW,2,MNIST,102,val_eval,1.0044362545013428,0.000999999630044034,0.05898407076686099,
2025-09-14 17:06:35,ADAMW_lr0.001,ADAMW,2,MNIST,103,train_eval,0.9962912797927856,0.0009999991675992191,0.05898407076686099,
2025-09-14 17:06:35,ADAMW_lr0.001,ADAMW,2,MNIST,103,val_eval,1.0082733631134033,0.0009999991675992191,0.05898407076686099,
2025-09-14 17:06:36,ADAMW_lr0.001,ADAMW,2,MNIST,104,train_eval,1.0045260190963745,0.0009999985201767443,0.05898407076686099,
2025-09-14 17:06:36,ADAMW_lr0.001,ADAMW,2,MNIST,104,val_eval,1.0083274841308594,0.0009999985201767443,0.05898407076686099,
2025-09-14 17:06:37,ADAMW_lr0.001,ADAMW,2,MNIST,105,train_eval,1.0102754831314087,0.000999997687776876,0.05898407076686099,
2025-09-14 17:06:37,ADAMW_lr0.001,ADAMW,2,MNIST,105,val_eval,0.9991400241851807,0.000999997687776876,0.05898407076686099,
2025-09-14 17:06:38,ADAMW_lr0.001,ADAMW,2,MNIST,106,train_eval,1.0106968879699707,0.0009999966703999558,0.05898407076686099,
2025-09-14 17:06:38,ADAMW_lr0.001,ADAMW,2,MNIST,106,val_eval,1.0330350399017334,0.0009999966703999558,0.05898407076686099,
2025-09-14 17:06:40,ADAMW_lr0.001,ADAMW,2,MNIST,107,train_eval,1.0018059015274048,0.0009999954680464025,0.05898407076686099,
2025-09-14 17:06:40,ADAMW_lr0.001,ADAMW,2,MNIST,107,val_eval,1.0447510480880737,0.0009999954680464025,0.05898407076686099,
2025-09-14 17:06:41,ADAMW_lr0.001,ADAMW,2,MNIST,108,train_eval,1.0157766342163086,0.00099999408071671,0.05898407076686099,
2025-09-14 17:06:41,ADAMW_lr0.001,ADAMW,2,MNIST,108,val_eval,1.0145611763000488,0.00099999408071671,0.05898407076686099,
2025-09-14 17:06:42,ADAMW_lr0.001,ADAMW,2,MNIST,109,train_eval,0.9975858926773071,0.0009999925084114485,0.05898407076686099,
2025-09-14 17:06:42,ADAMW_lr0.001,ADAMW,2,MNIST,109,val_eval,1.0076017379760742,0.0009999925084114485,0.05898407076686099,
2025-09-14 17:06:43,ADAMW_lr0.001,ADAMW,2,MNIST,110,train_eval,1.0051547288894653,0.0009999907511312647,0.05898407076686099,
2025-09-14 17:06:43,ADAMW_lr0.001,ADAMW,2,MNIST,110,val_eval,1.0171095132827759,0.0009999907511312647,0.05898407076686099,
2025-09-14 17:06:43,ADAMW_lr0.001,ADAMW,2,MNIST,110,train_iter,0.9933783411979675,0.0009999907511312647,0.05907275375214338,1174.196720123291
2025-09-14 17:06:44,ADAMW_lr0.001,ADAMW,2,MNIST,111,train_eval,0.9794750809669495,0.0009999888088768807,0.05907275375214338,
2025-09-14 17:06:44,ADAMW_lr0.001,ADAMW,2,MNIST,111,val_eval,0.9943004846572876,0.0009999888088768807,0.05907275375214338,
2025-09-14 17:06:46,ADAMW_lr0.001,ADAMW,2,MNIST,112,train_eval,0.975443959236145,0.000999986681649095,0.05907275375214338,
2025-09-14 17:06:46,ADAMW_lr0.001,ADAMW,2,MNIST,112,val_eval,1.0123311281204224,0.000999986681649095,0.05907275375214338,
2025-09-14 17:06:47,ADAMW_lr0.001,ADAMW,2,MNIST,113,train_eval,1.0043346881866455,0.0009999843694487819,0.05907275375214338,
2025-09-14 17:06:47,ADAMW_lr0.001,ADAMW,2,MNIST,113,val_eval,1.0314868688583374,0.0009999843694487819,0.05907275375214338,
2025-09-14 17:06:48,ADAMW_lr0.001,ADAMW,2,MNIST,114,train_eval,1.016886591911316,0.000999981872276892,0.05907275375214338,
2025-09-14 17:06:48,ADAMW_lr0.001,ADAMW,2,MNIST,114,val_eval,1.0276910066604614,0.000999981872276892,0.05907275375214338,
2025-09-14 17:06:49,ADAMW_lr0.001,ADAMW,2,MNIST,115,train_eval,1.0298848152160645,0.0009999791901344516,0.05907275375214338,
2025-09-14 17:06:49,ADAMW_lr0.001,ADAMW,2,MNIST,115,val_eval,1.039677619934082,0.0009999791901344516,0.05907275375214338,
2025-09-14 17:06:50,ADAMW_lr0.001,ADAMW,2,MNIST,116,train_eval,0.9921438097953796,0.0009999763230225634,0.05907275375214338,
2025-09-14 17:06:50,ADAMW_lr0.001,ADAMW,2,MNIST,116,val_eval,1.0341236591339111,0.0009999763230225634,0.05907275375214338,
2025-09-14 17:06:51,ADAMW_lr0.001,ADAMW,2,MNIST,117,train_eval,1.0485472679138184,0.0009999732709424058,0.05907275375214338,
2025-09-14 17:06:51,ADAMW_lr0.001,ADAMW,2,MNIST,117,val_eval,1.0298492908477783,0.0009999732709424058,0.05907275375214338,
2025-09-14 17:06:52,ADAMW_lr0.001,ADAMW,2,MNIST,118,train_eval,1.0162357091903687,0.0009999700338952336,0.05907275375214338,
2025-09-14 17:06:52,ADAMW_lr0.001,ADAMW,2,MNIST,118,val_eval,1.0174565315246582,0.0009999700338952336,0.05907275375214338,
2025-09-14 17:06:53,ADAMW_lr0.001,ADAMW,2,MNIST,119,train_eval,1.0164718627929688,0.0009999666118823774,0.05907275375214338,
2025-09-14 17:06:53,ADAMW_lr0.001,ADAMW,2,MNIST,119,val_eval,1.0207823514938354,0.0009999666118823774,0.05907275375214338,
2025-09-14 17:06:54,ADAMW_lr0.001,ADAMW,2,MNIST,120,train_eval,1.007834553718567,0.0009999630049052437,0.05907275375214338,
2025-09-14 17:06:54,ADAMW_lr0.001,ADAMW,2,MNIST,120,val_eval,1.0150389671325684,0.0009999630049052437,0.05907275375214338,
2025-09-14 17:06:54,ADAMW_lr0.001,ADAMW,2,MNIST,120,train_iter,0.9035133123397827,0.0009999630049052437,0.05957427378693197,1096.933364868164
2025-09-14 17:06:55,ADAMW_lr0.001,ADAMW,2,MNIST,121,train_eval,0.9979771375656128,0.0009999592129653152,0.05957427378693197,
2025-09-14 17:06:55,ADAMW_lr0.001,ADAMW,2,MNIST,121,val_eval,0.9927120804786682,0.0009999592129653152,0.05957427378693197,
2025-09-14 17:06:57,ADAMW_lr0.001,ADAMW,2,MNIST,122,train_eval,1.016594648361206,0.0009999552360641507,0.05957427378693197,
2025-09-14 17:06:57,ADAMW_lr0.001,ADAMW,2,MNIST,122,val_eval,1.0170942544937134,0.0009999552360641507,0.05957427378693197,
2025-09-14 17:06:58,ADAMW_lr0.001,ADAMW,2,MNIST,123,train_eval,1.0291352272033691,0.000999951074203385,0.05957427378693197,
2025-09-14 17:06:58,ADAMW_lr0.001,ADAMW,2,MNIST,123,val_eval,1.0416061878204346,0.000999951074203385,0.05957427378693197,
2025-09-14 17:06:59,ADAMW_lr0.001,ADAMW,2,MNIST,124,train_eval,1.0253913402557373,0.0009999467273847289,0.05957427378693197,
2025-09-14 17:06:59,ADAMW_lr0.001,ADAMW,2,MNIST,124,val_eval,1.0252445936203003,0.0009999467273847289,0.05957427378693197,
2025-09-14 17:07:00,ADAMW_lr0.001,ADAMW,2,MNIST,125,train_eval,1.0607560873031616,0.000999942195609969,0.05957427378693197,
2025-09-14 17:07:00,ADAMW_lr0.001,ADAMW,2,MNIST,125,val_eval,1.0416263341903687,0.000999942195609969,0.05957427378693197,
2025-09-14 17:07:01,ADAMW_lr0.001,ADAMW,2,MNIST,126,train_eval,1.0187160968780518,0.0009999374788809685,0.05957427378693197,
2025-09-14 17:07:01,ADAMW_lr0.001,ADAMW,2,MNIST,126,val_eval,1.0114656686782837,0.0009999374788809685,0.05957427378693197,
2025-09-14 17:07:03,ADAMW_lr0.001,ADAMW,2,MNIST,127,train_eval,1.0154460668563843,0.0009999325771996657,0.05957427378693197,
2025-09-14 17:07:03,ADAMW_lr0.001,ADAMW,2,MNIST,127,val_eval,1.0255564451217651,0.0009999325771996657,0.05957427378693197,
2025-09-14 17:07:04,ADAMW_lr0.001,ADAMW,2,MNIST,128,train_eval,1.0121066570281982,0.0009999274905680762,0.05957427378693197,
2025-09-14 17:07:04,ADAMW_lr0.001,ADAMW,2,MNIST,128,val_eval,1.024539589881897,0.0009999274905680762,0.05957427378693197,
2025-09-14 17:07:05,ADAMW_lr0.001,ADAMW,2,MNIST,129,train_eval,1.008506417274475,0.0009999222189882903,0.05957427378693197,
2025-09-14 17:07:05,ADAMW_lr0.001,ADAMW,2,MNIST,129,val_eval,1.035227656364441,0.0009999222189882903,0.05957427378693197,
2025-09-14 17:07:06,ADAMW_lr0.001,ADAMW,2,MNIST,130,train_eval,1.0509750843048096,0.0009999167624624755,0.05957427378693197,
2025-09-14 17:07:06,ADAMW_lr0.001,ADAMW,2,MNIST,130,val_eval,1.0319939851760864,0.0009999167624624755,0.05957427378693197,
2025-09-14 17:07:06,ADAMW_lr0.001,ADAMW,2,MNIST,130,train_iter,1.1155309677124023,0.0009999167624624755,0.060405643542335595,1035.5327129364014
2025-09-14 17:07:07,ADAMW_lr0.001,ADAMW,2,MNIST,131,train_eval,0.9876851439476013,0.0009999111209928744,0.060405643542335595,
2025-09-14 17:07:07,ADAMW_lr0.001,ADAMW,2,MNIST,131,val_eval,1.0287035703659058,0.0009999111209928744,0.060405643542335595,
2025-09-14 17:07:08,ADAMW_lr0.001,ADAMW,2,MNIST,132,train_eval,0.9869423508644104,0.000999905294581806,0.060405643542335595,
2025-09-14 17:07:08,ADAMW_lr0.001,ADAMW,2,MNIST,132,val_eval,1.0230355262756348,0.000999905294581806,0.060405643542335595,
2025-09-14 17:07:09,ADAMW_lr0.001,ADAMW,2,MNIST,133,train_eval,1.0087636709213257,0.0009998992832316654,0.060405643542335595,
2025-09-14 17:07:09,ADAMW_lr0.001,ADAMW,2,MNIST,133,val_eval,1.0252243280410767,0.0009998992832316654,0.060405643542335595,
2025-09-14 17:07:11,ADAMW_lr0.001,ADAMW,2,MNIST,134,train_eval,1.0093380212783813,0.0009998930869449237,0.060405643542335595,
2025-09-14 17:07:11,ADAMW_lr0.001,ADAMW,2,MNIST,134,val_eval,1.0249806642532349,0.0009998930869449237,0.060405643542335595,
2025-09-14 17:07:12,ADAMW_lr0.001,ADAMW,2,MNIST,135,train_eval,1.0047993659973145,0.000999886705724128,0.060405643542335595,
2025-09-14 17:07:12,ADAMW_lr0.001,ADAMW,2,MNIST,135,val_eval,1.0238765478134155,0.000999886705724128,0.060405643542335595,
2025-09-14 17:07:13,ADAMW_lr0.001,ADAMW,2,MNIST,136,train_eval,0.9991123676300049,0.0009998801395719012,0.060405643542335595,
2025-09-14 17:07:13,ADAMW_lr0.001,ADAMW,2,MNIST,136,val_eval,1.025251865386963,0.0009998801395719012,0.060405643542335595,
2025-09-14 17:07:14,ADAMW_lr0.001,ADAMW,2,MNIST,137,train_eval,1.0090330839157104,0.0009998733884909424,0.060405643542335595,
2025-09-14 17:07:14,ADAMW_lr0.001,ADAMW,2,MNIST,137,val_eval,1.0032739639282227,0.0009998733884909424,0.060405643542335595,
2025-09-14 17:07:16,ADAMW_lr0.001,ADAMW,2,MNIST,138,train_eval,1.018642783164978,0.0009998664524840269,0.060405643542335595,
2025-09-14 17:07:16,ADAMW_lr0.001,ADAMW,2,MNIST,138,val_eval,1.0169854164123535,0.0009998664524840269,0.060405643542335595,
2025-09-14 17:07:17,ADAMW_lr0.001,ADAMW,2,MNIST,139,train_eval,0.9995700716972351,0.0009998593315540057,0.060405643542335595,
2025-09-14 17:07:17,ADAMW_lr0.001,ADAMW,2,MNIST,139,val_eval,1.0165373086929321,0.0009998593315540057,0.060405643542335595,
2025-09-14 17:07:18,ADAMW_lr0.001,ADAMW,2,MNIST,140,train_eval,1.000165581703186,0.000999852025703806,0.060405643542335595,
2025-09-14 17:07:18,ADAMW_lr0.001,ADAMW,2,MNIST,140,val_eval,1.0083417892456055,0.000999852025703806,0.060405643542335595,
2025-09-14 17:07:18,ADAMW_lr0.001,ADAMW,2,MNIST,140,train_iter,1.0027648210525513,0.000999852025703806,0.06221030957335768,896.0886001586914
2025-09-14 17:07:19,ADAMW_lr0.001,ADAMW,2,MNIST,141,train_eval,1.0028244256973267,0.0009998445349364308,0.06221030957335768,
2025-09-14 17:07:19,ADAMW_lr0.001,ADAMW,2,MNIST,141,val_eval,1.011782169342041,0.0009998445349364308,0.06221030957335768,
2025-09-14 17:07:21,ADAMW_lr0.001,ADAMW,2,MNIST,142,train_eval,0.9827487468719482,0.0009998368592549595,0.06221030957335768,
2025-09-14 17:07:21,ADAMW_lr0.001,ADAMW,2,MNIST,142,val_eval,1.0006113052368164,0.0009998368592549595,0.06221030957335768,
2025-09-14 17:07:22,ADAMW_lr0.001,ADAMW,2,MNIST,143,train_eval,0.9967890381813049,0.000999828998662547,0.06221030957335768,
2025-09-14 17:07:22,ADAMW_lr0.001,ADAMW,2,MNIST,143,val_eval,0.9929934740066528,0.000999828998662547,0.06221030957335768,
2025-09-14 17:07:23,ADAMW_lr0.001,ADAMW,2,MNIST,144,train_eval,1.001358985900879,0.000999820953162425,0.06221030957335768,
2025-09-14 17:07:23,ADAMW_lr0.001,ADAMW,2,MNIST,144,val_eval,1.0036998987197876,0.000999820953162425,0.06221030957335768,
2025-09-14 17:07:25,ADAMW_lr0.001,ADAMW,2,MNIST,145,train_eval,1.013526439666748,0.0009998127227579003,0.06221030957335768,
2025-09-14 17:07:25,ADAMW_lr0.001,ADAMW,2,MNIST,145,val_eval,0.9986408352851868,0.0009998127227579003,0.06221030957335768,
2025-09-14 17:07:26,ADAMW_lr0.001,ADAMW,2,MNIST,146,train_eval,1.0022224187850952,0.000999804307452356,0.06221030957335768,
2025-09-14 17:07:26,ADAMW_lr0.001,ADAMW,2,MNIST,146,val_eval,1.0031720399856567,0.000999804307452356,0.06221030957335768,
2025-09-14 17:07:27,ADAMW_lr0.001,ADAMW,2,MNIST,147,train_eval,1.0107090473175049,0.0009997957072492515,0.06221030957335768,
2025-09-14 17:07:27,ADAMW_lr0.001,ADAMW,2,MNIST,147,val_eval,1.0207446813583374,0.0009997957072492515,0.06221030957335768,
2025-09-14 17:07:28,ADAMW_lr0.001,ADAMW,2,MNIST,148,train_eval,1.0111541748046875,0.0009997869221521221,0.06221030957335768,
2025-09-14 17:07:28,ADAMW_lr0.001,ADAMW,2,MNIST,148,val_eval,1.0227341651916504,0.0009997869221521221,0.06221030957335768,
2025-09-14 17:07:29,ADAMW_lr0.001,ADAMW,2,MNIST,149,train_eval,1.0186594724655151,0.0009997779521645793,0.06221030957335768,
2025-09-14 17:07:29,ADAMW_lr0.001,ADAMW,2,MNIST,149,val_eval,1.0029702186584473,0.0009997779521645793,0.06221030957335768,
2025-09-14 17:07:30,ADAMW_lr0.001,ADAMW,2,MNIST,150,train_eval,0.9861906170845032,0.0009997687972903096,0.06221030957335768,
2025-09-14 17:07:30,ADAMW_lr0.001,ADAMW,2,MNIST,150,val_eval,1.0171542167663574,0.0009997687972903096,0.06221030957335768,
2025-09-14 17:07:30,ADAMW_lr0.001,ADAMW,2,MNIST,150,train_iter,0.9643575549125671,0.0009997687972903096,0.061265211154407896,1332.4699401855469
2025-09-14 17:07:31,ADAMW_lr0.001,ADAMW,2,MNIST,151,train_eval,0.9866169095039368,0.0009997594575330766,0.061265211154407896,
2025-09-14 17:07:31,ADAMW_lr0.001,ADAMW,2,MNIST,151,val_eval,0.9963282942771912,0.0009997594575330766,0.061265211154407896,
2025-09-14 17:07:33,ADAMW_lr0.001,ADAMW,2,MNIST,152,train_eval,1.001591444015503,0.0009997499328967194,0.061265211154407896,
2025-09-14 17:07:33,ADAMW_lr0.001,ADAMW,2,MNIST,152,val_eval,0.9982910752296448,0.0009997499328967194,0.061265211154407896,
2025-09-14 17:07:34,ADAMW_lr0.001,ADAMW,2,MNIST,153,train_eval,1.0024501085281372,0.0009997402233851535,0.061265211154407896,
2025-09-14 17:07:34,ADAMW_lr0.001,ADAMW,2,MNIST,153,val_eval,1.001153826713562,0.0009997402233851535,0.061265211154407896,
2025-09-14 17:07:35,ADAMW_lr0.001,ADAMW,2,MNIST,154,train_eval,0.9931834936141968,0.00099973032900237,0.061265211154407896,
2025-09-14 17:07:35,ADAMW_lr0.001,ADAMW,2,MNIST,154,val_eval,1.0079230070114136,0.00099973032900237,0.061265211154407896,
2025-09-14 17:07:37,ADAMW_lr0.001,ADAMW,2,MNIST,155,train_eval,1.0114686489105225,0.000999720249752436,0.061265211154407896,
2025-09-14 17:07:37,ADAMW_lr0.001,ADAMW,2,MNIST,155,val_eval,1.0237667560577393,0.000999720249752436,0.061265211154407896,
2025-09-14 17:07:38,ADAMW_lr0.001,ADAMW,2,MNIST,156,train_eval,0.9989654421806335,0.0009997099856394946,0.061265211154407896,
2025-09-14 17:07:38,ADAMW_lr0.001,ADAMW,2,MNIST,156,val_eval,1.0198496580123901,0.0009997099856394946,0.061265211154407896,
2025-09-14 17:07:39,ADAMW_lr0.001,ADAMW,2,MNIST,157,train_eval,0.9784883856773376,0.0009996995366677653,0.061265211154407896,
2025-09-14 17:07:39,ADAMW_lr0.001,ADAMW,2,MNIST,157,val_eval,0.99013352394104,0.0009996995366677653,0.061265211154407896,
2025-09-14 17:07:41,ADAMW_lr0.001,ADAMW,2,MNIST,158,train_eval,1.0174640417099,0.000999688902841543,0.061265211154407896,
2025-09-14 17:07:41,ADAMW_lr0.001,ADAMW,2,MNIST,158,val_eval,1.0203744173049927,0.000999688902841543,0.061265211154407896,
2025-09-14 17:07:42,ADAMW_lr0.001,ADAMW,2,MNIST,159,train_eval,0.9954745769500732,0.000999678084165199,0.061265211154407896,
2025-09-14 17:07:42,ADAMW_lr0.001,ADAMW,2,MNIST,159,val_eval,1.006466031074524,0.000999678084165199,0.061265211154407896,
2025-09-14 17:07:43,ADAMW_lr0.001,ADAMW,2,MNIST,160,train_eval,1.0075680017471313,0.0009996670806431804,0.061265211154407896,
2025-09-14 17:07:43,ADAMW_lr0.001,ADAMW,2,MNIST,160,val_eval,1.009537935256958,0.0009996670806431804,0.061265211154407896,
2025-09-14 17:07:43,ADAMW_lr0.001,ADAMW,2,MNIST,160,train_iter,0.848942756652832,0.0009996670806431804,0.060651148641959675,1275.296926498413
2025-09-14 17:07:45,ADAMW_lr0.001,ADAMW,2,MNIST,161,train_eval,1.016904354095459,0.0009996558922800104,0.060651148641959675,
2025-09-14 17:07:45,ADAMW_lr0.001,ADAMW,2,MNIST,161,val_eval,1.0016387701034546,0.0009996558922800104,0.060651148641959675,
2025-09-14 17:07:46,ADAMW_lr0.001,ADAMW,2,MNIST,162,train_eval,0.9914883375167847,0.0009996445190802881,0.060651148641959675,
2025-09-14 17:07:46,ADAMW_lr0.001,ADAMW,2,MNIST,162,val_eval,0.9937942624092102,0.0009996445190802881,0.060651148641959675,
2025-09-14 17:07:48,ADAMW_lr0.001,ADAMW,2,MNIST,163,train_eval,1.017652153968811,0.0009996329610486886,0.060651148641959675,
2025-09-14 17:07:48,ADAMW_lr0.001,ADAMW,2,MNIST,163,val_eval,0.9834550619125366,0.0009996329610486886,0.060651148641959675,
2025-09-14 17:07:50,ADAMW_lr0.001,ADAMW,2,MNIST,164,train_eval,1.012895941734314,0.0009996212181899629,0.060651148641959675,
2025-09-14 17:07:50,ADAMW_lr0.001,ADAMW,2,MNIST,164,val_eval,0.9810025691986084,0.0009996212181899629,0.060651148641959675,
2025-09-14 17:07:51,ADAMW_lr0.001,ADAMW,2,MNIST,165,train_eval,0.99485182762146,0.000999609290508938,0.060651148641959675,
2025-09-14 17:07:51,ADAMW_lr0.001,ADAMW,2,MNIST,165,val_eval,1.002306342124939,0.000999609290508938,0.060651148641959675,
2025-09-14 17:07:52,ADAMW_lr0.001,ADAMW,2,MNIST,166,train_eval,1.0012469291687012,0.000999597178010517,0.060651148641959675,
2025-09-14 17:07:52,ADAMW_lr0.001,ADAMW,2,MNIST,166,val_eval,1.0101189613342285,0.000999597178010517,0.060651148641959675,
2025-09-14 17:07:54,ADAMW_lr0.001,ADAMW,2,MNIST,167,train_eval,1.0110667943954468,0.000999584880699679,0.060651148641959675,
2025-09-14 17:07:54,ADAMW_lr0.001,ADAMW,2,MNIST,167,val_eval,1.0105772018432617,0.000999584880699679,0.060651148641959675,
2025-09-14 17:07:55,ADAMW_lr0.001,ADAMW,2,MNIST,168,train_eval,0.9984537363052368,0.0009995723985814788,0.060651148641959675,
2025-09-14 17:07:55,ADAMW_lr0.001,ADAMW,2,MNIST,168,val_eval,0.999617338180542,0.0009995723985814788,0.060651148641959675,
2025-09-14 17:07:56,ADAMW_lr0.001,ADAMW,2,MNIST,169,train_eval,1.0024456977844238,0.0009995597316610474,0.060651148641959675,
2025-09-14 17:07:56,ADAMW_lr0.001,ADAMW,2,MNIST,169,val_eval,0.9998466372489929,0.0009995597316610474,0.060651148641959675,
2025-09-14 17:07:56,ADAMW_lr0.001,ADAMW,2,MNIST,170,train_eval,0.9982755184173584,0.0009995468799435915,0.060651148641959675,
2025-09-14 17:07:56,ADAMW_lr0.001,ADAMW,2,MNIST,170,val_eval,0.9964967966079712,0.0009995468799435915,0.060651148641959675,
2025-09-14 17:07:56,ADAMW_lr0.001,ADAMW,2,MNIST,170,train_iter,1.3967981338500977,0.0009995468799435915,0.06242457574526781,896.8532085418701
2025-09-14 17:07:57,ADAMW_lr0.001,ADAMW,2,MNIST,171,train_eval,1.011773943901062,0.0009995338434343943,0.06242457574526781,
2025-09-14 17:07:57,ADAMW_lr0.001,ADAMW,2,MNIST,171,val_eval,0.9945616126060486,0.0009995338434343943,0.06242457574526781,
2025-09-14 17:07:59,ADAMW_lr0.001,ADAMW,2,MNIST,172,train_eval,1.0067678689956665,0.0009995206221388145,0.06242457574526781,
2025-09-14 17:07:59,ADAMW_lr0.001,ADAMW,2,MNIST,172,val_eval,1.0109553337097168,0.0009995206221388145,0.06242457574526781,
2025-09-14 17:08:00,ADAMW_lr0.001,ADAMW,2,MNIST,173,train_eval,0.9937536120414734,0.0009995072160622865,0.06242457574526781,
2025-09-14 17:08:00,ADAMW_lr0.001,ADAMW,2,MNIST,173,val_eval,0.988435685634613,0.0009995072160622865,0.06242457574526781,
2025-09-14 17:08:02,ADAMW_lr0.001,ADAMW,2,MNIST,174,train_eval,1.0019456148147583,0.0009994936252103218,0.06242457574526781,
2025-09-14 17:08:02,ADAMW_lr0.001,ADAMW,2,MNIST,174,val_eval,1.002140760421753,0.0009994936252103218,0.06242457574526781,
2025-09-14 17:08:03,ADAMW_lr0.001,ADAMW,2,MNIST,175,train_eval,0.9803774952888489,0.0009994798495885063,0.06242457574526781,
2025-09-14 17:08:03,ADAMW_lr0.001,ADAMW,2,MNIST,175,val_eval,0.9895482063293457,0.0009994798495885063,0.06242457574526781,
2025-09-14 17:08:04,ADAMW_lr0.001,ADAMW,2,MNIST,176,train_eval,1.0220609903335571,0.000999465889202503,0.06242457574526781,
2025-09-14 17:08:04,ADAMW_lr0.001,ADAMW,2,MNIST,176,val_eval,1.0110740661621094,0.000999465889202503,0.06242457574526781,
2025-09-14 17:08:05,ADAMW_lr0.001,ADAMW,2,MNIST,177,train_eval,1.0350642204284668,0.0009994517440580508,0.06242457574526781,
2025-09-14 17:08:05,ADAMW_lr0.001,ADAMW,2,MNIST,177,val_eval,1.0184690952301025,0.0009994517440580508,0.06242457574526781,
2025-09-14 17:08:07,ADAMW_lr0.001,ADAMW,2,MNIST,178,train_eval,1.005061388015747,0.0009994374141609635,0.06242457574526781,
2025-09-14 17:08:07,ADAMW_lr0.001,ADAMW,2,MNIST,178,val_eval,1.019526481628418,0.0009994374141609635,0.06242457574526781,
2025-09-14 17:08:08,ADAMW_lr0.001,ADAMW,2,MNIST,179,train_eval,0.9948144555091858,0.0009994228995171322,0.06242457574526781,
2025-09-14 17:08:08,ADAMW_lr0.001,ADAMW,2,MNIST,179,val_eval,0.9985590577125549,0.0009994228995171322,0.06242457574526781,
2025-09-14 17:08:09,ADAMW_lr0.001,ADAMW,2,MNIST,180,train_eval,0.9805278778076172,0.000999408200132523,0.06242457574526781,
2025-09-14 17:08:09,ADAMW_lr0.001,ADAMW,2,MNIST,180,val_eval,1.001549482345581,0.000999408200132523,0.06242457574526781,
2025-09-14 17:08:09,ADAMW_lr0.001,ADAMW,2,MNIST,180,train_iter,1.009300947189331,0.000999408200132523,0.06408152145828999,889.9433612823486
2025-09-14 17:08:10,ADAMW_lr0.001,ADAMW,2,MNIST,181,train_eval,1.000120997428894,0.0009993933160131784,0.06408152145828999,
2025-09-14 17:08:10,ADAMW_lr0.001,ADAMW,2,MNIST,181,val_eval,1.0385043621063232,0.0009993933160131784,0.06408152145828999,
2025-09-14 17:08:10,ADAMW_lr0.001,ADAMW,2,MNIST,182,train_eval,0.994301974773407,0.0009993782471652167,0.06408152145828999,
2025-09-14 17:08:10,ADAMW_lr0.001,ADAMW,2,MNIST,182,val_eval,1.0178278684616089,0.0009993782471652167,0.06408152145828999,
2025-09-14 17:08:11,ADAMW_lr0.001,ADAMW,2,MNIST,183,train_eval,0.9803388714790344,0.0009993629935948318,0.06408152145828999,
2025-09-14 17:08:11,ADAMW_lr0.001,ADAMW,2,MNIST,183,val_eval,1.0273048877716064,0.0009993629935948318,0.06408152145828999,
2025-09-14 17:08:12,ADAMW_lr0.001,ADAMW,2,MNIST,184,train_eval,1.0012282133102417,0.0009993475553082944,0.06408152145828999,
2025-09-14 17:08:12,ADAMW_lr0.001,ADAMW,2,MNIST,184,val_eval,1.0249760150909424,0.0009993475553082944,0.06408152145828999,
2025-09-14 17:08:14,ADAMW_lr0.001,ADAMW,2,MNIST,185,train_eval,1.0240967273712158,0.0009993319323119503,0.06408152145828999,
2025-09-14 17:08:14,ADAMW_lr0.001,ADAMW,2,MNIST,185,val_eval,1.0154963731765747,0.0009993319323119503,0.06408152145828999,
2025-09-14 17:08:15,ADAMW_lr0.001,ADAMW,2,MNIST,186,train_eval,0.9979434013366699,0.0009993161246122217,0.06408152145828999,
2025-09-14 17:08:15,ADAMW_lr0.001,ADAMW,2,MNIST,186,val_eval,1.006616234779358,0.0009993161246122217,0.06408152145828999,
2025-09-14 17:08:16,ADAMW_lr0.001,ADAMW,2,MNIST,187,train_eval,0.9836471676826477,0.0009993001322156061,0.06408152145828999,
2025-09-14 17:08:16,ADAMW_lr0.001,ADAMW,2,MNIST,187,val_eval,1.0065993070602417,0.0009993001322156061,0.06408152145828999,
2025-09-14 17:08:16,ADAMW_lr0.001,ADAMW,2,MNIST,188,train_eval,1.014685034751892,0.000999283955128678,0.06408152145828999,
2025-09-14 17:08:16,ADAMW_lr0.001,ADAMW,2,MNIST,188,val_eval,1.0031707286834717,0.000999283955128678,0.06408152145828999,
2025-09-14 17:08:17,ADAMW_lr0.001,ADAMW,2,MNIST,189,train_eval,0.9985014200210571,0.000999267593358087,0.06408152145828999,
2025-09-14 17:08:17,ADAMW_lr0.001,ADAMW,2,MNIST,189,val_eval,0.9990963935852051,0.000999267593358087,0.06408152145828999,
2025-09-14 17:08:19,ADAMW_lr0.001,ADAMW,2,MNIST,190,train_eval,0.9935358166694641,0.0009992510469105584,0.06408152145828999,
2025-09-14 17:08:19,ADAMW_lr0.001,ADAMW,2,MNIST,190,val_eval,0.9982585906982422,0.0009992510469105584,0.06408152145828999,
2025-09-14 17:08:19,ADAMW_lr0.001,ADAMW,2,MNIST,190,train_iter,1.1809566020965576,0.0009992510469105584,0.06383834075526418,1140.3169631958008
2025-09-14 17:08:20,ADAMW_lr0.001,ADAMW,2,MNIST,191,train_eval,1.0069915056228638,0.000999234315792894,0.06383834075526418,
2025-09-14 17:08:20,ADAMW_lr0.001,ADAMW,2,MNIST,191,val_eval,1.012276291847229,0.000999234315792894,0.06383834075526418,
2025-09-14 17:08:21,ADAMW_lr0.001,ADAMW,2,MNIST,192,train_eval,1.0126839876174927,0.0009992174000119718,0.06383834075526418,
2025-09-14 17:08:21,ADAMW_lr0.001,ADAMW,2,MNIST,192,val_eval,1.0225818157196045,0.0009992174000119718,0.06383834075526418,
2025-09-14 17:08:23,ADAMW_lr0.001,ADAMW,2,MNIST,193,train_eval,1.0027744770050049,0.0009992002995747448,0.06383834075526418,
2025-09-14 17:08:23,ADAMW_lr0.001,ADAMW,2,MNIST,193,val_eval,1.0225366353988647,0.0009992002995747448,0.06383834075526418,
2025-09-14 17:08:24,ADAMW_lr0.001,ADAMW,2,MNIST,194,train_eval,1.003495216369629,0.0009991830144882423,0.06383834075526418,
2025-09-14 17:08:24,ADAMW_lr0.001,ADAMW,2,MNIST,194,val_eval,1.0050235986709595,0.0009991830144882423,0.06383834075526418,
2025-09-14 17:08:25,ADAMW_lr0.001,ADAMW,2,MNIST,195,train_eval,0.9938780069351196,0.0009991655447595697,0.06383834075526418,
2025-09-14 17:08:25,ADAMW_lr0.001,ADAMW,2,MNIST,195,val_eval,1.0033135414123535,0.0009991655447595697,0.06383834075526418,
2025-09-14 17:08:27,ADAMW_lr0.001,ADAMW,2,MNIST,196,train_eval,1.0030295848846436,0.0009991478903959082,0.06383834075526418,
2025-09-14 17:08:27,ADAMW_lr0.001,ADAMW,2,MNIST,196,val_eval,0.9894703030586243,0.0009991478903959082,0.06383834075526418,
2025-09-14 17:08:28,ADAMW_lr0.001,ADAMW,2,MNIST,197,train_eval,0.9896519184112549,0.0009991300514045147,0.06383834075526418,
2025-09-14 17:08:28,ADAMW_lr0.001,ADAMW,2,MNIST,197,val_eval,0.9820924401283264,0.0009991300514045147,0.06383834075526418,
2025-09-14 17:08:29,ADAMW_lr0.001,ADAMW,2,MNIST,198,train_eval,0.9769429564476013,0.0009991120277927223,0.06383834075526418,
2025-09-14 17:08:29,ADAMW_lr0.001,ADAMW,2,MNIST,198,val_eval,0.9954728484153748,0.0009991120277927223,0.06383834075526418,
2025-09-14 17:08:31,ADAMW_lr0.001,ADAMW,2,MNIST,199,train_eval,0.9735530018806458,0.0009990938195679395,0.06383834075526418,
2025-09-14 17:08:31,ADAMW_lr0.001,ADAMW,2,MNIST,199,val_eval,1.0089548826217651,0.0009990938195679395,0.06383834075526418,
2025-09-14 17:08:32,ADAMW_lr0.001,ADAMW,2,MNIST,200,train_eval,0.955590009689331,0.0009990754267376514,0.06383834075526418,
2025-09-14 17:08:32,ADAMW_lr0.001,ADAMW,2,MNIST,200,val_eval,0.9877905249595642,0.0009990754267376514,0.06383834075526418,
2025-09-14 17:11:27,ADAMW_lr0.001,ADAMW,2,MNIST,200,train_iter,0.9404603242874146,0.0009990754267376514,0.05749458541857348,175405.25770187378
