timestamp,run_name,optimizer_name,seed,dataset,iter,split,loss,lr,mfu_percent,dt_ms
2025-09-15 03:10:56,ADAM_lr0.0003,ADAM,2,shakespeare_char,0,train_eval,4.270771503448486,9.900990099009901e-06,,
2025-09-15 03:10:56,ADAM_lr0.0003,ADAM,2,shakespeare_char,0,val_eval,4.269772529602051,9.900990099009901e-06,,
2025-09-15 03:11:10,ADAM_lr0.0003,ADAM,2,shakespeare_char,0,train_iter,4.265802383422852,9.900990099009901e-06,,15649.405241012573
2025-09-15 03:11:11,ADAM_lr0.0003,ADAM,2,shakespeare_char,1,train_eval,4.083425998687744,1.9801980198019803e-05,,
2025-09-15 03:11:11,ADAM_lr0.0003,ADAM,2,shakespeare_char,1,val_eval,4.0874128341674805,1.9801980198019803e-05,,
2025-09-15 03:11:11,ADAM_lr0.0003,ADAM,2,shakespeare_char,1,train_iter,4.133227825164795,1.9801980198019803e-05,,1017.1492099761963
2025-09-15 03:11:12,ADAM_lr0.0003,ADAM,2,shakespeare_char,2,train_eval,3.817706823348999,2.9702970297029702e-05,,
2025-09-15 03:11:12,ADAM_lr0.0003,ADAM,2,shakespeare_char,2,val_eval,3.8277018070220947,2.9702970297029702e-05,,
2025-09-15 03:11:12,ADAM_lr0.0003,ADAM,2,shakespeare_char,2,train_iter,3.905879497528076,2.9702970297029702e-05,,976.5324592590332
2025-09-15 03:11:13,ADAM_lr0.0003,ADAM,2,shakespeare_char,3,train_eval,3.6331348419189453,3.9603960396039605e-05,,
2025-09-15 03:11:13,ADAM_lr0.0003,ADAM,2,shakespeare_char,3,val_eval,3.6511940956115723,3.9603960396039605e-05,,
2025-09-15 03:11:13,ADAM_lr0.0003,ADAM,2,shakespeare_char,3,train_iter,3.692049980163574,3.9603960396039605e-05,,1061.0346794128418
2025-09-15 03:11:14,ADAM_lr0.0003,ADAM,2,shakespeare_char,4,train_eval,3.4974803924560547,4.950495049504951e-05,,
2025-09-15 03:11:14,ADAM_lr0.0003,ADAM,2,shakespeare_char,4,val_eval,3.5224521160125732,4.950495049504951e-05,,
2025-09-15 03:11:14,ADAM_lr0.0003,ADAM,2,shakespeare_char,4,train_iter,3.5244929790496826,4.950495049504951e-05,,1075.948715209961
2025-09-15 03:11:15,ADAM_lr0.0003,ADAM,2,shakespeare_char,5,train_eval,3.39579701423645,5.9405940594059404e-05,,
2025-09-15 03:11:15,ADAM_lr0.0003,ADAM,2,shakespeare_char,5,val_eval,3.4276883602142334,5.9405940594059404e-05,,
2025-09-15 03:11:15,ADAM_lr0.0003,ADAM,2,shakespeare_char,5,train_iter,3.4788832664489746,5.9405940594059404e-05,0.06952447926639506,1004.9254894256592
2025-09-15 03:11:16,ADAM_lr0.0003,ADAM,2,shakespeare_char,6,train_eval,3.3376145362854004,6.930693069306931e-05,0.06952447926639506,
2025-09-15 03:11:16,ADAM_lr0.0003,ADAM,2,shakespeare_char,6,val_eval,3.3698513507843018,6.930693069306931e-05,0.06952447926639506,
2025-09-15 03:11:16,ADAM_lr0.0003,ADAM,2,shakespeare_char,6,train_iter,3.385842800140381,6.930693069306931e-05,0.06950061612327793,1008.3866119384766
2025-09-15 03:11:17,ADAM_lr0.0003,ADAM,2,shakespeare_char,7,train_eval,3.286895990371704,7.920792079207921e-05,0.06950061612327793,
2025-09-15 03:11:17,ADAM_lr0.0003,ADAM,2,shakespeare_char,7,val_eval,3.3185181617736816,7.920792079207921e-05,0.06950061612327793,
2025-09-15 03:11:17,ADAM_lr0.0003,ADAM,2,shakespeare_char,7,train_iter,3.311779737472534,7.920792079207921e-05,0.06983932282071756,958.5559368133545
2025-09-15 03:11:18,ADAM_lr0.0003,ADAM,2,shakespeare_char,8,train_eval,3.251678466796875,8.910891089108912e-05,0.06983932282071756,
2025-09-15 03:11:18,ADAM_lr0.0003,ADAM,2,shakespeare_char,8,val_eval,3.2759199142456055,8.910891089108912e-05,0.06983932282071756,
2025-09-15 03:11:18,ADAM_lr0.0003,ADAM,2,shakespeare_char,8,train_iter,3.332808017730713,8.910891089108912e-05,0.0698405405233218,1000.220775604248
2025-09-15 03:11:19,ADAM_lr0.0003,ADAM,2,shakespeare_char,9,train_eval,3.191152334213257,9.900990099009902e-05,0.0698405405233218,
2025-09-15 03:11:19,ADAM_lr0.0003,ADAM,2,shakespeare_char,9,val_eval,3.2213025093078613,9.900990099009902e-05,0.0698405405233218,
2025-09-15 03:11:19,ADAM_lr0.0003,ADAM,2,shakespeare_char,9,train_iter,3.222994565963745,9.900990099009902e-05,0.0700845872573831,966.6013717651367
2025-09-15 03:11:20,ADAM_lr0.0003,ADAM,2,shakespeare_char,10,train_eval,3.1070210933685303,0.0001089108910891089,0.0700845872573831,
2025-09-15 03:11:20,ADAM_lr0.0003,ADAM,2,shakespeare_char,10,val_eval,3.13858699798584,0.0001089108910891089,0.0700845872573831,
2025-09-15 03:11:20,ADAM_lr0.0003,ADAM,2,shakespeare_char,10,train_iter,3.1273066997528076,0.0001089108910891089,0.07003558551029125,1003.913402557373
2025-09-15 03:11:21,ADAM_lr0.0003,ADAM,2,shakespeare_char,11,train_eval,3.0855791568756104,0.00011881188118811881,0.07003558551029125,
2025-09-15 03:11:21,ADAM_lr0.0003,ADAM,2,shakespeare_char,11,val_eval,3.1051294803619385,0.00011881188118811881,0.07003558551029125,
2025-09-15 03:11:21,ADAM_lr0.0003,ADAM,2,shakespeare_char,11,train_iter,3.1262874603271484,0.00011881188118811881,0.06985552978634094,1023.9157676696777
2025-09-15 03:11:22,ADAM_lr0.0003,ADAM,2,shakespeare_char,12,train_eval,3.044344186782837,0.00012871287128712872,0.06985552978634094,
2025-09-15 03:11:22,ADAM_lr0.0003,ADAM,2,shakespeare_char,12,val_eval,3.059192419052124,0.00012871287128712872,0.06985552978634094,
2025-09-15 03:11:22,ADAM_lr0.0003,ADAM,2,shakespeare_char,12,train_iter,3.074883222579956,0.00012871287128712872,0.06989237106078551,994.9159622192383
2025-09-15 03:11:23,ADAM_lr0.0003,ADAM,2,shakespeare_char,13,train_eval,2.9474050998687744,0.00013861386138613863,0.06989237106078551,
2025-09-15 03:11:23,ADAM_lr0.0003,ADAM,2,shakespeare_char,13,val_eval,2.9775052070617676,0.00013861386138613863,0.06989237106078551,
2025-09-15 03:11:23,ADAM_lr0.0003,ADAM,2,shakespeare_char,13,train_iter,3.0333786010742188,0.00013861386138613863,0.06901133169492543,1143.822193145752
2025-09-15 03:11:24,ADAM_lr0.0003,ADAM,2,shakespeare_char,14,train_eval,2.9097020626068115,0.0001485148514851485,0.06901133169492543,
2025-09-15 03:11:24,ADAM_lr0.0003,ADAM,2,shakespeare_char,14,val_eval,2.9291000366210938,0.0001485148514851485,0.06901133169492543,
2025-09-15 03:11:24,ADAM_lr0.0003,ADAM,2,shakespeare_char,14,train_iter,2.992328405380249,0.0001485148514851485,0.06869855785839606,1060.460090637207
2025-09-15 03:11:25,ADAM_lr0.0003,ADAM,2,shakespeare_char,15,train_eval,2.8822553157806396,0.00015841584158415842,0.06869855785839606,
2025-09-15 03:11:25,ADAM_lr0.0003,ADAM,2,shakespeare_char,15,val_eval,2.89994740486145,0.00015841584158415842,0.06869855785839606,
2025-09-15 03:11:25,ADAM_lr0.0003,ADAM,2,shakespeare_char,15,train_iter,2.8894171714782715,0.00015841584158415842,0.06881433827748064,1000.1511573791504
2025-09-15 03:11:26,ADAM_lr0.0003,ADAM,2,shakespeare_char,16,train_eval,2.840205192565918,0.00016831683168316833,0.06881433827748064,
2025-09-15 03:11:26,ADAM_lr0.0003,ADAM,2,shakespeare_char,16,val_eval,2.8640573024749756,0.00016831683168316833,0.06881433827748064,
2025-09-15 03:11:26,ADAM_lr0.0003,ADAM,2,shakespeare_char,16,train_iter,2.9124927520751953,0.00016831683168316833,0.06845016994279954,1072.0281600952148
2025-09-15 03:11:27,ADAM_lr0.0003,ADAM,2,shakespeare_char,17,train_eval,2.8179242610931396,0.00017821782178217824,0.06845016994279954,
2025-09-15 03:11:27,ADAM_lr0.0003,ADAM,2,shakespeare_char,17,val_eval,2.8340659141540527,0.00017821782178217824,0.06845016994279954,
2025-09-15 03:11:27,ADAM_lr0.0003,ADAM,2,shakespeare_char,17,train_iter,2.870633840560913,0.00017821782178217824,0.06785734078999772,1117.4795627593994
2025-09-15 03:11:28,ADAM_lr0.0003,ADAM,2,shakespeare_char,18,train_eval,2.7884910106658936,0.00018811881188118812,0.06785734078999772,
2025-09-15 03:11:28,ADAM_lr0.0003,ADAM,2,shakespeare_char,18,val_eval,2.8052544593811035,0.00018811881188118812,0.06785734078999772,
2025-09-15 03:11:28,ADAM_lr0.0003,ADAM,2,shakespeare_char,18,train_iter,2.8248603343963623,0.00018811881188118812,0.06779739594434374,1038.7914180755615
2025-09-15 03:11:29,ADAM_lr0.0003,ADAM,2,shakespeare_char,19,train_eval,2.768583297729492,0.00019801980198019803,0.06779739594434374,
2025-09-15 03:11:29,ADAM_lr0.0003,ADAM,2,shakespeare_char,19,val_eval,2.780170202255249,0.00019801980198019803,0.06779739594434374,
2025-09-15 03:11:29,ADAM_lr0.0003,ADAM,2,shakespeare_char,19,train_iter,2.781716823577881,0.00019801980198019803,0.06756644226968003,1066.8683052062988
2025-09-15 03:11:30,ADAM_lr0.0003,ADAM,2,shakespeare_char,20,train_eval,2.7440595626831055,0.00020792079207920794,0.06756644226968003,
2025-09-15 03:11:30,ADAM_lr0.0003,ADAM,2,shakespeare_char,20,val_eval,2.7473092079162598,0.00020792079207920794,0.06756644226968003,
2025-09-15 03:11:30,ADAM_lr0.0003,ADAM,2,shakespeare_char,20,train_iter,2.8149008750915527,0.00020792079207920794,0.06787732441788225,988.5625839233398
2025-09-15 03:11:31,ADAM_lr0.0003,ADAM,2,shakespeare_char,21,train_eval,2.7256717681884766,0.0002178217821782178,0.06787732441788225,
2025-09-15 03:11:31,ADAM_lr0.0003,ADAM,2,shakespeare_char,21,val_eval,2.7268316745758057,0.0002178217821782178,0.06787732441788225,
2025-09-15 03:11:31,ADAM_lr0.0003,ADAM,2,shakespeare_char,21,train_iter,2.7929396629333496,0.0002178217821782178,0.06792682462717632,1021.8596458435059
2025-09-15 03:11:32,ADAM_lr0.0003,ADAM,2,shakespeare_char,22,train_eval,2.7061755657196045,0.0002277227722772277,0.06792682462717632,
2025-09-15 03:11:32,ADAM_lr0.0003,ADAM,2,shakespeare_char,22,val_eval,2.705918312072754,0.0002277227722772277,0.06792682462717632,
2025-09-15 03:11:33,ADAM_lr0.0003,ADAM,2,shakespeare_char,22,train_iter,2.723123073577881,0.0002277227722772277,0.06771494847764782,1061.6772174835205
2025-09-15 03:11:33,ADAM_lr0.0003,ADAM,2,shakespeare_char,23,train_eval,2.6911330223083496,0.00023762376237623762,0.06771494847764782,
2025-09-15 03:11:33,ADAM_lr0.0003,ADAM,2,shakespeare_char,23,val_eval,2.6936395168304443,0.00023762376237623762,0.06771494847764782,
2025-09-15 03:11:34,ADAM_lr0.0003,ADAM,2,shakespeare_char,23,train_iter,2.7151334285736084,0.00023762376237623762,0.06745504227938984,1072.962760925293
2025-09-15 03:11:34,ADAM_lr0.0003,ADAM,2,shakespeare_char,24,train_eval,2.6795599460601807,0.00024752475247524753,0.06745504227938984,
2025-09-15 03:11:34,ADAM_lr0.0003,ADAM,2,shakespeare_char,24,val_eval,2.679652214050293,0.00024752475247524753,0.06745504227938984,
2025-09-15 03:11:35,ADAM_lr0.0003,ADAM,2,shakespeare_char,24,train_iter,2.7097089290618896,0.00024752475247524753,0.06773769902835397,994.0996170043945
2025-09-15 03:11:35,ADAM_lr0.0003,ADAM,2,shakespeare_char,25,train_eval,2.6870248317718506,0.00025742574257425744,0.06773769902835397,
2025-09-15 03:11:35,ADAM_lr0.0003,ADAM,2,shakespeare_char,25,val_eval,2.682833194732666,0.00025742574257425744,0.06773769902835397,
2025-09-15 03:11:35,ADAM_lr0.0003,ADAM,2,shakespeare_char,25,train_iter,2.7114245891571045,0.00025742574257425744,0.07039102026314069,741.1291599273682
2025-09-15 03:11:36,ADAM_lr0.0003,ADAM,2,shakespeare_char,26,train_eval,2.6714529991149902,0.00026732673267326735,0.07039102026314069,
2025-09-15 03:11:36,ADAM_lr0.0003,ADAM,2,shakespeare_char,26,val_eval,2.670822858810425,0.00026732673267326735,0.07039102026314069,
2025-09-15 03:11:36,ADAM_lr0.0003,ADAM,2,shakespeare_char,26,train_iter,2.644639730453491,0.00026732673267326735,0.07032287616251101,1002.2571086883545
2025-09-15 03:11:37,ADAM_lr0.0003,ADAM,2,shakespeare_char,27,train_eval,2.6494555473327637,0.00027722772277227726,0.07032287616251101,
2025-09-15 03:11:37,ADAM_lr0.0003,ADAM,2,shakespeare_char,27,val_eval,2.6488218307495117,0.00027722772277227726,0.07032287616251101,
2025-09-15 03:11:37,ADAM_lr0.0003,ADAM,2,shakespeare_char,27,train_iter,2.6636223793029785,0.00027722772277227726,0.06993089972261904,1052.1633625030518
2025-09-15 03:11:38,ADAM_lr0.0003,ADAM,2,shakespeare_char,28,train_eval,2.639714241027832,0.00028712871287128717,0.06993089972261904,
2025-09-15 03:11:38,ADAM_lr0.0003,ADAM,2,shakespeare_char,28,val_eval,2.6455109119415283,0.00028712871287128717,0.06993089972261904,
2025-09-15 03:11:38,ADAM_lr0.0003,ADAM,2,shakespeare_char,28,train_iter,2.671112537384033,0.00028712871287128717,0.07001642780402648,987.013578414917
2025-09-15 03:11:39,ADAM_lr0.0003,ADAM,2,shakespeare_char,29,train_eval,2.652371883392334,0.000297029702970297,0.07001642780402648,
2025-09-15 03:11:39,ADAM_lr0.0003,ADAM,2,shakespeare_char,29,val_eval,2.648850917816162,0.000297029702970297,0.07001642780402648,
2025-09-15 03:11:39,ADAM_lr0.0003,ADAM,2,shakespeare_char,29,train_iter,2.6485514640808105,0.000297029702970297,0.0728123728212402,713.1032943725586
2025-09-15 03:11:40,ADAM_lr0.0003,ADAM,2,shakespeare_char,30,train_eval,2.6554384231567383,0.00030693069306930693,0.0728123728212402,
2025-09-15 03:11:40,ADAM_lr0.0003,ADAM,2,shakespeare_char,30,val_eval,2.6466410160064697,0.00030693069306930693,0.0728123728212402,
2025-09-15 03:11:40,ADAM_lr0.0003,ADAM,2,shakespeare_char,30,train_iter,2.6567811965942383,0.00030693069306930693,0.07559243547048701,694.4124698638916
2025-09-15 03:11:40,ADAM_lr0.0003,ADAM,2,shakespeare_char,31,train_eval,2.6389496326446533,0.00031683168316831684,0.07559243547048701,
2025-09-15 03:11:40,ADAM_lr0.0003,ADAM,2,shakespeare_char,31,val_eval,2.624613046646118,0.00031683168316831684,0.07559243547048701,
2025-09-15 03:11:41,ADAM_lr0.0003,ADAM,2,shakespeare_char,31,train_iter,2.673370361328125,0.00031683168316831684,0.07516003341691024,980.334997177124
2025-09-15 03:11:41,ADAM_lr0.0003,ADAM,2,shakespeare_char,32,train_eval,2.6217586994171143,0.00032673267326732675,0.07516003341691024,
2025-09-15 03:11:41,ADAM_lr0.0003,ADAM,2,shakespeare_char,32,val_eval,2.6108651161193848,0.00032673267326732675,0.07516003341691024,
2025-09-15 03:11:42,ADAM_lr0.0003,ADAM,2,shakespeare_char,32,train_iter,2.646413803100586,0.00032673267326732675,0.07472031320424682,987.3392581939697
2025-09-15 03:11:43,ADAM_lr0.0003,ADAM,2,shakespeare_char,33,train_eval,2.613119602203369,0.00033663366336633666,0.07472031320424682,
2025-09-15 03:11:43,ADAM_lr0.0003,ADAM,2,shakespeare_char,33,val_eval,2.607168674468994,0.00033663366336633666,0.07472031320424682,
2025-09-15 03:11:43,ADAM_lr0.0003,ADAM,2,shakespeare_char,33,train_iter,2.5849056243896484,0.00033663366336633666,0.07432037251350092,987.9245758056641
2025-09-15 03:11:43,ADAM_lr0.0003,ADAM,2,shakespeare_char,34,train_eval,2.6108548641204834,0.00034653465346534657,0.07432037251350092,
2025-09-15 03:11:43,ADAM_lr0.0003,ADAM,2,shakespeare_char,34,val_eval,2.605234384536743,0.00034653465346534657,0.07432037251350092,
2025-09-15 03:11:44,ADAM_lr0.0003,ADAM,2,shakespeare_char,34,train_iter,2.6543831825256348,0.00034653465346534657,0.07406811946669808,973.1061458587646
2025-09-15 03:11:44,ADAM_lr0.0003,ADAM,2,shakespeare_char,35,train_eval,2.606998920440674,0.0003564356435643565,0.07406811946669808,
2025-09-15 03:11:44,ADAM_lr0.0003,ADAM,2,shakespeare_char,35,val_eval,2.6035754680633545,0.0003564356435643565,0.07406811946669808,
2025-09-15 03:11:45,ADAM_lr0.0003,ADAM,2,shakespeare_char,35,train_iter,2.6152851581573486,0.0003564356435643565,0.07345577267029423,1028.2917022705078
2025-09-15 03:11:45,ADAM_lr0.0003,ADAM,2,shakespeare_char,36,train_eval,2.595860004425049,0.00036633663366336634,0.07345577267029423,
2025-09-15 03:11:45,ADAM_lr0.0003,ADAM,2,shakespeare_char,36,val_eval,2.5936312675476074,0.00036633663366336634,0.07345577267029423,
2025-09-15 03:11:46,ADAM_lr0.0003,ADAM,2,shakespeare_char,36,train_iter,2.6217117309570312,0.00036633663366336634,0.07303917173027294,1008.3296298980713
2025-09-15 03:11:46,ADAM_lr0.0003,ADAM,2,shakespeare_char,37,train_eval,2.5944411754608154,0.00037623762376237625,0.07303917173027294,
2025-09-15 03:11:46,ADAM_lr0.0003,ADAM,2,shakespeare_char,37,val_eval,2.5981950759887695,0.00037623762376237625,0.07303917173027294,
2025-09-15 03:11:46,ADAM_lr0.0003,ADAM,2,shakespeare_char,37,train_iter,2.6010546684265137,0.00037623762376237625,0.07518210843437087,739.5787239074707
2025-09-15 03:11:47,ADAM_lr0.0003,ADAM,2,shakespeare_char,38,train_eval,2.587639808654785,0.00038613861386138616,0.07518210843437087,
2025-09-15 03:11:47,ADAM_lr0.0003,ADAM,2,shakespeare_char,38,val_eval,2.597979784011841,0.00038613861386138616,0.07518210843437087,
2025-09-15 03:11:47,ADAM_lr0.0003,ADAM,2,shakespeare_char,38,train_iter,2.573181629180908,0.00038613861386138616,0.07652065554844037,788.8543605804443
2025-09-15 03:11:49,ADAM_lr0.0003,ADAM,2,shakespeare_char,39,train_eval,2.591794967651367,0.00039603960396039607,0.07652065554844037,
2025-09-15 03:11:49,ADAM_lr0.0003,ADAM,2,shakespeare_char,39,val_eval,2.5905675888061523,0.00039603960396039607,0.07652065554844037,
2025-09-15 03:11:49,ADAM_lr0.0003,ADAM,2,shakespeare_char,39,train_iter,2.602943181991577,0.00039603960396039607,0.07214533500844486,2132.205009460449
2025-09-15 03:11:51,ADAM_lr0.0003,ADAM,2,shakespeare_char,40,train_eval,2.600148916244507,0.000405940594059406,0.07214533500844486,
2025-09-15 03:11:51,ADAM_lr0.0003,ADAM,2,shakespeare_char,40,val_eval,2.5932016372680664,0.000405940594059406,0.07214533500844486,
2025-09-15 03:11:51,ADAM_lr0.0003,ADAM,2,shakespeare_char,40,train_iter,2.5683610439300537,0.000405940594059406,0.0690150282821118,1710.6523513793945
2025-09-15 03:11:53,ADAM_lr0.0003,ADAM,2,shakespeare_char,41,train_eval,2.5866751670837402,0.0004158415841584159,0.0690150282821118,
2025-09-15 03:11:53,ADAM_lr0.0003,ADAM,2,shakespeare_char,41,val_eval,2.5805928707122803,0.0004158415841584159,0.0690150282821118,
2025-09-15 03:11:53,ADAM_lr0.0003,ADAM,2,shakespeare_char,41,train_iter,2.6254374980926514,0.0004158415841584159,0.06529113034012246,2198.7290382385254
2025-09-15 03:11:54,ADAM_lr0.0003,ADAM,2,shakespeare_char,42,train_eval,2.5764966011047363,0.0004257425742574258,0.06529113034012246,
2025-09-15 03:11:54,ADAM_lr0.0003,ADAM,2,shakespeare_char,42,val_eval,2.5741209983825684,0.0004257425742574258,0.06529113034012246,
2025-09-15 03:11:55,ADAM_lr0.0003,ADAM,2,shakespeare_char,42,train_iter,2.644008159637451,0.0004257425742574258,0.06307985836872226,1618.098497390747
2025-09-15 03:11:56,ADAM_lr0.0003,ADAM,2,shakespeare_char,43,train_eval,2.5739660263061523,0.0004356435643564356,0.06307985836872226,
2025-09-15 03:11:56,ADAM_lr0.0003,ADAM,2,shakespeare_char,43,val_eval,2.5715367794036865,0.0004356435643564356,0.06307985836872226,
2025-09-15 03:11:57,ADAM_lr0.0003,ADAM,2,shakespeare_char,43,train_iter,2.566439151763916,0.0004356435643564356,0.06089687447020486,1693.7427520751953
2025-09-15 03:11:58,ADAM_lr0.0003,ADAM,2,shakespeare_char,44,train_eval,2.5759270191192627,0.0004455445544554455,0.06089687447020486,
2025-09-15 03:11:58,ADAM_lr0.0003,ADAM,2,shakespeare_char,44,val_eval,2.57493257522583,0.0004455445544554455,0.06089687447020486,
2025-09-15 03:11:58,ADAM_lr0.0003,ADAM,2,shakespeare_char,44,train_iter,2.561323642730713,0.0004455445544554455,0.06179141970125127,1000.352144241333
2025-09-15 03:11:58,ADAM_lr0.0003,ADAM,2,shakespeare_char,45,train_eval,2.5761139392852783,0.0004554455445544554,0.06179141970125127,
2025-09-15 03:11:58,ADAM_lr0.0003,ADAM,2,shakespeare_char,45,val_eval,2.568028450012207,0.0004554455445544554,0.06179141970125127,
2025-09-15 03:11:59,ADAM_lr0.0003,ADAM,2,shakespeare_char,45,train_iter,2.5680320262908936,0.0004554455445544554,0.06171713516413671,1144.4480419158936
2025-09-15 03:12:00,ADAM_lr0.0003,ADAM,2,shakespeare_char,46,train_eval,2.5714311599731445,0.0004653465346534653,0.06171713516413671,
2025-09-15 03:12:00,ADAM_lr0.0003,ADAM,2,shakespeare_char,46,val_eval,2.5662355422973633,0.0004653465346534653,0.06171713516413671,
2025-09-15 03:12:00,ADAM_lr0.0003,ADAM,2,shakespeare_char,46,train_iter,2.5945489406585693,0.0004653465346534653,0.062434277440801024,1014.2021179199219
2025-09-15 03:12:01,ADAM_lr0.0003,ADAM,2,shakespeare_char,47,train_eval,2.562156915664673,0.00047524752475247524,0.062434277440801024,
2025-09-15 03:12:01,ADAM_lr0.0003,ADAM,2,shakespeare_char,47,val_eval,2.5664734840393066,0.00047524752475247524,0.062434277440801024,
2025-09-15 03:12:01,ADAM_lr0.0003,ADAM,2,shakespeare_char,47,train_iter,2.545205593109131,0.00047524752475247524,0.06576786626749388,729.5269966125488
2025-09-15 03:12:01,ADAM_lr0.0003,ADAM,2,shakespeare_char,48,train_eval,2.5822229385375977,0.00048514851485148515,0.06576786626749388,
2025-09-15 03:12:01,ADAM_lr0.0003,ADAM,2,shakespeare_char,48,val_eval,2.5880353450775146,0.00048514851485148515,0.06576786626749388,
2025-09-15 03:12:01,ADAM_lr0.0003,ADAM,2,shakespeare_char,48,train_iter,2.6191623210906982,0.00048514851485148515,0.06962994282348545,669.2962646484375
2025-09-15 03:12:02,ADAM_lr0.0003,ADAM,2,shakespeare_char,49,train_eval,2.5642359256744385,0.0004950495049504951,0.06962994282348545,
2025-09-15 03:12:02,ADAM_lr0.0003,ADAM,2,shakespeare_char,49,val_eval,2.576782464981079,0.0004950495049504951,0.06962994282348545,
2025-09-15 03:12:02,ADAM_lr0.0003,ADAM,2,shakespeare_char,49,train_iter,2.5929312705993652,0.0004950495049504951,0.07312669222238662,667.9601669311523
2025-09-15 03:12:03,ADAM_lr0.0003,ADAM,2,shakespeare_char,50,train_eval,2.559864044189453,0.000504950495049505,0.07312669222238662,
2025-09-15 03:12:03,ADAM_lr0.0003,ADAM,2,shakespeare_char,50,val_eval,2.56191349029541,0.000504950495049505,0.07312669222238662,
2025-09-15 03:12:03,ADAM_lr0.0003,ADAM,2,shakespeare_char,50,train_iter,2.5860443115234375,0.000504950495049505,0.07293867433142597,980.6363582611084
2025-09-15 03:12:04,ADAM_lr0.0003,ADAM,2,shakespeare_char,51,train_eval,2.5596907138824463,0.0005148514851485149,0.07293867433142597,
2025-09-15 03:12:04,ADAM_lr0.0003,ADAM,2,shakespeare_char,51,val_eval,2.560041904449463,0.0005148514851485149,0.07293867433142597,
2025-09-15 03:12:04,ADAM_lr0.0003,ADAM,2,shakespeare_char,51,train_iter,2.5378870964050293,0.0005148514851485149,0.0723402278287031,1043.5030460357666
2025-09-15 03:12:05,ADAM_lr0.0003,ADAM,2,shakespeare_char,52,train_eval,2.5498414039611816,0.0005247524752475248,0.0723402278287031,
2025-09-15 03:12:05,ADAM_lr0.0003,ADAM,2,shakespeare_char,52,val_eval,2.5569005012512207,0.0005247524752475248,0.0723402278287031,
2025-09-15 03:12:05,ADAM_lr0.0003,ADAM,2,shakespeare_char,52,train_iter,2.542039394378662,0.0005247524752475248,0.07221455573389807,982.8851222991943
2025-09-15 03:12:06,ADAM_lr0.0003,ADAM,2,shakespeare_char,53,train_eval,2.5541727542877197,0.0005346534653465347,0.07221455573389807,
2025-09-15 03:12:06,ADAM_lr0.0003,ADAM,2,shakespeare_char,53,val_eval,2.5538713932037354,0.0005346534653465347,0.07221455573389807,
2025-09-15 03:12:06,ADAM_lr0.0003,ADAM,2,shakespeare_char,53,train_iter,2.5865187644958496,0.0005346534653465347,0.07105939496146728,1151.7231464385986
2025-09-15 03:12:07,ADAM_lr0.0003,ADAM,2,shakespeare_char,54,train_eval,2.5601625442504883,0.0005445544554455446,0.07105939496146728,
2025-09-15 03:12:07,ADAM_lr0.0003,ADAM,2,shakespeare_char,54,val_eval,2.559511184692383,0.0005445544554455446,0.07105939496146728,
2025-09-15 03:12:07,ADAM_lr0.0003,ADAM,2,shakespeare_char,54,train_iter,2.5622634887695312,0.0005445544554455446,0.07309106121293717,764.60862159729
2025-09-15 03:12:07,ADAM_lr0.0003,ADAM,2,shakespeare_char,55,train_eval,2.548844575881958,0.0005544554455445545,0.07309106121293717,
2025-09-15 03:12:07,ADAM_lr0.0003,ADAM,2,shakespeare_char,55,val_eval,2.544919013977051,0.0005544554455445545,0.07309106121293717,
2025-09-15 03:12:08,ADAM_lr0.0003,ADAM,2,shakespeare_char,55,train_iter,2.6182944774627686,0.0005544554455445545,0.07239151814430089,1057.0580959320068
2025-09-15 03:12:09,ADAM_lr0.0003,ADAM,2,shakespeare_char,56,train_eval,2.5592474937438965,0.0005643564356435644,0.07239151814430089,
2025-09-15 03:12:09,ADAM_lr0.0003,ADAM,2,shakespeare_char,56,val_eval,2.566922187805176,0.0005643564356435644,0.07239151814430089,
2025-09-15 03:12:09,ADAM_lr0.0003,ADAM,2,shakespeare_char,56,train_iter,2.6018519401550293,0.0005643564356435644,0.0743298843957138,761.2833976745605
2025-09-15 03:12:09,ADAM_lr0.0003,ADAM,2,shakespeare_char,57,train_eval,2.554992914199829,0.0005742574257425743,0.0743298843957138,
2025-09-15 03:12:09,ADAM_lr0.0003,ADAM,2,shakespeare_char,57,val_eval,2.5640575885772705,0.0005742574257425743,0.0743298843957138,
2025-09-15 03:12:09,ADAM_lr0.0003,ADAM,2,shakespeare_char,57,train_iter,2.5982298851013184,0.0005742574257425743,0.0769924522807885,692.0561790466309
2025-09-15 03:12:10,ADAM_lr0.0003,ADAM,2,shakespeare_char,58,train_eval,2.5513734817504883,0.0005841584158415842,0.0769924522807885,
2025-09-15 03:12:10,ADAM_lr0.0003,ADAM,2,shakespeare_char,58,val_eval,2.5498206615448,0.0005841584158415842,0.0769924522807885,
2025-09-15 03:12:10,ADAM_lr0.0003,ADAM,2,shakespeare_char,58,train_iter,2.5810179710388184,0.0005841584158415842,0.07933536790727541,695.7359313964844
2025-09-15 03:12:11,ADAM_lr0.0003,ADAM,2,shakespeare_char,59,train_eval,2.5471584796905518,0.000594059405940594,0.07933536790727541,
2025-09-15 03:12:11,ADAM_lr0.0003,ADAM,2,shakespeare_char,59,val_eval,2.5419907569885254,0.000594059405940594,0.07933536790727541,
2025-09-15 03:12:11,ADAM_lr0.0003,ADAM,2,shakespeare_char,59,train_iter,2.579746961593628,0.000594059405940594,0.07833172012462042,1008.1968307495117
2025-09-15 03:12:12,ADAM_lr0.0003,ADAM,2,shakespeare_char,60,train_eval,2.560622453689575,0.000603960396039604,0.07833172012462042,
2025-09-15 03:12:12,ADAM_lr0.0003,ADAM,2,shakespeare_char,60,val_eval,2.549889326095581,0.000603960396039604,0.07833172012462042,
2025-09-15 03:12:12,ADAM_lr0.0003,ADAM,2,shakespeare_char,60,train_iter,2.572444438934326,0.000603960396039604,0.08028822488661443,713.6795520782471
2025-09-15 03:12:12,ADAM_lr0.0003,ADAM,2,shakespeare_char,61,train_eval,2.55611252784729,0.0006138613861386139,0.08028822488661443,
2025-09-15 03:12:12,ADAM_lr0.0003,ADAM,2,shakespeare_char,61,val_eval,2.5569756031036377,0.0006138613861386139,0.08028822488661443,
2025-09-15 03:12:12,ADAM_lr0.0003,ADAM,2,shakespeare_char,61,train_iter,2.5989456176757812,0.0006138613861386139,0.08236178368234291,691.5886402130127
2025-09-15 03:12:13,ADAM_lr0.0003,ADAM,2,shakespeare_char,62,train_eval,2.539992094039917,0.0006237623762376238,0.08236178368234291,
2025-09-15 03:12:13,ADAM_lr0.0003,ADAM,2,shakespeare_char,62,val_eval,2.550395965576172,0.0006237623762376238,0.08236178368234291,
2025-09-15 03:12:13,ADAM_lr0.0003,ADAM,2,shakespeare_char,62,train_iter,2.594877243041992,0.0006237623762376238,0.08417381962512274,695.3167915344238
2025-09-15 03:12:14,ADAM_lr0.0003,ADAM,2,shakespeare_char,63,train_eval,2.5486268997192383,0.0006336633663366337,0.08417381962512274,
2025-09-15 03:12:14,ADAM_lr0.0003,ADAM,2,shakespeare_char,63,val_eval,2.565096378326416,0.0006336633663366337,0.08417381962512274,
2025-09-15 03:12:14,ADAM_lr0.0003,ADAM,2,shakespeare_char,63,train_iter,2.5328147411346436,0.0006336633663366337,0.08575805569666771,698.5561847686768
2025-09-15 03:12:14,ADAM_lr0.0003,ADAM,2,shakespeare_char,64,train_eval,2.548360824584961,0.0006435643564356436,0.08575805569666771,
2025-09-15 03:12:14,ADAM_lr0.0003,ADAM,2,shakespeare_char,64,val_eval,2.5622718334198,0.0006435643564356436,0.08575805569666771,
2025-09-15 03:12:15,ADAM_lr0.0003,ADAM,2,shakespeare_char,64,train_iter,2.5767571926116943,0.0006435643564356436,0.08720051308249127,697.3955631256104
2025-09-15 03:12:15,ADAM_lr0.0003,ADAM,2,shakespeare_char,65,train_eval,2.5493993759155273,0.0006534653465346535,0.08720051308249127,
2025-09-15 03:12:15,ADAM_lr0.0003,ADAM,2,shakespeare_char,65,val_eval,2.557298183441162,0.0006534653465346535,0.08720051308249127,
2025-09-15 03:12:15,ADAM_lr0.0003,ADAM,2,shakespeare_char,65,train_iter,2.5696756839752197,0.0006534653465346535,0.088339518448485,708.6572647094727
2025-09-15 03:12:16,ADAM_lr0.0003,ADAM,2,shakespeare_char,66,train_eval,2.545330047607422,0.0006633663366336634,0.088339518448485,
2025-09-15 03:12:16,ADAM_lr0.0003,ADAM,2,shakespeare_char,66,val_eval,2.549776554107666,0.0006633663366336634,0.088339518448485,
2025-09-15 03:12:16,ADAM_lr0.0003,ADAM,2,shakespeare_char,66,train_iter,2.563831090927124,0.0006633663366336634,0.08944821673090822,702.6991844177246
2025-09-15 03:12:17,ADAM_lr0.0003,ADAM,2,shakespeare_char,67,train_eval,2.547447443008423,0.0006732673267326733,0.08944821673090822,
2025-09-15 03:12:17,ADAM_lr0.0003,ADAM,2,shakespeare_char,67,val_eval,2.5499093532562256,0.0006732673267326733,0.08944821673090822,
2025-09-15 03:12:17,ADAM_lr0.0003,ADAM,2,shakespeare_char,67,train_iter,2.5359888076782227,0.0006732673267326733,0.0905858077821567,692.9583549499512
2025-09-15 03:12:17,ADAM_lr0.0003,ADAM,2,shakespeare_char,68,train_eval,2.55263352394104,0.0006831683168316832,0.0905858077821567,
2025-09-15 03:12:17,ADAM_lr0.0003,ADAM,2,shakespeare_char,68,val_eval,2.5580577850341797,0.0006831683168316832,0.0905858077821567,
2025-09-15 03:12:17,ADAM_lr0.0003,ADAM,2,shakespeare_char,68,train_iter,2.5871787071228027,0.0006831683168316832,0.09162427908818019,691.9536590576172
2025-09-15 03:12:18,ADAM_lr0.0003,ADAM,2,shakespeare_char,69,train_eval,2.54964017868042,0.0006930693069306931,0.09162427908818019,
2025-09-15 03:12:18,ADAM_lr0.0003,ADAM,2,shakespeare_char,69,val_eval,2.5529329776763916,0.0006930693069306931,0.09162427908818019,
2025-09-15 03:12:18,ADAM_lr0.0003,ADAM,2,shakespeare_char,69,train_iter,2.5957932472229004,0.0006930693069306931,0.09249560165793666,696.3191032409668
2025-09-15 03:12:19,ADAM_lr0.0003,ADAM,2,shakespeare_char,70,train_eval,2.54707407951355,0.000702970297029703,0.09249560165793666,
2025-09-15 03:12:19,ADAM_lr0.0003,ADAM,2,shakespeare_char,70,val_eval,2.558504104614258,0.000702970297029703,0.09249560165793666,
2025-09-15 03:12:19,ADAM_lr0.0003,ADAM,2,shakespeare_char,70,train_iter,2.5282297134399414,0.000702970297029703,0.09326552730151365,697.3104476928711
2025-09-15 03:12:19,ADAM_lr0.0003,ADAM,2,shakespeare_char,71,train_eval,2.5521161556243896,0.000712871287128713,0.09326552730151365,
2025-09-15 03:12:19,ADAM_lr0.0003,ADAM,2,shakespeare_char,71,val_eval,2.5465641021728516,0.000712871287128713,0.09326552730151365,
2025-09-15 03:12:19,ADAM_lr0.0003,ADAM,2,shakespeare_char,71,train_iter,2.6055870056152344,0.000712871287128713,0.09395116878147955,697.8182792663574
2025-09-15 03:12:20,ADAM_lr0.0003,ADAM,2,shakespeare_char,72,train_eval,2.5506463050842285,0.0007227722772277228,0.09395116878147955,
2025-09-15 03:12:20,ADAM_lr0.0003,ADAM,2,shakespeare_char,72,val_eval,2.547769069671631,0.0007227722772277228,0.09395116878147955,
2025-09-15 03:12:20,ADAM_lr0.0003,ADAM,2,shakespeare_char,72,train_iter,2.563157558441162,0.0007227722772277228,0.09454458919334317,699.4709968566895
2025-09-15 03:12:21,ADAM_lr0.0003,ADAM,2,shakespeare_char,73,train_eval,2.541090726852417,0.0007326732673267327,0.09454458919334317,
2025-09-15 03:12:21,ADAM_lr0.0003,ADAM,2,shakespeare_char,73,val_eval,2.544759750366211,0.0007326732673267327,0.09454458919334317,
2025-09-15 03:12:21,ADAM_lr0.0003,ADAM,2,shakespeare_char,73,train_iter,2.54892635345459,0.0007326732673267327,0.09496998156879112,707.1657180786133
2025-09-15 03:12:21,ADAM_lr0.0003,ADAM,2,shakespeare_char,74,train_eval,2.5327799320220947,0.0007425742574257426,0.09496998156879112,
2025-09-15 03:12:21,ADAM_lr0.0003,ADAM,2,shakespeare_char,74,val_eval,2.5405030250549316,0.0007425742574257426,0.09496998156879112,
2025-09-15 03:12:22,ADAM_lr0.0003,ADAM,2,shakespeare_char,74,train_iter,2.532737970352173,0.0007425742574257426,0.09242378885622783,1005.1629543304443
2025-09-15 03:12:23,ADAM_lr0.0003,ADAM,2,shakespeare_char,75,train_eval,2.545903444290161,0.0007524752475247525,0.09242378885622783,
2025-09-15 03:12:23,ADAM_lr0.0003,ADAM,2,shakespeare_char,75,val_eval,2.554995059967041,0.0007524752475247525,0.09242378885622783,
2025-09-15 03:12:23,ADAM_lr0.0003,ADAM,2,shakespeare_char,75,train_iter,2.49308180809021,0.0007524752475247525,0.09235053726386765,761.9800567626953
2025-09-15 03:12:23,ADAM_lr0.0003,ADAM,2,shakespeare_char,76,train_eval,2.54128098487854,0.0007623762376237624,0.09235053726386765,
2025-09-15 03:12:23,ADAM_lr0.0003,ADAM,2,shakespeare_char,76,val_eval,2.547119617462158,0.0007623762376237624,0.09235053726386765,
2025-09-15 03:12:23,ADAM_lr0.0003,ADAM,2,shakespeare_char,76,train_iter,2.513261079788208,0.0007623762376237624,0.09318515706697063,693.8350200653076
2025-09-15 03:12:24,ADAM_lr0.0003,ADAM,2,shakespeare_char,77,train_eval,2.529350519180298,0.0007722772277227723,0.09318515706697063,
2025-09-15 03:12:24,ADAM_lr0.0003,ADAM,2,shakespeare_char,77,val_eval,2.5423288345336914,0.0007722772277227723,0.09318515706697063,
2025-09-15 03:12:24,ADAM_lr0.0003,ADAM,2,shakespeare_char,77,train_iter,2.5380923748016357,0.0007722772277227723,0.0939340870238911,693.988561630249
2025-09-15 03:12:25,ADAM_lr0.0003,ADAM,2,shakespeare_char,78,train_eval,2.526510238647461,0.0007821782178217822,0.0939340870238911,
2025-09-15 03:12:25,ADAM_lr0.0003,ADAM,2,shakespeare_char,78,val_eval,2.5424115657806396,0.0007821782178217822,0.0939340870238911,
2025-09-15 03:12:25,ADAM_lr0.0003,ADAM,2,shakespeare_char,78,train_iter,2.5501694679260254,0.0007821782178217822,0.09451788419221105,700.2654075622559
2025-09-15 03:12:25,ADAM_lr0.0003,ADAM,2,shakespeare_char,79,train_eval,2.538836717605591,0.0007920792079207921,0.09451788419221105,
2025-09-15 03:12:25,ADAM_lr0.0003,ADAM,2,shakespeare_char,79,val_eval,2.552191734313965,0.0007920792079207921,0.09451788419221105,
2025-09-15 03:12:25,ADAM_lr0.0003,ADAM,2,shakespeare_char,79,train_iter,2.5502991676330566,0.0007920792079207921,0.09494359597024536,707.334041595459
2025-09-15 03:12:26,ADAM_lr0.0003,ADAM,2,shakespeare_char,80,train_eval,2.5504519939422607,0.000801980198019802,0.09494359597024536,
2025-09-15 03:12:26,ADAM_lr0.0003,ADAM,2,shakespeare_char,80,val_eval,2.55881404876709,0.000801980198019802,0.09494359597024536,
2025-09-15 03:12:26,ADAM_lr0.0003,ADAM,2,shakespeare_char,80,train_iter,2.533229351043701,0.000801980198019802,0.09547854323109814,696.6276168823242
2025-09-15 03:12:27,ADAM_lr0.0003,ADAM,2,shakespeare_char,81,train_eval,2.5462899208068848,0.000811881188118812,0.09547854323109814,
2025-09-15 03:12:27,ADAM_lr0.0003,ADAM,2,shakespeare_char,81,val_eval,2.5453805923461914,0.000811881188118812,0.09547854323109814,
2025-09-15 03:12:27,ADAM_lr0.0003,ADAM,2,shakespeare_char,81,train_iter,2.542600631713867,0.000811881188118812,0.09586402021999252,703.3584117889404
2025-09-15 03:12:27,ADAM_lr0.0003,ADAM,2,shakespeare_char,82,train_eval,2.539616823196411,0.0008217821782178219,0.09586402021999252,
2025-09-15 03:12:27,ADAM_lr0.0003,ADAM,2,shakespeare_char,82,val_eval,2.546607255935669,0.0008217821782178219,0.09586402021999252,
2025-09-15 03:12:27,ADAM_lr0.0003,ADAM,2,shakespeare_char,82,train_iter,2.547473907470703,0.0008217821782178219,0.09640271935471514,690.0367736816406
2025-09-15 03:12:28,ADAM_lr0.0003,ADAM,2,shakespeare_char,83,train_eval,2.5322213172912598,0.0008316831683168318,0.09640271935471514,
2025-09-15 03:12:28,ADAM_lr0.0003,ADAM,2,shakespeare_char,83,val_eval,2.536792516708374,0.0008316831683168318,0.09640271935471514,
2025-09-15 03:12:28,ADAM_lr0.0003,ADAM,2,shakespeare_char,83,train_iter,2.5551249980926514,0.0008316831683168318,0.09347626675018561,1040.6434535980225
2025-09-15 03:12:29,ADAM_lr0.0003,ADAM,2,shakespeare_char,84,train_eval,2.5199995040893555,0.0008415841584158417,0.09347626675018561,
2025-09-15 03:12:29,ADAM_lr0.0003,ADAM,2,shakespeare_char,84,val_eval,2.5288007259368896,0.0008415841584158417,0.09347626675018561,
2025-09-15 03:12:29,ADAM_lr0.0003,ADAM,2,shakespeare_char,84,train_iter,2.5501363277435303,0.0008415841584158417,0.09110089500379337,1002.0706653594971
2025-09-15 03:12:30,ADAM_lr0.0003,ADAM,2,shakespeare_char,85,train_eval,2.5228915214538574,0.0008514851485148516,0.09110089500379337,
2025-09-15 03:12:30,ADAM_lr0.0003,ADAM,2,shakespeare_char,85,val_eval,2.5233945846557617,0.0008514851485148516,0.09110089500379337,
2025-09-15 03:12:31,ADAM_lr0.0003,ADAM,2,shakespeare_char,85,train_iter,2.505347490310669,0.0008514851485148516,0.08777378366418287,1208.1477642059326
2025-09-15 03:12:31,ADAM_lr0.0003,ADAM,2,shakespeare_char,86,train_eval,2.524513006210327,0.0008613861386138615,0.08777378366418287,
2025-09-15 03:12:31,ADAM_lr0.0003,ADAM,2,shakespeare_char,86,val_eval,2.518714189529419,0.0008613861386138615,0.08777378366418287,
2025-09-15 03:12:32,ADAM_lr0.0003,ADAM,2,shakespeare_char,86,train_iter,2.5355968475341797,0.0008613861386138615,0.0859935440012953,998.507022857666
2025-09-15 03:12:32,ADAM_lr0.0003,ADAM,2,shakespeare_char,87,train_eval,2.5216012001037598,0.0008712871287128712,0.0859935440012953,
2025-09-15 03:12:32,ADAM_lr0.0003,ADAM,2,shakespeare_char,87,val_eval,2.5220322608947754,0.0008712871287128712,0.0859935440012953,
2025-09-15 03:12:32,ADAM_lr0.0003,ADAM,2,shakespeare_char,87,train_iter,2.5017428398132324,0.0008712871287128712,0.08665103455862126,754.7595500946045
2025-09-15 03:12:33,ADAM_lr0.0003,ADAM,2,shakespeare_char,88,train_eval,2.521578311920166,0.0008811881188118811,0.08665103455862126,
2025-09-15 03:12:33,ADAM_lr0.0003,ADAM,2,shakespeare_char,88,val_eval,2.5197980403900146,0.0008811881188118811,0.08665103455862126,
2025-09-15 03:12:33,ADAM_lr0.0003,ADAM,2,shakespeare_char,88,train_iter,2.5084071159362793,0.0008811881188118811,0.08790450273061501,704.4050693511963
2025-09-15 03:12:34,ADAM_lr0.0003,ADAM,2,shakespeare_char,89,train_eval,2.5173189640045166,0.000891089108910891,0.08790450273061501,
2025-09-15 03:12:34,ADAM_lr0.0003,ADAM,2,shakespeare_char,89,val_eval,2.522667169570923,0.000891089108910891,0.08790450273061501,
2025-09-15 03:12:34,ADAM_lr0.0003,ADAM,2,shakespeare_char,89,train_iter,2.527550220489502,0.000891089108910891,0.08915808228709136,695.6064701080322
2025-09-15 03:12:35,ADAM_lr0.0003,ADAM,2,shakespeare_char,90,train_eval,2.5181987285614014,0.0009009900990099009,0.08915808228709136,
2025-09-15 03:12:35,ADAM_lr0.0003,ADAM,2,shakespeare_char,90,val_eval,2.5222508907318115,0.0009009900990099009,0.08915808228709136,
2025-09-15 03:12:35,ADAM_lr0.0003,ADAM,2,shakespeare_char,90,train_iter,2.563026189804077,0.0009009900990099009,0.09023980089428324,698.8420486450195
2025-09-15 03:12:35,ADAM_lr0.0003,ADAM,2,shakespeare_char,91,train_eval,2.519624710083008,0.0009108910891089108,0.09023980089428324,
2025-09-15 03:12:35,ADAM_lr0.0003,ADAM,2,shakespeare_char,91,val_eval,2.5198142528533936,0.0009108910891089108,0.09023980089428324,
2025-09-15 03:12:35,ADAM_lr0.0003,ADAM,2,shakespeare_char,91,train_iter,2.513535976409912,0.0009108910891089108,0.09134561896814407,689.7168159484863
2025-09-15 03:12:36,ADAM_lr0.0003,ADAM,2,shakespeare_char,92,train_eval,2.5136685371398926,0.0009207920792079207,0.09134561896814407,
2025-09-15 03:12:36,ADAM_lr0.0003,ADAM,2,shakespeare_char,92,val_eval,2.521592378616333,0.0009207920792079207,0.09134561896814407,
2025-09-15 03:12:36,ADAM_lr0.0003,ADAM,2,shakespeare_char,92,train_iter,2.545778751373291,0.0009207920792079207,0.09135349203004414,764.204740524292
2025-09-15 03:12:37,ADAM_lr0.0003,ADAM,2,shakespeare_char,93,train_eval,2.5107901096343994,0.0009306930693069307,0.09135349203004414,
2025-09-15 03:12:37,ADAM_lr0.0003,ADAM,2,shakespeare_char,93,val_eval,2.5247321128845215,0.0009306930693069307,0.09135349203004414,
2025-09-15 03:12:37,ADAM_lr0.0003,ADAM,2,shakespeare_char,93,train_iter,2.4889378547668457,0.0009306930693069307,0.09137160944092154,763.2837295532227
2025-09-15 03:12:37,ADAM_lr0.0003,ADAM,2,shakespeare_char,94,train_eval,2.5152392387390137,0.0009405940594059406,0.09137160944092154,
2025-09-15 03:12:37,ADAM_lr0.0003,ADAM,2,shakespeare_char,94,val_eval,2.5300943851470947,0.0009405940594059406,0.09137160944092154,
2025-09-15 03:12:37,ADAM_lr0.0003,ADAM,2,shakespeare_char,94,train_iter,2.5717086791992188,0.0009405940594059406,0.09194537737464387,719.4669246673584
2025-09-15 03:12:38,ADAM_lr0.0003,ADAM,2,shakespeare_char,95,train_eval,2.512965679168701,0.0009504950495049505,0.09194537737464387,
2025-09-15 03:12:38,ADAM_lr0.0003,ADAM,2,shakespeare_char,95,val_eval,2.514758825302124,0.0009504950495049505,0.09194537737464387,
2025-09-15 03:12:39,ADAM_lr0.0003,ADAM,2,shakespeare_char,95,train_iter,2.5233359336853027,0.0009504950495049505,0.08843730252366376,1228.6534309387207
2025-09-15 03:12:40,ADAM_lr0.0003,ADAM,2,shakespeare_char,96,train_eval,2.516761302947998,0.0009603960396039604,0.08843730252366376,
2025-09-15 03:12:40,ADAM_lr0.0003,ADAM,2,shakespeare_char,96,val_eval,2.518460750579834,0.0009603960396039604,0.08843730252366376,
2025-09-15 03:12:40,ADAM_lr0.0003,ADAM,2,shakespeare_char,96,train_iter,2.5222039222717285,0.0009603960396039604,0.08598055859125452,1093.8949584960938
2025-09-15 03:12:41,ADAM_lr0.0003,ADAM,2,shakespeare_char,97,train_eval,2.51456356048584,0.0009702970297029703,0.08598055859125452,
2025-09-15 03:12:41,ADAM_lr0.0003,ADAM,2,shakespeare_char,97,val_eval,2.5098509788513184,0.0009702970297029703,0.08598055859125452,
2025-09-15 03:12:41,ADAM_lr0.0003,ADAM,2,shakespeare_char,97,train_iter,2.5451860427856445,0.0009702970297029703,0.08168956851004595,1622.1466064453125
2025-09-15 03:12:42,ADAM_lr0.0003,ADAM,2,shakespeare_char,98,train_eval,2.504870653152466,0.0009801980198019802,0.08168956851004595,
2025-09-15 03:12:42,ADAM_lr0.0003,ADAM,2,shakespeare_char,98,val_eval,2.5100529193878174,0.0009801980198019802,0.08168956851004595,
2025-09-15 03:12:42,ADAM_lr0.0003,ADAM,2,shakespeare_char,98,train_iter,2.579129695892334,0.0009801980198019802,0.08097116386465557,937.7415180206299
2025-09-15 03:12:43,ADAM_lr0.0003,ADAM,2,shakespeare_char,99,train_eval,2.51779842376709,0.0009900990099009901,0.08097116386465557,
2025-09-15 03:12:43,ADAM_lr0.0003,ADAM,2,shakespeare_char,99,val_eval,2.531078577041626,0.0009900990099009901,0.08097116386465557,
2025-09-15 03:12:43,ADAM_lr0.0003,ADAM,2,shakespeare_char,99,train_iter,2.5463085174560547,0.0009900990099009901,0.08087058485110327,873.7146854400635
2025-09-15 03:12:44,ADAM_lr0.0003,ADAM,2,shakespeare_char,100,train_eval,2.5172550678253174,0.001,0.08087058485110327,
2025-09-15 03:12:44,ADAM_lr0.0003,ADAM,2,shakespeare_char,100,val_eval,2.52834415435791,0.001,0.08087058485110327,
2025-09-15 03:16:22,ADAM_lr0.0003,ADAM,2,shakespeare_char,100,train_iter,2.504152297973633,0.001,0.07281550683862727,218467.44465827942
2025-09-15 03:16:23,ADAM_lr0.0003,ADAM,2,shakespeare_char,101,train_eval,2.502603530883789,0.000999999907510999,0.07281550683862727,
2025-09-15 03:16:23,ADAM_lr0.0003,ADAM,2,shakespeare_char,101,val_eval,2.5114386081695557,0.000999999907510999,0.07281550683862727,
2025-09-15 03:16:23,ADAM_lr0.0003,ADAM,2,shakespeare_char,101,train_iter,2.520296096801758,0.000999999907510999,0.07015700961420278,1511.2721920013428
2025-09-15 03:16:24,ADAM_lr0.0003,ADAM,2,shakespeare_char,102,train_eval,2.506983757019043,0.000999999630044034,0.07015700961420278,
2025-09-15 03:16:25,ADAM_lr0.0003,ADAM,2,shakespeare_char,102,val_eval,2.5069994926452637,0.000999999630044034,0.07015700961420278,
2025-09-15 03:16:25,ADAM_lr0.0003,ADAM,2,shakespeare_char,102,train_iter,2.515747547149658,0.000999999630044034,0.06691123092150089,1853.2721996307373
2025-09-15 03:16:26,ADAM_lr0.0003,ADAM,2,shakespeare_char,103,train_eval,2.505223035812378,0.0009999991675992191,0.06691123092150089,
2025-09-15 03:16:26,ADAM_lr0.0003,ADAM,2,shakespeare_char,103,val_eval,2.5143535137176514,0.0009999991675992191,0.06691123092150089,
2025-09-15 03:16:26,ADAM_lr0.0003,ADAM,2,shakespeare_char,103,train_iter,2.490551710128784,0.0009999991675992191,0.06764747437634688,940.6688213348389
2025-09-15 03:16:27,ADAM_lr0.0003,ADAM,2,shakespeare_char,104,train_eval,2.516273260116577,0.0009999985201767443,0.06764747437634688,
2025-09-15 03:16:27,ADAM_lr0.0003,ADAM,2,shakespeare_char,104,val_eval,2.538174629211426,0.0009999985201767443,0.06764747437634688,
2025-09-15 03:16:27,ADAM_lr0.0003,ADAM,2,shakespeare_char,104,train_iter,2.5107240676879883,0.0009999985201767443,0.06893178733409976,868.0133819580078
2025-09-15 03:16:28,ADAM_lr0.0003,ADAM,2,shakespeare_char,105,train_eval,2.522651433944702,0.000999997687776876,0.06893178733409976,
2025-09-15 03:16:28,ADAM_lr0.0003,ADAM,2,shakespeare_char,105,val_eval,2.5553064346313477,0.000999997687776876,0.06893178733409976,
2025-09-15 03:16:28,ADAM_lr0.0003,ADAM,2,shakespeare_char,105,train_iter,2.5056662559509277,0.000999997687776876,0.07014142422466059,862.2548580169678
2025-09-15 03:16:29,ADAM_lr0.0003,ADAM,2,shakespeare_char,106,train_eval,2.506382942199707,0.0009999966703999558,0.07014142422466059,
2025-09-15 03:16:29,ADAM_lr0.0003,ADAM,2,shakespeare_char,106,val_eval,2.525803327560425,0.0009999966703999558,0.07014142422466059,
2025-09-15 03:16:29,ADAM_lr0.0003,ADAM,2,shakespeare_char,106,train_iter,2.497450351715088,0.0009999966703999558,0.06761802736474352,1555.797815322876
2025-09-15 03:16:31,ADAM_lr0.0003,ADAM,2,shakespeare_char,107,train_eval,2.5099499225616455,0.0009999954680464025,0.06761802736474352,
2025-09-15 03:16:31,ADAM_lr0.0003,ADAM,2,shakespeare_char,107,val_eval,2.523991346359253,0.0009999954680464025,0.06761802736474352,
2025-09-15 03:16:31,ADAM_lr0.0003,ADAM,2,shakespeare_char,107,train_iter,2.516087055206299,0.0009999954680464025,0.06486172581500964,1744.2741394042969
2025-09-15 03:16:33,ADAM_lr0.0003,ADAM,2,shakespeare_char,108,train_eval,2.510636568069458,0.00099999408071671,0.06486172581500964,
2025-09-15 03:16:33,ADAM_lr0.0003,ADAM,2,shakespeare_char,108,val_eval,2.5203444957733154,0.00099999408071671,0.06486172581500964,
2025-09-15 03:16:33,ADAM_lr0.0003,ADAM,2,shakespeare_char,108,train_iter,2.5227596759796143,0.00099999408071671,0.06294831289063216,1527.8940200805664
2025-09-15 03:16:34,ADAM_lr0.0003,ADAM,2,shakespeare_char,109,train_eval,2.5023319721221924,0.0009999925084114485,0.06294831289063216,
2025-09-15 03:16:34,ADAM_lr0.0003,ADAM,2,shakespeare_char,109,val_eval,2.5140321254730225,0.0009999925084114485,0.06294831289063216,
2025-09-15 03:16:34,ADAM_lr0.0003,ADAM,2,shakespeare_char,109,train_iter,2.493189811706543,0.0009999925084114485,0.06269873860276466,1155.731201171875
2025-09-15 03:16:36,ADAM_lr0.0003,ADAM,2,shakespeare_char,110,train_eval,2.5237560272216797,0.0009999907511312647,0.06269873860276466,
2025-09-15 03:16:36,ADAM_lr0.0003,ADAM,2,shakespeare_char,110,val_eval,2.5487968921661377,0.0009999907511312647,0.06269873860276466,
2025-09-15 03:16:36,ADAM_lr0.0003,ADAM,2,shakespeare_char,110,train_iter,2.545006513595581,0.0009999907511312647,0.06013028079575906,1887.5727653503418
2025-09-15 03:16:38,ADAM_lr0.0003,ADAM,2,shakespeare_char,111,train_eval,2.509443998336792,0.0009999888088768807,0.06013028079575906,
2025-09-15 03:16:38,ADAM_lr0.0003,ADAM,2,shakespeare_char,111,val_eval,2.5210654735565186,0.0009999888088768807,0.06013028079575906,
2025-09-15 03:16:38,ADAM_lr0.0003,ADAM,2,shakespeare_char,111,train_iter,2.512019634246826,0.0009999888088768807,0.057607810451486545,2001.5976428985596
2025-09-15 03:16:39,ADAM_lr0.0003,ADAM,2,shakespeare_char,112,train_eval,2.5142884254455566,0.000999986681649095,0.057607810451486545,
2025-09-15 03:16:39,ADAM_lr0.0003,ADAM,2,shakespeare_char,112,val_eval,2.515597105026245,0.000999986681649095,0.057607810451486545,
2025-09-15 03:16:39,ADAM_lr0.0003,ADAM,2,shakespeare_char,112,train_iter,2.527097225189209,0.000999986681649095,0.05671964193136867,1433.8698387145996
2025-09-15 03:16:41,ADAM_lr0.0003,ADAM,2,shakespeare_char,113,train_eval,2.503607988357544,0.0009999843694487819,0.05671964193136867,
2025-09-15 03:16:41,ADAM_lr0.0003,ADAM,2,shakespeare_char,113,val_eval,2.506335496902466,0.0009999843694487819,0.05671964193136867,
2025-09-15 03:16:42,ADAM_lr0.0003,ADAM,2,shakespeare_char,113,train_iter,2.5359764099121094,0.0009999843694487819,0.053243718355125945,3181.494951248169
2025-09-15 03:16:45,ADAM_lr0.0003,ADAM,2,shakespeare_char,114,train_eval,2.503190517425537,0.000999981872276892,0.053243718355125945,
2025-09-15 03:16:45,ADAM_lr0.0003,ADAM,2,shakespeare_char,114,val_eval,2.5054116249084473,0.000999981872276892,0.053243718355125945,
2025-09-15 03:16:46,ADAM_lr0.0003,ADAM,2,shakespeare_char,114,train_iter,2.547636032104492,0.000999981872276892,0.04999323228812038,3368.889570236206
2025-09-15 03:16:46,ADAM_lr0.0003,ADAM,2,shakespeare_char,115,train_eval,2.498283624649048,0.0009999791901344516,0.04999323228812038,
2025-09-15 03:16:46,ADAM_lr0.0003,ADAM,2,shakespeare_char,115,val_eval,2.508626937866211,0.0009999791901344516,0.04999323228812038,
2025-09-15 03:16:46,ADAM_lr0.0003,ADAM,2,shakespeare_char,115,train_iter,2.50166916847229,0.0009999791901344516,0.05284603607522954,889.7833824157715
2025-09-15 03:16:48,ADAM_lr0.0003,ADAM,2,shakespeare_char,116,train_eval,2.4963738918304443,0.0009999763230225634,0.05284603607522954,
2025-09-15 03:16:48,ADAM_lr0.0003,ADAM,2,shakespeare_char,116,val_eval,2.5170233249664307,0.0009999763230225634,0.05284603607522954,
2025-09-15 03:16:48,ADAM_lr0.0003,ADAM,2,shakespeare_char,116,train_iter,2.554986000061035,0.0009999763230225634,0.053855755709526235,1109.9989414215088
2025-09-15 03:16:49,ADAM_lr0.0003,ADAM,2,shakespeare_char,117,train_eval,2.506800651550293,0.0009999732709424058,0.053855755709526235,
2025-09-15 03:16:49,ADAM_lr0.0003,ADAM,2,shakespeare_char,117,val_eval,2.5235676765441895,0.0009999732709424058,0.053855755709526235,
2025-09-15 03:16:49,ADAM_lr0.0003,ADAM,2,shakespeare_char,117,train_iter,2.49353289604187,0.0009999732709424058,0.05282951156165206,1602.6980876922607
2025-09-15 03:16:51,ADAM_lr0.0003,ADAM,2,shakespeare_char,118,train_eval,2.503140449523926,0.0009999700338952336,0.05282951156165206,
2025-09-15 03:16:51,ADAM_lr0.0003,ADAM,2,shakespeare_char,118,val_eval,2.518005847930908,0.0009999700338952336,0.05282951156165206,
2025-09-15 03:16:51,ADAM_lr0.0003,ADAM,2,shakespeare_char,118,train_iter,2.4960570335388184,0.0009999700338952336,0.0521764322369736,1509.0465545654297
2025-09-15 03:16:53,ADAM_lr0.0003,ADAM,2,shakespeare_char,119,train_eval,2.4966089725494385,0.0009999666118823774,0.0521764322369736,
2025-09-15 03:16:53,ADAM_lr0.0003,ADAM,2,shakespeare_char,119,val_eval,2.5096511840820312,0.0009999666118823774,0.0521764322369736,
2025-09-15 03:16:53,ADAM_lr0.0003,ADAM,2,shakespeare_char,119,train_iter,2.497527599334717,0.0009999666118823774,0.050661524890896745,1886.8999481201172
2025-09-15 03:16:54,ADAM_lr0.0003,ADAM,2,shakespeare_char,120,train_eval,2.4999301433563232,0.0009999630049052437,0.050661524890896745,
2025-09-15 03:16:55,ADAM_lr0.0003,ADAM,2,shakespeare_char,120,val_eval,2.5207228660583496,0.0009999630049052437,0.050661524890896745,
2025-09-15 03:16:55,ADAM_lr0.0003,ADAM,2,shakespeare_char,120,train_iter,2.506417989730835,0.0009999630049052437,0.049265406332755994,1903.7132263183594
2025-09-15 03:16:56,ADAM_lr0.0003,ADAM,2,shakespeare_char,121,train_eval,2.5048391819000244,0.0009999592129653152,0.049265406332755994,
2025-09-15 03:16:56,ADAM_lr0.0003,ADAM,2,shakespeare_char,121,val_eval,2.5258994102478027,0.0009999592129653152,0.049265406332755994,
2025-09-15 03:16:56,ADAM_lr0.0003,ADAM,2,shakespeare_char,121,train_iter,2.5053956508636475,0.0009999592129653152,0.048267462463706126,1778.4192562103271
2025-09-15 03:16:57,ADAM_lr0.0003,ADAM,2,shakespeare_char,122,train_eval,2.495478630065918,0.0009999552360641507,0.048267462463706126,
2025-09-15 03:16:57,ADAM_lr0.0003,ADAM,2,shakespeare_char,122,val_eval,2.520707607269287,0.0009999552360641507,0.048267462463706126,
2025-09-15 03:16:57,ADAM_lr0.0003,ADAM,2,shakespeare_char,122,train_iter,2.5599191188812256,0.0009999552360641507,0.051145787083098276,906.7654609680176
2025-09-15 03:16:58,ADAM_lr0.0003,ADAM,2,shakespeare_char,123,train_eval,2.4914307594299316,0.000999951074203385,0.051145787083098276,
2025-09-15 03:16:58,ADAM_lr0.0003,ADAM,2,shakespeare_char,123,val_eval,2.506197929382324,0.000999951074203385,0.051145787083098276,
2025-09-15 03:16:58,ADAM_lr0.0003,ADAM,2,shakespeare_char,123,train_iter,2.5443341732025146,0.000999951074203385,0.05390237836361524,887.6307010650635
2025-09-15 03:16:59,ADAM_lr0.0003,ADAM,2,shakespeare_char,124,train_eval,2.4988820552825928,0.0009999467273847289,0.05390237836361524,
2025-09-15 03:16:59,ADAM_lr0.0003,ADAM,2,shakespeare_char,124,val_eval,2.5088536739349365,0.0009999467273847289,0.05390237836361524,
2025-09-15 03:16:59,ADAM_lr0.0003,ADAM,2,shakespeare_char,124,train_iter,2.5085935592651367,0.0009999467273847289,0.05569720944600898,972.3904132843018
2025-09-15 03:17:01,ADAM_lr0.0003,ADAM,2,shakespeare_char,125,train_eval,2.5004031658172607,0.000999942195609969,0.05569720944600898,
2025-09-15 03:17:01,ADAM_lr0.0003,ADAM,2,shakespeare_char,125,val_eval,2.5067942142486572,0.000999942195609969,0.05569720944600898,
2025-09-15 03:17:01,ADAM_lr0.0003,ADAM,2,shakespeare_char,125,train_iter,2.496778964996338,0.000999942195609969,0.05324289033127393,2242.6295280456543
2025-09-15 03:17:04,ADAM_lr0.0003,ADAM,2,shakespeare_char,126,train_eval,2.4924728870391846,0.0009999374788809685,0.05324289033127393,
2025-09-15 03:17:04,ADAM_lr0.0003,ADAM,2,shakespeare_char,126,val_eval,2.5067903995513916,0.0009999374788809685,0.05324289033127393,
2025-09-15 03:17:04,ADAM_lr0.0003,ADAM,2,shakespeare_char,126,train_iter,2.5434470176696777,0.0009999374788809685,0.05092334663834516,2325.2193927764893
2025-09-15 03:17:06,ADAM_lr0.0003,ADAM,2,shakespeare_char,127,train_eval,2.490210771560669,0.0009999325771996657,0.05092334663834516,
2025-09-15 03:17:06,ADAM_lr0.0003,ADAM,2,shakespeare_char,127,val_eval,2.5140976905822754,0.0009999325771996657,0.05092334663834516,
2025-09-15 03:17:06,ADAM_lr0.0003,ADAM,2,shakespeare_char,127,train_iter,2.4806199073791504,0.0009999325771996657,0.049429753898207446,1941.4262771606445
2025-09-15 03:17:07,ADAM_lr0.0003,ADAM,2,shakespeare_char,128,train_eval,2.4955992698669434,0.0009999274905680762,0.049429753898207446,
2025-09-15 03:17:07,ADAM_lr0.0003,ADAM,2,shakespeare_char,128,val_eval,2.5164737701416016,0.0009999274905680762,0.049429753898207446,
2025-09-15 03:17:08,ADAM_lr0.0003,ADAM,2,shakespeare_char,128,train_iter,2.517876625061035,0.0009999274905680762,0.048092923209710446,1937.4408721923828
2025-09-15 03:17:09,ADAM_lr0.0003,ADAM,2,shakespeare_char,129,train_eval,2.4928386211395264,0.0009999222189882903,0.048092923209710446,
2025-09-15 03:17:09,ADAM_lr0.0003,ADAM,2,shakespeare_char,129,val_eval,2.502153158187866,0.0009999222189882903,0.048092923209710446,
2025-09-15 03:17:10,ADAM_lr0.0003,ADAM,2,shakespeare_char,129,train_iter,2.4661755561828613,0.0009999222189882903,0.046263450388088684,2344.6695804595947
2025-09-15 03:17:12,ADAM_lr0.0003,ADAM,2,shakespeare_char,130,train_eval,2.494112014770508,0.0009999167624624755,0.046263450388088684,
2025-09-15 03:17:12,ADAM_lr0.0003,ADAM,2,shakespeare_char,130,val_eval,2.4928767681121826,0.0009999167624624755,0.046263450388088684,
2025-09-15 03:17:12,ADAM_lr0.0003,ADAM,2,shakespeare_char,130,train_iter,2.487321615219116,0.0009999167624624755,0.04465977874580822,2311.4280700683594
2025-09-15 03:17:13,ADAM_lr0.0003,ADAM,2,shakespeare_char,131,train_eval,2.492727279663086,0.0009999111209928744,0.04465977874580822,
2025-09-15 03:17:13,ADAM_lr0.0003,ADAM,2,shakespeare_char,131,val_eval,2.503532886505127,0.0009999111209928744,0.04465977874580822,
2025-09-15 03:17:13,ADAM_lr0.0003,ADAM,2,shakespeare_char,131,train_iter,2.452199935913086,0.0009999111209928744,0.0459227034825213,1219.5515632629395
2025-09-15 03:17:15,ADAM_lr0.0003,ADAM,2,shakespeare_char,132,train_eval,2.4990923404693604,0.000999905294581806,0.0459227034825213,
2025-09-15 03:17:15,ADAM_lr0.0003,ADAM,2,shakespeare_char,132,val_eval,2.5125741958618164,0.000999905294581806,0.0459227034825213,
2025-09-15 03:17:16,ADAM_lr0.0003,ADAM,2,shakespeare_char,132,train_iter,2.508909225463867,0.000999905294581806,0.04460855418700339,2131.309986114502
2025-09-15 03:17:18,ADAM_lr0.0003,ADAM,2,shakespeare_char,133,train_eval,2.4865670204162598,0.0009998992832316654,0.04460855418700339,
2025-09-15 03:17:18,ADAM_lr0.0003,ADAM,2,shakespeare_char,133,val_eval,2.499350070953369,0.0009998992832316654,0.04460855418700339,
2025-09-15 03:17:18,ADAM_lr0.0003,ADAM,2,shakespeare_char,133,train_iter,2.503274917602539,0.0009998992832316654,0.04287342405990924,2563.241481781006
2025-09-15 03:17:20,ADAM_lr0.0003,ADAM,2,shakespeare_char,134,train_eval,2.4971134662628174,0.0009998930869449237,0.04287342405990924,
2025-09-15 03:17:20,ADAM_lr0.0003,ADAM,2,shakespeare_char,134,val_eval,2.498237133026123,0.0009998930869449237,0.04287342405990924,
2025-09-15 03:17:20,ADAM_lr0.0003,ADAM,2,shakespeare_char,134,train_iter,2.529203176498413,0.0009998930869449237,0.04148308880068444,2411.6930961608887
2025-09-15 03:17:22,ADAM_lr0.0003,ADAM,2,shakespeare_char,135,train_eval,2.4952592849731445,0.000999886705724128,0.04148308880068444,
2025-09-15 03:17:22,ADAM_lr0.0003,ADAM,2,shakespeare_char,135,val_eval,2.5085065364837646,0.000999886705724128,0.04148308880068444,
2025-09-15 03:17:22,ADAM_lr0.0003,ADAM,2,shakespeare_char,135,train_iter,2.4748971462249756,0.000999886705724128,0.04223756033684135,1425.0469207763672
2025-09-15 03:17:24,ADAM_lr0.0003,ADAM,2,shakespeare_char,136,train_eval,2.4953882694244385,0.0009998801395719012,0.04223756033684135,
2025-09-15 03:17:24,ADAM_lr0.0003,ADAM,2,shakespeare_char,136,val_eval,2.5077829360961914,0.0009998801395719012,0.04223756033684135,
2025-09-15 03:17:24,ADAM_lr0.0003,ADAM,2,shakespeare_char,136,train_iter,2.4910964965820312,0.0009998801395719012,0.04197464221345246,1763.9429569244385
2025-09-15 03:17:26,ADAM_lr0.0003,ADAM,2,shakespeare_char,137,train_eval,2.4793946743011475,0.0009998733884909424,0.04197464221345246,
2025-09-15 03:17:26,ADAM_lr0.0003,ADAM,2,shakespeare_char,137,val_eval,2.503403425216675,0.0009998733884909424,0.04197464221345246,
2025-09-15 03:17:26,ADAM_lr0.0003,ADAM,2,shakespeare_char,137,train_iter,2.4635143280029297,0.0009998733884909424,0.040605849861562286,2469.9549674987793
2025-09-15 03:17:28,ADAM_lr0.0003,ADAM,2,shakespeare_char,138,train_eval,2.4875826835632324,0.0009998664524840269,0.040605849861562286,
2025-09-15 03:17:28,ADAM_lr0.0003,ADAM,2,shakespeare_char,138,val_eval,2.513160467147827,0.0009998664524840269,0.040605849861562286,
2025-09-15 03:17:28,ADAM_lr0.0003,ADAM,2,shakespeare_char,138,train_iter,2.5001559257507324,0.0009998664524840269,0.039671574240431044,2234.805107116699
2025-09-15 03:17:30,ADAM_lr0.0003,ADAM,2,shakespeare_char,139,train_eval,2.4918792247772217,0.0009998593315540057,0.039671574240431044,
2025-09-15 03:17:30,ADAM_lr0.0003,ADAM,2,shakespeare_char,139,val_eval,2.5208308696746826,0.0009998593315540057,0.039671574240431044,
2025-09-15 03:17:30,ADAM_lr0.0003,ADAM,2,shakespeare_char,139,train_iter,2.5185623168945312,0.0009998593315540057,0.03930251714788167,1941.7724609375
2025-09-15 03:17:32,ADAM_lr0.0003,ADAM,2,shakespeare_char,140,train_eval,2.4921932220458984,0.000999852025703806,0.03930251714788167,
2025-09-15 03:17:32,ADAM_lr0.0003,ADAM,2,shakespeare_char,140,val_eval,2.5233216285705566,0.000999852025703806,0.03930251714788167,
2025-09-15 03:17:32,ADAM_lr0.0003,ADAM,2,shakespeare_char,140,train_iter,2.4789698123931885,0.000999852025703806,0.040282747900007035,1422.81174659729
2025-09-15 03:17:34,ADAM_lr0.0003,ADAM,2,shakespeare_char,141,train_eval,2.482452154159546,0.0009998445349364308,0.040282747900007035,
2025-09-15 03:17:34,ADAM_lr0.0003,ADAM,2,shakespeare_char,141,val_eval,2.5125837326049805,0.0009998445349364308,0.040282747900007035,
2025-09-15 03:17:34,ADAM_lr0.0003,ADAM,2,shakespeare_char,141,train_iter,2.469048500061035,0.0009998445349364308,0.039988662262853934,1871.0064888000488
2025-09-15 03:17:36,ADAM_lr0.0003,ADAM,2,shakespeare_char,142,train_eval,2.4814748764038086,0.0009998368592549595,0.039988662262853934,
2025-09-15 03:17:36,ADAM_lr0.0003,ADAM,2,shakespeare_char,142,val_eval,2.4995906352996826,0.0009998368592549595,0.039988662262853934,
2025-09-15 03:17:36,ADAM_lr0.0003,ADAM,2,shakespeare_char,142,train_iter,2.458106517791748,0.0009998368592549595,0.03940976287713135,2042.912244796753
2025-09-15 03:17:37,ADAM_lr0.0003,ADAM,2,shakespeare_char,143,train_eval,2.4768319129943848,0.000999828998662547,0.03940976287713135,
2025-09-15 03:17:37,ADAM_lr0.0003,ADAM,2,shakespeare_char,143,val_eval,2.4881725311279297,0.000999828998662547,0.03940976287713135,
2025-09-15 03:17:37,ADAM_lr0.0003,ADAM,2,shakespeare_char,143,train_iter,2.5281057357788086,0.000999828998662547,0.03955855949808793,1708.3325386047363
2025-09-15 03:17:39,ADAM_lr0.0003,ADAM,2,shakespeare_char,144,train_eval,2.483757734298706,0.000999820953162425,0.03955855949808793,
2025-09-15 03:17:39,ADAM_lr0.0003,ADAM,2,shakespeare_char,144,val_eval,2.4902002811431885,0.000999820953162425,0.03955855949808793,
2025-09-15 03:17:39,ADAM_lr0.0003,ADAM,2,shakespeare_char,144,train_iter,2.472083568572998,0.000999820953162425,0.04057981657313442,1403.764009475708
2025-09-15 03:17:40,ADAM_lr0.0003,ADAM,2,shakespeare_char,145,train_eval,2.487611770629883,0.0009998127227579003,0.04057981657313442,
2025-09-15 03:17:40,ADAM_lr0.0003,ADAM,2,shakespeare_char,145,val_eval,2.491212844848633,0.0009998127227579003,0.04057981657313442,
2025-09-15 03:17:40,ADAM_lr0.0003,ADAM,2,shakespeare_char,145,train_iter,2.468600273132324,0.0009998127227579003,0.041427391033691724,1424.2405891418457
2025-09-15 03:17:42,ADAM_lr0.0003,ADAM,2,shakespeare_char,146,train_eval,2.477463483810425,0.000999804307452356,0.041427391033691724,
2025-09-15 03:17:42,ADAM_lr0.0003,ADAM,2,shakespeare_char,146,val_eval,2.481138229370117,0.000999804307452356,0.041427391033691724,
2025-09-15 03:17:42,ADAM_lr0.0003,ADAM,2,shakespeare_char,146,train_iter,2.4842300415039062,0.000999804307452356,0.04068898092254106,2052.2964000701904
2025-09-15 03:17:44,ADAM_lr0.0003,ADAM,2,shakespeare_char,147,train_eval,2.479553461074829,0.0009997957072492515,0.04068898092254106,
2025-09-15 03:17:44,ADAM_lr0.0003,ADAM,2,shakespeare_char,147,val_eval,2.486175775527954,0.0009997957072492515,0.04068898092254106,
2025-09-15 03:17:44,ADAM_lr0.0003,ADAM,2,shakespeare_char,147,train_iter,2.483999729156494,0.0009997957072492515,0.04048740269679724,1806.5979480743408
2025-09-15 03:17:46,ADAM_lr0.0003,ADAM,2,shakespeare_char,148,train_eval,2.4832916259765625,0.0009997869221521221,0.04048740269679724,
2025-09-15 03:17:46,ADAM_lr0.0003,ADAM,2,shakespeare_char,148,val_eval,2.497126817703247,0.0009997869221521221,0.04048740269679724,
2025-09-15 03:17:46,ADAM_lr0.0003,ADAM,2,shakespeare_char,148,train_iter,2.4680466651916504,0.0009997869221521221,0.04006141042865148,1928.5614490509033
2025-09-15 03:17:48,ADAM_lr0.0003,ADAM,2,shakespeare_char,149,train_eval,2.4937992095947266,0.0009997779521645793,0.04006141042865148,
2025-09-15 03:17:48,ADAM_lr0.0003,ADAM,2,shakespeare_char,149,val_eval,2.5143826007843018,0.0009997779521645793,0.04006141042865148,
2025-09-15 03:17:48,ADAM_lr0.0003,ADAM,2,shakespeare_char,149,train_iter,2.4990477561950684,0.0009997779521645793,0.03986950153373337,1831.742763519287
2025-09-15 03:17:49,ADAM_lr0.0003,ADAM,2,shakespeare_char,150,train_eval,2.4880526065826416,0.0009997687972903096,0.03986950153373337,
2025-09-15 03:17:49,ADAM_lr0.0003,ADAM,2,shakespeare_char,150,val_eval,2.5181725025177,0.0009997687972903096,0.03986950153373337,
2025-09-15 03:17:49,ADAM_lr0.0003,ADAM,2,shakespeare_char,150,train_iter,2.4997174739837646,0.0009997687972903096,0.04257484387735117,1043.9908504486084
2025-09-15 03:17:51,ADAM_lr0.0003,ADAM,2,shakespeare_char,151,train_eval,2.4919774532318115,0.0009997594575330766,0.04257484387735117,
2025-09-15 03:17:51,ADAM_lr0.0003,ADAM,2,shakespeare_char,151,val_eval,2.521193027496338,0.0009997594575330766,0.04257484387735117,
2025-09-15 03:17:51,ADAM_lr0.0003,ADAM,2,shakespeare_char,151,train_iter,2.4816033840179443,0.0009997594575330766,0.04247766628630355,1679.3694496154785
2025-09-15 03:17:52,ADAM_lr0.0003,ADAM,2,shakespeare_char,152,train_eval,2.4736568927764893,0.0009997499328967194,0.04247766628630355,
2025-09-15 03:17:53,ADAM_lr0.0003,ADAM,2,shakespeare_char,152,val_eval,2.5043134689331055,0.0009997499328967194,0.04247766628630355,
2025-09-15 03:17:53,ADAM_lr0.0003,ADAM,2,shakespeare_char,152,train_iter,2.4761366844177246,0.0009997499328967194,0.04175150764574189,1983.9494228363037
2025-09-15 03:17:55,ADAM_lr0.0003,ADAM,2,shakespeare_char,153,train_eval,2.4807589054107666,0.0009997402233851535,0.04175150764574189,
2025-09-15 03:17:55,ADAM_lr0.0003,ADAM,2,shakespeare_char,153,val_eval,2.5080249309539795,0.0009997402233851535,0.04175150764574189,
2025-09-15 03:17:55,ADAM_lr0.0003,ADAM,2,shakespeare_char,153,train_iter,2.4993252754211426,0.0009997402233851535,0.04106526518616871,2002.5439262390137
2025-09-15 03:17:57,ADAM_lr0.0003,ADAM,2,shakespeare_char,154,train_eval,2.4949491024017334,0.00099973032900237,0.04106526518616871,
2025-09-15 03:17:57,ADAM_lr0.0003,ADAM,2,shakespeare_char,154,val_eval,2.5243701934814453,0.00099973032900237,0.04106526518616871,
2025-09-15 03:17:57,ADAM_lr0.0003,ADAM,2,shakespeare_char,154,train_iter,2.4879531860351562,0.00099973032900237,0.039608232039613216,2636.9917392730713
2025-09-15 03:18:00,ADAM_lr0.0003,ADAM,2,shakespeare_char,155,train_eval,2.48239803314209,0.000999720249752436,0.039608232039613216,
2025-09-15 03:18:00,ADAM_lr0.0003,ADAM,2,shakespeare_char,155,val_eval,2.5056705474853516,0.000999720249752436,0.039608232039613216,
2025-09-15 03:18:00,ADAM_lr0.0003,ADAM,2,shakespeare_char,155,train_iter,2.4902474880218506,0.000999720249752436,0.038222519906808375,2713.1614685058594
2025-09-15 03:18:01,ADAM_lr0.0003,ADAM,2,shakespeare_char,156,train_eval,2.471078395843506,0.0009997099856394946,0.038222519906808375,
2025-09-15 03:18:01,ADAM_lr0.0003,ADAM,2,shakespeare_char,156,val_eval,2.4855539798736572,0.0009997099856394946,0.038222519906808375,
2025-09-15 03:18:01,ADAM_lr0.0003,ADAM,2,shakespeare_char,156,train_iter,2.4723446369171143,0.0009997099856394946,0.03949078072986237,1372.492790222168
2025-09-15 03:18:02,ADAM_lr0.0003,ADAM,2,shakespeare_char,157,train_eval,2.47579026222229,0.0009996995366677653,0.03949078072986237,
2025-09-15 03:18:02,ADAM_lr0.0003,ADAM,2,shakespeare_char,157,val_eval,2.4836955070495605,0.0009996995366677653,0.03949078072986237,
2025-09-15 03:18:02,ADAM_lr0.0003,ADAM,2,shakespeare_char,157,train_iter,2.4941985607147217,0.0009996995366677653,0.04150509096067039,1171.5977191925049
2025-09-15 03:18:04,ADAM_lr0.0003,ADAM,2,shakespeare_char,158,train_eval,2.4843316078186035,0.000999688902841543,0.04150509096067039,
2025-09-15 03:18:04,ADAM_lr0.0003,ADAM,2,shakespeare_char,158,val_eval,2.481637954711914,0.000999688902841543,0.04150509096067039,
2025-09-15 03:18:04,ADAM_lr0.0003,ADAM,2,shakespeare_char,158,train_iter,2.486022472381592,0.000999688902841543,0.041616707795564485,1639.2505168914795
2025-09-15 03:18:05,ADAM_lr0.0003,ADAM,2,shakespeare_char,159,train_eval,2.4763638973236084,0.000999678084165199,0.041616707795564485,
2025-09-15 03:18:05,ADAM_lr0.0003,ADAM,2,shakespeare_char,159,val_eval,2.486501932144165,0.000999678084165199,0.041616707795564485,
2025-09-15 03:18:05,ADAM_lr0.0003,ADAM,2,shakespeare_char,159,train_iter,2.4929709434509277,0.000999678084165199,0.04323076038698361,1209.665298461914
2025-09-15 03:18:06,ADAM_lr0.0003,ADAM,2,shakespeare_char,160,train_eval,2.477912187576294,0.0009996670806431804,0.04323076038698361,
2025-09-15 03:18:06,ADAM_lr0.0003,ADAM,2,shakespeare_char,160,val_eval,2.495551347732544,0.0009996670806431804,0.04323076038698361,
2025-09-15 03:18:06,ADAM_lr0.0003,ADAM,2,shakespeare_char,160,train_iter,2.5311152935028076,0.0009996670806431804,0.04533834270260196,1086.4660739898682
2025-09-15 03:18:08,ADAM_lr0.0003,ADAM,2,shakespeare_char,161,train_eval,2.4826462268829346,0.0009996558922800104,0.04533834270260196,
2025-09-15 03:18:08,ADAM_lr0.0003,ADAM,2,shakespeare_char,161,val_eval,2.510469675064087,0.0009996558922800104,0.04533834270260196,
2025-09-15 03:18:08,ADAM_lr0.0003,ADAM,2,shakespeare_char,161,train_iter,2.476724147796631,0.0009996558922800104,0.046057581614313045,1330.0199508666992
2025-09-15 03:18:09,ADAM_lr0.0003,ADAM,2,shakespeare_char,162,train_eval,2.4776599407196045,0.0009996445190802881,0.046057581614313045,
2025-09-15 03:18:09,ADAM_lr0.0003,ADAM,2,shakespeare_char,162,val_eval,2.4967730045318604,0.0009996445190802881,0.046057581614313045,
2025-09-15 03:18:09,ADAM_lr0.0003,ADAM,2,shakespeare_char,162,train_iter,2.494211196899414,0.0009996445190802881,0.048441983749748646,999.5038509368896
2025-09-15 03:18:10,ADAM_lr0.0003,ADAM,2,shakespeare_char,163,train_eval,2.4725594520568848,0.0009996329610486886,0.048441983749748646,
2025-09-15 03:18:10,ADAM_lr0.0003,ADAM,2,shakespeare_char,163,val_eval,2.4828360080718994,0.0009996329610486886,0.048441983749748646,
2025-09-15 03:18:10,ADAM_lr0.0003,ADAM,2,shakespeare_char,163,train_iter,2.525841236114502,0.0009996329610486886,0.048828895147693514,1335.604190826416
2025-09-15 03:18:11,ADAM_lr0.0003,ADAM,2,shakespeare_char,164,train_eval,2.47245454788208,0.0009996212181899629,0.048828895147693514,
2025-09-15 03:18:11,ADAM_lr0.0003,ADAM,2,shakespeare_char,164,val_eval,2.4811153411865234,0.0009996212181899629,0.048828895147693514,
2025-09-15 03:18:12,ADAM_lr0.0003,ADAM,2,shakespeare_char,164,train_iter,2.473538637161255,0.0009996212181899629,0.04756371637248931,1931.2467575073242
2025-09-15 03:18:13,ADAM_lr0.0003,ADAM,2,shakespeare_char,165,train_eval,2.476022720336914,0.000999609290508938,0.04756371637248931,
2025-09-15 03:18:13,ADAM_lr0.0003,ADAM,2,shakespeare_char,165,val_eval,2.481642961502075,0.000999609290508938,0.04756371637248931,
2025-09-15 03:18:13,ADAM_lr0.0003,ADAM,2,shakespeare_char,165,train_iter,2.4986369609832764,0.000999609290508938,0.04858324228120222,1209.6288204193115
2025-09-15 03:18:15,ADAM_lr0.0003,ADAM,2,shakespeare_char,166,train_eval,2.4790878295898438,0.000999597178010517,0.04858324228120222,
2025-09-15 03:18:15,ADAM_lr0.0003,ADAM,2,shakespeare_char,166,val_eval,2.4831137657165527,0.000999597178010517,0.04858324228120222,
2025-09-15 03:18:15,ADAM_lr0.0003,ADAM,2,shakespeare_char,166,train_iter,2.5104541778564453,0.000999597178010517,0.0472168350694803,2000.8184909820557
2025-09-15 03:18:16,ADAM_lr0.0003,ADAM,2,shakespeare_char,167,train_eval,2.481518268585205,0.000999584880699679,0.0472168350694803,
2025-09-15 03:18:16,ADAM_lr0.0003,ADAM,2,shakespeare_char,167,val_eval,2.498180627822876,0.000999584880699679,0.0472168350694803,
2025-09-15 03:18:16,ADAM_lr0.0003,ADAM,2,shakespeare_char,167,train_iter,2.453110456466675,0.000999584880699679,0.0486211122133548,1140.5055522918701
2025-09-15 03:18:18,ADAM_lr0.0003,ADAM,2,shakespeare_char,168,train_eval,2.480544328689575,0.0009995723985814788,0.0486211122133548,
2025-09-15 03:18:18,ADAM_lr0.0003,ADAM,2,shakespeare_char,168,val_eval,2.498704195022583,0.0009995723985814788,0.0486211122133548,
2025-09-15 03:18:18,ADAM_lr0.0003,ADAM,2,shakespeare_char,168,train_iter,2.512221097946167,0.0009995723985814788,0.047647779544488116,1796.6289520263672
2025-09-15 03:18:20,ADAM_lr0.0003,ADAM,2,shakespeare_char,169,train_eval,2.4737253189086914,0.0009995597316610474,0.047647779544488116,
2025-09-15 03:18:20,ADAM_lr0.0003,ADAM,2,shakespeare_char,169,val_eval,2.484448194503784,0.0009995597316610474,0.047647779544488116,
2025-09-15 03:18:20,ADAM_lr0.0003,ADAM,2,shakespeare_char,169,train_iter,2.505495071411133,0.0009995597316610474,0.04664558667971012,1856.8861484527588
2025-09-15 03:18:21,ADAM_lr0.0003,ADAM,2,shakespeare_char,170,train_eval,2.479607582092285,0.0009995468799435915,0.04664558667971012,
2025-09-15 03:18:21,ADAM_lr0.0003,ADAM,2,shakespeare_char,170,val_eval,2.4919729232788086,0.0009995468799435915,0.04664558667971012,
2025-09-15 03:18:21,ADAM_lr0.0003,ADAM,2,shakespeare_char,170,train_iter,2.4932849407196045,0.0009995468799435915,0.049886593539428724,883.7687969207764
2025-09-15 03:18:22,ADAM_lr0.0003,ADAM,2,shakespeare_char,171,train_eval,2.474613666534424,0.0009995338434343943,0.049886593539428724,
2025-09-15 03:18:22,ADAM_lr0.0003,ADAM,2,shakespeare_char,171,val_eval,2.4973654747009277,0.0009995338434343943,0.049886593539428724,
2025-09-15 03:18:22,ADAM_lr0.0003,ADAM,2,shakespeare_char,171,train_iter,2.477079153060913,0.0009995338434343943,0.050462263229006786,1255.6216716766357
2025-09-15 03:18:24,ADAM_lr0.0003,ADAM,2,shakespeare_char,172,train_eval,2.476447343826294,0.0009995206221388145,0.050462263229006786,
2025-09-15 03:18:24,ADAM_lr0.0003,ADAM,2,shakespeare_char,172,val_eval,2.5069730281829834,0.0009995206221388145,0.050462263229006786,
2025-09-15 03:18:24,ADAM_lr0.0003,ADAM,2,shakespeare_char,172,train_iter,2.519219398498535,0.0009995206221388145,0.04886062553875649,2028.3095836639404
2025-09-15 03:18:25,ADAM_lr0.0003,ADAM,2,shakespeare_char,173,train_eval,2.4755258560180664,0.0009995072160622865,0.04886062553875649,
2025-09-15 03:18:25,ADAM_lr0.0003,ADAM,2,shakespeare_char,173,val_eval,2.5082614421844482,0.0009995072160622865,0.04886062553875649,
2025-09-15 03:18:25,ADAM_lr0.0003,ADAM,2,shakespeare_char,173,train_iter,2.4647936820983887,0.0009995072160622865,0.04981436331505249,1196.392297744751
2025-09-15 03:18:27,ADAM_lr0.0003,ADAM,2,shakespeare_char,174,train_eval,2.4794342517852783,0.0009994936252103218,0.04981436331505249,
2025-09-15 03:18:27,ADAM_lr0.0003,ADAM,2,shakespeare_char,174,val_eval,2.5150506496429443,0.0009994936252103218,0.04981436331505249,
2025-09-15 03:18:27,ADAM_lr0.0003,ADAM,2,shakespeare_char,174,train_iter,2.4605469703674316,0.0009994936252103218,0.049444855764156734,1514.9176120758057
2025-09-15 03:18:29,ADAM_lr0.0003,ADAM,2,shakespeare_char,175,train_eval,2.480471611022949,0.0009994798495885063,0.049444855764156734,
2025-09-15 03:18:29,ADAM_lr0.0003,ADAM,2,shakespeare_char,175,val_eval,2.514554023742676,0.0009994798495885063,0.049444855764156734,
2025-09-15 03:18:29,ADAM_lr0.0003,ADAM,2,shakespeare_char,175,train_iter,2.5010712146759033,0.0009994798495885063,0.048479448848828995,1755.8567523956299
2025-09-15 03:18:30,ADAM_lr0.0003,ADAM,2,shakespeare_char,176,train_eval,2.4774303436279297,0.000999465889202503,0.048479448848828995,
2025-09-15 03:18:30,ADAM_lr0.0003,ADAM,2,shakespeare_char,176,val_eval,2.505589246749878,0.000999465889202503,0.048479448848828995,
2025-09-15 03:18:30,ADAM_lr0.0003,ADAM,2,shakespeare_char,176,train_iter,2.4833526611328125,0.000999465889202503,0.048276827915773125,1504.0268898010254
2025-09-15 03:18:31,ADAM_lr0.0003,ADAM,2,shakespeare_char,177,train_eval,2.4776346683502197,0.0009994517440580508,0.048276827915773125,
2025-09-15 03:18:31,ADAM_lr0.0003,ADAM,2,shakespeare_char,177,val_eval,2.497891426086426,0.0009994517440580508,0.048276827915773125,
2025-09-15 03:18:31,ADAM_lr0.0003,ADAM,2,shakespeare_char,177,train_iter,2.5184454917907715,0.0009994517440580508,0.05087553289293822,940.7927989959717
2025-09-15 03:18:33,ADAM_lr0.0003,ADAM,2,shakespeare_char,178,train_eval,2.474682569503784,0.0009994374141609635,0.05087553289293822,
2025-09-15 03:18:33,ADAM_lr0.0003,ADAM,2,shakespeare_char,178,val_eval,2.4919655323028564,0.0009994374141609635,0.05087553289293822,
2025-09-15 03:18:33,ADAM_lr0.0003,ADAM,2,shakespeare_char,178,train_iter,2.50293231010437,0.0009994374141609635,0.050151745418883266,1601.069450378418
2025-09-15 03:18:34,ADAM_lr0.0003,ADAM,2,shakespeare_char,179,train_eval,2.471757411956787,0.0009994228995171322,0.050151745418883266,
2025-09-15 03:18:34,ADAM_lr0.0003,ADAM,2,shakespeare_char,179,val_eval,2.4912776947021484,0.0009994228995171322,0.050151745418883266,
2025-09-15 03:18:34,ADAM_lr0.0003,ADAM,2,shakespeare_char,179,train_iter,2.461545467376709,0.0009994228995171322,0.04990476896830604,1465.268850326538
2025-09-15 03:18:36,ADAM_lr0.0003,ADAM,2,shakespeare_char,180,train_eval,2.4869322776794434,0.000999408200132523,0.04990476896830604,
2025-09-15 03:18:36,ADAM_lr0.0003,ADAM,2,shakespeare_char,180,val_eval,2.5228347778320312,0.000999408200132523,0.04990476896830604,
2025-09-15 03:18:36,ADAM_lr0.0003,ADAM,2,shakespeare_char,180,train_iter,2.4879372119903564,0.000999408200132523,0.04952020578730097,1516.8960094451904
2025-09-15 03:18:36,ADAM_lr0.0003,ADAM,2,shakespeare_char,181,train_eval,2.484104871749878,0.0009993933160131784,0.04952020578730097,
2025-09-15 03:18:36,ADAM_lr0.0003,ADAM,2,shakespeare_char,181,val_eval,2.533586263656616,0.0009993933160131784,0.04952020578730097,
2025-09-15 03:18:36,ADAM_lr0.0003,ADAM,2,shakespeare_char,181,train_iter,2.507552146911621,0.0009993933160131784,0.05268837931368178,860.4094982147217
2025-09-15 03:18:38,ADAM_lr0.0003,ADAM,2,shakespeare_char,182,train_eval,2.491598129272461,0.0009993782471652167,0.05268837931368178,
2025-09-15 03:18:38,ADAM_lr0.0003,ADAM,2,shakespeare_char,182,val_eval,2.5156586170196533,0.0009993782471652167,0.05268837931368178,
2025-09-15 03:18:38,ADAM_lr0.0003,ADAM,2,shakespeare_char,182,train_iter,2.4885621070861816,0.0009993782471652167,0.05398884513635655,1063.5361671447754
2025-09-15 03:18:39,ADAM_lr0.0003,ADAM,2,shakespeare_char,183,train_eval,2.488661766052246,0.0009993629935948318,0.05398884513635655,
2025-09-15 03:18:39,ADAM_lr0.0003,ADAM,2,shakespeare_char,183,val_eval,2.516281843185425,0.0009993629935948318,0.05398884513635655,
2025-09-15 03:18:39,ADAM_lr0.0003,ADAM,2,shakespeare_char,183,train_iter,2.5046515464782715,0.0009993629935948318,0.054257094086168765,1232.8441143035889
2025-09-15 03:18:40,ADAM_lr0.0003,ADAM,2,shakespeare_char,184,train_eval,2.483562707901001,0.0009993475553082944,0.054257094086168765,
2025-09-15 03:18:40,ADAM_lr0.0003,ADAM,2,shakespeare_char,184,val_eval,2.5014302730560303,0.0009993475553082944,0.054257094086168765,
2025-09-15 03:18:40,ADAM_lr0.0003,ADAM,2,shakespeare_char,184,train_iter,2.521695613861084,0.0009993475553082944,0.05346668904415912,1507.2779655456543
2025-09-15 03:18:42,ADAM_lr0.0003,ADAM,2,shakespeare_char,185,train_eval,2.4743294715881348,0.0009993319323119503,0.05346668904415912,
2025-09-15 03:18:42,ADAM_lr0.0003,ADAM,2,shakespeare_char,185,val_eval,2.4897987842559814,0.0009993319323119503,0.05346668904415912,
2025-09-15 03:18:42,ADAM_lr0.0003,ADAM,2,shakespeare_char,185,train_iter,2.5123538970947266,0.0009993319323119503,0.05281762704831529,1487.2875213623047
2025-09-15 03:18:44,ADAM_lr0.0003,ADAM,2,shakespeare_char,186,train_eval,2.462688684463501,0.0009993161246122217,0.05281762704831529,
2025-09-15 03:18:44,ADAM_lr0.0003,ADAM,2,shakespeare_char,186,val_eval,2.4815361499786377,0.0009993161246122217,0.05281762704831529,
2025-09-15 03:18:44,ADAM_lr0.0003,ADAM,2,shakespeare_char,186,train_iter,2.439027786254883,0.0009993161246122217,0.05132171964847768,1845.4725742340088
2025-09-15 03:18:45,ADAM_lr0.0003,ADAM,2,shakespeare_char,187,train_eval,2.471061944961548,0.0009993001322156061,0.05132171964847768,
2025-09-15 03:18:45,ADAM_lr0.0003,ADAM,2,shakespeare_char,187,val_eval,2.4890196323394775,0.0009993001322156061,0.05132171964847768,
2025-09-15 03:18:45,ADAM_lr0.0003,ADAM,2,shakespeare_char,187,train_iter,2.4812886714935303,0.0009993001322156061,0.05053555765013233,1607.6107025146484
2025-09-15 03:18:47,ADAM_lr0.0003,ADAM,2,shakespeare_char,188,train_eval,2.4742445945739746,0.000999283955128678,0.05053555765013233,
2025-09-15 03:18:47,ADAM_lr0.0003,ADAM,2,shakespeare_char,188,val_eval,2.49653697013855,0.000999283955128678,0.05053555765013233,
2025-09-15 03:18:47,ADAM_lr0.0003,ADAM,2,shakespeare_char,188,train_iter,2.481297492980957,0.000999283955128678,0.05025376456086873,1464.1742706298828
2025-09-15 03:18:48,ADAM_lr0.0003,ADAM,2,shakespeare_char,189,train_eval,2.4725489616394043,0.000999267593358087,0.05025376456086873,
2025-09-15 03:18:48,ADAM_lr0.0003,ADAM,2,shakespeare_char,189,val_eval,2.496680974960327,0.000999267593358087,0.05025376456086873,
2025-09-15 03:18:48,ADAM_lr0.0003,ADAM,2,shakespeare_char,189,train_iter,2.5267090797424316,0.000999267593358087,0.050672785440171536,1283.2810878753662
2025-09-15 03:18:49,ADAM_lr0.0003,ADAM,2,shakespeare_char,190,train_eval,2.47200345993042,0.0009992510469105584,0.050672785440171536,
2025-09-15 03:18:49,ADAM_lr0.0003,ADAM,2,shakespeare_char,190,val_eval,2.494441270828247,0.0009992510469105584,0.050672785440171536,
2025-09-15 03:18:49,ADAM_lr0.0003,ADAM,2,shakespeare_char,190,train_iter,2.4499118328094482,0.0009992510469105584,0.05112923597885492,1264.8506164550781
2025-09-15 03:18:51,ADAM_lr0.0003,ADAM,2,shakespeare_char,191,train_eval,2.4660298824310303,0.000999234315792894,0.05112923597885492,
2025-09-15 03:18:51,ADAM_lr0.0003,ADAM,2,shakespeare_char,191,val_eval,2.4951443672180176,0.000999234315792894,0.05112923597885492,
2025-09-15 03:18:51,ADAM_lr0.0003,ADAM,2,shakespeare_char,191,train_iter,2.4802865982055664,0.000999234315792894,0.05046211273718984,1571.526288986206
2025-09-15 03:18:52,ADAM_lr0.0003,ADAM,2,shakespeare_char,192,train_eval,2.465653896331787,0.0009992174000119718,0.05046211273718984,
2025-09-15 03:18:52,ADAM_lr0.0003,ADAM,2,shakespeare_char,192,val_eval,2.4907615184783936,0.0009992174000119718,0.05046211273718984,
2025-09-15 03:18:52,ADAM_lr0.0003,ADAM,2,shakespeare_char,192,train_iter,2.4801321029663086,0.0009992174000119718,0.05344297770378322,870.3906536102295
2025-09-15 03:18:53,ADAM_lr0.0003,ADAM,2,shakespeare_char,193,train_eval,2.46339750289917,0.0009992002995747448,0.05344297770378322,
2025-09-15 03:18:53,ADAM_lr0.0003,ADAM,2,shakespeare_char,193,val_eval,2.490786075592041,0.0009992002995747448,0.05344297770378322,
2025-09-15 03:18:53,ADAM_lr0.0003,ADAM,2,shakespeare_char,193,train_iter,2.4547297954559326,0.0009992002995747448,0.052111058528229094,1741.2843704223633
2025-09-15 03:18:55,ADAM_lr0.0003,ADAM,2,shakespeare_char,194,train_eval,2.4659793376922607,0.0009991830144882423,0.052111058528229094,
2025-09-15 03:18:55,ADAM_lr0.0003,ADAM,2,shakespeare_char,194,val_eval,2.481370210647583,0.0009991830144882423,0.052111058528229094,
2025-09-15 03:18:55,ADAM_lr0.0003,ADAM,2,shakespeare_char,194,train_iter,2.4565882682800293,0.0009991830144882423,0.05085050001133089,1768.5377597808838
2025-09-15 03:18:57,ADAM_lr0.0003,ADAM,2,shakespeare_char,195,train_eval,2.4655017852783203,0.0009991655447595697,0.05085050001133089,
2025-09-15 03:18:57,ADAM_lr0.0003,ADAM,2,shakespeare_char,195,val_eval,2.4765350818634033,0.0009991655447595697,0.05085050001133089,
2025-09-15 03:18:58,ADAM_lr0.0003,ADAM,2,shakespeare_char,195,train_iter,2.4451985359191895,0.0009991655447595697,0.04872198611844037,2363.1343841552734
2025-09-15 03:19:00,ADAM_lr0.0003,ADAM,2,shakespeare_char,196,train_eval,2.474236249923706,0.0009991478903959082,0.04872198611844037,
2025-09-15 03:19:00,ADAM_lr0.0003,ADAM,2,shakespeare_char,196,val_eval,2.4799840450286865,0.0009991478903959082,0.04872198611844037,
2025-09-15 03:19:00,ADAM_lr0.0003,ADAM,2,shakespeare_char,196,train_iter,2.481828451156616,0.0009991478903959082,0.04699167078427707,2223.7274646759033
2025-09-15 03:19:01,ADAM_lr0.0003,ADAM,2,shakespeare_char,197,train_eval,2.4670886993408203,0.0009991300514045147,0.04699167078427707,
2025-09-15 03:19:01,ADAM_lr0.0003,ADAM,2,shakespeare_char,197,val_eval,2.4808738231658936,0.0009991300514045147,0.04699167078427707,
2025-09-15 03:19:01,ADAM_lr0.0003,ADAM,2,shakespeare_char,197,train_iter,2.50392484664917,0.0009991300514045147,0.04701116865379183,1480.6501865386963
2025-09-15 03:19:03,ADAM_lr0.0003,ADAM,2,shakespeare_char,198,train_eval,2.4600937366485596,0.0009991120277927223,0.04701116865379183,
2025-09-15 03:19:03,ADAM_lr0.0003,ADAM,2,shakespeare_char,198,val_eval,2.474050521850586,0.0009991120277927223,0.04701116865379183,
2025-09-15 03:19:03,ADAM_lr0.0003,ADAM,2,shakespeare_char,198,train_iter,2.4889750480651855,0.0009991120277927223,0.04583217150534465,1983.66117477417
2025-09-15 03:19:05,ADAM_lr0.0003,ADAM,2,shakespeare_char,199,train_eval,2.456071615219116,0.0009990938195679395,0.04583217150534465,
2025-09-15 03:19:05,ADAM_lr0.0003,ADAM,2,shakespeare_char,199,val_eval,2.485738754272461,0.0009990938195679395,0.04583217150534465,
2025-09-15 03:19:05,ADAM_lr0.0003,ADAM,2,shakespeare_char,199,train_iter,2.485133409500122,0.0009990938195679395,0.046667913403901,1289.3052101135254
2025-09-15 03:19:06,ADAM_lr0.0003,ADAM,2,shakespeare_char,200,train_eval,2.4616050720214844,0.0009990754267376514,0.046667913403901,
2025-09-15 03:19:06,ADAM_lr0.0003,ADAM,2,shakespeare_char,200,val_eval,2.493659257888794,0.0009990754267376514,0.046667913403901,
2025-09-15 03:22:47,ADAM_lr0.0003,ADAM,2,shakespeare_char,200,train_iter,2.4708008766174316,0.0009990754267376514,0.04203254344561016,222354.70461845398
2025-09-15 03:23:04,ADAM_lr0.001,ADAM,2,shakespeare_char,0,train_eval,4.270771503448486,9.900990099009901e-06,,
2025-09-15 03:23:04,ADAM_lr0.001,ADAM,2,shakespeare_char,0,val_eval,4.269772529602051,9.900990099009901e-06,,
2025-09-15 03:27:18,ADAM_lr0.001,ADAM,2,shakespeare_char,0,train_iter,4.265802383422852,9.900990099009901e-06,,258492.19512939453
2025-09-15 03:27:20,ADAM_lr0.001,ADAM,2,shakespeare_char,1,train_eval,4.083425998687744,1.9801980198019803e-05,,
2025-09-15 03:27:20,ADAM_lr0.001,ADAM,2,shakespeare_char,1,val_eval,4.0874128341674805,1.9801980198019803e-05,,
2025-09-15 03:27:20,ADAM_lr0.001,ADAM,2,shakespeare_char,1,train_iter,4.133227825164795,1.9801980198019803e-05,,2670.163869857788
2025-09-15 03:27:21,ADAM_lr0.001,ADAM,2,shakespeare_char,2,train_eval,3.817706346511841,2.9702970297029702e-05,,
2025-09-15 03:27:21,ADAM_lr0.001,ADAM,2,shakespeare_char,2,val_eval,3.827702045440674,2.9702970297029702e-05,,
2025-09-15 03:27:22,ADAM_lr0.001,ADAM,2,shakespeare_char,2,train_iter,3.9058785438537598,2.9702970297029702e-05,,1666.6293144226074
2025-09-15 03:27:24,ADAM_lr0.001,ADAM,2,shakespeare_char,3,train_eval,3.633136510848999,3.9603960396039605e-05,,
2025-09-15 03:27:24,ADAM_lr0.001,ADAM,2,shakespeare_char,3,val_eval,3.651184320449829,3.9603960396039605e-05,,
2025-09-15 03:27:25,ADAM_lr0.001,ADAM,2,shakespeare_char,3,train_iter,3.6920218467712402,3.9603960396039605e-05,,2562.6702308654785
2025-09-15 03:27:26,ADAM_lr0.001,ADAM,2,shakespeare_char,4,train_eval,3.497462511062622,4.950495049504951e-05,,
2025-09-15 03:27:26,ADAM_lr0.001,ADAM,2,shakespeare_char,4,val_eval,3.5224337577819824,4.950495049504951e-05,,
2025-09-15 03:27:26,ADAM_lr0.001,ADAM,2,shakespeare_char,4,train_iter,3.5245113372802734,4.950495049504951e-05,,1888.0021572113037
2025-09-15 03:27:28,ADAM_lr0.001,ADAM,2,shakespeare_char,5,train_eval,3.395798921585083,5.9405940594059404e-05,,
2025-09-15 03:27:28,ADAM_lr0.001,ADAM,2,shakespeare_char,5,val_eval,3.4276883602142334,5.9405940594059404e-05,,
2025-09-15 03:27:28,ADAM_lr0.001,ADAM,2,shakespeare_char,5,train_iter,3.478874921798706,5.9405940594059404e-05,0.04388221525299951,1592.146635055542
2025-09-15 03:27:29,ADAM_lr0.001,ADAM,2,shakespeare_char,6,train_eval,3.337601661682129,6.930693069306931e-05,0.04388221525299951,
2025-09-15 03:27:29,ADAM_lr0.001,ADAM,2,shakespeare_char,6,val_eval,3.369840621948242,6.930693069306931e-05,0.04388221525299951,
2025-09-15 03:27:30,ADAM_lr0.001,ADAM,2,shakespeare_char,6,train_iter,3.3858213424682617,6.930693069306931e-05,0.04385347171612651,1602.6442050933838
2025-09-15 03:27:30,ADAM_lr0.001,ADAM,2,shakespeare_char,7,train_eval,3.2868947982788086,7.920792079207921e-05,0.04385347171612651,
2025-09-15 03:27:30,ADAM_lr0.001,ADAM,2,shakespeare_char,7,val_eval,3.3185153007507324,7.920792079207921e-05,0.04385347171612651,
2025-09-15 03:27:31,ADAM_lr0.001,ADAM,2,shakespeare_char,7,train_iter,3.3117799758911133,7.920792079207921e-05,0.044545546572538536,1376.0313987731934
2025-09-15 03:27:32,ADAM_lr0.001,ADAM,2,shakespeare_char,8,train_eval,3.2516655921936035,8.910891089108912e-05,0.044545546572538536,
2025-09-15 03:27:32,ADAM_lr0.001,ADAM,2,shakespeare_char,8,val_eval,3.2759082317352295,8.910891089108912e-05,0.044545546572538536,
2025-09-15 03:27:33,ADAM_lr0.001,ADAM,2,shakespeare_char,8,train_iter,3.3327865600585938,8.910891089108912e-05,0.04461245479146748,1545.2282428741455
2025-09-15 03:27:34,ADAM_lr0.001,ADAM,2,shakespeare_char,9,train_eval,3.191133499145508,9.900990099009902e-05,0.04461245479146748,
2025-09-15 03:27:34,ADAM_lr0.001,ADAM,2,shakespeare_char,9,val_eval,3.2212798595428467,9.900990099009902e-05,0.04461245479146748,
2025-09-15 03:27:34,ADAM_lr0.001,ADAM,2,shakespeare_char,9,train_iter,3.2229952812194824,9.900990099009902e-05,0.04372829088832586,1953.1822204589844
2025-09-15 03:27:36,ADAM_lr0.001,ADAM,2,shakespeare_char,10,train_eval,3.1070003509521484,0.0001089108910891089,0.04372829088832586,
2025-09-15 03:27:36,ADAM_lr0.001,ADAM,2,shakespeare_char,10,val_eval,3.1385574340820312,0.0001089108910891089,0.04372829088832586,
2025-09-15 03:27:37,ADAM_lr0.001,ADAM,2,shakespeare_char,10,train_iter,3.127389907836914,0.0001089108910891089,0.04212636033307264,2521.453619003296
2025-09-15 03:27:39,ADAM_lr0.001,ADAM,2,shakespeare_char,11,train_eval,3.085644006729126,0.00011881188118811881,0.04212636033307264,
2025-09-15 03:27:39,ADAM_lr0.001,ADAM,2,shakespeare_char,11,val_eval,3.105185031890869,0.00011881188118811881,0.04212636033307264,
2025-09-15 03:27:40,ADAM_lr0.001,ADAM,2,shakespeare_char,11,train_iter,3.1263203620910645,0.00011881188118811881,0.04022277031316629,3025.791645050049
2025-09-15 03:27:42,ADAM_lr0.001,ADAM,2,shakespeare_char,12,train_eval,3.0444858074188232,0.00012871287128712872,0.04022277031316629,
2025-09-15 03:27:42,ADAM_lr0.001,ADAM,2,shakespeare_char,12,val_eval,3.0593338012695312,0.00012871287128712872,0.04022277031316629,
2025-09-15 03:27:43,ADAM_lr0.001,ADAM,2,shakespeare_char,12,train_iter,3.0747954845428467,0.00012871287128712872,0.03855967304327524,2961.4920616149902
2025-09-15 03:27:44,ADAM_lr0.001,ADAM,2,shakespeare_char,13,train_eval,2.947434902191162,0.00013861386138613863,0.03855967304327524,
2025-09-15 03:27:44,ADAM_lr0.001,ADAM,2,shakespeare_char,13,val_eval,2.977537155151367,0.00013861386138613863,0.03855967304327524,
2025-09-15 03:27:45,ADAM_lr0.001,ADAM,2,shakespeare_char,13,train_iter,3.0334110260009766,0.00013861386138613863,0.038361764138712964,1909.9454879760742
2025-09-15 03:27:46,ADAM_lr0.001,ADAM,2,shakespeare_char,14,train_eval,2.909724473953247,0.0001485148514851485,0.038361764138712964,
2025-09-15 03:27:46,ADAM_lr0.001,ADAM,2,shakespeare_char,14,val_eval,2.929119348526001,0.0001485148514851485,0.038361764138712964,
2025-09-15 03:27:47,ADAM_lr0.001,ADAM,2,shakespeare_char,14,train_iter,2.99249267578125,0.0001485148514851485,0.03839861842251537,1803.934097290039
2025-09-15 03:27:49,ADAM_lr0.001,ADAM,2,shakespeare_char,15,train_eval,2.882228374481201,0.00015841584158415842,0.03839861842251537,
2025-09-15 03:27:49,ADAM_lr0.001,ADAM,2,shakespeare_char,15,val_eval,2.8999314308166504,0.00015841584158415842,0.03839861842251537,
2025-09-15 03:27:49,ADAM_lr0.001,ADAM,2,shakespeare_char,15,train_iter,2.8894667625427246,0.00015841584158415842,0.03718133192930252,2664.057731628418
2025-09-15 03:27:51,ADAM_lr0.001,ADAM,2,shakespeare_char,16,train_eval,2.840247392654419,0.00016831683168316833,0.03718133192930252,
2025-09-15 03:27:51,ADAM_lr0.001,ADAM,2,shakespeare_char,16,val_eval,2.864108085632324,0.00016831683168316833,0.03718133192930252,
2025-09-15 03:27:51,ADAM_lr0.001,ADAM,2,shakespeare_char,16,train_iter,2.912501811981201,0.00016831683168316833,0.03706257408115979,1941.084623336792
2025-09-15 03:27:53,ADAM_lr0.001,ADAM,2,shakespeare_char,17,train_eval,2.818032741546631,0.00017821782178217824,0.03706257408115979,
2025-09-15 03:27:53,ADAM_lr0.001,ADAM,2,shakespeare_char,17,val_eval,2.8341562747955322,0.00017821782178217824,0.03706257408115979,
2025-09-15 03:27:53,ADAM_lr0.001,ADAM,2,shakespeare_char,17,train_iter,2.8707618713378906,0.00017821782178217824,0.03688123553908811,1982.085943222046
2025-09-15 03:27:54,ADAM_lr0.001,ADAM,2,shakespeare_char,18,train_eval,2.788536787033081,0.00018811881188118812,0.03688123553908811,
2025-09-15 03:27:54,ADAM_lr0.001,ADAM,2,shakespeare_char,18,val_eval,2.8053178787231445,0.00018811881188118812,0.03688123553908811,
2025-09-15 03:27:55,ADAM_lr0.001,ADAM,2,shakespeare_char,18,train_iter,2.825047254562378,0.00018811881188118812,0.03831445972041071,1364.2292022705078
2025-09-15 03:27:56,ADAM_lr0.001,ADAM,2,shakespeare_char,19,train_eval,2.7687063217163086,0.00019801980198019803,0.03831445972041071,
2025-09-15 03:27:56,ADAM_lr0.001,ADAM,2,shakespeare_char,19,val_eval,2.7803385257720947,0.00019801980198019803,0.03831445972041071,
2025-09-15 03:27:56,ADAM_lr0.001,ADAM,2,shakespeare_char,19,train_iter,2.78190016746521,0.00019801980198019803,0.03845010107700277,1761.1641883850098
2025-09-15 03:27:58,ADAM_lr0.001,ADAM,2,shakespeare_char,20,train_eval,2.7440385818481445,0.00020792079207920794,0.03845010107700277,
2025-09-15 03:27:58,ADAM_lr0.001,ADAM,2,shakespeare_char,20,val_eval,2.7473363876342773,0.00020792079207920794,0.03845010107700277,
2025-09-15 03:27:58,ADAM_lr0.001,ADAM,2,shakespeare_char,20,train_iter,2.8149192333221436,0.00020792079207920794,0.0384088483951388,1836.7869853973389
2025-09-15 03:27:59,ADAM_lr0.001,ADAM,2,shakespeare_char,21,train_eval,2.7257490158081055,0.0002178217821782178,0.0384088483951388,
2025-09-15 03:27:59,ADAM_lr0.001,ADAM,2,shakespeare_char,21,val_eval,2.726912498474121,0.0002178217821782178,0.0384088483951388,
2025-09-15 03:28:00,ADAM_lr0.001,ADAM,2,shakespeare_char,21,train_iter,2.792987823486328,0.0002178217821782178,0.03997002038026018,1293.3392524719238
2025-09-15 03:28:00,ADAM_lr0.001,ADAM,2,shakespeare_char,22,train_eval,2.7062017917633057,0.0002277227722772277,0.03997002038026018,
2025-09-15 03:28:00,ADAM_lr0.001,ADAM,2,shakespeare_char,22,val_eval,2.705934762954712,0.0002277227722772277,0.03997002038026018,
2025-09-15 03:28:01,ADAM_lr0.001,ADAM,2,shakespeare_char,22,train_iter,2.723173141479492,0.0002277227722772277,0.0408896460737426,1421.0333824157715
2025-09-15 03:28:02,ADAM_lr0.001,ADAM,2,shakespeare_char,23,train_eval,2.6912126541137695,0.00023762376237623762,0.0408896460737426,
2025-09-15 03:28:02,ADAM_lr0.001,ADAM,2,shakespeare_char,23,val_eval,2.6937530040740967,0.00023762376237623762,0.0408896460737426,
2025-09-15 03:28:02,ADAM_lr0.001,ADAM,2,shakespeare_char,23,train_iter,2.7151641845703125,0.00023762376237623762,0.041546203562222245,1472.2704887390137
2025-09-15 03:28:04,ADAM_lr0.001,ADAM,2,shakespeare_char,24,train_eval,2.679593086242676,0.00024752475247524753,0.041546203562222245,
2025-09-15 03:28:04,ADAM_lr0.001,ADAM,2,shakespeare_char,24,val_eval,2.679739475250244,0.00024752475247524753,0.041546203562222245,
2025-09-15 03:28:05,ADAM_lr0.001,ADAM,2,shakespeare_char,24,train_iter,2.709756374359131,0.00024752475247524753,0.04051781119229403,2234.86328125
2025-09-15 03:28:06,ADAM_lr0.001,ADAM,2,shakespeare_char,25,train_eval,2.687030076980591,0.00025742574257425744,0.04051781119229403,
2025-09-15 03:28:06,ADAM_lr0.001,ADAM,2,shakespeare_char,25,val_eval,2.682846784591675,0.00025742574257425744,0.04051781119229403,
2025-09-15 03:28:06,ADAM_lr0.001,ADAM,2,shakespeare_char,25,train_iter,2.7114477157592773,0.00025742574257425744,0.04047318757716312,1743.5531616210938
2025-09-15 03:28:08,ADAM_lr0.001,ADAM,2,shakespeare_char,26,train_eval,2.6715035438537598,0.00026732673267326735,0.04047318757716312,
2025-09-15 03:28:08,ADAM_lr0.001,ADAM,2,shakespeare_char,26,val_eval,2.6708853244781494,0.00026732673267326735,0.04047318757716312,
2025-09-15 03:28:08,ADAM_lr0.001,ADAM,2,shakespeare_char,26,train_iter,2.644744396209717,0.00026732673267326735,0.0404857554988001,1720.9081649780273
2025-09-15 03:28:09,ADAM_lr0.001,ADAM,2,shakespeare_char,27,train_eval,2.6494977474212646,0.00027722772277227726,0.0404857554988001,
2025-09-15 03:28:09,ADAM_lr0.001,ADAM,2,shakespeare_char,27,val_eval,2.6488451957702637,0.00027722772277227726,0.0404857554988001,
2025-09-15 03:28:10,ADAM_lr0.001,ADAM,2,shakespeare_char,27,train_iter,2.6636903285980225,0.00027722772277227726,0.040223587037661095,1845.2036380767822
2025-09-15 03:28:11,ADAM_lr0.001,ADAM,2,shakespeare_char,28,train_eval,2.639662265777588,0.00028712871287128717,0.040223587037661095,
2025-09-15 03:28:11,ADAM_lr0.001,ADAM,2,shakespeare_char,28,val_eval,2.6454334259033203,0.00028712871287128717,0.040223587037661095,
2025-09-15 03:28:12,ADAM_lr0.001,ADAM,2,shakespeare_char,28,train_iter,2.6711642742156982,0.00028712871287128717,0.04003253180265115,1823.5809803009033
2025-09-15 03:28:14,ADAM_lr0.001,ADAM,2,shakespeare_char,29,train_eval,2.6522834300994873,0.000297029702970297,0.04003253180265115,
2025-09-15 03:28:14,ADAM_lr0.001,ADAM,2,shakespeare_char,29,val_eval,2.648758888244629,0.000297029702970297,0.04003253180265115,
2025-09-15 03:28:14,ADAM_lr0.001,ADAM,2,shakespeare_char,29,train_iter,2.6486024856567383,0.000297029702970297,0.03977849028686179,1863.5096549987793
2025-09-15 03:28:15,ADAM_lr0.001,ADAM,2,shakespeare_char,30,train_eval,2.655505418777466,0.00030693069306930693,0.03977849028686179,
2025-09-15 03:28:15,ADAM_lr0.001,ADAM,2,shakespeare_char,30,val_eval,2.646712064743042,0.00030693069306930693,0.03977849028686179,
2025-09-15 03:28:15,ADAM_lr0.001,ADAM,2,shakespeare_char,30,train_iter,2.6567697525024414,0.00030693069306930693,0.03981527522334114,1740.3061389923096
2025-09-15 03:28:18,ADAM_lr0.001,ADAM,2,shakespeare_char,31,train_eval,2.638989210128784,0.00031683168316831684,0.03981527522334114,
2025-09-15 03:28:18,ADAM_lr0.001,ADAM,2,shakespeare_char,31,val_eval,2.6246471405029297,0.00031683168316831684,0.03981527522334114,
2025-09-15 03:28:18,ADAM_lr0.001,ADAM,2,shakespeare_char,31,train_iter,2.673207998275757,0.00031683168316831684,0.038216089581506525,2932.699203491211
2025-09-15 03:28:19,ADAM_lr0.001,ADAM,2,shakespeare_char,32,train_eval,2.621795415878296,0.00032673267326732675,0.038216089581506525,
2025-09-15 03:28:19,ADAM_lr0.001,ADAM,2,shakespeare_char,32,val_eval,2.6108808517456055,0.00032673267326732675,0.038216089581506525,
2025-09-15 03:28:20,ADAM_lr0.001,ADAM,2,shakespeare_char,32,train_iter,2.6464085578918457,0.00032673267326732675,0.03964632145795891,1330.3320407867432
2025-09-15 03:28:21,ADAM_lr0.001,ADAM,2,shakespeare_char,33,train_eval,2.613121747970581,0.00033663366336633666,0.03964632145795891,
2025-09-15 03:28:21,ADAM_lr0.001,ADAM,2,shakespeare_char,33,val_eval,2.607206106185913,0.00033663366336633666,0.03964632145795891,
2025-09-15 03:28:21,ADAM_lr0.001,ADAM,2,shakespeare_char,33,train_iter,2.5850024223327637,0.00033663366336633666,0.03949790783057751,1830.78932762146
2025-09-15 03:28:22,ADAM_lr0.001,ADAM,2,shakespeare_char,34,train_eval,2.6108267307281494,0.00034653465346534657,0.03949790783057751,
2025-09-15 03:28:22,ADAM_lr0.001,ADAM,2,shakespeare_char,34,val_eval,2.605275869369507,0.00034653465346534657,0.03949790783057751,
2025-09-15 03:28:23,ADAM_lr0.001,ADAM,2,shakespeare_char,34,train_iter,2.654492139816284,0.00034653465346534657,0.03982600558363467,1633.2104206085205
2025-09-15 03:28:25,ADAM_lr0.001,ADAM,2,shakespeare_char,35,train_eval,2.6070239543914795,0.0003564356435643565,0.03982600558363467,
2025-09-15 03:28:25,ADAM_lr0.001,ADAM,2,shakespeare_char,35,val_eval,2.603639841079712,0.0003564356435643565,0.03982600558363467,
2025-09-15 03:28:26,ADAM_lr0.001,ADAM,2,shakespeare_char,35,train_iter,2.6153452396392822,0.0003564356435643565,0.03842826306997987,2702.930688858032
2025-09-15 03:28:28,ADAM_lr0.001,ADAM,2,shakespeare_char,36,train_eval,2.5959219932556152,0.00036633663366336634,0.03842826306997987,
2025-09-15 03:28:28,ADAM_lr0.001,ADAM,2,shakespeare_char,36,val_eval,2.5936548709869385,0.00036633663366336634,0.03842826306997987,
2025-09-15 03:28:28,ADAM_lr0.001,ADAM,2,shakespeare_char,36,train_iter,2.6216816902160645,0.00036633663366336634,0.03754026139475067,2364.5031452178955
2025-09-15 03:28:29,ADAM_lr0.001,ADAM,2,shakespeare_char,37,train_eval,2.5944204330444336,0.00037623762376237625,0.03754026139475067,
2025-09-15 03:28:29,ADAM_lr0.001,ADAM,2,shakespeare_char,37,val_eval,2.5981523990631104,0.00037623762376237625,0.03754026139475067,
2025-09-15 03:28:29,ADAM_lr0.001,ADAM,2,shakespeare_char,37,train_iter,2.601304769515991,0.00037623762376237625,0.04023324680543548,1083.7101936340332
2025-09-15 03:28:31,ADAM_lr0.001,ADAM,2,shakespeare_char,38,train_eval,2.5876071453094482,0.00038613861386138616,0.04023324680543548,
2025-09-15 03:28:31,ADAM_lr0.001,ADAM,2,shakespeare_char,38,val_eval,2.5979318618774414,0.00038613861386138616,0.04023324680543548,
2025-09-15 03:28:31,ADAM_lr0.001,ADAM,2,shakespeare_char,38,train_iter,2.5733585357666016,0.00038613861386138616,0.04059647979293559,1592.7505493164062
2025-09-15 03:28:32,ADAM_lr0.001,ADAM,2,shakespeare_char,39,train_eval,2.591752052307129,0.00039603960396039607,0.04059647979293559,
2025-09-15 03:28:32,ADAM_lr0.001,ADAM,2,shakespeare_char,39,val_eval,2.590538263320923,0.00039603960396039607,0.04059647979293559,
2025-09-15 03:28:33,ADAM_lr0.001,ADAM,2,shakespeare_char,39,train_iter,2.6029129028320312,0.00039603960396039607,0.040629752698534354,1707.0186138153076
2025-09-15 03:28:35,ADAM_lr0.001,ADAM,2,shakespeare_char,40,train_eval,2.6001758575439453,0.000405940594059406,0.040629752698534354,
2025-09-15 03:28:35,ADAM_lr0.001,ADAM,2,shakespeare_char,40,val_eval,2.5932278633117676,0.000405940594059406,0.040629752698534354,
2025-09-15 03:28:35,ADAM_lr0.001,ADAM,2,shakespeare_char,40,train_iter,2.5683207511901855,0.000405940594059406,0.04009003372388735,1983.0212593078613
2025-09-15 03:28:36,ADAM_lr0.001,ADAM,2,shakespeare_char,41,train_eval,2.5866811275482178,0.0004158415841584159,0.04009003372388735,
2025-09-15 03:28:36,ADAM_lr0.001,ADAM,2,shakespeare_char,41,val_eval,2.5805656909942627,0.0004158415841584159,0.04009003372388735,
2025-09-15 03:28:37,ADAM_lr0.001,ADAM,2,shakespeare_char,41,train_iter,2.625504970550537,0.0004158415841584159,0.03907332074867156,2334.897756576538
2025-09-15 03:28:38,ADAM_lr0.001,ADAM,2,shakespeare_char,42,train_eval,2.576401948928833,0.0004257425742574258,0.03907332074867156,
2025-09-15 03:28:38,ADAM_lr0.001,ADAM,2,shakespeare_char,42,val_eval,2.5739994049072266,0.0004257425742574258,0.03907332074867156,
2025-09-15 03:28:38,ADAM_lr0.001,ADAM,2,shakespeare_char,42,train_iter,2.6438138484954834,0.0004257425742574258,0.039512585895656385,1607.393503189087
2025-09-15 03:28:40,ADAM_lr0.001,ADAM,2,shakespeare_char,43,train_eval,2.573795795440674,0.0004356435643564356,0.039512585895656385,
2025-09-15 03:28:40,ADAM_lr0.001,ADAM,2,shakespeare_char,43,val_eval,2.571397304534912,0.0004356435643564356,0.039512585895656385,
2025-09-15 03:28:40,ADAM_lr0.001,ADAM,2,shakespeare_char,43,train_iter,2.5663394927978516,0.0004356435643564356,0.04049772050090292,1415.3435230255127
2025-09-15 03:28:41,ADAM_lr0.001,ADAM,2,shakespeare_char,44,train_eval,2.5758163928985596,0.0004455445544554455,0.04049772050090292,
2025-09-15 03:28:41,ADAM_lr0.001,ADAM,2,shakespeare_char,44,val_eval,2.574873447418213,0.0004455445544554455,0.04049772050090292,
2025-09-15 03:28:41,ADAM_lr0.001,ADAM,2,shakespeare_char,44,train_iter,2.5612852573394775,0.0004455445544554455,0.044049406048107274,919.1253185272217
2025-09-15 03:28:42,ADAM_lr0.001,ADAM,2,shakespeare_char,45,train_eval,2.5760750770568848,0.0004554455445544554,0.044049406048107274,
2025-09-15 03:28:42,ADAM_lr0.001,ADAM,2,shakespeare_char,45,val_eval,2.5679972171783447,0.0004554455445544554,0.044049406048107274,
2025-09-15 03:28:42,ADAM_lr0.001,ADAM,2,shakespeare_char,45,train_iter,2.56799054145813,0.0004554455445544554,0.04415629644453277,1548.5270023345947
2025-09-15 03:28:44,ADAM_lr0.001,ADAM,2,shakespeare_char,46,train_eval,2.5713839530944824,0.0004653465346534653,0.04415629644453277,
2025-09-15 03:28:44,ADAM_lr0.001,ADAM,2,shakespeare_char,46,val_eval,2.566190242767334,0.0004653465346534653,0.04415629644453277,
2025-09-15 03:28:45,ADAM_lr0.001,ADAM,2,shakespeare_char,46,train_iter,2.5945277214050293,0.0004653465346534653,0.04299309222202652,2148.14829826355
2025-09-15 03:28:46,ADAM_lr0.001,ADAM,2,shakespeare_char,47,train_eval,2.56215238571167,0.00047524752475247524,0.04299309222202652,
2025-09-15 03:28:46,ADAM_lr0.001,ADAM,2,shakespeare_char,47,val_eval,2.566432237625122,0.00047524752475247524,0.04299309222202652,
2025-09-15 03:28:46,ADAM_lr0.001,ADAM,2,shakespeare_char,47,train_iter,2.5452442169189453,0.00047524752475247524,0.045489915286957,1028.0394554138184
2025-09-15 03:28:47,ADAM_lr0.001,ADAM,2,shakespeare_char,48,train_eval,2.5822482109069824,0.00048514851485148515,0.045489915286957,
2025-09-15 03:28:47,ADAM_lr0.001,ADAM,2,shakespeare_char,48,val_eval,2.5880324840545654,0.00048514851485148515,0.045489915286957,
2025-09-15 03:28:47,ADAM_lr0.001,ADAM,2,shakespeare_char,48,train_iter,2.619185447692871,0.00048514851485148515,0.04598452135734778,1385.2596282958984
2025-09-15 03:28:48,ADAM_lr0.001,ADAM,2,shakespeare_char,49,train_eval,2.564190626144409,0.0004950495049504951,0.04598452135734778,
2025-09-15 03:28:48,ADAM_lr0.001,ADAM,2,shakespeare_char,49,val_eval,2.5767459869384766,0.0004950495049504951,0.04598452135734778,
2025-09-15 03:28:48,ADAM_lr0.001,ADAM,2,shakespeare_char,49,train_iter,2.592831611633301,0.0004950495049504951,0.04659862682172247,1340.357780456543
2025-09-15 03:28:51,ADAM_lr0.001,ADAM,2,shakespeare_char,50,train_eval,2.5598528385162354,0.000504950495049505,0.04659862682172247,
2025-09-15 03:28:51,ADAM_lr0.001,ADAM,2,shakespeare_char,50,val_eval,2.561898708343506,0.000504950495049505,0.04659862682172247,
2025-09-15 03:28:52,ADAM_lr0.001,ADAM,2,shakespeare_char,50,train_iter,2.5861318111419678,0.000504950495049505,0.04397648485170828,3428.679943084717
2025-09-15 03:28:54,ADAM_lr0.001,ADAM,2,shakespeare_char,51,train_eval,2.5598015785217285,0.0005148514851485149,0.04397648485170828,
2025-09-15 03:28:54,ADAM_lr0.001,ADAM,2,shakespeare_char,51,val_eval,2.5601563453674316,0.0005148514851485149,0.04397648485170828,
2025-09-15 03:28:55,ADAM_lr0.001,ADAM,2,shakespeare_char,51,train_iter,2.5380399227142334,0.0005148514851485149,0.041796886181468214,3149.925708770752
2025-09-15 03:28:57,ADAM_lr0.001,ADAM,2,shakespeare_char,52,train_eval,2.549835205078125,0.0005247524752475248,0.041796886181468214,
2025-09-15 03:28:57,ADAM_lr0.001,ADAM,2,shakespeare_char,52,val_eval,2.556887626647949,0.0005247524752475248,0.041796886181468214,
2025-09-15 03:28:58,ADAM_lr0.001,ADAM,2,shakespeare_char,52,train_iter,2.541926860809326,0.0005247524752475248,0.03971212609925055,3335.050344467163
2025-09-15 03:29:00,ADAM_lr0.001,ADAM,2,shakespeare_char,53,train_eval,2.554229497909546,0.0005346534653465347,0.03971212609925055,
2025-09-15 03:29:00,ADAM_lr0.001,ADAM,2,shakespeare_char,53,val_eval,2.553938627243042,0.0005346534653465347,0.03971212609925055,
2025-09-15 03:29:00,ADAM_lr0.001,ADAM,2,shakespeare_char,53,train_iter,2.586582899093628,0.0005346534653465347,0.0388867331779515,2220.944881439209
2025-09-15 03:29:02,ADAM_lr0.001,ADAM,2,shakespeare_char,54,train_eval,2.559941053390503,0.0005445544554455446,0.0388867331779515,
2025-09-15 03:29:02,ADAM_lr0.001,ADAM,2,shakespeare_char,54,val_eval,2.5593225955963135,0.0005445544554455446,0.0388867331779515,
2025-09-15 03:29:02,ADAM_lr0.001,ADAM,2,shakespeare_char,54,train_iter,2.562380313873291,0.0005445544554455446,0.038655343513443984,1910.3500843048096
2025-09-15 03:29:05,ADAM_lr0.001,ADAM,2,shakespeare_char,55,train_eval,2.5487871170043945,0.0005544554455445545,0.038655343513443984,
2025-09-15 03:29:05,ADAM_lr0.001,ADAM,2,shakespeare_char,55,val_eval,2.5448801517486572,0.0005544554455445545,0.038655343513443984,
2025-09-15 03:29:05,ADAM_lr0.001,ADAM,2,shakespeare_char,55,train_iter,2.6182875633239746,0.0005544554455445545,0.0370959673647485,3029.580593109131
2025-09-15 03:29:06,ADAM_lr0.001,ADAM,2,shakespeare_char,56,train_eval,2.5593504905700684,0.0005643564356435644,0.0370959673647485,
2025-09-15 03:29:06,ADAM_lr0.001,ADAM,2,shakespeare_char,56,val_eval,2.566965341567993,0.0005643564356435644,0.0370959673647485,
2025-09-15 03:29:06,ADAM_lr0.001,ADAM,2,shakespeare_char,56,train_iter,2.6020007133483887,0.0005643564356435644,0.040356235929922685,1002.4142265319824
2025-09-15 03:29:07,ADAM_lr0.001,ADAM,2,shakespeare_char,57,train_eval,2.555027961730957,0.0005742574257425743,0.040356235929922685,
2025-09-15 03:29:07,ADAM_lr0.001,ADAM,2,shakespeare_char,57,val_eval,2.564085006713867,0.0005742574257425743,0.040356235929922685,
2025-09-15 03:29:07,ADAM_lr0.001,ADAM,2,shakespeare_char,57,train_iter,2.5982203483581543,0.0005742574257425743,0.04389280718560111,922.6772785186768
2025-09-15 03:29:08,ADAM_lr0.001,ADAM,2,shakespeare_char,58,train_eval,2.551356315612793,0.0005841584158415842,0.04389280718560111,
2025-09-15 03:29:08,ADAM_lr0.001,ADAM,2,shakespeare_char,58,val_eval,2.54986572265625,0.0005841584158415842,0.04389280718560111,
2025-09-15 03:29:08,ADAM_lr0.001,ADAM,2,shakespeare_char,58,train_iter,2.580979824066162,0.0005841584158415842,0.045359854651802804,1193.0158138275146
2025-09-15 03:29:10,ADAM_lr0.001,ADAM,2,shakespeare_char,59,train_eval,2.547055721282959,0.000594059405940594,0.045359854651802804,
2025-09-15 03:29:10,ADAM_lr0.001,ADAM,2,shakespeare_char,59,val_eval,2.5419602394104004,0.000594059405940594,0.045359854651802804,
2025-09-15 03:29:10,ADAM_lr0.001,ADAM,2,shakespeare_char,59,train_iter,2.579493522644043,0.000594059405940594,0.044789722229156635,1761.7123126983643
2025-09-15 03:29:11,ADAM_lr0.001,ADAM,2,shakespeare_char,60,train_eval,2.5606276988983154,0.000603960396039604,0.044789722229156635,
2025-09-15 03:29:11,ADAM_lr0.001,ADAM,2,shakespeare_char,60,val_eval,2.549992799758911,0.000603960396039604,0.044789722229156635,
2025-09-15 03:29:11,ADAM_lr0.001,ADAM,2,shakespeare_char,60,train_iter,2.5725085735321045,0.000603960396039604,0.04684829369486146,1068.7029361724854
2025-09-15 03:29:13,ADAM_lr0.001,ADAM,2,shakespeare_char,61,train_eval,2.556084394454956,0.0006138613861386139,0.04684829369486146,
2025-09-15 03:29:13,ADAM_lr0.001,ADAM,2,shakespeare_char,61,val_eval,2.556960105895996,0.0006138613861386139,0.04684829369486146,
2025-09-15 03:29:13,ADAM_lr0.001,ADAM,2,shakespeare_char,61,train_iter,2.598959445953369,0.0006138613861386139,0.04716853283779438,1395.923376083374
2025-09-15 03:29:14,ADAM_lr0.001,ADAM,2,shakespeare_char,62,train_eval,2.539931297302246,0.0006237623762376238,0.04716853283779438,
2025-09-15 03:29:14,ADAM_lr0.001,ADAM,2,shakespeare_char,62,val_eval,2.5502943992614746,0.0006237623762376238,0.04716853283779438,
2025-09-15 03:29:14,ADAM_lr0.001,ADAM,2,shakespeare_char,62,train_iter,2.594670295715332,0.0006237623762376238,0.047987551691197526,1262.0761394500732
2025-09-15 03:29:15,ADAM_lr0.001,ADAM,2,shakespeare_char,63,train_eval,2.548595666885376,0.0006336633663366337,0.047987551691197526,
2025-09-15 03:29:15,ADAM_lr0.001,ADAM,2,shakespeare_char,63,val_eval,2.5651121139526367,0.0006336633663366337,0.047987551691197526,
2025-09-15 03:29:15,ADAM_lr0.001,ADAM,2,shakespeare_char,63,train_iter,2.532891273498535,0.0006336633663366337,0.04815317779793466,1407.3641300201416
2025-09-15 03:29:17,ADAM_lr0.001,ADAM,2,shakespeare_char,64,train_eval,2.5482566356658936,0.0006435643564356436,0.04815317779793466,
2025-09-15 03:29:17,ADAM_lr0.001,ADAM,2,shakespeare_char,64,val_eval,2.5622146129608154,0.0006435643564356436,0.04815317779793466,
2025-09-15 03:29:17,ADAM_lr0.001,ADAM,2,shakespeare_char,64,train_iter,2.5767264366149902,0.0006435643564356436,0.04909202951225764,1214.1964435577393
2025-09-15 03:29:18,ADAM_lr0.001,ADAM,2,shakespeare_char,65,train_eval,2.5492916107177734,0.0006534653465346535,0.04909202951225764,
2025-09-15 03:29:18,ADAM_lr0.001,ADAM,2,shakespeare_char,65,val_eval,2.5571935176849365,0.0006534653465346535,0.04909202951225764,
2025-09-15 03:29:18,ADAM_lr0.001,ADAM,2,shakespeare_char,65,train_iter,2.5696022510528564,0.0006534653465346535,0.04901813601907544,1444.9317455291748
2025-09-15 03:29:19,ADAM_lr0.001,ADAM,2,shakespeare_char,66,train_eval,2.5452818870544434,0.0006633663366336634,0.04901813601907544,
2025-09-15 03:29:19,ADAM_lr0.001,ADAM,2,shakespeare_char,66,val_eval,2.5497124195098877,0.0006633663366336634,0.04901813601907544,
2025-09-15 03:29:19,ADAM_lr0.001,ADAM,2,shakespeare_char,66,train_iter,2.5637412071228027,0.0006633663366336634,0.05212495592173112,872.3950386047363
2025-09-15 03:29:20,ADAM_lr0.001,ADAM,2,shakespeare_char,67,train_eval,2.5476160049438477,0.0006732673267326733,0.05212495592173112,
2025-09-15 03:29:20,ADAM_lr0.001,ADAM,2,shakespeare_char,67,val_eval,2.5499768257141113,0.0006732673267326733,0.05212495592173112,
2025-09-15 03:29:20,ADAM_lr0.001,ADAM,2,shakespeare_char,67,train_iter,2.536031484603882,0.0006732673267326733,0.05345572476632214,1067.7685737609863
2025-09-15 03:29:21,ADAM_lr0.001,ADAM,2,shakespeare_char,68,train_eval,2.5527002811431885,0.0006831683168316832,0.05345572476632214,
2025-09-15 03:29:21,ADAM_lr0.001,ADAM,2,shakespeare_char,68,val_eval,2.5580973625183105,0.0006831683168316832,0.05345572476632214,
2025-09-15 03:29:21,ADAM_lr0.001,ADAM,2,shakespeare_char,68,train_iter,2.587534189224243,0.0006831683168316832,0.05271505199467592,1517.2300338745117
2025-09-15 03:29:23,ADAM_lr0.001,ADAM,2,shakespeare_char,69,train_eval,2.5494284629821777,0.0006930693069306931,0.05271505199467592,
2025-09-15 03:29:23,ADAM_lr0.001,ADAM,2,shakespeare_char,69,val_eval,2.552736520767212,0.0006930693069306931,0.05271505199467592,
2025-09-15 03:29:23,ADAM_lr0.001,ADAM,2,shakespeare_char,69,train_iter,2.5954740047454834,0.0006930693069306931,0.051399077348227885,1766.3097381591797
2025-09-15 03:29:25,ADAM_lr0.001,ADAM,2,shakespeare_char,70,train_eval,2.5470829010009766,0.000702970297029703,0.051399077348227885,
2025-09-15 03:29:25,ADAM_lr0.001,ADAM,2,shakespeare_char,70,val_eval,2.558495283126831,0.000702970297029703,0.051399077348227885,
2025-09-15 03:29:25,ADAM_lr0.001,ADAM,2,shakespeare_char,70,train_iter,2.5283560752868652,0.000702970297029703,0.050838477619266416,1525.7091522216797
2025-09-15 03:29:26,ADAM_lr0.001,ADAM,2,shakespeare_char,71,train_eval,2.5521557331085205,0.000712871287128713,0.050838477619266416,
2025-09-15 03:29:26,ADAM_lr0.001,ADAM,2,shakespeare_char,71,val_eval,2.546541690826416,0.000712871287128713,0.050838477619266416,
2025-09-15 03:29:26,ADAM_lr0.001,ADAM,2,shakespeare_char,71,train_iter,2.605463981628418,0.000712871287128713,0.05186212232939163,1143.9542770385742
2025-09-15 03:29:27,ADAM_lr0.001,ADAM,2,shakespeare_char,72,train_eval,2.550844669342041,0.0007227722772277228,0.05186212232939163,
2025-09-15 03:29:27,ADAM_lr0.001,ADAM,2,shakespeare_char,72,val_eval,2.547926425933838,0.0007227722772277228,0.05186212232939163,
2025-09-15 03:29:27,ADAM_lr0.001,ADAM,2,shakespeare_char,72,train_iter,2.5633792877197266,0.0007227722772277228,0.054398402637361745,904.7198295593262
2025-09-15 03:29:28,ADAM_lr0.001,ADAM,2,shakespeare_char,73,train_eval,2.5410358905792236,0.0007326732673267327,0.054398402637361745,
2025-09-15 03:29:28,ADAM_lr0.001,ADAM,2,shakespeare_char,73,val_eval,2.5446813106536865,0.0007326732673267327,0.054398402637361745,
2025-09-15 03:29:28,ADAM_lr0.001,ADAM,2,shakespeare_char,73,train_iter,2.54880952835083,0.0007326732673267327,0.05695115647536212,874.1457462310791
2025-09-15 03:29:29,ADAM_lr0.001,ADAM,2,shakespeare_char,74,train_eval,2.532888174057007,0.0007425742574257426,0.05695115647536212,
2025-09-15 03:29:29,ADAM_lr0.001,ADAM,2,shakespeare_char,74,val_eval,2.5405852794647217,0.0007425742574257426,0.05695115647536212,
2025-09-15 03:29:29,ADAM_lr0.001,ADAM,2,shakespeare_char,74,train_iter,2.5329246520996094,0.0007425742574257426,0.05635674325836426,1369.7509765625
2025-09-15 03:29:31,ADAM_lr0.001,ADAM,2,shakespeare_char,75,train_eval,2.5460851192474365,0.0007524752475247525,0.05635674325836426,
2025-09-15 03:29:31,ADAM_lr0.001,ADAM,2,shakespeare_char,75,val_eval,2.5551419258117676,0.0007524752475247525,0.05635674325836426,
2025-09-15 03:29:31,ADAM_lr0.001,ADAM,2,shakespeare_char,75,train_iter,2.4931695461273193,0.0007524752475247525,0.05456567053101869,1817.2733783721924
2025-09-15 03:29:32,ADAM_lr0.001,ADAM,2,shakespeare_char,76,train_eval,2.5414562225341797,0.0007623762376237624,0.05456567053101869,
2025-09-15 03:29:32,ADAM_lr0.001,ADAM,2,shakespeare_char,76,val_eval,2.547287940979004,0.0007623762376237624,0.05456567053101869,
2025-09-15 03:29:32,ADAM_lr0.001,ADAM,2,shakespeare_char,76,train_iter,2.513291120529175,0.0007623762376237624,0.05703748226832491,881.2258243560791
2025-09-15 03:29:33,ADAM_lr0.001,ADAM,2,shakespeare_char,77,train_eval,2.529423713684082,0.0007722772277227723,0.05703748226832491,
2025-09-15 03:29:33,ADAM_lr0.001,ADAM,2,shakespeare_char,77,val_eval,2.5424115657806396,0.0007722772277227723,0.05703748226832491,
2025-09-15 03:29:33,ADAM_lr0.001,ADAM,2,shakespeare_char,77,train_iter,2.5381622314453125,0.0007722772277227723,0.05934007663746964,872.6446628570557
2025-09-15 03:29:33,ADAM_lr0.001,ADAM,2,shakespeare_char,78,train_eval,2.526527166366577,0.0007821782178217822,0.05934007663746964,
2025-09-15 03:29:34,ADAM_lr0.001,ADAM,2,shakespeare_char,78,val_eval,2.542505979537964,0.0007821782178217822,0.05934007663746964,
2025-09-15 03:29:34,ADAM_lr0.001,ADAM,2,shakespeare_char,78,train_iter,2.5502734184265137,0.0007821782178217822,0.06139250949390747,874.819278717041
2025-09-15 03:29:34,ADAM_lr0.001,ADAM,2,shakespeare_char,79,train_eval,2.538938522338867,0.0007920792079207921,0.06139250949390747,
2025-09-15 03:29:34,ADAM_lr0.001,ADAM,2,shakespeare_char,79,val_eval,2.5524632930755615,0.0007920792079207921,0.06139250949390747,
2025-09-15 03:29:34,ADAM_lr0.001,ADAM,2,shakespeare_char,79,train_iter,2.550493001937866,0.0007920792079207921,0.06313707697170093,886.2066268920898
2025-09-15 03:29:35,ADAM_lr0.001,ADAM,2,shakespeare_char,80,train_eval,2.5504469871520996,0.000801980198019802,0.06313707697170093,
2025-09-15 03:29:35,ADAM_lr0.001,ADAM,2,shakespeare_char,80,val_eval,2.5588998794555664,0.000801980198019802,0.06313707697170093,
2025-09-15 03:29:35,ADAM_lr0.001,ADAM,2,shakespeare_char,80,train_iter,2.5332911014556885,0.000801980198019802,0.06469974999722686,887.0434761047363
2025-09-15 03:29:36,ADAM_lr0.001,ADAM,2,shakespeare_char,81,train_eval,2.5463311672210693,0.000811881188118812,0.06469974999722686,
2025-09-15 03:29:36,ADAM_lr0.001,ADAM,2,shakespeare_char,81,val_eval,2.545424222946167,0.000811881188118812,0.06469974999722686,
2025-09-15 03:29:36,ADAM_lr0.001,ADAM,2,shakespeare_char,81,train_iter,2.5428659915924072,0.000811881188118812,0.06617822421200159,879.0006637573242
2025-09-15 03:29:37,ADAM_lr0.001,ADAM,2,shakespeare_char,82,train_eval,2.539750814437866,0.0008217821782178219,0.06617822421200159,
2025-09-15 03:29:37,ADAM_lr0.001,ADAM,2,shakespeare_char,82,val_eval,2.5466787815093994,0.0008217821782178219,0.06617822421200159,
2025-09-15 03:29:37,ADAM_lr0.001,ADAM,2,shakespeare_char,82,train_iter,2.547609567642212,0.0008217821782178219,0.0661926786583133,1053.4379482269287
2025-09-15 03:29:38,ADAM_lr0.001,ADAM,2,shakespeare_char,83,train_eval,2.532135009765625,0.0008316831683168318,0.0661926786583133,
2025-09-15 03:29:38,ADAM_lr0.001,ADAM,2,shakespeare_char,83,val_eval,2.5366928577423096,0.0008316831683168318,0.0661926786583133,
2025-09-15 03:29:39,ADAM_lr0.001,ADAM,2,shakespeare_char,83,train_iter,2.555088758468628,0.0008316831683168318,0.06377555236062132,1662.6503467559814
2025-09-15 03:29:40,ADAM_lr0.001,ADAM,2,shakespeare_char,84,train_eval,2.5200517177581787,0.0008415841584158417,0.06377555236062132,
2025-09-15 03:29:40,ADAM_lr0.001,ADAM,2,shakespeare_char,84,val_eval,2.52888822555542,0.0008415841584158417,0.06377555236062132,
2025-09-15 03:29:40,ADAM_lr0.001,ADAM,2,shakespeare_char,84,train_iter,2.5501503944396973,0.0008415841584158417,0.06220738635800481,1452.7192115783691
2025-09-15 03:29:41,ADAM_lr0.001,ADAM,2,shakespeare_char,85,train_eval,2.522881031036377,0.0008514851485148516,0.06220738635800481,
2025-09-15 03:29:41,ADAM_lr0.001,ADAM,2,shakespeare_char,85,val_eval,2.523388147354126,0.0008514851485148516,0.06220738635800481,
2025-09-15 03:29:42,ADAM_lr0.001,ADAM,2,shakespeare_char,85,train_iter,2.5053820610046387,0.0008514851485148516,0.06127880798392948,1320.1966285705566
2025-09-15 03:29:43,ADAM_lr0.001,ADAM,2,shakespeare_char,86,train_eval,2.5245797634124756,0.0008613861386138615,0.06127880798392948,
2025-09-15 03:29:43,ADAM_lr0.001,ADAM,2,shakespeare_char,86,val_eval,2.518775701522827,0.0008613861386138615,0.06127880798392948,
2025-09-15 03:29:44,ADAM_lr0.001,ADAM,2,shakespeare_char,86,train_iter,2.5356409549713135,0.0008613861386138615,0.05867311336617601,1983.623743057251
2025-09-15 03:29:45,ADAM_lr0.001,ADAM,2,shakespeare_char,87,train_eval,2.5216071605682373,0.0008712871287128712,0.05867311336617601,
2025-09-15 03:29:45,ADAM_lr0.001,ADAM,2,shakespeare_char,87,val_eval,2.5220441818237305,0.0008712871287128712,0.05867311336617601,
2025-09-15 03:29:45,ADAM_lr0.001,ADAM,2,shakespeare_char,87,train_iter,2.5018374919891357,0.0008712871287128712,0.059153758086981464,1100.6207466125488
2025-09-15 03:29:46,ADAM_lr0.001,ADAM,2,shakespeare_char,88,train_eval,2.5215659141540527,0.0008811881188118811,0.059153758086981464,
2025-09-15 03:29:46,ADAM_lr0.001,ADAM,2,shakespeare_char,88,val_eval,2.519803762435913,0.0008811881188118811,0.059153758086981464,
2025-09-15 03:29:46,ADAM_lr0.001,ADAM,2,shakespeare_char,88,train_iter,2.5081143379211426,0.0008811881188118811,0.05950558075226581,1114.8030757904053
2025-09-15 03:29:47,ADAM_lr0.001,ADAM,2,shakespeare_char,89,train_eval,2.5173568725585938,0.000891089108910891,0.05950558075226581,
2025-09-15 03:29:47,ADAM_lr0.001,ADAM,2,shakespeare_char,89,val_eval,2.52274227142334,0.000891089108910891,0.05950558075226581,
2025-09-15 03:29:47,ADAM_lr0.001,ADAM,2,shakespeare_char,89,train_iter,2.5275630950927734,0.000891089108910891,0.05919039119519614,1239.793300628662
2025-09-15 03:29:49,ADAM_lr0.001,ADAM,2,shakespeare_char,90,train_eval,2.518178701400757,0.0009009900990099009,0.05919039119519614,
2025-09-15 03:29:49,ADAM_lr0.001,ADAM,2,shakespeare_char,90,val_eval,2.522331714630127,0.0009009900990099009,0.05919039119519614,
2025-09-15 03:29:49,ADAM_lr0.001,ADAM,2,shakespeare_char,90,train_iter,2.5627994537353516,0.0009009900990099009,0.05787868152111306,1516.4299011230469
2025-09-15 03:29:50,ADAM_lr0.001,ADAM,2,shakespeare_char,91,train_eval,2.5195798873901367,0.0009108910891089108,0.05787868152111306,
2025-09-15 03:29:50,ADAM_lr0.001,ADAM,2,shakespeare_char,91,val_eval,2.5198049545288086,0.0009108910891089108,0.05787868152111306,
2025-09-15 03:29:50,ADAM_lr0.001,ADAM,2,shakespeare_char,91,train_iter,2.513476848602295,0.0009108910891089108,0.05603336323024068,1772.125244140625
2025-09-15 03:29:52,ADAM_lr0.001,ADAM,2,shakespeare_char,92,train_eval,2.5135984420776367,0.0009207920792079207,0.05603336323024068,
2025-09-15 03:29:52,ADAM_lr0.001,ADAM,2,shakespeare_char,92,val_eval,2.5215651988983154,0.0009207920792079207,0.05603336323024068,
2025-09-15 03:29:52,ADAM_lr0.001,ADAM,2,shakespeare_char,92,train_iter,2.5456790924072266,0.0009207920792079207,0.055347645547487376,1420.7470417022705
2025-09-15 03:29:53,ADAM_lr0.001,ADAM,2,shakespeare_char,93,train_eval,2.5107202529907227,0.0009306930693069307,0.055347645547487376,
2025-09-15 03:29:53,ADAM_lr0.001,ADAM,2,shakespeare_char,93,val_eval,2.524599552154541,0.0009306930693069307,0.055347645547487376,
2025-09-15 03:29:53,ADAM_lr0.001,ADAM,2,shakespeare_char,93,train_iter,2.48897123336792,0.0009306930693069307,0.054723652294426495,1422.7280616760254
2025-09-15 03:29:55,ADAM_lr0.001,ADAM,2,shakespeare_char,94,train_eval,2.5149991512298584,0.0009405940594059406,0.054723652294426495,
2025-09-15 03:29:55,ADAM_lr0.001,ADAM,2,shakespeare_char,94,val_eval,2.529693365097046,0.0009405940594059406,0.054723652294426495,
2025-09-15 03:29:55,ADAM_lr0.001,ADAM,2,shakespeare_char,94,train_iter,2.571808338165283,0.0009405940594059406,0.05370731373307363,1567.9197311401367
2025-09-15 03:29:56,ADAM_lr0.001,ADAM,2,shakespeare_char,95,train_eval,2.5129730701446533,0.0009504950495049505,0.05370731373307363,
2025-09-15 03:29:56,ADAM_lr0.001,ADAM,2,shakespeare_char,95,val_eval,2.5146636962890625,0.0009504950495049505,0.05370731373307363,
2025-09-15 03:29:57,ADAM_lr0.001,ADAM,2,shakespeare_char,95,train_iter,2.5231175422668457,0.0009504950495049505,0.051661085776434676,2101.574659347534
2025-09-15 03:29:58,ADAM_lr0.001,ADAM,2,shakespeare_char,96,train_eval,2.516660690307617,0.0009603960396039604,0.051661085776434676,
2025-09-15 03:29:58,ADAM_lr0.001,ADAM,2,shakespeare_char,96,val_eval,2.5183794498443604,0.0009603960396039604,0.051661085776434676,
2025-09-15 03:29:58,ADAM_lr0.001,ADAM,2,shakespeare_char,96,train_iter,2.522195816040039,0.0009603960396039604,0.05178515411206642,1320.6915855407715
2025-09-15 03:29:59,ADAM_lr0.001,ADAM,2,shakespeare_char,97,train_eval,2.514404296875,0.0009702970297029703,0.05178515411206642,
2025-09-15 03:29:59,ADAM_lr0.001,ADAM,2,shakespeare_char,97,val_eval,2.5098400115966797,0.0009702970297029703,0.05178515411206642,
2025-09-15 03:30:00,ADAM_lr0.001,ADAM,2,shakespeare_char,97,train_iter,2.545278310775757,0.0009702970297029703,0.051287573052060664,1492.5849437713623
2025-09-15 03:30:01,ADAM_lr0.001,ADAM,2,shakespeare_char,98,train_eval,2.5048036575317383,0.0009801980198019802,0.051287573052060664,
2025-09-15 03:30:01,ADAM_lr0.001,ADAM,2,shakespeare_char,98,val_eval,2.510118007659912,0.0009801980198019802,0.051287573052060664,
2025-09-15 03:30:01,ADAM_lr0.001,ADAM,2,shakespeare_char,98,train_iter,2.579205274581909,0.0009801980198019802,0.054131055423564514,876.3775825500488
2025-09-15 03:30:02,ADAM_lr0.001,ADAM,2,shakespeare_char,99,train_eval,2.517861843109131,0.0009900990099009901,0.054131055423564514,
2025-09-15 03:30:02,ADAM_lr0.001,ADAM,2,shakespeare_char,99,val_eval,2.531010389328003,0.0009900990099009901,0.054131055423564514,
2025-09-15 03:30:02,ADAM_lr0.001,ADAM,2,shakespeare_char,99,train_iter,2.5464062690734863,0.0009900990099009901,0.055883382164681784,975.0552177429199
2025-09-15 03:30:03,ADAM_lr0.001,ADAM,2,shakespeare_char,100,train_eval,2.5171163082122803,0.001,0.055883382164681784,
2025-09-15 03:30:03,ADAM_lr0.001,ADAM,2,shakespeare_char,100,val_eval,2.5278971195220947,0.001,0.055883382164681784,
2025-09-15 03:33:44,ADAM_lr0.001,ADAM,2,shakespeare_char,100,train_iter,2.5041675567626953,0.001,0.05032639920186055,222823.65226745605
2025-09-15 03:33:46,ADAM_lr0.001,ADAM,2,shakespeare_char,101,train_eval,2.50266432762146,0.000999999907510999,0.05032639920186055,
2025-09-15 03:33:46,ADAM_lr0.001,ADAM,2,shakespeare_char,101,val_eval,2.5114378929138184,0.000999999907510999,0.05032639920186055,
2025-09-15 03:33:46,ADAM_lr0.001,ADAM,2,shakespeare_char,101,train_iter,2.5201923847198486,0.000999999907510999,0.050373858013555,1375.3063678741455
2025-09-15 03:33:48,ADAM_lr0.001,ADAM,2,shakespeare_char,102,train_eval,2.506624460220337,0.000999999630044034,0.050373858013555,
2025-09-15 03:33:48,ADAM_lr0.001,ADAM,2,shakespeare_char,102,val_eval,2.5066452026367188,0.000999999630044034,0.050373858013555,
2025-09-15 03:33:48,ADAM_lr0.001,ADAM,2,shakespeare_char,102,train_iter,2.5157182216644287,0.000999999630044034,0.04789206993746015,2733.8778972625732
2025-09-15 03:33:50,ADAM_lr0.001,ADAM,2,shakespeare_char,103,train_eval,2.505356550216675,0.0009999991675992191,0.04789206993746015,
2025-09-15 03:33:50,ADAM_lr0.001,ADAM,2,shakespeare_char,103,val_eval,2.5148143768310547,0.0009999991675992191,0.04789206993746015,
2025-09-15 03:33:50,ADAM_lr0.001,ADAM,2,shakespeare_char,103,train_iter,2.490565299987793,0.0009999991675992191,0.048673550225522125,1254.1885375976562
2025-09-15 03:33:51,ADAM_lr0.001,ADAM,2,shakespeare_char,104,train_eval,2.516260862350464,0.0009999985201767443,0.048673550225522125,
2025-09-15 03:33:51,ADAM_lr0.001,ADAM,2,shakespeare_char,104,val_eval,2.538107395172119,0.0009999985201767443,0.048673550225522125,
2025-09-15 03:33:51,ADAM_lr0.001,ADAM,2,shakespeare_char,104,train_iter,2.510920763015747,0.0009999985201767443,0.04841467525263545,1516.0512924194336
2025-09-15 03:33:53,ADAM_lr0.001,ADAM,2,shakespeare_char,105,train_eval,2.5221292972564697,0.000999997687776876,0.04841467525263545,
2025-09-15 03:33:53,ADAM_lr0.001,ADAM,2,shakespeare_char,105,val_eval,2.554398536682129,0.000999997687776876,0.04841467525263545,
2025-09-15 03:33:53,ADAM_lr0.001,ADAM,2,shakespeare_char,105,train_iter,2.505366802215576,0.000999997687776876,0.04879110307574379,1338.9866352081299
2025-09-15 03:33:54,ADAM_lr0.001,ADAM,2,shakespeare_char,106,train_eval,2.5060155391693115,0.0009999966703999558,0.04879110307574379,
2025-09-15 03:33:54,ADAM_lr0.001,ADAM,2,shakespeare_char,106,val_eval,2.525175094604492,0.0009999966703999558,0.04879110307574379,
2025-09-15 03:33:54,ADAM_lr0.001,ADAM,2,shakespeare_char,106,train_iter,2.4970884323120117,0.0009999966703999558,0.04975438128970676,1195.8622932434082
2025-09-15 03:33:55,ADAM_lr0.001,ADAM,2,shakespeare_char,107,train_eval,2.509813070297241,0.0009999954680464025,0.04975438128970676,
2025-09-15 03:33:55,ADAM_lr0.001,ADAM,2,shakespeare_char,107,val_eval,2.5236945152282715,0.0009999954680464025,0.04975438128970676,
2025-09-15 03:33:55,ADAM_lr0.001,ADAM,2,shakespeare_char,107,train_iter,2.5163466930389404,0.0009999954680464025,0.04962125503447184,1442.8422451019287
2025-09-15 03:33:56,ADAM_lr0.001,ADAM,2,shakespeare_char,108,train_eval,2.5103180408477783,0.00099999408071671,0.04962125503447184,
2025-09-15 03:33:56,ADAM_lr0.001,ADAM,2,shakespeare_char,108,val_eval,2.5201575756073,0.00099999408071671,0.04962125503447184,
2025-09-15 03:33:56,ADAM_lr0.001,ADAM,2,shakespeare_char,108,train_iter,2.52241849899292,0.00099999408071671,0.05063836500136767,1168.4925556182861
2025-09-15 03:33:58,ADAM_lr0.001,ADAM,2,shakespeare_char,109,train_eval,2.5022311210632324,0.0009999925084114485,0.05063836500136767,
2025-09-15 03:33:58,ADAM_lr0.001,ADAM,2,shakespeare_char,109,val_eval,2.5143914222717285,0.0009999925084114485,0.05063836500136767,
2025-09-15 03:33:58,ADAM_lr0.001,ADAM,2,shakespeare_char,109,train_iter,2.492636203765869,0.0009999925084114485,0.049802681690544255,1652.4217128753662
2025-09-15 03:34:00,ADAM_lr0.001,ADAM,2,shakespeare_char,110,train_eval,2.524205446243286,0.0009999907511312647,0.049802681690544255,
2025-09-15 03:34:00,ADAM_lr0.001,ADAM,2,shakespeare_char,110,val_eval,2.549916982650757,0.0009999907511312647,0.049802681690544255,
2025-09-15 03:34:00,ADAM_lr0.001,ADAM,2,shakespeare_char,110,train_iter,2.5455539226531982,0.0009999907511312647,0.048086852167449734,2140.2430534362793
2025-09-15 03:34:01,ADAM_lr0.001,ADAM,2,shakespeare_char,111,train_eval,2.509243965148926,0.0009999888088768807,0.048086852167449734,
2025-09-15 03:34:01,ADAM_lr0.001,ADAM,2,shakespeare_char,111,val_eval,2.5207457542419434,0.0009999888088768807,0.048086852167449734,
2025-09-15 03:34:01,ADAM_lr0.001,ADAM,2,shakespeare_char,111,train_iter,2.511939764022827,0.0009999888088768807,0.049337021567692034,1153.137445449829
2025-09-15 03:34:02,ADAM_lr0.001,ADAM,2,shakespeare_char,112,train_eval,2.5144338607788086,0.000999986681649095,0.049337021567692034,
2025-09-15 03:34:02,ADAM_lr0.001,ADAM,2,shakespeare_char,112,val_eval,2.515350103378296,0.000999986681649095,0.049337021567692034,
2025-09-15 03:34:02,ADAM_lr0.001,ADAM,2,shakespeare_char,112,train_iter,2.5271854400634766,0.000999986681649095,0.05091166569689442,1073.4972953796387
2025-09-15 03:34:04,ADAM_lr0.001,ADAM,2,shakespeare_char,113,train_eval,2.5038366317749023,0.0009999843694487819,0.05091166569689442,
2025-09-15 03:34:04,ADAM_lr0.001,ADAM,2,shakespeare_char,113,val_eval,2.5062711238861084,0.0009999843694487819,0.05091166569689442,
2025-09-15 03:34:04,ADAM_lr0.001,ADAM,2,shakespeare_char,113,train_iter,2.5361580848693848,0.0009999843694487819,0.049224890607419046,2052.2587299346924
2025-09-15 03:34:06,ADAM_lr0.001,ADAM,2,shakespeare_char,114,train_eval,2.503342866897583,0.000999981872276892,0.049224890607419046,
2025-09-15 03:34:06,ADAM_lr0.001,ADAM,2,shakespeare_char,114,val_eval,2.505601167678833,0.000999981872276892,0.049224890607419046,
2025-09-15 03:34:06,ADAM_lr0.001,ADAM,2,shakespeare_char,114,train_iter,2.5477306842803955,0.000999981872276892,0.04809800074609349,1840.7349586486816
2025-09-15 03:34:08,ADAM_lr0.001,ADAM,2,shakespeare_char,115,train_eval,2.498354911804199,0.0009999791901344516,0.04809800074609349,
2025-09-15 03:34:08,ADAM_lr0.001,ADAM,2,shakespeare_char,115,val_eval,2.5090107917785645,0.0009999791901344516,0.04809800074609349,
2025-09-15 03:34:08,ADAM_lr0.001,ADAM,2,shakespeare_char,115,train_iter,2.501502275466919,0.0009999791901344516,0.04888554115502937,1248.2163906097412
2025-09-15 03:34:09,ADAM_lr0.001,ADAM,2,shakespeare_char,116,train_eval,2.4966325759887695,0.0009999763230225634,0.04888554115502937,
2025-09-15 03:34:09,ADAM_lr0.001,ADAM,2,shakespeare_char,116,val_eval,2.517463207244873,0.0009999763230225634,0.04888554115502937,
2025-09-15 03:34:09,ADAM_lr0.001,ADAM,2,shakespeare_char,116,train_iter,2.555067777633667,0.0009999763230225634,0.04958032810904047,1251.3461112976074
2025-09-15 03:34:10,ADAM_lr0.001,ADAM,2,shakespeare_char,117,train_eval,2.5073602199554443,0.0009999732709424058,0.04958032810904047,
2025-09-15 03:34:10,ADAM_lr0.001,ADAM,2,shakespeare_char,117,val_eval,2.523988723754883,0.0009999732709424058,0.04958032810904047,
2025-09-15 03:34:10,ADAM_lr0.001,ADAM,2,shakespeare_char,117,train_iter,2.4933934211730957,0.0009999732709424058,0.0489867162276857,1600.8291244506836
2025-09-15 03:34:12,ADAM_lr0.001,ADAM,2,shakespeare_char,118,train_eval,2.5032105445861816,0.0009999700338952336,0.0489867162276857,
2025-09-15 03:34:12,ADAM_lr0.001,ADAM,2,shakespeare_char,118,val_eval,2.517719030380249,0.0009999700338952336,0.0489867162276857,
2025-09-15 03:34:12,ADAM_lr0.001,ADAM,2,shakespeare_char,118,train_iter,2.4965462684631348,0.0009999700338952336,0.04817708419595782,1708.6389064788818
2025-09-15 03:34:14,ADAM_lr0.001,ADAM,2,shakespeare_char,119,train_eval,2.4964988231658936,0.0009999666118823774,0.04817708419595782,
2025-09-15 03:34:14,ADAM_lr0.001,ADAM,2,shakespeare_char,119,val_eval,2.509145736694336,0.0009999666118823774,0.04817708419595782,
2025-09-15 03:34:14,ADAM_lr0.001,ADAM,2,shakespeare_char,119,train_iter,2.4975996017456055,0.0009999666118823774,0.04738653805059237,1734.8921298980713
2025-09-15 03:34:16,ADAM_lr0.001,ADAM,2,shakespeare_char,120,train_eval,2.499680995941162,0.0009999630049052437,0.04738653805059237,
2025-09-15 03:34:16,ADAM_lr0.001,ADAM,2,shakespeare_char,120,val_eval,2.5202722549438477,0.0009999630049052437,0.04738653805059237,
2025-09-15 03:34:16,ADAM_lr0.001,ADAM,2,shakespeare_char,120,train_iter,2.505927085876465,0.0009999630049052437,0.046442076951061666,1841.4173126220703
2025-09-15 03:34:17,ADAM_lr0.001,ADAM,2,shakespeare_char,121,train_eval,2.5051300525665283,0.0009999592129653152,0.046442076951061666,
2025-09-15 03:34:17,ADAM_lr0.001,ADAM,2,shakespeare_char,121,val_eval,2.5260512828826904,0.0009999592129653152,0.046442076951061666,
2025-09-15 03:34:17,ADAM_lr0.001,ADAM,2,shakespeare_char,121,train_iter,2.5060081481933594,0.0009999592129653152,0.046693951541179377,1426.9964694976807
2025-09-15 03:34:19,ADAM_lr0.001,ADAM,2,shakespeare_char,122,train_eval,2.4954216480255127,0.0009999552360641507,0.046693951541179377,
2025-09-15 03:34:19,ADAM_lr0.001,ADAM,2,shakespeare_char,122,val_eval,2.5204811096191406,0.0009999552360641507,0.046693951541179377,
2025-09-15 03:34:19,ADAM_lr0.001,ADAM,2,shakespeare_char,122,train_iter,2.559722661972046,0.0009999552360641507,0.04662091158540377,1520.0505256652832
2025-09-15 03:34:20,ADAM_lr0.001,ADAM,2,shakespeare_char,123,train_eval,2.491379499435425,0.000999951074203385,0.04662091158540377,
2025-09-15 03:34:20,ADAM_lr0.001,ADAM,2,shakespeare_char,123,val_eval,2.5059523582458496,0.000999951074203385,0.04662091158540377,
2025-09-15 03:34:20,ADAM_lr0.001,ADAM,2,shakespeare_char,123,train_iter,2.5444564819335938,0.000999951074203385,0.04808194839817297,1141.0331726074219
2025-09-15 03:34:21,ADAM_lr0.001,ADAM,2,shakespeare_char,124,train_eval,2.4991397857666016,0.0009999467273847289,0.04808194839817297,
2025-09-15 03:34:21,ADAM_lr0.001,ADAM,2,shakespeare_char,124,val_eval,2.5088415145874023,0.0009999467273847289,0.04808194839817297,
2025-09-15 03:34:21,ADAM_lr0.001,ADAM,2,shakespeare_char,124,train_iter,2.5085713863372803,0.0009999467273847289,0.04754418991237848,1636.0604763031006
2025-09-15 03:34:23,ADAM_lr0.001,ADAM,2,shakespeare_char,125,train_eval,2.500800848007202,0.000999942195609969,0.04754418991237848,
2025-09-15 03:34:23,ADAM_lr0.001,ADAM,2,shakespeare_char,125,val_eval,2.506788730621338,0.000999942195609969,0.04754418991237848,
2025-09-15 03:34:23,ADAM_lr0.001,ADAM,2,shakespeare_char,125,train_iter,2.497018337249756,0.000999942195609969,0.04669833188735112,1787.5356674194336
2025-09-15 03:34:25,ADAM_lr0.001,ADAM,2,shakespeare_char,126,train_eval,2.491929531097412,0.0009999374788809685,0.04669833188735112,
2025-09-15 03:34:25,ADAM_lr0.001,ADAM,2,shakespeare_char,126,val_eval,2.5055136680603027,0.0009999374788809685,0.04669833188735112,
2025-09-15 03:34:26,ADAM_lr0.001,ADAM,2,shakespeare_char,126,train_iter,2.5427052974700928,0.0009999374788809685,0.044734108733181066,2582.2982788085938
2025-09-15 03:34:28,ADAM_lr0.001,ADAM,2,shakespeare_char,127,train_eval,2.4901299476623535,0.0009999325771996657,0.044734108733181066,
2025-09-15 03:34:28,ADAM_lr0.001,ADAM,2,shakespeare_char,127,val_eval,2.5135257244110107,0.0009999325771996657,0.044734108733181066,
2025-09-15 03:34:28,ADAM_lr0.001,ADAM,2,shakespeare_char,127,train_iter,2.4806857109069824,0.0009999325771996657,0.04402952242968049,1853.8119792938232
2025-09-15 03:34:29,ADAM_lr0.001,ADAM,2,shakespeare_char,128,train_eval,2.495756149291992,0.0009999274905680762,0.04402952242968049,
2025-09-15 03:34:29,ADAM_lr0.001,ADAM,2,shakespeare_char,128,val_eval,2.5169992446899414,0.0009999274905680762,0.04402952242968049,
2025-09-15 03:34:29,ADAM_lr0.001,ADAM,2,shakespeare_char,128,train_iter,2.5182108879089355,0.0009999274905680762,0.043441147900907515,1831.5768241882324
2025-09-15 03:34:31,ADAM_lr0.001,ADAM,2,shakespeare_char,129,train_eval,2.4924347400665283,0.0009999222189882903,0.043441147900907515,
2025-09-15 03:34:31,ADAM_lr0.001,ADAM,2,shakespeare_char,129,val_eval,2.5021448135375977,0.0009999222189882903,0.043441147900907515,
2025-09-15 03:34:32,ADAM_lr0.001,ADAM,2,shakespeare_char,129,train_iter,2.466261625289917,0.0009999222189882903,0.04177493386232917,2609.018325805664
2025-09-15 03:34:33,ADAM_lr0.001,ADAM,2,shakespeare_char,130,train_eval,2.4942448139190674,0.0009999167624624755,0.04177493386232917,
2025-09-15 03:34:33,ADAM_lr0.001,ADAM,2,shakespeare_char,130,val_eval,2.492966890335083,0.0009999167624624755,0.04177493386232917,
2025-09-15 03:34:33,ADAM_lr0.001,ADAM,2,shakespeare_char,130,train_iter,2.4873671531677246,0.0009999167624624755,0.04256711478988386,1405.86519241333
2025-09-15 03:34:34,ADAM_lr0.001,ADAM,2,shakespeare_char,131,train_eval,2.492980480194092,0.0009999111209928744,0.04256711478988386,
2025-09-15 03:34:34,ADAM_lr0.001,ADAM,2,shakespeare_char,131,val_eval,2.5033397674560547,0.0009999111209928744,0.04256711478988386,
2025-09-15 03:34:34,ADAM_lr0.001,ADAM,2,shakespeare_char,131,train_iter,2.452451229095459,0.0009999111209928744,0.04598917464981652,909.8711013793945
2025-09-15 03:34:36,ADAM_lr0.001,ADAM,2,shakespeare_char,132,train_eval,2.4990200996398926,0.000999905294581806,0.04598917464981652,
2025-09-15 03:34:36,ADAM_lr0.001,ADAM,2,shakespeare_char,132,val_eval,2.5121781826019287,0.000999905294581806,0.04598917464981652,
2025-09-15 03:34:36,ADAM_lr0.001,ADAM,2,shakespeare_char,132,train_iter,2.50837779045105,0.000999905294581806,0.04551336996270653,1694.518804550171
2025-09-15 03:34:38,ADAM_lr0.001,ADAM,2,shakespeare_char,133,train_eval,2.486508846282959,0.0009998992832316654,0.04551336996270653,
2025-09-15 03:34:38,ADAM_lr0.001,ADAM,2,shakespeare_char,133,val_eval,2.499581813812256,0.0009998992832316654,0.04551336996270653,
2025-09-15 03:34:38,ADAM_lr0.001,ADAM,2,shakespeare_char,133,train_iter,2.5031216144561768,0.0009998992832316654,0.045327557246161394,1600.4245281219482
2025-09-15 03:34:40,ADAM_lr0.001,ADAM,2,shakespeare_char,134,train_eval,2.496790647506714,0.0009998930869449237,0.045327557246161394,
2025-09-15 03:34:40,ADAM_lr0.001,ADAM,2,shakespeare_char,134,val_eval,2.49824595451355,0.0009998930869449237,0.045327557246161394,
2025-09-15 03:34:40,ADAM_lr0.001,ADAM,2,shakespeare_char,134,train_iter,2.528858184814453,0.0009998930869449237,0.04454885985848741,1861.1037731170654
2025-09-15 03:34:42,ADAM_lr0.001,ADAM,2,shakespeare_char,135,train_eval,2.495124340057373,0.000999886705724128,0.04454885985848741,
2025-09-15 03:34:42,ADAM_lr0.001,ADAM,2,shakespeare_char,135,val_eval,2.508636951446533,0.000999886705724128,0.04454885985848741,
2025-09-15 03:34:42,ADAM_lr0.001,ADAM,2,shakespeare_char,135,train_iter,2.474785804748535,0.000999886705724128,0.043310643867488605,2172.0263957977295
2025-09-15 03:34:43,ADAM_lr0.001,ADAM,2,shakespeare_char,136,train_eval,2.4953298568725586,0.0009998801395719012,0.043310643867488605,
2025-09-15 03:34:43,ADAM_lr0.001,ADAM,2,shakespeare_char,136,val_eval,2.507891893386841,0.0009998801395719012,0.043310643867488605,
2025-09-15 03:34:43,ADAM_lr0.001,ADAM,2,shakespeare_char,136,train_iter,2.4912610054016113,0.0009998801395719012,0.0430916254797971,1699.0792751312256
2025-09-15 03:34:45,ADAM_lr0.001,ADAM,2,shakespeare_char,137,train_eval,2.479238986968994,0.0009998733884909424,0.0430916254797971,
2025-09-15 03:34:45,ADAM_lr0.001,ADAM,2,shakespeare_char,137,val_eval,2.503253221511841,0.0009998733884909424,0.0430916254797971,
2025-09-15 03:34:45,ADAM_lr0.001,ADAM,2,shakespeare_char,137,train_iter,2.4637904167175293,0.0009998733884909424,0.042595323858749166,1832.4015140533447
2025-09-15 03:34:47,ADAM_lr0.001,ADAM,2,shakespeare_char,138,train_eval,2.4873874187469482,0.0009998664524840269,0.042595323858749166,
2025-09-15 03:34:47,ADAM_lr0.001,ADAM,2,shakespeare_char,138,val_eval,2.5129785537719727,0.0009998664524840269,0.042595323858749166,
2025-09-15 03:34:47,ADAM_lr0.001,ADAM,2,shakespeare_char,138,train_iter,2.5003743171691895,0.0009998664524840269,0.04361910503489614,1322.4072456359863
2025-09-15 03:34:48,ADAM_lr0.001,ADAM,2,shakespeare_char,139,train_eval,2.4917237758636475,0.0009998593315540057,0.04361910503489614,
2025-09-15 03:34:48,ADAM_lr0.001,ADAM,2,shakespeare_char,139,val_eval,2.520686388015747,0.0009998593315540057,0.04361910503489614,
2025-09-15 03:34:48,ADAM_lr0.001,ADAM,2,shakespeare_char,139,train_iter,2.5185067653656006,0.0009998593315540057,0.04534487008363894,1147.6781368255615
2025-09-15 03:34:49,ADAM_lr0.001,ADAM,2,shakespeare_char,140,train_eval,2.492133140563965,0.000999852025703806,0.04534487008363894,
2025-09-15 03:34:49,ADAM_lr0.001,ADAM,2,shakespeare_char,140,val_eval,2.5234625339508057,0.000999852025703806,0.04534487008363894,
2025-09-15 03:34:49,ADAM_lr0.001,ADAM,2,shakespeare_char,140,train_iter,2.478917121887207,0.000999852025703806,0.04885553217147161,868.4353828430176
2025-09-15 03:34:50,ADAM_lr0.001,ADAM,2,shakespeare_char,141,train_eval,2.4825170040130615,0.0009998445349364308,0.04885553217147161,
2025-09-15 03:34:50,ADAM_lr0.001,ADAM,2,shakespeare_char,141,val_eval,2.5131311416625977,0.0009998445349364308,0.04885553217147161,
2025-09-15 03:34:50,ADAM_lr0.001,ADAM,2,shakespeare_char,141,train_iter,2.468888282775879,0.0009998445349364308,0.04982519433865025,1193.2425498962402
2025-09-15 03:34:51,ADAM_lr0.001,ADAM,2,shakespeare_char,142,train_eval,2.4812915325164795,0.0009998368592549595,0.04982519433865025,
2025-09-15 03:34:51,ADAM_lr0.001,ADAM,2,shakespeare_char,142,val_eval,2.4998111724853516,0.0009998368592549595,0.04982519433865025,
2025-09-15 03:34:51,ADAM_lr0.001,ADAM,2,shakespeare_char,142,train_iter,2.4580187797546387,0.0009998368592549595,0.051225099893511386,1094.6767330169678
2025-09-15 03:34:52,ADAM_lr0.001,ADAM,2,shakespeare_char,143,train_eval,2.4768314361572266,0.000999828998662547,0.051225099893511386,
2025-09-15 03:34:52,ADAM_lr0.001,ADAM,2,shakespeare_char,143,val_eval,2.4883055686950684,0.000999828998662547,0.051225099893511386,
2025-09-15 03:34:53,ADAM_lr0.001,ADAM,2,shakespeare_char,143,train_iter,2.52829647064209,0.000999828998662547,0.04953340783486561,2036.4508628845215
2025-09-15 03:34:54,ADAM_lr0.001,ADAM,2,shakespeare_char,144,train_eval,2.4836554527282715,0.000999820953162425,0.04953340783486561,
2025-09-15 03:34:54,ADAM_lr0.001,ADAM,2,shakespeare_char,144,val_eval,2.4899940490722656,0.000999820953162425,0.04953340783486561,
2025-09-15 03:34:54,ADAM_lr0.001,ADAM,2,shakespeare_char,144,train_iter,2.471902847290039,0.000999820953162425,0.05284796124078253,845.038890838623
2025-09-15 03:34:55,ADAM_lr0.001,ADAM,2,shakespeare_char,145,train_eval,2.4875195026397705,0.0009998127227579003,0.05284796124078253,
2025-09-15 03:34:55,ADAM_lr0.001,ADAM,2,shakespeare_char,145,val_eval,2.4911692142486572,0.0009998127227579003,0.05284796124078253,
2025-09-15 03:34:55,ADAM_lr0.001,ADAM,2,shakespeare_char,145,train_iter,2.468498945236206,0.0009998127227579003,0.054000925257367806,1085.2675437927246
2025-09-15 03:34:56,ADAM_lr0.001,ADAM,2,shakespeare_char,146,train_eval,2.477640151977539,0.000999804307452356,0.054000925257367806,
2025-09-15 03:34:56,ADAM_lr0.001,ADAM,2,shakespeare_char,146,val_eval,2.4815049171447754,0.000999804307452356,0.054000925257367806,
2025-09-15 03:34:56,ADAM_lr0.001,ADAM,2,shakespeare_char,146,train_iter,2.4846043586730957,0.000999804307452356,0.05355367873213912,1410.6419086456299
2025-09-15 03:34:58,ADAM_lr0.001,ADAM,2,shakespeare_char,147,train_eval,2.479403018951416,0.0009997957072492515,0.05355367873213912,
2025-09-15 03:34:58,ADAM_lr0.001,ADAM,2,shakespeare_char,147,val_eval,2.4864585399627686,0.0009997957072492515,0.05355367873213912,
2025-09-15 03:34:58,ADAM_lr0.001,ADAM,2,shakespeare_char,147,train_iter,2.4838786125183105,0.0009997957072492515,0.053466733606572024,1326.1449337005615
2025-09-15 03:34:59,ADAM_lr0.001,ADAM,2,shakespeare_char,148,train_eval,2.483337640762329,0.0009997869221521221,0.053466733606572024,
2025-09-15 03:34:59,ADAM_lr0.001,ADAM,2,shakespeare_char,148,val_eval,2.497314214706421,0.0009997869221521221,0.053466733606572024,
2025-09-15 03:34:59,ADAM_lr0.001,ADAM,2,shakespeare_char,148,train_iter,2.4684102535247803,0.0009997869221521221,0.05445228976610231,1103.3542156219482
2025-09-15 03:35:00,ADAM_lr0.001,ADAM,2,shakespeare_char,149,train_eval,2.4939191341400146,0.0009997779521645793,0.05445228976610231,
2025-09-15 03:35:00,ADAM_lr0.001,ADAM,2,shakespeare_char,149,val_eval,2.5143086910247803,0.0009997779521645793,0.05445228976610231,
2025-09-15 03:35:00,ADAM_lr0.001,ADAM,2,shakespeare_char,149,train_iter,2.499229907989502,0.0009997779521645793,0.054287251880905996,1323.1892585754395
2025-09-15 03:35:01,ADAM_lr0.001,ADAM,2,shakespeare_char,150,train_eval,2.487959861755371,0.0009997687972903096,0.054287251880905996,
2025-09-15 03:35:01,ADAM_lr0.001,ADAM,2,shakespeare_char,150,val_eval,2.5179121494293213,0.0009997687972903096,0.054287251880905996,
2025-09-15 03:35:01,ADAM_lr0.001,ADAM,2,shakespeare_char,150,train_iter,2.4995107650756836,0.0009997687972903096,0.055260648557348566,1091.308832168579
2025-09-15 03:35:02,ADAM_lr0.001,ADAM,2,shakespeare_char,151,train_eval,2.4918251037597656,0.0009997594575330766,0.055260648557348566,
2025-09-15 03:35:02,ADAM_lr0.001,ADAM,2,shakespeare_char,151,val_eval,2.5209875106811523,0.0009997594575330766,0.055260648557348566,
2025-09-15 03:35:02,ADAM_lr0.001,ADAM,2,shakespeare_char,151,train_iter,2.481050491333008,0.0009997594575330766,0.05479755761959458,1379.958152770996
2025-09-15 03:35:03,ADAM_lr0.001,ADAM,2,shakespeare_char,152,train_eval,2.4737470149993896,0.0009997499328967194,0.05479755761959458,
2025-09-15 03:35:03,ADAM_lr0.001,ADAM,2,shakespeare_char,152,val_eval,2.5045783519744873,0.0009997499328967194,0.05479755761959458,
2025-09-15 03:35:03,ADAM_lr0.001,ADAM,2,shakespeare_char,152,train_iter,2.475891590118408,0.0009997499328967194,0.05659104489445794,960.6020450592041
2025-09-15 03:35:04,ADAM_lr0.001,ADAM,2,shakespeare_char,153,train_eval,2.480902671813965,0.0009997402233851535,0.05659104489445794,
2025-09-15 03:35:04,ADAM_lr0.001,ADAM,2,shakespeare_char,153,val_eval,2.508330821990967,0.0009997402233851535,0.05659104489445794,
2025-09-15 03:35:04,ADAM_lr0.001,ADAM,2,shakespeare_char,153,train_iter,2.498870372772217,0.0009997402233851535,0.0589889522240404,867.1567440032959
2025-09-15 03:35:05,ADAM_lr0.001,ADAM,2,shakespeare_char,154,train_eval,2.494997978210449,0.00099973032900237,0.0589889522240404,
2025-09-15 03:35:05,ADAM_lr0.001,ADAM,2,shakespeare_char,154,val_eval,2.5244009494781494,0.00099973032900237,0.0589889522240404,
2025-09-15 03:35:05,ADAM_lr0.001,ADAM,2,shakespeare_char,154,train_iter,2.4876885414123535,0.00099973032900237,0.05919250786231193,1144.8993682861328
2025-09-15 03:35:07,ADAM_lr0.001,ADAM,2,shakespeare_char,155,train_eval,2.4825339317321777,0.000999720249752436,0.05919250786231193,
2025-09-15 03:35:07,ADAM_lr0.001,ADAM,2,shakespeare_char,155,val_eval,2.505589008331299,0.000999720249752436,0.05919250786231193,
2025-09-15 03:35:07,ADAM_lr0.001,ADAM,2,shakespeare_char,155,train_iter,2.490090847015381,0.000999720249752436,0.05915183019521652,1188.5013580322266
2025-09-15 03:35:08,ADAM_lr0.001,ADAM,2,shakespeare_char,156,train_eval,2.471095323562622,0.0009997099856394946,0.05915183019521652,
2025-09-15 03:35:08,ADAM_lr0.001,ADAM,2,shakespeare_char,156,val_eval,2.4854657649993896,0.0009997099856394946,0.05915183019521652,
2025-09-15 03:35:08,ADAM_lr0.001,ADAM,2,shakespeare_char,156,train_iter,2.4723057746887207,0.0009997099856394946,0.05791890609723562,1492.1627044677734
2025-09-15 03:35:09,ADAM_lr0.001,ADAM,2,shakespeare_char,157,train_eval,2.4756860733032227,0.0009996995366677653,0.05791890609723562,
2025-09-15 03:35:09,ADAM_lr0.001,ADAM,2,shakespeare_char,157,val_eval,2.4834859371185303,0.0009996995366677653,0.05791890609723562,
2025-09-15 03:35:09,ADAM_lr0.001,ADAM,2,shakespeare_char,157,train_iter,2.494101047515869,0.0009996995366677653,0.0601934840832067,866.1401271820068
2025-09-15 03:35:10,ADAM_lr0.001,ADAM,2,shakespeare_char,158,train_eval,2.484381675720215,0.000999688902841543,0.0601934840832067,
2025-09-15 03:35:10,ADAM_lr0.001,ADAM,2,shakespeare_char,158,val_eval,2.4816505908966064,0.000999688902841543,0.0601934840832067,
2025-09-15 03:35:10,ADAM_lr0.001,ADAM,2,shakespeare_char,158,train_iter,2.4867446422576904,0.000999688902841543,0.06222442548944678,867.8808212280273
2025-09-15 03:35:11,ADAM_lr0.001,ADAM,2,shakespeare_char,159,train_eval,2.4769086837768555,0.000999678084165199,0.06222442548944678,
2025-09-15 03:35:11,ADAM_lr0.001,ADAM,2,shakespeare_char,159,val_eval,2.4868929386138916,0.000999678084165199,0.06222442548944678,
2025-09-15 03:35:11,ADAM_lr0.001,ADAM,2,shakespeare_char,159,train_iter,2.492859363555908,0.000999678084165199,0.064096805714881,863.1062507629395
2025-09-15 03:35:12,ADAM_lr0.001,ADAM,2,shakespeare_char,160,train_eval,2.477752447128296,0.0009996670806431804,0.064096805714881,
2025-09-15 03:35:12,ADAM_lr0.001,ADAM,2,shakespeare_char,160,val_eval,2.4949986934661865,0.0009996670806431804,0.064096805714881,
2025-09-15 03:35:12,ADAM_lr0.001,ADAM,2,shakespeare_char,160,train_iter,2.531075954437256,0.0009996670806431804,0.06576460650044504,864.9592399597168
2025-09-15 03:35:12,ADAM_lr0.001,ADAM,2,shakespeare_char,161,train_eval,2.481959581375122,0.0009996558922800104,0.06576460650044504,
2025-09-15 03:35:12,ADAM_lr0.001,ADAM,2,shakespeare_char,161,val_eval,2.5095787048339844,0.0009996558922800104,0.06576460650044504,
2025-09-15 03:35:12,ADAM_lr0.001,ADAM,2,shakespeare_char,161,train_iter,2.476825475692749,0.0009996558922800104,0.0672883924625388,862.5283241271973
2025-09-15 03:35:13,ADAM_lr0.001,ADAM,2,shakespeare_char,162,train_eval,2.4776017665863037,0.0009996445190802881,0.0672883924625388,
2025-09-15 03:35:13,ADAM_lr0.001,ADAM,2,shakespeare_char,162,val_eval,2.4965720176696777,0.0009996445190802881,0.0672883924625388,
2025-09-15 03:35:13,ADAM_lr0.001,ADAM,2,shakespeare_char,162,train_iter,2.49485182762146,0.0009996445190802881,0.06864624714468164,863.97385597229
2025-09-15 03:35:14,ADAM_lr0.001,ADAM,2,shakespeare_char,163,train_eval,2.472693681716919,0.0009996329610486886,0.06864624714468164,
2025-09-15 03:35:14,ADAM_lr0.001,ADAM,2,shakespeare_char,163,val_eval,2.483070135116577,0.0009996329610486886,0.06864624714468164,
2025-09-15 03:35:14,ADAM_lr0.001,ADAM,2,shakespeare_char,163,train_iter,2.5261313915252686,0.0009996329610486886,0.06972474792647392,879.5897960662842
2025-09-15 03:35:15,ADAM_lr0.001,ADAM,2,shakespeare_char,164,train_eval,2.472162961959839,0.0009996212181899629,0.06972474792647392,
2025-09-15 03:35:15,ADAM_lr0.001,ADAM,2,shakespeare_char,164,val_eval,2.480794906616211,0.0009996212181899629,0.06972474792647392,
2025-09-15 03:35:16,ADAM_lr0.001,ADAM,2,shakespeare_char,164,train_iter,2.473085641860962,0.0009996212181899629,0.06695844797676583,1661.0560417175293
2025-09-15 03:35:17,ADAM_lr0.001,ADAM,2,shakespeare_char,165,train_eval,2.475719928741455,0.000999609290508938,0.06695844797676583,
2025-09-15 03:35:17,ADAM_lr0.001,ADAM,2,shakespeare_char,165,val_eval,2.481229782104492,0.000999609290508938,0.06695844797676583,
2025-09-15 03:35:17,ADAM_lr0.001,ADAM,2,shakespeare_char,165,train_iter,2.4986696243286133,0.000999609290508938,0.06689149691618398,1053.9755821228027
2025-09-15 03:35:18,ADAM_lr0.001,ADAM,2,shakespeare_char,166,train_eval,2.4794723987579346,0.000999597178010517,0.06689149691618398,
2025-09-15 03:35:18,ADAM_lr0.001,ADAM,2,shakespeare_char,166,val_eval,2.483605146408081,0.000999597178010517,0.06689149691618398,
2025-09-15 03:35:18,ADAM_lr0.001,ADAM,2,shakespeare_char,166,train_iter,2.5106136798858643,0.000999597178010517,0.06682430697082868,1055.0792217254639
2025-09-15 03:35:19,ADAM_lr0.001,ADAM,2,shakespeare_char,167,train_eval,2.482017755508423,0.000999584880699679,0.06682430697082868,
2025-09-15 03:35:19,ADAM_lr0.001,ADAM,2,shakespeare_char,167,val_eval,2.4988820552825928,0.000999584880699679,0.06682430697082868,
2025-09-15 03:35:19,ADAM_lr0.001,ADAM,2,shakespeare_char,167,train_iter,2.4536662101745605,0.000999584880699679,0.0665286899819319,1093.9245223999023
2025-09-15 03:35:20,ADAM_lr0.001,ADAM,2,shakespeare_char,168,train_eval,2.4804961681365967,0.0009995723985814788,0.0665286899819319,
2025-09-15 03:35:20,ADAM_lr0.001,ADAM,2,shakespeare_char,168,val_eval,2.4986722469329834,0.0009995723985814788,0.0665286899819319,
2025-09-15 03:35:20,ADAM_lr0.001,ADAM,2,shakespeare_char,168,train_iter,2.5128064155578613,0.0009995723985814788,0.0665724230998307,1043.3189868927002
2025-09-15 03:35:21,ADAM_lr0.001,ADAM,2,shakespeare_char,169,train_eval,2.4736499786376953,0.0009995597316610474,0.0665724230998307,
2025-09-15 03:35:21,ADAM_lr0.001,ADAM,2,shakespeare_char,169,val_eval,2.4842216968536377,0.0009995597316610474,0.0665724230998307,
2025-09-15 03:35:21,ADAM_lr0.001,ADAM,2,shakespeare_char,169,train_iter,2.5050628185272217,0.0009995597316610474,0.0660508844254003,1138.6945247650146
2025-09-15 03:35:22,ADAM_lr0.001,ADAM,2,shakespeare_char,170,train_eval,2.480163335800171,0.0009995468799435915,0.0660508844254003,
2025-09-15 03:35:22,ADAM_lr0.001,ADAM,2,shakespeare_char,170,val_eval,2.492588758468628,0.0009995468799435915,0.0660508844254003,
2025-09-15 03:35:22,ADAM_lr0.001,ADAM,2,shakespeare_char,170,train_iter,2.494076728820801,0.0009995468799435915,0.06745765254366357,872.0440864562988
2025-09-15 03:35:23,ADAM_lr0.001,ADAM,2,shakespeare_char,171,train_eval,2.4745442867279053,0.0009995338434343943,0.06745765254366357,
2025-09-15 03:35:23,ADAM_lr0.001,ADAM,2,shakespeare_char,171,val_eval,2.4975953102111816,0.0009995338434343943,0.06745765254366357,
2025-09-15 03:35:23,ADAM_lr0.001,ADAM,2,shakespeare_char,171,train_iter,2.477241039276123,0.0009995338434343943,0.06733255890399109,1055.2845001220703
2025-09-15 03:35:24,ADAM_lr0.001,ADAM,2,shakespeare_char,172,train_eval,2.476520299911499,0.0009995206221388145,0.06733255890399109,
2025-09-15 03:35:24,ADAM_lr0.001,ADAM,2,shakespeare_char,172,val_eval,2.5076470375061035,0.0009995206221388145,0.06733255890399109,
2025-09-15 03:35:24,ADAM_lr0.001,ADAM,2,shakespeare_char,172,train_iter,2.519794464111328,0.0009995206221388145,0.06667395148626284,1150.139331817627
2025-09-15 03:35:25,ADAM_lr0.001,ADAM,2,shakespeare_char,173,train_eval,2.47585129737854,0.0009995072160622865,0.06667395148626284,
2025-09-15 03:35:25,ADAM_lr0.001,ADAM,2,shakespeare_char,173,val_eval,2.5093777179718018,0.0009995072160622865,0.06667395148626284,
2025-09-15 03:35:25,ADAM_lr0.001,ADAM,2,shakespeare_char,173,train_iter,2.465221643447876,0.0009995072160622865,0.06635217694877767,1101.0258197784424
2025-09-15 03:35:27,ADAM_lr0.001,ADAM,2,shakespeare_char,174,train_eval,2.479569435119629,0.0009994936252103218,0.06635217694877767,
2025-09-15 03:35:27,ADAM_lr0.001,ADAM,2,shakespeare_char,174,val_eval,2.5156824588775635,0.0009994936252103218,0.06635217694877767,
2025-09-15 03:35:27,ADAM_lr0.001,ADAM,2,shakespeare_char,174,train_iter,2.4612069129943848,0.0009994936252103218,0.06426113756327885,1537.503957748413
2025-09-15 03:35:29,ADAM_lr0.001,ADAM,2,shakespeare_char,175,train_eval,2.480262279510498,0.0009994798495885063,0.06426113756327885,
2025-09-15 03:35:29,ADAM_lr0.001,ADAM,2,shakespeare_char,175,val_eval,2.5144951343536377,0.0009994798495885063,0.06426113756327885,
2025-09-15 03:35:29,ADAM_lr0.001,ADAM,2,shakespeare_char,175,train_iter,2.500845432281494,0.0009994798495885063,0.06220147762221013,1600.083827972412
2025-09-15 03:35:30,ADAM_lr0.001,ADAM,2,shakespeare_char,176,train_eval,2.4780144691467285,0.000999465889202503,0.06220147762221013,
2025-09-15 03:35:30,ADAM_lr0.001,ADAM,2,shakespeare_char,176,val_eval,2.5061936378479004,0.000999465889202503,0.06220147762221013,
2025-09-15 03:35:30,ADAM_lr0.001,ADAM,2,shakespeare_char,176,train_iter,2.483203411102295,0.000999465889202503,0.06092429271009924,1413.4624004364014
2025-09-15 03:35:31,ADAM_lr0.001,ADAM,2,shakespeare_char,177,train_eval,2.479189872741699,0.0009994517440580508,0.06092429271009924,
2025-09-15 03:35:31,ADAM_lr0.001,ADAM,2,shakespeare_char,177,val_eval,2.49943208694458,0.0009994517440580508,0.06092429271009924,
2025-09-15 03:35:31,ADAM_lr0.001,ADAM,2,shakespeare_char,177,train_iter,2.519683361053467,0.0009994517440580508,0.06095908703170525,1140.270471572876
2025-09-15 03:35:32,ADAM_lr0.001,ADAM,2,shakespeare_char,178,train_eval,2.4754016399383545,0.0009994374141609635,0.06095908703170525,
2025-09-15 03:35:32,ADAM_lr0.001,ADAM,2,shakespeare_char,178,val_eval,2.4928488731384277,0.0009994374141609635,0.06095908703170525,
2025-09-15 03:35:32,ADAM_lr0.001,ADAM,2,shakespeare_char,178,train_iter,2.5034701824188232,0.0009994374141609635,0.06287907393759497,871.6046810150146
2025-09-15 03:35:33,ADAM_lr0.001,ADAM,2,shakespeare_char,179,train_eval,2.4739627838134766,0.0009994228995171322,0.06287907393759497,
2025-09-15 03:35:33,ADAM_lr0.001,ADAM,2,shakespeare_char,179,val_eval,2.4946961402893066,0.0009994228995171322,0.06287907393759497,
2025-09-15 03:35:33,ADAM_lr0.001,ADAM,2,shakespeare_char,179,train_iter,2.46284818649292,0.0009994228995171322,0.06461343911101822,870.9118366241455
2025-09-15 03:35:34,ADAM_lr0.001,ADAM,2,shakespeare_char,180,train_eval,2.491659641265869,0.000999408200132523,0.06461343911101822,
2025-09-15 03:35:34,ADAM_lr0.001,ADAM,2,shakespeare_char,180,val_eval,2.529839038848877,0.000999408200132523,0.06461343911101822,
2025-09-15 03:35:34,ADAM_lr0.001,ADAM,2,shakespeare_char,180,train_iter,2.489858865737915,0.000999408200132523,0.06618627761049985,869.6208000183105
2025-09-15 03:35:35,ADAM_lr0.001,ADAM,2,shakespeare_char,181,train_eval,2.4846582412719727,0.0009993933160131784,0.06618627761049985,
2025-09-15 03:35:35,ADAM_lr0.001,ADAM,2,shakespeare_char,181,val_eval,2.5338757038116455,0.0009993933160131784,0.06618627761049985,
2025-09-15 03:35:35,ADAM_lr0.001,ADAM,2,shakespeare_char,181,train_iter,2.5080318450927734,0.0009993933160131784,0.06763745045286436,865.7824993133545
2025-09-15 03:35:36,ADAM_lr0.001,ADAM,2,shakespeare_char,182,train_eval,2.4919698238372803,0.0009993782471652167,0.06763745045286436,
2025-09-15 03:35:36,ADAM_lr0.001,ADAM,2,shakespeare_char,182,val_eval,2.5153446197509766,0.0009993782471652167,0.06763745045286436,
2025-09-15 03:35:36,ADAM_lr0.001,ADAM,2,shakespeare_char,182,train_iter,2.4886679649353027,0.0009993782471652167,0.06591864190929868,1384.8919868469238
2025-09-15 03:35:37,ADAM_lr0.001,ADAM,2,shakespeare_char,183,train_eval,2.4877536296844482,0.0009993629935948318,0.06591864190929868,
2025-09-15 03:35:37,ADAM_lr0.001,ADAM,2,shakespeare_char,183,val_eval,2.5155019760131836,0.0009993629935948318,0.06591864190929868,
2025-09-15 03:35:37,ADAM_lr0.001,ADAM,2,shakespeare_char,183,train_iter,2.5045061111450195,0.0009993629935948318,0.06458390883242104,1328.993320465088
2025-09-15 03:35:38,ADAM_lr0.001,ADAM,2,shakespeare_char,184,train_eval,2.4839699268341064,0.0009993475553082944,0.06458390883242104,
2025-09-15 03:35:38,ADAM_lr0.001,ADAM,2,shakespeare_char,184,val_eval,2.5023229122161865,0.0009993475553082944,0.06458390883242104,
2025-09-15 03:35:38,ADAM_lr0.001,ADAM,2,shakespeare_char,184,train_iter,2.5229029655456543,0.0009993475553082944,0.06419688785486533,1150.7604122161865
2025-09-15 03:35:40,ADAM_lr0.001,ADAM,2,shakespeare_char,185,train_eval,2.475536823272705,0.0009993319323119503,0.06419688785486533,
2025-09-15 03:35:40,ADAM_lr0.001,ADAM,2,shakespeare_char,185,val_eval,2.4913344383239746,0.0009993319323119503,0.06419688785486533,
2025-09-15 03:35:40,ADAM_lr0.001,ADAM,2,shakespeare_char,185,train_iter,2.512274742126465,0.0009993319323119503,0.0634080629570648,1240.7851219177246
2025-09-15 03:35:41,ADAM_lr0.001,ADAM,2,shakespeare_char,186,train_eval,2.4631733894348145,0.0009993161246122217,0.0634080629570648,
2025-09-15 03:35:41,ADAM_lr0.001,ADAM,2,shakespeare_char,186,val_eval,2.4822194576263428,0.0009993161246122217,0.0634080629570648,
2025-09-15 03:35:41,ADAM_lr0.001,ADAM,2,shakespeare_char,186,train_iter,2.439298629760742,0.0009993161246122217,0.06245615282289775,1296.4978218078613
2025-09-15 03:35:42,ADAM_lr0.001,ADAM,2,shakespeare_char,187,train_eval,2.4714746475219727,0.0009993001322156061,0.06245615282289775,
2025-09-15 03:35:42,ADAM_lr0.001,ADAM,2,shakespeare_char,187,val_eval,2.489701747894287,0.0009993001322156061,0.06245615282289775,
2025-09-15 03:35:42,ADAM_lr0.001,ADAM,2,shakespeare_char,187,train_iter,2.4814348220825195,0.0009993001322156061,0.061658493652940634,1282.4428081512451
2025-09-15 03:35:43,ADAM_lr0.001,ADAM,2,shakespeare_char,188,train_eval,2.4746007919311523,0.000999283955128678,0.061658493652940634,
2025-09-15 03:35:43,ADAM_lr0.001,ADAM,2,shakespeare_char,188,val_eval,2.4972281455993652,0.000999283955128678,0.061658493652940634,
2025-09-15 03:35:43,ADAM_lr0.001,ADAM,2,shakespeare_char,188,train_iter,2.4816999435424805,0.000999283955128678,0.06229966139913451,1026.395559310913
2025-09-15 03:35:44,ADAM_lr0.001,ADAM,2,shakespeare_char,189,train_eval,2.472958564758301,0.000999267593358087,0.06229966139913451,
2025-09-15 03:35:44,ADAM_lr0.001,ADAM,2,shakespeare_char,189,val_eval,2.497150182723999,0.000999267593358087,0.06229966139913451,
2025-09-15 03:35:44,ADAM_lr0.001,ADAM,2,shakespeare_char,189,train_iter,2.5275604724884033,0.000999267593358087,0.06303512395042943,1003.0527114868164
2025-09-15 03:35:45,ADAM_lr0.001,ADAM,2,shakespeare_char,190,train_eval,2.4724252223968506,0.0009992510469105584,0.06303512395042943,
2025-09-15 03:35:45,ADAM_lr0.001,ADAM,2,shakespeare_char,190,val_eval,2.495070695877075,0.0009992510469105584,0.06303512395042943,
2025-09-15 03:35:45,ADAM_lr0.001,ADAM,2,shakespeare_char,190,train_iter,2.450343608856201,0.0009992510469105584,0.06328271207231351,1066.4913654327393
2025-09-15 03:35:46,ADAM_lr0.001,ADAM,2,shakespeare_char,191,train_eval,2.466433525085449,0.000999234315792894,0.06328271207231351,
2025-09-15 03:35:46,ADAM_lr0.001,ADAM,2,shakespeare_char,191,val_eval,2.4959535598754883,0.000999234315792894,0.06328271207231351,
2025-09-15 03:35:46,ADAM_lr0.001,ADAM,2,shakespeare_char,191,train_iter,2.4811530113220215,0.000999234315792894,0.06488477213102667,881.0088634490967
2025-09-15 03:35:47,ADAM_lr0.001,ADAM,2,shakespeare_char,192,train_eval,2.4658029079437256,0.0009992174000119718,0.06488477213102667,
2025-09-15 03:35:47,ADAM_lr0.001,ADAM,2,shakespeare_char,192,val_eval,2.4910032749176025,0.0009992174000119718,0.06488477213102667,
2025-09-15 03:35:47,ADAM_lr0.001,ADAM,2,shakespeare_char,192,train_iter,2.4790215492248535,0.0009992174000119718,0.06630209078636724,883.7430477142334
2025-09-15 03:35:48,ADAM_lr0.001,ADAM,2,shakespeare_char,193,train_eval,2.4637959003448486,0.0009992002995747448,0.06630209078636724,
2025-09-15 03:35:48,ADAM_lr0.001,ADAM,2,shakespeare_char,193,val_eval,2.491194725036621,0.0009992002995747448,0.06630209078636724,
2025-09-15 03:35:48,ADAM_lr0.001,ADAM,2,shakespeare_char,193,train_iter,2.4562103748321533,0.0009992002995747448,0.06766308960979406,874.2973804473877
2025-09-15 03:35:49,ADAM_lr0.001,ADAM,2,shakespeare_char,194,train_eval,2.4665021896362305,0.0009991830144882423,0.06766308960979406,
2025-09-15 03:35:49,ADAM_lr0.001,ADAM,2,shakespeare_char,194,val_eval,2.482002019882202,0.0009991830144882423,0.06766308960979406,
2025-09-15 03:35:49,ADAM_lr0.001,ADAM,2,shakespeare_char,194,train_iter,2.457338809967041,0.0009991830144882423,0.06888441411404145,874.6886253356934
2025-09-15 03:35:50,ADAM_lr0.001,ADAM,2,shakespeare_char,195,train_eval,2.4652457237243652,0.0009991655447595697,0.06888441411404145,
2025-09-15 03:35:50,ADAM_lr0.001,ADAM,2,shakespeare_char,195,val_eval,2.4762494564056396,0.0009991655447595697,0.06888441411404145,
2025-09-15 03:35:50,ADAM_lr0.001,ADAM,2,shakespeare_char,195,train_iter,2.4466047286987305,0.0009991655447595697,0.0671004076246933,1368.7493801116943
2025-09-15 03:35:51,ADAM_lr0.001,ADAM,2,shakespeare_char,196,train_eval,2.4734952449798584,0.0009991478903959082,0.0671004076246933,
2025-09-15 03:35:51,ADAM_lr0.001,ADAM,2,shakespeare_char,196,val_eval,2.478980541229248,0.0009991478903959082,0.0671004076246933,
2025-09-15 03:35:51,ADAM_lr0.001,ADAM,2,shakespeare_char,196,train_iter,2.4820094108581543,0.0009991478903959082,0.06855542010564504,855.682373046875
2025-09-15 03:35:52,ADAM_lr0.001,ADAM,2,shakespeare_char,197,train_eval,2.4670042991638184,0.0009991300514045147,0.06855542010564504,
2025-09-15 03:35:52,ADAM_lr0.001,ADAM,2,shakespeare_char,197,val_eval,2.480501174926758,0.0009991300514045147,0.06855542010564504,
2025-09-15 03:35:52,ADAM_lr0.001,ADAM,2,shakespeare_char,197,train_iter,2.5046350955963135,0.0009991300514045147,0.06964133964298035,879.7740936279297
2025-09-15 03:35:53,ADAM_lr0.001,ADAM,2,shakespeare_char,198,train_eval,2.460515022277832,0.0009991120277927223,0.06964133964298035,
2025-09-15 03:35:53,ADAM_lr0.001,ADAM,2,shakespeare_char,198,val_eval,2.474630355834961,0.0009991120277927223,0.06964133964298035,
2025-09-15 03:35:53,ADAM_lr0.001,ADAM,2,shakespeare_char,198,train_iter,2.489340305328369,0.0009991120277927223,0.06804594059878004,1301.3665676116943
2025-09-15 03:35:54,ADAM_lr0.001,ADAM,2,shakespeare_char,199,train_eval,2.4564120769500732,0.0009990938195679395,0.06804594059878004,
2025-09-15 03:35:54,ADAM_lr0.001,ADAM,2,shakespeare_char,199,val_eval,2.4869627952575684,0.0009990938195679395,0.06804594059878004,
2025-09-15 03:35:54,ADAM_lr0.001,ADAM,2,shakespeare_char,199,train_iter,2.4859585762023926,0.0009990938195679395,0.06911835394494484,886.9729042053223
2025-09-15 03:35:55,ADAM_lr0.001,ADAM,2,shakespeare_char,200,train_eval,2.4628069400787354,0.0009990754267376514,0.06911835394494484,
2025-09-15 03:35:55,ADAM_lr0.001,ADAM,2,shakespeare_char,200,val_eval,2.497109889984131,0.0009990754267376514,0.06911835394494484,
2025-09-15 03:38:20,ADAM_lr0.001,ADAM,2,shakespeare_char,200,train_iter,2.4710330963134766,0.0009990754267376514,0.0622544820539015,145666.84317588806
2025-09-15 03:38:33,ADAM_lr0.01,ADAM,2,shakespeare_char,0,train_eval,4.270771503448486,9.900990099009901e-06,,
2025-09-15 03:38:33,ADAM_lr0.01,ADAM,2,shakespeare_char,0,val_eval,4.269772529602051,9.900990099009901e-06,,
2025-09-15 03:42:17,ADAM_lr0.01,ADAM,2,shakespeare_char,0,train_iter,4.265802383422852,9.900990099009901e-06,,227991.54543876648
2025-09-15 03:42:19,ADAM_lr0.01,ADAM,2,shakespeare_char,1,train_eval,4.083425998687744,1.9801980198019803e-05,,
2025-09-15 03:42:19,ADAM_lr0.01,ADAM,2,shakespeare_char,1,val_eval,4.0874128341674805,1.9801980198019803e-05,,
2025-09-15 03:42:20,ADAM_lr0.01,ADAM,2,shakespeare_char,1,train_iter,4.133230686187744,1.9801980198019803e-05,,2396.250009536743
2025-09-15 03:42:21,ADAM_lr0.01,ADAM,2,shakespeare_char,2,train_eval,3.817706823348999,2.9702970297029702e-05,,
2025-09-15 03:42:21,ADAM_lr0.01,ADAM,2,shakespeare_char,2,val_eval,3.827704429626465,2.9702970297029702e-05,,
2025-09-15 03:42:22,ADAM_lr0.01,ADAM,2,shakespeare_char,2,train_iter,3.9058585166931152,2.9702970297029702e-05,,1840.4548168182373
2025-09-15 03:42:23,ADAM_lr0.01,ADAM,2,shakespeare_char,3,train_eval,3.6331615447998047,3.9603960396039605e-05,,
2025-09-15 03:42:23,ADAM_lr0.01,ADAM,2,shakespeare_char,3,val_eval,3.6512157917022705,3.9603960396039605e-05,,
2025-09-15 03:42:24,ADAM_lr0.01,ADAM,2,shakespeare_char,3,train_iter,3.6920838356018066,3.9603960396039605e-05,,2268.6970233917236
2025-09-15 03:42:25,ADAM_lr0.01,ADAM,2,shakespeare_char,4,train_eval,3.497481346130371,4.950495049504951e-05,,
2025-09-15 03:42:25,ADAM_lr0.01,ADAM,2,shakespeare_char,4,val_eval,3.522458553314209,4.950495049504951e-05,,
2025-09-15 03:42:26,ADAM_lr0.01,ADAM,2,shakespeare_char,4,train_iter,3.5245862007141113,4.950495049504951e-05,,1884.6759796142578
2025-09-15 03:42:27,ADAM_lr0.01,ADAM,2,shakespeare_char,5,train_eval,3.39581298828125,5.9405940594059404e-05,,
2025-09-15 03:42:27,ADAM_lr0.01,ADAM,2,shakespeare_char,5,val_eval,3.4277050495147705,5.9405940594059404e-05,,
2025-09-15 03:42:28,ADAM_lr0.01,ADAM,2,shakespeare_char,5,train_iter,3.4788460731506348,5.9405940594059404e-05,0.030987784117990292,2254.660129547119
2025-09-15 03:42:29,ADAM_lr0.01,ADAM,2,shakespeare_char,6,train_eval,3.3376340866088867,6.930693069306931e-05,0.030987784117990292,
2025-09-15 03:42:29,ADAM_lr0.01,ADAM,2,shakespeare_char,6,val_eval,3.3698654174804688,6.930693069306931e-05,0.030987784117990292,
2025-09-15 03:42:30,ADAM_lr0.01,ADAM,2,shakespeare_char,6,train_iter,3.3858001232147217,6.930693069306931e-05,0.03154341557715997,1911.8523597717285
2025-09-15 03:42:32,ADAM_lr0.01,ADAM,2,shakespeare_char,7,train_eval,3.2869138717651367,7.920792079207921e-05,0.03154341557715997,
2025-09-15 03:42:32,ADAM_lr0.01,ADAM,2,shakespeare_char,7,val_eval,3.318551540374756,7.920792079207921e-05,0.03154341557715997,
2025-09-15 03:42:32,ADAM_lr0.01,ADAM,2,shakespeare_char,7,train_iter,3.3117949962615967,7.920792079207921e-05,0.03133005734463599,2375.631332397461
2025-09-15 03:42:34,ADAM_lr0.01,ADAM,2,shakespeare_char,8,train_eval,3.251718044281006,8.910891089108912e-05,0.03133005734463599,
2025-09-15 03:42:34,ADAM_lr0.01,ADAM,2,shakespeare_char,8,val_eval,3.275963068008423,8.910891089108912e-05,0.03133005734463599,
2025-09-15 03:42:35,ADAM_lr0.01,ADAM,2,shakespeare_char,8,train_iter,3.3328399658203125,8.910891089108912e-05,0.03088033952693533,2603.7802696228027
2025-09-15 03:42:37,ADAM_lr0.01,ADAM,2,shakespeare_char,9,train_eval,3.1911966800689697,9.900990099009902e-05,0.03088033952693533,
2025-09-15 03:42:37,ADAM_lr0.01,ADAM,2,shakespeare_char,9,val_eval,3.2213518619537354,9.900990099009902e-05,0.03088033952693533,
2025-09-15 03:42:38,ADAM_lr0.01,ADAM,2,shakespeare_char,9,train_iter,3.223025321960449,9.900990099009902e-05,0.0303742527853483,2705.9779167175293
2025-09-15 03:42:39,ADAM_lr0.01,ADAM,2,shakespeare_char,10,train_eval,3.1070778369903564,0.0001089108910891089,0.0303742527853483,
2025-09-15 03:42:39,ADAM_lr0.01,ADAM,2,shakespeare_char,10,val_eval,3.138641357421875,0.0001089108910891089,0.0303742527853483,
2025-09-15 03:42:40,ADAM_lr0.01,ADAM,2,shakespeare_char,10,train_iter,3.1273322105407715,0.0001089108910891089,0.03018160323994289,2455.972909927368
2025-09-15 03:42:42,ADAM_lr0.01,ADAM,2,shakespeare_char,11,train_eval,3.085603713989258,0.00011881188118811881,0.03018160323994289,
2025-09-15 03:42:42,ADAM_lr0.01,ADAM,2,shakespeare_char,11,val_eval,3.1051642894744873,0.00011881188118811881,0.03018160323994289,
2025-09-15 03:42:43,ADAM_lr0.01,ADAM,2,shakespeare_char,11,train_iter,3.126246213912964,0.00011881188118811881,0.029486793240560284,3007.162570953369
2025-09-15 03:42:45,ADAM_lr0.01,ADAM,2,shakespeare_char,12,train_eval,3.044487237930298,0.00012871287128712872,0.029486793240560284,
2025-09-15 03:42:45,ADAM_lr0.01,ADAM,2,shakespeare_char,12,val_eval,3.059321641921997,0.00012871287128712872,0.029486793240560284,
2025-09-15 03:42:46,ADAM_lr0.01,ADAM,2,shakespeare_char,12,train_iter,3.0749692916870117,0.00012871287128712872,0.029090651725762286,2737.1551990509033
2025-09-15 03:42:48,ADAM_lr0.01,ADAM,2,shakespeare_char,13,train_eval,2.9474236965179443,0.00013861386138613863,0.029090651725762286,
2025-09-15 03:42:48,ADAM_lr0.01,ADAM,2,shakespeare_char,13,val_eval,2.977522850036621,0.00013861386138613863,0.029090651725762286,
2025-09-15 03:42:49,ADAM_lr0.01,ADAM,2,shakespeare_char,13,train_iter,3.033350944519043,0.00013861386138613863,0.02860057081924148,2888.275146484375
2025-09-15 03:42:50,ADAM_lr0.01,ADAM,2,shakespeare_char,14,train_eval,2.9097070693969727,0.0001485148514851485,0.02860057081924148,
2025-09-15 03:42:50,ADAM_lr0.01,ADAM,2,shakespeare_char,14,val_eval,2.929097890853882,0.0001485148514851485,0.02860057081924148,
2025-09-15 03:42:51,ADAM_lr0.01,ADAM,2,shakespeare_char,14,train_iter,2.9925153255462646,0.0001485148514851485,0.02859180522324266,2450.3605365753174
2025-09-15 03:42:53,ADAM_lr0.01,ADAM,2,shakespeare_char,15,train_eval,2.882167339324951,0.00015841584158415842,0.02859180522324266,
2025-09-15 03:42:53,ADAM_lr0.01,ADAM,2,shakespeare_char,15,val_eval,2.899862051010132,0.00015841584158415842,0.02859180522324266,
2025-09-15 03:42:54,ADAM_lr0.01,ADAM,2,shakespeare_char,15,train_iter,2.889375686645508,0.00015841584158415842,0.028588282102279417,2446.6142654418945
2025-09-15 03:42:56,ADAM_lr0.01,ADAM,2,shakespeare_char,16,train_eval,2.840183973312378,0.00016831683168316833,0.028588282102279417,
2025-09-15 03:42:56,ADAM_lr0.01,ADAM,2,shakespeare_char,16,val_eval,2.864047050476074,0.00016831683168316833,0.028588282102279417,
2025-09-15 03:42:56,ADAM_lr0.01,ADAM,2,shakespeare_char,16,train_iter,2.912445545196533,0.00016831683168316833,0.02826499958929338,2755.4984092712402
2025-09-15 03:42:58,ADAM_lr0.01,ADAM,2,shakespeare_char,17,train_eval,2.8178775310516357,0.00017821782178217824,0.02826499958929338,
2025-09-15 03:42:58,ADAM_lr0.01,ADAM,2,shakespeare_char,17,val_eval,2.8339967727661133,0.00017821782178217824,0.02826499958929338,
2025-09-15 03:42:59,ADAM_lr0.01,ADAM,2,shakespeare_char,17,train_iter,2.8706440925598145,0.00017821782178217824,0.02845762879744623,2314.1415119171143
2025-09-15 03:43:00,ADAM_lr0.01,ADAM,2,shakespeare_char,18,train_eval,2.788550615310669,0.00018811881188118812,0.02845762879744623,
2025-09-15 03:43:00,ADAM_lr0.01,ADAM,2,shakespeare_char,18,val_eval,2.8053200244903564,0.00018811881188118812,0.02845762879744623,
2025-09-15 03:43:01,ADAM_lr0.01,ADAM,2,shakespeare_char,18,train_iter,2.8248658180236816,0.00018811881188118812,0.02888661857002446,2133.502244949341
2025-09-15 03:43:02,ADAM_lr0.01,ADAM,2,shakespeare_char,19,train_eval,2.768500328063965,0.00019801980198019803,0.02888661857002446,
2025-09-15 03:43:02,ADAM_lr0.01,ADAM,2,shakespeare_char,19,val_eval,2.780097007751465,0.00019801980198019803,0.02888661857002446,
2025-09-15 03:43:03,ADAM_lr0.01,ADAM,2,shakespeare_char,19,train_iter,2.7816925048828125,0.00019801980198019803,0.0288515796744144,2448.3585357666016
2025-09-15 03:43:04,ADAM_lr0.01,ADAM,2,shakespeare_char,20,train_eval,2.7441484928131104,0.00020792079207920794,0.0288515796744144,
2025-09-15 03:43:04,ADAM_lr0.01,ADAM,2,shakespeare_char,20,val_eval,2.7473623752593994,0.00020792079207920794,0.0288515796744144,
2025-09-15 03:43:05,ADAM_lr0.01,ADAM,2,shakespeare_char,20,train_iter,2.8149490356445312,0.00020792079207920794,0.03000130200847493,1731.5735816955566
2025-09-15 03:43:06,ADAM_lr0.01,ADAM,2,shakespeare_char,21,train_eval,2.7257492542266846,0.0002178217821782178,0.03000130200847493,
2025-09-15 03:43:06,ADAM_lr0.01,ADAM,2,shakespeare_char,21,val_eval,2.7269225120544434,0.0002178217821782178,0.03000130200847493,
2025-09-15 03:43:06,ADAM_lr0.01,ADAM,2,shakespeare_char,21,train_iter,2.7929892539978027,0.0002178217821782178,0.0318341287760993,1445.6350803375244
2025-09-15 03:43:08,ADAM_lr0.01,ADAM,2,shakespeare_char,22,train_eval,2.706240177154541,0.0002277227722772277,0.0318341287760993,
2025-09-15 03:43:08,ADAM_lr0.01,ADAM,2,shakespeare_char,22,val_eval,2.7060024738311768,0.0002277227722772277,0.0318341287760993,
2025-09-15 03:43:08,ADAM_lr0.01,ADAM,2,shakespeare_char,22,train_iter,2.723173141479492,0.0002277227722772277,0.03246412063006091,1832.1402072906494
2025-09-15 03:43:09,ADAM_lr0.01,ADAM,2,shakespeare_char,23,train_eval,2.691169023513794,0.00023762376237623762,0.03246412063006091,
2025-09-15 03:43:09,ADAM_lr0.01,ADAM,2,shakespeare_char,23,val_eval,2.6936919689178467,0.00023762376237623762,0.03246412063006091,
2025-09-15 03:43:09,ADAM_lr0.01,ADAM,2,shakespeare_char,23,train_iter,2.715068817138672,0.00023762376237623762,0.03451159065553857,1319.7672367095947
2025-09-15 03:43:10,ADAM_lr0.01,ADAM,2,shakespeare_char,24,train_eval,2.6795337200164795,0.00024752475247524753,0.03451159065553857,
2025-09-15 03:43:10,ADAM_lr0.01,ADAM,2,shakespeare_char,24,val_eval,2.6796202659606934,0.00024752475247524753,0.03451159065553857,
2025-09-15 03:43:11,ADAM_lr0.01,ADAM,2,shakespeare_char,24,train_iter,2.7097854614257812,0.00024752475247524753,0.036618759513479274,1256.9773197174072
2025-09-15 03:43:12,ADAM_lr0.01,ADAM,2,shakespeare_char,25,train_eval,2.687037467956543,0.00025742574257425744,0.036618759513479274,
2025-09-15 03:43:12,ADAM_lr0.01,ADAM,2,shakespeare_char,25,val_eval,2.6828463077545166,0.00025742574257425744,0.036618759513479274,
2025-09-15 03:43:12,ADAM_lr0.01,ADAM,2,shakespeare_char,25,train_iter,2.711423635482788,0.00025742574257425744,0.04099811191923785,868.858814239502
2025-09-15 03:43:12,ADAM_lr0.01,ADAM,2,shakespeare_char,26,train_eval,2.671517848968506,0.00026732673267326735,0.04099811191923785,
2025-09-15 03:43:12,ADAM_lr0.01,ADAM,2,shakespeare_char,26,val_eval,2.670903205871582,0.00026732673267326735,0.04099811191923785,
2025-09-15 03:43:13,ADAM_lr0.01,ADAM,2,shakespeare_char,26,train_iter,2.644789218902588,0.00026732673267326735,0.042457518607342586,1256.7760944366455
2025-09-15 03:43:14,ADAM_lr0.01,ADAM,2,shakespeare_char,27,train_eval,2.649479866027832,0.00027722772277227726,0.042457518607342586,
2025-09-15 03:43:14,ADAM_lr0.01,ADAM,2,shakespeare_char,27,val_eval,2.648864984512329,0.00027722772277227726,0.042457518607342586,
2025-09-15 03:43:14,ADAM_lr0.01,ADAM,2,shakespeare_char,27,train_iter,2.6636037826538086,0.00027722772277227726,0.04275803744794075,1536.7963314056396
2025-09-15 03:43:15,ADAM_lr0.01,ADAM,2,shakespeare_char,28,train_eval,2.6396710872650146,0.00028712871287128717,0.04275803744794075,
2025-09-15 03:43:15,ADAM_lr0.01,ADAM,2,shakespeare_char,28,val_eval,2.6454694271087646,0.00028712871287128717,0.04275803744794075,
2025-09-15 03:43:16,ADAM_lr0.01,ADAM,2,shakespeare_char,28,train_iter,2.6711478233337402,0.00028712871287128717,0.04369980667614396,1339.0693664550781
2025-09-15 03:43:17,ADAM_lr0.01,ADAM,2,shakespeare_char,29,train_eval,2.652240037918091,0.000297029702970297,0.04369980667614396,
2025-09-15 03:43:17,ADAM_lr0.01,ADAM,2,shakespeare_char,29,val_eval,2.6487228870391846,0.000297029702970297,0.04369980667614396,
2025-09-15 03:43:17,ADAM_lr0.01,ADAM,2,shakespeare_char,29,train_iter,2.6486265659332275,0.000297029702970297,0.0474682349170857,858.4837913513184
2025-09-15 03:43:17,ADAM_lr0.01,ADAM,2,shakespeare_char,30,train_eval,2.655535936355591,0.00030693069306930693,0.0474682349170857,
2025-09-15 03:43:17,ADAM_lr0.01,ADAM,2,shakespeare_char,30,val_eval,2.6467154026031494,0.00030693069306930693,0.0474682349170857,
2025-09-15 03:43:17,ADAM_lr0.01,ADAM,2,shakespeare_char,30,train_iter,2.656853437423706,0.00030693069306930693,0.05079673366606576,865.1905059814453
2025-09-15 03:43:18,ADAM_lr0.01,ADAM,2,shakespeare_char,31,train_eval,2.6390249729156494,0.00031683168316831684,0.05079673366606576,
2025-09-15 03:43:18,ADAM_lr0.01,ADAM,2,shakespeare_char,31,val_eval,2.6246767044067383,0.00031683168316831684,0.05079673366606576,
2025-09-15 03:43:19,ADAM_lr0.01,ADAM,2,shakespeare_char,31,train_iter,2.6732585430145264,0.00031683168316831684,0.05050092598732639,1460.4699611663818
2025-09-15 03:43:20,ADAM_lr0.01,ADAM,2,shakespeare_char,32,train_eval,2.6217398643493652,0.00032673267326732675,0.05050092598732639,
2025-09-15 03:43:20,ADAM_lr0.01,ADAM,2,shakespeare_char,32,val_eval,2.6108460426330566,0.00032673267326732675,0.05050092598732639,
2025-09-15 03:43:21,ADAM_lr0.01,ADAM,2,shakespeare_char,32,train_iter,2.6464998722076416,0.00032673267326732675,0.04935634286135453,1788.9323234558105
2025-09-15 03:43:22,ADAM_lr0.01,ADAM,2,shakespeare_char,33,train_eval,2.6131203174591064,0.00033663366336633666,0.04935634286135453,
2025-09-15 03:43:22,ADAM_lr0.01,ADAM,2,shakespeare_char,33,val_eval,2.6071884632110596,0.00033663366336633666,0.04935634286135453,
2025-09-15 03:43:23,ADAM_lr0.01,ADAM,2,shakespeare_char,33,train_iter,2.584886312484741,0.00033663366336633666,0.04829174242516636,1804.8646450042725
2025-09-15 03:43:24,ADAM_lr0.01,ADAM,2,shakespeare_char,34,train_eval,2.610841989517212,0.00034653465346534657,0.04829174242516636,
2025-09-15 03:43:24,ADAM_lr0.01,ADAM,2,shakespeare_char,34,val_eval,2.6052703857421875,0.00034653465346534657,0.04829174242516636,
2025-09-15 03:43:24,ADAM_lr0.01,ADAM,2,shakespeare_char,34,train_iter,2.654526472091675,0.00034653465346534657,0.047961299860531464,1553.0359745025635
2025-09-15 03:43:25,ADAM_lr0.01,ADAM,2,shakespeare_char,35,train_eval,2.6070239543914795,0.0003564356435643565,0.047961299860531464,
2025-09-15 03:43:25,ADAM_lr0.01,ADAM,2,shakespeare_char,35,val_eval,2.603630304336548,0.0003564356435643565,0.047961299860531464,
2025-09-15 03:43:25,ADAM_lr0.01,ADAM,2,shakespeare_char,35,train_iter,2.6152853965759277,0.0003564356435643565,0.04893955711496217,1209.9452018737793
2025-09-15 03:43:27,ADAM_lr0.01,ADAM,2,shakespeare_char,36,train_eval,2.5959134101867676,0.00036633663366336634,0.04893955711496217,
2025-09-15 03:43:27,ADAM_lr0.01,ADAM,2,shakespeare_char,36,val_eval,2.5936760902404785,0.00036633663366336634,0.04893955711496217,
2025-09-15 03:43:27,ADAM_lr0.01,ADAM,2,shakespeare_char,36,train_iter,2.621516466140747,0.00036633663366336634,0.047992214249243735,1770.3008651733398
2025-09-15 03:43:28,ADAM_lr0.01,ADAM,2,shakespeare_char,37,train_eval,2.594425678253174,0.00037623762376237625,0.047992214249243735,
2025-09-15 03:43:28,ADAM_lr0.01,ADAM,2,shakespeare_char,37,val_eval,2.5981698036193848,0.00037623762376237625,0.047992214249243735,
2025-09-15 03:43:28,ADAM_lr0.01,ADAM,2,shakespeare_char,37,train_iter,2.601202964782715,0.00037623762376237625,0.04827666870945356,1374.3386268615723
2025-09-15 03:43:30,ADAM_lr0.01,ADAM,2,shakespeare_char,38,train_eval,2.5876388549804688,0.00038613861386138616,0.04827666870945356,
2025-09-15 03:43:30,ADAM_lr0.01,ADAM,2,shakespeare_char,38,val_eval,2.597970485687256,0.00038613861386138616,0.04827666870945356,
2025-09-15 03:43:30,ADAM_lr0.01,ADAM,2,shakespeare_char,38,train_iter,2.5733487606048584,0.00038613861386138616,0.04810515140861056,1500.5300045013428
2025-09-15 03:43:31,ADAM_lr0.01,ADAM,2,shakespeare_char,39,train_eval,2.5916528701782227,0.00039603960396039607,0.04810515140861056,
2025-09-15 03:43:31,ADAM_lr0.01,ADAM,2,shakespeare_char,39,val_eval,2.590420722961426,0.00039603960396039607,0.04810515140861056,
2025-09-15 03:43:32,ADAM_lr0.01,ADAM,2,shakespeare_char,39,train_iter,2.6029586791992188,0.00039603960396039607,0.04699156765676771,1889.8625373840332
2025-09-15 03:43:33,ADAM_lr0.01,ADAM,2,shakespeare_char,40,train_eval,2.6002285480499268,0.000405940594059406,0.04699156765676771,
2025-09-15 03:43:33,ADAM_lr0.01,ADAM,2,shakespeare_char,40,val_eval,2.593277931213379,0.000405940594059406,0.04699156765676771,
2025-09-15 03:43:33,ADAM_lr0.01,ADAM,2,shakespeare_char,40,train_iter,2.568295955657959,0.000405940594059406,0.050146863501591844,889.5199298858643
2025-09-15 03:43:34,ADAM_lr0.01,ADAM,2,shakespeare_char,41,train_eval,2.5867080688476562,0.0004158415841584159,0.050146863501591844,
2025-09-15 03:43:34,ADAM_lr0.01,ADAM,2,shakespeare_char,41,val_eval,2.580606460571289,0.0004158415841584159,0.050146863501591844,
2025-09-15 03:43:34,ADAM_lr0.01,ADAM,2,shakespeare_char,41,train_iter,2.6255078315734863,0.0004158415841584159,0.05034169625737109,1341.139554977417
2025-09-15 03:43:35,ADAM_lr0.01,ADAM,2,shakespeare_char,42,train_eval,2.5764729976654053,0.0004257425742574258,0.05034169625737109,
2025-09-15 03:43:35,ADAM_lr0.01,ADAM,2,shakespeare_char,42,val_eval,2.574106216430664,0.0004257425742574258,0.05034169625737109,
2025-09-15 03:43:35,ADAM_lr0.01,ADAM,2,shakespeare_char,42,train_iter,2.6440892219543457,0.0004257425742574258,0.05088720852806066,1252.166748046875
2025-09-15 03:43:37,ADAM_lr0.01,ADAM,2,shakespeare_char,43,train_eval,2.5737123489379883,0.0004356435643564356,0.05088720852806066,
2025-09-15 03:43:37,ADAM_lr0.01,ADAM,2,shakespeare_char,43,val_eval,2.571359157562256,0.0004356435643564356,0.05088720852806066,
2025-09-15 03:43:38,ADAM_lr0.01,ADAM,2,shakespeare_char,43,train_iter,2.5662121772766113,0.0004356435643564356,0.04859086847197157,2502.0556449890137
2025-09-15 03:43:39,ADAM_lr0.01,ADAM,2,shakespeare_char,44,train_eval,2.575763463973999,0.0004455445544554455,0.04859086847197157,
2025-09-15 03:43:39,ADAM_lr0.01,ADAM,2,shakespeare_char,44,val_eval,2.5748186111450195,0.0004455445544554455,0.04859086847197157,
2025-09-15 03:43:39,ADAM_lr0.01,ADAM,2,shakespeare_char,44,train_iter,2.5612454414367676,0.0004455445544554455,0.04845928681300666,1477.8814315795898
2025-09-15 03:43:40,ADAM_lr0.01,ADAM,2,shakespeare_char,45,train_eval,2.576103448867798,0.0004554455445544554,0.04845928681300666,
2025-09-15 03:43:40,ADAM_lr0.01,ADAM,2,shakespeare_char,45,val_eval,2.567993402481079,0.0004554455445544554,0.04845928681300666,
2025-09-15 03:43:41,ADAM_lr0.01,ADAM,2,shakespeare_char,45,train_iter,2.5678224563598633,0.0004554455445544554,0.04891269128616864,1318.4096813201904
2025-09-15 03:43:41,ADAM_lr0.01,ADAM,2,shakespeare_char,46,train_eval,2.571380376815796,0.0004653465346534653,0.04891269128616864,
2025-09-15 03:43:41,ADAM_lr0.01,ADAM,2,shakespeare_char,46,val_eval,2.5661468505859375,0.0004653465346534653,0.04891269128616864,
2025-09-15 03:43:42,ADAM_lr0.01,ADAM,2,shakespeare_char,46,train_iter,2.5945849418640137,0.0004653465346534653,0.048971829208700746,1411.336898803711
2025-09-15 03:43:44,ADAM_lr0.01,ADAM,2,shakespeare_char,47,train_eval,2.562115430831909,0.00047524752475247524,0.048971829208700746,
2025-09-15 03:43:44,ADAM_lr0.01,ADAM,2,shakespeare_char,47,val_eval,2.5664126873016357,0.00047524752475247524,0.048971829208700746,
2025-09-15 03:43:44,ADAM_lr0.01,ADAM,2,shakespeare_char,47,train_iter,2.5452616214752197,0.00047524752475247524,0.048478869688012016,1586.3618850708008
2025-09-15 03:43:44,ADAM_lr0.01,ADAM,2,shakespeare_char,48,train_eval,2.5822741985321045,0.00048514851485148515,0.048478869688012016,
2025-09-15 03:43:44,ADAM_lr0.01,ADAM,2,shakespeare_char,48,val_eval,2.588108539581299,0.00048514851485148515,0.048478869688012016,
2025-09-15 03:43:44,ADAM_lr0.01,ADAM,2,shakespeare_char,48,train_iter,2.6191799640655518,0.00048514851485148515,0.05148875036627686,889.1446590423584
2025-09-15 03:43:46,ADAM_lr0.01,ADAM,2,shakespeare_char,49,train_eval,2.5642189979553223,0.0004950495049504951,0.05148875036627686,
2025-09-15 03:43:46,ADAM_lr0.01,ADAM,2,shakespeare_char,49,val_eval,2.5768134593963623,0.0004950495049504951,0.05148875036627686,
2025-09-15 03:43:46,ADAM_lr0.01,ADAM,2,shakespeare_char,49,train_iter,2.593015670776367,0.0004950495049504951,0.0529629321033191,1054.9044609069824
2025-09-15 03:43:46,ADAM_lr0.01,ADAM,2,shakespeare_char,50,train_eval,2.5598504543304443,0.000504950495049505,0.0529629321033191,
2025-09-15 03:43:46,ADAM_lr0.01,ADAM,2,shakespeare_char,50,val_eval,2.5619287490844727,0.000504950495049505,0.0529629321033191,
2025-09-15 03:43:47,ADAM_lr0.01,ADAM,2,shakespeare_char,50,train_iter,2.5860538482666016,0.000504950495049505,0.05209167104075431,1578.902006149292
2025-09-15 03:43:48,ADAM_lr0.01,ADAM,2,shakespeare_char,51,train_eval,2.5598719120025635,0.0005148514851485149,0.05209167104075431,
2025-09-15 03:43:48,ADAM_lr0.01,ADAM,2,shakespeare_char,51,val_eval,2.5602242946624756,0.0005148514851485149,0.05209167104075431,
2025-09-15 03:43:49,ADAM_lr0.01,ADAM,2,shakespeare_char,51,train_iter,2.538182497024536,0.0005148514851485149,0.050203226511427744,2103.9674282073975
2025-09-15 03:43:51,ADAM_lr0.01,ADAM,2,shakespeare_char,52,train_eval,2.549837589263916,0.0005247524752475248,0.050203226511427744,
2025-09-15 03:43:51,ADAM_lr0.01,ADAM,2,shakespeare_char,52,val_eval,2.5568411350250244,0.0005247524752475248,0.050203226511427744,
2025-09-15 03:43:51,ADAM_lr0.01,ADAM,2,shakespeare_char,52,train_iter,2.541907787322998,0.0005247524752475248,0.04863265819505972,2025.2723693847656
2025-09-15 03:43:53,ADAM_lr0.01,ADAM,2,shakespeare_char,53,train_eval,2.5540926456451416,0.0005346534653465347,0.04863265819505972,
2025-09-15 03:43:53,ADAM_lr0.01,ADAM,2,shakespeare_char,53,val_eval,2.5537962913513184,0.0005346534653465347,0.04863265819505972,
2025-09-15 03:43:53,ADAM_lr0.01,ADAM,2,shakespeare_char,53,train_iter,2.5864713191986084,0.0005346534653465347,0.04760998871148392,1819.1685676574707
2025-09-15 03:43:55,ADAM_lr0.01,ADAM,2,shakespeare_char,54,train_eval,2.5599303245544434,0.0005445544554455446,0.04760998871148392,
2025-09-15 03:43:55,ADAM_lr0.01,ADAM,2,shakespeare_char,54,val_eval,2.5593068599700928,0.0005445544554455446,0.04760998871148392,
2025-09-15 03:43:55,ADAM_lr0.01,ADAM,2,shakespeare_char,54,train_iter,2.5622715950012207,0.0005445544554455446,0.047619779122162594,1464.473009109497
2025-09-15 03:43:56,ADAM_lr0.01,ADAM,2,shakespeare_char,55,train_eval,2.5488319396972656,0.0005544554455445545,0.047619779122162594,
2025-09-15 03:43:56,ADAM_lr0.01,ADAM,2,shakespeare_char,55,val_eval,2.544914960861206,0.0005544554455445545,0.047619779122162594,
2025-09-15 03:43:56,ADAM_lr0.01,ADAM,2,shakespeare_char,55,train_iter,2.6182281970977783,0.0005544554455445545,0.04727630141315421,1581.2361240386963
2025-09-15 03:43:57,ADAM_lr0.01,ADAM,2,shakespeare_char,56,train_eval,2.559293746948242,0.0005643564356435644,0.04727630141315421,
2025-09-15 03:43:57,ADAM_lr0.01,ADAM,2,shakespeare_char,56,val_eval,2.5668773651123047,0.0005643564356435644,0.04727630141315421,
2025-09-15 03:43:57,ADAM_lr0.01,ADAM,2,shakespeare_char,56,train_iter,2.602151393890381,0.0005643564356435644,0.04766335257112795,1366.0073280334473
2025-09-15 03:43:59,ADAM_lr0.01,ADAM,2,shakespeare_char,57,train_eval,2.555006742477417,0.0005742574257425743,0.04766335257112795,
2025-09-15 03:43:59,ADAM_lr0.01,ADAM,2,shakespeare_char,57,val_eval,2.564066171646118,0.0005742574257425743,0.04766335257112795,
2025-09-15 03:43:59,ADAM_lr0.01,ADAM,2,shakespeare_char,57,train_iter,2.5981452465057373,0.0005742574257425743,0.04946826852272601,1063.2209777832031
2025-09-15 03:44:00,ADAM_lr0.01,ADAM,2,shakespeare_char,58,train_eval,2.5512871742248535,0.0005841584158415842,0.04946826852272601,
2025-09-15 03:44:00,ADAM_lr0.01,ADAM,2,shakespeare_char,58,val_eval,2.5498087406158447,0.0005841584158415842,0.04946826852272601,
2025-09-15 03:44:00,ADAM_lr0.01,ADAM,2,shakespeare_char,58,train_iter,2.580922842025757,0.0005841584158415842,0.049824490922238486,1317.4858093261719
2025-09-15 03:44:01,ADAM_lr0.01,ADAM,2,shakespeare_char,59,train_eval,2.547092914581299,0.000594059405940594,0.049824490922238486,
2025-09-15 03:44:01,ADAM_lr0.01,ADAM,2,shakespeare_char,59,val_eval,2.5419816970825195,0.000594059405940594,0.049824490922238486,
2025-09-15 03:44:01,ADAM_lr0.01,ADAM,2,shakespeare_char,59,train_iter,2.5795817375183105,0.000594059405940594,0.049776469194009035,1415.907382965088
2025-09-15 03:44:02,ADAM_lr0.01,ADAM,2,shakespeare_char,60,train_eval,2.5606188774108887,0.000603960396039604,0.049776469194009035,
2025-09-15 03:44:02,ADAM_lr0.01,ADAM,2,shakespeare_char,60,val_eval,2.549940586090088,0.000603960396039604,0.049776469194009035,
2025-09-15 03:44:02,ADAM_lr0.01,ADAM,2,shakespeare_char,60,train_iter,2.572406768798828,0.000603960396039604,0.05235516827706713,924.6125221252441
2025-09-15 03:44:03,ADAM_lr0.01,ADAM,2,shakespeare_char,61,train_eval,2.556105375289917,0.0006138613861386139,0.05235516827706713,
2025-09-15 03:44:03,ADAM_lr0.01,ADAM,2,shakespeare_char,61,val_eval,2.5569188594818115,0.0006138613861386139,0.05235516827706713,
2025-09-15 03:44:03,ADAM_lr0.01,ADAM,2,shakespeare_char,61,train_iter,2.598862648010254,0.0006138613861386139,0.055120703929966784,873.2216358184814
2025-09-15 03:44:04,ADAM_lr0.01,ADAM,2,shakespeare_char,62,train_eval,2.5399205684661865,0.0006237623762376238,0.055120703929966784,
2025-09-15 03:44:04,ADAM_lr0.01,ADAM,2,shakespeare_char,62,val_eval,2.5502309799194336,0.0006237623762376238,0.055120703929966784,
2025-09-15 03:44:04,ADAM_lr0.01,ADAM,2,shakespeare_char,62,train_iter,2.5947439670562744,0.0006237623762376238,0.05512621287161257,1266.2603855133057
2025-09-15 03:44:06,ADAM_lr0.01,ADAM,2,shakespeare_char,63,train_eval,2.548630952835083,0.0006336633663366337,0.05512621287161257,
2025-09-15 03:44:06,ADAM_lr0.01,ADAM,2,shakespeare_char,63,val_eval,2.5650646686553955,0.0006336633663366337,0.05512621287161257,
2025-09-15 03:44:06,ADAM_lr0.01,ADAM,2,shakespeare_char,63,train_iter,2.532869815826416,0.0006336633663366337,0.05413849081528717,1544.0547466278076
2025-09-15 03:44:07,ADAM_lr0.01,ADAM,2,shakespeare_char,64,train_eval,2.548243761062622,0.0006435643564356436,0.05413849081528717,
2025-09-15 03:44:07,ADAM_lr0.01,ADAM,2,shakespeare_char,64,val_eval,2.562143564224243,0.0006435643564356436,0.05413849081528717,
2025-09-15 03:44:07,ADAM_lr0.01,ADAM,2,shakespeare_char,64,train_iter,2.5766077041625977,0.0006435643564356436,0.05489705652435633,1131.9220066070557
2025-09-15 03:44:08,ADAM_lr0.01,ADAM,2,shakespeare_char,65,train_eval,2.5493133068084717,0.0006534653465346535,0.05489705652435633,
2025-09-15 03:44:08,ADAM_lr0.01,ADAM,2,shakespeare_char,65,val_eval,2.5572118759155273,0.0006534653465346535,0.05489705652435633,
2025-09-15 03:44:08,ADAM_lr0.01,ADAM,2,shakespeare_char,65,train_iter,2.569481372833252,0.0006534653465346535,0.055972243979642865,1064.2507076263428
2025-09-15 03:44:10,ADAM_lr0.01,ADAM,2,shakespeare_char,66,train_eval,2.545299768447876,0.0006633663366336634,0.055972243979642865,
2025-09-15 03:44:10,ADAM_lr0.01,ADAM,2,shakespeare_char,66,val_eval,2.549776554107666,0.0006633663366336634,0.055972243979642865,
2025-09-15 03:44:10,ADAM_lr0.01,ADAM,2,shakespeare_char,66,train_iter,2.5636773109436035,0.0006633663366336634,0.05511192034401542,1474.9500751495361
2025-09-15 03:44:11,ADAM_lr0.01,ADAM,2,shakespeare_char,67,train_eval,2.547518491744995,0.0006732673267326733,0.05511192034401542,
2025-09-15 03:44:11,ADAM_lr0.01,ADAM,2,shakespeare_char,67,val_eval,2.5499439239501953,0.0006732673267326733,0.05511192034401542,
2025-09-15 03:44:11,ADAM_lr0.01,ADAM,2,shakespeare_char,67,train_iter,2.5360569953918457,0.0006732673267326733,0.05526443348816775,1233.5903644561768
2025-09-15 03:44:12,ADAM_lr0.01,ADAM,2,shakespeare_char,68,train_eval,2.5526018142700195,0.0006831683168316832,0.05526443348816775,
2025-09-15 03:44:12,ADAM_lr0.01,ADAM,2,shakespeare_char,68,val_eval,2.55800724029541,0.0006831683168316832,0.05526443348816775,
2025-09-15 03:44:12,ADAM_lr0.01,ADAM,2,shakespeare_char,68,train_iter,2.58707332611084,0.0006831683168316832,0.057692856245859986,878.2916069030762
2025-09-15 03:44:13,ADAM_lr0.01,ADAM,2,shakespeare_char,69,train_eval,2.5494511127471924,0.0006930693069306931,0.057692856245859986,
2025-09-15 03:44:13,ADAM_lr0.01,ADAM,2,shakespeare_char,69,val_eval,2.5527939796447754,0.0006930693069306931,0.057692856245859986,
2025-09-15 03:44:13,ADAM_lr0.01,ADAM,2,shakespeare_char,69,train_iter,2.595529317855835,0.0006930693069306931,0.05998041187212004,867.1751022338867
2025-09-15 03:44:14,ADAM_lr0.01,ADAM,2,shakespeare_char,70,train_eval,2.547084331512451,0.000702970297029703,0.05998041187212004,
2025-09-15 03:44:14,ADAM_lr0.01,ADAM,2,shakespeare_char,70,val_eval,2.558520555496216,0.000702970297029703,0.05998041187212004,
2025-09-15 03:44:14,ADAM_lr0.01,ADAM,2,shakespeare_char,70,train_iter,2.5282418727874756,0.000702970297029703,0.05893421571431856,1410.9270572662354
2025-09-15 03:44:15,ADAM_lr0.01,ADAM,2,shakespeare_char,71,train_eval,2.5519821643829346,0.000712871287128713,0.05893421571431856,
2025-09-15 03:44:15,ADAM_lr0.01,ADAM,2,shakespeare_char,71,val_eval,2.546393394470215,0.000712871287128713,0.05893421571431856,
2025-09-15 03:44:15,ADAM_lr0.01,ADAM,2,shakespeare_char,71,train_iter,2.6053080558776855,0.000712871287128713,0.05778362882571336,1473.10471534729
2025-09-15 03:44:17,ADAM_lr0.01,ADAM,2,shakespeare_char,72,train_eval,2.5507612228393555,0.0007227722772277228,0.05778362882571336,
2025-09-15 03:44:17,ADAM_lr0.01,ADAM,2,shakespeare_char,72,val_eval,2.547866106033325,0.0007227722772277228,0.05778362882571336,
2025-09-15 03:44:17,ADAM_lr0.01,ADAM,2,shakespeare_char,72,train_iter,2.5633506774902344,0.0007227722772277228,0.057595904578733176,1249.7127056121826
2025-09-15 03:44:18,ADAM_lr0.01,ADAM,2,shakespeare_char,73,train_eval,2.5410356521606445,0.0007326732673267327,0.057595904578733176,
2025-09-15 03:44:18,ADAM_lr0.01,ADAM,2,shakespeare_char,73,val_eval,2.5446858406066895,0.0007326732673267327,0.057595904578733176,
2025-09-15 03:44:18,ADAM_lr0.01,ADAM,2,shakespeare_char,73,train_iter,2.548807144165039,0.0007326732673267327,0.05582422351993389,1751.9686222076416
2025-09-15 03:44:20,ADAM_lr0.01,ADAM,2,shakespeare_char,74,train_eval,2.5329983234405518,0.0007425742574257426,0.05582422351993389,
2025-09-15 03:44:20,ADAM_lr0.01,ADAM,2,shakespeare_char,74,val_eval,2.5407049655914307,0.0007425742574257426,0.05582422351993389,
2025-09-15 03:44:21,ADAM_lr0.01,ADAM,2,shakespeare_char,74,train_iter,2.5331199169158936,0.0007425742574257426,0.05337686038137594,2228.5678386688232
2025-09-15 03:44:22,ADAM_lr0.01,ADAM,2,shakespeare_char,75,train_eval,2.5457873344421387,0.0007524752475247525,0.05337686038137594,
2025-09-15 03:44:22,ADAM_lr0.01,ADAM,2,shakespeare_char,75,val_eval,2.5548765659332275,0.0007524752475247525,0.05337686038137594,
2025-09-15 03:44:22,ADAM_lr0.01,ADAM,2,shakespeare_char,75,train_iter,2.493032217025757,0.0007524752475247525,0.0539634188039167,1179.3389320373535
2025-09-15 03:44:23,ADAM_lr0.01,ADAM,2,shakespeare_char,76,train_eval,2.541365146636963,0.0007623762376237624,0.0539634188039167,
2025-09-15 03:44:23,ADAM_lr0.01,ADAM,2,shakespeare_char,76,val_eval,2.5472028255462646,0.0007623762376237624,0.0539634188039167,
2025-09-15 03:44:23,ADAM_lr0.01,ADAM,2,shakespeare_char,76,train_iter,2.5133042335510254,0.0007623762376237624,0.05401057214578892,1283.4937572479248
2025-09-15 03:44:24,ADAM_lr0.01,ADAM,2,shakespeare_char,77,train_eval,2.529445171356201,0.0007722772277227723,0.05401057214578892,
2025-09-15 03:44:24,ADAM_lr0.01,ADAM,2,shakespeare_char,77,val_eval,2.5424201488494873,0.0007722772277227723,0.05401057214578892,
2025-09-15 03:44:25,ADAM_lr0.01,ADAM,2,shakespeare_char,77,train_iter,2.5381407737731934,0.0007722772277227723,0.05359485131284285,1401.4484882354736
2025-09-15 03:44:27,ADAM_lr0.01,ADAM,2,shakespeare_char,78,train_eval,2.526505708694458,0.0007821782178217822,0.05359485131284285,
2025-09-15 03:44:27,ADAM_lr0.01,ADAM,2,shakespeare_char,78,val_eval,2.5424554347991943,0.0007821782178217822,0.05359485131284285,
2025-09-15 03:44:27,ADAM_lr0.01,ADAM,2,shakespeare_char,78,train_iter,2.5500621795654297,0.0007821782178217822,0.051448341839799586,2174.5238304138184
2025-09-15 03:44:29,ADAM_lr0.01,ADAM,2,shakespeare_char,79,train_eval,2.538994550704956,0.0007920792079207921,0.051448341839799586,
2025-09-15 03:44:29,ADAM_lr0.01,ADAM,2,shakespeare_char,79,val_eval,2.5524983406066895,0.0007920792079207921,0.051448341839799586,
2025-09-15 03:44:29,ADAM_lr0.01,ADAM,2,shakespeare_char,79,train_iter,2.5506410598754883,0.0007920792079207921,0.04969400713484851,2060.6675148010254
2025-09-15 03:44:30,ADAM_lr0.01,ADAM,2,shakespeare_char,80,train_eval,2.550290584564209,0.000801980198019802,0.04969400713484851,
2025-09-15 03:44:30,ADAM_lr0.01,ADAM,2,shakespeare_char,80,val_eval,2.558737277984619,0.000801980198019802,0.04969400713484851,
2025-09-15 03:44:30,ADAM_lr0.01,ADAM,2,shakespeare_char,80,train_iter,2.5331273078918457,0.000801980198019802,0.04878016672742239,1722.7439880371094
2025-09-15 03:44:32,ADAM_lr0.01,ADAM,2,shakespeare_char,81,train_eval,2.5462646484375,0.000811881188118812,0.04878016672742239,
2025-09-15 03:44:32,ADAM_lr0.01,ADAM,2,shakespeare_char,81,val_eval,2.5453951358795166,0.000811881188118812,0.04878016672742239,
2025-09-15 03:44:32,ADAM_lr0.01,ADAM,2,shakespeare_char,81,train_iter,2.5427253246307373,0.000811881188118812,0.04868689291670002,1460.2022171020508
2025-09-15 03:44:33,ADAM_lr0.01,ADAM,2,shakespeare_char,82,train_eval,2.539665937423706,0.0008217821782178219,0.04868689291670002,
2025-09-15 03:44:33,ADAM_lr0.01,ADAM,2,shakespeare_char,82,val_eval,2.546602725982666,0.0008217821782178219,0.04868689291670002,
2025-09-15 03:44:33,ADAM_lr0.01,ADAM,2,shakespeare_char,82,train_iter,2.547390937805176,0.0008217821782178219,0.05170242930623244,886.1608505249023
2025-09-15 03:44:34,ADAM_lr0.01,ADAM,2,shakespeare_char,83,train_eval,2.532087802886963,0.0008316831683168318,0.05170242930623244,
2025-09-15 03:44:34,ADAM_lr0.01,ADAM,2,shakespeare_char,83,val_eval,2.5365793704986572,0.0008316831683168318,0.05170242930623244,
2025-09-15 03:44:34,ADAM_lr0.01,ADAM,2,shakespeare_char,83,train_iter,2.555203914642334,0.0008316831683168318,0.05170642956320377,1350.282907485962
2025-09-15 03:44:35,ADAM_lr0.01,ADAM,2,shakespeare_char,84,train_eval,2.5201029777526855,0.0008415841584158417,0.05170642956320377,
2025-09-15 03:44:35,ADAM_lr0.01,ADAM,2,shakespeare_char,84,val_eval,2.5288617610931396,0.0008415841584158417,0.05170642956320377,
2025-09-15 03:44:36,ADAM_lr0.01,ADAM,2,shakespeare_char,84,train_iter,2.5500028133392334,0.0008415841584158417,0.050401000795990684,1807.582139968872
2025-09-15 03:44:37,ADAM_lr0.01,ADAM,2,shakespeare_char,85,train_eval,2.522920846939087,0.0008514851485148516,0.050401000795990684,
2025-09-15 03:44:37,ADAM_lr0.01,ADAM,2,shakespeare_char,85,val_eval,2.5234215259552,0.0008514851485148516,0.050401000795990684,
2025-09-15 03:44:38,ADAM_lr0.01,ADAM,2,shakespeare_char,85,train_iter,2.505411386489868,0.0008514851485148516,0.04880310980208887,2029.7117233276367
2025-09-15 03:44:39,ADAM_lr0.01,ADAM,2,shakespeare_char,86,train_eval,2.524536371231079,0.0008613861386138615,0.04880310980208887,
2025-09-15 03:44:39,ADAM_lr0.01,ADAM,2,shakespeare_char,86,val_eval,2.5187828540802,0.0008613861386138615,0.04880310980208887,
2025-09-15 03:44:40,ADAM_lr0.01,ADAM,2,shakespeare_char,86,train_iter,2.535566806793213,0.0008613861386138615,0.048143510852108544,1655.3349494934082
2025-09-15 03:44:41,ADAM_lr0.01,ADAM,2,shakespeare_char,87,train_eval,2.521522283554077,0.0008712871287128712,0.048143510852108544,
2025-09-15 03:44:41,ADAM_lr0.01,ADAM,2,shakespeare_char,87,val_eval,2.5220675468444824,0.0008712871287128712,0.048143510852108544,
2025-09-15 03:44:41,ADAM_lr0.01,ADAM,2,shakespeare_char,87,train_iter,2.501647472381592,0.0008712871287128712,0.051190082876439294,888.7877464294434
2025-09-15 03:44:41,ADAM_lr0.01,ADAM,2,shakespeare_char,88,train_eval,2.5214591026306152,0.0008811881188118811,0.051190082876439294,
2025-09-15 03:44:41,ADAM_lr0.01,ADAM,2,shakespeare_char,88,val_eval,2.519747495651245,0.0008811881188118811,0.051190082876439294,
2025-09-15 03:44:41,ADAM_lr0.01,ADAM,2,shakespeare_char,88,train_iter,2.508160352706909,0.0008811881188118811,0.05408589593522738,871.7215061187744
2025-09-15 03:44:42,ADAM_lr0.01,ADAM,2,shakespeare_char,89,train_eval,2.517279863357544,0.000891089108910891,0.05408589593522738,
2025-09-15 03:44:42,ADAM_lr0.01,ADAM,2,shakespeare_char,89,val_eval,2.522692918777466,0.000891089108910891,0.05408589593522738,
2025-09-15 03:44:42,ADAM_lr0.01,ADAM,2,shakespeare_char,89,train_iter,2.527294874191284,0.000891089108910891,0.05680555477605767,859.5569133758545
2025-09-15 03:44:43,ADAM_lr0.01,ADAM,2,shakespeare_char,90,train_eval,2.518177032470703,0.0009009900990099009,0.05680555477605767,
2025-09-15 03:44:43,ADAM_lr0.01,ADAM,2,shakespeare_char,90,val_eval,2.522355556488037,0.0009009900990099009,0.05680555477605767,
2025-09-15 03:44:43,ADAM_lr0.01,ADAM,2,shakespeare_char,90,train_iter,2.5628652572631836,0.0009009900990099009,0.05916806392230107,868.6604499816895
2025-09-15 03:44:44,ADAM_lr0.01,ADAM,2,shakespeare_char,91,train_eval,2.5196001529693604,0.0009108910891089108,0.05916806392230107,
2025-09-15 03:44:44,ADAM_lr0.01,ADAM,2,shakespeare_char,91,val_eval,2.5198628902435303,0.0009108910891089108,0.05916806392230107,
2025-09-15 03:44:44,ADAM_lr0.01,ADAM,2,shakespeare_char,91,train_iter,2.5133585929870605,0.0009108910891089108,0.06131650507891626,866.2712574005127
2025-09-15 03:44:45,ADAM_lr0.01,ADAM,2,shakespeare_char,92,train_eval,2.5135772228240967,0.0009207920792079207,0.06131650507891626,
2025-09-15 03:44:45,ADAM_lr0.01,ADAM,2,shakespeare_char,92,val_eval,2.521530866622925,0.0009207920792079207,0.06131650507891626,
2025-09-15 03:44:45,ADAM_lr0.01,ADAM,2,shakespeare_char,92,train_iter,2.54580020904541,0.0009207920792079207,0.06324073014343334,867.279052734375
2025-09-15 03:44:46,ADAM_lr0.01,ADAM,2,shakespeare_char,93,train_eval,2.510712146759033,0.0009306930693069307,0.06324073014343334,
2025-09-15 03:44:46,ADAM_lr0.01,ADAM,2,shakespeare_char,93,val_eval,2.524601459503174,0.0009306930693069307,0.06324073014343334,
2025-09-15 03:44:46,ADAM_lr0.01,ADAM,2,shakespeare_char,93,train_iter,2.488682746887207,0.0009306930693069307,0.0649084817870363,874.229907989502
2025-09-15 03:44:47,ADAM_lr0.01,ADAM,2,shakespeare_char,94,train_eval,2.5150303840637207,0.0009405940594059406,0.0649084817870363,
2025-09-15 03:44:47,ADAM_lr0.01,ADAM,2,shakespeare_char,94,val_eval,2.5297462940216064,0.0009405940594059406,0.0649084817870363,
2025-09-15 03:44:47,ADAM_lr0.01,ADAM,2,shakespeare_char,94,train_iter,2.571841239929199,0.0009405940594059406,0.0665011644083196,864.311933517456
2025-09-15 03:44:47,ADAM_lr0.01,ADAM,2,shakespeare_char,95,train_eval,2.513000726699829,0.0009504950495049505,0.0665011644083196,
2025-09-15 03:44:47,ADAM_lr0.01,ADAM,2,shakespeare_char,95,val_eval,2.5147547721862793,0.0009504950495049505,0.0665011644083196,
2025-09-15 03:44:48,ADAM_lr0.01,ADAM,2,shakespeare_char,95,train_iter,2.523195505142212,0.0009504950495049505,0.06527354163496749,1288.4647846221924
2025-09-15 03:44:49,ADAM_lr0.01,ADAM,2,shakespeare_char,96,train_eval,2.5167346000671387,0.0009603960396039604,0.06527354163496749,
2025-09-15 03:44:49,ADAM_lr0.01,ADAM,2,shakespeare_char,96,val_eval,2.518450975418091,0.0009603960396039604,0.06527354163496749,
2025-09-15 03:44:49,ADAM_lr0.01,ADAM,2,shakespeare_char,96,train_iter,2.522067070007324,0.0009603960396039604,0.06362116692973428,1433.173656463623
2025-09-15 03:44:50,ADAM_lr0.01,ADAM,2,shakespeare_char,97,train_eval,2.5144946575164795,0.0009702970297029703,0.06362116692973428,
2025-09-15 03:44:50,ADAM_lr0.01,ADAM,2,shakespeare_char,97,val_eval,2.5099353790283203,0.0009702970297029703,0.06362116692973428,
2025-09-15 03:44:51,ADAM_lr0.01,ADAM,2,shakespeare_char,97,train_iter,2.545058012008667,0.0009702970297029703,0.062487497220383985,1336.2843990325928
2025-09-15 03:44:52,ADAM_lr0.01,ADAM,2,shakespeare_char,98,train_eval,2.5048611164093018,0.0009801980198019802,0.062487497220383985,
2025-09-15 03:44:52,ADAM_lr0.01,ADAM,2,shakespeare_char,98,val_eval,2.5101964473724365,0.0009801980198019802,0.062487497220383985,
2025-09-15 03:44:52,ADAM_lr0.01,ADAM,2,shakespeare_char,98,train_iter,2.5793514251708984,0.0009801980198019802,0.06264938741365275,1089.8587703704834
2025-09-15 03:44:53,ADAM_lr0.01,ADAM,2,shakespeare_char,99,train_eval,2.517829418182373,0.0009900990099009901,0.06264938741365275,
2025-09-15 03:44:53,ADAM_lr0.01,ADAM,2,shakespeare_char,99,val_eval,2.5310583114624023,0.0009900990099009901,0.06264938741365275,
2025-09-15 03:44:53,ADAM_lr0.01,ADAM,2,shakespeare_char,99,train_iter,2.5462522506713867,0.0009900990099009901,0.06435525716607314,876.5349388122559
2025-09-15 03:44:54,ADAM_lr0.01,ADAM,2,shakespeare_char,100,train_eval,2.51721453666687,0.001,0.06435525716607314,
2025-09-15 03:44:54,ADAM_lr0.01,ADAM,2,shakespeare_char,100,val_eval,2.528074026107788,0.001,0.06435525716607314,
2025-09-15 03:47:04,ADAM_lr0.01,ADAM,2,shakespeare_char,100,train_iter,2.504345655441284,0.001,0.05797274508611899,131790.47083854675
2025-09-15 03:47:05,ADAM_lr0.01,ADAM,2,shakespeare_char,101,train_eval,2.502628803253174,0.000999999907510999,0.05797274508611899,
2025-09-15 03:47:05,ADAM_lr0.01,ADAM,2,shakespeare_char,101,val_eval,2.5114126205444336,0.000999999907510999,0.05797274508611899,
2025-09-15 03:47:05,ADAM_lr0.01,ADAM,2,shakespeare_char,101,train_iter,2.520148992538452,0.000999999907510999,0.059772663599542766,919.6412563323975
2025-09-15 03:47:06,ADAM_lr0.01,ADAM,2,shakespeare_char,102,train_eval,2.506748914718628,0.000999999630044034,0.059772663599542766,
2025-09-15 03:47:06,ADAM_lr0.01,ADAM,2,shakespeare_char,102,val_eval,2.506770610809326,0.000999999630044034,0.059772663599542766,
2025-09-15 03:47:07,ADAM_lr0.01,ADAM,2,shakespeare_char,102,train_iter,2.5154623985290527,0.000999999630044034,0.059054394503555666,1328.521728515625
2025-09-15 03:47:08,ADAM_lr0.01,ADAM,2,shakespeare_char,103,train_eval,2.5054357051849365,0.0009999991675992191,0.059054394503555666,
2025-09-15 03:47:08,ADAM_lr0.01,ADAM,2,shakespeare_char,103,val_eval,2.514817714691162,0.0009999991675992191,0.059054394503555666,
2025-09-15 03:47:08,ADAM_lr0.01,ADAM,2,shakespeare_char,103,train_iter,2.4907772541046143,0.0009999991675992191,0.058964306268630584,1201.4222145080566
2025-09-15 03:47:09,ADAM_lr0.01,ADAM,2,shakespeare_char,104,train_eval,2.5163679122924805,0.0009999985201767443,0.058964306268630584,
2025-09-15 03:47:09,ADAM_lr0.01,ADAM,2,shakespeare_char,104,val_eval,2.5382275581359863,0.0009999985201767443,0.058964306268630584,
2025-09-15 03:47:09,ADAM_lr0.01,ADAM,2,shakespeare_char,104,train_iter,2.510988712310791,0.0009999985201767443,0.05869156758597033,1242.3675060272217
2025-09-15 03:47:10,ADAM_lr0.01,ADAM,2,shakespeare_char,105,train_eval,2.522266149520874,0.000999997687776876,0.05869156758597033,
2025-09-15 03:47:10,ADAM_lr0.01,ADAM,2,shakespeare_char,105,val_eval,2.554617404937744,0.000999997687776876,0.05869156758597033,
2025-09-15 03:47:10,ADAM_lr0.01,ADAM,2,shakespeare_char,105,train_iter,2.505431652069092,0.000999997687776876,0.06094739371202555,859.9023818969727
2025-09-15 03:47:11,ADAM_lr0.01,ADAM,2,shakespeare_char,106,train_eval,2.5060501098632812,0.0009999966703999558,0.06094739371202555,
2025-09-15 03:47:11,ADAM_lr0.01,ADAM,2,shakespeare_char,106,val_eval,2.5252115726470947,0.0009999966703999558,0.06094739371202555,
2025-09-15 03:47:11,ADAM_lr0.01,ADAM,2,shakespeare_char,106,train_iter,2.4974584579467773,0.0009999966703999558,0.06283737355580139,875.0078678131104
2025-09-15 03:47:12,ADAM_lr0.01,ADAM,2,shakespeare_char,107,train_eval,2.509760618209839,0.0009999954680464025,0.06283737355580139,
2025-09-15 03:47:12,ADAM_lr0.01,ADAM,2,shakespeare_char,107,val_eval,2.5236167907714844,0.0009999954680464025,0.06283737355580139,
2025-09-15 03:47:12,ADAM_lr0.01,ADAM,2,shakespeare_char,107,train_iter,2.5161399841308594,0.0009999954680464025,0.0645607510382041,872.5605010986328
2025-09-15 03:47:13,ADAM_lr0.01,ADAM,2,shakespeare_char,108,train_eval,2.510343074798584,0.00099999408071671,0.0645607510382041,
2025-09-15 03:47:13,ADAM_lr0.01,ADAM,2,shakespeare_char,108,val_eval,2.5201449394226074,0.00099999408071671,0.0645607510382041,
2025-09-15 03:47:13,ADAM_lr0.01,ADAM,2,shakespeare_char,108,train_iter,2.5224978923797607,0.00099999408071671,0.06609747713553106,874.1230964660645
2025-09-15 03:47:13,ADAM_lr0.01,ADAM,2,shakespeare_char,109,train_eval,2.5022647380828857,0.0009999925084114485,0.06609747713553106,
2025-09-15 03:47:13,ADAM_lr0.01,ADAM,2,shakespeare_char,109,val_eval,2.5144174098968506,0.0009999925084114485,0.06609747713553106,
2025-09-15 03:47:13,ADAM_lr0.01,ADAM,2,shakespeare_char,109,train_iter,2.4927663803100586,0.0009999925084114485,0.06746345379161071,875.9946823120117
2025-09-15 03:47:14,ADAM_lr0.01,ADAM,2,shakespeare_char,110,train_eval,2.5241432189941406,0.0009999907511312647,0.06746345379161071,
2025-09-15 03:47:14,ADAM_lr0.01,ADAM,2,shakespeare_char,110,val_eval,2.5497500896453857,0.0009999907511312647,0.06746345379161071,
2025-09-15 03:47:14,ADAM_lr0.01,ADAM,2,shakespeare_char,110,train_iter,2.5455617904663086,0.0009999907511312647,0.06874222601111046,870.603084564209
2025-09-15 03:47:15,ADAM_lr0.01,ADAM,2,shakespeare_char,111,train_eval,2.509229898452759,0.0009999888088768807,0.06874222601111046,
2025-09-15 03:47:15,ADAM_lr0.01,ADAM,2,shakespeare_char,111,val_eval,2.5207464694976807,0.0009999888088768807,0.06874222601111046,
2025-09-15 03:47:15,ADAM_lr0.01,ADAM,2,shakespeare_char,111,train_iter,2.5121383666992188,0.0009999888088768807,0.07002435485924006,856.5952777862549
2025-09-15 03:47:16,ADAM_lr0.01,ADAM,2,shakespeare_char,112,train_eval,2.5144898891448975,0.000999986681649095,0.07002435485924006,
2025-09-15 03:47:16,ADAM_lr0.01,ADAM,2,shakespeare_char,112,val_eval,2.515408992767334,0.000999986681649095,0.07002435485924006,
2025-09-15 03:47:16,ADAM_lr0.01,ADAM,2,shakespeare_char,112,train_iter,2.527219533920288,0.000999986681649095,0.07106441669545199,868.7217235565186
2025-09-15 03:47:17,ADAM_lr0.01,ADAM,2,shakespeare_char,113,train_eval,2.5037522315979004,0.0009999843694487819,0.07106441669545199,
2025-09-15 03:47:17,ADAM_lr0.01,ADAM,2,shakespeare_char,113,val_eval,2.506176233291626,0.0009999843694487819,0.07106441669545199,
2025-09-15 03:47:18,ADAM_lr0.01,ADAM,2,shakespeare_char,113,train_iter,2.536289691925049,0.0009999843694487819,0.0686631373341755,1484.8992824554443
2025-09-15 03:47:19,ADAM_lr0.01,ADAM,2,shakespeare_char,114,train_eval,2.503265142440796,0.000999981872276892,0.0686631373341755,
2025-09-15 03:47:19,ADAM_lr0.01,ADAM,2,shakespeare_char,114,val_eval,2.5055313110351562,0.000999981872276892,0.0686631373341755,
2025-09-15 03:47:19,ADAM_lr0.01,ADAM,2,shakespeare_char,114,train_iter,2.5475010871887207,0.000999981872276892,0.06589193968025027,1706.1035633087158
2025-09-15 03:47:21,ADAM_lr0.01,ADAM,2,shakespeare_char,115,train_eval,2.4982807636260986,0.0009999791901344516,0.06589193968025027,
2025-09-15 03:47:21,ADAM_lr0.01,ADAM,2,shakespeare_char,115,val_eval,2.5089383125305176,0.0009999791901344516,0.06589193968025027,
2025-09-15 03:47:21,ADAM_lr0.01,ADAM,2,shakespeare_char,115,train_iter,2.501549482345581,0.0009999791901344516,0.06362627627039978,1615.969181060791
2025-09-15 03:47:22,ADAM_lr0.01,ADAM,2,shakespeare_char,116,train_eval,2.4965105056762695,0.0009999763230225634,0.06362627627039978,
2025-09-15 03:47:22,ADAM_lr0.01,ADAM,2,shakespeare_char,116,val_eval,2.5173261165618896,0.0009999763230225634,0.06362627627039978,
2025-09-15 03:47:22,ADAM_lr0.01,ADAM,2,shakespeare_char,116,train_iter,2.5549635887145996,0.0009999763230225634,0.0634743035782523,1124.9525547027588
2025-09-15 03:47:23,ADAM_lr0.01,ADAM,2,shakespeare_char,117,train_eval,2.507131814956665,0.0009999732709424058,0.0634743035782523,
2025-09-15 03:47:23,ADAM_lr0.01,ADAM,2,shakespeare_char,117,val_eval,2.523707866668701,0.0009999732709424058,0.0634743035782523,
2025-09-15 03:47:23,ADAM_lr0.01,ADAM,2,shakespeare_char,117,train_iter,2.4934468269348145,0.0009999732709424058,0.06378607815337947,1049.178123474121
2025-09-15 03:47:25,ADAM_lr0.01,ADAM,2,shakespeare_char,118,train_eval,2.503199815750122,0.0009999700338952336,0.06378607815337947,
2025-09-15 03:47:25,ADAM_lr0.01,ADAM,2,shakespeare_char,118,val_eval,2.5176990032196045,0.0009999700338952336,0.06378607815337947,
2025-09-15 03:47:25,ADAM_lr0.01,ADAM,2,shakespeare_char,118,train_iter,2.496382474899292,0.0009999700338952336,0.062040636201567,1507.9736709594727
2025-09-15 03:47:25,ADAM_lr0.01,ADAM,2,shakespeare_char,119,train_eval,2.4965171813964844,0.0009999666118823774,0.062040636201567,
2025-09-15 03:47:25,ADAM_lr0.01,ADAM,2,shakespeare_char,119,val_eval,2.5091331005096436,0.0009999666118823774,0.062040636201567,
2025-09-15 03:47:25,ADAM_lr0.01,ADAM,2,shakespeare_char,119,train_iter,2.497612476348877,0.0009999666118823774,0.06367786430712434,891.0129070281982
2025-09-15 03:47:26,ADAM_lr0.01,ADAM,2,shakespeare_char,120,train_eval,2.499703884124756,0.0009999630049052437,0.06367786430712434,
2025-09-15 03:47:26,ADAM_lr0.01,ADAM,2,shakespeare_char,120,val_eval,2.5202884674072266,0.0009999630049052437,0.06367786430712434,
2025-09-15 03:47:26,ADAM_lr0.01,ADAM,2,shakespeare_char,120,train_iter,2.5060315132141113,0.0009999630049052437,0.06521931552462412,883.3584785461426
2025-09-15 03:47:27,ADAM_lr0.01,ADAM,2,shakespeare_char,121,train_eval,2.505082130432129,0.0009999592129653152,0.06521931552462412,
2025-09-15 03:47:27,ADAM_lr0.01,ADAM,2,shakespeare_char,121,val_eval,2.5259571075439453,0.0009999592129653152,0.06521931552462412,
2025-09-15 03:47:27,ADAM_lr0.01,ADAM,2,shakespeare_char,121,train_iter,2.5056395530700684,0.0009999592129653152,0.0668215289194685,859.9910736083984
2025-09-15 03:47:28,ADAM_lr0.01,ADAM,2,shakespeare_char,122,train_eval,2.495434522628784,0.0009999552360641507,0.0668215289194685,
2025-09-15 03:47:28,ADAM_lr0.01,ADAM,2,shakespeare_char,122,val_eval,2.520493507385254,0.0009999552360641507,0.0668215289194685,
2025-09-15 03:47:28,ADAM_lr0.01,ADAM,2,shakespeare_char,122,train_iter,2.559788703918457,0.0009999552360641507,0.06824434980507099,862.025260925293
2025-09-15 03:47:29,ADAM_lr0.01,ADAM,2,shakespeare_char,123,train_eval,2.4914870262145996,0.000999951074203385,0.06824434980507099,
2025-09-15 03:47:29,ADAM_lr0.01,ADAM,2,shakespeare_char,123,val_eval,2.506028413772583,0.000999951074203385,0.06824434980507099,
2025-09-15 03:47:29,ADAM_lr0.01,ADAM,2,shakespeare_char,123,train_iter,2.544290065765381,0.000999951074203385,0.06951947634348982,862.6012802124023
2025-09-15 03:47:30,ADAM_lr0.01,ADAM,2,shakespeare_char,124,train_eval,2.499173641204834,0.0009999467273847289,0.06951947634348982,
2025-09-15 03:47:30,ADAM_lr0.01,ADAM,2,shakespeare_char,124,val_eval,2.5088722705841064,0.0009999467273847289,0.06951947634348982,
2025-09-15 03:47:30,ADAM_lr0.01,ADAM,2,shakespeare_char,124,train_iter,2.5086467266082764,0.0009999467273847289,0.07057206269806075,872.8418350219727
2025-09-15 03:47:31,ADAM_lr0.01,ADAM,2,shakespeare_char,125,train_eval,2.5006301403045654,0.000999942195609969,0.07057206269806075,
2025-09-15 03:47:31,ADAM_lr0.01,ADAM,2,shakespeare_char,125,val_eval,2.506709098815918,0.000999942195609969,0.07057206269806075,
2025-09-15 03:47:31,ADAM_lr0.01,ADAM,2,shakespeare_char,125,train_iter,2.4968605041503906,0.000999942195609969,0.07154797288204645,869.7361946105957
2025-09-15 03:47:32,ADAM_lr0.01,ADAM,2,shakespeare_char,126,train_eval,2.4921014308929443,0.0009999374788809685,0.07154797288204645,
2025-09-15 03:47:32,ADAM_lr0.01,ADAM,2,shakespeare_char,126,val_eval,2.505772590637207,0.0009999374788809685,0.07154797288204645,
2025-09-15 03:47:32,ADAM_lr0.01,ADAM,2,shakespeare_char,126,train_iter,2.5429599285125732,0.0009999374788809685,0.07250875961813409,860.8982563018799
2025-09-15 03:47:32,ADAM_lr0.01,ADAM,2,shakespeare_char,127,train_eval,2.4901018142700195,0.0009999325771996657,0.07250875961813409,
2025-09-15 03:47:32,ADAM_lr0.01,ADAM,2,shakespeare_char,127,val_eval,2.5133957862854004,0.0009999325771996657,0.07250875961813409,
2025-09-15 03:47:32,ADAM_lr0.01,ADAM,2,shakespeare_char,127,train_iter,2.480691432952881,0.0009999325771996657,0.0733201023854871,866.5966987609863
2025-09-15 03:47:33,ADAM_lr0.01,ADAM,2,shakespeare_char,128,train_eval,2.4956836700439453,0.0009999274905680762,0.0733201023854871,
2025-09-15 03:47:33,ADAM_lr0.01,ADAM,2,shakespeare_char,128,val_eval,2.516922950744629,0.0009999274905680762,0.0733201023854871,
2025-09-15 03:47:33,ADAM_lr0.01,ADAM,2,shakespeare_char,128,train_iter,2.5181331634521484,0.0009999274905680762,0.0736479460587345,912.1181964874268
2025-09-15 03:47:34,ADAM_lr0.01,ADAM,2,shakespeare_char,129,train_eval,2.492501974105835,0.0009999222189882903,0.0736479460587345,
2025-09-15 03:47:34,ADAM_lr0.01,ADAM,2,shakespeare_char,129,val_eval,2.5022246837615967,0.0009999222189882903,0.0736479460587345,
2025-09-15 03:47:35,ADAM_lr0.01,ADAM,2,shakespeare_char,129,train_iter,2.4664671421051025,0.0009999222189882903,0.07124175083094655,1409.0051651000977
2025-09-15 03:47:36,ADAM_lr0.01,ADAM,2,shakespeare_char,130,train_eval,2.494206666946411,0.0009999167624624755,0.07124175083094655,
2025-09-15 03:47:36,ADAM_lr0.01,ADAM,2,shakespeare_char,130,val_eval,2.4930191040039062,0.0009999167624624755,0.07124175083094655,
2025-09-15 03:47:37,ADAM_lr0.01,ADAM,2,shakespeare_char,130,train_iter,2.487394094467163,0.0009999167624624755,0.06764023232616205,1983.3588600158691
2025-09-15 03:47:38,ADAM_lr0.01,ADAM,2,shakespeare_char,131,train_eval,2.493048906326294,0.0009999111209928744,0.06764023232616205,
2025-09-15 03:47:38,ADAM_lr0.01,ADAM,2,shakespeare_char,131,val_eval,2.5034637451171875,0.0009999111209928744,0.06764023232616205,
2025-09-15 03:47:38,ADAM_lr0.01,ADAM,2,shakespeare_char,131,train_iter,2.4526467323303223,0.0009999111209928744,0.0686413182952543,899.754524230957
2025-09-15 03:47:38,ADAM_lr0.01,ADAM,2,shakespeare_char,132,train_eval,2.4988515377044678,0.000999905294581806,0.0686413182952543,
2025-09-15 03:47:38,ADAM_lr0.01,ADAM,2,shakespeare_char,132,val_eval,2.512054204940796,0.000999905294581806,0.0686413182952543,
2025-09-15 03:47:38,ADAM_lr0.01,ADAM,2,shakespeare_char,132,train_iter,2.5080623626708984,0.000999905294581806,0.06985651177594097,864.7618293762207
2025-09-15 03:47:39,ADAM_lr0.01,ADAM,2,shakespeare_char,133,train_eval,2.486447811126709,0.0009998992832316654,0.06985651177594097,
2025-09-15 03:47:39,ADAM_lr0.01,ADAM,2,shakespeare_char,133,val_eval,2.4994919300079346,0.0009998992832316654,0.06985651177594097,
2025-09-15 03:47:39,ADAM_lr0.01,ADAM,2,shakespeare_char,133,train_iter,2.5032191276550293,0.0009998992832316654,0.07090903625306345,869.1887855529785
2025-09-15 03:47:40,ADAM_lr0.01,ADAM,2,shakespeare_char,134,train_eval,2.496849775314331,0.0009998930869449237,0.07090903625306345,
2025-09-15 03:47:40,ADAM_lr0.01,ADAM,2,shakespeare_char,134,val_eval,2.4983131885528564,0.0009998930869449237,0.07090903625306345,
2025-09-15 03:47:40,ADAM_lr0.01,ADAM,2,shakespeare_char,134,train_iter,2.5290122032165527,0.0009998930869449237,0.07123370140430556,942.1653747558594
2025-09-15 03:47:41,ADAM_lr0.01,ADAM,2,shakespeare_char,135,train_eval,2.4950599670410156,0.000999886705724128,0.07123370140430556,
2025-09-15 03:47:41,ADAM_lr0.01,ADAM,2,shakespeare_char,135,val_eval,2.508707046508789,0.000999886705724128,0.07123370140430556,
2025-09-15 03:47:41,ADAM_lr0.01,ADAM,2,shakespeare_char,135,train_iter,2.4748668670654297,0.000999886705724128,0.07218985482689284,864.7406101226807
2025-09-15 03:47:42,ADAM_lr0.01,ADAM,2,shakespeare_char,136,train_eval,2.4952635765075684,0.0009998801395719012,0.07218985482689284,
2025-09-15 03:47:42,ADAM_lr0.01,ADAM,2,shakespeare_char,136,val_eval,2.5079755783081055,0.0009998801395719012,0.07218985482689284,
2025-09-15 03:47:42,ADAM_lr0.01,ADAM,2,shakespeare_char,136,train_iter,2.491119384765625,0.0009998801395719012,0.07300903176970713,869.1902160644531
2025-09-15 03:47:43,ADAM_lr0.01,ADAM,2,shakespeare_char,137,train_eval,2.4792070388793945,0.0009998733884909424,0.07300903176970713,
2025-09-15 03:47:43,ADAM_lr0.01,ADAM,2,shakespeare_char,137,val_eval,2.503376007080078,0.0009998733884909424,0.07300903176970713,
2025-09-15 03:47:43,ADAM_lr0.01,ADAM,2,shakespeare_char,137,train_iter,2.463709592819214,0.0009998733884909424,0.07383380313114878,859.8291873931885
2025-09-15 03:47:44,ADAM_lr0.01,ADAM,2,shakespeare_char,138,train_eval,2.4872658252716064,0.0009998664524840269,0.07383380313114878,
2025-09-15 03:47:44,ADAM_lr0.01,ADAM,2,shakespeare_char,138,val_eval,2.5128488540649414,0.0009998664524840269,0.07383380313114878,
2025-09-15 03:47:44,ADAM_lr0.01,ADAM,2,shakespeare_char,138,train_iter,2.500234365463257,0.0009998664524840269,0.07453887114092479,863.7864589691162
2025-09-15 03:47:45,ADAM_lr0.01,ADAM,2,shakespeare_char,139,train_eval,2.491591691970825,0.0009998593315540057,0.07453887114092479,
2025-09-15 03:47:45,ADAM_lr0.01,ADAM,2,shakespeare_char,139,val_eval,2.520519495010376,0.0009998593315540057,0.07453887114092479,
2025-09-15 03:47:45,ADAM_lr0.01,ADAM,2,shakespeare_char,139,train_iter,2.5182862281799316,0.0009998593315540057,0.07512525926840628,868.9618110656738
2025-09-15 03:47:45,ADAM_lr0.01,ADAM,2,shakespeare_char,140,train_eval,2.4922821521759033,0.000999852025703806,0.07512525926840628,
2025-09-15 03:47:45,ADAM_lr0.01,ADAM,2,shakespeare_char,140,val_eval,2.523625135421753,0.000999852025703806,0.07512525926840628,
2025-09-15 03:47:45,ADAM_lr0.01,ADAM,2,shakespeare_char,140,train_iter,2.4789299964904785,0.000999852025703806,0.07563434492006112,870.9836006164551
2025-09-15 03:47:47,ADAM_lr0.01,ADAM,2,shakespeare_char,141,train_eval,2.4824509620666504,0.0009998445349364308,0.07563434492006112,
2025-09-15 03:47:47,ADAM_lr0.01,ADAM,2,shakespeare_char,141,val_eval,2.513056993484497,0.0009998445349364308,0.07563434492006112,
2025-09-15 03:47:47,ADAM_lr0.01,ADAM,2,shakespeare_char,141,train_iter,2.468946695327759,0.0009998445349364308,0.07389463932192436,1199.6939182281494
2025-09-15 03:47:48,ADAM_lr0.01,ADAM,2,shakespeare_char,142,train_eval,2.481167793273926,0.0009998368592549595,0.07389463932192436,
2025-09-15 03:47:48,ADAM_lr0.01,ADAM,2,shakespeare_char,142,val_eval,2.499641180038452,0.0009998368592549595,0.07389463932192436,
2025-09-15 03:47:48,ADAM_lr0.01,ADAM,2,shakespeare_char,142,train_iter,2.4578986167907715,0.0009998368592549595,0.07329230101095492,1029.4036865234375
2025-09-15 03:47:49,ADAM_lr0.01,ADAM,2,shakespeare_char,143,train_eval,2.4767568111419678,0.000999828998662547,0.07329230101095492,
2025-09-15 03:47:49,ADAM_lr0.01,ADAM,2,shakespeare_char,143,val_eval,2.4882020950317383,0.000999828998662547,0.07329230101095492,
2025-09-15 03:47:50,ADAM_lr0.01,ADAM,2,shakespeare_char,143,train_iter,2.528127670288086,0.000999828998662547,0.06917266264744022,2176.816463470459
2025-09-15 03:47:51,ADAM_lr0.01,ADAM,2,shakespeare_char,144,train_eval,2.4837052822113037,0.000999820953162425,0.06917266264744022,
2025-09-15 03:47:51,ADAM_lr0.01,ADAM,2,shakespeare_char,144,val_eval,2.4900662899017334,0.000999820953162425,0.06917266264744022,
2025-09-15 03:47:51,ADAM_lr0.01,ADAM,2,shakespeare_char,144,train_iter,2.471898078918457,0.000999820953162425,0.07018136915820217,881.493330001831
2025-09-15 03:47:52,ADAM_lr0.01,ADAM,2,shakespeare_char,145,train_eval,2.4873969554901123,0.0009998127227579003,0.07018136915820217,
2025-09-15 03:47:52,ADAM_lr0.01,ADAM,2,shakespeare_char,145,val_eval,2.4910359382629395,0.0009998127227579003,0.07018136915820217,
2025-09-15 03:47:52,ADAM_lr0.01,ADAM,2,shakespeare_char,145,train_iter,2.468334913253784,0.0009998127227579003,0.07121323014645226,867.9122924804688
2025-09-15 03:47:52,ADAM_lr0.01,ADAM,2,shakespeare_char,146,train_eval,2.4776792526245117,0.000999804307452356,0.07121323014645226,
2025-09-15 03:47:52,ADAM_lr0.01,ADAM,2,shakespeare_char,146,val_eval,2.481563091278076,0.000999804307452356,0.07121323014645226,
2025-09-15 03:47:53,ADAM_lr0.01,ADAM,2,shakespeare_char,146,train_iter,2.48468017578125,0.000999804307452356,0.0693986815403675,1316.560983657837
2025-09-15 03:47:54,ADAM_lr0.01,ADAM,2,shakespeare_char,147,train_eval,2.479426860809326,0.0009997957072492515,0.0693986815403675,
2025-09-15 03:47:54,ADAM_lr0.01,ADAM,2,shakespeare_char,147,val_eval,2.4864678382873535,0.0009997957072492515,0.0693986815403675,
2025-09-15 03:47:54,ADAM_lr0.01,ADAM,2,shakespeare_char,147,train_iter,2.4840853214263916,0.0009997957072492515,0.06876940625150252,1107.1372032165527
2025-09-15 03:47:55,ADAM_lr0.01,ADAM,2,shakespeare_char,148,train_eval,2.483276605606079,0.0009997869221521221,0.06876940625150252,
2025-09-15 03:47:55,ADAM_lr0.01,ADAM,2,shakespeare_char,148,val_eval,2.4972116947174072,0.0009997869221521221,0.06876940625150252,
2025-09-15 03:47:55,ADAM_lr0.01,ADAM,2,shakespeare_char,148,train_iter,2.4680192470550537,0.0009997869221521221,0.06683980042997235,1412.2133255004883
2025-09-15 03:47:57,ADAM_lr0.01,ADAM,2,shakespeare_char,149,train_eval,2.4942803382873535,0.0009997779521645793,0.06683980042997235,
2025-09-15 03:47:57,ADAM_lr0.01,ADAM,2,shakespeare_char,149,val_eval,2.514653205871582,0.0009997779521645793,0.06683980042997235,
2025-09-15 03:47:57,ADAM_lr0.01,ADAM,2,shakespeare_char,149,train_iter,2.4995851516723633,0.0009997779521645793,0.06601749379661746,1191.9279098510742
2025-09-15 03:47:58,ADAM_lr0.01,ADAM,2,shakespeare_char,150,train_eval,2.487978935241699,0.0009997687972903096,0.06601749379661746,
2025-09-15 03:47:58,ADAM_lr0.01,ADAM,2,shakespeare_char,150,val_eval,2.5178022384643555,0.0009997687972903096,0.06601749379661746,
2025-09-15 03:47:58,ADAM_lr0.01,ADAM,2,shakespeare_char,150,train_iter,2.499174118041992,0.0009997687972903096,0.06338496926826201,1760.2157592773438
2025-09-15 03:48:00,ADAM_lr0.01,ADAM,2,shakespeare_char,151,train_eval,2.491910219192505,0.0009997594575330766,0.06338496926826201,
2025-09-15 03:48:00,ADAM_lr0.01,ADAM,2,shakespeare_char,151,val_eval,2.5209431648254395,0.0009997594575330766,0.06338496926826201,
2025-09-15 03:48:00,ADAM_lr0.01,ADAM,2,shakespeare_char,151,train_iter,2.4809389114379883,0.0009997594575330766,0.061153781346754386,1701.0388374328613
2025-09-15 03:48:02,ADAM_lr0.01,ADAM,2,shakespeare_char,152,train_eval,2.4737963676452637,0.0009997499328967194,0.061153781346754386,
2025-09-15 03:48:02,ADAM_lr0.01,ADAM,2,shakespeare_char,152,val_eval,2.5044989585876465,0.0009997499328967194,0.061153781346754386,
2025-09-15 03:48:02,ADAM_lr0.01,ADAM,2,shakespeare_char,152,train_iter,2.4759750366210938,0.0009997499328967194,0.05910170355343087,1719.4623947143555
2025-09-15 03:48:03,ADAM_lr0.01,ADAM,2,shakespeare_char,153,train_eval,2.4810476303100586,0.0009997402233851535,0.05910170355343087,
2025-09-15 03:48:03,ADAM_lr0.01,ADAM,2,shakespeare_char,153,val_eval,2.508315086364746,0.0009997402233851535,0.05910170355343087,
2025-09-15 03:48:03,ADAM_lr0.01,ADAM,2,shakespeare_char,153,train_iter,2.4991986751556396,0.0009997402233851535,0.05770288354377299,1548.691987991333
2025-09-15 03:48:04,ADAM_lr0.01,ADAM,2,shakespeare_char,154,train_eval,2.4948112964630127,0.00099973032900237,0.05770288354377299,
2025-09-15 03:48:04,ADAM_lr0.01,ADAM,2,shakespeare_char,154,val_eval,2.524045705795288,0.00099973032900237,0.05770288354377299,
2025-09-15 03:48:04,ADAM_lr0.01,ADAM,2,shakespeare_char,154,train_iter,2.4875948429107666,0.00099973032900237,0.06000465646033307,865.5400276184082
2025-09-15 03:48:05,ADAM_lr0.01,ADAM,2,shakespeare_char,155,train_eval,2.4824881553649902,0.000999720249752436,0.06000465646033307,
2025-09-15 03:48:05,ADAM_lr0.01,ADAM,2,shakespeare_char,155,val_eval,2.5053348541259766,0.000999720249752436,0.06000465646033307,
2025-09-15 03:48:05,ADAM_lr0.01,ADAM,2,shakespeare_char,155,train_iter,2.4900498390197754,0.000999720249752436,0.06000550287475547,1164.194107055664
2025-09-15 03:48:07,ADAM_lr0.01,ADAM,2,shakespeare_char,156,train_eval,2.4712440967559814,0.0009997099856394946,0.06000550287475547,
2025-09-15 03:48:07,ADAM_lr0.01,ADAM,2,shakespeare_char,156,val_eval,2.485572576522827,0.0009997099856394946,0.06000550287475547,
2025-09-15 03:48:07,ADAM_lr0.01,ADAM,2,shakespeare_char,156,train_iter,2.4723973274230957,0.0009997099856394946,0.05808331277239247,1713.1130695343018
2025-09-15 03:48:08,ADAM_lr0.01,ADAM,2,shakespeare_char,157,train_eval,2.475689172744751,0.0009996995366677653,0.05808331277239247,
2025-09-15 03:48:08,ADAM_lr0.01,ADAM,2,shakespeare_char,157,val_eval,2.48366117477417,0.0009996995366677653,0.05808331277239247,
2025-09-15 03:48:08,ADAM_lr0.01,ADAM,2,shakespeare_char,157,train_iter,2.4942684173583984,0.0009996995366677653,0.06014572020981491,887.6793384552002
2025-09-15 03:48:09,ADAM_lr0.01,ADAM,2,shakespeare_char,158,train_eval,2.4846198558807373,0.000999688902841543,0.06014572020981491,
2025-09-15 03:48:09,ADAM_lr0.01,ADAM,2,shakespeare_char,158,val_eval,2.4821107387542725,0.000999688902841543,0.06014572020981491,
2025-09-15 03:48:09,ADAM_lr0.01,ADAM,2,shakespeare_char,158,train_iter,2.4867498874664307,0.000999688902841543,0.062088874376386605,877.9759407043457
2025-09-15 03:48:10,ADAM_lr0.01,ADAM,2,shakespeare_char,159,train_eval,2.476799964904785,0.000999678084165199,0.062088874376386605,
2025-09-15 03:48:10,ADAM_lr0.01,ADAM,2,shakespeare_char,159,val_eval,2.4870071411132812,0.000999678084165199,0.062088874376386605,
2025-09-15 03:48:10,ADAM_lr0.01,ADAM,2,shakespeare_char,159,train_iter,2.492626667022705,0.000999678084165199,0.06386212232532534,875.291109085083
2025-09-15 03:48:12,ADAM_lr0.01,ADAM,2,shakespeare_char,160,train_eval,2.478118658065796,0.0009996670806431804,0.06386212232532534,
2025-09-15 03:48:12,ADAM_lr0.01,ADAM,2,shakespeare_char,160,val_eval,2.4956836700439453,0.0009996670806431804,0.06386212232532534,
2025-09-15 03:48:12,ADAM_lr0.01,ADAM,2,shakespeare_char,160,train_iter,2.5309276580810547,0.0009996670806431804,0.061228547375920955,1861.8085384368896
2025-09-15 03:48:13,ADAM_lr0.01,ADAM,2,shakespeare_char,161,train_eval,2.4816882610321045,0.0009996558922800104,0.061228547375920955,
2025-09-15 03:48:13,ADAM_lr0.01,ADAM,2,shakespeare_char,161,val_eval,2.509213447570801,0.0009996558922800104,0.061228547375920955,
2025-09-15 03:48:13,ADAM_lr0.01,ADAM,2,shakespeare_char,161,train_iter,2.476583242416382,0.0009996558922800104,0.06166620451809623,1064.9614334106445
2025-09-15 03:48:14,ADAM_lr0.01,ADAM,2,shakespeare_char,162,train_eval,2.477511405944824,0.0009996445190802881,0.06166620451809623,
2025-09-15 03:48:14,ADAM_lr0.01,ADAM,2,shakespeare_char,162,val_eval,2.4961113929748535,0.0009996445190802881,0.06166620451809623,
2025-09-15 03:48:14,ADAM_lr0.01,ADAM,2,shakespeare_char,162,train_iter,2.4946935176849365,0.0009996445190802881,0.06321108447725497,906.0094356536865
2025-09-15 03:48:15,ADAM_lr0.01,ADAM,2,shakespeare_char,163,train_eval,2.4727296829223633,0.0009996329610486886,0.06321108447725497,
2025-09-15 03:48:15,ADAM_lr0.01,ADAM,2,shakespeare_char,163,val_eval,2.482835292816162,0.0009996329610486886,0.06321108447725497,
2025-09-15 03:48:15,ADAM_lr0.01,ADAM,2,shakespeare_char,163,train_iter,2.5259077548980713,0.0009996329610486886,0.0622474107570923,1304.1114807128906
2025-09-15 03:48:16,ADAM_lr0.01,ADAM,2,shakespeare_char,164,train_eval,2.4723448753356934,0.0009996212181899629,0.0622474107570923,
2025-09-15 03:48:16,ADAM_lr0.01,ADAM,2,shakespeare_char,164,val_eval,2.480940818786621,0.0009996212181899629,0.0622474107570923,
2025-09-15 03:48:17,ADAM_lr0.01,ADAM,2,shakespeare_char,164,train_iter,2.473207712173462,0.0009996212181899629,0.05981158236395785,1843.9834117889404
2025-09-15 03:48:18,ADAM_lr0.01,ADAM,2,shakespeare_char,165,train_eval,2.4757490158081055,0.000999609290508938,0.05981158236395785,
2025-09-15 03:48:18,ADAM_lr0.01,ADAM,2,shakespeare_char,165,val_eval,2.481433153152466,0.000999609290508938,0.05981158236395785,
2025-09-15 03:48:18,ADAM_lr0.01,ADAM,2,shakespeare_char,165,train_iter,2.4989192485809326,0.000999609290508938,0.060320852656576045,1076.460838317871
2025-09-15 03:48:19,ADAM_lr0.01,ADAM,2,shakespeare_char,166,train_eval,2.4793756008148193,0.000999597178010517,0.060320852656576045,
2025-09-15 03:48:19,ADAM_lr0.01,ADAM,2,shakespeare_char,166,val_eval,2.483708143234253,0.000999597178010517,0.060320852656576045,
2025-09-15 03:48:19,ADAM_lr0.01,ADAM,2,shakespeare_char,166,train_iter,2.511004686355591,0.000999597178010517,0.06227652713760803,874.6747970581055
2025-09-15 03:48:20,ADAM_lr0.01,ADAM,2,shakespeare_char,167,train_eval,2.4819483757019043,0.000999584880699679,0.06227652713760803,
2025-09-15 03:48:20,ADAM_lr0.01,ADAM,2,shakespeare_char,167,val_eval,2.498981237411499,0.000999584880699679,0.06227652713760803,
2025-09-15 03:48:20,ADAM_lr0.01,ADAM,2,shakespeare_char,167,train_iter,2.453805923461914,0.000999584880699679,0.06396692326324344,882.3754787445068
2025-09-15 03:48:21,ADAM_lr0.01,ADAM,2,shakespeare_char,168,train_eval,2.4803600311279297,0.0009995723985814788,0.06396692326324344,
2025-09-15 03:48:21,ADAM_lr0.01,ADAM,2,shakespeare_char,168,val_eval,2.498464584350586,0.0009995723985814788,0.06396692326324344,
2025-09-15 03:48:21,ADAM_lr0.01,ADAM,2,shakespeare_char,168,train_iter,2.5125765800476074,0.0009995723985814788,0.06431698975049586,1035.5627536773682
2025-09-15 03:48:22,ADAM_lr0.01,ADAM,2,shakespeare_char,169,train_eval,2.4737768173217773,0.0009995597316610474,0.06431698975049586,
2025-09-15 03:48:22,ADAM_lr0.01,ADAM,2,shakespeare_char,169,val_eval,2.4844162464141846,0.0009995597316610474,0.06431698975049586,
2025-09-15 03:48:22,ADAM_lr0.01,ADAM,2,shakespeare_char,169,train_iter,2.5049548149108887,0.0009995597316610474,0.06360147627450749,1222.2647666931152
2025-09-15 03:48:23,ADAM_lr0.01,ADAM,2,shakespeare_char,170,train_eval,2.4805781841278076,0.0009995468799435915,0.06360147627450749,
2025-09-15 03:48:23,ADAM_lr0.01,ADAM,2,shakespeare_char,170,val_eval,2.493166923522949,0.0009995468799435915,0.06360147627450749,
2025-09-15 03:48:23,ADAM_lr0.01,ADAM,2,shakespeare_char,170,train_iter,2.494692802429199,0.0009995468799435915,0.06306771606673693,1199.1465091705322
2025-09-15 03:48:24,ADAM_lr0.01,ADAM,2,shakespeare_char,171,train_eval,2.4744925498962402,0.0009995338434343943,0.06306771606673693,
2025-09-15 03:48:24,ADAM_lr0.01,ADAM,2,shakespeare_char,171,val_eval,2.4976308345794678,0.0009995338434343943,0.06306771606673693,
2025-09-15 03:48:24,ADAM_lr0.01,ADAM,2,shakespeare_char,171,train_iter,2.4779052734375,0.0009995338434343943,0.06441354923250023,912.9822254180908
2025-09-15 03:48:25,ADAM_lr0.01,ADAM,2,shakespeare_char,172,train_eval,2.476604700088501,0.0009995206221388145,0.06441354923250023,
2025-09-15 03:48:25,ADAM_lr0.01,ADAM,2,shakespeare_char,172,val_eval,2.507822036743164,0.0009995206221388145,0.06441354923250023,
2025-09-15 03:48:25,ADAM_lr0.01,ADAM,2,shakespeare_char,172,train_iter,2.5198659896850586,0.0009995206221388145,0.06518676717093942,968.4138298034668
2025-09-15 03:48:26,ADAM_lr0.01,ADAM,2,shakespeare_char,173,train_eval,2.4763057231903076,0.0009995072160622865,0.06518676717093942,
2025-09-15 03:48:26,ADAM_lr0.01,ADAM,2,shakespeare_char,173,val_eval,2.5098276138305664,0.0009995072160622865,0.06518676717093942,
2025-09-15 03:48:26,ADAM_lr0.01,ADAM,2,shakespeare_char,173,train_iter,2.465468406677246,0.0009995072160622865,0.06655429997877321,885.9379291534424
2025-09-15 03:48:28,ADAM_lr0.01,ADAM,2,shakespeare_char,174,train_eval,2.479753017425537,0.0009994936252103218,0.06655429997877321,
2025-09-15 03:48:28,ADAM_lr0.01,ADAM,2,shakespeare_char,174,val_eval,2.515760898590088,0.0009994936252103218,0.06655429997877321,
2025-09-15 03:48:28,ADAM_lr0.01,ADAM,2,shakespeare_char,174,train_iter,2.4613864421844482,0.0009994936252103218,0.06357703066528612,1899.5070457458496
2025-09-15 03:48:29,ADAM_lr0.01,ADAM,2,shakespeare_char,175,train_eval,2.4805684089660645,0.0009994798495885063,0.06357703066528612,
2025-09-15 03:48:29,ADAM_lr0.01,ADAM,2,shakespeare_char,175,val_eval,2.5146288871765137,0.0009994798495885063,0.06357703066528612,
2025-09-15 03:48:30,ADAM_lr0.01,ADAM,2,shakespeare_char,175,train_iter,2.501680850982666,0.0009994798495885063,0.06112454769286511,1789.064884185791
2025-09-15 03:48:31,ADAM_lr0.01,ADAM,2,shakespeare_char,176,train_eval,2.477905511856079,0.000999465889202503,0.06112454769286511,
2025-09-15 03:48:31,ADAM_lr0.01,ADAM,2,shakespeare_char,176,val_eval,2.50593900680542,0.000999465889202503,0.06112454769286511,
2025-09-15 03:48:31,ADAM_lr0.01,ADAM,2,shakespeare_char,176,train_iter,2.48289155960083,0.000999465889202503,0.05887841271542073,1807.0652484893799
2025-09-15 03:48:32,ADAM_lr0.01,ADAM,2,shakespeare_char,177,train_eval,2.4788269996643066,0.0009994517440580508,0.05887841271542073,
2025-09-15 03:48:32,ADAM_lr0.01,ADAM,2,shakespeare_char,177,val_eval,2.4990408420562744,0.0009994517440580508,0.05887841271542073,
2025-09-15 03:48:32,ADAM_lr0.01,ADAM,2,shakespeare_char,177,train_iter,2.5189948081970215,0.0009994517440580508,0.060583512542519834,920.1562404632568
2025-09-15 03:48:33,ADAM_lr0.01,ADAM,2,shakespeare_char,178,train_eval,2.4756336212158203,0.0009994374141609635,0.060583512542519834,
2025-09-15 03:48:33,ADAM_lr0.01,ADAM,2,shakespeare_char,178,val_eval,2.4932000637054443,0.0009994374141609635,0.060583512542519834,
2025-09-15 03:48:33,ADAM_lr0.01,ADAM,2,shakespeare_char,178,train_iter,2.504765510559082,0.0009994374141609635,0.06252281822948914,873.5923767089844
2025-09-15 03:48:34,ADAM_lr0.01,ADAM,2,shakespeare_char,179,train_eval,2.4735734462738037,0.0009994228995171322,0.06252281822948914,
2025-09-15 03:48:34,ADAM_lr0.01,ADAM,2,shakespeare_char,179,val_eval,2.494951009750366,0.0009994228995171322,0.06252281822948914,
2025-09-15 03:48:34,ADAM_lr0.01,ADAM,2,shakespeare_char,179,train_iter,2.46173357963562,0.0009994228995171322,0.061919384850995685,1236.8347644805908
2025-09-15 03:48:36,ADAM_lr0.01,ADAM,2,shakespeare_char,180,train_eval,2.493684768676758,0.000999408200132523,0.061919384850995685,
2025-09-15 03:48:36,ADAM_lr0.01,ADAM,2,shakespeare_char,180,val_eval,2.5326244831085205,0.000999408200132523,0.061919384850995685,
2025-09-15 03:48:36,ADAM_lr0.01,ADAM,2,shakespeare_char,180,train_iter,2.4904391765594482,0.000999408200132523,0.06049929451418858,1464.1480445861816
2025-09-15 03:48:37,ADAM_lr0.01,ADAM,2,shakespeare_char,181,train_eval,2.4847683906555176,0.0009993933160131784,0.06049929451418858,
2025-09-15 03:48:37,ADAM_lr0.01,ADAM,2,shakespeare_char,181,val_eval,2.53365159034729,0.0009993933160131784,0.06049929451418858,
2025-09-15 03:48:37,ADAM_lr0.01,ADAM,2,shakespeare_char,181,train_iter,2.5085647106170654,0.0009993933160131784,0.060139746794362695,1227.8072834014893
2025-09-15 03:48:38,ADAM_lr0.01,ADAM,2,shakespeare_char,182,train_eval,2.4906301498413086,0.0009993782471652167,0.060139746794362695,
2025-09-15 03:48:38,ADAM_lr0.01,ADAM,2,shakespeare_char,182,val_eval,2.51362681388855,0.0009993782471652167,0.060139746794362695,
2025-09-15 03:48:38,ADAM_lr0.01,ADAM,2,shakespeare_char,182,train_iter,2.4872796535491943,0.0009993782471652167,0.062038294301888355,882.9917907714844
2025-09-15 03:48:39,ADAM_lr0.01,ADAM,2,shakespeare_char,183,train_eval,2.488079309463501,0.0009993629935948318,0.062038294301888355,
2025-09-15 03:48:39,ADAM_lr0.01,ADAM,2,shakespeare_char,183,val_eval,2.5155534744262695,0.0009993629935948318,0.062038294301888355,
2025-09-15 03:48:39,ADAM_lr0.01,ADAM,2,shakespeare_char,183,train_iter,2.5039279460906982,0.0009993629935948318,0.06335755344629992,928.6999702453613
2025-09-15 03:48:40,ADAM_lr0.01,ADAM,2,shakespeare_char,184,train_eval,2.482640027999878,0.0009993475553082944,0.06335755344629992,
2025-09-15 03:48:40,ADAM_lr0.01,ADAM,2,shakespeare_char,184,val_eval,2.500659704208374,0.0009993475553082944,0.06335755344629992,
2025-09-15 03:48:40,ADAM_lr0.01,ADAM,2,shakespeare_char,184,train_iter,2.5215272903442383,0.0009993475553082944,0.06219504198992457,1350.543737411499
2025-09-15 03:48:42,ADAM_lr0.01,ADAM,2,shakespeare_char,185,train_eval,2.4753735065460205,0.0009993319323119503,0.06219504198992457,
2025-09-15 03:48:42,ADAM_lr0.01,ADAM,2,shakespeare_char,185,val_eval,2.4906418323516846,0.0009993319323119503,0.06219504198992457,
2025-09-15 03:48:42,ADAM_lr0.01,ADAM,2,shakespeare_char,185,train_iter,2.5130953788757324,0.0009993319323119503,0.06077546368478881,1455.5833339691162
2025-09-15 03:48:43,ADAM_lr0.01,ADAM,2,shakespeare_char,186,train_eval,2.463304042816162,0.0009993161246122217,0.06077546368478881,
2025-09-15 03:48:43,ADAM_lr0.01,ADAM,2,shakespeare_char,186,val_eval,2.481818914413452,0.0009993161246122217,0.06077546368478881,
2025-09-15 03:48:43,ADAM_lr0.01,ADAM,2,shakespeare_char,186,train_iter,2.4396586418151855,0.0009993161246122217,0.06266325952155129,877.1364688873291
2025-09-15 03:48:43,ADAM_lr0.01,ADAM,2,shakespeare_char,187,train_eval,2.469968795776367,0.0009993001322156061,0.06266325952155129,
2025-09-15 03:48:43,ADAM_lr0.01,ADAM,2,shakespeare_char,187,val_eval,2.4879043102264404,0.0009993001322156061,0.06266325952155129,
2025-09-15 03:48:43,ADAM_lr0.01,ADAM,2,shakespeare_char,187,train_iter,2.4805748462677,0.0009993001322156061,0.06410062098192741,906.928300857544
2025-09-15 03:48:45,ADAM_lr0.01,ADAM,2,shakespeare_char,188,train_eval,2.4738199710845947,0.000999283955128678,0.06410062098192741,
2025-09-15 03:48:45,ADAM_lr0.01,ADAM,2,shakespeare_char,188,val_eval,2.4966351985931396,0.000999283955128678,0.06410062098192741,
2025-09-15 03:48:45,ADAM_lr0.01,ADAM,2,shakespeare_char,188,train_iter,2.481332778930664,0.000999283955128678,0.06347676280581134,1207.4742317199707
2025-09-15 03:48:46,ADAM_lr0.01,ADAM,2,shakespeare_char,189,train_eval,2.4715638160705566,0.000999267593358087,0.06347676280581134,
2025-09-15 03:48:46,ADAM_lr0.01,ADAM,2,shakespeare_char,189,val_eval,2.4963200092315674,0.000999267593358087,0.06347676280581134,
2025-09-15 03:48:46,ADAM_lr0.01,ADAM,2,shakespeare_char,189,train_iter,2.5260777473449707,0.000999267593358087,0.061291960623803966,1678.3337593078613
2025-09-15 03:48:47,ADAM_lr0.01,ADAM,2,shakespeare_char,190,train_eval,2.4711122512817383,0.0009992510469105584,0.061291960623803966,
2025-09-15 03:48:47,ADAM_lr0.01,ADAM,2,shakespeare_char,190,val_eval,2.4943909645080566,0.0009992510469105584,0.061291960623803966,
2025-09-15 03:48:47,ADAM_lr0.01,ADAM,2,shakespeare_char,190,train_iter,2.449719190597534,0.0009992510469105584,0.06205477969486493,1013.7372016906738
2025-09-15 03:48:48,ADAM_lr0.01,ADAM,2,shakespeare_char,191,train_eval,2.466475009918213,0.000999234315792894,0.06205477969486493,
2025-09-15 03:48:48,ADAM_lr0.01,ADAM,2,shakespeare_char,191,val_eval,2.496450901031494,0.000999234315792894,0.06205477969486493,
2025-09-15 03:48:48,ADAM_lr0.01,ADAM,2,shakespeare_char,191,train_iter,2.4815568923950195,0.000999234315792894,0.06269503326178366,1020.5910205841064
2025-09-15 03:48:49,ADAM_lr0.01,ADAM,2,shakespeare_char,192,train_eval,2.464972496032715,0.0009992174000119718,0.06269503326178366,
2025-09-15 03:48:49,ADAM_lr0.01,ADAM,2,shakespeare_char,192,val_eval,2.490640640258789,0.0009992174000119718,0.06269503326178366,
2025-09-15 03:48:49,ADAM_lr0.01,ADAM,2,shakespeare_char,192,train_iter,2.477116107940674,0.0009992174000119718,0.06453064718258644,862.0100021362305
2025-09-15 03:48:51,ADAM_lr0.01,ADAM,2,shakespeare_char,193,train_eval,2.4632418155670166,0.0009992002995747448,0.06453064718258644,
2025-09-15 03:48:51,ADAM_lr0.01,ADAM,2,shakespeare_char,193,val_eval,2.491093158721924,0.0009992002995747448,0.06453064718258644,
2025-09-15 03:48:51,ADAM_lr0.01,ADAM,2,shakespeare_char,193,train_iter,2.4553143978118896,0.0009992002995747448,0.06333258393752239,1329.5319080352783
2025-09-15 03:48:52,ADAM_lr0.01,ADAM,2,shakespeare_char,194,train_eval,2.466273307800293,0.0009991830144882423,0.06333258393752239,
2025-09-15 03:48:52,ADAM_lr0.01,ADAM,2,shakespeare_char,194,val_eval,2.482168674468994,0.0009991830144882423,0.06333258393752239,
2025-09-15 03:48:52,ADAM_lr0.01,ADAM,2,shakespeare_char,194,train_iter,2.4564871788024902,0.0009991830144882423,0.06279786384840672,1204.9057483673096
2025-09-15 03:48:53,ADAM_lr0.01,ADAM,2,shakespeare_char,195,train_eval,2.465224266052246,0.0009991655447595697,0.06279786384840672,
2025-09-15 03:48:53,ADAM_lr0.01,ADAM,2,shakespeare_char,195,val_eval,2.4760615825653076,0.0009991655447595697,0.06279786384840672,
2025-09-15 03:48:54,ADAM_lr0.01,ADAM,2,shakespeare_char,195,train_iter,2.446190357208252,0.0009991655447595697,0.06005807869938982,1973.6411571502686
2025-09-15 03:48:55,ADAM_lr0.01,ADAM,2,shakespeare_char,196,train_eval,2.4743051528930664,0.0009991478903959082,0.06005807869938982,
2025-09-15 03:48:55,ADAM_lr0.01,ADAM,2,shakespeare_char,196,val_eval,2.479475736618042,0.0009991478903959082,0.06005807869938982,
2025-09-15 03:48:55,ADAM_lr0.01,ADAM,2,shakespeare_char,196,train_iter,2.4831953048706055,0.0009991478903959082,0.05802173063702568,1760.1115703582764
2025-09-15 03:48:57,ADAM_lr0.01,ADAM,2,shakespeare_char,197,train_eval,2.4671103954315186,0.0009991300514045147,0.05802173063702568,
2025-09-15 03:48:57,ADAM_lr0.01,ADAM,2,shakespeare_char,197,val_eval,2.480285406112671,0.0009991300514045147,0.05802173063702568,
2025-09-15 03:48:57,ADAM_lr0.01,ADAM,2,shakespeare_char,197,train_iter,2.5053069591522217,0.0009991300514045147,0.056702292522071755,1558.5780143737793
2025-09-15 03:48:58,ADAM_lr0.01,ADAM,2,shakespeare_char,198,train_eval,2.4603142738342285,0.0009991120277927223,0.056702292522071755,
2025-09-15 03:48:58,ADAM_lr0.01,ADAM,2,shakespeare_char,198,val_eval,2.473912239074707,0.0009991120277927223,0.056702292522071755,
2025-09-15 03:48:59,ADAM_lr0.01,ADAM,2,shakespeare_char,198,train_iter,2.4899725914001465,0.0009991120277927223,0.054602128687502284,1957.0207595825195
2025-09-15 03:49:00,ADAM_lr0.01,ADAM,2,shakespeare_char,199,train_eval,2.4559078216552734,0.0009990938195679395,0.054602128687502284,
2025-09-15 03:49:00,ADAM_lr0.01,ADAM,2,shakespeare_char,199,val_eval,2.485746383666992,0.0009990938195679395,0.054602128687502284,
2025-09-15 03:49:00,ADAM_lr0.01,ADAM,2,shakespeare_char,199,train_iter,2.4856622219085693,0.0009990938195679395,0.05572957904629789,1060.5721473693848
2025-09-15 03:49:01,ADAM_lr0.01,ADAM,2,shakespeare_char,200,train_eval,2.461867332458496,0.0009990754267376514,0.05572957904629789,
2025-09-15 03:49:01,ADAM_lr0.01,ADAM,2,shakespeare_char,200,val_eval,2.495586395263672,0.0009990754267376514,0.05572957904629789,
2025-09-15 03:51:28,ADAM_lr0.01,ADAM,2,shakespeare_char,200,train_iter,2.4696435928344727,0.0009990754267376514,0.050203795414911746,148103.8637161255
2025-09-15 03:51:38,ADAMW_lr0.0003,ADAMW,2,shakespeare_char,0,train_eval,4.270771503448486,9.900990099009901e-06,,
2025-09-15 03:51:38,ADAMW_lr0.0003,ADAMW,2,shakespeare_char,0,val_eval,4.269772529602051,9.900990099009901e-06,,
2025-09-15 03:54:51,ADAMW_lr0.0003,ADAMW,2,shakespeare_char,0,train_iter,4.265802383422852,9.900990099009901e-06,,195865.00930786133
2025-09-15 03:54:52,ADAMW_lr0.0003,ADAMW,2,shakespeare_char,1,train_eval,4.083425998687744,1.9801980198019803e-05,,
2025-09-15 03:54:52,ADAMW_lr0.0003,ADAMW,2,shakespeare_char,1,val_eval,4.0874128341674805,1.9801980198019803e-05,,
2025-09-15 03:54:53,ADAMW_lr0.0003,ADAMW,2,shakespeare_char,1,train_iter,4.133230686187744,1.9801980198019803e-05,,1614.2404079437256
2025-09-15 03:54:54,ADAMW_lr0.0003,ADAMW,2,shakespeare_char,2,train_eval,3.8177077770233154,2.9702970297029702e-05,,
2025-09-15 03:54:54,ADAMW_lr0.0003,ADAMW,2,shakespeare_char,2,val_eval,3.8277039527893066,2.9702970297029702e-05,,
2025-09-15 03:54:55,ADAMW_lr0.0003,ADAMW,2,shakespeare_char,2,train_iter,3.9058713912963867,2.9702970297029702e-05,,1794.797420501709
2025-09-15 03:54:56,ADAMW_lr0.0003,ADAMW,2,shakespeare_char,3,train_eval,3.6331586837768555,3.9603960396039605e-05,,
2025-09-15 03:54:56,ADAMW_lr0.0003,ADAMW,2,shakespeare_char,3,val_eval,3.6512060165405273,3.9603960396039605e-05,,
2025-09-15 03:54:57,ADAMW_lr0.0003,ADAMW,2,shakespeare_char,3,train_iter,3.692108154296875,3.9603960396039605e-05,,1986.1609935760498
2025-09-15 03:54:58,ADAMW_lr0.0003,ADAMW,2,shakespeare_char,4,train_eval,3.497499704360962,4.950495049504951e-05,,
2025-09-15 03:54:58,ADAMW_lr0.0003,ADAMW,2,shakespeare_char,4,val_eval,3.522467613220215,4.950495049504951e-05,,
2025-09-15 03:54:59,ADAMW_lr0.0003,ADAMW,2,shakespeare_char,4,train_iter,3.524606227874756,4.950495049504951e-05,,2470.6406593322754
2025-09-15 03:55:01,ADAMW_lr0.0003,ADAMW,2,shakespeare_char,5,train_eval,3.3958096504211426,5.9405940594059404e-05,,
2025-09-15 03:55:01,ADAMW_lr0.0003,ADAMW,2,shakespeare_char,5,val_eval,3.427701950073242,5.9405940594059404e-05,,
2025-09-15 03:55:01,ADAMW_lr0.0003,ADAMW,2,shakespeare_char,5,train_iter,3.478955030441284,5.9405940594059404e-05,0.031762485774247076,2199.6679306030273
2025-09-15 03:55:02,ADAMW_lr0.0003,ADAMW,2,shakespeare_char,6,train_eval,3.3376266956329346,6.930693069306931e-05,0.031762485774247076,
2025-09-15 03:55:02,ADAMW_lr0.0003,ADAMW,2,shakespeare_char,6,val_eval,3.3698625564575195,6.930693069306931e-05,0.031762485774247076,
2025-09-15 03:55:03,ADAMW_lr0.0003,ADAMW,2,shakespeare_char,6,train_iter,3.3858413696289062,6.930693069306931e-05,0.03339751125481945,1452.1501064300537
2025-09-15 03:55:04,ADAMW_lr0.0003,ADAMW,2,shakespeare_char,7,train_eval,3.286919593811035,7.920792079207921e-05,0.03339751125481945,
2025-09-15 03:55:04,ADAMW_lr0.0003,ADAMW,2,shakespeare_char,7,val_eval,3.318538188934326,7.920792079207921e-05,0.03339751125481945,
2025-09-15 03:55:04,ADAMW_lr0.0003,ADAMW,2,shakespeare_char,7,train_iter,3.3118484020233154,7.920792079207921e-05,0.0356448908695963,1250.4973411560059
2025-09-15 03:55:05,ADAMW_lr0.0003,ADAMW,2,shakespeare_char,8,train_eval,3.2517168521881104,8.910891089108912e-05,0.0356448908695963,
2025-09-15 03:55:05,ADAMW_lr0.0003,ADAMW,2,shakespeare_char,8,val_eval,3.2759642601013184,8.910891089108912e-05,0.0356448908695963,
2025-09-15 03:55:05,ADAMW_lr0.0003,ADAMW,2,shakespeare_char,8,train_iter,3.3327903747558594,8.910891089108912e-05,0.03710805940014384,1389.6515369415283
2025-09-15 03:55:06,ADAMW_lr0.0003,ADAMW,2,shakespeare_char,9,train_eval,3.1911981105804443,9.900990099009902e-05,0.03710805940014384,
2025-09-15 03:55:06,ADAMW_lr0.0003,ADAMW,2,shakespeare_char,9,val_eval,3.2213408946990967,9.900990099009902e-05,0.03710805940014384,
2025-09-15 03:55:07,ADAMW_lr0.0003,ADAMW,2,shakespeare_char,9,train_iter,3.223031997680664,9.900990099009902e-05,0.03800816848201349,1515.2506828308105
2025-09-15 03:55:08,ADAMW_lr0.0003,ADAMW,2,shakespeare_char,10,train_eval,3.1070783138275146,0.0001089108910891089,0.03800816848201349,
2025-09-15 03:55:08,ADAMW_lr0.0003,ADAMW,2,shakespeare_char,10,val_eval,3.138637065887451,0.0001089108910891089,0.03800816848201349,
2025-09-15 03:55:09,ADAMW_lr0.0003,ADAMW,2,shakespeare_char,10,train_iter,3.1272740364074707,0.0001089108910891089,0.0380030117950369,1840.705394744873
2025-09-15 03:55:10,ADAMW_lr0.0003,ADAMW,2,shakespeare_char,11,train_eval,3.0856308937072754,0.00011881188118811881,0.0380030117950369,
2025-09-15 03:55:10,ADAMW_lr0.0003,ADAMW,2,shakespeare_char,11,val_eval,3.1051948070526123,0.00011881188118811881,0.0380030117950369,
2025-09-15 03:55:10,ADAMW_lr0.0003,ADAMW,2,shakespeare_char,11,train_iter,3.126284122467041,0.00011881188118811881,0.03944504166247527,1332.7453136444092
2025-09-15 03:55:11,ADAMW_lr0.0003,ADAMW,2,shakespeare_char,12,train_eval,3.0448131561279297,0.00012871287128712872,0.03944504166247527,
2025-09-15 03:55:11,ADAMW_lr0.0003,ADAMW,2,shakespeare_char,12,val_eval,3.0596237182617188,0.00012871287128712872,0.03944504166247527,
2025-09-15 03:55:12,ADAMW_lr0.0003,ADAMW,2,shakespeare_char,12,train_iter,3.075005292892456,0.00012871287128712872,0.03916784141696409,1905.130386352539
2025-09-15 03:55:13,ADAMW_lr0.0003,ADAMW,2,shakespeare_char,13,train_eval,2.947462797164917,0.00013861386138613863,0.03916784141696409,
2025-09-15 03:55:13,ADAMW_lr0.0003,ADAMW,2,shakespeare_char,13,val_eval,2.9775686264038086,0.00013861386138613863,0.03916784141696409,
2025-09-15 03:55:13,ADAMW_lr0.0003,ADAMW,2,shakespeare_char,13,train_iter,3.033313274383545,0.00013861386138613863,0.04072049680181682,1277.4055004119873
2025-09-15 03:55:14,ADAMW_lr0.0003,ADAMW,2,shakespeare_char,14,train_eval,2.9096977710723877,0.0001485148514851485,0.04072049680181682,
2025-09-15 03:55:14,ADAMW_lr0.0003,ADAMW,2,shakespeare_char,14,val_eval,2.9290988445281982,0.0001485148514851485,0.04072049680181682,
2025-09-15 03:55:15,ADAMW_lr0.0003,ADAMW,2,shakespeare_char,14,train_iter,2.9923884868621826,0.0001485148514851485,0.04119389417197503,1537.0748043060303
2025-09-15 03:55:16,ADAMW_lr0.0003,ADAMW,2,shakespeare_char,15,train_eval,2.882242441177368,0.00015841584158415842,0.04119389417197503,
2025-09-15 03:55:16,ADAMW_lr0.0003,ADAMW,2,shakespeare_char,15,val_eval,2.899951696395874,0.00015841584158415842,0.04119389417197503,
2025-09-15 03:55:17,ADAMW_lr0.0003,ADAMW,2,shakespeare_char,15,train_iter,2.8894717693328857,0.00015841584158415842,0.040483471597762936,2049.504280090332
2025-09-15 03:55:18,ADAMW_lr0.0003,ADAMW,2,shakespeare_char,16,train_eval,2.840205669403076,0.00016831683168316833,0.040483471597762936,
2025-09-15 03:55:18,ADAMW_lr0.0003,ADAMW,2,shakespeare_char,16,val_eval,2.864042043685913,0.00016831683168316833,0.040483471597762936,
2025-09-15 03:55:19,ADAMW_lr0.0003,ADAMW,2,shakespeare_char,16,train_iter,2.9124200344085693,0.00016831683168316833,0.04005837725093737,1928.2927513122559
2025-09-15 03:55:20,ADAMW_lr0.0003,ADAMW,2,shakespeare_char,17,train_eval,2.8178281784057617,0.00017821782178217824,0.04005837725093737,
2025-09-15 03:55:20,ADAMW_lr0.0003,ADAMW,2,shakespeare_char,17,val_eval,2.833946943283081,0.00017821782178217824,0.04005837725093737,
2025-09-15 03:55:20,ADAMW_lr0.0003,ADAMW,2,shakespeare_char,17,train_iter,2.8706233501434326,0.00017821782178217824,0.040115402706274804,1719.6474075317383
2025-09-15 03:55:21,ADAMW_lr0.0003,ADAMW,2,shakespeare_char,18,train_eval,2.7885854244232178,0.00018811881188118812,0.040115402706274804,
2025-09-15 03:55:21,ADAMW_lr0.0003,ADAMW,2,shakespeare_char,18,val_eval,2.8053667545318604,0.00018811881188118812,0.040115402706274804,
2025-09-15 03:55:22,ADAMW_lr0.0003,ADAMW,2,shakespeare_char,18,train_iter,2.8250579833984375,0.00018811881188118812,0.041240582649018115,1360.1465225219727
2025-09-15 03:55:23,ADAMW_lr0.0003,ADAMW,2,shakespeare_char,19,train_eval,2.7684638500213623,0.00019801980198019803,0.041240582649018115,
2025-09-15 03:55:23,ADAMW_lr0.0003,ADAMW,2,shakespeare_char,19,val_eval,2.780043125152588,0.00019801980198019803,0.041240582649018115,
2025-09-15 03:55:23,ADAMW_lr0.0003,ADAMW,2,shakespeare_char,19,train_iter,2.7816553115844727,0.00019801980198019803,0.04207262046990271,1409.7168445587158
2025-09-15 03:55:24,ADAMW_lr0.0003,ADAMW,2,shakespeare_char,20,train_eval,2.7442383766174316,0.00020792079207920794,0.04207262046990271,
2025-09-15 03:55:24,ADAMW_lr0.0003,ADAMW,2,shakespeare_char,20,val_eval,2.7474095821380615,0.00020792079207920794,0.04207262046990271,
2025-09-15 03:55:25,ADAMW_lr0.0003,ADAMW,2,shakespeare_char,20,train_iter,2.814950704574585,0.00020792079207920794,0.042374280662863556,1549.5259761810303
2025-09-15 03:55:26,ADAMW_lr0.0003,ADAMW,2,shakespeare_char,21,train_eval,2.725781202316284,0.0002178217821782178,0.042374280662863556,
2025-09-15 03:55:26,ADAMW_lr0.0003,ADAMW,2,shakespeare_char,21,val_eval,2.7269515991210938,0.0002178217821782178,0.042374280662863556,
2025-09-15 03:55:26,ADAMW_lr0.0003,ADAMW,2,shakespeare_char,21,train_iter,2.793083906173706,0.0002178217821782178,0.043739543857838965,1247.0242977142334
2025-09-15 03:55:27,ADAMW_lr0.0003,ADAMW,2,shakespeare_char,22,train_eval,2.706252336502075,0.0002277227722772277,0.043739543857838965,
2025-09-15 03:55:27,ADAMW_lr0.0003,ADAMW,2,shakespeare_char,22,val_eval,2.7060248851776123,0.0002277227722772277,0.043739543857838965,
2025-09-15 03:55:28,ADAMW_lr0.0003,ADAMW,2,shakespeare_char,22,train_iter,2.7232232093811035,0.0002277227722772277,0.04363927119438599,1634.8180770874023
2025-09-15 03:55:29,ADAMW_lr0.0003,ADAMW,2,shakespeare_char,23,train_eval,2.691218614578247,0.00023762376237623762,0.04363927119438599,
2025-09-15 03:55:29,ADAMW_lr0.0003,ADAMW,2,shakespeare_char,23,val_eval,2.6937689781188965,0.00023762376237623762,0.04363927119438599,
2025-09-15 03:55:29,ADAMW_lr0.0003,ADAMW,2,shakespeare_char,23,train_iter,2.7151713371276855,0.00023762376237623762,0.043650360519187234,1596.952199935913
2025-09-15 03:55:30,ADAMW_lr0.0003,ADAMW,2,shakespeare_char,24,train_eval,2.6795313358306885,0.00024752475247524753,0.043650360519187234,
2025-09-15 03:55:30,ADAMW_lr0.0003,ADAMW,2,shakespeare_char,24,val_eval,2.679622173309326,0.00024752475247524753,0.043650360519187234,
2025-09-15 03:55:31,ADAMW_lr0.0003,ADAMW,2,shakespeare_char,24,train_iter,2.709721565246582,0.00024752475247524753,0.04340996469041845,1693.8912868499756
2025-09-15 03:55:32,ADAMW_lr0.0003,ADAMW,2,shakespeare_char,25,train_eval,2.6871120929718018,0.00025742574257425744,0.04340996469041845,
2025-09-15 03:55:32,ADAMW_lr0.0003,ADAMW,2,shakespeare_char,25,val_eval,2.6829211711883545,0.00025742574257425744,0.04340996469041845,
2025-09-15 03:55:32,ADAMW_lr0.0003,ADAMW,2,shakespeare_char,25,train_iter,2.7114739418029785,0.00025742574257425744,0.0470574378312783,874.5970726013184
2025-09-15 03:55:33,ADAMW_lr0.0003,ADAMW,2,shakespeare_char,26,train_eval,2.6716322898864746,0.00026732673267326735,0.0470574378312783,
2025-09-15 03:55:33,ADAMW_lr0.0003,ADAMW,2,shakespeare_char,26,val_eval,2.671017646789551,0.00026732673267326735,0.0470574378312783,
2025-09-15 03:55:33,ADAMW_lr0.0003,ADAMW,2,shakespeare_char,26,train_iter,2.6449036598205566,0.00026732673267326735,0.04795469061193708,1246.9563484191895
2025-09-15 03:55:34,ADAMW_lr0.0003,ADAMW,2,shakespeare_char,27,train_eval,2.6495630741119385,0.00027722772277227726,0.04795469061193708,
2025-09-15 03:55:34,ADAMW_lr0.0003,ADAMW,2,shakespeare_char,27,val_eval,2.648946762084961,0.00027722772277227726,0.04795469061193708,
2025-09-15 03:55:34,ADAMW_lr0.0003,ADAMW,2,shakespeare_char,27,train_iter,2.6638059616088867,0.00027722772277227726,0.04873710963331371,1252.5694370269775
2025-09-15 03:55:35,ADAMW_lr0.0003,ADAMW,2,shakespeare_char,28,train_eval,2.639657974243164,0.00028712871287128717,0.04873710963331371,
2025-09-15 03:55:35,ADAMW_lr0.0003,ADAMW,2,shakespeare_char,28,val_eval,2.645472526550293,0.00028712871287128717,0.04873710963331371,
2025-09-15 03:55:36,ADAMW_lr0.0003,ADAMW,2,shakespeare_char,28,train_iter,2.671264410018921,0.00028712871287128717,0.04791706445971217,1723.5491275787354
2025-09-15 03:55:37,ADAMW_lr0.0003,ADAMW,2,shakespeare_char,29,train_eval,2.652255058288574,0.000297029702970297,0.04791706445971217,
2025-09-15 03:55:37,ADAMW_lr0.0003,ADAMW,2,shakespeare_char,29,val_eval,2.648736000061035,0.000297029702970297,0.04791706445971217,
2025-09-15 03:55:37,ADAMW_lr0.0003,ADAMW,2,shakespeare_char,29,train_iter,2.648569107055664,0.000297029702970297,0.04832391007875485,1343.9688682556152
2025-09-15 03:55:39,ADAMW_lr0.0003,ADAMW,2,shakespeare_char,30,train_eval,2.655616521835327,0.00030693069306930693,0.04832391007875485,
2025-09-15 03:55:39,ADAMW_lr0.0003,ADAMW,2,shakespeare_char,30,val_eval,2.6467950344085693,0.00030693069306930693,0.04832391007875485,
2025-09-15 03:55:39,ADAMW_lr0.0003,ADAMW,2,shakespeare_char,30,train_iter,2.6568520069122314,0.00030693069306930693,0.0481189292961746,1509.8493099212646
2025-09-15 03:55:40,ADAMW_lr0.0003,ADAMW,2,shakespeare_char,31,train_eval,2.6390857696533203,0.00031683168316831684,0.0481189292961746,
2025-09-15 03:55:40,ADAMW_lr0.0003,ADAMW,2,shakespeare_char,31,val_eval,2.6247212886810303,0.00031683168316831684,0.0481189292961746,
2025-09-15 03:55:41,ADAMW_lr0.0003,ADAMW,2,shakespeare_char,31,train_iter,2.6733927726745605,0.00031683168316831684,0.046120273336558354,2483.506441116333
2025-09-15 03:55:43,ADAMW_lr0.0003,ADAMW,2,shakespeare_char,32,train_eval,2.621769428253174,0.00032673267326732675,0.046120273336558354,
2025-09-15 03:55:43,ADAMW_lr0.0003,ADAMW,2,shakespeare_char,32,val_eval,2.6108615398406982,0.00032673267326732675,0.046120273336558354,
2025-09-15 03:55:45,ADAMW_lr0.0003,ADAMW,2,shakespeare_char,32,train_iter,2.6464297771453857,0.00032673267326732675,0.04368924746449532,3203.433036804199
2025-09-15 03:55:46,ADAMW_lr0.0003,ADAMW,2,shakespeare_char,33,train_eval,2.6130893230438232,0.00033663366336633666,0.04368924746449532,
2025-09-15 03:55:46,ADAMW_lr0.0003,ADAMW,2,shakespeare_char,33,val_eval,2.6071720123291016,0.00033663366336633666,0.04368924746449532,
2025-09-15 03:55:47,ADAMW_lr0.0003,ADAMW,2,shakespeare_char,33,train_iter,2.5848186016082764,0.00033663366336633666,0.04224027118008828,2392.745018005371
2025-09-15 03:55:49,ADAMW_lr0.0003,ADAMW,2,shakespeare_char,34,train_eval,2.610790729522705,0.00034653465346534657,0.04224027118008828,
2025-09-15 03:55:49,ADAMW_lr0.0003,ADAMW,2,shakespeare_char,34,val_eval,2.6052167415618896,0.00034653465346534657,0.04224027118008828,
2025-09-15 03:55:50,ADAMW_lr0.0003,ADAMW,2,shakespeare_char,34,train_iter,2.6544430255889893,0.00034653465346534657,0.040585559633989604,2719.2814350128174
2025-09-15 03:55:51,ADAMW_lr0.0003,ADAMW,2,shakespeare_char,35,train_eval,2.6070008277893066,0.0003564356435643565,0.040585559633989604,
2025-09-15 03:55:51,ADAMW_lr0.0003,ADAMW,2,shakespeare_char,35,val_eval,2.6035878658294678,0.0003564356435643565,0.040585559633989604,
2025-09-15 03:55:52,ADAMW_lr0.0003,ADAMW,2,shakespeare_char,35,train_iter,2.6153676509857178,0.0003564356435643565,0.039822807567638605,2119.874954223633
2025-09-15 03:55:54,ADAMW_lr0.0003,ADAMW,2,shakespeare_char,36,train_eval,2.595947265625,0.00036633663366336634,0.039822807567638605,
2025-09-15 03:55:54,ADAMW_lr0.0003,ADAMW,2,shakespeare_char,36,val_eval,2.593676805496216,0.00036633663366336634,0.039822807567638605,
2025-09-15 03:55:54,ADAMW_lr0.0003,ADAMW,2,shakespeare_char,36,train_iter,2.6215150356292725,0.00036633663366336634,0.03845841291618889,2668.8296794891357
2025-09-15 03:55:55,ADAMW_lr0.0003,ADAMW,2,shakespeare_char,37,train_eval,2.5944464206695557,0.00037623762376237625,0.03845841291618889,
2025-09-15 03:55:55,ADAMW_lr0.0003,ADAMW,2,shakespeare_char,37,val_eval,2.59814453125,0.00037623762376237625,0.03845841291618889,
2025-09-15 03:55:55,ADAMW_lr0.0003,ADAMW,2,shakespeare_char,37,train_iter,2.6011650562286377,0.00037623762376237625,0.04169066820348092,987.086296081543
2025-09-15 03:55:56,ADAMW_lr0.0003,ADAMW,2,shakespeare_char,38,train_eval,2.5876243114471436,0.00038613861386138616,0.04169066820348092,
2025-09-15 03:55:56,ADAMW_lr0.0003,ADAMW,2,shakespeare_char,38,val_eval,2.5979583263397217,0.00038613861386138616,0.04169066820348092,
2025-09-15 03:55:56,ADAMW_lr0.0003,ADAMW,2,shakespeare_char,38,train_iter,2.5732619762420654,0.00038613861386138616,0.045512669820032235,874.3126392364502
2025-09-15 03:55:57,ADAMW_lr0.0003,ADAMW,2,shakespeare_char,39,train_eval,2.5916738510131836,0.00039603960396039607,0.045512669820032235,
2025-09-15 03:55:57,ADAMW_lr0.0003,ADAMW,2,shakespeare_char,39,val_eval,2.5904550552368164,0.00039603960396039607,0.045512669820032235,
2025-09-15 03:55:58,ADAMW_lr0.0003,ADAMW,2,shakespeare_char,39,train_iter,2.6030964851379395,0.00039603960396039607,0.04532490029517099,1601.167917251587
2025-09-15 03:55:59,ADAMW_lr0.0003,ADAMW,2,shakespeare_char,40,train_eval,2.6001574993133545,0.000405940594059406,0.04532490029517099,
2025-09-15 03:55:59,ADAMW_lr0.0003,ADAMW,2,shakespeare_char,40,val_eval,2.5931918621063232,0.000405940594059406,0.04532490029517099,
2025-09-15 03:55:59,ADAMW_lr0.0003,ADAMW,2,shakespeare_char,40,train_iter,2.5683562755584717,0.000405940594059406,0.04801847738278902,966.8734073638916
2025-09-15 03:56:00,ADAMW_lr0.0003,ADAMW,2,shakespeare_char,41,train_eval,2.586707353591919,0.0004158415841584159,0.04801847738278902,
2025-09-15 03:56:00,ADAMW_lr0.0003,ADAMW,2,shakespeare_char,41,val_eval,2.5806005001068115,0.0004158415841584159,0.04801847738278902,
2025-09-15 03:56:00,ADAMW_lr0.0003,ADAMW,2,shakespeare_char,41,train_iter,2.6254684925079346,0.0004158415841584159,0.04831652871794643,1369.966745376587
2025-09-15 03:56:01,ADAMW_lr0.0003,ADAMW,2,shakespeare_char,42,train_eval,2.576442241668701,0.0004257425742574258,0.04831652871794643,
2025-09-15 03:56:01,ADAMW_lr0.0003,ADAMW,2,shakespeare_char,42,val_eval,2.5740604400634766,0.0004257425742574258,0.04831652871794643,
2025-09-15 03:56:02,ADAMW_lr0.0003,ADAMW,2,shakespeare_char,42,train_iter,2.6439383029937744,0.0004257425742574258,0.04769779973732198,1658.3950519561768
2025-09-15 03:56:03,ADAMW_lr0.0003,ADAMW,2,shakespeare_char,43,train_eval,2.5737617015838623,0.0004356435643564356,0.04769779973732198,
2025-09-15 03:56:03,ADAMW_lr0.0003,ADAMW,2,shakespeare_char,43,val_eval,2.5714025497436523,0.0004356435643564356,0.04769779973732198,
2025-09-15 03:56:03,ADAMW_lr0.0003,ADAMW,2,shakespeare_char,43,train_iter,2.5663576126098633,0.0004356435643564356,0.04742303889071987,1554.3186664581299
2025-09-15 03:56:04,ADAMW_lr0.0003,ADAMW,2,shakespeare_char,44,train_eval,2.575815439224243,0.0004455445544554455,0.04742303889071987,
2025-09-15 03:56:04,ADAMW_lr0.0003,ADAMW,2,shakespeare_char,44,val_eval,2.5748887062072754,0.0004455445544554455,0.04742303889071987,
2025-09-15 03:56:04,ADAMW_lr0.0003,ADAMW,2,shakespeare_char,44,train_iter,2.5612683296203613,0.0004455445544554455,0.05064113303096833,877.6812553405762
2025-09-15 03:56:05,ADAMW_lr0.0003,ADAMW,2,shakespeare_char,45,train_eval,2.576125383377075,0.0004554455445544554,0.05064113303096833,
2025-09-15 03:56:05,ADAMW_lr0.0003,ADAMW,2,shakespeare_char,45,val_eval,2.5680267810821533,0.0004554455445544554,0.05064113303096833,
2025-09-15 03:56:06,ADAMW_lr0.0003,ADAMW,2,shakespeare_char,45,train_iter,2.567882537841797,0.0004554455445544554,0.05123404129247236,1235.0478172302246
2025-09-15 03:56:06,ADAMW_lr0.0003,ADAMW,2,shakespeare_char,46,train_eval,2.5714547634124756,0.0004653465346534653,0.05123404129247236,
2025-09-15 03:56:06,ADAMW_lr0.0003,ADAMW,2,shakespeare_char,46,val_eval,2.5661983489990234,0.0004653465346534653,0.05123404129247236,
2025-09-15 03:56:07,ADAMW_lr0.0003,ADAMW,2,shakespeare_char,46,train_iter,2.5945067405700684,0.0004653465346534653,0.05022716507370371,1697.2293853759766
2025-09-15 03:56:08,ADAMW_lr0.0003,ADAMW,2,shakespeare_char,47,train_eval,2.562129497528076,0.00047524752475247524,0.05022716507370371,
2025-09-15 03:56:08,ADAMW_lr0.0003,ADAMW,2,shakespeare_char,47,val_eval,2.5664103031158447,0.00047524752475247524,0.05022716507370371,
2025-09-15 03:56:08,ADAMW_lr0.0003,ADAMW,2,shakespeare_char,47,train_iter,2.545236110687256,0.00047524752475247524,0.05315336133136202,878.9494037628174
2025-09-15 03:56:09,ADAMW_lr0.0003,ADAMW,2,shakespeare_char,48,train_eval,2.582324504852295,0.00048514851485148515,0.05315336133136202,
2025-09-15 03:56:09,ADAMW_lr0.0003,ADAMW,2,shakespeare_char,48,val_eval,2.5881223678588867,0.00048514851485148515,0.05315336133136202,
2025-09-15 03:56:09,ADAMW_lr0.0003,ADAMW,2,shakespeare_char,48,train_iter,2.61922025680542,0.00048514851485148515,0.05374176979149595,1183.434009552002
2025-09-15 03:56:10,ADAMW_lr0.0003,ADAMW,2,shakespeare_char,49,train_eval,2.5642049312591553,0.0004950495049504951,0.05374176979149595,
2025-09-15 03:56:10,ADAMW_lr0.0003,ADAMW,2,shakespeare_char,49,val_eval,2.5767874717712402,0.0004950495049504951,0.05374176979149595,
2025-09-15 03:56:10,ADAMW_lr0.0003,ADAMW,2,shakespeare_char,49,train_iter,2.5928313732147217,0.0004950495049504951,0.055481715879304,982.0876121520996
2025-09-15 03:56:11,ADAMW_lr0.0003,ADAMW,2,shakespeare_char,50,train_eval,2.5598506927490234,0.000504950495049505,0.055481715879304,
2025-09-15 03:56:11,ADAMW_lr0.0003,ADAMW,2,shakespeare_char,50,val_eval,2.5619020462036133,0.000504950495049505,0.055481715879304,
2025-09-15 03:56:12,ADAMW_lr0.0003,ADAMW,2,shakespeare_char,50,train_iter,2.5861387252807617,0.000504950495049505,0.054582766211818276,1502.7658939361572
2025-09-15 03:56:13,ADAMW_lr0.0003,ADAMW,2,shakespeare_char,51,train_eval,2.5598928928375244,0.0005148514851485149,0.054582766211818276,
2025-09-15 03:56:13,ADAMW_lr0.0003,ADAMW,2,shakespeare_char,51,val_eval,2.5602312088012695,0.0005148514851485149,0.054582766211818276,
2025-09-15 03:56:13,ADAMW_lr0.0003,ADAMW,2,shakespeare_char,51,train_iter,2.538168430328369,0.0005148514851485149,0.05376733695329489,1504.8291683197021
2025-09-15 03:56:14,ADAMW_lr0.0003,ADAMW,2,shakespeare_char,52,train_eval,2.5498456954956055,0.0005247524752475248,0.05376733695329489,
2025-09-15 03:56:14,ADAMW_lr0.0003,ADAMW,2,shakespeare_char,52,val_eval,2.5568344593048096,0.0005247524752475248,0.05376733695329489,
2025-09-15 03:56:15,ADAMW_lr0.0003,ADAMW,2,shakespeare_char,52,train_iter,2.541840076446533,0.0005247524752475248,0.05359680066537841,1341.9952392578125
2025-09-15 03:56:16,ADAMW_lr0.0003,ADAMW,2,shakespeare_char,53,train_eval,2.554069757461548,0.0005346534653465347,0.05359680066537841,
2025-09-15 03:56:16,ADAMW_lr0.0003,ADAMW,2,shakespeare_char,53,val_eval,2.5537867546081543,0.0005346534653465347,0.05359680066537841,
2025-09-15 03:56:16,ADAMW_lr0.0003,ADAMW,2,shakespeare_char,53,train_iter,2.586577892303467,0.0005346534653465347,0.05377469579064062,1261.687994003296
2025-09-15 03:56:17,ADAMW_lr0.0003,ADAMW,2,shakespeare_char,54,train_eval,2.559771776199341,0.0005445544554455446,0.05377469579064062,
2025-09-15 03:56:17,ADAMW_lr0.0003,ADAMW,2,shakespeare_char,54,val_eval,2.5591516494750977,0.0005445544554455446,0.05377469579064062,
2025-09-15 03:56:17,ADAMW_lr0.0003,ADAMW,2,shakespeare_char,54,train_iter,2.5621116161346436,0.0005445544554455446,0.053009832289091605,1514.695167541504
2025-09-15 03:56:19,ADAMW_lr0.0003,ADAMW,2,shakespeare_char,55,train_eval,2.548863172531128,0.0005544554455445545,0.053009832289091605,
2025-09-15 03:56:19,ADAMW_lr0.0003,ADAMW,2,shakespeare_char,55,val_eval,2.5449416637420654,0.0005544554455445545,0.053009832289091605,
2025-09-15 03:56:19,ADAMW_lr0.0003,ADAMW,2,shakespeare_char,55,train_iter,2.618344783782959,0.0005544554455445545,0.0513751009179308,1905.677080154419
2025-09-15 03:56:20,ADAMW_lr0.0003,ADAMW,2,shakespeare_char,56,train_eval,2.5592141151428223,0.0005643564356435644,0.0513751009179308,
2025-09-15 03:56:20,ADAMW_lr0.0003,ADAMW,2,shakespeare_char,56,val_eval,2.5667529106140137,0.0005643564356435644,0.0513751009179308,
2025-09-15 03:56:20,ADAMW_lr0.0003,ADAMW,2,shakespeare_char,56,train_iter,2.601896286010742,0.0005643564356435644,0.05403225654008318,896.3427543640137
2025-09-15 03:56:21,ADAMW_lr0.0003,ADAMW,2,shakespeare_char,57,train_eval,2.5549685955047607,0.0005742574257425743,0.05403225654008318,
2025-09-15 03:56:21,ADAMW_lr0.0003,ADAMW,2,shakespeare_char,57,val_eval,2.563962459564209,0.0005742574257425743,0.05403225654008318,
2025-09-15 03:56:21,ADAMW_lr0.0003,ADAMW,2,shakespeare_char,57,train_iter,2.5981035232543945,0.0005742574257425743,0.05662470860840379,873.8086223602295
2025-09-15 03:56:22,ADAMW_lr0.0003,ADAMW,2,shakespeare_char,58,train_eval,2.551309108734131,0.0005841584158415842,0.05662470860840379,
2025-09-15 03:56:22,ADAMW_lr0.0003,ADAMW,2,shakespeare_char,58,val_eval,2.5498199462890625,0.0005841584158415842,0.05662470860840379,
2025-09-15 03:56:22,ADAMW_lr0.0003,ADAMW,2,shakespeare_char,58,train_iter,2.580784320831299,0.0005841584158415842,0.05908040502098413,860.6243133544922
2025-09-15 03:56:23,ADAMW_lr0.0003,ADAMW,2,shakespeare_char,59,train_eval,2.54706072807312,0.000594059405940594,0.05908040502098413,
2025-09-15 03:56:23,ADAMW_lr0.0003,ADAMW,2,shakespeare_char,59,val_eval,2.5419867038726807,0.000594059405940594,0.05908040502098413,
2025-09-15 03:56:23,ADAMW_lr0.0003,ADAMW,2,shakespeare_char,59,train_iter,2.579493999481201,0.000594059405940594,0.058327620588388085,1355.2560806274414
2025-09-15 03:56:25,ADAMW_lr0.0003,ADAMW,2,shakespeare_char,60,train_eval,2.560640335083008,0.000603960396039604,0.058327620588388085,
2025-09-15 03:56:25,ADAMW_lr0.0003,ADAMW,2,shakespeare_char,60,val_eval,2.550008535385132,0.000603960396039604,0.058327620588388085,
2025-09-15 03:56:25,ADAMW_lr0.0003,ADAMW,2,shakespeare_char,60,train_iter,2.572519302368164,0.000603960396039604,0.05748587445045762,1399.8537063598633
2025-09-15 03:56:26,ADAMW_lr0.0003,ADAMW,2,shakespeare_char,61,train_eval,2.5560591220855713,0.0006138613861386139,0.05748587445045762,
2025-09-15 03:56:26,ADAMW_lr0.0003,ADAMW,2,shakespeare_char,61,val_eval,2.5569469928741455,0.0006138613861386139,0.05748587445045762,
2025-09-15 03:56:26,ADAMW_lr0.0003,ADAMW,2,shakespeare_char,61,train_iter,2.5988659858703613,0.0006138613861386139,0.058325293824055255,1060.5168342590332
2025-09-15 03:56:27,ADAMW_lr0.0003,ADAMW,2,shakespeare_char,62,train_eval,2.5399222373962402,0.0006237623762376238,0.058325293824055255,
2025-09-15 03:56:27,ADAMW_lr0.0003,ADAMW,2,shakespeare_char,62,val_eval,2.550262451171875,0.0006237623762376238,0.058325293824055255,
2025-09-15 03:56:27,ADAMW_lr0.0003,ADAMW,2,shakespeare_char,62,train_iter,2.594862937927246,0.0006237623762376238,0.05869169913695709,1127.0794868469238
2025-09-15 03:56:28,ADAMW_lr0.0003,ADAMW,2,shakespeare_char,63,train_eval,2.548640251159668,0.0006336633663366337,0.05869169913695709,
2025-09-15 03:56:28,ADAMW_lr0.0003,ADAMW,2,shakespeare_char,63,val_eval,2.5650949478149414,0.0006336633663366337,0.05869169913695709,
2025-09-15 03:56:28,ADAMW_lr0.0003,ADAMW,2,shakespeare_char,63,train_iter,2.532867431640625,0.0006336633663366337,0.058752937272497224,1178.1132221221924
2025-09-15 03:56:29,ADAMW_lr0.0003,ADAMW,2,shakespeare_char,64,train_eval,2.548243999481201,0.0006435643564356436,0.058752937272497224,
2025-09-15 03:56:29,ADAMW_lr0.0003,ADAMW,2,shakespeare_char,64,val_eval,2.56217885017395,0.0006435643564356436,0.058752937272497224,
2025-09-15 03:56:29,ADAMW_lr0.0003,ADAMW,2,shakespeare_char,64,train_iter,2.576529026031494,0.0006435643564356436,0.06072692069304486,890.1064395904541
2025-09-15 03:56:30,ADAMW_lr0.0003,ADAMW,2,shakespeare_char,65,train_eval,2.5492825508117676,0.0006534653465346535,0.06072692069304486,
2025-09-15 03:56:30,ADAMW_lr0.0003,ADAMW,2,shakespeare_char,65,val_eval,2.557196855545044,0.0006534653465346535,0.06072692069304486,
2025-09-15 03:56:30,ADAMW_lr0.0003,ADAMW,2,shakespeare_char,65,train_iter,2.569478988647461,0.0006534653465346535,0.06239427699858577,902.667760848999
2025-09-15 03:56:31,ADAMW_lr0.0003,ADAMW,2,shakespeare_char,66,train_eval,2.5452370643615723,0.0006633663366336634,0.06239427699858577,
2025-09-15 03:56:31,ADAMW_lr0.0003,ADAMW,2,shakespeare_char,66,val_eval,2.549685478210449,0.0006633663366336634,0.06239427699858577,
2025-09-15 03:56:31,ADAMW_lr0.0003,ADAMW,2,shakespeare_char,66,train_iter,2.5636558532714844,0.0006633663366336634,0.06426627300684422,861.339807510376
2025-09-15 03:56:32,ADAMW_lr0.0003,ADAMW,2,shakespeare_char,67,train_eval,2.547562599182129,0.0006732673267326733,0.06426627300684422,
2025-09-15 03:56:32,ADAMW_lr0.0003,ADAMW,2,shakespeare_char,67,val_eval,2.5499699115753174,0.0006732673267326733,0.06426627300684422,
2025-09-15 03:56:32,ADAMW_lr0.0003,ADAMW,2,shakespeare_char,67,train_iter,2.536000967025757,0.0006732673267326733,0.06598597981690757,857.6486110687256
2025-09-15 03:56:32,ADAMW_lr0.0003,ADAMW,2,shakespeare_char,68,train_eval,2.5526819229125977,0.0006831683168316832,0.06598597981690757,
2025-09-15 03:56:32,ADAMW_lr0.0003,ADAMW,2,shakespeare_char,68,val_eval,2.5580568313598633,0.0006831683168316832,0.06598597981690757,
2025-09-15 03:56:32,ADAMW_lr0.0003,ADAMW,2,shakespeare_char,68,train_iter,2.5870871543884277,0.0006831683168316832,0.06756659661498052,854.2008399963379
2025-09-15 03:56:33,ADAMW_lr0.0003,ADAMW,2,shakespeare_char,69,train_eval,2.5493757724761963,0.0006930693069306931,0.06756659661498052,
2025-09-15 03:56:33,ADAMW_lr0.0003,ADAMW,2,shakespeare_char,69,val_eval,2.552711009979248,0.0006930693069306931,0.06756659661498052,
2025-09-15 03:56:33,ADAMW_lr0.0003,ADAMW,2,shakespeare_char,69,train_iter,2.5954694747924805,0.0006930693069306931,0.06898426462891517,854.7115325927734
2025-09-15 03:56:34,ADAMW_lr0.0003,ADAMW,2,shakespeare_char,70,train_eval,2.547135591506958,0.000702970297029703,0.06898426462891517,
2025-09-15 03:56:34,ADAMW_lr0.0003,ADAMW,2,shakespeare_char,70,val_eval,2.558614730834961,0.000702970297029703,0.06898426462891517,
2025-09-15 03:56:34,ADAMW_lr0.0003,ADAMW,2,shakespeare_char,70,train_iter,2.528385639190674,0.000702970297029703,0.06888892672484517,1026.9882678985596
2025-09-15 03:56:35,ADAMW_lr0.0003,ADAMW,2,shakespeare_char,71,train_eval,2.5521063804626465,0.000712871287128713,0.06888892672484517,
2025-09-15 03:56:35,ADAMW_lr0.0003,ADAMW,2,shakespeare_char,71,val_eval,2.5465264320373535,0.000712871287128713,0.06888892672484517,
2025-09-15 03:56:35,ADAMW_lr0.0003,ADAMW,2,shakespeare_char,71,train_iter,2.605433464050293,0.000712871287128713,0.07017745484635575,854.3882369995117
2025-09-15 03:56:36,ADAMW_lr0.0003,ADAMW,2,shakespeare_char,72,train_eval,2.5508086681365967,0.0007227722772277228,0.07017745484635575,
2025-09-15 03:56:36,ADAMW_lr0.0003,ADAMW,2,shakespeare_char,72,val_eval,2.547896385192871,0.0007227722772277228,0.07017745484635575,
2025-09-15 03:56:36,ADAMW_lr0.0003,ADAMW,2,shakespeare_char,72,train_iter,2.5632786750793457,0.0007227722772277228,0.07126653742465096,861.828088760376
2025-09-15 03:56:37,ADAMW_lr0.0003,ADAMW,2,shakespeare_char,73,train_eval,2.541015148162842,0.0007326732673267327,0.07126653742465096,
2025-09-15 03:56:37,ADAMW_lr0.0003,ADAMW,2,shakespeare_char,73,val_eval,2.5446624755859375,0.0007326732673267327,0.07126653742465096,
2025-09-15 03:56:37,ADAMW_lr0.0003,ADAMW,2,shakespeare_char,73,train_iter,2.5488100051879883,0.0007326732673267327,0.0707012960211134,1064.8152828216553
2025-09-15 03:56:38,ADAMW_lr0.0003,ADAMW,2,shakespeare_char,74,train_eval,2.5329244136810303,0.0007425742574257426,0.0707012960211134,
2025-09-15 03:56:38,ADAMW_lr0.0003,ADAMW,2,shakespeare_char,74,val_eval,2.5406627655029297,0.0007425742574257426,0.0707012960211134,
2025-09-15 03:56:39,ADAMW_lr0.0003,ADAMW,2,shakespeare_char,74,train_iter,2.5330357551574707,0.0007425742574257426,0.06723972771749555,1936.143398284912
2025-09-15 03:56:40,ADAMW_lr0.0003,ADAMW,2,shakespeare_char,75,train_eval,2.545966148376465,0.0007524752475247525,0.06723972771749555,
2025-09-15 03:56:40,ADAMW_lr0.0003,ADAMW,2,shakespeare_char,75,val_eval,2.554987907409668,0.0007524752475247525,0.06723972771749555,
2025-09-15 03:56:40,ADAMW_lr0.0003,ADAMW,2,shakespeare_char,75,train_iter,2.493271589279175,0.0007524752475247525,0.06603163623324795,1266.6501998901367
2025-09-15 03:56:41,ADAMW_lr0.0003,ADAMW,2,shakespeare_char,76,train_eval,2.5414888858795166,0.0007623762376237624,0.06603163623324795,
2025-09-15 03:56:41,ADAMW_lr0.0003,ADAMW,2,shakespeare_char,76,val_eval,2.547286033630371,0.0007623762376237624,0.06603163623324795,
2025-09-15 03:56:41,ADAMW_lr0.0003,ADAMW,2,shakespeare_char,76,train_iter,2.5135037899017334,0.0007623762376237624,0.06756944765809153,858.2131862640381
2025-09-15 03:56:42,ADAMW_lr0.0003,ADAMW,2,shakespeare_char,77,train_eval,2.5293917655944824,0.0007722772277227723,0.06756944765809153,
2025-09-15 03:56:42,ADAMW_lr0.0003,ADAMW,2,shakespeare_char,77,val_eval,2.5423521995544434,0.0007722772277227723,0.06756944765809153,
2025-09-15 03:56:42,ADAMW_lr0.0003,ADAMW,2,shakespeare_char,77,train_iter,2.5381243228912354,0.0007722772277227723,0.06904693985351183,848.4723567962646
2025-09-15 03:56:43,ADAMW_lr0.0003,ADAMW,2,shakespeare_char,78,train_eval,2.5265371799468994,0.0007821782178217822,0.06904693985351183,
2025-09-15 03:56:43,ADAMW_lr0.0003,ADAMW,2,shakespeare_char,78,val_eval,2.5424985885620117,0.0007821782178217822,0.06904693985351183,
2025-09-15 03:56:43,ADAMW_lr0.0003,ADAMW,2,shakespeare_char,78,train_iter,2.550241470336914,0.0007821782178217822,0.06836609272929971,1122.568130493164
2025-09-15 03:56:44,ADAMW_lr0.0003,ADAMW,2,shakespeare_char,79,train_eval,2.5390594005584717,0.0007920792079207921,0.06836609272929971,
2025-09-15 03:56:44,ADAMW_lr0.0003,ADAMW,2,shakespeare_char,79,val_eval,2.552534341812134,0.0007920792079207921,0.06836609272929971,
2025-09-15 03:56:44,ADAMW_lr0.0003,ADAMW,2,shakespeare_char,79,train_iter,2.5506134033203125,0.0007920792079207921,0.06959028508012438,866.7490482330322
2025-09-15 03:56:45,ADAMW_lr0.0003,ADAMW,2,shakespeare_char,80,train_eval,2.5504605770111084,0.000801980198019802,0.06959028508012438,
2025-09-15 03:56:45,ADAMW_lr0.0003,ADAMW,2,shakespeare_char,80,val_eval,2.5588736534118652,0.000801980198019802,0.06959028508012438,
2025-09-15 03:56:45,ADAMW_lr0.0003,ADAMW,2,shakespeare_char,80,train_iter,2.533431053161621,0.000801980198019802,0.07030129924588083,910.9065532684326
2025-09-15 03:56:46,ADAMW_lr0.0003,ADAMW,2,shakespeare_char,81,train_eval,2.5463759899139404,0.000811881188118812,0.07030129924588083,
2025-09-15 03:56:46,ADAMW_lr0.0003,ADAMW,2,shakespeare_char,81,val_eval,2.5454463958740234,0.000811881188118812,0.07030129924588083,
2025-09-15 03:56:46,ADAMW_lr0.0003,ADAMW,2,shakespeare_char,81,train_iter,2.542942762374878,0.000811881188118812,0.07133406684076528,866.5237426757812
2025-09-15 03:56:47,ADAMW_lr0.0003,ADAMW,2,shakespeare_char,82,train_eval,2.539827823638916,0.0008217821782178219,0.07133406684076528,
2025-09-15 03:56:47,ADAMW_lr0.0003,ADAMW,2,shakespeare_char,82,val_eval,2.5467429161071777,0.0008217821782178219,0.07133406684076528,
2025-09-15 03:56:47,ADAMW_lr0.0003,ADAMW,2,shakespeare_char,82,train_iter,2.547455310821533,0.0008217821782178219,0.07221504530316147,871.7689514160156
2025-09-15 03:56:48,ADAMW_lr0.0003,ADAMW,2,shakespeare_char,83,train_eval,2.532208204269409,0.0008316831683168318,0.07221504530316147,
2025-09-15 03:56:48,ADAMW_lr0.0003,ADAMW,2,shakespeare_char,83,val_eval,2.5366952419281006,0.0008316831683168318,0.07221504530316147,
2025-09-15 03:56:48,ADAMW_lr0.0003,ADAMW,2,shakespeare_char,83,train_iter,2.555168628692627,0.0008316831683168318,0.06939960044951403,1585.7007503509521
2025-09-15 03:56:49,ADAMW_lr0.0003,ADAMW,2,shakespeare_char,84,train_eval,2.520120620727539,0.0008415841584158417,0.06939960044951403,
2025-09-15 03:56:49,ADAMW_lr0.0003,ADAMW,2,shakespeare_char,84,val_eval,2.528869390487671,0.0008415841584158417,0.06939960044951403,
2025-09-15 03:56:50,ADAMW_lr0.0003,ADAMW,2,shakespeare_char,84,train_iter,2.550161361694336,0.0008415841584158417,0.06684906479155467,1591.7103290557861
2025-09-15 03:56:51,ADAMW_lr0.0003,ADAMW,2,shakespeare_char,85,train_eval,2.522918939590454,0.0008514851485148516,0.06684906479155467,
2025-09-15 03:56:51,ADAMW_lr0.0003,ADAMW,2,shakespeare_char,85,val_eval,2.523409366607666,0.0008514851485148516,0.06684906479155467,
2025-09-15 03:56:51,ADAMW_lr0.0003,ADAMW,2,shakespeare_char,85,train_iter,2.505366086959839,0.0008514851485148516,0.06508250656955646,1420.5362796783447
2025-09-15 03:56:52,ADAMW_lr0.0003,ADAMW,2,shakespeare_char,86,train_eval,2.5245563983917236,0.0008613861386138615,0.06508250656955646,
2025-09-15 03:56:52,ADAMW_lr0.0003,ADAMW,2,shakespeare_char,86,val_eval,2.518752336502075,0.0008613861386138615,0.06508250656955646,
2025-09-15 03:56:53,ADAMW_lr0.0003,ADAMW,2,shakespeare_char,86,train_iter,2.53556489944458,0.0008613861386138615,0.06168228604759592,2247.94864654541
2025-09-15 03:56:54,ADAMW_lr0.0003,ADAMW,2,shakespeare_char,87,train_eval,2.5216221809387207,0.0008712871287128712,0.06168228604759592,
2025-09-15 03:56:54,ADAMW_lr0.0003,ADAMW,2,shakespeare_char,87,val_eval,2.5220787525177,0.0008712871287128712,0.06168228604759592,
2025-09-15 03:56:54,ADAMW_lr0.0003,ADAMW,2,shakespeare_char,87,train_iter,2.5017292499542236,0.0008712871287128712,0.062441050296132436,1008.6183547973633
2025-09-15 03:56:55,ADAMW_lr0.0003,ADAMW,2,shakespeare_char,88,train_eval,2.5215632915496826,0.0008811881188118811,0.062441050296132436,
2025-09-15 03:56:55,ADAMW_lr0.0003,ADAMW,2,shakespeare_char,88,val_eval,2.5198183059692383,0.0008811881188118811,0.062441050296132436,
2025-09-15 03:56:55,ADAMW_lr0.0003,ADAMW,2,shakespeare_char,88,train_iter,2.5082218647003174,0.0008811881188118811,0.06333616286251895,978.6355495452881
2025-09-15 03:56:56,ADAMW_lr0.0003,ADAMW,2,shakespeare_char,89,train_eval,2.51733136177063,0.000891089108910891,0.06333616286251895,
2025-09-15 03:56:56,ADAMW_lr0.0003,ADAMW,2,shakespeare_char,89,val_eval,2.5227339267730713,0.000891089108910891,0.06333616286251895,
2025-09-15 03:56:56,ADAMW_lr0.0003,ADAMW,2,shakespeare_char,89,train_iter,2.5275044441223145,0.000891089108910891,0.06495228524201757,878.8580894470215
2025-09-15 03:56:57,ADAMW_lr0.0003,ADAMW,2,shakespeare_char,90,train_eval,2.5182034969329834,0.0009009900990099009,0.06495228524201757,
2025-09-15 03:56:57,ADAMW_lr0.0003,ADAMW,2,shakespeare_char,90,val_eval,2.5224037170410156,0.0009009900990099009,0.06495228524201757,
2025-09-15 03:56:57,ADAMW_lr0.0003,ADAMW,2,shakespeare_char,90,train_iter,2.5628116130828857,0.0009009900990099009,0.06584878217205938,945.204496383667
2025-09-15 03:56:58,ADAMW_lr0.0003,ADAMW,2,shakespeare_char,91,train_eval,2.519585371017456,0.0009108910891089108,0.06584878217205938,
2025-09-15 03:56:58,ADAMW_lr0.0003,ADAMW,2,shakespeare_char,91,val_eval,2.519880771636963,0.0009108910891089108,0.06584878217205938,
2025-09-15 03:56:58,ADAMW_lr0.0003,ADAMW,2,shakespeare_char,91,train_iter,2.5135297775268555,0.0009108910891089108,0.0669106099410857,913.6865139007568
2025-09-15 03:56:59,ADAMW_lr0.0003,ADAMW,2,shakespeare_char,92,train_eval,2.5136325359344482,0.0009207920792079207,0.0669106099410857,
2025-09-15 03:56:59,ADAMW_lr0.0003,ADAMW,2,shakespeare_char,92,val_eval,2.521601915359497,0.0009207920792079207,0.0669106099410857,
2025-09-15 03:56:59,ADAMW_lr0.0003,ADAMW,2,shakespeare_char,92,train_iter,2.545872688293457,0.0009207920792079207,0.06785588525653531,914.9272441864014
2025-09-15 03:57:00,ADAMW_lr0.0003,ADAMW,2,shakespeare_char,93,train_eval,2.510831594467163,0.0009306930693069307,0.06785588525653531,
2025-09-15 03:57:00,ADAMW_lr0.0003,ADAMW,2,shakespeare_char,93,val_eval,2.5247435569763184,0.0009306930693069307,0.06785588525653531,
2025-09-15 03:57:00,ADAMW_lr0.0003,ADAMW,2,shakespeare_char,93,train_iter,2.4890050888061523,0.0009306930693069307,0.06714110441282742,1150.866985321045
2025-09-15 03:57:01,ADAMW_lr0.0003,ADAMW,2,shakespeare_char,94,train_eval,2.514962673187256,0.0009405940594059406,0.06714110441282742,
2025-09-15 03:57:01,ADAMW_lr0.0003,ADAMW,2,shakespeare_char,94,val_eval,2.5296788215637207,0.0009405940594059406,0.06714110441282742,
2025-09-15 03:57:01,ADAMW_lr0.0003,ADAMW,2,shakespeare_char,94,train_iter,2.571756362915039,0.0009405940594059406,0.06858817013600864,856.0888767242432
2025-09-15 03:57:02,ADAMW_lr0.0003,ADAMW,2,shakespeare_char,95,train_eval,2.5130162239074707,0.0009504950495049505,0.06858817013600864,
2025-09-15 03:57:02,ADAMW_lr0.0003,ADAMW,2,shakespeare_char,95,val_eval,2.5147218704223633,0.0009504950495049505,0.06858817013600864,
2025-09-15 03:57:03,ADAMW_lr0.0003,ADAMW,2,shakespeare_char,95,train_iter,2.5230932235717773,0.0009504950495049505,0.06667555560031217,1412.53662109375
2025-09-15 03:57:04,ADAMW_lr0.0003,ADAMW,2,shakespeare_char,96,train_eval,2.516641616821289,0.0009603960396039604,0.06667555560031217,
2025-09-15 03:57:04,ADAMW_lr0.0003,ADAMW,2,shakespeare_char,96,val_eval,2.518381357192993,0.0009603960396039604,0.06667555560031217,
2025-09-15 03:57:04,ADAMW_lr0.0003,ADAMW,2,shakespeare_char,96,train_iter,2.5219616889953613,0.0009603960396039604,0.06664342308934874,1052.938461303711
2025-09-15 03:57:04,ADAMW_lr0.0003,ADAMW,2,shakespeare_char,97,train_eval,2.5144081115722656,0.0009702970297029703,0.06664342308934874,
2025-09-15 03:57:04,ADAMW_lr0.0003,ADAMW,2,shakespeare_char,97,val_eval,2.509864330291748,0.0009702970297029703,0.06664342308934874,
2025-09-15 03:57:05,ADAMW_lr0.0003,ADAMW,2,shakespeare_char,97,train_iter,2.545071601867676,0.0009702970297029703,0.06537168876258376,1295.6054210662842
2025-09-15 03:57:06,ADAMW_lr0.0003,ADAMW,2,shakespeare_char,98,train_eval,2.504866123199463,0.0009801980198019802,0.06537168876258376,
2025-09-15 03:57:06,ADAMW_lr0.0003,ADAMW,2,shakespeare_char,98,val_eval,2.510195016860962,0.0009801980198019802,0.06537168876258376,
2025-09-15 03:57:06,ADAMW_lr0.0003,ADAMW,2,shakespeare_char,98,train_iter,2.57914137840271,0.0009801980198019802,0.06517422915718915,1102.0524501800537
2025-09-15 03:57:07,ADAMW_lr0.0003,ADAMW,2,shakespeare_char,99,train_eval,2.5179638862609863,0.0009900990099009901,0.06517422915718915,
2025-09-15 03:57:07,ADAMW_lr0.0003,ADAMW,2,shakespeare_char,99,val_eval,2.5311031341552734,0.0009900990099009901,0.06517422915718915,
2025-09-15 03:57:07,ADAMW_lr0.0003,ADAMW,2,shakespeare_char,99,train_iter,2.5461742877960205,0.0009900990099009901,0.063863575319555,1341.8478965759277
2025-09-15 03:57:08,ADAMW_lr0.0003,ADAMW,2,shakespeare_char,100,train_eval,2.5170161724090576,0.001,0.063863575319555,
2025-09-15 03:57:08,ADAMW_lr0.0003,ADAMW,2,shakespeare_char,100,val_eval,2.5277771949768066,0.001,0.063863575319555,
2025-09-15 04:00:18,ADAMW_lr0.0003,ADAMW,2,shakespeare_char,100,train_iter,2.504138708114624,0.001,0.05751385443928106,190702.25620269775
2025-09-15 04:00:20,ADAMW_lr0.0003,ADAMW,2,shakespeare_char,101,train_eval,2.5027124881744385,0.000999999907510999,0.05751385443928106,
2025-09-15 04:00:20,ADAMW_lr0.0003,ADAMW,2,shakespeare_char,101,val_eval,2.5114946365356445,0.000999999907510999,0.05751385443928106,
2025-09-15 04:00:20,ADAMW_lr0.0003,ADAMW,2,shakespeare_char,101,train_iter,2.5202813148498535,0.000999999907510999,0.05634174479959884,1525.7198810577393
2025-09-15 04:00:21,ADAMW_lr0.0003,ADAMW,2,shakespeare_char,102,train_eval,2.506652355194092,0.000999999630044034,0.05634174479959884,
2025-09-15 04:00:21,ADAMW_lr0.0003,ADAMW,2,shakespeare_char,102,val_eval,2.5067310333251953,0.000999999630044034,0.05634174479959884,
2025-09-15 04:00:21,ADAMW_lr0.0003,ADAMW,2,shakespeare_char,102,train_iter,2.5155694484710693,0.000999999630044034,0.05445786876623433,1862.9696369171143
2025-09-15 04:00:23,ADAMW_lr0.0003,ADAMW,2,shakespeare_char,103,train_eval,2.505589246749878,0.0009999991675992191,0.05445786876623433,
2025-09-15 04:00:23,ADAMW_lr0.0003,ADAMW,2,shakespeare_char,103,val_eval,2.515190362930298,0.0009999991675992191,0.05445786876623433,
2025-09-15 04:00:23,ADAMW_lr0.0003,ADAMW,2,shakespeare_char,103,train_iter,2.4905459880828857,0.0009999991675992191,0.05260680923348986,1943.5944557189941
2025-09-15 04:00:25,ADAMW_lr0.0003,ADAMW,2,shakespeare_char,104,train_eval,2.516322374343872,0.0009999985201767443,0.05260680923348986,
2025-09-15 04:00:25,ADAMW_lr0.0003,ADAMW,2,shakespeare_char,104,val_eval,2.5383729934692383,0.0009999985201767443,0.05260680923348986,
2025-09-15 04:00:25,ADAMW_lr0.0003,ADAMW,2,shakespeare_char,104,train_iter,2.511005163192749,0.0009999985201767443,0.05279380793446842,1282.5078964233398
2025-09-15 04:00:26,ADAMW_lr0.0003,ADAMW,2,shakespeare_char,105,train_eval,2.522317886352539,0.000999997687776876,0.05279380793446842,
2025-09-15 04:00:26,ADAMW_lr0.0003,ADAMW,2,shakespeare_char,105,val_eval,2.554717779159546,0.000999997687776876,0.05279380793446842,
2025-09-15 04:00:26,ADAMW_lr0.0003,ADAMW,2,shakespeare_char,105,train_iter,2.505340576171875,0.000999997687776876,0.05221155516080051,1487.4391555786133
2025-09-15 04:00:27,ADAMW_lr0.0003,ADAMW,2,shakespeare_char,106,train_eval,2.5059516429901123,0.0009999966703999558,0.05221155516080051,
2025-09-15 04:00:27,ADAMW_lr0.0003,ADAMW,2,shakespeare_char,106,val_eval,2.5250227451324463,0.0009999966703999558,0.05221155516080051,
2025-09-15 04:00:27,ADAMW_lr0.0003,ADAMW,2,shakespeare_char,106,train_iter,2.4972734451293945,0.0009999966703999558,0.05261383582450352,1242.4240112304688
2025-09-15 04:00:29,ADAMW_lr0.0003,ADAMW,2,shakespeare_char,107,train_eval,2.509977340698242,0.0009999954680464025,0.05261383582450352,
2025-09-15 04:00:29,ADAMW_lr0.0003,ADAMW,2,shakespeare_char,107,val_eval,2.5236692428588867,0.0009999954680464025,0.05261383582450352,
2025-09-15 04:00:29,ADAMW_lr0.0003,ADAMW,2,shakespeare_char,107,train_iter,2.5163097381591797,0.0009999954680464025,0.05237092465713868,1392.1949863433838
2025-09-15 04:00:30,ADAMW_lr0.0003,ADAMW,2,shakespeare_char,108,train_eval,2.510222911834717,0.00099999408071671,0.05237092465713868,
2025-09-15 04:00:30,ADAMW_lr0.0003,ADAMW,2,shakespeare_char,108,val_eval,2.5200209617614746,0.00099999408071671,0.05237092465713868,
2025-09-15 04:00:30,ADAMW_lr0.0003,ADAMW,2,shakespeare_char,108,train_iter,2.522272825241089,0.00099999408071671,0.05205565156744205,1419.53444480896
2025-09-15 04:00:32,ADAMW_lr0.0003,ADAMW,2,shakespeare_char,109,train_eval,2.502229928970337,0.0009999925084114485,0.05205565156744205,
2025-09-15 04:00:32,ADAMW_lr0.0003,ADAMW,2,shakespeare_char,109,val_eval,2.514511823654175,0.0009999925084114485,0.05205565156744205,
2025-09-15 04:00:32,ADAMW_lr0.0003,ADAMW,2,shakespeare_char,109,train_iter,2.4925925731658936,0.0009999925084114485,0.051360729156652137,1548.9349365234375
2025-09-15 04:00:33,ADAMW_lr0.0003,ADAMW,2,shakespeare_char,110,train_eval,2.5240302085876465,0.0009999907511312647,0.051360729156652137,
2025-09-15 04:00:33,ADAMW_lr0.0003,ADAMW,2,shakespeare_char,110,val_eval,2.549806833267212,0.0009999907511312647,0.051360729156652137,
2025-09-15 04:00:33,ADAMW_lr0.0003,ADAMW,2,shakespeare_char,110,train_iter,2.545656681060791,0.0009999907511312647,0.05303306507811965,1026.1857509613037
2025-09-15 04:00:34,ADAMW_lr0.0003,ADAMW,2,shakespeare_char,111,train_eval,2.509265184402466,0.0009999888088768807,0.05303306507811965,
2025-09-15 04:00:34,ADAMW_lr0.0003,ADAMW,2,shakespeare_char,111,val_eval,2.5207388401031494,0.0009999888088768807,0.05303306507811965,
2025-09-15 04:00:34,ADAMW_lr0.0003,ADAMW,2,shakespeare_char,111,train_iter,2.5122323036193848,0.0009999888088768807,0.054550629686262016,1024.310827255249
2025-09-15 04:00:35,ADAMW_lr0.0003,ADAMW,2,shakespeare_char,112,train_eval,2.5143635272979736,0.000999986681649095,0.054550629686262016,
2025-09-15 04:00:35,ADAMW_lr0.0003,ADAMW,2,shakespeare_char,112,val_eval,2.5152666568756104,0.000999986681649095,0.054550629686262016,
2025-09-15 04:00:35,ADAMW_lr0.0003,ADAMW,2,shakespeare_char,112,train_iter,2.52716326713562,0.000999986681649095,0.05417699648929161,1374.946117401123
2025-09-15 04:00:36,ADAMW_lr0.0003,ADAMW,2,shakespeare_char,113,train_eval,2.5038559436798096,0.0009999843694487819,0.05417699648929161,
2025-09-15 04:00:36,ADAMW_lr0.0003,ADAMW,2,shakespeare_char,113,val_eval,2.506293296813965,0.0009999843694487819,0.05417699648929161,
2025-09-15 04:00:36,ADAMW_lr0.0003,ADAMW,2,shakespeare_char,113,train_iter,2.5363636016845703,0.0009999843694487819,0.05416288768426668,1292.9720878601074
2025-09-15 04:00:37,ADAMW_lr0.0003,ADAMW,2,shakespeare_char,114,train_eval,2.5033342838287354,0.000999981872276892,0.05416288768426668,
2025-09-15 04:00:37,ADAMW_lr0.0003,ADAMW,2,shakespeare_char,114,val_eval,2.505743980407715,0.000999981872276892,0.05416288768426668,
2025-09-15 04:00:38,ADAMW_lr0.0003,ADAMW,2,shakespeare_char,114,train_iter,2.54752779006958,0.000999981872276892,0.05378740117829613,1386.0278129577637
2025-09-15 04:00:39,ADAMW_lr0.0003,ADAMW,2,shakespeare_char,115,train_eval,2.4985451698303223,0.0009999791901344516,0.05378740117829613,
2025-09-15 04:00:39,ADAMW_lr0.0003,ADAMW,2,shakespeare_char,115,val_eval,2.5094692707061768,0.0009999791901344516,0.05378740117829613,
2025-09-15 04:00:39,ADAMW_lr0.0003,ADAMW,2,shakespeare_char,115,train_iter,2.501556396484375,0.0009999791901344516,0.05298058672817951,1528.1727313995361
2025-09-15 04:00:41,ADAMW_lr0.0003,ADAMW,2,shakespeare_char,116,train_eval,2.4964911937713623,0.0009999763230225634,0.05298058672817951,
2025-09-15 04:00:41,ADAMW_lr0.0003,ADAMW,2,shakespeare_char,116,val_eval,2.5174081325531006,0.0009999763230225634,0.05298058672817951,
2025-09-15 04:00:41,ADAMW_lr0.0003,ADAMW,2,shakespeare_char,116,train_iter,2.5551347732543945,0.0009999763230225634,0.05275216138279774,1378.145456314087
2025-09-15 04:00:42,ADAMW_lr0.0003,ADAMW,2,shakespeare_char,117,train_eval,2.507209539413452,0.0009999732709424058,0.05275216138279774,
2025-09-15 04:00:42,ADAMW_lr0.0003,ADAMW,2,shakespeare_char,117,val_eval,2.523756742477417,0.0009999732709424058,0.05275216138279774,
2025-09-15 04:00:42,ADAMW_lr0.0003,ADAMW,2,shakespeare_char,117,train_iter,2.493246078491211,0.0009999732709424058,0.05476861355431708,958.1747055053711
2025-09-15 04:00:43,ADAMW_lr0.0003,ADAMW,2,shakespeare_char,118,train_eval,2.5031538009643555,0.0009999700338952336,0.05476861355431708,
2025-09-15 04:00:43,ADAMW_lr0.0003,ADAMW,2,shakespeare_char,118,val_eval,2.5175139904022217,0.0009999700338952336,0.05476861355431708,
2025-09-15 04:00:43,ADAMW_lr0.0003,ADAMW,2,shakespeare_char,118,train_iter,2.4964635372161865,0.0009999700338952336,0.05533947695236071,1155.259609222412
2025-09-15 04:00:45,ADAMW_lr0.0003,ADAMW,2,shakespeare_char,119,train_eval,2.4964232444763184,0.0009999666118823774,0.05533947695236071,
2025-09-15 04:00:45,ADAMW_lr0.0003,ADAMW,2,shakespeare_char,119,val_eval,2.5089190006256104,0.0009999666118823774,0.05533947695236071,
2025-09-15 04:00:45,ADAMW_lr0.0003,ADAMW,2,shakespeare_char,119,train_iter,2.497497320175171,0.0009999666118823774,0.053715726802497234,1786.787509918213
2025-09-15 04:00:46,ADAMW_lr0.0003,ADAMW,2,shakespeare_char,120,train_eval,2.4997401237487793,0.0009999630049052437,0.053715726802497234,
2025-09-15 04:00:46,ADAMW_lr0.0003,ADAMW,2,shakespeare_char,120,val_eval,2.5202605724334717,0.0009999630049052437,0.053715726802497234,
2025-09-15 04:00:46,ADAMW_lr0.0003,ADAMW,2,shakespeare_char,120,train_iter,2.5058655738830566,0.0009999630049052437,0.052621932125997424,1633.2526206970215
2025-09-15 04:00:48,ADAMW_lr0.0003,ADAMW,2,shakespeare_char,121,train_eval,2.5052900314331055,0.0009999592129653152,0.052621932125997424,
2025-09-15 04:00:48,ADAMW_lr0.0003,ADAMW,2,shakespeare_char,121,val_eval,2.5261685848236084,0.0009999592129653152,0.052621932125997424,
2025-09-15 04:00:48,ADAMW_lr0.0003,ADAMW,2,shakespeare_char,121,train_iter,2.505998134613037,0.0009999592129653152,0.05155163526293785,1666.7139530181885
2025-09-15 04:00:50,ADAMW_lr0.0003,ADAMW,2,shakespeare_char,122,train_eval,2.4953219890594482,0.0009999552360641507,0.05155163526293785,
2025-09-15 04:00:50,ADAMW_lr0.0003,ADAMW,2,shakespeare_char,122,val_eval,2.5202276706695557,0.0009999552360641507,0.05155163526293785,
2025-09-15 04:00:50,ADAMW_lr0.0003,ADAMW,2,shakespeare_char,122,train_iter,2.559704542160034,0.0009999552360641507,0.050120168201954335,1876.2786388397217
2025-09-15 04:00:51,ADAMW_lr0.0003,ADAMW,2,shakespeare_char,123,train_eval,2.4913747310638428,0.000999951074203385,0.050120168201954335,
2025-09-15 04:00:51,ADAMW_lr0.0003,ADAMW,2,shakespeare_char,123,val_eval,2.505774974822998,0.000999951074203385,0.050120168201954335,
2025-09-15 04:00:51,ADAMW_lr0.0003,ADAMW,2,shakespeare_char,123,train_iter,2.5442965030670166,0.000999951074203385,0.04998799918790927,1431.743860244751
2025-09-15 04:00:53,ADAMW_lr0.0003,ADAMW,2,shakespeare_char,124,train_eval,2.49938702583313,0.0009999467273847289,0.04998799918790927,
2025-09-15 04:00:53,ADAMW_lr0.0003,ADAMW,2,shakespeare_char,124,val_eval,2.5089855194091797,0.0009999467273847289,0.04998799918790927,
2025-09-15 04:00:53,ADAMW_lr0.0003,ADAMW,2,shakespeare_char,124,train_iter,2.5087742805480957,0.0009999467273847289,0.05004566735571517,1381.7336559295654
2025-09-15 04:00:55,ADAMW_lr0.0003,ADAMW,2,shakespeare_char,125,train_eval,2.500678539276123,0.000999942195609969,0.05004566735571517,
2025-09-15 04:00:55,ADAMW_lr0.0003,ADAMW,2,shakespeare_char,125,val_eval,2.5065956115722656,0.000999942195609969,0.05004566735571517,
2025-09-15 04:00:55,ADAMW_lr0.0003,ADAMW,2,shakespeare_char,125,train_iter,2.4969825744628906,0.000999942195609969,0.04850816659582739,2015.1598453521729
2025-09-15 04:00:56,ADAMW_lr0.0003,ADAMW,2,shakespeare_char,126,train_eval,2.4918901920318604,0.0009999374788809685,0.04850816659582739,
2025-09-15 04:00:56,ADAMW_lr0.0003,ADAMW,2,shakespeare_char,126,val_eval,2.5053508281707764,0.0009999374788809685,0.04850816659582739,
2025-09-15 04:00:56,ADAMW_lr0.0003,ADAMW,2,shakespeare_char,126,train_iter,2.5428924560546875,0.0009999374788809685,0.04785202445236598,1665.6100749969482
2025-09-15 04:00:57,ADAMW_lr0.0003,ADAMW,2,shakespeare_char,127,train_eval,2.4902970790863037,0.0009999325771996657,0.04785202445236598,
2025-09-15 04:00:57,ADAMW_lr0.0003,ADAMW,2,shakespeare_char,127,val_eval,2.513589859008789,0.0009999325771996657,0.04785202445236598,
2025-09-15 04:00:57,ADAMW_lr0.0003,ADAMW,2,shakespeare_char,127,train_iter,2.481081008911133,0.0009999325771996657,0.050495397324771436,940.5157566070557
2025-09-15 04:00:58,ADAMW_lr0.0003,ADAMW,2,shakespeare_char,128,train_eval,2.495896816253662,0.0009999274905680762,0.050495397324771436,
2025-09-15 04:00:58,ADAMW_lr0.0003,ADAMW,2,shakespeare_char,128,val_eval,2.517275333404541,0.0009999274905680762,0.050495397324771436,
2025-09-15 04:00:58,ADAMW_lr0.0003,ADAMW,2,shakespeare_char,128,train_iter,2.51861310005188,0.0009999274905680762,0.05341533294622761,876.6815662384033
2025-09-15 04:00:59,ADAMW_lr0.0003,ADAMW,2,shakespeare_char,129,train_eval,2.492356300354004,0.0009999222189882903,0.05341533294622761,
2025-09-15 04:00:59,ADAMW_lr0.0003,ADAMW,2,shakespeare_char,129,val_eval,2.5021724700927734,0.0009999222189882903,0.05341533294622761,
2025-09-15 04:01:00,ADAMW_lr0.0003,ADAMW,2,shakespeare_char,129,train_iter,2.466252326965332,0.0009999222189882903,0.05163797755870542,1960.2534770965576
2025-09-15 04:01:01,ADAMW_lr0.0003,ADAMW,2,shakespeare_char,130,train_eval,2.4941914081573486,0.0009999167624624755,0.05163797755870542,
2025-09-15 04:01:01,ADAMW_lr0.0003,ADAMW,2,shakespeare_char,130,val_eval,2.4930198192596436,0.0009999167624624755,0.05163797755870542,
2025-09-15 04:01:02,ADAMW_lr0.0003,ADAMW,2,shakespeare_char,130,train_iter,2.487328290939331,0.0009999167624624755,0.05064503900441249,1675.1205921173096
2025-09-15 04:01:03,ADAMW_lr0.0003,ADAMW,2,shakespeare_char,131,train_eval,2.4933338165283203,0.0009999111209928744,0.05064503900441249,
2025-09-15 04:01:03,ADAMW_lr0.0003,ADAMW,2,shakespeare_char,131,val_eval,2.5036089420318604,0.0009999111209928744,0.05064503900441249,
2025-09-15 04:01:03,ADAMW_lr0.0003,ADAMW,2,shakespeare_char,131,train_iter,2.4526281356811523,0.0009999111209928744,0.05140067374792196,1200.4339694976807
2025-09-15 04:01:04,ADAMW_lr0.0003,ADAMW,2,shakespeare_char,132,train_eval,2.498922824859619,0.000999905294581806,0.05140067374792196,
2025-09-15 04:01:04,ADAMW_lr0.0003,ADAMW,2,shakespeare_char,132,val_eval,2.5118236541748047,0.000999905294581806,0.05140067374792196,
2025-09-15 04:01:04,ADAMW_lr0.0003,ADAMW,2,shakespeare_char,132,train_iter,2.508124828338623,0.000999905294581806,0.053914384398738274,912.8422737121582
2025-09-15 04:01:05,ADAMW_lr0.0003,ADAMW,2,shakespeare_char,133,train_eval,2.486259937286377,0.0009998992832316654,0.053914384398738274,
2025-09-15 04:01:05,ADAMW_lr0.0003,ADAMW,2,shakespeare_char,133,val_eval,2.4992411136627197,0.0009998992832316654,0.053914384398738274,
2025-09-15 04:01:05,ADAMW_lr0.0003,ADAMW,2,shakespeare_char,133,train_iter,2.503133535385132,0.0009998992832316654,0.05678019810450778,846.127986907959
2025-09-15 04:01:06,ADAMW_lr0.0003,ADAMW,2,shakespeare_char,134,train_eval,2.4967334270477295,0.0009998930869449237,0.05678019810450778,
2025-09-15 04:01:06,ADAMW_lr0.0003,ADAMW,2,shakespeare_char,134,val_eval,2.498236656188965,0.0009998930869449237,0.05678019810450778,
2025-09-15 04:01:06,ADAMW_lr0.0003,ADAMW,2,shakespeare_char,134,train_iter,2.528637409210205,0.0009998930869449237,0.05934038393671042,848.0842113494873
2025-09-15 04:01:06,ADAMW_lr0.0003,ADAMW,2,shakespeare_char,135,train_eval,2.4951093196868896,0.000999886705724128,0.05934038393671042,
2025-09-15 04:01:06,ADAMW_lr0.0003,ADAMW,2,shakespeare_char,135,val_eval,2.508765935897827,0.000999886705724128,0.05934038393671042,
2025-09-15 04:01:06,ADAMW_lr0.0003,ADAMW,2,shakespeare_char,135,train_iter,2.4749789237976074,0.000999886705724128,0.06159890750316459,852.8091907501221
2025-09-15 04:01:07,ADAMW_lr0.0003,ADAMW,2,shakespeare_char,136,train_eval,2.495307683944702,0.0009998801395719012,0.06159890750316459,
2025-09-15 04:01:07,ADAMW_lr0.0003,ADAMW,2,shakespeare_char,136,val_eval,2.5080387592315674,0.0009998801395719012,0.06159890750316459,
2025-09-15 04:01:07,ADAMW_lr0.0003,ADAMW,2,shakespeare_char,136,train_iter,2.4913077354431152,0.0009998801395719012,0.06364513957181415,851.3998985290527
2025-09-15 04:01:08,ADAMW_lr0.0003,ADAMW,2,shakespeare_char,137,train_eval,2.4792535305023193,0.0009998733884909424,0.06364513957181415,
2025-09-15 04:01:08,ADAMW_lr0.0003,ADAMW,2,shakespeare_char,137,val_eval,2.5033676624298096,0.0009998733884909424,0.06364513957181415,
2025-09-15 04:01:08,ADAMW_lr0.0003,ADAMW,2,shakespeare_char,137,train_iter,2.4636833667755127,0.0009998733884909424,0.06549891351477707,850.1396179199219
2025-09-15 04:01:09,ADAMW_lr0.0003,ADAMW,2,shakespeare_char,138,train_eval,2.4872193336486816,0.0009998664524840269,0.06549891351477707,
2025-09-15 04:01:09,ADAMW_lr0.0003,ADAMW,2,shakespeare_char,138,val_eval,2.512779474258423,0.0009998664524840269,0.06549891351477707,
2025-09-15 04:01:09,ADAMW_lr0.0003,ADAMW,2,shakespeare_char,138,train_iter,2.500138759613037,0.0009998664524840269,0.06712166739890528,854.8874855041504
2025-09-15 04:01:10,ADAMW_lr0.0003,ADAMW,2,shakespeare_char,139,train_eval,2.491708278656006,0.0009998593315540057,0.06712166739890528,
2025-09-15 04:01:10,ADAMW_lr0.0003,ADAMW,2,shakespeare_char,139,val_eval,2.520587205886841,0.0009998593315540057,0.06712166739890528,
2025-09-15 04:01:10,ADAMW_lr0.0003,ADAMW,2,shakespeare_char,139,train_iter,2.5184361934661865,0.0009998593315540057,0.06860399157501351,852.6084423065186
2025-09-15 04:01:11,ADAMW_lr0.0003,ADAMW,2,shakespeare_char,140,train_eval,2.492326259613037,0.000999852025703806,0.06860399157501351,
2025-09-15 04:01:11,ADAMW_lr0.0003,ADAMW,2,shakespeare_char,140,val_eval,2.523625135421753,0.000999852025703806,0.06860399157501351,
2025-09-15 04:01:11,ADAMW_lr0.0003,ADAMW,2,shakespeare_char,140,train_iter,2.4790725708007812,0.000999852025703806,0.06994479593366314,851.9105911254883
2025-09-15 04:01:12,ADAMW_lr0.0003,ADAMW,2,shakespeare_char,141,train_eval,2.482494354248047,0.0009998445349364308,0.06994479593366314,
2025-09-15 04:01:12,ADAMW_lr0.0003,ADAMW,2,shakespeare_char,141,val_eval,2.5131614208221436,0.0009998445349364308,0.06994479593366314,
2025-09-15 04:01:12,ADAMW_lr0.0003,ADAMW,2,shakespeare_char,141,train_iter,2.4689080715179443,0.0009998445349364308,0.0704105020614665,936.530590057373
2025-09-15 04:01:12,ADAMW_lr0.0003,ADAMW,2,shakespeare_char,142,train_eval,2.4811339378356934,0.0009998368592549595,0.0704105020614665,
2025-09-15 04:01:12,ADAMW_lr0.0003,ADAMW,2,shakespeare_char,142,val_eval,2.499706983566284,0.0009998368592549595,0.0704105020614665,
2025-09-15 04:01:12,ADAMW_lr0.0003,ADAMW,2,shakespeare_char,142,train_iter,2.457711935043335,0.0009998368592549595,0.07152737230090847,856.4305305480957
2025-09-15 04:01:13,ADAMW_lr0.0003,ADAMW,2,shakespeare_char,143,train_eval,2.4768481254577637,0.000999828998662547,0.07152737230090847,
2025-09-15 04:01:13,ADAMW_lr0.0003,ADAMW,2,shakespeare_char,143,val_eval,2.488251209259033,0.000999828998662547,0.07152737230090847,
2025-09-15 04:01:14,ADAMW_lr0.0003,ADAMW,2,shakespeare_char,143,train_iter,2.528369426727295,0.000999828998662547,0.06926202902875457,1429.5332431793213
2025-09-15 04:01:15,ADAMW_lr0.0003,ADAMW,2,shakespeare_char,144,train_eval,2.4836041927337646,0.000999820953162425,0.06926202902875457,
2025-09-15 04:01:15,ADAMW_lr0.0003,ADAMW,2,shakespeare_char,144,val_eval,2.489896535873413,0.000999820953162425,0.06926202902875457,
2025-09-15 04:01:15,ADAMW_lr0.0003,ADAMW,2,shakespeare_char,144,train_iter,2.471722364425659,0.000999820953162425,0.06824308626395002,1182.729721069336
2025-09-15 04:01:16,ADAMW_lr0.0003,ADAMW,2,shakespeare_char,145,train_eval,2.48746657371521,0.0009998127227579003,0.06824308626395002,
2025-09-15 04:01:16,ADAMW_lr0.0003,ADAMW,2,shakespeare_char,145,val_eval,2.4911160469055176,0.0009998127227579003,0.06824308626395002,
2025-09-15 04:01:16,ADAMW_lr0.0003,ADAMW,2,shakespeare_char,145,train_iter,2.4683327674865723,0.0009998127227579003,0.0686061886102126,972.0735549926758
2025-09-15 04:01:17,ADAMW_lr0.0003,ADAMW,2,shakespeare_char,146,train_eval,2.4776434898376465,0.000999804307452356,0.0686061886102126,
2025-09-15 04:01:17,ADAMW_lr0.0003,ADAMW,2,shakespeare_char,146,val_eval,2.4815938472747803,0.000999804307452356,0.0686061886102126,
2025-09-15 04:01:17,ADAMW_lr0.0003,ADAMW,2,shakespeare_char,146,train_iter,2.484633445739746,0.000999804307452356,0.0667814750726684,1387.3755931854248
2025-09-15 04:01:18,ADAMW_lr0.0003,ADAMW,2,shakespeare_char,147,train_eval,2.4794704914093018,0.0009997957072492515,0.0667814750726684,
2025-09-15 04:01:18,ADAMW_lr0.0003,ADAMW,2,shakespeare_char,147,val_eval,2.4866461753845215,0.0009997957072492515,0.0667814750726684,
2025-09-15 04:01:18,ADAMW_lr0.0003,ADAMW,2,shakespeare_char,147,train_iter,2.4838473796844482,0.0009997957072492515,0.06771789257141365,917.5431728363037
2025-09-15 04:01:19,ADAMW_lr0.0003,ADAMW,2,shakespeare_char,148,train_eval,2.4831771850585938,0.0009997869221521221,0.06771789257141365,
2025-09-15 04:01:19,ADAMW_lr0.0003,ADAMW,2,shakespeare_char,148,val_eval,2.497131109237671,0.0009997869221521221,0.06771789257141365,
2025-09-15 04:01:19,ADAMW_lr0.0003,ADAMW,2,shakespeare_char,148,train_iter,2.467970371246338,0.0009997869221521221,0.06908615120021622,858.3109378814697
2025-09-15 04:01:20,ADAMW_lr0.0003,ADAMW,2,shakespeare_char,149,train_eval,2.4940433502197266,0.0009997779521645793,0.06908615120021622,
2025-09-15 04:01:20,ADAMW_lr0.0003,ADAMW,2,shakespeare_char,149,val_eval,2.5142159461975098,0.0009997779521645793,0.06908615120021622,
2025-09-15 04:01:20,ADAMW_lr0.0003,ADAMW,2,shakespeare_char,149,train_iter,2.499424934387207,0.0009997779521645793,0.06990382592905639,904.2751789093018
2025-09-15 04:01:21,ADAMW_lr0.0003,ADAMW,2,shakespeare_char,150,train_eval,2.4880971908569336,0.0009997687972903096,0.06990382592905639,
2025-09-15 04:01:21,ADAMW_lr0.0003,ADAMW,2,shakespeare_char,150,val_eval,2.5177419185638428,0.0009997687972903096,0.06990382592905639,
2025-09-15 04:01:21,ADAMW_lr0.0003,ADAMW,2,shakespeare_char,150,train_iter,2.4995274543762207,0.0009997687972903096,0.07100984954968767,862.9374504089355
2025-09-15 04:01:22,ADAMW_lr0.0003,ADAMW,2,shakespeare_char,151,train_eval,2.4918737411499023,0.0009997594575330766,0.07100984954968767,
2025-09-15 04:01:22,ADAMW_lr0.0003,ADAMW,2,shakespeare_char,151,val_eval,2.520873785018921,0.0009997594575330766,0.07100984954968767,
2025-09-15 04:01:22,ADAMW_lr0.0003,ADAMW,2,shakespeare_char,151,train_iter,2.4810791015625,0.0009997594575330766,0.07199438488768961,864.0992641448975
2025-09-15 04:01:23,ADAMW_lr0.0003,ADAMW,2,shakespeare_char,152,train_eval,2.473780632019043,0.0009997499328967194,0.07199438488768961,
2025-09-15 04:01:23,ADAMW_lr0.0003,ADAMW,2,shakespeare_char,152,val_eval,2.504652500152588,0.0009997499328967194,0.07199438488768961,
2025-09-15 04:01:23,ADAMW_lr0.0003,ADAMW,2,shakespeare_char,152,train_iter,2.47568941116333,0.0009997499328967194,0.07290424442248349,861.5655899047852
2025-09-15 04:01:24,ADAMW_lr0.0003,ADAMW,2,shakespeare_char,153,train_eval,2.481154203414917,0.0009997402233851535,0.07290424442248349,
2025-09-15 04:01:24,ADAMW_lr0.0003,ADAMW,2,shakespeare_char,153,val_eval,2.5087382793426514,0.0009997402233851535,0.07290424442248349,
2025-09-15 04:01:24,ADAMW_lr0.0003,ADAMW,2,shakespeare_char,153,train_iter,2.4989514350891113,0.0009997402233851535,0.07371636899626925,862.2832298278809
2025-09-15 04:01:24,ADAMW_lr0.0003,ADAMW,2,shakespeare_char,154,train_eval,2.4950432777404785,0.00099973032900237,0.07371636899626925,
2025-09-15 04:01:24,ADAMW_lr0.0003,ADAMW,2,shakespeare_char,154,val_eval,2.5245871543884277,0.00099973032900237,0.07371636899626925,
2025-09-15 04:01:24,ADAMW_lr0.0003,ADAMW,2,shakespeare_char,154,train_iter,2.4880175590515137,0.00099973032900237,0.07445114079711122,861.872673034668
2025-09-15 04:01:25,ADAMW_lr0.0003,ADAMW,2,shakespeare_char,155,train_eval,2.4825289249420166,0.000999720249752436,0.07445114079711122,
2025-09-15 04:01:25,ADAMW_lr0.0003,ADAMW,2,shakespeare_char,155,val_eval,2.5055181980133057,0.000999720249752436,0.07445114079711122,
2025-09-15 04:01:25,ADAMW_lr0.0003,ADAMW,2,shakespeare_char,155,train_iter,2.490389585494995,0.000999720249752436,0.07506077964745919,867.3999309539795
2025-09-15 04:01:26,ADAMW_lr0.0003,ADAMW,2,shakespeare_char,156,train_eval,2.4708504676818848,0.0009997099856394946,0.07506077964745919,
2025-09-15 04:01:26,ADAMW_lr0.0003,ADAMW,2,shakespeare_char,156,val_eval,2.4852712154388428,0.0009997099856394946,0.07506077964745919,
2025-09-15 04:01:26,ADAMW_lr0.0003,ADAMW,2,shakespeare_char,156,train_iter,2.4721202850341797,0.0009997099856394946,0.0740480482601289,1075.977087020874
2025-09-15 04:01:27,ADAMW_lr0.0003,ADAMW,2,shakespeare_char,157,train_eval,2.4755849838256836,0.0009996995366677653,0.0740480482601289,
2025-09-15 04:01:27,ADAMW_lr0.0003,ADAMW,2,shakespeare_char,157,val_eval,2.483480453491211,0.0009996995366677653,0.0740480482601289,
2025-09-15 04:01:27,ADAMW_lr0.0003,ADAMW,2,shakespeare_char,157,train_iter,2.493936538696289,0.0009996995366677653,0.0746659860063579,870.8608150482178
2025-09-15 04:01:28,ADAMW_lr0.0003,ADAMW,2,shakespeare_char,158,train_eval,2.4841558933258057,0.000999688902841543,0.0746659860063579,
2025-09-15 04:01:28,ADAMW_lr0.0003,ADAMW,2,shakespeare_char,158,val_eval,2.4816293716430664,0.000999688902841543,0.0746659860063579,
2025-09-15 04:01:28,ADAMW_lr0.0003,ADAMW,2,shakespeare_char,158,train_iter,2.486288070678711,0.000999688902841543,0.075282614960953,864.3443584442139
2025-09-15 04:01:29,ADAMW_lr0.0003,ADAMW,2,shakespeare_char,159,train_eval,2.476652145385742,0.000999678084165199,0.075282614960953,
2025-09-15 04:01:29,ADAMW_lr0.0003,ADAMW,2,shakespeare_char,159,val_eval,2.486915349960327,0.000999678084165199,0.075282614960953,
2025-09-15 04:01:29,ADAMW_lr0.0003,ADAMW,2,shakespeare_char,159,train_iter,2.4924302101135254,0.000999678084165199,0.07587083210994644,860.8033657073975
2025-09-15 04:01:30,ADAMW_lr0.0003,ADAMW,2,shakespeare_char,160,train_eval,2.47744083404541,0.0009996670806431804,0.07587083210994644,
2025-09-15 04:01:30,ADAMW_lr0.0003,ADAMW,2,shakespeare_char,160,val_eval,2.4948363304138184,0.0009996670806431804,0.07587083210994644,
2025-09-15 04:01:30,ADAMW_lr0.0003,ADAMW,2,shakespeare_char,160,train_iter,2.530985116958618,0.0009996670806431804,0.0764151729986157,859.2212200164795
2025-09-15 04:01:31,ADAMW_lr0.0003,ADAMW,2,shakespeare_char,161,train_eval,2.481316328048706,0.0009996558922800104,0.0764151729986157,
2025-09-15 04:01:31,ADAMW_lr0.0003,ADAMW,2,shakespeare_char,161,val_eval,2.5086007118225098,0.0009996558922800104,0.0764151729986157,
2025-09-15 04:01:31,ADAMW_lr0.0003,ADAMW,2,shakespeare_char,161,train_iter,2.476196765899658,0.0009996558922800104,0.07679422660555628,871.0966110229492
2025-09-15 04:01:32,ADAMW_lr0.0003,ADAMW,2,shakespeare_char,162,train_eval,2.477426528930664,0.0009996445190802881,0.07679422660555628,
2025-09-15 04:01:32,ADAMW_lr0.0003,ADAMW,2,shakespeare_char,162,val_eval,2.495817184448242,0.0009996445190802881,0.07679422660555628,
2025-09-15 04:01:32,ADAMW_lr0.0003,ADAMW,2,shakespeare_char,162,train_iter,2.4945266246795654,0.0009996445190802881,0.0766994497993752,921.1626052856445
2025-09-15 04:01:33,ADAMW_lr0.0003,ADAMW,2,shakespeare_char,163,train_eval,2.4726269245147705,0.0009996329610486886,0.0766994497993752,
2025-09-15 04:01:33,ADAMW_lr0.0003,ADAMW,2,shakespeare_char,163,val_eval,2.482752799987793,0.0009996329610486886,0.0766994497993752,
2025-09-15 04:01:33,ADAMW_lr0.0003,ADAMW,2,shakespeare_char,163,train_iter,2.5258359909057617,0.0009996329610486886,0.07713012761046632,862.4882698059082
2025-09-15 04:01:33,ADAMW_lr0.0003,ADAMW,2,shakespeare_char,164,train_eval,2.471972703933716,0.0009996212181899629,0.07713012761046632,
2025-09-15 04:01:33,ADAMW_lr0.0003,ADAMW,2,shakespeare_char,164,val_eval,2.480541706085205,0.0009996212181899629,0.07713012761046632,
2025-09-15 04:01:34,ADAMW_lr0.0003,ADAMW,2,shakespeare_char,164,train_iter,2.4727773666381836,0.0009996212181899629,0.07459472780685102,1349.4040966033936
2025-09-15 04:01:35,ADAMW_lr0.0003,ADAMW,2,shakespeare_char,165,train_eval,2.4751367568969727,0.000999609290508938,0.07459472780685102,
2025-09-15 04:01:35,ADAMW_lr0.0003,ADAMW,2,shakespeare_char,165,val_eval,2.480693817138672,0.000999609290508938,0.07459472780685102,
2025-09-15 04:01:35,ADAMW_lr0.0003,ADAMW,2,shakespeare_char,165,train_iter,2.4982240200042725,0.000999609290508938,0.07515153217736821,871.563196182251
2025-09-15 04:01:36,ADAMW_lr0.0003,ADAMW,2,shakespeare_char,166,train_eval,2.479066848754883,0.000999597178010517,0.07515153217736821,
2025-09-15 04:01:36,ADAMW_lr0.0003,ADAMW,2,shakespeare_char,166,val_eval,2.4832096099853516,0.000999597178010517,0.07515153217736821,
2025-09-15 04:01:36,ADAMW_lr0.0003,ADAMW,2,shakespeare_char,166,train_iter,2.5104877948760986,0.000999597178010517,0.07317305437287248,1261.8930339813232
2025-09-15 04:01:37,ADAMW_lr0.0003,ADAMW,2,shakespeare_char,167,train_eval,2.4819881916046143,0.000999584880699679,0.07317305437287248,
2025-09-15 04:01:37,ADAMW_lr0.0003,ADAMW,2,shakespeare_char,167,val_eval,2.498694658279419,0.000999584880699679,0.07317305437287248,
2025-09-15 04:01:37,ADAMW_lr0.0003,ADAMW,2,shakespeare_char,167,train_iter,2.4534835815429688,0.000999584880699679,0.07396321846033117,861.7599010467529
2025-09-15 04:01:38,ADAMW_lr0.0003,ADAMW,2,shakespeare_char,168,train_eval,2.480344772338867,0.0009995723985814788,0.07396321846033117,
2025-09-15 04:01:38,ADAMW_lr0.0003,ADAMW,2,shakespeare_char,168,val_eval,2.4982073307037354,0.0009995723985814788,0.07396321846033117,
2025-09-15 04:01:38,ADAMW_lr0.0003,ADAMW,2,shakespeare_char,168,train_iter,2.5125856399536133,0.0009995723985814788,0.07469773185570458,859.283447265625
2025-09-15 04:01:39,ADAMW_lr0.0003,ADAMW,2,shakespeare_char,169,train_eval,2.4736695289611816,0.0009995597316610474,0.07469773185570458,
2025-09-15 04:01:39,ADAMW_lr0.0003,ADAMW,2,shakespeare_char,169,val_eval,2.4840829372406006,0.0009995597316610474,0.07469773185570458,
2025-09-15 04:01:39,ADAMW_lr0.0003,ADAMW,2,shakespeare_char,169,train_iter,2.5046658515930176,0.0009995597316610474,0.0734605129077565,1120.999813079834
2025-09-15 04:01:40,ADAMW_lr0.0003,ADAMW,2,shakespeare_char,170,train_eval,2.4803073406219482,0.0009995468799435915,0.0734605129077565,
2025-09-15 04:01:40,ADAMW_lr0.0003,ADAMW,2,shakespeare_char,170,val_eval,2.4927358627319336,0.0009995468799435915,0.0734605129077565,
2025-09-15 04:01:40,ADAMW_lr0.0003,ADAMW,2,shakespeare_char,170,train_iter,2.4941909313201904,0.0009995468799435915,0.07250536343908219,1093.2247638702393
2025-09-15 04:01:41,ADAMW_lr0.0003,ADAMW,2,shakespeare_char,171,train_eval,2.4742462635040283,0.0009995338434343943,0.07250536343908219,
2025-09-15 04:01:41,ADAMW_lr0.0003,ADAMW,2,shakespeare_char,171,val_eval,2.4973719120025635,0.0009995338434343943,0.07250536343908219,
2025-09-15 04:01:41,ADAMW_lr0.0003,ADAMW,2,shakespeare_char,171,train_iter,2.4767324924468994,0.0009995338434343943,0.07125636530485126,1164.1502380371094
2025-09-15 04:01:42,ADAMW_lr0.0003,ADAMW,2,shakespeare_char,172,train_eval,2.476132869720459,0.0009995206221388145,0.07125636530485126,
2025-09-15 04:01:42,ADAMW_lr0.0003,ADAMW,2,shakespeare_char,172,val_eval,2.507550001144409,0.0009995206221388145,0.07125636530485126,
2025-09-15 04:01:42,ADAMW_lr0.0003,ADAMW,2,shakespeare_char,172,train_iter,2.519683361053467,0.0009995206221388145,0.07072688712690442,1059.206247329712
2025-09-15 04:01:43,ADAMW_lr0.0003,ADAMW,2,shakespeare_char,173,train_eval,2.4756925106048584,0.0009995072160622865,0.07072688712690442,
2025-09-15 04:01:43,ADAMW_lr0.0003,ADAMW,2,shakespeare_char,173,val_eval,2.5097265243530273,0.0009995072160622865,0.07072688712690442,
2025-09-15 04:01:43,ADAMW_lr0.0003,ADAMW,2,shakespeare_char,173,train_iter,2.4650754928588867,0.0009995072160622865,0.06977758612001202,1140.9847736358643
2025-09-15 04:01:44,ADAMW_lr0.0003,ADAMW,2,shakespeare_char,174,train_eval,2.4794769287109375,0.0009994936252103218,0.06977758612001202,
2025-09-15 04:01:44,ADAMW_lr0.0003,ADAMW,2,shakespeare_char,174,val_eval,2.516209602355957,0.0009994936252103218,0.06977758612001202,
2025-09-15 04:01:44,ADAMW_lr0.0003,ADAMW,2,shakespeare_char,174,train_iter,2.4608259201049805,0.0009994936252103218,0.07016285841191283,948.8880634307861
2025-09-15 04:01:45,ADAMW_lr0.0003,ADAMW,2,shakespeare_char,175,train_eval,2.4799742698669434,0.0009994798495885063,0.07016285841191283,
2025-09-15 04:01:45,ADAMW_lr0.0003,ADAMW,2,shakespeare_char,175,val_eval,2.514613151550293,0.0009994798495885063,0.07016285841191283,
2025-09-15 04:01:45,ADAMW_lr0.0003,ADAMW,2,shakespeare_char,175,train_iter,2.501223564147949,0.0009994798495885063,0.07127156897190874,859.900951385498
2025-09-15 04:01:46,ADAMW_lr0.0003,ADAMW,2,shakespeare_char,176,train_eval,2.477526903152466,0.000999465889202503,0.07127156897190874,
2025-09-15 04:01:46,ADAMW_lr0.0003,ADAMW,2,shakespeare_char,176,val_eval,2.5058908462524414,0.000999465889202503,0.07127156897190874,
2025-09-15 04:01:46,ADAMW_lr0.0003,ADAMW,2,shakespeare_char,176,train_iter,2.4829654693603516,0.000999465889202503,0.07170846235307844,923.670768737793
2025-09-15 04:01:47,ADAMW_lr0.0003,ADAMW,2,shakespeare_char,177,train_eval,2.4789278507232666,0.0009994517440580508,0.07170846235307844,
2025-09-15 04:01:47,ADAMW_lr0.0003,ADAMW,2,shakespeare_char,177,val_eval,2.499173402786255,0.0009994517440580508,0.07170846235307844,
2025-09-15 04:01:47,ADAMW_lr0.0003,ADAMW,2,shakespeare_char,177,train_iter,2.5194201469421387,0.0009994517440580508,0.07215175179111773,917.5949096679688
2025-09-15 04:01:48,ADAMW_lr0.0003,ADAMW,2,shakespeare_char,178,train_eval,2.475492477416992,0.0009994374141609635,0.07215175179111773,
2025-09-15 04:01:48,ADAMW_lr0.0003,ADAMW,2,shakespeare_char,178,val_eval,2.4929990768432617,0.0009994374141609635,0.07215175179111773,
2025-09-15 04:01:48,ADAMW_lr0.0003,ADAMW,2,shakespeare_char,178,train_iter,2.504220485687256,0.0009994374141609635,0.07296178871350864,870.5928325653076
2025-09-15 04:01:49,ADAMW_lr0.0003,ADAMW,2,shakespeare_char,179,train_eval,2.4732987880706787,0.0009994228995171322,0.07296178871350864,
2025-09-15 04:01:49,ADAMW_lr0.0003,ADAMW,2,shakespeare_char,179,val_eval,2.494161367416382,0.0009994228995171322,0.07296178871350864,
2025-09-15 04:01:49,ADAMW_lr0.0003,ADAMW,2,shakespeare_char,179,train_iter,2.4617576599121094,0.0009994228995171322,0.07378288886795398,860.7184886932373
2025-09-15 04:01:50,ADAMW_lr0.0003,ADAMW,2,shakespeare_char,180,train_eval,2.4908580780029297,0.000999408200132523,0.07378288886795398,
2025-09-15 04:01:50,ADAMW_lr0.0003,ADAMW,2,shakespeare_char,180,val_eval,2.528655767440796,0.000999408200132523,0.07378288886795398,
2025-09-15 04:01:50,ADAMW_lr0.0003,ADAMW,2,shakespeare_char,180,train_iter,2.4895453453063965,0.000999408200132523,0.07453284616094898,859.5571517944336
2025-09-15 04:01:50,ADAMW_lr0.0003,ADAMW,2,shakespeare_char,181,train_eval,2.4841485023498535,0.0009993933160131784,0.07453284616094898,
2025-09-15 04:01:50,ADAMW_lr0.0003,ADAMW,2,shakespeare_char,181,val_eval,2.5331029891967773,0.0009993933160131784,0.07453284616094898,
2025-09-15 04:01:50,ADAMW_lr0.0003,ADAMW,2,shakespeare_char,181,train_iter,2.5081288814544678,0.0009993933160131784,0.07519505117343042,860.9082698822021
2025-09-15 04:01:51,ADAMW_lr0.0003,ADAMW,2,shakespeare_char,182,train_eval,2.4912874698638916,0.0009993782471652167,0.07519505117343042,
2025-09-15 04:01:51,ADAMW_lr0.0003,ADAMW,2,shakespeare_char,182,val_eval,2.5147204399108887,0.0009993782471652167,0.07519505117343042,
2025-09-15 04:01:51,ADAMW_lr0.0003,ADAMW,2,shakespeare_char,182,train_iter,2.488152027130127,0.0009993782471652167,0.07578422252189199,861.6316318511963
2025-09-15 04:01:52,ADAMW_lr0.0003,ADAMW,2,shakespeare_char,183,train_eval,2.4872169494628906,0.0009993629935948318,0.07578422252189199,
2025-09-15 04:01:52,ADAMW_lr0.0003,ADAMW,2,shakespeare_char,183,val_eval,2.5146944522857666,0.0009993629935948318,0.07578422252189199,
2025-09-15 04:01:52,ADAMW_lr0.0003,ADAMW,2,shakespeare_char,183,train_iter,2.5041654109954834,0.0009993629935948318,0.07630708369749911,862.4179363250732
2025-09-15 04:01:53,ADAMW_lr0.0003,ADAMW,2,shakespeare_char,184,train_eval,2.483365535736084,0.0009993475553082944,0.07630708369749911,
2025-09-15 04:01:53,ADAMW_lr0.0003,ADAMW,2,shakespeare_char,184,val_eval,2.501312494277954,0.0009993475553082944,0.07630708369749911,
2025-09-15 04:01:53,ADAMW_lr0.0003,ADAMW,2,shakespeare_char,184,train_iter,2.5220704078674316,0.0009993475553082944,0.07680689022998714,859.3173027038574
2025-09-15 04:01:54,ADAMW_lr0.0003,ADAMW,2,shakespeare_char,185,train_eval,2.475616216659546,0.0009993319323119503,0.07680689022998714,
2025-09-15 04:01:54,ADAMW_lr0.0003,ADAMW,2,shakespeare_char,185,val_eval,2.4910149574279785,0.0009993319323119503,0.07680689022998714,
2025-09-15 04:01:54,ADAMW_lr0.0003,ADAMW,2,shakespeare_char,185,train_iter,2.5130155086517334,0.0009993319323119503,0.0766181659836258,932.5580596923828
2025-09-15 04:01:55,ADAMW_lr0.0003,ADAMW,2,shakespeare_char,186,train_eval,2.463385820388794,0.0009993161246122217,0.0766181659836258,
2025-09-15 04:01:55,ADAMW_lr0.0003,ADAMW,2,shakespeare_char,186,val_eval,2.482172966003418,0.0009993161246122217,0.0766181659836258,
2025-09-15 04:01:55,ADAMW_lr0.0003,ADAMW,2,shakespeare_char,186,train_iter,2.438961982727051,0.0009993161246122217,0.07711363625605444,856.497049331665
2025-09-15 04:01:56,ADAMW_lr0.0003,ADAMW,2,shakespeare_char,187,train_eval,2.471109390258789,0.0009993001322156061,0.07711363625605444,
2025-09-15 04:01:56,ADAMW_lr0.0003,ADAMW,2,shakespeare_char,187,val_eval,2.4893195629119873,0.0009993001322156061,0.07711363625605444,
2025-09-15 04:01:56,ADAMW_lr0.0003,ADAMW,2,shakespeare_char,187,train_iter,2.4815287590026855,0.0009993001322156061,0.07758699296372541,853.6262512207031
2025-09-15 04:01:56,ADAMW_lr0.0003,ADAMW,2,shakespeare_char,188,train_eval,2.474245548248291,0.000999283955128678,0.07758699296372541,
2025-09-15 04:01:56,ADAMW_lr0.0003,ADAMW,2,shakespeare_char,188,val_eval,2.497062921524048,0.000999283955128678,0.07758699296372541,
2025-09-15 04:01:56,ADAMW_lr0.0003,ADAMW,2,shakespeare_char,188,train_iter,2.4815900325775146,0.000999283955128678,0.07807642594292613,847.0635414123535
2025-09-15 04:01:57,ADAMW_lr0.0003,ADAMW,2,shakespeare_char,189,train_eval,2.4721386432647705,0.000999267593358087,0.07807642594292613,
2025-09-15 04:01:57,ADAMW_lr0.0003,ADAMW,2,shakespeare_char,189,val_eval,2.496774196624756,0.000999267593358087,0.07807642594292613,
2025-09-15 04:01:57,ADAMW_lr0.0003,ADAMW,2,shakespeare_char,189,train_iter,2.5258560180664062,0.000999267593358087,0.07850606965207306,848.1788635253906
2025-09-15 04:01:58,ADAMW_lr0.0003,ADAMW,2,shakespeare_char,190,train_eval,2.4716947078704834,0.0009992510469105584,0.07850606965207306,
2025-09-15 04:01:58,ADAMW_lr0.0003,ADAMW,2,shakespeare_char,190,val_eval,2.4946815967559814,0.0009992510469105584,0.07850606965207306,
2025-09-15 04:01:58,ADAMW_lr0.0003,ADAMW,2,shakespeare_char,190,train_iter,2.4496164321899414,0.0009992510469105584,0.07889963164502142,847.470760345459
2025-09-15 04:01:59,ADAMW_lr0.0003,ADAMW,2,shakespeare_char,191,train_eval,2.466625928878784,0.000999234315792894,0.07889963164502142,
2025-09-15 04:01:59,ADAMW_lr0.0003,ADAMW,2,shakespeare_char,191,val_eval,2.496631383895874,0.000999234315792894,0.07889963164502142,
2025-09-15 04:01:59,ADAMW_lr0.0003,ADAMW,2,shakespeare_char,191,train_iter,2.4818496704101562,0.000999234315792894,0.079375633538258,835.1328372955322
2025-09-15 04:02:00,ADAMW_lr0.0003,ADAMW,2,shakespeare_char,192,train_eval,2.4657421112060547,0.0009992174000119718,0.079375633538258,
2025-09-15 04:02:00,ADAMW_lr0.0003,ADAMW,2,shakespeare_char,192,val_eval,2.4915521144866943,0.0009992174000119718,0.079375633538258,
2025-09-15 04:02:00,ADAMW_lr0.0003,ADAMW,2,shakespeare_char,192,train_iter,2.4786219596862793,0.0009992174000119718,0.07957705774617031,858.4227561950684
2025-09-15 04:02:01,ADAMW_lr0.0003,ADAMW,2,shakespeare_char,193,train_eval,2.4638564586639404,0.0009992002995747448,0.07957705774617031,
2025-09-15 04:02:01,ADAMW_lr0.0003,ADAMW,2,shakespeare_char,193,val_eval,2.4918580055236816,0.0009992002995747448,0.07957705774617031,
2025-09-15 04:02:01,ADAMW_lr0.0003,ADAMW,2,shakespeare_char,193,train_iter,2.456550359725952,0.0009992002995747448,0.07973900158961522,860.4671955108643
2025-09-15 04:02:02,ADAMW_lr0.0003,ADAMW,2,shakespeare_char,194,train_eval,2.466573715209961,0.0009991830144882423,0.07973900158961522,
2025-09-15 04:02:02,ADAMW_lr0.0003,ADAMW,2,shakespeare_char,194,val_eval,2.482835054397583,0.0009991830144882423,0.07973900158961522,
2025-09-15 04:02:02,ADAMW_lr0.0003,ADAMW,2,shakespeare_char,194,train_iter,2.457934856414795,0.0009991830144882423,0.07992305140004842,856.4274311065674
2025-09-15 04:02:02,ADAMW_lr0.0003,ADAMW,2,shakespeare_char,195,train_eval,2.4649739265441895,0.0009991655447595697,0.07992305140004842,
2025-09-15 04:02:02,ADAMW_lr0.0003,ADAMW,2,shakespeare_char,195,val_eval,2.4760522842407227,0.0009991655447595697,0.07992305140004842,
2025-09-15 04:02:03,ADAMW_lr0.0003,ADAMW,2,shakespeare_char,195,train_iter,2.446272611618042,0.0009991655447595697,0.07666571136544847,1475.553035736084
2025-09-15 04:02:04,ADAMW_lr0.0003,ADAMW,2,shakespeare_char,196,train_eval,2.473951816558838,0.0009991478903959082,0.07666571136544847,
2025-09-15 04:02:04,ADAMW_lr0.0003,ADAMW,2,shakespeare_char,196,val_eval,2.47908353805542,0.0009991478903959082,0.07666571136544847,
2025-09-15 04:02:04,ADAMW_lr0.0003,ADAMW,2,shakespeare_char,196,train_iter,2.482588768005371,0.0009991478903959082,0.07441067606835354,1291.0737991333008
2025-09-15 04:02:05,ADAMW_lr0.0003,ADAMW,2,shakespeare_char,197,train_eval,2.4671289920806885,0.0009991300514045147,0.07441067606835354,
2025-09-15 04:02:05,ADAMW_lr0.0003,ADAMW,2,shakespeare_char,197,val_eval,2.4799633026123047,0.0009991300514045147,0.07441067606835354,
2025-09-15 04:02:05,ADAMW_lr0.0003,ADAMW,2,shakespeare_char,197,train_iter,2.5045297145843506,0.0009991300514045147,0.07393775013657763,1002.662181854248
2025-09-15 04:02:06,ADAMW_lr0.0003,ADAMW,2,shakespeare_char,198,train_eval,2.4604568481445312,0.0009991120277927223,0.07393775013657763,
2025-09-15 04:02:06,ADAMW_lr0.0003,ADAMW,2,shakespeare_char,198,val_eval,2.473717451095581,0.0009991120277927223,0.07393775013657763,
2025-09-15 04:02:07,ADAMW_lr0.0003,ADAMW,2,shakespeare_char,198,train_iter,2.489605665206909,0.0009991120277927223,0.07179328059153547,1330.9745788574219
2025-09-15 04:02:08,ADAMW_lr0.0003,ADAMW,2,shakespeare_char,199,train_eval,2.4562294483184814,0.0009990938195679395,0.07179328059153547,
2025-09-15 04:02:08,ADAMW_lr0.0003,ADAMW,2,shakespeare_char,199,val_eval,2.4859256744384766,0.0009990938195679395,0.07179328059153547,
2025-09-15 04:02:08,ADAMW_lr0.0003,ADAMW,2,shakespeare_char,199,train_iter,2.4863638877868652,0.0009990938195679395,0.0725933406306322,875.5924701690674
2025-09-15 04:02:08,ADAMW_lr0.0003,ADAMW,2,shakespeare_char,200,train_eval,2.462336778640747,0.0009990754267376514,0.0725933406306322,
2025-09-15 04:02:08,ADAMW_lr0.0003,ADAMW,2,shakespeare_char,200,val_eval,2.4959781169891357,0.0009990754267376514,0.0725933406306322,
2025-09-15 04:05:16,ADAMW_lr0.0003,ADAMW,2,shakespeare_char,200,train_iter,2.471618175506592,0.0009990754267376514,0.06537114607300723,188120.2254295349
2025-09-15 04:05:30,ADAMW_lr0.001,ADAMW,2,shakespeare_char,0,train_eval,4.270771503448486,9.900990099009901e-06,,
2025-09-15 04:05:30,ADAMW_lr0.001,ADAMW,2,shakespeare_char,0,val_eval,4.269772529602051,9.900990099009901e-06,,
2025-09-15 04:08:29,ADAMW_lr0.001,ADAMW,2,shakespeare_char,0,train_iter,4.265802383422852,9.900990099009901e-06,,183307.92951583862
2025-09-15 04:08:30,ADAMW_lr0.001,ADAMW,2,shakespeare_char,1,train_eval,4.083425998687744,1.9801980198019803e-05,,
2025-09-15 04:08:30,ADAMW_lr0.001,ADAMW,2,shakespeare_char,1,val_eval,4.0874128341674805,1.9801980198019803e-05,,
2025-09-15 04:08:30,ADAMW_lr0.001,ADAMW,2,shakespeare_char,1,train_iter,4.133230686187744,1.9801980198019803e-05,,1543.550729751587
2025-09-15 04:08:31,ADAMW_lr0.001,ADAMW,2,shakespeare_char,2,train_eval,3.817706823348999,2.9702970297029702e-05,,
2025-09-15 04:08:31,ADAMW_lr0.001,ADAMW,2,shakespeare_char,2,val_eval,3.827704668045044,2.9702970297029702e-05,,
2025-09-15 04:08:31,ADAMW_lr0.001,ADAMW,2,shakespeare_char,2,train_iter,3.905864715576172,2.9702970297029702e-05,,977.9722690582275
2025-09-15 04:08:32,ADAMW_lr0.001,ADAMW,2,shakespeare_char,3,train_eval,3.6331522464752197,3.9603960396039605e-05,,
2025-09-15 04:08:32,ADAMW_lr0.001,ADAMW,2,shakespeare_char,3,val_eval,3.6512081623077393,3.9603960396039605e-05,,
2025-09-15 04:08:32,ADAMW_lr0.001,ADAMW,2,shakespeare_char,3,train_iter,3.692086696624756,3.9603960396039605e-05,,1041.3835048675537
2025-09-15 04:08:33,ADAMW_lr0.001,ADAMW,2,shakespeare_char,4,train_eval,3.497502088546753,4.950495049504951e-05,,
2025-09-15 04:08:33,ADAMW_lr0.001,ADAMW,2,shakespeare_char,4,val_eval,3.522472620010376,4.950495049504951e-05,,
2025-09-15 04:08:33,ADAMW_lr0.001,ADAMW,2,shakespeare_char,4,train_iter,3.5246150493621826,4.950495049504951e-05,,968.2948589324951
2025-09-15 04:08:34,ADAMW_lr0.001,ADAMW,2,shakespeare_char,5,train_eval,3.3958137035369873,5.9405940594059404e-05,,
2025-09-15 04:08:34,ADAMW_lr0.001,ADAMW,2,shakespeare_char,5,val_eval,3.4277100563049316,5.9405940594059404e-05,,
2025-09-15 04:08:34,ADAMW_lr0.001,ADAMW,2,shakespeare_char,5,train_iter,3.4788455963134766,5.9405940594059404e-05,0.0649213963406827,1076.1771202087402
2025-09-15 04:08:35,ADAMW_lr0.001,ADAMW,2,shakespeare_char,6,train_eval,3.3376407623291016,6.930693069306931e-05,0.0649213963406827,
2025-09-15 04:08:35,ADAMW_lr0.001,ADAMW,2,shakespeare_char,6,val_eval,3.369873046875,6.930693069306931e-05,0.0649213963406827,
2025-09-15 04:08:36,ADAMW_lr0.001,ADAMW,2,shakespeare_char,6,train_iter,3.3858370780944824,6.930693069306931e-05,0.06443123620216025,1164.064645767212
2025-09-15 04:08:36,ADAMW_lr0.001,ADAMW,2,shakespeare_char,7,train_eval,3.2869255542755127,7.920792079207921e-05,0.06443123620216025,
2025-09-15 04:08:36,ADAMW_lr0.001,ADAMW,2,shakespeare_char,7,val_eval,3.318552017211914,7.920792079207921e-05,0.06443123620216025,
2025-09-15 04:08:37,ADAMW_lr0.001,ADAMW,2,shakespeare_char,7,train_iter,3.3118045330047607,7.920792079207921e-05,0.06400732331662609,1160.7322692871094
2025-09-15 04:08:37,ADAMW_lr0.001,ADAMW,2,shakespeare_char,8,train_eval,3.2517483234405518,8.910891089108912e-05,0.06400732331662609,
2025-09-15 04:08:37,ADAMW_lr0.001,ADAMW,2,shakespeare_char,8,val_eval,3.2759954929351807,8.910891089108912e-05,0.06400732331662609,
2025-09-15 04:08:38,ADAMW_lr0.001,ADAMW,2,shakespeare_char,8,train_iter,3.332759380340576,8.910891089108912e-05,0.06425980577913064,1050.1227378845215
2025-09-15 04:08:38,ADAMW_lr0.001,ADAMW,2,shakespeare_char,9,train_eval,3.1912343502044678,9.900990099009902e-05,0.06425980577913064,
2025-09-15 04:08:38,ADAMW_lr0.001,ADAMW,2,shakespeare_char,9,val_eval,3.221372127532959,9.900990099009902e-05,0.06425980577913064,
2025-09-15 04:08:39,ADAMW_lr0.001,ADAMW,2,shakespeare_char,9,train_iter,3.2231297492980957,9.900990099009902e-05,0.06472119791407947,1014.4205093383789
2025-09-15 04:08:39,ADAMW_lr0.001,ADAMW,2,shakespeare_char,10,train_eval,3.1071014404296875,0.0001089108910891089,0.06472119791407947,
2025-09-15 04:08:39,ADAMW_lr0.001,ADAMW,2,shakespeare_char,10,val_eval,3.1386656761169434,0.0001089108910891089,0.06472119791407947,
2025-09-15 04:08:40,ADAMW_lr0.001,ADAMW,2,shakespeare_char,10,train_iter,3.127366542816162,0.0001089108910891089,0.06537678288213769,980.2162647247314
2025-09-15 04:08:40,ADAMW_lr0.001,ADAMW,2,shakespeare_char,11,train_eval,3.0855770111083984,0.00011881188118811881,0.06537678288213769,
2025-09-15 04:08:40,ADAMW_lr0.001,ADAMW,2,shakespeare_char,11,val_eval,3.105135440826416,0.00011881188118811881,0.06537678288213769,
2025-09-15 04:08:41,ADAMW_lr0.001,ADAMW,2,shakespeare_char,11,train_iter,3.126293897628784,0.00011881188118811881,0.06583130306159601,999.2125034332275
2025-09-15 04:08:41,ADAMW_lr0.001,ADAMW,2,shakespeare_char,12,train_eval,3.0445127487182617,0.00012871287128712872,0.06583130306159601,
2025-09-15 04:08:41,ADAMW_lr0.001,ADAMW,2,shakespeare_char,12,val_eval,3.0593433380126953,0.00012871287128712872,0.06583130306159601,
2025-09-15 04:08:42,ADAMW_lr0.001,ADAMW,2,shakespeare_char,12,train_iter,3.074979782104492,0.00012871287128712872,0.06599250151040754,1035.935878753662
2025-09-15 04:08:42,ADAMW_lr0.001,ADAMW,2,shakespeare_char,13,train_eval,2.947437047958374,0.00013861386138613863,0.06599250151040754,
2025-09-15 04:08:42,ADAMW_lr0.001,ADAMW,2,shakespeare_char,13,val_eval,2.977541446685791,0.00013861386138613863,0.06599250151040754,
2025-09-15 04:08:43,ADAMW_lr0.001,ADAMW,2,shakespeare_char,13,train_iter,3.033353328704834,0.00013861386138613863,0.06626643117756914,1016.5152549743652
2025-09-15 04:08:43,ADAMW_lr0.001,ADAMW,2,shakespeare_char,14,train_eval,2.9097137451171875,0.0001485148514851485,0.06626643117756914,
2025-09-15 04:08:43,ADAMW_lr0.001,ADAMW,2,shakespeare_char,14,val_eval,2.929105281829834,0.0001485148514851485,0.06626643117756914,
2025-09-15 04:08:44,ADAMW_lr0.001,ADAMW,2,shakespeare_char,14,train_iter,2.9925544261932373,0.0001485148514851485,0.06676512540468259,980.5419445037842
2025-09-15 04:08:44,ADAMW_lr0.001,ADAMW,2,shakespeare_char,15,train_eval,2.8822736740112305,0.00015841584158415842,0.06676512540468259,
2025-09-15 04:08:44,ADAMW_lr0.001,ADAMW,2,shakespeare_char,15,val_eval,2.899972915649414,0.00015841584158415842,0.06676512540468259,
2025-09-15 04:08:45,ADAMW_lr0.001,ADAMW,2,shakespeare_char,15,train_iter,2.8894782066345215,0.00015841584158415842,0.06716807398876316,986.8960380554199
2025-09-15 04:08:46,ADAMW_lr0.001,ADAMW,2,shakespeare_char,16,train_eval,2.840219497680664,0.00016831683168316833,0.06716807398876316,
2025-09-15 04:08:46,ADAMW_lr0.001,ADAMW,2,shakespeare_char,16,val_eval,2.8640847206115723,0.00016831683168316833,0.06716807398876316,
2025-09-15 04:08:46,ADAMW_lr0.001,ADAMW,2,shakespeare_char,16,train_iter,2.9125211238861084,0.00016831683168316833,0.06707051301714045,1055.511713027954
2025-09-15 04:08:47,ADAMW_lr0.001,ADAMW,2,shakespeare_char,17,train_eval,2.8178951740264893,0.00017821782178217824,0.06707051301714045,
2025-09-15 04:08:47,ADAMW_lr0.001,ADAMW,2,shakespeare_char,17,val_eval,2.83402156829834,0.00017821782178217824,0.06707051301714045,
2025-09-15 04:08:47,ADAMW_lr0.001,ADAMW,2,shakespeare_char,17,train_iter,2.870696544647217,0.00017821782178217824,0.06729737626908931,1007.6115131378174
2025-09-15 04:08:48,ADAMW_lr0.001,ADAMW,2,shakespeare_char,18,train_eval,2.788577079772949,0.00018811881188118812,0.06729737626908931,
2025-09-15 04:08:48,ADAMW_lr0.001,ADAMW,2,shakespeare_char,18,val_eval,2.805351495742798,0.00018811881188118812,0.06729737626908931,
2025-09-15 04:08:48,ADAMW_lr0.001,ADAMW,2,shakespeare_char,18,train_iter,2.8251266479492188,0.00018811881188118812,0.0672565506441608,1044.5184707641602
2025-09-15 04:08:49,ADAMW_lr0.001,ADAMW,2,shakespeare_char,19,train_eval,2.7685418128967285,0.00019801980198019803,0.0672565506441608,
2025-09-15 04:08:49,ADAMW_lr0.001,ADAMW,2,shakespeare_char,19,val_eval,2.7801263332366943,0.00019801980198019803,0.0672565506441608,
2025-09-15 04:08:50,ADAMW_lr0.001,ADAMW,2,shakespeare_char,19,train_iter,2.7816710472106934,0.00019801980198019803,0.0639921424363156,2018.547773361206
2025-09-15 04:08:51,ADAMW_lr0.001,ADAMW,2,shakespeare_char,20,train_eval,2.744148015975952,0.00020792079207920794,0.0639921424363156,
2025-09-15 04:08:51,ADAMW_lr0.001,ADAMW,2,shakespeare_char,20,val_eval,2.747382879257202,0.00020792079207920794,0.0639921424363156,
2025-09-15 04:08:52,ADAMW_lr0.001,ADAMW,2,shakespeare_char,20,train_iter,2.814877986907959,0.00020792079207920794,0.06187444686067777,1631.8256855010986
2025-09-15 04:08:52,ADAMW_lr0.001,ADAMW,2,shakespeare_char,21,train_eval,2.7257094383239746,0.0002178217821782178,0.06187444686067777,
2025-09-15 04:08:52,ADAMW_lr0.001,ADAMW,2,shakespeare_char,21,val_eval,2.726902961730957,0.0002178217821782178,0.06187444686067777,
2025-09-15 04:08:53,ADAMW_lr0.001,ADAMW,2,shakespeare_char,21,train_iter,2.793076276779175,0.0002178217821782178,0.060552829823158995,1435.8692169189453
2025-09-15 04:08:54,ADAMW_lr0.001,ADAMW,2,shakespeare_char,22,train_eval,2.7062900066375732,0.0002277227722772277,0.060552829823158995,
2025-09-15 04:08:54,ADAMW_lr0.001,ADAMW,2,shakespeare_char,22,val_eval,2.7060391902923584,0.0002277227722772277,0.060552829823158995,
2025-09-15 04:08:54,ADAMW_lr0.001,ADAMW,2,shakespeare_char,22,train_iter,2.7232413291931152,0.0002277227722772277,0.06119483766418753,1043.2116985321045
2025-09-15 04:08:55,ADAMW_lr0.001,ADAMW,2,shakespeare_char,23,train_eval,2.691225290298462,0.00023762376237623762,0.06119483766418753,
2025-09-15 04:08:55,ADAMW_lr0.001,ADAMW,2,shakespeare_char,23,val_eval,2.6937525272369385,0.00023762376237623762,0.06119483766418753,
2025-09-15 04:08:55,ADAMW_lr0.001,ADAMW,2,shakespeare_char,23,train_iter,2.7151544094085693,0.00023762376237623762,0.06134486531370662,1114.391803741455
2025-09-15 04:08:56,ADAMW_lr0.001,ADAMW,2,shakespeare_char,24,train_eval,2.6795406341552734,0.00024752475247524753,0.06134486531370662,
2025-09-15 04:08:56,ADAMW_lr0.001,ADAMW,2,shakespeare_char,24,val_eval,2.6796581745147705,0.00024752475247524753,0.06134486531370662,
2025-09-15 04:08:56,ADAMW_lr0.001,ADAMW,2,shakespeare_char,24,train_iter,2.70971941947937,0.00024752475247524753,0.06202617169137508,1025.0740051269531
2025-09-15 04:08:57,ADAMW_lr0.001,ADAMW,2,shakespeare_char,25,train_eval,2.687056541442871,0.00025742574257425744,0.06202617169137508,
2025-09-15 04:08:57,ADAMW_lr0.001,ADAMW,2,shakespeare_char,25,val_eval,2.6828787326812744,0.00025742574257425744,0.06202617169137508,
2025-09-15 04:08:57,ADAMW_lr0.001,ADAMW,2,shakespeare_char,25,train_iter,2.711453914642334,0.00025742574257425744,0.0658628461506357,695.9347724914551
2025-09-15 04:08:58,ADAMW_lr0.001,ADAMW,2,shakespeare_char,26,train_eval,2.671518564224243,0.00026732673267326735,0.0658628461506357,
2025-09-15 04:08:58,ADAMW_lr0.001,ADAMW,2,shakespeare_char,26,val_eval,2.6709203720092773,0.00026732673267326735,0.0658628461506357,
2025-09-15 04:08:58,ADAMW_lr0.001,ADAMW,2,shakespeare_char,26,train_iter,2.6448190212249756,0.00026732673267326735,0.06624716129485118,1002.3086071014404
2025-09-15 04:08:59,ADAMW_lr0.001,ADAMW,2,shakespeare_char,27,train_eval,2.649534225463867,0.00027722772277227726,0.06624716129485118,
2025-09-15 04:08:59,ADAMW_lr0.001,ADAMW,2,shakespeare_char,27,val_eval,2.6489243507385254,0.00027722772277227726,0.06624716129485118,
2025-09-15 04:08:59,ADAMW_lr0.001,ADAMW,2,shakespeare_char,27,train_iter,2.663696050643921,0.00027722772277227726,0.06647113013555815,1020.150899887085
2025-09-15 04:09:00,ADAMW_lr0.001,ADAMW,2,shakespeare_char,28,train_eval,2.639644145965576,0.00028712871287128717,0.06647113013555815,
2025-09-15 04:09:00,ADAMW_lr0.001,ADAMW,2,shakespeare_char,28,val_eval,2.645458459854126,0.00028712871287128717,0.06647113013555815,
2025-09-15 04:09:00,ADAMW_lr0.001,ADAMW,2,shakespeare_char,28,train_iter,2.671203136444092,0.00028712871287128717,0.06461876513700887,1457.1552276611328
2025-09-15 04:09:01,ADAMW_lr0.001,ADAMW,2,shakespeare_char,29,train_eval,2.6522622108459473,0.000297029702970297,0.06461876513700887,
2025-09-15 04:09:01,ADAMW_lr0.001,ADAMW,2,shakespeare_char,29,val_eval,2.648732900619507,0.000297029702970297,0.06461876513700887,
2025-09-15 04:09:01,ADAMW_lr0.001,ADAMW,2,shakespeare_char,29,train_iter,2.648599147796631,0.000297029702970297,0.06790826210693865,716.4828777313232
2025-09-15 04:09:02,ADAMW_lr0.001,ADAMW,2,shakespeare_char,30,train_eval,2.655529260635376,0.00030693069306930693,0.06790826210693865,
2025-09-15 04:09:02,ADAMW_lr0.001,ADAMW,2,shakespeare_char,30,val_eval,2.6467058658599854,0.00030693069306930693,0.06790826210693865,
2025-09-15 04:09:02,ADAMW_lr0.001,ADAMW,2,shakespeare_char,30,train_iter,2.6569254398345947,0.00030693069306930693,0.07120514501164918,692.5945281982422
2025-09-15 04:09:02,ADAMW_lr0.001,ADAMW,2,shakespeare_char,31,train_eval,2.6390621662139893,0.00031683168316831684,0.07120514501164918,
2025-09-15 04:09:02,ADAMW_lr0.001,ADAMW,2,shakespeare_char,31,val_eval,2.6247079372406006,0.00031683168316831684,0.07120514501164918,
2025-09-15 04:09:03,ADAMW_lr0.001,ADAMW,2,shakespeare_char,31,train_iter,2.6733927726745605,0.00031683168316831684,0.07099357546943214,1011.2531185150146
2025-09-15 04:09:03,ADAMW_lr0.001,ADAMW,2,shakespeare_char,32,train_eval,2.62178373336792,0.00032673267326732675,0.07099357546943214,
2025-09-15 04:09:03,ADAMW_lr0.001,ADAMW,2,shakespeare_char,32,val_eval,2.6108880043029785,0.00032673267326732675,0.07099357546943214,
2025-09-15 04:09:04,ADAMW_lr0.001,ADAMW,2,shakespeare_char,32,train_iter,2.646606922149658,0.00032673267326732675,0.07074946523306858,1019.174337387085
2025-09-15 04:09:04,ADAMW_lr0.001,ADAMW,2,shakespeare_char,33,train_eval,2.6131246089935303,0.00033663366336633666,0.07074946523306858,
2025-09-15 04:09:04,ADAMW_lr0.001,ADAMW,2,shakespeare_char,33,val_eval,2.607203483581543,0.00033663366336633666,0.07074946523306858,
2025-09-15 04:09:05,ADAMW_lr0.001,ADAMW,2,shakespeare_char,33,train_iter,2.5848891735076904,0.00033663366336633666,0.06972324086681345,1155.06911277771
2025-09-15 04:09:06,ADAMW_lr0.001,ADAMW,2,shakespeare_char,34,train_eval,2.610851764678955,0.00034653465346534657,0.06972324086681345,
2025-09-15 04:09:06,ADAMW_lr0.001,ADAMW,2,shakespeare_char,34,val_eval,2.6052587032318115,0.00034653465346534657,0.06972324086681345,
2025-09-15 04:09:06,ADAMW_lr0.001,ADAMW,2,shakespeare_char,34,train_iter,2.654561996459961,0.00034653465346534657,0.0692916444016266,1068.1827068328857
2025-09-15 04:09:07,ADAMW_lr0.001,ADAMW,2,shakespeare_char,35,train_eval,2.607020616531372,0.0003564356435643565,0.0692916444016266,
2025-09-15 04:09:07,ADAMW_lr0.001,ADAMW,2,shakespeare_char,35,val_eval,2.603588342666626,0.0003564356435643565,0.0692916444016266,
2025-09-15 04:09:07,ADAMW_lr0.001,ADAMW,2,shakespeare_char,35,train_iter,2.6153273582458496,0.0003564356435643565,0.06859846399335436,1120.3832626342773
2025-09-15 04:09:08,ADAMW_lr0.001,ADAMW,2,shakespeare_char,36,train_eval,2.5959410667419434,0.00036633663366336634,0.06859846399335436,
2025-09-15 04:09:08,ADAMW_lr0.001,ADAMW,2,shakespeare_char,36,val_eval,2.5936625003814697,0.00036633663366336634,0.06859846399335436,
2025-09-15 04:09:08,ADAMW_lr0.001,ADAMW,2,shakespeare_char,36,train_iter,2.6216483116149902,0.00036633663366336634,0.06819092964142437,1082.819938659668
2025-09-15 04:09:09,ADAMW_lr0.001,ADAMW,2,shakespeare_char,37,train_eval,2.5944504737854004,0.00037623762376237625,0.06819092964142437,
2025-09-15 04:09:09,ADAMW_lr0.001,ADAMW,2,shakespeare_char,37,val_eval,2.5981597900390625,0.00037623762376237625,0.06819092964142437,
2025-09-15 04:09:09,ADAMW_lr0.001,ADAMW,2,shakespeare_char,37,train_iter,2.6010637283325195,0.00037623762376237625,0.07048956368235389,766.2756443023682
2025-09-15 04:09:10,ADAMW_lr0.001,ADAMW,2,shakespeare_char,38,train_eval,2.587648868560791,0.00038613861386138616,0.07048956368235389,
2025-09-15 04:09:10,ADAMW_lr0.001,ADAMW,2,shakespeare_char,38,val_eval,2.5979702472686768,0.00038613861386138616,0.07048956368235389,
2025-09-15 04:09:10,ADAMW_lr0.001,ADAMW,2,shakespeare_char,38,train_iter,2.5733909606933594,0.00038613861386138616,0.0733389867757435,705.8420181274414
2025-09-15 04:09:10,ADAMW_lr0.001,ADAMW,2,shakespeare_char,39,train_eval,2.591691017150879,0.00039603960396039607,0.0733389867757435,
2025-09-15 04:09:10,ADAMW_lr0.001,ADAMW,2,shakespeare_char,39,val_eval,2.590482234954834,0.00039603960396039607,0.0733389867757435,
2025-09-15 04:09:11,ADAMW_lr0.001,ADAMW,2,shakespeare_char,39,train_iter,2.603043556213379,0.00039603960396039607,0.0722376171501819,1121.004343032837
2025-09-15 04:09:12,ADAMW_lr0.001,ADAMW,2,shakespeare_char,40,train_eval,2.6002349853515625,0.000405940594059406,0.0722376171501819,
2025-09-15 04:09:12,ADAMW_lr0.001,ADAMW,2,shakespeare_char,40,val_eval,2.593292236328125,0.000405940594059406,0.0722376171501819,
2025-09-15 04:09:12,ADAMW_lr0.001,ADAMW,2,shakespeare_char,40,train_iter,2.5683441162109375,0.000405940594059406,0.0741642466177987,763.5402679443359
2025-09-15 04:09:12,ADAMW_lr0.001,ADAMW,2,shakespeare_char,41,train_eval,2.5867092609405518,0.0004158415841584159,0.0741642466177987,
2025-09-15 04:09:12,ADAMW_lr0.001,ADAMW,2,shakespeare_char,41,val_eval,2.58061146736145,0.0004158415841584159,0.0741642466177987,
2025-09-15 04:09:13,ADAMW_lr0.001,ADAMW,2,shakespeare_char,41,train_iter,2.6255218982696533,0.0004158415841584159,0.07067294573262352,1779.9928188323975
2025-09-15 04:09:14,ADAMW_lr0.001,ADAMW,2,shakespeare_char,42,train_eval,2.576478958129883,0.0004257425742574258,0.07067294573262352,
2025-09-15 04:09:14,ADAMW_lr0.001,ADAMW,2,shakespeare_char,42,val_eval,2.574084997177124,0.0004257425742574258,0.07067294573262352,
2025-09-15 04:09:15,ADAMW_lr0.001,ADAMW,2,shakespeare_char,42,train_iter,2.643828868865967,0.0004257425742574258,0.0672721832941291,1905.531406402588
2025-09-15 04:09:16,ADAMW_lr0.001,ADAMW,2,shakespeare_char,43,train_eval,2.573751926422119,0.0004356435643564356,0.0672721832941291,
2025-09-15 04:09:16,ADAMW_lr0.001,ADAMW,2,shakespeare_char,43,val_eval,2.5713911056518555,0.0004356435643564356,0.0672721832941291,
2025-09-15 04:09:16,ADAMW_lr0.001,ADAMW,2,shakespeare_char,43,train_iter,2.5662715435028076,0.0004356435643564356,0.06700306440530496,1081.8495750427246
2025-09-15 04:09:17,ADAMW_lr0.001,ADAMW,2,shakespeare_char,44,train_eval,2.5758512020111084,0.0004455445544554455,0.06700306440530496,
2025-09-15 04:09:17,ADAMW_lr0.001,ADAMW,2,shakespeare_char,44,val_eval,2.574932336807251,0.0004455445544554455,0.06700306440530496,
2025-09-15 04:09:17,ADAMW_lr0.001,ADAMW,2,shakespeare_char,44,train_iter,2.56129789352417,0.0004455445544554455,0.07036757573773122,694.1697597503662
2025-09-15 04:09:18,ADAMW_lr0.001,ADAMW,2,shakespeare_char,45,train_eval,2.576052665710449,0.0004554455445544554,0.07036757573773122,
2025-09-15 04:09:18,ADAMW_lr0.001,ADAMW,2,shakespeare_char,45,val_eval,2.567985773086548,0.0004554455445544554,0.07036757573773122,
2025-09-15 04:09:18,ADAMW_lr0.001,ADAMW,2,shakespeare_char,45,train_iter,2.5678277015686035,0.0004554455445544554,0.07020418498737052,1016.4875984191895
2025-09-15 04:09:19,ADAMW_lr0.001,ADAMW,2,shakespeare_char,46,train_eval,2.57139253616333,0.0004653465346534653,0.07020418498737052,
2025-09-15 04:09:19,ADAMW_lr0.001,ADAMW,2,shakespeare_char,46,val_eval,2.5661725997924805,0.0004653465346534653,0.07020418498737052,
2025-09-15 04:09:19,ADAMW_lr0.001,ADAMW,2,shakespeare_char,46,train_iter,2.5945258140563965,0.0004653465346534653,0.06954817007107278,1097.7764129638672
2025-09-15 04:09:20,ADAMW_lr0.001,ADAMW,2,shakespeare_char,47,train_eval,2.5621137619018555,0.00047524752475247524,0.06954817007107278,
2025-09-15 04:09:20,ADAMW_lr0.001,ADAMW,2,shakespeare_char,47,val_eval,2.5664498805999756,0.00047524752475247524,0.06954817007107278,
2025-09-15 04:09:20,ADAMW_lr0.001,ADAMW,2,shakespeare_char,47,train_iter,2.5451788902282715,0.00047524752475247524,0.07179118494549358,759.6020698547363
2025-09-15 04:09:21,ADAMW_lr0.001,ADAMW,2,shakespeare_char,48,train_eval,2.582314968109131,0.00048514851485148515,0.07179118494549358,
2025-09-15 04:09:21,ADAMW_lr0.001,ADAMW,2,shakespeare_char,48,val_eval,2.588153123855591,0.00048514851485148515,0.07179118494549358,
2025-09-15 04:09:21,ADAMW_lr0.001,ADAMW,2,shakespeare_char,48,train_iter,2.6191680431365967,0.00048514851485148515,0.07477038843562726,687.7801418304443
2025-09-15 04:09:21,ADAMW_lr0.001,ADAMW,2,shakespeare_char,49,train_eval,2.5642166137695312,0.0004950495049504951,0.07477038843562726,
2025-09-15 04:09:21,ADAMW_lr0.001,ADAMW,2,shakespeare_char,49,val_eval,2.5768065452575684,0.0004950495049504951,0.07477038843562726,
2025-09-15 04:09:21,ADAMW_lr0.001,ADAMW,2,shakespeare_char,49,train_iter,2.5928215980529785,0.0004950495049504951,0.07727895293712857,699.676513671875
2025-09-15 04:09:22,ADAMW_lr0.001,ADAMW,2,shakespeare_char,50,train_eval,2.5598742961883545,0.000504950495049505,0.07727895293712857,
2025-09-15 04:09:22,ADAMW_lr0.001,ADAMW,2,shakespeare_char,50,val_eval,2.5619454383850098,0.000504950495049505,0.07727895293712857,
2025-09-15 04:09:22,ADAMW_lr0.001,ADAMW,2,shakespeare_char,50,train_iter,2.586113929748535,0.000504950495049505,0.0762871202446917,1037.2071266174316
2025-09-15 04:09:23,ADAMW_lr0.001,ADAMW,2,shakespeare_char,51,train_eval,2.5598249435424805,0.0005148514851485149,0.0762871202446917,
2025-09-15 04:09:23,ADAMW_lr0.001,ADAMW,2,shakespeare_char,51,val_eval,2.560175895690918,0.0005148514851485149,0.0762871202446917,
2025-09-15 04:09:23,ADAMW_lr0.001,ADAMW,2,shakespeare_char,51,train_iter,2.5379538536071777,0.0005148514851485149,0.07538552218492214,1038.5868549346924
2025-09-15 04:09:24,ADAMW_lr0.001,ADAMW,2,shakespeare_char,52,train_eval,2.549861431121826,0.0005247524752475248,0.07538552218492214,
2025-09-15 04:09:24,ADAMW_lr0.001,ADAMW,2,shakespeare_char,52,val_eval,2.556877851486206,0.0005247524752475248,0.07538552218492214,
2025-09-15 04:09:24,ADAMW_lr0.001,ADAMW,2,shakespeare_char,52,train_iter,2.542060375213623,0.0005247524752475248,0.07471540390561508,1017.2176361083984
2025-09-15 04:09:25,ADAMW_lr0.001,ADAMW,2,shakespeare_char,53,train_eval,2.5541646480560303,0.0005346534653465347,0.07471540390561508,
2025-09-15 04:09:25,ADAMW_lr0.001,ADAMW,2,shakespeare_char,53,val_eval,2.553863286972046,0.0005346534653465347,0.07471540390561508,
2025-09-15 04:09:25,ADAMW_lr0.001,ADAMW,2,shakespeare_char,53,train_iter,2.5866177082061768,0.0005346534653465347,0.07444952913091635,969.6109294891357
2025-09-15 04:09:26,ADAMW_lr0.001,ADAMW,2,shakespeare_char,54,train_eval,2.559988021850586,0.0005445544554455446,0.07444952913091635,
2025-09-15 04:09:26,ADAMW_lr0.001,ADAMW,2,shakespeare_char,54,val_eval,2.559342861175537,0.0005445544554455446,0.07444952913091635,
2025-09-15 04:09:26,ADAMW_lr0.001,ADAMW,2,shakespeare_char,54,train_iter,2.56225848197937,0.0005445544554455446,0.07714117911176656,689.2538070678711
2025-09-15 04:09:27,ADAMW_lr0.001,ADAMW,2,shakespeare_char,55,train_eval,2.5488948822021484,0.0005544554455445545,0.07714117911176656,
2025-09-15 04:09:27,ADAMW_lr0.001,ADAMW,2,shakespeare_char,55,val_eval,2.544938087463379,0.0005544554455445545,0.07714117911176656,
2025-09-15 04:09:27,ADAMW_lr0.001,ADAMW,2,shakespeare_char,55,train_iter,2.6182994842529297,0.0005544554455445545,0.07643771385619866,996.5822696685791
2025-09-15 04:09:28,ADAMW_lr0.001,ADAMW,2,shakespeare_char,56,train_eval,2.559330940246582,0.0005643564356435644,0.07643771385619866,
2025-09-15 04:09:28,ADAMW_lr0.001,ADAMW,2,shakespeare_char,56,val_eval,2.5669143199920654,0.0005643564356435644,0.07643771385619866,
2025-09-15 04:09:28,ADAMW_lr0.001,ADAMW,2,shakespeare_char,56,train_iter,2.6020233631134033,0.0005643564356435644,0.07794944812544709,763.1137371063232
2025-09-15 04:09:28,ADAMW_lr0.001,ADAMW,2,shakespeare_char,57,train_eval,2.5550432205200195,0.0005742574257425743,0.07794944812544709,
2025-09-15 04:09:28,ADAMW_lr0.001,ADAMW,2,shakespeare_char,57,val_eval,2.564121723175049,0.0005742574257425743,0.07794944812544709,
2025-09-15 04:09:28,ADAMW_lr0.001,ADAMW,2,shakespeare_char,57,train_iter,2.59809947013855,0.0005742574257425743,0.08025354927272796,691.817045211792
2025-09-15 04:09:29,ADAMW_lr0.001,ADAMW,2,shakespeare_char,58,train_eval,2.551340341567993,0.0005841584158415842,0.08025354927272796,
2025-09-15 04:09:29,ADAMW_lr0.001,ADAMW,2,shakespeare_char,58,val_eval,2.549870014190674,0.0005841584158415842,0.08025354927272796,
2025-09-15 04:09:29,ADAMW_lr0.001,ADAMW,2,shakespeare_char,58,train_iter,2.5809669494628906,0.0005841584158415842,0.08226365601501864,696.2003707885742
2025-09-15 04:09:30,ADAMW_lr0.001,ADAMW,2,shakespeare_char,59,train_eval,2.547046422958374,0.000594059405940594,0.08226365601501864,
2025-09-15 04:09:30,ADAMW_lr0.001,ADAMW,2,shakespeare_char,59,val_eval,2.541942834854126,0.000594059405940594,0.08226365601501864,
2025-09-15 04:09:30,ADAMW_lr0.001,ADAMW,2,shakespeare_char,59,train_iter,2.579454183578491,0.000594059405940594,0.07999714334073921,1172.292709350586
2025-09-15 04:09:31,ADAMW_lr0.001,ADAMW,2,shakespeare_char,60,train_eval,2.5606517791748047,0.000603960396039604,0.07999714334073921,
2025-09-15 04:09:31,ADAMW_lr0.001,ADAMW,2,shakespeare_char,60,val_eval,2.549959182739258,0.000603960396039604,0.07999714334073921,
2025-09-15 04:09:31,ADAMW_lr0.001,ADAMW,2,shakespeare_char,60,train_iter,2.5724873542785645,0.000603960396039604,0.08116564406141691,762.0558738708496
2025-09-15 04:09:32,ADAMW_lr0.001,ADAMW,2,shakespeare_char,61,train_eval,2.5561025142669678,0.0006138613861386139,0.08116564406141691,
2025-09-15 04:09:32,ADAMW_lr0.001,ADAMW,2,shakespeare_char,61,val_eval,2.5569519996643066,0.0006138613861386139,0.08116564406141691,
2025-09-15 04:09:32,ADAMW_lr0.001,ADAMW,2,shakespeare_char,61,train_iter,2.598982334136963,0.0006138613861386139,0.08310440006577811,694.8254108428955
2025-09-15 04:09:32,ADAMW_lr0.001,ADAMW,2,shakespeare_char,62,train_eval,2.5399084091186523,0.0006237623762376238,0.08310440006577811,
2025-09-15 04:09:32,ADAMW_lr0.001,ADAMW,2,shakespeare_char,62,val_eval,2.5502467155456543,0.0006237623762376238,0.08310440006577811,
2025-09-15 04:09:32,ADAMW_lr0.001,ADAMW,2,shakespeare_char,62,train_iter,2.5946433544158936,0.0006237623762376238,0.08479747981417136,698.4233856201172
2025-09-15 04:09:33,ADAMW_lr0.001,ADAMW,2,shakespeare_char,63,train_eval,2.5486011505126953,0.0006336633663366337,0.08479747981417136,
2025-09-15 04:09:33,ADAMW_lr0.001,ADAMW,2,shakespeare_char,63,val_eval,2.565103530883789,0.0006336633663366337,0.08479747981417136,
2025-09-15 04:09:33,ADAMW_lr0.001,ADAMW,2,shakespeare_char,63,train_iter,2.532879590988159,0.0006336633663366337,0.08611770821267126,712.9294872283936
2025-09-15 04:09:34,ADAMW_lr0.001,ADAMW,2,shakespeare_char,64,train_eval,2.5482542514801025,0.0006435643564356436,0.08611770821267126,
2025-09-15 04:09:34,ADAMW_lr0.001,ADAMW,2,shakespeare_char,64,val_eval,2.562192440032959,0.0006435643564356436,0.08611770821267126,
2025-09-15 04:09:34,ADAMW_lr0.001,ADAMW,2,shakespeare_char,64,train_iter,2.5766494274139404,0.0006435643564356436,0.08742377722127974,704.4570446014404
2025-09-15 04:09:35,ADAMW_lr0.001,ADAMW,2,shakespeare_char,65,train_eval,2.549407720565796,0.0006534653465346535,0.08742377722127974,
2025-09-15 04:09:35,ADAMW_lr0.001,ADAMW,2,shakespeare_char,65,val_eval,2.557342767715454,0.0006534653465346535,0.08742377722127974,
2025-09-15 04:09:35,ADAMW_lr0.001,ADAMW,2,shakespeare_char,65,train_iter,2.569705009460449,0.0006534653465346535,0.0886561635762941,700.4368305206299
2025-09-15 04:09:35,ADAMW_lr0.001,ADAMW,2,shakespeare_char,66,train_eval,2.545118808746338,0.0006633663366336634,0.0886561635762941,
2025-09-15 04:09:35,ADAMW_lr0.001,ADAMW,2,shakespeare_char,66,val_eval,2.5496227741241455,0.0006633663366336634,0.0886561635762941,
2025-09-15 04:09:35,ADAMW_lr0.001,ADAMW,2,shakespeare_char,66,train_iter,2.5636348724365234,0.0006633663366336634,0.08984453252972706,694.9176788330078
2025-09-15 04:09:36,ADAMW_lr0.001,ADAMW,2,shakespeare_char,67,train_eval,2.5474658012390137,0.0006732673267326733,0.08984453252972706,
2025-09-15 04:09:36,ADAMW_lr0.001,ADAMW,2,shakespeare_char,67,val_eval,2.5499508380889893,0.0006732673267326733,0.08984453252972706,
2025-09-15 04:09:36,ADAMW_lr0.001,ADAMW,2,shakespeare_char,67,train_iter,2.535996913909912,0.0006732673267326733,0.09084680562216117,699.5978355407715
2025-09-15 04:09:37,ADAMW_lr0.001,ADAMW,2,shakespeare_char,68,train_eval,2.5526809692382812,0.0006831683168316832,0.09084680562216117,
2025-09-15 04:09:37,ADAMW_lr0.001,ADAMW,2,shakespeare_char,68,val_eval,2.5580670833587646,0.0006831683168316832,0.09084680562216117,
2025-09-15 04:09:37,ADAMW_lr0.001,ADAMW,2,shakespeare_char,68,train_iter,2.5871360301971436,0.0006831683168316832,0.09179013116969972,696.7179775238037
2025-09-15 04:09:37,ADAMW_lr0.001,ADAMW,2,shakespeare_char,69,train_eval,2.5495243072509766,0.0006930693069306931,0.09179013116969972,
2025-09-15 04:09:37,ADAMW_lr0.001,ADAMW,2,shakespeare_char,69,val_eval,2.552813768386841,0.0006930693069306931,0.09179013116969972,
2025-09-15 04:09:37,ADAMW_lr0.001,ADAMW,2,shakespeare_char,69,train_iter,2.595508575439453,0.0006930693069306931,0.09263767280239778,696.8188285827637
2025-09-15 04:09:38,ADAMW_lr0.001,ADAMW,2,shakespeare_char,70,train_eval,2.5470082759857178,0.000702970297029703,0.09263767280239778,
2025-09-15 04:09:38,ADAMW_lr0.001,ADAMW,2,shakespeare_char,70,val_eval,2.5584518909454346,0.000702970297029703,0.09263767280239778,
2025-09-15 04:09:38,ADAMW_lr0.001,ADAMW,2,shakespeare_char,70,train_iter,2.5282113552093506,0.000702970297029703,0.09336742288997728,699.122428894043
2025-09-15 04:09:39,ADAMW_lr0.001,ADAMW,2,shakespeare_char,71,train_eval,2.5521326065063477,0.000712871287128713,0.09336742288997728,
2025-09-15 04:09:39,ADAMW_lr0.001,ADAMW,2,shakespeare_char,71,val_eval,2.5465497970581055,0.000712871287128713,0.09336742288997728,
2025-09-15 04:09:39,ADAMW_lr0.001,ADAMW,2,shakespeare_char,71,train_iter,2.605457305908203,0.000712871287128713,0.09390076187072936,707.8657150268555
2025-09-15 04:09:39,ADAMW_lr0.001,ADAMW,2,shakespeare_char,72,train_eval,2.5508034229278564,0.0007227722772277228,0.09390076187072936,
2025-09-15 04:09:39,ADAMW_lr0.001,ADAMW,2,shakespeare_char,72,val_eval,2.5479037761688232,0.0007227722772277228,0.09390076187072936,
2025-09-15 04:09:39,ADAMW_lr0.001,ADAMW,2,shakespeare_char,72,train_iter,2.563422203063965,0.0007227722772277228,0.09450245162370655,699.2449760437012
2025-09-15 04:09:40,ADAMW_lr0.001,ADAMW,2,shakespeare_char,73,train_eval,2.5409960746765137,0.0007326732673267327,0.09450245162370655,
2025-09-15 04:09:40,ADAMW_lr0.001,ADAMW,2,shakespeare_char,73,val_eval,2.544691324234009,0.0007326732673267327,0.09450245162370655,
2025-09-15 04:09:40,ADAMW_lr0.001,ADAMW,2,shakespeare_char,73,train_iter,2.5487728118896484,0.0007326732673267327,0.09511749784479465,694.1370964050293
2025-09-15 04:09:41,ADAMW_lr0.001,ADAMW,2,shakespeare_char,74,train_eval,2.5329477787017822,0.0007425742574257426,0.09511749784479465,
2025-09-15 04:09:41,ADAMW_lr0.001,ADAMW,2,shakespeare_char,74,val_eval,2.5406999588012695,0.0007425742574257426,0.09511749784479465,
2025-09-15 04:09:41,ADAMW_lr0.001,ADAMW,2,shakespeare_char,74,train_iter,2.532907009124756,0.0007425742574257426,0.09240008560904514,1028.311014175415
2025-09-15 04:09:42,ADAMW_lr0.001,ADAMW,2,shakespeare_char,75,train_eval,2.5459320545196533,0.0007524752475247525,0.09240008560904514,
2025-09-15 04:09:42,ADAMW_lr0.001,ADAMW,2,shakespeare_char,75,val_eval,2.5549957752227783,0.0007524752475247525,0.09240008560904514,
2025-09-15 04:09:42,ADAMW_lr0.001,ADAMW,2,shakespeare_char,75,train_iter,2.4931540489196777,0.0007524752475247525,0.09230959685337889,763.6129856109619
2025-09-15 04:09:43,ADAMW_lr0.001,ADAMW,2,shakespeare_char,76,train_eval,2.5414493083953857,0.0007623762376237624,0.09230959685337889,
2025-09-15 04:09:43,ADAMW_lr0.001,ADAMW,2,shakespeare_char,76,val_eval,2.5472757816314697,0.0007623762376237624,0.09230959685337889,
2025-09-15 04:09:43,ADAMW_lr0.001,ADAMW,2,shakespeare_char,76,train_iter,2.51326847076416,0.0007623762376237624,0.093037699131894,701.5411853790283
2025-09-15 04:09:43,ADAMW_lr0.001,ADAMW,2,shakespeare_char,77,train_eval,2.5294415950775146,0.0007722772277227723,0.093037699131894,
2025-09-15 04:09:43,ADAMW_lr0.001,ADAMW,2,shakespeare_char,77,val_eval,2.5424365997314453,0.0007722772277227723,0.093037699131894,
2025-09-15 04:09:43,ADAMW_lr0.001,ADAMW,2,shakespeare_char,77,train_iter,2.538252830505371,0.0007722772277227723,0.09381384145388774,693.1302547454834
2025-09-15 04:09:44,ADAMW_lr0.001,ADAMW,2,shakespeare_char,78,train_eval,2.526547908782959,0.0007821782178217822,0.09381384145388774,
2025-09-15 04:09:44,ADAMW_lr0.001,ADAMW,2,shakespeare_char,78,val_eval,2.5425376892089844,0.0007821782178217822,0.09381384145388774,
2025-09-15 04:09:44,ADAMW_lr0.001,ADAMW,2,shakespeare_char,78,train_iter,2.5504024028778076,0.0007821782178217822,0.09453571282610337,691.5287971496582
2025-09-15 04:09:45,ADAMW_lr0.001,ADAMW,2,shakespeare_char,79,train_eval,2.5390267372131348,0.0007920792079207921,0.09453571282610337,
2025-09-15 04:09:45,ADAMW_lr0.001,ADAMW,2,shakespeare_char,79,val_eval,2.5525002479553223,0.0007920792079207921,0.09453571282610337,
2025-09-15 04:09:45,ADAMW_lr0.001,ADAMW,2,shakespeare_char,79,train_iter,2.5505850315093994,0.0007920792079207921,0.09502948296281813,702.3677825927734
2025-09-15 04:09:45,ADAMW_lr0.001,ADAMW,2,shakespeare_char,80,train_eval,2.550428867340088,0.000801980198019802,0.09502948296281813,
2025-09-15 04:09:45,ADAMW_lr0.001,ADAMW,2,shakespeare_char,80,val_eval,2.558807134628296,0.000801980198019802,0.09502948296281813,
2025-09-15 04:09:45,ADAMW_lr0.001,ADAMW,2,shakespeare_char,80,train_iter,2.5331668853759766,0.000801980198019802,0.0956460939227622,690.4146671295166
2025-09-15 04:09:46,ADAMW_lr0.001,ADAMW,2,shakespeare_char,81,train_eval,2.546433210372925,0.000811881188118812,0.0956460939227622,
2025-09-15 04:09:46,ADAMW_lr0.001,ADAMW,2,shakespeare_char,81,val_eval,2.5455002784729004,0.000811881188118812,0.0956460939227622,
2025-09-15 04:09:46,ADAMW_lr0.001,ADAMW,2,shakespeare_char,81,train_iter,2.5429670810699463,0.000811881188118812,0.09612469509199442,695.6632137298584
2025-09-15 04:09:47,ADAMW_lr0.001,ADAMW,2,shakespeare_char,82,train_eval,2.5398476123809814,0.0008217821782178219,0.09612469509199442,
2025-09-15 04:09:47,ADAMW_lr0.001,ADAMW,2,shakespeare_char,82,val_eval,2.5467607975006104,0.0008217821782178219,0.09612469509199442,
2025-09-15 04:09:47,ADAMW_lr0.001,ADAMW,2,shakespeare_char,82,train_iter,2.547520160675049,0.0008217821782178219,0.09620923073111823,720.4999923706055
2025-09-15 04:09:48,ADAMW_lr0.001,ADAMW,2,shakespeare_char,83,train_eval,2.5322530269622803,0.0008316831683168318,0.09620923073111823,
2025-09-15 04:09:48,ADAMW_lr0.001,ADAMW,2,shakespeare_char,83,val_eval,2.5367798805236816,0.0008316831683168318,0.09620923073111823,
2025-09-15 04:09:48,ADAMW_lr0.001,ADAMW,2,shakespeare_char,83,train_iter,2.555251121520996,0.0008316831683168318,0.09327448629559382,1044.945478439331
2025-09-15 04:09:49,ADAMW_lr0.001,ADAMW,2,shakespeare_char,84,train_eval,2.5200681686401367,0.0008415841584158417,0.09327448629559382,
2025-09-15 04:09:49,ADAMW_lr0.001,ADAMW,2,shakespeare_char,84,val_eval,2.528871536254883,0.0008415841584158417,0.09327448629559382,
2025-09-15 04:09:49,ADAMW_lr0.001,ADAMW,2,shakespeare_char,84,train_iter,2.5502583980560303,0.0008415841584158417,0.09030688449878925,1098.5629558563232
2025-09-15 04:09:50,ADAMW_lr0.001,ADAMW,2,shakespeare_char,85,train_eval,2.5229527950286865,0.0008514851485148516,0.09030688449878925,
2025-09-15 04:09:50,ADAMW_lr0.001,ADAMW,2,shakespeare_char,85,val_eval,2.523446559906006,0.0008514851485148516,0.09030688449878925,
2025-09-15 04:09:50,ADAMW_lr0.001,ADAMW,2,shakespeare_char,85,train_iter,2.5052943229675293,0.0008514851485148516,0.08806219947943957,1029.573917388916
2025-09-15 04:09:51,ADAMW_lr0.001,ADAMW,2,shakespeare_char,86,train_eval,2.5246317386627197,0.0008613861386138615,0.08806219947943957,
2025-09-15 04:09:51,ADAMW_lr0.001,ADAMW,2,shakespeare_char,86,val_eval,2.518850564956665,0.0008613861386138615,0.08806219947943957,
2025-09-15 04:09:51,ADAMW_lr0.001,ADAMW,2,shakespeare_char,86,train_iter,2.535545825958252,0.0008613861386138615,0.08581240792909686,1065.624713897705
2025-09-15 04:09:52,ADAMW_lr0.001,ADAMW,2,shakespeare_char,87,train_eval,2.5216407775878906,0.0008712871287128712,0.08581240792909686,
2025-09-15 04:09:52,ADAMW_lr0.001,ADAMW,2,shakespeare_char,87,val_eval,2.522127628326416,0.0008712871287128712,0.08581240792909686,
2025-09-15 04:09:52,ADAMW_lr0.001,ADAMW,2,shakespeare_char,87,train_iter,2.501880407333374,0.0008712871287128712,0.08672439740814351,735.9657287597656
2025-09-15 04:09:53,ADAMW_lr0.001,ADAMW,2,shakespeare_char,88,train_eval,2.5215954780578613,0.0008811881188118811,0.08672439740814351,
2025-09-15 04:09:53,ADAMW_lr0.001,ADAMW,2,shakespeare_char,88,val_eval,2.5198707580566406,0.0008811881188118811,0.08672439740814351,
2025-09-15 04:09:53,ADAMW_lr0.001,ADAMW,2,shakespeare_char,88,train_iter,2.5082547664642334,0.0008811881188118811,0.08816497934577211,690.8609867095947
2025-09-15 04:09:53,ADAMW_lr0.001,ADAMW,2,shakespeare_char,89,train_eval,2.5173351764678955,0.000891089108910891,0.08816497934577211,
2025-09-15 04:09:53,ADAMW_lr0.001,ADAMW,2,shakespeare_char,89,val_eval,2.5227434635162354,0.000891089108910891,0.08816497934577211,
2025-09-15 04:09:53,ADAMW_lr0.001,ADAMW,2,shakespeare_char,89,train_iter,2.5274291038513184,0.000891089108910891,0.08932048590107165,700.6306648254395
2025-09-15 04:09:54,ADAMW_lr0.001,ADAMW,2,shakespeare_char,90,train_eval,2.5181496143341064,0.0009009900990099009,0.08932048590107165,
2025-09-15 04:09:54,ADAMW_lr0.001,ADAMW,2,shakespeare_char,90,val_eval,2.5223042964935303,0.0009009900990099009,0.08932048590107165,
2025-09-15 04:09:54,ADAMW_lr0.001,ADAMW,2,shakespeare_char,90,train_iter,2.5626373291015625,0.0009009900990099009,0.09048633834893537,691.8954849243164
2025-09-15 04:09:55,ADAMW_lr0.001,ADAMW,2,shakespeare_char,91,train_eval,2.5196492671966553,0.0009108910891089108,0.09048633834893537,
2025-09-15 04:09:55,ADAMW_lr0.001,ADAMW,2,shakespeare_char,91,val_eval,2.519880533218384,0.0009108910891089108,0.09048633834893537,
2025-09-15 04:09:55,ADAMW_lr0.001,ADAMW,2,shakespeare_char,91,train_iter,2.513500213623047,0.0009108910891089108,0.09158922423634412,688.2410049438477
2025-09-15 04:09:55,ADAMW_lr0.001,ADAMW,2,shakespeare_char,92,train_eval,2.5136406421661377,0.0009207920792079207,0.09158922423634412,
2025-09-15 04:09:55,ADAMW_lr0.001,ADAMW,2,shakespeare_char,92,val_eval,2.5215229988098145,0.0009207920792079207,0.09158922423634412,
2025-09-15 04:09:55,ADAMW_lr0.001,ADAMW,2,shakespeare_char,92,train_iter,2.5457983016967773,0.0009207920792079207,0.0925201643939202,692.4467086791992
2025-09-15 04:09:56,ADAMW_lr0.001,ADAMW,2,shakespeare_char,93,train_eval,2.510667324066162,0.0009306930693069307,0.0925201643939202,
2025-09-15 04:09:56,ADAMW_lr0.001,ADAMW,2,shakespeare_char,93,val_eval,2.524563789367676,0.0009306930693069307,0.0925201643939202,
2025-09-15 04:09:56,ADAMW_lr0.001,ADAMW,2,shakespeare_char,93,train_iter,2.4887850284576416,0.0009306930693069307,0.09328665408687072,697.3786354064941
2025-09-15 04:09:57,ADAMW_lr0.001,ADAMW,2,shakespeare_char,94,train_eval,2.515094518661499,0.0009405940594059406,0.09328665408687072,
2025-09-15 04:09:57,ADAMW_lr0.001,ADAMW,2,shakespeare_char,94,val_eval,2.5298798084259033,0.0009405940594059406,0.09328665408687072,
2025-09-15 04:09:57,ADAMW_lr0.001,ADAMW,2,shakespeare_char,94,train_iter,2.5718724727630615,0.0009405940594059406,0.09408171166001138,690.1307106018066
2025-09-15 04:09:57,ADAMW_lr0.001,ADAMW,2,shakespeare_char,95,train_eval,2.512946367263794,0.0009504950495049505,0.09408171166001138,
2025-09-15 04:09:57,ADAMW_lr0.001,ADAMW,2,shakespeare_char,95,val_eval,2.5147056579589844,0.0009504950495049505,0.09408171166001138,
2025-09-15 04:09:58,ADAMW_lr0.001,ADAMW,2,shakespeare_char,95,train_iter,2.523259162902832,0.0009504950495049505,0.08897557442108553,1624.0439414978027
2025-09-15 04:09:59,ADAMW_lr0.001,ADAMW,2,shakespeare_char,96,train_eval,2.5167434215545654,0.0009603960396039604,0.08897557442108553,
2025-09-15 04:09:59,ADAMW_lr0.001,ADAMW,2,shakespeare_char,96,val_eval,2.518458366394043,0.0009603960396039604,0.08897557442108553,
2025-09-15 04:09:59,ADAMW_lr0.001,ADAMW,2,shakespeare_char,96,train_iter,2.5222129821777344,0.0009603960396039604,0.08709968769194604,995.018482208252
2025-09-15 04:10:00,ADAMW_lr0.001,ADAMW,2,shakespeare_char,97,train_eval,2.5145535469055176,0.0009702970297029703,0.08709968769194604,
2025-09-15 04:10:00,ADAMW_lr0.001,ADAMW,2,shakespeare_char,97,val_eval,2.5098989009857178,0.0009702970297029703,0.08709968769194604,
2025-09-15 04:10:01,ADAMW_lr0.001,ADAMW,2,shakespeare_char,97,train_iter,2.545193910598755,0.0009702970297029703,0.08370425717367541,1314.6376609802246
2025-09-15 04:10:01,ADAMW_lr0.001,ADAMW,2,shakespeare_char,98,train_eval,2.504897117614746,0.0009801980198019802,0.08370425717367541,
2025-09-15 04:10:01,ADAMW_lr0.001,ADAMW,2,shakespeare_char,98,val_eval,2.510207414627075,0.0009801980198019802,0.08370425717367541,
2025-09-15 04:10:01,ADAMW_lr0.001,ADAMW,2,shakespeare_char,98,train_iter,2.579174757003784,0.0009801980198019802,0.08344875026234753,860.968828201294
2025-09-15 04:10:02,ADAMW_lr0.001,ADAMW,2,shakespeare_char,99,train_eval,2.517887592315674,0.0009900990099009901,0.08344875026234753,
2025-09-15 04:10:02,ADAMW_lr0.001,ADAMW,2,shakespeare_char,99,val_eval,2.531132459640503,0.0009900990099009901,0.08344875026234753,
2025-09-15 04:10:02,ADAMW_lr0.001,ADAMW,2,shakespeare_char,99,train_iter,2.546320915222168,0.0009900990099009901,0.08314469981530401,868.9024448394775
2025-09-15 04:10:03,ADAMW_lr0.001,ADAMW,2,shakespeare_char,100,train_eval,2.517148971557617,0.001,0.08314469981530401,
2025-09-15 04:10:03,ADAMW_lr0.001,ADAMW,2,shakespeare_char,100,val_eval,2.5280566215515137,0.001,0.08314469981530401,
2025-09-15 04:11:55,ADAMW_lr0.001,ADAMW,2,shakespeare_char,100,train_iter,2.504375457763672,0.001,0.07489207524368993,112970.2615737915
2025-09-15 04:11:56,ADAMW_lr0.001,ADAMW,2,shakespeare_char,101,train_eval,2.502598762512207,0.000999999907510999,0.07489207524368993,
2025-09-15 04:11:56,ADAMW_lr0.001,ADAMW,2,shakespeare_char,101,val_eval,2.51145076751709,0.000999999907510999,0.07489207524368993,
2025-09-15 04:11:56,ADAMW_lr0.001,ADAMW,2,shakespeare_char,101,train_iter,2.5203697681427,0.000999999907510999,0.0754801353391521,864.9821281433105
2025-09-15 04:11:57,ADAMW_lr0.001,ADAMW,2,shakespeare_char,102,train_eval,2.5067520141601562,0.000999999630044034,0.0754801353391521,
2025-09-15 04:11:57,ADAMW_lr0.001,ADAMW,2,shakespeare_char,102,val_eval,2.5067942142486572,0.000999999630044034,0.0754801353391521,
2025-09-15 04:11:58,ADAMW_lr0.001,ADAMW,2,shakespeare_char,102,train_iter,2.5157649517059326,0.000999999630044034,0.07212534677518208,1666.1858558654785
2025-09-15 04:11:59,ADAMW_lr0.001,ADAMW,2,shakespeare_char,103,train_eval,2.5052340030670166,0.0009999991675992191,0.07212534677518208,
2025-09-15 04:11:59,ADAMW_lr0.001,ADAMW,2,shakespeare_char,103,val_eval,2.514524459838867,0.0009999991675992191,0.07212534677518208,
2025-09-15 04:11:59,ADAMW_lr0.001,ADAMW,2,shakespeare_char,103,train_iter,2.4904770851135254,0.0009999991675992191,0.07423939227335724,749.1161823272705
2025-09-15 04:11:59,ADAMW_lr0.001,ADAMW,2,shakespeare_char,104,train_eval,2.5163254737854004,0.0009999985201767443,0.07423939227335724,
2025-09-15 04:11:59,ADAMW_lr0.001,ADAMW,2,shakespeare_char,104,val_eval,2.5381991863250732,0.0009999985201767443,0.07423939227335724,
2025-09-15 04:11:59,ADAMW_lr0.001,ADAMW,2,shakespeare_char,104,train_iter,2.510855197906494,0.0009999985201767443,0.07697621593085573,687.614917755127
2025-09-15 04:12:00,ADAMW_lr0.001,ADAMW,2,shakespeare_char,105,train_eval,2.522351026535034,0.000999997687776876,0.07697621593085573,
2025-09-15 04:12:00,ADAMW_lr0.001,ADAMW,2,shakespeare_char,105,val_eval,2.5548605918884277,0.000999997687776876,0.07697621593085573,
2025-09-15 04:12:00,ADAMW_lr0.001,ADAMW,2,shakespeare_char,105,train_iter,2.5055477619171143,0.000999997687776876,0.07943340672322902,688.0178451538086
2025-09-15 04:12:01,ADAMW_lr0.001,ADAMW,2,shakespeare_char,106,train_eval,2.506193161010742,0.0009999966703999558,0.07943340672322902,
2025-09-15 04:12:01,ADAMW_lr0.001,ADAMW,2,shakespeare_char,106,val_eval,2.525461196899414,0.0009999966703999558,0.07943340672322902,
2025-09-15 04:12:01,ADAMW_lr0.001,ADAMW,2,shakespeare_char,106,train_iter,2.4973816871643066,0.0009999966703999558,0.08164776831116925,687.8221035003662
2025-09-15 04:12:01,ADAMW_lr0.001,ADAMW,2,shakespeare_char,107,train_eval,2.509730100631714,0.0009999954680464025,0.08164776831116925,
2025-09-15 04:12:01,ADAMW_lr0.001,ADAMW,2,shakespeare_char,107,val_eval,2.5235886573791504,0.0009999954680464025,0.08164776831116925,
2025-09-15 04:12:01,ADAMW_lr0.001,ADAMW,2,shakespeare_char,107,train_iter,2.5160624980926514,0.0009999954680464025,0.08364708828150777,687.3893737792969
2025-09-15 04:12:02,ADAMW_lr0.001,ADAMW,2,shakespeare_char,108,train_eval,2.510498285293579,0.00099999408071671,0.08364708828150777,
2025-09-15 04:12:02,ADAMW_lr0.001,ADAMW,2,shakespeare_char,108,val_eval,2.520156145095825,0.00099999408071671,0.08364708828150777,
2025-09-15 04:12:02,ADAMW_lr0.001,ADAMW,2,shakespeare_char,108,train_iter,2.5225331783294678,0.00099999408071671,0.08554773336512937,680.6089878082275
2025-09-15 04:12:03,ADAMW_lr0.001,ADAMW,2,shakespeare_char,109,train_eval,2.5022048950195312,0.0009999925084114485,0.08554773336512937,
2025-09-15 04:12:03,ADAMW_lr0.001,ADAMW,2,shakespeare_char,109,val_eval,2.5140154361724854,0.0009999925084114485,0.08554773336512937,
2025-09-15 04:12:03,ADAMW_lr0.001,ADAMW,2,shakespeare_char,109,train_iter,2.4927003383636475,0.0009999925084114485,0.08696882429314841,700.359582901001
2025-09-15 04:12:03,ADAMW_lr0.001,ADAMW,2,shakespeare_char,110,train_eval,2.5238497257232666,0.0009999907511312647,0.08696882429314841,
2025-09-15 04:12:03,ADAMW_lr0.001,ADAMW,2,shakespeare_char,110,val_eval,2.5491247177124023,0.0009999907511312647,0.08696882429314841,
2025-09-15 04:12:03,ADAMW_lr0.001,ADAMW,2,shakespeare_char,110,train_iter,2.54522705078125,0.0009999907511312647,0.08839990200570516,689.8419857025146
2025-09-15 04:12:04,ADAMW_lr0.001,ADAMW,2,shakespeare_char,111,train_eval,2.5091347694396973,0.0009999888088768807,0.08839990200570516,
2025-09-15 04:12:04,ADAMW_lr0.001,ADAMW,2,shakespeare_char,111,val_eval,2.5206902027130127,0.0009999888088768807,0.08839990200570516,
2025-09-15 04:12:04,ADAMW_lr0.001,ADAMW,2,shakespeare_char,111,train_iter,2.512087821960449,0.0009999888088768807,0.08965420577532271,692.1427249908447
2025-09-15 04:12:05,ADAMW_lr0.001,ADAMW,2,shakespeare_char,112,train_eval,2.514340877532959,0.000999986681649095,0.08965420577532271,
2025-09-15 04:12:05,ADAMW_lr0.001,ADAMW,2,shakespeare_char,112,val_eval,2.5155656337738037,0.000999986681649095,0.08965420577532271,
2025-09-15 04:12:05,ADAMW_lr0.001,ADAMW,2,shakespeare_char,112,train_iter,2.5269293785095215,0.000999986681649095,0.09077780712328183,692.5044059753418
2025-09-15 04:12:05,ADAMW_lr0.001,ADAMW,2,shakespeare_char,113,train_eval,2.5037264823913574,0.0009999843694487819,0.09077780712328183,
2025-09-15 04:12:05,ADAMW_lr0.001,ADAMW,2,shakespeare_char,113,val_eval,2.5064382553100586,0.0009999843694487819,0.09077780712328183,
2025-09-15 04:12:06,ADAMW_lr0.001,ADAMW,2,shakespeare_char,113,train_iter,2.5359952449798584,0.0009999843694487819,0.08745941618040405,1213.0959033966064
2025-09-15 04:12:07,ADAMW_lr0.001,ADAMW,2,shakespeare_char,114,train_eval,2.5032079219818115,0.000999981872276892,0.08745941618040405,
2025-09-15 04:12:07,ADAMW_lr0.001,ADAMW,2,shakespeare_char,114,val_eval,2.505511522293091,0.000999981872276892,0.08745941618040405,
2025-09-15 04:12:07,ADAMW_lr0.001,ADAMW,2,shakespeare_char,114,train_iter,2.5474753379821777,0.000999981872276892,0.08520122752430945,1076.9047737121582
2025-09-15 04:12:08,ADAMW_lr0.001,ADAMW,2,shakespeare_char,115,train_eval,2.498469591140747,0.0009999791901344516,0.08520122752430945,
2025-09-15 04:12:08,ADAMW_lr0.001,ADAMW,2,shakespeare_char,115,val_eval,2.5090911388397217,0.0009999791901344516,0.08520122752430945,
2025-09-15 04:12:08,ADAMW_lr0.001,ADAMW,2,shakespeare_char,115,train_iter,2.5016849040985107,0.0009999791901344516,0.08679345989667775,690.9065246582031
2025-09-15 04:12:08,ADAMW_lr0.001,ADAMW,2,shakespeare_char,116,train_eval,2.4963111877441406,0.0009999763230225634,0.08679345989667775,
2025-09-15 04:12:08,ADAMW_lr0.001,ADAMW,2,shakespeare_char,116,val_eval,2.5170187950134277,0.0009999763230225634,0.08679345989667775,
2025-09-15 04:12:08,ADAMW_lr0.001,ADAMW,2,shakespeare_char,116,train_iter,2.5549373626708984,0.0009999763230225634,0.08827402780321182,687.6723766326904
2025-09-15 04:12:09,ADAMW_lr0.001,ADAMW,2,shakespeare_char,117,train_eval,2.5067574977874756,0.0009999732709424058,0.08827402780321182,
2025-09-15 04:12:09,ADAMW_lr0.001,ADAMW,2,shakespeare_char,117,val_eval,2.5232858657836914,0.0009999732709424058,0.08827402780321182,
2025-09-15 04:12:09,ADAMW_lr0.001,ADAMW,2,shakespeare_char,117,train_iter,2.4931912422180176,0.0009999732709424058,0.08973995612581942,678.7590980529785
2025-09-15 04:12:10,ADAMW_lr0.001,ADAMW,2,shakespeare_char,118,train_eval,2.5032126903533936,0.0009999700338952336,0.08973995612581942,
2025-09-15 04:12:10,ADAMW_lr0.001,ADAMW,2,shakespeare_char,118,val_eval,2.5178279876708984,0.0009999700338952336,0.08973995612581942,
2025-09-15 04:12:10,ADAMW_lr0.001,ADAMW,2,shakespeare_char,118,train_iter,2.496286630630493,0.0009999700338952336,0.09101667096844278,681.5812587738037
2025-09-15 04:12:11,ADAMW_lr0.001,ADAMW,2,shakespeare_char,119,train_eval,2.496621608734131,0.0009999666118823774,0.09101667096844278,
2025-09-15 04:12:11,ADAMW_lr0.001,ADAMW,2,shakespeare_char,119,val_eval,2.5094070434570312,0.0009999666118823774,0.09101667096844278,
2025-09-15 04:12:11,ADAMW_lr0.001,ADAMW,2,shakespeare_char,119,train_iter,2.4975552558898926,0.0009999666118823774,0.09212000747772249,684.6339702606201
2025-09-15 04:12:11,ADAMW_lr0.001,ADAMW,2,shakespeare_char,120,train_eval,2.499751567840576,0.0009999630049052437,0.09212000747772249,
2025-09-15 04:12:11,ADAMW_lr0.001,ADAMW,2,shakespeare_char,120,val_eval,2.520419120788574,0.0009999630049052437,0.09212000747772249,
2025-09-15 04:12:11,ADAMW_lr0.001,ADAMW,2,shakespeare_char,120,train_iter,2.50616717338562,0.0009999630049052437,0.09289972156751405,699.2485523223877
2025-09-15 04:12:12,ADAMW_lr0.001,ADAMW,2,shakespeare_char,121,train_eval,2.504991054534912,0.0009999592129653152,0.09289972156751405,
2025-09-15 04:12:12,ADAMW_lr0.001,ADAMW,2,shakespeare_char,121,val_eval,2.525994300842285,0.0009999592129653152,0.09289972156751405,
2025-09-15 04:12:12,ADAMW_lr0.001,ADAMW,2,shakespeare_char,121,train_iter,2.5055196285247803,0.0009999592129653152,0.09363565924634558,696.8636512756348
2025-09-15 04:12:13,ADAMW_lr0.001,ADAMW,2,shakespeare_char,122,train_eval,2.495482921600342,0.0009999552360641507,0.09363565924634558,
2025-09-15 04:12:13,ADAMW_lr0.001,ADAMW,2,shakespeare_char,122,val_eval,2.52066969871521,0.0009999552360641507,0.09363565924634558,
2025-09-15 04:12:13,ADAMW_lr0.001,ADAMW,2,shakespeare_char,122,train_iter,2.5598082542419434,0.0009999552360641507,0.09439905945949568,689.9096965789795
2025-09-15 04:12:13,ADAMW_lr0.001,ADAMW,2,shakespeare_char,123,train_eval,2.4914536476135254,0.000999951074203385,0.09439905945949568,
2025-09-15 04:12:13,ADAMW_lr0.001,ADAMW,2,shakespeare_char,123,val_eval,2.506094217300415,0.000999951074203385,0.09439905945949568,
2025-09-15 04:12:13,ADAMW_lr0.001,ADAMW,2,shakespeare_char,123,train_iter,2.5443856716156006,0.000999951074203385,0.09518077690464889,683.5207939147949
2025-09-15 04:12:14,ADAMW_lr0.001,ADAMW,2,shakespeare_char,124,train_eval,2.4989914894104004,0.0009999467273847289,0.09518077690464889,
2025-09-15 04:12:14,ADAMW_lr0.001,ADAMW,2,shakespeare_char,124,val_eval,2.5087616443634033,0.0009999467273847289,0.09518077690464889,
2025-09-15 04:12:14,ADAMW_lr0.001,ADAMW,2,shakespeare_char,124,train_iter,2.5086193084716797,0.0009999467273847289,0.09584024902568818,686.4807605743408
2025-09-15 04:12:15,ADAMW_lr0.001,ADAMW,2,shakespeare_char,125,train_eval,2.5004706382751465,0.000999942195609969,0.09584024902568818,
2025-09-15 04:12:15,ADAMW_lr0.001,ADAMW,2,shakespeare_char,125,val_eval,2.506650686264038,0.000999942195609969,0.09584024902568818,
2025-09-15 04:12:15,ADAMW_lr0.001,ADAMW,2,shakespeare_char,125,train_iter,2.4966821670532227,0.000999942195609969,0.09643367849809062,686.4871978759766
2025-09-15 04:12:15,ADAMW_lr0.001,ADAMW,2,shakespeare_char,126,train_eval,2.492374897003174,0.0009999374788809685,0.09643367849809062,
2025-09-15 04:12:15,ADAMW_lr0.001,ADAMW,2,shakespeare_char,126,val_eval,2.5062525272369385,0.0009999374788809685,0.09643367849809062,
2025-09-15 04:12:15,ADAMW_lr0.001,ADAMW,2,shakespeare_char,126,train_iter,2.5432262420654297,0.0009999374788809685,0.09677662519756879,699.6266841888428
2025-09-15 04:12:16,ADAMW_lr0.001,ADAMW,2,shakespeare_char,127,train_eval,2.490095615386963,0.0009999325771996657,0.09677662519756879,
2025-09-15 04:12:16,ADAMW_lr0.001,ADAMW,2,shakespeare_char,127,val_eval,2.5135369300842285,0.0009999325771996657,0.09677662519756879,
2025-09-15 04:12:16,ADAMW_lr0.001,ADAMW,2,shakespeare_char,127,train_iter,2.480607509613037,0.0009999325771996657,0.09724039960500441,688.9252662658691
2025-09-15 04:12:17,ADAMW_lr0.001,ADAMW,2,shakespeare_char,128,train_eval,2.495678186416626,0.0009999274905680762,0.09724039960500441,
2025-09-15 04:12:17,ADAMW_lr0.001,ADAMW,2,shakespeare_char,128,val_eval,2.516658306121826,0.0009999274905680762,0.09724039960500441,
2025-09-15 04:12:17,ADAMW_lr0.001,ADAMW,2,shakespeare_char,128,train_iter,2.517993450164795,0.0009999274905680762,0.09771912839053915,684.783935546875
2025-09-15 04:12:17,ADAMW_lr0.001,ADAMW,2,shakespeare_char,129,train_eval,2.492642879486084,0.0009999222189882903,0.09771912839053915,
2025-09-15 04:12:17,ADAMW_lr0.001,ADAMW,2,shakespeare_char,129,val_eval,2.5021355152130127,0.0009999222189882903,0.09771912839053915,
2025-09-15 04:12:18,ADAMW_lr0.001,ADAMW,2,shakespeare_char,129,train_iter,2.466390609741211,0.0009999222189882903,0.09268243237881248,1475.4745960235596
2025-09-15 04:12:19,ADAMW_lr0.001,ADAMW,2,shakespeare_char,130,train_eval,2.4940319061279297,0.0009999167624624755,0.09268243237881248,
2025-09-15 04:12:19,ADAMW_lr0.001,ADAMW,2,shakespeare_char,130,val_eval,2.4928393363952637,0.0009999167624624755,0.09268243237881248,
2025-09-15 04:12:20,ADAMW_lr0.001,ADAMW,2,shakespeare_char,130,train_iter,2.487339735031128,0.0009999167624624755,0.08788208135009057,1563.755750656128
2025-09-15 04:12:21,ADAMW_lr0.001,ADAMW,2,shakespeare_char,131,train_eval,2.492818593978882,0.0009999111209928744,0.08788208135009057,
2025-09-15 04:12:21,ADAMW_lr0.001,ADAMW,2,shakespeare_char,131,val_eval,2.503497362136841,0.0009999111209928744,0.08788208135009057,
2025-09-15 04:12:21,ADAMW_lr0.001,ADAMW,2,shakespeare_char,131,train_iter,2.4524106979370117,0.0009999111209928744,0.08830721971460731,758.3229541778564
2025-09-15 04:12:21,ADAMW_lr0.001,ADAMW,2,shakespeare_char,132,train_eval,2.4989631175994873,0.000999905294581806,0.08830721971460731,
2025-09-15 04:12:21,ADAMW_lr0.001,ADAMW,2,shakespeare_char,132,val_eval,2.5124149322509766,0.000999905294581806,0.08830721971460731,
2025-09-15 04:12:21,ADAMW_lr0.001,ADAMW,2,shakespeare_char,132,train_iter,2.508514404296875,0.000999905294581806,0.08936812467310973,706.3238620758057
2025-09-15 04:12:22,ADAMW_lr0.001,ADAMW,2,shakespeare_char,133,train_eval,2.486572504043579,0.0009998992832316654,0.08936812467310973,
2025-09-15 04:12:22,ADAMW_lr0.001,ADAMW,2,shakespeare_char,133,val_eval,2.4995250701904297,0.0009998992832316654,0.08936812467310973,
2025-09-15 04:12:22,ADAMW_lr0.001,ADAMW,2,shakespeare_char,133,train_iter,2.503352642059326,0.0009998992832316654,0.09035080376961935,704.3397426605225
2025-09-15 04:12:23,ADAMW_lr0.001,ADAMW,2,shakespeare_char,134,train_eval,2.4969964027404785,0.0009998930869449237,0.09035080376961935,
2025-09-15 04:12:23,ADAMW_lr0.001,ADAMW,2,shakespeare_char,134,val_eval,2.4982190132141113,0.0009998930869449237,0.09035080376961935,
2025-09-15 04:12:23,ADAMW_lr0.001,ADAMW,2,shakespeare_char,134,train_iter,2.528993606567383,0.0009998930869449237,0.09151245687123359,685.1892471313477
2025-09-15 04:12:23,ADAMW_lr0.001,ADAMW,2,shakespeare_char,135,train_eval,2.4950449466705322,0.000999886705724128,0.09151245687123359,
2025-09-15 04:12:23,ADAMW_lr0.001,ADAMW,2,shakespeare_char,135,val_eval,2.508437156677246,0.000999886705724128,0.09151245687123359,
2025-09-15 04:12:23,ADAMW_lr0.001,ADAMW,2,shakespeare_char,135,train_iter,2.4747729301452637,0.000999886705724128,0.09238702154565082,696.8705654144287
2025-09-15 04:12:24,ADAMW_lr0.001,ADAMW,2,shakespeare_char,136,train_eval,2.495307683944702,0.0009998801395719012,0.09238702154565082,
2025-09-15 04:12:24,ADAMW_lr0.001,ADAMW,2,shakespeare_char,136,val_eval,2.5077483654022217,0.0009998801395719012,0.09238702154565082,
2025-09-15 04:12:24,ADAMW_lr0.001,ADAMW,2,shakespeare_char,136,train_iter,2.4911816120147705,0.0009998801395719012,0.09320864181310816,694.4799423217773
2025-09-15 04:12:25,ADAMW_lr0.001,ADAMW,2,shakespeare_char,137,train_eval,2.4792938232421875,0.0009998733884909424,0.09320864181310816,
2025-09-15 04:12:25,ADAMW_lr0.001,ADAMW,2,shakespeare_char,137,val_eval,2.5033388137817383,0.0009998733884909424,0.09320864181310816,
2025-09-15 04:12:25,ADAMW_lr0.001,ADAMW,2,shakespeare_char,137,train_iter,2.463588237762451,0.0009998733884909424,0.09388995893689076,698.516845703125
2025-09-15 04:12:25,ADAMW_lr0.001,ADAMW,2,shakespeare_char,138,train_eval,2.4873743057250977,0.0009998664524840269,0.09388995893689076,
2025-09-15 04:12:25,ADAMW_lr0.001,ADAMW,2,shakespeare_char,138,val_eval,2.5129141807556152,0.0009998664524840269,0.09388995893689076,
2025-09-15 04:12:25,ADAMW_lr0.001,ADAMW,2,shakespeare_char,138,train_iter,2.50020170211792,0.0009998664524840269,0.09468512707594477,686.0349178314209
2025-09-15 04:12:26,ADAMW_lr0.001,ADAMW,2,shakespeare_char,139,train_eval,2.4917867183685303,0.0009998593315540057,0.09468512707594477,
2025-09-15 04:12:26,ADAMW_lr0.001,ADAMW,2,shakespeare_char,139,val_eval,2.5206518173217773,0.0009998593315540057,0.09468512707594477,
2025-09-15 04:12:26,ADAMW_lr0.001,ADAMW,2,shakespeare_char,139,train_iter,2.5182924270629883,0.0009998593315540057,0.09529495619543697,693.2382583618164
2025-09-15 04:12:27,ADAMW_lr0.001,ADAMW,2,shakespeare_char,140,train_eval,2.4922549724578857,0.000999852025703806,0.09529495619543697,
2025-09-15 04:12:27,ADAMW_lr0.001,ADAMW,2,shakespeare_char,140,val_eval,2.5234291553497314,0.000999852025703806,0.09529495619543697,
2025-09-15 04:12:27,ADAMW_lr0.001,ADAMW,2,shakespeare_char,140,train_iter,2.479045867919922,0.000999852025703806,0.0958786672298227,690.8483505249023
2025-09-15 04:12:27,ADAMW_lr0.001,ADAMW,2,shakespeare_char,141,train_eval,2.4825339317321777,0.0009998445349364308,0.0958786672298227,
2025-09-15 04:12:27,ADAMW_lr0.001,ADAMW,2,shakespeare_char,141,val_eval,2.5128121376037598,0.0009998445349364308,0.0958786672298227,
2025-09-15 04:12:28,ADAMW_lr0.001,ADAMW,2,shakespeare_char,141,train_iter,2.468963623046875,0.0009998445349364308,0.09629484276418926,698.3869075775146
2025-09-15 04:12:28,ADAMW_lr0.001,ADAMW,2,shakespeare_char,142,train_eval,2.4814014434814453,0.0009998368592549595,0.09629484276418926,
2025-09-15 04:12:28,ADAMW_lr0.001,ADAMW,2,shakespeare_char,142,val_eval,2.499633550643921,0.0009998368592549595,0.09629484276418926,
2025-09-15 04:12:28,ADAMW_lr0.001,ADAMW,2,shakespeare_char,142,train_iter,2.458113193511963,0.0009998368592549595,0.09672211789073112,694.7259902954102
2025-09-15 04:12:29,ADAMW_lr0.001,ADAMW,2,shakespeare_char,143,train_eval,2.4767887592315674,0.000999828998662547,0.09672211789073112,
2025-09-15 04:12:29,ADAMW_lr0.001,ADAMW,2,shakespeare_char,143,val_eval,2.4880967140197754,0.000999828998662547,0.09672211789073112,
2025-09-15 04:12:29,ADAMW_lr0.001,ADAMW,2,shakespeare_char,143,train_iter,2.528345823287964,0.000999828998662547,0.09323146115005633,1130.2483081817627
2025-09-15 04:12:30,ADAMW_lr0.001,ADAMW,2,shakespeare_char,144,train_eval,2.483593463897705,0.000999820953162425,0.09323146115005633,
2025-09-15 04:12:30,ADAMW_lr0.001,ADAMW,2,shakespeare_char,144,val_eval,2.4898829460144043,0.000999820953162425,0.09323146115005633,
2025-09-15 04:12:30,ADAMW_lr0.001,ADAMW,2,shakespeare_char,144,train_iter,2.471771717071533,0.000999820953162425,0.09327470957400333,745.93186378479
2025-09-15 04:12:31,ADAMW_lr0.001,ADAMW,2,shakespeare_char,145,train_eval,2.4874887466430664,0.0009998127227579003,0.09327470957400333,
2025-09-15 04:12:31,ADAMW_lr0.001,ADAMW,2,shakespeare_char,145,val_eval,2.491042137145996,0.0009998127227579003,0.09327470957400333,
2025-09-15 04:12:31,ADAMW_lr0.001,ADAMW,2,shakespeare_char,145,train_iter,2.468451499938965,0.0009998127227579003,0.09381982377540939,707.686185836792
2025-09-15 04:12:31,ADAMW_lr0.001,ADAMW,2,shakespeare_char,146,train_eval,2.4776434898376465,0.000999804307452356,0.09381982377540939,
2025-09-15 04:12:31,ADAMW_lr0.001,ADAMW,2,shakespeare_char,146,val_eval,2.481339931488037,0.000999804307452356,0.09381982377540939,
2025-09-15 04:12:32,ADAMW_lr0.001,ADAMW,2,shakespeare_char,146,train_iter,2.4844300746917725,0.000999804307452356,0.09117226465183818,1037.4596118927002
2025-09-15 04:12:33,ADAMW_lr0.001,ADAMW,2,shakespeare_char,147,train_eval,2.4794723987579346,0.0009997957072492515,0.09117226465183818,
2025-09-15 04:12:33,ADAMW_lr0.001,ADAMW,2,shakespeare_char,147,val_eval,2.4862427711486816,0.0009997957072492515,0.09117226465183818,
2025-09-15 04:12:33,ADAMW_lr0.001,ADAMW,2,shakespeare_char,147,train_iter,2.483692169189453,0.0009997957072492515,0.09131454192821137,754.5428276062012
2025-09-15 04:12:33,ADAMW_lr0.001,ADAMW,2,shakespeare_char,148,train_eval,2.483372688293457,0.0009997869221521221,0.09131454192821137,
2025-09-15 04:12:33,ADAMW_lr0.001,ADAMW,2,shakespeare_char,148,val_eval,2.497218132019043,0.0009997869221521221,0.09131454192821137,
2025-09-15 04:12:33,ADAMW_lr0.001,ADAMW,2,shakespeare_char,148,train_iter,2.4683351516723633,0.0009997869221521221,0.09238374687610319,684.9255561828613
2025-09-15 04:12:34,ADAMW_lr0.001,ADAMW,2,shakespeare_char,149,train_eval,2.4939284324645996,0.0009997779521645793,0.09238374687610319,
2025-09-15 04:12:34,ADAMW_lr0.001,ADAMW,2,shakespeare_char,149,val_eval,2.5143418312072754,0.0009997779521645793,0.09238374687610319,
2025-09-15 04:12:34,ADAMW_lr0.001,ADAMW,2,shakespeare_char,149,train_iter,2.4989402294158936,0.0009997779521645793,0.09294905989704977,712.6595973968506
2025-09-15 04:12:35,ADAMW_lr0.001,ADAMW,2,shakespeare_char,150,train_eval,2.4879870414733887,0.0009997687972903096,0.09294905989704977,
2025-09-15 04:12:35,ADAMW_lr0.001,ADAMW,2,shakespeare_char,150,val_eval,2.517868757247925,0.0009997687972903096,0.09294905989704977,
2025-09-15 04:12:35,ADAMW_lr0.001,ADAMW,2,shakespeare_char,150,train_iter,2.499630928039551,0.0009997687972903096,0.09380803737669437,688.0807876586914
2025-09-15 04:12:35,ADAMW_lr0.001,ADAMW,2,shakespeare_char,151,train_eval,2.4918758869171143,0.0009997594575330766,0.09380803737669437,
2025-09-15 04:12:35,ADAMW_lr0.001,ADAMW,2,shakespeare_char,151,val_eval,2.520904779434204,0.0009997594575330766,0.09380803737669437,
2025-09-15 04:12:35,ADAMW_lr0.001,ADAMW,2,shakespeare_char,151,train_iter,2.4815306663513184,0.0009997594575330766,0.09452742826155286,691.7383670806885
2025-09-15 04:12:36,ADAMW_lr0.001,ADAMW,2,shakespeare_char,152,train_eval,2.473696708679199,0.0009997499328967194,0.09452742826155286,
2025-09-15 04:12:36,ADAMW_lr0.001,ADAMW,2,shakespeare_char,152,val_eval,2.50441837310791,0.0009997499328967194,0.09452742826155286,
2025-09-15 04:12:36,ADAMW_lr0.001,ADAMW,2,shakespeare_char,152,train_iter,2.4761767387390137,0.0009997499328967194,0.0949142736337292,710.059404373169
2025-09-15 04:12:37,ADAMW_lr0.001,ADAMW,2,shakespeare_char,153,train_eval,2.480895757675171,0.0009997402233851535,0.0949142736337292,
2025-09-15 04:12:37,ADAMW_lr0.001,ADAMW,2,shakespeare_char,153,val_eval,2.508249282836914,0.0009997402233851535,0.0949142736337292,
2025-09-15 04:12:37,ADAMW_lr0.001,ADAMW,2,shakespeare_char,153,train_iter,2.499190330505371,0.0009997402233851535,0.09547382459437831,695.1255798339844
2025-09-15 04:12:37,ADAMW_lr0.001,ADAMW,2,shakespeare_char,154,train_eval,2.4949424266815186,0.00099973032900237,0.09547382459437831,
2025-09-15 04:12:37,ADAMW_lr0.001,ADAMW,2,shakespeare_char,154,val_eval,2.524338483810425,0.00099973032900237,0.09547382459437831,
2025-09-15 04:12:37,ADAMW_lr0.001,ADAMW,2,shakespeare_char,154,train_iter,2.4877164363861084,0.00099973032900237,0.09605709826988318,689.6584033966064
2025-09-15 04:12:38,ADAMW_lr0.001,ADAMW,2,shakespeare_char,155,train_eval,2.482452630996704,0.000999720249752436,0.09605709826988318,
2025-09-15 04:12:38,ADAMW_lr0.001,ADAMW,2,shakespeare_char,155,val_eval,2.505420207977295,0.000999720249752436,0.09605709826988318,
2025-09-15 04:12:38,ADAMW_lr0.001,ADAMW,2,shakespeare_char,155,train_iter,2.490173578262329,0.000999720249752436,0.09659734434051966,688.6184215545654
2025-09-15 04:12:39,ADAMW_lr0.001,ADAMW,2,shakespeare_char,156,train_eval,2.471043109893799,0.0009997099856394946,0.09659734434051966,
2025-09-15 04:12:39,ADAMW_lr0.001,ADAMW,2,shakespeare_char,156,val_eval,2.4852073192596436,0.0009997099856394946,0.09659734434051966,
2025-09-15 04:12:39,ADAMW_lr0.001,ADAMW,2,shakespeare_char,156,train_iter,2.4719598293304443,0.0009997099856394946,0.09706885094620613,689.6185874938965
2025-09-15 04:12:40,ADAMW_lr0.001,ADAMW,2,shakespeare_char,157,train_eval,2.4758200645446777,0.0009996995366677653,0.09706885094620613,
2025-09-15 04:12:40,ADAMW_lr0.001,ADAMW,2,shakespeare_char,157,val_eval,2.4835219383239746,0.0009996995366677653,0.09706885094620613,
2025-09-15 04:12:40,ADAMW_lr0.001,ADAMW,2,shakespeare_char,157,train_iter,2.4943385124206543,0.0009996995366677653,0.09744995278189164,692.5754547119141
2025-09-15 04:12:40,ADAMW_lr0.001,ADAMW,2,shakespeare_char,158,train_eval,2.484248399734497,0.000999688902841543,0.09744995278189164,
2025-09-15 04:12:40,ADAMW_lr0.001,ADAMW,2,shakespeare_char,158,val_eval,2.4814236164093018,0.000999688902841543,0.09744995278189164,
2025-09-15 04:12:40,ADAMW_lr0.001,ADAMW,2,shakespeare_char,158,train_iter,2.4861488342285156,0.000999688902841543,0.09779232631670476,692.6178932189941
2025-09-15 04:12:41,ADAMW_lr0.001,ADAMW,2,shakespeare_char,159,train_eval,2.4764068126678467,0.000999678084165199,0.09779232631670476,
2025-09-15 04:12:41,ADAMW_lr0.001,ADAMW,2,shakespeare_char,159,val_eval,2.48651123046875,0.000999678084165199,0.09779232631670476,
2025-09-15 04:12:41,ADAMW_lr0.001,ADAMW,2,shakespeare_char,159,train_iter,2.492523193359375,0.000999678084165199,0.09811731765349038,691.462516784668
2025-09-15 04:12:42,ADAMW_lr0.001,ADAMW,2,shakespeare_char,160,train_eval,2.4780521392822266,0.0009996670806431804,0.09811731765349038,
2025-09-15 04:12:42,ADAMW_lr0.001,ADAMW,2,shakespeare_char,160,val_eval,2.4957523345947266,0.0009996670806431804,0.09811731765349038,
2025-09-15 04:12:42,ADAMW_lr0.001,ADAMW,2,shakespeare_char,160,train_iter,2.5310981273651123,0.0009996670806431804,0.09847850025980365,686.7935657501221
2025-09-15 04:12:42,ADAMW_lr0.001,ADAMW,2,shakespeare_char,161,train_eval,2.4821274280548096,0.0009996558922800104,0.09847850025980365,
2025-09-15 04:12:42,ADAMW_lr0.001,ADAMW,2,shakespeare_char,161,val_eval,2.5096263885498047,0.0009996558922800104,0.09847850025980365,
2025-09-15 04:12:42,ADAMW_lr0.001,ADAMW,2,shakespeare_char,161,train_iter,2.4764251708984375,0.0009996558922800104,0.09864647522336024,697.5653171539307
2025-09-15 04:12:43,ADAMW_lr0.001,ADAMW,2,shakespeare_char,162,train_eval,2.477545976638794,0.0009996445190802881,0.09864647522336024,
2025-09-15 04:12:43,ADAMW_lr0.001,ADAMW,2,shakespeare_char,162,val_eval,2.496389627456665,0.0009996445190802881,0.09864647522336024,
2025-09-15 04:12:43,ADAMW_lr0.001,ADAMW,2,shakespeare_char,162,train_iter,2.4946019649505615,0.0009996445190802881,0.09884972646866529,693.9573287963867
2025-09-15 04:12:44,ADAMW_lr0.001,ADAMW,2,shakespeare_char,163,train_eval,2.472595691680908,0.0009996329610486886,0.09884972646866529,
2025-09-15 04:12:44,ADAMW_lr0.001,ADAMW,2,shakespeare_char,163,val_eval,2.482839584350586,0.0009996329610486886,0.09884972646866529,
2025-09-15 04:12:44,ADAMW_lr0.001,ADAMW,2,shakespeare_char,163,train_iter,2.525717258453369,0.0009996329610486886,0.09910309615612947,689.1355514526367
2025-09-15 04:12:44,ADAMW_lr0.001,ADAMW,2,shakespeare_char,164,train_eval,2.4724111557006836,0.0009996212181899629,0.09910309615612947,
2025-09-15 04:12:44,ADAMW_lr0.001,ADAMW,2,shakespeare_char,164,val_eval,2.4811785221099854,0.0009996212181899629,0.09910309615612947,
2025-09-15 04:12:45,ADAMW_lr0.001,ADAMW,2,shakespeare_char,164,train_iter,2.473519802093506,0.0009996212181899629,0.09531636746212245,1140.94877243042
2025-09-15 04:12:46,ADAMW_lr0.001,ADAMW,2,shakespeare_char,165,train_eval,2.4757673740386963,0.000999609290508938,0.09531636746212245,
2025-09-15 04:12:46,ADAMW_lr0.001,ADAMW,2,shakespeare_char,165,val_eval,2.4816160202026367,0.000999609290508938,0.09531636746212245,
2025-09-15 04:12:46,ADAMW_lr0.001,ADAMW,2,shakespeare_char,165,train_iter,2.498509168624878,0.000999609290508938,0.0951244464511157,748.0626106262207
2025-09-15 04:12:46,ADAMW_lr0.001,ADAMW,2,shakespeare_char,166,train_eval,2.4790995121002197,0.000999597178010517,0.0951244464511157,
2025-09-15 04:12:46,ADAMW_lr0.001,ADAMW,2,shakespeare_char,166,val_eval,2.483661413192749,0.000999597178010517,0.0951244464511157,
2025-09-15 04:12:46,ADAMW_lr0.001,ADAMW,2,shakespeare_char,166,train_iter,2.510309934616089,0.000999597178010517,0.09556612472718493,701.8892765045166
2025-09-15 04:12:47,ADAMW_lr0.001,ADAMW,2,shakespeare_char,167,train_eval,2.4817960262298584,0.000999584880699679,0.09556612472718493,
2025-09-15 04:12:47,ADAMW_lr0.001,ADAMW,2,shakespeare_char,167,val_eval,2.4991681575775146,0.000999584880699679,0.09556612472718493,
2025-09-15 04:12:47,ADAMW_lr0.001,ADAMW,2,shakespeare_char,167,train_iter,2.4535012245178223,0.000999584880699679,0.09613144836515865,690.2525424957275
2025-09-15 04:12:48,ADAMW_lr0.001,ADAMW,2,shakespeare_char,168,train_eval,2.4803287982940674,0.0009995723985814788,0.09613144836515865,
2025-09-15 04:12:48,ADAMW_lr0.001,ADAMW,2,shakespeare_char,168,val_eval,2.4986424446105957,0.0009995723985814788,0.09613144836515865,
2025-09-15 04:12:48,ADAMW_lr0.001,ADAMW,2,shakespeare_char,168,train_iter,2.512162208557129,0.0009995723985814788,0.09654049986236231,697.1218585968018
2025-09-15 04:12:48,ADAMW_lr0.001,ADAMW,2,shakespeare_char,169,train_eval,2.4737536907196045,0.0009995597316610474,0.09654049986236231,
2025-09-15 04:12:48,ADAMW_lr0.001,ADAMW,2,shakespeare_char,169,val_eval,2.484130620956421,0.0009995597316610474,0.09654049986236231,
2025-09-15 04:12:48,ADAMW_lr0.001,ADAMW,2,shakespeare_char,169,train_iter,2.504824638366699,0.0009995597316610474,0.09690030002474401,697.7028846740723
2025-09-15 04:12:49,ADAMW_lr0.001,ADAMW,2,shakespeare_char,170,train_eval,2.4802353382110596,0.0009995468799435915,0.09690030002474401,
2025-09-15 04:12:49,ADAMW_lr0.001,ADAMW,2,shakespeare_char,170,val_eval,2.492366313934326,0.0009995468799435915,0.09690030002474401,
2025-09-15 04:12:49,ADAMW_lr0.001,ADAMW,2,shakespeare_char,170,train_iter,2.493864059448242,0.0009995468799435915,0.0973513103711712,688.9522075653076
2025-09-15 04:12:50,ADAMW_lr0.001,ADAMW,2,shakespeare_char,171,train_eval,2.4746391773223877,0.0009995338434343943,0.0973513103711712,
2025-09-15 04:12:50,ADAMW_lr0.001,ADAMW,2,shakespeare_char,171,val_eval,2.497157335281372,0.0009995338434343943,0.0973513103711712,
2025-09-15 04:12:50,ADAMW_lr0.001,ADAMW,2,shakespeare_char,171,train_iter,2.4772305488586426,0.0009995338434343943,0.09773708417224435,690.3228759765625
2025-09-15 04:12:50,ADAMW_lr0.001,ADAMW,2,shakespeare_char,172,train_eval,2.476304531097412,0.0009995206221388145,0.09773708417224435,
2025-09-15 04:12:50,ADAMW_lr0.001,ADAMW,2,shakespeare_char,172,val_eval,2.5067312717437744,0.0009995206221388145,0.09773708417224435,
2025-09-15 04:12:50,ADAMW_lr0.001,ADAMW,2,shakespeare_char,172,train_iter,2.5192058086395264,0.0009995206221388145,0.09811582044366883,688.178300857544
2025-09-15 04:12:51,ADAMW_lr0.001,ADAMW,2,shakespeare_char,173,train_eval,2.4756624698638916,0.0009995072160622865,0.09811582044366883,
2025-09-15 04:12:51,ADAMW_lr0.001,ADAMW,2,shakespeare_char,173,val_eval,2.508444309234619,0.0009995072160622865,0.09811582044366883,
2025-09-15 04:12:51,ADAMW_lr0.001,ADAMW,2,shakespeare_char,173,train_iter,2.4653422832489014,0.0009995072160622865,0.09852227269344677,683.7608814239502
2025-09-15 04:12:52,ADAMW_lr0.001,ADAMW,2,shakespeare_char,174,train_eval,2.4796574115753174,0.0009994936252103218,0.09852227269344677,
2025-09-15 04:12:52,ADAMW_lr0.001,ADAMW,2,shakespeare_char,174,val_eval,2.5151429176330566,0.0009994936252103218,0.09852227269344677,
2025-09-15 04:12:52,ADAMW_lr0.001,ADAMW,2,shakespeare_char,174,train_iter,2.4605250358581543,0.0009994936252103218,0.09876182258298984,692.3153400421143
2025-09-15 04:12:52,ADAMW_lr0.001,ADAMW,2,shakespeare_char,175,train_eval,2.4802865982055664,0.0009994798495885063,0.09876182258298984,
2025-09-15 04:12:52,ADAMW_lr0.001,ADAMW,2,shakespeare_char,175,val_eval,2.514047384262085,0.0009994798495885063,0.09876182258298984,
2025-09-15 04:12:52,ADAMW_lr0.001,ADAMW,2,shakespeare_char,175,train_iter,2.501161575317383,0.0009994798495885063,0.09907696234125062,685.5530738830566
2025-09-15 04:12:53,ADAMW_lr0.001,ADAMW,2,shakespeare_char,176,train_eval,2.4777402877807617,0.000999465889202503,0.09907696234125062,
2025-09-15 04:12:53,ADAMW_lr0.001,ADAMW,2,shakespeare_char,176,val_eval,2.5055105686187744,0.000999465889202503,0.09907696234125062,
2025-09-15 04:12:53,ADAMW_lr0.001,ADAMW,2,shakespeare_char,176,train_iter,2.4832985401153564,0.000999465889202503,0.09934750170042844,686.4345073699951
2025-09-15 04:12:54,ADAMW_lr0.001,ADAMW,2,shakespeare_char,177,train_eval,2.478196382522583,0.0009994517440580508,0.09934750170042844,
2025-09-15 04:12:54,ADAMW_lr0.001,ADAMW,2,shakespeare_char,177,val_eval,2.4982450008392334,0.0009994517440580508,0.09934750170042844,
2025-09-15 04:12:54,ADAMW_lr0.001,ADAMW,2,shakespeare_char,177,train_iter,2.5195276737213135,0.0009994517440580508,0.09954173037887014,689.7726058959961
2025-09-15 04:12:55,ADAMW_lr0.001,ADAMW,2,shakespeare_char,178,train_eval,2.474707841873169,0.0009994374141609635,0.09954173037887014,
2025-09-15 04:12:55,ADAMW_lr0.001,ADAMW,2,shakespeare_char,178,val_eval,2.492025375366211,0.0009994374141609635,0.09954173037887014,
2025-09-15 04:12:55,ADAMW_lr0.001,ADAMW,2,shakespeare_char,178,train_iter,2.5024776458740234,0.0009994374141609635,0.09946522733923112,707.3218822479248
2025-09-15 04:12:55,ADAMW_lr0.001,ADAMW,2,shakespeare_char,179,train_eval,2.4730031490325928,0.0009994228995171322,0.09946522733923112,
2025-09-15 04:12:55,ADAMW_lr0.001,ADAMW,2,shakespeare_char,179,val_eval,2.493345260620117,0.0009994228995171322,0.09946522733923112,
2025-09-15 04:12:55,ADAMW_lr0.001,ADAMW,2,shakespeare_char,179,train_iter,2.4625258445739746,0.0009994228995171322,0.0994733279734272,701.8539905548096
2025-09-15 04:12:56,ADAMW_lr0.001,ADAMW,2,shakespeare_char,180,train_eval,2.489426374435425,0.000999408200132523,0.0994733279734272,
2025-09-15 04:12:56,ADAMW_lr0.001,ADAMW,2,shakespeare_char,180,val_eval,2.5270440578460693,0.000999408200132523,0.0994733279734272,
2025-09-15 04:12:56,ADAMW_lr0.001,ADAMW,2,shakespeare_char,180,train_iter,2.489234209060669,0.000999408200132523,0.09953450312713957,698.0752944946289
2025-09-15 04:12:57,ADAMW_lr0.001,ADAMW,2,shakespeare_char,181,train_eval,2.4845705032348633,0.0009993933160131784,0.09953450312713957,
2025-09-15 04:12:57,ADAMW_lr0.001,ADAMW,2,shakespeare_char,181,val_eval,2.534752607345581,0.0009993933160131784,0.09953450312713957,
2025-09-15 04:12:57,ADAMW_lr0.001,ADAMW,2,shakespeare_char,181,train_iter,2.5079057216644287,0.0009993933160131784,0.09955123199615158,700.7589340209961
2025-09-15 04:12:57,ADAMW_lr0.001,ADAMW,2,shakespeare_char,182,train_eval,2.491767168045044,0.0009993782471652167,0.09955123199615158,
2025-09-15 04:12:57,ADAMW_lr0.001,ADAMW,2,shakespeare_char,182,val_eval,2.5157470703125,0.0009993782471652167,0.09955123199615158,
2025-09-15 04:12:57,ADAMW_lr0.001,ADAMW,2,shakespeare_char,182,train_iter,2.4883830547332764,0.0009993782471652167,0.09964990094427739,694.9310302734375
2025-09-15 04:12:58,ADAMW_lr0.001,ADAMW,2,shakespeare_char,183,train_eval,2.488276720046997,0.0009993629935948318,0.09964990094427739,
2025-09-15 04:12:58,ADAMW_lr0.001,ADAMW,2,shakespeare_char,183,val_eval,2.515679121017456,0.0009993629935948318,0.09964990094427739,
2025-09-15 04:12:58,ADAMW_lr0.001,ADAMW,2,shakespeare_char,183,train_iter,2.5047049522399902,0.0009993629935948318,0.09956335334983103,707.2665691375732
2025-09-15 04:12:59,ADAMW_lr0.001,ADAMW,2,shakespeare_char,184,train_eval,2.483771324157715,0.0009993475553082944,0.09956335334983103,
2025-09-15 04:12:59,ADAMW_lr0.001,ADAMW,2,shakespeare_char,184,val_eval,2.5012764930725098,0.0009993475553082944,0.09956335334983103,
2025-09-15 04:12:59,ADAMW_lr0.001,ADAMW,2,shakespeare_char,184,train_iter,2.52247953414917,0.0009993475553082944,0.09973085641317178,690.1228427886963
2025-09-15 04:13:00,ADAMW_lr0.001,ADAMW,2,shakespeare_char,185,train_eval,2.474977493286133,0.0009993319323119503,0.09973085641317178,
2025-09-15 04:13:00,ADAMW_lr0.001,ADAMW,2,shakespeare_char,185,val_eval,2.4897496700286865,0.0009993319323119503,0.09973085641317178,
2025-09-15 04:13:00,ADAMW_lr0.001,ADAMW,2,shakespeare_char,185,train_iter,2.5125956535339355,0.0009993319323119503,0.09789289918809543,858.8299751281738
2025-09-15 04:13:00,ADAMW_lr0.001,ADAMW,2,shakespeare_char,186,train_eval,2.463113784790039,0.0009993161246122217,0.09789289918809543,
2025-09-15 04:13:00,ADAMW_lr0.001,ADAMW,2,shakespeare_char,186,val_eval,2.4812276363372803,0.0009993161246122217,0.09789289918809543,
2025-09-15 04:13:00,ADAMW_lr0.001,ADAMW,2,shakespeare_char,186,train_iter,2.4398679733276367,0.0009993161246122217,0.09605212531796603,878.9932727813721
2025-09-15 04:13:01,ADAMW_lr0.001,ADAMW,2,shakespeare_char,187,train_eval,2.471514940261841,0.0009993001322156061,0.09605212531796603,
2025-09-15 04:13:01,ADAMW_lr0.001,ADAMW,2,shakespeare_char,187,val_eval,2.489032506942749,0.0009993001322156061,0.09605212531796603,
2025-09-15 04:13:01,ADAMW_lr0.001,ADAMW,2,shakespeare_char,187,train_iter,2.4816601276397705,0.0009993001322156061,0.0945391291557267,863.3842468261719
2025-09-15 04:13:02,ADAMW_lr0.001,ADAMW,2,shakespeare_char,188,train_eval,2.4747555255889893,0.000999283955128678,0.0945391291557267,
2025-09-15 04:13:02,ADAMW_lr0.001,ADAMW,2,shakespeare_char,188,val_eval,2.4971795082092285,0.000999283955128678,0.0945391291557267,
2025-09-15 04:13:02,ADAMW_lr0.001,ADAMW,2,shakespeare_char,188,train_iter,2.4808597564697266,0.000999283955128678,0.09319486659688803,861.5281581878662
2025-09-15 04:13:03,ADAMW_lr0.001,ADAMW,2,shakespeare_char,189,train_eval,2.4733688831329346,0.000999267593358087,0.09319486659688803,
2025-09-15 04:13:03,ADAMW_lr0.001,ADAMW,2,shakespeare_char,189,val_eval,2.4978787899017334,0.000999267593358087,0.09319486659688803,
2025-09-15 04:13:03,ADAMW_lr0.001,ADAMW,2,shakespeare_char,189,train_iter,2.5267889499664307,0.000999267593358087,0.09205046926975038,854.6319007873535
2025-09-15 04:13:04,ADAMW_lr0.001,ADAMW,2,shakespeare_char,190,train_eval,2.4724130630493164,0.0009992510469105584,0.09205046926975038,
2025-09-15 04:13:04,ADAMW_lr0.001,ADAMW,2,shakespeare_char,190,val_eval,2.495718479156494,0.0009992510469105584,0.09205046926975038,
2025-09-15 04:13:04,ADAMW_lr0.001,ADAMW,2,shakespeare_char,190,train_iter,2.449249744415283,0.0009992510469105584,0.0909406476277136,863.0633354187012
2025-09-15 04:13:05,ADAMW_lr0.001,ADAMW,2,shakespeare_char,191,train_eval,2.4659807682037354,0.000999234315792894,0.0909406476277136,
2025-09-15 04:13:05,ADAMW_lr0.001,ADAMW,2,shakespeare_char,191,val_eval,2.496671199798584,0.000999234315792894,0.0909406476277136,
2025-09-15 04:13:05,ADAMW_lr0.001,ADAMW,2,shakespeare_char,191,train_iter,2.4805943965911865,0.000999234315792894,0.08999673462742788,857.2468757629395
2025-09-15 04:13:06,ADAMW_lr0.001,ADAMW,2,shakespeare_char,192,train_eval,2.466287851333618,0.0009992174000119718,0.08999673462742788,
2025-09-15 04:13:06,ADAMW_lr0.001,ADAMW,2,shakespeare_char,192,val_eval,2.492626667022705,0.0009992174000119718,0.08999673462742788,
2025-09-15 04:13:06,ADAMW_lr0.001,ADAMW,2,shakespeare_char,192,train_iter,2.480693817138672,0.0009992174000119718,0.08916946708504632,854.912519454956
2025-09-15 04:13:06,ADAMW_lr0.001,ADAMW,2,shakespeare_char,193,train_eval,2.4639179706573486,0.0009992002995747448,0.08916946708504632,
2025-09-15 04:13:06,ADAMW_lr0.001,ADAMW,2,shakespeare_char,193,val_eval,2.4920942783355713,0.0009992002995747448,0.08916946708504632,
2025-09-15 04:13:07,ADAMW_lr0.001,ADAMW,2,shakespeare_char,193,train_iter,2.4561259746551514,0.0009992002995747448,0.0883973329553443,857.8088283538818
2025-09-15 04:13:07,ADAMW_lr0.001,ADAMW,2,shakespeare_char,194,train_eval,2.466413974761963,0.0009991830144882423,0.0883973329553443,
2025-09-15 04:13:07,ADAMW_lr0.001,ADAMW,2,shakespeare_char,194,val_eval,2.482452154159546,0.0009991830144882423,0.0883973329553443,
2025-09-15 04:13:07,ADAMW_lr0.001,ADAMW,2,shakespeare_char,194,train_iter,2.4561045169830322,0.0009991830144882423,0.08767156802226211,861.0696792602539
2025-09-15 04:13:08,ADAMW_lr0.001,ADAMW,2,shakespeare_char,195,train_eval,2.4660604000091553,0.0009991655447595697,0.08767156802226211,
2025-09-15 04:13:08,ADAMW_lr0.001,ADAMW,2,shakespeare_char,195,val_eval,2.477818489074707,0.0009991655447595697,0.08767156802226211,
2025-09-15 04:13:09,ADAMW_lr0.001,ADAMW,2,shakespeare_char,195,train_iter,2.445812940597534,0.0009991655447595697,0.08417350086251374,1325.977087020874
2025-09-15 04:13:10,ADAMW_lr0.001,ADAMW,2,shakespeare_char,196,train_eval,2.4739248752593994,0.0009991478903959082,0.08417350086251374,
2025-09-15 04:13:10,ADAMW_lr0.001,ADAMW,2,shakespeare_char,196,val_eval,2.480837345123291,0.0009991478903959082,0.08417350086251374,
2025-09-15 04:13:10,ADAMW_lr0.001,ADAMW,2,shakespeare_char,196,train_iter,2.4820830821990967,0.0009991478903959082,0.08310101663568384,951.2348175048828
2025-09-15 04:13:11,ADAMW_lr0.001,ADAMW,2,shakespeare_char,197,train_eval,2.4671828746795654,0.0009991300514045147,0.08310101663568384,
2025-09-15 04:13:11,ADAMW_lr0.001,ADAMW,2,shakespeare_char,197,val_eval,2.482415199279785,0.0009991300514045147,0.08310101663568384,
2025-09-15 04:13:11,ADAMW_lr0.001,ADAMW,2,shakespeare_char,197,train_iter,2.502984046936035,0.0009991300514045147,0.08278870287747603,873.5780715942383
2025-09-15 04:13:11,ADAMW_lr0.001,ADAMW,2,shakespeare_char,198,train_eval,2.4606637954711914,0.0009991120277927223,0.08278870287747603,
2025-09-15 04:13:11,ADAMW_lr0.001,ADAMW,2,shakespeare_char,198,val_eval,2.475904941558838,0.0009991120277927223,0.08278870287747603,
2025-09-15 04:13:12,ADAMW_lr0.001,ADAMW,2,shakespeare_char,198,train_iter,2.488405466079712,0.0009991120277927223,0.07972316729354822,1340.1579856872559
2025-09-15 04:13:13,ADAMW_lr0.001,ADAMW,2,shakespeare_char,199,train_eval,2.4566454887390137,0.0009990938195679395,0.07972316729354822,
2025-09-15 04:13:13,ADAMW_lr0.001,ADAMW,2,shakespeare_char,199,val_eval,2.487056016921997,0.0009990938195679395,0.07972316729354822,
2025-09-15 04:13:13,ADAMW_lr0.001,ADAMW,2,shakespeare_char,199,train_iter,2.4852445125579834,0.0009990938195679395,0.07728122422473055,1263.3309364318848
2025-09-15 04:13:14,ADAMW_lr0.001,ADAMW,2,shakespeare_char,200,train_eval,2.461780309677124,0.0009990754267376514,0.07728122422473055,
2025-09-15 04:13:14,ADAMW_lr0.001,ADAMW,2,shakespeare_char,200,val_eval,2.493623733520508,0.0009990754267376514,0.07728122422473055,
2025-09-15 04:15:10,ADAMW_lr0.001,ADAMW,2,shakespeare_char,200,train_iter,2.470309257507324,0.0009990754267376514,0.0696127487037345,117134.20081138611
2025-09-15 04:15:20,ADAMW_lr0.01,ADAMW,2,shakespeare_char,0,train_eval,4.270771503448486,9.900990099009901e-06,,
2025-09-15 04:15:20,ADAMW_lr0.01,ADAMW,2,shakespeare_char,0,val_eval,4.269772529602051,9.900990099009901e-06,,
2025-09-15 04:16:33,ADAMW_lr0.01,ADAMW,2,shakespeare_char,0,train_iter,4.265802383422852,9.900990099009901e-06,,75274.43504333496
2025-09-15 04:16:33,ADAMW_lr0.01,ADAMW,2,shakespeare_char,1,train_eval,4.083425998687744,1.9801980198019803e-05,,
2025-09-15 04:16:33,ADAMW_lr0.01,ADAMW,2,shakespeare_char,1,val_eval,4.0874128341674805,1.9801980198019803e-05,,
2025-09-15 04:16:34,ADAMW_lr0.01,ADAMW,2,shakespeare_char,1,train_iter,4.133227825164795,1.9801980198019803e-05,,1283.3704948425293
2025-09-15 04:16:35,ADAMW_lr0.01,ADAMW,2,shakespeare_char,2,train_eval,3.81770658493042,2.9702970297029702e-05,,
2025-09-15 04:16:35,ADAMW_lr0.01,ADAMW,2,shakespeare_char,2,val_eval,3.827702045440674,2.9702970297029702e-05,,
2025-09-15 04:16:35,ADAMW_lr0.01,ADAMW,2,shakespeare_char,2,train_iter,3.9058785438537598,2.9702970297029702e-05,,1093.0731296539307
2025-09-15 04:16:36,ADAMW_lr0.01,ADAMW,2,shakespeare_char,3,train_eval,3.63313627243042,3.9603960396039605e-05,,
2025-09-15 04:16:36,ADAMW_lr0.01,ADAMW,2,shakespeare_char,3,val_eval,3.651183843612671,3.9603960396039605e-05,,
2025-09-15 04:16:36,ADAMW_lr0.01,ADAMW,2,shakespeare_char,3,train_iter,3.692030906677246,3.9603960396039605e-05,,988.4982109069824
2025-09-15 04:16:37,ADAMW_lr0.01,ADAMW,2,shakespeare_char,4,train_eval,3.4974629878997803,4.950495049504951e-05,,
2025-09-15 04:16:37,ADAMW_lr0.01,ADAMW,2,shakespeare_char,4,val_eval,3.522428512573242,4.950495049504951e-05,,
2025-09-15 04:16:37,ADAMW_lr0.01,ADAMW,2,shakespeare_char,4,train_iter,3.524613857269287,4.950495049504951e-05,,1252.5787353515625
2025-09-15 04:16:38,ADAMW_lr0.01,ADAMW,2,shakespeare_char,5,train_eval,3.3957974910736084,5.9405940594059404e-05,,
2025-09-15 04:16:38,ADAMW_lr0.01,ADAMW,2,shakespeare_char,5,val_eval,3.427685022354126,5.9405940594059404e-05,,
2025-09-15 04:16:38,ADAMW_lr0.01,ADAMW,2,shakespeare_char,5,train_iter,3.4789273738861084,5.9405940594059404e-05,0.07198535834275327,970.5712795257568
2025-09-15 04:16:39,ADAMW_lr0.01,ADAMW,2,shakespeare_char,6,train_eval,3.337604284286499,6.930693069306931e-05,0.07198535834275327,
2025-09-15 04:16:39,ADAMW_lr0.01,ADAMW,2,shakespeare_char,6,val_eval,3.369844675064087,6.930693069306931e-05,0.07198535834275327,
2025-09-15 04:16:39,ADAMW_lr0.01,ADAMW,2,shakespeare_char,6,train_iter,3.3858516216278076,6.930693069306931e-05,0.07152218376153334,1037.3151302337646
2025-09-15 04:16:40,ADAMW_lr0.01,ADAMW,2,shakespeare_char,7,train_eval,3.2869067192077637,7.920792079207921e-05,0.07152218376153334,
2025-09-15 04:16:40,ADAMW_lr0.01,ADAMW,2,shakespeare_char,7,val_eval,3.3185348510742188,7.920792079207921e-05,0.07152218376153334,
2025-09-15 04:16:40,ADAMW_lr0.01,ADAMW,2,shakespeare_char,7,train_iter,3.3118109703063965,7.920792079207921e-05,0.07119725018460751,1023.3485698699951
2025-09-15 04:16:41,ADAMW_lr0.01,ADAMW,2,shakespeare_char,8,train_eval,3.2517175674438477,8.910891089108912e-05,0.07119725018460751,
2025-09-15 04:16:41,ADAMW_lr0.01,ADAMW,2,shakespeare_char,8,val_eval,3.2759599685668945,8.910891089108912e-05,0.07119725018460751,
2025-09-15 04:16:41,ADAMW_lr0.01,ADAMW,2,shakespeare_char,8,train_iter,3.332817554473877,8.910891089108912e-05,0.0709541807520472,1016.0014629364014
2025-09-15 04:16:42,ADAMW_lr0.01,ADAMW,2,shakespeare_char,9,train_eval,3.191199541091919,9.900990099009902e-05,0.0709541807520472,
2025-09-15 04:16:42,ADAMW_lr0.01,ADAMW,2,shakespeare_char,9,val_eval,3.221356153488159,9.900990099009902e-05,0.0709541807520472,
2025-09-15 04:16:42,ADAMW_lr0.01,ADAMW,2,shakespeare_char,9,train_iter,3.2230658531188965,9.900990099009902e-05,0.07055777588823639,1042.9434776306152
2025-09-15 04:16:43,ADAMW_lr0.01,ADAMW,2,shakespeare_char,10,train_eval,3.107069730758667,0.0001089108910891089,0.07055777588823639,
2025-09-15 04:16:43,ADAMW_lr0.01,ADAMW,2,shakespeare_char,10,val_eval,3.1386377811431885,0.0001089108910891089,0.07055777588823639,
2025-09-15 04:16:43,ADAMW_lr0.01,ADAMW,2,shakespeare_char,10,train_iter,3.1273581981658936,0.0001089108910891089,0.07044885737530165,1005.7339668273926
2025-09-15 04:16:44,ADAMW_lr0.01,ADAMW,2,shakespeare_char,11,train_eval,3.0855090618133545,0.00011881188118811881,0.07044885737530165,
2025-09-15 04:16:44,ADAMW_lr0.01,ADAMW,2,shakespeare_char,11,val_eval,3.105081558227539,0.00011881188118811881,0.07044885737530165,
2025-09-15 04:16:44,ADAMW_lr0.01,ADAMW,2,shakespeare_char,11,train_iter,3.126190185546875,0.00011881188118811881,0.07021864711978357,1025.2420902252197
2025-09-15 04:16:45,ADAMW_lr0.01,ADAMW,2,shakespeare_char,12,train_eval,3.0446653366088867,0.00012871287128712872,0.07021864711978357,
2025-09-15 04:16:45,ADAMW_lr0.01,ADAMW,2,shakespeare_char,12,val_eval,3.0594823360443115,0.00012871287128712872,0.07021864711978357,
2025-09-15 04:16:45,ADAMW_lr0.01,ADAMW,2,shakespeare_char,12,train_iter,3.0749855041503906,0.00012871287128712872,0.06987795186686108,1045.7289218902588
2025-09-15 04:16:46,ADAMW_lr0.01,ADAMW,2,shakespeare_char,13,train_eval,2.947436809539795,0.00013861386138613863,0.06987795186686108,
2025-09-15 04:16:46,ADAMW_lr0.01,ADAMW,2,shakespeare_char,13,val_eval,2.9775431156158447,0.00013861386138613863,0.06987795186686108,
2025-09-15 04:16:47,ADAMW_lr0.01,ADAMW,2,shakespeare_char,13,train_iter,3.0333046913146973,0.00013861386138613863,0.06877597233828153,1187.0388984680176
2025-09-15 04:16:47,ADAMW_lr0.01,ADAMW,2,shakespeare_char,14,train_eval,2.909680128097534,0.0001485148514851485,0.06877597233828153,
2025-09-15 04:16:47,ADAMW_lr0.01,ADAMW,2,shakespeare_char,14,val_eval,2.929080009460449,0.0001485148514851485,0.06877597233828153,
2025-09-15 04:16:48,ADAMW_lr0.01,ADAMW,2,shakespeare_char,14,train_iter,2.992382526397705,0.0001485148514851485,0.06906037846208642,975.5220413208008
2025-09-15 04:16:48,ADAMW_lr0.01,ADAMW,2,shakespeare_char,15,train_eval,2.8822717666625977,0.00015841584158415842,0.06906037846208642,
2025-09-15 04:16:48,ADAMW_lr0.01,ADAMW,2,shakespeare_char,15,val_eval,2.8999722003936768,0.00015841584158415842,0.06906037846208642,
2025-09-15 04:16:49,ADAMW_lr0.01,ADAMW,2,shakespeare_char,15,train_iter,2.889448881149292,0.00015841584158415842,0.06853114074048175,1095.642328262329
2025-09-15 04:16:49,ADAMW_lr0.01,ADAMW,2,shakespeare_char,16,train_eval,2.8401706218719482,0.00016831683168316833,0.06853114074048175,
2025-09-15 04:16:49,ADAMW_lr0.01,ADAMW,2,shakespeare_char,16,val_eval,2.864004135131836,0.00016831683168316833,0.06853114074048175,
2025-09-15 04:16:50,ADAMW_lr0.01,ADAMW,2,shakespeare_char,16,train_iter,2.912414073944092,0.00016831683168316833,0.06822854435396536,1066.5862560272217
2025-09-15 04:16:51,ADAMW_lr0.01,ADAMW,2,shakespeare_char,17,train_eval,2.8178162574768066,0.00017821782178217824,0.06822854435396536,
2025-09-15 04:16:51,ADAMW_lr0.01,ADAMW,2,shakespeare_char,17,val_eval,2.8339545726776123,0.00017821782178217824,0.06822854435396536,
2025-09-15 04:16:52,ADAMW_lr0.01,ADAMW,2,shakespeare_char,17,train_iter,2.8706207275390625,0.00017821782178217824,0.06511206321816759,1885.0481510162354
2025-09-15 04:16:52,ADAMW_lr0.01,ADAMW,2,shakespeare_char,18,train_eval,2.7885260581970215,0.00018811881188118812,0.06511206321816759,
2025-09-15 04:16:52,ADAMW_lr0.01,ADAMW,2,shakespeare_char,18,val_eval,2.8053042888641357,0.00018811881188118812,0.06511206321816759,
2025-09-15 04:16:53,ADAMW_lr0.01,ADAMW,2,shakespeare_char,18,train_iter,2.824937343597412,0.00018811881188118812,0.06240350324882743,1837.3236656188965
2025-09-15 04:16:54,ADAMW_lr0.01,ADAMW,2,shakespeare_char,19,train_eval,2.7684831619262695,0.00019801980198019803,0.06240350324882743,
2025-09-15 04:16:54,ADAMW_lr0.01,ADAMW,2,shakespeare_char,19,val_eval,2.7800769805908203,0.00019801980198019803,0.06240350324882743,
2025-09-15 04:16:55,ADAMW_lr0.01,ADAMW,2,shakespeare_char,19,train_iter,2.7817845344543457,0.00019801980198019803,0.060031554575814446,1806.0927391052246
2025-09-15 04:16:56,ADAMW_lr0.01,ADAMW,2,shakespeare_char,20,train_eval,2.744170904159546,0.00020792079207920794,0.060031554575814446,
2025-09-15 04:16:56,ADAMW_lr0.01,ADAMW,2,shakespeare_char,20,val_eval,2.747380256652832,0.00020792079207920794,0.060031554575814446,
2025-09-15 04:16:57,ADAMW_lr0.01,ADAMW,2,shakespeare_char,20,train_iter,2.8149185180664062,0.00020792079207920794,0.057490987837881875,2017.7655220031738
2025-09-15 04:16:58,ADAMW_lr0.01,ADAMW,2,shakespeare_char,21,train_eval,2.7257490158081055,0.0002178217821782178,0.057490987837881875,
2025-09-15 04:16:58,ADAMW_lr0.01,ADAMW,2,shakespeare_char,21,val_eval,2.7269132137298584,0.0002178217821782178,0.057490987837881875,
2025-09-15 04:16:58,ADAMW_lr0.01,ADAMW,2,shakespeare_char,21,train_iter,2.7931394577026367,0.0002178217821782178,0.05792807793228934,1129.401683807373
2025-09-15 04:16:59,ADAMW_lr0.01,ADAMW,2,shakespeare_char,22,train_eval,2.7062883377075195,0.0002277227722772277,0.05792807793228934,
2025-09-15 04:16:59,ADAMW_lr0.01,ADAMW,2,shakespeare_char,22,val_eval,2.7060599327087402,0.0002277227722772277,0.05792807793228934,
2025-09-15 04:16:59,ADAMW_lr0.01,ADAMW,2,shakespeare_char,22,train_iter,2.7231736183166504,0.0002277227722772277,0.05892725658170303,1028.6669731140137
2025-09-15 04:17:00,ADAMW_lr0.01,ADAMW,2,shakespeare_char,23,train_eval,2.6912522315979004,0.00023762376237623762,0.05892725658170303,
2025-09-15 04:17:00,ADAMW_lr0.01,ADAMW,2,shakespeare_char,23,val_eval,2.693783760070801,0.00023762376237623762,0.05892725658170303,
2025-09-15 04:17:00,ADAMW_lr0.01,ADAMW,2,shakespeare_char,23,train_iter,2.7151803970336914,0.00023762376237623762,0.059911228465912,1015.9952640533447
2025-09-15 04:17:01,ADAMW_lr0.01,ADAMW,2,shakespeare_char,24,train_eval,2.679583787918091,0.00024752475247524753,0.059911228465912,
2025-09-15 04:17:01,ADAMW_lr0.01,ADAMW,2,shakespeare_char,24,val_eval,2.679685354232788,0.00024752475247524753,0.059911228465912,
2025-09-15 04:17:02,ADAMW_lr0.01,ADAMW,2,shakespeare_char,24,train_iter,2.7098910808563232,0.00024752475247524753,0.05958205226384774,1233.973503112793
2025-09-15 04:17:02,ADAMW_lr0.01,ADAMW,2,shakespeare_char,25,train_eval,2.6870670318603516,0.00025742574257425744,0.05958205226384774,
2025-09-15 04:17:02,ADAMW_lr0.01,ADAMW,2,shakespeare_char,25,val_eval,2.682901620864868,0.00025742574257425744,0.05958205226384774,
2025-09-15 04:17:02,ADAMW_lr0.01,ADAMW,2,shakespeare_char,25,train_iter,2.711437940597534,0.00025742574257425744,0.06336396726212824,717.3106670379639
2025-09-15 04:17:03,ADAMW_lr0.01,ADAMW,2,shakespeare_char,26,train_eval,2.6715879440307617,0.00026732673267326735,0.06336396726212824,
2025-09-15 04:17:03,ADAMW_lr0.01,ADAMW,2,shakespeare_char,26,val_eval,2.670991897583008,0.00026732673267326735,0.06336396726212824,
2025-09-15 04:17:03,ADAMW_lr0.01,ADAMW,2,shakespeare_char,26,train_iter,2.644683599472046,0.00026732673267326735,0.06406947566782291,992.159366607666
2025-09-15 04:17:04,ADAMW_lr0.01,ADAMW,2,shakespeare_char,27,train_eval,2.6495625972747803,0.00027722772277227726,0.06406947566782291,
2025-09-15 04:17:04,ADAMW_lr0.01,ADAMW,2,shakespeare_char,27,val_eval,2.6489458084106445,0.00027722772277227726,0.06406947566782291,
2025-09-15 04:17:05,ADAMW_lr0.01,ADAMW,2,shakespeare_char,27,train_iter,2.6637282371520996,0.00027722772277227726,0.064144446159134,1077.8741836547852
2025-09-15 04:17:05,ADAMW_lr0.01,ADAMW,2,shakespeare_char,28,train_eval,2.639626979827881,0.00028712871287128717,0.064144446159134,
2025-09-15 04:17:05,ADAMW_lr0.01,ADAMW,2,shakespeare_char,28,val_eval,2.6454155445098877,0.00028712871287128717,0.064144446159134,
2025-09-15 04:17:05,ADAMW_lr0.01,ADAMW,2,shakespeare_char,28,train_iter,2.6711373329162598,0.00028712871287128717,0.06499063551150058,962.2702598571777
2025-09-15 04:17:06,ADAMW_lr0.01,ADAMW,2,shakespeare_char,29,train_eval,2.6522326469421387,0.000297029702970297,0.06499063551150058,
2025-09-15 04:17:06,ADAMW_lr0.01,ADAMW,2,shakespeare_char,29,val_eval,2.648703098297119,0.000297029702970297,0.06499063551150058,
2025-09-15 04:17:06,ADAMW_lr0.01,ADAMW,2,shakespeare_char,29,train_iter,2.6486499309539795,0.000297029702970297,0.06763791906909809,763.8778686523438
2025-09-15 04:17:07,ADAMW_lr0.01,ADAMW,2,shakespeare_char,30,train_eval,2.655611276626587,0.00030693069306930693,0.06763791906909809,
2025-09-15 04:17:07,ADAMW_lr0.01,ADAMW,2,shakespeare_char,30,val_eval,2.646775722503662,0.00030693069306930693,0.06763791906909809,
2025-09-15 04:17:07,ADAMW_lr0.01,ADAMW,2,shakespeare_char,30,train_iter,2.656949043273926,0.00030693069306930693,0.07095938522429064,692.7628517150879
2025-09-15 04:17:08,ADAMW_lr0.01,ADAMW,2,shakespeare_char,31,train_eval,2.6390841007232666,0.00031683168316831684,0.07095938522429064,
2025-09-15 04:17:08,ADAMW_lr0.01,ADAMW,2,shakespeare_char,31,val_eval,2.6247239112854004,0.00031683168316831684,0.07095938522429064,
2025-09-15 04:17:08,ADAMW_lr0.01,ADAMW,2,shakespeare_char,31,train_iter,2.6733627319335938,0.00031683168316831684,0.07110944524155323,964.2138481140137
2025-09-15 04:17:09,ADAMW_lr0.01,ADAMW,2,shakespeare_char,32,train_eval,2.621764898300171,0.00032673267326732675,0.07110944524155323,
2025-09-15 04:17:09,ADAMW_lr0.01,ADAMW,2,shakespeare_char,32,val_eval,2.6108620166778564,0.00032673267326732675,0.07110944524155323,
2025-09-15 04:17:09,ADAMW_lr0.01,ADAMW,2,shakespeare_char,32,train_iter,2.6464409828186035,0.00032673267326732675,0.07111220931046776,982.144832611084
2025-09-15 04:17:10,ADAMW_lr0.01,ADAMW,2,shakespeare_char,33,train_eval,2.6131300926208496,0.00033663366336633666,0.07111220931046776,
2025-09-15 04:17:10,ADAMW_lr0.01,ADAMW,2,shakespeare_char,33,val_eval,2.607192277908325,0.00033663366336633666,0.07111220931046776,
2025-09-15 04:17:10,ADAMW_lr0.01,ADAMW,2,shakespeare_char,33,train_iter,2.584954023361206,0.00033663366336633666,0.07119643807926074,970.9875583648682
2025-09-15 04:17:11,ADAMW_lr0.01,ADAMW,2,shakespeare_char,34,train_eval,2.6108057498931885,0.00034653465346534657,0.07119643807926074,
2025-09-15 04:17:11,ADAMW_lr0.01,ADAMW,2,shakespeare_char,34,val_eval,2.6052379608154297,0.00034653465346534657,0.07119643807926074,
2025-09-15 04:17:11,ADAMW_lr0.01,ADAMW,2,shakespeare_char,34,train_iter,2.6543400287628174,0.00034653465346534657,0.07077067661344046,1043.7428951263428
2025-09-15 04:17:12,ADAMW_lr0.01,ADAMW,2,shakespeare_char,35,train_eval,2.6070241928100586,0.0003564356435643565,0.07077067661344046,
2025-09-15 04:17:12,ADAMW_lr0.01,ADAMW,2,shakespeare_char,35,val_eval,2.603607416152954,0.0003564356435643565,0.07077067661344046,
2025-09-15 04:17:12,ADAMW_lr0.01,ADAMW,2,shakespeare_char,35,train_iter,2.6151299476623535,0.0003564356435643565,0.07045421439411666,1033.4417819976807
2025-09-15 04:17:13,ADAMW_lr0.01,ADAMW,2,shakespeare_char,36,train_eval,2.5959560871124268,0.00036633663366336634,0.07045421439411666,
2025-09-15 04:17:13,ADAMW_lr0.01,ADAMW,2,shakespeare_char,36,val_eval,2.593674421310425,0.00036633663366336634,0.07045421439411666,
2025-09-15 04:17:13,ADAMW_lr0.01,ADAMW,2,shakespeare_char,36,train_iter,2.6215662956237793,0.00036633663366336634,0.07065845737188486,963.726282119751
2025-09-15 04:17:14,ADAMW_lr0.01,ADAMW,2,shakespeare_char,37,train_eval,2.594395160675049,0.00037623762376237625,0.07065845737188486,
2025-09-15 04:17:14,ADAMW_lr0.01,ADAMW,2,shakespeare_char,37,val_eval,2.5980942249298096,0.00037623762376237625,0.07065845737188486,
2025-09-15 04:17:14,ADAMW_lr0.01,ADAMW,2,shakespeare_char,37,train_iter,2.6011128425598145,0.00037623762376237625,0.07302888550856781,740.4079437255859
2025-09-15 04:17:14,ADAMW_lr0.01,ADAMW,2,shakespeare_char,38,train_eval,2.5876080989837646,0.00038613861386138616,0.07302888550856781,
2025-09-15 04:17:14,ADAMW_lr0.01,ADAMW,2,shakespeare_char,38,val_eval,2.597933769226074,0.00038613861386138616,0.07302888550856781,
2025-09-15 04:17:14,ADAMW_lr0.01,ADAMW,2,shakespeare_char,38,train_iter,2.5732202529907227,0.00038613861386138616,0.07563138593724177,705.3425312042236
2025-09-15 04:17:15,ADAMW_lr0.01,ADAMW,2,shakespeare_char,39,train_eval,2.5916495323181152,0.00039603960396039607,0.07563138593724177,
2025-09-15 04:17:15,ADAMW_lr0.01,ADAMW,2,shakespeare_char,39,val_eval,2.5904228687286377,0.00039603960396039607,0.07563138593724177,
2025-09-15 04:17:16,ADAMW_lr0.01,ADAMW,2,shakespeare_char,39,train_iter,2.6029601097106934,0.00039603960396039607,0.07272366239456587,1500.7667541503906
2025-09-15 04:17:17,ADAMW_lr0.01,ADAMW,2,shakespeare_char,40,train_eval,2.6001639366149902,0.000405940594059406,0.07272366239456587,
2025-09-15 04:17:17,ADAMW_lr0.01,ADAMW,2,shakespeare_char,40,val_eval,2.5932037830352783,0.000405940594059406,0.07272366239456587,
2025-09-15 04:17:17,ADAMW_lr0.01,ADAMW,2,shakespeare_char,40,train_iter,2.5685319900512695,0.000405940594059406,0.07458760851809247,764.7168636322021
2025-09-15 04:17:17,ADAMW_lr0.01,ADAMW,2,shakespeare_char,41,train_eval,2.5867230892181396,0.0004158415841584159,0.07458760851809247,
2025-09-15 04:17:17,ADAMW_lr0.01,ADAMW,2,shakespeare_char,41,val_eval,2.5806021690368652,0.0004158415841584159,0.07458760851809247,
2025-09-15 04:17:18,ADAMW_lr0.01,ADAMW,2,shakespeare_char,41,train_iter,2.625605821609497,0.0004158415841584159,0.07094178549047674,1832.364559173584
2025-09-15 04:17:19,ADAMW_lr0.01,ADAMW,2,shakespeare_char,42,train_eval,2.576458215713501,0.0004257425742574258,0.07094178549047674,
2025-09-15 04:17:19,ADAMW_lr0.01,ADAMW,2,shakespeare_char,42,val_eval,2.5740652084350586,0.0004257425742574258,0.07094178549047674,
2025-09-15 04:17:19,ADAMW_lr0.01,ADAMW,2,shakespeare_char,42,train_iter,2.643831729888916,0.0004257425742574258,0.07097261858660808,980.5867671966553
2025-09-15 04:17:20,ADAMW_lr0.01,ADAMW,2,shakespeare_char,43,train_eval,2.5737826824188232,0.0004356435643564356,0.07097261858660808,
2025-09-15 04:17:20,ADAMW_lr0.01,ADAMW,2,shakespeare_char,43,val_eval,2.5714101791381836,0.0004356435643564356,0.07097261858660808,
2025-09-15 04:17:21,ADAMW_lr0.01,ADAMW,2,shakespeare_char,43,train_iter,2.5662455558776855,0.0004356435643564356,0.07012725778797126,1117.5308227539062
2025-09-15 04:17:21,ADAMW_lr0.01,ADAMW,2,shakespeare_char,44,train_eval,2.5758111476898193,0.0004455445544554455,0.07012725778797126,
2025-09-15 04:17:21,ADAMW_lr0.01,ADAMW,2,shakespeare_char,44,val_eval,2.5748844146728516,0.0004455445544554455,0.07012725778797126,
2025-09-15 04:17:21,ADAMW_lr0.01,ADAMW,2,shakespeare_char,44,train_iter,2.5613319873809814,0.0004455445544554455,0.0725063131885738,743.9155578613281
2025-09-15 04:17:22,ADAMW_lr0.01,ADAMW,2,shakespeare_char,45,train_eval,2.576092481613159,0.0004554455445544554,0.0725063131885738,
2025-09-15 04:17:22,ADAMW_lr0.01,ADAMW,2,shakespeare_char,45,val_eval,2.568035840988159,0.0004554455445544554,0.0725063131885738,
2025-09-15 04:17:22,ADAMW_lr0.01,ADAMW,2,shakespeare_char,45,train_iter,2.5680949687957764,0.0004554455445544554,0.07213133871984592,1016.1490440368652
2025-09-15 04:17:23,ADAMW_lr0.01,ADAMW,2,shakespeare_char,46,train_eval,2.571453332901001,0.0004653465346534653,0.07213133871984592,
2025-09-15 04:17:23,ADAMW_lr0.01,ADAMW,2,shakespeare_char,46,val_eval,2.5662384033203125,0.0004653465346534653,0.07213133871984592,
2025-09-15 04:17:23,ADAMW_lr0.01,ADAMW,2,shakespeare_char,46,train_iter,2.5945186614990234,0.0004653465346534653,0.07137031374304456,1082.8540325164795
2025-09-15 04:17:24,ADAMW_lr0.01,ADAMW,2,shakespeare_char,47,train_eval,2.562220811843872,0.00047524752475247524,0.07137031374304456,
2025-09-15 04:17:24,ADAMW_lr0.01,ADAMW,2,shakespeare_char,47,val_eval,2.5664985179901123,0.00047524752475247524,0.07137031374304456,
2025-09-15 04:17:24,ADAMW_lr0.01,ADAMW,2,shakespeare_char,47,train_iter,2.54518985748291,0.00047524752475247524,0.07335634583824203,765.8274173736572
2025-09-15 04:17:25,ADAMW_lr0.01,ADAMW,2,shakespeare_char,48,train_eval,2.5822947025299072,0.00048514851485148515,0.07335634583824203,
2025-09-15 04:17:25,ADAMW_lr0.01,ADAMW,2,shakespeare_char,48,val_eval,2.5880911350250244,0.00048514851485148515,0.07335634583824203,
2025-09-15 04:17:25,ADAMW_lr0.01,ADAMW,2,shakespeare_char,48,train_iter,2.619297504425049,0.00048514851485148515,0.07582152997738584,712.8682136535645
2025-09-15 04:17:26,ADAMW_lr0.01,ADAMW,2,shakespeare_char,49,train_eval,2.5642077922821045,0.0004950495049504951,0.07582152997738584,
2025-09-15 04:17:26,ADAMW_lr0.01,ADAMW,2,shakespeare_char,49,val_eval,2.576777935028076,0.0004950495049504951,0.07582152997738584,
2025-09-15 04:17:26,ADAMW_lr0.01,ADAMW,2,shakespeare_char,49,train_iter,2.5928549766540527,0.0004950495049504951,0.07824916352936544,697.9861259460449
2025-09-15 04:17:26,ADAMW_lr0.01,ADAMW,2,shakespeare_char,50,train_eval,2.5598647594451904,0.000504950495049505,0.07824916352936544,
2025-09-15 04:17:26,ADAMW_lr0.01,ADAMW,2,shakespeare_char,50,val_eval,2.561924695968628,0.000504950495049505,0.07824916352936544,
2025-09-15 04:17:27,ADAMW_lr0.01,ADAMW,2,shakespeare_char,50,train_iter,2.5860743522644043,0.000504950495049505,0.07720841723685289,1029.8521518707275
2025-09-15 04:17:27,ADAMW_lr0.01,ADAMW,2,shakespeare_char,51,train_eval,2.5598647594451904,0.0005148514851485149,0.07720841723685289,
2025-09-15 04:17:27,ADAMW_lr0.01,ADAMW,2,shakespeare_char,51,val_eval,2.5601906776428223,0.0005148514851485149,0.07720841723685289,
2025-09-15 04:17:28,ADAMW_lr0.01,ADAMW,2,shakespeare_char,51,train_iter,2.5380020141601562,0.0005148514851485149,0.07596839836596714,1078.0563354492188
2025-09-15 04:17:28,ADAMW_lr0.01,ADAMW,2,shakespeare_char,52,train_eval,2.5498404502868652,0.0005247524752475248,0.07596839836596714,
2025-09-15 04:17:28,ADAMW_lr0.01,ADAMW,2,shakespeare_char,52,val_eval,2.5568556785583496,0.0005247524752475248,0.07596839836596714,
2025-09-15 04:17:29,ADAMW_lr0.01,ADAMW,2,shakespeare_char,52,train_iter,2.5419936180114746,0.0005247524752475248,0.0750515918312109,1045.9067821502686
2025-09-15 04:17:29,ADAMW_lr0.01,ADAMW,2,shakespeare_char,53,train_eval,2.5540952682495117,0.0005346534653465347,0.0750515918312109,
2025-09-15 04:17:29,ADAMW_lr0.01,ADAMW,2,shakespeare_char,53,val_eval,2.553804636001587,0.0005346534653465347,0.0750515918312109,
2025-09-15 04:17:30,ADAMW_lr0.01,ADAMW,2,shakespeare_char,53,train_iter,2.5864222049713135,0.0005346534653465347,0.07423998472944682,1043.7943935394287
2025-09-15 04:17:30,ADAMW_lr0.01,ADAMW,2,shakespeare_char,54,train_eval,2.5599143505096436,0.0005445544554455446,0.07423998472944682,
2025-09-15 04:17:30,ADAMW_lr0.01,ADAMW,2,shakespeare_char,54,val_eval,2.5592808723449707,0.0005445544554455446,0.07423998472944682,
2025-09-15 04:17:30,ADAMW_lr0.01,ADAMW,2,shakespeare_char,54,train_iter,2.5621354579925537,0.0005445544554455446,0.07627759674417552,738.4252548217773
2025-09-15 04:17:31,ADAMW_lr0.01,ADAMW,2,shakespeare_char,55,train_eval,2.548891305923462,0.0005544554455445545,0.07627759674417552,
2025-09-15 04:17:31,ADAMW_lr0.01,ADAMW,2,shakespeare_char,55,val_eval,2.54496693611145,0.0005544554455445545,0.07627759674417552,
2025-09-15 04:17:31,ADAMW_lr0.01,ADAMW,2,shakespeare_char,55,train_iter,2.6181769371032715,0.0005544554455445545,0.07555491069699027,1011.8200778961182
2025-09-15 04:17:32,ADAMW_lr0.01,ADAMW,2,shakespeare_char,56,train_eval,2.559269905090332,0.0005643564356435644,0.07555491069699027,
2025-09-15 04:17:32,ADAMW_lr0.01,ADAMW,2,shakespeare_char,56,val_eval,2.5668587684631348,0.0005643564356435644,0.07555491069699027,
2025-09-15 04:17:32,ADAMW_lr0.01,ADAMW,2,shakespeare_char,56,train_iter,2.601891279220581,0.0005643564356435644,0.07721010482981863,758.5420608520508
2025-09-15 04:17:33,ADAMW_lr0.01,ADAMW,2,shakespeare_char,57,train_eval,2.5549919605255127,0.0005742574257425743,0.07721010482981863,
2025-09-15 04:17:33,ADAMW_lr0.01,ADAMW,2,shakespeare_char,57,val_eval,2.5640695095062256,0.0005742574257425743,0.07721010482981863,
2025-09-15 04:17:33,ADAMW_lr0.01,ADAMW,2,shakespeare_char,57,train_iter,2.5981268882751465,0.0005742574257425743,0.07952423641231732,696.2225437164307
2025-09-15 04:17:34,ADAMW_lr0.01,ADAMW,2,shakespeare_char,58,train_eval,2.5512704849243164,0.0005841584158415842,0.07952423641231732,
2025-09-15 04:17:34,ADAMW_lr0.01,ADAMW,2,shakespeare_char,58,val_eval,2.54980206489563,0.0005841584158415842,0.07952423641231732,
2025-09-15 04:17:34,ADAMW_lr0.01,ADAMW,2,shakespeare_char,58,train_iter,2.5807974338531494,0.0005841584158415842,0.08167115109299211,691.7970180511475
2025-09-15 04:17:34,ADAMW_lr0.01,ADAMW,2,shakespeare_char,59,train_eval,2.547086715698242,0.000594059405940594,0.08167115109299211,
2025-09-15 04:17:34,ADAMW_lr0.01,ADAMW,2,shakespeare_char,59,val_eval,2.5419745445251465,0.000594059405940594,0.08167115109299211,
2025-09-15 04:17:35,ADAMW_lr0.01,ADAMW,2,shakespeare_char,59,train_iter,2.579427480697632,0.000594059405940594,0.07993657174216985,1086.148977279663
2025-09-15 04:17:35,ADAMW_lr0.01,ADAMW,2,shakespeare_char,60,train_eval,2.5607376098632812,0.000603960396039604,0.07993657174216985,
2025-09-15 04:17:35,ADAMW_lr0.01,ADAMW,2,shakespeare_char,60,val_eval,2.5500617027282715,0.000603960396039604,0.07993657174216985,
2025-09-15 04:17:35,ADAMW_lr0.01,ADAMW,2,shakespeare_char,60,train_iter,2.572504758834839,0.000603960396039604,0.08113214561151164,760.3130340576172
2025-09-15 04:17:36,ADAMW_lr0.01,ADAMW,2,shakespeare_char,61,train_eval,2.5560433864593506,0.0006138613861386139,0.08113214561151164,
2025-09-15 04:17:36,ADAMW_lr0.01,ADAMW,2,shakespeare_char,61,val_eval,2.5569214820861816,0.0006138613861386139,0.08113214561151164,
2025-09-15 04:17:36,ADAMW_lr0.01,ADAMW,2,shakespeare_char,61,train_iter,2.5989246368408203,0.0006138613861386139,0.08294791058619043,703.6666870117188
2025-09-15 04:17:37,ADAMW_lr0.01,ADAMW,2,shakespeare_char,62,train_eval,2.539875030517578,0.0006237623762376238,0.08294791058619043,
2025-09-15 04:17:37,ADAMW_lr0.01,ADAMW,2,shakespeare_char,62,val_eval,2.5502278804779053,0.0006237623762376238,0.08294791058619043,
2025-09-15 04:17:37,ADAMW_lr0.01,ADAMW,2,shakespeare_char,62,train_iter,2.5946712493896484,0.0006237623762376238,0.08471162214676076,694.6055889129639
2025-09-15 04:17:38,ADAMW_lr0.01,ADAMW,2,shakespeare_char,63,train_eval,2.548671007156372,0.0006336633663366337,0.08471162214676076,
2025-09-15 04:17:38,ADAMW_lr0.01,ADAMW,2,shakespeare_char,63,val_eval,2.565120220184326,0.0006336633663366337,0.08471162214676076,
2025-09-15 04:17:38,ADAMW_lr0.01,ADAMW,2,shakespeare_char,63,train_iter,2.532951831817627,0.0006336633663366337,0.08624698225861478,698.2138156890869
2025-09-15 04:17:38,ADAMW_lr0.01,ADAMW,2,shakespeare_char,64,train_eval,2.5483291149139404,0.0006435643564356436,0.08624698225861478,
2025-09-15 04:17:38,ADAMW_lr0.01,ADAMW,2,shakespeare_char,64,val_eval,2.5622072219848633,0.0006435643564356436,0.08624698225861478,
2025-09-15 04:17:38,ADAMW_lr0.01,ADAMW,2,shakespeare_char,64,train_iter,2.5766682624816895,0.0006435643564356436,0.08758409842427192,701.3473510742188
2025-09-15 04:17:39,ADAMW_lr0.01,ADAMW,2,shakespeare_char,65,train_eval,2.5493152141571045,0.0006534653465346535,0.08758409842427192,
2025-09-15 04:17:39,ADAMW_lr0.01,ADAMW,2,shakespeare_char,65,val_eval,2.5572075843811035,0.0006534653465346535,0.08758409842427192,
2025-09-15 04:17:39,ADAMW_lr0.01,ADAMW,2,shakespeare_char,65,train_iter,2.5696542263031006,0.0006534653465346535,0.08886959103741034,695.615291595459
2025-09-15 04:17:40,ADAMW_lr0.01,ADAMW,2,shakespeare_char,66,train_eval,2.545273780822754,0.0006633663366336634,0.08886959103741034,
2025-09-15 04:17:40,ADAMW_lr0.01,ADAMW,2,shakespeare_char,66,val_eval,2.549696207046509,0.0006633663366336634,0.08886959103741034,
2025-09-15 04:17:40,ADAMW_lr0.01,ADAMW,2,shakespeare_char,66,train_iter,2.5637948513031006,0.0006633663366336634,0.08997962330586744,698.8794803619385
2025-09-15 04:17:40,ADAMW_lr0.01,ADAMW,2,shakespeare_char,67,train_eval,2.547553539276123,0.0006732673267326733,0.08997962330586744,
2025-09-15 04:17:40,ADAMW_lr0.01,ADAMW,2,shakespeare_char,67,val_eval,2.5499188899993896,0.0006732673267326733,0.08997962330586744,
2025-09-15 04:17:40,ADAMW_lr0.01,ADAMW,2,shakespeare_char,67,train_iter,2.535916566848755,0.0006732673267326733,0.09100385730900022,697.1218585968018
2025-09-15 04:17:41,ADAMW_lr0.01,ADAMW,2,shakespeare_char,68,train_eval,2.5527143478393555,0.0006831683168316832,0.09100385730900022,
2025-09-15 04:17:41,ADAMW_lr0.01,ADAMW,2,shakespeare_char,68,val_eval,2.5580780506134033,0.0006831683168316832,0.09100385730900022,
2025-09-15 04:17:41,ADAMW_lr0.01,ADAMW,2,shakespeare_char,68,train_iter,2.587261915206909,0.0006831683168316832,0.09185779061438268,701.8754482269287
2025-09-15 04:17:42,ADAMW_lr0.01,ADAMW,2,shakespeare_char,69,train_eval,2.549443006515503,0.0006930693069306931,0.09185779061438268,
2025-09-15 04:17:42,ADAMW_lr0.01,ADAMW,2,shakespeare_char,69,val_eval,2.552736759185791,0.0006930693069306931,0.09185779061438268,
2025-09-15 04:17:42,ADAMW_lr0.01,ADAMW,2,shakespeare_char,69,train_iter,2.595602512359619,0.0006930693069306931,0.09260066477516962,703.6898136138916
2025-09-15 04:17:42,ADAMW_lr0.01,ADAMW,2,shakespeare_char,70,train_eval,2.547072172164917,0.000702970297029703,0.09260066477516962,
2025-09-15 04:17:42,ADAMW_lr0.01,ADAMW,2,shakespeare_char,70,val_eval,2.558525323867798,0.000702970297029703,0.09260066477516962,
2025-09-15 04:17:42,ADAMW_lr0.01,ADAMW,2,shakespeare_char,70,train_iter,2.528298854827881,0.000702970297029703,0.09336106054922098,697.2424983978271
2025-09-15 04:17:43,ADAMW_lr0.01,ADAMW,2,shakespeare_char,71,train_eval,2.552128791809082,0.000712871287128713,0.09336106054922098,
2025-09-15 04:17:43,ADAMW_lr0.01,ADAMW,2,shakespeare_char,71,val_eval,2.546556234359741,0.000712871287128713,0.09336106054922098,
2025-09-15 04:17:43,ADAMW_lr0.01,ADAMW,2,shakespeare_char,71,train_iter,2.6054177284240723,0.000712871287128713,0.09409463148397443,693.8347816467285
2025-09-15 04:17:44,ADAMW_lr0.01,ADAMW,2,shakespeare_char,72,train_eval,2.5507314205169678,0.0007227722772277228,0.09409463148397443,
2025-09-15 04:17:44,ADAMW_lr0.01,ADAMW,2,shakespeare_char,72,val_eval,2.547833204269409,0.0007227722772277228,0.09409463148397443,
2025-09-15 04:17:44,ADAMW_lr0.01,ADAMW,2,shakespeare_char,72,train_iter,2.5631675720214844,0.0007227722772277228,0.09466919990439714,699.7866630554199
2025-09-15 04:17:45,ADAMW_lr0.01,ADAMW,2,shakespeare_char,73,train_eval,2.5410332679748535,0.0007326732673267327,0.09466919990439714,
2025-09-15 04:17:45,ADAMW_lr0.01,ADAMW,2,shakespeare_char,73,val_eval,2.544698715209961,0.0007326732673267327,0.09466919990439714,
2025-09-15 04:17:45,ADAMW_lr0.01,ADAMW,2,shakespeare_char,73,train_iter,2.5487172603607178,0.0007326732673267327,0.09522271132759888,697.2446441650391
2025-09-15 04:17:45,ADAMW_lr0.01,ADAMW,2,shakespeare_char,74,train_eval,2.5329902172088623,0.0007425742574257426,0.09522271132759888,
2025-09-15 04:17:45,ADAMW_lr0.01,ADAMW,2,shakespeare_char,74,val_eval,2.54071044921875,0.0007425742574257426,0.09522271132759888,
2025-09-15 04:17:46,ADAMW_lr0.01,ADAMW,2,shakespeare_char,74,train_iter,2.5331907272338867,0.0007425742574257426,0.09211782150667243,1088.7138843536377
2025-09-15 04:17:46,ADAMW_lr0.01,ADAMW,2,shakespeare_char,75,train_eval,2.5459907054901123,0.0007524752475247525,0.09211782150667243,
2025-09-15 04:17:46,ADAMW_lr0.01,ADAMW,2,shakespeare_char,75,val_eval,2.555039644241333,0.0007524752475247525,0.09211782150667243,
2025-09-15 04:17:46,ADAMW_lr0.01,ADAMW,2,shakespeare_char,75,train_iter,2.493168354034424,0.0007524752475247525,0.09267037391293695,715.5318260192871
2025-09-15 04:17:47,ADAMW_lr0.01,ADAMW,2,shakespeare_char,76,train_eval,2.5414509773254395,0.0007623762376237624,0.09267037391293695,
2025-09-15 04:17:47,ADAMW_lr0.01,ADAMW,2,shakespeare_char,76,val_eval,2.5472445487976074,0.0007623762376237624,0.09267037391293695,
2025-09-15 04:17:47,ADAMW_lr0.01,ADAMW,2,shakespeare_char,76,train_iter,2.513406991958618,0.0007623762376237624,0.09335550547653472,702.0270824432373
2025-09-15 04:17:48,ADAMW_lr0.01,ADAMW,2,shakespeare_char,77,train_eval,2.529364824295044,0.0007722772277227723,0.09335550547653472,
2025-09-15 04:17:48,ADAMW_lr0.01,ADAMW,2,shakespeare_char,77,val_eval,2.5423355102539062,0.0007722772277227723,0.09335550547653472,
2025-09-15 04:17:48,ADAMW_lr0.01,ADAMW,2,shakespeare_char,77,train_iter,2.5380752086639404,0.0007722772277227723,0.09402846287993634,698.0752944946289
2025-09-15 04:17:48,ADAMW_lr0.01,ADAMW,2,shakespeare_char,78,train_eval,2.5265843868255615,0.0007821782178217822,0.09402846287993634,
2025-09-15 04:17:48,ADAMW_lr0.01,ADAMW,2,shakespeare_char,78,val_eval,2.5425636768341064,0.0007821782178217822,0.09402846287993634,
2025-09-15 04:17:48,ADAMW_lr0.01,ADAMW,2,shakespeare_char,78,train_iter,2.550288200378418,0.0007821782178217822,0.09457961440925096,701.8980979919434
2025-09-15 04:17:49,ADAMW_lr0.01,ADAMW,2,shakespeare_char,79,train_eval,2.539045572280884,0.0007920792079207921,0.09457961440925096,
2025-09-15 04:17:49,ADAMW_lr0.01,ADAMW,2,shakespeare_char,79,val_eval,2.552532911300659,0.0007920792079207921,0.09457961440925096,
2025-09-15 04:17:49,ADAMW_lr0.01,ADAMW,2,shakespeare_char,79,train_iter,2.5507421493530273,0.0007920792079207921,0.09499833420748577,707.392692565918
2025-09-15 04:17:50,ADAMW_lr0.01,ADAMW,2,shakespeare_char,80,train_eval,2.5504684448242188,0.000801980198019802,0.09499833420748577,
2025-09-15 04:17:50,ADAMW_lr0.01,ADAMW,2,shakespeare_char,80,val_eval,2.558889389038086,0.000801980198019802,0.09499833420748577,
2025-09-15 04:17:50,ADAMW_lr0.01,ADAMW,2,shakespeare_char,80,train_iter,2.5333666801452637,0.000801980198019802,0.09559332678518986,692.1062469482422
2025-09-15 04:17:51,ADAMW_lr0.01,ADAMW,2,shakespeare_char,81,train_eval,2.546473741531372,0.000811881188118812,0.09559332678518986,
2025-09-15 04:17:51,ADAMW_lr0.01,ADAMW,2,shakespeare_char,81,val_eval,2.5455453395843506,0.000811881188118812,0.09559332678518986,
2025-09-15 04:17:51,ADAMW_lr0.01,ADAMW,2,shakespeare_char,81,train_iter,2.5430665016174316,0.000811881188118812,0.09597878345414847,702.5480270385742
2025-09-15 04:17:51,ADAMW_lr0.01,ADAMW,2,shakespeare_char,82,train_eval,2.539818048477173,0.0008217821782178219,0.09597878345414847,
2025-09-15 04:17:51,ADAMW_lr0.01,ADAMW,2,shakespeare_char,82,val_eval,2.546708822250366,0.0008217821782178219,0.09597878345414847,
2025-09-15 04:17:51,ADAMW_lr0.01,ADAMW,2,shakespeare_char,82,train_iter,2.5475387573242188,0.0008217821782178219,0.09620853465094151,710.923433303833
2025-09-15 04:17:53,ADAMW_lr0.01,ADAMW,2,shakespeare_char,83,train_eval,2.53214955329895,0.0008316831683168318,0.09620853465094151,
2025-09-15 04:17:53,ADAMW_lr0.01,ADAMW,2,shakespeare_char,83,val_eval,2.5366592407226562,0.0008316831683168318,0.09620853465094151,
2025-09-15 04:17:53,ADAMW_lr0.01,ADAMW,2,shakespeare_char,83,train_iter,2.5551109313964844,0.0008316831683168318,0.0898520623758648,2140.2807235717773
2025-09-15 04:17:54,ADAMW_lr0.01,ADAMW,2,shakespeare_char,84,train_eval,2.520118474960327,0.0008415841584158417,0.0898520623758648,
2025-09-15 04:17:54,ADAMW_lr0.01,ADAMW,2,shakespeare_char,84,val_eval,2.5289297103881836,0.0008415841584158417,0.0898520623758648,
2025-09-15 04:17:55,ADAMW_lr0.01,ADAMW,2,shakespeare_char,84,train_iter,2.550110340118408,0.0008415841584158417,0.08597110435048003,1368.7994480133057
2025-09-15 04:17:56,ADAMW_lr0.01,ADAMW,2,shakespeare_char,85,train_eval,2.5229744911193848,0.0008514851485148516,0.08597110435048003,
2025-09-15 04:17:56,ADAMW_lr0.01,ADAMW,2,shakespeare_char,85,val_eval,2.5235066413879395,0.0008514851485148516,0.08597110435048003,
2025-09-15 04:17:57,ADAMW_lr0.01,ADAMW,2,shakespeare_char,85,train_iter,2.505354642868042,0.0008514851485148516,0.08115905949079262,1845.8576202392578
2025-09-15 04:17:58,ADAMW_lr0.01,ADAMW,2,shakespeare_char,86,train_eval,2.5246667861938477,0.0008613861386138615,0.08115905949079262,
2025-09-15 04:17:58,ADAMW_lr0.01,ADAMW,2,shakespeare_char,86,val_eval,2.518897294998169,0.0008613861386138615,0.08115905949079262,
2025-09-15 04:17:58,ADAMW_lr0.01,ADAMW,2,shakespeare_char,86,train_iter,2.5357019901275635,0.0008613861386138615,0.07780547097843134,1467.0782089233398
2025-09-15 04:17:59,ADAMW_lr0.01,ADAMW,2,shakespeare_char,87,train_eval,2.521618604660034,0.0008712871287128712,0.07780547097843134,
2025-09-15 04:17:59,ADAMW_lr0.01,ADAMW,2,shakespeare_char,87,val_eval,2.522113084793091,0.0008712871287128712,0.07780547097843134,
2025-09-15 04:17:59,ADAMW_lr0.01,ADAMW,2,shakespeare_char,87,train_iter,2.501801013946533,0.0008712871287128712,0.07788584277272444,888.7882232666016
2025-09-15 04:18:00,ADAMW_lr0.01,ADAMW,2,shakespeare_char,88,train_eval,2.521545648574829,0.0008811881188118811,0.07788584277272444,
2025-09-15 04:18:00,ADAMW_lr0.01,ADAMW,2,shakespeare_char,88,val_eval,2.5197887420654297,0.0008811881188118811,0.07788584277272444,
2025-09-15 04:18:00,ADAMW_lr0.01,ADAMW,2,shakespeare_char,88,train_iter,2.508258104324341,0.0008811881188118811,0.07805284374905591,878.2122135162354
2025-09-15 04:18:01,ADAMW_lr0.01,ADAMW,2,shakespeare_char,89,train_eval,2.517366409301758,0.000891089108910891,0.07805284374905591,
2025-09-15 04:18:01,ADAMW_lr0.01,ADAMW,2,shakespeare_char,89,val_eval,2.522747278213501,0.000891089108910891,0.07805284374905591,
2025-09-15 04:18:01,ADAMW_lr0.01,ADAMW,2,shakespeare_char,89,train_iter,2.5274910926818848,0.000891089108910891,0.07832995535280166,864.4332885742188
2025-09-15 04:18:02,ADAMW_lr0.01,ADAMW,2,shakespeare_char,90,train_eval,2.5182363986968994,0.0009009900990099009,0.07832995535280166,
2025-09-15 04:18:02,ADAMW_lr0.01,ADAMW,2,shakespeare_char,90,val_eval,2.5224006175994873,0.0009009900990099009,0.07832995535280166,
2025-09-15 04:18:02,ADAMW_lr0.01,ADAMW,2,shakespeare_char,90,train_iter,2.5628862380981445,0.0009009900990099009,0.0786020255045909,862.0154857635498
2025-09-15 04:18:02,ADAMW_lr0.01,ADAMW,2,shakespeare_char,91,train_eval,2.519594192504883,0.0009108910891089108,0.0786020255045909,
2025-09-15 04:18:02,ADAMW_lr0.01,ADAMW,2,shakespeare_char,91,val_eval,2.519869804382324,0.0009108910891089108,0.0786020255045909,
2025-09-15 04:18:02,ADAMW_lr0.01,ADAMW,2,shakespeare_char,91,train_iter,2.513495445251465,0.0009108910891089108,0.07883124254780241,863.682746887207
2025-09-15 04:18:03,ADAMW_lr0.01,ADAMW,2,shakespeare_char,92,train_eval,2.5136501789093018,0.0009207920792079207,0.07883124254780241,
2025-09-15 04:18:03,ADAMW_lr0.01,ADAMW,2,shakespeare_char,92,val_eval,2.5216259956359863,0.0009207920792079207,0.07883124254780241,
2025-09-15 04:18:03,ADAMW_lr0.01,ADAMW,2,shakespeare_char,92,train_iter,2.5460147857666016,0.0009207920792079207,0.07904540819171932,862.8432750701904
2025-09-15 04:18:04,ADAMW_lr0.01,ADAMW,2,shakespeare_char,93,train_eval,2.510810613632202,0.0009306930693069307,0.07904540819171932,
2025-09-15 04:18:04,ADAMW_lr0.01,ADAMW,2,shakespeare_char,93,val_eval,2.524763822555542,0.0009306930693069307,0.07904540819171932,
2025-09-15 04:18:04,ADAMW_lr0.01,ADAMW,2,shakespeare_char,93,train_iter,2.4889979362487793,0.0009306930693069307,0.07920777563562102,866.0929203033447
2025-09-15 04:18:05,ADAMW_lr0.01,ADAMW,2,shakespeare_char,94,train_eval,2.515075922012329,0.0009405940594059406,0.07920777563562102,
2025-09-15 04:18:05,ADAMW_lr0.01,ADAMW,2,shakespeare_char,94,val_eval,2.5298333168029785,0.0009405940594059406,0.07920777563562102,
2025-09-15 04:18:05,ADAMW_lr0.01,ADAMW,2,shakespeare_char,94,train_iter,2.5719480514526367,0.0009405940594059406,0.07936794310302595,864.5884990692139
2025-09-15 04:18:06,ADAMW_lr0.01,ADAMW,2,shakespeare_char,95,train_eval,2.5129997730255127,0.0009504950495049505,0.07936794310302595,
2025-09-15 04:18:06,ADAMW_lr0.01,ADAMW,2,shakespeare_char,95,val_eval,2.51474928855896,0.0009504950495049505,0.07936794310302595,
2025-09-15 04:18:06,ADAMW_lr0.01,ADAMW,2,shakespeare_char,95,train_iter,2.5233402252197266,0.0009504950495049505,0.07647202475952387,1386.00754737854
2025-09-15 04:18:07,ADAMW_lr0.01,ADAMW,2,shakespeare_char,96,train_eval,2.516677141189575,0.0009603960396039604,0.07647202475952387,
2025-09-15 04:18:07,ADAMW_lr0.01,ADAMW,2,shakespeare_char,96,val_eval,2.518447160720825,0.0009603960396039604,0.07647202475952387,
2025-09-15 04:18:07,ADAMW_lr0.01,ADAMW,2,shakespeare_char,96,train_iter,2.5220818519592285,0.0009603960396039604,0.07699214663534361,855.4444313049316
2025-09-15 04:18:08,ADAMW_lr0.01,ADAMW,2,shakespeare_char,97,train_eval,2.5145034790039062,0.0009702970297029703,0.07699214663534361,
2025-09-15 04:18:08,ADAMW_lr0.01,ADAMW,2,shakespeare_char,97,val_eval,2.5099074840545654,0.0009702970297029703,0.07699214663534361,
2025-09-15 04:18:09,ADAMW_lr0.01,ADAMW,2,shakespeare_char,97,train_iter,2.545199394226074,0.0009702970297029703,0.07481833059899912,1264.4684314727783
2025-09-15 04:18:10,ADAMW_lr0.01,ADAMW,2,shakespeare_char,98,train_eval,2.504870891571045,0.0009801980198019802,0.07481833059899912,
2025-09-15 04:18:10,ADAMW_lr0.01,ADAMW,2,shakespeare_char,98,val_eval,2.5101616382598877,0.0009801980198019802,0.07481833059899912,
2025-09-15 04:18:10,ADAMW_lr0.01,ADAMW,2,shakespeare_char,98,train_iter,2.5790116786956787,0.0009801980198019802,0.07258325505804021,1331.6209316253662
2025-09-15 04:18:11,ADAMW_lr0.01,ADAMW,2,shakespeare_char,99,train_eval,2.5178608894348145,0.0009900990099009901,0.07258325505804021,
2025-09-15 04:18:11,ADAMW_lr0.01,ADAMW,2,shakespeare_char,99,val_eval,2.5310280323028564,0.0009900990099009901,0.07258325505804021,
2025-09-15 04:18:11,ADAMW_lr0.01,ADAMW,2,shakespeare_char,99,train_iter,2.546308994293213,0.0009900990099009901,0.07345420845262368,859.4479560852051
2025-09-15 04:18:12,ADAMW_lr0.01,ADAMW,2,shakespeare_char,100,train_eval,2.517148494720459,0.001,0.07345420845262368,
2025-09-15 04:18:12,ADAMW_lr0.01,ADAMW,2,shakespeare_char,100,val_eval,2.527982711791992,0.001,0.07345420845262368,
2025-09-15 04:19:38,ADAMW_lr0.01,ADAMW,2,shakespeare_char,100,train_iter,2.5041823387145996,0.001,0.06618906444437464,87032.47904777527
2025-09-15 04:19:38,ADAMW_lr0.01,ADAMW,2,shakespeare_char,101,train_eval,2.5026087760925293,0.000999999907510999,0.06618906444437464,
2025-09-15 04:19:38,ADAMW_lr0.01,ADAMW,2,shakespeare_char,101,val_eval,2.511420488357544,0.000999999907510999,0.06618906444437464,
2025-09-15 04:19:38,ADAMW_lr0.01,ADAMW,2,shakespeare_char,101,train_iter,2.5203263759613037,0.000999999907510999,0.06965675253690917,692.6710605621338
2025-09-15 04:19:39,ADAMW_lr0.01,ADAMW,2,shakespeare_char,102,train_eval,2.5066733360290527,0.000999999630044034,0.06965675253690917,
2025-09-15 04:19:39,ADAMW_lr0.01,ADAMW,2,shakespeare_char,102,val_eval,2.5067412853240967,0.000999999630044034,0.06965675253690917,
2025-09-15 04:19:40,ADAMW_lr0.01,ADAMW,2,shakespeare_char,102,train_iter,2.515801429748535,0.000999999630044034,0.06899874972214448,1107.649803161621
2025-09-15 04:19:40,ADAMW_lr0.01,ADAMW,2,shakespeare_char,103,train_eval,2.5053822994232178,0.0009999991675992191,0.06899874972214448,
2025-09-15 04:19:40,ADAMW_lr0.01,ADAMW,2,shakespeare_char,103,val_eval,2.5148773193359375,0.0009999991675992191,0.06899874972214448,
2025-09-15 04:19:40,ADAMW_lr0.01,ADAMW,2,shakespeare_char,103,train_iter,2.4907360076904297,0.0009999991675992191,0.07166683885614827,730.2172183990479
2025-09-15 04:19:41,ADAMW_lr0.01,ADAMW,2,shakespeare_char,104,train_eval,2.5163347721099854,0.0009999985201767443,0.07166683885614827,
2025-09-15 04:19:41,ADAMW_lr0.01,ADAMW,2,shakespeare_char,104,val_eval,2.5382745265960693,0.0009999985201767443,0.07166683885614827,
2025-09-15 04:19:41,ADAMW_lr0.01,ADAMW,2,shakespeare_char,104,train_iter,2.5109002590179443,0.0009999985201767443,0.07465782554237547,687.8242492675781
2025-09-15 04:19:42,ADAMW_lr0.01,ADAMW,2,shakespeare_char,105,train_eval,2.5222291946411133,0.000999997687776876,0.07465782554237547,
2025-09-15 04:19:42,ADAMW_lr0.01,ADAMW,2,shakespeare_char,105,val_eval,2.5545852184295654,0.000999997687776876,0.07465782554237547,
2025-09-15 04:19:42,ADAMW_lr0.01,ADAMW,2,shakespeare_char,105,train_iter,2.5051820278167725,0.000999997687776876,0.07736193882284634,686.9974136352539
2025-09-15 04:19:42,ADAMW_lr0.01,ADAMW,2,shakespeare_char,106,train_eval,2.506096124649048,0.0009999966703999558,0.07736193882284634,
2025-09-15 04:19:42,ADAMW_lr0.01,ADAMW,2,shakespeare_char,106,val_eval,2.525259494781494,0.0009999966703999558,0.07736193882284634,
2025-09-15 04:19:42,ADAMW_lr0.01,ADAMW,2,shakespeare_char,106,train_iter,2.497197389602661,0.0009999966703999558,0.07979688680788644,686.913251876831
2025-09-15 04:19:43,ADAMW_lr0.01,ADAMW,2,shakespeare_char,107,train_eval,2.5098485946655273,0.0009999954680464025,0.07979688680788644,
2025-09-15 04:19:43,ADAMW_lr0.01,ADAMW,2,shakespeare_char,107,val_eval,2.5236878395080566,0.0009999954680464025,0.07979688680788644,
2025-09-15 04:19:43,ADAMW_lr0.01,ADAMW,2,shakespeare_char,107,train_iter,2.5163047313690186,0.0009999954680464025,0.0818536084189713,696.1345672607422
2025-09-15 04:19:44,ADAMW_lr0.01,ADAMW,2,shakespeare_char,108,train_eval,2.5103559494018555,0.00099999408071671,0.0818536084189713,
2025-09-15 04:19:44,ADAMW_lr0.01,ADAMW,2,shakespeare_char,108,val_eval,2.520183801651001,0.00099999408071671,0.0818536084189713,
2025-09-15 04:19:44,ADAMW_lr0.01,ADAMW,2,shakespeare_char,108,train_iter,2.522561550140381,0.00099999408071671,0.08386023950892108,685.5080127716064
2025-09-15 04:19:44,ADAMW_lr0.01,ADAMW,2,shakespeare_char,109,train_eval,2.502225399017334,0.0009999925084114485,0.08386023950892108,
2025-09-15 04:19:44,ADAMW_lr0.01,ADAMW,2,shakespeare_char,109,val_eval,2.5143849849700928,0.0009999925084114485,0.08386023950892108,
2025-09-15 04:19:44,ADAMW_lr0.01,ADAMW,2,shakespeare_char,109,train_iter,2.492504596710205,0.0009999925084114485,0.08564025168905517,687.258243560791
2025-09-15 04:19:45,ADAMW_lr0.01,ADAMW,2,shakespeare_char,110,train_eval,2.52416729927063,0.0009999907511312647,0.08564025168905517,
2025-09-15 04:19:45,ADAMW_lr0.01,ADAMW,2,shakespeare_char,110,val_eval,2.5497875213623047,0.0009999907511312647,0.08564025168905517,
2025-09-15 04:19:45,ADAMW_lr0.01,ADAMW,2,shakespeare_char,110,train_iter,2.545809268951416,0.0009999907511312647,0.08721429878124455,689.1539096832275
2025-09-15 04:19:46,ADAMW_lr0.01,ADAMW,2,shakespeare_char,111,train_eval,2.5090413093566895,0.0009999888088768807,0.08721429878124455,
2025-09-15 04:19:46,ADAMW_lr0.01,ADAMW,2,shakespeare_char,111,val_eval,2.520543098449707,0.0009999888088768807,0.08721429878124455,
2025-09-15 04:19:46,ADAMW_lr0.01,ADAMW,2,shakespeare_char,111,train_iter,2.5119898319244385,0.0009999888088768807,0.08849770014003114,698.3318328857422
2025-09-15 04:19:47,ADAMW_lr0.01,ADAMW,2,shakespeare_char,112,train_eval,2.514465570449829,0.000999986681649095,0.08849770014003114,
2025-09-15 04:19:47,ADAMW_lr0.01,ADAMW,2,shakespeare_char,112,val_eval,2.515444755554199,0.000999986681649095,0.08849770014003114,
2025-09-15 04:19:47,ADAMW_lr0.01,ADAMW,2,shakespeare_char,112,train_iter,2.5270886421203613,0.000999986681649095,0.0897073581034681,694.5416927337646
2025-09-15 04:19:47,ADAMW_lr0.01,ADAMW,2,shakespeare_char,113,train_eval,2.5038909912109375,0.0009999843694487819,0.0897073581034681,
2025-09-15 04:19:47,ADAMW_lr0.01,ADAMW,2,shakespeare_char,113,val_eval,2.506410837173462,0.0009999843694487819,0.0897073581034681,
2025-09-15 04:19:48,ADAMW_lr0.01,ADAMW,2,shakespeare_char,113,train_iter,2.5361204147338867,0.0009999843694487819,0.08719968696062286,1081.0184478759766
2025-09-15 04:19:48,ADAMW_lr0.01,ADAMW,2,shakespeare_char,114,train_eval,2.5032706260681152,0.000999981872276892,0.08719968696062286,
2025-09-15 04:19:48,ADAMW_lr0.01,ADAMW,2,shakespeare_char,114,val_eval,2.505587577819824,0.000999981872276892,0.08719968696062286,
2025-09-15 04:19:49,ADAMW_lr0.01,ADAMW,2,shakespeare_char,114,train_iter,2.547515869140625,0.000999981872276892,0.08528485270778327,1026.679515838623
2025-09-15 04:19:49,ADAMW_lr0.01,ADAMW,2,shakespeare_char,115,train_eval,2.4983129501342773,0.0009999791901344516,0.08528485270778327,
2025-09-15 04:19:49,ADAMW_lr0.01,ADAMW,2,shakespeare_char,115,val_eval,2.509016990661621,0.0009999791901344516,0.08528485270778327,
2025-09-15 04:19:49,ADAMW_lr0.01,ADAMW,2,shakespeare_char,115,train_iter,2.5014657974243164,0.0009999791901344516,0.08605103180631747,751.6884803771973
2025-09-15 04:19:50,ADAMW_lr0.01,ADAMW,2,shakespeare_char,116,train_eval,2.4964261054992676,0.0009999763230225634,0.08605103180631747,
2025-09-15 04:19:50,ADAMW_lr0.01,ADAMW,2,shakespeare_char,116,val_eval,2.5172367095947266,0.0009999763230225634,0.08605103180631747,
2025-09-15 04:19:50,ADAMW_lr0.01,ADAMW,2,shakespeare_char,116,train_iter,2.5549654960632324,0.0009999763230225634,0.08761742353225616,686.8894100189209
2025-09-15 04:19:51,ADAMW_lr0.01,ADAMW,2,shakespeare_char,117,train_eval,2.5071306228637695,0.0009999732709424058,0.08761742353225616,
2025-09-15 04:19:51,ADAMW_lr0.01,ADAMW,2,shakespeare_char,117,val_eval,2.5237410068511963,0.0009999732709424058,0.08761742353225616,
2025-09-15 04:19:51,ADAMW_lr0.01,ADAMW,2,shakespeare_char,117,train_iter,2.493300437927246,0.0009999732709424058,0.08905464687420436,685.0392818450928
2025-09-15 04:19:51,ADAMW_lr0.01,ADAMW,2,shakespeare_char,118,train_eval,2.503204345703125,0.0009999700338952336,0.08905464687420436,
2025-09-15 04:19:51,ADAMW_lr0.01,ADAMW,2,shakespeare_char,118,val_eval,2.5177817344665527,0.0009999700338952336,0.08905464687420436,
2025-09-15 04:19:51,ADAMW_lr0.01,ADAMW,2,shakespeare_char,118,train_iter,2.4964139461517334,0.0009999700338952336,0.09035906751500689,684.3066215515137
2025-09-15 04:19:52,ADAMW_lr0.01,ADAMW,2,shakespeare_char,119,train_eval,2.496537208557129,0.0009999666118823774,0.09035906751500689,
2025-09-15 04:19:52,ADAMW_lr0.01,ADAMW,2,shakespeare_char,119,val_eval,2.5092670917510986,0.0009999666118823774,0.09035906751500689,
2025-09-15 04:19:52,ADAMW_lr0.01,ADAMW,2,shakespeare_char,119,train_iter,2.4975745677948,0.0009999666118823774,0.09151104951777057,685.784101486206
2025-09-15 04:19:53,ADAMW_lr0.01,ADAMW,2,shakespeare_char,120,train_eval,2.499677896499634,0.0009999630049052437,0.09151104951777057,
2025-09-15 04:19:53,ADAMW_lr0.01,ADAMW,2,shakespeare_char,120,val_eval,2.520407199859619,0.0009999630049052437,0.09151104951777057,
2025-09-15 04:19:53,ADAMW_lr0.01,ADAMW,2,shakespeare_char,120,train_iter,2.5059711933135986,0.0009999630049052437,0.0923521363804253,699.2151737213135
2025-09-15 04:19:54,ADAMW_lr0.01,ADAMW,2,shakespeare_char,121,train_eval,2.5051398277282715,0.0009999592129653152,0.0923521363804253,
2025-09-15 04:19:54,ADAMW_lr0.01,ADAMW,2,shakespeare_char,121,val_eval,2.5261390209198,0.0009999592129653152,0.0923521363804253,
2025-09-15 04:19:54,ADAMW_lr0.01,ADAMW,2,shakespeare_char,121,train_iter,2.505767345428467,0.0009999592129653152,0.09320006746728667,692.9080486297607
2025-09-15 04:19:54,ADAMW_lr0.01,ADAMW,2,shakespeare_char,122,train_eval,2.4953856468200684,0.0009999552360641507,0.09320006746728667,
2025-09-15 04:19:54,ADAMW_lr0.01,ADAMW,2,shakespeare_char,122,val_eval,2.5204508304595947,0.0009999552360641507,0.09320006746728667,
2025-09-15 04:19:54,ADAMW_lr0.01,ADAMW,2,shakespeare_char,122,train_iter,2.559781551361084,0.0009999552360641507,0.09397987242648656,691.7645931243896
2025-09-15 04:19:55,ADAMW_lr0.01,ADAMW,2,shakespeare_char,123,train_eval,2.4913930892944336,0.000999951074203385,0.09397987242648656,
2025-09-15 04:19:55,ADAMW_lr0.01,ADAMW,2,shakespeare_char,123,val_eval,2.5059876441955566,0.000999951074203385,0.09397987242648656,
2025-09-15 04:19:55,ADAMW_lr0.01,ADAMW,2,shakespeare_char,123,train_iter,2.5443227291107178,0.000999951074203385,0.09477188889419653,685.6417655944824
2025-09-15 04:19:56,ADAMW_lr0.01,ADAMW,2,shakespeare_char,124,train_eval,2.4990203380584717,0.0009999467273847289,0.09477188889419653,
2025-09-15 04:19:56,ADAMW_lr0.01,ADAMW,2,shakespeare_char,124,val_eval,2.5087757110595703,0.0009999467273847289,0.09477188889419653,
2025-09-15 04:19:56,ADAMW_lr0.01,ADAMW,2,shakespeare_char,124,train_iter,2.508531332015991,0.0009999467273847289,0.09533048129878176,696.1781978607178
2025-09-15 04:19:56,ADAMW_lr0.01,ADAMW,2,shakespeare_char,125,train_eval,2.5004773139953613,0.000999942195609969,0.09533048129878176,
2025-09-15 04:19:56,ADAMW_lr0.01,ADAMW,2,shakespeare_char,125,val_eval,2.506605386734009,0.000999942195609969,0.09533048129878176,
2025-09-15 04:19:56,ADAMW_lr0.01,ADAMW,2,shakespeare_char,125,train_iter,2.496786594390869,0.000999942195609969,0.09594454842567345,688.5397434234619
2025-09-15 04:19:57,ADAMW_lr0.01,ADAMW,2,shakespeare_char,126,train_eval,2.492082118988037,0.0009999374788809685,0.09594454842567345,
2025-09-15 04:19:57,ADAMW_lr0.01,ADAMW,2,shakespeare_char,126,val_eval,2.505833387374878,0.0009999374788809685,0.09594454842567345,
2025-09-15 04:19:57,ADAMW_lr0.01,ADAMW,2,shakespeare_char,126,train_iter,2.543001174926758,0.0009999374788809685,0.09647775270314277,689.8624897003174
2025-09-15 04:19:58,ADAMW_lr0.01,ADAMW,2,shakespeare_char,127,train_eval,2.490093469619751,0.0009999325771996657,0.09647775270314277,
2025-09-15 04:19:58,ADAMW_lr0.01,ADAMW,2,shakespeare_char,127,val_eval,2.513432264328003,0.0009999325771996657,0.09647775270314277,
2025-09-15 04:19:58,ADAMW_lr0.01,ADAMW,2,shakespeare_char,127,train_iter,2.4805564880371094,0.0009999325771996657,0.09690202867044727,693.6712265014648
2025-09-15 04:19:58,ADAMW_lr0.01,ADAMW,2,shakespeare_char,128,train_eval,2.495800495147705,0.0009999274905680762,0.09690202867044727,
2025-09-15 04:19:58,ADAMW_lr0.01,ADAMW,2,shakespeare_char,128,val_eval,2.5168988704681396,0.0009999274905680762,0.09690202867044727,
2025-09-15 04:19:58,ADAMW_lr0.01,ADAMW,2,shakespeare_char,128,train_iter,2.5182690620422363,0.0009999274905680762,0.09739225015355353,686.2869262695312
2025-09-15 04:19:59,ADAMW_lr0.01,ADAMW,2,shakespeare_char,129,train_eval,2.492469549179077,0.0009999222189882903,0.09739225015355353,
2025-09-15 04:19:59,ADAMW_lr0.01,ADAMW,2,shakespeare_char,129,val_eval,2.502124547958374,0.0009999222189882903,0.09739225015355353,
2025-09-15 04:19:59,ADAMW_lr0.01,ADAMW,2,shakespeare_char,129,train_iter,2.466383934020996,0.0009999222189882903,0.09426421055922976,1056.7986965179443
2025-09-15 04:20:00,ADAMW_lr0.01,ADAMW,2,shakespeare_char,130,train_eval,2.4940171241760254,0.0009999167624624755,0.09426421055922976,
2025-09-15 04:20:00,ADAMW_lr0.01,ADAMW,2,shakespeare_char,130,val_eval,2.4927759170532227,0.0009999167624624755,0.09426421055922976,
2025-09-15 04:20:01,ADAMW_lr0.01,ADAMW,2,shakespeare_char,130,train_iter,2.4871978759765625,0.0009999167624624755,0.0911239034973799,1111.4485263824463
2025-09-15 04:20:01,ADAMW_lr0.01,ADAMW,2,shakespeare_char,131,train_eval,2.492990732192993,0.0009999111209928744,0.0911239034973799,
2025-09-15 04:20:01,ADAMW_lr0.01,ADAMW,2,shakespeare_char,131,val_eval,2.50344181060791,0.0009999111209928744,0.0911239034973799,
2025-09-15 04:20:01,ADAMW_lr0.01,ADAMW,2,shakespeare_char,131,train_iter,2.4525506496429443,0.0009999111209928744,0.09125914462542395,755.5115222930908
2025-09-15 04:20:02,ADAMW_lr0.01,ADAMW,2,shakespeare_char,132,train_eval,2.498843193054199,0.000999905294581806,0.09125914462542395,
2025-09-15 04:20:02,ADAMW_lr0.01,ADAMW,2,shakespeare_char,132,val_eval,2.512011766433716,0.000999905294581806,0.09125914462542395,
2025-09-15 04:20:02,ADAMW_lr0.01,ADAMW,2,shakespeare_char,132,train_iter,2.508272647857666,0.000999905294581806,0.09212314993149458,699.3741989135742
2025-09-15 04:20:03,ADAMW_lr0.01,ADAMW,2,shakespeare_char,133,train_eval,2.4864864349365234,0.0009998992832316654,0.09212314993149458,
2025-09-15 04:20:03,ADAMW_lr0.01,ADAMW,2,shakespeare_char,133,val_eval,2.4994707107543945,0.0009998992832316654,0.09212314993149458,
2025-09-15 04:20:03,ADAMW_lr0.01,ADAMW,2,shakespeare_char,133,train_iter,2.503014087677002,0.0009998992832316654,0.0929393180642981,696.6848373413086
2025-09-15 04:20:03,ADAMW_lr0.01,ADAMW,2,shakespeare_char,134,train_eval,2.4969284534454346,0.0009998930869449237,0.0929393180642981,
2025-09-15 04:20:03,ADAMW_lr0.01,ADAMW,2,shakespeare_char,134,val_eval,2.498319387435913,0.0009998930869449237,0.0929393180642981,
2025-09-15 04:20:03,ADAMW_lr0.01,ADAMW,2,shakespeare_char,134,train_iter,2.5289368629455566,0.0009998930869449237,0.09371391113711092,693.9141750335693
2025-09-15 04:20:04,ADAMW_lr0.01,ADAMW,2,shakespeare_char,135,train_eval,2.4949958324432373,0.000999886705724128,0.09371391113711092,
2025-09-15 04:20:04,ADAMW_lr0.01,ADAMW,2,shakespeare_char,135,val_eval,2.5086288452148438,0.000999886705724128,0.09371391113711092,
2025-09-15 04:20:04,ADAMW_lr0.01,ADAMW,2,shakespeare_char,135,train_iter,2.4746742248535156,0.000999886705724128,0.09441744885439944,693.4731006622314
2025-09-15 04:20:05,ADAMW_lr0.01,ADAMW,2,shakespeare_char,136,train_eval,2.4952826499938965,0.0009998801395719012,0.09441744885439944,
2025-09-15 04:20:05,ADAMW_lr0.01,ADAMW,2,shakespeare_char,136,val_eval,2.5080502033233643,0.0009998801395719012,0.09441744885439944,
2025-09-15 04:20:05,ADAMW_lr0.01,ADAMW,2,shakespeare_char,136,train_iter,2.49122953414917,0.0009998801395719012,0.09507159071398084,692.0335292816162
2025-09-15 04:20:05,ADAMW_lr0.01,ADAMW,2,shakespeare_char,137,train_eval,2.4792532920837402,0.0009998733884909424,0.09507159071398084,
2025-09-15 04:20:05,ADAMW_lr0.01,ADAMW,2,shakespeare_char,137,val_eval,2.503504753112793,0.0009998733884909424,0.09507159071398084,
2025-09-15 04:20:05,ADAMW_lr0.01,ADAMW,2,shakespeare_char,137,train_iter,2.4634342193603516,0.0009998733884909424,0.09563624055871041,693.687915802002
2025-09-15 04:20:06,ADAMW_lr0.01,ADAMW,2,shakespeare_char,138,train_eval,2.4872324466705322,0.0009998664524840269,0.09563624055871041,
2025-09-15 04:20:06,ADAMW_lr0.01,ADAMW,2,shakespeare_char,138,val_eval,2.5128326416015625,0.0009998664524840269,0.09563624055871041,
2025-09-15 04:20:06,ADAMW_lr0.01,ADAMW,2,shakespeare_char,138,train_iter,2.5001912117004395,0.0009998664524840269,0.09620573880208083,689.490556716919
2025-09-15 04:20:07,ADAMW_lr0.01,ADAMW,2,shakespeare_char,139,train_eval,2.4916770458221436,0.0009998593315540057,0.09620573880208083,
2025-09-15 04:20:07,ADAMW_lr0.01,ADAMW,2,shakespeare_char,139,val_eval,2.5205044746398926,0.0009998593315540057,0.09620573880208083,
2025-09-15 04:20:07,ADAMW_lr0.01,ADAMW,2,shakespeare_char,139,train_iter,2.518183946609497,0.0009998593315540057,0.09659273977049619,698.1403827667236
2025-09-15 04:20:08,ADAMW_lr0.01,ADAMW,2,shakespeare_char,140,train_eval,2.4923088550567627,0.000999852025703806,0.09659273977049619,
2025-09-15 04:20:08,ADAMW_lr0.01,ADAMW,2,shakespeare_char,140,val_eval,2.523590326309204,0.000999852025703806,0.09659273977049619,
2025-09-15 04:20:08,ADAMW_lr0.01,ADAMW,2,shakespeare_char,140,train_iter,2.4789626598358154,0.000999852025703806,0.09698605773547678,695.0139999389648
2025-09-15 04:20:08,ADAMW_lr0.01,ADAMW,2,shakespeare_char,141,train_eval,2.4825010299682617,0.0009998445349364308,0.09698605773547678,
2025-09-15 04:20:08,ADAMW_lr0.01,ADAMW,2,shakespeare_char,141,val_eval,2.513082504272461,0.0009998445349364308,0.09698605773547678,
2025-09-15 04:20:08,ADAMW_lr0.01,ADAMW,2,shakespeare_char,141,train_iter,2.4688844680786133,0.0009998445349364308,0.09734978832973074,694.3409442901611
2025-09-15 04:20:09,ADAMW_lr0.01,ADAMW,2,shakespeare_char,142,train_eval,2.481276273727417,0.0009998368592549595,0.09734978832973074,
2025-09-15 04:20:09,ADAMW_lr0.01,ADAMW,2,shakespeare_char,142,val_eval,2.4998209476470947,0.0009998368592549595,0.09734978832973074,
2025-09-15 04:20:09,ADAMW_lr0.01,ADAMW,2,shakespeare_char,142,train_iter,2.457939624786377,0.0009998368592549595,0.09769829770879916,692.8844451904297
2025-09-15 04:20:10,ADAMW_lr0.01,ADAMW,2,shakespeare_char,143,train_eval,2.476846218109131,0.000999828998662547,0.09769829770879916,
2025-09-15 04:20:10,ADAMW_lr0.01,ADAMW,2,shakespeare_char,143,val_eval,2.4883763790130615,0.000999828998662547,0.09769829770879916,
2025-09-15 04:20:10,ADAMW_lr0.01,ADAMW,2,shakespeare_char,143,train_iter,2.528296709060669,0.000999828998662547,0.09519966084858439,960.8728885650635
2025-09-15 04:20:11,ADAMW_lr0.01,ADAMW,2,shakespeare_char,144,train_eval,2.4836885929107666,0.000999820953162425,0.09519966084858439,
2025-09-15 04:20:11,ADAMW_lr0.01,ADAMW,2,shakespeare_char,144,val_eval,2.4901130199432373,0.000999820953162425,0.09519966084858439,
2025-09-15 04:20:11,ADAMW_lr0.01,ADAMW,2,shakespeare_char,144,train_iter,2.4719486236572266,0.000999820953162425,0.09492161282936867,755.9785842895508
2025-09-15 04:20:11,ADAMW_lr0.01,ADAMW,2,shakespeare_char,145,train_eval,2.4876065254211426,0.0009998127227579003,0.09492161282936867,
2025-09-15 04:20:11,ADAMW_lr0.01,ADAMW,2,shakespeare_char,145,val_eval,2.4912912845611572,0.0009998127227579003,0.09492161282936867,
2025-09-15 04:20:11,ADAMW_lr0.01,ADAMW,2,shakespeare_char,145,train_iter,2.468764066696167,0.0009998127227579003,0.09562436164967131,685.3117942810059
2025-09-15 04:20:12,ADAMW_lr0.01,ADAMW,2,shakespeare_char,146,train_eval,2.477607488632202,0.000999804307452356,0.09562436164967131,
2025-09-15 04:20:12,ADAMW_lr0.01,ADAMW,2,shakespeare_char,146,val_eval,2.4814093112945557,0.000999804307452356,0.09562436164967131,
2025-09-15 04:20:12,ADAMW_lr0.01,ADAMW,2,shakespeare_char,146,train_iter,2.4847161769866943,0.000999804307452356,0.09321190281070647,977.1628379821777
2025-09-15 04:20:13,ADAMW_lr0.01,ADAMW,2,shakespeare_char,147,train_eval,2.479445695877075,0.0009997957072492515,0.09321190281070647,
2025-09-15 04:20:13,ADAMW_lr0.01,ADAMW,2,shakespeare_char,147,val_eval,2.486407995223999,0.0009997957072492515,0.09321190281070647,
2025-09-15 04:20:13,ADAMW_lr0.01,ADAMW,2,shakespeare_char,147,train_iter,2.4838786125183105,0.0009997957072492515,0.0930947179664908,759.0925693511963
2025-09-15 04:20:14,ADAMW_lr0.01,ADAMW,2,shakespeare_char,148,train_eval,2.4833216667175293,0.0009997869221521221,0.0930947179664908,
2025-09-15 04:20:14,ADAMW_lr0.01,ADAMW,2,shakespeare_char,148,val_eval,2.4972352981567383,0.0009997869221521221,0.0930947179664908,
2025-09-15 04:20:14,ADAMW_lr0.01,ADAMW,2,shakespeare_char,148,train_iter,2.4683711528778076,0.0009997869221521221,0.0939891872959168,684.7052574157715
2025-09-15 04:20:14,ADAMW_lr0.01,ADAMW,2,shakespeare_char,149,train_eval,2.494039535522461,0.0009997779521645793,0.0939891872959168,
2025-09-15 04:20:14,ADAMW_lr0.01,ADAMW,2,shakespeare_char,149,val_eval,2.5143356323242188,0.0009997779521645793,0.0939891872959168,
2025-09-15 04:20:14,ADAMW_lr0.01,ADAMW,2,shakespeare_char,149,train_iter,2.499356985092163,0.0009997779521645793,0.09476453215008059,686.7024898529053
2025-09-15 04:20:15,ADAMW_lr0.01,ADAMW,2,shakespeare_char,150,train_eval,2.488046646118164,0.0009997687972903096,0.09476453215008059,
2025-09-15 04:20:15,ADAMW_lr0.01,ADAMW,2,shakespeare_char,150,val_eval,2.5177719593048096,0.0009997687972903096,0.09476453215008059,
2025-09-15 04:20:15,ADAMW_lr0.01,ADAMW,2,shakespeare_char,150,train_iter,2.49949312210083,0.0009997687972903096,0.09529865537070843,697.9310512542725
2025-09-15 04:20:16,ADAMW_lr0.01,ADAMW,2,shakespeare_char,151,train_eval,2.4918930530548096,0.0009997594575330766,0.09529865537070843,
2025-09-15 04:20:16,ADAMW_lr0.01,ADAMW,2,shakespeare_char,151,val_eval,2.5208308696746826,0.0009997594575330766,0.09529865537070843,
2025-09-15 04:20:16,ADAMW_lr0.01,ADAMW,2,shakespeare_char,151,train_iter,2.4811465740203857,0.0009997594575330766,0.09597892061565419,684.2901706695557
2025-09-15 04:20:16,ADAMW_lr0.01,ADAMW,2,shakespeare_char,152,train_eval,2.473783016204834,0.0009997499328967194,0.09597892061565419,
2025-09-15 04:20:16,ADAMW_lr0.01,ADAMW,2,shakespeare_char,152,val_eval,2.5044240951538086,0.0009997499328967194,0.09597892061565419,
2025-09-15 04:20:17,ADAMW_lr0.01,ADAMW,2,shakespeare_char,152,train_iter,2.4759135246276855,0.0009997499328967194,0.09656332417117272,686.1608028411865
2025-09-15 04:20:17,ADAMW_lr0.01,ADAMW,2,shakespeare_char,153,train_eval,2.4808967113494873,0.0009997402233851535,0.09656332417117272,
2025-09-15 04:20:17,ADAMW_lr0.01,ADAMW,2,shakespeare_char,153,val_eval,2.508200168609619,0.0009997402233851535,0.09656332417117272,
2025-09-15 04:20:17,ADAMW_lr0.01,ADAMW,2,shakespeare_char,153,train_iter,2.4989736080169678,0.0009997402233851535,0.09691723991027579,697.9539394378662
2025-09-15 04:20:18,ADAMW_lr0.01,ADAMW,2,shakespeare_char,154,train_eval,2.4950366020202637,0.00099973032900237,0.09691723991027579,
2025-09-15 04:20:18,ADAMW_lr0.01,ADAMW,2,shakespeare_char,154,val_eval,2.524359941482544,0.00099973032900237,0.09691723991027579,
2025-09-15 04:20:18,ADAMW_lr0.01,ADAMW,2,shakespeare_char,154,train_iter,2.487802028656006,0.00099973032900237,0.09724198452607086,697.5204944610596
2025-09-15 04:20:19,ADAMW_lr0.01,ADAMW,2,shakespeare_char,155,train_eval,2.482543468475342,0.000999720249752436,0.09724198452607086,
2025-09-15 04:20:19,ADAMW_lr0.01,ADAMW,2,shakespeare_char,155,val_eval,2.505544662475586,0.000999720249752436,0.09724198452607086,
2025-09-15 04:20:19,ADAMW_lr0.01,ADAMW,2,shakespeare_char,155,train_iter,2.490246534347534,0.000999720249752436,0.09756088649148051,695.6708431243896
2025-09-15 04:20:19,ADAMW_lr0.01,ADAMW,2,shakespeare_char,156,train_eval,2.471189260482788,0.0009997099856394946,0.09756088649148051,
2025-09-15 04:20:19,ADAMW_lr0.01,ADAMW,2,shakespeare_char,156,val_eval,2.485576868057251,0.0009997099856394946,0.09756088649148051,
2025-09-15 04:20:19,ADAMW_lr0.01,ADAMW,2,shakespeare_char,156,train_iter,2.47218918800354,0.0009997099856394946,0.09795317464226577,688.4541511535645
2025-09-15 04:20:20,ADAMW_lr0.01,ADAMW,2,shakespeare_char,157,train_eval,2.4758310317993164,0.0009996995366677653,0.09795317464226577,
2025-09-15 04:20:20,ADAMW_lr0.01,ADAMW,2,shakespeare_char,157,val_eval,2.4836716651916504,0.0009996995366677653,0.09795317464226577,
2025-09-15 04:20:20,ADAMW_lr0.01,ADAMW,2,shakespeare_char,157,train_iter,2.4942352771759033,0.0009996995366677653,0.09816821133880037,697.9465484619141
2025-09-15 04:20:21,ADAMW_lr0.01,ADAMW,2,shakespeare_char,158,train_eval,2.484614610671997,0.000999688902841543,0.09816821133880037,
2025-09-15 04:20:21,ADAMW_lr0.01,ADAMW,2,shakespeare_char,158,val_eval,2.481966257095337,0.000999688902841543,0.09816821133880037,
2025-09-15 04:20:21,ADAMW_lr0.01,ADAMW,2,shakespeare_char,158,train_iter,2.486713409423828,0.000999688902841543,0.09847833184506807,689.9113655090332
2025-09-15 04:20:21,ADAMW_lr0.01,ADAMW,2,shakespeare_char,159,train_eval,2.4768645763397217,0.000999678084165199,0.09847833184506807,
2025-09-15 04:20:21,ADAMW_lr0.01,ADAMW,2,shakespeare_char,159,val_eval,2.487006187438965,0.000999678084165199,0.09847833184506807,
2025-09-15 04:20:21,ADAMW_lr0.01,ADAMW,2,shakespeare_char,159,train_iter,2.49283504486084,0.000999678084165199,0.09877745932080347,688.5502338409424
2025-09-15 04:20:22,ADAMW_lr0.01,ADAMW,2,shakespeare_char,160,train_eval,2.477635383605957,0.0009996670806431804,0.09877745932080347,
2025-09-15 04:20:22,ADAMW_lr0.01,ADAMW,2,shakespeare_char,160,val_eval,2.4952309131622314,0.0009996670806431804,0.09877745932080347,
2025-09-15 04:20:22,ADAMW_lr0.01,ADAMW,2,shakespeare_char,160,train_iter,2.5308375358581543,0.0009996670806431804,0.09904787932395626,688.4684562683105
2025-09-15 04:20:23,ADAMW_lr0.01,ADAMW,2,shakespeare_char,161,train_eval,2.4819772243499756,0.0009996558922800104,0.09904787932395626,
2025-09-15 04:20:23,ADAMW_lr0.01,ADAMW,2,shakespeare_char,161,val_eval,2.5097663402557373,0.0009996558922800104,0.09904787932395626,
2025-09-15 04:20:23,ADAMW_lr0.01,ADAMW,2,shakespeare_char,161,train_iter,2.4765613079071045,0.0009996558922800104,0.09930254034167267,687.7038478851318
2025-09-15 04:20:23,ADAMW_lr0.01,ADAMW,2,shakespeare_char,162,train_eval,2.4774909019470215,0.0009996445190802881,0.09930254034167267,
2025-09-15 04:20:23,ADAMW_lr0.01,ADAMW,2,shakespeare_char,162,val_eval,2.4962525367736816,0.0009996445190802881,0.09930254034167267,
2025-09-15 04:20:23,ADAMW_lr0.01,ADAMW,2,shakespeare_char,162,train_iter,2.4943127632141113,0.0009996445190802881,0.09955624860326959,686.0485076904297
2025-09-15 04:20:24,ADAMW_lr0.01,ADAMW,2,shakespeare_char,163,train_eval,2.4726767539978027,0.0009996329610486886,0.09955624860326959,
2025-09-15 04:20:24,ADAMW_lr0.01,ADAMW,2,shakespeare_char,163,val_eval,2.4827911853790283,0.0009996329610486886,0.09955624860326959,
2025-09-15 04:20:24,ADAMW_lr0.01,ADAMW,2,shakespeare_char,163,train_iter,2.525686264038086,0.0009996329610486886,0.09967751346475898,693.33815574646
2025-09-15 04:20:25,ADAMW_lr0.01,ADAMW,2,shakespeare_char,164,train_eval,2.4723188877105713,0.0009996212181899629,0.09967751346475898,
2025-09-15 04:20:25,ADAMW_lr0.01,ADAMW,2,shakespeare_char,164,val_eval,2.480778455734253,0.0009996212181899629,0.09967751346475898,
2025-09-15 04:20:25,ADAMW_lr0.01,ADAMW,2,shakespeare_char,164,train_iter,2.473013401031494,0.0009996212181899629,0.0961681419491981,1081.8026065826416
2025-09-15 04:20:26,ADAMW_lr0.01,ADAMW,2,shakespeare_char,165,train_eval,2.47574520111084,0.000999609290508938,0.0961681419491981,
2025-09-15 04:20:26,ADAMW_lr0.01,ADAMW,2,shakespeare_char,165,val_eval,2.481275796890259,0.000999609290508938,0.0961681419491981,
2025-09-15 04:20:26,ADAMW_lr0.01,ADAMW,2,shakespeare_char,165,train_iter,2.498331308364868,0.000999609290508938,0.09647975559715581,703.7057876586914
2025-09-15 04:20:27,ADAMW_lr0.01,ADAMW,2,shakespeare_char,166,train_eval,2.4792470932006836,0.000999597178010517,0.09647975559715581,
2025-09-15 04:20:27,ADAMW_lr0.01,ADAMW,2,shakespeare_char,166,val_eval,2.483428716659546,0.000999597178010517,0.09647975559715581,
2025-09-15 04:20:27,ADAMW_lr0.01,ADAMW,2,shakespeare_char,166,train_iter,2.5104846954345703,0.000999597178010517,0.09699973154178501,687.1287822723389
2025-09-15 04:20:27,ADAMW_lr0.01,ADAMW,2,shakespeare_char,167,train_eval,2.481651544570923,0.000999584880699679,0.09699973154178501,
2025-09-15 04:20:27,ADAMW_lr0.01,ADAMW,2,shakespeare_char,167,val_eval,2.498501777648926,0.000999584880699679,0.09699973154178501,
2025-09-15 04:20:27,ADAMW_lr0.01,ADAMW,2,shakespeare_char,167,train_iter,2.4535281658172607,0.000999584880699679,0.09734051194673982,695.8334445953369
2025-09-15 04:20:28,ADAMW_lr0.01,ADAMW,2,shakespeare_char,168,train_eval,2.4802541732788086,0.0009995723985814788,0.09734051194673982,
2025-09-15 04:20:28,ADAMW_lr0.01,ADAMW,2,shakespeare_char,168,val_eval,2.4982941150665283,0.0009995723985814788,0.09734051194673982,
2025-09-15 04:20:28,ADAMW_lr0.01,ADAMW,2,shakespeare_char,168,train_iter,2.5125107765197754,0.0009995723985814788,0.09773850745988132,689.5637512207031
2025-09-15 04:20:29,ADAMW_lr0.01,ADAMW,2,shakespeare_char,169,train_eval,2.4735755920410156,0.0009995597316610474,0.09773850745988132,
2025-09-15 04:20:29,ADAMW_lr0.01,ADAMW,2,shakespeare_char,169,val_eval,2.4841578006744385,0.0009995597316610474,0.09773850745988132,
2025-09-15 04:20:29,ADAMW_lr0.01,ADAMW,2,shakespeare_char,169,train_iter,2.504722833633423,0.0009995597316610474,0.09810247995917036,689.1708374023438
2025-09-15 04:20:29,ADAMW_lr0.01,ADAMW,2,shakespeare_char,170,train_eval,2.480273723602295,0.0009995468799435915,0.09810247995917036,
2025-09-15 04:20:29,ADAMW_lr0.01,ADAMW,2,shakespeare_char,170,val_eval,2.492741584777832,0.0009995468799435915,0.09810247995917036,
2025-09-15 04:20:29,ADAMW_lr0.01,ADAMW,2,shakespeare_char,170,train_iter,2.4939522743225098,0.0009995468799435915,0.09820311168661888,704.9517631530762
2025-09-15 04:20:30,ADAMW_lr0.01,ADAMW,2,shakespeare_char,171,train_eval,2.4744768142700195,0.0009995338434343943,0.09820311168661888,
2025-09-15 04:20:30,ADAMW_lr0.01,ADAMW,2,shakespeare_char,171,val_eval,2.4976067543029785,0.0009995338434343943,0.09820311168661888,
2025-09-15 04:20:30,ADAMW_lr0.01,ADAMW,2,shakespeare_char,171,train_iter,2.476959228515625,0.0009995338434343943,0.09848840781189491,691.3678646087646
2025-09-15 04:20:31,ADAMW_lr0.01,ADAMW,2,shakespeare_char,172,train_eval,2.4765260219573975,0.0009995206221388145,0.09848840781189491,
2025-09-15 04:20:31,ADAMW_lr0.01,ADAMW,2,shakespeare_char,172,val_eval,2.5077240467071533,0.0009995206221388145,0.09848840781189491,
2025-09-15 04:20:31,ADAMW_lr0.01,ADAMW,2,shakespeare_char,172,train_iter,2.5195767879486084,0.0009995206221388145,0.09880461930025274,687.3247623443604
2025-09-15 04:20:31,ADAMW_lr0.01,ADAMW,2,shakespeare_char,173,train_eval,2.4758780002593994,0.0009995072160622865,0.09880461930025274,
2025-09-15 04:20:31,ADAMW_lr0.01,ADAMW,2,shakespeare_char,173,val_eval,2.5094897747039795,0.0009995072160622865,0.09880461930025274,
2025-09-15 04:20:31,ADAMW_lr0.01,ADAMW,2,shakespeare_char,173,train_iter,2.4650275707244873,0.0009995072160622865,0.09889251191190103,700.8872032165527
2025-09-15 04:20:32,ADAMW_lr0.01,ADAMW,2,shakespeare_char,174,train_eval,2.4797093868255615,0.0009994936252103218,0.09889251191190103,
2025-09-15 04:20:32,ADAMW_lr0.01,ADAMW,2,shakespeare_char,174,val_eval,2.5160160064697266,0.0009994936252103218,0.09889251191190103,
2025-09-15 04:20:32,ADAMW_lr0.01,ADAMW,2,shakespeare_char,174,train_iter,2.460813045501709,0.0009994936252103218,0.09905470101063422,695.0936317443848
2025-09-15 04:20:33,ADAMW_lr0.01,ADAMW,2,shakespeare_char,175,train_eval,2.480128288269043,0.0009994798495885063,0.09905470101063422,
2025-09-15 04:20:33,ADAMW_lr0.01,ADAMW,2,shakespeare_char,175,val_eval,2.5144336223602295,0.0009994798495885063,0.09905470101063422,
2025-09-15 04:20:33,ADAMW_lr0.01,ADAMW,2,shakespeare_char,175,train_iter,2.5009984970092773,0.0009994798495885063,0.0992467666015938,691.9205188751221
2025-09-15 04:20:34,ADAMW_lr0.01,ADAMW,2,shakespeare_char,176,train_eval,2.4775421619415283,0.000999465889202503,0.0992467666015938,
2025-09-15 04:20:34,ADAMW_lr0.01,ADAMW,2,shakespeare_char,176,val_eval,2.5056588649749756,0.000999465889202503,0.0992467666015938,
2025-09-15 04:20:34,ADAMW_lr0.01,ADAMW,2,shakespeare_char,176,train_iter,2.482707977294922,0.000999465889202503,0.09948868685291312,687.2203350067139
2025-09-15 04:20:34,ADAMW_lr0.01,ADAMW,2,shakespeare_char,177,train_eval,2.4788589477539062,0.0009994517440580508,0.09948868685291312,
2025-09-15 04:20:34,ADAMW_lr0.01,ADAMW,2,shakespeare_char,177,val_eval,2.4990100860595703,0.0009994517440580508,0.09948868685291312,
2025-09-15 04:20:34,ADAMW_lr0.01,ADAMW,2,shakespeare_char,177,train_iter,2.519547939300537,0.0009994517440580508,0.09963943494534341,691.7779445648193
2025-09-15 04:20:35,ADAMW_lr0.01,ADAMW,2,shakespeare_char,178,train_eval,2.475170135498047,0.0009994374141609635,0.09963943494534341,
2025-09-15 04:20:35,ADAMW_lr0.01,ADAMW,2,shakespeare_char,178,val_eval,2.4926185607910156,0.0009994374141609635,0.09963943494534341,
2025-09-15 04:20:35,ADAMW_lr0.01,ADAMW,2,shakespeare_char,178,train_iter,2.5035605430603027,0.0009994374141609635,0.09843348591113514,797.7502346038818
2025-09-15 04:20:36,ADAMW_lr0.01,ADAMW,2,shakespeare_char,179,train_eval,2.4738714694976807,0.0009994228995171322,0.09843348591113514,
2025-09-15 04:20:36,ADAMW_lr0.01,ADAMW,2,shakespeare_char,179,val_eval,2.494650363922119,0.0009994228995171322,0.09843348591113514,
2025-09-15 04:20:36,ADAMW_lr0.01,ADAMW,2,shakespeare_char,179,train_iter,2.4621355533599854,0.0009994228995171322,0.09677107607173044,854.0208339691162
2025-09-15 04:20:37,ADAMW_lr0.01,ADAMW,2,shakespeare_char,180,train_eval,2.491213798522949,0.000999408200132523,0.09677107607173044,
2025-09-15 04:20:37,ADAMW_lr0.01,ADAMW,2,shakespeare_char,180,val_eval,2.528789758682251,0.000999408200132523,0.09677107607173044,
2025-09-15 04:20:37,ADAMW_lr0.01,ADAMW,2,shakespeare_char,180,train_iter,2.489729881286621,0.000999408200132523,0.09482758044060631,903.419017791748
2025-09-15 04:20:38,ADAMW_lr0.01,ADAMW,2,shakespeare_char,181,train_eval,2.484013795852661,0.0009993933160131784,0.09482758044060631,
2025-09-15 04:20:38,ADAMW_lr0.01,ADAMW,2,shakespeare_char,181,val_eval,2.5326881408691406,0.0009993933160131784,0.09482758044060631,
2025-09-15 04:20:38,ADAMW_lr0.01,ADAMW,2,shakespeare_char,181,train_iter,2.507760524749756,0.0009993933160131784,0.09322158843300576,887.0000839233398
2025-09-15 04:20:39,ADAMW_lr0.01,ADAMW,2,shakespeare_char,182,train_eval,2.4916329383850098,0.0009993782471652167,0.09322158843300576,
2025-09-15 04:20:39,ADAMW_lr0.01,ADAMW,2,shakespeare_char,182,val_eval,2.5149970054626465,0.0009993782471652167,0.09322158843300576,
2025-09-15 04:20:39,ADAMW_lr0.01,ADAMW,2,shakespeare_char,182,train_iter,2.488314628601074,0.0009993782471652167,0.09199888589216246,862.6124858856201
2025-09-15 04:20:39,ADAMW_lr0.01,ADAMW,2,shakespeare_char,183,train_eval,2.4879698753356934,0.0009993629935948318,0.09199888589216246,
2025-09-15 04:20:39,ADAMW_lr0.01,ADAMW,2,shakespeare_char,183,val_eval,2.51546573638916,0.0009993629935948318,0.09199888589216246,
2025-09-15 04:20:39,ADAMW_lr0.01,ADAMW,2,shakespeare_char,183,train_iter,2.50411319732666,0.0009993629935948318,0.09097238108538105,854.8102378845215
2025-09-15 04:20:40,ADAMW_lr0.01,ADAMW,2,shakespeare_char,184,train_eval,2.483724355697632,0.0009993475553082944,0.09097238108538105,
2025-09-15 04:20:40,ADAMW_lr0.01,ADAMW,2,shakespeare_char,184,val_eval,2.5016531944274902,0.0009993475553082944,0.09097238108538105,
2025-09-15 04:20:40,ADAMW_lr0.01,ADAMW,2,shakespeare_char,184,train_iter,2.522432327270508,0.0009993475553082944,0.0900460927951322,855.064868927002
2025-09-15 04:20:41,ADAMW_lr0.01,ADAMW,2,shakespeare_char,185,train_eval,2.475139856338501,0.0009993319323119503,0.0900460927951322,
2025-09-15 04:20:41,ADAMW_lr0.01,ADAMW,2,shakespeare_char,185,val_eval,2.4904403686523438,0.0009993319323119503,0.0900460927951322,
2025-09-15 04:20:41,ADAMW_lr0.01,ADAMW,2,shakespeare_char,185,train_iter,2.512700080871582,0.0009993319323119503,0.0891980233941774,856.5754890441895
2025-09-15 04:20:42,ADAMW_lr0.01,ADAMW,2,shakespeare_char,186,train_eval,2.462891101837158,0.0009993161246122217,0.0891980233941774,
2025-09-15 04:20:42,ADAMW_lr0.01,ADAMW,2,shakespeare_char,186,val_eval,2.4816925525665283,0.0009993161246122217,0.0891980233941774,
2025-09-15 04:20:42,ADAMW_lr0.01,ADAMW,2,shakespeare_char,186,train_iter,2.438399314880371,0.0009993161246122217,0.08729784983335438,995.3079223632812
2025-09-15 04:20:43,ADAMW_lr0.01,ADAMW,2,shakespeare_char,187,train_eval,2.4709930419921875,0.0009993001322156061,0.08729784983335438,
2025-09-15 04:20:43,ADAMW_lr0.01,ADAMW,2,shakespeare_char,187,val_eval,2.4891912937164307,0.0009993001322156061,0.08729784983335438,
2025-09-15 04:20:43,ADAMW_lr0.01,ADAMW,2,shakespeare_char,187,train_iter,2.4815495014190674,0.0009993001322156061,0.08678739003616412,850.0323295593262
2025-09-15 04:20:44,ADAMW_lr0.01,ADAMW,2,shakespeare_char,188,train_eval,2.474273920059204,0.000999283955128678,0.08678739003616412,
2025-09-15 04:20:44,ADAMW_lr0.01,ADAMW,2,shakespeare_char,188,val_eval,2.497028350830078,0.000999283955128678,0.08678739003616412,
2025-09-15 04:20:44,ADAMW_lr0.01,ADAMW,2,shakespeare_char,188,train_iter,2.4813573360443115,0.000999283955128678,0.086242652672491,858.9489459991455
2025-09-15 04:20:45,ADAMW_lr0.01,ADAMW,2,shakespeare_char,189,train_eval,2.472139358520508,0.000999267593358087,0.086242652672491,
2025-09-15 04:20:45,ADAMW_lr0.01,ADAMW,2,shakespeare_char,189,val_eval,2.4966742992401123,0.000999267593358087,0.086242652672491,
2025-09-15 04:20:45,ADAMW_lr0.01,ADAMW,2,shakespeare_char,189,train_iter,2.5257973670959473,0.000999267593358087,0.08584644076297655,849.1306304931641
2025-09-15 04:20:45,ADAMW_lr0.01,ADAMW,2,shakespeare_char,190,train_eval,2.471816301345825,0.0009992510469105584,0.08584644076297655,
2025-09-15 04:20:45,ADAMW_lr0.01,ADAMW,2,shakespeare_char,190,val_eval,2.4947540760040283,0.0009992510469105584,0.08584644076297655,
2025-09-15 04:20:45,ADAMW_lr0.01,ADAMW,2,shakespeare_char,190,train_iter,2.450174331665039,0.0009992510469105584,0.08546557394803721,851.6433238983154
2025-09-15 04:20:46,ADAMW_lr0.01,ADAMW,2,shakespeare_char,191,train_eval,2.466475486755371,0.000999234315792894,0.08546557394803721,
2025-09-15 04:20:46,ADAMW_lr0.01,ADAMW,2,shakespeare_char,191,val_eval,2.4962961673736572,0.000999234315792894,0.08546557394803721,
2025-09-15 04:20:46,ADAMW_lr0.01,ADAMW,2,shakespeare_char,191,train_iter,2.4817306995391846,0.000999234315792894,0.08513504868418738,850.3730297088623
2025-09-15 04:20:47,ADAMW_lr0.01,ADAMW,2,shakespeare_char,192,train_eval,2.465481758117676,0.0009992174000119718,0.08513504868418738,
2025-09-15 04:20:47,ADAMW_lr0.01,ADAMW,2,shakespeare_char,192,val_eval,2.4911763668060303,0.0009992174000119718,0.08513504868418738,
2025-09-15 04:20:47,ADAMW_lr0.01,ADAMW,2,shakespeare_char,192,train_iter,2.4786834716796875,0.0009992174000119718,0.08483144163864814,851.008415222168
2025-09-15 04:20:48,ADAMW_lr0.01,ADAMW,2,shakespeare_char,193,train_eval,2.4636387825012207,0.0009992002995747448,0.08483144163864814,
2025-09-15 04:20:48,ADAMW_lr0.01,ADAMW,2,shakespeare_char,193,val_eval,2.4914510250091553,0.0009992002995747448,0.08483144163864814,
2025-09-15 04:20:48,ADAMW_lr0.01,ADAMW,2,shakespeare_char,193,train_iter,2.4557011127471924,0.0009992002995747448,0.08454564225311896,852.3116111755371
2025-09-15 04:20:49,ADAMW_lr0.01,ADAMW,2,shakespeare_char,194,train_eval,2.4662656784057617,0.0009991830144882423,0.08454564225311896,
2025-09-15 04:20:49,ADAMW_lr0.01,ADAMW,2,shakespeare_char,194,val_eval,2.4820611476898193,0.0009991830144882423,0.08454564225311896,
2025-09-15 04:20:49,ADAMW_lr0.01,ADAMW,2,shakespeare_char,194,train_iter,2.4571032524108887,0.0009991830144882423,0.08427239135427028,853.9817333221436
2025-09-15 04:20:50,ADAMW_lr0.01,ADAMW,2,shakespeare_char,195,train_eval,2.4650826454162598,0.0009991655447595697,0.08427239135427028,
2025-09-15 04:20:50,ADAMW_lr0.01,ADAMW,2,shakespeare_char,195,val_eval,2.475935459136963,0.0009991655447595697,0.08427239135427028,
2025-09-15 04:20:50,ADAMW_lr0.01,ADAMW,2,shakespeare_char,195,train_iter,2.44538950920105,0.0009991655447595697,0.08121794060487911,1300.384759902954
2025-09-15 04:20:52,ADAMW_lr0.01,ADAMW,2,shakespeare_char,196,train_eval,2.4738354682922363,0.0009991478903959082,0.08121794060487911,
2025-09-15 04:20:52,ADAMW_lr0.01,ADAMW,2,shakespeare_char,196,val_eval,2.479004383087158,0.0009991478903959082,0.08121794060487911,
2025-09-15 04:20:52,ADAMW_lr0.01,ADAMW,2,shakespeare_char,196,train_iter,2.4827280044555664,0.0009991478903959082,0.07833675632754811,1333.1830501556396
2025-09-15 04:20:52,ADAMW_lr0.01,ADAMW,2,shakespeare_char,197,train_eval,2.4670937061309814,0.0009991300514045147,0.07833675632754811,
2025-09-15 04:20:52,ADAMW_lr0.01,ADAMW,2,shakespeare_char,197,val_eval,2.480201482772827,0.0009991300514045147,0.07833675632754811,
2025-09-15 04:20:52,ADAMW_lr0.01,ADAMW,2,shakespeare_char,197,train_iter,2.5044801235198975,0.0009991300514045147,0.07830563294429026,895.4367637634277
2025-09-15 04:20:53,ADAMW_lr0.01,ADAMW,2,shakespeare_char,198,train_eval,2.460354804992676,0.0009991120277927223,0.07830563294429026,
2025-09-15 04:20:53,ADAMW_lr0.01,ADAMW,2,shakespeare_char,198,val_eval,2.473710775375366,0.0009991120277927223,0.07830563294429026,
2025-09-15 04:20:54,ADAMW_lr0.01,ADAMW,2,shakespeare_char,198,train_iter,2.489384412765503,0.0009991120277927223,0.07589259410744201,1289.6466255187988
2025-09-15 04:20:55,ADAMW_lr0.01,ADAMW,2,shakespeare_char,199,train_eval,2.4556162357330322,0.0009990938195679395,0.07589259410744201,
2025-09-15 04:20:55,ADAMW_lr0.01,ADAMW,2,shakespeare_char,199,val_eval,2.4847397804260254,0.0009990938195679395,0.07589259410744201,
2025-09-15 04:20:55,ADAMW_lr0.01,ADAMW,2,shakespeare_char,199,train_iter,2.4859495162963867,0.0009990938195679395,0.07630310941747365,873.3611106872559
2025-09-15 04:20:55,ADAMW_lr0.01,ADAMW,2,shakespeare_char,200,train_eval,2.4610259532928467,0.0009990754267376514,0.07630310941747365,
2025-09-15 04:20:55,ADAMW_lr0.01,ADAMW,2,shakespeare_char,200,val_eval,2.4935076236724854,0.0009990754267376514,0.07630310941747365,
2025-09-15 04:22:08,ADAMW_lr0.01,ADAMW,2,shakespeare_char,200,train_iter,2.4706015586853027,0.0009990754267376514,0.0687674274337501,73832.49568939209
