timestamp,run_name,optimizer_name,seed,dataset,iter,split,loss,lr,mfu_percent,dt_ms
2025-09-14 16:28:54,ADAM_lr0.0003,ADAM,2,openwebtext-3%,0,train_eval,10.945842742919922,2.998500749625187e-07,,
2025-09-14 16:28:54,ADAM_lr0.0003,ADAM,2,openwebtext-3%,0,val_eval,10.944282531738281,2.998500749625187e-07,,
2025-09-14 16:29:07,ADAM_lr0.0003,ADAM,2,openwebtext-3%,0,train_iter,10.945987701416016,2.998500749625187e-07,,27367.966890335083
2025-09-14 16:29:19,ADAM_lr0.0003,ADAM,2,openwebtext-3%,1,train_eval,10.928662300109863,5.997001499250374e-07,,
2025-09-14 16:29:19,ADAM_lr0.0003,ADAM,2,openwebtext-3%,1,val_eval,10.928655624389648,5.997001499250374e-07,,
2025-09-14 16:29:41,ADAM_lr0.0003,ADAM,2,openwebtext-3%,2,train_eval,10.894750595092773,8.995502248875562e-07,,
2025-09-14 16:29:41,ADAM_lr0.0003,ADAM,2,openwebtext-3%,2,val_eval,10.892070770263672,8.995502248875562e-07,,
2025-09-14 16:30:02,ADAM_lr0.0003,ADAM,2,openwebtext-3%,3,train_eval,10.842092514038086,1.1994002998500749e-06,,
2025-09-14 16:30:02,ADAM_lr0.0003,ADAM,2,openwebtext-3%,3,val_eval,10.84187126159668,1.1994002998500749e-06,,
2025-09-14 16:30:24,ADAM_lr0.0003,ADAM,2,openwebtext-3%,4,train_eval,10.775097846984863,1.4992503748125936e-06,,
2025-09-14 16:30:24,ADAM_lr0.0003,ADAM,2,openwebtext-3%,4,val_eval,10.77511978149414,1.4992503748125936e-06,,
2025-09-14 16:30:45,ADAM_lr0.0003,ADAM,2,openwebtext-3%,5,train_eval,10.695481300354004,1.7991004497751123e-06,,
2025-09-14 16:30:45,ADAM_lr0.0003,ADAM,2,openwebtext-3%,5,val_eval,10.694965362548828,1.7991004497751123e-06,,
2025-09-14 16:31:06,ADAM_lr0.0003,ADAM,2,openwebtext-3%,6,train_eval,10.608708381652832,2.0989505247376313e-06,,
2025-09-14 16:31:06,ADAM_lr0.0003,ADAM,2,openwebtext-3%,6,val_eval,10.608373641967773,2.0989505247376313e-06,,
2025-09-14 16:31:28,ADAM_lr0.0003,ADAM,2,openwebtext-3%,7,train_eval,10.521751403808594,2.3988005997001498e-06,,
2025-09-14 16:31:28,ADAM_lr0.0003,ADAM,2,openwebtext-3%,7,val_eval,10.521617889404297,2.3988005997001498e-06,,
2025-09-14 16:31:49,ADAM_lr0.0003,ADAM,2,openwebtext-3%,8,train_eval,10.436833381652832,2.6986506746626683e-06,,
2025-09-14 16:31:49,ADAM_lr0.0003,ADAM,2,openwebtext-3%,8,val_eval,10.432141304016113,2.6986506746626683e-06,,
2025-09-14 16:32:10,ADAM_lr0.0003,ADAM,2,openwebtext-3%,9,train_eval,10.347938537597656,2.9985007496251872e-06,,
2025-09-14 16:32:10,ADAM_lr0.0003,ADAM,2,openwebtext-3%,9,val_eval,10.346099853515625,2.9985007496251872e-06,,
2025-09-14 16:32:31,ADAM_lr0.0003,ADAM,2,openwebtext-3%,10,train_eval,10.267675399780273,3.2983508245877057e-06,,
2025-09-14 16:32:31,ADAM_lr0.0003,ADAM,2,openwebtext-3%,10,val_eval,10.2689790725708,3.2983508245877057e-06,,
2025-09-14 16:32:40,ADAM_lr0.0003,ADAM,2,openwebtext-3%,10,train_iter,10.271247625350952,3.2983508245877057e-06,6.355552391569279,21187.64352798462
2025-09-14 16:32:53,ADAM_lr0.0003,ADAM,2,openwebtext-3%,11,train_eval,10.196550369262695,3.5982008995502247e-06,6.355552391569279,
2025-09-14 16:32:53,ADAM_lr0.0003,ADAM,2,openwebtext-3%,11,val_eval,10.190936088562012,3.5982008995502247e-06,6.355552391569279,
2025-09-14 16:33:14,ADAM_lr0.0003,ADAM,2,openwebtext-3%,12,train_eval,10.122050285339355,3.898050974512743e-06,6.355552391569279,
2025-09-14 16:33:14,ADAM_lr0.0003,ADAM,2,openwebtext-3%,12,val_eval,10.124202728271484,3.898050974512743e-06,6.355552391569279,
2025-09-14 16:33:35,ADAM_lr0.0003,ADAM,2,openwebtext-3%,13,train_eval,10.063102722167969,4.1979010494752625e-06,6.355552391569279,
2025-09-14 16:33:35,ADAM_lr0.0003,ADAM,2,openwebtext-3%,13,val_eval,10.059328079223633,4.1979010494752625e-06,6.355552391569279,
2025-09-14 16:33:56,ADAM_lr0.0003,ADAM,2,openwebtext-3%,14,train_eval,9.998659133911133,4.497751124437781e-06,6.355552391569279,
2025-09-14 16:33:56,ADAM_lr0.0003,ADAM,2,openwebtext-3%,14,val_eval,10.003935813903809,4.497751124437781e-06,6.355552391569279,
2025-09-14 16:34:17,ADAM_lr0.0003,ADAM,2,openwebtext-3%,15,train_eval,9.943856239318848,4.7976011994002995e-06,6.355552391569279,
2025-09-14 16:34:17,ADAM_lr0.0003,ADAM,2,openwebtext-3%,15,val_eval,9.943264961242676,4.7976011994002995e-06,6.355552391569279,
2025-09-14 16:34:39,ADAM_lr0.0003,ADAM,2,openwebtext-3%,16,train_eval,9.891253471374512,5.097451274362818e-06,6.355552391569279,
2025-09-14 16:34:39,ADAM_lr0.0003,ADAM,2,openwebtext-3%,16,val_eval,9.894896507263184,5.097451274362818e-06,6.355552391569279,
2025-09-14 16:35:00,ADAM_lr0.0003,ADAM,2,openwebtext-3%,17,train_eval,9.848112106323242,5.3973013493253366e-06,6.355552391569279,
2025-09-14 16:35:00,ADAM_lr0.0003,ADAM,2,openwebtext-3%,17,val_eval,9.840736389160156,5.3973013493253366e-06,6.355552391569279,
2025-09-14 16:35:22,ADAM_lr0.0003,ADAM,2,openwebtext-3%,18,train_eval,9.805440902709961,5.697151424287855e-06,6.355552391569279,
2025-09-14 16:35:22,ADAM_lr0.0003,ADAM,2,openwebtext-3%,18,val_eval,9.795062065124512,5.697151424287855e-06,6.355552391569279,
2025-09-14 16:35:43,ADAM_lr0.0003,ADAM,2,openwebtext-3%,19,train_eval,9.755905151367188,5.9970014992503744e-06,6.355552391569279,
2025-09-14 16:35:43,ADAM_lr0.0003,ADAM,2,openwebtext-3%,19,val_eval,9.747761726379395,5.9970014992503744e-06,6.355552391569279,
2025-09-14 16:36:04,ADAM_lr0.0003,ADAM,2,openwebtext-3%,20,train_eval,9.717469215393066,6.296851574212893e-06,6.355552391569279,
2025-09-14 16:36:04,ADAM_lr0.0003,ADAM,2,openwebtext-3%,20,val_eval,9.719497680664062,6.296851574212893e-06,6.355552391569279,
2025-09-14 16:36:13,ADAM_lr0.0003,ADAM,2,openwebtext-3%,20,train_iter,9.817385077476501,6.296851574212893e-06,6.35448315841374,21223.34885597229
2025-09-14 16:36:25,ADAM_lr0.0003,ADAM,2,openwebtext-3%,21,train_eval,9.685638427734375,6.5967016491754115e-06,6.35448315841374,
2025-09-14 16:36:25,ADAM_lr0.0003,ADAM,2,openwebtext-3%,21,val_eval,9.688063621520996,6.5967016491754115e-06,6.35448315841374,
2025-09-14 16:36:47,ADAM_lr0.0003,ADAM,2,openwebtext-3%,22,train_eval,9.651047706604004,6.89655172413793e-06,6.35448315841374,
2025-09-14 16:36:47,ADAM_lr0.0003,ADAM,2,openwebtext-3%,22,val_eval,9.653265953063965,6.89655172413793e-06,6.35448315841374,
2025-09-14 16:37:08,ADAM_lr0.0003,ADAM,2,openwebtext-3%,23,train_eval,9.625777244567871,7.196401799100449e-06,6.35448315841374,
2025-09-14 16:37:08,ADAM_lr0.0003,ADAM,2,openwebtext-3%,23,val_eval,9.632532119750977,7.196401799100449e-06,6.35448315841374,
2025-09-14 16:37:29,ADAM_lr0.0003,ADAM,2,openwebtext-3%,24,train_eval,9.599505424499512,7.496251874062968e-06,6.35448315841374,
2025-09-14 16:37:29,ADAM_lr0.0003,ADAM,2,openwebtext-3%,24,val_eval,9.604150772094727,7.496251874062968e-06,6.35448315841374,
2025-09-14 16:37:51,ADAM_lr0.0003,ADAM,2,openwebtext-3%,25,train_eval,9.576613426208496,7.796101949025486e-06,6.35448315841374,
2025-09-14 16:37:51,ADAM_lr0.0003,ADAM,2,openwebtext-3%,25,val_eval,9.576393127441406,7.796101949025486e-06,6.35448315841374,
2025-09-14 16:38:14,ADAM_lr0.0003,ADAM,2,openwebtext-3%,26,train_eval,9.559008598327637,8.095952023988006e-06,6.35448315841374,
2025-09-14 16:38:14,ADAM_lr0.0003,ADAM,2,openwebtext-3%,26,val_eval,9.549047470092773,8.095952023988006e-06,6.35448315841374,
2025-09-14 16:38:37,ADAM_lr0.0003,ADAM,2,openwebtext-3%,27,train_eval,9.533724784851074,8.395802098950525e-06,6.35448315841374,
2025-09-14 16:38:37,ADAM_lr0.0003,ADAM,2,openwebtext-3%,27,val_eval,9.525193214416504,8.395802098950525e-06,6.35448315841374,
2025-09-14 16:39:02,ADAM_lr0.0003,ADAM,2,openwebtext-3%,28,train_eval,9.495713233947754,8.695652173913043e-06,6.35448315841374,
2025-09-14 16:39:02,ADAM_lr0.0003,ADAM,2,openwebtext-3%,28,val_eval,9.500432014465332,8.695652173913043e-06,6.35448315841374,
2025-09-14 16:39:25,ADAM_lr0.0003,ADAM,2,openwebtext-3%,29,train_eval,9.476324081420898,8.995502248875562e-06,6.35448315841374,
2025-09-14 16:39:25,ADAM_lr0.0003,ADAM,2,openwebtext-3%,29,val_eval,9.474082946777344,8.995502248875562e-06,6.35448315841374,
2025-09-14 16:39:47,ADAM_lr0.0003,ADAM,2,openwebtext-3%,30,train_eval,9.452777862548828,9.29535232383808e-06,6.35448315841374,
2025-09-14 16:39:47,ADAM_lr0.0003,ADAM,2,openwebtext-3%,30,val_eval,9.461095809936523,9.29535232383808e-06,6.35448315841374,
2025-09-14 16:39:56,ADAM_lr0.0003,ADAM,2,openwebtext-3%,30,train_iter,9.425533413887024,9.29535232383808e-06,6.339762945214235,21693.746089935303
2025-09-14 16:40:09,ADAM_lr0.0003,ADAM,2,openwebtext-3%,31,train_eval,9.434856414794922,9.595202398800599e-06,6.339762945214235,
2025-09-14 16:40:09,ADAM_lr0.0003,ADAM,2,openwebtext-3%,31,val_eval,9.445085525512695,9.595202398800599e-06,6.339762945214235,
2025-09-14 16:40:31,ADAM_lr0.0003,ADAM,2,openwebtext-3%,32,train_eval,9.410510063171387,9.895052473763117e-06,6.339762945214235,
2025-09-14 16:40:31,ADAM_lr0.0003,ADAM,2,openwebtext-3%,32,val_eval,9.4133939743042,9.895052473763117e-06,6.339762945214235,
2025-09-14 16:40:54,ADAM_lr0.0003,ADAM,2,openwebtext-3%,33,train_eval,9.395153999328613,1.0194902548725636e-05,6.339762945214235,
2025-09-14 16:40:54,ADAM_lr0.0003,ADAM,2,openwebtext-3%,33,val_eval,9.3970365524292,1.0194902548725636e-05,6.339762945214235,
2025-09-14 16:41:17,ADAM_lr0.0003,ADAM,2,openwebtext-3%,34,train_eval,9.372620582580566,1.0494752623688155e-05,6.339762945214235,
2025-09-14 16:41:17,ADAM_lr0.0003,ADAM,2,openwebtext-3%,34,val_eval,9.3728609085083,1.0494752623688155e-05,6.339762945214235,
2025-09-14 16:41:40,ADAM_lr0.0003,ADAM,2,openwebtext-3%,35,train_eval,9.353540420532227,1.0794602698650673e-05,6.339762945214235,
2025-09-14 16:41:40,ADAM_lr0.0003,ADAM,2,openwebtext-3%,35,val_eval,9.346705436706543,1.0794602698650673e-05,6.339762945214235,
2025-09-14 16:42:02,ADAM_lr0.0003,ADAM,2,openwebtext-3%,36,train_eval,9.327601432800293,1.1094452773613192e-05,6.339762945214235,
2025-09-14 16:42:02,ADAM_lr0.0003,ADAM,2,openwebtext-3%,36,val_eval,9.319849967956543,1.1094452773613192e-05,6.339762945214235,
2025-09-14 16:42:25,ADAM_lr0.0003,ADAM,2,openwebtext-3%,37,train_eval,9.291468620300293,1.139430284857571e-05,6.339762945214235,
2025-09-14 16:42:25,ADAM_lr0.0003,ADAM,2,openwebtext-3%,37,val_eval,9.296453475952148,1.139430284857571e-05,6.339762945214235,
2025-09-14 16:42:48,ADAM_lr0.0003,ADAM,2,openwebtext-3%,38,train_eval,9.2611083984375,1.169415292353823e-05,6.339762945214235,
2025-09-14 16:42:48,ADAM_lr0.0003,ADAM,2,openwebtext-3%,38,val_eval,9.27368450164795,1.169415292353823e-05,6.339762945214235,
2025-09-14 16:43:10,ADAM_lr0.0003,ADAM,2,openwebtext-3%,39,train_eval,9.24195671081543,1.1994002998500749e-05,6.339762945214235,
2025-09-14 16:43:10,ADAM_lr0.0003,ADAM,2,openwebtext-3%,39,val_eval,9.243441581726074,1.1994002998500749e-05,6.339762945214235,
2025-09-14 16:43:35,ADAM_lr0.0003,ADAM,2,openwebtext-3%,40,train_eval,9.211847305297852,1.2293853073463267e-05,6.339762945214235,
2025-09-14 16:43:35,ADAM_lr0.0003,ADAM,2,openwebtext-3%,40,val_eval,9.222232818603516,1.2293853073463267e-05,6.339762945214235,
2025-09-14 16:43:44,ADAM_lr0.0003,ADAM,2,openwebtext-3%,40,train_iter,9.292276501655579,1.2293853073463267e-05,6.299419816663479,22683.90417098999
2025-09-14 16:43:58,ADAM_lr0.0003,ADAM,2,openwebtext-3%,41,train_eval,9.198419570922852,1.2593703148425786e-05,6.299419816663479,
2025-09-14 16:43:58,ADAM_lr0.0003,ADAM,2,openwebtext-3%,41,val_eval,9.19025993347168,1.2593703148425786e-05,6.299419816663479,
2025-09-14 16:44:22,ADAM_lr0.0003,ADAM,2,openwebtext-3%,42,train_eval,9.171770095825195,1.2893553223388304e-05,6.299419816663479,
2025-09-14 16:44:22,ADAM_lr0.0003,ADAM,2,openwebtext-3%,42,val_eval,9.176891326904297,1.2893553223388304e-05,6.299419816663479,
2025-09-14 16:44:46,ADAM_lr0.0003,ADAM,2,openwebtext-3%,43,train_eval,9.143913269042969,1.3193403298350823e-05,6.299419816663479,
2025-09-14 16:44:46,ADAM_lr0.0003,ADAM,2,openwebtext-3%,43,val_eval,9.145698547363281,1.3193403298350823e-05,6.299419816663479,
2025-09-14 16:45:11,ADAM_lr0.0003,ADAM,2,openwebtext-3%,44,train_eval,9.116621971130371,1.3493253373313342e-05,6.299419816663479,
2025-09-14 16:45:11,ADAM_lr0.0003,ADAM,2,openwebtext-3%,44,val_eval,9.134976387023926,1.3493253373313342e-05,6.299419816663479,
2025-09-14 16:45:33,ADAM_lr0.0003,ADAM,2,openwebtext-3%,45,train_eval,9.087900161743164,1.379310344827586e-05,6.299419816663479,
2025-09-14 16:45:33,ADAM_lr0.0003,ADAM,2,openwebtext-3%,45,val_eval,9.099691390991211,1.379310344827586e-05,6.299419816663479,
2025-09-14 16:45:55,ADAM_lr0.0003,ADAM,2,openwebtext-3%,46,train_eval,9.071676254272461,1.409295352323838e-05,6.299419816663479,
2025-09-14 16:45:55,ADAM_lr0.0003,ADAM,2,openwebtext-3%,46,val_eval,9.078243255615234,1.409295352323838e-05,6.299419816663479,
2025-09-14 16:46:18,ADAM_lr0.0003,ADAM,2,openwebtext-3%,47,train_eval,9.0462646484375,1.4392803598200899e-05,6.299419816663479,
2025-09-14 16:46:18,ADAM_lr0.0003,ADAM,2,openwebtext-3%,47,val_eval,9.039861679077148,1.4392803598200899e-05,6.299419816663479,
2025-09-14 16:46:40,ADAM_lr0.0003,ADAM,2,openwebtext-3%,48,train_eval,9.024441719055176,1.4692653673163418e-05,6.299419816663479,
2025-09-14 16:46:40,ADAM_lr0.0003,ADAM,2,openwebtext-3%,48,val_eval,9.027148246765137,1.4692653673163418e-05,6.299419816663479,
2025-09-14 16:47:02,ADAM_lr0.0003,ADAM,2,openwebtext-3%,49,train_eval,9.000286102294922,1.4992503748125936e-05,6.299419816663479,
2025-09-14 16:47:02,ADAM_lr0.0003,ADAM,2,openwebtext-3%,49,val_eval,9.010533332824707,1.4992503748125936e-05,6.299419816663479,
2025-09-14 16:47:27,ADAM_lr0.0003,ADAM,2,openwebtext-3%,50,train_eval,8.973594665527344,1.5292353823088455e-05,6.299419816663479,
2025-09-14 16:47:27,ADAM_lr0.0003,ADAM,2,openwebtext-3%,50,val_eval,8.974852561950684,1.5292353823088455e-05,6.299419816663479,
2025-09-14 16:47:36,ADAM_lr0.0003,ADAM,2,openwebtext-3%,50,train_iter,8.88844609260559,1.5292353823088455e-05,6.260952879491147,22766.671180725098
2025-09-14 16:47:50,ADAM_lr0.0003,ADAM,2,openwebtext-3%,51,train_eval,8.938725471496582,1.5592203898050973e-05,6.260952879491147,
2025-09-14 16:47:50,ADAM_lr0.0003,ADAM,2,openwebtext-3%,51,val_eval,8.947981834411621,1.5592203898050973e-05,6.260952879491147,
2025-09-14 16:48:13,ADAM_lr0.0003,ADAM,2,openwebtext-3%,52,train_eval,8.917072296142578,1.589205397301349e-05,6.260952879491147,
2025-09-14 16:48:13,ADAM_lr0.0003,ADAM,2,openwebtext-3%,52,val_eval,8.92225456237793,1.589205397301349e-05,6.260952879491147,
2025-09-14 16:48:36,ADAM_lr0.0003,ADAM,2,openwebtext-3%,53,train_eval,8.893102645874023,1.619190404797601e-05,6.260952879491147,
2025-09-14 16:48:36,ADAM_lr0.0003,ADAM,2,openwebtext-3%,53,val_eval,8.901147842407227,1.619190404797601e-05,6.260952879491147,
2025-09-14 16:48:59,ADAM_lr0.0003,ADAM,2,openwebtext-3%,54,train_eval,8.875890731811523,1.649175412293853e-05,6.260952879491147,
2025-09-14 16:48:59,ADAM_lr0.0003,ADAM,2,openwebtext-3%,54,val_eval,8.888113975524902,1.649175412293853e-05,6.260952879491147,
2025-09-14 16:49:21,ADAM_lr0.0003,ADAM,2,openwebtext-3%,55,train_eval,8.837318420410156,1.679160419790105e-05,6.260952879491147,
2025-09-14 16:49:21,ADAM_lr0.0003,ADAM,2,openwebtext-3%,55,val_eval,8.831755638122559,1.679160419790105e-05,6.260952879491147,
2025-09-14 16:49:43,ADAM_lr0.0003,ADAM,2,openwebtext-3%,56,train_eval,8.829856872558594,1.7091454272863564e-05,6.260952879491147,
2025-09-14 16:49:43,ADAM_lr0.0003,ADAM,2,openwebtext-3%,56,val_eval,8.833065032958984,1.7091454272863564e-05,6.260952879491147,
2025-09-14 16:50:04,ADAM_lr0.0003,ADAM,2,openwebtext-3%,57,train_eval,8.801103591918945,1.7391304347826085e-05,6.260952879491147,
2025-09-14 16:50:04,ADAM_lr0.0003,ADAM,2,openwebtext-3%,57,val_eval,8.806975364685059,1.7391304347826085e-05,6.260952879491147,
2025-09-14 16:50:26,ADAM_lr0.0003,ADAM,2,openwebtext-3%,58,train_eval,8.783198356628418,1.7691154422788603e-05,6.260952879491147,
2025-09-14 16:50:26,ADAM_lr0.0003,ADAM,2,openwebtext-3%,58,val_eval,8.784828186035156,1.7691154422788603e-05,6.260952879491147,
2025-09-14 16:50:48,ADAM_lr0.0003,ADAM,2,openwebtext-3%,59,train_eval,8.755788803100586,1.7991004497751124e-05,6.260952879491147,
2025-09-14 16:50:48,ADAM_lr0.0003,ADAM,2,openwebtext-3%,59,val_eval,8.771023750305176,1.7991004497751124e-05,6.260952879491147,
2025-09-14 16:51:11,ADAM_lr0.0003,ADAM,2,openwebtext-3%,60,train_eval,8.738055229187012,1.829085457271364e-05,6.260952879491147,
2025-09-14 16:51:11,ADAM_lr0.0003,ADAM,2,openwebtext-3%,60,val_eval,8.748714447021484,1.829085457271364e-05,6.260952879491147,
2025-09-14 16:51:21,ADAM_lr0.0003,ADAM,2,openwebtext-3%,60,train_iter,8.710135817527771,1.829085457271364e-05,6.213383871746632,23276.24225616455
2025-09-14 16:51:34,ADAM_lr0.0003,ADAM,2,openwebtext-3%,61,train_eval,8.713988304138184,1.859070464767616e-05,6.213383871746632,
2025-09-14 16:51:34,ADAM_lr0.0003,ADAM,2,openwebtext-3%,61,val_eval,8.724369049072266,1.859070464767616e-05,6.213383871746632,
2025-09-14 16:51:56,ADAM_lr0.0003,ADAM,2,openwebtext-3%,62,train_eval,8.70145034790039,1.8890554722638677e-05,6.213383871746632,
2025-09-14 16:51:56,ADAM_lr0.0003,ADAM,2,openwebtext-3%,62,val_eval,8.703645706176758,1.8890554722638677e-05,6.213383871746632,
2025-09-14 16:52:20,ADAM_lr0.0003,ADAM,2,openwebtext-3%,63,train_eval,8.673503875732422,1.9190404797601198e-05,6.213383871746632,
2025-09-14 16:52:20,ADAM_lr0.0003,ADAM,2,openwebtext-3%,63,val_eval,8.680171966552734,1.9190404797601198e-05,6.213383871746632,
2025-09-14 16:52:44,ADAM_lr0.0003,ADAM,2,openwebtext-3%,64,train_eval,8.648272514343262,1.949025487256372e-05,6.213383871746632,
2025-09-14 16:52:44,ADAM_lr0.0003,ADAM,2,openwebtext-3%,64,val_eval,8.656844139099121,1.949025487256372e-05,6.213383871746632,
2025-09-14 16:53:07,ADAM_lr0.0003,ADAM,2,openwebtext-3%,65,train_eval,8.630319595336914,1.9790104947526234e-05,6.213383871746632,
2025-09-14 16:53:07,ADAM_lr0.0003,ADAM,2,openwebtext-3%,65,val_eval,8.640366554260254,1.9790104947526234e-05,6.213383871746632,
2025-09-14 16:53:30,ADAM_lr0.0003,ADAM,2,openwebtext-3%,66,train_eval,8.61498737335205,2.0089955022488755e-05,6.213383871746632,
2025-09-14 16:53:30,ADAM_lr0.0003,ADAM,2,openwebtext-3%,66,val_eval,8.611274719238281,2.0089955022488755e-05,6.213383871746632,
2025-09-14 16:53:52,ADAM_lr0.0003,ADAM,2,openwebtext-3%,67,train_eval,8.580739974975586,2.0389805097451272e-05,6.213383871746632,
2025-09-14 16:53:52,ADAM_lr0.0003,ADAM,2,openwebtext-3%,67,val_eval,8.588157653808594,2.0389805097451272e-05,6.213383871746632,
2025-09-14 16:54:14,ADAM_lr0.0003,ADAM,2,openwebtext-3%,68,train_eval,8.563782691955566,2.0689655172413793e-05,6.213383871746632,
2025-09-14 16:54:14,ADAM_lr0.0003,ADAM,2,openwebtext-3%,68,val_eval,8.561795234680176,2.0689655172413793e-05,6.213383871746632,
2025-09-14 16:54:36,ADAM_lr0.0003,ADAM,2,openwebtext-3%,69,train_eval,8.541258811950684,2.098950524737631e-05,6.213383871746632,
2025-09-14 16:54:36,ADAM_lr0.0003,ADAM,2,openwebtext-3%,69,val_eval,8.543391227722168,2.098950524737631e-05,6.213383871746632,
2025-09-14 16:54:58,ADAM_lr0.0003,ADAM,2,openwebtext-3%,70,train_eval,8.525442123413086,2.128935532233883e-05,6.213383871746632,
2025-09-14 16:54:58,ADAM_lr0.0003,ADAM,2,openwebtext-3%,70,val_eval,8.522393226623535,2.128935532233883e-05,6.213383871746632,
2025-09-14 16:55:08,ADAM_lr0.0003,ADAM,2,openwebtext-3%,70,train_iter,8.663734793663025,2.128935532233883e-05,6.1896878141962866,22531.733751296997
2025-09-14 16:55:21,ADAM_lr0.0003,ADAM,2,openwebtext-3%,71,train_eval,8.491791725158691,2.1589205397301346e-05,6.1896878141962866,
2025-09-14 16:55:21,ADAM_lr0.0003,ADAM,2,openwebtext-3%,71,val_eval,8.487570762634277,2.1589205397301346e-05,6.1896878141962866,
2025-09-14 16:55:45,ADAM_lr0.0003,ADAM,2,openwebtext-3%,72,train_eval,8.483397483825684,2.1889055472263867e-05,6.1896878141962866,
2025-09-14 16:55:45,ADAM_lr0.0003,ADAM,2,openwebtext-3%,72,val_eval,8.482315063476562,2.1889055472263867e-05,6.1896878141962866,
2025-09-14 16:56:09,ADAM_lr0.0003,ADAM,2,openwebtext-3%,73,train_eval,8.452007293701172,2.2188905547226385e-05,6.1896878141962866,
2025-09-14 16:56:09,ADAM_lr0.0003,ADAM,2,openwebtext-3%,73,val_eval,8.455830574035645,2.2188905547226385e-05,6.1896878141962866,
2025-09-14 16:56:31,ADAM_lr0.0003,ADAM,2,openwebtext-3%,74,train_eval,8.441593170166016,2.2488755622188906e-05,6.1896878141962866,
2025-09-14 16:56:31,ADAM_lr0.0003,ADAM,2,openwebtext-3%,74,val_eval,8.429760932922363,2.2488755622188906e-05,6.1896878141962866,
2025-09-14 16:56:56,ADAM_lr0.0003,ADAM,2,openwebtext-3%,75,train_eval,8.419488906860352,2.278860569715142e-05,6.1896878141962866,
2025-09-14 16:56:56,ADAM_lr0.0003,ADAM,2,openwebtext-3%,75,val_eval,8.417767524719238,2.278860569715142e-05,6.1896878141962866,
2025-09-14 16:57:18,ADAM_lr0.0003,ADAM,2,openwebtext-3%,76,train_eval,8.386743545532227,2.308845577211394e-05,6.1896878141962866,
2025-09-14 16:57:18,ADAM_lr0.0003,ADAM,2,openwebtext-3%,76,val_eval,8.39993953704834,2.308845577211394e-05,6.1896878141962866,
2025-09-14 16:57:40,ADAM_lr0.0003,ADAM,2,openwebtext-3%,77,train_eval,8.376398086547852,2.338830584707646e-05,6.1896878141962866,
2025-09-14 16:57:40,ADAM_lr0.0003,ADAM,2,openwebtext-3%,77,val_eval,8.3738374710083,2.338830584707646e-05,6.1896878141962866,
2025-09-14 16:58:02,ADAM_lr0.0003,ADAM,2,openwebtext-3%,78,train_eval,8.33900260925293,2.368815592203898e-05,6.1896878141962866,
2025-09-14 16:58:02,ADAM_lr0.0003,ADAM,2,openwebtext-3%,78,val_eval,8.357089042663574,2.368815592203898e-05,6.1896878141962866,
2025-09-14 16:58:24,ADAM_lr0.0003,ADAM,2,openwebtext-3%,79,train_eval,8.312444686889648,2.3988005997001498e-05,6.1896878141962866,
2025-09-14 16:58:24,ADAM_lr0.0003,ADAM,2,openwebtext-3%,79,val_eval,8.323775291442871,2.3988005997001498e-05,6.1896878141962866,
2025-09-14 16:58:47,ADAM_lr0.0003,ADAM,2,openwebtext-3%,80,train_eval,8.291954040527344,2.4287856071964015e-05,6.1896878141962866,
2025-09-14 16:58:47,ADAM_lr0.0003,ADAM,2,openwebtext-3%,80,val_eval,8.310033798217773,2.4287856071964015e-05,6.1896878141962866,
2025-09-14 16:58:57,ADAM_lr0.0003,ADAM,2,openwebtext-3%,80,train_iter,8.337309956550598,2.4287856071964015e-05,6.1530024290719485,23126.055002212524
2025-09-14 16:59:10,ADAM_lr0.0003,ADAM,2,openwebtext-3%,81,train_eval,8.287365913391113,2.4587706146926533e-05,6.1530024290719485,
2025-09-14 16:59:10,ADAM_lr0.0003,ADAM,2,openwebtext-3%,81,val_eval,8.277848243713379,2.4587706146926533e-05,6.1530024290719485,
2025-09-14 16:59:34,ADAM_lr0.0003,ADAM,2,openwebtext-3%,82,train_eval,8.250846862792969,2.4887556221889054e-05,6.1530024290719485,
2025-09-14 16:59:34,ADAM_lr0.0003,ADAM,2,openwebtext-3%,82,val_eval,8.251782417297363,2.4887556221889054e-05,6.1530024290719485,
2025-09-14 16:59:57,ADAM_lr0.0003,ADAM,2,openwebtext-3%,83,train_eval,8.228498458862305,2.5187406296851572e-05,6.1530024290719485,
2025-09-14 16:59:57,ADAM_lr0.0003,ADAM,2,openwebtext-3%,83,val_eval,8.230582237243652,2.5187406296851572e-05,6.1530024290719485,
2025-09-14 17:00:19,ADAM_lr0.0003,ADAM,2,openwebtext-3%,84,train_eval,8.209441184997559,2.5487256371814093e-05,6.1530024290719485,
2025-09-14 17:00:19,ADAM_lr0.0003,ADAM,2,openwebtext-3%,84,val_eval,8.21932601928711,2.5487256371814093e-05,6.1530024290719485,
2025-09-14 17:00:42,ADAM_lr0.0003,ADAM,2,openwebtext-3%,85,train_eval,8.184258460998535,2.5787106446776607e-05,6.1530024290719485,
2025-09-14 17:00:42,ADAM_lr0.0003,ADAM,2,openwebtext-3%,85,val_eval,8.187195777893066,2.5787106446776607e-05,6.1530024290719485,
2025-09-14 17:01:05,ADAM_lr0.0003,ADAM,2,openwebtext-3%,86,train_eval,8.150254249572754,2.6086956521739128e-05,6.1530024290719485,
2025-09-14 17:01:05,ADAM_lr0.0003,ADAM,2,openwebtext-3%,86,val_eval,8.161736488342285,2.6086956521739128e-05,6.1530024290719485,
2025-09-14 17:01:30,ADAM_lr0.0003,ADAM,2,openwebtext-3%,87,train_eval,8.144150733947754,2.6386806596701646e-05,6.1530024290719485,
2025-09-14 17:01:30,ADAM_lr0.0003,ADAM,2,openwebtext-3%,87,val_eval,8.146538734436035,2.6386806596701646e-05,6.1530024290719485,
2025-09-14 17:01:54,ADAM_lr0.0003,ADAM,2,openwebtext-3%,88,train_eval,8.099674224853516,2.6686656671664167e-05,6.1530024290719485,
2025-09-14 17:01:54,ADAM_lr0.0003,ADAM,2,openwebtext-3%,88,val_eval,8.127107620239258,2.6686656671664167e-05,6.1530024290719485,
2025-09-14 17:02:19,ADAM_lr0.0003,ADAM,2,openwebtext-3%,89,train_eval,8.100133895874023,2.6986506746626685e-05,6.1530024290719485,
2025-09-14 17:02:19,ADAM_lr0.0003,ADAM,2,openwebtext-3%,89,val_eval,8.102892875671387,2.6986506746626685e-05,6.1530024290719485,
2025-09-14 17:02:42,ADAM_lr0.0003,ADAM,2,openwebtext-3%,90,train_eval,8.063114166259766,2.7286356821589202e-05,6.1530024290719485,
2025-09-14 17:02:42,ADAM_lr0.0003,ADAM,2,openwebtext-3%,90,val_eval,8.082144737243652,2.7286356821589202e-05,6.1530024290719485,
2025-09-14 17:02:53,ADAM_lr0.0003,ADAM,2,openwebtext-3%,90,train_iter,8.017038702964783,2.7286356821589202e-05,6.098129275500079,24027.95672416687
2025-09-14 17:03:05,ADAM_lr0.0003,ADAM,2,openwebtext-3%,91,train_eval,8.032303810119629,2.758620689655172e-05,6.098129275500079,
2025-09-14 17:03:05,ADAM_lr0.0003,ADAM,2,openwebtext-3%,91,val_eval,8.057329177856445,2.758620689655172e-05,6.098129275500079,
2025-09-14 17:03:27,ADAM_lr0.0003,ADAM,2,openwebtext-3%,92,train_eval,8.016716003417969,2.788605697151424e-05,6.098129275500079,
2025-09-14 17:03:27,ADAM_lr0.0003,ADAM,2,openwebtext-3%,92,val_eval,8.037227630615234,2.788605697151424e-05,6.098129275500079,
2025-09-14 17:03:50,ADAM_lr0.0003,ADAM,2,openwebtext-3%,93,train_eval,7.994350433349609,2.818590704647676e-05,6.098129275500079,
2025-09-14 17:03:50,ADAM_lr0.0003,ADAM,2,openwebtext-3%,93,val_eval,8.003406524658203,2.818590704647676e-05,6.098129275500079,
2025-09-14 17:04:12,ADAM_lr0.0003,ADAM,2,openwebtext-3%,94,train_eval,7.977863311767578,2.8485757121439276e-05,6.098129275500079,
2025-09-14 17:04:12,ADAM_lr0.0003,ADAM,2,openwebtext-3%,94,val_eval,7.985033988952637,2.8485757121439276e-05,6.098129275500079,
2025-09-14 17:04:34,ADAM_lr0.0003,ADAM,2,openwebtext-3%,95,train_eval,7.9662346839904785,2.8785607196401797e-05,6.098129275500079,
2025-09-14 17:04:34,ADAM_lr0.0003,ADAM,2,openwebtext-3%,95,val_eval,7.963117599487305,2.8785607196401797e-05,6.098129275500079,
2025-09-14 17:04:57,ADAM_lr0.0003,ADAM,2,openwebtext-3%,96,train_eval,7.936161041259766,2.9085457271364315e-05,6.098129275500079,
2025-09-14 17:04:57,ADAM_lr0.0003,ADAM,2,openwebtext-3%,96,val_eval,7.94495964050293,2.9085457271364315e-05,6.098129275500079,
2025-09-14 17:05:20,ADAM_lr0.0003,ADAM,2,openwebtext-3%,97,train_eval,7.908414840698242,2.9385307346326836e-05,6.098129275500079,
2025-09-14 17:05:20,ADAM_lr0.0003,ADAM,2,openwebtext-3%,97,val_eval,7.918203353881836,2.9385307346326836e-05,6.098129275500079,
2025-09-14 17:05:43,ADAM_lr0.0003,ADAM,2,openwebtext-3%,98,train_eval,7.90359354019165,2.9685157421289354e-05,6.098129275500079,
2025-09-14 17:05:43,ADAM_lr0.0003,ADAM,2,openwebtext-3%,98,val_eval,7.8951005935668945,2.9685157421289354e-05,6.098129275500079,
2025-09-14 17:06:05,ADAM_lr0.0003,ADAM,2,openwebtext-3%,99,train_eval,7.851108551025391,2.998500749625187e-05,6.098129275500079,
2025-09-14 17:06:05,ADAM_lr0.0003,ADAM,2,openwebtext-3%,99,val_eval,7.880069732666016,2.998500749625187e-05,6.098129275500079,
2025-09-14 17:06:29,ADAM_lr0.0003,ADAM,2,openwebtext-3%,100,train_eval,7.84434700012207,3.028485757121439e-05,6.098129275500079,
2025-09-14 17:06:29,ADAM_lr0.0003,ADAM,2,openwebtext-3%,100,val_eval,7.850757598876953,3.028485757121439e-05,6.098129275500079,
2025-09-14 17:19:37,ADAM_lr0.0003,ADAM,2,openwebtext-3%,100,train_iter,7.992348670959473,3.028485757121439e-05,5.505109979723761,801846.67801857
2025-09-14 17:19:50,ADAM_lr0.0003,ADAM,2,openwebtext-3%,101,train_eval,7.828341484069824,3.058470764617691e-05,5.505109979723761,
2025-09-14 17:19:50,ADAM_lr0.0003,ADAM,2,openwebtext-3%,101,val_eval,7.833517074584961,3.058470764617691e-05,5.505109979723761,
2025-09-14 17:20:11,ADAM_lr0.0003,ADAM,2,openwebtext-3%,102,train_eval,7.790539741516113,3.0884557721139424e-05,5.505109979723761,
2025-09-14 17:20:11,ADAM_lr0.0003,ADAM,2,openwebtext-3%,102,val_eval,7.812431812286377,3.0884557721139424e-05,5.505109979723761,
2025-09-14 17:20:33,ADAM_lr0.0003,ADAM,2,openwebtext-3%,103,train_eval,7.773927211761475,3.1184407796101945e-05,5.505109979723761,
2025-09-14 17:20:33,ADAM_lr0.0003,ADAM,2,openwebtext-3%,103,val_eval,7.7676005363464355,3.1184407796101945e-05,5.505109979723761,
2025-09-14 17:20:55,ADAM_lr0.0003,ADAM,2,openwebtext-3%,104,train_eval,7.757688522338867,3.1484257871064466e-05,5.505109979723761,
2025-09-14 17:20:55,ADAM_lr0.0003,ADAM,2,openwebtext-3%,104,val_eval,7.753742694854736,3.1484257871064466e-05,5.505109979723761,
2025-09-14 17:21:17,ADAM_lr0.0003,ADAM,2,openwebtext-3%,105,train_eval,7.730505466461182,3.178410794602698e-05,5.505109979723761,
2025-09-14 17:21:17,ADAM_lr0.0003,ADAM,2,openwebtext-3%,105,val_eval,7.735008716583252,3.178410794602698e-05,5.505109979723761,
2025-09-14 17:21:38,ADAM_lr0.0003,ADAM,2,openwebtext-3%,106,train_eval,7.7143330574035645,3.20839580209895e-05,5.505109979723761,
2025-09-14 17:21:38,ADAM_lr0.0003,ADAM,2,openwebtext-3%,106,val_eval,7.711833953857422,3.20839580209895e-05,5.505109979723761,
2025-09-14 17:22:00,ADAM_lr0.0003,ADAM,2,openwebtext-3%,107,train_eval,7.700307846069336,3.238380809595202e-05,5.505109979723761,
2025-09-14 17:22:00,ADAM_lr0.0003,ADAM,2,openwebtext-3%,107,val_eval,7.684960842132568,3.238380809595202e-05,5.505109979723761,
2025-09-14 17:22:22,ADAM_lr0.0003,ADAM,2,openwebtext-3%,108,train_eval,7.675534248352051,3.2683658170914544e-05,5.505109979723761,
2025-09-14 17:22:22,ADAM_lr0.0003,ADAM,2,openwebtext-3%,108,val_eval,7.6737446784973145,3.2683658170914544e-05,5.505109979723761,
2025-09-14 17:22:44,ADAM_lr0.0003,ADAM,2,openwebtext-3%,109,train_eval,7.650953769683838,3.298350824587706e-05,5.505109979723761,
2025-09-14 17:22:44,ADAM_lr0.0003,ADAM,2,openwebtext-3%,109,val_eval,7.653483867645264,3.298350824587706e-05,5.505109979723761,
2025-09-14 17:23:05,ADAM_lr0.0003,ADAM,2,openwebtext-3%,110,train_eval,7.616986274719238,3.328335832083958e-05,5.505109979723761,
2025-09-14 17:23:05,ADAM_lr0.0003,ADAM,2,openwebtext-3%,110,val_eval,7.63395881652832,3.328335832083958e-05,5.505109979723761,
2025-09-14 17:23:14,ADAM_lr0.0003,ADAM,2,openwebtext-3%,110,train_iter,7.594786882400513,3.328335832083958e-05,5.573489793482545,21758.147954940796
2025-09-14 17:23:27,ADAM_lr0.0003,ADAM,2,openwebtext-3%,111,train_eval,7.612712383270264,3.35832083958021e-05,5.573489793482545,
2025-09-14 17:23:27,ADAM_lr0.0003,ADAM,2,openwebtext-3%,111,val_eval,7.602398872375488,3.35832083958021e-05,5.573489793482545,
2025-09-14 17:23:49,ADAM_lr0.0003,ADAM,2,openwebtext-3%,112,train_eval,7.580113410949707,3.3883058470764614e-05,5.573489793482545,
2025-09-14 17:23:49,ADAM_lr0.0003,ADAM,2,openwebtext-3%,112,val_eval,7.601077079772949,3.3883058470764614e-05,5.573489793482545,
2025-09-14 17:24:11,ADAM_lr0.0003,ADAM,2,openwebtext-3%,113,train_eval,7.561310291290283,3.418290854572713e-05,5.573489793482545,
2025-09-14 17:24:11,ADAM_lr0.0003,ADAM,2,openwebtext-3%,113,val_eval,7.5698370933532715,3.418290854572713e-05,5.573489793482545,
2025-09-14 17:24:33,ADAM_lr0.0003,ADAM,2,openwebtext-3%,114,train_eval,7.544227123260498,3.448275862068965e-05,5.573489793482545,
2025-09-14 17:24:33,ADAM_lr0.0003,ADAM,2,openwebtext-3%,114,val_eval,7.559193134307861,3.448275862068965e-05,5.573489793482545,
2025-09-14 17:24:55,ADAM_lr0.0003,ADAM,2,openwebtext-3%,115,train_eval,7.517786979675293,3.478260869565217e-05,5.573489793482545,
2025-09-14 17:24:55,ADAM_lr0.0003,ADAM,2,openwebtext-3%,115,val_eval,7.533236503601074,3.478260869565217e-05,5.573489793482545,
2025-09-14 17:25:17,ADAM_lr0.0003,ADAM,2,openwebtext-3%,116,train_eval,7.517364978790283,3.508245877061469e-05,5.573489793482545,
2025-09-14 17:25:17,ADAM_lr0.0003,ADAM,2,openwebtext-3%,116,val_eval,7.512398719787598,3.508245877061469e-05,5.573489793482545,
2025-09-14 17:25:38,ADAM_lr0.0003,ADAM,2,openwebtext-3%,117,train_eval,7.490756988525391,3.5382308845577206e-05,5.573489793482545,
2025-09-14 17:25:38,ADAM_lr0.0003,ADAM,2,openwebtext-3%,117,val_eval,7.484814643859863,3.5382308845577206e-05,5.573489793482545,
2025-09-14 17:26:00,ADAM_lr0.0003,ADAM,2,openwebtext-3%,118,train_eval,7.469304084777832,3.568215892053973e-05,5.573489793482545,
2025-09-14 17:26:00,ADAM_lr0.0003,ADAM,2,openwebtext-3%,118,val_eval,7.473660469055176,3.568215892053973e-05,5.573489793482545,
2025-09-14 17:26:21,ADAM_lr0.0003,ADAM,2,openwebtext-3%,119,train_eval,7.447806358337402,3.598200899550225e-05,5.573489793482545,
2025-09-14 17:26:21,ADAM_lr0.0003,ADAM,2,openwebtext-3%,119,val_eval,7.454771518707275,3.598200899550225e-05,5.573489793482545,
2025-09-14 17:26:43,ADAM_lr0.0003,ADAM,2,openwebtext-3%,120,train_eval,7.429863929748535,3.628185907046477e-05,5.573489793482545,
2025-09-14 17:26:43,ADAM_lr0.0003,ADAM,2,openwebtext-3%,120,val_eval,7.418877601623535,3.628185907046477e-05,5.573489793482545,
2025-09-14 17:26:52,ADAM_lr0.0003,ADAM,2,openwebtext-3%,120,train_iter,7.230052351951599,3.628185907046477e-05,5.637800824356087,21661.22579574585
2025-09-14 17:27:05,ADAM_lr0.0003,ADAM,2,openwebtext-3%,121,train_eval,7.41748046875,3.658170914542728e-05,5.637800824356087,
2025-09-14 17:27:05,ADAM_lr0.0003,ADAM,2,openwebtext-3%,121,val_eval,7.418027400970459,3.658170914542728e-05,5.637800824356087,
2025-09-14 17:27:27,ADAM_lr0.0003,ADAM,2,openwebtext-3%,122,train_eval,7.375579833984375,3.68815592203898e-05,5.637800824356087,
2025-09-14 17:27:27,ADAM_lr0.0003,ADAM,2,openwebtext-3%,122,val_eval,7.4007415771484375,3.68815592203898e-05,5.637800824356087,
2025-09-14 17:27:48,ADAM_lr0.0003,ADAM,2,openwebtext-3%,123,train_eval,7.378620624542236,3.718140929535232e-05,5.637800824356087,
2025-09-14 17:27:48,ADAM_lr0.0003,ADAM,2,openwebtext-3%,123,val_eval,7.402102470397949,3.718140929535232e-05,5.637800824356087,
2025-09-14 17:28:10,ADAM_lr0.0003,ADAM,2,openwebtext-3%,124,train_eval,7.366807460784912,3.748125937031484e-05,5.637800824356087,
2025-09-14 17:28:10,ADAM_lr0.0003,ADAM,2,openwebtext-3%,124,val_eval,7.354071617126465,3.748125937031484e-05,5.637800824356087,
2025-09-14 17:28:32,ADAM_lr0.0003,ADAM,2,openwebtext-3%,125,train_eval,7.336430549621582,3.7781109445277354e-05,5.637800824356087,
2025-09-14 17:28:32,ADAM_lr0.0003,ADAM,2,openwebtext-3%,125,val_eval,7.347101211547852,3.7781109445277354e-05,5.637800824356087,
2025-09-14 17:28:54,ADAM_lr0.0003,ADAM,2,openwebtext-3%,126,train_eval,7.314366340637207,3.8080959520239875e-05,5.637800824356087,
2025-09-14 17:28:54,ADAM_lr0.0003,ADAM,2,openwebtext-3%,126,val_eval,7.326315879821777,3.8080959520239875e-05,5.637800824356087,
2025-09-14 17:29:17,ADAM_lr0.0003,ADAM,2,openwebtext-3%,127,train_eval,7.308935642242432,3.8380809595202396e-05,5.637800824356087,
2025-09-14 17:29:17,ADAM_lr0.0003,ADAM,2,openwebtext-3%,127,val_eval,7.311934947967529,3.8380809595202396e-05,5.637800824356087,
2025-09-14 17:29:39,ADAM_lr0.0003,ADAM,2,openwebtext-3%,128,train_eval,7.277121543884277,3.868065967016492e-05,5.637800824356087,
2025-09-14 17:29:39,ADAM_lr0.0003,ADAM,2,openwebtext-3%,128,val_eval,7.291974067687988,3.868065967016492e-05,5.637800824356087,
2025-09-14 17:30:01,ADAM_lr0.0003,ADAM,2,openwebtext-3%,129,train_eval,7.266446590423584,3.898050974512744e-05,5.637800824356087,
2025-09-14 17:30:01,ADAM_lr0.0003,ADAM,2,openwebtext-3%,129,val_eval,7.269596576690674,3.898050974512744e-05,5.637800824356087,
2025-09-14 17:30:24,ADAM_lr0.0003,ADAM,2,openwebtext-3%,130,train_eval,7.257134914398193,3.928035982008995e-05,5.637800824356087,
2025-09-14 17:30:24,ADAM_lr0.0003,ADAM,2,openwebtext-3%,130,val_eval,7.263744354248047,3.928035982008995e-05,5.637800824356087,
2025-09-14 17:30:33,ADAM_lr0.0003,ADAM,2,openwebtext-3%,130,train_iter,7.061061859130859,3.928035982008995e-05,5.692912726870756,21758.10670852661
2025-09-14 17:30:45,ADAM_lr0.0003,ADAM,2,openwebtext-3%,131,train_eval,7.233275890350342,3.958020989505247e-05,5.692912726870756,
2025-09-14 17:30:45,ADAM_lr0.0003,ADAM,2,openwebtext-3%,131,val_eval,7.244297504425049,3.958020989505247e-05,5.692912726870756,
2025-09-14 17:31:07,ADAM_lr0.0003,ADAM,2,openwebtext-3%,132,train_eval,7.209994316101074,3.988005997001499e-05,5.692912726870756,
2025-09-14 17:31:07,ADAM_lr0.0003,ADAM,2,openwebtext-3%,132,val_eval,7.234994888305664,3.988005997001499e-05,5.692912726870756,
2025-09-14 17:31:29,ADAM_lr0.0003,ADAM,2,openwebtext-3%,133,train_eval,7.202050685882568,4.017991004497751e-05,5.692912726870756,
2025-09-14 17:31:29,ADAM_lr0.0003,ADAM,2,openwebtext-3%,133,val_eval,7.1966447830200195,4.017991004497751e-05,5.692912726870756,
2025-09-14 17:31:51,ADAM_lr0.0003,ADAM,2,openwebtext-3%,134,train_eval,7.19577169418335,4.0479760119940023e-05,5.692912726870756,
2025-09-14 17:31:51,ADAM_lr0.0003,ADAM,2,openwebtext-3%,134,val_eval,7.1968536376953125,4.0479760119940023e-05,5.692912726870756,
2025-09-14 17:32:12,ADAM_lr0.0003,ADAM,2,openwebtext-3%,135,train_eval,7.1775288581848145,4.0779610194902544e-05,5.692912726870756,
2025-09-14 17:32:12,ADAM_lr0.0003,ADAM,2,openwebtext-3%,135,val_eval,7.182015895843506,4.0779610194902544e-05,5.692912726870756,
2025-09-14 17:32:34,ADAM_lr0.0003,ADAM,2,openwebtext-3%,136,train_eval,7.163764476776123,4.1079460269865066e-05,5.692912726870756,
2025-09-14 17:32:34,ADAM_lr0.0003,ADAM,2,openwebtext-3%,136,val_eval,7.175358772277832,4.1079460269865066e-05,5.692912726870756,
2025-09-14 17:32:56,ADAM_lr0.0003,ADAM,2,openwebtext-3%,137,train_eval,7.143574237823486,4.1379310344827587e-05,5.692912726870756,
2025-09-14 17:32:56,ADAM_lr0.0003,ADAM,2,openwebtext-3%,137,val_eval,7.174752712249756,4.1379310344827587e-05,5.692912726870756,
2025-09-14 17:33:17,ADAM_lr0.0003,ADAM,2,openwebtext-3%,138,train_eval,7.136951923370361,4.16791604197901e-05,5.692912726870756,
2025-09-14 17:33:17,ADAM_lr0.0003,ADAM,2,openwebtext-3%,138,val_eval,7.137706279754639,4.16791604197901e-05,5.692912726870756,
2025-09-14 17:33:38,ADAM_lr0.0003,ADAM,2,openwebtext-3%,139,train_eval,7.1294846534729,4.197901049475262e-05,5.692912726870756,
2025-09-14 17:33:38,ADAM_lr0.0003,ADAM,2,openwebtext-3%,139,val_eval,7.129295825958252,4.197901049475262e-05,5.692912726870756,
2025-09-14 17:34:00,ADAM_lr0.0003,ADAM,2,openwebtext-3%,140,train_eval,7.086892127990723,4.227886056971514e-05,5.692912726870756,
2025-09-14 17:34:00,ADAM_lr0.0003,ADAM,2,openwebtext-3%,140,val_eval,7.124241828918457,4.227886056971514e-05,5.692912726870756,
2025-09-14 17:34:09,ADAM_lr0.0003,ADAM,2,openwebtext-3%,140,train_iter,6.895870566368103,4.227886056971514e-05,5.751125547311887,21459.490060806274
2025-09-14 17:34:21,ADAM_lr0.0003,ADAM,2,openwebtext-3%,141,train_eval,7.094892978668213,4.257871064467766e-05,5.751125547311887,
2025-09-14 17:34:21,ADAM_lr0.0003,ADAM,2,openwebtext-3%,141,val_eval,7.1126251220703125,4.257871064467766e-05,5.751125547311887,
2025-09-14 17:34:43,ADAM_lr0.0003,ADAM,2,openwebtext-3%,142,train_eval,7.054460048675537,4.287856071964017e-05,5.751125547311887,
2025-09-14 17:34:43,ADAM_lr0.0003,ADAM,2,openwebtext-3%,142,val_eval,7.078071117401123,4.287856071964017e-05,5.751125547311887,
2025-09-14 17:35:04,ADAM_lr0.0003,ADAM,2,openwebtext-3%,143,train_eval,7.066591739654541,4.317841079460269e-05,5.751125547311887,
2025-09-14 17:35:04,ADAM_lr0.0003,ADAM,2,openwebtext-3%,143,val_eval,7.068161487579346,4.317841079460269e-05,5.751125547311887,
2025-09-14 17:35:26,ADAM_lr0.0003,ADAM,2,openwebtext-3%,144,train_eval,7.037293910980225,4.3478260869565214e-05,5.751125547311887,
2025-09-14 17:35:26,ADAM_lr0.0003,ADAM,2,openwebtext-3%,144,val_eval,7.059695243835449,4.3478260869565214e-05,5.751125547311887,
2025-09-14 17:35:48,ADAM_lr0.0003,ADAM,2,openwebtext-3%,145,train_eval,7.0191426277160645,4.3778110944527735e-05,5.751125547311887,
2025-09-14 17:35:48,ADAM_lr0.0003,ADAM,2,openwebtext-3%,145,val_eval,7.046299934387207,4.3778110944527735e-05,5.751125547311887,
2025-09-14 17:36:09,ADAM_lr0.0003,ADAM,2,openwebtext-3%,146,train_eval,7.008062839508057,4.407796101949025e-05,5.751125547311887,
2025-09-14 17:36:09,ADAM_lr0.0003,ADAM,2,openwebtext-3%,146,val_eval,7.037301063537598,4.407796101949025e-05,5.751125547311887,
2025-09-14 17:36:30,ADAM_lr0.0003,ADAM,2,openwebtext-3%,147,train_eval,7.014851093292236,4.437781109445277e-05,5.751125547311887,
2025-09-14 17:36:30,ADAM_lr0.0003,ADAM,2,openwebtext-3%,147,val_eval,7.036252498626709,4.437781109445277e-05,5.751125547311887,
2025-09-14 17:36:51,ADAM_lr0.0003,ADAM,2,openwebtext-3%,148,train_eval,6.986973762512207,4.467766116941529e-05,5.751125547311887,
2025-09-14 17:36:51,ADAM_lr0.0003,ADAM,2,openwebtext-3%,148,val_eval,7.01059103012085,4.467766116941529e-05,5.751125547311887,
2025-09-14 17:37:13,ADAM_lr0.0003,ADAM,2,openwebtext-3%,149,train_eval,6.9710235595703125,4.497751124437781e-05,5.751125547311887,
2025-09-14 17:37:13,ADAM_lr0.0003,ADAM,2,openwebtext-3%,149,val_eval,6.998881816864014,4.497751124437781e-05,5.751125547311887,
2025-09-14 17:37:34,ADAM_lr0.0003,ADAM,2,openwebtext-3%,150,train_eval,6.9671478271484375,4.527736131934032e-05,5.751125547311887,
2025-09-14 17:37:34,ADAM_lr0.0003,ADAM,2,openwebtext-3%,150,val_eval,6.986745834350586,4.527736131934032e-05,5.751125547311887,
2025-09-14 17:37:42,ADAM_lr0.0003,ADAM,2,openwebtext-3%,150,train_iter,7.108203172683716,4.527736131934032e-05,5.809619715033871,21252.801418304443
2025-09-14 17:37:55,ADAM_lr0.0003,ADAM,2,openwebtext-3%,151,train_eval,6.952641010284424,4.557721139430284e-05,5.809619715033871,
2025-09-14 17:37:55,ADAM_lr0.0003,ADAM,2,openwebtext-3%,151,val_eval,6.968279838562012,4.557721139430284e-05,5.809619715033871,
2025-09-14 17:38:16,ADAM_lr0.0003,ADAM,2,openwebtext-3%,152,train_eval,6.932416915893555,4.587706146926536e-05,5.809619715033871,
2025-09-14 17:38:16,ADAM_lr0.0003,ADAM,2,openwebtext-3%,152,val_eval,6.962644100189209,4.587706146926536e-05,5.809619715033871,
2025-09-14 17:38:38,ADAM_lr0.0003,ADAM,2,openwebtext-3%,153,train_eval,6.951854228973389,4.617691154422788e-05,5.809619715033871,
2025-09-14 17:38:38,ADAM_lr0.0003,ADAM,2,openwebtext-3%,153,val_eval,6.946805000305176,4.617691154422788e-05,5.809619715033871,
2025-09-14 17:38:59,ADAM_lr0.0003,ADAM,2,openwebtext-3%,154,train_eval,6.912766933441162,4.64767616191904e-05,5.809619715033871,
2025-09-14 17:38:59,ADAM_lr0.0003,ADAM,2,openwebtext-3%,154,val_eval,6.947109222412109,4.64767616191904e-05,5.809619715033871,
2025-09-14 17:39:20,ADAM_lr0.0003,ADAM,2,openwebtext-3%,155,train_eval,6.921175479888916,4.677661169415292e-05,5.809619715033871,
2025-09-14 17:39:20,ADAM_lr0.0003,ADAM,2,openwebtext-3%,155,val_eval,6.925321102142334,4.677661169415292e-05,5.809619715033871,
2025-09-14 17:39:42,ADAM_lr0.0003,ADAM,2,openwebtext-3%,156,train_eval,6.9074625968933105,4.707646176911544e-05,5.809619715033871,
2025-09-14 17:39:42,ADAM_lr0.0003,ADAM,2,openwebtext-3%,156,val_eval,6.925992488861084,4.707646176911544e-05,5.809619715033871,
2025-09-14 17:40:03,ADAM_lr0.0003,ADAM,2,openwebtext-3%,157,train_eval,6.898316860198975,4.737631184407796e-05,5.809619715033871,
2025-09-14 17:40:03,ADAM_lr0.0003,ADAM,2,openwebtext-3%,157,val_eval,6.897925853729248,4.737631184407796e-05,5.809619715033871,
2025-09-14 17:40:24,ADAM_lr0.0003,ADAM,2,openwebtext-3%,158,train_eval,6.884450912475586,4.7676161919040474e-05,5.809619715033871,
2025-09-14 17:40:24,ADAM_lr0.0003,ADAM,2,openwebtext-3%,158,val_eval,6.8927321434021,4.7676161919040474e-05,5.809619715033871,
2025-09-14 17:40:45,ADAM_lr0.0003,ADAM,2,openwebtext-3%,159,train_eval,6.8673295974731445,4.7976011994002995e-05,5.809619715033871,
2025-09-14 17:40:45,ADAM_lr0.0003,ADAM,2,openwebtext-3%,159,val_eval,6.887228965759277,4.7976011994002995e-05,5.809619715033871,
2025-09-14 17:41:07,ADAM_lr0.0003,ADAM,2,openwebtext-3%,160,train_eval,6.859858989715576,4.827586206896551e-05,5.809619715033871,
2025-09-14 17:41:07,ADAM_lr0.0003,ADAM,2,openwebtext-3%,160,val_eval,6.88010311126709,4.827586206896551e-05,5.809619715033871,
2025-09-14 17:41:15,ADAM_lr0.0003,ADAM,2,openwebtext-3%,160,train_iter,7.29498028755188,4.827586206896551e-05,5.861662016031547,21273.02837371826
2025-09-14 17:41:28,ADAM_lr0.0003,ADAM,2,openwebtext-3%,161,train_eval,6.854832649230957,4.857571214392803e-05,5.861662016031547,
2025-09-14 17:41:28,ADAM_lr0.0003,ADAM,2,openwebtext-3%,161,val_eval,6.870624542236328,4.857571214392803e-05,5.861662016031547,
2025-09-14 17:41:49,ADAM_lr0.0003,ADAM,2,openwebtext-3%,162,train_eval,6.842501640319824,4.887556221889055e-05,5.861662016031547,
2025-09-14 17:41:49,ADAM_lr0.0003,ADAM,2,openwebtext-3%,162,val_eval,6.84681510925293,4.887556221889055e-05,5.861662016031547,
2025-09-14 17:42:10,ADAM_lr0.0003,ADAM,2,openwebtext-3%,163,train_eval,6.832591533660889,4.9175412293853066e-05,5.861662016031547,
2025-09-14 17:42:10,ADAM_lr0.0003,ADAM,2,openwebtext-3%,163,val_eval,6.862596035003662,4.9175412293853066e-05,5.861662016031547,
2025-09-14 17:42:31,ADAM_lr0.0003,ADAM,2,openwebtext-3%,164,train_eval,6.830969333648682,4.947526236881559e-05,5.861662016031547,
2025-09-14 17:42:31,ADAM_lr0.0003,ADAM,2,openwebtext-3%,164,val_eval,6.830859184265137,4.947526236881559e-05,5.861662016031547,
2025-09-14 17:42:53,ADAM_lr0.0003,ADAM,2,openwebtext-3%,165,train_eval,6.827274322509766,4.977511244377811e-05,5.861662016031547,
2025-09-14 17:42:53,ADAM_lr0.0003,ADAM,2,openwebtext-3%,165,val_eval,6.831649303436279,4.977511244377811e-05,5.861662016031547,
2025-09-14 17:43:14,ADAM_lr0.0003,ADAM,2,openwebtext-3%,166,train_eval,6.795332431793213,5.007496251874063e-05,5.861662016031547,
2025-09-14 17:43:14,ADAM_lr0.0003,ADAM,2,openwebtext-3%,166,val_eval,6.827826976776123,5.007496251874063e-05,5.861662016031547,
2025-09-14 17:43:35,ADAM_lr0.0003,ADAM,2,openwebtext-3%,167,train_eval,6.808566093444824,5.0374812593703144e-05,5.861662016031547,
2025-09-14 17:43:35,ADAM_lr0.0003,ADAM,2,openwebtext-3%,167,val_eval,6.828264236450195,5.0374812593703144e-05,5.861662016031547,
2025-09-14 17:43:56,ADAM_lr0.0003,ADAM,2,openwebtext-3%,168,train_eval,6.79106330871582,5.0674662668665665e-05,5.861662016031547,
2025-09-14 17:43:56,ADAM_lr0.0003,ADAM,2,openwebtext-3%,168,val_eval,6.812747955322266,5.0674662668665665e-05,5.861662016031547,
2025-09-14 17:44:18,ADAM_lr0.0003,ADAM,2,openwebtext-3%,169,train_eval,6.785130500793457,5.0974512743628186e-05,5.861662016031547,
2025-09-14 17:44:18,ADAM_lr0.0003,ADAM,2,openwebtext-3%,169,val_eval,6.805095195770264,5.0974512743628186e-05,5.861662016031547,
2025-09-14 17:44:39,ADAM_lr0.0003,ADAM,2,openwebtext-3%,170,train_eval,6.783712387084961,5.12743628185907e-05,5.861662016031547,
2025-09-14 17:44:39,ADAM_lr0.0003,ADAM,2,openwebtext-3%,170,val_eval,6.7873921394348145,5.12743628185907e-05,5.861662016031547,
2025-09-14 17:44:47,ADAM_lr0.0003,ADAM,2,openwebtext-3%,170,train_iter,6.668018102645874,5.12743628185907e-05,5.910401854549812,21209.30814743042
2025-09-14 17:45:00,ADAM_lr0.0003,ADAM,2,openwebtext-3%,171,train_eval,6.763716220855713,5.1574212893553214e-05,5.910401854549812,
2025-09-14 17:45:00,ADAM_lr0.0003,ADAM,2,openwebtext-3%,171,val_eval,6.7662353515625,5.1574212893553214e-05,5.910401854549812,
2025-09-14 17:45:21,ADAM_lr0.0003,ADAM,2,openwebtext-3%,172,train_eval,6.751976490020752,5.1874062968515735e-05,5.910401854549812,
2025-09-14 17:45:21,ADAM_lr0.0003,ADAM,2,openwebtext-3%,172,val_eval,6.785369396209717,5.1874062968515735e-05,5.910401854549812,
2025-09-14 17:45:43,ADAM_lr0.0003,ADAM,2,openwebtext-3%,173,train_eval,6.757081508636475,5.2173913043478256e-05,5.910401854549812,
2025-09-14 17:45:43,ADAM_lr0.0003,ADAM,2,openwebtext-3%,173,val_eval,6.743159770965576,5.2173913043478256e-05,5.910401854549812,
2025-09-14 17:46:04,ADAM_lr0.0003,ADAM,2,openwebtext-3%,174,train_eval,6.751081466674805,5.247376311844078e-05,5.910401854549812,
2025-09-14 17:46:04,ADAM_lr0.0003,ADAM,2,openwebtext-3%,174,val_eval,6.743935585021973,5.247376311844078e-05,5.910401854549812,
2025-09-14 17:46:25,ADAM_lr0.0003,ADAM,2,openwebtext-3%,175,train_eval,6.73603630065918,5.277361319340329e-05,5.910401854549812,
2025-09-14 17:46:25,ADAM_lr0.0003,ADAM,2,openwebtext-3%,175,val_eval,6.745540618896484,5.277361319340329e-05,5.910401854549812,
2025-09-14 17:46:46,ADAM_lr0.0003,ADAM,2,openwebtext-3%,176,train_eval,6.715495586395264,5.307346326836581e-05,5.910401854549812,
2025-09-14 17:46:46,ADAM_lr0.0003,ADAM,2,openwebtext-3%,176,val_eval,6.741786956787109,5.307346326836581e-05,5.910401854549812,
2025-09-14 17:47:07,ADAM_lr0.0003,ADAM,2,openwebtext-3%,177,train_eval,6.72770881652832,5.3373313343328334e-05,5.910401854549812,
2025-09-14 17:47:07,ADAM_lr0.0003,ADAM,2,openwebtext-3%,177,val_eval,6.719466686248779,5.3373313343328334e-05,5.910401854549812,
2025-09-14 17:47:29,ADAM_lr0.0003,ADAM,2,openwebtext-3%,178,train_eval,6.711260795593262,5.3673163418290855e-05,5.910401854549812,
2025-09-14 17:47:29,ADAM_lr0.0003,ADAM,2,openwebtext-3%,178,val_eval,6.7171549797058105,5.3673163418290855e-05,5.910401854549812,
2025-09-14 17:47:50,ADAM_lr0.0003,ADAM,2,openwebtext-3%,179,train_eval,6.699746608734131,5.397301349325337e-05,5.910401854549812,
2025-09-14 17:47:50,ADAM_lr0.0003,ADAM,2,openwebtext-3%,179,val_eval,6.70760440826416,5.397301349325337e-05,5.910401854549812,
2025-09-14 17:48:11,ADAM_lr0.0003,ADAM,2,openwebtext-3%,180,train_eval,6.691445350646973,5.427286356821588e-05,5.910401854549812,
2025-09-14 17:48:11,ADAM_lr0.0003,ADAM,2,openwebtext-3%,180,val_eval,6.715961456298828,5.427286356821588e-05,5.910401854549812,
2025-09-14 17:48:20,ADAM_lr0.0003,ADAM,2,openwebtext-3%,180,train_iter,6.682983040809631,5.427286356821588e-05,5.953668842115239,21229.332447052002
2025-09-14 17:48:32,ADAM_lr0.0003,ADAM,2,openwebtext-3%,181,train_eval,6.681612491607666,5.4572713643178404e-05,5.953668842115239,
2025-09-14 17:48:32,ADAM_lr0.0003,ADAM,2,openwebtext-3%,181,val_eval,6.6994853019714355,5.4572713643178404e-05,5.953668842115239,
2025-09-14 17:48:54,ADAM_lr0.0003,ADAM,2,openwebtext-3%,182,train_eval,6.6891279220581055,5.4872563718140925e-05,5.953668842115239,
2025-09-14 17:48:54,ADAM_lr0.0003,ADAM,2,openwebtext-3%,182,val_eval,6.688966751098633,5.4872563718140925e-05,5.953668842115239,
2025-09-14 17:49:15,ADAM_lr0.0003,ADAM,2,openwebtext-3%,183,train_eval,6.670325756072998,5.517241379310344e-05,5.953668842115239,
2025-09-14 17:49:15,ADAM_lr0.0003,ADAM,2,openwebtext-3%,183,val_eval,6.6739935874938965,5.517241379310344e-05,5.953668842115239,
2025-09-14 17:49:36,ADAM_lr0.0003,ADAM,2,openwebtext-3%,184,train_eval,6.666779041290283,5.547226386806596e-05,5.953668842115239,
2025-09-14 17:49:36,ADAM_lr0.0003,ADAM,2,openwebtext-3%,184,val_eval,6.668334484100342,5.547226386806596e-05,5.953668842115239,
2025-09-14 17:49:58,ADAM_lr0.0003,ADAM,2,openwebtext-3%,185,train_eval,6.666272163391113,5.577211394302848e-05,5.953668842115239,
2025-09-14 17:49:58,ADAM_lr0.0003,ADAM,2,openwebtext-3%,185,val_eval,6.6630072593688965,5.577211394302848e-05,5.953668842115239,
2025-09-14 17:50:19,ADAM_lr0.0003,ADAM,2,openwebtext-3%,186,train_eval,6.655142307281494,5.6071964017991e-05,5.953668842115239,
2025-09-14 17:50:19,ADAM_lr0.0003,ADAM,2,openwebtext-3%,186,val_eval,6.655176162719727,5.6071964017991e-05,5.953668842115239,
2025-09-14 17:50:40,ADAM_lr0.0003,ADAM,2,openwebtext-3%,187,train_eval,6.649746894836426,5.637181409295352e-05,5.953668842115239,
2025-09-14 17:50:40,ADAM_lr0.0003,ADAM,2,openwebtext-3%,187,val_eval,6.6542463302612305,5.637181409295352e-05,5.953668842115239,
2025-09-14 17:51:02,ADAM_lr0.0003,ADAM,2,openwebtext-3%,188,train_eval,6.6349778175354,5.667166416791604e-05,5.953668842115239,
2025-09-14 17:51:02,ADAM_lr0.0003,ADAM,2,openwebtext-3%,188,val_eval,6.645902633666992,5.667166416791604e-05,5.953668842115239,
2025-09-14 17:51:23,ADAM_lr0.0003,ADAM,2,openwebtext-3%,189,train_eval,6.636714458465576,5.697151424287855e-05,5.953668842115239,
2025-09-14 17:51:23,ADAM_lr0.0003,ADAM,2,openwebtext-3%,189,val_eval,6.637424468994141,5.697151424287855e-05,5.953668842115239,
2025-09-14 17:51:44,ADAM_lr0.0003,ADAM,2,openwebtext-3%,190,train_eval,6.616531848907471,5.7271364317841074e-05,5.953668842115239,
2025-09-14 17:51:44,ADAM_lr0.0003,ADAM,2,openwebtext-3%,190,val_eval,6.642103672027588,5.7271364317841074e-05,5.953668842115239,
2025-09-14 17:51:53,ADAM_lr0.0003,ADAM,2,openwebtext-3%,190,train_iter,6.690555810928345,5.7271364317841074e-05,5.992070256569995,21247.38311767578
2025-09-14 17:52:06,ADAM_lr0.0003,ADAM,2,openwebtext-3%,191,train_eval,6.606727123260498,5.7571214392803595e-05,5.992070256569995,
2025-09-14 17:52:06,ADAM_lr0.0003,ADAM,2,openwebtext-3%,191,val_eval,6.627821445465088,5.7571214392803595e-05,5.992070256569995,
2025-09-14 17:52:27,ADAM_lr0.0003,ADAM,2,openwebtext-3%,192,train_eval,6.584747314453125,5.787106446776611e-05,5.992070256569995,
2025-09-14 17:52:27,ADAM_lr0.0003,ADAM,2,openwebtext-3%,192,val_eval,6.615087985992432,5.787106446776611e-05,5.992070256569995,
2025-09-14 17:52:48,ADAM_lr0.0003,ADAM,2,openwebtext-3%,193,train_eval,6.594170093536377,5.817091454272863e-05,5.992070256569995,
2025-09-14 17:52:48,ADAM_lr0.0003,ADAM,2,openwebtext-3%,193,val_eval,6.60722541809082,5.817091454272863e-05,5.992070256569995,
2025-09-14 17:53:10,ADAM_lr0.0003,ADAM,2,openwebtext-3%,194,train_eval,6.593158721923828,5.847076461769115e-05,5.992070256569995,
2025-09-14 17:53:10,ADAM_lr0.0003,ADAM,2,openwebtext-3%,194,val_eval,6.603711128234863,5.847076461769115e-05,5.992070256569995,
2025-09-14 17:53:31,ADAM_lr0.0003,ADAM,2,openwebtext-3%,195,train_eval,6.5768656730651855,5.877061469265367e-05,5.992070256569995,
2025-09-14 17:53:31,ADAM_lr0.0003,ADAM,2,openwebtext-3%,195,val_eval,6.595579624176025,5.877061469265367e-05,5.992070256569995,
2025-09-14 17:53:53,ADAM_lr0.0003,ADAM,2,openwebtext-3%,196,train_eval,6.5664262771606445,5.9070464767616186e-05,5.992070256569995,
2025-09-14 17:53:53,ADAM_lr0.0003,ADAM,2,openwebtext-3%,196,val_eval,6.585471153259277,5.9070464767616186e-05,5.992070256569995,
2025-09-14 17:54:14,ADAM_lr0.0003,ADAM,2,openwebtext-3%,197,train_eval,6.571012020111084,5.937031484257871e-05,5.992070256569995,
2025-09-14 17:54:14,ADAM_lr0.0003,ADAM,2,openwebtext-3%,197,val_eval,6.573765277862549,5.937031484257871e-05,5.992070256569995,
2025-09-14 17:54:35,ADAM_lr0.0003,ADAM,2,openwebtext-3%,198,train_eval,6.569990158081055,5.967016491754123e-05,5.992070256569995,
2025-09-14 17:54:35,ADAM_lr0.0003,ADAM,2,openwebtext-3%,198,val_eval,6.560588359832764,5.967016491754123e-05,5.992070256569995,
2025-09-14 17:54:56,ADAM_lr0.0003,ADAM,2,openwebtext-3%,199,train_eval,6.5602126121521,5.997001499250374e-05,5.992070256569995,
2025-09-14 17:54:56,ADAM_lr0.0003,ADAM,2,openwebtext-3%,199,val_eval,6.565699577331543,5.997001499250374e-05,5.992070256569995,
2025-09-14 17:55:17,ADAM_lr0.0003,ADAM,2,openwebtext-3%,200,train_eval,6.545436859130859,6.026986506746626e-05,5.992070256569995,
2025-09-14 17:55:17,ADAM_lr0.0003,ADAM,2,openwebtext-3%,200,val_eval,6.548189640045166,6.026986506746626e-05,5.992070256569995,
2025-09-14 17:55:34,ADAM_lr0.0003,ADAM,2,openwebtext-3%,200,train_iter,6.4893293380737305,6.026986506746626e-05,5.853024240392128,29263.4916305542
2025-09-14 17:55:55,ADAM_lr0.001,ADAM,2,openwebtext-3%,0,train_eval,10.945842742919922,2.998500749625187e-07,,
2025-09-14 17:55:55,ADAM_lr0.001,ADAM,2,openwebtext-3%,0,val_eval,10.944282531738281,2.998500749625187e-07,,
2025-09-14 17:56:09,ADAM_lr0.001,ADAM,2,openwebtext-3%,0,train_iter,10.945987701416016,2.998500749625187e-07,,27975.37899017334
2025-09-14 17:56:22,ADAM_lr0.001,ADAM,2,openwebtext-3%,1,train_eval,10.928661346435547,5.997001499250374e-07,,
2025-09-14 17:56:22,ADAM_lr0.001,ADAM,2,openwebtext-3%,1,val_eval,10.928650856018066,5.997001499250374e-07,,
2025-09-14 17:56:43,ADAM_lr0.001,ADAM,2,openwebtext-3%,2,train_eval,10.894747734069824,8.995502248875562e-07,,
2025-09-14 17:56:43,ADAM_lr0.001,ADAM,2,openwebtext-3%,2,val_eval,10.892067909240723,8.995502248875562e-07,,
2025-09-14 17:57:05,ADAM_lr0.001,ADAM,2,openwebtext-3%,3,train_eval,10.842097282409668,1.1994002998500749e-06,,
2025-09-14 17:57:05,ADAM_lr0.001,ADAM,2,openwebtext-3%,3,val_eval,10.841872215270996,1.1994002998500749e-06,,
2025-09-14 17:57:26,ADAM_lr0.001,ADAM,2,openwebtext-3%,4,train_eval,10.77509880065918,1.4992503748125936e-06,,
2025-09-14 17:57:26,ADAM_lr0.001,ADAM,2,openwebtext-3%,4,val_eval,10.77511978149414,1.4992503748125936e-06,,
2025-09-14 17:57:48,ADAM_lr0.001,ADAM,2,openwebtext-3%,5,train_eval,10.695474624633789,1.7991004497751123e-06,,
2025-09-14 17:57:48,ADAM_lr0.001,ADAM,2,openwebtext-3%,5,val_eval,10.694962501525879,1.7991004497751123e-06,,
2025-09-14 17:58:09,ADAM_lr0.001,ADAM,2,openwebtext-3%,6,train_eval,10.608711242675781,2.0989505247376313e-06,,
2025-09-14 17:58:09,ADAM_lr0.001,ADAM,2,openwebtext-3%,6,val_eval,10.608373641967773,2.0989505247376313e-06,,
2025-09-14 17:58:30,ADAM_lr0.001,ADAM,2,openwebtext-3%,7,train_eval,10.521751403808594,2.3988005997001498e-06,,
2025-09-14 17:58:30,ADAM_lr0.001,ADAM,2,openwebtext-3%,7,val_eval,10.521617889404297,2.3988005997001498e-06,,
2025-09-14 17:58:51,ADAM_lr0.001,ADAM,2,openwebtext-3%,8,train_eval,10.4368314743042,2.6986506746626683e-06,,
2025-09-14 17:58:51,ADAM_lr0.001,ADAM,2,openwebtext-3%,8,val_eval,10.432140350341797,2.6986506746626683e-06,,
2025-09-14 17:59:13,ADAM_lr0.001,ADAM,2,openwebtext-3%,9,train_eval,10.347936630249023,2.9985007496251872e-06,,
2025-09-14 17:59:13,ADAM_lr0.001,ADAM,2,openwebtext-3%,9,val_eval,10.346100807189941,2.9985007496251872e-06,,
2025-09-14 17:59:34,ADAM_lr0.001,ADAM,2,openwebtext-3%,10,train_eval,10.267672538757324,3.2983508245877057e-06,,
2025-09-14 17:59:34,ADAM_lr0.001,ADAM,2,openwebtext-3%,10,val_eval,10.26898193359375,3.2983508245877057e-06,,
2025-09-14 17:59:42,ADAM_lr0.001,ADAM,2,openwebtext-3%,10,train_iter,10.271294116973877,3.2983508245877057e-06,6.341566643666425,21234.370946884155
2025-09-14 17:59:55,ADAM_lr0.001,ADAM,2,openwebtext-3%,11,train_eval,10.196553230285645,3.5982008995502247e-06,6.341566643666425,
2025-09-14 17:59:55,ADAM_lr0.001,ADAM,2,openwebtext-3%,11,val_eval,10.190939903259277,3.5982008995502247e-06,6.341566643666425,
2025-09-14 18:00:16,ADAM_lr0.001,ADAM,2,openwebtext-3%,12,train_eval,10.122049331665039,3.898050974512743e-06,6.341566643666425,
2025-09-14 18:00:16,ADAM_lr0.001,ADAM,2,openwebtext-3%,12,val_eval,10.124204635620117,3.898050974512743e-06,6.341566643666425,
2025-09-14 18:00:37,ADAM_lr0.001,ADAM,2,openwebtext-3%,13,train_eval,10.063104629516602,4.1979010494752625e-06,6.341566643666425,
2025-09-14 18:00:37,ADAM_lr0.001,ADAM,2,openwebtext-3%,13,val_eval,10.059329986572266,4.1979010494752625e-06,6.341566643666425,
2025-09-14 18:00:59,ADAM_lr0.001,ADAM,2,openwebtext-3%,14,train_eval,9.998656272888184,4.497751124437781e-06,6.341566643666425,
2025-09-14 18:00:59,ADAM_lr0.001,ADAM,2,openwebtext-3%,14,val_eval,10.003933906555176,4.497751124437781e-06,6.341566643666425,
2025-09-14 18:01:21,ADAM_lr0.001,ADAM,2,openwebtext-3%,15,train_eval,9.943855285644531,4.7976011994002995e-06,6.341566643666425,
2025-09-14 18:01:21,ADAM_lr0.001,ADAM,2,openwebtext-3%,15,val_eval,9.94326114654541,4.7976011994002995e-06,6.341566643666425,
2025-09-14 18:01:42,ADAM_lr0.001,ADAM,2,openwebtext-3%,16,train_eval,9.891254425048828,5.097451274362818e-06,6.341566643666425,
2025-09-14 18:01:42,ADAM_lr0.001,ADAM,2,openwebtext-3%,16,val_eval,9.894895553588867,5.097451274362818e-06,6.341566643666425,
2025-09-14 18:02:03,ADAM_lr0.001,ADAM,2,openwebtext-3%,17,train_eval,9.848115921020508,5.3973013493253366e-06,6.341566643666425,
2025-09-14 18:02:03,ADAM_lr0.001,ADAM,2,openwebtext-3%,17,val_eval,9.840738296508789,5.3973013493253366e-06,6.341566643666425,
2025-09-14 18:02:25,ADAM_lr0.001,ADAM,2,openwebtext-3%,18,train_eval,9.805438995361328,5.697151424287855e-06,6.341566643666425,
2025-09-14 18:02:25,ADAM_lr0.001,ADAM,2,openwebtext-3%,18,val_eval,9.795060157775879,5.697151424287855e-06,6.341566643666425,
2025-09-14 18:02:46,ADAM_lr0.001,ADAM,2,openwebtext-3%,19,train_eval,9.755914688110352,5.9970014992503744e-06,6.341566643666425,
2025-09-14 18:02:46,ADAM_lr0.001,ADAM,2,openwebtext-3%,19,val_eval,9.747764587402344,5.9970014992503744e-06,6.341566643666425,
2025-09-14 18:03:08,ADAM_lr0.001,ADAM,2,openwebtext-3%,20,train_eval,9.717469215393066,6.296851574212893e-06,6.341566643666425,
2025-09-14 18:03:08,ADAM_lr0.001,ADAM,2,openwebtext-3%,20,val_eval,9.719499588012695,6.296851574212893e-06,6.341566643666425,
2025-09-14 18:03:16,ADAM_lr0.001,ADAM,2,openwebtext-3%,20,train_iter,9.817442893981934,6.296851574212893e-06,6.343519695767695,21169.174909591675
2025-09-14 18:03:29,ADAM_lr0.001,ADAM,2,openwebtext-3%,21,train_eval,9.685637474060059,6.5967016491754115e-06,6.343519695767695,
2025-09-14 18:03:29,ADAM_lr0.001,ADAM,2,openwebtext-3%,21,val_eval,9.688061714172363,6.5967016491754115e-06,6.343519695767695,
2025-09-14 18:03:50,ADAM_lr0.001,ADAM,2,openwebtext-3%,22,train_eval,9.651050567626953,6.89655172413793e-06,6.343519695767695,
2025-09-14 18:03:50,ADAM_lr0.001,ADAM,2,openwebtext-3%,22,val_eval,9.653270721435547,6.89655172413793e-06,6.343519695767695,
2025-09-14 18:04:11,ADAM_lr0.001,ADAM,2,openwebtext-3%,23,train_eval,9.625777244567871,7.196401799100449e-06,6.343519695767695,
2025-09-14 18:04:11,ADAM_lr0.001,ADAM,2,openwebtext-3%,23,val_eval,9.632533073425293,7.196401799100449e-06,6.343519695767695,
2025-09-14 18:04:33,ADAM_lr0.001,ADAM,2,openwebtext-3%,24,train_eval,9.599508285522461,7.496251874062968e-06,6.343519695767695,
2025-09-14 18:04:33,ADAM_lr0.001,ADAM,2,openwebtext-3%,24,val_eval,9.60414981842041,7.496251874062968e-06,6.343519695767695,
2025-09-14 18:04:54,ADAM_lr0.001,ADAM,2,openwebtext-3%,25,train_eval,9.576617240905762,7.796101949025486e-06,6.343519695767695,
2025-09-14 18:04:54,ADAM_lr0.001,ADAM,2,openwebtext-3%,25,val_eval,9.576396942138672,7.796101949025486e-06,6.343519695767695,
2025-09-14 18:05:16,ADAM_lr0.001,ADAM,2,openwebtext-3%,26,train_eval,9.559008598327637,8.095952023988006e-06,6.343519695767695,
2025-09-14 18:05:16,ADAM_lr0.001,ADAM,2,openwebtext-3%,26,val_eval,9.549044609069824,8.095952023988006e-06,6.343519695767695,
2025-09-14 18:05:37,ADAM_lr0.001,ADAM,2,openwebtext-3%,27,train_eval,9.53372573852539,8.395802098950525e-06,6.343519695767695,
2025-09-14 18:05:37,ADAM_lr0.001,ADAM,2,openwebtext-3%,27,val_eval,9.525195121765137,8.395802098950525e-06,6.343519695767695,
2025-09-14 18:05:58,ADAM_lr0.001,ADAM,2,openwebtext-3%,28,train_eval,9.495711326599121,8.695652173913043e-06,6.343519695767695,
2025-09-14 18:05:58,ADAM_lr0.001,ADAM,2,openwebtext-3%,28,val_eval,9.5004301071167,8.695652173913043e-06,6.343519695767695,
2025-09-14 18:06:20,ADAM_lr0.001,ADAM,2,openwebtext-3%,29,train_eval,9.476327896118164,8.995502248875562e-06,6.343519695767695,
2025-09-14 18:06:20,ADAM_lr0.001,ADAM,2,openwebtext-3%,29,val_eval,9.474089622497559,8.995502248875562e-06,6.343519695767695,
2025-09-14 18:06:41,ADAM_lr0.001,ADAM,2,openwebtext-3%,30,train_eval,9.452774047851562,9.29535232383808e-06,6.343519695767695,
2025-09-14 18:06:41,ADAM_lr0.001,ADAM,2,openwebtext-3%,30,val_eval,9.46109390258789,9.29535232383808e-06,6.343519695767695,
2025-09-14 18:06:50,ADAM_lr0.001,ADAM,2,openwebtext-3%,30,train_iter,9.425542950630188,9.29535232383808e-06,6.335678535777565,21493.512392044067
2025-09-14 18:07:03,ADAM_lr0.001,ADAM,2,openwebtext-3%,31,train_eval,9.434855461120605,9.595202398800599e-06,6.335678535777565,
2025-09-14 18:07:03,ADAM_lr0.001,ADAM,2,openwebtext-3%,31,val_eval,9.445082664489746,9.595202398800599e-06,6.335678535777565,
2025-09-14 18:07:24,ADAM_lr0.001,ADAM,2,openwebtext-3%,32,train_eval,9.410510063171387,9.895052473763117e-06,6.335678535777565,
2025-09-14 18:07:24,ADAM_lr0.001,ADAM,2,openwebtext-3%,32,val_eval,9.4133939743042,9.895052473763117e-06,6.335678535777565,
2025-09-14 18:07:45,ADAM_lr0.001,ADAM,2,openwebtext-3%,33,train_eval,9.395151138305664,1.0194902548725636e-05,6.335678535777565,
2025-09-14 18:07:45,ADAM_lr0.001,ADAM,2,openwebtext-3%,33,val_eval,9.397029876708984,1.0194902548725636e-05,6.335678535777565,
2025-09-14 18:08:07,ADAM_lr0.001,ADAM,2,openwebtext-3%,34,train_eval,9.3726167678833,1.0494752623688155e-05,6.335678535777565,
2025-09-14 18:08:07,ADAM_lr0.001,ADAM,2,openwebtext-3%,34,val_eval,9.3728609085083,1.0494752623688155e-05,6.335678535777565,
2025-09-14 18:08:28,ADAM_lr0.001,ADAM,2,openwebtext-3%,35,train_eval,9.353538513183594,1.0794602698650673e-05,6.335678535777565,
2025-09-14 18:08:28,ADAM_lr0.001,ADAM,2,openwebtext-3%,35,val_eval,9.346704483032227,1.0794602698650673e-05,6.335678535777565,
2025-09-14 18:08:49,ADAM_lr0.001,ADAM,2,openwebtext-3%,36,train_eval,9.327594757080078,1.1094452773613192e-05,6.335678535777565,
2025-09-14 18:08:49,ADAM_lr0.001,ADAM,2,openwebtext-3%,36,val_eval,9.31985092163086,1.1094452773613192e-05,6.335678535777565,
2025-09-14 18:09:10,ADAM_lr0.001,ADAM,2,openwebtext-3%,37,train_eval,9.291467666625977,1.139430284857571e-05,6.335678535777565,
2025-09-14 18:09:10,ADAM_lr0.001,ADAM,2,openwebtext-3%,37,val_eval,9.296451568603516,1.139430284857571e-05,6.335678535777565,
2025-09-14 18:09:32,ADAM_lr0.001,ADAM,2,openwebtext-3%,38,train_eval,9.261101722717285,1.169415292353823e-05,6.335678535777565,
2025-09-14 18:09:32,ADAM_lr0.001,ADAM,2,openwebtext-3%,38,val_eval,9.27368450164795,1.169415292353823e-05,6.335678535777565,
2025-09-14 18:09:53,ADAM_lr0.001,ADAM,2,openwebtext-3%,39,train_eval,9.24195384979248,1.1994002998500749e-05,6.335678535777565,
2025-09-14 18:09:53,ADAM_lr0.001,ADAM,2,openwebtext-3%,39,val_eval,9.24343490600586,1.1994002998500749e-05,6.335678535777565,
2025-09-14 18:10:14,ADAM_lr0.001,ADAM,2,openwebtext-3%,40,train_eval,9.211847305297852,1.2293853073463267e-05,6.335678535777565,
2025-09-14 18:10:14,ADAM_lr0.001,ADAM,2,openwebtext-3%,40,val_eval,9.222234725952148,1.2293853073463267e-05,6.335678535777565,
2025-09-14 18:10:23,ADAM_lr0.001,ADAM,2,openwebtext-3%,40,train_iter,9.292270541191101,1.2293853073463267e-05,6.338324103155932,21165.724277496338
2025-09-14 18:10:35,ADAM_lr0.001,ADAM,2,openwebtext-3%,41,train_eval,9.198417663574219,1.2593703148425786e-05,6.338324103155932,
2025-09-14 18:10:35,ADAM_lr0.001,ADAM,2,openwebtext-3%,41,val_eval,9.19025707244873,1.2593703148425786e-05,6.338324103155932,
2025-09-14 18:10:56,ADAM_lr0.001,ADAM,2,openwebtext-3%,42,train_eval,9.171767234802246,1.2893553223388304e-05,6.338324103155932,
2025-09-14 18:10:56,ADAM_lr0.001,ADAM,2,openwebtext-3%,42,val_eval,9.176889419555664,1.2893553223388304e-05,6.338324103155932,
2025-09-14 18:11:18,ADAM_lr0.001,ADAM,2,openwebtext-3%,43,train_eval,9.143908500671387,1.3193403298350823e-05,6.338324103155932,
2025-09-14 18:11:18,ADAM_lr0.001,ADAM,2,openwebtext-3%,43,val_eval,9.145702362060547,1.3193403298350823e-05,6.338324103155932,
2025-09-14 18:11:39,ADAM_lr0.001,ADAM,2,openwebtext-3%,44,train_eval,9.116619110107422,1.3493253373313342e-05,6.338324103155932,
2025-09-14 18:11:39,ADAM_lr0.001,ADAM,2,openwebtext-3%,44,val_eval,9.134970664978027,1.3493253373313342e-05,6.338324103155932,
2025-09-14 18:12:00,ADAM_lr0.001,ADAM,2,openwebtext-3%,45,train_eval,9.087891578674316,1.379310344827586e-05,6.338324103155932,
2025-09-14 18:12:00,ADAM_lr0.001,ADAM,2,openwebtext-3%,45,val_eval,9.099691390991211,1.379310344827586e-05,6.338324103155932,
2025-09-14 18:12:21,ADAM_lr0.001,ADAM,2,openwebtext-3%,46,train_eval,9.071672439575195,1.409295352323838e-05,6.338324103155932,
2025-09-14 18:12:21,ADAM_lr0.001,ADAM,2,openwebtext-3%,46,val_eval,9.078239440917969,1.409295352323838e-05,6.338324103155932,
2025-09-14 18:12:42,ADAM_lr0.001,ADAM,2,openwebtext-3%,47,train_eval,9.046265602111816,1.4392803598200899e-05,6.338324103155932,
2025-09-14 18:12:42,ADAM_lr0.001,ADAM,2,openwebtext-3%,47,val_eval,9.039852142333984,1.4392803598200899e-05,6.338324103155932,
2025-09-14 18:13:04,ADAM_lr0.001,ADAM,2,openwebtext-3%,48,train_eval,9.024436950683594,1.4692653673163418e-05,6.338324103155932,
2025-09-14 18:13:04,ADAM_lr0.001,ADAM,2,openwebtext-3%,48,val_eval,9.027142524719238,1.4692653673163418e-05,6.338324103155932,
2025-09-14 18:13:25,ADAM_lr0.001,ADAM,2,openwebtext-3%,49,train_eval,9.00027847290039,1.4992503748125936e-05,6.338324103155932,
2025-09-14 18:13:25,ADAM_lr0.001,ADAM,2,openwebtext-3%,49,val_eval,9.01052474975586,1.4992503748125936e-05,6.338324103155932,
2025-09-14 18:13:46,ADAM_lr0.001,ADAM,2,openwebtext-3%,50,train_eval,8.973591804504395,1.5292353823088455e-05,6.338324103155932,
2025-09-14 18:13:46,ADAM_lr0.001,ADAM,2,openwebtext-3%,50,val_eval,8.974843978881836,1.5292353823088455e-05,6.338324103155932,
2025-09-14 18:13:54,ADAM_lr0.001,ADAM,2,openwebtext-3%,50,train_iter,8.888508081436157,1.5292353823088455e-05,6.33970977128959,21198.88949394226
2025-09-14 18:14:07,ADAM_lr0.001,ADAM,2,openwebtext-3%,51,train_eval,8.938721656799316,1.5592203898050973e-05,6.33970977128959,
2025-09-14 18:14:07,ADAM_lr0.001,ADAM,2,openwebtext-3%,51,val_eval,8.947979927062988,1.5592203898050973e-05,6.33970977128959,
2025-09-14 18:14:28,ADAM_lr0.001,ADAM,2,openwebtext-3%,52,train_eval,8.917075157165527,1.589205397301349e-05,6.33970977128959,
2025-09-14 18:14:28,ADAM_lr0.001,ADAM,2,openwebtext-3%,52,val_eval,8.922250747680664,1.589205397301349e-05,6.33970977128959,
2025-09-14 18:14:50,ADAM_lr0.001,ADAM,2,openwebtext-3%,53,train_eval,8.893102645874023,1.619190404797601e-05,6.33970977128959,
2025-09-14 18:14:50,ADAM_lr0.001,ADAM,2,openwebtext-3%,53,val_eval,8.901142120361328,1.619190404797601e-05,6.33970977128959,
2025-09-14 18:15:11,ADAM_lr0.001,ADAM,2,openwebtext-3%,54,train_eval,8.875887870788574,1.649175412293853e-05,6.33970977128959,
2025-09-14 18:15:11,ADAM_lr0.001,ADAM,2,openwebtext-3%,54,val_eval,8.888118743896484,1.649175412293853e-05,6.33970977128959,
2025-09-14 18:15:32,ADAM_lr0.001,ADAM,2,openwebtext-3%,55,train_eval,8.837327003479004,1.679160419790105e-05,6.33970977128959,
2025-09-14 18:15:32,ADAM_lr0.001,ADAM,2,openwebtext-3%,55,val_eval,8.831759452819824,1.679160419790105e-05,6.33970977128959,
2025-09-14 18:15:53,ADAM_lr0.001,ADAM,2,openwebtext-3%,56,train_eval,8.829863548278809,1.7091454272863564e-05,6.33970977128959,
2025-09-14 18:15:53,ADAM_lr0.001,ADAM,2,openwebtext-3%,56,val_eval,8.833078384399414,1.7091454272863564e-05,6.33970977128959,
2025-09-14 18:16:15,ADAM_lr0.001,ADAM,2,openwebtext-3%,57,train_eval,8.801107406616211,1.7391304347826085e-05,6.33970977128959,
2025-09-14 18:16:15,ADAM_lr0.001,ADAM,2,openwebtext-3%,57,val_eval,8.80698013305664,1.7391304347826085e-05,6.33970977128959,
2025-09-14 18:16:36,ADAM_lr0.001,ADAM,2,openwebtext-3%,58,train_eval,8.783219337463379,1.7691154422788603e-05,6.33970977128959,
2025-09-14 18:16:36,ADAM_lr0.001,ADAM,2,openwebtext-3%,58,val_eval,8.784846305847168,1.7691154422788603e-05,6.33970977128959,
2025-09-14 18:16:57,ADAM_lr0.001,ADAM,2,openwebtext-3%,59,train_eval,8.755827903747559,1.7991004497751124e-05,6.33970977128959,
2025-09-14 18:16:57,ADAM_lr0.001,ADAM,2,openwebtext-3%,59,val_eval,8.771072387695312,1.7991004497751124e-05,6.33970977128959,
2025-09-14 18:17:19,ADAM_lr0.001,ADAM,2,openwebtext-3%,60,train_eval,8.73806095123291,1.829085457271364e-05,6.33970977128959,
2025-09-14 18:17:19,ADAM_lr0.001,ADAM,2,openwebtext-3%,60,val_eval,8.748722076416016,1.829085457271364e-05,6.33970977128959,
2025-09-14 18:17:27,ADAM_lr0.001,ADAM,2,openwebtext-3%,60,train_iter,8.710172772407532,1.829085457271364e-05,6.339784301915466,21238.093614578247
2025-09-14 18:17:40,ADAM_lr0.001,ADAM,2,openwebtext-3%,61,train_eval,8.713998794555664,1.859070464767616e-05,6.339784301915466,
2025-09-14 18:17:40,ADAM_lr0.001,ADAM,2,openwebtext-3%,61,val_eval,8.724380493164062,1.859070464767616e-05,6.339784301915466,
2025-09-14 18:18:01,ADAM_lr0.001,ADAM,2,openwebtext-3%,62,train_eval,8.701482772827148,1.8890554722638677e-05,6.339784301915466,
2025-09-14 18:18:01,ADAM_lr0.001,ADAM,2,openwebtext-3%,62,val_eval,8.703679084777832,1.8890554722638677e-05,6.339784301915466,
2025-09-14 18:18:22,ADAM_lr0.001,ADAM,2,openwebtext-3%,63,train_eval,8.6735258102417,1.9190404797601198e-05,6.339784301915466,
2025-09-14 18:18:22,ADAM_lr0.001,ADAM,2,openwebtext-3%,63,val_eval,8.680196762084961,1.9190404797601198e-05,6.339784301915466,
2025-09-14 18:18:44,ADAM_lr0.001,ADAM,2,openwebtext-3%,64,train_eval,8.648309707641602,1.949025487256372e-05,6.339784301915466,
2025-09-14 18:18:44,ADAM_lr0.001,ADAM,2,openwebtext-3%,64,val_eval,8.656879425048828,1.949025487256372e-05,6.339784301915466,
2025-09-14 18:19:05,ADAM_lr0.001,ADAM,2,openwebtext-3%,65,train_eval,8.630365371704102,1.9790104947526234e-05,6.339784301915466,
2025-09-14 18:19:05,ADAM_lr0.001,ADAM,2,openwebtext-3%,65,val_eval,8.640416145324707,1.9790104947526234e-05,6.339784301915466,
2025-09-14 18:19:26,ADAM_lr0.001,ADAM,2,openwebtext-3%,66,train_eval,8.61502456665039,2.0089955022488755e-05,6.339784301915466,
2025-09-14 18:19:26,ADAM_lr0.001,ADAM,2,openwebtext-3%,66,val_eval,8.611318588256836,2.0089955022488755e-05,6.339784301915466,
2025-09-14 18:19:47,ADAM_lr0.001,ADAM,2,openwebtext-3%,67,train_eval,8.580778121948242,2.0389805097451272e-05,6.339784301915466,
2025-09-14 18:19:47,ADAM_lr0.001,ADAM,2,openwebtext-3%,67,val_eval,8.588191986083984,2.0389805097451272e-05,6.339784301915466,
2025-09-14 18:20:09,ADAM_lr0.001,ADAM,2,openwebtext-3%,68,train_eval,8.563825607299805,2.0689655172413793e-05,6.339784301915466,
2025-09-14 18:20:09,ADAM_lr0.001,ADAM,2,openwebtext-3%,68,val_eval,8.561846733093262,2.0689655172413793e-05,6.339784301915466,
2025-09-14 18:20:30,ADAM_lr0.001,ADAM,2,openwebtext-3%,69,train_eval,8.54134750366211,2.098950524737631e-05,6.339784301915466,
2025-09-14 18:20:30,ADAM_lr0.001,ADAM,2,openwebtext-3%,69,val_eval,8.543466567993164,2.098950524737631e-05,6.339784301915466,
2025-09-14 18:20:51,ADAM_lr0.001,ADAM,2,openwebtext-3%,70,train_eval,8.525662422180176,2.128935532233883e-05,6.339784301915466,
2025-09-14 18:20:51,ADAM_lr0.001,ADAM,2,openwebtext-3%,70,val_eval,8.522627830505371,2.128935532233883e-05,6.339784301915466,
2025-09-14 18:21:00,ADAM_lr0.001,ADAM,2,openwebtext-3%,70,train_iter,8.664082884788513,2.128935532233883e-05,6.330251412190946,21564.59927558899
2025-09-14 18:21:13,ADAM_lr0.001,ADAM,2,openwebtext-3%,71,train_eval,8.491918563842773,2.1589205397301346e-05,6.330251412190946,
2025-09-14 18:21:13,ADAM_lr0.001,ADAM,2,openwebtext-3%,71,val_eval,8.48769760131836,2.1589205397301346e-05,6.330251412190946,
2025-09-14 18:21:34,ADAM_lr0.001,ADAM,2,openwebtext-3%,72,train_eval,8.483392715454102,2.1889055472263867e-05,6.330251412190946,
2025-09-14 18:21:34,ADAM_lr0.001,ADAM,2,openwebtext-3%,72,val_eval,8.4822998046875,2.1889055472263867e-05,6.330251412190946,
2025-09-14 18:21:56,ADAM_lr0.001,ADAM,2,openwebtext-3%,73,train_eval,8.452127456665039,2.2188905547226385e-05,6.330251412190946,
2025-09-14 18:21:56,ADAM_lr0.001,ADAM,2,openwebtext-3%,73,val_eval,8.455957412719727,2.2188905547226385e-05,6.330251412190946,
2025-09-14 18:22:17,ADAM_lr0.001,ADAM,2,openwebtext-3%,74,train_eval,8.441671371459961,2.2488755622188906e-05,6.330251412190946,
2025-09-14 18:22:17,ADAM_lr0.001,ADAM,2,openwebtext-3%,74,val_eval,8.429830551147461,2.2488755622188906e-05,6.330251412190946,
2025-09-14 18:22:39,ADAM_lr0.001,ADAM,2,openwebtext-3%,75,train_eval,8.419493675231934,2.278860569715142e-05,6.330251412190946,
2025-09-14 18:22:39,ADAM_lr0.001,ADAM,2,openwebtext-3%,75,val_eval,8.417774200439453,2.278860569715142e-05,6.330251412190946,
2025-09-14 18:23:00,ADAM_lr0.001,ADAM,2,openwebtext-3%,76,train_eval,8.38645076751709,2.308845577211394e-05,6.330251412190946,
2025-09-14 18:23:00,ADAM_lr0.001,ADAM,2,openwebtext-3%,76,val_eval,8.399654388427734,2.308845577211394e-05,6.330251412190946,
2025-09-14 18:23:21,ADAM_lr0.001,ADAM,2,openwebtext-3%,77,train_eval,8.376123428344727,2.338830584707646e-05,6.330251412190946,
2025-09-14 18:23:21,ADAM_lr0.001,ADAM,2,openwebtext-3%,77,val_eval,8.373560905456543,2.338830584707646e-05,6.330251412190946,
2025-09-14 18:23:42,ADAM_lr0.001,ADAM,2,openwebtext-3%,78,train_eval,8.339052200317383,2.368815592203898e-05,6.330251412190946,
2025-09-14 18:23:42,ADAM_lr0.001,ADAM,2,openwebtext-3%,78,val_eval,8.357152938842773,2.368815592203898e-05,6.330251412190946,
2025-09-14 18:24:03,ADAM_lr0.001,ADAM,2,openwebtext-3%,79,train_eval,8.312244415283203,2.3988005997001498e-05,6.330251412190946,
2025-09-14 18:24:03,ADAM_lr0.001,ADAM,2,openwebtext-3%,79,val_eval,8.323575019836426,2.3988005997001498e-05,6.330251412190946,
2025-09-14 18:24:25,ADAM_lr0.001,ADAM,2,openwebtext-3%,80,train_eval,8.291749954223633,2.4287856071964015e-05,6.330251412190946,
2025-09-14 18:24:25,ADAM_lr0.001,ADAM,2,openwebtext-3%,80,val_eval,8.309842109680176,2.4287856071964015e-05,6.330251412190946,
2025-09-14 18:24:33,ADAM_lr0.001,ADAM,2,openwebtext-3%,80,train_iter,8.337098360061646,2.4287856071964015e-05,6.333001287060909,21180.31930923462
2025-09-14 18:24:46,ADAM_lr0.001,ADAM,2,openwebtext-3%,81,train_eval,8.28708267211914,2.4587706146926533e-05,6.333001287060909,
2025-09-14 18:24:46,ADAM_lr0.001,ADAM,2,openwebtext-3%,81,val_eval,8.277573585510254,2.4587706146926533e-05,6.333001287060909,
2025-09-14 18:25:07,ADAM_lr0.001,ADAM,2,openwebtext-3%,82,train_eval,8.250673294067383,2.4887556221889054e-05,6.333001287060909,
2025-09-14 18:25:07,ADAM_lr0.001,ADAM,2,openwebtext-3%,82,val_eval,8.251611709594727,2.4887556221889054e-05,6.333001287060909,
2025-09-14 18:25:28,ADAM_lr0.001,ADAM,2,openwebtext-3%,83,train_eval,8.228304862976074,2.5187406296851572e-05,6.333001287060909,
2025-09-14 18:25:28,ADAM_lr0.001,ADAM,2,openwebtext-3%,83,val_eval,8.230377197265625,2.5187406296851572e-05,6.333001287060909,
2025-09-14 18:25:50,ADAM_lr0.001,ADAM,2,openwebtext-3%,84,train_eval,8.209224700927734,2.5487256371814093e-05,6.333001287060909,
2025-09-14 18:25:50,ADAM_lr0.001,ADAM,2,openwebtext-3%,84,val_eval,8.21908187866211,2.5487256371814093e-05,6.333001287060909,
2025-09-14 18:26:11,ADAM_lr0.001,ADAM,2,openwebtext-3%,85,train_eval,8.183616638183594,2.5787106446776607e-05,6.333001287060909,
2025-09-14 18:26:11,ADAM_lr0.001,ADAM,2,openwebtext-3%,85,val_eval,8.186522483825684,2.5787106446776607e-05,6.333001287060909,
2025-09-14 18:26:32,ADAM_lr0.001,ADAM,2,openwebtext-3%,86,train_eval,8.14881420135498,2.6086956521739128e-05,6.333001287060909,
2025-09-14 18:26:32,ADAM_lr0.001,ADAM,2,openwebtext-3%,86,val_eval,8.160284042358398,2.6086956521739128e-05,6.333001287060909,
2025-09-14 18:26:53,ADAM_lr0.001,ADAM,2,openwebtext-3%,87,train_eval,8.144679069519043,2.6386806596701646e-05,6.333001287060909,
2025-09-14 18:26:53,ADAM_lr0.001,ADAM,2,openwebtext-3%,87,val_eval,8.147087097167969,2.6386806596701646e-05,6.333001287060909,
2025-09-14 18:27:14,ADAM_lr0.001,ADAM,2,openwebtext-3%,88,train_eval,8.099109649658203,2.6686656671664167e-05,6.333001287060909,
2025-09-14 18:27:14,ADAM_lr0.001,ADAM,2,openwebtext-3%,88,val_eval,8.12649917602539,2.6686656671664167e-05,6.333001287060909,
2025-09-14 18:27:36,ADAM_lr0.001,ADAM,2,openwebtext-3%,89,train_eval,8.09947395324707,2.6986506746626685e-05,6.333001287060909,
2025-09-14 18:27:36,ADAM_lr0.001,ADAM,2,openwebtext-3%,89,val_eval,8.102237701416016,2.6986506746626685e-05,6.333001287060909,
2025-09-14 18:27:57,ADAM_lr0.001,ADAM,2,openwebtext-3%,90,train_eval,8.062500953674316,2.7286356821589202e-05,6.333001287060909,
2025-09-14 18:27:57,ADAM_lr0.001,ADAM,2,openwebtext-3%,90,val_eval,8.081537246704102,2.7286356821589202e-05,6.333001287060909,
2025-09-14 18:28:05,ADAM_lr0.001,ADAM,2,openwebtext-3%,90,train_iter,8.016378283500671,2.7286356821589202e-05,6.334377081214132,21216.99810028076
2025-09-14 18:28:18,ADAM_lr0.001,ADAM,2,openwebtext-3%,91,train_eval,8.031954765319824,2.758620689655172e-05,6.334377081214132,
2025-09-14 18:28:18,ADAM_lr0.001,ADAM,2,openwebtext-3%,91,val_eval,8.056973457336426,2.758620689655172e-05,6.334377081214132,
2025-09-14 18:28:39,ADAM_lr0.001,ADAM,2,openwebtext-3%,92,train_eval,8.016304016113281,2.788605697151424e-05,6.334377081214132,
2025-09-14 18:28:39,ADAM_lr0.001,ADAM,2,openwebtext-3%,92,val_eval,8.036837577819824,2.788605697151424e-05,6.334377081214132,
2025-09-14 18:29:00,ADAM_lr0.001,ADAM,2,openwebtext-3%,93,train_eval,7.993838310241699,2.818590704647676e-05,6.334377081214132,
2025-09-14 18:29:00,ADAM_lr0.001,ADAM,2,openwebtext-3%,93,val_eval,8.002881050109863,2.818590704647676e-05,6.334377081214132,
2025-09-14 18:29:22,ADAM_lr0.001,ADAM,2,openwebtext-3%,94,train_eval,7.977294921875,2.8485757121439276e-05,6.334377081214132,
2025-09-14 18:29:22,ADAM_lr0.001,ADAM,2,openwebtext-3%,94,val_eval,7.984440803527832,2.8485757121439276e-05,6.334377081214132,
2025-09-14 18:29:43,ADAM_lr0.001,ADAM,2,openwebtext-3%,95,train_eval,7.965582370758057,2.8785607196401797e-05,6.334377081214132,
2025-09-14 18:29:43,ADAM_lr0.001,ADAM,2,openwebtext-3%,95,val_eval,7.962442398071289,2.8785607196401797e-05,6.334377081214132,
2025-09-14 18:30:04,ADAM_lr0.001,ADAM,2,openwebtext-3%,96,train_eval,7.935676097869873,2.9085457271364315e-05,6.334377081214132,
2025-09-14 18:30:04,ADAM_lr0.001,ADAM,2,openwebtext-3%,96,val_eval,7.94444465637207,2.9085457271364315e-05,6.334377081214132,
2025-09-14 18:30:25,ADAM_lr0.001,ADAM,2,openwebtext-3%,97,train_eval,7.908379077911377,2.9385307346326836e-05,6.334377081214132,
2025-09-14 18:30:25,ADAM_lr0.001,ADAM,2,openwebtext-3%,97,val_eval,7.9181809425354,2.9385307346326836e-05,6.334377081214132,
2025-09-14 18:30:46,ADAM_lr0.001,ADAM,2,openwebtext-3%,98,train_eval,7.9034199714660645,2.9685157421289354e-05,6.334377081214132,
2025-09-14 18:30:46,ADAM_lr0.001,ADAM,2,openwebtext-3%,98,val_eval,7.894968032836914,2.9685157421289354e-05,6.334377081214132,
2025-09-14 18:31:07,ADAM_lr0.001,ADAM,2,openwebtext-3%,99,train_eval,7.8513994216918945,2.998500749625187e-05,6.334377081214132,
2025-09-14 18:31:07,ADAM_lr0.001,ADAM,2,openwebtext-3%,99,val_eval,7.880402088165283,2.998500749625187e-05,6.334377081214132,
2025-09-14 18:31:29,ADAM_lr0.001,ADAM,2,openwebtext-3%,100,train_eval,7.845844268798828,3.028485757121439e-05,6.334377081214132,
2025-09-14 18:31:29,ADAM_lr0.001,ADAM,2,openwebtext-3%,100,val_eval,7.852388858795166,3.028485757121439e-05,6.334377081214132,
2025-09-14 18:31:44,ADAM_lr0.001,ADAM,2,openwebtext-3%,100,train_iter,7.993756532669067,3.028485757121439e-05,6.183762120761897,27889.982223510742
2025-09-14 18:31:56,ADAM_lr0.001,ADAM,2,openwebtext-3%,101,train_eval,7.830313205718994,3.058470764617691e-05,6.183762120761897,
2025-09-14 18:31:56,ADAM_lr0.001,ADAM,2,openwebtext-3%,101,val_eval,7.835460662841797,3.058470764617691e-05,6.183762120761897,
2025-09-14 18:32:18,ADAM_lr0.001,ADAM,2,openwebtext-3%,102,train_eval,7.793818473815918,3.0884557721139424e-05,6.183762120761897,
2025-09-14 18:32:18,ADAM_lr0.001,ADAM,2,openwebtext-3%,102,val_eval,7.815794467926025,3.0884557721139424e-05,6.183762120761897,
2025-09-14 18:32:39,ADAM_lr0.001,ADAM,2,openwebtext-3%,103,train_eval,7.776594638824463,3.1184407796101945e-05,6.183762120761897,
2025-09-14 18:32:39,ADAM_lr0.001,ADAM,2,openwebtext-3%,103,val_eval,7.7701735496521,3.1184407796101945e-05,6.183762120761897,
2025-09-14 18:33:00,ADAM_lr0.001,ADAM,2,openwebtext-3%,104,train_eval,7.7599992752075195,3.1484257871064466e-05,6.183762120761897,
2025-09-14 18:33:00,ADAM_lr0.001,ADAM,2,openwebtext-3%,104,val_eval,7.7560906410217285,3.1484257871064466e-05,6.183762120761897,
2025-09-14 18:33:21,ADAM_lr0.001,ADAM,2,openwebtext-3%,105,train_eval,7.734602451324463,3.178410794602698e-05,6.183762120761897,
2025-09-14 18:33:21,ADAM_lr0.001,ADAM,2,openwebtext-3%,105,val_eval,7.739157676696777,3.178410794602698e-05,6.183762120761897,
2025-09-14 18:33:43,ADAM_lr0.001,ADAM,2,openwebtext-3%,106,train_eval,7.718029975891113,3.20839580209895e-05,6.183762120761897,
2025-09-14 18:33:43,ADAM_lr0.001,ADAM,2,openwebtext-3%,106,val_eval,7.715421199798584,3.20839580209895e-05,6.183762120761897,
2025-09-14 18:34:04,ADAM_lr0.001,ADAM,2,openwebtext-3%,107,train_eval,7.70278787612915,3.238380809595202e-05,6.183762120761897,
2025-09-14 18:34:04,ADAM_lr0.001,ADAM,2,openwebtext-3%,107,val_eval,7.687292098999023,3.238380809595202e-05,6.183762120761897,
2025-09-14 18:34:25,ADAM_lr0.001,ADAM,2,openwebtext-3%,108,train_eval,7.67985725402832,3.2683658170914544e-05,6.183762120761897,
2025-09-14 18:34:25,ADAM_lr0.001,ADAM,2,openwebtext-3%,108,val_eval,7.678016185760498,3.2683658170914544e-05,6.183762120761897,
2025-09-14 18:34:46,ADAM_lr0.001,ADAM,2,openwebtext-3%,109,train_eval,7.652210712432861,3.298350824587706e-05,6.183762120761897,
2025-09-14 18:34:46,ADAM_lr0.001,ADAM,2,openwebtext-3%,109,val_eval,7.654522895812988,3.298350824587706e-05,6.183762120761897,
2025-09-14 18:35:07,ADAM_lr0.001,ADAM,2,openwebtext-3%,110,train_eval,7.620283126831055,3.328335832083958e-05,6.183762120761897,
2025-09-14 18:35:07,ADAM_lr0.001,ADAM,2,openwebtext-3%,110,val_eval,7.637312412261963,3.328335832083958e-05,6.183762120761897,
2025-09-14 18:35:16,ADAM_lr0.001,ADAM,2,openwebtext-3%,110,train_iter,7.597334980964661,3.328335832083958e-05,6.199902729146814,21222.318172454834
2025-09-14 18:35:29,ADAM_lr0.001,ADAM,2,openwebtext-3%,111,train_eval,7.613636016845703,3.35832083958021e-05,6.199902729146814,
2025-09-14 18:35:29,ADAM_lr0.001,ADAM,2,openwebtext-3%,111,val_eval,7.603304862976074,3.35832083958021e-05,6.199902729146814,
2025-09-14 18:35:50,ADAM_lr0.001,ADAM,2,openwebtext-3%,112,train_eval,7.579300403594971,3.3883058470764614e-05,6.199902729146814,
2025-09-14 18:35:50,ADAM_lr0.001,ADAM,2,openwebtext-3%,112,val_eval,7.600015640258789,3.3883058470764614e-05,6.199902729146814,
2025-09-14 18:36:11,ADAM_lr0.001,ADAM,2,openwebtext-3%,113,train_eval,7.562899112701416,3.418290854572713e-05,6.199902729146814,
2025-09-14 18:36:11,ADAM_lr0.001,ADAM,2,openwebtext-3%,113,val_eval,7.571459770202637,3.418290854572713e-05,6.199902729146814,
2025-09-14 18:36:32,ADAM_lr0.001,ADAM,2,openwebtext-3%,114,train_eval,7.541721343994141,3.448275862068965e-05,6.199902729146814,
2025-09-14 18:36:32,ADAM_lr0.001,ADAM,2,openwebtext-3%,114,val_eval,7.556743621826172,3.448275862068965e-05,6.199902729146814,
2025-09-14 18:36:54,ADAM_lr0.001,ADAM,2,openwebtext-3%,115,train_eval,7.518868923187256,3.478260869565217e-05,6.199902729146814,
2025-09-14 18:36:54,ADAM_lr0.001,ADAM,2,openwebtext-3%,115,val_eval,7.534228324890137,3.478260869565217e-05,6.199902729146814,
2025-09-14 18:37:15,ADAM_lr0.001,ADAM,2,openwebtext-3%,116,train_eval,7.514114856719971,3.508245877061469e-05,6.199902729146814,
2025-09-14 18:37:15,ADAM_lr0.001,ADAM,2,openwebtext-3%,116,val_eval,7.509266376495361,3.508245877061469e-05,6.199902729146814,
2025-09-14 18:37:36,ADAM_lr0.001,ADAM,2,openwebtext-3%,117,train_eval,7.487317085266113,3.5382308845577206e-05,6.199902729146814,
2025-09-14 18:37:36,ADAM_lr0.001,ADAM,2,openwebtext-3%,117,val_eval,7.481390953063965,3.5382308845577206e-05,6.199902729146814,
2025-09-14 18:37:57,ADAM_lr0.001,ADAM,2,openwebtext-3%,118,train_eval,7.467360973358154,3.568215892053973e-05,6.199902729146814,
2025-09-14 18:37:57,ADAM_lr0.001,ADAM,2,openwebtext-3%,118,val_eval,7.471982479095459,3.568215892053973e-05,6.199902729146814,
2025-09-14 18:38:19,ADAM_lr0.001,ADAM,2,openwebtext-3%,119,train_eval,7.444395542144775,3.598200899550225e-05,6.199902729146814,
2025-09-14 18:38:19,ADAM_lr0.001,ADAM,2,openwebtext-3%,119,val_eval,7.450894355773926,3.598200899550225e-05,6.199902729146814,
2025-09-14 18:38:40,ADAM_lr0.001,ADAM,2,openwebtext-3%,120,train_eval,7.427366733551025,3.628185907046477e-05,6.199902729146814,
2025-09-14 18:38:40,ADAM_lr0.001,ADAM,2,openwebtext-3%,120,val_eval,7.4164347648620605,3.628185907046477e-05,6.199902729146814,
2025-09-14 18:38:49,ADAM_lr0.001,ADAM,2,openwebtext-3%,120,train_iter,7.2272080183029175,3.628185907046477e-05,6.207772927651893,21447.309494018555
2025-09-14 18:39:01,ADAM_lr0.001,ADAM,2,openwebtext-3%,121,train_eval,7.414779186248779,3.658170914542728e-05,6.207772927651893,
2025-09-14 18:39:01,ADAM_lr0.001,ADAM,2,openwebtext-3%,121,val_eval,7.4153242111206055,3.658170914542728e-05,6.207772927651893,
2025-09-14 18:39:23,ADAM_lr0.001,ADAM,2,openwebtext-3%,122,train_eval,7.373396396636963,3.68815592203898e-05,6.207772927651893,
2025-09-14 18:39:23,ADAM_lr0.001,ADAM,2,openwebtext-3%,122,val_eval,7.398346424102783,3.68815592203898e-05,6.207772927651893,
2025-09-14 18:39:44,ADAM_lr0.001,ADAM,2,openwebtext-3%,123,train_eval,7.374693393707275,3.718140929535232e-05,6.207772927651893,
2025-09-14 18:39:44,ADAM_lr0.001,ADAM,2,openwebtext-3%,123,val_eval,7.397924900054932,3.718140929535232e-05,6.207772927651893,
2025-09-14 18:40:05,ADAM_lr0.001,ADAM,2,openwebtext-3%,124,train_eval,7.3641204833984375,3.748125937031484e-05,6.207772927651893,
2025-09-14 18:40:05,ADAM_lr0.001,ADAM,2,openwebtext-3%,124,val_eval,7.351396560668945,3.748125937031484e-05,6.207772927651893,
2025-09-14 18:40:26,ADAM_lr0.001,ADAM,2,openwebtext-3%,125,train_eval,7.332418918609619,3.7781109445277354e-05,6.207772927651893,
2025-09-14 18:40:26,ADAM_lr0.001,ADAM,2,openwebtext-3%,125,val_eval,7.343107223510742,3.7781109445277354e-05,6.207772927651893,
2025-09-14 18:40:48,ADAM_lr0.001,ADAM,2,openwebtext-3%,126,train_eval,7.310080051422119,3.8080959520239875e-05,6.207772927651893,
2025-09-14 18:40:48,ADAM_lr0.001,ADAM,2,openwebtext-3%,126,val_eval,7.322078227996826,3.8080959520239875e-05,6.207772927651893,
2025-09-14 18:41:09,ADAM_lr0.001,ADAM,2,openwebtext-3%,127,train_eval,7.306472301483154,3.8380809595202396e-05,6.207772927651893,
2025-09-14 18:41:09,ADAM_lr0.001,ADAM,2,openwebtext-3%,127,val_eval,7.309360504150391,3.8380809595202396e-05,6.207772927651893,
2025-09-14 18:41:31,ADAM_lr0.001,ADAM,2,openwebtext-3%,128,train_eval,7.2740983963012695,3.868065967016492e-05,6.207772927651893,
2025-09-14 18:41:31,ADAM_lr0.001,ADAM,2,openwebtext-3%,128,val_eval,7.288536548614502,3.868065967016492e-05,6.207772927651893,
2025-09-14 18:41:52,ADAM_lr0.001,ADAM,2,openwebtext-3%,129,train_eval,7.262753963470459,3.898050974512744e-05,6.207772927651893,
2025-09-14 18:41:52,ADAM_lr0.001,ADAM,2,openwebtext-3%,129,val_eval,7.265852451324463,3.898050974512744e-05,6.207772927651893,
2025-09-14 18:42:13,ADAM_lr0.001,ADAM,2,openwebtext-3%,130,train_eval,7.253136157989502,3.928035982008995e-05,6.207772927651893,
2025-09-14 18:42:13,ADAM_lr0.001,ADAM,2,openwebtext-3%,130,val_eval,7.259827136993408,3.928035982008995e-05,6.207772927651893,
2025-09-14 18:42:22,ADAM_lr0.001,ADAM,2,openwebtext-3%,130,train_iter,7.057434320449829,3.928035982008995e-05,6.219173267144427,21300.8451461792
2025-09-14 18:42:35,ADAM_lr0.001,ADAM,2,openwebtext-3%,131,train_eval,7.232046127319336,3.958020989505247e-05,6.219173267144427,
2025-09-14 18:42:35,ADAM_lr0.001,ADAM,2,openwebtext-3%,131,val_eval,7.243166923522949,3.958020989505247e-05,6.219173267144427,
2025-09-14 18:42:56,ADAM_lr0.001,ADAM,2,openwebtext-3%,132,train_eval,7.202947616577148,3.988005997001499e-05,6.219173267144427,
2025-09-14 18:42:56,ADAM_lr0.001,ADAM,2,openwebtext-3%,132,val_eval,7.227951526641846,3.988005997001499e-05,6.219173267144427,
2025-09-14 18:43:18,ADAM_lr0.001,ADAM,2,openwebtext-3%,133,train_eval,7.2006378173828125,4.017991004497751e-05,6.219173267144427,
2025-09-14 18:43:18,ADAM_lr0.001,ADAM,2,openwebtext-3%,133,val_eval,7.195444107055664,4.017991004497751e-05,6.219173267144427,
2025-09-14 18:43:39,ADAM_lr0.001,ADAM,2,openwebtext-3%,134,train_eval,7.185397148132324,4.0479760119940023e-05,6.219173267144427,
2025-09-14 18:43:39,ADAM_lr0.001,ADAM,2,openwebtext-3%,134,val_eval,7.186554431915283,4.0479760119940023e-05,6.219173267144427,
2025-09-14 18:44:00,ADAM_lr0.001,ADAM,2,openwebtext-3%,135,train_eval,7.172553539276123,4.0779610194902544e-05,6.219173267144427,
2025-09-14 18:44:00,ADAM_lr0.001,ADAM,2,openwebtext-3%,135,val_eval,7.177440166473389,4.0779610194902544e-05,6.219173267144427,
2025-09-14 18:44:22,ADAM_lr0.001,ADAM,2,openwebtext-3%,136,train_eval,7.158438682556152,4.1079460269865066e-05,6.219173267144427,
2025-09-14 18:44:22,ADAM_lr0.001,ADAM,2,openwebtext-3%,136,val_eval,7.170281887054443,4.1079460269865066e-05,6.219173267144427,
2025-09-14 18:44:43,ADAM_lr0.001,ADAM,2,openwebtext-3%,137,train_eval,7.135663986206055,4.1379310344827587e-05,6.219173267144427,
2025-09-14 18:44:43,ADAM_lr0.001,ADAM,2,openwebtext-3%,137,val_eval,7.16676139831543,4.1379310344827587e-05,6.219173267144427,
2025-09-14 18:45:05,ADAM_lr0.001,ADAM,2,openwebtext-3%,138,train_eval,7.132762432098389,4.16791604197901e-05,6.219173267144427,
2025-09-14 18:45:05,ADAM_lr0.001,ADAM,2,openwebtext-3%,138,val_eval,7.133340358734131,4.16791604197901e-05,6.219173267144427,
2025-09-14 18:45:26,ADAM_lr0.001,ADAM,2,openwebtext-3%,139,train_eval,7.121047496795654,4.197901049475262e-05,6.219173267144427,
2025-09-14 18:45:26,ADAM_lr0.001,ADAM,2,openwebtext-3%,139,val_eval,7.1209330558776855,4.197901049475262e-05,6.219173267144427,
2025-09-14 18:45:48,ADAM_lr0.001,ADAM,2,openwebtext-3%,140,train_eval,7.079932689666748,4.227886056971514e-05,6.219173267144427,
2025-09-14 18:45:48,ADAM_lr0.001,ADAM,2,openwebtext-3%,140,val_eval,7.117417812347412,4.227886056971514e-05,6.219173267144427,
2025-09-14 18:45:56,ADAM_lr0.001,ADAM,2,openwebtext-3%,140,train_iter,6.888623833656311,4.227886056971514e-05,6.228258351072177,21340.517282485962
2025-09-14 18:46:09,ADAM_lr0.001,ADAM,2,openwebtext-3%,141,train_eval,7.0866594314575195,4.257871064467766e-05,6.228258351072177,
2025-09-14 18:46:09,ADAM_lr0.001,ADAM,2,openwebtext-3%,141,val_eval,7.104434967041016,4.257871064467766e-05,6.228258351072177,
2025-09-14 18:46:30,ADAM_lr0.001,ADAM,2,openwebtext-3%,142,train_eval,7.047303676605225,4.287856071964017e-05,6.228258351072177,
2025-09-14 18:46:30,ADAM_lr0.001,ADAM,2,openwebtext-3%,142,val_eval,7.071009635925293,4.287856071964017e-05,6.228258351072177,
2025-09-14 18:46:51,ADAM_lr0.001,ADAM,2,openwebtext-3%,143,train_eval,7.058972358703613,4.317841079460269e-05,6.228258351072177,
2025-09-14 18:46:51,ADAM_lr0.001,ADAM,2,openwebtext-3%,143,val_eval,7.060556411743164,4.317841079460269e-05,6.228258351072177,
2025-09-14 18:47:13,ADAM_lr0.001,ADAM,2,openwebtext-3%,144,train_eval,7.034207820892334,4.3478260869565214e-05,6.228258351072177,
2025-09-14 18:47:13,ADAM_lr0.001,ADAM,2,openwebtext-3%,144,val_eval,7.056684970855713,4.3478260869565214e-05,6.228258351072177,
2025-09-14 18:47:35,ADAM_lr0.001,ADAM,2,openwebtext-3%,145,train_eval,7.014108657836914,4.3778110944527735e-05,6.228258351072177,
2025-09-14 18:47:35,ADAM_lr0.001,ADAM,2,openwebtext-3%,145,val_eval,7.04094123840332,4.3778110944527735e-05,6.228258351072177,
2025-09-14 18:47:56,ADAM_lr0.001,ADAM,2,openwebtext-3%,146,train_eval,7.003601551055908,4.407796101949025e-05,6.228258351072177,
2025-09-14 18:47:56,ADAM_lr0.001,ADAM,2,openwebtext-3%,146,val_eval,7.032707691192627,4.407796101949025e-05,6.228258351072177,
2025-09-14 18:48:17,ADAM_lr0.001,ADAM,2,openwebtext-3%,147,train_eval,7.007088661193848,4.437781109445277e-05,6.228258351072177,
2025-09-14 18:48:17,ADAM_lr0.001,ADAM,2,openwebtext-3%,147,val_eval,7.028231620788574,4.437781109445277e-05,6.228258351072177,
2025-09-14 18:48:38,ADAM_lr0.001,ADAM,2,openwebtext-3%,148,train_eval,6.9820098876953125,4.467766116941529e-05,6.228258351072177,
2025-09-14 18:48:38,ADAM_lr0.001,ADAM,2,openwebtext-3%,148,val_eval,7.005486488342285,4.467766116941529e-05,6.228258351072177,
2025-09-14 18:49:00,ADAM_lr0.001,ADAM,2,openwebtext-3%,149,train_eval,6.964377403259277,4.497751124437781e-05,6.228258351072177,
2025-09-14 18:49:00,ADAM_lr0.001,ADAM,2,openwebtext-3%,149,val_eval,6.992069244384766,4.497751124437781e-05,6.228258351072177,
2025-09-14 18:49:21,ADAM_lr0.001,ADAM,2,openwebtext-3%,150,train_eval,6.965395450592041,4.527736131934032e-05,6.228258351072177,
2025-09-14 18:49:21,ADAM_lr0.001,ADAM,2,openwebtext-3%,150,val_eval,6.9847092628479,4.527736131934032e-05,6.228258351072177,
2025-09-14 18:49:29,ADAM_lr0.001,ADAM,2,openwebtext-3%,150,train_iter,7.1055519580841064,4.527736131934032e-05,6.238704453783033,21264.036893844604
2025-09-14 18:49:42,ADAM_lr0.001,ADAM,2,openwebtext-3%,151,train_eval,6.949730396270752,4.557721139430284e-05,6.238704453783033,
2025-09-14 18:49:42,ADAM_lr0.001,ADAM,2,openwebtext-3%,151,val_eval,6.965461254119873,4.557721139430284e-05,6.238704453783033,
2025-09-14 18:50:03,ADAM_lr0.001,ADAM,2,openwebtext-3%,152,train_eval,6.932840347290039,4.587706146926536e-05,6.238704453783033,
2025-09-14 18:50:03,ADAM_lr0.001,ADAM,2,openwebtext-3%,152,val_eval,6.9629645347595215,4.587706146926536e-05,6.238704453783033,
2025-09-14 18:50:25,ADAM_lr0.001,ADAM,2,openwebtext-3%,153,train_eval,6.949295520782471,4.617691154422788e-05,6.238704453783033,
2025-09-14 18:50:25,ADAM_lr0.001,ADAM,2,openwebtext-3%,153,val_eval,6.94381856918335,4.617691154422788e-05,6.238704453783033,
2025-09-14 18:50:46,ADAM_lr0.001,ADAM,2,openwebtext-3%,154,train_eval,6.913288593292236,4.64767616191904e-05,6.238704453783033,
2025-09-14 18:50:46,ADAM_lr0.001,ADAM,2,openwebtext-3%,154,val_eval,6.9471821784973145,4.64767616191904e-05,6.238704453783033,
2025-09-14 18:51:07,ADAM_lr0.001,ADAM,2,openwebtext-3%,155,train_eval,6.922772407531738,4.677661169415292e-05,6.238704453783033,
2025-09-14 18:51:07,ADAM_lr0.001,ADAM,2,openwebtext-3%,155,val_eval,6.9268903732299805,4.677661169415292e-05,6.238704453783033,
2025-09-14 18:51:28,ADAM_lr0.001,ADAM,2,openwebtext-3%,156,train_eval,6.900303363800049,4.707646176911544e-05,6.238704453783033,
2025-09-14 18:51:28,ADAM_lr0.001,ADAM,2,openwebtext-3%,156,val_eval,6.918008327484131,4.707646176911544e-05,6.238704453783033,
2025-09-14 18:51:50,ADAM_lr0.001,ADAM,2,openwebtext-3%,157,train_eval,6.898902416229248,4.737631184407796e-05,6.238704453783033,
2025-09-14 18:51:50,ADAM_lr0.001,ADAM,2,openwebtext-3%,157,val_eval,6.898308277130127,4.737631184407796e-05,6.238704453783033,
2025-09-14 18:52:11,ADAM_lr0.001,ADAM,2,openwebtext-3%,158,train_eval,6.877224922180176,4.7676161919040474e-05,6.238704453783033,
2025-09-14 18:52:11,ADAM_lr0.001,ADAM,2,openwebtext-3%,158,val_eval,6.885570049285889,4.7676161919040474e-05,6.238704453783033,
2025-09-14 18:52:32,ADAM_lr0.001,ADAM,2,openwebtext-3%,159,train_eval,6.8711256980896,4.7976011994002995e-05,6.238704453783033,
2025-09-14 18:52:32,ADAM_lr0.001,ADAM,2,openwebtext-3%,159,val_eval,6.890411376953125,4.7976011994002995e-05,6.238704453783033,
2025-09-14 18:52:54,ADAM_lr0.001,ADAM,2,openwebtext-3%,160,train_eval,6.857685565948486,4.827586206896551e-05,6.238704453783033,
2025-09-14 18:52:54,ADAM_lr0.001,ADAM,2,openwebtext-3%,160,val_eval,6.877392768859863,4.827586206896551e-05,6.238704453783033,
2025-09-14 18:53:02,ADAM_lr0.001,ADAM,2,openwebtext-3%,160,train_iter,7.293302416801453,4.827586206896551e-05,6.249363752869225,21221.885919570923
2025-09-14 18:53:15,ADAM_lr0.001,ADAM,2,openwebtext-3%,161,train_eval,6.858002185821533,4.857571214392803e-05,6.249363752869225,
2025-09-14 18:53:15,ADAM_lr0.001,ADAM,2,openwebtext-3%,161,val_eval,6.87254524230957,4.857571214392803e-05,6.249363752869225,
2025-09-14 18:53:37,ADAM_lr0.001,ADAM,2,openwebtext-3%,162,train_eval,6.836536407470703,4.887556221889055e-05,6.249363752869225,
2025-09-14 18:53:37,ADAM_lr0.001,ADAM,2,openwebtext-3%,162,val_eval,6.840810775756836,4.887556221889055e-05,6.249363752869225,
2025-09-14 18:53:58,ADAM_lr0.001,ADAM,2,openwebtext-3%,163,train_eval,6.835035800933838,4.9175412293853066e-05,6.249363752869225,
2025-09-14 18:53:58,ADAM_lr0.001,ADAM,2,openwebtext-3%,163,val_eval,6.863952159881592,4.9175412293853066e-05,6.249363752869225,
2025-09-14 18:54:19,ADAM_lr0.001,ADAM,2,openwebtext-3%,164,train_eval,6.823208808898926,4.947526236881559e-05,6.249363752869225,
2025-09-14 18:54:19,ADAM_lr0.001,ADAM,2,openwebtext-3%,164,val_eval,6.822817325592041,4.947526236881559e-05,6.249363752869225,
2025-09-14 18:54:40,ADAM_lr0.001,ADAM,2,openwebtext-3%,165,train_eval,6.824349880218506,4.977511244377811e-05,6.249363752869225,
2025-09-14 18:54:40,ADAM_lr0.001,ADAM,2,openwebtext-3%,165,val_eval,6.827548980712891,4.977511244377811e-05,6.249363752869225,
2025-09-14 18:55:02,ADAM_lr0.001,ADAM,2,openwebtext-3%,166,train_eval,6.786673545837402,5.007496251874063e-05,6.249363752869225,
2025-09-14 18:55:02,ADAM_lr0.001,ADAM,2,openwebtext-3%,166,val_eval,6.818982124328613,5.007496251874063e-05,6.249363752869225,
2025-09-14 18:55:23,ADAM_lr0.001,ADAM,2,openwebtext-3%,167,train_eval,6.805787563323975,5.0374812593703144e-05,6.249363752869225,
2025-09-14 18:55:23,ADAM_lr0.001,ADAM,2,openwebtext-3%,167,val_eval,6.824769496917725,5.0374812593703144e-05,6.249363752869225,
2025-09-14 18:55:44,ADAM_lr0.001,ADAM,2,openwebtext-3%,168,train_eval,6.7901201248168945,5.0674662668665665e-05,6.249363752869225,
2025-09-14 18:55:44,ADAM_lr0.001,ADAM,2,openwebtext-3%,168,val_eval,6.81153678894043,5.0674662668665665e-05,6.249363752869225,
2025-09-14 18:56:05,ADAM_lr0.001,ADAM,2,openwebtext-3%,169,train_eval,6.7802510261535645,5.0974512743628186e-05,6.249363752869225,
2025-09-14 18:56:05,ADAM_lr0.001,ADAM,2,openwebtext-3%,169,val_eval,6.799610614776611,5.0974512743628186e-05,6.249363752869225,
2025-09-14 18:56:27,ADAM_lr0.001,ADAM,2,openwebtext-3%,170,train_eval,6.778814315795898,5.12743628185907e-05,6.249363752869225,
2025-09-14 18:56:27,ADAM_lr0.001,ADAM,2,openwebtext-3%,170,val_eval,6.782418727874756,5.12743628185907e-05,6.249363752869225,
2025-09-14 18:56:35,ADAM_lr0.001,ADAM,2,openwebtext-3%,170,train_iter,6.6611915826797485,5.12743628185907e-05,6.255142752275898,21350.229263305664
2025-09-14 18:56:48,ADAM_lr0.001,ADAM,2,openwebtext-3%,171,train_eval,6.762813091278076,5.1574212893553214e-05,6.255142752275898,
2025-09-14 18:56:48,ADAM_lr0.001,ADAM,2,openwebtext-3%,171,val_eval,6.765356063842773,5.1574212893553214e-05,6.255142752275898,
2025-09-14 18:57:09,ADAM_lr0.001,ADAM,2,openwebtext-3%,172,train_eval,6.750683784484863,5.1874062968515735e-05,6.255142752275898,
2025-09-14 18:57:09,ADAM_lr0.001,ADAM,2,openwebtext-3%,172,val_eval,6.783920764923096,5.1874062968515735e-05,6.255142752275898,
2025-09-14 18:57:31,ADAM_lr0.001,ADAM,2,openwebtext-3%,173,train_eval,6.7622246742248535,5.2173913043478256e-05,6.255142752275898,
2025-09-14 18:57:31,ADAM_lr0.001,ADAM,2,openwebtext-3%,173,val_eval,6.747010707855225,5.2173913043478256e-05,6.255142752275898,
2025-09-14 18:57:52,ADAM_lr0.001,ADAM,2,openwebtext-3%,174,train_eval,6.747671604156494,5.247376311844078e-05,6.255142752275898,
2025-09-14 18:57:52,ADAM_lr0.001,ADAM,2,openwebtext-3%,174,val_eval,6.740507125854492,5.247376311844078e-05,6.255142752275898,
2025-09-14 18:58:14,ADAM_lr0.001,ADAM,2,openwebtext-3%,175,train_eval,6.731237888336182,5.277361319340329e-05,6.255142752275898,
2025-09-14 18:58:14,ADAM_lr0.001,ADAM,2,openwebtext-3%,175,val_eval,6.74062442779541,5.277361319340329e-05,6.255142752275898,
2025-09-14 18:58:35,ADAM_lr0.001,ADAM,2,openwebtext-3%,176,train_eval,6.708745956420898,5.307346326836581e-05,6.255142752275898,
2025-09-14 18:58:35,ADAM_lr0.001,ADAM,2,openwebtext-3%,176,val_eval,6.734701156616211,5.307346326836581e-05,6.255142752275898,
2025-09-14 18:58:56,ADAM_lr0.001,ADAM,2,openwebtext-3%,177,train_eval,6.727097034454346,5.3373313343328334e-05,6.255142752275898,
2025-09-14 18:58:56,ADAM_lr0.001,ADAM,2,openwebtext-3%,177,val_eval,6.718877792358398,5.3373313343328334e-05,6.255142752275898,
2025-09-14 18:59:18,ADAM_lr0.001,ADAM,2,openwebtext-3%,178,train_eval,6.709439277648926,5.3673163418290855e-05,6.255142752275898,
2025-09-14 18:59:18,ADAM_lr0.001,ADAM,2,openwebtext-3%,178,val_eval,6.715087890625,5.3673163418290855e-05,6.255142752275898,
2025-09-14 18:59:39,ADAM_lr0.001,ADAM,2,openwebtext-3%,179,train_eval,6.697211742401123,5.397301349325337e-05,6.255142752275898,
2025-09-14 18:59:39,ADAM_lr0.001,ADAM,2,openwebtext-3%,179,val_eval,6.704928398132324,5.397301349325337e-05,6.255142752275898,
2025-09-14 19:00:00,ADAM_lr0.001,ADAM,2,openwebtext-3%,180,train_eval,6.685854434967041,5.427286356821588e-05,6.255142752275898,
2025-09-14 19:00:00,ADAM_lr0.001,ADAM,2,openwebtext-3%,180,val_eval,6.710244178771973,5.427286356821588e-05,6.255142752275898,
2025-09-14 19:00:09,ADAM_lr0.001,ADAM,2,openwebtext-3%,180,train_iter,6.675599813461304,5.427286356821588e-05,6.25308723361649,21598.73080253601
2025-09-14 19:00:22,ADAM_lr0.001,ADAM,2,openwebtext-3%,181,train_eval,6.675788402557373,5.4572713643178404e-05,6.25308723361649,
2025-09-14 19:00:22,ADAM_lr0.001,ADAM,2,openwebtext-3%,181,val_eval,6.6937665939331055,5.4572713643178404e-05,6.25308723361649,
2025-09-14 19:00:44,ADAM_lr0.001,ADAM,2,openwebtext-3%,182,train_eval,6.685208320617676,5.4872563718140925e-05,6.25308723361649,
2025-09-14 19:00:44,ADAM_lr0.001,ADAM,2,openwebtext-3%,182,val_eval,6.684932231903076,5.4872563718140925e-05,6.25308723361649,
2025-09-14 19:01:05,ADAM_lr0.001,ADAM,2,openwebtext-3%,183,train_eval,6.6728196144104,5.517241379310344e-05,6.25308723361649,
2025-09-14 19:01:05,ADAM_lr0.001,ADAM,2,openwebtext-3%,183,val_eval,6.676210403442383,5.517241379310344e-05,6.25308723361649,
2025-09-14 19:01:26,ADAM_lr0.001,ADAM,2,openwebtext-3%,184,train_eval,6.669818878173828,5.547226386806596e-05,6.25308723361649,
2025-09-14 19:01:26,ADAM_lr0.001,ADAM,2,openwebtext-3%,184,val_eval,6.67156982421875,5.547226386806596e-05,6.25308723361649,
2025-09-14 19:01:48,ADAM_lr0.001,ADAM,2,openwebtext-3%,185,train_eval,6.672220230102539,5.577211394302848e-05,6.25308723361649,
2025-09-14 19:01:48,ADAM_lr0.001,ADAM,2,openwebtext-3%,185,val_eval,6.668507099151611,5.577211394302848e-05,6.25308723361649,
2025-09-14 19:02:09,ADAM_lr0.001,ADAM,2,openwebtext-3%,186,train_eval,6.654743194580078,5.6071964017991e-05,6.25308723361649,
2025-09-14 19:02:09,ADAM_lr0.001,ADAM,2,openwebtext-3%,186,val_eval,6.65410041809082,5.6071964017991e-05,6.25308723361649,
2025-09-14 19:02:30,ADAM_lr0.001,ADAM,2,openwebtext-3%,187,train_eval,6.649472713470459,5.637181409295352e-05,6.25308723361649,
2025-09-14 19:02:30,ADAM_lr0.001,ADAM,2,openwebtext-3%,187,val_eval,6.654094219207764,5.637181409295352e-05,6.25308723361649,
2025-09-14 19:02:51,ADAM_lr0.001,ADAM,2,openwebtext-3%,188,train_eval,6.6413445472717285,5.667166416791604e-05,6.25308723361649,
2025-09-14 19:02:51,ADAM_lr0.001,ADAM,2,openwebtext-3%,188,val_eval,6.651861667633057,5.667166416791604e-05,6.25308723361649,
2025-09-14 19:03:13,ADAM_lr0.001,ADAM,2,openwebtext-3%,189,train_eval,6.631277084350586,5.697151424287855e-05,6.25308723361649,
2025-09-14 19:03:13,ADAM_lr0.001,ADAM,2,openwebtext-3%,189,val_eval,6.632167816162109,5.697151424287855e-05,6.25308723361649,
2025-09-14 19:03:34,ADAM_lr0.001,ADAM,2,openwebtext-3%,190,train_eval,6.626347541809082,5.7271364317841074e-05,6.25308723361649,
2025-09-14 19:03:34,ADAM_lr0.001,ADAM,2,openwebtext-3%,190,val_eval,6.6515889167785645,5.7271364317841074e-05,6.25308723361649,
2025-09-14 19:03:43,ADAM_lr0.001,ADAM,2,openwebtext-3%,190,train_iter,6.698695421218872,5.7271364317841074e-05,6.251464258431986,21590.869903564453
2025-09-14 19:03:56,ADAM_lr0.001,ADAM,2,openwebtext-3%,191,train_eval,6.607194423675537,5.7571214392803595e-05,6.251464258431986,
2025-09-14 19:03:56,ADAM_lr0.001,ADAM,2,openwebtext-3%,191,val_eval,6.628843784332275,5.7571214392803595e-05,6.251464258431986,
2025-09-14 19:04:17,ADAM_lr0.001,ADAM,2,openwebtext-3%,192,train_eval,6.592685699462891,5.787106446776611e-05,6.251464258431986,
2025-09-14 19:04:17,ADAM_lr0.001,ADAM,2,openwebtext-3%,192,val_eval,6.6226725578308105,5.787106446776611e-05,6.251464258431986,
2025-09-14 19:04:39,ADAM_lr0.001,ADAM,2,openwebtext-3%,193,train_eval,6.597402572631836,5.817091454272863e-05,6.251464258431986,
2025-09-14 19:04:39,ADAM_lr0.001,ADAM,2,openwebtext-3%,193,val_eval,6.6108174324035645,5.817091454272863e-05,6.251464258431986,
2025-09-14 19:05:00,ADAM_lr0.001,ADAM,2,openwebtext-3%,194,train_eval,6.597525596618652,5.847076461769115e-05,6.251464258431986,
2025-09-14 19:05:00,ADAM_lr0.001,ADAM,2,openwebtext-3%,194,val_eval,6.607822895050049,5.847076461769115e-05,6.251464258431986,
2025-09-14 19:05:22,ADAM_lr0.001,ADAM,2,openwebtext-3%,195,train_eval,6.583022594451904,5.877061469265367e-05,6.251464258431986,
2025-09-14 19:05:22,ADAM_lr0.001,ADAM,2,openwebtext-3%,195,val_eval,6.601665496826172,5.877061469265367e-05,6.251464258431986,
2025-09-14 19:05:43,ADAM_lr0.001,ADAM,2,openwebtext-3%,196,train_eval,6.56791877746582,5.9070464767616186e-05,6.251464258431986,
2025-09-14 19:05:43,ADAM_lr0.001,ADAM,2,openwebtext-3%,196,val_eval,6.587484836578369,5.9070464767616186e-05,6.251464258431986,
2025-09-14 19:06:04,ADAM_lr0.001,ADAM,2,openwebtext-3%,197,train_eval,6.570486068725586,5.937031484257871e-05,6.251464258431986,
2025-09-14 19:06:04,ADAM_lr0.001,ADAM,2,openwebtext-3%,197,val_eval,6.5730109214782715,5.937031484257871e-05,6.251464258431986,
2025-09-14 19:06:26,ADAM_lr0.001,ADAM,2,openwebtext-3%,198,train_eval,6.569698333740234,5.967016491754123e-05,6.251464258431986,
2025-09-14 19:06:26,ADAM_lr0.001,ADAM,2,openwebtext-3%,198,val_eval,6.56039571762085,5.967016491754123e-05,6.251464258431986,
2025-09-14 19:06:47,ADAM_lr0.001,ADAM,2,openwebtext-3%,199,train_eval,6.56419563293457,5.997001499250374e-05,6.251464258431986,
2025-09-14 19:06:47,ADAM_lr0.001,ADAM,2,openwebtext-3%,199,val_eval,6.569677829742432,5.997001499250374e-05,6.251464258431986,
2025-09-14 19:07:08,ADAM_lr0.001,ADAM,2,openwebtext-3%,200,train_eval,6.546083927154541,6.026986506746626e-05,6.251464258431986,
2025-09-14 19:07:08,ADAM_lr0.001,ADAM,2,openwebtext-3%,200,val_eval,6.548712253570557,6.026986506746626e-05,6.251464258431986,
2025-09-14 19:07:23,ADAM_lr0.001,ADAM,2,openwebtext-3%,200,train_iter,6.4889490604400635,6.026986506746626e-05,6.109404004324367,27874.77397918701
2025-09-14 19:07:45,ADAMW_lr0.0003,ADAMW,2,openwebtext-3%,0,train_eval,10.945842742919922,2.998500749625187e-07,,
2025-09-14 19:07:45,ADAMW_lr0.0003,ADAMW,2,openwebtext-3%,0,val_eval,10.944282531738281,2.998500749625187e-07,,
2025-09-14 19:07:59,ADAMW_lr0.0003,ADAMW,2,openwebtext-3%,0,train_iter,10.945987701416016,2.998500749625187e-07,,28191.66660308838
2025-09-14 19:08:11,ADAMW_lr0.0003,ADAMW,2,openwebtext-3%,1,train_eval,10.92866325378418,5.997001499250374e-07,,
2025-09-14 19:08:11,ADAMW_lr0.0003,ADAMW,2,openwebtext-3%,1,val_eval,10.928654670715332,5.997001499250374e-07,,
2025-09-14 19:08:33,ADAMW_lr0.0003,ADAMW,2,openwebtext-3%,2,train_eval,10.894752502441406,8.995502248875562e-07,,
2025-09-14 19:08:33,ADAMW_lr0.0003,ADAMW,2,openwebtext-3%,2,val_eval,10.892070770263672,8.995502248875562e-07,,
2025-09-14 19:08:54,ADAMW_lr0.0003,ADAMW,2,openwebtext-3%,3,train_eval,10.842097282409668,1.1994002998500749e-06,,
2025-09-14 19:08:54,ADAMW_lr0.0003,ADAMW,2,openwebtext-3%,3,val_eval,10.84187126159668,1.1994002998500749e-06,,
2025-09-14 19:09:16,ADAMW_lr0.0003,ADAMW,2,openwebtext-3%,4,train_eval,10.775099754333496,1.4992503748125936e-06,,
2025-09-14 19:09:16,ADAMW_lr0.0003,ADAMW,2,openwebtext-3%,4,val_eval,10.77511978149414,1.4992503748125936e-06,,
2025-09-14 19:09:37,ADAMW_lr0.0003,ADAMW,2,openwebtext-3%,5,train_eval,10.695478439331055,1.7991004497751123e-06,,
2025-09-14 19:09:37,ADAMW_lr0.0003,ADAMW,2,openwebtext-3%,5,val_eval,10.694960594177246,1.7991004497751123e-06,,
2025-09-14 19:09:58,ADAMW_lr0.0003,ADAMW,2,openwebtext-3%,6,train_eval,10.608708381652832,2.0989505247376313e-06,,
2025-09-14 19:09:58,ADAMW_lr0.0003,ADAMW,2,openwebtext-3%,6,val_eval,10.608372688293457,2.0989505247376313e-06,,
2025-09-14 19:10:20,ADAMW_lr0.0003,ADAMW,2,openwebtext-3%,7,train_eval,10.521749496459961,2.3988005997001498e-06,,
2025-09-14 19:10:20,ADAMW_lr0.0003,ADAMW,2,openwebtext-3%,7,val_eval,10.521617889404297,2.3988005997001498e-06,,
2025-09-14 19:10:41,ADAMW_lr0.0003,ADAMW,2,openwebtext-3%,8,train_eval,10.436834335327148,2.6986506746626683e-06,,
2025-09-14 19:10:41,ADAMW_lr0.0003,ADAMW,2,openwebtext-3%,8,val_eval,10.432141304016113,2.6986506746626683e-06,,
2025-09-14 19:11:02,ADAMW_lr0.0003,ADAMW,2,openwebtext-3%,9,train_eval,10.347940444946289,2.9985007496251872e-06,,
2025-09-14 19:11:02,ADAMW_lr0.0003,ADAMW,2,openwebtext-3%,9,val_eval,10.346098899841309,2.9985007496251872e-06,,
2025-09-14 19:11:24,ADAMW_lr0.0003,ADAMW,2,openwebtext-3%,10,train_eval,10.267678260803223,3.2983508245877057e-06,,
2025-09-14 19:11:24,ADAMW_lr0.0003,ADAMW,2,openwebtext-3%,10,val_eval,10.26898193359375,3.2983508245877057e-06,,
2025-09-14 19:11:32,ADAMW_lr0.0003,ADAMW,2,openwebtext-3%,10,train_iter,10.2713143825531,3.2983508245877057e-06,6.330374832632896,21271.912336349487
2025-09-14 19:11:45,ADAMW_lr0.0003,ADAMW,2,openwebtext-3%,11,train_eval,10.196551322937012,3.5982008995502247e-06,6.330374832632896,
2025-09-14 19:11:45,ADAMW_lr0.0003,ADAMW,2,openwebtext-3%,11,val_eval,10.190938949584961,3.5982008995502247e-06,6.330374832632896,
2025-09-14 19:12:06,ADAMW_lr0.0003,ADAMW,2,openwebtext-3%,12,train_eval,10.122051239013672,3.898050974512743e-06,6.330374832632896,
2025-09-14 19:12:06,ADAMW_lr0.0003,ADAMW,2,openwebtext-3%,12,val_eval,10.124207496643066,3.898050974512743e-06,6.330374832632896,
2025-09-14 19:12:27,ADAMW_lr0.0003,ADAMW,2,openwebtext-3%,13,train_eval,10.063104629516602,4.1979010494752625e-06,6.330374832632896,
2025-09-14 19:12:27,ADAMW_lr0.0003,ADAMW,2,openwebtext-3%,13,val_eval,10.059329986572266,4.1979010494752625e-06,6.330374832632896,
2025-09-14 19:12:49,ADAMW_lr0.0003,ADAMW,2,openwebtext-3%,14,train_eval,9.998656272888184,4.497751124437781e-06,6.330374832632896,
2025-09-14 19:12:49,ADAMW_lr0.0003,ADAMW,2,openwebtext-3%,14,val_eval,10.003933906555176,4.497751124437781e-06,6.330374832632896,
2025-09-14 19:13:10,ADAMW_lr0.0003,ADAMW,2,openwebtext-3%,15,train_eval,9.943853378295898,4.7976011994002995e-06,6.330374832632896,
2025-09-14 19:13:10,ADAMW_lr0.0003,ADAMW,2,openwebtext-3%,15,val_eval,9.943264961242676,4.7976011994002995e-06,6.330374832632896,
2025-09-14 19:13:32,ADAMW_lr0.0003,ADAMW,2,openwebtext-3%,16,train_eval,9.891256332397461,5.097451274362818e-06,6.330374832632896,
2025-09-14 19:13:32,ADAMW_lr0.0003,ADAMW,2,openwebtext-3%,16,val_eval,9.894898414611816,5.097451274362818e-06,6.330374832632896,
2025-09-14 19:13:53,ADAMW_lr0.0003,ADAMW,2,openwebtext-3%,17,train_eval,9.848113059997559,5.3973013493253366e-06,6.330374832632896,
2025-09-14 19:13:53,ADAMW_lr0.0003,ADAMW,2,openwebtext-3%,17,val_eval,9.84073543548584,5.3973013493253366e-06,6.330374832632896,
2025-09-14 19:14:15,ADAMW_lr0.0003,ADAMW,2,openwebtext-3%,18,train_eval,9.805438995361328,5.697151424287855e-06,6.330374832632896,
2025-09-14 19:14:15,ADAMW_lr0.0003,ADAMW,2,openwebtext-3%,18,val_eval,9.795061111450195,5.697151424287855e-06,6.330374832632896,
2025-09-14 19:14:36,ADAMW_lr0.0003,ADAMW,2,openwebtext-3%,19,train_eval,9.755916595458984,5.9970014992503744e-06,6.330374832632896,
2025-09-14 19:14:36,ADAMW_lr0.0003,ADAMW,2,openwebtext-3%,19,val_eval,9.747766494750977,5.9970014992503744e-06,6.330374832632896,
2025-09-14 19:14:58,ADAMW_lr0.0003,ADAMW,2,openwebtext-3%,20,train_eval,9.717467308044434,6.296851574212893e-06,6.330374832632896,
2025-09-14 19:14:58,ADAMW_lr0.0003,ADAMW,2,openwebtext-3%,20,val_eval,9.719498634338379,6.296851574212893e-06,6.330374832632896,
2025-09-14 19:15:06,ADAMW_lr0.0003,ADAMW,2,openwebtext-3%,20,train_iter,9.817398190498352,6.296851574212893e-06,6.323876883066701,21492.52700805664
2025-09-14 19:15:19,ADAMW_lr0.0003,ADAMW,2,openwebtext-3%,21,train_eval,9.685637474060059,6.5967016491754115e-06,6.323876883066701,
2025-09-14 19:15:19,ADAMW_lr0.0003,ADAMW,2,openwebtext-3%,21,val_eval,9.688061714172363,6.5967016491754115e-06,6.323876883066701,
2025-09-14 19:15:41,ADAMW_lr0.0003,ADAMW,2,openwebtext-3%,22,train_eval,9.651043891906738,6.89655172413793e-06,6.323876883066701,
2025-09-14 19:15:41,ADAMW_lr0.0003,ADAMW,2,openwebtext-3%,22,val_eval,9.653268814086914,6.89655172413793e-06,6.323876883066701,
2025-09-14 19:16:02,ADAMW_lr0.0003,ADAMW,2,openwebtext-3%,23,train_eval,9.625777244567871,7.196401799100449e-06,6.323876883066701,
2025-09-14 19:16:02,ADAMW_lr0.0003,ADAMW,2,openwebtext-3%,23,val_eval,9.63253116607666,7.196401799100449e-06,6.323876883066701,
2025-09-14 19:16:23,ADAMW_lr0.0003,ADAMW,2,openwebtext-3%,24,train_eval,9.599504470825195,7.496251874062968e-06,6.323876883066701,
2025-09-14 19:16:23,ADAMW_lr0.0003,ADAMW,2,openwebtext-3%,24,val_eval,9.604156494140625,7.496251874062968e-06,6.323876883066701,
2025-09-14 19:16:45,ADAMW_lr0.0003,ADAMW,2,openwebtext-3%,25,train_eval,9.576617240905762,7.796101949025486e-06,6.323876883066701,
2025-09-14 19:16:45,ADAMW_lr0.0003,ADAMW,2,openwebtext-3%,25,val_eval,9.57639217376709,7.796101949025486e-06,6.323876883066701,
2025-09-14 19:17:06,ADAMW_lr0.0003,ADAMW,2,openwebtext-3%,26,train_eval,9.559004783630371,8.095952023988006e-06,6.323876883066701,
2025-09-14 19:17:06,ADAMW_lr0.0003,ADAMW,2,openwebtext-3%,26,val_eval,9.549047470092773,8.095952023988006e-06,6.323876883066701,
2025-09-14 19:17:28,ADAMW_lr0.0003,ADAMW,2,openwebtext-3%,27,train_eval,9.53372859954834,8.395802098950525e-06,6.323876883066701,
2025-09-14 19:17:28,ADAMW_lr0.0003,ADAMW,2,openwebtext-3%,27,val_eval,9.52519416809082,8.395802098950525e-06,6.323876883066701,
2025-09-14 19:17:50,ADAMW_lr0.0003,ADAMW,2,openwebtext-3%,28,train_eval,9.495713233947754,8.695652173913043e-06,6.323876883066701,
2025-09-14 19:17:50,ADAMW_lr0.0003,ADAMW,2,openwebtext-3%,28,val_eval,9.500431060791016,8.695652173913043e-06,6.323876883066701,
2025-09-14 19:18:11,ADAMW_lr0.0003,ADAMW,2,openwebtext-3%,29,train_eval,9.476324081420898,8.995502248875562e-06,6.323876883066701,
2025-09-14 19:18:11,ADAMW_lr0.0003,ADAMW,2,openwebtext-3%,29,val_eval,9.47408676147461,8.995502248875562e-06,6.323876883066701,
2025-09-14 19:18:33,ADAMW_lr0.0003,ADAMW,2,openwebtext-3%,30,train_eval,9.452775001525879,9.29535232383808e-06,6.323876883066701,
2025-09-14 19:18:33,ADAMW_lr0.0003,ADAMW,2,openwebtext-3%,30,val_eval,9.461098670959473,9.29535232383808e-06,6.323876883066701,
2025-09-14 19:18:42,ADAMW_lr0.0003,ADAMW,2,openwebtext-3%,30,train_iter,9.425529837608337,9.29535232383808e-06,6.315978474374112,21563.08889389038
2025-09-14 19:18:54,ADAMW_lr0.0003,ADAMW,2,openwebtext-3%,31,train_eval,9.434858322143555,9.595202398800599e-06,6.315978474374112,
2025-09-14 19:18:54,ADAMW_lr0.0003,ADAMW,2,openwebtext-3%,31,val_eval,9.445087432861328,9.595202398800599e-06,6.315978474374112,
2025-09-14 19:19:16,ADAMW_lr0.0003,ADAMW,2,openwebtext-3%,32,train_eval,9.410511016845703,9.895052473763117e-06,6.315978474374112,
2025-09-14 19:19:16,ADAMW_lr0.0003,ADAMW,2,openwebtext-3%,32,val_eval,9.4133939743042,9.895052473763117e-06,6.315978474374112,
2025-09-14 19:19:37,ADAMW_lr0.0003,ADAMW,2,openwebtext-3%,33,train_eval,9.395148277282715,1.0194902548725636e-05,6.315978474374112,
2025-09-14 19:19:37,ADAMW_lr0.0003,ADAMW,2,openwebtext-3%,33,val_eval,9.397032737731934,1.0194902548725636e-05,6.315978474374112,
2025-09-14 19:19:59,ADAMW_lr0.0003,ADAMW,2,openwebtext-3%,34,train_eval,9.372621536254883,1.0494752623688155e-05,6.315978474374112,
2025-09-14 19:19:59,ADAMW_lr0.0003,ADAMW,2,openwebtext-3%,34,val_eval,9.372858047485352,1.0494752623688155e-05,6.315978474374112,
2025-09-14 19:20:20,ADAMW_lr0.0003,ADAMW,2,openwebtext-3%,35,train_eval,9.35353946685791,1.0794602698650673e-05,6.315978474374112,
2025-09-14 19:20:20,ADAMW_lr0.0003,ADAMW,2,openwebtext-3%,35,val_eval,9.346702575683594,1.0794602698650673e-05,6.315978474374112,
2025-09-14 19:20:41,ADAMW_lr0.0003,ADAMW,2,openwebtext-3%,36,train_eval,9.327600479125977,1.1094452773613192e-05,6.315978474374112,
2025-09-14 19:20:41,ADAMW_lr0.0003,ADAMW,2,openwebtext-3%,36,val_eval,9.319849014282227,1.1094452773613192e-05,6.315978474374112,
2025-09-14 19:21:03,ADAMW_lr0.0003,ADAMW,2,openwebtext-3%,37,train_eval,9.291468620300293,1.139430284857571e-05,6.315978474374112,
2025-09-14 19:21:03,ADAMW_lr0.0003,ADAMW,2,openwebtext-3%,37,val_eval,9.296454429626465,1.139430284857571e-05,6.315978474374112,
2025-09-14 19:21:25,ADAMW_lr0.0003,ADAMW,2,openwebtext-3%,38,train_eval,9.26110553741455,1.169415292353823e-05,6.315978474374112,
2025-09-14 19:21:25,ADAMW_lr0.0003,ADAMW,2,openwebtext-3%,38,val_eval,9.27368450164795,1.169415292353823e-05,6.315978474374112,
2025-09-14 19:21:46,ADAMW_lr0.0003,ADAMW,2,openwebtext-3%,39,train_eval,9.241955757141113,1.1994002998500749e-05,6.315978474374112,
2025-09-14 19:21:46,ADAMW_lr0.0003,ADAMW,2,openwebtext-3%,39,val_eval,9.243435859680176,1.1994002998500749e-05,6.315978474374112,
2025-09-14 19:22:08,ADAMW_lr0.0003,ADAMW,2,openwebtext-3%,40,train_eval,9.211843490600586,1.2293853073463267e-05,6.315978474374112,
2025-09-14 19:22:08,ADAMW_lr0.0003,ADAMW,2,openwebtext-3%,40,val_eval,9.222234725952148,1.2293853073463267e-05,6.315978474374112,
2025-09-14 19:22:16,ADAMW_lr0.0003,ADAMW,2,openwebtext-3%,40,train_iter,9.292325973510742,1.2293853073463267e-05,6.31758318695884,21266.366720199585
2025-09-14 19:22:29,ADAMW_lr0.0003,ADAMW,2,openwebtext-3%,41,train_eval,9.198417663574219,1.2593703148425786e-05,6.31758318695884,
2025-09-14 19:22:29,ADAMW_lr0.0003,ADAMW,2,openwebtext-3%,41,val_eval,9.190258026123047,1.2593703148425786e-05,6.31758318695884,
2025-09-14 19:22:50,ADAMW_lr0.0003,ADAMW,2,openwebtext-3%,42,train_eval,9.171764373779297,1.2893553223388304e-05,6.31758318695884,
2025-09-14 19:22:50,ADAMW_lr0.0003,ADAMW,2,openwebtext-3%,42,val_eval,9.176889419555664,1.2893553223388304e-05,6.31758318695884,
2025-09-14 19:23:12,ADAMW_lr0.0003,ADAMW,2,openwebtext-3%,43,train_eval,9.143911361694336,1.3193403298350823e-05,6.31758318695884,
2025-09-14 19:23:12,ADAMW_lr0.0003,ADAMW,2,openwebtext-3%,43,val_eval,9.14570140838623,1.3193403298350823e-05,6.31758318695884,
2025-09-14 19:23:33,ADAMW_lr0.0003,ADAMW,2,openwebtext-3%,44,train_eval,9.116617202758789,1.3493253373313342e-05,6.31758318695884,
2025-09-14 19:23:33,ADAMW_lr0.0003,ADAMW,2,openwebtext-3%,44,val_eval,9.134969711303711,1.3493253373313342e-05,6.31758318695884,
2025-09-14 19:23:54,ADAMW_lr0.0003,ADAMW,2,openwebtext-3%,45,train_eval,9.087896347045898,1.379310344827586e-05,6.31758318695884,
2025-09-14 19:23:54,ADAMW_lr0.0003,ADAMW,2,openwebtext-3%,45,val_eval,9.099688529968262,1.379310344827586e-05,6.31758318695884,
2025-09-14 19:24:16,ADAMW_lr0.0003,ADAMW,2,openwebtext-3%,46,train_eval,9.071666717529297,1.409295352323838e-05,6.31758318695884,
2025-09-14 19:24:16,ADAMW_lr0.0003,ADAMW,2,openwebtext-3%,46,val_eval,9.078230857849121,1.409295352323838e-05,6.31758318695884,
2025-09-14 19:24:38,ADAMW_lr0.0003,ADAMW,2,openwebtext-3%,47,train_eval,9.046255111694336,1.4392803598200899e-05,6.31758318695884,
2025-09-14 19:24:38,ADAMW_lr0.0003,ADAMW,2,openwebtext-3%,47,val_eval,9.039850234985352,1.4392803598200899e-05,6.31758318695884,
2025-09-14 19:24:59,ADAMW_lr0.0003,ADAMW,2,openwebtext-3%,48,train_eval,9.024432182312012,1.4692653673163418e-05,6.31758318695884,
2025-09-14 19:24:59,ADAMW_lr0.0003,ADAMW,2,openwebtext-3%,48,val_eval,9.027135848999023,1.4692653673163418e-05,6.31758318695884,
2025-09-14 19:25:20,ADAMW_lr0.0003,ADAMW,2,openwebtext-3%,49,train_eval,9.000275611877441,1.4992503748125936e-05,6.31758318695884,
2025-09-14 19:25:20,ADAMW_lr0.0003,ADAMW,2,openwebtext-3%,49,val_eval,9.010518074035645,1.4992503748125936e-05,6.31758318695884,
2025-09-14 19:25:42,ADAMW_lr0.0003,ADAMW,2,openwebtext-3%,50,train_eval,8.973587036132812,1.5292353823088455e-05,6.31758318695884,
2025-09-14 19:25:42,ADAMW_lr0.0003,ADAMW,2,openwebtext-3%,50,val_eval,8.97484016418457,1.5292353823088455e-05,6.31758318695884,
2025-09-14 19:25:50,ADAMW_lr0.0003,ADAMW,2,openwebtext-3%,50,train_iter,8.888471722602844,1.5292353823088455e-05,6.318962806733176,21268.537282943726
2025-09-14 19:26:03,ADAMW_lr0.0003,ADAMW,2,openwebtext-3%,51,train_eval,8.938714027404785,1.5592203898050973e-05,6.318962806733176,
2025-09-14 19:26:03,ADAMW_lr0.0003,ADAMW,2,openwebtext-3%,51,val_eval,8.947975158691406,1.5592203898050973e-05,6.318962806733176,
2025-09-14 19:26:24,ADAMW_lr0.0003,ADAMW,2,openwebtext-3%,52,train_eval,8.917058944702148,1.589205397301349e-05,6.318962806733176,
2025-09-14 19:26:24,ADAMW_lr0.0003,ADAMW,2,openwebtext-3%,52,val_eval,8.922240257263184,1.589205397301349e-05,6.318962806733176,
2025-09-14 19:26:46,ADAMW_lr0.0003,ADAMW,2,openwebtext-3%,53,train_eval,8.893096923828125,1.619190404797601e-05,6.318962806733176,
2025-09-14 19:26:46,ADAMW_lr0.0003,ADAMW,2,openwebtext-3%,53,val_eval,8.90113639831543,1.619190404797601e-05,6.318962806733176,
2025-09-14 19:27:07,ADAMW_lr0.0003,ADAMW,2,openwebtext-3%,54,train_eval,8.87587833404541,1.649175412293853e-05,6.318962806733176,
2025-09-14 19:27:07,ADAMW_lr0.0003,ADAMW,2,openwebtext-3%,54,val_eval,8.888111114501953,1.649175412293853e-05,6.318962806733176,
2025-09-14 19:27:29,ADAMW_lr0.0003,ADAMW,2,openwebtext-3%,55,train_eval,8.837309837341309,1.679160419790105e-05,6.318962806733176,
2025-09-14 19:27:29,ADAMW_lr0.0003,ADAMW,2,openwebtext-3%,55,val_eval,8.831745147705078,1.679160419790105e-05,6.318962806733176,
2025-09-14 19:27:51,ADAMW_lr0.0003,ADAMW,2,openwebtext-3%,56,train_eval,8.829850196838379,1.7091454272863564e-05,6.318962806733176,
2025-09-14 19:27:51,ADAMW_lr0.0003,ADAMW,2,openwebtext-3%,56,val_eval,8.833061218261719,1.7091454272863564e-05,6.318962806733176,
2025-09-14 19:28:12,ADAMW_lr0.0003,ADAMW,2,openwebtext-3%,57,train_eval,8.801095008850098,1.7391304347826085e-05,6.318962806733176,
2025-09-14 19:28:12,ADAMW_lr0.0003,ADAMW,2,openwebtext-3%,57,val_eval,8.806964874267578,1.7391304347826085e-05,6.318962806733176,
2025-09-14 19:28:33,ADAMW_lr0.0003,ADAMW,2,openwebtext-3%,58,train_eval,8.783188819885254,1.7691154422788603e-05,6.318962806733176,
2025-09-14 19:28:33,ADAMW_lr0.0003,ADAMW,2,openwebtext-3%,58,val_eval,8.784820556640625,1.7691154422788603e-05,6.318962806733176,
2025-09-14 19:28:55,ADAMW_lr0.0003,ADAMW,2,openwebtext-3%,59,train_eval,8.75578498840332,1.7991004497751124e-05,6.318962806733176,
2025-09-14 19:28:55,ADAMW_lr0.0003,ADAMW,2,openwebtext-3%,59,val_eval,8.771025657653809,1.7991004497751124e-05,6.318962806733176,
2025-09-14 19:29:16,ADAMW_lr0.0003,ADAMW,2,openwebtext-3%,60,train_eval,8.73805046081543,1.829085457271364e-05,6.318962806733176,
2025-09-14 19:29:16,ADAMW_lr0.0003,ADAMW,2,openwebtext-3%,60,val_eval,8.7487154006958,1.829085457271364e-05,6.318962806733176,
2025-09-14 19:29:24,ADAMW_lr0.0003,ADAMW,2,openwebtext-3%,60,train_iter,8.710155487060547,1.829085457271364e-05,6.322409179836956,21194.732904434204
2025-09-14 19:29:37,ADAMW_lr0.0003,ADAMW,2,openwebtext-3%,61,train_eval,8.713983535766602,1.859070464767616e-05,6.322409179836956,
2025-09-14 19:29:37,ADAMW_lr0.0003,ADAMW,2,openwebtext-3%,61,val_eval,8.72436809539795,1.859070464767616e-05,6.322409179836956,
2025-09-14 19:29:58,ADAMW_lr0.0003,ADAMW,2,openwebtext-3%,62,train_eval,8.70145034790039,1.8890554722638677e-05,6.322409179836956,
2025-09-14 19:29:58,ADAMW_lr0.0003,ADAMW,2,openwebtext-3%,62,val_eval,8.703644752502441,1.8890554722638677e-05,6.322409179836956,
2025-09-14 19:30:20,ADAMW_lr0.0003,ADAMW,2,openwebtext-3%,63,train_eval,8.673506736755371,1.9190404797601198e-05,6.322409179836956,
2025-09-14 19:30:20,ADAMW_lr0.0003,ADAMW,2,openwebtext-3%,63,val_eval,8.680170059204102,1.9190404797601198e-05,6.322409179836956,
2025-09-14 19:30:41,ADAMW_lr0.0003,ADAMW,2,openwebtext-3%,64,train_eval,8.648273468017578,1.949025487256372e-05,6.322409179836956,
2025-09-14 19:30:41,ADAMW_lr0.0003,ADAMW,2,openwebtext-3%,64,val_eval,8.656843185424805,1.949025487256372e-05,6.322409179836956,
2025-09-14 19:31:02,ADAMW_lr0.0003,ADAMW,2,openwebtext-3%,65,train_eval,8.630324363708496,1.9790104947526234e-05,6.322409179836956,
2025-09-14 19:31:02,ADAMW_lr0.0003,ADAMW,2,openwebtext-3%,65,val_eval,8.640371322631836,1.9790104947526234e-05,6.322409179836956,
2025-09-14 19:31:23,ADAMW_lr0.0003,ADAMW,2,openwebtext-3%,66,train_eval,8.614989280700684,2.0089955022488755e-05,6.322409179836956,
2025-09-14 19:31:23,ADAMW_lr0.0003,ADAMW,2,openwebtext-3%,66,val_eval,8.611273765563965,2.0089955022488755e-05,6.322409179836956,
2025-09-14 19:31:44,ADAMW_lr0.0003,ADAMW,2,openwebtext-3%,67,train_eval,8.580748558044434,2.0389805097451272e-05,6.322409179836956,
2025-09-14 19:31:44,ADAMW_lr0.0003,ADAMW,2,openwebtext-3%,67,val_eval,8.588164329528809,2.0389805097451272e-05,6.322409179836956,
2025-09-14 19:32:06,ADAMW_lr0.0003,ADAMW,2,openwebtext-3%,68,train_eval,8.563785552978516,2.0689655172413793e-05,6.322409179836956,
2025-09-14 19:32:06,ADAMW_lr0.0003,ADAMW,2,openwebtext-3%,68,val_eval,8.561797142028809,2.0689655172413793e-05,6.322409179836956,
2025-09-14 19:32:27,ADAMW_lr0.0003,ADAMW,2,openwebtext-3%,69,train_eval,8.541254043579102,2.098950524737631e-05,6.322409179836956,
2025-09-14 19:32:27,ADAMW_lr0.0003,ADAMW,2,openwebtext-3%,69,val_eval,8.543377876281738,2.098950524737631e-05,6.322409179836956,
2025-09-14 19:32:48,ADAMW_lr0.0003,ADAMW,2,openwebtext-3%,70,train_eval,8.525429725646973,2.128935532233883e-05,6.322409179836956,
2025-09-14 19:32:48,ADAMW_lr0.0003,ADAMW,2,openwebtext-3%,70,val_eval,8.522383689880371,2.128935532233883e-05,6.322409179836956,
2025-09-14 19:32:57,ADAMW_lr0.0003,ADAMW,2,openwebtext-3%,70,train_iter,8.663738369941711,2.128935532233883e-05,6.322914586767133,21281.700611114502
2025-09-14 19:33:09,ADAMW_lr0.0003,ADAMW,2,openwebtext-3%,71,train_eval,8.491780281066895,2.1589205397301346e-05,6.322914586767133,
2025-09-14 19:33:09,ADAMW_lr0.0003,ADAMW,2,openwebtext-3%,71,val_eval,8.487566947937012,2.1589205397301346e-05,6.322914586767133,
2025-09-14 19:33:31,ADAMW_lr0.0003,ADAMW,2,openwebtext-3%,72,train_eval,8.48341178894043,2.1889055472263867e-05,6.322914586767133,
2025-09-14 19:33:31,ADAMW_lr0.0003,ADAMW,2,openwebtext-3%,72,val_eval,8.482330322265625,2.1889055472263867e-05,6.322914586767133,
2025-09-14 19:33:52,ADAMW_lr0.0003,ADAMW,2,openwebtext-3%,73,train_eval,8.451990127563477,2.2188905547226385e-05,6.322914586767133,
2025-09-14 19:33:52,ADAMW_lr0.0003,ADAMW,2,openwebtext-3%,73,val_eval,8.455814361572266,2.2188905547226385e-05,6.322914586767133,
2025-09-14 19:34:13,ADAMW_lr0.0003,ADAMW,2,openwebtext-3%,74,train_eval,8.441583633422852,2.2488755622188906e-05,6.322914586767133,
2025-09-14 19:34:13,ADAMW_lr0.0003,ADAMW,2,openwebtext-3%,74,val_eval,8.42975902557373,2.2488755622188906e-05,6.322914586767133,
2025-09-14 19:34:34,ADAMW_lr0.0003,ADAMW,2,openwebtext-3%,75,train_eval,8.419478416442871,2.278860569715142e-05,6.322914586767133,
2025-09-14 19:34:34,ADAMW_lr0.0003,ADAMW,2,openwebtext-3%,75,val_eval,8.417757987976074,2.278860569715142e-05,6.322914586767133,
2025-09-14 19:34:56,ADAMW_lr0.0003,ADAMW,2,openwebtext-3%,76,train_eval,8.386709213256836,2.308845577211394e-05,6.322914586767133,
2025-09-14 19:34:56,ADAMW_lr0.0003,ADAMW,2,openwebtext-3%,76,val_eval,8.399909973144531,2.308845577211394e-05,6.322914586767133,
2025-09-14 19:35:17,ADAMW_lr0.0003,ADAMW,2,openwebtext-3%,77,train_eval,8.376364707946777,2.338830584707646e-05,6.322914586767133,
2025-09-14 19:35:17,ADAMW_lr0.0003,ADAMW,2,openwebtext-3%,77,val_eval,8.373805046081543,2.338830584707646e-05,6.322914586767133,
2025-09-14 19:35:38,ADAMW_lr0.0003,ADAMW,2,openwebtext-3%,78,train_eval,8.339006423950195,2.368815592203898e-05,6.322914586767133,
2025-09-14 19:35:38,ADAMW_lr0.0003,ADAMW,2,openwebtext-3%,78,val_eval,8.357095718383789,2.368815592203898e-05,6.322914586767133,
2025-09-14 19:35:59,ADAMW_lr0.0003,ADAMW,2,openwebtext-3%,79,train_eval,8.312419891357422,2.3988005997001498e-05,6.322914586767133,
2025-09-14 19:35:59,ADAMW_lr0.0003,ADAMW,2,openwebtext-3%,79,val_eval,8.32375717163086,2.3988005997001498e-05,6.322914586767133,
2025-09-14 19:36:21,ADAMW_lr0.0003,ADAMW,2,openwebtext-3%,80,train_eval,8.291955947875977,2.4287856071964015e-05,6.322914586767133,
2025-09-14 19:36:21,ADAMW_lr0.0003,ADAMW,2,openwebtext-3%,80,val_eval,8.310040473937988,2.4287856071964015e-05,6.322914586767133,
2025-09-14 19:36:29,ADAMW_lr0.0003,ADAMW,2,openwebtext-3%,80,train_iter,8.33735466003418,2.4287856071964015e-05,6.3239745580938065,21261.36803627014
2025-09-14 19:36:42,ADAMW_lr0.0003,ADAMW,2,openwebtext-3%,81,train_eval,8.287345886230469,2.4587706146926533e-05,6.3239745580938065,
2025-09-14 19:36:42,ADAMW_lr0.0003,ADAMW,2,openwebtext-3%,81,val_eval,8.277831077575684,2.4587706146926533e-05,6.3239745580938065,
2025-09-14 19:37:03,ADAMW_lr0.0003,ADAMW,2,openwebtext-3%,82,train_eval,8.250844955444336,2.4887556221889054e-05,6.3239745580938065,
2025-09-14 19:37:03,ADAMW_lr0.0003,ADAMW,2,openwebtext-3%,82,val_eval,8.251773834228516,2.4887556221889054e-05,6.3239745580938065,
2025-09-14 19:37:24,ADAMW_lr0.0003,ADAMW,2,openwebtext-3%,83,train_eval,8.228486061096191,2.5187406296851572e-05,6.3239745580938065,
2025-09-14 19:37:24,ADAMW_lr0.0003,ADAMW,2,openwebtext-3%,83,val_eval,8.230561256408691,2.5187406296851572e-05,6.3239745580938065,
2025-09-14 19:37:46,ADAMW_lr0.0003,ADAMW,2,openwebtext-3%,84,train_eval,8.209417343139648,2.5487256371814093e-05,6.3239745580938065,
2025-09-14 19:37:46,ADAMW_lr0.0003,ADAMW,2,openwebtext-3%,84,val_eval,8.219295501708984,2.5487256371814093e-05,6.3239745580938065,
2025-09-14 19:38:07,ADAMW_lr0.0003,ADAMW,2,openwebtext-3%,85,train_eval,8.184120178222656,2.5787106446776607e-05,6.3239745580938065,
2025-09-14 19:38:07,ADAMW_lr0.0003,ADAMW,2,openwebtext-3%,85,val_eval,8.187054634094238,2.5787106446776607e-05,6.3239745580938065,
2025-09-14 19:38:28,ADAMW_lr0.0003,ADAMW,2,openwebtext-3%,86,train_eval,8.149982452392578,2.6086956521739128e-05,6.3239745580938065,
2025-09-14 19:38:28,ADAMW_lr0.0003,ADAMW,2,openwebtext-3%,86,val_eval,8.161476135253906,2.6086956521739128e-05,6.3239745580938065,
2025-09-14 19:38:49,ADAMW_lr0.0003,ADAMW,2,openwebtext-3%,87,train_eval,8.144272804260254,2.6386806596701646e-05,6.3239745580938065,
2025-09-14 19:38:49,ADAMW_lr0.0003,ADAMW,2,openwebtext-3%,87,val_eval,8.146668434143066,2.6386806596701646e-05,6.3239745580938065,
2025-09-14 19:39:11,ADAMW_lr0.0003,ADAMW,2,openwebtext-3%,88,train_eval,8.099565505981445,2.6686656671664167e-05,6.3239745580938065,
2025-09-14 19:39:11,ADAMW_lr0.0003,ADAMW,2,openwebtext-3%,88,val_eval,8.126982688903809,2.6686656671664167e-05,6.3239745580938065,
2025-09-14 19:39:32,ADAMW_lr0.0003,ADAMW,2,openwebtext-3%,89,train_eval,8.10002326965332,2.6986506746626685e-05,6.3239745580938065,
2025-09-14 19:39:32,ADAMW_lr0.0003,ADAMW,2,openwebtext-3%,89,val_eval,8.102783203125,2.6986506746626685e-05,6.3239745580938065,
2025-09-14 19:39:53,ADAMW_lr0.0003,ADAMW,2,openwebtext-3%,90,train_eval,8.062945365905762,2.7286356821589202e-05,6.3239745580938065,
2025-09-14 19:39:53,ADAMW_lr0.0003,ADAMW,2,openwebtext-3%,90,val_eval,8.081975936889648,2.7286356821589202e-05,6.3239745580938065,
2025-09-14 19:40:01,ADAMW_lr0.0003,ADAMW,2,openwebtext-3%,90,train_iter,8.016876578330994,2.7286356821589202e-05,6.3266403264378015,21204.05864715576
2025-09-14 19:40:14,ADAMW_lr0.0003,ADAMW,2,openwebtext-3%,91,train_eval,8.032242774963379,2.758620689655172e-05,6.3266403264378015,
2025-09-14 19:40:14,ADAMW_lr0.0003,ADAMW,2,openwebtext-3%,91,val_eval,8.057268142700195,2.758620689655172e-05,6.3266403264378015,
2025-09-14 19:40:35,ADAMW_lr0.0003,ADAMW,2,openwebtext-3%,92,train_eval,8.016663551330566,2.788605697151424e-05,6.3266403264378015,
2025-09-14 19:40:35,ADAMW_lr0.0003,ADAMW,2,openwebtext-3%,92,val_eval,8.037188529968262,2.788605697151424e-05,6.3266403264378015,
2025-09-14 19:40:57,ADAMW_lr0.0003,ADAMW,2,openwebtext-3%,93,train_eval,7.994276523590088,2.818590704647676e-05,6.3266403264378015,
2025-09-14 19:40:57,ADAMW_lr0.0003,ADAMW,2,openwebtext-3%,93,val_eval,8.00332260131836,2.818590704647676e-05,6.3266403264378015,
2025-09-14 19:41:18,ADAMW_lr0.0003,ADAMW,2,openwebtext-3%,94,train_eval,7.9777655601501465,2.8485757121439276e-05,6.3266403264378015,
2025-09-14 19:41:18,ADAMW_lr0.0003,ADAMW,2,openwebtext-3%,94,val_eval,7.984938144683838,2.8485757121439276e-05,6.3266403264378015,
2025-09-14 19:41:39,ADAMW_lr0.0003,ADAMW,2,openwebtext-3%,95,train_eval,7.966127395629883,2.8785607196401797e-05,6.3266403264378015,
2025-09-14 19:41:39,ADAMW_lr0.0003,ADAMW,2,openwebtext-3%,95,val_eval,7.963001728057861,2.8785607196401797e-05,6.3266403264378015,
2025-09-14 19:42:00,ADAMW_lr0.0003,ADAMW,2,openwebtext-3%,96,train_eval,7.936103343963623,2.9085457271364315e-05,6.3266403264378015,
2025-09-14 19:42:00,ADAMW_lr0.0003,ADAMW,2,openwebtext-3%,96,val_eval,7.944893836975098,2.9085457271364315e-05,6.3266403264378015,
2025-09-14 19:42:22,ADAMW_lr0.0003,ADAMW,2,openwebtext-3%,97,train_eval,7.908405780792236,2.9385307346326836e-05,6.3266403264378015,
2025-09-14 19:42:22,ADAMW_lr0.0003,ADAMW,2,openwebtext-3%,97,val_eval,7.9181976318359375,2.9385307346326836e-05,6.3266403264378015,
2025-09-14 19:42:43,ADAMW_lr0.0003,ADAMW,2,openwebtext-3%,98,train_eval,7.903540134429932,2.9685157421289354e-05,6.3266403264378015,
2025-09-14 19:42:43,ADAMW_lr0.0003,ADAMW,2,openwebtext-3%,98,val_eval,7.895045757293701,2.9685157421289354e-05,6.3266403264378015,
2025-09-14 19:43:04,ADAMW_lr0.0003,ADAMW,2,openwebtext-3%,99,train_eval,7.8510212898254395,2.998500749625187e-05,6.3266403264378015,
2025-09-14 19:43:04,ADAMW_lr0.0003,ADAMW,2,openwebtext-3%,99,val_eval,7.879997730255127,2.998500749625187e-05,6.3266403264378015,
2025-09-14 19:43:25,ADAMW_lr0.0003,ADAMW,2,openwebtext-3%,100,train_eval,7.844308853149414,3.028485757121439e-05,6.3266403264378015,
2025-09-14 19:43:25,ADAMW_lr0.0003,ADAMW,2,openwebtext-3%,100,val_eval,7.850711822509766,3.028485757121439e-05,6.3266403264378015,
2025-09-14 19:43:40,ADAMW_lr0.0003,ADAMW,2,openwebtext-3%,100,train_iter,7.992229461669922,3.028485757121439e-05,6.179477307779643,27736.127138137817
2025-09-14 19:43:53,ADAMW_lr0.0003,ADAMW,2,openwebtext-3%,101,train_eval,7.828345775604248,3.058470764617691e-05,6.179477307779643,
2025-09-14 19:43:53,ADAMW_lr0.0003,ADAMW,2,openwebtext-3%,101,val_eval,7.833526134490967,3.058470764617691e-05,6.179477307779643,
2025-09-14 19:44:14,ADAMW_lr0.0003,ADAMW,2,openwebtext-3%,102,train_eval,7.790613174438477,3.0884557721139424e-05,6.179477307779643,
2025-09-14 19:44:14,ADAMW_lr0.0003,ADAMW,2,openwebtext-3%,102,val_eval,7.812512397766113,3.0884557721139424e-05,6.179477307779643,
2025-09-14 19:44:35,ADAMW_lr0.0003,ADAMW,2,openwebtext-3%,103,train_eval,7.774294853210449,3.1184407796101945e-05,6.179477307779643,
2025-09-14 19:44:35,ADAMW_lr0.0003,ADAMW,2,openwebtext-3%,103,val_eval,7.767953872680664,3.1184407796101945e-05,6.179477307779643,
2025-09-14 19:44:56,ADAMW_lr0.0003,ADAMW,2,openwebtext-3%,104,train_eval,7.758334159851074,3.1484257871064466e-05,6.179477307779643,
2025-09-14 19:44:56,ADAMW_lr0.0003,ADAMW,2,openwebtext-3%,104,val_eval,7.754383563995361,3.1484257871064466e-05,6.179477307779643,
2025-09-14 19:45:18,ADAMW_lr0.0003,ADAMW,2,openwebtext-3%,105,train_eval,7.731547832489014,3.178410794602698e-05,6.179477307779643,
2025-09-14 19:45:18,ADAMW_lr0.0003,ADAMW,2,openwebtext-3%,105,val_eval,7.736049175262451,3.178410794602698e-05,6.179477307779643,
2025-09-14 19:45:39,ADAMW_lr0.0003,ADAMW,2,openwebtext-3%,106,train_eval,7.714738368988037,3.20839580209895e-05,6.179477307779643,
2025-09-14 19:45:39,ADAMW_lr0.0003,ADAMW,2,openwebtext-3%,106,val_eval,7.712249755859375,3.20839580209895e-05,6.179477307779643,
2025-09-14 19:46:00,ADAMW_lr0.0003,ADAMW,2,openwebtext-3%,107,train_eval,7.700556755065918,3.238380809595202e-05,6.179477307779643,
2025-09-14 19:46:00,ADAMW_lr0.0003,ADAMW,2,openwebtext-3%,107,val_eval,7.685174465179443,3.238380809595202e-05,6.179477307779643,
2025-09-14 19:46:21,ADAMW_lr0.0003,ADAMW,2,openwebtext-3%,108,train_eval,7.676214694976807,3.2683658170914544e-05,6.179477307779643,
2025-09-14 19:46:21,ADAMW_lr0.0003,ADAMW,2,openwebtext-3%,108,val_eval,7.674471855163574,3.2683658170914544e-05,6.179477307779643,
2025-09-14 19:46:43,ADAMW_lr0.0003,ADAMW,2,openwebtext-3%,109,train_eval,7.6512346267700195,3.298350824587706e-05,6.179477307779643,
2025-09-14 19:46:43,ADAMW_lr0.0003,ADAMW,2,openwebtext-3%,109,val_eval,7.65373420715332,3.298350824587706e-05,6.179477307779643,
2025-09-14 19:47:04,ADAMW_lr0.0003,ADAMW,2,openwebtext-3%,110,train_eval,7.618146896362305,3.328335832083958e-05,6.179477307779643,
2025-09-14 19:47:04,ADAMW_lr0.0003,ADAMW,2,openwebtext-3%,110,val_eval,7.635090351104736,3.328335832083958e-05,6.179477307779643,
2025-09-14 19:47:12,ADAMW_lr0.0003,ADAMW,2,openwebtext-3%,110,train_iter,7.596147060394287,3.328335832083958e-05,6.197333185276984,21179.36682701111
2025-09-14 19:47:25,ADAMW_lr0.0003,ADAMW,2,openwebtext-3%,111,train_eval,7.613426685333252,3.35832083958021e-05,6.197333185276984,
2025-09-14 19:47:25,ADAMW_lr0.0003,ADAMW,2,openwebtext-3%,111,val_eval,7.6031270027160645,3.35832083958021e-05,6.197333185276984,
2025-09-14 19:47:46,ADAMW_lr0.0003,ADAMW,2,openwebtext-3%,112,train_eval,7.580084323883057,3.3883058470764614e-05,6.197333185276984,
2025-09-14 19:47:46,ADAMW_lr0.0003,ADAMW,2,openwebtext-3%,112,val_eval,7.601000785827637,3.3883058470764614e-05,6.197333185276984,
2025-09-14 19:48:07,ADAMW_lr0.0003,ADAMW,2,openwebtext-3%,113,train_eval,7.561870574951172,3.418290854572713e-05,6.197333185276984,
2025-09-14 19:48:07,ADAMW_lr0.0003,ADAMW,2,openwebtext-3%,113,val_eval,7.57034158706665,3.418290854572713e-05,6.197333185276984,
2025-09-14 19:48:29,ADAMW_lr0.0003,ADAMW,2,openwebtext-3%,114,train_eval,7.542940616607666,3.448275862068965e-05,6.197333185276984,
2025-09-14 19:48:29,ADAMW_lr0.0003,ADAMW,2,openwebtext-3%,114,val_eval,7.557902812957764,3.448275862068965e-05,6.197333185276984,
2025-09-14 19:48:50,ADAMW_lr0.0003,ADAMW,2,openwebtext-3%,115,train_eval,7.518356800079346,3.478260869565217e-05,6.197333185276984,
2025-09-14 19:48:50,ADAMW_lr0.0003,ADAMW,2,openwebtext-3%,115,val_eval,7.533763885498047,3.478260869565217e-05,6.197333185276984,
2025-09-14 19:49:11,ADAMW_lr0.0003,ADAMW,2,openwebtext-3%,116,train_eval,7.515557289123535,3.508245877061469e-05,6.197333185276984,
2025-09-14 19:49:11,ADAMW_lr0.0003,ADAMW,2,openwebtext-3%,116,val_eval,7.510528087615967,3.508245877061469e-05,6.197333185276984,
2025-09-14 19:49:32,ADAMW_lr0.0003,ADAMW,2,openwebtext-3%,117,train_eval,7.490416049957275,3.5382308845577206e-05,6.197333185276984,
2025-09-14 19:49:32,ADAMW_lr0.0003,ADAMW,2,openwebtext-3%,117,val_eval,7.484424591064453,3.5382308845577206e-05,6.197333185276984,
2025-09-14 19:49:54,ADAMW_lr0.0003,ADAMW,2,openwebtext-3%,118,train_eval,7.4671759605407715,3.568215892053973e-05,6.197333185276984,
2025-09-14 19:49:54,ADAMW_lr0.0003,ADAMW,2,openwebtext-3%,118,val_eval,7.471683979034424,3.568215892053973e-05,6.197333185276984,
2025-09-14 19:50:15,ADAMW_lr0.0003,ADAMW,2,openwebtext-3%,119,train_eval,7.447267532348633,3.598200899550225e-05,6.197333185276984,
2025-09-14 19:50:15,ADAMW_lr0.0003,ADAMW,2,openwebtext-3%,119,val_eval,7.4541778564453125,3.598200899550225e-05,6.197333185276984,
2025-09-14 19:50:36,ADAMW_lr0.0003,ADAMW,2,openwebtext-3%,120,train_eval,7.429820537567139,3.628185907046477e-05,6.197333185276984,
2025-09-14 19:50:36,ADAMW_lr0.0003,ADAMW,2,openwebtext-3%,120,val_eval,7.418768405914307,3.628185907046477e-05,6.197333185276984,
2025-09-14 19:50:45,ADAMW_lr0.0003,ADAMW,2,openwebtext-3%,120,train_iter,7.231279015541077,3.628185907046477e-05,6.213296598498629,21182.92760848999
2025-09-14 19:50:57,ADAMW_lr0.0003,ADAMW,2,openwebtext-3%,121,train_eval,7.415838718414307,3.658170914542728e-05,6.213296598498629,
2025-09-14 19:50:57,ADAMW_lr0.0003,ADAMW,2,openwebtext-3%,121,val_eval,7.4162726402282715,3.658170914542728e-05,6.213296598498629,
2025-09-14 19:51:19,ADAMW_lr0.0003,ADAMW,2,openwebtext-3%,122,train_eval,7.374774932861328,3.68815592203898e-05,6.213296598498629,
2025-09-14 19:51:19,ADAMW_lr0.0003,ADAMW,2,openwebtext-3%,122,val_eval,7.400188446044922,3.68815592203898e-05,6.213296598498629,
2025-09-14 19:51:40,ADAMW_lr0.0003,ADAMW,2,openwebtext-3%,123,train_eval,7.376218318939209,3.718140929535232e-05,6.213296598498629,
2025-09-14 19:51:40,ADAMW_lr0.0003,ADAMW,2,openwebtext-3%,123,val_eval,7.399518966674805,3.718140929535232e-05,6.213296598498629,
2025-09-14 19:52:01,ADAMW_lr0.0003,ADAMW,2,openwebtext-3%,124,train_eval,7.368961334228516,3.748125937031484e-05,6.213296598498629,
2025-09-14 19:52:01,ADAMW_lr0.0003,ADAMW,2,openwebtext-3%,124,val_eval,7.356051445007324,3.748125937031484e-05,6.213296598498629,
2025-09-14 19:52:22,ADAMW_lr0.0003,ADAMW,2,openwebtext-3%,125,train_eval,7.336390972137451,3.7781109445277354e-05,6.213296598498629,
2025-09-14 19:52:22,ADAMW_lr0.0003,ADAMW,2,openwebtext-3%,125,val_eval,7.346902370452881,3.7781109445277354e-05,6.213296598498629,
2025-09-14 19:52:44,ADAMW_lr0.0003,ADAMW,2,openwebtext-3%,126,train_eval,7.313380241394043,3.8080959520239875e-05,6.213296598498629,
2025-09-14 19:52:44,ADAMW_lr0.0003,ADAMW,2,openwebtext-3%,126,val_eval,7.32521915435791,3.8080959520239875e-05,6.213296598498629,
2025-09-14 19:53:05,ADAMW_lr0.0003,ADAMW,2,openwebtext-3%,127,train_eval,7.309073448181152,3.8380809595202396e-05,6.213296598498629,
2025-09-14 19:53:05,ADAMW_lr0.0003,ADAMW,2,openwebtext-3%,127,val_eval,7.311994552612305,3.8380809595202396e-05,6.213296598498629,
2025-09-14 19:53:26,ADAMW_lr0.0003,ADAMW,2,openwebtext-3%,128,train_eval,7.2763752937316895,3.868065967016492e-05,6.213296598498629,
2025-09-14 19:53:26,ADAMW_lr0.0003,ADAMW,2,openwebtext-3%,128,val_eval,7.291081428527832,3.868065967016492e-05,6.213296598498629,
2025-09-14 19:53:47,ADAMW_lr0.0003,ADAMW,2,openwebtext-3%,129,train_eval,7.266997814178467,3.898050974512744e-05,6.213296598498629,
2025-09-14 19:53:47,ADAMW_lr0.0003,ADAMW,2,openwebtext-3%,129,val_eval,7.270222187042236,3.898050974512744e-05,6.213296598498629,
2025-09-14 19:54:09,ADAMW_lr0.0003,ADAMW,2,openwebtext-3%,130,train_eval,7.2573065757751465,3.928035982008995e-05,6.213296598498629,
2025-09-14 19:54:09,ADAMW_lr0.0003,ADAMW,2,openwebtext-3%,130,val_eval,7.264049530029297,3.928035982008995e-05,6.213296598498629,
2025-09-14 19:54:17,ADAMW_lr0.0003,ADAMW,2,openwebtext-3%,130,train_iter,7.061100006103516,3.928035982008995e-05,6.2260925814598815,21235.4097366333
2025-09-14 19:54:30,ADAMW_lr0.0003,ADAMW,2,openwebtext-3%,131,train_eval,7.234034538269043,3.958020989505247e-05,6.2260925814598815,
2025-09-14 19:54:30,ADAMW_lr0.0003,ADAMW,2,openwebtext-3%,131,val_eval,7.244871616363525,3.958020989505247e-05,6.2260925814598815,
2025-09-14 19:54:51,ADAMW_lr0.0003,ADAMW,2,openwebtext-3%,132,train_eval,7.208803653717041,3.988005997001499e-05,6.2260925814598815,
2025-09-14 19:54:51,ADAMW_lr0.0003,ADAMW,2,openwebtext-3%,132,val_eval,7.233799457550049,3.988005997001499e-05,6.2260925814598815,
2025-09-14 19:55:12,ADAMW_lr0.0003,ADAMW,2,openwebtext-3%,133,train_eval,7.202810287475586,4.017991004497751e-05,6.2260925814598815,
2025-09-14 19:55:12,ADAMW_lr0.0003,ADAMW,2,openwebtext-3%,133,val_eval,7.197429180145264,4.017991004497751e-05,6.2260925814598815,
2025-09-14 19:55:34,ADAMW_lr0.0003,ADAMW,2,openwebtext-3%,134,train_eval,7.190900802612305,4.0479760119940023e-05,6.2260925814598815,
2025-09-14 19:55:34,ADAMW_lr0.0003,ADAMW,2,openwebtext-3%,134,val_eval,7.191951274871826,4.0479760119940023e-05,6.2260925814598815,
2025-09-14 19:55:55,ADAMW_lr0.0003,ADAMW,2,openwebtext-3%,135,train_eval,7.176913261413574,4.0779610194902544e-05,6.2260925814598815,
2025-09-14 19:55:55,ADAMW_lr0.0003,ADAMW,2,openwebtext-3%,135,val_eval,7.181427478790283,4.0779610194902544e-05,6.2260925814598815,
2025-09-14 19:56:16,ADAMW_lr0.0003,ADAMW,2,openwebtext-3%,136,train_eval,7.161853790283203,4.1079460269865066e-05,6.2260925814598815,
2025-09-14 19:56:16,ADAMW_lr0.0003,ADAMW,2,openwebtext-3%,136,val_eval,7.17332649230957,4.1079460269865066e-05,6.2260925814598815,
2025-09-14 19:56:37,ADAMW_lr0.0003,ADAMW,2,openwebtext-3%,137,train_eval,7.139801025390625,4.1379310344827587e-05,6.2260925814598815,
2025-09-14 19:56:37,ADAMW_lr0.0003,ADAMW,2,openwebtext-3%,137,val_eval,7.170820236206055,4.1379310344827587e-05,6.2260925814598815,
2025-09-14 19:56:59,ADAMW_lr0.0003,ADAMW,2,openwebtext-3%,138,train_eval,7.134742259979248,4.16791604197901e-05,6.2260925814598815,
2025-09-14 19:56:59,ADAMW_lr0.0003,ADAMW,2,openwebtext-3%,138,val_eval,7.135522365570068,4.16791604197901e-05,6.2260925814598815,
2025-09-14 19:57:20,ADAMW_lr0.0003,ADAMW,2,openwebtext-3%,139,train_eval,7.1242756843566895,4.197901049475262e-05,6.2260925814598815,
2025-09-14 19:57:20,ADAMW_lr0.0003,ADAMW,2,openwebtext-3%,139,val_eval,7.124147415161133,4.197901049475262e-05,6.2260925814598815,
2025-09-14 19:57:41,ADAMW_lr0.0003,ADAMW,2,openwebtext-3%,140,train_eval,7.085196495056152,4.227886056971514e-05,6.2260925814598815,
2025-09-14 19:57:41,ADAMW_lr0.0003,ADAMW,2,openwebtext-3%,140,val_eval,7.122186660766602,4.227886056971514e-05,6.2260925814598815,
2025-09-14 19:57:50,ADAMW_lr0.0003,ADAMW,2,openwebtext-3%,140,train_iter,6.893463134765625,4.227886056971514e-05,6.235037390952174,21321.876525878906
2025-09-14 19:58:02,ADAMW_lr0.0003,ADAMW,2,openwebtext-3%,141,train_eval,7.09113883972168,4.257871064467766e-05,6.235037390952174,
2025-09-14 19:58:02,ADAMW_lr0.0003,ADAMW,2,openwebtext-3%,141,val_eval,7.108840465545654,4.257871064467766e-05,6.235037390952174,
2025-09-14 19:58:24,ADAMW_lr0.0003,ADAMW,2,openwebtext-3%,142,train_eval,7.050045013427734,4.287856071964017e-05,6.235037390952174,
2025-09-14 19:58:24,ADAMW_lr0.0003,ADAMW,2,openwebtext-3%,142,val_eval,7.073507785797119,4.287856071964017e-05,6.235037390952174,
2025-09-14 19:58:45,ADAMW_lr0.0003,ADAMW,2,openwebtext-3%,143,train_eval,7.06520938873291,4.317841079460269e-05,6.235037390952174,
2025-09-14 19:58:45,ADAMW_lr0.0003,ADAMW,2,openwebtext-3%,143,val_eval,7.06683349609375,4.317841079460269e-05,6.235037390952174,
2025-09-14 19:59:06,ADAMW_lr0.0003,ADAMW,2,openwebtext-3%,144,train_eval,7.034140586853027,4.3478260869565214e-05,6.235037390952174,
2025-09-14 19:59:06,ADAMW_lr0.0003,ADAMW,2,openwebtext-3%,144,val_eval,7.056161880493164,4.3478260869565214e-05,6.235037390952174,
2025-09-14 19:59:28,ADAMW_lr0.0003,ADAMW,2,openwebtext-3%,145,train_eval,7.018579006195068,4.3778110944527735e-05,6.235037390952174,
2025-09-14 19:59:28,ADAMW_lr0.0003,ADAMW,2,openwebtext-3%,145,val_eval,7.045526027679443,4.3778110944527735e-05,6.235037390952174,
2025-09-14 19:59:49,ADAMW_lr0.0003,ADAMW,2,openwebtext-3%,146,train_eval,7.004928112030029,4.407796101949025e-05,6.235037390952174,
2025-09-14 19:59:49,ADAMW_lr0.0003,ADAMW,2,openwebtext-3%,146,val_eval,7.034177780151367,4.407796101949025e-05,6.235037390952174,
2025-09-14 20:00:10,ADAMW_lr0.0003,ADAMW,2,openwebtext-3%,147,train_eval,7.010351181030273,4.437781109445277e-05,6.235037390952174,
2025-09-14 20:00:10,ADAMW_lr0.0003,ADAMW,2,openwebtext-3%,147,val_eval,7.031519889831543,4.437781109445277e-05,6.235037390952174,
2025-09-14 20:00:32,ADAMW_lr0.0003,ADAMW,2,openwebtext-3%,148,train_eval,6.984926700592041,4.467766116941529e-05,6.235037390952174,
2025-09-14 20:00:32,ADAMW_lr0.0003,ADAMW,2,openwebtext-3%,148,val_eval,7.0085768699646,4.467766116941529e-05,6.235037390952174,
2025-09-14 20:00:53,ADAMW_lr0.0003,ADAMW,2,openwebtext-3%,149,train_eval,6.967126846313477,4.497751124437781e-05,6.235037390952174,
2025-09-14 20:00:53,ADAMW_lr0.0003,ADAMW,2,openwebtext-3%,149,val_eval,6.994970321655273,4.497751124437781e-05,6.235037390952174,
2025-09-14 20:01:14,ADAMW_lr0.0003,ADAMW,2,openwebtext-3%,150,train_eval,6.964618682861328,4.527736131934032e-05,6.235037390952174,
2025-09-14 20:01:14,ADAMW_lr0.0003,ADAMW,2,openwebtext-3%,150,val_eval,6.983930587768555,4.527736131934032e-05,6.235037390952174,
2025-09-14 20:01:23,ADAMW_lr0.0003,ADAMW,2,openwebtext-3%,150,train_iter,7.10394561290741,4.527736131934032e-05,6.2423999142265165,21345.122814178467
2025-09-14 20:01:35,ADAMW_lr0.0003,ADAMW,2,openwebtext-3%,151,train_eval,6.951587677001953,4.557721139430284e-05,6.2423999142265165,
2025-09-14 20:01:35,ADAMW_lr0.0003,ADAMW,2,openwebtext-3%,151,val_eval,6.967381477355957,4.557721139430284e-05,6.2423999142265165,
2025-09-14 20:01:57,ADAMW_lr0.0003,ADAMW,2,openwebtext-3%,152,train_eval,6.9296698570251465,4.587706146926536e-05,6.2423999142265165,
2025-09-14 20:01:57,ADAMW_lr0.0003,ADAMW,2,openwebtext-3%,152,val_eval,6.959831714630127,4.587706146926536e-05,6.2423999142265165,
2025-09-14 20:02:18,ADAMW_lr0.0003,ADAMW,2,openwebtext-3%,153,train_eval,6.944303512573242,4.617691154422788e-05,6.2423999142265165,
2025-09-14 20:02:18,ADAMW_lr0.0003,ADAMW,2,openwebtext-3%,153,val_eval,6.939193248748779,4.617691154422788e-05,6.2423999142265165,
2025-09-14 20:02:39,ADAMW_lr0.0003,ADAMW,2,openwebtext-3%,154,train_eval,6.91201639175415,4.64767616191904e-05,6.2423999142265165,
2025-09-14 20:02:39,ADAMW_lr0.0003,ADAMW,2,openwebtext-3%,154,val_eval,6.945764541625977,4.64767616191904e-05,6.2423999142265165,
2025-09-14 20:03:01,ADAMW_lr0.0003,ADAMW,2,openwebtext-3%,155,train_eval,6.9179229736328125,4.677661169415292e-05,6.2423999142265165,
2025-09-14 20:03:01,ADAMW_lr0.0003,ADAMW,2,openwebtext-3%,155,val_eval,6.922394275665283,4.677661169415292e-05,6.2423999142265165,
2025-09-14 20:03:22,ADAMW_lr0.0003,ADAMW,2,openwebtext-3%,156,train_eval,6.897580146789551,4.707646176911544e-05,6.2423999142265165,
2025-09-14 20:03:22,ADAMW_lr0.0003,ADAMW,2,openwebtext-3%,156,val_eval,6.915477752685547,4.707646176911544e-05,6.2423999142265165,
2025-09-14 20:03:43,ADAMW_lr0.0003,ADAMW,2,openwebtext-3%,157,train_eval,6.898561000823975,4.737631184407796e-05,6.2423999142265165,
2025-09-14 20:03:43,ADAMW_lr0.0003,ADAMW,2,openwebtext-3%,157,val_eval,6.897481918334961,4.737631184407796e-05,6.2423999142265165,
2025-09-14 20:04:05,ADAMW_lr0.0003,ADAMW,2,openwebtext-3%,158,train_eval,6.874953746795654,4.7676161919040474e-05,6.2423999142265165,
2025-09-14 20:04:05,ADAMW_lr0.0003,ADAMW,2,openwebtext-3%,158,val_eval,6.883099555969238,4.7676161919040474e-05,6.2423999142265165,
2025-09-14 20:04:26,ADAMW_lr0.0003,ADAMW,2,openwebtext-3%,159,train_eval,6.867111682891846,4.7976011994002995e-05,6.2423999142265165,
2025-09-14 20:04:26,ADAMW_lr0.0003,ADAMW,2,openwebtext-3%,159,val_eval,6.886913299560547,4.7976011994002995e-05,6.2423999142265165,
2025-09-14 20:04:47,ADAMW_lr0.0003,ADAMW,2,openwebtext-3%,160,train_eval,6.8566436767578125,4.827586206896551e-05,6.2423999142265165,
2025-09-14 20:04:47,ADAMW_lr0.0003,ADAMW,2,openwebtext-3%,160,val_eval,6.876286029815674,4.827586206896551e-05,6.2423999142265165,
2025-09-14 20:04:56,ADAMW_lr0.0003,ADAMW,2,openwebtext-3%,160,train_iter,7.292442321777344,4.827586206896551e-05,6.250191230786522,21305.776596069336
2025-09-14 20:05:08,ADAMW_lr0.0003,ADAMW,2,openwebtext-3%,161,train_eval,6.853035926818848,4.857571214392803e-05,6.250191230786522,
2025-09-14 20:05:08,ADAMW_lr0.0003,ADAMW,2,openwebtext-3%,161,val_eval,6.868257522583008,4.857571214392803e-05,6.250191230786522,
2025-09-14 20:05:30,ADAMW_lr0.0003,ADAMW,2,openwebtext-3%,162,train_eval,6.833369255065918,4.887556221889055e-05,6.250191230786522,
2025-09-14 20:05:30,ADAMW_lr0.0003,ADAMW,2,openwebtext-3%,162,val_eval,6.837864875793457,4.887556221889055e-05,6.250191230786522,
2025-09-14 20:05:51,ADAMW_lr0.0003,ADAMW,2,openwebtext-3%,163,train_eval,6.831068515777588,4.9175412293853066e-05,6.250191230786522,
2025-09-14 20:05:51,ADAMW_lr0.0003,ADAMW,2,openwebtext-3%,163,val_eval,6.860642910003662,4.9175412293853066e-05,6.250191230786522,
2025-09-14 20:06:12,ADAMW_lr0.0003,ADAMW,2,openwebtext-3%,164,train_eval,6.820748329162598,4.947526236881559e-05,6.250191230786522,
2025-09-14 20:06:12,ADAMW_lr0.0003,ADAMW,2,openwebtext-3%,164,val_eval,6.820251941680908,4.947526236881559e-05,6.250191230786522,
2025-09-14 20:06:34,ADAMW_lr0.0003,ADAMW,2,openwebtext-3%,165,train_eval,6.829671859741211,4.977511244377811e-05,6.250191230786522,
2025-09-14 20:06:34,ADAMW_lr0.0003,ADAMW,2,openwebtext-3%,165,val_eval,6.833240985870361,4.977511244377811e-05,6.250191230786522,
2025-09-14 20:06:55,ADAMW_lr0.0003,ADAMW,2,openwebtext-3%,166,train_eval,6.785862445831299,5.007496251874063e-05,6.250191230786522,
2025-09-14 20:06:55,ADAMW_lr0.0003,ADAMW,2,openwebtext-3%,166,val_eval,6.818655967712402,5.007496251874063e-05,6.250191230786522,
2025-09-14 20:07:16,ADAMW_lr0.0003,ADAMW,2,openwebtext-3%,167,train_eval,6.807013034820557,5.0374812593703144e-05,6.250191230786522,
2025-09-14 20:07:16,ADAMW_lr0.0003,ADAMW,2,openwebtext-3%,167,val_eval,6.826776504516602,5.0374812593703144e-05,6.250191230786522,
2025-09-14 20:07:37,ADAMW_lr0.0003,ADAMW,2,openwebtext-3%,168,train_eval,6.784338474273682,5.0674662668665665e-05,6.250191230786522,
2025-09-14 20:07:37,ADAMW_lr0.0003,ADAMW,2,openwebtext-3%,168,val_eval,6.80604362487793,5.0674662668665665e-05,6.250191230786522,
2025-09-14 20:07:59,ADAMW_lr0.0003,ADAMW,2,openwebtext-3%,169,train_eval,6.780019760131836,5.0974512743628186e-05,6.250191230786522,
2025-09-14 20:07:59,ADAMW_lr0.0003,ADAMW,2,openwebtext-3%,169,val_eval,6.799159049987793,5.0974512743628186e-05,6.250191230786522,
2025-09-14 20:08:20,ADAMW_lr0.0003,ADAMW,2,openwebtext-3%,170,train_eval,6.7792181968688965,5.12743628185907e-05,6.250191230786522,
2025-09-14 20:08:20,ADAMW_lr0.0003,ADAMW,2,openwebtext-3%,170,val_eval,6.782544136047363,5.12743628185907e-05,6.250191230786522,
2025-09-14 20:08:29,ADAMW_lr0.0003,ADAMW,2,openwebtext-3%,170,train_iter,6.662847399711609,5.12743628185907e-05,6.2557739028374995,21354.074716567993
2025-09-14 20:08:41,ADAMW_lr0.0003,ADAMW,2,openwebtext-3%,171,train_eval,6.762782573699951,5.1574212893553214e-05,6.2557739028374995,
2025-09-14 20:08:41,ADAMW_lr0.0003,ADAMW,2,openwebtext-3%,171,val_eval,6.764981269836426,5.1574212893553214e-05,6.2557739028374995,
2025-09-14 20:09:03,ADAMW_lr0.0003,ADAMW,2,openwebtext-3%,172,train_eval,6.750741481781006,5.1874062968515735e-05,6.2557739028374995,
2025-09-14 20:09:03,ADAMW_lr0.0003,ADAMW,2,openwebtext-3%,172,val_eval,6.783869743347168,5.1874062968515735e-05,6.2557739028374995,
2025-09-14 20:09:24,ADAMW_lr0.0003,ADAMW,2,openwebtext-3%,173,train_eval,6.7558112144470215,5.2173913043478256e-05,6.2557739028374995,
2025-09-14 20:09:24,ADAMW_lr0.0003,ADAMW,2,openwebtext-3%,173,val_eval,6.741745471954346,5.2173913043478256e-05,6.2557739028374995,
2025-09-14 20:09:45,ADAMW_lr0.0003,ADAMW,2,openwebtext-3%,174,train_eval,6.749640941619873,5.247376311844078e-05,6.2557739028374995,
2025-09-14 20:09:45,ADAMW_lr0.0003,ADAMW,2,openwebtext-3%,174,val_eval,6.742507457733154,5.247376311844078e-05,6.2557739028374995,
2025-09-14 20:10:07,ADAMW_lr0.0003,ADAMW,2,openwebtext-3%,175,train_eval,6.735494613647461,5.277361319340329e-05,6.2557739028374995,
2025-09-14 20:10:07,ADAMW_lr0.0003,ADAMW,2,openwebtext-3%,175,val_eval,6.745884418487549,5.277361319340329e-05,6.2557739028374995,
2025-09-14 20:10:28,ADAMW_lr0.0003,ADAMW,2,openwebtext-3%,176,train_eval,6.708322525024414,5.307346326836581e-05,6.2557739028374995,
2025-09-14 20:10:28,ADAMW_lr0.0003,ADAMW,2,openwebtext-3%,176,val_eval,6.734431743621826,5.307346326836581e-05,6.2557739028374995,
2025-09-14 20:10:49,ADAMW_lr0.0003,ADAMW,2,openwebtext-3%,177,train_eval,6.725167751312256,5.3373313343328334e-05,6.2557739028374995,
2025-09-14 20:10:49,ADAMW_lr0.0003,ADAMW,2,openwebtext-3%,177,val_eval,6.716215133666992,5.3373313343328334e-05,6.2557739028374995,
2025-09-14 20:11:11,ADAMW_lr0.0003,ADAMW,2,openwebtext-3%,178,train_eval,6.715175628662109,5.3673163418290855e-05,6.2557739028374995,
2025-09-14 20:11:11,ADAMW_lr0.0003,ADAMW,2,openwebtext-3%,178,val_eval,6.720842361450195,5.3673163418290855e-05,6.2557739028374995,
2025-09-14 20:11:32,ADAMW_lr0.0003,ADAMW,2,openwebtext-3%,179,train_eval,6.695989608764648,5.397301349325337e-05,6.2557739028374995,
2025-09-14 20:11:32,ADAMW_lr0.0003,ADAMW,2,openwebtext-3%,179,val_eval,6.703708648681641,5.397301349325337e-05,6.2557739028374995,
2025-09-14 20:11:53,ADAMW_lr0.0003,ADAMW,2,openwebtext-3%,180,train_eval,6.690314292907715,5.427286356821588e-05,6.2557739028374995,
2025-09-14 20:11:53,ADAMW_lr0.0003,ADAMW,2,openwebtext-3%,180,val_eval,6.7149763107299805,5.427286356821588e-05,6.2557739028374995,
2025-09-14 20:12:02,ADAMW_lr0.0003,ADAMW,2,openwebtext-3%,180,train_iter,6.682042479515076,5.427286356821588e-05,6.261946144010813,21315.27614593506
2025-09-14 20:12:14,ADAMW_lr0.0003,ADAMW,2,openwebtext-3%,181,train_eval,6.678500175476074,5.4572713643178404e-05,6.261946144010813,
2025-09-14 20:12:14,ADAMW_lr0.0003,ADAMW,2,openwebtext-3%,181,val_eval,6.696768283843994,5.4572713643178404e-05,6.261946144010813,
2025-09-14 20:12:36,ADAMW_lr0.0003,ADAMW,2,openwebtext-3%,182,train_eval,6.688522815704346,5.4872563718140925e-05,6.261946144010813,
2025-09-14 20:12:36,ADAMW_lr0.0003,ADAMW,2,openwebtext-3%,182,val_eval,6.688470363616943,5.4872563718140925e-05,6.261946144010813,
2025-09-14 20:12:57,ADAMW_lr0.0003,ADAMW,2,openwebtext-3%,183,train_eval,6.67257833480835,5.517241379310344e-05,6.261946144010813,
2025-09-14 20:12:57,ADAMW_lr0.0003,ADAMW,2,openwebtext-3%,183,val_eval,6.676007270812988,5.517241379310344e-05,6.261946144010813,
2025-09-14 20:13:18,ADAMW_lr0.0003,ADAMW,2,openwebtext-3%,184,train_eval,6.671450614929199,5.547226386806596e-05,6.261946144010813,
2025-09-14 20:13:18,ADAMW_lr0.0003,ADAMW,2,openwebtext-3%,184,val_eval,6.672598361968994,5.547226386806596e-05,6.261946144010813,
2025-09-14 20:13:40,ADAMW_lr0.0003,ADAMW,2,openwebtext-3%,185,train_eval,6.669049263000488,5.577211394302848e-05,6.261946144010813,
2025-09-14 20:13:40,ADAMW_lr0.0003,ADAMW,2,openwebtext-3%,185,val_eval,6.6664347648620605,5.577211394302848e-05,6.261946144010813,
2025-09-14 20:14:01,ADAMW_lr0.0003,ADAMW,2,openwebtext-3%,186,train_eval,6.659510612487793,5.6071964017991e-05,6.261946144010813,
2025-09-14 20:14:01,ADAMW_lr0.0003,ADAMW,2,openwebtext-3%,186,val_eval,6.659261703491211,5.6071964017991e-05,6.261946144010813,
2025-09-14 20:14:22,ADAMW_lr0.0003,ADAMW,2,openwebtext-3%,187,train_eval,6.648749351501465,5.637181409295352e-05,6.261946144010813,
2025-09-14 20:14:22,ADAMW_lr0.0003,ADAMW,2,openwebtext-3%,187,val_eval,6.653560638427734,5.637181409295352e-05,6.261946144010813,
2025-09-14 20:14:43,ADAMW_lr0.0003,ADAMW,2,openwebtext-3%,188,train_eval,6.634864330291748,5.667166416791604e-05,6.261946144010813,
2025-09-14 20:14:43,ADAMW_lr0.0003,ADAMW,2,openwebtext-3%,188,val_eval,6.645340442657471,5.667166416791604e-05,6.261946144010813,
2025-09-14 20:15:05,ADAMW_lr0.0003,ADAMW,2,openwebtext-3%,189,train_eval,6.632633686065674,5.697151424287855e-05,6.261946144010813,
2025-09-14 20:15:05,ADAMW_lr0.0003,ADAMW,2,openwebtext-3%,189,val_eval,6.633137226104736,5.697151424287855e-05,6.261946144010813,
2025-09-14 20:15:26,ADAMW_lr0.0003,ADAMW,2,openwebtext-3%,190,train_eval,6.614327907562256,5.7271364317841074e-05,6.261946144010813,
2025-09-14 20:15:26,ADAMW_lr0.0003,ADAMW,2,openwebtext-3%,190,val_eval,6.639448642730713,5.7271364317841074e-05,6.261946144010813,
2025-09-14 20:15:35,ADAMW_lr0.0003,ADAMW,2,openwebtext-3%,190,train_iter,6.688905954360962,5.7271364317841074e-05,6.266805315070223,21338.77992630005
2025-09-14 20:15:47,ADAMW_lr0.0003,ADAMW,2,openwebtext-3%,191,train_eval,6.606606483459473,5.7571214392803595e-05,6.266805315070223,
2025-09-14 20:15:47,ADAMW_lr0.0003,ADAMW,2,openwebtext-3%,191,val_eval,6.627833366394043,5.7571214392803595e-05,6.266805315070223,
2025-09-14 20:16:09,ADAMW_lr0.0003,ADAMW,2,openwebtext-3%,192,train_eval,6.584867000579834,5.787106446776611e-05,6.266805315070223,
2025-09-14 20:16:09,ADAMW_lr0.0003,ADAMW,2,openwebtext-3%,192,val_eval,6.614812850952148,5.787106446776611e-05,6.266805315070223,
2025-09-14 20:16:30,ADAMW_lr0.0003,ADAMW,2,openwebtext-3%,193,train_eval,6.592228889465332,5.817091454272863e-05,6.266805315070223,
2025-09-14 20:16:30,ADAMW_lr0.0003,ADAMW,2,openwebtext-3%,193,val_eval,6.605065822601318,5.817091454272863e-05,6.266805315070223,
2025-09-14 20:16:51,ADAMW_lr0.0003,ADAMW,2,openwebtext-3%,194,train_eval,6.5938401222229,5.847076461769115e-05,6.266805315070223,
2025-09-14 20:16:51,ADAMW_lr0.0003,ADAMW,2,openwebtext-3%,194,val_eval,6.603979587554932,5.847076461769115e-05,6.266805315070223,
2025-09-14 20:17:13,ADAMW_lr0.0003,ADAMW,2,openwebtext-3%,195,train_eval,6.579232215881348,5.877061469265367e-05,6.266805315070223,
2025-09-14 20:17:13,ADAMW_lr0.0003,ADAMW,2,openwebtext-3%,195,val_eval,6.597649574279785,5.877061469265367e-05,6.266805315070223,
2025-09-14 20:17:34,ADAMW_lr0.0003,ADAMW,2,openwebtext-3%,196,train_eval,6.57227897644043,5.9070464767616186e-05,6.266805315070223,
2025-09-14 20:17:34,ADAMW_lr0.0003,ADAMW,2,openwebtext-3%,196,val_eval,6.591114521026611,5.9070464767616186e-05,6.266805315070223,
2025-09-14 20:17:55,ADAMW_lr0.0003,ADAMW,2,openwebtext-3%,197,train_eval,6.567554950714111,5.937031484257871e-05,6.266805315070223,
2025-09-14 20:17:55,ADAMW_lr0.0003,ADAMW,2,openwebtext-3%,197,val_eval,6.570025444030762,5.937031484257871e-05,6.266805315070223,
2025-09-14 20:18:17,ADAMW_lr0.0003,ADAMW,2,openwebtext-3%,198,train_eval,6.565965175628662,5.967016491754123e-05,6.266805315070223,
2025-09-14 20:18:17,ADAMW_lr0.0003,ADAMW,2,openwebtext-3%,198,val_eval,6.556761264801025,5.967016491754123e-05,6.266805315070223,
2025-09-14 20:18:38,ADAMW_lr0.0003,ADAMW,2,openwebtext-3%,199,train_eval,6.566587448120117,5.997001499250374e-05,6.266805315070223,
2025-09-14 20:18:38,ADAMW_lr0.0003,ADAMW,2,openwebtext-3%,199,val_eval,6.571888446807861,5.997001499250374e-05,6.266805315070223,
2025-09-14 20:18:59,ADAMW_lr0.0003,ADAMW,2,openwebtext-3%,200,train_eval,6.546996593475342,6.026986506746626e-05,6.266805315070223,
2025-09-14 20:18:59,ADAMW_lr0.0003,ADAMW,2,openwebtext-3%,200,val_eval,6.549439907073975,6.026986506746626e-05,6.266805315070223,
2025-09-14 20:19:14,ADAMW_lr0.0003,ADAMW,2,openwebtext-3%,200,train_iter,6.489309668540955,6.026986506746626e-05,6.118617874475902,28142.345428466797
2025-09-14 20:19:36,ADAMW_lr0.001,ADAMW,2,openwebtext-3%,0,train_eval,10.945842742919922,2.998500749625187e-07,,
2025-09-14 20:19:36,ADAMW_lr0.001,ADAMW,2,openwebtext-3%,0,val_eval,10.944282531738281,2.998500749625187e-07,,
2025-09-14 20:19:50,ADAMW_lr0.001,ADAMW,2,openwebtext-3%,0,train_iter,10.945987701416016,2.998500749625187e-07,,27961.034297943115
2025-09-14 20:20:02,ADAMW_lr0.001,ADAMW,2,openwebtext-3%,1,train_eval,10.928659439086914,5.997001499250374e-07,,
2025-09-14 20:20:02,ADAMW_lr0.001,ADAMW,2,openwebtext-3%,1,val_eval,10.9286527633667,5.997001499250374e-07,,
2025-09-14 20:20:24,ADAMW_lr0.001,ADAMW,2,openwebtext-3%,2,train_eval,10.89474868774414,8.995502248875562e-07,,
2025-09-14 20:20:24,ADAMW_lr0.001,ADAMW,2,openwebtext-3%,2,val_eval,10.892070770263672,8.995502248875562e-07,,
2025-09-14 20:20:45,ADAMW_lr0.001,ADAMW,2,openwebtext-3%,3,train_eval,10.842093467712402,1.1994002998500749e-06,,
2025-09-14 20:20:45,ADAMW_lr0.001,ADAMW,2,openwebtext-3%,3,val_eval,10.84187126159668,1.1994002998500749e-06,,
2025-09-14 20:21:06,ADAMW_lr0.001,ADAMW,2,openwebtext-3%,4,train_eval,10.775099754333496,1.4992503748125936e-06,,
2025-09-14 20:21:06,ADAMW_lr0.001,ADAMW,2,openwebtext-3%,4,val_eval,10.77511978149414,1.4992503748125936e-06,,
2025-09-14 20:21:27,ADAMW_lr0.001,ADAMW,2,openwebtext-3%,5,train_eval,10.695479393005371,1.7991004497751123e-06,,
2025-09-14 20:21:27,ADAMW_lr0.001,ADAMW,2,openwebtext-3%,5,val_eval,10.694963455200195,1.7991004497751123e-06,,
2025-09-14 20:21:49,ADAMW_lr0.001,ADAMW,2,openwebtext-3%,6,train_eval,10.608711242675781,2.0989505247376313e-06,,
2025-09-14 20:21:49,ADAMW_lr0.001,ADAMW,2,openwebtext-3%,6,val_eval,10.608372688293457,2.0989505247376313e-06,,
2025-09-14 20:22:10,ADAMW_lr0.001,ADAMW,2,openwebtext-3%,7,train_eval,10.521753311157227,2.3988005997001498e-06,,
2025-09-14 20:22:10,ADAMW_lr0.001,ADAMW,2,openwebtext-3%,7,val_eval,10.521622657775879,2.3988005997001498e-06,,
2025-09-14 20:22:31,ADAMW_lr0.001,ADAMW,2,openwebtext-3%,8,train_eval,10.436834335327148,2.6986506746626683e-06,,
2025-09-14 20:22:31,ADAMW_lr0.001,ADAMW,2,openwebtext-3%,8,val_eval,10.432143211364746,2.6986506746626683e-06,,
2025-09-14 20:22:52,ADAMW_lr0.001,ADAMW,2,openwebtext-3%,9,train_eval,10.347936630249023,2.9985007496251872e-06,,
2025-09-14 20:22:52,ADAMW_lr0.001,ADAMW,2,openwebtext-3%,9,val_eval,10.346100807189941,2.9985007496251872e-06,,
2025-09-14 20:23:14,ADAMW_lr0.001,ADAMW,2,openwebtext-3%,10,train_eval,10.267678260803223,3.2983508245877057e-06,,
2025-09-14 20:23:14,ADAMW_lr0.001,ADAMW,2,openwebtext-3%,10,val_eval,10.26898193359375,3.2983508245877057e-06,,
2025-09-14 20:23:22,ADAMW_lr0.001,ADAMW,2,openwebtext-3%,10,train_iter,10.271275043487549,3.2983508245877057e-06,6.3335573397324385,21261.223554611206
2025-09-14 20:23:35,ADAMW_lr0.001,ADAMW,2,openwebtext-3%,11,train_eval,10.196554183959961,3.5982008995502247e-06,6.3335573397324385,
2025-09-14 20:23:35,ADAMW_lr0.001,ADAMW,2,openwebtext-3%,11,val_eval,10.19094181060791,3.5982008995502247e-06,6.3335573397324385,
2025-09-14 20:23:56,ADAMW_lr0.001,ADAMW,2,openwebtext-3%,12,train_eval,10.122049331665039,3.898050974512743e-06,6.3335573397324385,
2025-09-14 20:23:56,ADAMW_lr0.001,ADAMW,2,openwebtext-3%,12,val_eval,10.124205589294434,3.898050974512743e-06,6.3335573397324385,
2025-09-14 20:24:18,ADAMW_lr0.001,ADAMW,2,openwebtext-3%,13,train_eval,10.06310749053955,4.1979010494752625e-06,6.3335573397324385,
2025-09-14 20:24:18,ADAMW_lr0.001,ADAMW,2,openwebtext-3%,13,val_eval,10.059331893920898,4.1979010494752625e-06,6.3335573397324385,
2025-09-14 20:24:39,ADAMW_lr0.001,ADAMW,2,openwebtext-3%,14,train_eval,9.998655319213867,4.497751124437781e-06,6.3335573397324385,
2025-09-14 20:24:39,ADAMW_lr0.001,ADAMW,2,openwebtext-3%,14,val_eval,10.00393295288086,4.497751124437781e-06,6.3335573397324385,
2025-09-14 20:25:00,ADAMW_lr0.001,ADAMW,2,openwebtext-3%,15,train_eval,9.94385814666748,4.7976011994002995e-06,6.3335573397324385,
2025-09-14 20:25:00,ADAMW_lr0.001,ADAMW,2,openwebtext-3%,15,val_eval,9.94326400756836,4.7976011994002995e-06,6.3335573397324385,
2025-09-14 20:25:21,ADAMW_lr0.001,ADAMW,2,openwebtext-3%,16,train_eval,9.891252517700195,5.097451274362818e-06,6.3335573397324385,
2025-09-14 20:25:21,ADAMW_lr0.001,ADAMW,2,openwebtext-3%,16,val_eval,9.894898414611816,5.097451274362818e-06,6.3335573397324385,
2025-09-14 20:25:43,ADAMW_lr0.001,ADAMW,2,openwebtext-3%,17,train_eval,9.848114013671875,5.3973013493253366e-06,6.3335573397324385,
2025-09-14 20:25:43,ADAMW_lr0.001,ADAMW,2,openwebtext-3%,17,val_eval,9.840734481811523,5.3973013493253366e-06,6.3335573397324385,
2025-09-14 20:26:04,ADAMW_lr0.001,ADAMW,2,openwebtext-3%,18,train_eval,9.805438995361328,5.697151424287855e-06,6.3335573397324385,
2025-09-14 20:26:04,ADAMW_lr0.001,ADAMW,2,openwebtext-3%,18,val_eval,9.795060157775879,5.697151424287855e-06,6.3335573397324385,
2025-09-14 20:26:25,ADAMW_lr0.001,ADAMW,2,openwebtext-3%,19,train_eval,9.755914688110352,5.9970014992503744e-06,6.3335573397324385,
2025-09-14 20:26:25,ADAMW_lr0.001,ADAMW,2,openwebtext-3%,19,val_eval,9.747764587402344,5.9970014992503744e-06,6.3335573397324385,
2025-09-14 20:26:46,ADAMW_lr0.001,ADAMW,2,openwebtext-3%,20,train_eval,9.717469215393066,6.296851574212893e-06,6.3335573397324385,
2025-09-14 20:26:46,ADAMW_lr0.001,ADAMW,2,openwebtext-3%,20,val_eval,9.719493865966797,6.296851574212893e-06,6.3335573397324385,
2025-09-14 20:26:55,ADAMW_lr0.001,ADAMW,2,openwebtext-3%,20,train_iter,9.817361235618591,6.296851574212893e-06,6.335371072069941,21200.511932373047
2025-09-14 20:27:08,ADAMW_lr0.001,ADAMW,2,openwebtext-3%,21,train_eval,9.685635566711426,6.5967016491754115e-06,6.335371072069941,
2025-09-14 20:27:08,ADAMW_lr0.001,ADAMW,2,openwebtext-3%,21,val_eval,9.688063621520996,6.5967016491754115e-06,6.335371072069941,
2025-09-14 20:27:29,ADAMW_lr0.001,ADAMW,2,openwebtext-3%,22,train_eval,9.651047706604004,6.89655172413793e-06,6.335371072069941,
2025-09-14 20:27:29,ADAMW_lr0.001,ADAMW,2,openwebtext-3%,22,val_eval,9.65326976776123,6.89655172413793e-06,6.335371072069941,
2025-09-14 20:27:50,ADAMW_lr0.001,ADAMW,2,openwebtext-3%,23,train_eval,9.625778198242188,7.196401799100449e-06,6.335371072069941,
2025-09-14 20:27:50,ADAMW_lr0.001,ADAMW,2,openwebtext-3%,23,val_eval,9.632534980773926,7.196401799100449e-06,6.335371072069941,
2025-09-14 20:28:11,ADAMW_lr0.001,ADAMW,2,openwebtext-3%,24,train_eval,9.599506378173828,7.496251874062968e-06,6.335371072069941,
2025-09-14 20:28:11,ADAMW_lr0.001,ADAMW,2,openwebtext-3%,24,val_eval,9.60414981842041,7.496251874062968e-06,6.335371072069941,
2025-09-14 20:28:33,ADAMW_lr0.001,ADAMW,2,openwebtext-3%,25,train_eval,9.576617240905762,7.796101949025486e-06,6.335371072069941,
2025-09-14 20:28:33,ADAMW_lr0.001,ADAMW,2,openwebtext-3%,25,val_eval,9.576391220092773,7.796101949025486e-06,6.335371072069941,
2025-09-14 20:28:54,ADAMW_lr0.001,ADAMW,2,openwebtext-3%,26,train_eval,9.559006690979004,8.095952023988006e-06,6.335371072069941,
2025-09-14 20:28:54,ADAMW_lr0.001,ADAMW,2,openwebtext-3%,26,val_eval,9.549047470092773,8.095952023988006e-06,6.335371072069941,
2025-09-14 20:29:15,ADAMW_lr0.001,ADAMW,2,openwebtext-3%,27,train_eval,9.533724784851074,8.395802098950525e-06,6.335371072069941,
2025-09-14 20:29:15,ADAMW_lr0.001,ADAMW,2,openwebtext-3%,27,val_eval,9.525195121765137,8.395802098950525e-06,6.335371072069941,
2025-09-14 20:29:37,ADAMW_lr0.001,ADAMW,2,openwebtext-3%,28,train_eval,9.495709419250488,8.695652173913043e-06,6.335371072069941,
2025-09-14 20:29:37,ADAMW_lr0.001,ADAMW,2,openwebtext-3%,28,val_eval,9.5004301071167,8.695652173913043e-06,6.335371072069941,
2025-09-14 20:29:58,ADAMW_lr0.001,ADAMW,2,openwebtext-3%,29,train_eval,9.476325988769531,8.995502248875562e-06,6.335371072069941,
2025-09-14 20:29:58,ADAMW_lr0.001,ADAMW,2,openwebtext-3%,29,val_eval,9.474087715148926,8.995502248875562e-06,6.335371072069941,
2025-09-14 20:30:19,ADAMW_lr0.001,ADAMW,2,openwebtext-3%,30,train_eval,9.452776908874512,9.29535232383808e-06,6.335371072069941,
2025-09-14 20:30:19,ADAMW_lr0.001,ADAMW,2,openwebtext-3%,30,val_eval,9.461099624633789,9.29535232383808e-06,6.335371072069941,
2025-09-14 20:30:28,ADAMW_lr0.001,ADAMW,2,openwebtext-3%,30,train_iter,9.425493478775024,9.29535232383808e-06,6.334127627980514,21296.93627357483
2025-09-14 20:30:40,ADAMW_lr0.001,ADAMW,2,openwebtext-3%,31,train_eval,9.434858322143555,9.595202398800599e-06,6.334127627980514,
2025-09-14 20:30:40,ADAMW_lr0.001,ADAMW,2,openwebtext-3%,31,val_eval,9.445082664489746,9.595202398800599e-06,6.334127627980514,
2025-09-14 20:31:02,ADAMW_lr0.001,ADAMW,2,openwebtext-3%,32,train_eval,9.410510063171387,9.895052473763117e-06,6.334127627980514,
2025-09-14 20:31:02,ADAMW_lr0.001,ADAMW,2,openwebtext-3%,32,val_eval,9.413393020629883,9.895052473763117e-06,6.334127627980514,
2025-09-14 20:31:23,ADAMW_lr0.001,ADAMW,2,openwebtext-3%,33,train_eval,9.395149230957031,1.0194902548725636e-05,6.334127627980514,
2025-09-14 20:31:23,ADAMW_lr0.001,ADAMW,2,openwebtext-3%,33,val_eval,9.397028923034668,1.0194902548725636e-05,6.334127627980514,
2025-09-14 20:31:44,ADAMW_lr0.001,ADAMW,2,openwebtext-3%,34,train_eval,9.372615814208984,1.0494752623688155e-05,6.334127627980514,
2025-09-14 20:31:44,ADAMW_lr0.001,ADAMW,2,openwebtext-3%,34,val_eval,9.372859001159668,1.0494752623688155e-05,6.334127627980514,
2025-09-14 20:32:05,ADAMW_lr0.001,ADAMW,2,openwebtext-3%,35,train_eval,9.353538513183594,1.0794602698650673e-05,6.334127627980514,
2025-09-14 20:32:05,ADAMW_lr0.001,ADAMW,2,openwebtext-3%,35,val_eval,9.346704483032227,1.0794602698650673e-05,6.334127627980514,
2025-09-14 20:32:27,ADAMW_lr0.001,ADAMW,2,openwebtext-3%,36,train_eval,9.327601432800293,1.1094452773613192e-05,6.334127627980514,
2025-09-14 20:32:27,ADAMW_lr0.001,ADAMW,2,openwebtext-3%,36,val_eval,9.319849014282227,1.1094452773613192e-05,6.334127627980514,
2025-09-14 20:32:48,ADAMW_lr0.001,ADAMW,2,openwebtext-3%,37,train_eval,9.291467666625977,1.139430284857571e-05,6.334127627980514,
2025-09-14 20:32:48,ADAMW_lr0.001,ADAMW,2,openwebtext-3%,37,val_eval,9.296457290649414,1.139430284857571e-05,6.334127627980514,
2025-09-14 20:33:09,ADAMW_lr0.001,ADAMW,2,openwebtext-3%,38,train_eval,9.261099815368652,1.169415292353823e-05,6.334127627980514,
2025-09-14 20:33:09,ADAMW_lr0.001,ADAMW,2,openwebtext-3%,38,val_eval,9.27368450164795,1.169415292353823e-05,6.334127627980514,
2025-09-14 20:33:31,ADAMW_lr0.001,ADAMW,2,openwebtext-3%,39,train_eval,9.241954803466797,1.1994002998500749e-05,6.334127627980514,
2025-09-14 20:33:31,ADAMW_lr0.001,ADAMW,2,openwebtext-3%,39,val_eval,9.243437767028809,1.1994002998500749e-05,6.334127627980514,
2025-09-14 20:33:52,ADAMW_lr0.001,ADAMW,2,openwebtext-3%,40,train_eval,9.211844444274902,1.2293853073463267e-05,6.334127627980514,
2025-09-14 20:33:52,ADAMW_lr0.001,ADAMW,2,openwebtext-3%,40,val_eval,9.222232818603516,1.2293853073463267e-05,6.334127627980514,
2025-09-14 20:34:00,ADAMW_lr0.001,ADAMW,2,openwebtext-3%,40,train_iter,9.292259216308594,1.2293853073463267e-05,6.336202777991515,21189.88823890686
2025-09-14 20:34:13,ADAMW_lr0.001,ADAMW,2,openwebtext-3%,41,train_eval,9.198419570922852,1.2593703148425786e-05,6.336202777991515,
2025-09-14 20:34:13,ADAMW_lr0.001,ADAMW,2,openwebtext-3%,41,val_eval,9.190254211425781,1.2593703148425786e-05,6.336202777991515,
2025-09-14 20:34:34,ADAMW_lr0.001,ADAMW,2,openwebtext-3%,42,train_eval,9.171765327453613,1.2893553223388304e-05,6.336202777991515,
2025-09-14 20:34:34,ADAMW_lr0.001,ADAMW,2,openwebtext-3%,42,val_eval,9.176886558532715,1.2893553223388304e-05,6.336202777991515,
2025-09-14 20:34:56,ADAMW_lr0.001,ADAMW,2,openwebtext-3%,43,train_eval,9.143908500671387,1.3193403298350823e-05,6.336202777991515,
2025-09-14 20:34:56,ADAMW_lr0.001,ADAMW,2,openwebtext-3%,43,val_eval,9.145699501037598,1.3193403298350823e-05,6.336202777991515,
2025-09-14 20:35:17,ADAMW_lr0.001,ADAMW,2,openwebtext-3%,44,train_eval,9.116619110107422,1.3493253373313342e-05,6.336202777991515,
2025-09-14 20:35:17,ADAMW_lr0.001,ADAMW,2,openwebtext-3%,44,val_eval,9.134964942932129,1.3493253373313342e-05,6.336202777991515,
2025-09-14 20:35:38,ADAMW_lr0.001,ADAMW,2,openwebtext-3%,45,train_eval,9.087897300720215,1.379310344827586e-05,6.336202777991515,
2025-09-14 20:35:38,ADAMW_lr0.001,ADAMW,2,openwebtext-3%,45,val_eval,9.099686622619629,1.379310344827586e-05,6.336202777991515,
2025-09-14 20:35:59,ADAMW_lr0.001,ADAMW,2,openwebtext-3%,46,train_eval,9.071672439575195,1.409295352323838e-05,6.336202777991515,
2025-09-14 20:35:59,ADAMW_lr0.001,ADAMW,2,openwebtext-3%,46,val_eval,9.078235626220703,1.409295352323838e-05,6.336202777991515,
2025-09-14 20:36:20,ADAMW_lr0.001,ADAMW,2,openwebtext-3%,47,train_eval,9.046258926391602,1.4392803598200899e-05,6.336202777991515,
2025-09-14 20:36:20,ADAMW_lr0.001,ADAMW,2,openwebtext-3%,47,val_eval,9.039856910705566,1.4392803598200899e-05,6.336202777991515,
2025-09-14 20:36:42,ADAMW_lr0.001,ADAMW,2,openwebtext-3%,48,train_eval,9.024436950683594,1.4692653673163418e-05,6.336202777991515,
2025-09-14 20:36:42,ADAMW_lr0.001,ADAMW,2,openwebtext-3%,48,val_eval,9.027140617370605,1.4692653673163418e-05,6.336202777991515,
2025-09-14 20:37:03,ADAMW_lr0.001,ADAMW,2,openwebtext-3%,49,train_eval,9.000280380249023,1.4992503748125936e-05,6.336202777991515,
2025-09-14 20:37:03,ADAMW_lr0.001,ADAMW,2,openwebtext-3%,49,val_eval,9.010522842407227,1.4992503748125936e-05,6.336202777991515,
2025-09-14 20:37:24,ADAMW_lr0.001,ADAMW,2,openwebtext-3%,50,train_eval,8.973588943481445,1.5292353823088455e-05,6.336202777991515,
2025-09-14 20:37:24,ADAMW_lr0.001,ADAMW,2,openwebtext-3%,50,val_eval,8.974846839904785,1.5292353823088455e-05,6.336202777991515,
2025-09-14 20:37:33,ADAMW_lr0.001,ADAMW,2,openwebtext-3%,50,train_iter,8.888495564460754,1.5292353823088455e-05,6.336742653516881,21234.254121780396
2025-09-14 20:37:45,ADAMW_lr0.001,ADAMW,2,openwebtext-3%,51,train_eval,8.93872356414795,1.5592203898050973e-05,6.336742653516881,
2025-09-14 20:37:45,ADAMW_lr0.001,ADAMW,2,openwebtext-3%,51,val_eval,8.947973251342773,1.5592203898050973e-05,6.336742653516881,
2025-09-14 20:38:07,ADAMW_lr0.001,ADAMW,2,openwebtext-3%,52,train_eval,8.917064666748047,1.589205397301349e-05,6.336742653516881,
2025-09-14 20:38:07,ADAMW_lr0.001,ADAMW,2,openwebtext-3%,52,val_eval,8.922242164611816,1.589205397301349e-05,6.336742653516881,
2025-09-14 20:38:28,ADAMW_lr0.001,ADAMW,2,openwebtext-3%,53,train_eval,8.893091201782227,1.619190404797601e-05,6.336742653516881,
2025-09-14 20:38:28,ADAMW_lr0.001,ADAMW,2,openwebtext-3%,53,val_eval,8.901126861572266,1.619190404797601e-05,6.336742653516881,
2025-09-14 20:38:49,ADAMW_lr0.001,ADAMW,2,openwebtext-3%,54,train_eval,8.875886917114258,1.649175412293853e-05,6.336742653516881,
2025-09-14 20:38:49,ADAMW_lr0.001,ADAMW,2,openwebtext-3%,54,val_eval,8.888113975524902,1.649175412293853e-05,6.336742653516881,
2025-09-14 20:39:10,ADAMW_lr0.001,ADAMW,2,openwebtext-3%,55,train_eval,8.837311744689941,1.679160419790105e-05,6.336742653516881,
2025-09-14 20:39:10,ADAMW_lr0.001,ADAMW,2,openwebtext-3%,55,val_eval,8.831746101379395,1.679160419790105e-05,6.336742653516881,
2025-09-14 20:39:31,ADAMW_lr0.001,ADAMW,2,openwebtext-3%,56,train_eval,8.829850196838379,1.7091454272863564e-05,6.336742653516881,
2025-09-14 20:39:31,ADAMW_lr0.001,ADAMW,2,openwebtext-3%,56,val_eval,8.833057403564453,1.7091454272863564e-05,6.336742653516881,
2025-09-14 20:39:53,ADAMW_lr0.001,ADAMW,2,openwebtext-3%,57,train_eval,8.801098823547363,1.7391304347826085e-05,6.336742653516881,
2025-09-14 20:39:53,ADAMW_lr0.001,ADAMW,2,openwebtext-3%,57,val_eval,8.806974411010742,1.7391304347826085e-05,6.336742653516881,
2025-09-14 20:40:14,ADAMW_lr0.001,ADAMW,2,openwebtext-3%,58,train_eval,8.78319263458252,1.7691154422788603e-05,6.336742653516881,
2025-09-14 20:40:14,ADAMW_lr0.001,ADAMW,2,openwebtext-3%,58,val_eval,8.784826278686523,1.7691154422788603e-05,6.336742653516881,
2025-09-14 20:40:35,ADAMW_lr0.001,ADAMW,2,openwebtext-3%,59,train_eval,8.755784034729004,1.7991004497751124e-05,6.336742653516881,
2025-09-14 20:40:35,ADAMW_lr0.001,ADAMW,2,openwebtext-3%,59,val_eval,8.771029472351074,1.7991004497751124e-05,6.336742653516881,
2025-09-14 20:40:56,ADAMW_lr0.001,ADAMW,2,openwebtext-3%,60,train_eval,8.738053321838379,1.829085457271364e-05,6.336742653516881,
2025-09-14 20:40:56,ADAMW_lr0.001,ADAMW,2,openwebtext-3%,60,val_eval,8.748713493347168,1.829085457271364e-05,6.336742653516881,
2025-09-14 20:41:05,ADAMW_lr0.001,ADAMW,2,openwebtext-3%,60,train_iter,8.710136413574219,1.829085457271364e-05,6.338509870910867,21191.436529159546
2025-09-14 20:41:17,ADAMW_lr0.001,ADAMW,2,openwebtext-3%,61,train_eval,8.713983535766602,1.859070464767616e-05,6.338509870910867,
2025-09-14 20:41:17,ADAMW_lr0.001,ADAMW,2,openwebtext-3%,61,val_eval,8.724373817443848,1.859070464767616e-05,6.338509870910867,
2025-09-14 20:41:39,ADAMW_lr0.001,ADAMW,2,openwebtext-3%,62,train_eval,8.701467514038086,1.8890554722638677e-05,6.338509870910867,
2025-09-14 20:41:39,ADAMW_lr0.001,ADAMW,2,openwebtext-3%,62,val_eval,8.703664779663086,1.8890554722638677e-05,6.338509870910867,
2025-09-14 20:42:00,ADAMW_lr0.001,ADAMW,2,openwebtext-3%,63,train_eval,8.673510551452637,1.9190404797601198e-05,6.338509870910867,
2025-09-14 20:42:00,ADAMW_lr0.001,ADAMW,2,openwebtext-3%,63,val_eval,8.680174827575684,1.9190404797601198e-05,6.338509870910867,
2025-09-14 20:42:21,ADAMW_lr0.001,ADAMW,2,openwebtext-3%,64,train_eval,8.648280143737793,1.949025487256372e-05,6.338509870910867,
2025-09-14 20:42:21,ADAMW_lr0.001,ADAMW,2,openwebtext-3%,64,val_eval,8.656848907470703,1.949025487256372e-05,6.338509870910867,
2025-09-14 20:42:42,ADAMW_lr0.001,ADAMW,2,openwebtext-3%,65,train_eval,8.630328178405762,1.9790104947526234e-05,6.338509870910867,
2025-09-14 20:42:42,ADAMW_lr0.001,ADAMW,2,openwebtext-3%,65,val_eval,8.64037799835205,1.9790104947526234e-05,6.338509870910867,
2025-09-14 20:43:03,ADAMW_lr0.001,ADAMW,2,openwebtext-3%,66,train_eval,8.615008354187012,2.0089955022488755e-05,6.338509870910867,
2025-09-14 20:43:03,ADAMW_lr0.001,ADAMW,2,openwebtext-3%,66,val_eval,8.61129379272461,2.0089955022488755e-05,6.338509870910867,
2025-09-14 20:43:25,ADAMW_lr0.001,ADAMW,2,openwebtext-3%,67,train_eval,8.580765724182129,2.0389805097451272e-05,6.338509870910867,
2025-09-14 20:43:25,ADAMW_lr0.001,ADAMW,2,openwebtext-3%,67,val_eval,8.588176727294922,2.0389805097451272e-05,6.338509870910867,
2025-09-14 20:43:46,ADAMW_lr0.001,ADAMW,2,openwebtext-3%,68,train_eval,8.563796997070312,2.0689655172413793e-05,6.338509870910867,
2025-09-14 20:43:46,ADAMW_lr0.001,ADAMW,2,openwebtext-3%,68,val_eval,8.561808586120605,2.0689655172413793e-05,6.338509870910867,
2025-09-14 20:44:07,ADAMW_lr0.001,ADAMW,2,openwebtext-3%,69,train_eval,8.541254043579102,2.098950524737631e-05,6.338509870910867,
2025-09-14 20:44:07,ADAMW_lr0.001,ADAMW,2,openwebtext-3%,69,val_eval,8.54338550567627,2.098950524737631e-05,6.338509870910867,
2025-09-14 20:44:28,ADAMW_lr0.001,ADAMW,2,openwebtext-3%,70,train_eval,8.525390625,2.128935532233883e-05,6.338509870910867,
2025-09-14 20:44:28,ADAMW_lr0.001,ADAMW,2,openwebtext-3%,70,val_eval,8.522337913513184,2.128935532233883e-05,6.338509870910867,
2025-09-14 20:44:37,ADAMW_lr0.001,ADAMW,2,openwebtext-3%,70,train_iter,8.663646578788757,2.128935532233883e-05,6.339231388888384,21220.45588493347
2025-09-14 20:44:50,ADAMW_lr0.001,ADAMW,2,openwebtext-3%,71,train_eval,8.491754531860352,2.1589205397301346e-05,6.339231388888384,
2025-09-14 20:44:50,ADAMW_lr0.001,ADAMW,2,openwebtext-3%,71,val_eval,8.487533569335938,2.1589205397301346e-05,6.339231388888384,
2025-09-14 20:45:11,ADAMW_lr0.001,ADAMW,2,openwebtext-3%,72,train_eval,8.483453750610352,2.1889055472263867e-05,6.339231388888384,
2025-09-14 20:45:11,ADAMW_lr0.001,ADAMW,2,openwebtext-3%,72,val_eval,8.482373237609863,2.1889055472263867e-05,6.339231388888384,
2025-09-14 20:45:32,ADAMW_lr0.001,ADAMW,2,openwebtext-3%,73,train_eval,8.451986312866211,2.2188905547226385e-05,6.339231388888384,
2025-09-14 20:45:32,ADAMW_lr0.001,ADAMW,2,openwebtext-3%,73,val_eval,8.455808639526367,2.2188905547226385e-05,6.339231388888384,
2025-09-14 20:45:53,ADAMW_lr0.001,ADAMW,2,openwebtext-3%,74,train_eval,8.441584587097168,2.2488755622188906e-05,6.339231388888384,
2025-09-14 20:45:53,ADAMW_lr0.001,ADAMW,2,openwebtext-3%,74,val_eval,8.429754257202148,2.2488755622188906e-05,6.339231388888384,
2025-09-14 20:46:15,ADAMW_lr0.001,ADAMW,2,openwebtext-3%,75,train_eval,8.419502258300781,2.278860569715142e-05,6.339231388888384,
2025-09-14 20:46:15,ADAMW_lr0.001,ADAMW,2,openwebtext-3%,75,val_eval,8.417776107788086,2.278860569715142e-05,6.339231388888384,
2025-09-14 20:46:36,ADAMW_lr0.001,ADAMW,2,openwebtext-3%,76,train_eval,8.386794090270996,2.308845577211394e-05,6.339231388888384,
2025-09-14 20:46:36,ADAMW_lr0.001,ADAMW,2,openwebtext-3%,76,val_eval,8.399996757507324,2.308845577211394e-05,6.339231388888384,
2025-09-14 20:46:57,ADAMW_lr0.001,ADAMW,2,openwebtext-3%,77,train_eval,8.376411437988281,2.338830584707646e-05,6.339231388888384,
2025-09-14 20:46:57,ADAMW_lr0.001,ADAMW,2,openwebtext-3%,77,val_eval,8.373856544494629,2.338830584707646e-05,6.339231388888384,
2025-09-14 20:47:18,ADAMW_lr0.001,ADAMW,2,openwebtext-3%,78,train_eval,8.339027404785156,2.368815592203898e-05,6.339231388888384,
2025-09-14 20:47:18,ADAMW_lr0.001,ADAMW,2,openwebtext-3%,78,val_eval,8.357112884521484,2.368815592203898e-05,6.339231388888384,
2025-09-14 20:47:40,ADAMW_lr0.001,ADAMW,2,openwebtext-3%,79,train_eval,8.312485694885254,2.3988005997001498e-05,6.339231388888384,
2025-09-14 20:47:40,ADAMW_lr0.001,ADAMW,2,openwebtext-3%,79,val_eval,8.323819160461426,2.3988005997001498e-05,6.339231388888384,
2025-09-14 20:48:01,ADAMW_lr0.001,ADAMW,2,openwebtext-3%,80,train_eval,8.292014122009277,2.4287856071964015e-05,6.339231388888384,
2025-09-14 20:48:01,ADAMW_lr0.001,ADAMW,2,openwebtext-3%,80,val_eval,8.310097694396973,2.4287856071964015e-05,6.339231388888384,
2025-09-14 20:48:09,ADAMW_lr0.001,ADAMW,2,openwebtext-3%,80,train_iter,8.33738923072815,2.4287856071964015e-05,6.340715418611037,21192.580938339233
2025-09-14 20:48:22,ADAMW_lr0.001,ADAMW,2,openwebtext-3%,81,train_eval,8.287432670593262,2.4587706146926533e-05,6.340715418611037,
2025-09-14 20:48:22,ADAMW_lr0.001,ADAMW,2,openwebtext-3%,81,val_eval,8.277918815612793,2.4587706146926533e-05,6.340715418611037,
2025-09-14 20:48:43,ADAMW_lr0.001,ADAMW,2,openwebtext-3%,82,train_eval,8.250909805297852,2.4887556221889054e-05,6.340715418611037,
2025-09-14 20:48:43,ADAMW_lr0.001,ADAMW,2,openwebtext-3%,82,val_eval,8.251839637756348,2.4887556221889054e-05,6.340715418611037,
2025-09-14 20:49:04,ADAMW_lr0.001,ADAMW,2,openwebtext-3%,83,train_eval,8.228559494018555,2.5187406296851572e-05,6.340715418611037,
2025-09-14 20:49:04,ADAMW_lr0.001,ADAMW,2,openwebtext-3%,83,val_eval,8.230632781982422,2.5187406296851572e-05,6.340715418611037,
2025-09-14 20:49:25,ADAMW_lr0.001,ADAMW,2,openwebtext-3%,84,train_eval,8.209486961364746,2.5487256371814093e-05,6.340715418611037,
2025-09-14 20:49:25,ADAMW_lr0.001,ADAMW,2,openwebtext-3%,84,val_eval,8.219365119934082,2.5487256371814093e-05,6.340715418611037,
2025-09-14 20:49:47,ADAMW_lr0.001,ADAMW,2,openwebtext-3%,85,train_eval,8.184223175048828,2.5787106446776607e-05,6.340715418611037,
2025-09-14 20:49:47,ADAMW_lr0.001,ADAMW,2,openwebtext-3%,85,val_eval,8.187152862548828,2.5787106446776607e-05,6.340715418611037,
2025-09-14 20:50:08,ADAMW_lr0.001,ADAMW,2,openwebtext-3%,86,train_eval,8.150115013122559,2.6086956521739128e-05,6.340715418611037,
2025-09-14 20:50:08,ADAMW_lr0.001,ADAMW,2,openwebtext-3%,86,val_eval,8.16159725189209,2.6086956521739128e-05,6.340715418611037,
2025-09-14 20:50:29,ADAMW_lr0.001,ADAMW,2,openwebtext-3%,87,train_eval,8.144271850585938,2.6386806596701646e-05,6.340715418611037,
2025-09-14 20:50:29,ADAMW_lr0.001,ADAMW,2,openwebtext-3%,87,val_eval,8.146663665771484,2.6386806596701646e-05,6.340715418611037,
2025-09-14 20:50:50,ADAMW_lr0.001,ADAMW,2,openwebtext-3%,88,train_eval,8.099662780761719,2.6686656671664167e-05,6.340715418611037,
2025-09-14 20:50:50,ADAMW_lr0.001,ADAMW,2,openwebtext-3%,88,val_eval,8.1270751953125,2.6686656671664167e-05,6.340715418611037,
2025-09-14 20:51:12,ADAMW_lr0.001,ADAMW,2,openwebtext-3%,89,train_eval,8.100093841552734,2.6986506746626685e-05,6.340715418611037,
2025-09-14 20:51:12,ADAMW_lr0.001,ADAMW,2,openwebtext-3%,89,val_eval,8.102850914001465,2.6986506746626685e-05,6.340715418611037,
2025-09-14 20:51:33,ADAMW_lr0.001,ADAMW,2,openwebtext-3%,90,train_eval,8.062992095947266,2.7286356821589202e-05,6.340715418611037,
2025-09-14 20:51:33,ADAMW_lr0.001,ADAMW,2,openwebtext-3%,90,val_eval,8.082023620605469,2.7286356821589202e-05,6.340715418611037,
2025-09-14 20:51:41,ADAMW_lr0.001,ADAMW,2,openwebtext-3%,90,train_iter,8.01686704158783,2.7286356821589202e-05,6.34267814872694,21171.685934066772
2025-09-14 20:51:54,ADAMW_lr0.001,ADAMW,2,openwebtext-3%,91,train_eval,8.032258987426758,2.758620689655172e-05,6.34267814872694,
2025-09-14 20:51:54,ADAMW_lr0.001,ADAMW,2,openwebtext-3%,91,val_eval,8.057282447814941,2.758620689655172e-05,6.34267814872694,
2025-09-14 20:52:15,ADAMW_lr0.001,ADAMW,2,openwebtext-3%,92,train_eval,8.016702651977539,2.788605697151424e-05,6.34267814872694,
2025-09-14 20:52:15,ADAMW_lr0.001,ADAMW,2,openwebtext-3%,92,val_eval,8.03722858428955,2.788605697151424e-05,6.34267814872694,
2025-09-14 20:52:37,ADAMW_lr0.001,ADAMW,2,openwebtext-3%,93,train_eval,7.994302272796631,2.818590704647676e-05,6.34267814872694,
2025-09-14 20:52:37,ADAMW_lr0.001,ADAMW,2,openwebtext-3%,93,val_eval,8.003349304199219,2.818590704647676e-05,6.34267814872694,
2025-09-14 20:52:58,ADAMW_lr0.001,ADAMW,2,openwebtext-3%,94,train_eval,7.977781295776367,2.8485757121439276e-05,6.34267814872694,
2025-09-14 20:52:58,ADAMW_lr0.001,ADAMW,2,openwebtext-3%,94,val_eval,7.984965801239014,2.8485757121439276e-05,6.34267814872694,
2025-09-14 20:53:19,ADAMW_lr0.001,ADAMW,2,openwebtext-3%,95,train_eval,7.966116905212402,2.8785607196401797e-05,6.34267814872694,
2025-09-14 20:53:19,ADAMW_lr0.001,ADAMW,2,openwebtext-3%,95,val_eval,7.962984561920166,2.8785607196401797e-05,6.34267814872694,
2025-09-14 20:53:40,ADAMW_lr0.001,ADAMW,2,openwebtext-3%,96,train_eval,7.936054229736328,2.9085457271364315e-05,6.34267814872694,
2025-09-14 20:53:40,ADAMW_lr0.001,ADAMW,2,openwebtext-3%,96,val_eval,7.944847583770752,2.9085457271364315e-05,6.34267814872694,
2025-09-14 20:54:02,ADAMW_lr0.001,ADAMW,2,openwebtext-3%,97,train_eval,7.9084153175354,2.9385307346326836e-05,6.34267814872694,
2025-09-14 20:54:02,ADAMW_lr0.001,ADAMW,2,openwebtext-3%,97,val_eval,7.918208599090576,2.9385307346326836e-05,6.34267814872694,
2025-09-14 20:54:23,ADAMW_lr0.001,ADAMW,2,openwebtext-3%,98,train_eval,7.903543472290039,2.9685157421289354e-05,6.34267814872694,
2025-09-14 20:54:23,ADAMW_lr0.001,ADAMW,2,openwebtext-3%,98,val_eval,7.895041465759277,2.9685157421289354e-05,6.34267814872694,
2025-09-14 20:54:44,ADAMW_lr0.001,ADAMW,2,openwebtext-3%,99,train_eval,7.850992202758789,2.998500749625187e-05,6.34267814872694,
2025-09-14 20:54:44,ADAMW_lr0.001,ADAMW,2,openwebtext-3%,99,val_eval,7.879962921142578,2.998500749625187e-05,6.34267814872694,
2025-09-14 20:55:05,ADAMW_lr0.001,ADAMW,2,openwebtext-3%,100,train_eval,7.844240665435791,3.028485757121439e-05,6.34267814872694,
2025-09-14 20:55:05,ADAMW_lr0.001,ADAMW,2,openwebtext-3%,100,val_eval,7.850631237030029,3.028485757121439e-05,6.34267814872694,
2025-09-14 20:55:20,ADAMW_lr0.001,ADAMW,2,openwebtext-3%,100,train_iter,7.992121577262878,3.028485757121439e-05,6.1867716376282464,28150.0985622406
2025-09-14 20:55:33,ADAMW_lr0.001,ADAMW,2,openwebtext-3%,101,train_eval,7.828299045562744,3.058470764617691e-05,6.1867716376282464,
2025-09-14 20:55:33,ADAMW_lr0.001,ADAMW,2,openwebtext-3%,101,val_eval,7.833478927612305,3.058470764617691e-05,6.1867716376282464,
2025-09-14 20:55:54,ADAMW_lr0.001,ADAMW,2,openwebtext-3%,102,train_eval,7.790802001953125,3.0884557721139424e-05,6.1867716376282464,
2025-09-14 20:55:54,ADAMW_lr0.001,ADAMW,2,openwebtext-3%,102,val_eval,7.8126373291015625,3.0884557721139424e-05,6.1867716376282464,
2025-09-14 20:56:16,ADAMW_lr0.001,ADAMW,2,openwebtext-3%,103,train_eval,7.773914813995361,3.1184407796101945e-05,6.1867716376282464,
2025-09-14 20:56:16,ADAMW_lr0.001,ADAMW,2,openwebtext-3%,103,val_eval,7.767593860626221,3.1184407796101945e-05,6.1867716376282464,
2025-09-14 20:56:37,ADAMW_lr0.001,ADAMW,2,openwebtext-3%,104,train_eval,7.757297992706299,3.1484257871064466e-05,6.1867716376282464,
2025-09-14 20:56:37,ADAMW_lr0.001,ADAMW,2,openwebtext-3%,104,val_eval,7.7533721923828125,3.1484257871064466e-05,6.1867716376282464,
2025-09-14 20:56:58,ADAMW_lr0.001,ADAMW,2,openwebtext-3%,105,train_eval,7.731149196624756,3.178410794602698e-05,6.1867716376282464,
2025-09-14 20:56:58,ADAMW_lr0.001,ADAMW,2,openwebtext-3%,105,val_eval,7.735560894012451,3.178410794602698e-05,6.1867716376282464,
2025-09-14 20:57:19,ADAMW_lr0.001,ADAMW,2,openwebtext-3%,106,train_eval,7.716750621795654,3.20839580209895e-05,6.1867716376282464,
2025-09-14 20:57:19,ADAMW_lr0.001,ADAMW,2,openwebtext-3%,106,val_eval,7.714268684387207,3.20839580209895e-05,6.1867716376282464,
2025-09-14 20:57:40,ADAMW_lr0.001,ADAMW,2,openwebtext-3%,107,train_eval,7.699100494384766,3.238380809595202e-05,6.1867716376282464,
2025-09-14 20:57:40,ADAMW_lr0.001,ADAMW,2,openwebtext-3%,107,val_eval,7.683624267578125,3.238380809595202e-05,6.1867716376282464,
2025-09-14 20:58:02,ADAMW_lr0.001,ADAMW,2,openwebtext-3%,108,train_eval,7.677185535430908,3.2683658170914544e-05,6.1867716376282464,
2025-09-14 20:58:02,ADAMW_lr0.001,ADAMW,2,openwebtext-3%,108,val_eval,7.675412654876709,3.2683658170914544e-05,6.1867716376282464,
2025-09-14 20:58:23,ADAMW_lr0.001,ADAMW,2,openwebtext-3%,109,train_eval,7.652677059173584,3.298350824587706e-05,6.1867716376282464,
2025-09-14 20:58:23,ADAMW_lr0.001,ADAMW,2,openwebtext-3%,109,val_eval,7.655157566070557,3.298350824587706e-05,6.1867716376282464,
2025-09-14 20:58:44,ADAMW_lr0.001,ADAMW,2,openwebtext-3%,110,train_eval,7.618423938751221,3.328335832083958e-05,6.1867716376282464,
2025-09-14 20:58:44,ADAMW_lr0.001,ADAMW,2,openwebtext-3%,110,val_eval,7.6354660987854,3.328335832083958e-05,6.1867716376282464,
2025-09-14 20:58:53,ADAMW_lr0.001,ADAMW,2,openwebtext-3%,110,train_iter,7.596309781074524,3.328335832083958e-05,6.201177766880143,21270.373106002808
2025-09-14 20:59:06,ADAMW_lr0.001,ADAMW,2,openwebtext-3%,111,train_eval,7.618311882019043,3.35832083958021e-05,6.201177766880143,
2025-09-14 20:59:06,ADAMW_lr0.001,ADAMW,2,openwebtext-3%,111,val_eval,7.608110427856445,3.35832083958021e-05,6.201177766880143,
2025-09-14 20:59:27,ADAMW_lr0.001,ADAMW,2,openwebtext-3%,112,train_eval,7.580045700073242,3.3883058470764614e-05,6.201177766880143,
2025-09-14 20:59:27,ADAMW_lr0.001,ADAMW,2,openwebtext-3%,112,val_eval,7.601017951965332,3.3883058470764614e-05,6.201177766880143,
2025-09-14 20:59:48,ADAMW_lr0.001,ADAMW,2,openwebtext-3%,113,train_eval,7.566201210021973,3.418290854572713e-05,6.201177766880143,
2025-09-14 20:59:48,ADAMW_lr0.001,ADAMW,2,openwebtext-3%,113,val_eval,7.5746049880981445,3.418290854572713e-05,6.201177766880143,
2025-09-14 21:00:10,ADAMW_lr0.001,ADAMW,2,openwebtext-3%,114,train_eval,7.546735763549805,3.448275862068965e-05,6.201177766880143,
2025-09-14 21:00:10,ADAMW_lr0.001,ADAMW,2,openwebtext-3%,114,val_eval,7.562151908874512,3.448275862068965e-05,6.201177766880143,
2025-09-14 21:00:31,ADAMW_lr0.001,ADAMW,2,openwebtext-3%,115,train_eval,7.521867275238037,3.478260869565217e-05,6.201177766880143,
2025-09-14 21:00:31,ADAMW_lr0.001,ADAMW,2,openwebtext-3%,115,val_eval,7.537287712097168,3.478260869565217e-05,6.201177766880143,
2025-09-14 21:00:52,ADAMW_lr0.001,ADAMW,2,openwebtext-3%,116,train_eval,7.523568630218506,3.508245877061469e-05,6.201177766880143,
2025-09-14 21:00:52,ADAMW_lr0.001,ADAMW,2,openwebtext-3%,116,val_eval,7.518861770629883,3.508245877061469e-05,6.201177766880143,
2025-09-14 21:01:13,ADAMW_lr0.001,ADAMW,2,openwebtext-3%,117,train_eval,7.494699001312256,3.5382308845577206e-05,6.201177766880143,
2025-09-14 21:01:13,ADAMW_lr0.001,ADAMW,2,openwebtext-3%,117,val_eval,7.488889217376709,3.5382308845577206e-05,6.201177766880143,
2025-09-14 21:01:35,ADAMW_lr0.001,ADAMW,2,openwebtext-3%,118,train_eval,7.477311611175537,3.568215892053973e-05,6.201177766880143,
2025-09-14 21:01:35,ADAMW_lr0.001,ADAMW,2,openwebtext-3%,118,val_eval,7.4820780754089355,3.568215892053973e-05,6.201177766880143,
2025-09-14 21:01:56,ADAMW_lr0.001,ADAMW,2,openwebtext-3%,119,train_eval,7.454961776733398,3.598200899550225e-05,6.201177766880143,
2025-09-14 21:01:56,ADAMW_lr0.001,ADAMW,2,openwebtext-3%,119,val_eval,7.461450576782227,3.598200899550225e-05,6.201177766880143,
2025-09-14 21:02:17,ADAMW_lr0.001,ADAMW,2,openwebtext-3%,120,train_eval,7.440959453582764,3.628185907046477e-05,6.201177766880143,
2025-09-14 21:02:17,ADAMW_lr0.001,ADAMW,2,openwebtext-3%,120,val_eval,7.430078029632568,3.628185907046477e-05,6.201177766880143,
2025-09-14 21:02:26,ADAMW_lr0.001,ADAMW,2,openwebtext-3%,120,train_iter,7.2406452894210815,3.628185907046477e-05,6.214809692662695,21248.006582260132
2025-09-14 21:02:38,ADAMW_lr0.001,ADAMW,2,openwebtext-3%,121,train_eval,7.423717498779297,3.658170914542728e-05,6.214809692662695,
2025-09-14 21:02:38,ADAMW_lr0.001,ADAMW,2,openwebtext-3%,121,val_eval,7.424386024475098,3.658170914542728e-05,6.214809692662695,
2025-09-14 21:03:00,ADAMW_lr0.001,ADAMW,2,openwebtext-3%,122,train_eval,7.387241363525391,3.68815592203898e-05,6.214809692662695,
2025-09-14 21:03:00,ADAMW_lr0.001,ADAMW,2,openwebtext-3%,122,val_eval,7.4120988845825195,3.68815592203898e-05,6.214809692662695,
2025-09-14 21:03:21,ADAMW_lr0.001,ADAMW,2,openwebtext-3%,123,train_eval,7.3871989250183105,3.718140929535232e-05,6.214809692662695,
2025-09-14 21:03:21,ADAMW_lr0.001,ADAMW,2,openwebtext-3%,123,val_eval,7.4102253913879395,3.718140929535232e-05,6.214809692662695,
2025-09-14 21:03:42,ADAMW_lr0.001,ADAMW,2,openwebtext-3%,124,train_eval,7.376511096954346,3.748125937031484e-05,6.214809692662695,
2025-09-14 21:03:42,ADAMW_lr0.001,ADAMW,2,openwebtext-3%,124,val_eval,7.364170551300049,3.748125937031484e-05,6.214809692662695,
2025-09-14 21:04:04,ADAMW_lr0.001,ADAMW,2,openwebtext-3%,125,train_eval,7.345405101776123,3.7781109445277354e-05,6.214809692662695,
2025-09-14 21:04:04,ADAMW_lr0.001,ADAMW,2,openwebtext-3%,125,val_eval,7.355926036834717,3.7781109445277354e-05,6.214809692662695,
2025-09-14 21:04:25,ADAMW_lr0.001,ADAMW,2,openwebtext-3%,126,train_eval,7.3236775398254395,3.8080959520239875e-05,6.214809692662695,
2025-09-14 21:04:25,ADAMW_lr0.001,ADAMW,2,openwebtext-3%,126,val_eval,7.335514068603516,3.8080959520239875e-05,6.214809692662695,
2025-09-14 21:04:46,ADAMW_lr0.001,ADAMW,2,openwebtext-3%,127,train_eval,7.320095062255859,3.8380809595202396e-05,6.214809692662695,
2025-09-14 21:04:46,ADAMW_lr0.001,ADAMW,2,openwebtext-3%,127,val_eval,7.322946548461914,3.8380809595202396e-05,6.214809692662695,
2025-09-14 21:05:07,ADAMW_lr0.001,ADAMW,2,openwebtext-3%,128,train_eval,7.286602020263672,3.868065967016492e-05,6.214809692662695,
2025-09-14 21:05:07,ADAMW_lr0.001,ADAMW,2,openwebtext-3%,128,val_eval,7.3010993003845215,3.868065967016492e-05,6.214809692662695,
2025-09-14 21:05:29,ADAMW_lr0.001,ADAMW,2,openwebtext-3%,129,train_eval,7.278270244598389,3.898050974512744e-05,6.214809692662695,
2025-09-14 21:05:29,ADAMW_lr0.001,ADAMW,2,openwebtext-3%,129,val_eval,7.281542778015137,3.898050974512744e-05,6.214809692662695,
2025-09-14 21:05:50,ADAMW_lr0.001,ADAMW,2,openwebtext-3%,130,train_eval,7.265571117401123,3.928035982008995e-05,6.214809692662695,
2025-09-14 21:05:50,ADAMW_lr0.001,ADAMW,2,openwebtext-3%,130,val_eval,7.272144317626953,3.928035982008995e-05,6.214809692662695,
2025-09-14 21:05:58,ADAMW_lr0.001,ADAMW,2,openwebtext-3%,130,train_iter,7.0704567432403564,3.928035982008995e-05,6.228453148862253,21202.01539993286
2025-09-14 21:06:11,ADAMW_lr0.001,ADAMW,2,openwebtext-3%,131,train_eval,7.244687080383301,3.958020989505247e-05,6.228453148862253,
2025-09-14 21:06:11,ADAMW_lr0.001,ADAMW,2,openwebtext-3%,131,val_eval,7.255427360534668,3.958020989505247e-05,6.228453148862253,
2025-09-14 21:06:32,ADAMW_lr0.001,ADAMW,2,openwebtext-3%,132,train_eval,7.2181782722473145,3.988005997001499e-05,6.228453148862253,
2025-09-14 21:06:32,ADAMW_lr0.001,ADAMW,2,openwebtext-3%,132,val_eval,7.243232250213623,3.988005997001499e-05,6.228453148862253,
2025-09-14 21:06:54,ADAMW_lr0.001,ADAMW,2,openwebtext-3%,133,train_eval,7.210925102233887,4.017991004497751e-05,6.228453148862253,
2025-09-14 21:06:54,ADAMW_lr0.001,ADAMW,2,openwebtext-3%,133,val_eval,7.205806732177734,4.017991004497751e-05,6.228453148862253,
2025-09-14 21:07:15,ADAMW_lr0.001,ADAMW,2,openwebtext-3%,134,train_eval,7.201315879821777,4.0479760119940023e-05,6.228453148862253,
2025-09-14 21:07:15,ADAMW_lr0.001,ADAMW,2,openwebtext-3%,134,val_eval,7.202264308929443,4.0479760119940023e-05,6.228453148862253,
2025-09-14 21:07:36,ADAMW_lr0.001,ADAMW,2,openwebtext-3%,135,train_eval,7.185860633850098,4.0779610194902544e-05,6.228453148862253,
2025-09-14 21:07:36,ADAMW_lr0.001,ADAMW,2,openwebtext-3%,135,val_eval,7.191013813018799,4.0779610194902544e-05,6.228453148862253,
2025-09-14 21:07:57,ADAMW_lr0.001,ADAMW,2,openwebtext-3%,136,train_eval,7.168603897094727,4.1079460269865066e-05,6.228453148862253,
2025-09-14 21:07:57,ADAMW_lr0.001,ADAMW,2,openwebtext-3%,136,val_eval,7.180261135101318,4.1079460269865066e-05,6.228453148862253,
2025-09-14 21:08:19,ADAMW_lr0.001,ADAMW,2,openwebtext-3%,137,train_eval,7.149981498718262,4.1379310344827587e-05,6.228453148862253,
2025-09-14 21:08:19,ADAMW_lr0.001,ADAMW,2,openwebtext-3%,137,val_eval,7.180919170379639,4.1379310344827587e-05,6.228453148862253,
2025-09-14 21:08:40,ADAMW_lr0.001,ADAMW,2,openwebtext-3%,138,train_eval,7.143227577209473,4.16791604197901e-05,6.228453148862253,
2025-09-14 21:08:40,ADAMW_lr0.001,ADAMW,2,openwebtext-3%,138,val_eval,7.144131660461426,4.16791604197901e-05,6.228453148862253,
2025-09-14 21:09:01,ADAMW_lr0.001,ADAMW,2,openwebtext-3%,139,train_eval,7.132111072540283,4.197901049475262e-05,6.228453148862253,
2025-09-14 21:09:01,ADAMW_lr0.001,ADAMW,2,openwebtext-3%,139,val_eval,7.131781578063965,4.197901049475262e-05,6.228453148862253,
2025-09-14 21:09:22,ADAMW_lr0.001,ADAMW,2,openwebtext-3%,140,train_eval,7.090430736541748,4.227886056971514e-05,6.228453148862253,
2025-09-14 21:09:22,ADAMW_lr0.001,ADAMW,2,openwebtext-3%,140,val_eval,7.127514839172363,4.227886056971514e-05,6.228453148862253,
2025-09-14 21:09:31,ADAMW_lr0.001,ADAMW,2,openwebtext-3%,140,train_iter,6.899613738059998,4.227886056971514e-05,6.240787965031381,21200.15597343445
2025-09-14 21:09:44,ADAMW_lr0.001,ADAMW,2,openwebtext-3%,141,train_eval,7.099197864532471,4.257871064467766e-05,6.240787965031381,
2025-09-14 21:09:44,ADAMW_lr0.001,ADAMW,2,openwebtext-3%,141,val_eval,7.116888523101807,4.257871064467766e-05,6.240787965031381,
2025-09-14 21:10:05,ADAMW_lr0.001,ADAMW,2,openwebtext-3%,142,train_eval,7.056519031524658,4.287856071964017e-05,6.240787965031381,
2025-09-14 21:10:05,ADAMW_lr0.001,ADAMW,2,openwebtext-3%,142,val_eval,7.080079555511475,4.287856071964017e-05,6.240787965031381,
2025-09-14 21:10:26,ADAMW_lr0.001,ADAMW,2,openwebtext-3%,143,train_eval,7.068617343902588,4.317841079460269e-05,6.240787965031381,
2025-09-14 21:10:26,ADAMW_lr0.001,ADAMW,2,openwebtext-3%,143,val_eval,7.070363998413086,4.317841079460269e-05,6.240787965031381,
2025-09-14 21:10:47,ADAMW_lr0.001,ADAMW,2,openwebtext-3%,144,train_eval,7.043462753295898,4.3478260869565214e-05,6.240787965031381,
2025-09-14 21:10:47,ADAMW_lr0.001,ADAMW,2,openwebtext-3%,144,val_eval,7.065669536590576,4.3478260869565214e-05,6.240787965031381,
2025-09-14 21:11:09,ADAMW_lr0.001,ADAMW,2,openwebtext-3%,145,train_eval,7.021094799041748,4.3778110944527735e-05,6.240787965031381,
2025-09-14 21:11:09,ADAMW_lr0.001,ADAMW,2,openwebtext-3%,145,val_eval,7.047979354858398,4.3778110944527735e-05,6.240787965031381,
2025-09-14 21:11:30,ADAMW_lr0.001,ADAMW,2,openwebtext-3%,146,train_eval,7.012797832489014,4.407796101949025e-05,6.240787965031381,
2025-09-14 21:11:30,ADAMW_lr0.001,ADAMW,2,openwebtext-3%,146,val_eval,7.041598320007324,4.407796101949025e-05,6.240787965031381,
2025-09-14 21:11:51,ADAMW_lr0.001,ADAMW,2,openwebtext-3%,147,train_eval,7.012436389923096,4.437781109445277e-05,6.240787965031381,
2025-09-14 21:11:51,ADAMW_lr0.001,ADAMW,2,openwebtext-3%,147,val_eval,7.033507823944092,4.437781109445277e-05,6.240787965031381,
2025-09-14 21:12:12,ADAMW_lr0.001,ADAMW,2,openwebtext-3%,148,train_eval,6.9894609451293945,4.467766116941529e-05,6.240787965031381,
2025-09-14 21:12:12,ADAMW_lr0.001,ADAMW,2,openwebtext-3%,148,val_eval,7.012704849243164,4.467766116941529e-05,6.240787965031381,
2025-09-14 21:12:34,ADAMW_lr0.001,ADAMW,2,openwebtext-3%,149,train_eval,6.971367359161377,4.497751124437781e-05,6.240787965031381,
2025-09-14 21:12:34,ADAMW_lr0.001,ADAMW,2,openwebtext-3%,149,val_eval,6.99898624420166,4.497751124437781e-05,6.240787965031381,
2025-09-14 21:12:55,ADAMW_lr0.001,ADAMW,2,openwebtext-3%,150,train_eval,6.968198299407959,4.527736131934032e-05,6.240787965031381,
2025-09-14 21:12:55,ADAMW_lr0.001,ADAMW,2,openwebtext-3%,150,val_eval,6.987671375274658,4.527736131934032e-05,6.240787965031381,
2025-09-14 21:13:03,ADAMW_lr0.001,ADAMW,2,openwebtext-3%,150,train_iter,7.109069228172302,4.527736131934032e-05,6.248823385754093,21302.982091903687
2025-09-14 21:13:16,ADAMW_lr0.001,ADAMW,2,openwebtext-3%,151,train_eval,6.953661918640137,4.557721139430284e-05,6.248823385754093,
2025-09-14 21:13:16,ADAMW_lr0.001,ADAMW,2,openwebtext-3%,151,val_eval,6.9694037437438965,4.557721139430284e-05,6.248823385754093,
2025-09-14 21:13:37,ADAMW_lr0.001,ADAMW,2,openwebtext-3%,152,train_eval,6.932015419006348,4.587706146926536e-05,6.248823385754093,
2025-09-14 21:13:37,ADAMW_lr0.001,ADAMW,2,openwebtext-3%,152,val_eval,6.9622650146484375,4.587706146926536e-05,6.248823385754093,
2025-09-14 21:13:59,ADAMW_lr0.001,ADAMW,2,openwebtext-3%,153,train_eval,6.949617862701416,4.617691154422788e-05,6.248823385754093,
2025-09-14 21:13:59,ADAMW_lr0.001,ADAMW,2,openwebtext-3%,153,val_eval,6.944252967834473,4.617691154422788e-05,6.248823385754093,
2025-09-14 21:14:20,ADAMW_lr0.001,ADAMW,2,openwebtext-3%,154,train_eval,6.91853141784668,4.64767616191904e-05,6.248823385754093,
2025-09-14 21:14:20,ADAMW_lr0.001,ADAMW,2,openwebtext-3%,154,val_eval,6.95242977142334,4.64767616191904e-05,6.248823385754093,
2025-09-14 21:14:41,ADAMW_lr0.001,ADAMW,2,openwebtext-3%,155,train_eval,6.919309139251709,4.677661169415292e-05,6.248823385754093,
2025-09-14 21:14:41,ADAMW_lr0.001,ADAMW,2,openwebtext-3%,155,val_eval,6.923359394073486,4.677661169415292e-05,6.248823385754093,
2025-09-14 21:15:02,ADAMW_lr0.001,ADAMW,2,openwebtext-3%,156,train_eval,6.904878616333008,4.707646176911544e-05,6.248823385754093,
2025-09-14 21:15:02,ADAMW_lr0.001,ADAMW,2,openwebtext-3%,156,val_eval,6.922697067260742,4.707646176911544e-05,6.248823385754093,
2025-09-14 21:15:24,ADAMW_lr0.001,ADAMW,2,openwebtext-3%,157,train_eval,6.897494316101074,4.737631184407796e-05,6.248823385754093,
2025-09-14 21:15:24,ADAMW_lr0.001,ADAMW,2,openwebtext-3%,157,val_eval,6.896721363067627,4.737631184407796e-05,6.248823385754093,
2025-09-14 21:15:45,ADAMW_lr0.001,ADAMW,2,openwebtext-3%,158,train_eval,6.87739372253418,4.7676161919040474e-05,6.248823385754093,
2025-09-14 21:15:45,ADAMW_lr0.001,ADAMW,2,openwebtext-3%,158,val_eval,6.885782241821289,4.7676161919040474e-05,6.248823385754093,
2025-09-14 21:16:06,ADAMW_lr0.001,ADAMW,2,openwebtext-3%,159,train_eval,6.8691725730896,4.7976011994002995e-05,6.248823385754093,
2025-09-14 21:16:06,ADAMW_lr0.001,ADAMW,2,openwebtext-3%,159,val_eval,6.889050483703613,4.7976011994002995e-05,6.248823385754093,
2025-09-14 21:16:28,ADAMW_lr0.001,ADAMW,2,openwebtext-3%,160,train_eval,6.855781078338623,4.827586206896551e-05,6.248823385754093,
2025-09-14 21:16:28,ADAMW_lr0.001,ADAMW,2,openwebtext-3%,160,val_eval,6.875577449798584,4.827586206896551e-05,6.248823385754093,
2025-09-14 21:16:36,ADAMW_lr0.001,ADAMW,2,openwebtext-3%,160,train_iter,7.292110323905945,4.827586206896551e-05,6.257146659731296,21266.26420021057
2025-09-14 21:16:49,ADAMW_lr0.001,ADAMW,2,openwebtext-3%,161,train_eval,6.854856967926025,4.857571214392803e-05,6.257146659731296,
2025-09-14 21:16:49,ADAMW_lr0.001,ADAMW,2,openwebtext-3%,161,val_eval,6.870880126953125,4.857571214392803e-05,6.257146659731296,
2025-09-14 21:17:10,ADAMW_lr0.001,ADAMW,2,openwebtext-3%,162,train_eval,6.837282180786133,4.887556221889055e-05,6.257146659731296,
2025-09-14 21:17:10,ADAMW_lr0.001,ADAMW,2,openwebtext-3%,162,val_eval,6.841923713684082,4.887556221889055e-05,6.257146659731296,
2025-09-14 21:17:31,ADAMW_lr0.001,ADAMW,2,openwebtext-3%,163,train_eval,6.829686164855957,4.9175412293853066e-05,6.257146659731296,
2025-09-14 21:17:31,ADAMW_lr0.001,ADAMW,2,openwebtext-3%,163,val_eval,6.859488010406494,4.9175412293853066e-05,6.257146659731296,
2025-09-14 21:17:53,ADAMW_lr0.001,ADAMW,2,openwebtext-3%,164,train_eval,6.821743965148926,4.947526236881559e-05,6.257146659731296,
2025-09-14 21:17:53,ADAMW_lr0.001,ADAMW,2,openwebtext-3%,164,val_eval,6.821171283721924,4.947526236881559e-05,6.257146659731296,
2025-09-14 21:18:14,ADAMW_lr0.001,ADAMW,2,openwebtext-3%,165,train_eval,6.826322555541992,4.977511244377811e-05,6.257146659731296,
2025-09-14 21:18:14,ADAMW_lr0.001,ADAMW,2,openwebtext-3%,165,val_eval,6.830363750457764,4.977511244377811e-05,6.257146659731296,
2025-09-14 21:18:35,ADAMW_lr0.001,ADAMW,2,openwebtext-3%,166,train_eval,6.783990859985352,5.007496251874063e-05,6.257146659731296,
2025-09-14 21:18:35,ADAMW_lr0.001,ADAMW,2,openwebtext-3%,166,val_eval,6.8167924880981445,5.007496251874063e-05,6.257146659731296,
2025-09-14 21:18:57,ADAMW_lr0.001,ADAMW,2,openwebtext-3%,167,train_eval,6.800164699554443,5.0374812593703144e-05,6.257146659731296,
2025-09-14 21:18:57,ADAMW_lr0.001,ADAMW,2,openwebtext-3%,167,val_eval,6.820351600646973,5.0374812593703144e-05,6.257146659731296,
2025-09-14 21:19:18,ADAMW_lr0.001,ADAMW,2,openwebtext-3%,168,train_eval,6.786792755126953,5.0674662668665665e-05,6.257146659731296,
2025-09-14 21:19:18,ADAMW_lr0.001,ADAMW,2,openwebtext-3%,168,val_eval,6.8083906173706055,5.0674662668665665e-05,6.257146659731296,
2025-09-14 21:19:39,ADAMW_lr0.001,ADAMW,2,openwebtext-3%,169,train_eval,6.776102066040039,5.0974512743628186e-05,6.257146659731296,
2025-09-14 21:19:39,ADAMW_lr0.001,ADAMW,2,openwebtext-3%,169,val_eval,6.795831203460693,5.0974512743628186e-05,6.257146659731296,
2025-09-14 21:20:00,ADAMW_lr0.001,ADAMW,2,openwebtext-3%,170,train_eval,6.775850772857666,5.12743628185907e-05,6.257146659731296,
2025-09-14 21:20:00,ADAMW_lr0.001,ADAMW,2,openwebtext-3%,170,val_eval,6.778782844543457,5.12743628185907e-05,6.257146659731296,
2025-09-14 21:20:09,ADAMW_lr0.001,ADAMW,2,openwebtext-3%,170,train_iter,6.6599041223526,5.12743628185907e-05,6.264443190497207,21272.79567718506
2025-09-14 21:20:22,ADAMW_lr0.001,ADAMW,2,openwebtext-3%,171,train_eval,6.7600884437561035,5.1574212893553214e-05,6.264443190497207,
2025-09-14 21:20:22,ADAMW_lr0.001,ADAMW,2,openwebtext-3%,171,val_eval,6.762320518493652,5.1574212893553214e-05,6.264443190497207,
2025-09-14 21:20:43,ADAMW_lr0.001,ADAMW,2,openwebtext-3%,172,train_eval,6.7494025230407715,5.1874062968515735e-05,6.264443190497207,
2025-09-14 21:20:43,ADAMW_lr0.001,ADAMW,2,openwebtext-3%,172,val_eval,6.782397270202637,5.1874062968515735e-05,6.264443190497207,
2025-09-14 21:21:04,ADAMW_lr0.001,ADAMW,2,openwebtext-3%,173,train_eval,6.752044677734375,5.2173913043478256e-05,6.264443190497207,
2025-09-14 21:21:04,ADAMW_lr0.001,ADAMW,2,openwebtext-3%,173,val_eval,6.7381463050842285,5.2173913043478256e-05,6.264443190497207,
2025-09-14 21:21:26,ADAMW_lr0.001,ADAMW,2,openwebtext-3%,174,train_eval,6.746302604675293,5.247376311844078e-05,6.264443190497207,
2025-09-14 21:21:26,ADAMW_lr0.001,ADAMW,2,openwebtext-3%,174,val_eval,6.739391326904297,5.247376311844078e-05,6.264443190497207,
2025-09-14 21:21:47,ADAMW_lr0.001,ADAMW,2,openwebtext-3%,175,train_eval,6.735053539276123,5.277361319340329e-05,6.264443190497207,
2025-09-14 21:21:47,ADAMW_lr0.001,ADAMW,2,openwebtext-3%,175,val_eval,6.745229721069336,5.277361319340329e-05,6.264443190497207,
2025-09-14 21:22:08,ADAMW_lr0.001,ADAMW,2,openwebtext-3%,176,train_eval,6.703873157501221,5.307346326836581e-05,6.264443190497207,
2025-09-14 21:22:08,ADAMW_lr0.001,ADAMW,2,openwebtext-3%,176,val_eval,6.729642868041992,5.307346326836581e-05,6.264443190497207,
2025-09-14 21:22:29,ADAMW_lr0.001,ADAMW,2,openwebtext-3%,177,train_eval,6.727059841156006,5.3373313343328334e-05,6.264443190497207,
2025-09-14 21:22:29,ADAMW_lr0.001,ADAMW,2,openwebtext-3%,177,val_eval,6.7185959815979,5.3373313343328334e-05,6.264443190497207,
2025-09-14 21:22:51,ADAMW_lr0.001,ADAMW,2,openwebtext-3%,178,train_eval,6.710196495056152,5.3673163418290855e-05,6.264443190497207,
2025-09-14 21:22:51,ADAMW_lr0.001,ADAMW,2,openwebtext-3%,178,val_eval,6.716156482696533,5.3673163418290855e-05,6.264443190497207,
2025-09-14 21:23:12,ADAMW_lr0.001,ADAMW,2,openwebtext-3%,179,train_eval,6.694392204284668,5.397301349325337e-05,6.264443190497207,
2025-09-14 21:23:12,ADAMW_lr0.001,ADAMW,2,openwebtext-3%,179,val_eval,6.701809883117676,5.397301349325337e-05,6.264443190497207,
2025-09-14 21:23:33,ADAMW_lr0.001,ADAMW,2,openwebtext-3%,180,train_eval,6.6845879554748535,5.427286356821588e-05,6.264443190497207,
2025-09-14 21:23:33,ADAMW_lr0.001,ADAMW,2,openwebtext-3%,180,val_eval,6.709268569946289,5.427286356821588e-05,6.264443190497207,
2025-09-14 21:23:42,ADAMW_lr0.001,ADAMW,2,openwebtext-3%,180,train_iter,6.674554944038391,5.427286356821588e-05,6.270349210188391,21295.027494430542
2025-09-14 21:23:54,ADAMW_lr0.001,ADAMW,2,openwebtext-3%,181,train_eval,6.677425384521484,5.4572713643178404e-05,6.270349210188391,
2025-09-14 21:23:54,ADAMW_lr0.001,ADAMW,2,openwebtext-3%,181,val_eval,6.695856094360352,5.4572713643178404e-05,6.270349210188391,
2025-09-14 21:24:16,ADAMW_lr0.001,ADAMW,2,openwebtext-3%,182,train_eval,6.684260368347168,5.4872563718140925e-05,6.270349210188391,
2025-09-14 21:24:16,ADAMW_lr0.001,ADAMW,2,openwebtext-3%,182,val_eval,6.6839799880981445,5.4872563718140925e-05,6.270349210188391,
2025-09-14 21:24:37,ADAMW_lr0.001,ADAMW,2,openwebtext-3%,183,train_eval,6.671480655670166,5.517241379310344e-05,6.270349210188391,
2025-09-14 21:24:37,ADAMW_lr0.001,ADAMW,2,openwebtext-3%,183,val_eval,6.675062656402588,5.517241379310344e-05,6.270349210188391,
2025-09-14 21:24:58,ADAMW_lr0.001,ADAMW,2,openwebtext-3%,184,train_eval,6.664224624633789,5.547226386806596e-05,6.270349210188391,
2025-09-14 21:24:58,ADAMW_lr0.001,ADAMW,2,openwebtext-3%,184,val_eval,6.665731430053711,5.547226386806596e-05,6.270349210188391,
2025-09-14 21:25:20,ADAMW_lr0.001,ADAMW,2,openwebtext-3%,185,train_eval,6.664857387542725,5.577211394302848e-05,6.270349210188391,
2025-09-14 21:25:20,ADAMW_lr0.001,ADAMW,2,openwebtext-3%,185,val_eval,6.661709785461426,5.577211394302848e-05,6.270349210188391,
2025-09-14 21:25:41,ADAMW_lr0.001,ADAMW,2,openwebtext-3%,186,train_eval,6.651723861694336,5.6071964017991e-05,6.270349210188391,
2025-09-14 21:25:41,ADAMW_lr0.001,ADAMW,2,openwebtext-3%,186,val_eval,6.65167236328125,5.6071964017991e-05,6.270349210188391,
2025-09-14 21:26:02,ADAMW_lr0.001,ADAMW,2,openwebtext-3%,187,train_eval,6.64613151550293,5.637181409295352e-05,6.270349210188391,
2025-09-14 21:26:02,ADAMW_lr0.001,ADAMW,2,openwebtext-3%,187,val_eval,6.651092052459717,5.637181409295352e-05,6.270349210188391,
2025-09-14 21:26:23,ADAMW_lr0.001,ADAMW,2,openwebtext-3%,188,train_eval,6.63100528717041,5.667166416791604e-05,6.270349210188391,
2025-09-14 21:26:23,ADAMW_lr0.001,ADAMW,2,openwebtext-3%,188,val_eval,6.641132831573486,5.667166416791604e-05,6.270349210188391,
2025-09-14 21:26:45,ADAMW_lr0.001,ADAMW,2,openwebtext-3%,189,train_eval,6.628480911254883,5.697151424287855e-05,6.270349210188391,
2025-09-14 21:26:45,ADAMW_lr0.001,ADAMW,2,openwebtext-3%,189,val_eval,6.629230499267578,5.697151424287855e-05,6.270349210188391,
2025-09-14 21:27:06,ADAMW_lr0.001,ADAMW,2,openwebtext-3%,190,train_eval,6.614203929901123,5.7271364317841074e-05,6.270349210188391,
2025-09-14 21:27:06,ADAMW_lr0.001,ADAMW,2,openwebtext-3%,190,val_eval,6.640265941619873,5.7271364317841074e-05,6.270349210188391,
2025-09-14 21:27:14,ADAMW_lr0.001,ADAMW,2,openwebtext-3%,190,train_iter,6.687507629394531,5.7271364317841074e-05,6.27589245934862,21287.357807159424
2025-09-14 21:27:27,ADAMW_lr0.001,ADAMW,2,openwebtext-3%,191,train_eval,6.606226921081543,5.7571214392803595e-05,6.27589245934862,
2025-09-14 21:27:27,ADAMW_lr0.001,ADAMW,2,openwebtext-3%,191,val_eval,6.62774658203125,5.7571214392803595e-05,6.27589245934862,
2025-09-14 21:27:48,ADAMW_lr0.001,ADAMW,2,openwebtext-3%,192,train_eval,6.580300331115723,5.787106446776611e-05,6.27589245934862,
2025-09-14 21:27:48,ADAMW_lr0.001,ADAMW,2,openwebtext-3%,192,val_eval,6.610663414001465,5.787106446776611e-05,6.27589245934862,
2025-09-14 21:28:10,ADAMW_lr0.001,ADAMW,2,openwebtext-3%,193,train_eval,6.594011306762695,5.817091454272863e-05,6.27589245934862,
2025-09-14 21:28:10,ADAMW_lr0.001,ADAMW,2,openwebtext-3%,193,val_eval,6.607425689697266,5.817091454272863e-05,6.27589245934862,
2025-09-14 21:28:31,ADAMW_lr0.001,ADAMW,2,openwebtext-3%,194,train_eval,6.596236705780029,5.847076461769115e-05,6.27589245934862,
2025-09-14 21:28:31,ADAMW_lr0.001,ADAMW,2,openwebtext-3%,194,val_eval,6.606052875518799,5.847076461769115e-05,6.27589245934862,
2025-09-14 21:28:52,ADAMW_lr0.001,ADAMW,2,openwebtext-3%,195,train_eval,6.574748516082764,5.877061469265367e-05,6.27589245934862,
2025-09-14 21:28:52,ADAMW_lr0.001,ADAMW,2,openwebtext-3%,195,val_eval,6.593369007110596,5.877061469265367e-05,6.27589245934862,
2025-09-14 21:29:13,ADAMW_lr0.001,ADAMW,2,openwebtext-3%,196,train_eval,6.5687174797058105,5.9070464767616186e-05,6.27589245934862,
2025-09-14 21:29:13,ADAMW_lr0.001,ADAMW,2,openwebtext-3%,196,val_eval,6.587853908538818,5.9070464767616186e-05,6.27589245934862,
2025-09-14 21:29:35,ADAMW_lr0.001,ADAMW,2,openwebtext-3%,197,train_eval,6.572658538818359,5.937031484257871e-05,6.27589245934862,
2025-09-14 21:29:35,ADAMW_lr0.001,ADAMW,2,openwebtext-3%,197,val_eval,6.575150012969971,5.937031484257871e-05,6.27589245934862,
2025-09-14 21:29:56,ADAMW_lr0.001,ADAMW,2,openwebtext-3%,198,train_eval,6.566292762756348,5.967016491754123e-05,6.27589245934862,
2025-09-14 21:29:56,ADAMW_lr0.001,ADAMW,2,openwebtext-3%,198,val_eval,6.55696964263916,5.967016491754123e-05,6.27589245934862,
2025-09-14 21:30:17,ADAMW_lr0.001,ADAMW,2,openwebtext-3%,199,train_eval,6.562449932098389,5.997001499250374e-05,6.27589245934862,
2025-09-14 21:30:17,ADAMW_lr0.001,ADAMW,2,openwebtext-3%,199,val_eval,6.568457126617432,5.997001499250374e-05,6.27589245934862,
2025-09-14 21:30:38,ADAMW_lr0.001,ADAMW,2,openwebtext-3%,200,train_eval,6.545235633850098,6.026986506746626e-05,6.27589245934862,
2025-09-14 21:30:38,ADAMW_lr0.001,ADAMW,2,openwebtext-3%,200,val_eval,6.548150539398193,6.026986506746626e-05,6.27589245934862,
2025-09-14 21:30:53,ADAMW_lr0.001,ADAMW,2,openwebtext-3%,200,train_iter,6.488706469535828,6.026986506746626e-05,6.129265901737954,27997.843027114868
2025-09-14 21:31:15,SGD_lr0.0003_m0.0,SGD,2,openwebtext-3%,0,train_eval,10.945842742919922,2.998500749625187e-07,,
2025-09-14 21:31:15,SGD_lr0.0003_m0.0,SGD,2,openwebtext-3%,0,val_eval,10.944282531738281,2.998500749625187e-07,,
2025-09-14 21:31:29,SGD_lr0.0003_m0.0,SGD,2,openwebtext-3%,0,train_iter,10.945987701416016,2.998500749625187e-07,,28112.600088119507
2025-09-14 21:31:41,SGD_lr0.0003_m0.0,SGD,2,openwebtext-3%,1,train_eval,10.946183204650879,5.997001499250374e-07,,
2025-09-14 21:31:41,SGD_lr0.0003_m0.0,SGD,2,openwebtext-3%,1,val_eval,10.94624137878418,5.997001499250374e-07,,
2025-09-14 21:32:00,SGD_lr0.0003_m0.0,SGD,2,openwebtext-3%,2,train_eval,10.947064399719238,8.995502248875562e-07,,
2025-09-14 21:32:00,SGD_lr0.0003_m0.0,SGD,2,openwebtext-3%,2,val_eval,10.944680213928223,8.995502248875562e-07,,
2025-09-14 21:32:18,SGD_lr0.0003_m0.0,SGD,2,openwebtext-3%,3,train_eval,10.946070671081543,1.1994002998500749e-06,,
2025-09-14 21:32:18,SGD_lr0.0003_m0.0,SGD,2,openwebtext-3%,3,val_eval,10.946019172668457,1.1994002998500749e-06,,
2025-09-14 21:32:36,SGD_lr0.0003_m0.0,SGD,2,openwebtext-3%,4,train_eval,10.946298599243164,1.4992503748125936e-06,,
2025-09-14 21:32:36,SGD_lr0.0003_m0.0,SGD,2,openwebtext-3%,4,val_eval,10.946496963500977,1.4992503748125936e-06,,
2025-09-14 21:32:54,SGD_lr0.0003_m0.0,SGD,2,openwebtext-3%,5,train_eval,10.945178985595703,1.7991004497751123e-06,,
2025-09-14 21:32:54,SGD_lr0.0003_m0.0,SGD,2,openwebtext-3%,5,val_eval,10.945257186889648,1.7991004497751123e-06,,
2025-09-14 21:33:12,SGD_lr0.0003_m0.0,SGD,2,openwebtext-3%,6,train_eval,10.945836067199707,2.0989505247376313e-06,,
2025-09-14 21:33:12,SGD_lr0.0003_m0.0,SGD,2,openwebtext-3%,6,val_eval,10.945573806762695,2.0989505247376313e-06,,
2025-09-14 21:33:30,SGD_lr0.0003_m0.0,SGD,2,openwebtext-3%,7,train_eval,10.946025848388672,2.3988005997001498e-06,,
2025-09-14 21:33:30,SGD_lr0.0003_m0.0,SGD,2,openwebtext-3%,7,val_eval,10.946362495422363,2.3988005997001498e-06,,
2025-09-14 21:33:48,SGD_lr0.0003_m0.0,SGD,2,openwebtext-3%,8,train_eval,10.945499420166016,2.6986506746626683e-06,,
2025-09-14 21:33:48,SGD_lr0.0003_m0.0,SGD,2,openwebtext-3%,8,val_eval,10.944478988647461,2.6986506746626683e-06,,
2025-09-14 21:34:06,SGD_lr0.0003_m0.0,SGD,2,openwebtext-3%,9,train_eval,10.944815635681152,2.9985007496251872e-06,,
2025-09-14 21:34:06,SGD_lr0.0003_m0.0,SGD,2,openwebtext-3%,9,val_eval,10.944886207580566,2.9985007496251872e-06,,
2025-09-14 21:34:24,SGD_lr0.0003_m0.0,SGD,2,openwebtext-3%,10,train_eval,10.9457426071167,3.2983508245877057e-06,,
2025-09-14 21:34:24,SGD_lr0.0003_m0.0,SGD,2,openwebtext-3%,10,val_eval,10.945494651794434,3.2983508245877057e-06,,
2025-09-14 21:34:29,SGD_lr0.0003_m0.0,SGD,2,openwebtext-3%,10,train_iter,10.946813821792603,3.2983508245877057e-06,7.463504394978454,18042.3526763916
2025-09-14 21:34:42,SGD_lr0.0003_m0.0,SGD,2,openwebtext-3%,11,train_eval,10.946786880493164,3.5982008995502247e-06,7.463504394978454,
2025-09-14 21:34:42,SGD_lr0.0003_m0.0,SGD,2,openwebtext-3%,11,val_eval,10.945886611938477,3.5982008995502247e-06,7.463504394978454,
2025-09-14 21:35:00,SGD_lr0.0003_m0.0,SGD,2,openwebtext-3%,12,train_eval,10.94549560546875,3.898050974512743e-06,7.463504394978454,
2025-09-14 21:35:00,SGD_lr0.0003_m0.0,SGD,2,openwebtext-3%,12,val_eval,10.945408821105957,3.898050974512743e-06,7.463504394978454,
2025-09-14 21:35:18,SGD_lr0.0003_m0.0,SGD,2,openwebtext-3%,13,train_eval,10.944801330566406,4.1979010494752625e-06,7.463504394978454,
2025-09-14 21:35:18,SGD_lr0.0003_m0.0,SGD,2,openwebtext-3%,13,val_eval,10.945075988769531,4.1979010494752625e-06,7.463504394978454,
2025-09-14 21:35:36,SGD_lr0.0003_m0.0,SGD,2,openwebtext-3%,14,train_eval,10.945291519165039,4.497751124437781e-06,7.463504394978454,
2025-09-14 21:35:36,SGD_lr0.0003_m0.0,SGD,2,openwebtext-3%,14,val_eval,10.945730209350586,4.497751124437781e-06,7.463504394978454,
2025-09-14 21:35:54,SGD_lr0.0003_m0.0,SGD,2,openwebtext-3%,15,train_eval,10.94512939453125,4.7976011994002995e-06,7.463504394978454,
2025-09-14 21:35:54,SGD_lr0.0003_m0.0,SGD,2,openwebtext-3%,15,val_eval,10.944781303405762,4.7976011994002995e-06,7.463504394978454,
2025-09-14 21:36:12,SGD_lr0.0003_m0.0,SGD,2,openwebtext-3%,16,train_eval,10.945013046264648,5.097451274362818e-06,7.463504394978454,
2025-09-14 21:36:12,SGD_lr0.0003_m0.0,SGD,2,openwebtext-3%,16,val_eval,10.945560455322266,5.097451274362818e-06,7.463504394978454,
2025-09-14 21:36:30,SGD_lr0.0003_m0.0,SGD,2,openwebtext-3%,17,train_eval,10.945769309997559,5.3973013493253366e-06,7.463504394978454,
2025-09-14 21:36:30,SGD_lr0.0003_m0.0,SGD,2,openwebtext-3%,17,val_eval,10.944371223449707,5.3973013493253366e-06,7.463504394978454,
2025-09-14 21:36:48,SGD_lr0.0003_m0.0,SGD,2,openwebtext-3%,18,train_eval,10.9453706741333,5.697151424287855e-06,7.463504394978454,
2025-09-14 21:36:48,SGD_lr0.0003_m0.0,SGD,2,openwebtext-3%,18,val_eval,10.944552421569824,5.697151424287855e-06,7.463504394978454,
2025-09-14 21:37:06,SGD_lr0.0003_m0.0,SGD,2,openwebtext-3%,19,train_eval,10.945731163024902,5.9970014992503744e-06,7.463504394978454,
2025-09-14 21:37:06,SGD_lr0.0003_m0.0,SGD,2,openwebtext-3%,19,val_eval,10.944058418273926,5.9970014992503744e-06,7.463504394978454,
2025-09-14 21:37:24,SGD_lr0.0003_m0.0,SGD,2,openwebtext-3%,20,train_eval,10.943984031677246,6.296851574212893e-06,7.463504394978454,
2025-09-14 21:37:24,SGD_lr0.0003_m0.0,SGD,2,openwebtext-3%,20,val_eval,10.943711280822754,6.296851574212893e-06,7.463504394978454,
2025-09-14 21:37:30,SGD_lr0.0003_m0.0,SGD,2,openwebtext-3%,20,train_iter,10.957149267196655,6.296851574212893e-06,7.463756429052615,18036.262035369873
2025-09-14 21:37:43,SGD_lr0.0003_m0.0,SGD,2,openwebtext-3%,21,train_eval,10.944879531860352,6.5967016491754115e-06,7.463756429052615,
2025-09-14 21:37:43,SGD_lr0.0003_m0.0,SGD,2,openwebtext-3%,21,val_eval,10.945361137390137,6.5967016491754115e-06,7.463756429052615,
2025-09-14 21:38:01,SGD_lr0.0003_m0.0,SGD,2,openwebtext-3%,22,train_eval,10.944951057434082,6.89655172413793e-06,7.463756429052615,
2025-09-14 21:38:01,SGD_lr0.0003_m0.0,SGD,2,openwebtext-3%,22,val_eval,10.943875312805176,6.89655172413793e-06,7.463756429052615,
2025-09-14 21:38:19,SGD_lr0.0003_m0.0,SGD,2,openwebtext-3%,23,train_eval,10.943808555603027,7.196401799100449e-06,7.463756429052615,
2025-09-14 21:38:19,SGD_lr0.0003_m0.0,SGD,2,openwebtext-3%,23,val_eval,10.945259094238281,7.196401799100449e-06,7.463756429052615,
2025-09-14 21:38:37,SGD_lr0.0003_m0.0,SGD,2,openwebtext-3%,24,train_eval,10.943608283996582,7.496251874062968e-06,7.463756429052615,
2025-09-14 21:38:37,SGD_lr0.0003_m0.0,SGD,2,openwebtext-3%,24,val_eval,10.943175315856934,7.496251874062968e-06,7.463756429052615,
2025-09-14 21:38:55,SGD_lr0.0003_m0.0,SGD,2,openwebtext-3%,25,train_eval,10.944192886352539,7.796101949025486e-06,7.463756429052615,
2025-09-14 21:38:55,SGD_lr0.0003_m0.0,SGD,2,openwebtext-3%,25,val_eval,10.943891525268555,7.796101949025486e-06,7.463756429052615,
2025-09-14 21:39:13,SGD_lr0.0003_m0.0,SGD,2,openwebtext-3%,26,train_eval,10.944565773010254,8.095952023988006e-06,7.463756429052615,
2025-09-14 21:39:13,SGD_lr0.0003_m0.0,SGD,2,openwebtext-3%,26,val_eval,10.943398475646973,8.095952023988006e-06,7.463756429052615,
2025-09-14 21:39:31,SGD_lr0.0003_m0.0,SGD,2,openwebtext-3%,27,train_eval,10.944113731384277,8.395802098950525e-06,7.463756429052615,
2025-09-14 21:39:31,SGD_lr0.0003_m0.0,SGD,2,openwebtext-3%,27,val_eval,10.943964004516602,8.395802098950525e-06,7.463756429052615,
2025-09-14 21:39:49,SGD_lr0.0003_m0.0,SGD,2,openwebtext-3%,28,train_eval,10.943424224853516,8.695652173913043e-06,7.463756429052615,
2025-09-14 21:39:49,SGD_lr0.0003_m0.0,SGD,2,openwebtext-3%,28,val_eval,10.944073677062988,8.695652173913043e-06,7.463756429052615,
2025-09-14 21:40:07,SGD_lr0.0003_m0.0,SGD,2,openwebtext-3%,29,train_eval,10.945304870605469,8.995502248875562e-06,7.463756429052615,
2025-09-14 21:40:07,SGD_lr0.0003_m0.0,SGD,2,openwebtext-3%,29,val_eval,10.944405555725098,8.995502248875562e-06,7.463756429052615,
2025-09-14 21:40:25,SGD_lr0.0003_m0.0,SGD,2,openwebtext-3%,30,train_eval,10.94343376159668,9.29535232383808e-06,7.463756429052615,
2025-09-14 21:40:25,SGD_lr0.0003_m0.0,SGD,2,openwebtext-3%,30,val_eval,10.943266868591309,9.29535232383808e-06,7.463756429052615,
2025-09-14 21:40:30,SGD_lr0.0003_m0.0,SGD,2,openwebtext-3%,30,train_iter,10.94461441040039,9.29535232383808e-06,7.4633569615482855,18051.40471458435
2025-09-14 21:40:43,SGD_lr0.0003_m0.0,SGD,2,openwebtext-3%,31,train_eval,10.944008827209473,9.595202398800599e-06,7.4633569615482855,
2025-09-14 21:40:43,SGD_lr0.0003_m0.0,SGD,2,openwebtext-3%,31,val_eval,10.943767547607422,9.595202398800599e-06,7.4633569615482855,
2025-09-14 21:41:01,SGD_lr0.0003_m0.0,SGD,2,openwebtext-3%,32,train_eval,10.942667007446289,9.895052473763117e-06,7.4633569615482855,
2025-09-14 21:41:01,SGD_lr0.0003_m0.0,SGD,2,openwebtext-3%,32,val_eval,10.943795204162598,9.895052473763117e-06,7.4633569615482855,
2025-09-14 21:41:19,SGD_lr0.0003_m0.0,SGD,2,openwebtext-3%,33,train_eval,10.943364143371582,1.0194902548725636e-05,7.4633569615482855,
2025-09-14 21:41:19,SGD_lr0.0003_m0.0,SGD,2,openwebtext-3%,33,val_eval,10.94291877746582,1.0194902548725636e-05,7.4633569615482855,
2025-09-14 21:41:37,SGD_lr0.0003_m0.0,SGD,2,openwebtext-3%,34,train_eval,10.942526817321777,1.0494752623688155e-05,7.4633569615482855,
2025-09-14 21:41:37,SGD_lr0.0003_m0.0,SGD,2,openwebtext-3%,34,val_eval,10.9439058303833,1.0494752623688155e-05,7.4633569615482855,
2025-09-14 21:41:55,SGD_lr0.0003_m0.0,SGD,2,openwebtext-3%,35,train_eval,10.942597389221191,1.0794602698650673e-05,7.4633569615482855,
2025-09-14 21:41:55,SGD_lr0.0003_m0.0,SGD,2,openwebtext-3%,35,val_eval,10.943187713623047,1.0794602698650673e-05,7.4633569615482855,
2025-09-14 21:42:13,SGD_lr0.0003_m0.0,SGD,2,openwebtext-3%,36,train_eval,10.942255973815918,1.1094452773613192e-05,7.4633569615482855,
2025-09-14 21:42:13,SGD_lr0.0003_m0.0,SGD,2,openwebtext-3%,36,val_eval,10.942130088806152,1.1094452773613192e-05,7.4633569615482855,
2025-09-14 21:42:31,SGD_lr0.0003_m0.0,SGD,2,openwebtext-3%,37,train_eval,10.943304061889648,1.139430284857571e-05,7.4633569615482855,
2025-09-14 21:42:31,SGD_lr0.0003_m0.0,SGD,2,openwebtext-3%,37,val_eval,10.94299030303955,1.139430284857571e-05,7.4633569615482855,
2025-09-14 21:42:49,SGD_lr0.0003_m0.0,SGD,2,openwebtext-3%,38,train_eval,10.942261695861816,1.169415292353823e-05,7.4633569615482855,
2025-09-14 21:42:49,SGD_lr0.0003_m0.0,SGD,2,openwebtext-3%,38,val_eval,10.941449165344238,1.169415292353823e-05,7.4633569615482855,
2025-09-14 21:43:08,SGD_lr0.0003_m0.0,SGD,2,openwebtext-3%,39,train_eval,10.942187309265137,1.1994002998500749e-05,7.4633569615482855,
2025-09-14 21:43:08,SGD_lr0.0003_m0.0,SGD,2,openwebtext-3%,39,val_eval,10.941987037658691,1.1994002998500749e-05,7.4633569615482855,
2025-09-14 21:43:26,SGD_lr0.0003_m0.0,SGD,2,openwebtext-3%,40,train_eval,10.941791534423828,1.2293853073463267e-05,7.4633569615482855,
2025-09-14 21:43:26,SGD_lr0.0003_m0.0,SGD,2,openwebtext-3%,40,val_eval,10.94304084777832,1.2293853073463267e-05,7.4633569615482855,
2025-09-14 21:43:31,SGD_lr0.0003_m0.0,SGD,2,openwebtext-3%,40,train_iter,10.939476490020752,1.2293853073463267e-05,7.463628209750474,18036.15403175354
2025-09-14 21:43:44,SGD_lr0.0003_m0.0,SGD,2,openwebtext-3%,41,train_eval,10.941651344299316,1.2593703148425786e-05,7.463628209750474,
2025-09-14 21:43:44,SGD_lr0.0003_m0.0,SGD,2,openwebtext-3%,41,val_eval,10.942044258117676,1.2593703148425786e-05,7.463628209750474,
2025-09-14 21:44:02,SGD_lr0.0003_m0.0,SGD,2,openwebtext-3%,42,train_eval,10.941871643066406,1.2893553223388304e-05,7.463628209750474,
2025-09-14 21:44:02,SGD_lr0.0003_m0.0,SGD,2,openwebtext-3%,42,val_eval,10.942046165466309,1.2893553223388304e-05,7.463628209750474,
2025-09-14 21:44:20,SGD_lr0.0003_m0.0,SGD,2,openwebtext-3%,43,train_eval,10.941949844360352,1.3193403298350823e-05,7.463628209750474,
2025-09-14 21:44:20,SGD_lr0.0003_m0.0,SGD,2,openwebtext-3%,43,val_eval,10.941999435424805,1.3193403298350823e-05,7.463628209750474,
2025-09-14 21:44:38,SGD_lr0.0003_m0.0,SGD,2,openwebtext-3%,44,train_eval,10.940532684326172,1.3493253373313342e-05,7.463628209750474,
2025-09-14 21:44:38,SGD_lr0.0003_m0.0,SGD,2,openwebtext-3%,44,val_eval,10.94268798828125,1.3493253373313342e-05,7.463628209750474,
2025-09-14 21:44:56,SGD_lr0.0003_m0.0,SGD,2,openwebtext-3%,45,train_eval,10.941658973693848,1.379310344827586e-05,7.463628209750474,
2025-09-14 21:44:56,SGD_lr0.0003_m0.0,SGD,2,openwebtext-3%,45,val_eval,10.939913749694824,1.379310344827586e-05,7.463628209750474,
2025-09-14 21:45:14,SGD_lr0.0003_m0.0,SGD,2,openwebtext-3%,46,train_eval,10.940922737121582,1.409295352323838e-05,7.463628209750474,
2025-09-14 21:45:14,SGD_lr0.0003_m0.0,SGD,2,openwebtext-3%,46,val_eval,10.94079303741455,1.409295352323838e-05,7.463628209750474,
2025-09-14 21:45:32,SGD_lr0.0003_m0.0,SGD,2,openwebtext-3%,47,train_eval,10.940908432006836,1.4392803598200899e-05,7.463628209750474,
2025-09-14 21:45:32,SGD_lr0.0003_m0.0,SGD,2,openwebtext-3%,47,val_eval,10.940746307373047,1.4392803598200899e-05,7.463628209750474,
2025-09-14 21:45:50,SGD_lr0.0003_m0.0,SGD,2,openwebtext-3%,48,train_eval,10.940975189208984,1.4692653673163418e-05,7.463628209750474,
2025-09-14 21:45:50,SGD_lr0.0003_m0.0,SGD,2,openwebtext-3%,48,val_eval,10.940135955810547,1.4692653673163418e-05,7.463628209750474,
2025-09-14 21:46:09,SGD_lr0.0003_m0.0,SGD,2,openwebtext-3%,49,train_eval,10.940404891967773,1.4992503748125936e-05,7.463628209750474,
2025-09-14 21:46:09,SGD_lr0.0003_m0.0,SGD,2,openwebtext-3%,49,val_eval,10.940463066101074,1.4992503748125936e-05,7.463628209750474,
2025-09-14 21:46:27,SGD_lr0.0003_m0.0,SGD,2,openwebtext-3%,50,train_eval,10.940084457397461,1.5292353823088455e-05,7.463628209750474,
2025-09-14 21:46:27,SGD_lr0.0003_m0.0,SGD,2,openwebtext-3%,50,val_eval,10.940340995788574,1.5292353823088455e-05,7.463628209750474,
2025-09-14 21:46:32,SGD_lr0.0003_m0.0,SGD,2,openwebtext-3%,50,train_iter,10.937069654464722,1.5292353823088455e-05,7.461336109083712,18097.631692886353
2025-09-14 21:46:45,SGD_lr0.0003_m0.0,SGD,2,openwebtext-3%,51,train_eval,10.939682960510254,1.5592203898050973e-05,7.461336109083712,
2025-09-14 21:46:45,SGD_lr0.0003_m0.0,SGD,2,openwebtext-3%,51,val_eval,10.939757347106934,1.5592203898050973e-05,7.461336109083712,
2025-09-14 21:47:03,SGD_lr0.0003_m0.0,SGD,2,openwebtext-3%,52,train_eval,10.938774108886719,1.589205397301349e-05,7.461336109083712,
2025-09-14 21:47:03,SGD_lr0.0003_m0.0,SGD,2,openwebtext-3%,52,val_eval,10.939855575561523,1.589205397301349e-05,7.461336109083712,
2025-09-14 21:47:21,SGD_lr0.0003_m0.0,SGD,2,openwebtext-3%,53,train_eval,10.939788818359375,1.619190404797601e-05,7.461336109083712,
2025-09-14 21:47:21,SGD_lr0.0003_m0.0,SGD,2,openwebtext-3%,53,val_eval,10.938973426818848,1.619190404797601e-05,7.461336109083712,
2025-09-14 21:47:39,SGD_lr0.0003_m0.0,SGD,2,openwebtext-3%,54,train_eval,10.939525604248047,1.649175412293853e-05,7.461336109083712,
2025-09-14 21:47:39,SGD_lr0.0003_m0.0,SGD,2,openwebtext-3%,54,val_eval,10.939388275146484,1.649175412293853e-05,7.461336109083712,
2025-09-14 21:47:57,SGD_lr0.0003_m0.0,SGD,2,openwebtext-3%,55,train_eval,10.938087463378906,1.679160419790105e-05,7.461336109083712,
2025-09-14 21:47:57,SGD_lr0.0003_m0.0,SGD,2,openwebtext-3%,55,val_eval,10.9392728805542,1.679160419790105e-05,7.461336109083712,
2025-09-14 21:48:15,SGD_lr0.0003_m0.0,SGD,2,openwebtext-3%,56,train_eval,10.938807487487793,1.7091454272863564e-05,7.461336109083712,
2025-09-14 21:48:15,SGD_lr0.0003_m0.0,SGD,2,openwebtext-3%,56,val_eval,10.939997673034668,1.7091454272863564e-05,7.461336109083712,
2025-09-14 21:48:33,SGD_lr0.0003_m0.0,SGD,2,openwebtext-3%,57,train_eval,10.938593864440918,1.7391304347826085e-05,7.461336109083712,
2025-09-14 21:48:33,SGD_lr0.0003_m0.0,SGD,2,openwebtext-3%,57,val_eval,10.938358306884766,1.7391304347826085e-05,7.461336109083712,
2025-09-14 21:48:51,SGD_lr0.0003_m0.0,SGD,2,openwebtext-3%,58,train_eval,10.938237190246582,1.7691154422788603e-05,7.461336109083712,
2025-09-14 21:48:51,SGD_lr0.0003_m0.0,SGD,2,openwebtext-3%,58,val_eval,10.938608169555664,1.7691154422788603e-05,7.461336109083712,
2025-09-14 21:49:09,SGD_lr0.0003_m0.0,SGD,2,openwebtext-3%,59,train_eval,10.936894416809082,1.7991004497751124e-05,7.461336109083712,
2025-09-14 21:49:09,SGD_lr0.0003_m0.0,SGD,2,openwebtext-3%,59,val_eval,10.937729835510254,1.7991004497751124e-05,7.461336109083712,
2025-09-14 21:49:27,SGD_lr0.0003_m0.0,SGD,2,openwebtext-3%,60,train_eval,10.937854766845703,1.829085457271364e-05,7.461336109083712,
2025-09-14 21:49:27,SGD_lr0.0003_m0.0,SGD,2,openwebtext-3%,60,val_eval,10.93838119506836,1.829085457271364e-05,7.461336109083712,
2025-09-14 21:49:33,SGD_lr0.0003_m0.0,SGD,2,openwebtext-3%,60,train_iter,10.92116117477417,1.829085457271364e-05,7.46112962034544,18052.591800689697
2025-09-14 21:49:45,SGD_lr0.0003_m0.0,SGD,2,openwebtext-3%,61,train_eval,10.936689376831055,1.859070464767616e-05,7.46112962034544,
2025-09-14 21:49:45,SGD_lr0.0003_m0.0,SGD,2,openwebtext-3%,61,val_eval,10.936802864074707,1.859070464767616e-05,7.46112962034544,
2025-09-14 21:50:04,SGD_lr0.0003_m0.0,SGD,2,openwebtext-3%,62,train_eval,10.937104225158691,1.8890554722638677e-05,7.46112962034544,
2025-09-14 21:50:04,SGD_lr0.0003_m0.0,SGD,2,openwebtext-3%,62,val_eval,10.936800956726074,1.8890554722638677e-05,7.46112962034544,
2025-09-14 21:50:22,SGD_lr0.0003_m0.0,SGD,2,openwebtext-3%,63,train_eval,10.936544418334961,1.9190404797601198e-05,7.46112962034544,
2025-09-14 21:50:22,SGD_lr0.0003_m0.0,SGD,2,openwebtext-3%,63,val_eval,10.936903953552246,1.9190404797601198e-05,7.46112962034544,
2025-09-14 21:50:40,SGD_lr0.0003_m0.0,SGD,2,openwebtext-3%,64,train_eval,10.937747955322266,1.949025487256372e-05,7.46112962034544,
2025-09-14 21:50:40,SGD_lr0.0003_m0.0,SGD,2,openwebtext-3%,64,val_eval,10.936511993408203,1.949025487256372e-05,7.46112962034544,
2025-09-14 21:50:58,SGD_lr0.0003_m0.0,SGD,2,openwebtext-3%,65,train_eval,10.936327934265137,1.9790104947526234e-05,7.46112962034544,
2025-09-14 21:50:58,SGD_lr0.0003_m0.0,SGD,2,openwebtext-3%,65,val_eval,10.936075210571289,1.9790104947526234e-05,7.46112962034544,
2025-09-14 21:51:16,SGD_lr0.0003_m0.0,SGD,2,openwebtext-3%,66,train_eval,10.936483383178711,2.0089955022488755e-05,7.46112962034544,
2025-09-14 21:51:16,SGD_lr0.0003_m0.0,SGD,2,openwebtext-3%,66,val_eval,10.937023162841797,2.0089955022488755e-05,7.46112962034544,
2025-09-14 21:51:34,SGD_lr0.0003_m0.0,SGD,2,openwebtext-3%,67,train_eval,10.936060905456543,2.0389805097451272e-05,7.46112962034544,
2025-09-14 21:51:34,SGD_lr0.0003_m0.0,SGD,2,openwebtext-3%,67,val_eval,10.936921119689941,2.0389805097451272e-05,7.46112962034544,
2025-09-14 21:51:52,SGD_lr0.0003_m0.0,SGD,2,openwebtext-3%,68,train_eval,10.934903144836426,2.0689655172413793e-05,7.46112962034544,
2025-09-14 21:51:52,SGD_lr0.0003_m0.0,SGD,2,openwebtext-3%,68,val_eval,10.935810089111328,2.0689655172413793e-05,7.46112962034544,
2025-09-14 21:52:10,SGD_lr0.0003_m0.0,SGD,2,openwebtext-3%,69,train_eval,10.9354829788208,2.098950524737631e-05,7.46112962034544,
2025-09-14 21:52:10,SGD_lr0.0003_m0.0,SGD,2,openwebtext-3%,69,val_eval,10.935585975646973,2.098950524737631e-05,7.46112962034544,
2025-09-14 21:52:28,SGD_lr0.0003_m0.0,SGD,2,openwebtext-3%,70,train_eval,10.935154914855957,2.128935532233883e-05,7.46112962034544,
2025-09-14 21:52:28,SGD_lr0.0003_m0.0,SGD,2,openwebtext-3%,70,val_eval,10.934723854064941,2.128935532233883e-05,7.46112962034544,
2025-09-14 21:52:33,SGD_lr0.0003_m0.0,SGD,2,openwebtext-3%,70,train_iter,10.917296409606934,2.128935532233883e-05,7.460703671376962,18058.404684066772
2025-09-14 21:52:46,SGD_lr0.0003_m0.0,SGD,2,openwebtext-3%,71,train_eval,10.934856414794922,2.1589205397301346e-05,7.460703671376962,
2025-09-14 21:52:46,SGD_lr0.0003_m0.0,SGD,2,openwebtext-3%,71,val_eval,10.934952735900879,2.1589205397301346e-05,7.460703671376962,
2025-09-14 21:53:04,SGD_lr0.0003_m0.0,SGD,2,openwebtext-3%,72,train_eval,10.934931755065918,2.1889055472263867e-05,7.460703671376962,
2025-09-14 21:53:04,SGD_lr0.0003_m0.0,SGD,2,openwebtext-3%,72,val_eval,10.935382843017578,2.1889055472263867e-05,7.460703671376962,
2025-09-14 21:53:22,SGD_lr0.0003_m0.0,SGD,2,openwebtext-3%,73,train_eval,10.934880256652832,2.2188905547226385e-05,7.460703671376962,
2025-09-14 21:53:22,SGD_lr0.0003_m0.0,SGD,2,openwebtext-3%,73,val_eval,10.933965682983398,2.2188905547226385e-05,7.460703671376962,
2025-09-14 21:53:41,SGD_lr0.0003_m0.0,SGD,2,openwebtext-3%,74,train_eval,10.935205459594727,2.2488755622188906e-05,7.460703671376962,
2025-09-14 21:53:41,SGD_lr0.0003_m0.0,SGD,2,openwebtext-3%,74,val_eval,10.932578086853027,2.2488755622188906e-05,7.460703671376962,
2025-09-14 21:53:59,SGD_lr0.0003_m0.0,SGD,2,openwebtext-3%,75,train_eval,10.932936668395996,2.278860569715142e-05,7.460703671376962,
2025-09-14 21:53:59,SGD_lr0.0003_m0.0,SGD,2,openwebtext-3%,75,val_eval,10.933568954467773,2.278860569715142e-05,7.460703671376962,
2025-09-14 21:54:17,SGD_lr0.0003_m0.0,SGD,2,openwebtext-3%,76,train_eval,10.934061050415039,2.308845577211394e-05,7.460703671376962,
2025-09-14 21:54:17,SGD_lr0.0003_m0.0,SGD,2,openwebtext-3%,76,val_eval,10.934700965881348,2.308845577211394e-05,7.460703671376962,
2025-09-14 21:54:35,SGD_lr0.0003_m0.0,SGD,2,openwebtext-3%,77,train_eval,10.932726860046387,2.338830584707646e-05,7.460703671376962,
2025-09-14 21:54:35,SGD_lr0.0003_m0.0,SGD,2,openwebtext-3%,77,val_eval,10.932621955871582,2.338830584707646e-05,7.460703671376962,
2025-09-14 21:54:53,SGD_lr0.0003_m0.0,SGD,2,openwebtext-3%,78,train_eval,10.931075096130371,2.368815592203898e-05,7.460703671376962,
2025-09-14 21:54:53,SGD_lr0.0003_m0.0,SGD,2,openwebtext-3%,78,val_eval,10.93181037902832,2.368815592203898e-05,7.460703671376962,
2025-09-14 21:55:11,SGD_lr0.0003_m0.0,SGD,2,openwebtext-3%,79,train_eval,10.931836128234863,2.3988005997001498e-05,7.460703671376962,
2025-09-14 21:55:11,SGD_lr0.0003_m0.0,SGD,2,openwebtext-3%,79,val_eval,10.933109283447266,2.3988005997001498e-05,7.460703671376962,
2025-09-14 21:55:29,SGD_lr0.0003_m0.0,SGD,2,openwebtext-3%,80,train_eval,10.930510520935059,2.4287856071964015e-05,7.460703671376962,
2025-09-14 21:55:29,SGD_lr0.0003_m0.0,SGD,2,openwebtext-3%,80,val_eval,10.932036399841309,2.4287856071964015e-05,7.460703671376962,
2025-09-14 21:55:35,SGD_lr0.0003_m0.0,SGD,2,openwebtext-3%,80,train_iter,10.93116044998169,2.4287856071964015e-05,7.4577722980016485,18120.32198905945
2025-09-14 21:55:47,SGD_lr0.0003_m0.0,SGD,2,openwebtext-3%,81,train_eval,10.931628227233887,2.4587706146926533e-05,7.4577722980016485,
2025-09-14 21:55:47,SGD_lr0.0003_m0.0,SGD,2,openwebtext-3%,81,val_eval,10.931118965148926,2.4587706146926533e-05,7.4577722980016485,
2025-09-14 21:56:06,SGD_lr0.0003_m0.0,SGD,2,openwebtext-3%,82,train_eval,10.929874420166016,2.4887556221889054e-05,7.4577722980016485,
2025-09-14 21:56:06,SGD_lr0.0003_m0.0,SGD,2,openwebtext-3%,82,val_eval,10.930769920349121,2.4887556221889054e-05,7.4577722980016485,
2025-09-14 21:56:24,SGD_lr0.0003_m0.0,SGD,2,openwebtext-3%,83,train_eval,10.930619239807129,2.5187406296851572e-05,7.4577722980016485,
2025-09-14 21:56:24,SGD_lr0.0003_m0.0,SGD,2,openwebtext-3%,83,val_eval,10.93167495727539,2.5187406296851572e-05,7.4577722980016485,
2025-09-14 21:56:42,SGD_lr0.0003_m0.0,SGD,2,openwebtext-3%,84,train_eval,10.931063652038574,2.5487256371814093e-05,7.4577722980016485,
2025-09-14 21:56:42,SGD_lr0.0003_m0.0,SGD,2,openwebtext-3%,84,val_eval,10.929160118103027,2.5487256371814093e-05,7.4577722980016485,
2025-09-14 21:57:00,SGD_lr0.0003_m0.0,SGD,2,openwebtext-3%,85,train_eval,10.931798934936523,2.5787106446776607e-05,7.4577722980016485,
2025-09-14 21:57:00,SGD_lr0.0003_m0.0,SGD,2,openwebtext-3%,85,val_eval,10.929468154907227,2.5787106446776607e-05,7.4577722980016485,
2025-09-14 21:57:18,SGD_lr0.0003_m0.0,SGD,2,openwebtext-3%,86,train_eval,10.929647445678711,2.6086956521739128e-05,7.4577722980016485,
2025-09-14 21:57:18,SGD_lr0.0003_m0.0,SGD,2,openwebtext-3%,86,val_eval,10.930855751037598,2.6086956521739128e-05,7.4577722980016485,
2025-09-14 21:57:36,SGD_lr0.0003_m0.0,SGD,2,openwebtext-3%,87,train_eval,10.930110931396484,2.6386806596701646e-05,7.4577722980016485,
2025-09-14 21:57:36,SGD_lr0.0003_m0.0,SGD,2,openwebtext-3%,87,val_eval,10.928452491760254,2.6386806596701646e-05,7.4577722980016485,
2025-09-14 21:57:54,SGD_lr0.0003_m0.0,SGD,2,openwebtext-3%,88,train_eval,10.927193641662598,2.6686656671664167e-05,7.4577722980016485,
2025-09-14 21:57:54,SGD_lr0.0003_m0.0,SGD,2,openwebtext-3%,88,val_eval,10.92828369140625,2.6686656671664167e-05,7.4577722980016485,
2025-09-14 21:58:12,SGD_lr0.0003_m0.0,SGD,2,openwebtext-3%,89,train_eval,10.928278923034668,2.6986506746626685e-05,7.4577722980016485,
2025-09-14 21:58:12,SGD_lr0.0003_m0.0,SGD,2,openwebtext-3%,89,val_eval,10.927835464477539,2.6986506746626685e-05,7.4577722980016485,
2025-09-14 21:58:30,SGD_lr0.0003_m0.0,SGD,2,openwebtext-3%,90,train_eval,10.928275108337402,2.7286356821589202e-05,7.4577722980016485,
2025-09-14 21:58:30,SGD_lr0.0003_m0.0,SGD,2,openwebtext-3%,90,val_eval,10.927204132080078,2.7286356821589202e-05,7.4577722980016485,
2025-09-14 21:58:35,SGD_lr0.0003_m0.0,SGD,2,openwebtext-3%,90,train_iter,10.93170166015625,2.7286356821589202e-05,7.457150916573877,18071.277141571045
2025-09-14 21:58:48,SGD_lr0.0003_m0.0,SGD,2,openwebtext-3%,91,train_eval,10.925975799560547,2.758620689655172e-05,7.457150916573877,
2025-09-14 21:58:48,SGD_lr0.0003_m0.0,SGD,2,openwebtext-3%,91,val_eval,10.927106857299805,2.758620689655172e-05,7.457150916573877,
2025-09-14 21:59:06,SGD_lr0.0003_m0.0,SGD,2,openwebtext-3%,92,train_eval,10.927157402038574,2.788605697151424e-05,7.457150916573877,
2025-09-14 21:59:06,SGD_lr0.0003_m0.0,SGD,2,openwebtext-3%,92,val_eval,10.927558898925781,2.788605697151424e-05,7.457150916573877,
2025-09-14 21:59:24,SGD_lr0.0003_m0.0,SGD,2,openwebtext-3%,93,train_eval,10.928462028503418,2.818590704647676e-05,7.457150916573877,
2025-09-14 21:59:24,SGD_lr0.0003_m0.0,SGD,2,openwebtext-3%,93,val_eval,10.926697731018066,2.818590704647676e-05,7.457150916573877,
2025-09-14 21:59:42,SGD_lr0.0003_m0.0,SGD,2,openwebtext-3%,94,train_eval,10.926600456237793,2.8485757121439276e-05,7.457150916573877,
2025-09-14 21:59:42,SGD_lr0.0003_m0.0,SGD,2,openwebtext-3%,94,val_eval,10.926264762878418,2.8485757121439276e-05,7.457150916573877,
2025-09-14 22:00:00,SGD_lr0.0003_m0.0,SGD,2,openwebtext-3%,95,train_eval,10.924605369567871,2.8785607196401797e-05,7.457150916573877,
2025-09-14 22:00:00,SGD_lr0.0003_m0.0,SGD,2,openwebtext-3%,95,val_eval,10.926494598388672,2.8785607196401797e-05,7.457150916573877,
2025-09-14 22:00:19,SGD_lr0.0003_m0.0,SGD,2,openwebtext-3%,96,train_eval,10.925154685974121,2.9085457271364315e-05,7.457150916573877,
2025-09-14 22:00:19,SGD_lr0.0003_m0.0,SGD,2,openwebtext-3%,96,val_eval,10.925326347351074,2.9085457271364315e-05,7.457150916573877,
2025-09-14 22:00:37,SGD_lr0.0003_m0.0,SGD,2,openwebtext-3%,97,train_eval,10.926433563232422,2.9385307346326836e-05,7.457150916573877,
2025-09-14 22:00:37,SGD_lr0.0003_m0.0,SGD,2,openwebtext-3%,97,val_eval,10.925529479980469,2.9385307346326836e-05,7.457150916573877,
2025-09-14 22:00:55,SGD_lr0.0003_m0.0,SGD,2,openwebtext-3%,98,train_eval,10.925434112548828,2.9685157421289354e-05,7.457150916573877,
2025-09-14 22:00:55,SGD_lr0.0003_m0.0,SGD,2,openwebtext-3%,98,val_eval,10.924585342407227,2.9685157421289354e-05,7.457150916573877,
2025-09-14 22:01:13,SGD_lr0.0003_m0.0,SGD,2,openwebtext-3%,99,train_eval,10.924415588378906,2.998500749625187e-05,7.457150916573877,
2025-09-14 22:01:13,SGD_lr0.0003_m0.0,SGD,2,openwebtext-3%,99,val_eval,10.923929214477539,2.998500749625187e-05,7.457150916573877,
2025-09-14 22:01:31,SGD_lr0.0003_m0.0,SGD,2,openwebtext-3%,100,train_eval,10.924424171447754,3.028485757121439e-05,7.457150916573877,
2025-09-14 22:01:31,SGD_lr0.0003_m0.0,SGD,2,openwebtext-3%,100,val_eval,10.924223899841309,3.028485757121439e-05,7.457150916573877,
2025-09-14 22:01:42,SGD_lr0.0003_m0.0,SGD,2,openwebtext-3%,100,train_iter,10.92255711555481,3.028485757121439e-05,7.259907995639728,24551.68843269348
2025-09-14 22:01:55,SGD_lr0.0003_m0.0,SGD,2,openwebtext-3%,101,train_eval,10.923700332641602,3.058470764617691e-05,7.259907995639728,
2025-09-14 22:01:55,SGD_lr0.0003_m0.0,SGD,2,openwebtext-3%,101,val_eval,10.923863410949707,3.058470764617691e-05,7.259907995639728,
2025-09-14 22:02:13,SGD_lr0.0003_m0.0,SGD,2,openwebtext-3%,102,train_eval,10.923088073730469,3.0884557721139424e-05,7.259907995639728,
2025-09-14 22:02:13,SGD_lr0.0003_m0.0,SGD,2,openwebtext-3%,102,val_eval,10.924102783203125,3.0884557721139424e-05,7.259907995639728,
2025-09-14 22:02:31,SGD_lr0.0003_m0.0,SGD,2,openwebtext-3%,103,train_eval,10.922381401062012,3.1184407796101945e-05,7.259907995639728,
2025-09-14 22:02:31,SGD_lr0.0003_m0.0,SGD,2,openwebtext-3%,103,val_eval,10.923001289367676,3.1184407796101945e-05,7.259907995639728,
2025-09-14 22:02:49,SGD_lr0.0003_m0.0,SGD,2,openwebtext-3%,104,train_eval,10.922595024108887,3.1484257871064466e-05,7.259907995639728,
2025-09-14 22:02:49,SGD_lr0.0003_m0.0,SGD,2,openwebtext-3%,104,val_eval,10.922865867614746,3.1484257871064466e-05,7.259907995639728,
2025-09-14 22:03:08,SGD_lr0.0003_m0.0,SGD,2,openwebtext-3%,105,train_eval,10.920801162719727,3.178410794602698e-05,7.259907995639728,
2025-09-14 22:03:08,SGD_lr0.0003_m0.0,SGD,2,openwebtext-3%,105,val_eval,10.923088073730469,3.178410794602698e-05,7.259907995639728,
2025-09-14 22:03:26,SGD_lr0.0003_m0.0,SGD,2,openwebtext-3%,106,train_eval,10.922159194946289,3.20839580209895e-05,7.259907995639728,
2025-09-14 22:03:26,SGD_lr0.0003_m0.0,SGD,2,openwebtext-3%,106,val_eval,10.921884536743164,3.20839580209895e-05,7.259907995639728,
2025-09-14 22:03:44,SGD_lr0.0003_m0.0,SGD,2,openwebtext-3%,107,train_eval,10.921248435974121,3.238380809595202e-05,7.259907995639728,
2025-09-14 22:03:44,SGD_lr0.0003_m0.0,SGD,2,openwebtext-3%,107,val_eval,10.920480728149414,3.238380809595202e-05,7.259907995639728,
2025-09-14 22:04:02,SGD_lr0.0003_m0.0,SGD,2,openwebtext-3%,108,train_eval,10.919958114624023,3.2683658170914544e-05,7.259907995639728,
2025-09-14 22:04:02,SGD_lr0.0003_m0.0,SGD,2,openwebtext-3%,108,val_eval,10.919882774353027,3.2683658170914544e-05,7.259907995639728,
2025-09-14 22:04:20,SGD_lr0.0003_m0.0,SGD,2,openwebtext-3%,109,train_eval,10.919746398925781,3.298350824587706e-05,7.259907995639728,
2025-09-14 22:04:20,SGD_lr0.0003_m0.0,SGD,2,openwebtext-3%,109,val_eval,10.920851707458496,3.298350824587706e-05,7.259907995639728,
2025-09-14 22:04:38,SGD_lr0.0003_m0.0,SGD,2,openwebtext-3%,110,train_eval,10.919281005859375,3.328335832083958e-05,7.259907995639728,
2025-09-14 22:04:38,SGD_lr0.0003_m0.0,SGD,2,openwebtext-3%,110,val_eval,10.919222831726074,3.328335832083958e-05,7.259907995639728,
2025-09-14 22:04:43,SGD_lr0.0003_m0.0,SGD,2,openwebtext-3%,110,train_iter,10.920943021774292,3.328335832083958e-05,7.277776852110461,18102.766752243042
2025-09-14 22:04:56,SGD_lr0.0003_m0.0,SGD,2,openwebtext-3%,111,train_eval,10.91884994506836,3.35832083958021e-05,7.277776852110461,
2025-09-14 22:04:56,SGD_lr0.0003_m0.0,SGD,2,openwebtext-3%,111,val_eval,10.918225288391113,3.35832083958021e-05,7.277776852110461,
2025-09-14 22:05:14,SGD_lr0.0003_m0.0,SGD,2,openwebtext-3%,112,train_eval,10.918218612670898,3.3883058470764614e-05,7.277776852110461,
2025-09-14 22:05:14,SGD_lr0.0003_m0.0,SGD,2,openwebtext-3%,112,val_eval,10.918207168579102,3.3883058470764614e-05,7.277776852110461,
2025-09-14 22:05:32,SGD_lr0.0003_m0.0,SGD,2,openwebtext-3%,113,train_eval,10.91793441772461,3.418290854572713e-05,7.277776852110461,
2025-09-14 22:05:32,SGD_lr0.0003_m0.0,SGD,2,openwebtext-3%,113,val_eval,10.91757583618164,3.418290854572713e-05,7.277776852110461,
2025-09-14 22:05:50,SGD_lr0.0003_m0.0,SGD,2,openwebtext-3%,114,train_eval,10.917551040649414,3.448275862068965e-05,7.277776852110461,
2025-09-14 22:05:50,SGD_lr0.0003_m0.0,SGD,2,openwebtext-3%,114,val_eval,10.917959213256836,3.448275862068965e-05,7.277776852110461,
2025-09-14 22:06:08,SGD_lr0.0003_m0.0,SGD,2,openwebtext-3%,115,train_eval,10.916521072387695,3.478260869565217e-05,7.277776852110461,
2025-09-14 22:06:08,SGD_lr0.0003_m0.0,SGD,2,openwebtext-3%,115,val_eval,10.916828155517578,3.478260869565217e-05,7.277776852110461,
2025-09-14 22:06:26,SGD_lr0.0003_m0.0,SGD,2,openwebtext-3%,116,train_eval,10.9148530960083,3.508245877061469e-05,7.277776852110461,
2025-09-14 22:06:26,SGD_lr0.0003_m0.0,SGD,2,openwebtext-3%,116,val_eval,10.917301177978516,3.508245877061469e-05,7.277776852110461,
2025-09-14 22:06:45,SGD_lr0.0003_m0.0,SGD,2,openwebtext-3%,117,train_eval,10.916840553283691,3.5382308845577206e-05,7.277776852110461,
2025-09-14 22:06:45,SGD_lr0.0003_m0.0,SGD,2,openwebtext-3%,117,val_eval,10.916634559631348,3.5382308845577206e-05,7.277776852110461,
2025-09-14 22:07:03,SGD_lr0.0003_m0.0,SGD,2,openwebtext-3%,118,train_eval,10.915614128112793,3.568215892053973e-05,7.277776852110461,
2025-09-14 22:07:03,SGD_lr0.0003_m0.0,SGD,2,openwebtext-3%,118,val_eval,10.915534973144531,3.568215892053973e-05,7.277776852110461,
2025-09-14 22:07:21,SGD_lr0.0003_m0.0,SGD,2,openwebtext-3%,119,train_eval,10.914896011352539,3.598200899550225e-05,7.277776852110461,
2025-09-14 22:07:21,SGD_lr0.0003_m0.0,SGD,2,openwebtext-3%,119,val_eval,10.915521621704102,3.598200899550225e-05,7.277776852110461,
2025-09-14 22:07:39,SGD_lr0.0003_m0.0,SGD,2,openwebtext-3%,120,train_eval,10.91430950164795,3.628185907046477e-05,7.277776852110461,
2025-09-14 22:07:39,SGD_lr0.0003_m0.0,SGD,2,openwebtext-3%,120,val_eval,10.914694786071777,3.628185907046477e-05,7.277776852110461,
2025-09-14 22:07:44,SGD_lr0.0003_m0.0,SGD,2,openwebtext-3%,120,train_iter,10.915675163269043,3.628185907046477e-05,7.2943681566220855,18090.3799533844
2025-09-14 22:07:57,SGD_lr0.0003_m0.0,SGD,2,openwebtext-3%,121,train_eval,10.912620544433594,3.658170914542728e-05,7.2943681566220855,
2025-09-14 22:07:57,SGD_lr0.0003_m0.0,SGD,2,openwebtext-3%,121,val_eval,10.913366317749023,3.658170914542728e-05,7.2943681566220855,
2025-09-14 22:08:15,SGD_lr0.0003_m0.0,SGD,2,openwebtext-3%,122,train_eval,10.914421081542969,3.68815592203898e-05,7.2943681566220855,
2025-09-14 22:08:15,SGD_lr0.0003_m0.0,SGD,2,openwebtext-3%,122,val_eval,10.914048194885254,3.68815592203898e-05,7.2943681566220855,
2025-09-14 22:08:33,SGD_lr0.0003_m0.0,SGD,2,openwebtext-3%,123,train_eval,10.912924766540527,3.718140929535232e-05,7.2943681566220855,
2025-09-14 22:08:33,SGD_lr0.0003_m0.0,SGD,2,openwebtext-3%,123,val_eval,10.914015769958496,3.718140929535232e-05,7.2943681566220855,
2025-09-14 22:08:51,SGD_lr0.0003_m0.0,SGD,2,openwebtext-3%,124,train_eval,10.9124755859375,3.748125937031484e-05,7.2943681566220855,
2025-09-14 22:08:51,SGD_lr0.0003_m0.0,SGD,2,openwebtext-3%,124,val_eval,10.91168212890625,3.748125937031484e-05,7.2943681566220855,
2025-09-14 22:09:09,SGD_lr0.0003_m0.0,SGD,2,openwebtext-3%,125,train_eval,10.911360740661621,3.7781109445277354e-05,7.2943681566220855,
2025-09-14 22:09:09,SGD_lr0.0003_m0.0,SGD,2,openwebtext-3%,125,val_eval,10.911648750305176,3.7781109445277354e-05,7.2943681566220855,
2025-09-14 22:09:27,SGD_lr0.0003_m0.0,SGD,2,openwebtext-3%,126,train_eval,10.911296844482422,3.8080959520239875e-05,7.2943681566220855,
2025-09-14 22:09:27,SGD_lr0.0003_m0.0,SGD,2,openwebtext-3%,126,val_eval,10.910771369934082,3.8080959520239875e-05,7.2943681566220855,
2025-09-14 22:09:45,SGD_lr0.0003_m0.0,SGD,2,openwebtext-3%,127,train_eval,10.911578178405762,3.8380809595202396e-05,7.2943681566220855,
2025-09-14 22:09:45,SGD_lr0.0003_m0.0,SGD,2,openwebtext-3%,127,val_eval,10.910888671875,3.8380809595202396e-05,7.2943681566220855,
2025-09-14 22:10:04,SGD_lr0.0003_m0.0,SGD,2,openwebtext-3%,128,train_eval,10.909671783447266,3.868065967016492e-05,7.2943681566220855,
2025-09-14 22:10:04,SGD_lr0.0003_m0.0,SGD,2,openwebtext-3%,128,val_eval,10.91080093383789,3.868065967016492e-05,7.2943681566220855,
2025-09-14 22:10:22,SGD_lr0.0003_m0.0,SGD,2,openwebtext-3%,129,train_eval,10.910045623779297,3.898050974512744e-05,7.2943681566220855,
2025-09-14 22:10:22,SGD_lr0.0003_m0.0,SGD,2,openwebtext-3%,129,val_eval,10.909549713134766,3.898050974512744e-05,7.2943681566220855,
2025-09-14 22:10:40,SGD_lr0.0003_m0.0,SGD,2,openwebtext-3%,130,train_eval,10.907962799072266,3.928035982008995e-05,7.2943681566220855,
2025-09-14 22:10:40,SGD_lr0.0003_m0.0,SGD,2,openwebtext-3%,130,val_eval,10.908422470092773,3.928035982008995e-05,7.2943681566220855,
2025-09-14 22:10:45,SGD_lr0.0003_m0.0,SGD,2,openwebtext-3%,130,train_iter,10.90955138206482,3.928035982008995e-05,7.308803537164918,18102.461576461792
2025-09-14 22:10:58,SGD_lr0.0003_m0.0,SGD,2,openwebtext-3%,131,train_eval,10.908271789550781,3.958020989505247e-05,7.308803537164918,
2025-09-14 22:10:58,SGD_lr0.0003_m0.0,SGD,2,openwebtext-3%,131,val_eval,10.9088134765625,3.958020989505247e-05,7.308803537164918,
2025-09-14 22:11:16,SGD_lr0.0003_m0.0,SGD,2,openwebtext-3%,132,train_eval,10.907278060913086,3.988005997001499e-05,7.308803537164918,
2025-09-14 22:11:16,SGD_lr0.0003_m0.0,SGD,2,openwebtext-3%,132,val_eval,10.908417701721191,3.988005997001499e-05,7.308803537164918,
2025-09-14 22:11:34,SGD_lr0.0003_m0.0,SGD,2,openwebtext-3%,133,train_eval,10.905261039733887,4.017991004497751e-05,7.308803537164918,
2025-09-14 22:11:34,SGD_lr0.0003_m0.0,SGD,2,openwebtext-3%,133,val_eval,10.908459663391113,4.017991004497751e-05,7.308803537164918,
2025-09-14 22:11:52,SGD_lr0.0003_m0.0,SGD,2,openwebtext-3%,134,train_eval,10.907317161560059,4.0479760119940023e-05,7.308803537164918,
2025-09-14 22:11:52,SGD_lr0.0003_m0.0,SGD,2,openwebtext-3%,134,val_eval,10.906820297241211,4.0479760119940023e-05,7.308803537164918,
2025-09-14 22:12:10,SGD_lr0.0003_m0.0,SGD,2,openwebtext-3%,135,train_eval,10.906089782714844,4.0779610194902544e-05,7.308803537164918,
2025-09-14 22:12:10,SGD_lr0.0003_m0.0,SGD,2,openwebtext-3%,135,val_eval,10.905757904052734,4.0779610194902544e-05,7.308803537164918,
2025-09-14 22:12:28,SGD_lr0.0003_m0.0,SGD,2,openwebtext-3%,136,train_eval,10.905856132507324,4.1079460269865066e-05,7.308803537164918,
2025-09-14 22:12:28,SGD_lr0.0003_m0.0,SGD,2,openwebtext-3%,136,val_eval,10.905948638916016,4.1079460269865066e-05,7.308803537164918,
2025-09-14 22:12:46,SGD_lr0.0003_m0.0,SGD,2,openwebtext-3%,137,train_eval,10.904675483703613,4.1379310344827587e-05,7.308803537164918,
2025-09-14 22:12:46,SGD_lr0.0003_m0.0,SGD,2,openwebtext-3%,137,val_eval,10.905597686767578,4.1379310344827587e-05,7.308803537164918,
2025-09-14 22:13:04,SGD_lr0.0003_m0.0,SGD,2,openwebtext-3%,138,train_eval,10.904265403747559,4.16791604197901e-05,7.308803537164918,
2025-09-14 22:13:04,SGD_lr0.0003_m0.0,SGD,2,openwebtext-3%,138,val_eval,10.904720306396484,4.16791604197901e-05,7.308803537164918,
2025-09-14 22:13:22,SGD_lr0.0003_m0.0,SGD,2,openwebtext-3%,139,train_eval,10.903938293457031,4.197901049475262e-05,7.308803537164918,
2025-09-14 22:13:22,SGD_lr0.0003_m0.0,SGD,2,openwebtext-3%,139,val_eval,10.903948783874512,4.197901049475262e-05,7.308803537164918,
2025-09-14 22:13:40,SGD_lr0.0003_m0.0,SGD,2,openwebtext-3%,140,train_eval,10.903690338134766,4.227886056971514e-05,7.308803537164918,
2025-09-14 22:13:40,SGD_lr0.0003_m0.0,SGD,2,openwebtext-3%,140,val_eval,10.903609275817871,4.227886056971514e-05,7.308803537164918,
2025-09-14 22:13:46,SGD_lr0.0003_m0.0,SGD,2,openwebtext-3%,140,train_iter,10.896118879318237,4.227886056971514e-05,7.321106630064278,18119.238138198853
2025-09-14 22:13:59,SGD_lr0.0003_m0.0,SGD,2,openwebtext-3%,141,train_eval,10.903486251831055,4.257871064467766e-05,7.321106630064278,
2025-09-14 22:13:59,SGD_lr0.0003_m0.0,SGD,2,openwebtext-3%,141,val_eval,10.902749061584473,4.257871064467766e-05,7.321106630064278,
2025-09-14 22:14:17,SGD_lr0.0003_m0.0,SGD,2,openwebtext-3%,142,train_eval,10.901891708374023,4.287856071964017e-05,7.321106630064278,
2025-09-14 22:14:17,SGD_lr0.0003_m0.0,SGD,2,openwebtext-3%,142,val_eval,10.901758193969727,4.287856071964017e-05,7.321106630064278,
2025-09-14 22:14:35,SGD_lr0.0003_m0.0,SGD,2,openwebtext-3%,143,train_eval,10.90088176727295,4.317841079460269e-05,7.321106630064278,
2025-09-14 22:14:35,SGD_lr0.0003_m0.0,SGD,2,openwebtext-3%,143,val_eval,10.901518821716309,4.317841079460269e-05,7.321106630064278,
2025-09-14 22:14:53,SGD_lr0.0003_m0.0,SGD,2,openwebtext-3%,144,train_eval,10.901412010192871,4.3478260869565214e-05,7.321106630064278,
2025-09-14 22:14:53,SGD_lr0.0003_m0.0,SGD,2,openwebtext-3%,144,val_eval,10.900581359863281,4.3478260869565214e-05,7.321106630064278,
2025-09-14 22:15:11,SGD_lr0.0003_m0.0,SGD,2,openwebtext-3%,145,train_eval,10.899616241455078,4.3778110944527735e-05,7.321106630064278,
2025-09-14 22:15:11,SGD_lr0.0003_m0.0,SGD,2,openwebtext-3%,145,val_eval,10.899639129638672,4.3778110944527735e-05,7.321106630064278,
2025-09-14 22:15:29,SGD_lr0.0003_m0.0,SGD,2,openwebtext-3%,146,train_eval,10.898913383483887,4.407796101949025e-05,7.321106630064278,
2025-09-14 22:15:29,SGD_lr0.0003_m0.0,SGD,2,openwebtext-3%,146,val_eval,10.899852752685547,4.407796101949025e-05,7.321106630064278,
2025-09-14 22:15:47,SGD_lr0.0003_m0.0,SGD,2,openwebtext-3%,147,train_eval,10.898545265197754,4.437781109445277e-05,7.321106630064278,
2025-09-14 22:15:47,SGD_lr0.0003_m0.0,SGD,2,openwebtext-3%,147,val_eval,10.898979187011719,4.437781109445277e-05,7.321106630064278,
2025-09-14 22:16:05,SGD_lr0.0003_m0.0,SGD,2,openwebtext-3%,148,train_eval,10.896967887878418,4.467766116941529e-05,7.321106630064278,
2025-09-14 22:16:05,SGD_lr0.0003_m0.0,SGD,2,openwebtext-3%,148,val_eval,10.89858627319336,4.467766116941529e-05,7.321106630064278,
2025-09-14 22:16:23,SGD_lr0.0003_m0.0,SGD,2,openwebtext-3%,149,train_eval,10.897212028503418,4.497751124437781e-05,7.321106630064278,
2025-09-14 22:16:23,SGD_lr0.0003_m0.0,SGD,2,openwebtext-3%,149,val_eval,10.898896217346191,4.497751124437781e-05,7.321106630064278,
2025-09-14 22:16:41,SGD_lr0.0003_m0.0,SGD,2,openwebtext-3%,150,train_eval,10.89684772491455,4.527736131934032e-05,7.321106630064278,
2025-09-14 22:16:41,SGD_lr0.0003_m0.0,SGD,2,openwebtext-3%,150,val_eval,10.897549629211426,4.527736131934032e-05,7.321106630064278,
2025-09-14 22:16:47,SGD_lr0.0003_m0.0,SGD,2,openwebtext-3%,150,train_iter,10.892329216003418,4.527736131934032e-05,7.332854241740269,18102.800369262695
2025-09-14 22:16:59,SGD_lr0.0003_m0.0,SGD,2,openwebtext-3%,151,train_eval,10.895927429199219,4.557721139430284e-05,7.332854241740269,
2025-09-14 22:16:59,SGD_lr0.0003_m0.0,SGD,2,openwebtext-3%,151,val_eval,10.896079063415527,4.557721139430284e-05,7.332854241740269,
2025-09-14 22:17:17,SGD_lr0.0003_m0.0,SGD,2,openwebtext-3%,152,train_eval,10.894318580627441,4.587706146926536e-05,7.332854241740269,
2025-09-14 22:17:17,SGD_lr0.0003_m0.0,SGD,2,openwebtext-3%,152,val_eval,10.895957946777344,4.587706146926536e-05,7.332854241740269,
2025-09-14 22:17:36,SGD_lr0.0003_m0.0,SGD,2,openwebtext-3%,153,train_eval,10.89529037475586,4.617691154422788e-05,7.332854241740269,
2025-09-14 22:17:36,SGD_lr0.0003_m0.0,SGD,2,openwebtext-3%,153,val_eval,10.894770622253418,4.617691154422788e-05,7.332854241740269,
2025-09-14 22:17:54,SGD_lr0.0003_m0.0,SGD,2,openwebtext-3%,154,train_eval,10.894392013549805,4.64767616191904e-05,7.332854241740269,
2025-09-14 22:17:54,SGD_lr0.0003_m0.0,SGD,2,openwebtext-3%,154,val_eval,10.894983291625977,4.64767616191904e-05,7.332854241740269,
2025-09-14 22:18:12,SGD_lr0.0003_m0.0,SGD,2,openwebtext-3%,155,train_eval,10.89394760131836,4.677661169415292e-05,7.332854241740269,
2025-09-14 22:18:12,SGD_lr0.0003_m0.0,SGD,2,openwebtext-3%,155,val_eval,10.893939018249512,4.677661169415292e-05,7.332854241740269,
2025-09-14 22:18:30,SGD_lr0.0003_m0.0,SGD,2,openwebtext-3%,156,train_eval,10.89331340789795,4.707646176911544e-05,7.332854241740269,
2025-09-14 22:18:30,SGD_lr0.0003_m0.0,SGD,2,openwebtext-3%,156,val_eval,10.89303970336914,4.707646176911544e-05,7.332854241740269,
2025-09-14 22:18:48,SGD_lr0.0003_m0.0,SGD,2,openwebtext-3%,157,train_eval,10.891857147216797,4.737631184407796e-05,7.332854241740269,
2025-09-14 22:18:48,SGD_lr0.0003_m0.0,SGD,2,openwebtext-3%,157,val_eval,10.892709732055664,4.737631184407796e-05,7.332854241740269,
2025-09-14 22:19:06,SGD_lr0.0003_m0.0,SGD,2,openwebtext-3%,158,train_eval,10.891761779785156,4.7676161919040474e-05,7.332854241740269,
2025-09-14 22:19:06,SGD_lr0.0003_m0.0,SGD,2,openwebtext-3%,158,val_eval,10.890488624572754,4.7676161919040474e-05,7.332854241740269,
2025-09-14 22:19:24,SGD_lr0.0003_m0.0,SGD,2,openwebtext-3%,159,train_eval,10.8915433883667,4.7976011994002995e-05,7.332854241740269,
2025-09-14 22:19:24,SGD_lr0.0003_m0.0,SGD,2,openwebtext-3%,159,val_eval,10.891999244689941,4.7976011994002995e-05,7.332854241740269,
2025-09-14 22:19:42,SGD_lr0.0003_m0.0,SGD,2,openwebtext-3%,160,train_eval,10.891501426696777,4.827586206896551e-05,7.332854241740269,
2025-09-14 22:19:42,SGD_lr0.0003_m0.0,SGD,2,openwebtext-3%,160,val_eval,10.890071868896484,4.827586206896551e-05,7.332854241740269,
2025-09-14 22:19:48,SGD_lr0.0003_m0.0,SGD,2,openwebtext-3%,160,train_iter,10.894964933395386,4.827586206896551e-05,7.345385177453362,18055.272817611694
2025-09-14 22:20:00,SGD_lr0.0003_m0.0,SGD,2,openwebtext-3%,161,train_eval,10.889730453491211,4.857571214392803e-05,7.345385177453362,
2025-09-14 22:20:00,SGD_lr0.0003_m0.0,SGD,2,openwebtext-3%,161,val_eval,10.890233993530273,4.857571214392803e-05,7.345385177453362,
2025-09-14 22:20:18,SGD_lr0.0003_m0.0,SGD,2,openwebtext-3%,162,train_eval,10.88866901397705,4.887556221889055e-05,7.345385177453362,
2025-09-14 22:20:18,SGD_lr0.0003_m0.0,SGD,2,openwebtext-3%,162,val_eval,10.890359878540039,4.887556221889055e-05,7.345385177453362,
2025-09-14 22:20:36,SGD_lr0.0003_m0.0,SGD,2,openwebtext-3%,163,train_eval,10.888387680053711,4.9175412293853066e-05,7.345385177453362,
2025-09-14 22:20:36,SGD_lr0.0003_m0.0,SGD,2,openwebtext-3%,163,val_eval,10.888209342956543,4.9175412293853066e-05,7.345385177453362,
2025-09-14 22:20:55,SGD_lr0.0003_m0.0,SGD,2,openwebtext-3%,164,train_eval,10.887149810791016,4.947526236881559e-05,7.345385177453362,
2025-09-14 22:20:55,SGD_lr0.0003_m0.0,SGD,2,openwebtext-3%,164,val_eval,10.888440132141113,4.947526236881559e-05,7.345385177453362,
2025-09-14 22:21:13,SGD_lr0.0003_m0.0,SGD,2,openwebtext-3%,165,train_eval,10.886693954467773,4.977511244377811e-05,7.345385177453362,
2025-09-14 22:21:13,SGD_lr0.0003_m0.0,SGD,2,openwebtext-3%,165,val_eval,10.88745403289795,4.977511244377811e-05,7.345385177453362,
2025-09-14 22:21:31,SGD_lr0.0003_m0.0,SGD,2,openwebtext-3%,166,train_eval,10.885714530944824,5.007496251874063e-05,7.345385177453362,
2025-09-14 22:21:31,SGD_lr0.0003_m0.0,SGD,2,openwebtext-3%,166,val_eval,10.8864164352417,5.007496251874063e-05,7.345385177453362,
2025-09-14 22:21:49,SGD_lr0.0003_m0.0,SGD,2,openwebtext-3%,167,train_eval,10.884389877319336,5.0374812593703144e-05,7.345385177453362,
2025-09-14 22:21:49,SGD_lr0.0003_m0.0,SGD,2,openwebtext-3%,167,val_eval,10.885555267333984,5.0374812593703144e-05,7.345385177453362,
2025-09-14 22:22:07,SGD_lr0.0003_m0.0,SGD,2,openwebtext-3%,168,train_eval,10.884603500366211,5.0674662668665665e-05,7.345385177453362,
2025-09-14 22:22:07,SGD_lr0.0003_m0.0,SGD,2,openwebtext-3%,168,val_eval,10.88465690612793,5.0674662668665665e-05,7.345385177453362,
2025-09-14 22:22:25,SGD_lr0.0003_m0.0,SGD,2,openwebtext-3%,169,train_eval,10.8840970993042,5.0974512743628186e-05,7.345385177453362,
2025-09-14 22:22:25,SGD_lr0.0003_m0.0,SGD,2,openwebtext-3%,169,val_eval,10.883947372436523,5.0974512743628186e-05,7.345385177453362,
2025-09-14 22:22:43,SGD_lr0.0003_m0.0,SGD,2,openwebtext-3%,170,train_eval,10.882915496826172,5.12743628185907e-05,7.345385177453362,
2025-09-14 22:22:43,SGD_lr0.0003_m0.0,SGD,2,openwebtext-3%,170,val_eval,10.882824897766113,5.12743628185907e-05,7.345385177453362,
2025-09-14 22:22:48,SGD_lr0.0003_m0.0,SGD,2,openwebtext-3%,170,train_iter,10.874261856079102,5.12743628185907e-05,7.3575052933857705,18034.905433654785
2025-09-14 22:23:01,SGD_lr0.0003_m0.0,SGD,2,openwebtext-3%,171,train_eval,10.883209228515625,5.1574212893553214e-05,7.3575052933857705,
2025-09-14 22:23:01,SGD_lr0.0003_m0.0,SGD,2,openwebtext-3%,171,val_eval,10.882899284362793,5.1574212893553214e-05,7.3575052933857705,
2025-09-14 22:23:19,SGD_lr0.0003_m0.0,SGD,2,openwebtext-3%,172,train_eval,10.88156509399414,5.1874062968515735e-05,7.3575052933857705,
2025-09-14 22:23:19,SGD_lr0.0003_m0.0,SGD,2,openwebtext-3%,172,val_eval,10.882062911987305,5.1874062968515735e-05,7.3575052933857705,
2025-09-14 22:23:37,SGD_lr0.0003_m0.0,SGD,2,openwebtext-3%,173,train_eval,10.880152702331543,5.2173913043478256e-05,7.3575052933857705,
2025-09-14 22:23:37,SGD_lr0.0003_m0.0,SGD,2,openwebtext-3%,173,val_eval,10.880711555480957,5.2173913043478256e-05,7.3575052933857705,
2025-09-14 22:23:55,SGD_lr0.0003_m0.0,SGD,2,openwebtext-3%,174,train_eval,10.880748748779297,5.247376311844078e-05,7.3575052933857705,
2025-09-14 22:23:55,SGD_lr0.0003_m0.0,SGD,2,openwebtext-3%,174,val_eval,10.880415916442871,5.247376311844078e-05,7.3575052933857705,
2025-09-14 22:24:13,SGD_lr0.0003_m0.0,SGD,2,openwebtext-3%,175,train_eval,10.878963470458984,5.277361319340329e-05,7.3575052933857705,
2025-09-14 22:24:13,SGD_lr0.0003_m0.0,SGD,2,openwebtext-3%,175,val_eval,10.878870010375977,5.277361319340329e-05,7.3575052933857705,
2025-09-14 22:24:31,SGD_lr0.0003_m0.0,SGD,2,openwebtext-3%,176,train_eval,10.878216743469238,5.307346326836581e-05,7.3575052933857705,
2025-09-14 22:24:31,SGD_lr0.0003_m0.0,SGD,2,openwebtext-3%,176,val_eval,10.879002571105957,5.307346326836581e-05,7.3575052933857705,
2025-09-14 22:24:49,SGD_lr0.0003_m0.0,SGD,2,openwebtext-3%,177,train_eval,10.878230094909668,5.3373313343328334e-05,7.3575052933857705,
2025-09-14 22:24:49,SGD_lr0.0003_m0.0,SGD,2,openwebtext-3%,177,val_eval,10.878608703613281,5.3373313343328334e-05,7.3575052933857705,
2025-09-14 22:25:07,SGD_lr0.0003_m0.0,SGD,2,openwebtext-3%,178,train_eval,10.877593040466309,5.3673163418290855e-05,7.3575052933857705,
2025-09-14 22:25:07,SGD_lr0.0003_m0.0,SGD,2,openwebtext-3%,178,val_eval,10.87723159790039,5.3673163418290855e-05,7.3575052933857705,
2025-09-14 22:25:25,SGD_lr0.0003_m0.0,SGD,2,openwebtext-3%,179,train_eval,10.875629425048828,5.397301349325337e-05,7.3575052933857705,
2025-09-14 22:25:25,SGD_lr0.0003_m0.0,SGD,2,openwebtext-3%,179,val_eval,10.876864433288574,5.397301349325337e-05,7.3575052933857705,
2025-09-14 22:25:43,SGD_lr0.0003_m0.0,SGD,2,openwebtext-3%,180,train_eval,10.876103401184082,5.427286356821588e-05,7.3575052933857705,
2025-09-14 22:25:43,SGD_lr0.0003_m0.0,SGD,2,openwebtext-3%,180,val_eval,10.876533508300781,5.427286356821588e-05,7.3575052933857705,
2025-09-14 22:25:49,SGD_lr0.0003_m0.0,SGD,2,openwebtext-3%,180,train_iter,10.886894464492798,5.427286356821588e-05,7.362382836196349,18181.75458908081
2025-09-14 22:26:02,SGD_lr0.0003_m0.0,SGD,2,openwebtext-3%,181,train_eval,10.873790740966797,5.4572713643178404e-05,7.362382836196349,
2025-09-14 22:26:02,SGD_lr0.0003_m0.0,SGD,2,openwebtext-3%,181,val_eval,10.875207901000977,5.4572713643178404e-05,7.362382836196349,
2025-09-14 22:26:20,SGD_lr0.0003_m0.0,SGD,2,openwebtext-3%,182,train_eval,10.875410079956055,5.4872563718140925e-05,7.362382836196349,
2025-09-14 22:26:20,SGD_lr0.0003_m0.0,SGD,2,openwebtext-3%,182,val_eval,10.874279022216797,5.4872563718140925e-05,7.362382836196349,
2025-09-14 22:26:38,SGD_lr0.0003_m0.0,SGD,2,openwebtext-3%,183,train_eval,10.872642517089844,5.517241379310344e-05,7.362382836196349,
2025-09-14 22:26:38,SGD_lr0.0003_m0.0,SGD,2,openwebtext-3%,183,val_eval,10.873132705688477,5.517241379310344e-05,7.362382836196349,
2025-09-14 22:26:56,SGD_lr0.0003_m0.0,SGD,2,openwebtext-3%,184,train_eval,10.871851921081543,5.547226386806596e-05,7.362382836196349,
2025-09-14 22:26:56,SGD_lr0.0003_m0.0,SGD,2,openwebtext-3%,184,val_eval,10.87322998046875,5.547226386806596e-05,7.362382836196349,
2025-09-14 22:27:14,SGD_lr0.0003_m0.0,SGD,2,openwebtext-3%,185,train_eval,10.872425079345703,5.577211394302848e-05,7.362382836196349,
2025-09-14 22:27:14,SGD_lr0.0003_m0.0,SGD,2,openwebtext-3%,185,val_eval,10.871866226196289,5.577211394302848e-05,7.362382836196349,
2025-09-14 22:27:32,SGD_lr0.0003_m0.0,SGD,2,openwebtext-3%,186,train_eval,10.870832443237305,5.6071964017991e-05,7.362382836196349,
2025-09-14 22:27:32,SGD_lr0.0003_m0.0,SGD,2,openwebtext-3%,186,val_eval,10.87097454071045,5.6071964017991e-05,7.362382836196349,
2025-09-14 22:27:50,SGD_lr0.0003_m0.0,SGD,2,openwebtext-3%,187,train_eval,10.870325088500977,5.637181409295352e-05,7.362382836196349,
2025-09-14 22:27:50,SGD_lr0.0003_m0.0,SGD,2,openwebtext-3%,187,val_eval,10.870412826538086,5.637181409295352e-05,7.362382836196349,
2025-09-14 22:28:08,SGD_lr0.0003_m0.0,SGD,2,openwebtext-3%,188,train_eval,10.869359970092773,5.667166416791604e-05,7.362382836196349,
2025-09-14 22:28:08,SGD_lr0.0003_m0.0,SGD,2,openwebtext-3%,188,val_eval,10.869580268859863,5.667166416791604e-05,7.362382836196349,
2025-09-14 22:28:26,SGD_lr0.0003_m0.0,SGD,2,openwebtext-3%,189,train_eval,10.869406700134277,5.697151424287855e-05,7.362382836196349,
2025-09-14 22:28:26,SGD_lr0.0003_m0.0,SGD,2,openwebtext-3%,189,val_eval,10.869101524353027,5.697151424287855e-05,7.362382836196349,
2025-09-14 22:28:44,SGD_lr0.0003_m0.0,SGD,2,openwebtext-3%,190,train_eval,10.867009162902832,5.7271364317841074e-05,7.362382836196349,
2025-09-14 22:28:44,SGD_lr0.0003_m0.0,SGD,2,openwebtext-3%,190,val_eval,10.86868667602539,5.7271364317841074e-05,7.362382836196349,
2025-09-14 22:28:50,SGD_lr0.0003_m0.0,SGD,2,openwebtext-3%,190,train_iter,10.889343023300171,5.7271364317841074e-05,7.37234377047867,18046.009063720703
2025-09-14 22:29:02,SGD_lr0.0003_m0.0,SGD,2,openwebtext-3%,191,train_eval,10.867528915405273,5.7571214392803595e-05,7.37234377047867,
2025-09-14 22:29:02,SGD_lr0.0003_m0.0,SGD,2,openwebtext-3%,191,val_eval,10.867732048034668,5.7571214392803595e-05,7.37234377047867,
2025-09-14 22:29:20,SGD_lr0.0003_m0.0,SGD,2,openwebtext-3%,192,train_eval,10.865793228149414,5.787106446776611e-05,7.37234377047867,
2025-09-14 22:29:20,SGD_lr0.0003_m0.0,SGD,2,openwebtext-3%,192,val_eval,10.866137504577637,5.787106446776611e-05,7.37234377047867,
2025-09-14 22:29:39,SGD_lr0.0003_m0.0,SGD,2,openwebtext-3%,193,train_eval,10.866061210632324,5.817091454272863e-05,7.37234377047867,
2025-09-14 22:29:39,SGD_lr0.0003_m0.0,SGD,2,openwebtext-3%,193,val_eval,10.864584922790527,5.817091454272863e-05,7.37234377047867,
2025-09-14 22:29:57,SGD_lr0.0003_m0.0,SGD,2,openwebtext-3%,194,train_eval,10.864466667175293,5.847076461769115e-05,7.37234377047867,
2025-09-14 22:29:57,SGD_lr0.0003_m0.0,SGD,2,openwebtext-3%,194,val_eval,10.86440658569336,5.847076461769115e-05,7.37234377047867,
2025-09-14 22:30:15,SGD_lr0.0003_m0.0,SGD,2,openwebtext-3%,195,train_eval,10.863544464111328,5.877061469265367e-05,7.37234377047867,
2025-09-14 22:30:15,SGD_lr0.0003_m0.0,SGD,2,openwebtext-3%,195,val_eval,10.862992286682129,5.877061469265367e-05,7.37234377047867,
2025-09-14 22:30:33,SGD_lr0.0003_m0.0,SGD,2,openwebtext-3%,196,train_eval,10.86311149597168,5.9070464767616186e-05,7.37234377047867,
2025-09-14 22:30:33,SGD_lr0.0003_m0.0,SGD,2,openwebtext-3%,196,val_eval,10.863866806030273,5.9070464767616186e-05,7.37234377047867,
2025-09-14 22:30:51,SGD_lr0.0003_m0.0,SGD,2,openwebtext-3%,197,train_eval,10.862746238708496,5.937031484257871e-05,7.37234377047867,
2025-09-14 22:30:51,SGD_lr0.0003_m0.0,SGD,2,openwebtext-3%,197,val_eval,10.86209487915039,5.937031484257871e-05,7.37234377047867,
2025-09-14 22:31:09,SGD_lr0.0003_m0.0,SGD,2,openwebtext-3%,198,train_eval,10.862188339233398,5.967016491754123e-05,7.37234377047867,
2025-09-14 22:31:09,SGD_lr0.0003_m0.0,SGD,2,openwebtext-3%,198,val_eval,10.861507415771484,5.967016491754123e-05,7.37234377047867,
2025-09-14 22:31:27,SGD_lr0.0003_m0.0,SGD,2,openwebtext-3%,199,train_eval,10.861495018005371,5.997001499250374e-05,7.37234377047867,
2025-09-14 22:31:27,SGD_lr0.0003_m0.0,SGD,2,openwebtext-3%,199,val_eval,10.86041259765625,5.997001499250374e-05,7.37234377047867,
2025-09-14 22:31:45,SGD_lr0.0003_m0.0,SGD,2,openwebtext-3%,200,train_eval,10.860051155090332,6.026986506746626e-05,7.37234377047867,
2025-09-14 22:31:45,SGD_lr0.0003_m0.0,SGD,2,openwebtext-3%,200,val_eval,10.860462188720703,6.026986506746626e-05,7.37234377047867,
2025-09-14 22:31:57,SGD_lr0.0003_m0.0,SGD,2,openwebtext-3%,200,train_iter,10.862987041473389,6.026986506746626e-05,7.186869317206165,24405.39312362671
2025-09-14 22:32:19,SGD_lr0.0003_m0.9,SGD,2,openwebtext-3%,0,train_eval,10.945842742919922,2.998500749625187e-07,,
2025-09-14 22:32:19,SGD_lr0.0003_m0.9,SGD,2,openwebtext-3%,0,val_eval,10.944282531738281,2.998500749625187e-07,,
2025-09-14 22:32:32,SGD_lr0.0003_m0.9,SGD,2,openwebtext-3%,0,train_iter,10.945987701416016,2.998500749625187e-07,,28016.268730163574
2025-09-14 22:32:45,SGD_lr0.0003_m0.9,SGD,2,openwebtext-3%,1,train_eval,10.946183204650879,5.997001499250374e-07,,
2025-09-14 22:32:45,SGD_lr0.0003_m0.9,SGD,2,openwebtext-3%,1,val_eval,10.94624137878418,5.997001499250374e-07,,
2025-09-14 22:33:04,SGD_lr0.0003_m0.9,SGD,2,openwebtext-3%,2,train_eval,10.947056770324707,8.995502248875562e-07,,
2025-09-14 22:33:04,SGD_lr0.0003_m0.9,SGD,2,openwebtext-3%,2,val_eval,10.944670677185059,8.995502248875562e-07,,
2025-09-14 22:33:24,SGD_lr0.0003_m0.9,SGD,2,openwebtext-3%,3,train_eval,10.946043968200684,1.1994002998500749e-06,,
2025-09-14 22:33:24,SGD_lr0.0003_m0.9,SGD,2,openwebtext-3%,3,val_eval,10.945992469787598,1.1994002998500749e-06,,
2025-09-14 22:33:44,SGD_lr0.0003_m0.9,SGD,2,openwebtext-3%,4,train_eval,10.94622802734375,1.4992503748125936e-06,,
2025-09-14 22:33:44,SGD_lr0.0003_m0.9,SGD,2,openwebtext-3%,4,val_eval,10.946432113647461,1.4992503748125936e-06,,
2025-09-14 22:34:03,SGD_lr0.0003_m0.9,SGD,2,openwebtext-3%,5,train_eval,10.945036888122559,1.7991004497751123e-06,,
2025-09-14 22:34:03,SGD_lr0.0003_m0.9,SGD,2,openwebtext-3%,5,val_eval,10.945117950439453,1.7991004497751123e-06,,
2025-09-14 22:34:23,SGD_lr0.0003_m0.9,SGD,2,openwebtext-3%,6,train_eval,10.945603370666504,2.0989505247376313e-06,,
2025-09-14 22:34:23,SGD_lr0.0003_m0.9,SGD,2,openwebtext-3%,6,val_eval,10.945342063903809,2.0989505247376313e-06,,
2025-09-14 22:34:42,SGD_lr0.0003_m0.9,SGD,2,openwebtext-3%,7,train_eval,10.945666313171387,2.3988005997001498e-06,,
2025-09-14 22:34:42,SGD_lr0.0003_m0.9,SGD,2,openwebtext-3%,7,val_eval,10.946002006530762,2.3988005997001498e-06,,
2025-09-14 22:35:02,SGD_lr0.0003_m0.9,SGD,2,openwebtext-3%,8,train_eval,10.944977760314941,2.6986506746626683e-06,,
2025-09-14 22:35:02,SGD_lr0.0003_m0.9,SGD,2,openwebtext-3%,8,val_eval,10.943957328796387,2.6986506746626683e-06,,
2025-09-14 22:35:22,SGD_lr0.0003_m0.9,SGD,2,openwebtext-3%,9,train_eval,10.944104194641113,2.9985007496251872e-06,,
2025-09-14 22:35:22,SGD_lr0.0003_m0.9,SGD,2,openwebtext-3%,9,val_eval,10.944169044494629,2.9985007496251872e-06,,
2025-09-14 22:35:42,SGD_lr0.0003_m0.9,SGD,2,openwebtext-3%,10,train_eval,10.944788932800293,3.2983508245877057e-06,,
2025-09-14 22:35:42,SGD_lr0.0003_m0.9,SGD,2,openwebtext-3%,10,val_eval,10.944537162780762,3.2983508245877057e-06,,
2025-09-14 22:35:49,SGD_lr0.0003_m0.9,SGD,2,openwebtext-3%,10,train_iter,10.945866107940674,3.2983508245877057e-06,6.876602359397352,19582.225561141968
2025-09-14 22:36:01,SGD_lr0.0003_m0.9,SGD,2,openwebtext-3%,11,train_eval,10.945560455322266,3.5982008995502247e-06,6.876602359397352,
2025-09-14 22:36:01,SGD_lr0.0003_m0.9,SGD,2,openwebtext-3%,11,val_eval,10.944652557373047,3.5982008995502247e-06,6.876602359397352,
2025-09-14 22:36:21,SGD_lr0.0003_m0.9,SGD,2,openwebtext-3%,12,train_eval,10.94394302368164,3.898050974512743e-06,6.876602359397352,
2025-09-14 22:36:21,SGD_lr0.0003_m0.9,SGD,2,openwebtext-3%,12,val_eval,10.943863868713379,3.898050974512743e-06,6.876602359397352,
2025-09-14 22:36:41,SGD_lr0.0003_m0.9,SGD,2,openwebtext-3%,13,train_eval,10.942895889282227,4.1979010494752625e-06,6.876602359397352,
2025-09-14 22:36:41,SGD_lr0.0003_m0.9,SGD,2,openwebtext-3%,13,val_eval,10.943161964416504,4.1979010494752625e-06,6.876602359397352,
2025-09-14 22:37:00,SGD_lr0.0003_m0.9,SGD,2,openwebtext-3%,14,train_eval,10.942975997924805,4.497751124437781e-06,6.876602359397352,
2025-09-14 22:37:00,SGD_lr0.0003_m0.9,SGD,2,openwebtext-3%,14,val_eval,10.943426132202148,4.497751124437781e-06,6.876602359397352,
2025-09-14 22:37:20,SGD_lr0.0003_m0.9,SGD,2,openwebtext-3%,15,train_eval,10.942366600036621,4.7976011994002995e-06,6.876602359397352,
2025-09-14 22:37:20,SGD_lr0.0003_m0.9,SGD,2,openwebtext-3%,15,val_eval,10.942011833190918,4.7976011994002995e-06,6.876602359397352,
2025-09-14 22:37:40,SGD_lr0.0003_m0.9,SGD,2,openwebtext-3%,16,train_eval,10.941747665405273,5.097451274362818e-06,6.876602359397352,
2025-09-14 22:37:40,SGD_lr0.0003_m0.9,SGD,2,openwebtext-3%,16,val_eval,10.942299842834473,5.097451274362818e-06,6.876602359397352,
2025-09-14 22:38:00,SGD_lr0.0003_m0.9,SGD,2,openwebtext-3%,17,train_eval,10.941997528076172,5.3973013493253366e-06,6.876602359397352,
2025-09-14 22:38:00,SGD_lr0.0003_m0.9,SGD,2,openwebtext-3%,17,val_eval,10.94056510925293,5.3973013493253366e-06,6.876602359397352,
2025-09-14 22:38:19,SGD_lr0.0003_m0.9,SGD,2,openwebtext-3%,18,train_eval,10.941020965576172,5.697151424287855e-06,6.876602359397352,
2025-09-14 22:38:19,SGD_lr0.0003_m0.9,SGD,2,openwebtext-3%,18,val_eval,10.94015121459961,5.697151424287855e-06,6.876602359397352,
2025-09-14 22:38:39,SGD_lr0.0003_m0.9,SGD,2,openwebtext-3%,19,train_eval,10.94072151184082,5.9970014992503744e-06,6.876602359397352,
2025-09-14 22:38:39,SGD_lr0.0003_m0.9,SGD,2,openwebtext-3%,19,val_eval,10.939026832580566,5.9970014992503744e-06,6.876602359397352,
2025-09-14 22:38:59,SGD_lr0.0003_m0.9,SGD,2,openwebtext-3%,20,train_eval,10.938297271728516,6.296851574212893e-06,6.876602359397352,
2025-09-14 22:38:59,SGD_lr0.0003_m0.9,SGD,2,openwebtext-3%,20,val_eval,10.938026428222656,6.296851574212893e-06,6.876602359397352,
2025-09-14 22:39:06,SGD_lr0.0003_m0.9,SGD,2,openwebtext-3%,20,train_iter,10.952003002166748,6.296851574212893e-06,6.873235281560465,19678.580284118652
2025-09-14 22:39:19,SGD_lr0.0003_m0.9,SGD,2,openwebtext-3%,21,train_eval,10.938502311706543,6.5967016491754115e-06,6.873235281560465,
2025-09-14 22:39:19,SGD_lr0.0003_m0.9,SGD,2,openwebtext-3%,21,val_eval,10.938982009887695,6.5967016491754115e-06,6.873235281560465,
2025-09-14 22:39:38,SGD_lr0.0003_m0.9,SGD,2,openwebtext-3%,22,train_eval,10.937786102294922,6.89655172413793e-06,6.873235281560465,
2025-09-14 22:39:38,SGD_lr0.0003_m0.9,SGD,2,openwebtext-3%,22,val_eval,10.936718940734863,6.89655172413793e-06,6.873235281560465,
2025-09-14 22:39:58,SGD_lr0.0003_m0.9,SGD,2,openwebtext-3%,23,train_eval,10.93585205078125,7.196401799100449e-06,6.873235281560465,
2025-09-14 22:39:58,SGD_lr0.0003_m0.9,SGD,2,openwebtext-3%,23,val_eval,10.937322616577148,7.196401799100449e-06,6.873235281560465,
2025-09-14 22:40:18,SGD_lr0.0003_m0.9,SGD,2,openwebtext-3%,24,train_eval,10.934803009033203,7.496251874062968e-06,6.873235281560465,
2025-09-14 22:40:18,SGD_lr0.0003_m0.9,SGD,2,openwebtext-3%,24,val_eval,10.934383392333984,7.496251874062968e-06,6.873235281560465,
2025-09-14 22:40:37,SGD_lr0.0003_m0.9,SGD,2,openwebtext-3%,25,train_eval,10.93446159362793,7.796101949025486e-06,6.873235281560465,
2025-09-14 22:40:37,SGD_lr0.0003_m0.9,SGD,2,openwebtext-3%,25,val_eval,10.934162139892578,7.796101949025486e-06,6.873235281560465,
2025-09-14 22:40:57,SGD_lr0.0003_m0.9,SGD,2,openwebtext-3%,26,train_eval,10.933963775634766,8.095952023988006e-06,6.873235281560465,
2025-09-14 22:40:57,SGD_lr0.0003_m0.9,SGD,2,openwebtext-3%,26,val_eval,10.932707786560059,8.095952023988006e-06,6.873235281560465,
2025-09-14 22:41:17,SGD_lr0.0003_m0.9,SGD,2,openwebtext-3%,27,train_eval,10.93249797821045,8.395802098950525e-06,6.873235281560465,
2025-09-14 22:41:17,SGD_lr0.0003_m0.9,SGD,2,openwebtext-3%,27,val_eval,10.932281494140625,8.395802098950525e-06,6.873235281560465,
2025-09-14 22:41:36,SGD_lr0.0003_m0.9,SGD,2,openwebtext-3%,28,train_eval,10.930689811706543,8.695652173913043e-06,6.873235281560465,
2025-09-14 22:41:36,SGD_lr0.0003_m0.9,SGD,2,openwebtext-3%,28,val_eval,10.931339263916016,8.695652173913043e-06,6.873235281560465,
2025-09-14 22:41:56,SGD_lr0.0003_m0.9,SGD,2,openwebtext-3%,29,train_eval,10.931550025939941,8.995502248875562e-06,6.873235281560465,
2025-09-14 22:41:56,SGD_lr0.0003_m0.9,SGD,2,openwebtext-3%,29,val_eval,10.93058967590332,8.995502248875562e-06,6.873235281560465,
2025-09-14 22:42:15,SGD_lr0.0003_m0.9,SGD,2,openwebtext-3%,30,train_eval,10.928542137145996,9.29535232383808e-06,6.873235281560465,
2025-09-14 22:42:15,SGD_lr0.0003_m0.9,SGD,2,openwebtext-3%,30,val_eval,10.928427696228027,9.29535232383808e-06,6.873235281560465,
2025-09-14 22:42:22,SGD_lr0.0003_m0.9,SGD,2,openwebtext-3%,30,train_iter,10.929479598999023,9.29535232383808e-06,6.871398397176954,19644.318342208862
2025-09-14 22:42:35,SGD_lr0.0003_m0.9,SGD,2,openwebtext-3%,31,train_eval,10.928030014038086,9.595202398800599e-06,6.871398397176954,
2025-09-14 22:42:35,SGD_lr0.0003_m0.9,SGD,2,openwebtext-3%,31,val_eval,10.927846908569336,9.595202398800599e-06,6.871398397176954,
2025-09-14 22:42:55,SGD_lr0.0003_m0.9,SGD,2,openwebtext-3%,32,train_eval,10.925429344177246,9.895052473763117e-06,6.871398397176954,
2025-09-14 22:42:55,SGD_lr0.0003_m0.9,SGD,2,openwebtext-3%,32,val_eval,10.92654800415039,9.895052473763117e-06,6.871398397176954,
2025-09-14 22:43:15,SGD_lr0.0003_m0.9,SGD,2,openwebtext-3%,33,train_eval,10.924948692321777,1.0194902548725636e-05,6.871398397176954,
2025-09-14 22:43:15,SGD_lr0.0003_m0.9,SGD,2,openwebtext-3%,33,val_eval,10.924508094787598,1.0194902548725636e-05,6.871398397176954,
2025-09-14 22:43:34,SGD_lr0.0003_m0.9,SGD,2,openwebtext-3%,34,train_eval,10.92281723022461,1.0494752623688155e-05,6.871398397176954,
2025-09-14 22:43:34,SGD_lr0.0003_m0.9,SGD,2,openwebtext-3%,34,val_eval,10.924134254455566,1.0494752623688155e-05,6.871398397176954,
2025-09-14 22:43:54,SGD_lr0.0003_m0.9,SGD,2,openwebtext-3%,35,train_eval,10.921656608581543,1.0794602698650673e-05,6.871398397176954,
2025-09-14 22:43:54,SGD_lr0.0003_m0.9,SGD,2,openwebtext-3%,35,val_eval,10.922077178955078,1.0794602698650673e-05,6.871398397176954,
2025-09-14 22:44:14,SGD_lr0.0003_m0.9,SGD,2,openwebtext-3%,36,train_eval,10.9199857711792,1.1094452773613192e-05,6.871398397176954,
2025-09-14 22:44:14,SGD_lr0.0003_m0.9,SGD,2,openwebtext-3%,36,val_eval,10.91961669921875,1.1094452773613192e-05,6.871398397176954,
2025-09-14 22:44:33,SGD_lr0.0003_m0.9,SGD,2,openwebtext-3%,37,train_eval,10.919461250305176,1.139430284857571e-05,6.871398397176954,
2025-09-14 22:44:33,SGD_lr0.0003_m0.9,SGD,2,openwebtext-3%,37,val_eval,10.919086456298828,1.139430284857571e-05,6.871398397176954,
2025-09-14 22:44:53,SGD_lr0.0003_m0.9,SGD,2,openwebtext-3%,38,train_eval,10.916939735412598,1.169415292353823e-05,6.871398397176954,
2025-09-14 22:44:53,SGD_lr0.0003_m0.9,SGD,2,openwebtext-3%,38,val_eval,10.91617202758789,1.169415292353823e-05,6.871398397176954,
2025-09-14 22:45:12,SGD_lr0.0003_m0.9,SGD,2,openwebtext-3%,39,train_eval,10.915438652038574,1.1994002998500749e-05,6.871398397176954,
2025-09-14 22:45:12,SGD_lr0.0003_m0.9,SGD,2,openwebtext-3%,39,val_eval,10.915226936340332,1.1994002998500749e-05,6.871398397176954,
2025-09-14 22:45:32,SGD_lr0.0003_m0.9,SGD,2,openwebtext-3%,40,train_eval,10.913378715515137,1.2293853073463267e-05,6.871398397176954,
2025-09-14 22:45:32,SGD_lr0.0003_m0.9,SGD,2,openwebtext-3%,40,val_eval,10.914785385131836,1.2293853073463267e-05,6.871398397176954,
2025-09-14 22:45:39,SGD_lr0.0003_m0.9,SGD,2,openwebtext-3%,40,train_iter,10.913654565811157,1.2293853073463267e-05,6.871636172357756,19590.276956558228
2025-09-14 22:45:52,SGD_lr0.0003_m0.9,SGD,2,openwebtext-3%,41,train_eval,10.911968231201172,1.2593703148425786e-05,6.871636172357756,
2025-09-14 22:45:52,SGD_lr0.0003_m0.9,SGD,2,openwebtext-3%,41,val_eval,10.91195297241211,1.2593703148425786e-05,6.871636172357756,
2025-09-14 22:46:11,SGD_lr0.0003_m0.9,SGD,2,openwebtext-3%,42,train_eval,10.910514831542969,1.2893553223388304e-05,6.871636172357756,
2025-09-14 22:46:11,SGD_lr0.0003_m0.9,SGD,2,openwebtext-3%,42,val_eval,10.910665512084961,1.2893553223388304e-05,6.871636172357756,
2025-09-14 22:46:31,SGD_lr0.0003_m0.9,SGD,2,openwebtext-3%,43,train_eval,10.90894889831543,1.3193403298350823e-05,6.871636172357756,
2025-09-14 22:46:31,SGD_lr0.0003_m0.9,SGD,2,openwebtext-3%,43,val_eval,10.908761024475098,1.3193403298350823e-05,6.871636172357756,
2025-09-14 22:46:50,SGD_lr0.0003_m0.9,SGD,2,openwebtext-3%,44,train_eval,10.905920028686523,1.3493253373313342e-05,6.871636172357756,
2025-09-14 22:46:50,SGD_lr0.0003_m0.9,SGD,2,openwebtext-3%,44,val_eval,10.908202171325684,1.3493253373313342e-05,6.871636172357756,
2025-09-14 22:47:10,SGD_lr0.0003_m0.9,SGD,2,openwebtext-3%,45,train_eval,10.905179023742676,1.379310344827586e-05,6.871636172357756,
2025-09-14 22:47:10,SGD_lr0.0003_m0.9,SGD,2,openwebtext-3%,45,val_eval,10.903468132019043,1.379310344827586e-05,6.871636172357756,
2025-09-14 22:47:30,SGD_lr0.0003_m0.9,SGD,2,openwebtext-3%,46,train_eval,10.902811050415039,1.409295352323838e-05,6.871636172357756,
2025-09-14 22:47:30,SGD_lr0.0003_m0.9,SGD,2,openwebtext-3%,46,val_eval,10.902647972106934,1.409295352323838e-05,6.871636172357756,
2025-09-14 22:47:50,SGD_lr0.0003_m0.9,SGD,2,openwebtext-3%,47,train_eval,10.901043891906738,1.4392803598200899e-05,6.871636172357756,
2025-09-14 22:47:50,SGD_lr0.0003_m0.9,SGD,2,openwebtext-3%,47,val_eval,10.90070915222168,1.4392803598200899e-05,6.871636172357756,
2025-09-14 22:48:09,SGD_lr0.0003_m0.9,SGD,2,openwebtext-3%,48,train_eval,10.899328231811523,1.4692653673163418e-05,6.871636172357756,
2025-09-14 22:48:09,SGD_lr0.0003_m0.9,SGD,2,openwebtext-3%,48,val_eval,10.898350715637207,1.4692653673163418e-05,6.871636172357756,
2025-09-14 22:48:29,SGD_lr0.0003_m0.9,SGD,2,openwebtext-3%,49,train_eval,10.896890640258789,1.4992503748125936e-05,6.871636172357756,
2025-09-14 22:48:29,SGD_lr0.0003_m0.9,SGD,2,openwebtext-3%,49,val_eval,10.897072792053223,1.4992503748125936e-05,6.871636172357756,
2025-09-14 22:48:48,SGD_lr0.0003_m0.9,SGD,2,openwebtext-3%,50,train_eval,10.894501686096191,1.5292353823088455e-05,6.871636172357756,
2025-09-14 22:48:48,SGD_lr0.0003_m0.9,SGD,2,openwebtext-3%,50,val_eval,10.894696235656738,1.5292353823088455e-05,6.871636172357756,
2025-09-14 22:48:55,SGD_lr0.0003_m0.9,SGD,2,openwebtext-3%,50,train_iter,10.890814065933228,1.5292353823088455e-05,6.870321958668965,19633.928060531616
2025-09-14 22:49:08,SGD_lr0.0003_m0.9,SGD,2,openwebtext-3%,51,train_eval,10.891890525817871,1.5592203898050973e-05,6.870321958668965,
2025-09-14 22:49:08,SGD_lr0.0003_m0.9,SGD,2,openwebtext-3%,51,val_eval,10.892115592956543,1.5592203898050973e-05,6.870321958668965,
2025-09-14 22:49:28,SGD_lr0.0003_m0.9,SGD,2,openwebtext-3%,52,train_eval,10.88900375366211,1.589205397301349e-05,6.870321958668965,
2025-09-14 22:49:28,SGD_lr0.0003_m0.9,SGD,2,openwebtext-3%,52,val_eval,10.890279769897461,1.589205397301349e-05,6.870321958668965,
2025-09-14 22:49:47,SGD_lr0.0003_m0.9,SGD,2,openwebtext-3%,53,train_eval,10.888080596923828,1.619190404797601e-05,6.870321958668965,
2025-09-14 22:49:47,SGD_lr0.0003_m0.9,SGD,2,openwebtext-3%,53,val_eval,10.8873872756958,1.619190404797601e-05,6.870321958668965,
2025-09-14 22:50:07,SGD_lr0.0003_m0.9,SGD,2,openwebtext-3%,54,train_eval,10.885995864868164,1.649175412293853e-05,6.870321958668965,
2025-09-14 22:50:07,SGD_lr0.0003_m0.9,SGD,2,openwebtext-3%,54,val_eval,10.886098861694336,1.649175412293853e-05,6.870321958668965,
2025-09-14 22:50:27,SGD_lr0.0003_m0.9,SGD,2,openwebtext-3%,55,train_eval,10.882027626037598,1.679160419790105e-05,6.870321958668965,
2025-09-14 22:50:27,SGD_lr0.0003_m0.9,SGD,2,openwebtext-3%,55,val_eval,10.883199691772461,1.679160419790105e-05,6.870321958668965,
2025-09-14 22:50:46,SGD_lr0.0003_m0.9,SGD,2,openwebtext-3%,56,train_eval,10.881120681762695,1.7091454272863564e-05,6.870321958668965,
2025-09-14 22:50:46,SGD_lr0.0003_m0.9,SGD,2,openwebtext-3%,56,val_eval,10.8822021484375,1.7091454272863564e-05,6.870321958668965,
2025-09-14 22:51:06,SGD_lr0.0003_m0.9,SGD,2,openwebtext-3%,57,train_eval,10.8785982131958,1.7391304347826085e-05,6.870321958668965,
2025-09-14 22:51:06,SGD_lr0.0003_m0.9,SGD,2,openwebtext-3%,57,val_eval,10.878551483154297,1.7391304347826085e-05,6.870321958668965,
2025-09-14 22:51:25,SGD_lr0.0003_m0.9,SGD,2,openwebtext-3%,58,train_eval,10.87605094909668,1.7691154422788603e-05,6.870321958668965,
2025-09-14 22:51:25,SGD_lr0.0003_m0.9,SGD,2,openwebtext-3%,58,val_eval,10.876241683959961,1.7691154422788603e-05,6.870321958668965,
2025-09-14 22:51:45,SGD_lr0.0003_m0.9,SGD,2,openwebtext-3%,59,train_eval,10.872288703918457,1.7991004497751124e-05,6.870321958668965,
2025-09-14 22:51:45,SGD_lr0.0003_m0.9,SGD,2,openwebtext-3%,59,val_eval,10.873443603515625,1.7991004497751124e-05,6.870321958668965,
2025-09-14 22:52:05,SGD_lr0.0003_m0.9,SGD,2,openwebtext-3%,60,train_eval,10.871185302734375,1.829085457271364e-05,6.870321958668965,
2025-09-14 22:52:05,SGD_lr0.0003_m0.9,SGD,2,openwebtext-3%,60,val_eval,10.871691703796387,1.829085457271364e-05,6.870321958668965,
2025-09-14 22:52:12,SGD_lr0.0003_m0.9,SGD,2,openwebtext-3%,60,train_iter,10.854204893112183,1.829085457271364e-05,6.868805043813218,19643.497705459595
2025-09-14 22:52:24,SGD_lr0.0003_m0.9,SGD,2,openwebtext-3%,61,train_eval,10.867486953735352,1.859070464767616e-05,6.868805043813218,
2025-09-14 22:52:24,SGD_lr0.0003_m0.9,SGD,2,openwebtext-3%,61,val_eval,10.86767578125,1.859070464767616e-05,6.868805043813218,
2025-09-14 22:52:44,SGD_lr0.0003_m0.9,SGD,2,openwebtext-3%,62,train_eval,10.865904808044434,1.8890554722638677e-05,6.868805043813218,
2025-09-14 22:52:44,SGD_lr0.0003_m0.9,SGD,2,openwebtext-3%,62,val_eval,10.865344047546387,1.8890554722638677e-05,6.868805043813218,
2025-09-14 22:53:04,SGD_lr0.0003_m0.9,SGD,2,openwebtext-3%,63,train_eval,10.863020896911621,1.9190404797601198e-05,6.868805043813218,
2025-09-14 22:53:04,SGD_lr0.0003_m0.9,SGD,2,openwebtext-3%,63,val_eval,10.862842559814453,1.9190404797601198e-05,6.868805043813218,
2025-09-14 22:53:23,SGD_lr0.0003_m0.9,SGD,2,openwebtext-3%,64,train_eval,10.861564636230469,1.949025487256372e-05,6.868805043813218,
2025-09-14 22:53:23,SGD_lr0.0003_m0.9,SGD,2,openwebtext-3%,64,val_eval,10.860212326049805,1.949025487256372e-05,6.868805043813218,
2025-09-14 22:53:43,SGD_lr0.0003_m0.9,SGD,2,openwebtext-3%,65,train_eval,10.857866287231445,1.9790104947526234e-05,6.868805043813218,
2025-09-14 22:53:43,SGD_lr0.0003_m0.9,SGD,2,openwebtext-3%,65,val_eval,10.857601165771484,1.9790104947526234e-05,6.868805043813218,
2025-09-14 22:54:03,SGD_lr0.0003_m0.9,SGD,2,openwebtext-3%,66,train_eval,10.855852127075195,2.0089955022488755e-05,6.868805043813218,
2025-09-14 22:54:03,SGD_lr0.0003_m0.9,SGD,2,openwebtext-3%,66,val_eval,10.855694770812988,2.0089955022488755e-05,6.868805043813218,
2025-09-14 22:54:22,SGD_lr0.0003_m0.9,SGD,2,openwebtext-3%,67,train_eval,10.852409362792969,2.0389805097451272e-05,6.868805043813218,
2025-09-14 22:54:22,SGD_lr0.0003_m0.9,SGD,2,openwebtext-3%,67,val_eval,10.853144645690918,2.0389805097451272e-05,6.868805043813218,
2025-09-14 22:54:42,SGD_lr0.0003_m0.9,SGD,2,openwebtext-3%,68,train_eval,10.848387718200684,2.0689655172413793e-05,6.868805043813218,
2025-09-14 22:54:42,SGD_lr0.0003_m0.9,SGD,2,openwebtext-3%,68,val_eval,10.849212646484375,2.0689655172413793e-05,6.868805043813218,
2025-09-14 22:55:01,SGD_lr0.0003_m0.9,SGD,2,openwebtext-3%,69,train_eval,10.846735954284668,2.098950524737631e-05,6.868805043813218,
2025-09-14 22:55:01,SGD_lr0.0003_m0.9,SGD,2,openwebtext-3%,69,val_eval,10.846689224243164,2.098950524737631e-05,6.868805043813218,
2025-09-14 22:55:21,SGD_lr0.0003_m0.9,SGD,2,openwebtext-3%,70,train_eval,10.843988418579102,2.128935532233883e-05,6.868805043813218,
2025-09-14 22:55:21,SGD_lr0.0003_m0.9,SGD,2,openwebtext-3%,70,val_eval,10.843356132507324,2.128935532233883e-05,6.868805043813218,
2025-09-14 22:55:28,SGD_lr0.0003_m0.9,SGD,2,openwebtext-3%,70,train_iter,10.82787275314331,2.128935532233883e-05,6.860058821545303,19857.30290412903
2025-09-14 22:55:41,SGD_lr0.0003_m0.9,SGD,2,openwebtext-3%,71,train_eval,10.840754508972168,2.1589205397301346e-05,6.860058821545303,
2025-09-14 22:55:41,SGD_lr0.0003_m0.9,SGD,2,openwebtext-3%,71,val_eval,10.840280532836914,2.1589205397301346e-05,6.860058821545303,
2025-09-14 22:56:01,SGD_lr0.0003_m0.9,SGD,2,openwebtext-3%,72,train_eval,10.838619232177734,2.1889055472263867e-05,6.860058821545303,
2025-09-14 22:56:01,SGD_lr0.0003_m0.9,SGD,2,openwebtext-3%,72,val_eval,10.83888053894043,2.1889055472263867e-05,6.860058821545303,
2025-09-14 22:56:20,SGD_lr0.0003_m0.9,SGD,2,openwebtext-3%,73,train_eval,10.83544635772705,2.2188905547226385e-05,6.860058821545303,
2025-09-14 22:56:20,SGD_lr0.0003_m0.9,SGD,2,openwebtext-3%,73,val_eval,10.834466934204102,2.2188905547226385e-05,6.860058821545303,
2025-09-14 22:56:40,SGD_lr0.0003_m0.9,SGD,2,openwebtext-3%,74,train_eval,10.833346366882324,2.2488755622188906e-05,6.860058821545303,
2025-09-14 22:56:40,SGD_lr0.0003_m0.9,SGD,2,openwebtext-3%,74,val_eval,10.829973220825195,2.2488755622188906e-05,6.860058821545303,
2025-09-14 22:57:00,SGD_lr0.0003_m0.9,SGD,2,openwebtext-3%,75,train_eval,10.828486442565918,2.278860569715142e-05,6.860058821545303,
2025-09-14 22:57:00,SGD_lr0.0003_m0.9,SGD,2,openwebtext-3%,75,val_eval,10.828985214233398,2.278860569715142e-05,6.860058821545303,
2025-09-14 22:57:19,SGD_lr0.0003_m0.9,SGD,2,openwebtext-3%,76,train_eval,10.826804161071777,2.308845577211394e-05,6.860058821545303,
2025-09-14 22:57:19,SGD_lr0.0003_m0.9,SGD,2,openwebtext-3%,76,val_eval,10.827190399169922,2.308845577211394e-05,6.860058821545303,
2025-09-14 22:57:39,SGD_lr0.0003_m0.9,SGD,2,openwebtext-3%,77,train_eval,10.822391510009766,2.338830584707646e-05,6.860058821545303,
2025-09-14 22:57:39,SGD_lr0.0003_m0.9,SGD,2,openwebtext-3%,77,val_eval,10.8218994140625,2.338830584707646e-05,6.860058821545303,
2025-09-14 22:57:59,SGD_lr0.0003_m0.9,SGD,2,openwebtext-3%,78,train_eval,10.817288398742676,2.368815592203898e-05,6.860058821545303,
2025-09-14 22:57:59,SGD_lr0.0003_m0.9,SGD,2,openwebtext-3%,78,val_eval,10.818416595458984,2.368815592203898e-05,6.860058821545303,
2025-09-14 22:58:18,SGD_lr0.0003_m0.9,SGD,2,openwebtext-3%,79,train_eval,10.815176963806152,2.3988005997001498e-05,6.860058821545303,
2025-09-14 22:58:18,SGD_lr0.0003_m0.9,SGD,2,openwebtext-3%,79,val_eval,10.816780090332031,2.3988005997001498e-05,6.860058821545303,
2025-09-14 22:58:38,SGD_lr0.0003_m0.9,SGD,2,openwebtext-3%,80,train_eval,10.811086654663086,2.4287856071964015e-05,6.860058821545303,
2025-09-14 22:58:38,SGD_lr0.0003_m0.9,SGD,2,openwebtext-3%,80,val_eval,10.813088417053223,2.4287856071964015e-05,6.860058821545303,
2025-09-14 22:58:45,SGD_lr0.0003_m0.9,SGD,2,openwebtext-3%,80,train_iter,10.818570852279663,2.4287856071964015e-05,6.858205947909724,19682.6114654541
2025-09-14 22:58:58,SGD_lr0.0003_m0.9,SGD,2,openwebtext-3%,81,train_eval,10.809764862060547,2.4587706146926533e-05,6.858205947909724,
2025-09-14 22:58:58,SGD_lr0.0003_m0.9,SGD,2,openwebtext-3%,81,val_eval,10.808415412902832,2.4587706146926533e-05,6.858205947909724,
2025-09-14 22:59:17,SGD_lr0.0003_m0.9,SGD,2,openwebtext-3%,82,train_eval,10.804874420166016,2.4887556221889054e-05,6.858205947909724,
2025-09-14 22:59:17,SGD_lr0.0003_m0.9,SGD,2,openwebtext-3%,82,val_eval,10.805449485778809,2.4887556221889054e-05,6.858205947909724,
2025-09-14 22:59:37,SGD_lr0.0003_m0.9,SGD,2,openwebtext-3%,83,train_eval,10.803000450134277,2.5187406296851572e-05,6.858205947909724,
2025-09-14 22:59:37,SGD_lr0.0003_m0.9,SGD,2,openwebtext-3%,83,val_eval,10.803149223327637,2.5187406296851572e-05,6.858205947909724,
2025-09-14 22:59:57,SGD_lr0.0003_m0.9,SGD,2,openwebtext-3%,84,train_eval,10.799665451049805,2.5487256371814093e-05,6.858205947909724,
2025-09-14 22:59:57,SGD_lr0.0003_m0.9,SGD,2,openwebtext-3%,84,val_eval,10.797861099243164,2.5487256371814093e-05,6.858205947909724,
2025-09-14 23:00:16,SGD_lr0.0003_m0.9,SGD,2,openwebtext-3%,85,train_eval,10.798222541809082,2.5787106446776607e-05,6.858205947909724,
2025-09-14 23:00:16,SGD_lr0.0003_m0.9,SGD,2,openwebtext-3%,85,val_eval,10.794804573059082,2.5787106446776607e-05,6.858205947909724,
2025-09-14 23:00:36,SGD_lr0.0003_m0.9,SGD,2,openwebtext-3%,86,train_eval,10.791665077209473,2.6086956521739128e-05,6.858205947909724,
2025-09-14 23:00:36,SGD_lr0.0003_m0.9,SGD,2,openwebtext-3%,86,val_eval,10.793103218078613,2.6086956521739128e-05,6.858205947909724,
2025-09-14 23:00:56,SGD_lr0.0003_m0.9,SGD,2,openwebtext-3%,87,train_eval,10.79012680053711,2.6386806596701646e-05,6.858205947909724,
2025-09-14 23:00:56,SGD_lr0.0003_m0.9,SGD,2,openwebtext-3%,87,val_eval,10.787287712097168,2.6386806596701646e-05,6.858205947909724,
2025-09-14 23:01:15,SGD_lr0.0003_m0.9,SGD,2,openwebtext-3%,88,train_eval,10.78257942199707,2.6686656671664167e-05,6.858205947909724,
2025-09-14 23:01:15,SGD_lr0.0003_m0.9,SGD,2,openwebtext-3%,88,val_eval,10.784409523010254,2.6686656671664167e-05,6.858205947909724,
2025-09-14 23:01:35,SGD_lr0.0003_m0.9,SGD,2,openwebtext-3%,89,train_eval,10.781841278076172,2.6986506746626685e-05,6.858205947909724,
2025-09-14 23:01:35,SGD_lr0.0003_m0.9,SGD,2,openwebtext-3%,89,val_eval,10.779899597167969,2.6986506746626685e-05,6.858205947909724,
2025-09-14 23:01:55,SGD_lr0.0003_m0.9,SGD,2,openwebtext-3%,90,train_eval,10.777518272399902,2.7286356821589202e-05,6.858205947909724,
2025-09-14 23:01:55,SGD_lr0.0003_m0.9,SGD,2,openwebtext-3%,90,val_eval,10.777292251586914,2.7286356821589202e-05,6.858205947909724,
2025-09-14 23:02:02,SGD_lr0.0003_m0.9,SGD,2,openwebtext-3%,90,train_iter,10.783613920211792,2.7286356821589202e-05,6.855358290223193,19716.619968414307
2025-09-14 23:02:14,SGD_lr0.0003_m0.9,SGD,2,openwebtext-3%,91,train_eval,10.771646499633789,2.758620689655172e-05,6.855358290223193,
2025-09-14 23:02:14,SGD_lr0.0003_m0.9,SGD,2,openwebtext-3%,91,val_eval,10.773846626281738,2.758620689655172e-05,6.855358290223193,
2025-09-14 23:02:34,SGD_lr0.0003_m0.9,SGD,2,openwebtext-3%,92,train_eval,10.769878387451172,2.788605697151424e-05,6.855358290223193,
2025-09-14 23:02:34,SGD_lr0.0003_m0.9,SGD,2,openwebtext-3%,92,val_eval,10.77063274383545,2.788605697151424e-05,6.855358290223193,
2025-09-14 23:02:54,SGD_lr0.0003_m0.9,SGD,2,openwebtext-3%,93,train_eval,10.768024444580078,2.818590704647676e-05,6.855358290223193,
2025-09-14 23:02:54,SGD_lr0.0003_m0.9,SGD,2,openwebtext-3%,93,val_eval,10.765629768371582,2.818590704647676e-05,6.855358290223193,
2025-09-14 23:03:13,SGD_lr0.0003_m0.9,SGD,2,openwebtext-3%,94,train_eval,10.76270866394043,2.8485757121439276e-05,6.855358290223193,
2025-09-14 23:03:13,SGD_lr0.0003_m0.9,SGD,2,openwebtext-3%,94,val_eval,10.762613296508789,2.8485757121439276e-05,6.855358290223193,
2025-09-14 23:03:33,SGD_lr0.0003_m0.9,SGD,2,openwebtext-3%,95,train_eval,10.758186340332031,2.8785607196401797e-05,6.855358290223193,
2025-09-14 23:03:33,SGD_lr0.0003_m0.9,SGD,2,openwebtext-3%,95,val_eval,10.759866714477539,2.8785607196401797e-05,6.855358290223193,
2025-09-14 23:03:53,SGD_lr0.0003_m0.9,SGD,2,openwebtext-3%,96,train_eval,10.75490951538086,2.9085457271364315e-05,6.855358290223193,
2025-09-14 23:03:53,SGD_lr0.0003_m0.9,SGD,2,openwebtext-3%,96,val_eval,10.754611015319824,2.9085457271364315e-05,6.855358290223193,
2025-09-14 23:04:12,SGD_lr0.0003_m0.9,SGD,2,openwebtext-3%,97,train_eval,10.752418518066406,2.9385307346326836e-05,6.855358290223193,
2025-09-14 23:04:12,SGD_lr0.0003_m0.9,SGD,2,openwebtext-3%,97,val_eval,10.752376556396484,2.9385307346326836e-05,6.855358290223193,
2025-09-14 23:04:32,SGD_lr0.0003_m0.9,SGD,2,openwebtext-3%,98,train_eval,10.74929428100586,2.9685157421289354e-05,6.855358290223193,
2025-09-14 23:04:32,SGD_lr0.0003_m0.9,SGD,2,openwebtext-3%,98,val_eval,10.747284889221191,2.9685157421289354e-05,6.855358290223193,
2025-09-14 23:04:51,SGD_lr0.0003_m0.9,SGD,2,openwebtext-3%,99,train_eval,10.743185043334961,2.998500749625187e-05,6.855358290223193,
2025-09-14 23:04:51,SGD_lr0.0003_m0.9,SGD,2,openwebtext-3%,99,val_eval,10.743819236755371,2.998500749625187e-05,6.855358290223193,
2025-09-14 23:05:11,SGD_lr0.0003_m0.9,SGD,2,openwebtext-3%,100,train_eval,10.740931510925293,3.028485757121439e-05,6.855358290223193,
2025-09-14 23:05:11,SGD_lr0.0003_m0.9,SGD,2,openwebtext-3%,100,val_eval,10.740741729736328,3.028485757121439e-05,6.855358290223193,
2025-09-14 23:05:24,SGD_lr0.0003_m0.9,SGD,2,openwebtext-3%,100,train_iter,10.752338171005249,3.028485757121439e-05,6.6866984494180794,26052.5119304657
2025-09-14 23:05:37,SGD_lr0.0003_m0.9,SGD,2,openwebtext-3%,101,train_eval,10.736794471740723,3.058470764617691e-05,6.6866984494180794,
2025-09-14 23:05:37,SGD_lr0.0003_m0.9,SGD,2,openwebtext-3%,101,val_eval,10.736446380615234,3.058470764617691e-05,6.6866984494180794,
2025-09-14 23:05:57,SGD_lr0.0003_m0.9,SGD,2,openwebtext-3%,102,train_eval,10.73198127746582,3.0884557721139424e-05,6.6866984494180794,
2025-09-14 23:05:57,SGD_lr0.0003_m0.9,SGD,2,openwebtext-3%,102,val_eval,10.733232498168945,3.0884557721139424e-05,6.6866984494180794,
2025-09-14 23:06:16,SGD_lr0.0003_m0.9,SGD,2,openwebtext-3%,103,train_eval,10.728571891784668,3.1184407796101945e-05,6.6866984494180794,
2025-09-14 23:06:16,SGD_lr0.0003_m0.9,SGD,2,openwebtext-3%,103,val_eval,10.727997779846191,3.1184407796101945e-05,6.6866984494180794,
2025-09-14 23:06:36,SGD_lr0.0003_m0.9,SGD,2,openwebtext-3%,104,train_eval,10.725024223327637,3.1484257871064466e-05,6.6866984494180794,
2025-09-14 23:06:36,SGD_lr0.0003_m0.9,SGD,2,openwebtext-3%,104,val_eval,10.72431755065918,3.1484257871064466e-05,6.6866984494180794,
2025-09-14 23:06:56,SGD_lr0.0003_m0.9,SGD,2,openwebtext-3%,105,train_eval,10.718828201293945,3.178410794602698e-05,6.6866984494180794,
2025-09-14 23:06:56,SGD_lr0.0003_m0.9,SGD,2,openwebtext-3%,105,val_eval,10.722001075744629,3.178410794602698e-05,6.6866984494180794,
2025-09-14 23:07:15,SGD_lr0.0003_m0.9,SGD,2,openwebtext-3%,106,train_eval,10.717327117919922,3.20839580209895e-05,6.6866984494180794,
2025-09-14 23:07:15,SGD_lr0.0003_m0.9,SGD,2,openwebtext-3%,106,val_eval,10.716606140136719,3.20839580209895e-05,6.6866984494180794,
2025-09-14 23:07:35,SGD_lr0.0003_m0.9,SGD,2,openwebtext-3%,107,train_eval,10.712729454040527,3.238380809595202e-05,6.6866984494180794,
2025-09-14 23:07:35,SGD_lr0.0003_m0.9,SGD,2,openwebtext-3%,107,val_eval,10.710965156555176,3.238380809595202e-05,6.6866984494180794,
2025-09-14 23:07:55,SGD_lr0.0003_m0.9,SGD,2,openwebtext-3%,108,train_eval,10.708160400390625,3.2683658170914544e-05,6.6866984494180794,
2025-09-14 23:07:55,SGD_lr0.0003_m0.9,SGD,2,openwebtext-3%,108,val_eval,10.707916259765625,3.2683658170914544e-05,6.6866984494180794,
2025-09-14 23:08:15,SGD_lr0.0003_m0.9,SGD,2,openwebtext-3%,109,train_eval,10.702845573425293,3.298350824587706e-05,6.6866984494180794,
2025-09-14 23:08:15,SGD_lr0.0003_m0.9,SGD,2,openwebtext-3%,109,val_eval,10.705033302307129,3.298350824587706e-05,6.6866984494180794,
2025-09-14 23:08:35,SGD_lr0.0003_m0.9,SGD,2,openwebtext-3%,110,train_eval,10.698553085327148,3.328335832083958e-05,6.6866984494180794,
2025-09-14 23:08:35,SGD_lr0.0003_m0.9,SGD,2,openwebtext-3%,110,val_eval,10.69970703125,3.328335832083958e-05,6.6866984494180794,
2025-09-14 23:08:42,SGD_lr0.0003_m0.9,SGD,2,openwebtext-3%,110,train_iter,10.70246934890747,3.328335832083958e-05,6.704887586680601,19605.069160461426
2025-09-14 23:08:54,SGD_lr0.0003_m0.9,SGD,2,openwebtext-3%,111,train_eval,10.696252822875977,3.35832083958021e-05,6.704887586680601,
2025-09-14 23:08:54,SGD_lr0.0003_m0.9,SGD,2,openwebtext-3%,111,val_eval,10.694366455078125,3.35832083958021e-05,6.704887586680601,
2025-09-14 23:09:14,SGD_lr0.0003_m0.9,SGD,2,openwebtext-3%,112,train_eval,10.691478729248047,3.3883058470764614e-05,6.704887586680601,
2025-09-14 23:09:14,SGD_lr0.0003_m0.9,SGD,2,openwebtext-3%,112,val_eval,10.691244125366211,3.3883058470764614e-05,6.704887586680601,
2025-09-14 23:09:34,SGD_lr0.0003_m0.9,SGD,2,openwebtext-3%,113,train_eval,10.68724250793457,3.418290854572713e-05,6.704887586680601,
2025-09-14 23:09:34,SGD_lr0.0003_m0.9,SGD,2,openwebtext-3%,113,val_eval,10.686626434326172,3.418290854572713e-05,6.704887586680601,
2025-09-14 23:09:54,SGD_lr0.0003_m0.9,SGD,2,openwebtext-3%,114,train_eval,10.683049201965332,3.448275862068965e-05,6.704887586680601,
2025-09-14 23:09:54,SGD_lr0.0003_m0.9,SGD,2,openwebtext-3%,114,val_eval,10.682847023010254,3.448275862068965e-05,6.704887586680601,
2025-09-14 23:10:13,SGD_lr0.0003_m0.9,SGD,2,openwebtext-3%,115,train_eval,10.678079605102539,3.478260869565217e-05,6.704887586680601,
2025-09-14 23:10:13,SGD_lr0.0003_m0.9,SGD,2,openwebtext-3%,115,val_eval,10.677906036376953,3.478260869565217e-05,6.704887586680601,
2025-09-14 23:10:33,SGD_lr0.0003_m0.9,SGD,2,openwebtext-3%,116,train_eval,10.673654556274414,3.508245877061469e-05,6.704887586680601,
2025-09-14 23:10:33,SGD_lr0.0003_m0.9,SGD,2,openwebtext-3%,116,val_eval,10.675629615783691,3.508245877061469e-05,6.704887586680601,
2025-09-14 23:10:52,SGD_lr0.0003_m0.9,SGD,2,openwebtext-3%,117,train_eval,10.671041488647461,3.5382308845577206e-05,6.704887586680601,
2025-09-14 23:10:52,SGD_lr0.0003_m0.9,SGD,2,openwebtext-3%,117,val_eval,10.670191764831543,3.5382308845577206e-05,6.704887586680601,
2025-09-14 23:11:12,SGD_lr0.0003_m0.9,SGD,2,openwebtext-3%,118,train_eval,10.6663236618042,3.568215892053973e-05,6.704887586680601,
2025-09-14 23:11:12,SGD_lr0.0003_m0.9,SGD,2,openwebtext-3%,118,val_eval,10.665382385253906,3.568215892053973e-05,6.704887586680601,
2025-09-14 23:11:32,SGD_lr0.0003_m0.9,SGD,2,openwebtext-3%,119,train_eval,10.662220001220703,3.598200899550225e-05,6.704887586680601,
2025-09-14 23:11:32,SGD_lr0.0003_m0.9,SGD,2,openwebtext-3%,119,val_eval,10.662013053894043,3.598200899550225e-05,6.704887586680601,
2025-09-14 23:11:51,SGD_lr0.0003_m0.9,SGD,2,openwebtext-3%,120,train_eval,10.6571683883667,3.628185907046477e-05,6.704887586680601,
2025-09-14 23:11:51,SGD_lr0.0003_m0.9,SGD,2,openwebtext-3%,120,val_eval,10.656023979187012,3.628185907046477e-05,6.704887586680601,
2025-09-14 23:11:58,SGD_lr0.0003_m0.9,SGD,2,openwebtext-3%,120,train_iter,10.65312385559082,3.628185907046477e-05,6.720529363680276,19625.88334083557
2025-09-14 23:12:11,SGD_lr0.0003_m0.9,SGD,2,openwebtext-3%,121,train_eval,10.652776718139648,3.658170914542728e-05,6.720529363680276,
2025-09-14 23:12:11,SGD_lr0.0003_m0.9,SGD,2,openwebtext-3%,121,val_eval,10.652421951293945,3.658170914542728e-05,6.720529363680276,
2025-09-14 23:12:31,SGD_lr0.0003_m0.9,SGD,2,openwebtext-3%,122,train_eval,10.64765739440918,3.68815592203898e-05,6.720529363680276,
2025-09-14 23:12:31,SGD_lr0.0003_m0.9,SGD,2,openwebtext-3%,122,val_eval,10.647626876831055,3.68815592203898e-05,6.720529363680276,
2025-09-14 23:12:50,SGD_lr0.0003_m0.9,SGD,2,openwebtext-3%,123,train_eval,10.64437484741211,3.718140929535232e-05,6.720529363680276,
2025-09-14 23:12:50,SGD_lr0.0003_m0.9,SGD,2,openwebtext-3%,123,val_eval,10.64700698852539,3.718140929535232e-05,6.720529363680276,
2025-09-14 23:13:10,SGD_lr0.0003_m0.9,SGD,2,openwebtext-3%,124,train_eval,10.641059875488281,3.748125937031484e-05,6.720529363680276,
2025-09-14 23:13:10,SGD_lr0.0003_m0.9,SGD,2,openwebtext-3%,124,val_eval,10.637337684631348,3.748125937031484e-05,6.720529363680276,
2025-09-14 23:13:30,SGD_lr0.0003_m0.9,SGD,2,openwebtext-3%,125,train_eval,10.634674072265625,3.7781109445277354e-05,6.720529363680276,
2025-09-14 23:13:30,SGD_lr0.0003_m0.9,SGD,2,openwebtext-3%,125,val_eval,10.634443283081055,3.7781109445277354e-05,6.720529363680276,
2025-09-14 23:13:49,SGD_lr0.0003_m0.9,SGD,2,openwebtext-3%,126,train_eval,10.630261421203613,3.8080959520239875e-05,6.720529363680276,
2025-09-14 23:13:49,SGD_lr0.0003_m0.9,SGD,2,openwebtext-3%,126,val_eval,10.628290176391602,3.8080959520239875e-05,6.720529363680276,
2025-09-14 23:14:09,SGD_lr0.0003_m0.9,SGD,2,openwebtext-3%,127,train_eval,10.62820053100586,3.8380809595202396e-05,6.720529363680276,
2025-09-14 23:14:09,SGD_lr0.0003_m0.9,SGD,2,openwebtext-3%,127,val_eval,10.626503944396973,3.8380809595202396e-05,6.720529363680276,
2025-09-14 23:14:28,SGD_lr0.0003_m0.9,SGD,2,openwebtext-3%,128,train_eval,10.621513366699219,3.868065967016492e-05,6.720529363680276,
2025-09-14 23:14:28,SGD_lr0.0003_m0.9,SGD,2,openwebtext-3%,128,val_eval,10.621786117553711,3.868065967016492e-05,6.720529363680276,
2025-09-14 23:14:48,SGD_lr0.0003_m0.9,SGD,2,openwebtext-3%,129,train_eval,10.61678695678711,3.898050974512744e-05,6.720529363680276,
2025-09-14 23:14:48,SGD_lr0.0003_m0.9,SGD,2,openwebtext-3%,129,val_eval,10.616663932800293,3.898050974512744e-05,6.720529363680276,
2025-09-14 23:15:08,SGD_lr0.0003_m0.9,SGD,2,openwebtext-3%,130,train_eval,10.610221862792969,3.928035982008995e-05,6.720529363680276,
2025-09-14 23:15:08,SGD_lr0.0003_m0.9,SGD,2,openwebtext-3%,130,val_eval,10.612171173095703,3.928035982008995e-05,6.720529363680276,
2025-09-14 23:15:14,SGD_lr0.0003_m0.9,SGD,2,openwebtext-3%,130,train_iter,10.595228672027588,3.928035982008995e-05,6.735577320618223,19598.166704177856
2025-09-14 23:15:27,SGD_lr0.0003_m0.9,SGD,2,openwebtext-3%,131,train_eval,10.607612609863281,3.958020989505247e-05,6.735577320618223,
2025-09-14 23:15:27,SGD_lr0.0003_m0.9,SGD,2,openwebtext-3%,131,val_eval,10.609145164489746,3.958020989505247e-05,6.735577320618223,
2025-09-14 23:15:47,SGD_lr0.0003_m0.9,SGD,2,openwebtext-3%,132,train_eval,10.600630760192871,3.988005997001499e-05,6.735577320618223,
2025-09-14 23:15:47,SGD_lr0.0003_m0.9,SGD,2,openwebtext-3%,132,val_eval,10.602834701538086,3.988005997001499e-05,6.735577320618223,
2025-09-14 23:16:06,SGD_lr0.0003_m0.9,SGD,2,openwebtext-3%,133,train_eval,10.595315933227539,4.017991004497751e-05,6.735577320618223,
2025-09-14 23:16:06,SGD_lr0.0003_m0.9,SGD,2,openwebtext-3%,133,val_eval,10.598832130432129,4.017991004497751e-05,6.735577320618223,
2025-09-14 23:16:26,SGD_lr0.0003_m0.9,SGD,2,openwebtext-3%,134,train_eval,10.594595909118652,4.0479760119940023e-05,6.735577320618223,
2025-09-14 23:16:26,SGD_lr0.0003_m0.9,SGD,2,openwebtext-3%,134,val_eval,10.592981338500977,4.0479760119940023e-05,6.735577320618223,
2025-09-14 23:16:46,SGD_lr0.0003_m0.9,SGD,2,openwebtext-3%,135,train_eval,10.589813232421875,4.0779610194902544e-05,6.735577320618223,
2025-09-14 23:16:46,SGD_lr0.0003_m0.9,SGD,2,openwebtext-3%,135,val_eval,10.588593482971191,4.0779610194902544e-05,6.735577320618223,
2025-09-14 23:17:05,SGD_lr0.0003_m0.9,SGD,2,openwebtext-3%,136,train_eval,10.58534049987793,4.1079460269865066e-05,6.735577320618223,
2025-09-14 23:17:05,SGD_lr0.0003_m0.9,SGD,2,openwebtext-3%,136,val_eval,10.585179328918457,4.1079460269865066e-05,6.735577320618223,
2025-09-14 23:17:25,SGD_lr0.0003_m0.9,SGD,2,openwebtext-3%,137,train_eval,10.579062461853027,4.1379310344827587e-05,6.735577320618223,
2025-09-14 23:17:25,SGD_lr0.0003_m0.9,SGD,2,openwebtext-3%,137,val_eval,10.581747055053711,4.1379310344827587e-05,6.735577320618223,
2025-09-14 23:17:44,SGD_lr0.0003_m0.9,SGD,2,openwebtext-3%,138,train_eval,10.575413703918457,4.16791604197901e-05,6.735577320618223,
2025-09-14 23:17:44,SGD_lr0.0003_m0.9,SGD,2,openwebtext-3%,138,val_eval,10.575695037841797,4.16791604197901e-05,6.735577320618223,
2025-09-14 23:18:04,SGD_lr0.0003_m0.9,SGD,2,openwebtext-3%,139,train_eval,10.57176399230957,4.197901049475262e-05,6.735577320618223,
2025-09-14 23:18:04,SGD_lr0.0003_m0.9,SGD,2,openwebtext-3%,139,val_eval,10.571328163146973,4.197901049475262e-05,6.735577320618223,
2025-09-14 23:18:24,SGD_lr0.0003_m0.9,SGD,2,openwebtext-3%,140,train_eval,10.566333770751953,4.227886056971514e-05,6.735577320618223,
2025-09-14 23:18:24,SGD_lr0.0003_m0.9,SGD,2,openwebtext-3%,140,val_eval,10.566972732543945,4.227886056971514e-05,6.735577320618223,
2025-09-14 23:18:31,SGD_lr0.0003_m0.9,SGD,2,openwebtext-3%,140,train_iter,10.554280281066895,4.227886056971514e-05,6.747817767930468,19635.39457321167
2025-09-14 23:18:43,SGD_lr0.0003_m0.9,SGD,2,openwebtext-3%,141,train_eval,10.564046859741211,4.257871064467766e-05,6.747817767930468,
2025-09-14 23:18:43,SGD_lr0.0003_m0.9,SGD,2,openwebtext-3%,141,val_eval,10.563397407531738,4.257871064467766e-05,6.747817767930468,
2025-09-14 23:19:03,SGD_lr0.0003_m0.9,SGD,2,openwebtext-3%,142,train_eval,10.55615520477295,4.287856071964017e-05,6.747817767930468,
2025-09-14 23:19:03,SGD_lr0.0003_m0.9,SGD,2,openwebtext-3%,142,val_eval,10.555739402770996,4.287856071964017e-05,6.747817767930468,
2025-09-14 23:19:23,SGD_lr0.0003_m0.9,SGD,2,openwebtext-3%,143,train_eval,10.551477432250977,4.317841079460269e-05,6.747817767930468,
2025-09-14 23:19:23,SGD_lr0.0003_m0.9,SGD,2,openwebtext-3%,143,val_eval,10.552661895751953,4.317841079460269e-05,6.747817767930468,
2025-09-14 23:19:42,SGD_lr0.0003_m0.9,SGD,2,openwebtext-3%,144,train_eval,10.5477876663208,4.3478260869565214e-05,6.747817767930468,
2025-09-14 23:19:42,SGD_lr0.0003_m0.9,SGD,2,openwebtext-3%,144,val_eval,10.547937393188477,4.3478260869565214e-05,6.747817767930468,
2025-09-14 23:20:02,SGD_lr0.0003_m0.9,SGD,2,openwebtext-3%,145,train_eval,10.540993690490723,4.3778110944527735e-05,6.747817767930468,
2025-09-14 23:20:02,SGD_lr0.0003_m0.9,SGD,2,openwebtext-3%,145,val_eval,10.542287826538086,4.3778110944527735e-05,6.747817767930468,
2025-09-14 23:20:21,SGD_lr0.0003_m0.9,SGD,2,openwebtext-3%,146,train_eval,10.537515640258789,4.407796101949025e-05,6.747817767930468,
2025-09-14 23:20:21,SGD_lr0.0003_m0.9,SGD,2,openwebtext-3%,146,val_eval,10.539236068725586,4.407796101949025e-05,6.747817767930468,
2025-09-14 23:20:41,SGD_lr0.0003_m0.9,SGD,2,openwebtext-3%,147,train_eval,10.533495903015137,4.437781109445277e-05,6.747817767930468,
2025-09-14 23:20:41,SGD_lr0.0003_m0.9,SGD,2,openwebtext-3%,147,val_eval,10.533957481384277,4.437781109445277e-05,6.747817767930468,
2025-09-14 23:21:01,SGD_lr0.0003_m0.9,SGD,2,openwebtext-3%,148,train_eval,10.527278900146484,4.467766116941529e-05,6.747817767930468,
2025-09-14 23:21:01,SGD_lr0.0003_m0.9,SGD,2,openwebtext-3%,148,val_eval,10.527955055236816,4.467766116941529e-05,6.747817767930468,
2025-09-14 23:21:20,SGD_lr0.0003_m0.9,SGD,2,openwebtext-3%,149,train_eval,10.523176193237305,4.497751124437781e-05,6.747817767930468,
2025-09-14 23:21:20,SGD_lr0.0003_m0.9,SGD,2,openwebtext-3%,149,val_eval,10.525984764099121,4.497751124437781e-05,6.747817767930468,
2025-09-14 23:21:40,SGD_lr0.0003_m0.9,SGD,2,openwebtext-3%,150,train_eval,10.518560409545898,4.527736131934032e-05,6.747817767930468,
2025-09-14 23:21:40,SGD_lr0.0003_m0.9,SGD,2,openwebtext-3%,150,val_eval,10.519722938537598,4.527736131934032e-05,6.747817767930468,
2025-09-14 23:21:47,SGD_lr0.0003_m0.9,SGD,2,openwebtext-3%,150,train_iter,10.522123575210571,4.527736131934032e-05,6.7600464204486705,19600.74734687805
2025-09-14 23:22:00,SGD_lr0.0003_m0.9,SGD,2,openwebtext-3%,151,train_eval,10.513886451721191,4.557721139430284e-05,6.7600464204486705,
2025-09-14 23:22:00,SGD_lr0.0003_m0.9,SGD,2,openwebtext-3%,151,val_eval,10.51376724243164,4.557721139430284e-05,6.7600464204486705,
2025-09-14 23:22:19,SGD_lr0.0003_m0.9,SGD,2,openwebtext-3%,152,train_eval,10.505792617797852,4.587706146926536e-05,6.7600464204486705,
2025-09-14 23:22:19,SGD_lr0.0003_m0.9,SGD,2,openwebtext-3%,152,val_eval,10.510416030883789,4.587706146926536e-05,6.7600464204486705,
2025-09-14 23:22:39,SGD_lr0.0003_m0.9,SGD,2,openwebtext-3%,153,train_eval,10.504472732543945,4.617691154422788e-05,6.7600464204486705,
2025-09-14 23:22:39,SGD_lr0.0003_m0.9,SGD,2,openwebtext-3%,153,val_eval,10.504694938659668,4.617691154422788e-05,6.7600464204486705,
2025-09-14 23:22:58,SGD_lr0.0003_m0.9,SGD,2,openwebtext-3%,154,train_eval,10.499383926391602,4.64767616191904e-05,6.7600464204486705,
2025-09-14 23:22:58,SGD_lr0.0003_m0.9,SGD,2,openwebtext-3%,154,val_eval,10.501618385314941,4.64767616191904e-05,6.7600464204486705,
2025-09-14 23:23:18,SGD_lr0.0003_m0.9,SGD,2,openwebtext-3%,155,train_eval,10.497784614562988,4.677661169415292e-05,6.7600464204486705,
2025-09-14 23:23:18,SGD_lr0.0003_m0.9,SGD,2,openwebtext-3%,155,val_eval,10.495518684387207,4.677661169415292e-05,6.7600464204486705,
2025-09-14 23:23:38,SGD_lr0.0003_m0.9,SGD,2,openwebtext-3%,156,train_eval,10.492117881774902,4.707646176911544e-05,6.7600464204486705,
2025-09-14 23:23:38,SGD_lr0.0003_m0.9,SGD,2,openwebtext-3%,156,val_eval,10.4912691116333,4.707646176911544e-05,6.7600464204486705,
2025-09-14 23:23:57,SGD_lr0.0003_m0.9,SGD,2,openwebtext-3%,157,train_eval,10.485163688659668,4.737631184407796e-05,6.7600464204486705,
2025-09-14 23:23:57,SGD_lr0.0003_m0.9,SGD,2,openwebtext-3%,157,val_eval,10.484821319580078,4.737631184407796e-05,6.7600464204486705,
2025-09-14 23:24:17,SGD_lr0.0003_m0.9,SGD,2,openwebtext-3%,158,train_eval,10.480960845947266,4.7676161919040474e-05,6.7600464204486705,
2025-09-14 23:24:17,SGD_lr0.0003_m0.9,SGD,2,openwebtext-3%,158,val_eval,10.479130744934082,4.7676161919040474e-05,6.7600464204486705,
2025-09-14 23:24:36,SGD_lr0.0003_m0.9,SGD,2,openwebtext-3%,159,train_eval,10.477087020874023,4.7976011994002995e-05,6.7600464204486705,
2025-09-14 23:24:36,SGD_lr0.0003_m0.9,SGD,2,openwebtext-3%,159,val_eval,10.477202415466309,4.7976011994002995e-05,6.7600464204486705,
2025-09-14 23:24:56,SGD_lr0.0003_m0.9,SGD,2,openwebtext-3%,160,train_eval,10.470807075500488,4.827586206896551e-05,6.7600464204486705,
2025-09-14 23:24:56,SGD_lr0.0003_m0.9,SGD,2,openwebtext-3%,160,val_eval,10.471705436706543,4.827586206896551e-05,6.7600464204486705,
2025-09-14 23:25:03,SGD_lr0.0003_m0.9,SGD,2,openwebtext-3%,160,train_iter,10.553826093673706,4.827586206896551e-05,6.770623204421399,19612.99467086792
2025-09-14 23:25:16,SGD_lr0.0003_m0.9,SGD,2,openwebtext-3%,161,train_eval,10.467571258544922,4.857571214392803e-05,6.770623204421399,
2025-09-14 23:25:16,SGD_lr0.0003_m0.9,SGD,2,openwebtext-3%,161,val_eval,10.468099594116211,4.857571214392803e-05,6.770623204421399,
2025-09-14 23:25:35,SGD_lr0.0003_m0.9,SGD,2,openwebtext-3%,162,train_eval,10.460840225219727,4.887556221889055e-05,6.770623204421399,
2025-09-14 23:25:35,SGD_lr0.0003_m0.9,SGD,2,openwebtext-3%,162,val_eval,10.462860107421875,4.887556221889055e-05,6.770623204421399,
2025-09-14 23:25:55,SGD_lr0.0003_m0.9,SGD,2,openwebtext-3%,163,train_eval,10.457942962646484,4.9175412293853066e-05,6.770623204421399,
2025-09-14 23:25:55,SGD_lr0.0003_m0.9,SGD,2,openwebtext-3%,163,val_eval,10.457691192626953,4.9175412293853066e-05,6.770623204421399,
2025-09-14 23:26:14,SGD_lr0.0003_m0.9,SGD,2,openwebtext-3%,164,train_eval,10.451092720031738,4.947526236881559e-05,6.770623204421399,
2025-09-14 23:26:14,SGD_lr0.0003_m0.9,SGD,2,openwebtext-3%,164,val_eval,10.45439338684082,4.947526236881559e-05,6.770623204421399,
2025-09-14 23:26:34,SGD_lr0.0003_m0.9,SGD,2,openwebtext-3%,165,train_eval,10.448559761047363,4.977511244377811e-05,6.770623204421399,
2025-09-14 23:26:34,SGD_lr0.0003_m0.9,SGD,2,openwebtext-3%,165,val_eval,10.44620132446289,4.977511244377811e-05,6.770623204421399,
2025-09-14 23:26:54,SGD_lr0.0003_m0.9,SGD,2,openwebtext-3%,166,train_eval,10.441740989685059,5.007496251874063e-05,6.770623204421399,
2025-09-14 23:26:54,SGD_lr0.0003_m0.9,SGD,2,openwebtext-3%,166,val_eval,10.443656921386719,5.007496251874063e-05,6.770623204421399,
2025-09-14 23:27:13,SGD_lr0.0003_m0.9,SGD,2,openwebtext-3%,167,train_eval,10.437989234924316,5.0374812593703144e-05,6.770623204421399,
2025-09-14 23:27:13,SGD_lr0.0003_m0.9,SGD,2,openwebtext-3%,167,val_eval,10.438344955444336,5.0374812593703144e-05,6.770623204421399,
2025-09-14 23:27:33,SGD_lr0.0003_m0.9,SGD,2,openwebtext-3%,168,train_eval,10.43307876586914,5.0674662668665665e-05,6.770623204421399,
2025-09-14 23:27:33,SGD_lr0.0003_m0.9,SGD,2,openwebtext-3%,168,val_eval,10.433394432067871,5.0674662668665665e-05,6.770623204421399,
2025-09-14 23:27:53,SGD_lr0.0003_m0.9,SGD,2,openwebtext-3%,169,train_eval,10.430575370788574,5.0974512743628186e-05,6.770623204421399,
2025-09-14 23:27:53,SGD_lr0.0003_m0.9,SGD,2,openwebtext-3%,169,val_eval,10.428959846496582,5.0974512743628186e-05,6.770623204421399,
2025-09-14 23:28:12,SGD_lr0.0003_m0.9,SGD,2,openwebtext-3%,170,train_eval,10.423454284667969,5.12743628185907e-05,6.770623204421399,
2025-09-14 23:28:12,SGD_lr0.0003_m0.9,SGD,2,openwebtext-3%,170,val_eval,10.423961639404297,5.12743628185907e-05,6.770623204421399,
2025-09-14 23:28:19,SGD_lr0.0003_m0.9,SGD,2,openwebtext-3%,170,train_iter,10.41488528251648,5.12743628185907e-05,6.777694989795559,19683.155298233032
2025-09-14 23:28:32,SGD_lr0.0003_m0.9,SGD,2,openwebtext-3%,171,train_eval,10.419533729553223,5.1574212893553214e-05,6.777694989795559,
2025-09-14 23:28:32,SGD_lr0.0003_m0.9,SGD,2,openwebtext-3%,171,val_eval,10.418669700622559,5.1574212893553214e-05,6.777694989795559,
2025-09-14 23:28:52,SGD_lr0.0003_m0.9,SGD,2,openwebtext-3%,172,train_eval,10.412209510803223,5.1874062968515735e-05,6.777694989795559,
2025-09-14 23:28:52,SGD_lr0.0003_m0.9,SGD,2,openwebtext-3%,172,val_eval,10.417083740234375,5.1874062968515735e-05,6.777694989795559,
2025-09-14 23:29:11,SGD_lr0.0003_m0.9,SGD,2,openwebtext-3%,173,train_eval,10.408774375915527,5.2173913043478256e-05,6.777694989795559,
2025-09-14 23:29:11,SGD_lr0.0003_m0.9,SGD,2,openwebtext-3%,173,val_eval,10.407634735107422,5.2173913043478256e-05,6.777694989795559,
2025-09-14 23:29:31,SGD_lr0.0003_m0.9,SGD,2,openwebtext-3%,174,train_eval,10.406617164611816,5.247376311844078e-05,6.777694989795559,
2025-09-14 23:29:31,SGD_lr0.0003_m0.9,SGD,2,openwebtext-3%,174,val_eval,10.403648376464844,5.247376311844078e-05,6.777694989795559,
2025-09-14 23:29:50,SGD_lr0.0003_m0.9,SGD,2,openwebtext-3%,175,train_eval,10.398920059204102,5.277361319340329e-05,6.777694989795559,
2025-09-14 23:29:50,SGD_lr0.0003_m0.9,SGD,2,openwebtext-3%,175,val_eval,10.396819114685059,5.277361319340329e-05,6.777694989795559,
2025-09-14 23:30:10,SGD_lr0.0003_m0.9,SGD,2,openwebtext-3%,176,train_eval,10.392651557922363,5.307346326836581e-05,6.777694989795559,
2025-09-14 23:30:10,SGD_lr0.0003_m0.9,SGD,2,openwebtext-3%,176,val_eval,10.396836280822754,5.307346326836581e-05,6.777694989795559,
2025-09-14 23:30:30,SGD_lr0.0003_m0.9,SGD,2,openwebtext-3%,177,train_eval,10.390690803527832,5.3373313343328334e-05,6.777694989795559,
2025-09-14 23:30:30,SGD_lr0.0003_m0.9,SGD,2,openwebtext-3%,177,val_eval,10.391534805297852,5.3373313343328334e-05,6.777694989795559,
2025-09-14 23:30:49,SGD_lr0.0003_m0.9,SGD,2,openwebtext-3%,178,train_eval,10.383925437927246,5.3673163418290855e-05,6.777694989795559,
2025-09-14 23:30:49,SGD_lr0.0003_m0.9,SGD,2,openwebtext-3%,178,val_eval,10.384286880493164,5.3673163418290855e-05,6.777694989795559,
2025-09-14 23:31:09,SGD_lr0.0003_m0.9,SGD,2,openwebtext-3%,179,train_eval,10.380610466003418,5.397301349325337e-05,6.777694989795559,
2025-09-14 23:31:09,SGD_lr0.0003_m0.9,SGD,2,openwebtext-3%,179,val_eval,10.381595611572266,5.397301349325337e-05,6.777694989795559,
2025-09-14 23:31:29,SGD_lr0.0003_m0.9,SGD,2,openwebtext-3%,180,train_eval,10.376786231994629,5.427286356821588e-05,6.777694989795559,
2025-09-14 23:31:29,SGD_lr0.0003_m0.9,SGD,2,openwebtext-3%,180,val_eval,10.376870155334473,5.427286356821588e-05,6.777694989795559,
2025-09-14 23:31:36,SGD_lr0.0003_m0.9,SGD,2,openwebtext-3%,180,train_iter,10.397075414657593,5.427286356821588e-05,6.786550478359697,19611.75036430359
2025-09-14 23:31:49,SGD_lr0.0003_m0.9,SGD,2,openwebtext-3%,181,train_eval,10.369503021240234,5.4572713643178404e-05,6.786550478359697,
2025-09-14 23:31:49,SGD_lr0.0003_m0.9,SGD,2,openwebtext-3%,181,val_eval,10.371899604797363,5.4572713643178404e-05,6.786550478359697,
2025-09-14 23:32:08,SGD_lr0.0003_m0.9,SGD,2,openwebtext-3%,182,train_eval,10.367090225219727,5.4872563718140925e-05,6.786550478359697,
2025-09-14 23:32:08,SGD_lr0.0003_m0.9,SGD,2,openwebtext-3%,182,val_eval,10.366427421569824,5.4872563718140925e-05,6.786550478359697,
2025-09-14 23:32:28,SGD_lr0.0003_m0.9,SGD,2,openwebtext-3%,183,train_eval,10.362342834472656,5.517241379310344e-05,6.786550478359697,
2025-09-14 23:32:28,SGD_lr0.0003_m0.9,SGD,2,openwebtext-3%,183,val_eval,10.361510276794434,5.517241379310344e-05,6.786550478359697,
2025-09-14 23:32:48,SGD_lr0.0003_m0.9,SGD,2,openwebtext-3%,184,train_eval,10.357555389404297,5.547226386806596e-05,6.786550478359697,
2025-09-14 23:32:48,SGD_lr0.0003_m0.9,SGD,2,openwebtext-3%,184,val_eval,10.357900619506836,5.547226386806596e-05,6.786550478359697,
2025-09-14 23:33:08,SGD_lr0.0003_m0.9,SGD,2,openwebtext-3%,185,train_eval,10.354037284851074,5.577211394302848e-05,6.786550478359697,
2025-09-14 23:33:08,SGD_lr0.0003_m0.9,SGD,2,openwebtext-3%,185,val_eval,10.351797103881836,5.577211394302848e-05,6.786550478359697,
2025-09-14 23:33:28,SGD_lr0.0003_m0.9,SGD,2,openwebtext-3%,186,train_eval,10.346426010131836,5.6071964017991e-05,6.786550478359697,
2025-09-14 23:33:28,SGD_lr0.0003_m0.9,SGD,2,openwebtext-3%,186,val_eval,10.345229148864746,5.6071964017991e-05,6.786550478359697,
2025-09-14 23:33:48,SGD_lr0.0003_m0.9,SGD,2,openwebtext-3%,187,train_eval,10.343306541442871,5.637181409295352e-05,6.786550478359697,
2025-09-14 23:33:48,SGD_lr0.0003_m0.9,SGD,2,openwebtext-3%,187,val_eval,10.343271255493164,5.637181409295352e-05,6.786550478359697,
2025-09-14 23:34:07,SGD_lr0.0003_m0.9,SGD,2,openwebtext-3%,188,train_eval,10.336836814880371,5.667166416791604e-05,6.786550478359697,
2025-09-14 23:34:07,SGD_lr0.0003_m0.9,SGD,2,openwebtext-3%,188,val_eval,10.3388090133667,5.667166416791604e-05,6.786550478359697,
2025-09-14 23:34:27,SGD_lr0.0003_m0.9,SGD,2,openwebtext-3%,189,train_eval,10.334942817687988,5.697151424287855e-05,6.786550478359697,
2025-09-14 23:34:27,SGD_lr0.0003_m0.9,SGD,2,openwebtext-3%,189,val_eval,10.332231521606445,5.697151424287855e-05,6.786550478359697,
2025-09-14 23:34:47,SGD_lr0.0003_m0.9,SGD,2,openwebtext-3%,190,train_eval,10.32598876953125,5.7271364317841074e-05,6.786550478359697,
2025-09-14 23:34:47,SGD_lr0.0003_m0.9,SGD,2,openwebtext-3%,190,val_eval,10.331151962280273,5.7271364317841074e-05,6.786550478359697,
2025-09-14 23:34:54,SGD_lr0.0003_m0.9,SGD,2,openwebtext-3%,190,train_iter,10.363975763320923,5.7271364317841074e-05,6.792181923009689,19678.77197265625
2025-09-14 23:35:07,SGD_lr0.0003_m0.9,SGD,2,openwebtext-3%,191,train_eval,10.326099395751953,5.7571214392803595e-05,6.792181923009689,
2025-09-14 23:35:07,SGD_lr0.0003_m0.9,SGD,2,openwebtext-3%,191,val_eval,10.324365615844727,5.7571214392803595e-05,6.792181923009689,
2025-09-14 23:35:26,SGD_lr0.0003_m0.9,SGD,2,openwebtext-3%,192,train_eval,10.315874099731445,5.787106446776611e-05,6.792181923009689,
2025-09-14 23:35:26,SGD_lr0.0003_m0.9,SGD,2,openwebtext-3%,192,val_eval,10.318476676940918,5.787106446776611e-05,6.792181923009689,
2025-09-14 23:35:46,SGD_lr0.0003_m0.9,SGD,2,openwebtext-3%,193,train_eval,10.316035270690918,5.817091454272863e-05,6.792181923009689,
2025-09-14 23:35:46,SGD_lr0.0003_m0.9,SGD,2,openwebtext-3%,193,val_eval,10.311598777770996,5.817091454272863e-05,6.792181923009689,
2025-09-14 23:36:06,SGD_lr0.0003_m0.9,SGD,2,openwebtext-3%,194,train_eval,10.309889793395996,5.847076461769115e-05,6.792181923009689,
2025-09-14 23:36:06,SGD_lr0.0003_m0.9,SGD,2,openwebtext-3%,194,val_eval,10.307575225830078,5.847076461769115e-05,6.792181923009689,
2025-09-14 23:36:25,SGD_lr0.0003_m0.9,SGD,2,openwebtext-3%,195,train_eval,10.301972389221191,5.877061469265367e-05,6.792181923009689,
2025-09-14 23:36:25,SGD_lr0.0003_m0.9,SGD,2,openwebtext-3%,195,val_eval,10.305014610290527,5.877061469265367e-05,6.792181923009689,
2025-09-14 23:36:45,SGD_lr0.0003_m0.9,SGD,2,openwebtext-3%,196,train_eval,10.300851821899414,5.9070464767616186e-05,6.792181923009689,
2025-09-14 23:36:45,SGD_lr0.0003_m0.9,SGD,2,openwebtext-3%,196,val_eval,10.300871849060059,5.9070464767616186e-05,6.792181923009689,
2025-09-14 23:37:05,SGD_lr0.0003_m0.9,SGD,2,openwebtext-3%,197,train_eval,10.298864364624023,5.937031484257871e-05,6.792181923009689,
2025-09-14 23:37:05,SGD_lr0.0003_m0.9,SGD,2,openwebtext-3%,197,val_eval,10.292817115783691,5.937031484257871e-05,6.792181923009689,
2025-09-14 23:37:24,SGD_lr0.0003_m0.9,SGD,2,openwebtext-3%,198,train_eval,10.293539047241211,5.967016491754123e-05,6.792181923009689,
2025-09-14 23:37:24,SGD_lr0.0003_m0.9,SGD,2,openwebtext-3%,198,val_eval,10.288989067077637,5.967016491754123e-05,6.792181923009689,
2025-09-14 23:37:44,SGD_lr0.0003_m0.9,SGD,2,openwebtext-3%,199,train_eval,10.290104866027832,5.997001499250374e-05,6.792181923009689,
2025-09-14 23:37:44,SGD_lr0.0003_m0.9,SGD,2,openwebtext-3%,199,val_eval,10.286022186279297,5.997001499250374e-05,6.792181923009689,
2025-09-14 23:38:04,SGD_lr0.0003_m0.9,SGD,2,openwebtext-3%,200,train_eval,10.282301902770996,6.026986506746626e-05,6.792181923009689,
2025-09-14 23:38:04,SGD_lr0.0003_m0.9,SGD,2,openwebtext-3%,200,val_eval,10.283674240112305,6.026986506746626e-05,6.792181923009689,
2025-09-14 23:38:17,SGD_lr0.0003_m0.9,SGD,2,openwebtext-3%,200,train_iter,10.286945104598999,6.026986506746626e-05,6.630622184017174,26013.132333755493
2025-09-14 23:38:38,SGD_lr0.0003_m0.95,SGD,2,openwebtext-3%,0,train_eval,10.945842742919922,2.998500749625187e-07,,
2025-09-14 23:38:38,SGD_lr0.0003_m0.95,SGD,2,openwebtext-3%,0,val_eval,10.944282531738281,2.998500749625187e-07,,
2025-09-14 23:38:52,SGD_lr0.0003_m0.95,SGD,2,openwebtext-3%,0,train_iter,10.945987701416016,2.998500749625187e-07,,28334.319829940796
2025-09-14 23:39:05,SGD_lr0.0003_m0.95,SGD,2,openwebtext-3%,1,train_eval,10.946183204650879,5.997001499250374e-07,,
2025-09-14 23:39:05,SGD_lr0.0003_m0.95,SGD,2,openwebtext-3%,1,val_eval,10.94624137878418,5.997001499250374e-07,,
2025-09-14 23:39:25,SGD_lr0.0003_m0.95,SGD,2,openwebtext-3%,2,train_eval,10.94705581665039,8.995502248875562e-07,,
2025-09-14 23:39:25,SGD_lr0.0003_m0.95,SGD,2,openwebtext-3%,2,val_eval,10.944670677185059,8.995502248875562e-07,,
2025-09-14 23:39:44,SGD_lr0.0003_m0.95,SGD,2,openwebtext-3%,3,train_eval,10.946040153503418,1.1994002998500749e-06,,
2025-09-14 23:39:44,SGD_lr0.0003_m0.95,SGD,2,openwebtext-3%,3,val_eval,10.945988655090332,1.1994002998500749e-06,,
2025-09-14 23:40:04,SGD_lr0.0003_m0.95,SGD,2,openwebtext-3%,4,train_eval,10.946218490600586,1.4992503748125936e-06,,
2025-09-14 23:40:04,SGD_lr0.0003_m0.95,SGD,2,openwebtext-3%,4,val_eval,10.946420669555664,1.4992503748125936e-06,,
2025-09-14 23:40:24,SGD_lr0.0003_m0.95,SGD,2,openwebtext-3%,5,train_eval,10.945025444030762,1.7991004497751123e-06,,
2025-09-14 23:40:24,SGD_lr0.0003_m0.95,SGD,2,openwebtext-3%,5,val_eval,10.945104598999023,1.7991004497751123e-06,,
2025-09-14 23:40:44,SGD_lr0.0003_m0.95,SGD,2,openwebtext-3%,6,train_eval,10.945570945739746,2.0989505247376313e-06,,
2025-09-14 23:40:44,SGD_lr0.0003_m0.95,SGD,2,openwebtext-3%,6,val_eval,10.945306777954102,2.0989505247376313e-06,,
2025-09-14 23:41:03,SGD_lr0.0003_m0.95,SGD,2,openwebtext-3%,7,train_eval,10.945608139038086,2.3988005997001498e-06,,
2025-09-14 23:41:03,SGD_lr0.0003_m0.95,SGD,2,openwebtext-3%,7,val_eval,10.945947647094727,2.3988005997001498e-06,,
2025-09-14 23:41:23,SGD_lr0.0003_m0.95,SGD,2,openwebtext-3%,8,train_eval,10.94488525390625,2.6986506746626683e-06,,
2025-09-14 23:41:23,SGD_lr0.0003_m0.95,SGD,2,openwebtext-3%,8,val_eval,10.943861961364746,2.6986506746626683e-06,,
2025-09-14 23:41:43,SGD_lr0.0003_m0.95,SGD,2,openwebtext-3%,9,train_eval,10.9439697265625,2.9985007496251872e-06,,
2025-09-14 23:41:43,SGD_lr0.0003_m0.95,SGD,2,openwebtext-3%,9,val_eval,10.944034576416016,2.9985007496251872e-06,,
2025-09-14 23:42:02,SGD_lr0.0003_m0.95,SGD,2,openwebtext-3%,10,train_eval,10.944580078125,3.2983508245877057e-06,,
2025-09-14 23:42:02,SGD_lr0.0003_m0.95,SGD,2,openwebtext-3%,10,val_eval,10.944334983825684,3.2983508245877057e-06,,
2025-09-14 23:42:09,SGD_lr0.0003_m0.95,SGD,2,openwebtext-3%,10,train_iter,10.945651531219482,3.2983508245877057e-06,6.851042806461996,19655.282020568848
2025-09-14 23:42:22,SGD_lr0.0003_m0.95,SGD,2,openwebtext-3%,11,train_eval,10.945269584655762,3.5982008995502247e-06,6.851042806461996,
2025-09-14 23:42:22,SGD_lr0.0003_m0.95,SGD,2,openwebtext-3%,11,val_eval,10.944358825683594,3.5982008995502247e-06,6.851042806461996,
2025-09-14 23:42:42,SGD_lr0.0003_m0.95,SGD,2,openwebtext-3%,12,train_eval,10.9435453414917,3.898050974512743e-06,6.851042806461996,
2025-09-14 23:42:42,SGD_lr0.0003_m0.95,SGD,2,openwebtext-3%,12,val_eval,10.943458557128906,3.898050974512743e-06,6.851042806461996,
2025-09-14 23:43:02,SGD_lr0.0003_m0.95,SGD,2,openwebtext-3%,13,train_eval,10.942378044128418,4.1979010494752625e-06,6.851042806461996,
2025-09-14 23:43:02,SGD_lr0.0003_m0.95,SGD,2,openwebtext-3%,13,val_eval,10.942643165588379,4.1979010494752625e-06,6.851042806461996,
2025-09-14 23:43:21,SGD_lr0.0003_m0.95,SGD,2,openwebtext-3%,14,train_eval,10.942302703857422,4.497751124437781e-06,6.851042806461996,
2025-09-14 23:43:21,SGD_lr0.0003_m0.95,SGD,2,openwebtext-3%,14,val_eval,10.942757606506348,4.497751124437781e-06,6.851042806461996,
2025-09-14 23:43:41,SGD_lr0.0003_m0.95,SGD,2,openwebtext-3%,15,train_eval,10.941512107849121,4.7976011994002995e-06,6.851042806461996,
2025-09-14 23:43:41,SGD_lr0.0003_m0.95,SGD,2,openwebtext-3%,15,val_eval,10.941153526306152,4.7976011994002995e-06,6.851042806461996,
2025-09-14 23:44:00,SGD_lr0.0003_m0.95,SGD,2,openwebtext-3%,16,train_eval,10.940686225891113,5.097451274362818e-06,6.851042806461996,
2025-09-14 23:44:00,SGD_lr0.0003_m0.95,SGD,2,openwebtext-3%,16,val_eval,10.941246032714844,5.097451274362818e-06,6.851042806461996,
2025-09-14 23:44:20,SGD_lr0.0003_m0.95,SGD,2,openwebtext-3%,17,train_eval,10.940690994262695,5.3973013493253366e-06,6.851042806461996,
2025-09-14 23:44:20,SGD_lr0.0003_m0.95,SGD,2,openwebtext-3%,17,val_eval,10.939249038696289,5.3973013493253366e-06,6.851042806461996,
2025-09-14 23:44:40,SGD_lr0.0003_m0.95,SGD,2,openwebtext-3%,18,train_eval,10.939456939697266,5.697151424287855e-06,6.851042806461996,
2025-09-14 23:44:40,SGD_lr0.0003_m0.95,SGD,2,openwebtext-3%,18,val_eval,10.938568115234375,5.697151424287855e-06,6.851042806461996,
2025-09-14 23:44:59,SGD_lr0.0003_m0.95,SGD,2,openwebtext-3%,19,train_eval,10.938847541809082,5.9970014992503744e-06,6.851042806461996,
2025-09-14 23:44:59,SGD_lr0.0003_m0.95,SGD,2,openwebtext-3%,19,val_eval,10.93713665008545,5.9970014992503744e-06,6.851042806461996,
2025-09-14 23:45:19,SGD_lr0.0003_m0.95,SGD,2,openwebtext-3%,20,train_eval,10.936057090759277,6.296851574212893e-06,6.851042806461996,
2025-09-14 23:45:19,SGD_lr0.0003_m0.95,SGD,2,openwebtext-3%,20,val_eval,10.935782432556152,6.296851574212893e-06,6.851042806461996,
2025-09-14 23:45:26,SGD_lr0.0003_m0.95,SGD,2,openwebtext-3%,20,train_iter,10.949939489364624,6.296851574212893e-06,6.8530615372810315,19597.535848617554
2025-09-14 23:45:39,SGD_lr0.0003_m0.95,SGD,2,openwebtext-3%,21,train_eval,10.935844421386719,6.5967016491754115e-06,6.8530615372810315,
2025-09-14 23:45:39,SGD_lr0.0003_m0.95,SGD,2,openwebtext-3%,21,val_eval,10.936332702636719,6.5967016491754115e-06,6.8530615372810315,
2025-09-14 23:45:58,SGD_lr0.0003_m0.95,SGD,2,openwebtext-3%,22,train_eval,10.93467903137207,6.89655172413793e-06,6.8530615372810315,
2025-09-14 23:45:58,SGD_lr0.0003_m0.95,SGD,2,openwebtext-3%,22,val_eval,10.933615684509277,6.89655172413793e-06,6.8530615372810315,
2025-09-14 23:46:18,SGD_lr0.0003_m0.95,SGD,2,openwebtext-3%,23,train_eval,10.932280540466309,7.196401799100449e-06,6.8530615372810315,
2025-09-14 23:46:18,SGD_lr0.0003_m0.95,SGD,2,openwebtext-3%,23,val_eval,10.933759689331055,7.196401799100449e-06,6.8530615372810315,
2025-09-14 23:46:38,SGD_lr0.0003_m0.95,SGD,2,openwebtext-3%,24,train_eval,10.930708885192871,7.496251874062968e-06,6.8530615372810315,
2025-09-14 23:46:38,SGD_lr0.0003_m0.95,SGD,2,openwebtext-3%,24,val_eval,10.930302619934082,7.496251874062968e-06,6.8530615372810315,
2025-09-14 23:46:57,SGD_lr0.0003_m0.95,SGD,2,openwebtext-3%,25,train_eval,10.929878234863281,7.796101949025486e-06,6.8530615372810315,
2025-09-14 23:46:57,SGD_lr0.0003_m0.95,SGD,2,openwebtext-3%,25,val_eval,10.929582595825195,7.796101949025486e-06,6.8530615372810315,
2025-09-14 23:47:17,SGD_lr0.0003_m0.95,SGD,2,openwebtext-3%,26,train_eval,10.928833961486816,8.095952023988006e-06,6.8530615372810315,
2025-09-14 23:47:17,SGD_lr0.0003_m0.95,SGD,2,openwebtext-3%,26,val_eval,10.92753791809082,8.095952023988006e-06,6.8530615372810315,
2025-09-14 23:47:37,SGD_lr0.0003_m0.95,SGD,2,openwebtext-3%,27,train_eval,10.92669677734375,8.395802098950525e-06,6.8530615372810315,
2025-09-14 23:47:37,SGD_lr0.0003_m0.95,SGD,2,openwebtext-3%,27,val_eval,10.926446914672852,8.395802098950525e-06,6.8530615372810315,
2025-09-14 23:47:56,SGD_lr0.0003_m0.95,SGD,2,openwebtext-3%,28,train_eval,10.924155235290527,8.695652173913043e-06,6.8530615372810315,
2025-09-14 23:47:56,SGD_lr0.0003_m0.95,SGD,2,openwebtext-3%,28,val_eval,10.924805641174316,8.695652173913043e-06,6.8530615372810315,
2025-09-14 23:48:16,SGD_lr0.0003_m0.95,SGD,2,openwebtext-3%,29,train_eval,10.924247741699219,8.995502248875562e-06,6.8530615372810315,
2025-09-14 23:48:16,SGD_lr0.0003_m0.95,SGD,2,openwebtext-3%,29,val_eval,10.923259735107422,8.995502248875562e-06,6.8530615372810315,
2025-09-14 23:48:36,SGD_lr0.0003_m0.95,SGD,2,openwebtext-3%,30,train_eval,10.920465469360352,9.29535232383808e-06,6.8530615372810315,
2025-09-14 23:48:36,SGD_lr0.0003_m0.95,SGD,2,openwebtext-3%,30,val_eval,10.92037582397461,9.29535232383808e-06,6.8530615372810315,
2025-09-14 23:48:42,SGD_lr0.0003_m0.95,SGD,2,openwebtext-3%,30,train_iter,10.921236276626587,9.29535232383808e-06,6.855283075855913,19586.000680923462
2025-09-14 23:48:55,SGD_lr0.0003_m0.95,SGD,2,openwebtext-3%,31,train_eval,10.919086456298828,9.595202398800599e-06,6.855283075855913,
2025-09-14 23:48:55,SGD_lr0.0003_m0.95,SGD,2,openwebtext-3%,31,val_eval,10.918941497802734,9.595202398800599e-06,6.855283075855913,
2025-09-14 23:49:15,SGD_lr0.0003_m0.95,SGD,2,openwebtext-3%,32,train_eval,10.915583610534668,9.895052473763117e-06,6.855283075855913,
2025-09-14 23:49:15,SGD_lr0.0003_m0.95,SGD,2,openwebtext-3%,32,val_eval,10.91670036315918,9.895052473763117e-06,6.855283075855913,
2025-09-14 23:49:34,SGD_lr0.0003_m0.95,SGD,2,openwebtext-3%,33,train_eval,10.914214134216309,1.0194902548725636e-05,6.855283075855913,
2025-09-14 23:49:34,SGD_lr0.0003_m0.95,SGD,2,openwebtext-3%,33,val_eval,10.913773536682129,1.0194902548725636e-05,6.855283075855913,
2025-09-14 23:49:54,SGD_lr0.0003_m0.95,SGD,2,openwebtext-3%,34,train_eval,10.911138534545898,1.0494752623688155e-05,6.855283075855913,
2025-09-14 23:49:54,SGD_lr0.0003_m0.95,SGD,2,openwebtext-3%,34,val_eval,10.912420272827148,1.0494752623688155e-05,6.855283075855913,
2025-09-14 23:50:14,SGD_lr0.0003_m0.95,SGD,2,openwebtext-3%,35,train_eval,10.908991813659668,1.0794602698650673e-05,6.855283075855913,
2025-09-14 23:50:14,SGD_lr0.0003_m0.95,SGD,2,openwebtext-3%,35,val_eval,10.909306526184082,1.0794602698650673e-05,6.855283075855913,
2025-09-14 23:50:33,SGD_lr0.0003_m0.95,SGD,2,openwebtext-3%,36,train_eval,10.906264305114746,1.1094452773613192e-05,6.855283075855913,
2025-09-14 23:50:33,SGD_lr0.0003_m0.95,SGD,2,openwebtext-3%,36,val_eval,10.905752182006836,1.1094452773613192e-05,6.855283075855913,
2025-09-14 23:50:53,SGD_lr0.0003_m0.95,SGD,2,openwebtext-3%,37,train_eval,10.904513359069824,1.139430284857571e-05,6.855283075855913,
2025-09-14 23:50:53,SGD_lr0.0003_m0.95,SGD,2,openwebtext-3%,37,val_eval,10.904105186462402,1.139430284857571e-05,6.855283075855913,
2025-09-14 23:51:12,SGD_lr0.0003_m0.95,SGD,2,openwebtext-3%,38,train_eval,10.900773048400879,1.169415292353823e-05,6.855283075855913,
2025-09-14 23:51:12,SGD_lr0.0003_m0.95,SGD,2,openwebtext-3%,38,val_eval,10.900035858154297,1.169415292353823e-05,6.855283075855913,
2025-09-14 23:51:32,SGD_lr0.0003_m0.95,SGD,2,openwebtext-3%,39,train_eval,10.897998809814453,1.1994002998500749e-05,6.855283075855913,
2025-09-14 23:51:32,SGD_lr0.0003_m0.95,SGD,2,openwebtext-3%,39,val_eval,10.897778511047363,1.1994002998500749e-05,6.855283075855913,
2025-09-14 23:51:52,SGD_lr0.0003_m0.95,SGD,2,openwebtext-3%,40,train_eval,10.8945894241333,1.2293853073463267e-05,6.855283075855913,
2025-09-14 23:51:52,SGD_lr0.0003_m0.95,SGD,2,openwebtext-3%,40,val_eval,10.896096229553223,1.2293853073463267e-05,6.855283075855913,
2025-09-14 23:51:59,SGD_lr0.0003_m0.95,SGD,2,openwebtext-3%,40,train_iter,10.896650552749634,1.2293853073463267e-05,6.85671539572066,19602.168321609497
2025-09-14 23:52:11,SGD_lr0.0003_m0.95,SGD,2,openwebtext-3%,41,train_eval,10.892046928405762,1.2593703148425786e-05,6.85671539572066,
2025-09-14 23:52:11,SGD_lr0.0003_m0.95,SGD,2,openwebtext-3%,41,val_eval,10.891754150390625,1.2593703148425786e-05,6.85671539572066,
2025-09-14 23:52:31,SGD_lr0.0003_m0.95,SGD,2,openwebtext-3%,42,train_eval,10.88913345336914,1.2893553223388304e-05,6.85671539572066,
2025-09-14 23:52:31,SGD_lr0.0003_m0.95,SGD,2,openwebtext-3%,42,val_eval,10.889281272888184,1.2893553223388304e-05,6.85671539572066,
2025-09-14 23:52:51,SGD_lr0.0003_m0.95,SGD,2,openwebtext-3%,43,train_eval,10.886096954345703,1.3193403298350823e-05,6.85671539572066,
2025-09-14 23:52:51,SGD_lr0.0003_m0.95,SGD,2,openwebtext-3%,43,val_eval,10.885751724243164,1.3193403298350823e-05,6.85671539572066,
2025-09-14 23:53:10,SGD_lr0.0003_m0.95,SGD,2,openwebtext-3%,44,train_eval,10.881614685058594,1.3493253373313342e-05,6.85671539572066,
2025-09-14 23:53:10,SGD_lr0.0003_m0.95,SGD,2,openwebtext-3%,44,val_eval,10.883984565734863,1.3493253373313342e-05,6.85671539572066,
2025-09-14 23:53:30,SGD_lr0.0003_m0.95,SGD,2,openwebtext-3%,45,train_eval,10.879234313964844,1.379310344827586e-05,6.85671539572066,
2025-09-14 23:53:30,SGD_lr0.0003_m0.95,SGD,2,openwebtext-3%,45,val_eval,10.877541542053223,1.379310344827586e-05,6.85671539572066,
2025-09-14 23:53:50,SGD_lr0.0003_m0.95,SGD,2,openwebtext-3%,46,train_eval,10.875404357910156,1.409295352323838e-05,6.85671539572066,
2025-09-14 23:53:50,SGD_lr0.0003_m0.95,SGD,2,openwebtext-3%,46,val_eval,10.875212669372559,1.409295352323838e-05,6.85671539572066,
2025-09-14 23:54:09,SGD_lr0.0003_m0.95,SGD,2,openwebtext-3%,47,train_eval,10.87206745147705,1.4392803598200899e-05,6.85671539572066,
2025-09-14 23:54:09,SGD_lr0.0003_m0.95,SGD,2,openwebtext-3%,47,val_eval,10.871607780456543,1.4392803598200899e-05,6.85671539572066,
2025-09-14 23:54:29,SGD_lr0.0003_m0.95,SGD,2,openwebtext-3%,48,train_eval,10.868762969970703,1.4692653673163418e-05,6.85671539572066,
2025-09-14 23:54:29,SGD_lr0.0003_m0.95,SGD,2,openwebtext-3%,48,val_eval,10.867690086364746,1.4692653673163418e-05,6.85671539572066,
2025-09-14 23:54:49,SGD_lr0.0003_m0.95,SGD,2,openwebtext-3%,49,train_eval,10.864604949951172,1.4992503748125936e-05,6.85671539572066,
2025-09-14 23:54:49,SGD_lr0.0003_m0.95,SGD,2,openwebtext-3%,49,val_eval,10.864886283874512,1.4992503748125936e-05,6.85671539572066,
2025-09-14 23:55:09,SGD_lr0.0003_m0.95,SGD,2,openwebtext-3%,50,train_eval,10.860408782958984,1.5292353823088455e-05,6.85671539572066,
2025-09-14 23:55:09,SGD_lr0.0003_m0.95,SGD,2,openwebtext-3%,50,val_eval,10.860559463500977,1.5292353823088455e-05,6.85671539572066,
2025-09-14 23:55:15,SGD_lr0.0003_m0.95,SGD,2,openwebtext-3%,50,train_iter,10.85636019706726,1.5292353823088455e-05,6.857479246573995,19617.167234420776
2025-09-14 23:55:28,SGD_lr0.0003_m0.95,SGD,2,openwebtext-3%,51,train_eval,10.855798721313477,1.5592203898050973e-05,6.857479246573995,
2025-09-14 23:55:28,SGD_lr0.0003_m0.95,SGD,2,openwebtext-3%,51,val_eval,10.856127738952637,1.5592203898050973e-05,6.857479246573995,
2025-09-14 23:55:48,SGD_lr0.0003_m0.95,SGD,2,openwebtext-3%,52,train_eval,10.851081848144531,1.589205397301349e-05,6.857479246573995,
2025-09-14 23:55:48,SGD_lr0.0003_m0.95,SGD,2,openwebtext-3%,52,val_eval,10.852499961853027,1.589205397301349e-05,6.857479246573995,
2025-09-14 23:56:07,SGD_lr0.0003_m0.95,SGD,2,openwebtext-3%,53,train_eval,10.848355293273926,1.619190404797601e-05,6.857479246573995,
2025-09-14 23:56:07,SGD_lr0.0003_m0.95,SGD,2,openwebtext-3%,53,val_eval,10.847764015197754,1.619190404797601e-05,6.857479246573995,
2025-09-14 23:56:27,SGD_lr0.0003_m0.95,SGD,2,openwebtext-3%,54,train_eval,10.844603538513184,1.649175412293853e-05,6.857479246573995,
2025-09-14 23:56:27,SGD_lr0.0003_m0.95,SGD,2,openwebtext-3%,54,val_eval,10.844904899597168,1.649175412293853e-05,6.857479246573995,
2025-09-14 23:56:47,SGD_lr0.0003_m0.95,SGD,2,openwebtext-3%,55,train_eval,10.838356971740723,1.679160419790105e-05,6.857479246573995,
2025-09-14 23:56:47,SGD_lr0.0003_m0.95,SGD,2,openwebtext-3%,55,val_eval,10.839510917663574,1.679160419790105e-05,6.857479246573995,
2025-09-14 23:57:06,SGD_lr0.0003_m0.95,SGD,2,openwebtext-3%,56,train_eval,10.835833549499512,1.7091454272863564e-05,6.857479246573995,
2025-09-14 23:57:06,SGD_lr0.0003_m0.95,SGD,2,openwebtext-3%,56,val_eval,10.836822509765625,1.7091454272863564e-05,6.857479246573995,
2025-09-14 23:57:26,SGD_lr0.0003_m0.95,SGD,2,openwebtext-3%,57,train_eval,10.831159591674805,1.7391304347826085e-05,6.857479246573995,
2025-09-14 23:57:26,SGD_lr0.0003_m0.95,SGD,2,openwebtext-3%,57,val_eval,10.831260681152344,1.7391304347826085e-05,6.857479246573995,
2025-09-14 23:57:46,SGD_lr0.0003_m0.95,SGD,2,openwebtext-3%,58,train_eval,10.826581954956055,1.7691154422788603e-05,6.857479246573995,
2025-09-14 23:57:46,SGD_lr0.0003_m0.95,SGD,2,openwebtext-3%,58,val_eval,10.826623916625977,1.7691154422788603e-05,6.857479246573995,
2025-09-14 23:58:05,SGD_lr0.0003_m0.95,SGD,2,openwebtext-3%,59,train_eval,10.820518493652344,1.7991004497751124e-05,6.857479246573995,
2025-09-14 23:58:05,SGD_lr0.0003_m0.95,SGD,2,openwebtext-3%,59,val_eval,10.821930885314941,1.7991004497751124e-05,6.857479246573995,
2025-09-14 23:58:25,SGD_lr0.0003_m0.95,SGD,2,openwebtext-3%,60,train_eval,10.817439079284668,1.829085457271364e-05,6.857479246573995,
2025-09-14 23:58:25,SGD_lr0.0003_m0.95,SGD,2,openwebtext-3%,60,val_eval,10.817915916442871,1.829085457271364e-05,6.857479246573995,
2025-09-14 23:58:32,SGD_lr0.0003_m0.95,SGD,2,openwebtext-3%,60,train_iter,10.800325870513916,1.829085457271364e-05,6.846671993504747,19951.261520385742
2025-09-14 23:58:45,SGD_lr0.0003_m0.95,SGD,2,openwebtext-3%,61,train_eval,10.81131362915039,1.859070464767616e-05,6.846671993504747,
2025-09-14 23:58:45,SGD_lr0.0003_m0.95,SGD,2,openwebtext-3%,61,val_eval,10.811583518981934,1.859070464767616e-05,6.846671993504747,
2025-09-14 23:59:04,SGD_lr0.0003_m0.95,SGD,2,openwebtext-3%,62,train_eval,10.807836532592773,1.8890554722638677e-05,6.846671993504747,
2025-09-14 23:59:04,SGD_lr0.0003_m0.95,SGD,2,openwebtext-3%,62,val_eval,10.807066917419434,1.8890554722638677e-05,6.846671993504747,
2025-09-14 23:59:24,SGD_lr0.0003_m0.95,SGD,2,openwebtext-3%,63,train_eval,10.80276107788086,1.9190404797601198e-05,6.846671993504747,
2025-09-14 23:59:24,SGD_lr0.0003_m0.95,SGD,2,openwebtext-3%,63,val_eval,10.802124977111816,1.9190404797601198e-05,6.846671993504747,
2025-09-14 23:59:44,SGD_lr0.0003_m0.95,SGD,2,openwebtext-3%,64,train_eval,10.798833847045898,1.949025487256372e-05,6.846671993504747,
2025-09-14 23:59:44,SGD_lr0.0003_m0.95,SGD,2,openwebtext-3%,64,val_eval,10.79738998413086,1.949025487256372e-05,6.846671993504747,
2025-09-15 00:00:03,SGD_lr0.0003_m0.95,SGD,2,openwebtext-3%,65,train_eval,10.792998313903809,1.9790104947526234e-05,6.846671993504747,
2025-09-15 00:00:03,SGD_lr0.0003_m0.95,SGD,2,openwebtext-3%,65,val_eval,10.792712211608887,1.9790104947526234e-05,6.846671993504747,
2025-09-15 00:00:23,SGD_lr0.0003_m0.95,SGD,2,openwebtext-3%,66,train_eval,10.788819313049316,2.0089955022488755e-05,6.846671993504747,
2025-09-15 00:00:23,SGD_lr0.0003_m0.95,SGD,2,openwebtext-3%,66,val_eval,10.788078308105469,2.0089955022488755e-05,6.846671993504747,
2025-09-15 00:00:43,SGD_lr0.0003_m0.95,SGD,2,openwebtext-3%,67,train_eval,10.782615661621094,2.0389805097451272e-05,6.846671993504747,
2025-09-15 00:00:43,SGD_lr0.0003_m0.95,SGD,2,openwebtext-3%,67,val_eval,10.783245086669922,2.0389805097451272e-05,6.846671993504747,
2025-09-15 00:01:02,SGD_lr0.0003_m0.95,SGD,2,openwebtext-3%,68,train_eval,10.775986671447754,2.0689655172413793e-05,6.846671993504747,
2025-09-15 00:01:02,SGD_lr0.0003_m0.95,SGD,2,openwebtext-3%,68,val_eval,10.776755332946777,2.0689655172413793e-05,6.846671993504747,
2025-09-15 00:01:22,SGD_lr0.0003_m0.95,SGD,2,openwebtext-3%,69,train_eval,10.772104263305664,2.098950524737631e-05,6.846671993504747,
2025-09-15 00:01:22,SGD_lr0.0003_m0.95,SGD,2,openwebtext-3%,69,val_eval,10.771934509277344,2.098950524737631e-05,6.846671993504747,
2025-09-15 00:01:42,SGD_lr0.0003_m0.95,SGD,2,openwebtext-3%,70,train_eval,10.766976356506348,2.128935532233883e-05,6.846671993504747,
2025-09-15 00:01:42,SGD_lr0.0003_m0.95,SGD,2,openwebtext-3%,70,val_eval,10.766186714172363,2.128935532233883e-05,6.846671993504747,
2025-09-15 00:01:49,SGD_lr0.0003_m0.95,SGD,2,openwebtext-3%,70,train_iter,10.752513408660889,2.128935532233883e-05,6.84593695238824,19688.96722793579
2025-09-15 00:02:01,SGD_lr0.0003_m0.95,SGD,2,openwebtext-3%,71,train_eval,10.761019706726074,2.1589205397301346e-05,6.84593695238824,
2025-09-15 00:02:01,SGD_lr0.0003_m0.95,SGD,2,openwebtext-3%,71,val_eval,10.760054588317871,2.1589205397301346e-05,6.84593695238824,
2025-09-15 00:02:21,SGD_lr0.0003_m0.95,SGD,2,openwebtext-3%,72,train_eval,10.756694793701172,2.1889055472263867e-05,6.84593695238824,
2025-09-15 00:02:21,SGD_lr0.0003_m0.95,SGD,2,openwebtext-3%,72,val_eval,10.756787300109863,2.1889055472263867e-05,6.84593695238824,
2025-09-15 00:02:41,SGD_lr0.0003_m0.95,SGD,2,openwebtext-3%,73,train_eval,10.750683784484863,2.2188905547226385e-05,6.84593695238824,
2025-09-15 00:02:41,SGD_lr0.0003_m0.95,SGD,2,openwebtext-3%,73,val_eval,10.749704360961914,2.2188905547226385e-05,6.84593695238824,
2025-09-15 00:03:00,SGD_lr0.0003_m0.95,SGD,2,openwebtext-3%,74,train_eval,10.746330261230469,2.2488755622188906e-05,6.84593695238824,
2025-09-15 00:03:00,SGD_lr0.0003_m0.95,SGD,2,openwebtext-3%,74,val_eval,10.742391586303711,2.2488755622188906e-05,6.84593695238824,
2025-09-15 00:03:20,SGD_lr0.0003_m0.95,SGD,2,openwebtext-3%,75,train_eval,10.739126205444336,2.278860569715142e-05,6.84593695238824,
2025-09-15 00:03:20,SGD_lr0.0003_m0.95,SGD,2,openwebtext-3%,75,val_eval,10.739483833312988,2.278860569715142e-05,6.84593695238824,
2025-09-15 00:03:40,SGD_lr0.0003_m0.95,SGD,2,openwebtext-3%,76,train_eval,10.734869003295898,2.308845577211394e-05,6.84593695238824,
2025-09-15 00:03:40,SGD_lr0.0003_m0.95,SGD,2,openwebtext-3%,76,val_eval,10.735023498535156,2.308845577211394e-05,6.84593695238824,
2025-09-15 00:03:59,SGD_lr0.0003_m0.95,SGD,2,openwebtext-3%,77,train_eval,10.727703094482422,2.338830584707646e-05,6.84593695238824,
2025-09-15 00:03:59,SGD_lr0.0003_m0.95,SGD,2,openwebtext-3%,77,val_eval,10.726848602294922,2.338830584707646e-05,6.84593695238824,
2025-09-15 00:04:19,SGD_lr0.0003_m0.95,SGD,2,openwebtext-3%,78,train_eval,10.719551086425781,2.368815592203898e-05,6.84593695238824,
2025-09-15 00:04:19,SGD_lr0.0003_m0.95,SGD,2,openwebtext-3%,78,val_eval,10.721009254455566,2.368815592203898e-05,6.84593695238824,
2025-09-15 00:04:38,SGD_lr0.0003_m0.95,SGD,2,openwebtext-3%,79,train_eval,10.714961051940918,2.3988005997001498e-05,6.84593695238824,
2025-09-15 00:04:38,SGD_lr0.0003_m0.95,SGD,2,openwebtext-3%,79,val_eval,10.716800689697266,2.3988005997001498e-05,6.84593695238824,
2025-09-15 00:04:58,SGD_lr0.0003_m0.95,SGD,2,openwebtext-3%,80,train_eval,10.708395004272461,2.4287856071964015e-05,6.84593695238824,
2025-09-15 00:04:58,SGD_lr0.0003_m0.95,SGD,2,openwebtext-3%,80,val_eval,10.7108154296875,2.4287856071964015e-05,6.84593695238824,
2025-09-15 00:05:05,SGD_lr0.0003_m0.95,SGD,2,openwebtext-3%,80,train_iter,10.721628665924072,2.4287856071964015e-05,6.8484706573076135,19597.410678863525
2025-09-15 00:05:18,SGD_lr0.0003_m0.95,SGD,2,openwebtext-3%,81,train_eval,10.70483112335205,2.4587706146926533e-05,6.8484706573076135,
2025-09-15 00:05:18,SGD_lr0.0003_m0.95,SGD,2,openwebtext-3%,81,val_eval,10.70278549194336,2.4587706146926533e-05,6.8484706573076135,
2025-09-15 00:05:37,SGD_lr0.0003_m0.95,SGD,2,openwebtext-3%,82,train_eval,10.697274208068848,2.4887556221889054e-05,6.8484706573076135,
2025-09-15 00:05:37,SGD_lr0.0003_m0.95,SGD,2,openwebtext-3%,82,val_eval,10.69755744934082,2.4887556221889054e-05,6.8484706573076135,
2025-09-15 00:05:57,SGD_lr0.0003_m0.95,SGD,2,openwebtext-3%,83,train_eval,10.692928314208984,2.5187406296851572e-05,6.8484706573076135,
2025-09-15 00:05:57,SGD_lr0.0003_m0.95,SGD,2,openwebtext-3%,83,val_eval,10.692340850830078,2.5187406296851572e-05,6.8484706573076135,
2025-09-15 00:06:17,SGD_lr0.0003_m0.95,SGD,2,openwebtext-3%,84,train_eval,10.686365127563477,2.5487256371814093e-05,6.8484706573076135,
2025-09-15 00:06:17,SGD_lr0.0003_m0.95,SGD,2,openwebtext-3%,84,val_eval,10.684676170349121,2.5487256371814093e-05,6.8484706573076135,
2025-09-15 00:06:36,SGD_lr0.0003_m0.95,SGD,2,openwebtext-3%,85,train_eval,10.68297004699707,2.5787106446776607e-05,6.8484706573076135,
2025-09-15 00:06:36,SGD_lr0.0003_m0.95,SGD,2,openwebtext-3%,85,val_eval,10.678683280944824,2.5787106446776607e-05,6.8484706573076135,
2025-09-15 00:06:56,SGD_lr0.0003_m0.95,SGD,2,openwebtext-3%,86,train_eval,10.672794342041016,2.6086956521739128e-05,6.8484706573076135,
2025-09-15 00:06:56,SGD_lr0.0003_m0.95,SGD,2,openwebtext-3%,86,val_eval,10.674415588378906,2.6086956521739128e-05,6.8484706573076135,
2025-09-15 00:07:16,SGD_lr0.0003_m0.95,SGD,2,openwebtext-3%,87,train_eval,10.669549942016602,2.6386806596701646e-05,6.8484706573076135,
2025-09-15 00:07:16,SGD_lr0.0003_m0.95,SGD,2,openwebtext-3%,87,val_eval,10.665753364562988,2.6386806596701646e-05,6.8484706573076135,
2025-09-15 00:07:35,SGD_lr0.0003_m0.95,SGD,2,openwebtext-3%,88,train_eval,10.658178329467773,2.6686656671664167e-05,6.8484706573076135,
2025-09-15 00:07:35,SGD_lr0.0003_m0.95,SGD,2,openwebtext-3%,88,val_eval,10.660663604736328,2.6686656671664167e-05,6.8484706573076135,
2025-09-15 00:07:55,SGD_lr0.0003_m0.95,SGD,2,openwebtext-3%,89,train_eval,10.656005859375,2.6986506746626685e-05,6.8484706573076135,
2025-09-15 00:07:55,SGD_lr0.0003_m0.95,SGD,2,openwebtext-3%,89,val_eval,10.652832984924316,2.6986506746626685e-05,6.8484706573076135,
2025-09-15 00:08:15,SGD_lr0.0003_m0.95,SGD,2,openwebtext-3%,90,train_eval,10.648110389709473,2.7286356821589202e-05,6.8484706573076135,
2025-09-15 00:08:15,SGD_lr0.0003_m0.95,SGD,2,openwebtext-3%,90,val_eval,10.648723602294922,2.7286356821589202e-05,6.8484706573076135,
2025-09-15 00:08:22,SGD_lr0.0003_m0.95,SGD,2,openwebtext-3%,90,train_iter,10.656278133392334,2.7286356821589202e-05,6.842882627092594,19824.422121047974
2025-09-15 00:08:35,SGD_lr0.0003_m0.95,SGD,2,openwebtext-3%,91,train_eval,10.63947868347168,2.758620689655172e-05,6.842882627092594,
2025-09-15 00:08:35,SGD_lr0.0003_m0.95,SGD,2,openwebtext-3%,91,val_eval,10.64255142211914,2.758620689655172e-05,6.842882627092594,
2025-09-15 00:08:54,SGD_lr0.0003_m0.95,SGD,2,openwebtext-3%,92,train_eval,10.635270118713379,2.788605697151424e-05,6.842882627092594,
2025-09-15 00:08:54,SGD_lr0.0003_m0.95,SGD,2,openwebtext-3%,92,val_eval,10.636371612548828,2.788605697151424e-05,6.842882627092594,
2025-09-15 00:09:14,SGD_lr0.0003_m0.95,SGD,2,openwebtext-3%,93,train_eval,10.630814552307129,2.818590704647676e-05,6.842882627092594,
2025-09-15 00:09:14,SGD_lr0.0003_m0.95,SGD,2,openwebtext-3%,93,val_eval,10.628009796142578,2.818590704647676e-05,6.842882627092594,
2025-09-15 00:09:34,SGD_lr0.0003_m0.95,SGD,2,openwebtext-3%,94,train_eval,10.622808456420898,2.8485757121439276e-05,6.842882627092594,
2025-09-15 00:09:34,SGD_lr0.0003_m0.95,SGD,2,openwebtext-3%,94,val_eval,10.622899055480957,2.8485757121439276e-05,6.842882627092594,
2025-09-15 00:09:53,SGD_lr0.0003_m0.95,SGD,2,openwebtext-3%,95,train_eval,10.616385459899902,2.8785607196401797e-05,6.842882627092594,
2025-09-15 00:09:53,SGD_lr0.0003_m0.95,SGD,2,openwebtext-3%,95,val_eval,10.617834091186523,2.8785607196401797e-05,6.842882627092594,
2025-09-15 00:10:13,SGD_lr0.0003_m0.95,SGD,2,openwebtext-3%,96,train_eval,10.610160827636719,2.9085457271364315e-05,6.842882627092594,
2025-09-15 00:10:13,SGD_lr0.0003_m0.95,SGD,2,openwebtext-3%,96,val_eval,10.609489440917969,2.9085457271364315e-05,6.842882627092594,
2025-09-15 00:10:33,SGD_lr0.0003_m0.95,SGD,2,openwebtext-3%,97,train_eval,10.604669570922852,2.9385307346326836e-05,6.842882627092594,
2025-09-15 00:10:33,SGD_lr0.0003_m0.95,SGD,2,openwebtext-3%,97,val_eval,10.605449676513672,2.9385307346326836e-05,6.842882627092594,
2025-09-15 00:10:52,SGD_lr0.0003_m0.95,SGD,2,openwebtext-3%,98,train_eval,10.60009479522705,2.9685157421289354e-05,6.842882627092594,
2025-09-15 00:10:52,SGD_lr0.0003_m0.95,SGD,2,openwebtext-3%,98,val_eval,10.597062110900879,2.9685157421289354e-05,6.842882627092594,
2025-09-15 00:11:12,SGD_lr0.0003_m0.95,SGD,2,openwebtext-3%,99,train_eval,10.589942932128906,2.998500749625187e-05,6.842882627092594,
2025-09-15 00:11:12,SGD_lr0.0003_m0.95,SGD,2,openwebtext-3%,99,val_eval,10.591639518737793,2.998500749625187e-05,6.842882627092594,
2025-09-15 00:11:32,SGD_lr0.0003_m0.95,SGD,2,openwebtext-3%,100,train_eval,10.58613395690918,3.028485757121439e-05,6.842882627092594,
2025-09-15 00:11:32,SGD_lr0.0003_m0.95,SGD,2,openwebtext-3%,100,val_eval,10.586082458496094,3.028485757121439e-05,6.842882627092594,
2025-09-15 00:11:45,SGD_lr0.0003_m0.95,SGD,2,openwebtext-3%,100,train_iter,10.609022378921509,3.028485757121439e-05,6.669859933061126,26338.401556015015
2025-09-15 00:11:58,SGD_lr0.0003_m0.95,SGD,2,openwebtext-3%,101,train_eval,10.579440116882324,3.058470764617691e-05,6.669859933061126,
2025-09-15 00:11:58,SGD_lr0.0003_m0.95,SGD,2,openwebtext-3%,101,val_eval,10.578741073608398,3.058470764617691e-05,6.669859933061126,
2025-09-15 00:12:18,SGD_lr0.0003_m0.95,SGD,2,openwebtext-3%,102,train_eval,10.571534156799316,3.0884557721139424e-05,6.669859933061126,
2025-09-15 00:12:18,SGD_lr0.0003_m0.95,SGD,2,openwebtext-3%,102,val_eval,10.572976112365723,3.0884557721139424e-05,6.669859933061126,
2025-09-15 00:12:38,SGD_lr0.0003_m0.95,SGD,2,openwebtext-3%,103,train_eval,10.566376686096191,3.1184407796101945e-05,6.669859933061126,
2025-09-15 00:12:38,SGD_lr0.0003_m0.95,SGD,2,openwebtext-3%,103,val_eval,10.56469440460205,3.1184407796101945e-05,6.669859933061126,
2025-09-15 00:12:57,SGD_lr0.0003_m0.95,SGD,2,openwebtext-3%,104,train_eval,10.560124397277832,3.1484257871064466e-05,6.669859933061126,
2025-09-15 00:12:57,SGD_lr0.0003_m0.95,SGD,2,openwebtext-3%,104,val_eval,10.558614730834961,3.1484257871064466e-05,6.669859933061126,
2025-09-15 00:13:17,SGD_lr0.0003_m0.95,SGD,2,openwebtext-3%,105,train_eval,10.550860404968262,3.178410794602698e-05,6.669859933061126,
2025-09-15 00:13:17,SGD_lr0.0003_m0.95,SGD,2,openwebtext-3%,105,val_eval,10.5546236038208,3.178410794602698e-05,6.669859933061126,
2025-09-15 00:13:37,SGD_lr0.0003_m0.95,SGD,2,openwebtext-3%,106,train_eval,10.547289848327637,3.20839580209895e-05,6.669859933061126,
2025-09-15 00:13:37,SGD_lr0.0003_m0.95,SGD,2,openwebtext-3%,106,val_eval,10.546353340148926,3.20839580209895e-05,6.669859933061126,
2025-09-15 00:13:57,SGD_lr0.0003_m0.95,SGD,2,openwebtext-3%,107,train_eval,10.54022216796875,3.238380809595202e-05,6.669859933061126,
2025-09-15 00:13:57,SGD_lr0.0003_m0.95,SGD,2,openwebtext-3%,107,val_eval,10.537812232971191,3.238380809595202e-05,6.669859933061126,
2025-09-15 00:14:17,SGD_lr0.0003_m0.95,SGD,2,openwebtext-3%,108,train_eval,10.533600807189941,3.2683658170914544e-05,6.669859933061126,
2025-09-15 00:14:17,SGD_lr0.0003_m0.95,SGD,2,openwebtext-3%,108,val_eval,10.533319473266602,3.2683658170914544e-05,6.669859933061126,
2025-09-15 00:14:36,SGD_lr0.0003_m0.95,SGD,2,openwebtext-3%,109,train_eval,10.524670600891113,3.298350824587706e-05,6.669859933061126,
2025-09-15 00:14:36,SGD_lr0.0003_m0.95,SGD,2,openwebtext-3%,109,val_eval,10.527812957763672,3.298350824587706e-05,6.669859933061126,
2025-09-15 00:14:56,SGD_lr0.0003_m0.95,SGD,2,openwebtext-3%,110,train_eval,10.517862319946289,3.328335832083958e-05,6.669859933061126,
2025-09-15 00:14:56,SGD_lr0.0003_m0.95,SGD,2,openwebtext-3%,110,val_eval,10.519984245300293,3.328335832083958e-05,6.669859933061126,
2025-09-15 00:15:03,SGD_lr0.0003_m0.95,SGD,2,openwebtext-3%,110,train_iter,10.523771047592163,3.328335832083958e-05,6.682950796663217,19800.58240890503
2025-09-15 00:15:16,SGD_lr0.0003_m0.95,SGD,2,openwebtext-3%,111,train_eval,10.514447212219238,3.35832083958021e-05,6.682950796663217,
2025-09-15 00:15:16,SGD_lr0.0003_m0.95,SGD,2,openwebtext-3%,111,val_eval,10.511722564697266,3.35832083958021e-05,6.682950796663217,
2025-09-15 00:15:35,SGD_lr0.0003_m0.95,SGD,2,openwebtext-3%,112,train_eval,10.507153511047363,3.3883058470764614e-05,6.682950796663217,
2025-09-15 00:15:35,SGD_lr0.0003_m0.95,SGD,2,openwebtext-3%,112,val_eval,10.50671100616455,3.3883058470764614e-05,6.682950796663217,
2025-09-15 00:15:55,SGD_lr0.0003_m0.95,SGD,2,openwebtext-3%,113,train_eval,10.500295639038086,3.418290854572713e-05,6.682950796663217,
2025-09-15 00:15:55,SGD_lr0.0003_m0.95,SGD,2,openwebtext-3%,113,val_eval,10.499567985534668,3.418290854572713e-05,6.682950796663217,
2025-09-15 00:16:15,SGD_lr0.0003_m0.95,SGD,2,openwebtext-3%,114,train_eval,10.493717193603516,3.448275862068965e-05,6.682950796663217,
2025-09-15 00:16:15,SGD_lr0.0003_m0.95,SGD,2,openwebtext-3%,114,val_eval,10.493082046508789,3.448275862068965e-05,6.682950796663217,
2025-09-15 00:16:34,SGD_lr0.0003_m0.95,SGD,2,openwebtext-3%,115,train_eval,10.486236572265625,3.478260869565217e-05,6.682950796663217,
2025-09-15 00:16:34,SGD_lr0.0003_m0.95,SGD,2,openwebtext-3%,115,val_eval,10.485721588134766,3.478260869565217e-05,6.682950796663217,
2025-09-15 00:16:54,SGD_lr0.0003_m0.95,SGD,2,openwebtext-3%,116,train_eval,10.480429649353027,3.508245877061469e-05,6.682950796663217,
2025-09-15 00:16:54,SGD_lr0.0003_m0.95,SGD,2,openwebtext-3%,116,val_eval,10.481891632080078,3.508245877061469e-05,6.682950796663217,
2025-09-15 00:17:14,SGD_lr0.0003_m0.95,SGD,2,openwebtext-3%,117,train_eval,10.474706649780273,3.5382308845577206e-05,6.682950796663217,
2025-09-15 00:17:14,SGD_lr0.0003_m0.95,SGD,2,openwebtext-3%,117,val_eval,10.473379135131836,3.5382308845577206e-05,6.682950796663217,
2025-09-15 00:17:34,SGD_lr0.0003_m0.95,SGD,2,openwebtext-3%,118,train_eval,10.467942237854004,3.568215892053973e-05,6.682950796663217,
2025-09-15 00:17:34,SGD_lr0.0003_m0.95,SGD,2,openwebtext-3%,118,val_eval,10.4663724899292,3.568215892053973e-05,6.682950796663217,
2025-09-15 00:17:53,SGD_lr0.0003_m0.95,SGD,2,openwebtext-3%,119,train_eval,10.461926460266113,3.598200899550225e-05,6.682950796663217,
2025-09-15 00:17:53,SGD_lr0.0003_m0.95,SGD,2,openwebtext-3%,119,val_eval,10.461223602294922,3.598200899550225e-05,6.682950796663217,
2025-09-15 00:18:13,SGD_lr0.0003_m0.95,SGD,2,openwebtext-3%,120,train_eval,10.454097747802734,3.628185907046477e-05,6.682950796663217,
2025-09-15 00:18:13,SGD_lr0.0003_m0.95,SGD,2,openwebtext-3%,120,val_eval,10.451942443847656,3.628185907046477e-05,6.682950796663217,
2025-09-15 00:18:20,SGD_lr0.0003_m0.95,SGD,2,openwebtext-3%,120,train_iter,10.443886518478394,3.628185907046477e-05,6.698091495441129,19703.267335891724
2025-09-15 00:18:33,SGD_lr0.0003_m0.95,SGD,2,openwebtext-3%,121,train_eval,10.448641777038574,3.658170914542728e-05,6.698091495441129,
2025-09-15 00:18:33,SGD_lr0.0003_m0.95,SGD,2,openwebtext-3%,121,val_eval,10.44726848602295,3.658170914542728e-05,6.698091495441129,
2025-09-15 00:18:52,SGD_lr0.0003_m0.95,SGD,2,openwebtext-3%,122,train_eval,10.43859577178955,3.68815592203898e-05,6.698091495441129,
2025-09-15 00:18:52,SGD_lr0.0003_m0.95,SGD,2,openwebtext-3%,122,val_eval,10.439103126525879,3.68815592203898e-05,6.698091495441129,
2025-09-15 00:19:12,SGD_lr0.0003_m0.95,SGD,2,openwebtext-3%,123,train_eval,10.434880256652832,3.718140929535232e-05,6.698091495441129,
2025-09-15 00:19:12,SGD_lr0.0003_m0.95,SGD,2,openwebtext-3%,123,val_eval,10.438898086547852,3.718140929535232e-05,6.698091495441129,
2025-09-15 00:19:31,SGD_lr0.0003_m0.95,SGD,2,openwebtext-3%,124,train_eval,10.43038558959961,3.748125937031484e-05,6.698091495441129,
2025-09-15 00:19:31,SGD_lr0.0003_m0.95,SGD,2,openwebtext-3%,124,val_eval,10.42462158203125,3.748125937031484e-05,6.698091495441129,
2025-09-15 00:19:51,SGD_lr0.0003_m0.95,SGD,2,openwebtext-3%,125,train_eval,10.420907974243164,3.7781109445277354e-05,6.698091495441129,
2025-09-15 00:19:51,SGD_lr0.0003_m0.95,SGD,2,openwebtext-3%,125,val_eval,10.420293807983398,3.7781109445277354e-05,6.698091495441129,
2025-09-15 00:20:11,SGD_lr0.0003_m0.95,SGD,2,openwebtext-3%,126,train_eval,10.414076805114746,3.8080959520239875e-05,6.698091495441129,
2025-09-15 00:20:11,SGD_lr0.0003_m0.95,SGD,2,openwebtext-3%,126,val_eval,10.411210060119629,3.8080959520239875e-05,6.698091495441129,
2025-09-15 00:20:31,SGD_lr0.0003_m0.95,SGD,2,openwebtext-3%,127,train_eval,10.410905838012695,3.8380809595202396e-05,6.698091495441129,
2025-09-15 00:20:31,SGD_lr0.0003_m0.95,SGD,2,openwebtext-3%,127,val_eval,10.408699035644531,3.8380809595202396e-05,6.698091495441129,
2025-09-15 00:20:50,SGD_lr0.0003_m0.95,SGD,2,openwebtext-3%,128,train_eval,10.401581764221191,3.868065967016492e-05,6.698091495441129,
2025-09-15 00:20:50,SGD_lr0.0003_m0.95,SGD,2,openwebtext-3%,128,val_eval,10.401423454284668,3.868065967016492e-05,6.698091495441129,
2025-09-15 00:21:10,SGD_lr0.0003_m0.95,SGD,2,openwebtext-3%,129,train_eval,10.393943786621094,3.898050974512744e-05,6.698091495441129,
2025-09-15 00:21:10,SGD_lr0.0003_m0.95,SGD,2,openwebtext-3%,129,val_eval,10.394221305847168,3.898050974512744e-05,6.698091495441129,
2025-09-15 00:21:30,SGD_lr0.0003_m0.95,SGD,2,openwebtext-3%,130,train_eval,10.385231971740723,3.928035982008995e-05,6.698091495441129,
2025-09-15 00:21:30,SGD_lr0.0003_m0.95,SGD,2,openwebtext-3%,130,val_eval,10.388200759887695,3.928035982008995e-05,6.698091495441129,
2025-09-15 00:21:36,SGD_lr0.0003_m0.95,SGD,2,openwebtext-3%,130,train_iter,10.358328819274902,3.928035982008995e-05,6.7127784861182,19672.744750976562
2025-09-15 00:21:49,SGD_lr0.0003_m0.95,SGD,2,openwebtext-3%,131,train_eval,10.381119728088379,3.958020989505247e-05,6.7127784861182,
2025-09-15 00:21:49,SGD_lr0.0003_m0.95,SGD,2,openwebtext-3%,131,val_eval,10.383609771728516,3.958020989505247e-05,6.7127784861182,
2025-09-15 00:22:09,SGD_lr0.0003_m0.95,SGD,2,openwebtext-3%,132,train_eval,10.370980262756348,3.988005997001499e-05,6.7127784861182,
2025-09-15 00:22:09,SGD_lr0.0003_m0.95,SGD,2,openwebtext-3%,132,val_eval,10.37382698059082,3.988005997001499e-05,6.7127784861182,
2025-09-15 00:22:29,SGD_lr0.0003_m0.95,SGD,2,openwebtext-3%,133,train_eval,10.364319801330566,4.017991004497751e-05,6.7127784861182,
2025-09-15 00:22:29,SGD_lr0.0003_m0.95,SGD,2,openwebtext-3%,133,val_eval,10.367963790893555,4.017991004497751e-05,6.7127784861182,
2025-09-15 00:22:48,SGD_lr0.0003_m0.95,SGD,2,openwebtext-3%,134,train_eval,10.362299919128418,4.0479760119940023e-05,6.7127784861182,
2025-09-15 00:22:48,SGD_lr0.0003_m0.95,SGD,2,openwebtext-3%,134,val_eval,10.360069274902344,4.0479760119940023e-05,6.7127784861182,
2025-09-15 00:23:08,SGD_lr0.0003_m0.95,SGD,2,openwebtext-3%,135,train_eval,10.355904579162598,4.0779610194902544e-05,6.7127784861182,
2025-09-15 00:23:08,SGD_lr0.0003_m0.95,SGD,2,openwebtext-3%,135,val_eval,10.354272842407227,4.0779610194902544e-05,6.7127784861182,
2025-09-15 00:23:28,SGD_lr0.0003_m0.95,SGD,2,openwebtext-3%,136,train_eval,10.349696159362793,4.1079460269865066e-05,6.7127784861182,
2025-09-15 00:23:28,SGD_lr0.0003_m0.95,SGD,2,openwebtext-3%,136,val_eval,10.349339485168457,4.1079460269865066e-05,6.7127784861182,
2025-09-15 00:23:47,SGD_lr0.0003_m0.95,SGD,2,openwebtext-3%,137,train_eval,10.340651512145996,4.1379310344827587e-05,6.7127784861182,
2025-09-15 00:23:47,SGD_lr0.0003_m0.95,SGD,2,openwebtext-3%,137,val_eval,10.344717979431152,4.1379310344827587e-05,6.7127784861182,
2025-09-15 00:24:07,SGD_lr0.0003_m0.95,SGD,2,openwebtext-3%,138,train_eval,10.335709571838379,4.16791604197901e-05,6.7127784861182,
2025-09-15 00:24:07,SGD_lr0.0003_m0.95,SGD,2,openwebtext-3%,138,val_eval,10.33584976196289,4.16791604197901e-05,6.7127784861182,
2025-09-15 00:24:27,SGD_lr0.0003_m0.95,SGD,2,openwebtext-3%,139,train_eval,10.330761909484863,4.197901049475262e-05,6.7127784861182,
2025-09-15 00:24:27,SGD_lr0.0003_m0.95,SGD,2,openwebtext-3%,139,val_eval,10.330273628234863,4.197901049475262e-05,6.7127784861182,
2025-09-15 00:24:46,SGD_lr0.0003_m0.95,SGD,2,openwebtext-3%,140,train_eval,10.32265853881836,4.227886056971514e-05,6.7127784861182,
2025-09-15 00:24:46,SGD_lr0.0003_m0.95,SGD,2,openwebtext-3%,140,val_eval,10.32413101196289,4.227886056971514e-05,6.7127784861182,
2025-09-15 00:24:53,SGD_lr0.0003_m0.95,SGD,2,openwebtext-3%,140,train_iter,10.305594205856323,4.227886056971514e-05,6.727186926466167,19638.598680496216
2025-09-15 00:25:06,SGD_lr0.0003_m0.95,SGD,2,openwebtext-3%,141,train_eval,10.319706916809082,4.257871064467766e-05,6.727186926466167,
2025-09-15 00:25:06,SGD_lr0.0003_m0.95,SGD,2,openwebtext-3%,141,val_eval,10.319632530212402,4.257871064467766e-05,6.727186926466167,
2025-09-15 00:25:26,SGD_lr0.0003_m0.95,SGD,2,openwebtext-3%,142,train_eval,10.308605194091797,4.287856071964017e-05,6.727186926466167,
2025-09-15 00:25:26,SGD_lr0.0003_m0.95,SGD,2,openwebtext-3%,142,val_eval,10.308398246765137,4.287856071964017e-05,6.727186926466167,
2025-09-15 00:25:45,SGD_lr0.0003_m0.95,SGD,2,openwebtext-3%,143,train_eval,10.302831649780273,4.317841079460269e-05,6.727186926466167,
2025-09-15 00:25:45,SGD_lr0.0003_m0.95,SGD,2,openwebtext-3%,143,val_eval,10.304555892944336,4.317841079460269e-05,6.727186926466167,
2025-09-15 00:26:05,SGD_lr0.0003_m0.95,SGD,2,openwebtext-3%,144,train_eval,10.297222137451172,4.3478260869565214e-05,6.727186926466167,
2025-09-15 00:26:05,SGD_lr0.0003_m0.95,SGD,2,openwebtext-3%,144,val_eval,10.298247337341309,4.3478260869565214e-05,6.727186926466167,
2025-09-15 00:26:25,SGD_lr0.0003_m0.95,SGD,2,openwebtext-3%,145,train_eval,10.287991523742676,4.3778110944527735e-05,6.727186926466167,
2025-09-15 00:26:25,SGD_lr0.0003_m0.95,SGD,2,openwebtext-3%,145,val_eval,10.290553092956543,4.3778110944527735e-05,6.727186926466167,
2025-09-15 00:26:44,SGD_lr0.0003_m0.95,SGD,2,openwebtext-3%,146,train_eval,10.283705711364746,4.407796101949025e-05,6.727186926466167,
2025-09-15 00:26:44,SGD_lr0.0003_m0.95,SGD,2,openwebtext-3%,146,val_eval,10.286221504211426,4.407796101949025e-05,6.727186926466167,
2025-09-15 00:27:04,SGD_lr0.0003_m0.95,SGD,2,openwebtext-3%,147,train_eval,10.278146743774414,4.437781109445277e-05,6.727186926466167,
2025-09-15 00:27:04,SGD_lr0.0003_m0.95,SGD,2,openwebtext-3%,147,val_eval,10.279149055480957,4.437781109445277e-05,6.727186926466167,
2025-09-15 00:27:23,SGD_lr0.0003_m0.95,SGD,2,openwebtext-3%,148,train_eval,10.270315170288086,4.467766116941529e-05,6.727186926466167,
2025-09-15 00:27:23,SGD_lr0.0003_m0.95,SGD,2,openwebtext-3%,148,val_eval,10.270471572875977,4.467766116941529e-05,6.727186926466167,
2025-09-15 00:27:43,SGD_lr0.0003_m0.95,SGD,2,openwebtext-3%,149,train_eval,10.264516830444336,4.497751124437781e-05,6.727186926466167,
2025-09-15 00:27:43,SGD_lr0.0003_m0.95,SGD,2,openwebtext-3%,149,val_eval,10.267993927001953,4.497751124437781e-05,6.727186926466167,
2025-09-15 00:28:03,SGD_lr0.0003_m0.95,SGD,2,openwebtext-3%,150,train_eval,10.25744915008545,4.527736131934032e-05,6.727186926466167,
2025-09-15 00:28:03,SGD_lr0.0003_m0.95,SGD,2,openwebtext-3%,150,val_eval,10.259355545043945,4.527736131934032e-05,6.727186926466167,
2025-09-15 00:28:09,SGD_lr0.0003_m0.95,SGD,2,openwebtext-3%,150,train_iter,10.270918607711792,4.527736131934032e-05,6.7410726293187615,19612.338542938232
2025-09-15 00:28:22,SGD_lr0.0003_m0.95,SGD,2,openwebtext-3%,151,train_eval,10.251860618591309,4.557721139430284e-05,6.7410726293187615,
2025-09-15 00:28:22,SGD_lr0.0003_m0.95,SGD,2,openwebtext-3%,151,val_eval,10.251739501953125,4.557721139430284e-05,6.7410726293187615,
2025-09-15 00:28:42,SGD_lr0.0003_m0.95,SGD,2,openwebtext-3%,152,train_eval,10.240360260009766,4.587706146926536e-05,6.7410726293187615,
2025-09-15 00:28:42,SGD_lr0.0003_m0.95,SGD,2,openwebtext-3%,152,val_eval,10.247398376464844,4.587706146926536e-05,6.7410726293187615,
2025-09-15 00:29:01,SGD_lr0.0003_m0.95,SGD,2,openwebtext-3%,153,train_eval,10.239055633544922,4.617691154422788e-05,6.7410726293187615,
2025-09-15 00:29:01,SGD_lr0.0003_m0.95,SGD,2,openwebtext-3%,153,val_eval,10.239891052246094,4.617691154422788e-05,6.7410726293187615,
2025-09-15 00:29:21,SGD_lr0.0003_m0.95,SGD,2,openwebtext-3%,154,train_eval,10.232198715209961,4.64767616191904e-05,6.7410726293187615,
2025-09-15 00:29:21,SGD_lr0.0003_m0.95,SGD,2,openwebtext-3%,154,val_eval,10.235991477966309,4.64767616191904e-05,6.7410726293187615,
2025-09-15 00:29:41,SGD_lr0.0003_m0.95,SGD,2,openwebtext-3%,155,train_eval,10.231025695800781,4.677661169415292e-05,6.7410726293187615,
2025-09-15 00:29:41,SGD_lr0.0003_m0.95,SGD,2,openwebtext-3%,155,val_eval,10.227808952331543,4.677661169415292e-05,6.7410726293187615,
2025-09-15 00:30:00,SGD_lr0.0003_m0.95,SGD,2,openwebtext-3%,156,train_eval,10.223223686218262,4.707646176911544e-05,6.7410726293187615,
2025-09-15 00:30:00,SGD_lr0.0003_m0.95,SGD,2,openwebtext-3%,156,val_eval,10.22257137298584,4.707646176911544e-05,6.7410726293187615,
2025-09-15 00:30:20,SGD_lr0.0003_m0.95,SGD,2,openwebtext-3%,157,train_eval,10.214324951171875,4.737631184407796e-05,6.7410726293187615,
2025-09-15 00:30:20,SGD_lr0.0003_m0.95,SGD,2,openwebtext-3%,157,val_eval,10.213324546813965,4.737631184407796e-05,6.7410726293187615,
2025-09-15 00:30:39,SGD_lr0.0003_m0.95,SGD,2,openwebtext-3%,158,train_eval,10.2086820602417,4.7676161919040474e-05,6.7410726293187615,
2025-09-15 00:30:39,SGD_lr0.0003_m0.95,SGD,2,openwebtext-3%,158,val_eval,10.20680046081543,4.7676161919040474e-05,6.7410726293187615,
2025-09-15 00:30:59,SGD_lr0.0003_m0.95,SGD,2,openwebtext-3%,159,train_eval,10.2033052444458,4.7976011994002995e-05,6.7410726293187615,
2025-09-15 00:30:59,SGD_lr0.0003_m0.95,SGD,2,openwebtext-3%,159,val_eval,10.20383071899414,4.7976011994002995e-05,6.7410726293187615,
2025-09-15 00:31:18,SGD_lr0.0003_m0.95,SGD,2,openwebtext-3%,160,train_eval,10.194239616394043,4.827586206896551e-05,6.7410726293187615,
2025-09-15 00:31:18,SGD_lr0.0003_m0.95,SGD,2,openwebtext-3%,160,val_eval,10.197369575500488,4.827586206896551e-05,6.7410726293187615,
2025-09-15 00:31:25,SGD_lr0.0003_m0.95,SGD,2,openwebtext-3%,160,train_iter,10.3289794921875,4.827586206896551e-05,6.755143089998485,19567.500352859497
2025-09-15 00:31:38,SGD_lr0.0003_m0.95,SGD,2,openwebtext-3%,161,train_eval,10.191635131835938,4.857571214392803e-05,6.755143089998485,
2025-09-15 00:31:38,SGD_lr0.0003_m0.95,SGD,2,openwebtext-3%,161,val_eval,10.19237995147705,4.857571214392803e-05,6.755143089998485,
2025-09-15 00:31:58,SGD_lr0.0003_m0.95,SGD,2,openwebtext-3%,162,train_eval,10.182755470275879,4.887556221889055e-05,6.755143089998485,
2025-09-15 00:31:58,SGD_lr0.0003_m0.95,SGD,2,openwebtext-3%,162,val_eval,10.184661865234375,4.887556221889055e-05,6.755143089998485,
2025-09-15 00:32:17,SGD_lr0.0003_m0.95,SGD,2,openwebtext-3%,163,train_eval,10.179447174072266,4.9175412293853066e-05,6.755143089998485,
2025-09-15 00:32:17,SGD_lr0.0003_m0.95,SGD,2,openwebtext-3%,163,val_eval,10.179677963256836,4.9175412293853066e-05,6.755143089998485,
2025-09-15 00:32:37,SGD_lr0.0003_m0.95,SGD,2,openwebtext-3%,164,train_eval,10.170077323913574,4.947526236881559e-05,6.755143089998485,
2025-09-15 00:32:37,SGD_lr0.0003_m0.95,SGD,2,openwebtext-3%,164,val_eval,10.174729347229004,4.947526236881559e-05,6.755143089998485,
2025-09-15 00:32:57,SGD_lr0.0003_m0.95,SGD,2,openwebtext-3%,165,train_eval,10.167728424072266,4.977511244377811e-05,6.755143089998485,
2025-09-15 00:32:57,SGD_lr0.0003_m0.95,SGD,2,openwebtext-3%,165,val_eval,10.16361141204834,4.977511244377811e-05,6.755143089998485,
2025-09-15 00:33:16,SGD_lr0.0003_m0.95,SGD,2,openwebtext-3%,166,train_eval,10.158684730529785,5.007496251874063e-05,6.755143089998485,
2025-09-15 00:33:16,SGD_lr0.0003_m0.95,SGD,2,openwebtext-3%,166,val_eval,10.161449432373047,5.007496251874063e-05,6.755143089998485,
2025-09-15 00:33:36,SGD_lr0.0003_m0.95,SGD,2,openwebtext-3%,167,train_eval,10.154461860656738,5.0374812593703144e-05,6.755143089998485,
2025-09-15 00:33:36,SGD_lr0.0003_m0.95,SGD,2,openwebtext-3%,167,val_eval,10.154719352722168,5.0374812593703144e-05,6.755143089998485,
2025-09-15 00:33:56,SGD_lr0.0003_m0.95,SGD,2,openwebtext-3%,168,train_eval,10.147560119628906,5.0674662668665665e-05,6.755143089998485,
2025-09-15 00:33:56,SGD_lr0.0003_m0.95,SGD,2,openwebtext-3%,168,val_eval,10.148784637451172,5.0674662668665665e-05,6.755143089998485,
2025-09-15 00:34:15,SGD_lr0.0003_m0.95,SGD,2,openwebtext-3%,169,train_eval,10.145220756530762,5.0974512743628186e-05,6.755143089998485,
2025-09-15 00:34:15,SGD_lr0.0003_m0.95,SGD,2,openwebtext-3%,169,val_eval,10.143397331237793,5.0974512743628186e-05,6.755143089998485,
2025-09-15 00:34:35,SGD_lr0.0003_m0.95,SGD,2,openwebtext-3%,170,train_eval,10.135912895202637,5.12743628185907e-05,6.755143089998485,
2025-09-15 00:34:35,SGD_lr0.0003_m0.95,SGD,2,openwebtext-3%,170,val_eval,10.137178421020508,5.12743628185907e-05,6.755143089998485,
2025-09-15 00:34:42,SGD_lr0.0003_m0.95,SGD,2,openwebtext-3%,170,train_iter,10.124911069869995,5.12743628185907e-05,6.7678729960493245,19565.6099319458
2025-09-15 00:34:54,SGD_lr0.0003_m0.95,SGD,2,openwebtext-3%,171,train_eval,10.130865097045898,5.1574212893553214e-05,6.7678729960493245,
2025-09-15 00:34:54,SGD_lr0.0003_m0.95,SGD,2,openwebtext-3%,171,val_eval,10.129673957824707,5.1574212893553214e-05,6.7678729960493245,
2025-09-15 00:35:14,SGD_lr0.0003_m0.95,SGD,2,openwebtext-3%,172,train_eval,10.121753692626953,5.1874062968515735e-05,6.7678729960493245,
2025-09-15 00:35:14,SGD_lr0.0003_m0.95,SGD,2,openwebtext-3%,172,val_eval,10.129467010498047,5.1874062968515735e-05,6.7678729960493245,
2025-09-15 00:35:33,SGD_lr0.0003_m0.95,SGD,2,openwebtext-3%,173,train_eval,10.118663787841797,5.2173913043478256e-05,6.7678729960493245,
2025-09-15 00:35:33,SGD_lr0.0003_m0.95,SGD,2,openwebtext-3%,173,val_eval,10.11605453491211,5.2173913043478256e-05,6.7678729960493245,
2025-09-15 00:35:53,SGD_lr0.0003_m0.95,SGD,2,openwebtext-3%,174,train_eval,10.116045951843262,5.247376311844078e-05,6.7678729960493245,
2025-09-15 00:35:53,SGD_lr0.0003_m0.95,SGD,2,openwebtext-3%,174,val_eval,10.11163330078125,5.247376311844078e-05,6.7678729960493245,
2025-09-15 00:36:13,SGD_lr0.0003_m0.95,SGD,2,openwebtext-3%,175,train_eval,10.106411933898926,5.277361319340329e-05,6.7678729960493245,
2025-09-15 00:36:13,SGD_lr0.0003_m0.95,SGD,2,openwebtext-3%,175,val_eval,10.103528022766113,5.277361319340329e-05,6.7678729960493245,
2025-09-15 00:36:32,SGD_lr0.0003_m0.95,SGD,2,openwebtext-3%,176,train_eval,10.097952842712402,5.307346326836581e-05,6.7678729960493245,
2025-09-15 00:36:32,SGD_lr0.0003_m0.95,SGD,2,openwebtext-3%,176,val_eval,10.10473918914795,5.307346326836581e-05,6.7678729960493245,
2025-09-15 00:36:52,SGD_lr0.0003_m0.95,SGD,2,openwebtext-3%,177,train_eval,10.096561431884766,5.3373313343328334e-05,6.7678729960493245,
2025-09-15 00:36:52,SGD_lr0.0003_m0.95,SGD,2,openwebtext-3%,177,val_eval,10.097764015197754,5.3373313343328334e-05,6.7678729960493245,
2025-09-15 00:37:11,SGD_lr0.0003_m0.95,SGD,2,openwebtext-3%,178,train_eval,10.087545394897461,5.3673163418290855e-05,6.7678729960493245,
2025-09-15 00:37:11,SGD_lr0.0003_m0.95,SGD,2,openwebtext-3%,178,val_eval,10.088595390319824,5.3673163418290855e-05,6.7678729960493245,
2025-09-15 00:37:31,SGD_lr0.0003_m0.95,SGD,2,openwebtext-3%,179,train_eval,10.084721565246582,5.397301349325337e-05,6.7678729960493245,
2025-09-15 00:37:31,SGD_lr0.0003_m0.95,SGD,2,openwebtext-3%,179,val_eval,10.08578872680664,5.397301349325337e-05,6.7678729960493245,
2025-09-15 00:37:51,SGD_lr0.0003_m0.95,SGD,2,openwebtext-3%,180,train_eval,10.079699516296387,5.427286356821588e-05,6.7678729960493245,
2025-09-15 00:37:51,SGD_lr0.0003_m0.95,SGD,2,openwebtext-3%,180,val_eval,10.079917907714844,5.427286356821588e-05,6.7678729960493245,
2025-09-15 00:37:58,SGD_lr0.0003_m0.95,SGD,2,openwebtext-3%,180,train_iter,10.099042654037476,5.427286356821588e-05,6.778339130344671,19593.81675720215
2025-09-15 00:38:10,SGD_lr0.0003_m0.95,SGD,2,openwebtext-3%,181,train_eval,10.071367263793945,5.4572713643178404e-05,6.778339130344671,
2025-09-15 00:38:10,SGD_lr0.0003_m0.95,SGD,2,openwebtext-3%,181,val_eval,10.074319839477539,5.4572713643178404e-05,6.778339130344671,
2025-09-15 00:38:30,SGD_lr0.0003_m0.95,SGD,2,openwebtext-3%,182,train_eval,10.067708969116211,5.4872563718140925e-05,6.778339130344671,
2025-09-15 00:38:30,SGD_lr0.0003_m0.95,SGD,2,openwebtext-3%,182,val_eval,10.067604064941406,5.4872563718140925e-05,6.778339130344671,
2025-09-15 00:38:49,SGD_lr0.0003_m0.95,SGD,2,openwebtext-3%,183,train_eval,10.063772201538086,5.517241379310344e-05,6.778339130344671,
2025-09-15 00:38:49,SGD_lr0.0003_m0.95,SGD,2,openwebtext-3%,183,val_eval,10.061907768249512,5.517241379310344e-05,6.778339130344671,
2025-09-15 00:39:09,SGD_lr0.0003_m0.95,SGD,2,openwebtext-3%,184,train_eval,10.05755615234375,5.547226386806596e-05,6.778339130344671,
2025-09-15 00:39:09,SGD_lr0.0003_m0.95,SGD,2,openwebtext-3%,184,val_eval,10.057616233825684,5.547226386806596e-05,6.778339130344671,
2025-09-15 00:39:29,SGD_lr0.0003_m0.95,SGD,2,openwebtext-3%,185,train_eval,10.052835464477539,5.577211394302848e-05,6.778339130344671,
2025-09-15 00:39:29,SGD_lr0.0003_m0.95,SGD,2,openwebtext-3%,185,val_eval,10.050223350524902,5.577211394302848e-05,6.778339130344671,
2025-09-15 00:39:48,SGD_lr0.0003_m0.95,SGD,2,openwebtext-3%,186,train_eval,10.04373836517334,5.6071964017991e-05,6.778339130344671,
2025-09-15 00:39:48,SGD_lr0.0003_m0.95,SGD,2,openwebtext-3%,186,val_eval,10.041901588439941,5.6071964017991e-05,6.778339130344671,
2025-09-15 00:40:08,SGD_lr0.0003_m0.95,SGD,2,openwebtext-3%,187,train_eval,10.040885925292969,5.637181409295352e-05,6.778339130344671,
2025-09-15 00:40:08,SGD_lr0.0003_m0.95,SGD,2,openwebtext-3%,187,val_eval,10.04037094116211,5.637181409295352e-05,6.778339130344671,
2025-09-15 00:40:27,SGD_lr0.0003_m0.95,SGD,2,openwebtext-3%,188,train_eval,10.032323837280273,5.667166416791604e-05,6.778339130344671,
2025-09-15 00:40:27,SGD_lr0.0003_m0.95,SGD,2,openwebtext-3%,188,val_eval,10.035507202148438,5.667166416791604e-05,6.778339130344671,
2025-09-15 00:40:47,SGD_lr0.0003_m0.95,SGD,2,openwebtext-3%,189,train_eval,10.030861854553223,5.697151424287855e-05,6.778339130344671,
2025-09-15 00:40:47,SGD_lr0.0003_m0.95,SGD,2,openwebtext-3%,189,val_eval,10.026787757873535,5.697151424287855e-05,6.778339130344671,
2025-09-15 00:41:06,SGD_lr0.0003_m0.95,SGD,2,openwebtext-3%,190,train_eval,10.020362854003906,5.7271364317841074e-05,6.778339130344671,
2025-09-15 00:41:06,SGD_lr0.0003_m0.95,SGD,2,openwebtext-3%,190,val_eval,10.02690315246582,5.7271364317841074e-05,6.778339130344671,
2025-09-15 00:41:13,SGD_lr0.0003_m0.95,SGD,2,openwebtext-3%,190,train_iter,10.062636137008667,5.7271364317841074e-05,6.788710520437362,19566.716194152832
2025-09-15 00:41:26,SGD_lr0.0003_m0.95,SGD,2,openwebtext-3%,191,train_eval,10.020556449890137,5.7571214392803595e-05,6.788710520437362,
2025-09-15 00:41:26,SGD_lr0.0003_m0.95,SGD,2,openwebtext-3%,191,val_eval,10.018033981323242,5.7571214392803595e-05,6.788710520437362,
2025-09-15 00:41:46,SGD_lr0.0003_m0.95,SGD,2,openwebtext-3%,192,train_eval,10.007539749145508,5.787106446776611e-05,6.788710520437362,
2025-09-15 00:41:46,SGD_lr0.0003_m0.95,SGD,2,openwebtext-3%,192,val_eval,10.011696815490723,5.787106446776611e-05,6.788710520437362,
2025-09-15 00:42:05,SGD_lr0.0003_m0.95,SGD,2,openwebtext-3%,193,train_eval,10.009160995483398,5.817091454272863e-05,6.788710520437362,
2025-09-15 00:42:05,SGD_lr0.0003_m0.95,SGD,2,openwebtext-3%,193,val_eval,10.00334358215332,5.817091454272863e-05,6.788710520437362,
2025-09-15 00:42:25,SGD_lr0.0003_m0.95,SGD,2,openwebtext-3%,194,train_eval,10.002372741699219,5.847076461769115e-05,6.788710520437362,
2025-09-15 00:42:25,SGD_lr0.0003_m0.95,SGD,2,openwebtext-3%,194,val_eval,9.99880599975586,5.847076461769115e-05,6.788710520437362,
2025-09-15 00:42:44,SGD_lr0.0003_m0.95,SGD,2,openwebtext-3%,195,train_eval,9.991376876831055,5.877061469265367e-05,6.788710520437362,
2025-09-15 00:42:44,SGD_lr0.0003_m0.95,SGD,2,openwebtext-3%,195,val_eval,9.997051239013672,5.877061469265367e-05,6.788710520437362,
2025-09-15 00:43:04,SGD_lr0.0003_m0.95,SGD,2,openwebtext-3%,196,train_eval,9.991177558898926,5.9070464767616186e-05,6.788710520437362,
2025-09-15 00:43:04,SGD_lr0.0003_m0.95,SGD,2,openwebtext-3%,196,val_eval,9.991398811340332,5.9070464767616186e-05,6.788710520437362,
2025-09-15 00:43:24,SGD_lr0.0003_m0.95,SGD,2,openwebtext-3%,197,train_eval,9.989717483520508,5.937031484257871e-05,6.788710520437362,
2025-09-15 00:43:24,SGD_lr0.0003_m0.95,SGD,2,openwebtext-3%,197,val_eval,9.981158256530762,5.937031484257871e-05,6.788710520437362,
2025-09-15 00:43:44,SGD_lr0.0003_m0.95,SGD,2,openwebtext-3%,198,train_eval,9.98376178741455,5.967016491754123e-05,6.788710520437362,
2025-09-15 00:43:44,SGD_lr0.0003_m0.95,SGD,2,openwebtext-3%,198,val_eval,9.97739028930664,5.967016491754123e-05,6.788710520437362,
2025-09-15 00:44:03,SGD_lr0.0003_m0.95,SGD,2,openwebtext-3%,199,train_eval,9.980324745178223,5.997001499250374e-05,6.788710520437362,
2025-09-15 00:44:03,SGD_lr0.0003_m0.95,SGD,2,openwebtext-3%,199,val_eval,9.97425365447998,5.997001499250374e-05,6.788710520437362,
2025-09-15 00:44:23,SGD_lr0.0003_m0.95,SGD,2,openwebtext-3%,200,train_eval,9.970110893249512,6.026986506746626e-05,6.788710520437362,
2025-09-15 00:44:23,SGD_lr0.0003_m0.95,SGD,2,openwebtext-3%,200,val_eval,9.972068786621094,6.026986506746626e-05,6.788710520437362,
2025-09-15 00:44:37,SGD_lr0.0003_m0.95,SGD,2,openwebtext-3%,200,train_iter,9.97729241847992,6.026986506746626e-05,6.618015525729628,26498.528718948364
2025-09-15 00:44:58,SGD_lr0.001_m0.0,SGD,2,openwebtext-3%,0,train_eval,10.945842742919922,2.998500749625187e-07,,
2025-09-15 00:44:58,SGD_lr0.001_m0.0,SGD,2,openwebtext-3%,0,val_eval,10.944282531738281,2.998500749625187e-07,,
2025-09-15 00:45:12,SGD_lr0.001_m0.0,SGD,2,openwebtext-3%,0,train_iter,10.945987701416016,2.998500749625187e-07,,28311.431169509888
2025-09-15 00:45:25,SGD_lr0.001_m0.0,SGD,2,openwebtext-3%,1,train_eval,10.946183204650879,5.997001499250374e-07,,
2025-09-15 00:45:25,SGD_lr0.001_m0.0,SGD,2,openwebtext-3%,1,val_eval,10.94624137878418,5.997001499250374e-07,,
2025-09-15 00:45:43,SGD_lr0.001_m0.0,SGD,2,openwebtext-3%,2,train_eval,10.947064399719238,8.995502248875562e-07,,
2025-09-15 00:45:43,SGD_lr0.001_m0.0,SGD,2,openwebtext-3%,2,val_eval,10.944680213928223,8.995502248875562e-07,,
2025-09-15 00:46:01,SGD_lr0.001_m0.0,SGD,2,openwebtext-3%,3,train_eval,10.94607162475586,1.1994002998500749e-06,,
2025-09-15 00:46:01,SGD_lr0.001_m0.0,SGD,2,openwebtext-3%,3,val_eval,10.946019172668457,1.1994002998500749e-06,,
2025-09-15 00:46:19,SGD_lr0.001_m0.0,SGD,2,openwebtext-3%,4,train_eval,10.946298599243164,1.4992503748125936e-06,,
2025-09-15 00:46:19,SGD_lr0.001_m0.0,SGD,2,openwebtext-3%,4,val_eval,10.946496963500977,1.4992503748125936e-06,,
2025-09-15 00:46:37,SGD_lr0.001_m0.0,SGD,2,openwebtext-3%,5,train_eval,10.945180892944336,1.7991004497751123e-06,,
2025-09-15 00:46:37,SGD_lr0.001_m0.0,SGD,2,openwebtext-3%,5,val_eval,10.945259094238281,1.7991004497751123e-06,,
2025-09-15 00:46:55,SGD_lr0.001_m0.0,SGD,2,openwebtext-3%,6,train_eval,10.945836067199707,2.0989505247376313e-06,,
2025-09-15 00:46:55,SGD_lr0.001_m0.0,SGD,2,openwebtext-3%,6,val_eval,10.945574760437012,2.0989505247376313e-06,,
2025-09-15 00:47:13,SGD_lr0.001_m0.0,SGD,2,openwebtext-3%,7,train_eval,10.946025848388672,2.3988005997001498e-06,,
2025-09-15 00:47:13,SGD_lr0.001_m0.0,SGD,2,openwebtext-3%,7,val_eval,10.946361541748047,2.3988005997001498e-06,,
2025-09-15 00:47:32,SGD_lr0.001_m0.0,SGD,2,openwebtext-3%,8,train_eval,10.945499420166016,2.6986506746626683e-06,,
2025-09-15 00:47:32,SGD_lr0.001_m0.0,SGD,2,openwebtext-3%,8,val_eval,10.944478988647461,2.6986506746626683e-06,,
2025-09-15 00:47:50,SGD_lr0.001_m0.0,SGD,2,openwebtext-3%,9,train_eval,10.944814682006836,2.9985007496251872e-06,,
2025-09-15 00:47:50,SGD_lr0.001_m0.0,SGD,2,openwebtext-3%,9,val_eval,10.94488525390625,2.9985007496251872e-06,,
2025-09-15 00:48:08,SGD_lr0.001_m0.0,SGD,2,openwebtext-3%,10,train_eval,10.945743560791016,3.2983508245877057e-06,,
2025-09-15 00:48:08,SGD_lr0.001_m0.0,SGD,2,openwebtext-3%,10,val_eval,10.945490837097168,3.2983508245877057e-06,,
2025-09-15 00:48:13,SGD_lr0.001_m0.0,SGD,2,openwebtext-3%,10,train_iter,10.946791172027588,3.2983508245877057e-06,7.386247242506602,18231.06837272644
2025-09-15 00:48:26,SGD_lr0.001_m0.0,SGD,2,openwebtext-3%,11,train_eval,10.946786880493164,3.5982008995502247e-06,7.386247242506602,
2025-09-15 00:48:26,SGD_lr0.001_m0.0,SGD,2,openwebtext-3%,11,val_eval,10.945884704589844,3.5982008995502247e-06,7.386247242506602,
2025-09-15 00:48:44,SGD_lr0.001_m0.0,SGD,2,openwebtext-3%,12,train_eval,10.9454927444458,3.898050974512743e-06,7.386247242506602,
2025-09-15 00:48:44,SGD_lr0.001_m0.0,SGD,2,openwebtext-3%,12,val_eval,10.945409774780273,3.898050974512743e-06,7.386247242506602,
2025-09-15 00:49:02,SGD_lr0.001_m0.0,SGD,2,openwebtext-3%,13,train_eval,10.944799423217773,4.1979010494752625e-06,7.386247242506602,
2025-09-15 00:49:02,SGD_lr0.001_m0.0,SGD,2,openwebtext-3%,13,val_eval,10.945074081420898,4.1979010494752625e-06,7.386247242506602,
2025-09-15 00:49:21,SGD_lr0.001_m0.0,SGD,2,openwebtext-3%,14,train_eval,10.945290565490723,4.497751124437781e-06,7.386247242506602,
2025-09-15 00:49:21,SGD_lr0.001_m0.0,SGD,2,openwebtext-3%,14,val_eval,10.945732116699219,4.497751124437781e-06,7.386247242506602,
2025-09-15 00:49:39,SGD_lr0.001_m0.0,SGD,2,openwebtext-3%,15,train_eval,10.94512939453125,4.7976011994002995e-06,7.386247242506602,
2025-09-15 00:49:39,SGD_lr0.001_m0.0,SGD,2,openwebtext-3%,15,val_eval,10.944782257080078,4.7976011994002995e-06,7.386247242506602,
2025-09-15 00:49:57,SGD_lr0.001_m0.0,SGD,2,openwebtext-3%,16,train_eval,10.945012092590332,5.097451274362818e-06,7.386247242506602,
2025-09-15 00:49:57,SGD_lr0.001_m0.0,SGD,2,openwebtext-3%,16,val_eval,10.945557594299316,5.097451274362818e-06,7.386247242506602,
2025-09-15 00:50:15,SGD_lr0.001_m0.0,SGD,2,openwebtext-3%,17,train_eval,10.945764541625977,5.3973013493253366e-06,7.386247242506602,
2025-09-15 00:50:15,SGD_lr0.001_m0.0,SGD,2,openwebtext-3%,17,val_eval,10.944371223449707,5.3973013493253366e-06,7.386247242506602,
2025-09-15 00:50:33,SGD_lr0.001_m0.0,SGD,2,openwebtext-3%,18,train_eval,10.9453706741333,5.697151424287855e-06,7.386247242506602,
2025-09-15 00:50:33,SGD_lr0.001_m0.0,SGD,2,openwebtext-3%,18,val_eval,10.94455337524414,5.697151424287855e-06,7.386247242506602,
2025-09-15 00:50:51,SGD_lr0.001_m0.0,SGD,2,openwebtext-3%,19,train_eval,10.945732116699219,5.9970014992503744e-06,7.386247242506602,
2025-09-15 00:50:51,SGD_lr0.001_m0.0,SGD,2,openwebtext-3%,19,val_eval,10.944058418273926,5.9970014992503744e-06,7.386247242506602,
2025-09-15 00:51:09,SGD_lr0.001_m0.0,SGD,2,openwebtext-3%,20,train_eval,10.943984031677246,6.296851574212893e-06,7.386247242506602,
2025-09-15 00:51:09,SGD_lr0.001_m0.0,SGD,2,openwebtext-3%,20,val_eval,10.943708419799805,6.296851574212893e-06,7.386247242506602,
2025-09-15 00:51:15,SGD_lr0.001_m0.0,SGD,2,openwebtext-3%,20,train_iter,10.957129001617432,6.296851574212893e-06,7.389506835479362,18150.967121124268
2025-09-15 00:51:27,SGD_lr0.001_m0.0,SGD,2,openwebtext-3%,21,train_eval,10.944879531860352,6.5967016491754115e-06,7.389506835479362,
2025-09-15 00:51:27,SGD_lr0.001_m0.0,SGD,2,openwebtext-3%,21,val_eval,10.945364952087402,6.5967016491754115e-06,7.389506835479362,
2025-09-15 00:51:46,SGD_lr0.001_m0.0,SGD,2,openwebtext-3%,22,train_eval,10.944953918457031,6.89655172413793e-06,7.389506835479362,
2025-09-15 00:51:46,SGD_lr0.001_m0.0,SGD,2,openwebtext-3%,22,val_eval,10.943877220153809,6.89655172413793e-06,7.389506835479362,
2025-09-15 00:52:04,SGD_lr0.001_m0.0,SGD,2,openwebtext-3%,23,train_eval,10.943805694580078,7.196401799100449e-06,7.389506835479362,
2025-09-15 00:52:04,SGD_lr0.001_m0.0,SGD,2,openwebtext-3%,23,val_eval,10.945259094238281,7.196401799100449e-06,7.389506835479362,
2025-09-15 00:52:22,SGD_lr0.001_m0.0,SGD,2,openwebtext-3%,24,train_eval,10.943611145019531,7.496251874062968e-06,7.389506835479362,
2025-09-15 00:52:22,SGD_lr0.001_m0.0,SGD,2,openwebtext-3%,24,val_eval,10.9431734085083,7.496251874062968e-06,7.389506835479362,
2025-09-15 00:52:40,SGD_lr0.001_m0.0,SGD,2,openwebtext-3%,25,train_eval,10.944196701049805,7.796101949025486e-06,7.389506835479362,
2025-09-15 00:52:40,SGD_lr0.001_m0.0,SGD,2,openwebtext-3%,25,val_eval,10.943889617919922,7.796101949025486e-06,7.389506835479362,
2025-09-15 00:52:58,SGD_lr0.001_m0.0,SGD,2,openwebtext-3%,26,train_eval,10.944562911987305,8.095952023988006e-06,7.389506835479362,
2025-09-15 00:52:58,SGD_lr0.001_m0.0,SGD,2,openwebtext-3%,26,val_eval,10.943401336669922,8.095952023988006e-06,7.389506835479362,
2025-09-15 00:53:16,SGD_lr0.001_m0.0,SGD,2,openwebtext-3%,27,train_eval,10.944112777709961,8.395802098950525e-06,7.389506835479362,
2025-09-15 00:53:16,SGD_lr0.001_m0.0,SGD,2,openwebtext-3%,27,val_eval,10.943961143493652,8.395802098950525e-06,7.389506835479362,
2025-09-15 00:53:34,SGD_lr0.001_m0.0,SGD,2,openwebtext-3%,28,train_eval,10.943425178527832,8.695652173913043e-06,7.389506835479362,
2025-09-15 00:53:34,SGD_lr0.001_m0.0,SGD,2,openwebtext-3%,28,val_eval,10.944073677062988,8.695652173913043e-06,7.389506835479362,
2025-09-15 00:53:52,SGD_lr0.001_m0.0,SGD,2,openwebtext-3%,29,train_eval,10.945308685302734,8.995502248875562e-06,7.389506835479362,
2025-09-15 00:53:52,SGD_lr0.001_m0.0,SGD,2,openwebtext-3%,29,val_eval,10.944401741027832,8.995502248875562e-06,7.389506835479362,
2025-09-15 00:54:10,SGD_lr0.001_m0.0,SGD,2,openwebtext-3%,30,train_eval,10.943437576293945,9.29535232383808e-06,7.389506835479362,
2025-09-15 00:54:10,SGD_lr0.001_m0.0,SGD,2,openwebtext-3%,30,val_eval,10.943264961242676,9.29535232383808e-06,7.389506835479362,
2025-09-15 00:54:16,SGD_lr0.001_m0.0,SGD,2,openwebtext-3%,30,train_iter,10.944594144821167,9.29535232383808e-06,7.393125249721473,18134.228706359863
2025-09-15 00:54:29,SGD_lr0.001_m0.0,SGD,2,openwebtext-3%,31,train_eval,10.944007873535156,9.595202398800599e-06,7.393125249721473,
2025-09-15 00:54:29,SGD_lr0.001_m0.0,SGD,2,openwebtext-3%,31,val_eval,10.943769454956055,9.595202398800599e-06,7.393125249721473,
2025-09-15 00:54:47,SGD_lr0.001_m0.0,SGD,2,openwebtext-3%,32,train_eval,10.942665100097656,9.895052473763117e-06,7.393125249721473,
2025-09-15 00:54:47,SGD_lr0.001_m0.0,SGD,2,openwebtext-3%,32,val_eval,10.943794250488281,9.895052473763117e-06,7.393125249721473,
2025-09-15 00:55:05,SGD_lr0.001_m0.0,SGD,2,openwebtext-3%,33,train_eval,10.943360328674316,1.0194902548725636e-05,7.393125249721473,
2025-09-15 00:55:05,SGD_lr0.001_m0.0,SGD,2,openwebtext-3%,33,val_eval,10.942919731140137,1.0194902548725636e-05,7.393125249721473,
2025-09-15 00:55:23,SGD_lr0.001_m0.0,SGD,2,openwebtext-3%,34,train_eval,10.942526817321777,1.0494752623688155e-05,7.393125249721473,
2025-09-15 00:55:23,SGD_lr0.001_m0.0,SGD,2,openwebtext-3%,34,val_eval,10.9439058303833,1.0494752623688155e-05,7.393125249721473,
2025-09-15 00:55:41,SGD_lr0.001_m0.0,SGD,2,openwebtext-3%,35,train_eval,10.94259262084961,1.0794602698650673e-05,7.393125249721473,
2025-09-15 00:55:41,SGD_lr0.001_m0.0,SGD,2,openwebtext-3%,35,val_eval,10.943185806274414,1.0794602698650673e-05,7.393125249721473,
2025-09-15 00:55:59,SGD_lr0.001_m0.0,SGD,2,openwebtext-3%,36,train_eval,10.94225788116455,1.1094452773613192e-05,7.393125249721473,
2025-09-15 00:55:59,SGD_lr0.001_m0.0,SGD,2,openwebtext-3%,36,val_eval,10.942130088806152,1.1094452773613192e-05,7.393125249721473,
2025-09-15 00:56:17,SGD_lr0.001_m0.0,SGD,2,openwebtext-3%,37,train_eval,10.943307876586914,1.139430284857571e-05,7.393125249721473,
2025-09-15 00:56:17,SGD_lr0.001_m0.0,SGD,2,openwebtext-3%,37,val_eval,10.9429931640625,1.139430284857571e-05,7.393125249721473,
2025-09-15 00:56:35,SGD_lr0.001_m0.0,SGD,2,openwebtext-3%,38,train_eval,10.942261695861816,1.169415292353823e-05,7.393125249721473,
2025-09-15 00:56:35,SGD_lr0.001_m0.0,SGD,2,openwebtext-3%,38,val_eval,10.941452980041504,1.169415292353823e-05,7.393125249721473,
2025-09-15 00:56:53,SGD_lr0.001_m0.0,SGD,2,openwebtext-3%,39,train_eval,10.942185401916504,1.1994002998500749e-05,7.393125249721473,
2025-09-15 00:56:53,SGD_lr0.001_m0.0,SGD,2,openwebtext-3%,39,val_eval,10.94198989868164,1.1994002998500749e-05,7.393125249721473,
2025-09-15 00:57:11,SGD_lr0.001_m0.0,SGD,2,openwebtext-3%,40,train_eval,10.941788673400879,1.2293853073463267e-05,7.393125249721473,
2025-09-15 00:57:11,SGD_lr0.001_m0.0,SGD,2,openwebtext-3%,40,val_eval,10.943045616149902,1.2293853073463267e-05,7.393125249721473,
2025-09-15 00:57:17,SGD_lr0.001_m0.0,SGD,2,openwebtext-3%,40,train_iter,10.939477682113647,1.2293853073463267e-05,7.401230674020121,18016.58344268799
2025-09-15 00:57:29,SGD_lr0.001_m0.0,SGD,2,openwebtext-3%,41,train_eval,10.941651344299316,1.2593703148425786e-05,7.401230674020121,
2025-09-15 00:57:29,SGD_lr0.001_m0.0,SGD,2,openwebtext-3%,41,val_eval,10.94204330444336,1.2593703148425786e-05,7.401230674020121,
2025-09-15 00:57:48,SGD_lr0.001_m0.0,SGD,2,openwebtext-3%,42,train_eval,10.941875457763672,1.2893553223388304e-05,7.401230674020121,
2025-09-15 00:57:48,SGD_lr0.001_m0.0,SGD,2,openwebtext-3%,42,val_eval,10.94205093383789,1.2893553223388304e-05,7.401230674020121,
2025-09-15 00:58:06,SGD_lr0.001_m0.0,SGD,2,openwebtext-3%,43,train_eval,10.941944122314453,1.3193403298350823e-05,7.401230674020121,
2025-09-15 00:58:06,SGD_lr0.001_m0.0,SGD,2,openwebtext-3%,43,val_eval,10.941997528076172,1.3193403298350823e-05,7.401230674020121,
2025-09-15 00:58:24,SGD_lr0.001_m0.0,SGD,2,openwebtext-3%,44,train_eval,10.940530776977539,1.3493253373313342e-05,7.401230674020121,
2025-09-15 00:58:24,SGD_lr0.001_m0.0,SGD,2,openwebtext-3%,44,val_eval,10.94268798828125,1.3493253373313342e-05,7.401230674020121,
2025-09-15 00:58:42,SGD_lr0.001_m0.0,SGD,2,openwebtext-3%,45,train_eval,10.941658973693848,1.379310344827586e-05,7.401230674020121,
2025-09-15 00:58:42,SGD_lr0.001_m0.0,SGD,2,openwebtext-3%,45,val_eval,10.939911842346191,1.379310344827586e-05,7.401230674020121,
2025-09-15 00:59:00,SGD_lr0.001_m0.0,SGD,2,openwebtext-3%,46,train_eval,10.940922737121582,1.409295352323838e-05,7.401230674020121,
2025-09-15 00:59:00,SGD_lr0.001_m0.0,SGD,2,openwebtext-3%,46,val_eval,10.940791130065918,1.409295352323838e-05,7.401230674020121,
2025-09-15 00:59:18,SGD_lr0.001_m0.0,SGD,2,openwebtext-3%,47,train_eval,10.940906524658203,1.4392803598200899e-05,7.401230674020121,
2025-09-15 00:59:18,SGD_lr0.001_m0.0,SGD,2,openwebtext-3%,47,val_eval,10.940744400024414,1.4392803598200899e-05,7.401230674020121,
2025-09-15 00:59:36,SGD_lr0.001_m0.0,SGD,2,openwebtext-3%,48,train_eval,10.9409761428833,1.4692653673163418e-05,7.401230674020121,
2025-09-15 00:59:36,SGD_lr0.001_m0.0,SGD,2,openwebtext-3%,48,val_eval,10.940136909484863,1.4692653673163418e-05,7.401230674020121,
2025-09-15 00:59:54,SGD_lr0.001_m0.0,SGD,2,openwebtext-3%,49,train_eval,10.940406799316406,1.4992503748125936e-05,7.401230674020121,
2025-09-15 00:59:54,SGD_lr0.001_m0.0,SGD,2,openwebtext-3%,49,val_eval,10.940463066101074,1.4992503748125936e-05,7.401230674020121,
2025-09-15 01:00:12,SGD_lr0.001_m0.0,SGD,2,openwebtext-3%,50,train_eval,10.940086364746094,1.5292353823088455e-05,7.401230674020121,
2025-09-15 01:00:12,SGD_lr0.001_m0.0,SGD,2,openwebtext-3%,50,val_eval,10.940335273742676,1.5292353823088455e-05,7.401230674020121,
2025-09-15 01:00:18,SGD_lr0.001_m0.0,SGD,2,openwebtext-3%,50,train_iter,10.937045812606812,1.5292353823088455e-05,7.406524372981341,18064.9516582489
2025-09-15 01:00:30,SGD_lr0.001_m0.0,SGD,2,openwebtext-3%,51,train_eval,10.939680099487305,1.5592203898050973e-05,7.406524372981341,
2025-09-15 01:00:30,SGD_lr0.001_m0.0,SGD,2,openwebtext-3%,51,val_eval,10.93975830078125,1.5592203898050973e-05,7.406524372981341,
2025-09-15 01:00:48,SGD_lr0.001_m0.0,SGD,2,openwebtext-3%,52,train_eval,10.938776969909668,1.589205397301349e-05,7.406524372981341,
2025-09-15 01:00:48,SGD_lr0.001_m0.0,SGD,2,openwebtext-3%,52,val_eval,10.939855575561523,1.589205397301349e-05,7.406524372981341,
2025-09-15 01:01:07,SGD_lr0.001_m0.0,SGD,2,openwebtext-3%,53,train_eval,10.939785957336426,1.619190404797601e-05,7.406524372981341,
2025-09-15 01:01:07,SGD_lr0.001_m0.0,SGD,2,openwebtext-3%,53,val_eval,10.938973426818848,1.619190404797601e-05,7.406524372981341,
2025-09-15 01:01:25,SGD_lr0.001_m0.0,SGD,2,openwebtext-3%,54,train_eval,10.939525604248047,1.649175412293853e-05,7.406524372981341,
2025-09-15 01:01:25,SGD_lr0.001_m0.0,SGD,2,openwebtext-3%,54,val_eval,10.939387321472168,1.649175412293853e-05,7.406524372981341,
2025-09-15 01:01:43,SGD_lr0.001_m0.0,SGD,2,openwebtext-3%,55,train_eval,10.938080787658691,1.679160419790105e-05,7.406524372981341,
2025-09-15 01:01:43,SGD_lr0.001_m0.0,SGD,2,openwebtext-3%,55,val_eval,10.939270973205566,1.679160419790105e-05,7.406524372981341,
2025-09-15 01:02:01,SGD_lr0.001_m0.0,SGD,2,openwebtext-3%,56,train_eval,10.938807487487793,1.7091454272863564e-05,7.406524372981341,
2025-09-15 01:02:01,SGD_lr0.001_m0.0,SGD,2,openwebtext-3%,56,val_eval,10.939990997314453,1.7091454272863564e-05,7.406524372981341,
2025-09-15 01:02:19,SGD_lr0.001_m0.0,SGD,2,openwebtext-3%,57,train_eval,10.938591003417969,1.7391304347826085e-05,7.406524372981341,
2025-09-15 01:02:19,SGD_lr0.001_m0.0,SGD,2,openwebtext-3%,57,val_eval,10.9383544921875,1.7391304347826085e-05,7.406524372981341,
2025-09-15 01:02:37,SGD_lr0.001_m0.0,SGD,2,openwebtext-3%,58,train_eval,10.93823528289795,1.7691154422788603e-05,7.406524372981341,
2025-09-15 01:02:37,SGD_lr0.001_m0.0,SGD,2,openwebtext-3%,58,val_eval,10.93861198425293,1.7691154422788603e-05,7.406524372981341,
2025-09-15 01:02:55,SGD_lr0.001_m0.0,SGD,2,openwebtext-3%,59,train_eval,10.93689250946045,1.7991004497751124e-05,7.406524372981341,
2025-09-15 01:02:55,SGD_lr0.001_m0.0,SGD,2,openwebtext-3%,59,val_eval,10.937729835510254,1.7991004497751124e-05,7.406524372981341,
2025-09-15 01:03:13,SGD_lr0.001_m0.0,SGD,2,openwebtext-3%,60,train_eval,10.937861442565918,1.829085457271364e-05,7.406524372981341,
2025-09-15 01:03:13,SGD_lr0.001_m0.0,SGD,2,openwebtext-3%,60,val_eval,10.93838119506836,1.829085457271364e-05,7.406524372981341,
2025-09-15 01:03:18,SGD_lr0.001_m0.0,SGD,2,openwebtext-3%,60,train_iter,10.921112298965454,1.829085457271364e-05,7.413161336628363,18019.68264579773
2025-09-15 01:03:31,SGD_lr0.001_m0.0,SGD,2,openwebtext-3%,61,train_eval,10.936692237854004,1.859070464767616e-05,7.413161336628363,
2025-09-15 01:03:31,SGD_lr0.001_m0.0,SGD,2,openwebtext-3%,61,val_eval,10.936803817749023,1.859070464767616e-05,7.413161336628363,
2025-09-15 01:03:49,SGD_lr0.001_m0.0,SGD,2,openwebtext-3%,62,train_eval,10.937102317810059,1.8890554722638677e-05,7.413161336628363,
2025-09-15 01:03:49,SGD_lr0.001_m0.0,SGD,2,openwebtext-3%,62,val_eval,10.936805725097656,1.8890554722638677e-05,7.413161336628363,
2025-09-15 01:04:07,SGD_lr0.001_m0.0,SGD,2,openwebtext-3%,63,train_eval,10.936544418334961,1.9190404797601198e-05,7.413161336628363,
2025-09-15 01:04:07,SGD_lr0.001_m0.0,SGD,2,openwebtext-3%,63,val_eval,10.936910629272461,1.9190404797601198e-05,7.413161336628363,
2025-09-15 01:04:25,SGD_lr0.001_m0.0,SGD,2,openwebtext-3%,64,train_eval,10.937748908996582,1.949025487256372e-05,7.413161336628363,
2025-09-15 01:04:25,SGD_lr0.001_m0.0,SGD,2,openwebtext-3%,64,val_eval,10.936509132385254,1.949025487256372e-05,7.413161336628363,
2025-09-15 01:04:43,SGD_lr0.001_m0.0,SGD,2,openwebtext-3%,65,train_eval,10.936328887939453,1.9790104947526234e-05,7.413161336628363,
2025-09-15 01:04:43,SGD_lr0.001_m0.0,SGD,2,openwebtext-3%,65,val_eval,10.93608283996582,1.9790104947526234e-05,7.413161336628363,
2025-09-15 01:05:01,SGD_lr0.001_m0.0,SGD,2,openwebtext-3%,66,train_eval,10.936480522155762,2.0089955022488755e-05,7.413161336628363,
2025-09-15 01:05:01,SGD_lr0.001_m0.0,SGD,2,openwebtext-3%,66,val_eval,10.937027931213379,2.0089955022488755e-05,7.413161336628363,
2025-09-15 01:05:19,SGD_lr0.001_m0.0,SGD,2,openwebtext-3%,67,train_eval,10.936054229736328,2.0389805097451272e-05,7.413161336628363,
2025-09-15 01:05:19,SGD_lr0.001_m0.0,SGD,2,openwebtext-3%,67,val_eval,10.936923027038574,2.0389805097451272e-05,7.413161336628363,
2025-09-15 01:05:37,SGD_lr0.001_m0.0,SGD,2,openwebtext-3%,68,train_eval,10.934905052185059,2.0689655172413793e-05,7.413161336628363,
2025-09-15 01:05:37,SGD_lr0.001_m0.0,SGD,2,openwebtext-3%,68,val_eval,10.935813903808594,2.0689655172413793e-05,7.413161336628363,
2025-09-15 01:05:55,SGD_lr0.001_m0.0,SGD,2,openwebtext-3%,69,train_eval,10.935481071472168,2.098950524737631e-05,7.413161336628363,
2025-09-15 01:05:55,SGD_lr0.001_m0.0,SGD,2,openwebtext-3%,69,val_eval,10.935586929321289,2.098950524737631e-05,7.413161336628363,
2025-09-15 01:06:13,SGD_lr0.001_m0.0,SGD,2,openwebtext-3%,70,train_eval,10.93515396118164,2.128935532233883e-05,7.413161336628363,
2025-09-15 01:06:13,SGD_lr0.001_m0.0,SGD,2,openwebtext-3%,70,val_eval,10.934721946716309,2.128935532233883e-05,7.413161336628363,
2025-09-15 01:06:19,SGD_lr0.001_m0.0,SGD,2,openwebtext-3%,70,train_iter,10.917309522628784,2.128935532233883e-05,7.41954869972686,18009.702920913696
2025-09-15 01:06:31,SGD_lr0.001_m0.0,SGD,2,openwebtext-3%,71,train_eval,10.934858322143555,2.1589205397301346e-05,7.41954869972686,
2025-09-15 01:06:31,SGD_lr0.001_m0.0,SGD,2,openwebtext-3%,71,val_eval,10.934955596923828,2.1589205397301346e-05,7.41954869972686,
2025-09-15 01:06:49,SGD_lr0.001_m0.0,SGD,2,openwebtext-3%,72,train_eval,10.934931755065918,2.1889055472263867e-05,7.41954869972686,
2025-09-15 01:06:49,SGD_lr0.001_m0.0,SGD,2,openwebtext-3%,72,val_eval,10.935385704040527,2.1889055472263867e-05,7.41954869972686,
2025-09-15 01:07:07,SGD_lr0.001_m0.0,SGD,2,openwebtext-3%,73,train_eval,10.9348783493042,2.2188905547226385e-05,7.41954869972686,
2025-09-15 01:07:07,SGD_lr0.001_m0.0,SGD,2,openwebtext-3%,73,val_eval,10.933965682983398,2.2188905547226385e-05,7.41954869972686,
2025-09-15 01:07:26,SGD_lr0.001_m0.0,SGD,2,openwebtext-3%,74,train_eval,10.935206413269043,2.2488755622188906e-05,7.41954869972686,
2025-09-15 01:07:26,SGD_lr0.001_m0.0,SGD,2,openwebtext-3%,74,val_eval,10.932580947875977,2.2488755622188906e-05,7.41954869972686,
2025-09-15 01:07:44,SGD_lr0.001_m0.0,SGD,2,openwebtext-3%,75,train_eval,10.932938575744629,2.278860569715142e-05,7.41954869972686,
2025-09-15 01:07:44,SGD_lr0.001_m0.0,SGD,2,openwebtext-3%,75,val_eval,10.933568954467773,2.278860569715142e-05,7.41954869972686,
2025-09-15 01:08:02,SGD_lr0.001_m0.0,SGD,2,openwebtext-3%,76,train_eval,10.934059143066406,2.308845577211394e-05,7.41954869972686,
2025-09-15 01:08:02,SGD_lr0.001_m0.0,SGD,2,openwebtext-3%,76,val_eval,10.934703826904297,2.308845577211394e-05,7.41954869972686,
2025-09-15 01:08:20,SGD_lr0.001_m0.0,SGD,2,openwebtext-3%,77,train_eval,10.93272590637207,2.338830584707646e-05,7.41954869972686,
2025-09-15 01:08:20,SGD_lr0.001_m0.0,SGD,2,openwebtext-3%,77,val_eval,10.93262004852295,2.338830584707646e-05,7.41954869972686,
2025-09-15 01:08:38,SGD_lr0.001_m0.0,SGD,2,openwebtext-3%,78,train_eval,10.931077003479004,2.368815592203898e-05,7.41954869972686,
2025-09-15 01:08:38,SGD_lr0.001_m0.0,SGD,2,openwebtext-3%,78,val_eval,10.931809425354004,2.368815592203898e-05,7.41954869972686,
2025-09-15 01:08:56,SGD_lr0.001_m0.0,SGD,2,openwebtext-3%,79,train_eval,10.931833267211914,2.3988005997001498e-05,7.41954869972686,
2025-09-15 01:08:56,SGD_lr0.001_m0.0,SGD,2,openwebtext-3%,79,val_eval,10.933109283447266,2.3988005997001498e-05,7.41954869972686,
2025-09-15 01:09:14,SGD_lr0.001_m0.0,SGD,2,openwebtext-3%,80,train_eval,10.930510520935059,2.4287856071964015e-05,7.41954869972686,
2025-09-15 01:09:14,SGD_lr0.001_m0.0,SGD,2,openwebtext-3%,80,val_eval,10.93203353881836,2.4287856071964015e-05,7.41954869972686,
2025-09-15 01:09:19,SGD_lr0.001_m0.0,SGD,2,openwebtext-3%,80,train_iter,10.931171178817749,2.4287856071964015e-05,7.424191033198039,18036.389350891113
2025-09-15 01:09:32,SGD_lr0.001_m0.0,SGD,2,openwebtext-3%,81,train_eval,10.93162727355957,2.4587706146926533e-05,7.424191033198039,
2025-09-15 01:09:32,SGD_lr0.001_m0.0,SGD,2,openwebtext-3%,81,val_eval,10.931120872497559,2.4587706146926533e-05,7.424191033198039,
2025-09-15 01:09:50,SGD_lr0.001_m0.0,SGD,2,openwebtext-3%,82,train_eval,10.929875373840332,2.4887556221889054e-05,7.424191033198039,
2025-09-15 01:09:50,SGD_lr0.001_m0.0,SGD,2,openwebtext-3%,82,val_eval,10.930769920349121,2.4887556221889054e-05,7.424191033198039,
2025-09-15 01:10:08,SGD_lr0.001_m0.0,SGD,2,openwebtext-3%,83,train_eval,10.930619239807129,2.5187406296851572e-05,7.424191033198039,
2025-09-15 01:10:08,SGD_lr0.001_m0.0,SGD,2,openwebtext-3%,83,val_eval,10.931672096252441,2.5187406296851572e-05,7.424191033198039,
2025-09-15 01:10:26,SGD_lr0.001_m0.0,SGD,2,openwebtext-3%,84,train_eval,10.931063652038574,2.5487256371814093e-05,7.424191033198039,
2025-09-15 01:10:26,SGD_lr0.001_m0.0,SGD,2,openwebtext-3%,84,val_eval,10.929157257080078,2.5487256371814093e-05,7.424191033198039,
2025-09-15 01:10:44,SGD_lr0.001_m0.0,SGD,2,openwebtext-3%,85,train_eval,10.93179702758789,2.5787106446776607e-05,7.424191033198039,
2025-09-15 01:10:44,SGD_lr0.001_m0.0,SGD,2,openwebtext-3%,85,val_eval,10.929464340209961,2.5787106446776607e-05,7.424191033198039,
2025-09-15 01:11:02,SGD_lr0.001_m0.0,SGD,2,openwebtext-3%,86,train_eval,10.929645538330078,2.6086956521739128e-05,7.424191033198039,
2025-09-15 01:11:02,SGD_lr0.001_m0.0,SGD,2,openwebtext-3%,86,val_eval,10.930854797363281,2.6086956521739128e-05,7.424191033198039,
2025-09-15 01:11:20,SGD_lr0.001_m0.0,SGD,2,openwebtext-3%,87,train_eval,10.930109024047852,2.6386806596701646e-05,7.424191033198039,
2025-09-15 01:11:20,SGD_lr0.001_m0.0,SGD,2,openwebtext-3%,87,val_eval,10.92845344543457,2.6386806596701646e-05,7.424191033198039,
2025-09-15 01:11:38,SGD_lr0.001_m0.0,SGD,2,openwebtext-3%,88,train_eval,10.927194595336914,2.6686656671664167e-05,7.424191033198039,
2025-09-15 01:11:38,SGD_lr0.001_m0.0,SGD,2,openwebtext-3%,88,val_eval,10.9282865524292,2.6686656671664167e-05,7.424191033198039,
2025-09-15 01:11:56,SGD_lr0.001_m0.0,SGD,2,openwebtext-3%,89,train_eval,10.928282737731934,2.6986506746626685e-05,7.424191033198039,
2025-09-15 01:11:56,SGD_lr0.001_m0.0,SGD,2,openwebtext-3%,89,val_eval,10.927837371826172,2.6986506746626685e-05,7.424191033198039,
2025-09-15 01:12:14,SGD_lr0.001_m0.0,SGD,2,openwebtext-3%,90,train_eval,10.928272247314453,2.7286356821589202e-05,7.424191033198039,
2025-09-15 01:12:14,SGD_lr0.001_m0.0,SGD,2,openwebtext-3%,90,val_eval,10.927202224731445,2.7286356821589202e-05,7.424191033198039,
2025-09-15 01:12:20,SGD_lr0.001_m0.0,SGD,2,openwebtext-3%,90,train_iter,10.9317147731781,2.7286356821589202e-05,7.4290356541470395,18020.301818847656
2025-09-15 01:12:32,SGD_lr0.001_m0.0,SGD,2,openwebtext-3%,91,train_eval,10.925975799560547,2.758620689655172e-05,7.4290356541470395,
2025-09-15 01:12:32,SGD_lr0.001_m0.0,SGD,2,openwebtext-3%,91,val_eval,10.927105903625488,2.758620689655172e-05,7.4290356541470395,
2025-09-15 01:12:50,SGD_lr0.001_m0.0,SGD,2,openwebtext-3%,92,train_eval,10.927154541015625,2.788605697151424e-05,7.4290356541470395,
2025-09-15 01:12:50,SGD_lr0.001_m0.0,SGD,2,openwebtext-3%,92,val_eval,10.927556991577148,2.788605697151424e-05,7.4290356541470395,
2025-09-15 01:13:08,SGD_lr0.001_m0.0,SGD,2,openwebtext-3%,93,train_eval,10.928461074829102,2.818590704647676e-05,7.4290356541470395,
2025-09-15 01:13:08,SGD_lr0.001_m0.0,SGD,2,openwebtext-3%,93,val_eval,10.92669677734375,2.818590704647676e-05,7.4290356541470395,
2025-09-15 01:13:27,SGD_lr0.001_m0.0,SGD,2,openwebtext-3%,94,train_eval,10.926599502563477,2.8485757121439276e-05,7.4290356541470395,
2025-09-15 01:13:27,SGD_lr0.001_m0.0,SGD,2,openwebtext-3%,94,val_eval,10.926259994506836,2.8485757121439276e-05,7.4290356541470395,
2025-09-15 01:13:45,SGD_lr0.001_m0.0,SGD,2,openwebtext-3%,95,train_eval,10.924604415893555,2.8785607196401797e-05,7.4290356541470395,
2025-09-15 01:13:45,SGD_lr0.001_m0.0,SGD,2,openwebtext-3%,95,val_eval,10.926494598388672,2.8785607196401797e-05,7.4290356541470395,
2025-09-15 01:14:03,SGD_lr0.001_m0.0,SGD,2,openwebtext-3%,96,train_eval,10.925153732299805,2.9085457271364315e-05,7.4290356541470395,
2025-09-15 01:14:03,SGD_lr0.001_m0.0,SGD,2,openwebtext-3%,96,val_eval,10.925324440002441,2.9085457271364315e-05,7.4290356541470395,
2025-09-15 01:14:21,SGD_lr0.001_m0.0,SGD,2,openwebtext-3%,97,train_eval,10.926435470581055,2.9385307346326836e-05,7.4290356541470395,
2025-09-15 01:14:21,SGD_lr0.001_m0.0,SGD,2,openwebtext-3%,97,val_eval,10.925529479980469,2.9385307346326836e-05,7.4290356541470395,
2025-09-15 01:14:39,SGD_lr0.001_m0.0,SGD,2,openwebtext-3%,98,train_eval,10.925434112548828,2.9685157421289354e-05,7.4290356541470395,
2025-09-15 01:14:39,SGD_lr0.001_m0.0,SGD,2,openwebtext-3%,98,val_eval,10.924588203430176,2.9685157421289354e-05,7.4290356541470395,
2025-09-15 01:14:57,SGD_lr0.001_m0.0,SGD,2,openwebtext-3%,99,train_eval,10.924416542053223,2.998500749625187e-05,7.4290356541470395,
2025-09-15 01:14:57,SGD_lr0.001_m0.0,SGD,2,openwebtext-3%,99,val_eval,10.923927307128906,2.998500749625187e-05,7.4290356541470395,
2025-09-15 01:15:15,SGD_lr0.001_m0.0,SGD,2,openwebtext-3%,100,train_eval,10.92442512512207,3.028485757121439e-05,7.4290356541470395,
2025-09-15 01:15:15,SGD_lr0.001_m0.0,SGD,2,openwebtext-3%,100,val_eval,10.924221992492676,3.028485757121439e-05,7.4290356541470395,
2025-09-15 01:15:27,SGD_lr0.001_m0.0,SGD,2,openwebtext-3%,100,train_iter,10.922578573226929,3.028485757121439e-05,7.2377372172187595,24412.24193572998
2025-09-15 01:15:39,SGD_lr0.001_m0.0,SGD,2,openwebtext-3%,101,train_eval,10.923697471618652,3.058470764617691e-05,7.2377372172187595,
2025-09-15 01:15:39,SGD_lr0.001_m0.0,SGD,2,openwebtext-3%,101,val_eval,10.92386245727539,3.058470764617691e-05,7.2377372172187595,
2025-09-15 01:15:58,SGD_lr0.001_m0.0,SGD,2,openwebtext-3%,102,train_eval,10.923087120056152,3.0884557721139424e-05,7.2377372172187595,
2025-09-15 01:15:58,SGD_lr0.001_m0.0,SGD,2,openwebtext-3%,102,val_eval,10.924098014831543,3.0884557721139424e-05,7.2377372172187595,
2025-09-15 01:16:16,SGD_lr0.001_m0.0,SGD,2,openwebtext-3%,103,train_eval,10.922382354736328,3.1184407796101945e-05,7.2377372172187595,
2025-09-15 01:16:16,SGD_lr0.001_m0.0,SGD,2,openwebtext-3%,103,val_eval,10.923004150390625,3.1184407796101945e-05,7.2377372172187595,
2025-09-15 01:16:34,SGD_lr0.001_m0.0,SGD,2,openwebtext-3%,104,train_eval,10.922595024108887,3.1484257871064466e-05,7.2377372172187595,
2025-09-15 01:16:34,SGD_lr0.001_m0.0,SGD,2,openwebtext-3%,104,val_eval,10.922865867614746,3.1484257871064466e-05,7.2377372172187595,
2025-09-15 01:16:52,SGD_lr0.001_m0.0,SGD,2,openwebtext-3%,105,train_eval,10.920799255371094,3.178410794602698e-05,7.2377372172187595,
2025-09-15 01:16:52,SGD_lr0.001_m0.0,SGD,2,openwebtext-3%,105,val_eval,10.923089981079102,3.178410794602698e-05,7.2377372172187595,
2025-09-15 01:17:10,SGD_lr0.001_m0.0,SGD,2,openwebtext-3%,106,train_eval,10.922158241271973,3.20839580209895e-05,7.2377372172187595,
2025-09-15 01:17:10,SGD_lr0.001_m0.0,SGD,2,openwebtext-3%,106,val_eval,10.92188835144043,3.20839580209895e-05,7.2377372172187595,
2025-09-15 01:17:28,SGD_lr0.001_m0.0,SGD,2,openwebtext-3%,107,train_eval,10.921248435974121,3.238380809595202e-05,7.2377372172187595,
2025-09-15 01:17:28,SGD_lr0.001_m0.0,SGD,2,openwebtext-3%,107,val_eval,10.920483589172363,3.238380809595202e-05,7.2377372172187595,
2025-09-15 01:17:46,SGD_lr0.001_m0.0,SGD,2,openwebtext-3%,108,train_eval,10.919958114624023,3.2683658170914544e-05,7.2377372172187595,
2025-09-15 01:17:46,SGD_lr0.001_m0.0,SGD,2,openwebtext-3%,108,val_eval,10.919891357421875,3.2683658170914544e-05,7.2377372172187595,
2025-09-15 01:18:04,SGD_lr0.001_m0.0,SGD,2,openwebtext-3%,109,train_eval,10.919744491577148,3.298350824587706e-05,7.2377372172187595,
2025-09-15 01:18:04,SGD_lr0.001_m0.0,SGD,2,openwebtext-3%,109,val_eval,10.920849800109863,3.298350824587706e-05,7.2377372172187595,
2025-09-15 01:18:22,SGD_lr0.001_m0.0,SGD,2,openwebtext-3%,110,train_eval,10.919280052185059,3.328335832083958e-05,7.2377372172187595,
2025-09-15 01:18:22,SGD_lr0.001_m0.0,SGD,2,openwebtext-3%,110,val_eval,10.91922378540039,3.328335832083958e-05,7.2377372172187595,
2025-09-15 01:18:27,SGD_lr0.001_m0.0,SGD,2,openwebtext-3%,110,train_iter,10.920919179916382,3.328335832083958e-05,7.261808535807432,18006.29425048828
2025-09-15 01:18:40,SGD_lr0.001_m0.0,SGD,2,openwebtext-3%,111,train_eval,10.91884994506836,3.35832083958021e-05,7.261808535807432,
2025-09-15 01:18:40,SGD_lr0.001_m0.0,SGD,2,openwebtext-3%,111,val_eval,10.918224334716797,3.35832083958021e-05,7.261808535807432,
2025-09-15 01:18:58,SGD_lr0.001_m0.0,SGD,2,openwebtext-3%,112,train_eval,10.918218612670898,3.3883058470764614e-05,7.261808535807432,
2025-09-15 01:18:58,SGD_lr0.001_m0.0,SGD,2,openwebtext-3%,112,val_eval,10.918209075927734,3.3883058470764614e-05,7.261808535807432,
2025-09-15 01:19:16,SGD_lr0.001_m0.0,SGD,2,openwebtext-3%,113,train_eval,10.917939186096191,3.418290854572713e-05,7.261808535807432,
2025-09-15 01:19:16,SGD_lr0.001_m0.0,SGD,2,openwebtext-3%,113,val_eval,10.91757583618164,3.418290854572713e-05,7.261808535807432,
2025-09-15 01:19:34,SGD_lr0.001_m0.0,SGD,2,openwebtext-3%,114,train_eval,10.917550086975098,3.448275862068965e-05,7.261808535807432,
2025-09-15 01:19:34,SGD_lr0.001_m0.0,SGD,2,openwebtext-3%,114,val_eval,10.917963027954102,3.448275862068965e-05,7.261808535807432,
2025-09-15 01:19:52,SGD_lr0.001_m0.0,SGD,2,openwebtext-3%,115,train_eval,10.916520118713379,3.478260869565217e-05,7.261808535807432,
2025-09-15 01:19:52,SGD_lr0.001_m0.0,SGD,2,openwebtext-3%,115,val_eval,10.916826248168945,3.478260869565217e-05,7.261808535807432,
2025-09-15 01:20:10,SGD_lr0.001_m0.0,SGD,2,openwebtext-3%,116,train_eval,10.914855003356934,3.508245877061469e-05,7.261808535807432,
2025-09-15 01:20:10,SGD_lr0.001_m0.0,SGD,2,openwebtext-3%,116,val_eval,10.9173002243042,3.508245877061469e-05,7.261808535807432,
2025-09-15 01:20:28,SGD_lr0.001_m0.0,SGD,2,openwebtext-3%,117,train_eval,10.916840553283691,3.5382308845577206e-05,7.261808535807432,
2025-09-15 01:20:28,SGD_lr0.001_m0.0,SGD,2,openwebtext-3%,117,val_eval,10.916635513305664,3.5382308845577206e-05,7.261808535807432,
2025-09-15 01:20:46,SGD_lr0.001_m0.0,SGD,2,openwebtext-3%,118,train_eval,10.915613174438477,3.568215892053973e-05,7.261808535807432,
2025-09-15 01:20:46,SGD_lr0.001_m0.0,SGD,2,openwebtext-3%,118,val_eval,10.915531158447266,3.568215892053973e-05,7.261808535807432,
2025-09-15 01:21:05,SGD_lr0.001_m0.0,SGD,2,openwebtext-3%,119,train_eval,10.914894104003906,3.598200899550225e-05,7.261808535807432,
2025-09-15 01:21:05,SGD_lr0.001_m0.0,SGD,2,openwebtext-3%,119,val_eval,10.915517807006836,3.598200899550225e-05,7.261808535807432,
2025-09-15 01:21:23,SGD_lr0.001_m0.0,SGD,2,openwebtext-3%,120,train_eval,10.91430950164795,3.628185907046477e-05,7.261808535807432,
2025-09-15 01:21:23,SGD_lr0.001_m0.0,SGD,2,openwebtext-3%,120,val_eval,10.914687156677246,3.628185907046477e-05,7.261808535807432,
2025-09-15 01:21:28,SGD_lr0.001_m0.0,SGD,2,openwebtext-3%,120,train_iter,10.915697813034058,3.628185907046477e-05,7.283045631497482,18016.58344268799
2025-09-15 01:21:41,SGD_lr0.001_m0.0,SGD,2,openwebtext-3%,121,train_eval,10.912622451782227,3.658170914542728e-05,7.283045631497482,
2025-09-15 01:21:41,SGD_lr0.001_m0.0,SGD,2,openwebtext-3%,121,val_eval,10.913365364074707,3.658170914542728e-05,7.283045631497482,
2025-09-15 01:21:59,SGD_lr0.001_m0.0,SGD,2,openwebtext-3%,122,train_eval,10.914420127868652,3.68815592203898e-05,7.283045631497482,
2025-09-15 01:21:59,SGD_lr0.001_m0.0,SGD,2,openwebtext-3%,122,val_eval,10.914050102233887,3.68815592203898e-05,7.283045631497482,
2025-09-15 01:22:17,SGD_lr0.001_m0.0,SGD,2,openwebtext-3%,123,train_eval,10.912927627563477,3.718140929535232e-05,7.283045631497482,
2025-09-15 01:22:17,SGD_lr0.001_m0.0,SGD,2,openwebtext-3%,123,val_eval,10.91401481628418,3.718140929535232e-05,7.283045631497482,
2025-09-15 01:22:35,SGD_lr0.001_m0.0,SGD,2,openwebtext-3%,124,train_eval,10.912476539611816,3.748125937031484e-05,7.283045631497482,
2025-09-15 01:22:35,SGD_lr0.001_m0.0,SGD,2,openwebtext-3%,124,val_eval,10.91168212890625,3.748125937031484e-05,7.283045631497482,
2025-09-15 01:22:53,SGD_lr0.001_m0.0,SGD,2,openwebtext-3%,125,train_eval,10.911364555358887,3.7781109445277354e-05,7.283045631497482,
2025-09-15 01:22:53,SGD_lr0.001_m0.0,SGD,2,openwebtext-3%,125,val_eval,10.91164779663086,3.7781109445277354e-05,7.283045631497482,
2025-09-15 01:23:11,SGD_lr0.001_m0.0,SGD,2,openwebtext-3%,126,train_eval,10.911296844482422,3.8080959520239875e-05,7.283045631497482,
2025-09-15 01:23:11,SGD_lr0.001_m0.0,SGD,2,openwebtext-3%,126,val_eval,10.910772323608398,3.8080959520239875e-05,7.283045631497482,
2025-09-15 01:23:29,SGD_lr0.001_m0.0,SGD,2,openwebtext-3%,127,train_eval,10.911576271057129,3.8380809595202396e-05,7.283045631497482,
2025-09-15 01:23:29,SGD_lr0.001_m0.0,SGD,2,openwebtext-3%,127,val_eval,10.910889625549316,3.8380809595202396e-05,7.283045631497482,
2025-09-15 01:23:47,SGD_lr0.001_m0.0,SGD,2,openwebtext-3%,128,train_eval,10.909676551818848,3.868065967016492e-05,7.283045631497482,
2025-09-15 01:23:47,SGD_lr0.001_m0.0,SGD,2,openwebtext-3%,128,val_eval,10.910801887512207,3.868065967016492e-05,7.283045631497482,
2025-09-15 01:24:05,SGD_lr0.001_m0.0,SGD,2,openwebtext-3%,129,train_eval,10.910042762756348,3.898050974512744e-05,7.283045631497482,
2025-09-15 01:24:05,SGD_lr0.001_m0.0,SGD,2,openwebtext-3%,129,val_eval,10.9095458984375,3.898050974512744e-05,7.283045631497482,
2025-09-15 01:24:23,SGD_lr0.001_m0.0,SGD,2,openwebtext-3%,130,train_eval,10.907967567443848,3.928035982008995e-05,7.283045631497482,
2025-09-15 01:24:23,SGD_lr0.001_m0.0,SGD,2,openwebtext-3%,130,val_eval,10.908425331115723,3.928035982008995e-05,7.283045631497482,
2025-09-15 01:24:29,SGD_lr0.001_m0.0,SGD,2,openwebtext-3%,130,train_iter,10.909503698348999,3.928035982008995e-05,7.301635923560664,18029.20150756836
2025-09-15 01:24:41,SGD_lr0.001_m0.0,SGD,2,openwebtext-3%,131,train_eval,10.9082670211792,3.958020989505247e-05,7.301635923560664,
2025-09-15 01:24:41,SGD_lr0.001_m0.0,SGD,2,openwebtext-3%,131,val_eval,10.908809661865234,3.958020989505247e-05,7.301635923560664,
2025-09-15 01:24:59,SGD_lr0.001_m0.0,SGD,2,openwebtext-3%,132,train_eval,10.907282829284668,3.988005997001499e-05,7.301635923560664,
2025-09-15 01:24:59,SGD_lr0.001_m0.0,SGD,2,openwebtext-3%,132,val_eval,10.90842056274414,3.988005997001499e-05,7.301635923560664,
2025-09-15 01:25:17,SGD_lr0.001_m0.0,SGD,2,openwebtext-3%,133,train_eval,10.90526008605957,4.017991004497751e-05,7.301635923560664,
2025-09-15 01:25:17,SGD_lr0.001_m0.0,SGD,2,openwebtext-3%,133,val_eval,10.908459663391113,4.017991004497751e-05,7.301635923560664,
2025-09-15 01:25:35,SGD_lr0.001_m0.0,SGD,2,openwebtext-3%,134,train_eval,10.907313346862793,4.0479760119940023e-05,7.301635923560664,
2025-09-15 01:25:35,SGD_lr0.001_m0.0,SGD,2,openwebtext-3%,134,val_eval,10.906822204589844,4.0479760119940023e-05,7.301635923560664,
2025-09-15 01:25:54,SGD_lr0.001_m0.0,SGD,2,openwebtext-3%,135,train_eval,10.906088829040527,4.0779610194902544e-05,7.301635923560664,
2025-09-15 01:25:54,SGD_lr0.001_m0.0,SGD,2,openwebtext-3%,135,val_eval,10.905752182006836,4.0779610194902544e-05,7.301635923560664,
2025-09-15 01:26:12,SGD_lr0.001_m0.0,SGD,2,openwebtext-3%,136,train_eval,10.90585708618164,4.1079460269865066e-05,7.301635923560664,
2025-09-15 01:26:12,SGD_lr0.001_m0.0,SGD,2,openwebtext-3%,136,val_eval,10.9059476852417,4.1079460269865066e-05,7.301635923560664,
2025-09-15 01:26:30,SGD_lr0.001_m0.0,SGD,2,openwebtext-3%,137,train_eval,10.904680252075195,4.1379310344827587e-05,7.301635923560664,
2025-09-15 01:26:30,SGD_lr0.001_m0.0,SGD,2,openwebtext-3%,137,val_eval,10.905600547790527,4.1379310344827587e-05,7.301635923560664,
2025-09-15 01:26:48,SGD_lr0.001_m0.0,SGD,2,openwebtext-3%,138,train_eval,10.904271125793457,4.16791604197901e-05,7.301635923560664,
2025-09-15 01:26:48,SGD_lr0.001_m0.0,SGD,2,openwebtext-3%,138,val_eval,10.904723167419434,4.16791604197901e-05,7.301635923560664,
2025-09-15 01:27:06,SGD_lr0.001_m0.0,SGD,2,openwebtext-3%,139,train_eval,10.903938293457031,4.197901049475262e-05,7.301635923560664,
2025-09-15 01:27:06,SGD_lr0.001_m0.0,SGD,2,openwebtext-3%,139,val_eval,10.903943061828613,4.197901049475262e-05,7.301635923560664,
2025-09-15 01:27:24,SGD_lr0.001_m0.0,SGD,2,openwebtext-3%,140,train_eval,10.903691291809082,4.227886056971514e-05,7.301635923560664,
2025-09-15 01:27:24,SGD_lr0.001_m0.0,SGD,2,openwebtext-3%,140,val_eval,10.903606414794922,4.227886056971514e-05,7.301635923560664,
2025-09-15 01:27:29,SGD_lr0.001_m0.0,SGD,2,openwebtext-3%,140,train_iter,10.896131992340088,4.227886056971514e-05,7.312021114130116,18183.701276779175
2025-09-15 01:27:42,SGD_lr0.001_m0.0,SGD,2,openwebtext-3%,141,train_eval,10.903484344482422,4.257871064467766e-05,7.312021114130116,
2025-09-15 01:27:42,SGD_lr0.001_m0.0,SGD,2,openwebtext-3%,141,val_eval,10.90274429321289,4.257871064467766e-05,7.312021114130116,
2025-09-15 01:28:00,SGD_lr0.001_m0.0,SGD,2,openwebtext-3%,142,train_eval,10.901891708374023,4.287856071964017e-05,7.312021114130116,
2025-09-15 01:28:00,SGD_lr0.001_m0.0,SGD,2,openwebtext-3%,142,val_eval,10.901761054992676,4.287856071964017e-05,7.312021114130116,
2025-09-15 01:28:18,SGD_lr0.001_m0.0,SGD,2,openwebtext-3%,143,train_eval,10.90087890625,4.317841079460269e-05,7.312021114130116,
2025-09-15 01:28:18,SGD_lr0.001_m0.0,SGD,2,openwebtext-3%,143,val_eval,10.901520729064941,4.317841079460269e-05,7.312021114130116,
2025-09-15 01:28:36,SGD_lr0.001_m0.0,SGD,2,openwebtext-3%,144,train_eval,10.901409149169922,4.3478260869565214e-05,7.312021114130116,
2025-09-15 01:28:36,SGD_lr0.001_m0.0,SGD,2,openwebtext-3%,144,val_eval,10.900581359863281,4.3478260869565214e-05,7.312021114130116,
2025-09-15 01:28:54,SGD_lr0.001_m0.0,SGD,2,openwebtext-3%,145,train_eval,10.899614334106445,4.3778110944527735e-05,7.312021114130116,
2025-09-15 01:28:54,SGD_lr0.001_m0.0,SGD,2,openwebtext-3%,145,val_eval,10.899635314941406,4.3778110944527735e-05,7.312021114130116,
2025-09-15 01:29:12,SGD_lr0.001_m0.0,SGD,2,openwebtext-3%,146,train_eval,10.898907661437988,4.407796101949025e-05,7.312021114130116,
2025-09-15 01:29:12,SGD_lr0.001_m0.0,SGD,2,openwebtext-3%,146,val_eval,10.899850845336914,4.407796101949025e-05,7.312021114130116,
2025-09-15 01:29:31,SGD_lr0.001_m0.0,SGD,2,openwebtext-3%,147,train_eval,10.898545265197754,4.437781109445277e-05,7.312021114130116,
2025-09-15 01:29:31,SGD_lr0.001_m0.0,SGD,2,openwebtext-3%,147,val_eval,10.898979187011719,4.437781109445277e-05,7.312021114130116,
2025-09-15 01:29:49,SGD_lr0.001_m0.0,SGD,2,openwebtext-3%,148,train_eval,10.896967887878418,4.467766116941529e-05,7.312021114130116,
2025-09-15 01:29:49,SGD_lr0.001_m0.0,SGD,2,openwebtext-3%,148,val_eval,10.898581504821777,4.467766116941529e-05,7.312021114130116,
2025-09-15 01:30:07,SGD_lr0.001_m0.0,SGD,2,openwebtext-3%,149,train_eval,10.897212982177734,4.497751124437781e-05,7.312021114130116,
2025-09-15 01:30:07,SGD_lr0.001_m0.0,SGD,2,openwebtext-3%,149,val_eval,10.898896217346191,4.497751124437781e-05,7.312021114130116,
2025-09-15 01:30:25,SGD_lr0.001_m0.0,SGD,2,openwebtext-3%,150,train_eval,10.896844863891602,4.527736131934032e-05,7.312021114130116,
2025-09-15 01:30:25,SGD_lr0.001_m0.0,SGD,2,openwebtext-3%,150,val_eval,10.897546768188477,4.527736131934032e-05,7.312021114130116,
2025-09-15 01:30:30,SGD_lr0.001_m0.0,SGD,2,openwebtext-3%,150,train_iter,10.892307758331299,4.527736131934032e-05,7.323089739954734,18141.517877578735
2025-09-15 01:30:43,SGD_lr0.001_m0.0,SGD,2,openwebtext-3%,151,train_eval,10.895926475524902,4.557721139430284e-05,7.323089739954734,
2025-09-15 01:30:43,SGD_lr0.001_m0.0,SGD,2,openwebtext-3%,151,val_eval,10.896075248718262,4.557721139430284e-05,7.323089739954734,
2025-09-15 01:31:01,SGD_lr0.001_m0.0,SGD,2,openwebtext-3%,152,train_eval,10.894316673278809,4.587706146926536e-05,7.323089739954734,
2025-09-15 01:31:01,SGD_lr0.001_m0.0,SGD,2,openwebtext-3%,152,val_eval,10.895959854125977,4.587706146926536e-05,7.323089739954734,
2025-09-15 01:31:19,SGD_lr0.001_m0.0,SGD,2,openwebtext-3%,153,train_eval,10.89529037475586,4.617691154422788e-05,7.323089739954734,
2025-09-15 01:31:19,SGD_lr0.001_m0.0,SGD,2,openwebtext-3%,153,val_eval,10.894770622253418,4.617691154422788e-05,7.323089739954734,
2025-09-15 01:31:37,SGD_lr0.001_m0.0,SGD,2,openwebtext-3%,154,train_eval,10.894397735595703,4.64767616191904e-05,7.323089739954734,
2025-09-15 01:31:37,SGD_lr0.001_m0.0,SGD,2,openwebtext-3%,154,val_eval,10.894986152648926,4.64767616191904e-05,7.323089739954734,
2025-09-15 01:31:55,SGD_lr0.001_m0.0,SGD,2,openwebtext-3%,155,train_eval,10.893948554992676,4.677661169415292e-05,7.323089739954734,
2025-09-15 01:31:55,SGD_lr0.001_m0.0,SGD,2,openwebtext-3%,155,val_eval,10.893935203552246,4.677661169415292e-05,7.323089739954734,
2025-09-15 01:32:13,SGD_lr0.001_m0.0,SGD,2,openwebtext-3%,156,train_eval,10.89331340789795,4.707646176911544e-05,7.323089739954734,
2025-09-15 01:32:13,SGD_lr0.001_m0.0,SGD,2,openwebtext-3%,156,val_eval,10.89303970336914,4.707646176911544e-05,7.323089739954734,
2025-09-15 01:32:31,SGD_lr0.001_m0.0,SGD,2,openwebtext-3%,157,train_eval,10.891851425170898,4.737631184407796e-05,7.323089739954734,
2025-09-15 01:32:31,SGD_lr0.001_m0.0,SGD,2,openwebtext-3%,157,val_eval,10.892712593078613,4.737631184407796e-05,7.323089739954734,
2025-09-15 01:32:49,SGD_lr0.001_m0.0,SGD,2,openwebtext-3%,158,train_eval,10.891759872436523,4.7676161919040474e-05,7.323089739954734,
2025-09-15 01:32:49,SGD_lr0.001_m0.0,SGD,2,openwebtext-3%,158,val_eval,10.890486717224121,4.7676161919040474e-05,7.323089739954734,
2025-09-15 01:33:08,SGD_lr0.001_m0.0,SGD,2,openwebtext-3%,159,train_eval,10.891539573669434,4.7976011994002995e-05,7.323089739954734,
2025-09-15 01:33:08,SGD_lr0.001_m0.0,SGD,2,openwebtext-3%,159,val_eval,10.891999244689941,4.7976011994002995e-05,7.323089739954734,
2025-09-15 01:33:26,SGD_lr0.001_m0.0,SGD,2,openwebtext-3%,160,train_eval,10.89150619506836,4.827586206896551e-05,7.323089739954734,
2025-09-15 01:33:26,SGD_lr0.001_m0.0,SGD,2,openwebtext-3%,160,val_eval,10.8900728225708,4.827586206896551e-05,7.323089739954734,
2025-09-15 01:33:31,SGD_lr0.001_m0.0,SGD,2,openwebtext-3%,160,train_iter,10.89503288269043,4.827586206896551e-05,7.336853322801485,18049.07274246216
2025-09-15 01:33:44,SGD_lr0.001_m0.0,SGD,2,openwebtext-3%,161,train_eval,10.889734268188477,4.857571214392803e-05,7.336853322801485,
2025-09-15 01:33:44,SGD_lr0.001_m0.0,SGD,2,openwebtext-3%,161,val_eval,10.890236854553223,4.857571214392803e-05,7.336853322801485,
2025-09-15 01:34:02,SGD_lr0.001_m0.0,SGD,2,openwebtext-3%,162,train_eval,10.888664245605469,4.887556221889055e-05,7.336853322801485,
2025-09-15 01:34:02,SGD_lr0.001_m0.0,SGD,2,openwebtext-3%,162,val_eval,10.89035415649414,4.887556221889055e-05,7.336853322801485,
2025-09-15 01:34:20,SGD_lr0.001_m0.0,SGD,2,openwebtext-3%,163,train_eval,10.888383865356445,4.9175412293853066e-05,7.336853322801485,
2025-09-15 01:34:20,SGD_lr0.001_m0.0,SGD,2,openwebtext-3%,163,val_eval,10.888204574584961,4.9175412293853066e-05,7.336853322801485,
2025-09-15 01:34:38,SGD_lr0.001_m0.0,SGD,2,openwebtext-3%,164,train_eval,10.887154579162598,4.947526236881559e-05,7.336853322801485,
2025-09-15 01:34:38,SGD_lr0.001_m0.0,SGD,2,openwebtext-3%,164,val_eval,10.888443946838379,4.947526236881559e-05,7.336853322801485,
2025-09-15 01:34:56,SGD_lr0.001_m0.0,SGD,2,openwebtext-3%,165,train_eval,10.886697769165039,4.977511244377811e-05,7.336853322801485,
2025-09-15 01:34:56,SGD_lr0.001_m0.0,SGD,2,openwebtext-3%,165,val_eval,10.887460708618164,4.977511244377811e-05,7.336853322801485,
2025-09-15 01:35:14,SGD_lr0.001_m0.0,SGD,2,openwebtext-3%,166,train_eval,10.885712623596191,5.007496251874063e-05,7.336853322801485,
2025-09-15 01:35:14,SGD_lr0.001_m0.0,SGD,2,openwebtext-3%,166,val_eval,10.88641357421875,5.007496251874063e-05,7.336853322801485,
2025-09-15 01:35:32,SGD_lr0.001_m0.0,SGD,2,openwebtext-3%,167,train_eval,10.884389877319336,5.0374812593703144e-05,7.336853322801485,
2025-09-15 01:35:32,SGD_lr0.001_m0.0,SGD,2,openwebtext-3%,167,val_eval,10.885550498962402,5.0374812593703144e-05,7.336853322801485,
2025-09-15 01:35:50,SGD_lr0.001_m0.0,SGD,2,openwebtext-3%,168,train_eval,10.884598731994629,5.0674662668665665e-05,7.336853322801485,
2025-09-15 01:35:50,SGD_lr0.001_m0.0,SGD,2,openwebtext-3%,168,val_eval,10.884659767150879,5.0674662668665665e-05,7.336853322801485,
2025-09-15 01:36:08,SGD_lr0.001_m0.0,SGD,2,openwebtext-3%,169,train_eval,10.884098052978516,5.0974512743628186e-05,7.336853322801485,
2025-09-15 01:36:08,SGD_lr0.001_m0.0,SGD,2,openwebtext-3%,169,val_eval,10.883944511413574,5.0974512743628186e-05,7.336853322801485,
2025-09-15 01:36:26,SGD_lr0.001_m0.0,SGD,2,openwebtext-3%,170,train_eval,10.882915496826172,5.12743628185907e-05,7.336853322801485,
2025-09-15 01:36:26,SGD_lr0.001_m0.0,SGD,2,openwebtext-3%,170,val_eval,10.882831573486328,5.12743628185907e-05,7.336853322801485,
2025-09-15 01:36:31,SGD_lr0.001_m0.0,SGD,2,openwebtext-3%,170,train_iter,10.874301195144653,5.12743628185907e-05,7.351519797175215,17994.10080909729
2025-09-15 01:36:44,SGD_lr0.001_m0.0,SGD,2,openwebtext-3%,171,train_eval,10.883210182189941,5.1574212893553214e-05,7.351519797175215,
2025-09-15 01:36:44,SGD_lr0.001_m0.0,SGD,2,openwebtext-3%,171,val_eval,10.88290023803711,5.1574212893553214e-05,7.351519797175215,
2025-09-15 01:37:02,SGD_lr0.001_m0.0,SGD,2,openwebtext-3%,172,train_eval,10.881562232971191,5.1874062968515735e-05,7.351519797175215,
2025-09-15 01:37:02,SGD_lr0.001_m0.0,SGD,2,openwebtext-3%,172,val_eval,10.882061958312988,5.1874062968515735e-05,7.351519797175215,
2025-09-15 01:37:20,SGD_lr0.001_m0.0,SGD,2,openwebtext-3%,173,train_eval,10.880148887634277,5.2173913043478256e-05,7.351519797175215,
2025-09-15 01:37:20,SGD_lr0.001_m0.0,SGD,2,openwebtext-3%,173,val_eval,10.880707740783691,5.2173913043478256e-05,7.351519797175215,
2025-09-15 01:37:38,SGD_lr0.001_m0.0,SGD,2,openwebtext-3%,174,train_eval,10.880749702453613,5.247376311844078e-05,7.351519797175215,
2025-09-15 01:37:38,SGD_lr0.001_m0.0,SGD,2,openwebtext-3%,174,val_eval,10.880422592163086,5.247376311844078e-05,7.351519797175215,
2025-09-15 01:37:56,SGD_lr0.001_m0.0,SGD,2,openwebtext-3%,175,train_eval,10.8789644241333,5.277361319340329e-05,7.351519797175215,
2025-09-15 01:37:56,SGD_lr0.001_m0.0,SGD,2,openwebtext-3%,175,val_eval,10.878870964050293,5.277361319340329e-05,7.351519797175215,
2025-09-15 01:38:14,SGD_lr0.001_m0.0,SGD,2,openwebtext-3%,176,train_eval,10.878218650817871,5.307346326836581e-05,7.351519797175215,
2025-09-15 01:38:14,SGD_lr0.001_m0.0,SGD,2,openwebtext-3%,176,val_eval,10.879003524780273,5.307346326836581e-05,7.351519797175215,
2025-09-15 01:38:33,SGD_lr0.001_m0.0,SGD,2,openwebtext-3%,177,train_eval,10.878231048583984,5.3373313343328334e-05,7.351519797175215,
2025-09-15 01:38:33,SGD_lr0.001_m0.0,SGD,2,openwebtext-3%,177,val_eval,10.878606796264648,5.3373313343328334e-05,7.351519797175215,
2025-09-15 01:38:51,SGD_lr0.001_m0.0,SGD,2,openwebtext-3%,178,train_eval,10.877593040466309,5.3673163418290855e-05,7.351519797175215,
2025-09-15 01:38:51,SGD_lr0.001_m0.0,SGD,2,openwebtext-3%,178,val_eval,10.877233505249023,5.3673163418290855e-05,7.351519797175215,
2025-09-15 01:39:09,SGD_lr0.001_m0.0,SGD,2,openwebtext-3%,179,train_eval,10.875627517700195,5.397301349325337e-05,7.351519797175215,
2025-09-15 01:39:09,SGD_lr0.001_m0.0,SGD,2,openwebtext-3%,179,val_eval,10.876867294311523,5.397301349325337e-05,7.351519797175215,
2025-09-15 01:39:27,SGD_lr0.001_m0.0,SGD,2,openwebtext-3%,180,train_eval,10.876103401184082,5.427286356821588e-05,7.351519797175215,
2025-09-15 01:39:27,SGD_lr0.001_m0.0,SGD,2,openwebtext-3%,180,val_eval,10.876531600952148,5.427286356821588e-05,7.351519797175215,
2025-09-15 01:39:32,SGD_lr0.001_m0.0,SGD,2,openwebtext-3%,180,train_iter,10.886882543563843,5.427286356821588e-05,7.361750506889714,18065.77754020691
2025-09-15 01:39:45,SGD_lr0.001_m0.0,SGD,2,openwebtext-3%,181,train_eval,10.87379264831543,5.4572713643178404e-05,7.361750506889714,
2025-09-15 01:39:45,SGD_lr0.001_m0.0,SGD,2,openwebtext-3%,181,val_eval,10.875205993652344,5.4572713643178404e-05,7.361750506889714,
2025-09-15 01:40:03,SGD_lr0.001_m0.0,SGD,2,openwebtext-3%,182,train_eval,10.875409126281738,5.4872563718140925e-05,7.361750506889714,
2025-09-15 01:40:03,SGD_lr0.001_m0.0,SGD,2,openwebtext-3%,182,val_eval,10.874276161193848,5.4872563718140925e-05,7.361750506889714,
2025-09-15 01:40:21,SGD_lr0.001_m0.0,SGD,2,openwebtext-3%,183,train_eval,10.872638702392578,5.517241379310344e-05,7.361750506889714,
2025-09-15 01:40:21,SGD_lr0.001_m0.0,SGD,2,openwebtext-3%,183,val_eval,10.873126029968262,5.517241379310344e-05,7.361750506889714,
2025-09-15 01:40:39,SGD_lr0.001_m0.0,SGD,2,openwebtext-3%,184,train_eval,10.871855735778809,5.547226386806596e-05,7.361750506889714,
2025-09-15 01:40:39,SGD_lr0.001_m0.0,SGD,2,openwebtext-3%,184,val_eval,10.87322998046875,5.547226386806596e-05,7.361750506889714,
2025-09-15 01:40:57,SGD_lr0.001_m0.0,SGD,2,openwebtext-3%,185,train_eval,10.872424125671387,5.577211394302848e-05,7.361750506889714,
2025-09-15 01:40:57,SGD_lr0.001_m0.0,SGD,2,openwebtext-3%,185,val_eval,10.871865272521973,5.577211394302848e-05,7.361750506889714,
2025-09-15 01:41:15,SGD_lr0.001_m0.0,SGD,2,openwebtext-3%,186,train_eval,10.870832443237305,5.6071964017991e-05,7.361750506889714,
2025-09-15 01:41:15,SGD_lr0.001_m0.0,SGD,2,openwebtext-3%,186,val_eval,10.8709716796875,5.6071964017991e-05,7.361750506889714,
2025-09-15 01:41:33,SGD_lr0.001_m0.0,SGD,2,openwebtext-3%,187,train_eval,10.870322227478027,5.637181409295352e-05,7.361750506889714,
2025-09-15 01:41:33,SGD_lr0.001_m0.0,SGD,2,openwebtext-3%,187,val_eval,10.870412826538086,5.637181409295352e-05,7.361750506889714,
2025-09-15 01:41:52,SGD_lr0.001_m0.0,SGD,2,openwebtext-3%,188,train_eval,10.869359970092773,5.667166416791604e-05,7.361750506889714,
2025-09-15 01:41:52,SGD_lr0.001_m0.0,SGD,2,openwebtext-3%,188,val_eval,10.86958122253418,5.667166416791604e-05,7.361750506889714,
2025-09-15 01:42:10,SGD_lr0.001_m0.0,SGD,2,openwebtext-3%,189,train_eval,10.869407653808594,5.697151424287855e-05,7.361750506889714,
2025-09-15 01:42:10,SGD_lr0.001_m0.0,SGD,2,openwebtext-3%,189,val_eval,10.869098663330078,5.697151424287855e-05,7.361750506889714,
2025-09-15 01:42:28,SGD_lr0.001_m0.0,SGD,2,openwebtext-3%,190,train_eval,10.867009162902832,5.7271364317841074e-05,7.361750506889714,
2025-09-15 01:42:28,SGD_lr0.001_m0.0,SGD,2,openwebtext-3%,190,val_eval,10.868690490722656,5.7271364317841074e-05,7.361750506889714,
2025-09-15 01:42:33,SGD_lr0.001_m0.0,SGD,2,openwebtext-3%,190,train_iter,10.889333486557007,5.7271364317841074e-05,7.372463940832101,18029.35528755188
2025-09-15 01:42:46,SGD_lr0.001_m0.0,SGD,2,openwebtext-3%,191,train_eval,10.867532730102539,5.7571214392803595e-05,7.372463940832101,
2025-09-15 01:42:46,SGD_lr0.001_m0.0,SGD,2,openwebtext-3%,191,val_eval,10.86773681640625,5.7571214392803595e-05,7.372463940832101,
2025-09-15 01:43:04,SGD_lr0.001_m0.0,SGD,2,openwebtext-3%,192,train_eval,10.865795135498047,5.787106446776611e-05,7.372463940832101,
2025-09-15 01:43:04,SGD_lr0.001_m0.0,SGD,2,openwebtext-3%,192,val_eval,10.866135597229004,5.787106446776611e-05,7.372463940832101,
2025-09-15 01:43:22,SGD_lr0.001_m0.0,SGD,2,openwebtext-3%,193,train_eval,10.866065979003906,5.817091454272863e-05,7.372463940832101,
2025-09-15 01:43:22,SGD_lr0.001_m0.0,SGD,2,openwebtext-3%,193,val_eval,10.864584922790527,5.817091454272863e-05,7.372463940832101,
2025-09-15 01:43:40,SGD_lr0.001_m0.0,SGD,2,openwebtext-3%,194,train_eval,10.86446762084961,5.847076461769115e-05,7.372463940832101,
2025-09-15 01:43:40,SGD_lr0.001_m0.0,SGD,2,openwebtext-3%,194,val_eval,10.864404678344727,5.847076461769115e-05,7.372463940832101,
2025-09-15 01:43:58,SGD_lr0.001_m0.0,SGD,2,openwebtext-3%,195,train_eval,10.863547325134277,5.877061469265367e-05,7.372463940832101,
2025-09-15 01:43:58,SGD_lr0.001_m0.0,SGD,2,openwebtext-3%,195,val_eval,10.862995147705078,5.877061469265367e-05,7.372463940832101,
2025-09-15 01:44:16,SGD_lr0.001_m0.0,SGD,2,openwebtext-3%,196,train_eval,10.86311149597168,5.9070464767616186e-05,7.372463940832101,
2025-09-15 01:44:16,SGD_lr0.001_m0.0,SGD,2,openwebtext-3%,196,val_eval,10.863866806030273,5.9070464767616186e-05,7.372463940832101,
2025-09-15 01:44:34,SGD_lr0.001_m0.0,SGD,2,openwebtext-3%,197,train_eval,10.862744331359863,5.937031484257871e-05,7.372463940832101,
2025-09-15 01:44:34,SGD_lr0.001_m0.0,SGD,2,openwebtext-3%,197,val_eval,10.862093925476074,5.937031484257871e-05,7.372463940832101,
2025-09-15 01:44:53,SGD_lr0.001_m0.0,SGD,2,openwebtext-3%,198,train_eval,10.862190246582031,5.967016491754123e-05,7.372463940832101,
2025-09-15 01:44:53,SGD_lr0.001_m0.0,SGD,2,openwebtext-3%,198,val_eval,10.8615083694458,5.967016491754123e-05,7.372463940832101,
2025-09-15 01:45:11,SGD_lr0.001_m0.0,SGD,2,openwebtext-3%,199,train_eval,10.861492156982422,5.997001499250374e-05,7.372463940832101,
2025-09-15 01:45:11,SGD_lr0.001_m0.0,SGD,2,openwebtext-3%,199,val_eval,10.860413551330566,5.997001499250374e-05,7.372463940832101,
2025-09-15 01:45:29,SGD_lr0.001_m0.0,SGD,2,openwebtext-3%,200,train_eval,10.860052108764648,6.026986506746626e-05,7.372463940832101,
2025-09-15 01:45:29,SGD_lr0.001_m0.0,SGD,2,openwebtext-3%,200,val_eval,10.860465049743652,6.026986506746626e-05,7.372463940832101,
2025-09-15 01:45:41,SGD_lr0.001_m0.0,SGD,2,openwebtext-3%,200,train_iter,10.862987041473389,6.026986506746626e-05,7.179530915704797,24739.274501800537
2025-09-15 01:46:03,SGD_lr0.001_m0.9,SGD,2,openwebtext-3%,0,train_eval,10.945842742919922,2.998500749625187e-07,,
2025-09-15 01:46:03,SGD_lr0.001_m0.9,SGD,2,openwebtext-3%,0,val_eval,10.944282531738281,2.998500749625187e-07,,
2025-09-15 01:46:16,SGD_lr0.001_m0.9,SGD,2,openwebtext-3%,0,train_iter,10.945987701416016,2.998500749625187e-07,,28432.459115982056
2025-09-15 01:46:29,SGD_lr0.001_m0.9,SGD,2,openwebtext-3%,1,train_eval,10.946183204650879,5.997001499250374e-07,,
2025-09-15 01:46:29,SGD_lr0.001_m0.9,SGD,2,openwebtext-3%,1,val_eval,10.94624137878418,5.997001499250374e-07,,
2025-09-15 01:46:49,SGD_lr0.001_m0.9,SGD,2,openwebtext-3%,2,train_eval,10.947056770324707,8.995502248875562e-07,,
2025-09-15 01:46:49,SGD_lr0.001_m0.9,SGD,2,openwebtext-3%,2,val_eval,10.944670677185059,8.995502248875562e-07,,
2025-09-15 01:47:08,SGD_lr0.001_m0.9,SGD,2,openwebtext-3%,3,train_eval,10.946044921875,1.1994002998500749e-06,,
2025-09-15 01:47:08,SGD_lr0.001_m0.9,SGD,2,openwebtext-3%,3,val_eval,10.945993423461914,1.1994002998500749e-06,,
2025-09-15 01:47:28,SGD_lr0.001_m0.9,SGD,2,openwebtext-3%,4,train_eval,10.94622802734375,1.4992503748125936e-06,,
2025-09-15 01:47:28,SGD_lr0.001_m0.9,SGD,2,openwebtext-3%,4,val_eval,10.946432113647461,1.4992503748125936e-06,,
2025-09-15 01:47:48,SGD_lr0.001_m0.9,SGD,2,openwebtext-3%,5,train_eval,10.945037841796875,1.7991004497751123e-06,,
2025-09-15 01:47:48,SGD_lr0.001_m0.9,SGD,2,openwebtext-3%,5,val_eval,10.945119857788086,1.7991004497751123e-06,,
2025-09-15 01:48:07,SGD_lr0.001_m0.9,SGD,2,openwebtext-3%,6,train_eval,10.945601463317871,2.0989505247376313e-06,,
2025-09-15 01:48:07,SGD_lr0.001_m0.9,SGD,2,openwebtext-3%,6,val_eval,10.945343017578125,2.0989505247376313e-06,,
2025-09-15 01:48:27,SGD_lr0.001_m0.9,SGD,2,openwebtext-3%,7,train_eval,10.945664405822754,2.3988005997001498e-06,,
2025-09-15 01:48:27,SGD_lr0.001_m0.9,SGD,2,openwebtext-3%,7,val_eval,10.946001052856445,2.3988005997001498e-06,,
2025-09-15 01:48:47,SGD_lr0.001_m0.9,SGD,2,openwebtext-3%,8,train_eval,10.944979667663574,2.6986506746626683e-06,,
2025-09-15 01:48:47,SGD_lr0.001_m0.9,SGD,2,openwebtext-3%,8,val_eval,10.943961143493652,2.6986506746626683e-06,,
2025-09-15 01:49:07,SGD_lr0.001_m0.9,SGD,2,openwebtext-3%,9,train_eval,10.944104194641113,2.9985007496251872e-06,,
2025-09-15 01:49:07,SGD_lr0.001_m0.9,SGD,2,openwebtext-3%,9,val_eval,10.944171905517578,2.9985007496251872e-06,,
2025-09-15 01:49:26,SGD_lr0.001_m0.9,SGD,2,openwebtext-3%,10,train_eval,10.944785118103027,3.2983508245877057e-06,,
2025-09-15 01:49:26,SGD_lr0.001_m0.9,SGD,2,openwebtext-3%,10,val_eval,10.944540023803711,3.2983508245877057e-06,,
2025-09-15 01:49:33,SGD_lr0.001_m0.9,SGD,2,openwebtext-3%,10,train_iter,10.945885181427002,3.2983508245877057e-06,6.844655475327638,19673.62403869629
2025-09-15 01:49:46,SGD_lr0.001_m0.9,SGD,2,openwebtext-3%,11,train_eval,10.945560455322266,3.5982008995502247e-06,6.844655475327638,
2025-09-15 01:49:46,SGD_lr0.001_m0.9,SGD,2,openwebtext-3%,11,val_eval,10.944650650024414,3.5982008995502247e-06,6.844655475327638,
2025-09-15 01:50:05,SGD_lr0.001_m0.9,SGD,2,openwebtext-3%,12,train_eval,10.943943977355957,3.898050974512743e-06,6.844655475327638,
2025-09-15 01:50:05,SGD_lr0.001_m0.9,SGD,2,openwebtext-3%,12,val_eval,10.943865776062012,3.898050974512743e-06,6.844655475327638,
2025-09-15 01:50:25,SGD_lr0.001_m0.9,SGD,2,openwebtext-3%,13,train_eval,10.942901611328125,4.1979010494752625e-06,6.844655475327638,
2025-09-15 01:50:25,SGD_lr0.001_m0.9,SGD,2,openwebtext-3%,13,val_eval,10.943161964416504,4.1979010494752625e-06,6.844655475327638,
2025-09-15 01:50:45,SGD_lr0.001_m0.9,SGD,2,openwebtext-3%,14,train_eval,10.942975044250488,4.497751124437781e-06,6.844655475327638,
2025-09-15 01:50:45,SGD_lr0.001_m0.9,SGD,2,openwebtext-3%,14,val_eval,10.943428039550781,4.497751124437781e-06,6.844655475327638,
2025-09-15 01:51:04,SGD_lr0.001_m0.9,SGD,2,openwebtext-3%,15,train_eval,10.942368507385254,4.7976011994002995e-06,6.844655475327638,
2025-09-15 01:51:04,SGD_lr0.001_m0.9,SGD,2,openwebtext-3%,15,val_eval,10.942008972167969,4.7976011994002995e-06,6.844655475327638,
2025-09-15 01:51:24,SGD_lr0.001_m0.9,SGD,2,openwebtext-3%,16,train_eval,10.941746711730957,5.097451274362818e-06,6.844655475327638,
2025-09-15 01:51:24,SGD_lr0.001_m0.9,SGD,2,openwebtext-3%,16,val_eval,10.942299842834473,5.097451274362818e-06,6.844655475327638,
2025-09-15 01:51:43,SGD_lr0.001_m0.9,SGD,2,openwebtext-3%,17,train_eval,10.941997528076172,5.3973013493253366e-06,6.844655475327638,
2025-09-15 01:51:43,SGD_lr0.001_m0.9,SGD,2,openwebtext-3%,17,val_eval,10.940567970275879,5.3973013493253366e-06,6.844655475327638,
2025-09-15 01:52:03,SGD_lr0.001_m0.9,SGD,2,openwebtext-3%,18,train_eval,10.941022872924805,5.697151424287855e-06,6.844655475327638,
2025-09-15 01:52:03,SGD_lr0.001_m0.9,SGD,2,openwebtext-3%,18,val_eval,10.940155982971191,5.697151424287855e-06,6.844655475327638,
2025-09-15 01:52:23,SGD_lr0.001_m0.9,SGD,2,openwebtext-3%,19,train_eval,10.940720558166504,5.9970014992503744e-06,6.844655475327638,
2025-09-15 01:52:23,SGD_lr0.001_m0.9,SGD,2,openwebtext-3%,19,val_eval,10.939022064208984,5.9970014992503744e-06,6.844655475327638,
2025-09-15 01:52:42,SGD_lr0.001_m0.9,SGD,2,openwebtext-3%,20,train_eval,10.938297271728516,6.296851574212893e-06,6.844655475327638,
2025-09-15 01:52:42,SGD_lr0.001_m0.9,SGD,2,openwebtext-3%,20,val_eval,10.938023567199707,6.296851574212893e-06,6.844655475327638,
2025-09-15 01:52:50,SGD_lr0.001_m0.9,SGD,2,openwebtext-3%,20,train_iter,10.951979160308838,6.296851574212893e-06,6.831615976630415,20055.697679519653
2025-09-15 01:53:02,SGD_lr0.001_m0.9,SGD,2,openwebtext-3%,21,train_eval,10.938499450683594,6.5967016491754115e-06,6.831615976630415,
2025-09-15 01:53:02,SGD_lr0.001_m0.9,SGD,2,openwebtext-3%,21,val_eval,10.938979148864746,6.5967016491754115e-06,6.831615976630415,
2025-09-15 01:53:22,SGD_lr0.001_m0.9,SGD,2,openwebtext-3%,22,train_eval,10.937783241271973,6.89655172413793e-06,6.831615976630415,
2025-09-15 01:53:22,SGD_lr0.001_m0.9,SGD,2,openwebtext-3%,22,val_eval,10.936716079711914,6.89655172413793e-06,6.831615976630415,
2025-09-15 01:53:42,SGD_lr0.001_m0.9,SGD,2,openwebtext-3%,23,train_eval,10.935848236083984,7.196401799100449e-06,6.831615976630415,
2025-09-15 01:53:42,SGD_lr0.001_m0.9,SGD,2,openwebtext-3%,23,val_eval,10.937322616577148,7.196401799100449e-06,6.831615976630415,
2025-09-15 01:54:01,SGD_lr0.001_m0.9,SGD,2,openwebtext-3%,24,train_eval,10.934802055358887,7.496251874062968e-06,6.831615976630415,
2025-09-15 01:54:01,SGD_lr0.001_m0.9,SGD,2,openwebtext-3%,24,val_eval,10.934383392333984,7.496251874062968e-06,6.831615976630415,
2025-09-15 01:54:21,SGD_lr0.001_m0.9,SGD,2,openwebtext-3%,25,train_eval,10.934460639953613,7.796101949025486e-06,6.831615976630415,
2025-09-15 01:54:21,SGD_lr0.001_m0.9,SGD,2,openwebtext-3%,25,val_eval,10.934159278869629,7.796101949025486e-06,6.831615976630415,
2025-09-15 01:54:41,SGD_lr0.001_m0.9,SGD,2,openwebtext-3%,26,train_eval,10.933964729309082,8.095952023988006e-06,6.831615976630415,
2025-09-15 01:54:41,SGD_lr0.001_m0.9,SGD,2,openwebtext-3%,26,val_eval,10.932708740234375,8.095952023988006e-06,6.831615976630415,
2025-09-15 01:55:00,SGD_lr0.001_m0.9,SGD,2,openwebtext-3%,27,train_eval,10.932496070861816,8.395802098950525e-06,6.831615976630415,
2025-09-15 01:55:00,SGD_lr0.001_m0.9,SGD,2,openwebtext-3%,27,val_eval,10.932278633117676,8.395802098950525e-06,6.831615976630415,
2025-09-15 01:55:20,SGD_lr0.001_m0.9,SGD,2,openwebtext-3%,28,train_eval,10.93069076538086,8.695652173913043e-06,6.831615976630415,
2025-09-15 01:55:20,SGD_lr0.001_m0.9,SGD,2,openwebtext-3%,28,val_eval,10.931340217590332,8.695652173913043e-06,6.831615976630415,
2025-09-15 01:55:40,SGD_lr0.001_m0.9,SGD,2,openwebtext-3%,29,train_eval,10.931551933288574,8.995502248875562e-06,6.831615976630415,
2025-09-15 01:55:40,SGD_lr0.001_m0.9,SGD,2,openwebtext-3%,29,val_eval,10.930595397949219,8.995502248875562e-06,6.831615976630415,
2025-09-15 01:55:59,SGD_lr0.001_m0.9,SGD,2,openwebtext-3%,30,train_eval,10.928542137145996,9.29535232383808e-06,6.831615976630415,
2025-09-15 01:55:59,SGD_lr0.001_m0.9,SGD,2,openwebtext-3%,30,val_eval,10.928427696228027,9.29535232383808e-06,6.831615976630415,
2025-09-15 01:56:06,SGD_lr0.001_m0.9,SGD,2,openwebtext-3%,30,train_iter,10.929441452026367,9.29535232383808e-06,6.836170220766282,19580.642223358154
2025-09-15 01:56:19,SGD_lr0.001_m0.9,SGD,2,openwebtext-3%,31,train_eval,10.928027153015137,9.595202398800599e-06,6.836170220766282,
2025-09-15 01:56:19,SGD_lr0.001_m0.9,SGD,2,openwebtext-3%,31,val_eval,10.92784309387207,9.595202398800599e-06,6.836170220766282,
2025-09-15 01:56:38,SGD_lr0.001_m0.9,SGD,2,openwebtext-3%,32,train_eval,10.92542839050293,9.895052473763117e-06,6.836170220766282,
2025-09-15 01:56:38,SGD_lr0.001_m0.9,SGD,2,openwebtext-3%,32,val_eval,10.926547050476074,9.895052473763117e-06,6.836170220766282,
2025-09-15 01:56:58,SGD_lr0.001_m0.9,SGD,2,openwebtext-3%,33,train_eval,10.924945831298828,1.0194902548725636e-05,6.836170220766282,
2025-09-15 01:56:58,SGD_lr0.001_m0.9,SGD,2,openwebtext-3%,33,val_eval,10.924507141113281,1.0194902548725636e-05,6.836170220766282,
2025-09-15 01:57:18,SGD_lr0.001_m0.9,SGD,2,openwebtext-3%,34,train_eval,10.922816276550293,1.0494752623688155e-05,6.836170220766282,
2025-09-15 01:57:18,SGD_lr0.001_m0.9,SGD,2,openwebtext-3%,34,val_eval,10.92413330078125,1.0494752623688155e-05,6.836170220766282,
2025-09-15 01:57:37,SGD_lr0.001_m0.9,SGD,2,openwebtext-3%,35,train_eval,10.921656608581543,1.0794602698650673e-05,6.836170220766282,
2025-09-15 01:57:37,SGD_lr0.001_m0.9,SGD,2,openwebtext-3%,35,val_eval,10.922075271606445,1.0794602698650673e-05,6.836170220766282,
2025-09-15 01:57:57,SGD_lr0.001_m0.9,SGD,2,openwebtext-3%,36,train_eval,10.91998291015625,1.1094452773613192e-05,6.836170220766282,
2025-09-15 01:57:57,SGD_lr0.001_m0.9,SGD,2,openwebtext-3%,36,val_eval,10.9196138381958,1.1094452773613192e-05,6.836170220766282,
2025-09-15 01:58:17,SGD_lr0.001_m0.9,SGD,2,openwebtext-3%,37,train_eval,10.919463157653809,1.139430284857571e-05,6.836170220766282,
2025-09-15 01:58:17,SGD_lr0.001_m0.9,SGD,2,openwebtext-3%,37,val_eval,10.919086456298828,1.139430284857571e-05,6.836170220766282,
2025-09-15 01:58:37,SGD_lr0.001_m0.9,SGD,2,openwebtext-3%,38,train_eval,10.916942596435547,1.169415292353823e-05,6.836170220766282,
2025-09-15 01:58:37,SGD_lr0.001_m0.9,SGD,2,openwebtext-3%,38,val_eval,10.916171073913574,1.169415292353823e-05,6.836170220766282,
2025-09-15 01:58:56,SGD_lr0.001_m0.9,SGD,2,openwebtext-3%,39,train_eval,10.91543960571289,1.1994002998500749e-05,6.836170220766282,
2025-09-15 01:58:56,SGD_lr0.001_m0.9,SGD,2,openwebtext-3%,39,val_eval,10.915229797363281,1.1994002998500749e-05,6.836170220766282,
2025-09-15 01:59:16,SGD_lr0.001_m0.9,SGD,2,openwebtext-3%,40,train_eval,10.913381576538086,1.2293853073463267e-05,6.836170220766282,
2025-09-15 01:59:16,SGD_lr0.001_m0.9,SGD,2,openwebtext-3%,40,val_eval,10.914785385131836,1.2293853073463267e-05,6.836170220766282,
2025-09-15 01:59:23,SGD_lr0.001_m0.9,SGD,2,openwebtext-3%,40,train_iter,10.913660526275635,1.2293853073463267e-05,6.838961209664965,19617.949724197388
2025-09-15 01:59:35,SGD_lr0.001_m0.9,SGD,2,openwebtext-3%,41,train_eval,10.911969184875488,1.2593703148425786e-05,6.838961209664965,
2025-09-15 01:59:35,SGD_lr0.001_m0.9,SGD,2,openwebtext-3%,41,val_eval,10.91195297241211,1.2593703148425786e-05,6.838961209664965,
2025-09-15 01:59:55,SGD_lr0.001_m0.9,SGD,2,openwebtext-3%,42,train_eval,10.910510063171387,1.2893553223388304e-05,6.838961209664965,
2025-09-15 01:59:55,SGD_lr0.001_m0.9,SGD,2,openwebtext-3%,42,val_eval,10.910665512084961,1.2893553223388304e-05,6.838961209664965,
2025-09-15 02:00:15,SGD_lr0.001_m0.9,SGD,2,openwebtext-3%,43,train_eval,10.908951759338379,1.3193403298350823e-05,6.838961209664965,
2025-09-15 02:00:15,SGD_lr0.001_m0.9,SGD,2,openwebtext-3%,43,val_eval,10.908764839172363,1.3193403298350823e-05,6.838961209664965,
2025-09-15 02:00:34,SGD_lr0.001_m0.9,SGD,2,openwebtext-3%,44,train_eval,10.90591812133789,1.3493253373313342e-05,6.838961209664965,
2025-09-15 02:00:34,SGD_lr0.001_m0.9,SGD,2,openwebtext-3%,44,val_eval,10.908202171325684,1.3493253373313342e-05,6.838961209664965,
2025-09-15 02:00:54,SGD_lr0.001_m0.9,SGD,2,openwebtext-3%,45,train_eval,10.905176162719727,1.379310344827586e-05,6.838961209664965,
2025-09-15 02:00:54,SGD_lr0.001_m0.9,SGD,2,openwebtext-3%,45,val_eval,10.90346908569336,1.379310344827586e-05,6.838961209664965,
2025-09-15 02:01:14,SGD_lr0.001_m0.9,SGD,2,openwebtext-3%,46,train_eval,10.902814865112305,1.409295352323838e-05,6.838961209664965,
2025-09-15 02:01:14,SGD_lr0.001_m0.9,SGD,2,openwebtext-3%,46,val_eval,10.902652740478516,1.409295352323838e-05,6.838961209664965,
2025-09-15 02:01:33,SGD_lr0.001_m0.9,SGD,2,openwebtext-3%,47,train_eval,10.901044845581055,1.4392803598200899e-05,6.838961209664965,
2025-09-15 02:01:33,SGD_lr0.001_m0.9,SGD,2,openwebtext-3%,47,val_eval,10.900712013244629,1.4392803598200899e-05,6.838961209664965,
2025-09-15 02:01:53,SGD_lr0.001_m0.9,SGD,2,openwebtext-3%,48,train_eval,10.899328231811523,1.4692653673163418e-05,6.838961209664965,
2025-09-15 02:01:53,SGD_lr0.001_m0.9,SGD,2,openwebtext-3%,48,val_eval,10.898346900939941,1.4692653673163418e-05,6.838961209664965,
2025-09-15 02:02:13,SGD_lr0.001_m0.9,SGD,2,openwebtext-3%,49,train_eval,10.896890640258789,1.4992503748125936e-05,6.838961209664965,
2025-09-15 02:02:13,SGD_lr0.001_m0.9,SGD,2,openwebtext-3%,49,val_eval,10.897072792053223,1.4992503748125936e-05,6.838961209664965,
2025-09-15 02:02:33,SGD_lr0.001_m0.9,SGD,2,openwebtext-3%,50,train_eval,10.894506454467773,1.5292353823088455e-05,6.838961209664965,
2025-09-15 02:02:33,SGD_lr0.001_m0.9,SGD,2,openwebtext-3%,50,val_eval,10.894698143005371,1.5292353823088455e-05,6.838961209664965,
2025-09-15 02:02:39,SGD_lr0.001_m0.9,SGD,2,openwebtext-3%,50,train_iter,10.890861749649048,1.5292353823088455e-05,6.838646613619827,19699.066400527954
2025-09-15 02:02:52,SGD_lr0.001_m0.9,SGD,2,openwebtext-3%,51,train_eval,10.891890525817871,1.5592203898050973e-05,6.838646613619827,
2025-09-15 02:02:52,SGD_lr0.001_m0.9,SGD,2,openwebtext-3%,51,val_eval,10.892114639282227,1.5592203898050973e-05,6.838646613619827,
2025-09-15 02:03:12,SGD_lr0.001_m0.9,SGD,2,openwebtext-3%,52,train_eval,10.889008522033691,1.589205397301349e-05,6.838646613619827,
2025-09-15 02:03:12,SGD_lr0.001_m0.9,SGD,2,openwebtext-3%,52,val_eval,10.890281677246094,1.589205397301349e-05,6.838646613619827,
2025-09-15 02:03:31,SGD_lr0.001_m0.9,SGD,2,openwebtext-3%,53,train_eval,10.888083457946777,1.619190404797601e-05,6.838646613619827,
2025-09-15 02:03:31,SGD_lr0.001_m0.9,SGD,2,openwebtext-3%,53,val_eval,10.8873872756958,1.619190404797601e-05,6.838646613619827,
2025-09-15 02:03:51,SGD_lr0.001_m0.9,SGD,2,openwebtext-3%,54,train_eval,10.885994911193848,1.649175412293853e-05,6.838646613619827,
2025-09-15 02:03:51,SGD_lr0.001_m0.9,SGD,2,openwebtext-3%,54,val_eval,10.886096000671387,1.649175412293853e-05,6.838646613619827,
2025-09-15 02:04:11,SGD_lr0.001_m0.9,SGD,2,openwebtext-3%,55,train_eval,10.882024765014648,1.679160419790105e-05,6.838646613619827,
2025-09-15 02:04:11,SGD_lr0.001_m0.9,SGD,2,openwebtext-3%,55,val_eval,10.883199691772461,1.679160419790105e-05,6.838646613619827,
2025-09-15 02:04:30,SGD_lr0.001_m0.9,SGD,2,openwebtext-3%,56,train_eval,10.881121635437012,1.7091454272863564e-05,6.838646613619827,
2025-09-15 02:04:30,SGD_lr0.001_m0.9,SGD,2,openwebtext-3%,56,val_eval,10.88220500946045,1.7091454272863564e-05,6.838646613619827,
2025-09-15 02:04:50,SGD_lr0.001_m0.9,SGD,2,openwebtext-3%,57,train_eval,10.8785982131958,1.7391304347826085e-05,6.838646613619827,
2025-09-15 02:04:50,SGD_lr0.001_m0.9,SGD,2,openwebtext-3%,57,val_eval,10.878552436828613,1.7391304347826085e-05,6.838646613619827,
2025-09-15 02:05:10,SGD_lr0.001_m0.9,SGD,2,openwebtext-3%,58,train_eval,10.876054763793945,1.7691154422788603e-05,6.838646613619827,
2025-09-15 02:05:10,SGD_lr0.001_m0.9,SGD,2,openwebtext-3%,58,val_eval,10.876245498657227,1.7691154422788603e-05,6.838646613619827,
2025-09-15 02:05:29,SGD_lr0.001_m0.9,SGD,2,openwebtext-3%,59,train_eval,10.872288703918457,1.7991004497751124e-05,6.838646613619827,
2025-09-15 02:05:29,SGD_lr0.001_m0.9,SGD,2,openwebtext-3%,59,val_eval,10.873444557189941,1.7991004497751124e-05,6.838646613619827,
2025-09-15 02:05:49,SGD_lr0.001_m0.9,SGD,2,openwebtext-3%,60,train_eval,10.871185302734375,1.829085457271364e-05,6.838646613619827,
2025-09-15 02:05:49,SGD_lr0.001_m0.9,SGD,2,openwebtext-3%,60,val_eval,10.871687889099121,1.829085457271364e-05,6.838646613619827,
2025-09-15 02:05:56,SGD_lr0.001_m0.9,SGD,2,openwebtext-3%,60,train_iter,10.854156017303467,1.829085457271364e-05,6.840628798995032,19634.0012550354
2025-09-15 02:06:08,SGD_lr0.001_m0.9,SGD,2,openwebtext-3%,61,train_eval,10.867488861083984,1.859070464767616e-05,6.840628798995032,
2025-09-15 02:06:08,SGD_lr0.001_m0.9,SGD,2,openwebtext-3%,61,val_eval,10.867680549621582,1.859070464767616e-05,6.840628798995032,
2025-09-15 02:06:28,SGD_lr0.001_m0.9,SGD,2,openwebtext-3%,62,train_eval,10.8659029006958,1.8890554722638677e-05,6.840628798995032,
2025-09-15 02:06:28,SGD_lr0.001_m0.9,SGD,2,openwebtext-3%,62,val_eval,10.865342140197754,1.8890554722638677e-05,6.840628798995032,
2025-09-15 02:06:48,SGD_lr0.001_m0.9,SGD,2,openwebtext-3%,63,train_eval,10.86302375793457,1.9190404797601198e-05,6.840628798995032,
2025-09-15 02:06:48,SGD_lr0.001_m0.9,SGD,2,openwebtext-3%,63,val_eval,10.862839698791504,1.9190404797601198e-05,6.840628798995032,
2025-09-15 02:07:08,SGD_lr0.001_m0.9,SGD,2,openwebtext-3%,64,train_eval,10.861564636230469,1.949025487256372e-05,6.840628798995032,
2025-09-15 02:07:08,SGD_lr0.001_m0.9,SGD,2,openwebtext-3%,64,val_eval,10.860212326049805,1.949025487256372e-05,6.840628798995032,
2025-09-15 02:07:27,SGD_lr0.001_m0.9,SGD,2,openwebtext-3%,65,train_eval,10.857863426208496,1.9790104947526234e-05,6.840628798995032,
2025-09-15 02:07:27,SGD_lr0.001_m0.9,SGD,2,openwebtext-3%,65,val_eval,10.857600212097168,1.9790104947526234e-05,6.840628798995032,
2025-09-15 02:07:47,SGD_lr0.001_m0.9,SGD,2,openwebtext-3%,66,train_eval,10.855851173400879,2.0089955022488755e-05,6.840628798995032,
2025-09-15 02:07:47,SGD_lr0.001_m0.9,SGD,2,openwebtext-3%,66,val_eval,10.855695724487305,2.0089955022488755e-05,6.840628798995032,
2025-09-15 02:08:06,SGD_lr0.001_m0.9,SGD,2,openwebtext-3%,67,train_eval,10.852409362792969,2.0389805097451272e-05,6.840628798995032,
2025-09-15 02:08:06,SGD_lr0.001_m0.9,SGD,2,openwebtext-3%,67,val_eval,10.8531494140625,2.0389805097451272e-05,6.840628798995032,
2025-09-15 02:08:26,SGD_lr0.001_m0.9,SGD,2,openwebtext-3%,68,train_eval,10.848388671875,2.0689655172413793e-05,6.840628798995032,
2025-09-15 02:08:26,SGD_lr0.001_m0.9,SGD,2,openwebtext-3%,68,val_eval,10.849213600158691,2.0689655172413793e-05,6.840628798995032,
2025-09-15 02:08:46,SGD_lr0.001_m0.9,SGD,2,openwebtext-3%,69,train_eval,10.846735954284668,2.098950524737631e-05,6.840628798995032,
2025-09-15 02:08:46,SGD_lr0.001_m0.9,SGD,2,openwebtext-3%,69,val_eval,10.846689224243164,2.098950524737631e-05,6.840628798995032,
2025-09-15 02:09:05,SGD_lr0.001_m0.9,SGD,2,openwebtext-3%,70,train_eval,10.843985557556152,2.128935532233883e-05,6.840628798995032,
2025-09-15 02:09:05,SGD_lr0.001_m0.9,SGD,2,openwebtext-3%,70,val_eval,10.843354225158691,2.128935532233883e-05,6.840628798995032,
2025-09-15 02:09:12,SGD_lr0.001_m0.9,SGD,2,openwebtext-3%,70,train_iter,10.827856063842773,2.128935532233883e-05,6.842699797207098,19625.78773498535
2025-09-15 02:09:25,SGD_lr0.001_m0.9,SGD,2,openwebtext-3%,71,train_eval,10.840754508972168,2.1589205397301346e-05,6.842699797207098,
2025-09-15 02:09:25,SGD_lr0.001_m0.9,SGD,2,openwebtext-3%,71,val_eval,10.840282440185547,2.1589205397301346e-05,6.842699797207098,
2025-09-15 02:09:45,SGD_lr0.001_m0.9,SGD,2,openwebtext-3%,72,train_eval,10.838618278503418,2.1889055472263867e-05,6.842699797207098,
2025-09-15 02:09:45,SGD_lr0.001_m0.9,SGD,2,openwebtext-3%,72,val_eval,10.838881492614746,2.1889055472263867e-05,6.842699797207098,
2025-09-15 02:10:04,SGD_lr0.001_m0.9,SGD,2,openwebtext-3%,73,train_eval,10.83545207977295,2.2188905547226385e-05,6.842699797207098,
2025-09-15 02:10:04,SGD_lr0.001_m0.9,SGD,2,openwebtext-3%,73,val_eval,10.83446979522705,2.2188905547226385e-05,6.842699797207098,
2025-09-15 02:10:24,SGD_lr0.001_m0.9,SGD,2,openwebtext-3%,74,train_eval,10.83334732055664,2.2488755622188906e-05,6.842699797207098,
2025-09-15 02:10:24,SGD_lr0.001_m0.9,SGD,2,openwebtext-3%,74,val_eval,10.829974174499512,2.2488755622188906e-05,6.842699797207098,
2025-09-15 02:10:44,SGD_lr0.001_m0.9,SGD,2,openwebtext-3%,75,train_eval,10.828487396240234,2.278860569715142e-05,6.842699797207098,
2025-09-15 02:10:44,SGD_lr0.001_m0.9,SGD,2,openwebtext-3%,75,val_eval,10.828987121582031,2.278860569715142e-05,6.842699797207098,
2025-09-15 02:11:03,SGD_lr0.001_m0.9,SGD,2,openwebtext-3%,76,train_eval,10.826805114746094,2.308845577211394e-05,6.842699797207098,
2025-09-15 02:11:03,SGD_lr0.001_m0.9,SGD,2,openwebtext-3%,76,val_eval,10.827190399169922,2.308845577211394e-05,6.842699797207098,
2025-09-15 02:11:23,SGD_lr0.001_m0.9,SGD,2,openwebtext-3%,77,train_eval,10.8223876953125,2.338830584707646e-05,6.842699797207098,
2025-09-15 02:11:23,SGD_lr0.001_m0.9,SGD,2,openwebtext-3%,77,val_eval,10.821900367736816,2.338830584707646e-05,6.842699797207098,
2025-09-15 02:11:43,SGD_lr0.001_m0.9,SGD,2,openwebtext-3%,78,train_eval,10.817286491394043,2.368815592203898e-05,6.842699797207098,
2025-09-15 02:11:43,SGD_lr0.001_m0.9,SGD,2,openwebtext-3%,78,val_eval,10.818412780761719,2.368815592203898e-05,6.842699797207098,
2025-09-15 02:12:02,SGD_lr0.001_m0.9,SGD,2,openwebtext-3%,79,train_eval,10.815173149108887,2.3988005997001498e-05,6.842699797207098,
2025-09-15 02:12:02,SGD_lr0.001_m0.9,SGD,2,openwebtext-3%,79,val_eval,10.816776275634766,2.3988005997001498e-05,6.842699797207098,
2025-09-15 02:12:22,SGD_lr0.001_m0.9,SGD,2,openwebtext-3%,80,train_eval,10.811084747314453,2.4287856071964015e-05,6.842699797207098,
2025-09-15 02:12:22,SGD_lr0.001_m0.9,SGD,2,openwebtext-3%,80,val_eval,10.813089370727539,2.4287856071964015e-05,6.842699797207098,
2025-09-15 02:12:29,SGD_lr0.001_m0.9,SGD,2,openwebtext-3%,80,train_iter,10.818556547164917,2.4287856071964015e-05,6.844043000678392,19640.692710876465
2025-09-15 02:12:42,SGD_lr0.001_m0.9,SGD,2,openwebtext-3%,81,train_eval,10.809765815734863,2.4587706146926533e-05,6.844043000678392,
2025-09-15 02:12:42,SGD_lr0.001_m0.9,SGD,2,openwebtext-3%,81,val_eval,10.808418273925781,2.4587706146926533e-05,6.844043000678392,
2025-09-15 02:13:01,SGD_lr0.001_m0.9,SGD,2,openwebtext-3%,82,train_eval,10.804874420166016,2.4887556221889054e-05,6.844043000678392,
2025-09-15 02:13:01,SGD_lr0.001_m0.9,SGD,2,openwebtext-3%,82,val_eval,10.805450439453125,2.4887556221889054e-05,6.844043000678392,
2025-09-15 02:13:21,SGD_lr0.001_m0.9,SGD,2,openwebtext-3%,83,train_eval,10.802999496459961,2.5187406296851572e-05,6.844043000678392,
2025-09-15 02:13:21,SGD_lr0.001_m0.9,SGD,2,openwebtext-3%,83,val_eval,10.803152084350586,2.5187406296851572e-05,6.844043000678392,
2025-09-15 02:13:41,SGD_lr0.001_m0.9,SGD,2,openwebtext-3%,84,train_eval,10.799665451049805,2.5487256371814093e-05,6.844043000678392,
2025-09-15 02:13:41,SGD_lr0.001_m0.9,SGD,2,openwebtext-3%,84,val_eval,10.797856330871582,2.5487256371814093e-05,6.844043000678392,
2025-09-15 02:14:00,SGD_lr0.001_m0.9,SGD,2,openwebtext-3%,85,train_eval,10.798222541809082,2.5787106446776607e-05,6.844043000678392,
2025-09-15 02:14:00,SGD_lr0.001_m0.9,SGD,2,openwebtext-3%,85,val_eval,10.794808387756348,2.5787106446776607e-05,6.844043000678392,
2025-09-15 02:14:20,SGD_lr0.001_m0.9,SGD,2,openwebtext-3%,86,train_eval,10.791664123535156,2.6086956521739128e-05,6.844043000678392,
2025-09-15 02:14:20,SGD_lr0.001_m0.9,SGD,2,openwebtext-3%,86,val_eval,10.793100357055664,2.6086956521739128e-05,6.844043000678392,
2025-09-15 02:14:39,SGD_lr0.001_m0.9,SGD,2,openwebtext-3%,87,train_eval,10.790125846862793,2.6386806596701646e-05,6.844043000678392,
2025-09-15 02:14:39,SGD_lr0.001_m0.9,SGD,2,openwebtext-3%,87,val_eval,10.787283897399902,2.6386806596701646e-05,6.844043000678392,
2025-09-15 02:14:59,SGD_lr0.001_m0.9,SGD,2,openwebtext-3%,88,train_eval,10.78257942199707,2.6686656671664167e-05,6.844043000678392,
2025-09-15 02:14:59,SGD_lr0.001_m0.9,SGD,2,openwebtext-3%,88,val_eval,10.784409523010254,2.6686656671664167e-05,6.844043000678392,
2025-09-15 02:15:19,SGD_lr0.001_m0.9,SGD,2,openwebtext-3%,89,train_eval,10.781842231750488,2.6986506746626685e-05,6.844043000678392,
2025-09-15 02:15:19,SGD_lr0.001_m0.9,SGD,2,openwebtext-3%,89,val_eval,10.779901504516602,2.6986506746626685e-05,6.844043000678392,
2025-09-15 02:15:38,SGD_lr0.001_m0.9,SGD,2,openwebtext-3%,90,train_eval,10.777515411376953,2.7286356821589202e-05,6.844043000678392,
2025-09-15 02:15:38,SGD_lr0.001_m0.9,SGD,2,openwebtext-3%,90,val_eval,10.777295112609863,2.7286356821589202e-05,6.844043000678392,
2025-09-15 02:15:45,SGD_lr0.001_m0.9,SGD,2,openwebtext-3%,90,train_iter,10.783567428588867,2.7286356821589202e-05,6.8452878396042305,19639.662742614746
2025-09-15 02:15:58,SGD_lr0.001_m0.9,SGD,2,openwebtext-3%,91,train_eval,10.771648406982422,2.758620689655172e-05,6.8452878396042305,
2025-09-15 02:15:58,SGD_lr0.001_m0.9,SGD,2,openwebtext-3%,91,val_eval,10.773845672607422,2.758620689655172e-05,6.8452878396042305,
2025-09-15 02:16:18,SGD_lr0.001_m0.9,SGD,2,openwebtext-3%,92,train_eval,10.769879341125488,2.788605697151424e-05,6.8452878396042305,
2025-09-15 02:16:18,SGD_lr0.001_m0.9,SGD,2,openwebtext-3%,92,val_eval,10.770628929138184,2.788605697151424e-05,6.8452878396042305,
2025-09-15 02:16:37,SGD_lr0.001_m0.9,SGD,2,openwebtext-3%,93,train_eval,10.768023490905762,2.818590704647676e-05,6.8452878396042305,
2025-09-15 02:16:37,SGD_lr0.001_m0.9,SGD,2,openwebtext-3%,93,val_eval,10.765629768371582,2.818590704647676e-05,6.8452878396042305,
2025-09-15 02:16:57,SGD_lr0.001_m0.9,SGD,2,openwebtext-3%,94,train_eval,10.762713432312012,2.8485757121439276e-05,6.8452878396042305,
2025-09-15 02:16:57,SGD_lr0.001_m0.9,SGD,2,openwebtext-3%,94,val_eval,10.762616157531738,2.8485757121439276e-05,6.8452878396042305,
2025-09-15 02:17:17,SGD_lr0.001_m0.9,SGD,2,openwebtext-3%,95,train_eval,10.758186340332031,2.8785607196401797e-05,6.8452878396042305,
2025-09-15 02:17:17,SGD_lr0.001_m0.9,SGD,2,openwebtext-3%,95,val_eval,10.759865760803223,2.8785607196401797e-05,6.8452878396042305,
2025-09-15 02:17:36,SGD_lr0.001_m0.9,SGD,2,openwebtext-3%,96,train_eval,10.754912376403809,2.9085457271364315e-05,6.8452878396042305,
2025-09-15 02:17:36,SGD_lr0.001_m0.9,SGD,2,openwebtext-3%,96,val_eval,10.754608154296875,2.9085457271364315e-05,6.8452878396042305,
2025-09-15 02:17:56,SGD_lr0.001_m0.9,SGD,2,openwebtext-3%,97,train_eval,10.752418518066406,2.9385307346326836e-05,6.8452878396042305,
2025-09-15 02:17:56,SGD_lr0.001_m0.9,SGD,2,openwebtext-3%,97,val_eval,10.7523775100708,2.9385307346326836e-05,6.8452878396042305,
2025-09-15 02:18:15,SGD_lr0.001_m0.9,SGD,2,openwebtext-3%,98,train_eval,10.749292373657227,2.9685157421289354e-05,6.8452878396042305,
2025-09-15 02:18:15,SGD_lr0.001_m0.9,SGD,2,openwebtext-3%,98,val_eval,10.747284889221191,2.9685157421289354e-05,6.8452878396042305,
2025-09-15 02:18:35,SGD_lr0.001_m0.9,SGD,2,openwebtext-3%,99,train_eval,10.743185997009277,2.998500749625187e-05,6.8452878396042305,
2025-09-15 02:18:35,SGD_lr0.001_m0.9,SGD,2,openwebtext-3%,99,val_eval,10.743823051452637,2.998500749625187e-05,6.8452878396042305,
2025-09-15 02:18:55,SGD_lr0.001_m0.9,SGD,2,openwebtext-3%,100,train_eval,10.74093246459961,3.028485757121439e-05,6.8452878396042305,
2025-09-15 02:18:55,SGD_lr0.001_m0.9,SGD,2,openwebtext-3%,100,val_eval,10.740739822387695,3.028485757121439e-05,6.8452878396042305,
2025-09-15 02:19:08,SGD_lr0.001_m0.9,SGD,2,openwebtext-3%,100,train_iter,10.752347707748413,3.028485757121439e-05,6.671294336607151,26376.0769367218
2025-09-15 02:19:21,SGD_lr0.001_m0.9,SGD,2,openwebtext-3%,101,train_eval,10.736793518066406,3.058470764617691e-05,6.671294336607151,
2025-09-15 02:19:21,SGD_lr0.001_m0.9,SGD,2,openwebtext-3%,101,val_eval,10.73644733428955,3.058470764617691e-05,6.671294336607151,
2025-09-15 02:19:40,SGD_lr0.001_m0.9,SGD,2,openwebtext-3%,102,train_eval,10.731980323791504,3.0884557721139424e-05,6.671294336607151,
2025-09-15 02:19:40,SGD_lr0.001_m0.9,SGD,2,openwebtext-3%,102,val_eval,10.733229637145996,3.0884557721139424e-05,6.671294336607151,
2025-09-15 02:20:00,SGD_lr0.001_m0.9,SGD,2,openwebtext-3%,103,train_eval,10.728569030761719,3.1184407796101945e-05,6.671294336607151,
2025-09-15 02:20:00,SGD_lr0.001_m0.9,SGD,2,openwebtext-3%,103,val_eval,10.727996826171875,3.1184407796101945e-05,6.671294336607151,
2025-09-15 02:20:19,SGD_lr0.001_m0.9,SGD,2,openwebtext-3%,104,train_eval,10.725024223327637,3.1484257871064466e-05,6.671294336607151,
2025-09-15 02:20:19,SGD_lr0.001_m0.9,SGD,2,openwebtext-3%,104,val_eval,10.724321365356445,3.1484257871064466e-05,6.671294336607151,
2025-09-15 02:20:39,SGD_lr0.001_m0.9,SGD,2,openwebtext-3%,105,train_eval,10.718825340270996,3.178410794602698e-05,6.671294336607151,
2025-09-15 02:20:39,SGD_lr0.001_m0.9,SGD,2,openwebtext-3%,105,val_eval,10.721997261047363,3.178410794602698e-05,6.671294336607151,
2025-09-15 02:20:59,SGD_lr0.001_m0.9,SGD,2,openwebtext-3%,106,train_eval,10.717327117919922,3.20839580209895e-05,6.671294336607151,
2025-09-15 02:20:59,SGD_lr0.001_m0.9,SGD,2,openwebtext-3%,106,val_eval,10.716612815856934,3.20839580209895e-05,6.671294336607151,
2025-09-15 02:21:18,SGD_lr0.001_m0.9,SGD,2,openwebtext-3%,107,train_eval,10.712735176086426,3.238380809595202e-05,6.671294336607151,
2025-09-15 02:21:18,SGD_lr0.001_m0.9,SGD,2,openwebtext-3%,107,val_eval,10.71096420288086,3.238380809595202e-05,6.671294336607151,
2025-09-15 02:21:38,SGD_lr0.001_m0.9,SGD,2,openwebtext-3%,108,train_eval,10.70816421508789,3.2683658170914544e-05,6.671294336607151,
2025-09-15 02:21:38,SGD_lr0.001_m0.9,SGD,2,openwebtext-3%,108,val_eval,10.70792007446289,3.2683658170914544e-05,6.671294336607151,
2025-09-15 02:21:58,SGD_lr0.001_m0.9,SGD,2,openwebtext-3%,109,train_eval,10.70284652709961,3.298350824587706e-05,6.671294336607151,
2025-09-15 02:21:58,SGD_lr0.001_m0.9,SGD,2,openwebtext-3%,109,val_eval,10.705029487609863,3.298350824587706e-05,6.671294336607151,
2025-09-15 02:22:17,SGD_lr0.001_m0.9,SGD,2,openwebtext-3%,110,train_eval,10.698552131652832,3.328335832083958e-05,6.671294336607151,
2025-09-15 02:22:17,SGD_lr0.001_m0.9,SGD,2,openwebtext-3%,110,val_eval,10.699706077575684,3.328335832083958e-05,6.671294336607151,
2025-09-15 02:22:24,SGD_lr0.001_m0.9,SGD,2,openwebtext-3%,110,train_iter,10.702489614486694,3.328335832083958e-05,6.689621081720018,19645.191431045532
2025-09-15 02:22:37,SGD_lr0.001_m0.9,SGD,2,openwebtext-3%,111,train_eval,10.69625473022461,3.35832083958021e-05,6.689621081720018,
2025-09-15 02:22:37,SGD_lr0.001_m0.9,SGD,2,openwebtext-3%,111,val_eval,10.694365501403809,3.35832083958021e-05,6.689621081720018,
2025-09-15 02:22:57,SGD_lr0.001_m0.9,SGD,2,openwebtext-3%,112,train_eval,10.691484451293945,3.3883058470764614e-05,6.689621081720018,
2025-09-15 02:22:57,SGD_lr0.001_m0.9,SGD,2,openwebtext-3%,112,val_eval,10.691246032714844,3.3883058470764614e-05,6.689621081720018,
2025-09-15 02:23:16,SGD_lr0.001_m0.9,SGD,2,openwebtext-3%,113,train_eval,10.687241554260254,3.418290854572713e-05,6.689621081720018,
2025-09-15 02:23:16,SGD_lr0.001_m0.9,SGD,2,openwebtext-3%,113,val_eval,10.686622619628906,3.418290854572713e-05,6.689621081720018,
2025-09-15 02:23:36,SGD_lr0.001_m0.9,SGD,2,openwebtext-3%,114,train_eval,10.683049201965332,3.448275862068965e-05,6.689621081720018,
2025-09-15 02:23:36,SGD_lr0.001_m0.9,SGD,2,openwebtext-3%,114,val_eval,10.682844161987305,3.448275862068965e-05,6.689621081720018,
2025-09-15 02:23:55,SGD_lr0.001_m0.9,SGD,2,openwebtext-3%,115,train_eval,10.678081512451172,3.478260869565217e-05,6.689621081720018,
2025-09-15 02:23:55,SGD_lr0.001_m0.9,SGD,2,openwebtext-3%,115,val_eval,10.677907943725586,3.478260869565217e-05,6.689621081720018,
2025-09-15 02:24:15,SGD_lr0.001_m0.9,SGD,2,openwebtext-3%,116,train_eval,10.673656463623047,3.508245877061469e-05,6.689621081720018,
2025-09-15 02:24:15,SGD_lr0.001_m0.9,SGD,2,openwebtext-3%,116,val_eval,10.675628662109375,3.508245877061469e-05,6.689621081720018,
2025-09-15 02:24:35,SGD_lr0.001_m0.9,SGD,2,openwebtext-3%,117,train_eval,10.671039581298828,3.5382308845577206e-05,6.689621081720018,
2025-09-15 02:24:35,SGD_lr0.001_m0.9,SGD,2,openwebtext-3%,117,val_eval,10.670190811157227,3.5382308845577206e-05,6.689621081720018,
2025-09-15 02:24:54,SGD_lr0.001_m0.9,SGD,2,openwebtext-3%,118,train_eval,10.666319847106934,3.568215892053973e-05,6.689621081720018,
2025-09-15 02:24:54,SGD_lr0.001_m0.9,SGD,2,openwebtext-3%,118,val_eval,10.665379524230957,3.568215892053973e-05,6.689621081720018,
2025-09-15 02:25:14,SGD_lr0.001_m0.9,SGD,2,openwebtext-3%,119,train_eval,10.662221908569336,3.598200899550225e-05,6.689621081720018,
2025-09-15 02:25:14,SGD_lr0.001_m0.9,SGD,2,openwebtext-3%,119,val_eval,10.662013053894043,3.598200899550225e-05,6.689621081720018,
2025-09-15 02:25:34,SGD_lr0.001_m0.9,SGD,2,openwebtext-3%,120,train_eval,10.657170295715332,3.628185907046477e-05,6.689621081720018,
2025-09-15 02:25:34,SGD_lr0.001_m0.9,SGD,2,openwebtext-3%,120,val_eval,10.656028747558594,3.628185907046477e-05,6.689621081720018,
2025-09-15 02:25:41,SGD_lr0.001_m0.9,SGD,2,openwebtext-3%,120,train_iter,10.65312385559082,3.628185907046477e-05,6.7048795381392825,19680.668115615845
2025-09-15 02:25:53,SGD_lr0.001_m0.9,SGD,2,openwebtext-3%,121,train_eval,10.652776718139648,3.658170914542728e-05,6.7048795381392825,
2025-09-15 02:25:53,SGD_lr0.001_m0.9,SGD,2,openwebtext-3%,121,val_eval,10.652426719665527,3.658170914542728e-05,6.7048795381392825,
2025-09-15 02:26:13,SGD_lr0.001_m0.9,SGD,2,openwebtext-3%,122,train_eval,10.647653579711914,3.68815592203898e-05,6.7048795381392825,
2025-09-15 02:26:13,SGD_lr0.001_m0.9,SGD,2,openwebtext-3%,122,val_eval,10.647629737854004,3.68815592203898e-05,6.7048795381392825,
2025-09-15 02:26:33,SGD_lr0.001_m0.9,SGD,2,openwebtext-3%,123,train_eval,10.644373893737793,3.718140929535232e-05,6.7048795381392825,
2025-09-15 02:26:33,SGD_lr0.001_m0.9,SGD,2,openwebtext-3%,123,val_eval,10.647004127502441,3.718140929535232e-05,6.7048795381392825,
2025-09-15 02:26:52,SGD_lr0.001_m0.9,SGD,2,openwebtext-3%,124,train_eval,10.641059875488281,3.748125937031484e-05,6.7048795381392825,
2025-09-15 02:26:52,SGD_lr0.001_m0.9,SGD,2,openwebtext-3%,124,val_eval,10.637337684631348,3.748125937031484e-05,6.7048795381392825,
2025-09-15 02:27:12,SGD_lr0.001_m0.9,SGD,2,openwebtext-3%,125,train_eval,10.634676933288574,3.7781109445277354e-05,6.7048795381392825,
2025-09-15 02:27:12,SGD_lr0.001_m0.9,SGD,2,openwebtext-3%,125,val_eval,10.634443283081055,3.7781109445277354e-05,6.7048795381392825,
2025-09-15 02:27:32,SGD_lr0.001_m0.9,SGD,2,openwebtext-3%,126,train_eval,10.630265235900879,3.8080959520239875e-05,6.7048795381392825,
2025-09-15 02:27:32,SGD_lr0.001_m0.9,SGD,2,openwebtext-3%,126,val_eval,10.62829875946045,3.8080959520239875e-05,6.7048795381392825,
2025-09-15 02:27:51,SGD_lr0.001_m0.9,SGD,2,openwebtext-3%,127,train_eval,10.628195762634277,3.8380809595202396e-05,6.7048795381392825,
2025-09-15 02:27:51,SGD_lr0.001_m0.9,SGD,2,openwebtext-3%,127,val_eval,10.626506805419922,3.8380809595202396e-05,6.7048795381392825,
2025-09-15 02:28:11,SGD_lr0.001_m0.9,SGD,2,openwebtext-3%,128,train_eval,10.621517181396484,3.868065967016492e-05,6.7048795381392825,
2025-09-15 02:28:11,SGD_lr0.001_m0.9,SGD,2,openwebtext-3%,128,val_eval,10.621787071228027,3.868065967016492e-05,6.7048795381392825,
2025-09-15 02:28:31,SGD_lr0.001_m0.9,SGD,2,openwebtext-3%,129,train_eval,10.616786003112793,3.898050974512744e-05,6.7048795381392825,
2025-09-15 02:28:31,SGD_lr0.001_m0.9,SGD,2,openwebtext-3%,129,val_eval,10.616662979125977,3.898050974512744e-05,6.7048795381392825,
2025-09-15 02:28:50,SGD_lr0.001_m0.9,SGD,2,openwebtext-3%,130,train_eval,10.610220909118652,3.928035982008995e-05,6.7048795381392825,
2025-09-15 02:28:50,SGD_lr0.001_m0.9,SGD,2,openwebtext-3%,130,val_eval,10.612170219421387,3.928035982008995e-05,6.7048795381392825,
2025-09-15 02:28:57,SGD_lr0.001_m0.9,SGD,2,openwebtext-3%,130,train_iter,10.595293045043945,3.928035982008995e-05,6.720416270558563,19628.91149520874
2025-09-15 02:29:10,SGD_lr0.001_m0.9,SGD,2,openwebtext-3%,131,train_eval,10.607619285583496,3.958020989505247e-05,6.720416270558563,
2025-09-15 02:29:10,SGD_lr0.001_m0.9,SGD,2,openwebtext-3%,131,val_eval,10.609149932861328,3.958020989505247e-05,6.720416270558563,
2025-09-15 02:29:29,SGD_lr0.001_m0.9,SGD,2,openwebtext-3%,132,train_eval,10.600632667541504,3.988005997001499e-05,6.720416270558563,
2025-09-15 02:29:29,SGD_lr0.001_m0.9,SGD,2,openwebtext-3%,132,val_eval,10.602834701538086,3.988005997001499e-05,6.720416270558563,
2025-09-15 02:29:49,SGD_lr0.001_m0.9,SGD,2,openwebtext-3%,133,train_eval,10.595318794250488,4.017991004497751e-05,6.720416270558563,
2025-09-15 02:29:49,SGD_lr0.001_m0.9,SGD,2,openwebtext-3%,133,val_eval,10.598833084106445,4.017991004497751e-05,6.720416270558563,
2025-09-15 02:30:09,SGD_lr0.001_m0.9,SGD,2,openwebtext-3%,134,train_eval,10.594596862792969,4.0479760119940023e-05,6.720416270558563,
2025-09-15 02:30:09,SGD_lr0.001_m0.9,SGD,2,openwebtext-3%,134,val_eval,10.592978477478027,4.0479760119940023e-05,6.720416270558563,
2025-09-15 02:30:28,SGD_lr0.001_m0.9,SGD,2,openwebtext-3%,135,train_eval,10.589818000793457,4.0779610194902544e-05,6.720416270558563,
2025-09-15 02:30:28,SGD_lr0.001_m0.9,SGD,2,openwebtext-3%,135,val_eval,10.58859634399414,4.0779610194902544e-05,6.720416270558563,
2025-09-15 02:30:48,SGD_lr0.001_m0.9,SGD,2,openwebtext-3%,136,train_eval,10.585345268249512,4.1079460269865066e-05,6.720416270558563,
2025-09-15 02:30:48,SGD_lr0.001_m0.9,SGD,2,openwebtext-3%,136,val_eval,10.585180282592773,4.1079460269865066e-05,6.720416270558563,
2025-09-15 02:31:08,SGD_lr0.001_m0.9,SGD,2,openwebtext-3%,137,train_eval,10.579062461853027,4.1379310344827587e-05,6.720416270558563,
2025-09-15 02:31:08,SGD_lr0.001_m0.9,SGD,2,openwebtext-3%,137,val_eval,10.581748962402344,4.1379310344827587e-05,6.720416270558563,
2025-09-15 02:31:27,SGD_lr0.001_m0.9,SGD,2,openwebtext-3%,138,train_eval,10.575411796569824,4.16791604197901e-05,6.720416270558563,
2025-09-15 02:31:27,SGD_lr0.001_m0.9,SGD,2,openwebtext-3%,138,val_eval,10.575688362121582,4.16791604197901e-05,6.720416270558563,
2025-09-15 02:31:47,SGD_lr0.001_m0.9,SGD,2,openwebtext-3%,139,train_eval,10.571764945983887,4.197901049475262e-05,6.720416270558563,
2025-09-15 02:31:47,SGD_lr0.001_m0.9,SGD,2,openwebtext-3%,139,val_eval,10.571329116821289,4.197901049475262e-05,6.720416270558563,
2025-09-15 02:32:06,SGD_lr0.001_m0.9,SGD,2,openwebtext-3%,140,train_eval,10.566337585449219,4.227886056971514e-05,6.720416270558563,
2025-09-15 02:32:06,SGD_lr0.001_m0.9,SGD,2,openwebtext-3%,140,val_eval,10.566978454589844,4.227886056971514e-05,6.720416270558563,
2025-09-15 02:32:13,SGD_lr0.001_m0.9,SGD,2,openwebtext-3%,140,train_iter,10.554361343383789,4.227886056971514e-05,6.734357027433553,19630.12194633484
2025-09-15 02:32:26,SGD_lr0.001_m0.9,SGD,2,openwebtext-3%,141,train_eval,10.564046859741211,4.257871064467766e-05,6.734357027433553,
2025-09-15 02:32:26,SGD_lr0.001_m0.9,SGD,2,openwebtext-3%,141,val_eval,10.563397407531738,4.257871064467766e-05,6.734357027433553,
2025-09-15 02:32:46,SGD_lr0.001_m0.9,SGD,2,openwebtext-3%,142,train_eval,10.556156158447266,4.287856071964017e-05,6.734357027433553,
2025-09-15 02:32:46,SGD_lr0.001_m0.9,SGD,2,openwebtext-3%,142,val_eval,10.555747032165527,4.287856071964017e-05,6.734357027433553,
2025-09-15 02:33:05,SGD_lr0.001_m0.9,SGD,2,openwebtext-3%,143,train_eval,10.551480293273926,4.317841079460269e-05,6.734357027433553,
2025-09-15 02:33:05,SGD_lr0.001_m0.9,SGD,2,openwebtext-3%,143,val_eval,10.552661895751953,4.317841079460269e-05,6.734357027433553,
2025-09-15 02:33:25,SGD_lr0.001_m0.9,SGD,2,openwebtext-3%,144,train_eval,10.5477933883667,4.3478260869565214e-05,6.734357027433553,
2025-09-15 02:33:25,SGD_lr0.001_m0.9,SGD,2,openwebtext-3%,144,val_eval,10.54793930053711,4.3478260869565214e-05,6.734357027433553,
2025-09-15 02:33:45,SGD_lr0.001_m0.9,SGD,2,openwebtext-3%,145,train_eval,10.540992736816406,4.3778110944527735e-05,6.734357027433553,
2025-09-15 02:33:45,SGD_lr0.001_m0.9,SGD,2,openwebtext-3%,145,val_eval,10.542283058166504,4.3778110944527735e-05,6.734357027433553,
2025-09-15 02:34:04,SGD_lr0.001_m0.9,SGD,2,openwebtext-3%,146,train_eval,10.537514686584473,4.407796101949025e-05,6.734357027433553,
2025-09-15 02:34:04,SGD_lr0.001_m0.9,SGD,2,openwebtext-3%,146,val_eval,10.539234161376953,4.407796101949025e-05,6.734357027433553,
2025-09-15 02:34:24,SGD_lr0.001_m0.9,SGD,2,openwebtext-3%,147,train_eval,10.53349494934082,4.437781109445277e-05,6.734357027433553,
2025-09-15 02:34:24,SGD_lr0.001_m0.9,SGD,2,openwebtext-3%,147,val_eval,10.533954620361328,4.437781109445277e-05,6.734357027433553,
2025-09-15 02:34:44,SGD_lr0.001_m0.9,SGD,2,openwebtext-3%,148,train_eval,10.5272798538208,4.467766116941529e-05,6.734357027433553,
2025-09-15 02:34:44,SGD_lr0.001_m0.9,SGD,2,openwebtext-3%,148,val_eval,10.52795696258545,4.467766116941529e-05,6.734357027433553,
2025-09-15 02:35:03,SGD_lr0.001_m0.9,SGD,2,openwebtext-3%,149,train_eval,10.523175239562988,4.497751124437781e-05,6.734357027433553,
2025-09-15 02:35:03,SGD_lr0.001_m0.9,SGD,2,openwebtext-3%,149,val_eval,10.52598762512207,4.497751124437781e-05,6.734357027433553,
2025-09-15 02:35:23,SGD_lr0.001_m0.9,SGD,2,openwebtext-3%,150,train_eval,10.518566131591797,4.527736131934032e-05,6.734357027433553,
2025-09-15 02:35:23,SGD_lr0.001_m0.9,SGD,2,openwebtext-3%,150,val_eval,10.5197172164917,4.527736131934032e-05,6.734357027433553,
2025-09-15 02:35:30,SGD_lr0.001_m0.9,SGD,2,openwebtext-3%,150,train_iter,10.522185564041138,4.527736131934032e-05,6.747238937260273,19620.53370475769
2025-09-15 02:35:43,SGD_lr0.001_m0.9,SGD,2,openwebtext-3%,151,train_eval,10.513891220092773,4.557721139430284e-05,6.747238937260273,
2025-09-15 02:35:43,SGD_lr0.001_m0.9,SGD,2,openwebtext-3%,151,val_eval,10.513772964477539,4.557721139430284e-05,6.747238937260273,
2025-09-15 02:36:02,SGD_lr0.001_m0.9,SGD,2,openwebtext-3%,152,train_eval,10.505790710449219,4.587706146926536e-05,6.747238937260273,
2025-09-15 02:36:02,SGD_lr0.001_m0.9,SGD,2,openwebtext-3%,152,val_eval,10.510416030883789,4.587706146926536e-05,6.747238937260273,
2025-09-15 02:36:22,SGD_lr0.001_m0.9,SGD,2,openwebtext-3%,153,train_eval,10.504467964172363,4.617691154422788e-05,6.747238937260273,
2025-09-15 02:36:22,SGD_lr0.001_m0.9,SGD,2,openwebtext-3%,153,val_eval,10.50469970703125,4.617691154422788e-05,6.747238937260273,
2025-09-15 02:36:42,SGD_lr0.001_m0.9,SGD,2,openwebtext-3%,154,train_eval,10.499383926391602,4.64767616191904e-05,6.747238937260273,
2025-09-15 02:36:42,SGD_lr0.001_m0.9,SGD,2,openwebtext-3%,154,val_eval,10.501620292663574,4.64767616191904e-05,6.747238937260273,
2025-09-15 02:37:01,SGD_lr0.001_m0.9,SGD,2,openwebtext-3%,155,train_eval,10.497786521911621,4.677661169415292e-05,6.747238937260273,
2025-09-15 02:37:01,SGD_lr0.001_m0.9,SGD,2,openwebtext-3%,155,val_eval,10.495523452758789,4.677661169415292e-05,6.747238937260273,
2025-09-15 02:37:21,SGD_lr0.001_m0.9,SGD,2,openwebtext-3%,156,train_eval,10.492118835449219,4.707646176911544e-05,6.747238937260273,
2025-09-15 02:37:21,SGD_lr0.001_m0.9,SGD,2,openwebtext-3%,156,val_eval,10.491268157958984,4.707646176911544e-05,6.747238937260273,
2025-09-15 02:37:41,SGD_lr0.001_m0.9,SGD,2,openwebtext-3%,157,train_eval,10.485164642333984,4.737631184407796e-05,6.747238937260273,
2025-09-15 02:37:41,SGD_lr0.001_m0.9,SGD,2,openwebtext-3%,157,val_eval,10.484821319580078,4.737631184407796e-05,6.747238937260273,
2025-09-15 02:38:01,SGD_lr0.001_m0.9,SGD,2,openwebtext-3%,158,train_eval,10.48095703125,4.7676161919040474e-05,6.747238937260273,
2025-09-15 02:38:01,SGD_lr0.001_m0.9,SGD,2,openwebtext-3%,158,val_eval,10.479130744934082,4.7676161919040474e-05,6.747238937260273,
2025-09-15 02:38:20,SGD_lr0.001_m0.9,SGD,2,openwebtext-3%,159,train_eval,10.477089881896973,4.7976011994002995e-05,6.747238937260273,
2025-09-15 02:38:20,SGD_lr0.001_m0.9,SGD,2,openwebtext-3%,159,val_eval,10.47720718383789,4.7976011994002995e-05,6.747238937260273,
2025-09-15 02:38:40,SGD_lr0.001_m0.9,SGD,2,openwebtext-3%,160,train_eval,10.470813751220703,4.827586206896551e-05,6.747238937260273,
2025-09-15 02:38:40,SGD_lr0.001_m0.9,SGD,2,openwebtext-3%,160,val_eval,10.471709251403809,4.827586206896551e-05,6.747238937260273,
2025-09-15 02:38:47,SGD_lr0.001_m0.9,SGD,2,openwebtext-3%,160,train_iter,10.55376648902893,4.827586206896551e-05,6.75799889193462,19644.39845085144
2025-09-15 02:38:59,SGD_lr0.001_m0.9,SGD,2,openwebtext-3%,161,train_eval,10.467573165893555,4.857571214392803e-05,6.75799889193462,
2025-09-15 02:38:59,SGD_lr0.001_m0.9,SGD,2,openwebtext-3%,161,val_eval,10.468101501464844,4.857571214392803e-05,6.75799889193462,
2025-09-15 02:39:19,SGD_lr0.001_m0.9,SGD,2,openwebtext-3%,162,train_eval,10.460837364196777,4.887556221889055e-05,6.75799889193462,
2025-09-15 02:39:19,SGD_lr0.001_m0.9,SGD,2,openwebtext-3%,162,val_eval,10.462861061096191,4.887556221889055e-05,6.75799889193462,
2025-09-15 02:39:39,SGD_lr0.001_m0.9,SGD,2,openwebtext-3%,163,train_eval,10.457942008972168,4.9175412293853066e-05,6.75799889193462,
2025-09-15 02:39:39,SGD_lr0.001_m0.9,SGD,2,openwebtext-3%,163,val_eval,10.457691192626953,4.9175412293853066e-05,6.75799889193462,
2025-09-15 02:39:59,SGD_lr0.001_m0.9,SGD,2,openwebtext-3%,164,train_eval,10.451091766357422,4.947526236881559e-05,6.75799889193462,
2025-09-15 02:39:59,SGD_lr0.001_m0.9,SGD,2,openwebtext-3%,164,val_eval,10.45439338684082,4.947526236881559e-05,6.75799889193462,
2025-09-15 02:40:18,SGD_lr0.001_m0.9,SGD,2,openwebtext-3%,165,train_eval,10.44856071472168,4.977511244377811e-05,6.75799889193462,
2025-09-15 02:40:18,SGD_lr0.001_m0.9,SGD,2,openwebtext-3%,165,val_eval,10.446203231811523,4.977511244377811e-05,6.75799889193462,
2025-09-15 02:40:38,SGD_lr0.001_m0.9,SGD,2,openwebtext-3%,166,train_eval,10.441741943359375,5.007496251874063e-05,6.75799889193462,
2025-09-15 02:40:38,SGD_lr0.001_m0.9,SGD,2,openwebtext-3%,166,val_eval,10.443659782409668,5.007496251874063e-05,6.75799889193462,
2025-09-15 02:40:58,SGD_lr0.001_m0.9,SGD,2,openwebtext-3%,167,train_eval,10.437987327575684,5.0374812593703144e-05,6.75799889193462,
2025-09-15 02:40:58,SGD_lr0.001_m0.9,SGD,2,openwebtext-3%,167,val_eval,10.438342094421387,5.0374812593703144e-05,6.75799889193462,
2025-09-15 02:41:17,SGD_lr0.001_m0.9,SGD,2,openwebtext-3%,168,train_eval,10.43307876586914,5.0674662668665665e-05,6.75799889193462,
2025-09-15 02:41:17,SGD_lr0.001_m0.9,SGD,2,openwebtext-3%,168,val_eval,10.433393478393555,5.0674662668665665e-05,6.75799889193462,
2025-09-15 02:41:37,SGD_lr0.001_m0.9,SGD,2,openwebtext-3%,169,train_eval,10.430580139160156,5.0974512743628186e-05,6.75799889193462,
2025-09-15 02:41:37,SGD_lr0.001_m0.9,SGD,2,openwebtext-3%,169,val_eval,10.428959846496582,5.0974512743628186e-05,6.75799889193462,
2025-09-15 02:41:56,SGD_lr0.001_m0.9,SGD,2,openwebtext-3%,170,train_eval,10.423454284667969,5.12743628185907e-05,6.75799889193462,
2025-09-15 02:41:56,SGD_lr0.001_m0.9,SGD,2,openwebtext-3%,170,val_eval,10.423961639404297,5.12743628185907e-05,6.75799889193462,
2025-09-15 02:42:03,SGD_lr0.001_m0.9,SGD,2,openwebtext-3%,170,train_iter,10.414855480194092,5.12743628185907e-05,6.770057999193272,19576.56717300415
2025-09-15 02:42:16,SGD_lr0.001_m0.9,SGD,2,openwebtext-3%,171,train_eval,10.419530868530273,5.1574212893553214e-05,6.770057999193272,
2025-09-15 02:42:16,SGD_lr0.001_m0.9,SGD,2,openwebtext-3%,171,val_eval,10.418667793273926,5.1574212893553214e-05,6.770057999193272,
2025-09-15 02:42:36,SGD_lr0.001_m0.9,SGD,2,openwebtext-3%,172,train_eval,10.412212371826172,5.1874062968515735e-05,6.770057999193272,
2025-09-15 02:42:36,SGD_lr0.001_m0.9,SGD,2,openwebtext-3%,172,val_eval,10.417086601257324,5.1874062968515735e-05,6.770057999193272,
2025-09-15 02:42:56,SGD_lr0.001_m0.9,SGD,2,openwebtext-3%,173,train_eval,10.408775329589844,5.2173913043478256e-05,6.770057999193272,
2025-09-15 02:42:56,SGD_lr0.001_m0.9,SGD,2,openwebtext-3%,173,val_eval,10.407634735107422,5.2173913043478256e-05,6.770057999193272,
2025-09-15 02:43:15,SGD_lr0.001_m0.9,SGD,2,openwebtext-3%,174,train_eval,10.406623840332031,5.247376311844078e-05,6.770057999193272,
2025-09-15 02:43:15,SGD_lr0.001_m0.9,SGD,2,openwebtext-3%,174,val_eval,10.403655052185059,5.247376311844078e-05,6.770057999193272,
2025-09-15 02:43:35,SGD_lr0.001_m0.9,SGD,2,openwebtext-3%,175,train_eval,10.398921012878418,5.277361319340329e-05,6.770057999193272,
2025-09-15 02:43:35,SGD_lr0.001_m0.9,SGD,2,openwebtext-3%,175,val_eval,10.39682388305664,5.277361319340329e-05,6.770057999193272,
2025-09-15 02:43:54,SGD_lr0.001_m0.9,SGD,2,openwebtext-3%,176,train_eval,10.392651557922363,5.307346326836581e-05,6.770057999193272,
2025-09-15 02:43:54,SGD_lr0.001_m0.9,SGD,2,openwebtext-3%,176,val_eval,10.396832466125488,5.307346326836581e-05,6.770057999193272,
2025-09-15 02:44:14,SGD_lr0.001_m0.9,SGD,2,openwebtext-3%,177,train_eval,10.390691757202148,5.3373313343328334e-05,6.770057999193272,
2025-09-15 02:44:14,SGD_lr0.001_m0.9,SGD,2,openwebtext-3%,177,val_eval,10.391531944274902,5.3373313343328334e-05,6.770057999193272,
2025-09-15 02:44:34,SGD_lr0.001_m0.9,SGD,2,openwebtext-3%,178,train_eval,10.383928298950195,5.3673163418290855e-05,6.770057999193272,
2025-09-15 02:44:34,SGD_lr0.001_m0.9,SGD,2,openwebtext-3%,178,val_eval,10.384286880493164,5.3673163418290855e-05,6.770057999193272,
2025-09-15 02:44:53,SGD_lr0.001_m0.9,SGD,2,openwebtext-3%,179,train_eval,10.38061237335205,5.397301349325337e-05,6.770057999193272,
2025-09-15 02:44:53,SGD_lr0.001_m0.9,SGD,2,openwebtext-3%,179,val_eval,10.381590843200684,5.397301349325337e-05,6.770057999193272,
2025-09-15 02:45:13,SGD_lr0.001_m0.9,SGD,2,openwebtext-3%,180,train_eval,10.37678337097168,5.427286356821588e-05,6.770057999193272,
2025-09-15 02:45:13,SGD_lr0.001_m0.9,SGD,2,openwebtext-3%,180,val_eval,10.376866340637207,5.427286356821588e-05,6.770057999193272,
2025-09-15 02:45:20,SGD_lr0.001_m0.9,SGD,2,openwebtext-3%,180,train_iter,10.39707899093628,5.427286356821588e-05,6.780573070737502,19586.19499206543
2025-09-15 02:45:33,SGD_lr0.001_m0.9,SGD,2,openwebtext-3%,181,train_eval,10.369505882263184,5.4572713643178404e-05,6.780573070737502,
2025-09-15 02:45:33,SGD_lr0.001_m0.9,SGD,2,openwebtext-3%,181,val_eval,10.37190055847168,5.4572713643178404e-05,6.780573070737502,
2025-09-15 02:45:52,SGD_lr0.001_m0.9,SGD,2,openwebtext-3%,182,train_eval,10.367088317871094,5.4872563718140925e-05,6.780573070737502,
2025-09-15 02:45:52,SGD_lr0.001_m0.9,SGD,2,openwebtext-3%,182,val_eval,10.36642837524414,5.4872563718140925e-05,6.780573070737502,
2025-09-15 02:46:12,SGD_lr0.001_m0.9,SGD,2,openwebtext-3%,183,train_eval,10.362342834472656,5.517241379310344e-05,6.780573070737502,
2025-09-15 02:46:12,SGD_lr0.001_m0.9,SGD,2,openwebtext-3%,183,val_eval,10.361507415771484,5.517241379310344e-05,6.780573070737502,
2025-09-15 02:46:31,SGD_lr0.001_m0.9,SGD,2,openwebtext-3%,184,train_eval,10.357552528381348,5.547226386806596e-05,6.780573070737502,
2025-09-15 02:46:31,SGD_lr0.001_m0.9,SGD,2,openwebtext-3%,184,val_eval,10.357900619506836,5.547226386806596e-05,6.780573070737502,
2025-09-15 02:46:51,SGD_lr0.001_m0.9,SGD,2,openwebtext-3%,185,train_eval,10.354037284851074,5.577211394302848e-05,6.780573070737502,
2025-09-15 02:46:51,SGD_lr0.001_m0.9,SGD,2,openwebtext-3%,185,val_eval,10.351795196533203,5.577211394302848e-05,6.780573070737502,
2025-09-15 02:47:11,SGD_lr0.001_m0.9,SGD,2,openwebtext-3%,186,train_eval,10.346426010131836,5.6071964017991e-05,6.780573070737502,
2025-09-15 02:47:11,SGD_lr0.001_m0.9,SGD,2,openwebtext-3%,186,val_eval,10.345227241516113,5.6071964017991e-05,6.780573070737502,
2025-09-15 02:47:31,SGD_lr0.001_m0.9,SGD,2,openwebtext-3%,187,train_eval,10.343305587768555,5.637181409295352e-05,6.780573070737502,
2025-09-15 02:47:31,SGD_lr0.001_m0.9,SGD,2,openwebtext-3%,187,val_eval,10.34326171875,5.637181409295352e-05,6.780573070737502,
2025-09-15 02:47:50,SGD_lr0.001_m0.9,SGD,2,openwebtext-3%,188,train_eval,10.336838722229004,5.667166416791604e-05,6.780573070737502,
2025-09-15 02:47:50,SGD_lr0.001_m0.9,SGD,2,openwebtext-3%,188,val_eval,10.33880615234375,5.667166416791604e-05,6.780573070737502,
2025-09-15 02:48:10,SGD_lr0.001_m0.9,SGD,2,openwebtext-3%,189,train_eval,10.334944725036621,5.697151424287855e-05,6.780573070737502,
2025-09-15 02:48:10,SGD_lr0.001_m0.9,SGD,2,openwebtext-3%,189,val_eval,10.332228660583496,5.697151424287855e-05,6.780573070737502,
2025-09-15 02:48:30,SGD_lr0.001_m0.9,SGD,2,openwebtext-3%,190,train_eval,10.3259916305542,5.7271364317841074e-05,6.780573070737502,
2025-09-15 02:48:30,SGD_lr0.001_m0.9,SGD,2,openwebtext-3%,190,val_eval,10.331162452697754,5.7271364317841074e-05,6.780573070737502,
2025-09-15 02:48:37,SGD_lr0.001_m0.9,SGD,2,openwebtext-3%,190,train_iter,10.363870859146118,5.7271364317841074e-05,6.786606010283778,19684.417247772217
2025-09-15 02:48:49,SGD_lr0.001_m0.9,SGD,2,openwebtext-3%,191,train_eval,10.326098442077637,5.7571214392803595e-05,6.786606010283778,
2025-09-15 02:48:49,SGD_lr0.001_m0.9,SGD,2,openwebtext-3%,191,val_eval,10.324368476867676,5.7571214392803595e-05,6.786606010283778,
2025-09-15 02:49:09,SGD_lr0.001_m0.9,SGD,2,openwebtext-3%,192,train_eval,10.315874099731445,5.787106446776611e-05,6.786606010283778,
2025-09-15 02:49:09,SGD_lr0.001_m0.9,SGD,2,openwebtext-3%,192,val_eval,10.31847858428955,5.787106446776611e-05,6.786606010283778,
2025-09-15 02:49:29,SGD_lr0.001_m0.9,SGD,2,openwebtext-3%,193,train_eval,10.316039085388184,5.817091454272863e-05,6.786606010283778,
2025-09-15 02:49:29,SGD_lr0.001_m0.9,SGD,2,openwebtext-3%,193,val_eval,10.311600685119629,5.817091454272863e-05,6.786606010283778,
2025-09-15 02:49:48,SGD_lr0.001_m0.9,SGD,2,openwebtext-3%,194,train_eval,10.309883117675781,5.847076461769115e-05,6.786606010283778,
2025-09-15 02:49:48,SGD_lr0.001_m0.9,SGD,2,openwebtext-3%,194,val_eval,10.307575225830078,5.847076461769115e-05,6.786606010283778,
2025-09-15 02:50:08,SGD_lr0.001_m0.9,SGD,2,openwebtext-3%,195,train_eval,10.301968574523926,5.877061469265367e-05,6.786606010283778,
2025-09-15 02:50:08,SGD_lr0.001_m0.9,SGD,2,openwebtext-3%,195,val_eval,10.305010795593262,5.877061469265367e-05,6.786606010283778,
2025-09-15 02:50:27,SGD_lr0.001_m0.9,SGD,2,openwebtext-3%,196,train_eval,10.300851821899414,5.9070464767616186e-05,6.786606010283778,
2025-09-15 02:50:27,SGD_lr0.001_m0.9,SGD,2,openwebtext-3%,196,val_eval,10.30086898803711,5.9070464767616186e-05,6.786606010283778,
2025-09-15 02:50:47,SGD_lr0.001_m0.9,SGD,2,openwebtext-3%,197,train_eval,10.29886245727539,5.937031484257871e-05,6.786606010283778,
2025-09-15 02:50:47,SGD_lr0.001_m0.9,SGD,2,openwebtext-3%,197,val_eval,10.29281234741211,5.937031484257871e-05,6.786606010283778,
2025-09-15 02:51:07,SGD_lr0.001_m0.9,SGD,2,openwebtext-3%,198,train_eval,10.293534278869629,5.967016491754123e-05,6.786606010283778,
2025-09-15 02:51:07,SGD_lr0.001_m0.9,SGD,2,openwebtext-3%,198,val_eval,10.288987159729004,5.967016491754123e-05,6.786606010283778,
2025-09-15 02:51:26,SGD_lr0.001_m0.9,SGD,2,openwebtext-3%,199,train_eval,10.290101051330566,5.997001499250374e-05,6.786606010283778,
2025-09-15 02:51:26,SGD_lr0.001_m0.9,SGD,2,openwebtext-3%,199,val_eval,10.286026954650879,5.997001499250374e-05,6.786606010283778,
2025-09-15 02:51:46,SGD_lr0.001_m0.9,SGD,2,openwebtext-3%,200,train_eval,10.282301902770996,6.026986506746626e-05,6.786606010283778,
2025-09-15 02:51:46,SGD_lr0.001_m0.9,SGD,2,openwebtext-3%,200,val_eval,10.283672332763672,6.026986506746626e-05,6.786606010283778,
2025-09-15 02:52:00,SGD_lr0.001_m0.9,SGD,2,openwebtext-3%,200,train_iter,10.28701663017273,6.026986506746626e-05,6.618962489640593,26351.208925247192
2025-09-15 02:52:22,SGD_lr0.001_m0.95,SGD,2,openwebtext-3%,0,train_eval,10.945842742919922,2.998500749625187e-07,,
2025-09-15 02:52:22,SGD_lr0.001_m0.95,SGD,2,openwebtext-3%,0,val_eval,10.944282531738281,2.998500749625187e-07,,
2025-09-15 02:52:36,SGD_lr0.001_m0.95,SGD,2,openwebtext-3%,0,train_iter,10.945987701416016,2.998500749625187e-07,,28515.228033065796
2025-09-15 02:52:39,SGD_lr0.001_m0.95,SGD,2,openwebtext-3%,1,train_iter,10.954654216766357,5.997001499250374e-07,,3807.2779178619385
2025-09-15 02:52:43,SGD_lr0.001_m0.95,SGD,2,openwebtext-3%,2,train_iter,10.932835340499878,8.995502248875562e-07,,3656.933546066284
2025-09-15 02:52:47,SGD_lr0.001_m0.95,SGD,2,openwebtext-3%,3,train_iter,10.95025897026062,1.1994002998500749e-06,,3820.1870918273926
2025-09-15 02:52:51,SGD_lr0.001_m0.95,SGD,2,openwebtext-3%,4,train_iter,10.945265293121338,1.4992503748125936e-06,,3826.139211654663
2025-09-15 02:52:55,SGD_lr0.001_m0.95,SGD,2,openwebtext-3%,5,train_iter,10.942825078964233,1.7991004497751123e-06,35.16202759106565,3829.6761512756348
2025-09-15 02:52:59,SGD_lr0.001_m0.95,SGD,2,openwebtext-3%,6,train_iter,10.959616899490356,2.0989505247376313e-06,35.158476850316674,3833.547353744507
2025-09-15 02:53:02,SGD_lr0.001_m0.95,SGD,2,openwebtext-3%,7,train_iter,10.945898294448853,2.3988005997001498e-06,35.15120811454231,3837.9976749420166
2025-09-15 02:53:06,SGD_lr0.001_m0.95,SGD,2,openwebtext-3%,8,train_iter,10.95626711845398,2.6986506746626683e-06,35.139929303831565,3843.186378479004
2025-09-15 02:53:10,SGD_lr0.001_m0.95,SGD,2,openwebtext-3%,9,train_iter,10.950249433517456,2.9985007496251872e-06,35.125049646788675,3848.3800888061523
2025-09-15 02:53:14,SGD_lr0.001_m0.95,SGD,2,openwebtext-3%,10,train_iter,10.954102277755737,3.2983508245877057e-06,35.109035794419285,3851.2661457061768
2025-09-15 02:53:18,SGD_lr0.001_m0.95,SGD,2,openwebtext-3%,11,train_iter,10.933860540390015,3.5982008995502247e-06,35.09307894906731,3852.9679775238037
2025-09-15 02:53:22,SGD_lr0.001_m0.95,SGD,2,openwebtext-3%,12,train_iter,10.953119993209839,3.898050974512743e-06,35.07899051907962,3852.6673316955566
2025-09-15 02:53:26,SGD_lr0.001_m0.95,SGD,2,openwebtext-3%,13,train_iter,10.957931280136108,4.1979010494752625e-06,35.06654671310354,3852.407455444336
2025-09-15 02:53:29,SGD_lr0.001_m0.95,SGD,2,openwebtext-3%,14,train_iter,10.954127311706543,4.497751124437781e-06,35.053506013603894,3854.437828063965
2025-09-15 02:53:33,SGD_lr0.001_m0.95,SGD,2,openwebtext-3%,15,train_iter,10.940566062927246,4.7976011994002995e-06,35.04225481119871,3853.9023399353027
2025-09-15 02:53:37,SGD_lr0.001_m0.95,SGD,2,openwebtext-3%,16,train_iter,10.951178073883057,5.097451274362818e-06,35.03288956050562,3853.0633449554443
2025-09-15 02:53:41,SGD_lr0.001_m0.95,SGD,2,openwebtext-3%,17,train_iter,10.939409732818604,5.3973013493253366e-06,35.02424113482774,3853.3055782318115
2025-09-15 02:53:45,SGD_lr0.001_m0.95,SGD,2,openwebtext-3%,18,train_iter,10.932430028915405,5.697151424287855e-06,35.01594927687724,3853.8661003112793
2025-09-15 02:53:49,SGD_lr0.001_m0.95,SGD,2,openwebtext-3%,19,train_iter,10.938071012496948,5.9970014992503744e-06,35.01041952860771,3851.7353534698486
2025-09-15 02:53:53,SGD_lr0.001_m0.95,SGD,2,openwebtext-3%,20,train_iter,10.926249027252197,6.296851574212893e-06,35.004832821678825,3852.407455444336
2025-09-15 02:53:56,SGD_lr0.001_m0.95,SGD,2,openwebtext-3%,21,train_iter,10.939291715621948,6.5967016491754115e-06,34.99889731112707,3853.407859802246
2025-09-15 02:54:00,SGD_lr0.001_m0.95,SGD,2,openwebtext-3%,22,train_iter,10.93673586845398,6.89655172413793e-06,34.9950829304008,3851.724147796631
2025-09-15 02:54:04,SGD_lr0.001_m0.95,SGD,2,openwebtext-3%,23,train_iter,10.93616008758545,7.196401799100449e-06,34.99226446728007,3851.0472774505615
2025-09-15 02:54:08,SGD_lr0.001_m0.95,SGD,2,openwebtext-3%,24,train_iter,10.946134328842163,7.496251874062968e-06,34.98843377744824,3852.473020553589
2025-09-15 02:54:12,SGD_lr0.001_m0.95,SGD,2,openwebtext-3%,25,train_iter,10.932296514511108,7.796101949025486e-06,34.986046230092626,3851.3050079345703
2025-09-15 02:54:16,SGD_lr0.001_m0.95,SGD,2,openwebtext-3%,26,train_iter,10.936346054077148,8.095952023988006e-06,34.984687663326746,3850.4347801208496
2025-09-15 02:54:19,SGD_lr0.001_m0.95,SGD,2,openwebtext-3%,27,train_iter,10.915255546569824,8.395802098950525e-06,34.98279269732977,3851.17506980896
2025-09-15 02:54:23,SGD_lr0.001_m0.95,SGD,2,openwebtext-3%,28,train_iter,10.908972024917603,8.695652173913043e-06,34.98212354087983,3850.03399848938
2025-09-15 02:54:27,SGD_lr0.001_m0.95,SGD,2,openwebtext-3%,29,train_iter,10.916606187820435,8.995502248875562e-06,34.98056313307138,3851.0890007019043
2025-09-15 02:54:31,SGD_lr0.001_m0.95,SGD,2,openwebtext-3%,30,train_iter,10.919815301895142,9.29535232383808e-06,34.9798966705651,3850.276470184326
2025-09-15 02:54:35,SGD_lr0.001_m0.95,SGD,2,openwebtext-3%,31,train_iter,10.91922402381897,9.595202398800599e-06,34.97924249684417,3850.3363132476807
2025-09-15 02:54:39,SGD_lr0.001_m0.95,SGD,2,openwebtext-3%,32,train_iter,10.898299217224121,9.895052473763117e-06,34.978132774171286,3850.909948348999
2025-09-15 02:54:43,SGD_lr0.001_m0.95,SGD,2,openwebtext-3%,33,train_iter,10.924835205078125,1.0194902548725636e-05,34.9792688917404,3848.560333251953
2025-09-15 02:54:46,SGD_lr0.001_m0.95,SGD,2,openwebtext-3%,34,train_iter,10.897372961044312,1.0494752623688155e-05,34.979713177022916,3849.196434020996
2025-09-15 02:54:50,SGD_lr0.001_m0.95,SGD,2,openwebtext-3%,35,train_iter,10.87192177772522,1.0794602698650673e-05,34.98078598106006,3848.4561443328857
2025-09-15 02:54:54,SGD_lr0.001_m0.95,SGD,2,openwebtext-3%,36,train_iter,10.915130376815796,1.1094452773613192e-05,34.981103693459715,3849.1687774658203
2025-09-15 02:54:58,SGD_lr0.001_m0.95,SGD,2,openwebtext-3%,37,train_iter,10.911566019058228,1.139430284857571e-05,34.9830769590454,3847.313165664673
2025-09-15 02:55:02,SGD_lr0.001_m0.95,SGD,2,openwebtext-3%,38,train_iter,10.900081396102905,1.169415292353823e-05,34.983644310972956,3848.642110824585
2025-09-15 02:55:06,SGD_lr0.001_m0.95,SGD,2,openwebtext-3%,39,train_iter,10.892212390899658,1.1994002998500749e-05,34.9845492421113,3848.208427429199
2025-09-15 02:55:10,SGD_lr0.001_m0.95,SGD,2,openwebtext-3%,40,train_iter,10.901243686676025,1.2293853073463267e-05,34.98495939521718,3848.6530780792236
2025-09-15 02:55:13,SGD_lr0.001_m0.95,SGD,2,openwebtext-3%,41,train_iter,10.903621912002563,1.2593703148425786e-05,34.985943776856715,3847.9764461517334
2025-09-15 02:55:17,SGD_lr0.001_m0.95,SGD,2,openwebtext-3%,42,train_iter,10.879020690917969,1.2893553223388304e-05,34.9871601942765,3847.6130962371826
2025-09-15 02:55:21,SGD_lr0.001_m0.95,SGD,2,openwebtext-3%,43,train_iter,10.872138738632202,1.3193403298350823e-05,34.988325669991234,3847.5353717803955
2025-09-15 02:55:25,SGD_lr0.001_m0.95,SGD,2,openwebtext-3%,44,train_iter,10.877857208251953,1.3493253373313342e-05,34.99002512913203,3846.82035446167
2025-09-15 02:55:29,SGD_lr0.001_m0.95,SGD,2,openwebtext-3%,45,train_iter,10.884875059127808,1.379310344827586e-05,34.989560432085895,3849.013090133667
2025-09-15 02:55:33,SGD_lr0.001_m0.95,SGD,2,openwebtext-3%,46,train_iter,10.89940071105957,1.409295352323838e-05,34.9913063000365,3846.6336727142334
2025-09-15 02:55:36,SGD_lr0.001_m0.95,SGD,2,openwebtext-3%,47,train_iter,10.870120525360107,1.4392803598200899e-05,34.99210683040614,3847.4807739257812
2025-09-15 02:55:40,SGD_lr0.001_m0.95,SGD,2,openwebtext-3%,48,train_iter,10.86018443107605,1.4692653673163418e-05,34.993776422992696,3846.437692642212
2025-09-15 02:55:44,SGD_lr0.001_m0.95,SGD,2,openwebtext-3%,49,train_iter,10.87588906288147,1.4992503748125936e-05,34.99447287201975,3847.3236560821533
2025-09-15 02:55:48,SGD_lr0.001_m0.95,SGD,2,openwebtext-3%,50,train_iter,10.866625308990479,1.5292353823088455e-05,34.994103523299515,3848.418951034546
2025-09-15 02:55:52,SGD_lr0.001_m0.95,SGD,2,openwebtext-3%,51,train_iter,10.903310775756836,1.5592203898050973e-05,34.9950585826096,3847.00345993042
2025-09-15 02:55:56,SGD_lr0.001_m0.95,SGD,2,openwebtext-3%,52,train_iter,10.849417448043823,1.589205397301349e-05,34.99541448391726,3847.5570678710938
2025-09-15 02:56:00,SGD_lr0.001_m0.95,SGD,2,openwebtext-3%,53,train_iter,10.859752893447876,1.619190404797601e-05,34.99724444982212,3845.898151397705
2025-09-15 02:56:03,SGD_lr0.001_m0.95,SGD,2,openwebtext-3%,54,train_iter,10.85666298866272,1.649175412293853e-05,34.996521639804,3848.5028743743896
2025-09-15 02:56:07,SGD_lr0.001_m0.95,SGD,2,openwebtext-3%,55,train_iter,10.844295024871826,1.679160419790105e-05,34.99773586354045,3846.4529514312744
2025-09-15 02:56:11,SGD_lr0.001_m0.95,SGD,2,openwebtext-3%,56,train_iter,10.852222442626953,1.7091454272863564e-05,34.99846718400019,3846.8501567840576
2025-09-15 02:56:15,SGD_lr0.001_m0.95,SGD,2,openwebtext-3%,57,train_iter,10.84951400756836,1.7391304347826085e-05,34.99878999532186,3847.2187519073486
2025-09-15 02:56:19,SGD_lr0.001_m0.95,SGD,2,openwebtext-3%,58,train_iter,10.81885576248169,1.7691154422788603e-05,35.000178224218644,3846.012592315674
2025-09-15 02:56:23,SGD_lr0.001_m0.95,SGD,2,openwebtext-3%,59,train_iter,10.808044672012329,1.7991004497751124e-05,35.00057310604473,3846.951484680176
2025-09-15 02:56:26,SGD_lr0.001_m0.95,SGD,2,openwebtext-3%,60,train_iter,10.823936462402344,1.829085457271364e-05,35.00118342451409,3846.6713428497314
2025-09-15 02:56:30,SGD_lr0.001_m0.95,SGD,2,openwebtext-3%,61,train_iter,10.81794261932373,1.859070464767616e-05,35.00163008586933,3846.7841148376465
2025-09-15 02:56:34,SGD_lr0.001_m0.95,SGD,2,openwebtext-3%,62,train_iter,10.798501968383789,1.8890554722638677e-05,35.00225860238053,3846.5352058410645
2025-09-15 02:56:38,SGD_lr0.001_m0.95,SGD,2,openwebtext-3%,63,train_iter,10.799545049667358,1.9190404797601198e-05,35.00395514229758,3845.2930450439453
2025-09-15 02:56:42,SGD_lr0.001_m0.95,SGD,2,openwebtext-3%,64,train_iter,10.793571472167969,1.949025487256372e-05,35.004246567853976,3846.6501235961914
2025-09-15 02:56:46,SGD_lr0.001_m0.95,SGD,2,openwebtext-3%,65,train_iter,10.802315473556519,1.9790104947526234e-05,35.00557061690368,3845.4837799072266
2025-09-15 02:56:50,SGD_lr0.001_m0.95,SGD,2,openwebtext-3%,66,train_iter,10.778144598007202,2.0089955022488755e-05,35.00668649229917,3845.566987991333
2025-09-15 02:56:53,SGD_lr0.001_m0.95,SGD,2,openwebtext-3%,67,train_iter,10.800474882125854,2.0389805097451272e-05,35.006636219942564,3846.7254638671875
2025-09-15 02:56:57,SGD_lr0.001_m0.95,SGD,2,openwebtext-3%,68,train_iter,10.764274597167969,2.0689655172413793e-05,35.00736202834662,3845.8783626556396
2025-09-15 02:57:01,SGD_lr0.001_m0.95,SGD,2,openwebtext-3%,69,train_iter,10.763239860534668,2.098950524737631e-05,35.00826902046062,3845.59965133667
2025-09-15 02:57:05,SGD_lr0.001_m0.95,SGD,2,openwebtext-3%,70,train_iter,10.754939317703247,2.128935532233883e-05,35.00906838010936,3845.61824798584
2025-09-15 02:57:09,SGD_lr0.001_m0.95,SGD,2,openwebtext-3%,71,train_iter,10.740171670913696,2.1589205397301346e-05,35.00941118977366,3846.031904220581
2025-09-15 02:57:13,SGD_lr0.001_m0.95,SGD,2,openwebtext-3%,72,train_iter,10.76545000076294,2.1889055472263867e-05,35.009846694549026,3845.8924293518066
2025-09-15 02:57:16,SGD_lr0.001_m0.95,SGD,2,openwebtext-3%,73,train_iter,10.759342908859253,2.2188905547226385e-05,35.010418384577044,3845.6950187683105
2025-09-15 02:57:20,SGD_lr0.001_m0.95,SGD,2,openwebtext-3%,74,train_iter,10.74898362159729,2.2488755622188906e-05,35.011203629382976,3845.397710800171
2025-09-15 02:57:24,SGD_lr0.001_m0.95,SGD,2,openwebtext-3%,75,train_iter,10.727778673171997,2.278860569715142e-05,35.01130209396534,3846.0657596588135
2025-09-15 02:57:28,SGD_lr0.001_m0.95,SGD,2,openwebtext-3%,76,train_iter,10.72489857673645,2.308845577211394e-05,35.01161145714194,3845.823287963867
2025-09-15 02:57:32,SGD_lr0.001_m0.95,SGD,2,openwebtext-3%,77,train_iter,10.707939863204956,2.338830584707646e-05,35.01282591776084,3844.7954654693604
2025-09-15 02:57:36,SGD_lr0.001_m0.95,SGD,2,openwebtext-3%,78,train_iter,10.725616216659546,2.368815592203898e-05,35.012866553546885,3845.9510803222656
2025-09-15 02:57:40,SGD_lr0.001_m0.95,SGD,2,openwebtext-3%,79,train_iter,10.719679594039917,2.3988005997001498e-05,35.01306505580688,3845.773220062256
2025-09-15 02:57:43,SGD_lr0.001_m0.95,SGD,2,openwebtext-3%,80,train_iter,10.674670934677124,2.4287856071964015e-05,35.01397757326653,3844.9673652648926
2025-09-15 02:57:47,SGD_lr0.001_m0.95,SGD,2,openwebtext-3%,81,train_iter,10.699576139450073,2.4587706146926533e-05,35.01361850834072,3846.263647079468
2025-09-15 02:57:51,SGD_lr0.001_m0.95,SGD,2,openwebtext-3%,82,train_iter,10.71989893913269,2.4887556221889054e-05,35.013468322674726,3846.073627471924
2025-09-15 02:57:55,SGD_lr0.001_m0.95,SGD,2,openwebtext-3%,83,train_iter,10.689711570739746,2.5187406296851572e-05,35.013048638545264,3846.386194229126
2025-09-15 02:57:59,SGD_lr0.001_m0.95,SGD,2,openwebtext-3%,84,train_iter,10.685242414474487,2.5487256371814093e-05,35.01238775385655,3846.6973304748535
2025-09-15 02:58:03,SGD_lr0.001_m0.95,SGD,2,openwebtext-3%,85,train_iter,10.681155920028687,2.5787106446776607e-05,35.01262436776246,3845.7839488983154
2025-09-15 02:58:06,SGD_lr0.001_m0.95,SGD,2,openwebtext-3%,86,train_iter,10.682865381240845,2.6086956521739128e-05,35.01287530850715,3845.7422256469727
2025-09-15 02:58:10,SGD_lr0.001_m0.95,SGD,2,openwebtext-3%,87,train_iter,10.665731430053711,2.6386806596701646e-05,35.013246169254394,3845.582962036133
2025-09-15 02:58:14,SGD_lr0.001_m0.95,SGD,2,openwebtext-3%,88,train_iter,10.661875009536743,2.6686656671664167e-05,35.013521980272515,3845.646619796753
2025-09-15 02:58:18,SGD_lr0.001_m0.95,SGD,2,openwebtext-3%,89,train_iter,10.663303136825562,2.6986506746626685e-05,35.01331134472145,3846.1506366729736
2025-09-15 02:58:22,SGD_lr0.001_m0.95,SGD,2,openwebtext-3%,90,train_iter,10.657860040664673,2.7286356821589202e-05,35.01371371865119,3845.5004692077637
2025-09-15 02:58:26,SGD_lr0.001_m0.95,SGD,2,openwebtext-3%,91,train_iter,10.632632970809937,2.758620689655172e-05,35.01474119205479,3844.7699546813965
2025-09-15 02:58:30,SGD_lr0.001_m0.95,SGD,2,openwebtext-3%,92,train_iter,10.621806383132935,2.788605697151424e-05,35.01456468818252,3845.9792137145996
2025-09-15 02:58:33,SGD_lr0.001_m0.95,SGD,2,openwebtext-3%,93,train_iter,10.631104707717896,2.818590704647676e-05,35.015403686312915,3844.883441925049
2025-09-15 02:58:37,SGD_lr0.001_m0.95,SGD,2,openwebtext-3%,94,train_iter,10.669505596160889,2.8485757121439276e-05,35.01590839983273,3845.158338546753
2025-09-15 02:58:41,SGD_lr0.001_m0.95,SGD,2,openwebtext-3%,95,train_iter,10.615149736404419,2.8785607196401797e-05,35.01541050786579,3846.2040424346924
2025-09-15 02:58:45,SGD_lr0.001_m0.95,SGD,2,openwebtext-3%,96,train_iter,10.61029314994812,2.9085457271364315e-05,35.015443617481665,3845.675468444824
2025-09-15 02:58:49,SGD_lr0.001_m0.95,SGD,2,openwebtext-3%,97,train_iter,10.58501124382019,2.9385307346326836e-05,35.016080926714146,3845.008373260498
2025-09-15 02:58:53,SGD_lr0.001_m0.95,SGD,2,openwebtext-3%,98,train_iter,10.608183145523071,2.9685157421289354e-05,35.01554842007914,3846.2231159210205
2025-09-15 02:58:56,SGD_lr0.001_m0.95,SGD,2,openwebtext-3%,99,train_iter,10.622106790542603,2.998500749625187e-05,35.01608578107897,3845.106601715088
2025-09-15 02:59:07,SGD_lr0.001_m0.95,SGD,2,openwebtext-3%,100,train_iter,10.58271050453186,3.028485757121439e-05,32.81338846393656,10367.080688476562
2025-09-15 02:59:10,SGD_lr0.001_m0.95,SGD,2,openwebtext-3%,101,train_iter,10.546575784683228,3.058470764617691e-05,33.20285165118308,3668.3857440948486
2025-09-15 02:59:14,SGD_lr0.001_m0.95,SGD,2,openwebtext-3%,102,train_iter,10.611037015914917,3.0884557721139424e-05,33.40136866987488,3826.8470764160156
2025-09-15 02:59:18,SGD_lr0.001_m0.95,SGD,2,openwebtext-3%,103,train_iter,10.568877458572388,3.1184407796101945e-05,33.580045386533165,3826.8346786499023
2025-09-15 02:59:22,SGD_lr0.001_m0.95,SGD,2,openwebtext-3%,104,train_iter,10.570478439331055,3.1484257871064466e-05,33.74141333326908,3826.2269496917725
2025-09-15 02:59:26,SGD_lr0.001_m0.95,SGD,2,openwebtext-3%,105,train_iter,10.53464412689209,3.178410794602698e-05,33.884979047877636,3828.038454055786
2025-09-15 02:59:30,SGD_lr0.001_m0.95,SGD,2,openwebtext-3%,106,train_iter,10.529482364654541,3.20839580209895e-05,34.01177612646687,3830.665111541748
2025-09-15 02:59:33,SGD_lr0.001_m0.95,SGD,2,openwebtext-3%,107,train_iter,10.571074485778809,3.238380809595202e-05,34.12231336510361,3834.5704078674316
2025-09-15 02:59:37,SGD_lr0.001_m0.95,SGD,2,openwebtext-3%,108,train_iter,10.522531270980835,3.2683658170914544e-05,34.220403956824306,3836.091995239258
2025-09-15 02:59:41,SGD_lr0.001_m0.95,SGD,2,openwebtext-3%,109,train_iter,10.527198314666748,3.298350824587706e-05,34.30467680755443,3840.477705001831
2025-09-15 02:59:45,SGD_lr0.001_m0.95,SGD,2,openwebtext-3%,110,train_iter,10.513525009155273,3.328335832083958e-05,34.37819155210714,3843.0323600769043
2025-09-15 02:59:49,SGD_lr0.001_m0.95,SGD,2,openwebtext-3%,111,train_iter,10.53220510482788,3.35832083958021e-05,34.443750163722996,3843.695640563965
2025-09-15 02:59:53,SGD_lr0.001_m0.95,SGD,2,openwebtext-3%,112,train_iter,10.518760681152344,3.3883058470764614e-05,34.50002715443111,3846.6885089874268
2025-09-15 02:59:56,SGD_lr0.001_m0.95,SGD,2,openwebtext-3%,113,train_iter,10.501083135604858,3.418290854572713e-05,34.55331615349287,3843.790054321289
2025-09-15 03:00:00,SGD_lr0.001_m0.95,SGD,2,openwebtext-3%,114,train_iter,10.476577281951904,3.448275862068965e-05,34.5994097842345,3845.839023590088
2025-09-15 03:00:04,SGD_lr0.001_m0.95,SGD,2,openwebtext-3%,115,train_iter,10.4958176612854,3.478260869565217e-05,34.639786709191306,3847.055673599243
2025-09-15 03:00:08,SGD_lr0.001_m0.95,SGD,2,openwebtext-3%,116,train_iter,10.498663187026978,3.508245877061469e-05,34.677054864361395,3846.0350036621094
2025-09-15 03:00:12,SGD_lr0.001_m0.95,SGD,2,openwebtext-3%,117,train_iter,10.46127200126648,3.5382308845577206e-05,34.7099297859865,3846.7671871185303
2025-09-15 03:00:16,SGD_lr0.001_m0.95,SGD,2,openwebtext-3%,118,train_iter,10.431699752807617,3.568215892053973e-05,34.740002193341375,3846.2343215942383
2025-09-15 03:00:20,SGD_lr0.001_m0.95,SGD,2,openwebtext-3%,119,train_iter,10.455397367477417,3.598200899550225e-05,34.76903577417574,3844.0730571746826
2025-09-15 03:00:23,SGD_lr0.001_m0.95,SGD,2,openwebtext-3%,120,train_iter,10.463167428970337,3.628185907046477e-05,34.79328721526091,3846.1358547210693
2025-09-15 03:00:27,SGD_lr0.001_m0.95,SGD,2,openwebtext-3%,121,train_iter,10.459542274475098,3.658170914542728e-05,34.814487265533415,3846.8239307403564
2025-09-15 03:00:31,SGD_lr0.001_m0.95,SGD,2,openwebtext-3%,122,train_iter,10.428988933563232,3.68815592203898e-05,34.833209153258885,3847.217559814453
2025-09-15 03:00:35,SGD_lr0.001_m0.95,SGD,2,openwebtext-3%,123,train_iter,10.466386079788208,3.718140929535232e-05,34.850611413001516,3846.6103076934814
2025-09-15 03:00:39,SGD_lr0.001_m0.95,SGD,2,openwebtext-3%,124,train_iter,10.413967370986938,3.748125937031484e-05,34.866611751255896,3846.238613128662
2025-09-15 03:00:43,SGD_lr0.001_m0.95,SGD,2,openwebtext-3%,125,train_iter,10.456463098526001,3.7781109445277354e-05,34.88060757355457,3846.6830253601074
2025-09-15 03:00:47,SGD_lr0.001_m0.95,SGD,2,openwebtext-3%,126,train_iter,10.42803168296814,3.8080959520239875e-05,34.893435771826184,3846.428155899048
2025-09-15 03:00:50,SGD_lr0.001_m0.95,SGD,2,openwebtext-3%,127,train_iter,10.408662557601929,3.8380809595202396e-05,34.90701454063812,3844.1953659057617
2025-09-15 03:00:54,SGD_lr0.001_m0.95,SGD,2,openwebtext-3%,128,train_iter,10.397037267684937,3.868065967016492e-05,34.91758964806774,3846.0023403167725
2025-09-15 03:00:58,SGD_lr0.001_m0.95,SGD,2,openwebtext-3%,129,train_iter,10.38961410522461,3.898050974512744e-05,34.92714067055627,3845.965623855591
2025-09-15 03:01:02,SGD_lr0.001_m0.95,SGD,2,openwebtext-3%,130,train_iter,10.401408672332764,3.928035982008995e-05,34.937714189338784,3843.794584274292
2025-09-15 03:01:06,SGD_lr0.001_m0.95,SGD,2,openwebtext-3%,131,train_iter,10.407274961471558,3.958020989505247e-05,34.94855528840563,3842.341423034668
2025-09-15 03:01:10,SGD_lr0.001_m0.95,SGD,2,openwebtext-3%,132,train_iter,10.35221815109253,3.988005997001499e-05,34.9565712691689,3844.2511558532715
2025-09-15 03:01:13,SGD_lr0.001_m0.95,SGD,2,openwebtext-3%,133,train_iter,10.35891056060791,4.017991004497751e-05,34.962917750412636,3845.2038764953613
2025-09-15 03:01:17,SGD_lr0.001_m0.95,SGD,2,openwebtext-3%,134,train_iter,10.333527326583862,4.0479760119940023e-05,34.97020759006955,3843.4720039367676
2025-09-15 03:01:21,SGD_lr0.001_m0.95,SGD,2,openwebtext-3%,135,train_iter,10.362061262130737,4.0779610194902544e-05,34.97552052121682,3844.841480255127
2025-09-15 03:01:25,SGD_lr0.001_m0.95,SGD,2,openwebtext-3%,136,train_iter,10.34784197807312,4.1079460269865066e-05,34.98025937537611,3844.88844871521
2025-09-15 03:01:29,SGD_lr0.001_m0.95,SGD,2,openwebtext-3%,137,train_iter,10.347508192062378,4.1379310344827587e-05,34.98463402061012,3844.7680473327637
2025-09-15 03:01:33,SGD_lr0.001_m0.95,SGD,2,openwebtext-3%,138,train_iter,10.337108373641968,4.16791604197901e-05,34.98921224032948,3844.064474105835
2025-09-15 03:01:36,SGD_lr0.001_m0.95,SGD,2,openwebtext-3%,139,train_iter,10.358463525772095,4.197901049475262e-05,34.991938770226135,3845.594644546509
2025-09-15 03:01:40,SGD_lr0.001_m0.95,SGD,2,openwebtext-3%,140,train_iter,10.361155271530151,4.227886056971514e-05,34.99615982029409,3843.6548709869385
2025-09-15 03:01:44,SGD_lr0.001_m0.95,SGD,2,openwebtext-3%,141,train_iter,10.358995199203491,4.257871064467766e-05,35.00055648023706,3842.999219894409
2025-09-15 03:01:48,SGD_lr0.001_m0.95,SGD,2,openwebtext-3%,142,train_iter,10.286078453063965,4.287856071964017e-05,35.0023930517435,3845.3261852264404
2025-09-15 03:01:52,SGD_lr0.001_m0.95,SGD,2,openwebtext-3%,143,train_iter,10.292329788208008,4.317841079460269e-05,35.004841040930934,3844.4533348083496
2025-09-15 03:01:56,SGD_lr0.001_m0.95,SGD,2,openwebtext-3%,144,train_iter,10.306848287582397,4.3478260869565214e-05,35.008422622272526,3842.9410457611084
2025-09-15 03:02:00,SGD_lr0.001_m0.95,SGD,2,openwebtext-3%,145,train_iter,10.319805145263672,4.3778110944527735e-05,35.01046055952587,3844.2416191101074
2025-09-15 03:02:03,SGD_lr0.001_m0.95,SGD,2,openwebtext-3%,146,train_iter,10.281039476394653,4.407796101949025e-05,35.01187503125082,3844.7022438049316
2025-09-15 03:02:07,SGD_lr0.001_m0.95,SGD,2,openwebtext-3%,147,train_iter,10.355290174484253,4.437781109445277e-05,35.01446453740884,3843.2576656341553
2025-09-15 03:02:11,SGD_lr0.001_m0.95,SGD,2,openwebtext-3%,148,train_iter,10.307105779647827,4.467766116941529e-05,35.01700550881983,3843.026876449585
2025-09-15 03:02:15,SGD_lr0.001_m0.95,SGD,2,openwebtext-3%,149,train_iter,10.283678770065308,4.497751124437781e-05,35.0186018876146,3843.7843322753906
2025-09-15 03:02:19,SGD_lr0.001_m0.95,SGD,2,openwebtext-3%,150,train_iter,10.303558111190796,4.527736131934032e-05,35.019053236820675,3844.8657989501953
2025-09-15 03:02:23,SGD_lr0.001_m0.95,SGD,2,openwebtext-3%,151,train_iter,10.231034755706787,4.557721139430284e-05,35.020996217529934,3843.17946434021
2025-09-15 03:02:26,SGD_lr0.001_m0.95,SGD,2,openwebtext-3%,152,train_iter,10.259994268417358,4.587706146926536e-05,35.02352063932207,3842.3287868499756
2025-09-15 03:02:30,SGD_lr0.001_m0.95,SGD,2,openwebtext-3%,153,train_iter,10.2621591091156,4.617691154422788e-05,35.025744777548304,3842.381238937378
2025-09-15 03:02:34,SGD_lr0.001_m0.95,SGD,2,openwebtext-3%,154,train_iter,10.229133367538452,4.64767616191904e-05,35.02733729400799,3842.829942703247
2025-09-15 03:02:38,SGD_lr0.001_m0.95,SGD,2,openwebtext-3%,155,train_iter,10.221774578094482,4.677661169415292e-05,35.02817366061633,3843.48464012146
2025-09-15 03:02:42,SGD_lr0.001_m0.95,SGD,2,openwebtext-3%,156,train_iter,10.242509841918945,4.707646176911544e-05,35.02900289346466,3843.400716781616
2025-09-15 03:02:46,SGD_lr0.001_m0.95,SGD,2,openwebtext-3%,157,train_iter,10.21359920501709,4.737631184407796e-05,35.02937019865506,3843.8165187835693
2025-09-15 03:02:50,SGD_lr0.001_m0.95,SGD,2,openwebtext-3%,158,train_iter,10.205183029174805,4.7676161919040474e-05,35.03017497631519,3843.2962894439697
2025-09-15 03:02:53,SGD_lr0.001_m0.95,SGD,2,openwebtext-3%,159,train_iter,10.227549076080322,4.7976011994002995e-05,35.030529812789155,3843.7016010284424
2025-09-15 03:02:57,SGD_lr0.001_m0.95,SGD,2,openwebtext-3%,160,train_iter,10.15040397644043,4.827586206896551e-05,35.03156295214991,3842.918634414673
2025-09-15 03:03:01,SGD_lr0.001_m0.95,SGD,2,openwebtext-3%,161,train_iter,10.193442106246948,4.857571214392803e-05,35.03325709493757,3842.080593109131
2025-09-15 03:03:05,SGD_lr0.001_m0.95,SGD,2,openwebtext-3%,162,train_iter,10.168750286102295,4.887556221889055e-05,35.03381620796544,3843.139410018921
2025-09-15 03:03:09,SGD_lr0.001_m0.95,SGD,2,openwebtext-3%,163,train_iter,10.139151811599731,4.9175412293853066e-05,35.03413878279669,3843.3375358581543
2025-09-15 03:03:13,SGD_lr0.001_m0.95,SGD,2,openwebtext-3%,164,train_iter,10.12265682220459,4.947526236881559e-05,35.03353297932662,3844.320774078369
2025-09-15 03:03:16,SGD_lr0.001_m0.95,SGD,2,openwebtext-3%,165,train_iter,10.129135847091675,4.977511244377811e-05,35.03327648998396,3844.003915786743
2025-09-15 03:03:20,SGD_lr0.001_m0.95,SGD,2,openwebtext-3%,166,train_iter,10.188944339752197,5.007496251874063e-05,35.03353610638907,3843.465805053711
2025-09-15 03:03:24,SGD_lr0.001_m0.95,SGD,2,openwebtext-3%,167,train_iter,10.163160562515259,5.0374812593703144e-05,35.032414331599156,3844.9532985687256
2025-09-15 03:03:28,SGD_lr0.001_m0.95,SGD,2,openwebtext-3%,168,train_iter,10.134752988815308,5.0674662668665665e-05,35.03148530511469,3844.864845275879
2025-09-15 03:03:32,SGD_lr0.001_m0.95,SGD,2,openwebtext-3%,169,train_iter,10.151537656784058,5.0974512743628186e-05,35.03248050641242,3842.855453491211
2025-09-15 03:03:36,SGD_lr0.001_m0.95,SGD,2,openwebtext-3%,170,train_iter,10.208768844604492,5.12743628185907e-05,35.03346445591467,3842.7586555480957
2025-09-15 03:03:39,SGD_lr0.001_m0.95,SGD,2,openwebtext-3%,171,train_iter,10.097007751464844,5.1574212893553214e-05,35.03226993052401,3845.041036605835
2025-09-15 03:03:43,SGD_lr0.001_m0.95,SGD,2,openwebtext-3%,172,train_iter,10.081812143325806,5.1874062968515735e-05,35.0325871710398,3843.513011932373
2025-09-15 03:03:47,SGD_lr0.001_m0.95,SGD,2,openwebtext-3%,173,train_iter,10.163741111755371,5.2173913043478256e-05,35.03381571807843,3842.4787521362305
2025-09-15 03:03:51,SGD_lr0.001_m0.95,SGD,2,openwebtext-3%,174,train_iter,10.146876573562622,5.247376311844078e-05,35.03504079279671,3842.3478603363037
2025-09-15 03:03:55,SGD_lr0.001_m0.95,SGD,2,openwebtext-3%,175,train_iter,10.13675570487976,5.277361319340329e-05,35.03618293851191,3842.304468154907
2025-09-15 03:03:59,SGD_lr0.001_m0.95,SGD,2,openwebtext-3%,176,train_iter,10.096292495727539,5.307346326836581e-05,35.03619928977219,3843.413829803467
2025-09-15 03:04:03,SGD_lr0.001_m0.95,SGD,2,openwebtext-3%,177,train_iter,10.075434446334839,5.3373313343328334e-05,35.03733040781161,3842.1895503997803
2025-09-15 03:04:06,SGD_lr0.001_m0.95,SGD,2,openwebtext-3%,178,train_iter,10.12515902519226,5.3673163418290855e-05,35.03750544851996,3843.113899230957
2025-09-15 03:04:10,SGD_lr0.001_m0.95,SGD,2,openwebtext-3%,179,train_iter,10.129116773605347,5.397301349325337e-05,35.038922473573685,3841.732978820801
2025-09-15 03:04:14,SGD_lr0.001_m0.95,SGD,2,openwebtext-3%,180,train_iter,10.083011388778687,5.427286356821588e-05,35.039906545947844,3842.052221298218
2025-09-15 03:04:18,SGD_lr0.001_m0.95,SGD,2,openwebtext-3%,181,train_iter,10.041464567184448,5.4572713643178404e-05,35.04032531125504,3842.564105987549
2025-09-15 03:04:22,SGD_lr0.001_m0.95,SGD,2,openwebtext-3%,182,train_iter,10.036474466323853,5.4872563718140925e-05,35.039929381311545,3843.411684036255
2025-09-15 03:04:26,SGD_lr0.001_m0.95,SGD,2,openwebtext-3%,183,train_iter,10.111697912216187,5.517241379310344e-05,35.03950219253411,3843.489408493042
2025-09-15 03:04:29,SGD_lr0.001_m0.95,SGD,2,openwebtext-3%,184,train_iter,10.065895318984985,5.547226386806596e-05,35.040021406872896,3842.498302459717
2025-09-15 03:04:33,SGD_lr0.001_m0.95,SGD,2,openwebtext-3%,185,train_iter,10.186113119125366,5.577211394302848e-05,35.04010756079728,3842.916250228882
2025-09-15 03:04:37,SGD_lr0.001_m0.95,SGD,2,openwebtext-3%,186,train_iter,10.021605491638184,5.6071964017991e-05,35.04020444779889,3842.895030975342
2025-09-15 03:04:41,SGD_lr0.001_m0.95,SGD,2,openwebtext-3%,187,train_iter,10.125406980514526,5.637181409295352e-05,35.039916671686,3843.306303024292
2025-09-15 03:04:45,SGD_lr0.001_m0.95,SGD,2,openwebtext-3%,188,train_iter,9.959434866905212,5.667166416791604e-05,35.03938296026693,3843.6076641082764
2025-09-15 03:04:49,SGD_lr0.001_m0.95,SGD,2,openwebtext-3%,189,train_iter,10.014278888702393,5.697151424287855e-05,35.038770712245395,3843.752384185791
2025-09-15 03:04:52,SGD_lr0.001_m0.95,SGD,2,openwebtext-3%,190,train_iter,10.018417835235596,5.7271364317841074e-05,35.038837372368896,3843.0747985839844
2025-09-15 03:04:56,SGD_lr0.001_m0.95,SGD,2,openwebtext-3%,191,train_iter,9.993265271186829,5.7571214392803595e-05,35.03956550074569,3842.3421382904053
2025-09-15 03:05:00,SGD_lr0.001_m0.95,SGD,2,openwebtext-3%,192,train_iter,10.023843050003052,5.787106446776611e-05,35.03960854941516,3843.0135250091553
2025-09-15 03:05:04,SGD_lr0.001_m0.95,SGD,2,openwebtext-3%,193,train_iter,9.981538653373718,5.817091454272863e-05,35.039029807489214,3843.690872192383
2025-09-15 03:05:08,SGD_lr0.001_m0.95,SGD,2,openwebtext-3%,194,train_iter,9.9560546875,5.847076461769115e-05,35.03842180072577,3843.7864780426025
2025-09-15 03:05:12,SGD_lr0.001_m0.95,SGD,2,openwebtext-3%,195,train_iter,9.970523118972778,5.877061469265367e-05,35.03812059427695,3843.5165882110596
2025-09-15 03:05:16,SGD_lr0.001_m0.95,SGD,2,openwebtext-3%,196,train_iter,10.111616849899292,5.9070464767616186e-05,35.03828139527877,3843.0428504943848
2025-09-15 03:05:19,SGD_lr0.001_m0.95,SGD,2,openwebtext-3%,197,train_iter,9.939457178115845,5.937031484257871e-05,35.03844024613317,3843.027353286743
2025-09-15 03:05:23,SGD_lr0.001_m0.95,SGD,2,openwebtext-3%,198,train_iter,10.069416761398315,5.967016491754123e-05,35.03869125546188,3842.9088592529297
2025-09-15 03:05:27,SGD_lr0.001_m0.95,SGD,2,openwebtext-3%,199,train_iter,9.977125525474548,5.997001499250374e-05,35.038634786390226,3843.2185649871826
2025-09-15 03:05:37,SGD_lr0.001_m0.95,SGD,2,openwebtext-3%,200,train_iter,9.89484965801239,6.026986506746626e-05,32.85824419571045,10174.683570861816
2025-09-15 03:05:59,SGD_lr0.01_m0.0,SGD,2,openwebtext-3%,0,train_eval,10.945842742919922,2.998500749625187e-07,,
2025-09-15 03:05:59,SGD_lr0.01_m0.0,SGD,2,openwebtext-3%,0,val_eval,10.944282531738281,2.998500749625187e-07,,
2025-09-15 03:06:13,SGD_lr0.01_m0.0,SGD,2,openwebtext-3%,0,train_iter,10.945987701416016,2.998500749625187e-07,,28303.874254226685
2025-09-15 03:06:17,SGD_lr0.01_m0.0,SGD,2,openwebtext-3%,1,train_iter,10.954654216766357,5.997001499250374e-07,,3637.625217437744
2025-09-15 03:06:21,SGD_lr0.01_m0.0,SGD,2,openwebtext-3%,2,train_iter,10.932835340499878,8.995502248875562e-07,,3815.8984184265137
2025-09-15 03:06:24,SGD_lr0.01_m0.0,SGD,2,openwebtext-3%,3,train_iter,10.950294733047485,1.1994002998500749e-06,,3820.631742477417
2025-09-15 03:06:28,SGD_lr0.01_m0.0,SGD,2,openwebtext-3%,4,train_iter,10.945326089859009,1.4992503748125936e-06,,3826.2054920196533
2025-09-15 03:06:32,SGD_lr0.01_m0.0,SGD,2,openwebtext-3%,5,train_iter,10.942974090576172,1.7991004497751123e-06,35.16805721683481,3829.019546508789
2025-09-15 03:06:36,SGD_lr0.01_m0.0,SGD,2,openwebtext-3%,6,train_iter,10.95997929573059,2.0989505247376313e-06,35.162194449336305,3835.4134559631348
2025-09-15 03:06:40,SGD_lr0.01_m0.0,SGD,2,openwebtext-3%,7,train_iter,10.946284532546997,2.3988005997001498e-06,35.154159063827024,3838.4296894073486
2025-09-15 03:06:44,SGD_lr0.01_m0.0,SGD,2,openwebtext-3%,8,train_iter,10.956873893737793,2.6986506746626683e-06,35.145452178947174,3840.0442600250244
2025-09-15 03:06:47,SGD_lr0.01_m0.0,SGD,2,openwebtext-3%,9,train_iter,10.951040983200073,2.9985007496251872e-06,35.134890690666296,3843.0309295654297
2025-09-15 03:06:51,SGD_lr0.01_m0.0,SGD,2,openwebtext-3%,10,train_iter,10.955139398574829,3.2983508245877057e-06,35.1241380091675,3844.3994522094727
2025-09-15 03:06:55,SGD_lr0.01_m0.0,SGD,2,openwebtext-3%,11,train_iter,10.935280323028564,3.5982008995502247e-06,35.115520997288314,3843.235969543457
2025-09-15 03:06:59,SGD_lr0.01_m0.0,SGD,2,openwebtext-3%,12,train_iter,10.955158472061157,3.898050974512743e-06,35.105879572805684,3845.305919647217
2025-09-15 03:07:03,SGD_lr0.01_m0.0,SGD,2,openwebtext-3%,13,train_iter,10.96035361289978,4.1979010494752625e-06,35.09522624601089,3847.4769592285156
2025-09-15 03:07:07,SGD_lr0.01_m0.0,SGD,2,openwebtext-3%,14,train_iter,10.957201719284058,4.497751124437781e-06,35.08465410019718,3848.5591411590576
2025-09-15 03:07:10,SGD_lr0.01_m0.0,SGD,2,openwebtext-3%,15,train_iter,10.944403409957886,4.7976011994002995e-06,35.07524256667932,3848.445415496826
2025-09-15 03:07:14,SGD_lr0.01_m0.0,SGD,2,openwebtext-3%,16,train_iter,10.955164432525635,5.097451274362818e-06,35.065625615858316,3849.7068881988525
2025-09-15 03:07:18,SGD_lr0.01_m0.0,SGD,2,openwebtext-3%,17,train_iter,10.944546461105347,5.3973013493253366e-06,35.057649630381384,3848.959445953369
2025-09-15 03:07:22,SGD_lr0.01_m0.0,SGD,2,openwebtext-3%,18,train_iter,10.937793254852295,5.697151424287855e-06,35.049267154882536,3850.2845764160156
2025-09-15 03:07:26,SGD_lr0.01_m0.0,SGD,2,openwebtext-3%,19,train_iter,10.944899320602417,5.9970014992503744e-06,35.04177447041564,3850.2278327941895
2025-09-15 03:07:30,SGD_lr0.01_m0.0,SGD,2,openwebtext-3%,20,train_iter,10.934439897537231,6.296851574212893e-06,35.035093861532104,3850.15869140625
2025-09-15 03:07:34,SGD_lr0.01_m0.0,SGD,2,openwebtext-3%,21,train_iter,10.948448181152344,6.5967016491754115e-06,35.02848733487855,3850.8126735687256
2025-09-15 03:07:37,SGD_lr0.01_m0.0,SGD,2,openwebtext-3%,22,train_iter,10.946775674819946,6.89655172413793e-06,35.02392483600916,3849.289894104004
2025-09-15 03:07:41,SGD_lr0.01_m0.0,SGD,2,openwebtext-3%,23,train_iter,10.945757627487183,7.196401799100449e-06,35.019301236484814,3849.8592376708984
2025-09-15 03:07:45,SGD_lr0.01_m0.0,SGD,2,openwebtext-3%,24,train_iter,10.958636999130249,7.496251874062968e-06,35.016850133042404,3847.977876663208
2025-09-15 03:07:49,SGD_lr0.01_m0.0,SGD,2,openwebtext-3%,25,train_iter,10.946911573410034,7.796101949025486e-06,35.01299703960042,3849.78985786438
2025-09-15 03:07:53,SGD_lr0.01_m0.0,SGD,2,openwebtext-3%,26,train_iter,10.952720642089844,8.095952023988006e-06,35.0103287723722,3848.910093307495
2025-09-15 03:07:57,SGD_lr0.01_m0.0,SGD,2,openwebtext-3%,27,train_iter,10.932718515396118,8.395802098950525e-06,35.00695062740309,3849.984884262085
2025-09-15 03:08:01,SGD_lr0.01_m0.0,SGD,2,openwebtext-3%,28,train_iter,10.929548740386963,8.695652173913043e-06,35.00478991318664,3849.0169048309326
2025-09-15 03:08:04,SGD_lr0.01_m0.0,SGD,2,openwebtext-3%,29,train_iter,10.937970876693726,8.995502248875562e-06,35.00174690204242,3850.2256870269775
2025-09-15 03:08:08,SGD_lr0.01_m0.0,SGD,2,openwebtext-3%,30,train_iter,10.943187475204468,9.29535232383808e-06,34.999507463315304,3849.6761322021484
2025-09-15 03:08:12,SGD_lr0.01_m0.0,SGD,2,openwebtext-3%,31,train_iter,10.944623947143555,9.595202398800599e-06,34.996692336640635,3850.5563735961914
2025-09-15 03:08:16,SGD_lr0.01_m0.0,SGD,2,openwebtext-3%,32,train_iter,10.926588773727417,9.895052473763117e-06,34.99602647207457,3848.500967025757
2025-09-15 03:08:20,SGD_lr0.01_m0.0,SGD,2,openwebtext-3%,33,train_iter,10.955291986465454,1.0194902548725636e-05,34.99441908513655,3849.6100902557373
2025-09-15 03:08:24,SGD_lr0.01_m0.0,SGD,2,openwebtext-3%,34,train_iter,10.930675268173218,1.0494752623688155e-05,34.994974053420094,3847.4085330963135
2025-09-15 03:08:27,SGD_lr0.01_m0.0,SGD,2,openwebtext-3%,35,train_iter,10.907717943191528,1.0794602698650673e-05,34.99374316510974,3849.311590194702
2025-09-15 03:08:31,SGD_lr0.01_m0.0,SGD,2,openwebtext-3%,36,train_iter,10.94965934753418,1.1094452773613192e-05,34.99443101049162,3847.336769104004
2025-09-15 03:08:35,SGD_lr0.01_m0.0,SGD,2,openwebtext-3%,37,train_iter,10.948184728622437,1.139430284857571e-05,34.99410009888075,3848.381280899048
2025-09-15 03:08:39,SGD_lr0.01_m0.0,SGD,2,openwebtext-3%,38,train_iter,10.942455530166626,1.169415292353823e-05,34.99424326518786,3847.8963375091553
2025-09-15 03:08:43,SGD_lr0.01_m0.0,SGD,2,openwebtext-3%,39,train_iter,10.934892892837524,1.1994002998500749e-05,34.993567191792955,3848.7815856933594
2025-09-15 03:08:47,SGD_lr0.01_m0.0,SGD,2,openwebtext-3%,40,train_iter,10.951343774795532,1.2293853073463267e-05,34.9934067748411,3848.2887744903564
2025-09-15 03:08:51,SGD_lr0.01_m0.0,SGD,2,openwebtext-3%,41,train_iter,10.953079462051392,1.2593703148425786e-05,34.994298098664906,3847.1500873565674
2025-09-15 03:08:54,SGD_lr0.01_m0.0,SGD,2,openwebtext-3%,42,train_iter,10.932501554489136,1.2893553223388304e-05,34.99561381294802,3846.585750579834
2025-09-15 03:08:58,SGD_lr0.01_m0.0,SGD,2,openwebtext-3%,43,train_iter,10.926443338394165,1.3193403298350823e-05,34.996858929018956,3846.5187549591064
2025-09-15 03:09:02,SGD_lr0.01_m0.0,SGD,2,openwebtext-3%,44,train_iter,10.93550443649292,1.3493253373313342e-05,34.99739158849236,3847.1648693084717
2025-09-15 03:09:06,SGD_lr0.01_m0.0,SGD,2,openwebtext-3%,45,train_iter,10.947089195251465,1.379310344827586e-05,34.99850275960102,3846.470594406128
2025-09-15 03:09:10,SGD_lr0.01_m0.0,SGD,2,openwebtext-3%,46,train_iter,10.954490900039673,1.409295352323838e-05,34.99964777276009,3846.311330795288
2025-09-15 03:09:14,SGD_lr0.01_m0.0,SGD,2,openwebtext-3%,47,train_iter,10.941146612167358,1.4392803598200899e-05,35.00033131405862,3846.6925621032715
2025-09-15 03:09:17,SGD_lr0.01_m0.0,SGD,2,openwebtext-3%,48,train_iter,10.927168130874634,1.4692653673163418e-05,35.001439962160816,3846.1503982543945
2025-09-15 03:09:21,SGD_lr0.01_m0.0,SGD,2,openwebtext-3%,49,train_iter,10.951251983642578,1.4992503748125936e-05,35.00196641567111,3846.668243408203
2025-09-15 03:09:25,SGD_lr0.01_m0.0,SGD,2,openwebtext-3%,50,train_iter,10.944923162460327,1.5292353823088455e-05,35.00292327337276,3846.137523651123
2025-09-15 03:09:29,SGD_lr0.01_m0.0,SGD,2,openwebtext-3%,51,train_iter,10.974066257476807,1.5592203898050973e-05,35.0035129576592,3846.435785293579
2025-09-15 03:09:33,SGD_lr0.01_m0.0,SGD,2,openwebtext-3%,52,train_iter,10.941017866134644,1.589205397301349e-05,35.004392860819245,3846.0521697998047
2025-09-15 03:09:37,SGD_lr0.01_m0.0,SGD,2,openwebtext-3%,53,train_iter,10.952380895614624,1.619190404797601e-05,35.0057109648792,3845.4742431640625
2025-09-15 03:09:41,SGD_lr0.01_m0.0,SGD,2,openwebtext-3%,54,train_iter,10.947500467300415,1.649175412293853e-05,35.005718757717176,3846.768856048584
2025-09-15 03:09:44,SGD_lr0.01_m0.0,SGD,2,openwebtext-3%,55,train_iter,10.942484140396118,1.679160419790105e-05,35.00643212540399,3845.9928035736084
2025-09-15 03:09:48,SGD_lr0.01_m0.0,SGD,2,openwebtext-3%,56,train_iter,10.949863195419312,1.7091454272863564e-05,35.00694653577052,3846.13299369812
2025-09-15 03:09:52,SGD_lr0.01_m0.0,SGD,2,openwebtext-3%,57,train_iter,10.949681997299194,1.7391304347826085e-05,35.007655855845265,3845.86238861084
2025-09-15 03:09:56,SGD_lr0.01_m0.0,SGD,2,openwebtext-3%,58,train_iter,10.931318998336792,1.7691154422788603e-05,35.007029432655706,3847.252130508423
2025-09-15 03:10:00,SGD_lr0.01_m0.0,SGD,2,openwebtext-3%,59,train_iter,10.922350883483887,1.7991004497751124e-05,35.0075620291808,3846.0474014282227
2025-09-15 03:10:04,SGD_lr0.01_m0.0,SGD,2,openwebtext-3%,60,train_iter,10.93963623046875,1.829085457271364e-05,35.00716689919538,3847.008228302002
2025-09-15 03:10:07,SGD_lr0.01_m0.0,SGD,2,openwebtext-3%,61,train_iter,10.934867858886719,1.859070464767616e-05,35.00720289387102,3846.5778827667236
2025-09-15 03:10:11,SGD_lr0.01_m0.0,SGD,2,openwebtext-3%,62,train_iter,10.927584171295166,1.8890554722638677e-05,35.00781950652508,3845.936059951782
2025-09-15 03:10:15,SGD_lr0.01_m0.0,SGD,2,openwebtext-3%,63,train_iter,10.927757024765015,1.9190404797601198e-05,35.007245262409754,3847.1767902374268
2025-09-15 03:10:19,SGD_lr0.01_m0.0,SGD,2,openwebtext-3%,64,train_iter,10.926045179367065,1.949025487256372e-05,35.00798310111432,3845.7982540130615
2025-09-15 03:10:23,SGD_lr0.01_m0.0,SGD,2,openwebtext-3%,65,train_iter,10.942527055740356,1.9790104947526234e-05,35.00887053690201,3845.552921295166
2025-09-15 03:10:27,SGD_lr0.01_m0.0,SGD,2,openwebtext-3%,66,train_iter,10.935813188552856,2.0089955022488755e-05,35.00887374084258,3846.4267253875732
2025-09-15 03:10:31,SGD_lr0.01_m0.0,SGD,2,openwebtext-3%,67,train_iter,10.947386026382446,2.0389805097451272e-05,35.008644666013765,3846.681594848633
2025-09-15 03:10:34,SGD_lr0.01_m0.0,SGD,2,openwebtext-3%,68,train_iter,10.926393270492554,2.0689655172413793e-05,35.00890743784493,3846.1663722991943
2025-09-15 03:10:38,SGD_lr0.01_m0.0,SGD,2,openwebtext-3%,69,train_iter,10.929529666900635,2.098950524737631e-05,35.00920774049832,3846.0962772369385
2025-09-15 03:10:42,SGD_lr0.01_m0.0,SGD,2,openwebtext-3%,70,train_iter,10.918071269989014,2.128935532233883e-05,35.01020610967657,3845.296621322632
2025-09-15 03:10:46,SGD_lr0.01_m0.0,SGD,2,openwebtext-3%,71,train_iter,10.920912027359009,2.1589205397301346e-05,35.010169503151126,3846.3237285614014
2025-09-15 03:10:50,SGD_lr0.01_m0.0,SGD,2,openwebtext-3%,72,train_iter,10.938624143600464,2.1889055472263867e-05,35.0104712222622,3845.9560871124268
2025-09-15 03:10:54,SGD_lr0.01_m0.0,SGD,2,openwebtext-3%,73,train_iter,10.943702459335327,2.2188905547226385e-05,35.01072931217765,3845.970869064331
2025-09-15 03:10:57,SGD_lr0.01_m0.0,SGD,2,openwebtext-3%,74,train_iter,10.932372808456421,2.2488755622188906e-05,35.01057984001219,3846.3902473449707
2025-09-15 03:11:01,SGD_lr0.01_m0.0,SGD,2,openwebtext-3%,75,train_iter,10.92248797416687,2.278860569715142e-05,35.0123008211019,3844.3527221679688
2025-09-15 03:11:05,SGD_lr0.01_m0.0,SGD,2,openwebtext-3%,76,train_iter,10.926580429077148,2.308845577211394e-05,35.012585636058965,3845.740556716919
2025-09-15 03:11:09,SGD_lr0.01_m0.0,SGD,2,openwebtext-3%,77,train_iter,10.922605991363525,2.338830584707646e-05,35.01113700009114,3847.614049911499
2025-09-15 03:11:13,SGD_lr0.01_m0.0,SGD,2,openwebtext-3%,78,train_iter,10.931614637374878,2.368815592203898e-05,35.01172619691176,3845.534086227417
2025-09-15 03:11:17,SGD_lr0.01_m0.0,SGD,2,openwebtext-3%,79,train_iter,10.941091775894165,2.3988005997001498e-05,35.01219438413635,3845.60227394104
2025-09-15 03:11:21,SGD_lr0.01_m0.0,SGD,2,openwebtext-3%,80,train_iter,10.918383598327637,2.4287856071964015e-05,35.01068923771958,3847.719192504883
2025-09-15 03:11:24,SGD_lr0.01_m0.0,SGD,2,openwebtext-3%,81,train_iter,10.933407545089722,2.4587706146926533e-05,35.01070740227649,3846.210479736328
2025-09-15 03:11:28,SGD_lr0.01_m0.0,SGD,2,openwebtext-3%,82,train_iter,10.943878889083862,2.4887556221889054e-05,35.010490463942126,3846.4667797088623
2025-09-15 03:11:32,SGD_lr0.01_m0.0,SGD,2,openwebtext-3%,83,train_iter,10.927040576934814,2.5187406296851572e-05,35.009766479624524,3847.047805786133
2025-09-15 03:11:36,SGD_lr0.01_m0.0,SGD,2,openwebtext-3%,84,train_iter,10.924885272979736,2.5487256371814093e-05,35.0102187678963,3845.834970474243
2025-09-15 03:11:40,SGD_lr0.01_m0.0,SGD,2,openwebtext-3%,85,train_iter,10.931422710418701,2.5787106446776607e-05,35.00986452018049,3846.6713428497314
2025-09-15 03:11:44,SGD_lr0.01_m0.0,SGD,2,openwebtext-3%,86,train_iter,10.940182209014893,2.6086956521739128e-05,35.009745540868316,3846.451759338379
2025-09-15 03:11:47,SGD_lr0.01_m0.0,SGD,2,openwebtext-3%,87,train_iter,10.92394232749939,2.6386806596701646e-05,35.00968207660314,3846.4038372039795
2025-09-15 03:11:51,SGD_lr0.01_m0.0,SGD,2,openwebtext-3%,88,train_iter,10.933868885040283,2.6686656671664167e-05,35.009279089709864,3846.7838764190674
2025-09-15 03:11:55,SGD_lr0.01_m0.0,SGD,2,openwebtext-3%,89,train_iter,10.929116010665894,2.6986506746626685e-05,35.00896001109051,3846.735954284668
2025-09-15 03:11:59,SGD_lr0.01_m0.0,SGD,2,openwebtext-3%,90,train_iter,10.939700603485107,2.7286356821589202e-05,35.00850101184599,3846.9247817993164
2025-09-15 03:12:03,SGD_lr0.01_m0.0,SGD,2,openwebtext-3%,91,train_iter,10.93721628189087,2.758620689655172e-05,35.00738363542512,3847.698926925659
2025-09-15 03:12:07,SGD_lr0.01_m0.0,SGD,2,openwebtext-3%,92,train_iter,10.922330617904663,2.788605697151424e-05,35.007874951508484,3846.0538387298584
2025-09-15 03:12:11,SGD_lr0.01_m0.0,SGD,2,openwebtext-3%,93,train_iter,10.933469533920288,2.818590704647676e-05,35.00611943891312,3848.4694957733154
2025-09-15 03:12:14,SGD_lr0.01_m0.0,SGD,2,openwebtext-3%,94,train_iter,10.945433378219604,2.8485757121439276e-05,35.00603322944063,3846.827268600464
2025-09-15 03:12:18,SGD_lr0.01_m0.0,SGD,2,openwebtext-3%,95,train_iter,10.925449132919312,2.8785607196401797e-05,35.00555063184311,3847.2723960876465
2025-09-15 03:12:22,SGD_lr0.01_m0.0,SGD,2,openwebtext-3%,96,train_iter,10.932282209396362,2.9085457271364315e-05,35.00567968776582,3846.6532230377197
2025-09-15 03:12:26,SGD_lr0.01_m0.0,SGD,2,openwebtext-3%,97,train_iter,10.924580097198486,2.9385307346326836e-05,35.00556520871429,3846.9066619873047
2025-09-15 03:12:30,SGD_lr0.01_m0.0,SGD,2,openwebtext-3%,98,train_iter,10.931341648101807,2.9685157421289354e-05,35.00445583494915,3848.012924194336
2025-09-15 03:12:34,SGD_lr0.01_m0.0,SGD,2,openwebtext-3%,99,train_iter,10.944350957870483,2.998500749625187e-05,35.0047629360494,3846.5778827667236
2025-09-15 03:34:50,SGD_lr0.01_m0.0,SGD,2,openwebtext-3%,100,train_iter,10.924415588378906,3.028485757121439e-05,31.51435977925302,1336814.7485256195
2025-09-15 03:34:54,SGD_lr0.01_m0.0,SGD,2,openwebtext-3%,101,train_iter,10.907119512557983,3.058470764617691e-05,32.06310929491355,3639.2548084259033
2025-09-15 03:34:58,SGD_lr0.01_m0.0,SGD,2,openwebtext-3%,102,train_iter,10.942411422729492,3.0884557721139424e-05,32.42847263063971,3770.197629928589
2025-09-15 03:35:02,SGD_lr0.01_m0.0,SGD,2,openwebtext-3%,103,train_iter,10.929560661315918,3.1184407796101945e-05,32.73033106461711,3798.881769180298
2025-09-15 03:35:05,SGD_lr0.01_m0.0,SGD,2,openwebtext-3%,104,train_iter,10.92727541923523,3.1484257871064466e-05,32.99315937757008,3808.3839416503906
2025-09-15 03:35:09,SGD_lr0.01_m0.0,SGD,2,openwebtext-3%,105,train_iter,10.91309666633606,3.178410794602698e-05,33.2211508706299,3817.619562149048
2025-09-15 03:35:13,SGD_lr0.01_m0.0,SGD,2,openwebtext-3%,106,train_iter,10.91834545135498,3.20839580209895e-05,33.432112725570036,3811.3853931427
2025-09-15 03:35:17,SGD_lr0.01_m0.0,SGD,2,openwebtext-3%,107,train_iter,10.93388319015503,3.238380809595202e-05,33.61946752725603,3814.095973968506
2025-09-15 03:35:21,SGD_lr0.01_m0.0,SGD,2,openwebtext-3%,108,train_iter,10.918668508529663,3.2683658170914544e-05,33.76483516946778,3839.381456375122
2025-09-15 03:35:25,SGD_lr0.01_m0.0,SGD,2,openwebtext-3%,109,train_iter,10.924462080001831,3.298350824587706e-05,33.89805713634941,3836.765766143799
2025-09-15 03:35:28,SGD_lr0.01_m0.0,SGD,2,openwebtext-3%,110,train_iter,10.910872220993042,3.328335832083958e-05,33.990043824626184,3867.5246238708496
2025-09-15 03:35:32,SGD_lr0.01_m0.0,SGD,2,openwebtext-3%,111,train_iter,10.925703048706055,3.35832083958021e-05,34.09783294208665,3839.951753616333
2025-09-15 03:35:36,SGD_lr0.01_m0.0,SGD,2,openwebtext-3%,112,train_iter,10.928771495819092,3.3883058470764614e-05,34.192223816541514,3842.8220748901367
2025-09-15 03:35:40,SGD_lr0.01_m0.0,SGD,2,openwebtext-3%,113,train_iter,10.905348062515259,3.418290854572713e-05,34.25764465140723,3864.360570907593
2025-09-15 03:35:44,SGD_lr0.01_m0.0,SGD,2,openwebtext-3%,114,train_iter,10.920432806015015,3.448275862068965e-05,34.3060705892382,3875.9872913360596
2025-09-15 03:35:48,SGD_lr0.01_m0.0,SGD,2,openwebtext-3%,115,train_iter,10.92036247253418,3.478260869565217e-05,34.36767125998415,3855.989933013916
2025-09-15 03:35:52,SGD_lr0.01_m0.0,SGD,2,openwebtext-3%,116,train_iter,10.912601947784424,3.508245877061469e-05,34.430850042384606,3847.4645614624023
2025-09-15 03:35:55,SGD_lr0.01_m0.0,SGD,2,openwebtext-3%,117,train_iter,10.912600755691528,3.5382308845577206e-05,34.48211282220474,3853.628396987915
2025-09-15 03:35:59,SGD_lr0.01_m0.0,SGD,2,openwebtext-3%,118,train_iter,10.90793251991272,3.568215892053973e-05,34.505369360262335,3879.0271282196045
2025-09-15 03:36:03,SGD_lr0.01_m0.0,SGD,2,openwebtext-3%,119,train_iter,10.920779705047607,3.598200899550225e-05,34.550903446543714,3851.728916168213
2025-09-15 03:36:07,SGD_lr0.01_m0.0,SGD,2,openwebtext-3%,120,train_iter,10.918539762496948,3.628185907046477e-05,34.584572452285634,3859.8012924194336
2025-09-15 03:36:11,SGD_lr0.01_m0.0,SGD,2,openwebtext-3%,121,train_iter,10.912096500396729,3.658170914542728e-05,34.62422897449115,3849.4796752929688
2025-09-15 03:36:15,SGD_lr0.01_m0.0,SGD,2,openwebtext-3%,122,train_iter,10.890192985534668,3.68815592203898e-05,34.65989189599347,3849.510431289673
2025-09-15 03:36:19,SGD_lr0.01_m0.0,SGD,2,openwebtext-3%,123,train_iter,10.912264585494995,3.718140929535232e-05,34.68370366101081,3858.649253845215
2025-09-15 03:36:22,SGD_lr0.01_m0.0,SGD,2,openwebtext-3%,124,train_iter,10.895195007324219,3.748125937031484e-05,34.71347739453575,3849.4462966918945
2025-09-15 03:36:26,SGD_lr0.01_m0.0,SGD,2,openwebtext-3%,125,train_iter,10.888450145721436,3.7781109445277354e-05,34.73890607926086,3850.951910018921
2025-09-15 03:36:30,SGD_lr0.01_m0.0,SGD,2,openwebtext-3%,126,train_iter,10.922011137008667,3.8080959520239875e-05,34.758740305759,3854.3155193328857
2025-09-15 03:36:34,SGD_lr0.01_m0.0,SGD,2,openwebtext-3%,127,train_iter,10.914610624313354,3.8380809595202396e-05,34.776439836835735,3854.482412338257
2025-09-15 03:36:38,SGD_lr0.01_m0.0,SGD,2,openwebtext-3%,128,train_iter,10.915321111679077,3.868065967016492e-05,34.79263847330486,3854.1855812072754
2025-09-15 03:36:42,SGD_lr0.01_m0.0,SGD,2,openwebtext-3%,129,train_iter,10.910677909851074,3.898050974512744e-05,34.81087817813219,3850.151300430298
2025-09-15 03:36:46,SGD_lr0.01_m0.0,SGD,2,openwebtext-3%,130,train_iter,10.90653657913208,3.928035982008995e-05,34.80983003933355,3869.4725036621094
2025-09-15 03:36:49,SGD_lr0.01_m0.0,SGD,2,openwebtext-3%,131,train_iter,10.915857553482056,3.958020989505247e-05,34.83616164813538,3839.381217956543
2025-09-15 03:36:53,SGD_lr0.01_m0.0,SGD,2,openwebtext-3%,132,train_iter,10.907702445983887,3.988005997001499e-05,34.8333225067706,3868.652820587158
2025-09-15 03:36:57,SGD_lr0.01_m0.0,SGD,2,openwebtext-3%,133,train_iter,10.905910730361938,4.017991004497751e-05,34.84517338328189,3852.7073860168457
2025-09-15 03:37:01,SGD_lr0.01_m0.0,SGD,2,openwebtext-3%,134,train_iter,10.896403789520264,4.0479760119940023e-05,34.85392429161789,3854.8192977905273
2025-09-15 03:37:05,SGD_lr0.01_m0.0,SGD,2,openwebtext-3%,135,train_iter,10.90739130973816,4.0779610194902544e-05,34.864615869032335,3851.714611053467
2025-09-15 03:37:09,SGD_lr0.01_m0.0,SGD,2,openwebtext-3%,136,train_iter,10.909957885742188,4.1079460269865066e-05,34.87603061000858,3849.740982055664
2025-09-15 03:37:13,SGD_lr0.01_m0.0,SGD,2,openwebtext-3%,137,train_iter,10.90532660484314,4.1379310344827587e-05,34.88525766378112,3850.8927822113037
2025-09-15 03:37:16,SGD_lr0.01_m0.0,SGD,2,openwebtext-3%,138,train_iter,10.905472040176392,4.16791604197901e-05,34.892322136875585,3852.2586822509766
2025-09-15 03:37:20,SGD_lr0.01_m0.0,SGD,2,openwebtext-3%,139,train_iter,10.898855924606323,4.197901049475262e-05,34.90006055058723,3850.738048553467
2025-09-15 03:37:24,SGD_lr0.01_m0.0,SGD,2,openwebtext-3%,140,train_iter,10.913221836090088,4.227886056971514e-05,34.89661692036738,3862.2334003448486
2025-09-15 03:37:28,SGD_lr0.01_m0.0,SGD,2,openwebtext-3%,141,train_iter,10.906535387039185,4.257871064467766e-05,34.89121752201211,3864.7830486297607
2025-09-15 03:37:32,SGD_lr0.01_m0.0,SGD,2,openwebtext-3%,142,train_iter,10.906078815460205,4.287856071964017e-05,34.89879490840739,3851.03702545166
2025-09-15 03:37:36,SGD_lr0.01_m0.0,SGD,2,openwebtext-3%,143,train_iter,10.88840365409851,4.317841079460269e-05,34.90392443694569,3852.8993129730225
2025-09-15 03:37:40,SGD_lr0.01_m0.0,SGD,2,openwebtext-3%,144,train_iter,10.909872055053711,4.3478260869565214e-05,34.91028070680018,3850.982427597046
2025-09-15 03:37:43,SGD_lr0.01_m0.0,SGD,2,openwebtext-3%,145,train_iter,10.911260843276978,4.3778110944527735e-05,34.915648943411256,3851.3705730438232
2025-09-15 03:37:47,SGD_lr0.01_m0.0,SGD,2,openwebtext-3%,146,train_iter,10.905846357345581,4.407796101949025e-05,34.912302364269486,3860.3999614715576
2025-09-15 03:37:51,SGD_lr0.01_m0.0,SGD,2,openwebtext-3%,147,train_iter,10.906456708908081,4.437781109445277e-05,34.903214856851605,3867.135524749756
2025-09-15 03:37:55,SGD_lr0.01_m0.0,SGD,2,openwebtext-3%,148,train_iter,10.901428461074829,4.467766116941529e-05,34.90832828243652,3852.4298667907715
2025-09-15 03:37:59,SGD_lr0.01_m0.0,SGD,2,openwebtext-3%,149,train_iter,10.900154113769531,4.497751124437781e-05,34.91300586449454,3852.346658706665
2025-09-15 03:38:03,SGD_lr0.01_m0.0,SGD,2,openwebtext-3%,150,train_iter,10.916332006454468,4.527736131934032e-05,34.90354039376423,3867.4771785736084
2025-09-15 03:38:07,SGD_lr0.01_m0.0,SGD,2,openwebtext-3%,151,train_iter,10.89443564414978,4.557721139430284e-05,34.90500891515103,3856.415271759033
2025-09-15 03:38:10,SGD_lr0.01_m0.0,SGD,2,openwebtext-3%,152,train_iter,10.898548364639282,4.587706146926536e-05,34.912010276307896,3850.1527309417725
2025-09-15 03:38:14,SGD_lr0.01_m0.0,SGD,2,openwebtext-3%,153,train_iter,10.89556097984314,4.617691154422788e-05,34.918372145050675,3850.085973739624
2025-09-15 03:38:18,SGD_lr0.01_m0.0,SGD,2,openwebtext-3%,154,train_iter,10.900471210479736,4.64767616191904e-05,34.92572884807642,3848.2913970947266
2025-09-15 03:38:22,SGD_lr0.01_m0.0,SGD,2,openwebtext-3%,155,train_iter,10.89657187461853,4.677661169415292e-05,34.93093481161388,3849.8482704162598
2025-09-15 03:38:26,SGD_lr0.01_m0.0,SGD,2,openwebtext-3%,156,train_iter,10.90400218963623,4.707646176911544e-05,34.9366231778606,3848.7446308135986
2025-09-15 03:38:30,SGD_lr0.01_m0.0,SGD,2,openwebtext-3%,157,train_iter,10.903249979019165,4.737631184407796e-05,34.928956251033824,3862.8616333007812
2025-09-15 03:38:34,SGD_lr0.01_m0.0,SGD,2,openwebtext-3%,158,train_iter,10.896694660186768,4.7676161919040474e-05,34.926328477940814,3858.13307762146
2025-09-15 03:38:37,SGD_lr0.01_m0.0,SGD,2,openwebtext-3%,159,train_iter,10.88738203048706,4.7976011994002995e-05,34.93354763044793,3847.5677967071533
2025-09-15 03:38:41,SGD_lr0.01_m0.0,SGD,2,openwebtext-3%,160,train_iter,10.877764225006104,4.827586206896551e-05,34.883423553982496,3910.8381271362305
2025-09-15 03:38:45,SGD_lr0.01_m0.0,SGD,2,openwebtext-3%,161,train_iter,10.897105932235718,4.857571214392803e-05,34.893232448017834,3849.438428878784
2025-09-15 03:38:49,SGD_lr0.01_m0.0,SGD,2,openwebtext-3%,162,train_iter,10.888129472732544,4.887556221889055e-05,34.90216813661966,3849.3199348449707
2025-09-15 03:38:53,SGD_lr0.01_m0.0,SGD,2,openwebtext-3%,163,train_iter,10.873034000396729,4.9175412293853066e-05,34.901317625374254,3859.1299057006836
2025-09-15 03:38:57,SGD_lr0.01_m0.0,SGD,2,openwebtext-3%,164,train_iter,10.879534482955933,4.947526236881559e-05,34.89937444858886,3860.4328632354736
2025-09-15 03:39:01,SGD_lr0.01_m0.0,SGD,2,openwebtext-3%,165,train_iter,10.88667631149292,4.977511244377811e-05,34.90610258802527,3851.073980331421
2025-09-15 03:39:04,SGD_lr0.01_m0.0,SGD,2,openwebtext-3%,166,train_iter,10.900111198425293,5.007496251874063e-05,34.893629824911955,3871.588706970215
2025-09-15 03:39:08,SGD_lr0.01_m0.0,SGD,2,openwebtext-3%,167,train_iter,10.87440013885498,5.0374812593703144e-05,34.896513223213006,3855.947256088257
2025-09-15 03:39:12,SGD_lr0.01_m0.0,SGD,2,openwebtext-3%,168,train_iter,10.865715742111206,5.0674662668665665e-05,34.89754478181769,3857.6743602752686
2025-09-15 03:39:16,SGD_lr0.01_m0.0,SGD,2,openwebtext-3%,169,train_iter,10.873652696609497,5.0974512743628186e-05,34.89629387494155,3860.084295272827
2025-09-15 03:39:20,SGD_lr0.01_m0.0,SGD,2,openwebtext-3%,170,train_iter,10.901232957839966,5.12743628185907e-05,34.895749703443215,3859.440803527832
2025-09-15 03:39:24,SGD_lr0.01_m0.0,SGD,2,openwebtext-3%,171,train_iter,10.87990403175354,5.1574212893553214e-05,34.881273612883916,3874.974012374878
2025-09-15 03:39:28,SGD_lr0.01_m0.0,SGD,2,openwebtext-3%,172,train_iter,10.868736505508423,5.1874062968515735e-05,34.88887863495927,3852.102041244507
2025-09-15 03:39:31,SGD_lr0.01_m0.0,SGD,2,openwebtext-3%,173,train_iter,10.89221477508545,5.2173913043478256e-05,34.91561243882884,3830.3091526031494
2025-09-15 03:39:35,SGD_lr0.01_m0.0,SGD,2,openwebtext-3%,174,train_iter,10.875450372695923,5.247376311844078e-05,34.907884297849066,3865.2591705322266
2025-09-15 03:39:39,SGD_lr0.01_m0.0,SGD,2,openwebtext-3%,175,train_iter,10.890047550201416,5.277361319340329e-05,34.90520496234824,3860.520839691162
2025-09-15 03:39:43,SGD_lr0.01_m0.0,SGD,2,openwebtext-3%,176,train_iter,10.874179601669312,5.307346326836581e-05,34.91675365140144,3845.1318740844727
2025-09-15 03:39:47,SGD_lr0.01_m0.0,SGD,2,openwebtext-3%,177,train_iter,10.873774290084839,5.3373313343328334e-05,34.92462994461234,3847.898006439209
2025-09-15 03:39:51,SGD_lr0.01_m0.0,SGD,2,openwebtext-3%,178,train_iter,10.874488353729248,5.3673163418290855e-05,34.92527661829847,3854.994297027588
2025-09-15 03:39:55,SGD_lr0.01_m0.0,SGD,2,openwebtext-3%,179,train_iter,10.874639749526978,5.397301349325337e-05,34.9375809077561,3842.1008586883545
2025-09-15 03:39:58,SGD_lr0.01_m0.0,SGD,2,openwebtext-3%,180,train_iter,10.875499248504639,5.427286356821588e-05,34.93892764757905,3852.7936935424805
2025-09-15 03:40:02,SGD_lr0.01_m0.0,SGD,2,openwebtext-3%,181,train_iter,10.86666464805603,5.4572713643178404e-05,34.9396704399887,3853.311061859131
2025-09-15 03:40:06,SGD_lr0.01_m0.0,SGD,2,openwebtext-3%,182,train_iter,10.86848258972168,5.4872563718140925e-05,34.93119022734337,3863.4252548217773
2025-09-15 03:40:10,SGD_lr0.01_m0.0,SGD,2,openwebtext-3%,183,train_iter,10.881597995758057,5.517241379310344e-05,34.93784708449223,3847.651481628418
2025-09-15 03:40:14,SGD_lr0.01_m0.0,SGD,2,openwebtext-3%,184,train_iter,10.874065160751343,5.547226386806596e-05,34.92324157165802,3870.429515838623
2025-09-15 03:40:18,SGD_lr0.01_m0.0,SGD,2,openwebtext-3%,185,train_iter,10.89522123336792,5.577211394302848e-05,34.917430983230965,3862.2875213623047
2025-09-15 03:40:22,SGD_lr0.01_m0.0,SGD,2,openwebtext-3%,186,train_iter,10.87037444114685,5.6071964017991e-05,34.919460481028025,3854.2628288269043
2025-09-15 03:40:25,SGD_lr0.01_m0.0,SGD,2,openwebtext-3%,187,train_iter,10.881760120391846,5.637181409295352e-05,34.92553764023027,3849.579334259033
2025-09-15 03:40:29,SGD_lr0.01_m0.0,SGD,2,openwebtext-3%,188,train_iter,10.850318670272827,5.667166416791604e-05,34.925156410347725,3856.0287952423096
2025-09-15 03:40:33,SGD_lr0.01_m0.0,SGD,2,openwebtext-3%,189,train_iter,10.864425897598267,5.697151424287855e-05,34.91860195046602,3862.8995418548584
2025-09-15 03:40:37,SGD_lr0.01_m0.0,SGD,2,openwebtext-3%,190,train_iter,10.883768796920776,5.7271364317841074e-05,34.92394991596961,3850.4765033721924
2025-09-15 03:40:41,SGD_lr0.01_m0.0,SGD,2,openwebtext-3%,191,train_iter,10.855120420455933,5.7571214392803595e-05,34.92408095748779,3855.6385040283203
2025-09-15 03:40:45,SGD_lr0.01_m0.0,SGD,2,openwebtext-3%,192,train_iter,10.874416828155518,5.787106446776611e-05,34.9272602887398,3852.261781692505
2025-09-15 03:40:49,SGD_lr0.01_m0.0,SGD,2,openwebtext-3%,193,train_iter,10.870426893234253,5.817091454272863e-05,34.93447127605793,3847.4743366241455
2025-09-15 03:40:52,SGD_lr0.01_m0.0,SGD,2,openwebtext-3%,194,train_iter,10.861215591430664,5.847076461769115e-05,34.933375042709116,3855.8318614959717
2025-09-15 03:40:56,SGD_lr0.01_m0.0,SGD,2,openwebtext-3%,195,train_iter,10.881013870239258,5.877061469265367e-05,34.92762819595956,3861.0947132110596
2025-09-15 03:41:00,SGD_lr0.01_m0.0,SGD,2,openwebtext-3%,196,train_iter,10.885467529296875,5.9070464767616186e-05,34.92638443898283,3856.75048828125
2025-09-15 03:41:04,SGD_lr0.01_m0.0,SGD,2,openwebtext-3%,197,train_iter,10.848201513290405,5.937031484257871e-05,34.924296634150764,3857.820510864258
2025-09-15 03:41:08,SGD_lr0.01_m0.0,SGD,2,openwebtext-3%,198,train_iter,10.864509344100952,5.967016491754123e-05,34.92456924020985,3855.4439544677734
2025-09-15 03:41:12,SGD_lr0.01_m0.0,SGD,2,openwebtext-3%,199,train_iter,10.86669921875,5.997001499250374e-05,34.927558692717895,3852.417230606079
2025-09-15 03:55:03,SGD_lr0.01_m0.0,SGD,2,openwebtext-3%,200,train_iter,10.845576524734497,6.026986506746626e-05,31.45099847122609,831452.8713226318
2025-09-15 03:55:29,SGD_lr0.01_m0.9,SGD,2,openwebtext-3%,0,train_eval,10.945842742919922,2.998500749625187e-07,,
2025-09-15 03:55:29,SGD_lr0.01_m0.9,SGD,2,openwebtext-3%,0,val_eval,10.944282531738281,2.998500749625187e-07,,
2025-09-15 04:07:28,SGD_lr0.01_m0.9,SGD,2,openwebtext-3%,0,train_iter,10.945987701416016,2.998500749625187e-07,,733852.3662090302
2025-09-15 04:07:41,SGD_lr0.01_m0.9,SGD,2,openwebtext-3%,1,train_eval,10.946183204650879,5.997001499250374e-07,,
2025-09-15 04:07:41,SGD_lr0.01_m0.9,SGD,2,openwebtext-3%,1,val_eval,10.94624137878418,5.997001499250374e-07,,
2025-09-15 04:07:48,SGD_lr0.01_m0.9,SGD,2,openwebtext-3%,1,train_iter,10.938998460769653,5.997001499250374e-07,,20650.858402252197
2025-09-15 04:08:02,SGD_lr0.01_m0.9,SGD,2,openwebtext-3%,2,train_eval,10.947057723999023,8.995502248875562e-07,,
2025-09-15 04:08:02,SGD_lr0.01_m0.9,SGD,2,openwebtext-3%,2,val_eval,10.944668769836426,8.995502248875562e-07,,
2025-09-15 04:08:11,SGD_lr0.01_m0.9,SGD,2,openwebtext-3%,2,train_iter,10.94517707824707,8.995502248875562e-07,,22810.892820358276
2025-09-15 04:08:25,SGD_lr0.01_m0.9,SGD,2,openwebtext-3%,3,train_eval,10.946043968200684,1.1994002998500749e-06,,
2025-09-15 04:08:25,SGD_lr0.01_m0.9,SGD,2,openwebtext-3%,3,val_eval,10.945992469787598,1.1994002998500749e-06,,
2025-09-15 04:08:34,SGD_lr0.01_m0.9,SGD,2,openwebtext-3%,3,train_iter,10.94765305519104,1.1994002998500749e-06,,22668.431758880615
2025-09-15 04:08:47,SGD_lr0.01_m0.9,SGD,2,openwebtext-3%,4,train_eval,10.94622802734375,1.4992503748125936e-06,,
2025-09-15 04:08:47,SGD_lr0.01_m0.9,SGD,2,openwebtext-3%,4,val_eval,10.946432113647461,1.4992503748125936e-06,,
2025-09-15 04:08:58,SGD_lr0.01_m0.9,SGD,2,openwebtext-3%,4,train_iter,10.933157205581665,1.4992503748125936e-06,,23581.87198638916
2025-09-15 04:09:10,SGD_lr0.01_m0.9,SGD,2,openwebtext-3%,5,train_eval,10.945038795471191,1.7991004497751123e-06,,
2025-09-15 04:09:10,SGD_lr0.01_m0.9,SGD,2,openwebtext-3%,5,val_eval,10.945116996765137,1.7991004497751123e-06,,
2025-09-15 04:09:20,SGD_lr0.01_m0.9,SGD,2,openwebtext-3%,5,train_iter,10.939438343048096,1.7991004497751123e-06,6.092803227978323,22101.3503074646
2025-09-15 04:09:32,SGD_lr0.01_m0.9,SGD,2,openwebtext-3%,6,train_eval,10.945603370666504,2.0989505247376313e-06,6.092803227978323,
2025-09-15 04:09:32,SGD_lr0.01_m0.9,SGD,2,openwebtext-3%,6,val_eval,10.945342063903809,2.0989505247376313e-06,6.092803227978323,
2025-09-15 04:09:41,SGD_lr0.01_m0.9,SGD,2,openwebtext-3%,6,train_iter,10.978614091873169,2.0989505247376313e-06,6.100530740134583,21824.549198150635
2025-09-15 04:09:54,SGD_lr0.01_m0.9,SGD,2,openwebtext-3%,7,train_eval,10.945664405822754,2.3988005997001498e-06,6.100530740134583,
2025-09-15 04:09:54,SGD_lr0.01_m0.9,SGD,2,openwebtext-3%,7,val_eval,10.946000099182129,2.3988005997001498e-06,6.100530740134583,
2025-09-15 04:10:04,SGD_lr0.01_m0.9,SGD,2,openwebtext-3%,7,train_iter,10.936359167098999,2.3988005997001498e-06,6.096182667889801,22231.80890083313
2025-09-15 04:10:18,SGD_lr0.01_m0.9,SGD,2,openwebtext-3%,8,train_eval,10.944981575012207,2.6986506746626683e-06,6.096182667889801,
2025-09-15 04:10:18,SGD_lr0.01_m0.9,SGD,2,openwebtext-3%,8,val_eval,10.943957328796387,2.6986506746626683e-06,6.096182667889801,
2025-09-15 04:10:28,SGD_lr0.01_m0.9,SGD,2,openwebtext-3%,8,train_iter,10.936020612716675,2.6986506746626683e-06,6.036716321715602,24476.726055145264
2025-09-15 04:10:42,SGD_lr0.01_m0.9,SGD,2,openwebtext-3%,9,train_eval,10.944104194641113,2.9985007496251872e-06,6.036716321715602,
2025-09-15 04:10:42,SGD_lr0.01_m0.9,SGD,2,openwebtext-3%,9,val_eval,10.944169044494629,2.9985007496251872e-06,6.036716321715602,
2025-09-15 04:10:53,SGD_lr0.01_m0.9,SGD,2,openwebtext-3%,9,train_iter,10.945278406143188,2.9985007496251872e-06,5.983229134777499,24475.279092788696
2025-09-15 04:11:06,SGD_lr0.01_m0.9,SGD,2,openwebtext-3%,10,train_eval,10.94478988647461,3.2983508245877057e-06,5.983229134777499,
2025-09-15 04:11:06,SGD_lr0.01_m0.9,SGD,2,openwebtext-3%,10,val_eval,10.944537162780762,3.2983508245877057e-06,5.983229134777499,
2025-09-15 04:11:16,SGD_lr0.01_m0.9,SGD,2,openwebtext-3%,10,train_iter,10.945918560028076,3.2983508245877057e-06,5.964354501241213,23239.205837249756
2025-09-15 04:11:29,SGD_lr0.01_m0.9,SGD,2,openwebtext-3%,11,train_eval,10.94555950164795,3.5982008995502247e-06,5.964354501241213,
2025-09-15 04:11:29,SGD_lr0.01_m0.9,SGD,2,openwebtext-3%,11,val_eval,10.944650650024414,3.5982008995502247e-06,5.964354501241213,
2025-09-15 04:11:40,SGD_lr0.01_m0.9,SGD,2,openwebtext-3%,11,train_iter,10.945132970809937,3.5982008995502247e-06,5.932173052606694,23864.99309539795
2025-09-15 04:11:53,SGD_lr0.01_m0.9,SGD,2,openwebtext-3%,12,train_eval,10.94394302368164,3.898050974512743e-06,5.932173052606694,
2025-09-15 04:11:53,SGD_lr0.01_m0.9,SGD,2,openwebtext-3%,12,val_eval,10.943864822387695,3.898050974512743e-06,5.932173052606694,
2025-09-15 04:12:02,SGD_lr0.01_m0.9,SGD,2,openwebtext-3%,12,train_iter,10.961875915527344,3.898050974512743e-06,5.936171503951241,22547.82748222351
2025-09-15 04:12:15,SGD_lr0.01_m0.9,SGD,2,openwebtext-3%,13,train_eval,10.942898750305176,4.1979010494752625e-06,5.936171503951241,
2025-09-15 04:12:15,SGD_lr0.01_m0.9,SGD,2,openwebtext-3%,13,val_eval,10.943166732788086,4.1979010494752625e-06,5.936171503951241,
2025-09-15 04:12:24,SGD_lr0.01_m0.9,SGD,2,openwebtext-3%,13,train_iter,10.943125486373901,4.1979010494752625e-06,5.967931940031565,21532.45997428894
2025-09-15 04:12:37,SGD_lr0.01_m0.9,SGD,2,openwebtext-3%,14,train_eval,10.942971229553223,4.497751124437781e-06,5.967931940031565,
2025-09-15 04:12:37,SGD_lr0.01_m0.9,SGD,2,openwebtext-3%,14,val_eval,10.943429946899414,4.497751124437781e-06,5.967931940031565,
2025-09-15 04:12:46,SGD_lr0.01_m0.9,SGD,2,openwebtext-3%,14,train_iter,10.94927430152893,4.497751124437781e-06,5.982313715687773,22032.835960388184
2025-09-15 04:12:59,SGD_lr0.01_m0.9,SGD,2,openwebtext-3%,15,train_eval,10.942365646362305,4.7976011994002995e-06,5.982313715687773,
2025-09-15 04:12:59,SGD_lr0.01_m0.9,SGD,2,openwebtext-3%,15,val_eval,10.942010879516602,4.7976011994002995e-06,5.982313715687773,
2025-09-15 04:13:08,SGD_lr0.01_m0.9,SGD,2,openwebtext-3%,15,train_iter,10.952086448669434,4.7976011994002995e-06,5.994354357979834,22065.435647964478
2025-09-15 04:13:21,SGD_lr0.01_m0.9,SGD,2,openwebtext-3%,16,train_eval,10.94174575805664,5.097451274362818e-06,5.994354357979834,
2025-09-15 04:13:21,SGD_lr0.01_m0.9,SGD,2,openwebtext-3%,16,val_eval,10.942299842834473,5.097451274362818e-06,5.994354357979834,
2025-09-15 04:13:30,SGD_lr0.01_m0.9,SGD,2,openwebtext-3%,16,train_iter,10.946248769760132,5.097451274362818e-06,5.992302961509675,22541.475772857666
2025-09-15 04:13:44,SGD_lr0.01_m0.9,SGD,2,openwebtext-3%,17,train_eval,10.941997528076172,5.3973013493253366e-06,5.992302961509675,
2025-09-15 04:13:44,SGD_lr0.01_m0.9,SGD,2,openwebtext-3%,17,val_eval,10.940567970275879,5.3973013493253366e-06,5.992302961509675,
2025-09-15 04:13:56,SGD_lr0.01_m0.9,SGD,2,openwebtext-3%,17,train_iter,10.9443998336792,5.3973013493253366e-06,5.926673504124883,25235.93831062317
2025-09-15 04:14:09,SGD_lr0.01_m0.9,SGD,2,openwebtext-3%,18,train_eval,10.941021919250488,5.697151424287855e-06,5.926673504124883,
2025-09-15 04:14:09,SGD_lr0.01_m0.9,SGD,2,openwebtext-3%,18,val_eval,10.94015121459961,5.697151424287855e-06,5.926673504124883,
2025-09-15 04:14:19,SGD_lr0.01_m0.9,SGD,2,openwebtext-3%,18,train_iter,10.938987731933594,5.697151424287855e-06,5.917715242037734,23069.570302963257
2025-09-15 04:14:32,SGD_lr0.01_m0.9,SGD,2,openwebtext-3%,19,train_eval,10.940720558166504,5.9970014992503744e-06,5.917715242037734,
2025-09-15 04:14:32,SGD_lr0.01_m0.9,SGD,2,openwebtext-3%,19,val_eval,10.939024925231934,5.9970014992503744e-06,5.917715242037734,
2025-09-15 04:14:42,SGD_lr0.01_m0.9,SGD,2,openwebtext-3%,19,train_iter,10.92994213104248,5.9970014992503744e-06,5.906373464883184,23199.909925460815
2025-09-15 04:14:56,SGD_lr0.01_m0.9,SGD,2,openwebtext-3%,20,train_eval,10.938297271728516,6.296851574212893e-06,5.906373464883184,
2025-09-15 04:14:56,SGD_lr0.01_m0.9,SGD,2,openwebtext-3%,20,val_eval,10.938024520874023,6.296851574212893e-06,5.906373464883184,
2025-09-15 04:15:05,SGD_lr0.01_m0.9,SGD,2,openwebtext-3%,20,train_iter,10.952013731002808,6.296851574212893e-06,5.907012232528819,22774.330854415894
2025-09-15 04:15:18,SGD_lr0.01_m0.9,SGD,2,openwebtext-3%,21,train_eval,10.938501358032227,6.5967016491754115e-06,5.907012232528819,
2025-09-15 04:15:18,SGD_lr0.01_m0.9,SGD,2,openwebtext-3%,21,val_eval,10.93897819519043,6.5967016491754115e-06,5.907012232528819,
2025-09-15 04:15:27,SGD_lr0.01_m0.9,SGD,2,openwebtext-3%,21,train_iter,10.942405462265015,6.5967016491754115e-06,5.908997646429541,22720.130681991577
2025-09-15 04:15:41,SGD_lr0.01_m0.9,SGD,2,openwebtext-3%,22,train_eval,10.937786102294922,6.89655172413793e-06,5.908997646429541,
2025-09-15 04:15:41,SGD_lr0.01_m0.9,SGD,2,openwebtext-3%,22,val_eval,10.936718940734863,6.89655172413793e-06,5.908997646429541,
2025-09-15 04:15:50,SGD_lr0.01_m0.9,SGD,2,openwebtext-3%,22,train_iter,10.942802429199219,6.89655172413793e-06,5.918653823040729,22422.420501708984
2025-09-15 04:16:03,SGD_lr0.01_m0.9,SGD,2,openwebtext-3%,23,train_eval,10.935847282409668,7.196401799100449e-06,5.918653823040729,
2025-09-15 04:16:03,SGD_lr0.01_m0.9,SGD,2,openwebtext-3%,23,val_eval,10.937326431274414,7.196401799100449e-06,5.918653823040729,
2025-09-15 04:16:13,SGD_lr0.01_m0.9,SGD,2,openwebtext-3%,23,train_iter,10.940078496932983,7.196401799100449e-06,5.922264372058526,22613.706350326538
2025-09-15 04:16:26,SGD_lr0.01_m0.9,SGD,2,openwebtext-3%,24,train_eval,10.934802055358887,7.496251874062968e-06,5.922264372058526,
2025-09-15 04:16:26,SGD_lr0.01_m0.9,SGD,2,openwebtext-3%,24,val_eval,10.93438720703125,7.496251874062968e-06,5.922264372058526,
2025-09-15 04:16:36,SGD_lr0.01_m0.9,SGD,2,openwebtext-3%,24,train_iter,10.935004949569702,7.496251874062968e-06,5.896870147926821,23756.444215774536
2025-09-15 04:16:49,SGD_lr0.01_m0.9,SGD,2,openwebtext-3%,25,train_eval,10.93446159362793,7.796101949025486e-06,5.896870147926821,
2025-09-15 04:16:49,SGD_lr0.01_m0.9,SGD,2,openwebtext-3%,25,val_eval,10.934162139892578,7.796101949025486e-06,5.896870147926821,
2025-09-15 04:17:01,SGD_lr0.01_m0.9,SGD,2,openwebtext-3%,25,train_iter,10.931898355484009,7.796101949025486e-06,5.857837558993914,24454.389572143555
2025-09-15 04:17:13,SGD_lr0.01_m0.9,SGD,2,openwebtext-3%,26,train_eval,10.933964729309082,8.095952023988006e-06,5.857837558993914,
2025-09-15 04:17:13,SGD_lr0.01_m0.9,SGD,2,openwebtext-3%,26,val_eval,10.93271255493164,8.095952023988006e-06,5.857837558993914,
2025-09-15 04:17:23,SGD_lr0.01_m0.9,SGD,2,openwebtext-3%,26,train_iter,10.945653915405273,8.095952023988006e-06,5.877115115471402,22255.460023880005
2025-09-15 04:17:36,SGD_lr0.01_m0.9,SGD,2,openwebtext-3%,27,train_eval,10.932498931884766,8.395802098950525e-06,5.877115115471402,
2025-09-15 04:17:36,SGD_lr0.01_m0.9,SGD,2,openwebtext-3%,27,val_eval,10.932282447814941,8.395802098950525e-06,5.877115115471402,
2025-09-15 04:17:44,SGD_lr0.01_m0.9,SGD,2,openwebtext-3%,27,train_iter,10.948562622070312,8.395802098950525e-06,5.923460948780052,21237.6971244812
2025-09-15 04:17:57,SGD_lr0.01_m0.9,SGD,2,openwebtext-3%,28,train_eval,10.93069076538086,8.695652173913043e-06,5.923460948780052,
2025-09-15 04:17:57,SGD_lr0.01_m0.9,SGD,2,openwebtext-3%,28,val_eval,10.931339263916016,8.695652173913043e-06,5.923460948780052,
2025-09-15 04:18:06,SGD_lr0.01_m0.9,SGD,2,openwebtext-3%,28,train_iter,10.934412479400635,8.695652173913043e-06,5.9365399032103285,22242.08903312683
2025-09-15 04:18:20,SGD_lr0.01_m0.9,SGD,2,openwebtext-3%,29,train_eval,10.931554794311523,8.995502248875562e-06,5.9365399032103285,
2025-09-15 04:18:20,SGD_lr0.01_m0.9,SGD,2,openwebtext-3%,29,val_eval,10.930595397949219,8.995502248875562e-06,5.9365399032103285,
2025-09-15 04:18:30,SGD_lr0.01_m0.9,SGD,2,openwebtext-3%,29,train_iter,10.933998823165894,8.995502248875562e-06,5.920394935091039,23317.24238395691
2025-09-15 04:18:43,SGD_lr0.01_m0.9,SGD,2,openwebtext-3%,30,train_eval,10.928544998168945,9.29535232383808e-06,5.920394935091039,
2025-09-15 04:18:43,SGD_lr0.01_m0.9,SGD,2,openwebtext-3%,30,val_eval,10.928427696228027,9.29535232383808e-06,5.920394935091039,
2025-09-15 04:18:53,SGD_lr0.01_m0.9,SGD,2,openwebtext-3%,30,train_iter,10.929477214813232,9.29535232383808e-06,5.897098928001361,23676.610231399536
2025-09-15 04:19:07,SGD_lr0.01_m0.9,SGD,2,openwebtext-3%,31,train_eval,10.928030014038086,9.595202398800599e-06,5.897098928001361,
2025-09-15 04:19:07,SGD_lr0.01_m0.9,SGD,2,openwebtext-3%,31,val_eval,10.927846908569336,9.595202398800599e-06,5.897098928001361,
2025-09-15 04:19:17,SGD_lr0.01_m0.9,SGD,2,openwebtext-3%,31,train_iter,10.935187339782715,9.595202398800599e-06,5.876577196912149,23658.1130027771
2025-09-15 04:19:30,SGD_lr0.01_m0.9,SGD,2,openwebtext-3%,32,train_eval,10.925433158874512,9.895052473763117e-06,5.876577196912149,
2025-09-15 04:19:30,SGD_lr0.01_m0.9,SGD,2,openwebtext-3%,32,val_eval,10.92654800415039,9.895052473763117e-06,5.876577196912149,
2025-09-15 04:19:39,SGD_lr0.01_m0.9,SGD,2,openwebtext-3%,32,train_iter,10.92410922050476,9.895052473763117e-06,5.908517753082043,21733.304262161255
2025-09-15 04:19:52,SGD_lr0.01_m0.9,SGD,2,openwebtext-3%,33,train_eval,10.924947738647461,1.0194902548725636e-05,5.908517753082043,
2025-09-15 04:19:52,SGD_lr0.01_m0.9,SGD,2,openwebtext-3%,33,val_eval,10.924505233764648,1.0194902548725636e-05,5.908517753082043,
2025-09-15 04:20:00,SGD_lr0.01_m0.9,SGD,2,openwebtext-3%,33,train_iter,10.911647081375122,1.0194902548725636e-05,5.949070783816195,21326.916933059692
2025-09-15 04:20:13,SGD_lr0.01_m0.9,SGD,2,openwebtext-3%,34,train_eval,10.92281723022461,1.0494752623688155e-05,5.949070783816195,
2025-09-15 04:20:13,SGD_lr0.01_m0.9,SGD,2,openwebtext-3%,34,val_eval,10.92413330078125,1.0494752623688155e-05,5.949070783816195,
2025-09-15 04:20:22,SGD_lr0.01_m0.9,SGD,2,openwebtext-3%,34,train_iter,10.928523540496826,1.0494752623688155e-05,5.965035296456122,22043.77818107605
2025-09-15 04:20:35,SGD_lr0.01_m0.9,SGD,2,openwebtext-3%,35,train_eval,10.921653747558594,1.0794602698650673e-05,5.965035296456122,
2025-09-15 04:20:35,SGD_lr0.01_m0.9,SGD,2,openwebtext-3%,35,val_eval,10.922080039978027,1.0794602698650673e-05,5.965035296456122,
2025-09-15 04:20:44,SGD_lr0.01_m0.9,SGD,2,openwebtext-3%,35,train_iter,10.914565324783325,1.0794602698650673e-05,5.993807136597934,21535.979986190796
2025-09-15 04:20:57,SGD_lr0.01_m0.9,SGD,2,openwebtext-3%,36,train_eval,10.919978141784668,1.1094452773613192e-05,5.993807136597934,
2025-09-15 04:20:57,SGD_lr0.01_m0.9,SGD,2,openwebtext-3%,36,val_eval,10.919615745544434,1.1094452773613192e-05,5.993807136597934,
2025-09-15 04:21:06,SGD_lr0.01_m0.9,SGD,2,openwebtext-3%,36,train_iter,10.918048620223999,1.1094452773613192e-05,6.007084282927744,21979.507207870483
2025-09-15 04:21:19,SGD_lr0.01_m0.9,SGD,2,openwebtext-3%,37,train_eval,10.919459342956543,1.139430284857571e-05,6.007084282927744,
2025-09-15 04:21:19,SGD_lr0.01_m0.9,SGD,2,openwebtext-3%,37,val_eval,10.919088363647461,1.139430284857571e-05,6.007084282927744,
2025-09-15 04:21:28,SGD_lr0.01_m0.9,SGD,2,openwebtext-3%,37,train_iter,10.916434526443481,1.139430284857571e-05,6.007838443052538,22388.620853424072
2025-09-15 04:21:42,SGD_lr0.01_m0.9,SGD,2,openwebtext-3%,38,train_eval,10.916940689086914,1.169415292353823e-05,6.007838443052538,
2025-09-15 04:21:42,SGD_lr0.01_m0.9,SGD,2,openwebtext-3%,38,val_eval,10.916168212890625,1.169415292353823e-05,6.007838443052538,
2025-09-15 04:21:53,SGD_lr0.01_m0.9,SGD,2,openwebtext-3%,38,train_iter,10.90352177619934,1.169415292353823e-05,5.956200122658002,24521.583557128906
2025-09-15 04:22:05,SGD_lr0.01_m0.9,SGD,2,openwebtext-3%,39,train_eval,10.915440559387207,1.1994002998500749e-05,5.956200122658002,
2025-09-15 04:22:05,SGD_lr0.01_m0.9,SGD,2,openwebtext-3%,39,val_eval,10.915231704711914,1.1994002998500749e-05,5.956200122658002,
2025-09-15 04:22:15,SGD_lr0.01_m0.9,SGD,2,openwebtext-3%,39,train_iter,10.921939611434937,1.1994002998500749e-05,5.975255478771971,21907.365322113037
2025-09-15 04:22:27,SGD_lr0.01_m0.9,SGD,2,openwebtext-3%,40,train_eval,10.913381576538086,1.2293853073463267e-05,5.975255478771971,
2025-09-15 04:22:27,SGD_lr0.01_m0.9,SGD,2,openwebtext-3%,40,val_eval,10.914787292480469,1.2293853073463267e-05,5.975255478771971,
2025-09-15 04:22:35,SGD_lr0.01_m0.9,SGD,2,openwebtext-3%,40,train_iter,10.913635492324829,1.2293853073463267e-05,6.0243770956179565,20824.212312698364
2025-09-15 04:22:48,SGD_lr0.01_m0.9,SGD,2,openwebtext-3%,41,train_eval,10.911962509155273,1.2593703148425786e-05,6.0243770956179565,
2025-09-15 04:22:48,SGD_lr0.01_m0.9,SGD,2,openwebtext-3%,41,val_eval,10.91195297241211,1.2593703148425786e-05,6.0243770956179565,
2025-09-15 04:22:56,SGD_lr0.01_m0.9,SGD,2,openwebtext-3%,41,train_iter,10.906609296798706,1.2593703148425786e-05,6.068365527305644,20831.332445144653
2025-09-15 04:23:09,SGD_lr0.01_m0.9,SGD,2,openwebtext-3%,42,train_eval,10.910511016845703,1.2893553223388304e-05,6.068365527305644,
2025-09-15 04:23:09,SGD_lr0.01_m0.9,SGD,2,openwebtext-3%,42,val_eval,10.910665512084961,1.2893553223388304e-05,6.068365527305644,
2025-09-15 04:23:18,SGD_lr0.01_m0.9,SGD,2,openwebtext-3%,42,train_iter,10.905195474624634,1.2893553223388304e-05,6.081901067873876,21706.19535446167
2025-09-15 04:23:31,SGD_lr0.01_m0.9,SGD,2,openwebtext-3%,43,train_eval,10.90894889831543,1.3193403298350823e-05,6.081901067873876,
2025-09-15 04:23:31,SGD_lr0.01_m0.9,SGD,2,openwebtext-3%,43,val_eval,10.90876579284668,1.3193403298350823e-05,6.081901067873876,
2025-09-15 04:23:38,SGD_lr0.01_m0.9,SGD,2,openwebtext-3%,43,train_iter,10.908174514770508,1.3193403298350823e-05,6.132282326379103,20447.165727615356
2025-09-15 04:23:51,SGD_lr0.01_m0.9,SGD,2,openwebtext-3%,44,train_eval,10.905920028686523,1.3493253373313342e-05,6.132282326379103,
2025-09-15 04:23:51,SGD_lr0.01_m0.9,SGD,2,openwebtext-3%,44,val_eval,10.908198356628418,1.3493253373313342e-05,6.132282326379103,
2025-09-15 04:23:58,SGD_lr0.01_m0.9,SGD,2,openwebtext-3%,44,train_iter,10.909366607666016,1.3493253373313342e-05,6.190649383291246,20050.64368247986
2025-09-15 04:24:11,SGD_lr0.01_m0.9,SGD,2,openwebtext-3%,45,train_eval,10.905176162719727,1.379310344827586e-05,6.190649383291246,
2025-09-15 04:24:11,SGD_lr0.01_m0.9,SGD,2,openwebtext-3%,45,val_eval,10.903464317321777,1.379310344827586e-05,6.190649383291246,
2025-09-15 04:24:19,SGD_lr0.01_m0.9,SGD,2,openwebtext-3%,45,train_iter,10.897296667098999,1.379310344827586e-05,6.219659476290907,20778.331518173218
2025-09-15 04:24:32,SGD_lr0.01_m0.9,SGD,2,openwebtext-3%,46,train_eval,10.902814865112305,1.409295352323838e-05,6.219659476290907,
2025-09-15 04:24:32,SGD_lr0.01_m0.9,SGD,2,openwebtext-3%,46,val_eval,10.902653694152832,1.409295352323838e-05,6.219659476290907,
2025-09-15 04:24:39,SGD_lr0.01_m0.9,SGD,2,openwebtext-3%,46,train_iter,10.906283855438232,1.409295352323838e-05,6.281703802451914,19686.718702316284
2025-09-15 04:24:52,SGD_lr0.01_m0.9,SGD,2,openwebtext-3%,47,train_eval,10.901044845581055,1.4392803598200899e-05,6.281703802451914,
2025-09-15 04:24:52,SGD_lr0.01_m0.9,SGD,2,openwebtext-3%,47,val_eval,10.90070915222168,1.4392803598200899e-05,6.281703802451914,
2025-09-15 04:24:59,SGD_lr0.01_m0.9,SGD,2,openwebtext-3%,47,train_iter,10.909274816513062,1.4392803598200899e-05,6.336418258721703,19719.16365623474
2025-09-15 04:25:11,SGD_lr0.01_m0.9,SGD,2,openwebtext-3%,48,train_eval,10.899327278137207,1.4692653673163418e-05,6.336418258721703,
2025-09-15 04:25:11,SGD_lr0.01_m0.9,SGD,2,openwebtext-3%,48,val_eval,10.89834976196289,1.4692653673163418e-05,6.336418258721703,
2025-09-15 04:25:18,SGD_lr0.01_m0.9,SGD,2,openwebtext-3%,48,train_iter,10.898853540420532,1.4692653673163418e-05,6.385799148701918,19715.18301963806
2025-09-15 04:25:31,SGD_lr0.01_m0.9,SGD,2,openwebtext-3%,49,train_eval,10.896886825561523,1.4992503748125936e-05,6.385799148701918,
2025-09-15 04:25:31,SGD_lr0.01_m0.9,SGD,2,openwebtext-3%,49,val_eval,10.897071838378906,1.4992503748125936e-05,6.385799148701918,
2025-09-15 04:25:38,SGD_lr0.01_m0.9,SGD,2,openwebtext-3%,49,train_iter,10.897489786148071,1.4992503748125936e-05,6.430985032528771,19693.7575340271
2025-09-15 04:25:51,SGD_lr0.01_m0.9,SGD,2,openwebtext-3%,50,train_eval,10.894505500793457,1.5292353823088455e-05,6.430985032528771,
2025-09-15 04:25:51,SGD_lr0.01_m0.9,SGD,2,openwebtext-3%,50,val_eval,10.894696235656738,1.5292353823088455e-05,6.430985032528771,
2025-09-15 04:25:58,SGD_lr0.01_m0.9,SGD,2,openwebtext-3%,50,train_iter,10.890837907791138,1.5292353823088455e-05,6.470860994241264,19716.575860977173
2025-09-15 04:26:10,SGD_lr0.01_m0.9,SGD,2,openwebtext-3%,51,train_eval,10.891892433166504,1.5592203898050973e-05,6.470860994241264,
2025-09-15 04:26:10,SGD_lr0.01_m0.9,SGD,2,openwebtext-3%,51,val_eval,10.892114639282227,1.5592203898050973e-05,6.470860994241264,
2025-09-15 04:26:18,SGD_lr0.01_m0.9,SGD,2,openwebtext-3%,51,train_iter,10.897494554519653,1.5592203898050973e-05,6.474703106944947,20687.254905700684
2025-09-15 04:26:31,SGD_lr0.01_m0.9,SGD,2,openwebtext-3%,52,train_eval,10.889006614685059,1.589205397301349e-05,6.474703106944947,
2025-09-15 04:26:31,SGD_lr0.01_m0.9,SGD,2,openwebtext-3%,52,val_eval,10.890277862548828,1.589205397301349e-05,6.474703106944947,
2025-09-15 04:26:38,SGD_lr0.01_m0.9,SGD,2,openwebtext-3%,52,train_iter,10.89647650718689,1.589205397301349e-05,6.503580514821884,19909.75570678711
2025-09-15 04:26:51,SGD_lr0.01_m0.9,SGD,2,openwebtext-3%,53,train_eval,10.888078689575195,1.619190404797601e-05,6.503580514821884,
2025-09-15 04:26:51,SGD_lr0.01_m0.9,SGD,2,openwebtext-3%,53,val_eval,10.88739013671875,1.619190404797601e-05,6.503580514821884,
2025-09-15 04:26:58,SGD_lr0.01_m0.9,SGD,2,openwebtext-3%,53,train_iter,10.873451232910156,1.619190404797601e-05,6.5258915230913015,20018.63718032837
2025-09-15 04:27:11,SGD_lr0.01_m0.9,SGD,2,openwebtext-3%,54,train_eval,10.885993957519531,1.649175412293853e-05,6.5258915230913015,
2025-09-15 04:27:11,SGD_lr0.01_m0.9,SGD,2,openwebtext-3%,54,val_eval,10.886099815368652,1.649175412293853e-05,6.5258915230913015,
2025-09-15 04:27:18,SGD_lr0.01_m0.9,SGD,2,openwebtext-3%,54,train_iter,10.884569883346558,1.649175412293853e-05,6.55690813766683,19698.367834091187
2025-09-15 04:27:31,SGD_lr0.01_m0.9,SGD,2,openwebtext-3%,55,train_eval,10.882030487060547,1.679160419790105e-05,6.55690813766683,
2025-09-15 04:27:31,SGD_lr0.01_m0.9,SGD,2,openwebtext-3%,55,val_eval,10.883201599121094,1.679160419790105e-05,6.55690813766683,
2025-09-15 04:27:38,SGD_lr0.01_m0.9,SGD,2,openwebtext-3%,55,train_iter,10.899771451950073,1.679160419790105e-05,6.584832763228856,19698.089122772217
2025-09-15 04:27:50,SGD_lr0.01_m0.9,SGD,2,openwebtext-3%,56,train_eval,10.881119728088379,1.7091454272863564e-05,6.584832763228856,
2025-09-15 04:27:50,SGD_lr0.01_m0.9,SGD,2,openwebtext-3%,56,val_eval,10.88220500946045,1.7091454272863564e-05,6.584832763228856,
2025-09-15 04:27:57,SGD_lr0.01_m0.9,SGD,2,openwebtext-3%,56,train_iter,10.882899761199951,1.7091454272863564e-05,6.60975596639796,19704.11205291748
2025-09-15 04:28:10,SGD_lr0.01_m0.9,SGD,2,openwebtext-3%,57,train_eval,10.878600120544434,1.7391304347826085e-05,6.60975596639796,
2025-09-15 04:28:10,SGD_lr0.01_m0.9,SGD,2,openwebtext-3%,57,val_eval,10.878551483154297,1.7391304347826085e-05,6.60975596639796,
2025-09-15 04:28:17,SGD_lr0.01_m0.9,SGD,2,openwebtext-3%,57,train_iter,10.895746946334839,1.7391304347826085e-05,6.632176033337048,19704.423904418945
2025-09-15 04:28:30,SGD_lr0.01_m0.9,SGD,2,openwebtext-3%,58,train_eval,10.876049995422363,1.7691154422788603e-05,6.632176033337048,
2025-09-15 04:28:30,SGD_lr0.01_m0.9,SGD,2,openwebtext-3%,58,val_eval,10.876245498657227,1.7691154422788603e-05,6.632176033337048,
2025-09-15 04:28:37,SGD_lr0.01_m0.9,SGD,2,openwebtext-3%,58,train_iter,10.869749784469604,1.7691154422788603e-05,6.651880456083961,19718.089818954468
2025-09-15 04:28:50,SGD_lr0.01_m0.9,SGD,2,openwebtext-3%,59,train_eval,10.872295379638672,1.7991004497751124e-05,6.651880456083961,
2025-09-15 04:28:50,SGD_lr0.01_m0.9,SGD,2,openwebtext-3%,59,val_eval,10.873442649841309,1.7991004497751124e-05,6.651880456083961,
2025-09-15 04:28:57,SGD_lr0.01_m0.9,SGD,2,openwebtext-3%,59,train_iter,10.8808434009552,1.7991004497751124e-05,6.670462132908045,19693.644523620605
2025-09-15 04:29:09,SGD_lr0.01_m0.9,SGD,2,openwebtext-3%,60,train_eval,10.87118148803711,1.829085457271364e-05,6.670462132908045,
2025-09-15 04:29:09,SGD_lr0.01_m0.9,SGD,2,openwebtext-3%,60,val_eval,10.871689796447754,1.829085457271364e-05,6.670462132908045,
2025-09-15 04:29:16,SGD_lr0.01_m0.9,SGD,2,openwebtext-3%,60,train_iter,10.854142904281616,1.829085457271364e-05,6.687332723546195,19689.409255981445
2025-09-15 04:29:29,SGD_lr0.01_m0.9,SGD,2,openwebtext-3%,61,train_eval,10.867487907409668,1.859070464767616e-05,6.687332723546195,
2025-09-15 04:29:29,SGD_lr0.01_m0.9,SGD,2,openwebtext-3%,61,val_eval,10.867680549621582,1.859070464767616e-05,6.687332723546195,
2025-09-15 04:29:36,SGD_lr0.01_m0.9,SGD,2,openwebtext-3%,61,train_iter,10.867313146591187,1.859070464767616e-05,6.702588154657672,19687.339544296265
2025-09-15 04:29:49,SGD_lr0.01_m0.9,SGD,2,openwebtext-3%,62,train_eval,10.8659029006958,1.8890554722638677e-05,6.702588154657672,
2025-09-15 04:29:49,SGD_lr0.01_m0.9,SGD,2,openwebtext-3%,62,val_eval,10.865344047546387,1.8890554722638677e-05,6.702588154657672,
2025-09-15 04:29:56,SGD_lr0.01_m0.9,SGD,2,openwebtext-3%,62,train_iter,10.864832401275635,1.8890554722638677e-05,6.704328586624375,20038.590669631958
2025-09-15 04:30:09,SGD_lr0.01_m0.9,SGD,2,openwebtext-3%,63,train_eval,10.86302375793457,1.9190404797601198e-05,6.704328586624375,
2025-09-15 04:30:09,SGD_lr0.01_m0.9,SGD,2,openwebtext-3%,63,val_eval,10.862842559814453,1.9190404797601198e-05,6.704328586624375,
2025-09-15 04:30:16,SGD_lr0.01_m0.9,SGD,2,openwebtext-3%,63,train_iter,10.881162881851196,1.9190404797601198e-05,6.706148750128607,20031.026124954224
2025-09-15 04:30:29,SGD_lr0.01_m0.9,SGD,2,openwebtext-3%,64,train_eval,10.861564636230469,1.949025487256372e-05,6.706148750128607,
2025-09-15 04:30:29,SGD_lr0.01_m0.9,SGD,2,openwebtext-3%,64,val_eval,10.860212326049805,1.949025487256372e-05,6.706148750128607,
2025-09-15 04:30:36,SGD_lr0.01_m0.9,SGD,2,openwebtext-3%,64,train_iter,10.86404800415039,1.949025487256372e-05,6.707704156287559,20033.491849899292
2025-09-15 04:30:49,SGD_lr0.01_m0.9,SGD,2,openwebtext-3%,65,train_eval,10.857867240905762,1.9790104947526234e-05,6.707704156287559,
2025-09-15 04:30:49,SGD_lr0.01_m0.9,SGD,2,openwebtext-3%,65,val_eval,10.857601165771484,1.9790104947526234e-05,6.707704156287559,
2025-09-15 04:30:56,SGD_lr0.01_m0.9,SGD,2,openwebtext-3%,65,train_iter,10.864671468734741,1.9790104947526234e-05,6.7124770854111,19933.462381362915
2025-09-15 04:31:09,SGD_lr0.01_m0.9,SGD,2,openwebtext-3%,66,train_eval,10.855853080749512,2.0089955022488755e-05,6.7124770854111,
2025-09-15 04:31:09,SGD_lr0.01_m0.9,SGD,2,openwebtext-3%,66,val_eval,10.855694770812988,2.0089955022488755e-05,6.7124770854111,
2025-09-15 04:31:16,SGD_lr0.01_m0.9,SGD,2,openwebtext-3%,66,train_iter,10.860384702682495,2.0089955022488755e-05,6.713384555328417,20033.941984176636
2025-09-15 04:31:29,SGD_lr0.01_m0.9,SGD,2,openwebtext-3%,67,train_eval,10.85241413116455,2.0389805097451272e-05,6.713384555328417,
2025-09-15 04:31:29,SGD_lr0.01_m0.9,SGD,2,openwebtext-3%,67,val_eval,10.853150367736816,2.0389805097451272e-05,6.713384555328417,
2025-09-15 04:31:36,SGD_lr0.01_m0.9,SGD,2,openwebtext-3%,67,train_iter,10.875431299209595,2.0389805097451272e-05,6.710016603587765,20159.449815750122
2025-09-15 04:31:49,SGD_lr0.01_m0.9,SGD,2,openwebtext-3%,68,train_eval,10.848389625549316,2.0689655172413793e-05,6.710016603587765,
2025-09-15 04:31:49,SGD_lr0.01_m0.9,SGD,2,openwebtext-3%,68,val_eval,10.849215507507324,2.0689655172413793e-05,6.710016603587765,
2025-09-15 04:31:56,SGD_lr0.01_m0.9,SGD,2,openwebtext-3%,68,train_iter,10.843631029129028,2.0689655172413793e-05,6.705937921511998,20191.11394882202
2025-09-15 04:32:09,SGD_lr0.01_m0.9,SGD,2,openwebtext-3%,69,train_eval,10.846732139587402,2.098950524737631e-05,6.705937921511998,
2025-09-15 04:32:09,SGD_lr0.01_m0.9,SGD,2,openwebtext-3%,69,val_eval,10.846692085266113,2.098950524737631e-05,6.705937921511998,
2025-09-15 04:32:17,SGD_lr0.01_m0.9,SGD,2,openwebtext-3%,69,train_iter,10.83507776260376,2.098950524737631e-05,6.689793617170281,20575.946807861328
2025-09-15 04:32:30,SGD_lr0.01_m0.9,SGD,2,openwebtext-3%,70,train_eval,10.843989372253418,2.128935532233883e-05,6.689793617170281,
2025-09-15 04:32:30,SGD_lr0.01_m0.9,SGD,2,openwebtext-3%,70,val_eval,10.843356132507324,2.128935532233883e-05,6.689793617170281,
2025-09-15 04:32:38,SGD_lr0.01_m0.9,SGD,2,openwebtext-3%,70,train_iter,10.827791690826416,2.128935532233883e-05,6.67061284720096,20723.217964172363
2025-09-15 04:32:50,SGD_lr0.01_m0.9,SGD,2,openwebtext-3%,71,train_eval,10.840753555297852,2.1589205397301346e-05,6.67061284720096,
2025-09-15 04:32:50,SGD_lr0.01_m0.9,SGD,2,openwebtext-3%,71,val_eval,10.840280532836914,2.1589205397301346e-05,6.67061284720096,
2025-09-15 04:32:57,SGD_lr0.01_m0.9,SGD,2,openwebtext-3%,71,train_iter,10.847126245498657,2.1589205397301346e-05,6.687212057989441,19696.79093360901
2025-09-15 04:33:10,SGD_lr0.01_m0.9,SGD,2,openwebtext-3%,72,train_eval,10.838619232177734,2.1889055472263867e-05,6.687212057989441,
2025-09-15 04:33:10,SGD_lr0.01_m0.9,SGD,2,openwebtext-3%,72,val_eval,10.838879585266113,2.1889055472263867e-05,6.687212057989441,
2025-09-15 04:33:17,SGD_lr0.01_m0.9,SGD,2,openwebtext-3%,72,train_iter,10.83254098892212,2.1889055472263867e-05,6.694871382369229,19908.78987312317
2025-09-15 04:33:30,SGD_lr0.01_m0.9,SGD,2,openwebtext-3%,73,train_eval,10.83545207977295,2.2188905547226385e-05,6.694871382369229,
2025-09-15 04:33:30,SGD_lr0.01_m0.9,SGD,2,openwebtext-3%,73,val_eval,10.83446979522705,2.2188905547226385e-05,6.694871382369229,
2025-09-15 04:33:38,SGD_lr0.01_m0.9,SGD,2,openwebtext-3%,73,train_iter,10.835093259811401,2.2188905547226385e-05,6.6892617056176285,20283.740043640137
2025-09-15 04:33:50,SGD_lr0.01_m0.9,SGD,2,openwebtext-3%,74,train_eval,10.833346366882324,2.2488755622188906e-05,6.6892617056176285,
2025-09-15 04:33:50,SGD_lr0.01_m0.9,SGD,2,openwebtext-3%,74,val_eval,10.829972267150879,2.2488755622188906e-05,6.6892617056176285,
2025-09-15 04:33:58,SGD_lr0.01_m0.9,SGD,2,openwebtext-3%,74,train_iter,10.837873220443726,2.2488755622188906e-05,6.676663199295913,20517.06576347351
2025-09-15 04:34:11,SGD_lr0.01_m0.9,SGD,2,openwebtext-3%,75,train_eval,10.8284912109375,2.278860569715142e-05,6.676663199295913,
2025-09-15 04:34:11,SGD_lr0.01_m0.9,SGD,2,openwebtext-3%,75,val_eval,10.828988075256348,2.278860569715142e-05,6.676663199295913,
2025-09-15 04:34:18,SGD_lr0.01_m0.9,SGD,2,openwebtext-3%,75,train_iter,10.80159306526184,2.278860569715142e-05,6.685551378004306,19903.6705493927
2025-09-15 04:34:31,SGD_lr0.01_m0.9,SGD,2,openwebtext-3%,76,train_eval,10.82680892944336,2.308845577211394e-05,6.685551378004306,
2025-09-15 04:34:31,SGD_lr0.01_m0.9,SGD,2,openwebtext-3%,76,val_eval,10.827191352844238,2.308845577211394e-05,6.685551378004306,
2025-09-15 04:34:38,SGD_lr0.01_m0.9,SGD,2,openwebtext-3%,76,train_iter,10.812424421310425,2.308845577211394e-05,6.691616658854742,19960.73269844055
2025-09-15 04:34:51,SGD_lr0.01_m0.9,SGD,2,openwebtext-3%,77,train_eval,10.822392463684082,2.338830584707646e-05,6.691616658854742,
2025-09-15 04:34:51,SGD_lr0.01_m0.9,SGD,2,openwebtext-3%,77,val_eval,10.821903228759766,2.338830584707646e-05,6.691616658854742,
2025-09-15 04:34:58,SGD_lr0.01_m0.9,SGD,2,openwebtext-3%,77,train_iter,10.828742980957031,2.338830584707646e-05,6.699884204300338,19877.970457077026
2025-09-15 04:35:11,SGD_lr0.01_m0.9,SGD,2,openwebtext-3%,78,train_eval,10.817292213439941,2.368815592203898e-05,6.699884204300338,
2025-09-15 04:35:11,SGD_lr0.01_m0.9,SGD,2,openwebtext-3%,78,val_eval,10.818415641784668,2.368815592203898e-05,6.699884204300338,
2025-09-15 04:35:18,SGD_lr0.01_m0.9,SGD,2,openwebtext-3%,78,train_iter,10.802334547042847,2.368815592203898e-05,6.696486048188309,20201.191902160645
2025-09-15 04:35:31,SGD_lr0.01_m0.9,SGD,2,openwebtext-3%,79,train_eval,10.815176010131836,2.3988005997001498e-05,6.696486048188309,
2025-09-15 04:35:31,SGD_lr0.01_m0.9,SGD,2,openwebtext-3%,79,val_eval,10.816776275634766,2.3988005997001498e-05,6.696486048188309,
2025-09-15 04:35:38,SGD_lr0.01_m0.9,SGD,2,openwebtext-3%,79,train_iter,10.808337926864624,2.3988005997001498e-05,6.698707141877794,20042.454481124878
2025-09-15 04:35:51,SGD_lr0.01_m0.9,SGD,2,openwebtext-3%,80,train_eval,10.811083793640137,2.4287856071964015e-05,6.698707141877794,
2025-09-15 04:35:51,SGD_lr0.01_m0.9,SGD,2,openwebtext-3%,80,val_eval,10.813088417053223,2.4287856071964015e-05,6.698707141877794,
2025-09-15 04:35:58,SGD_lr0.01_m0.9,SGD,2,openwebtext-3%,80,train_iter,10.818530321121216,2.4287856071964015e-05,6.707937313302846,19829.038858413696
2025-09-15 04:36:11,SGD_lr0.01_m0.9,SGD,2,openwebtext-3%,81,train_eval,10.809762954711914,2.4587706146926533e-05,6.707937313302846,
2025-09-15 04:36:11,SGD_lr0.01_m0.9,SGD,2,openwebtext-3%,81,val_eval,10.808422088623047,2.4587706146926533e-05,6.707937313302846,
2025-09-15 04:36:18,SGD_lr0.01_m0.9,SGD,2,openwebtext-3%,81,train_iter,10.806506872177124,2.4587706146926533e-05,6.7143148202170835,19885.54310798645
2025-09-15 04:36:30,SGD_lr0.01_m0.9,SGD,2,openwebtext-3%,82,train_eval,10.80487060546875,2.4887556221889054e-05,6.7143148202170835,
2025-09-15 04:36:30,SGD_lr0.01_m0.9,SGD,2,openwebtext-3%,82,val_eval,10.805450439453125,2.4887556221889054e-05,6.7143148202170835,
2025-09-15 04:36:38,SGD_lr0.01_m0.9,SGD,2,openwebtext-3%,82,train_iter,10.807729959487915,2.4887556221889054e-05,6.714933176508199,20037.082195281982
2025-09-15 04:36:51,SGD_lr0.01_m0.9,SGD,2,openwebtext-3%,83,train_eval,10.803003311157227,2.5187406296851572e-05,6.714933176508199,
2025-09-15 04:36:51,SGD_lr0.01_m0.9,SGD,2,openwebtext-3%,83,val_eval,10.803150177001953,2.5187406296851572e-05,6.714933176508199,
2025-09-15 04:36:58,SGD_lr0.01_m0.9,SGD,2,openwebtext-3%,83,train_iter,10.807547569274902,2.5187406296851572e-05,6.725959925657262,19729.702472686768
2025-09-15 04:37:10,SGD_lr0.01_m0.9,SGD,2,openwebtext-3%,84,train_eval,10.799665451049805,2.5487256371814093e-05,6.725959925657262,
2025-09-15 04:37:10,SGD_lr0.01_m0.9,SGD,2,openwebtext-3%,84,val_eval,10.797861099243164,2.5487256371814093e-05,6.725959925657262,
2025-09-15 04:37:18,SGD_lr0.01_m0.9,SGD,2,openwebtext-3%,84,train_iter,10.784149169921875,2.5487256371814093e-05,6.719216697956288,20223.56677055359
2025-09-15 04:37:30,SGD_lr0.01_m0.9,SGD,2,openwebtext-3%,85,train_eval,10.798226356506348,2.5787106446776607e-05,6.719216697956288,
2025-09-15 04:37:30,SGD_lr0.01_m0.9,SGD,2,openwebtext-3%,85,val_eval,10.794811248779297,2.5787106446776607e-05,6.719216697956288,
2025-09-15 04:37:37,SGD_lr0.01_m0.9,SGD,2,openwebtext-3%,85,train_iter,10.797690153121948,2.5787106446776607e-05,6.730880127215643,19698.963403701782
2025-09-15 04:37:50,SGD_lr0.01_m0.9,SGD,2,openwebtext-3%,86,train_eval,10.79166030883789,2.6086956521739128e-05,6.730880127215643,
2025-09-15 04:37:50,SGD_lr0.01_m0.9,SGD,2,openwebtext-3%,86,val_eval,10.793103218078613,2.6086956521739128e-05,6.730880127215643,
2025-09-15 04:37:57,SGD_lr0.01_m0.9,SGD,2,openwebtext-3%,86,train_iter,10.74337363243103,2.6086956521739128e-05,6.740191463977021,19733.192682266235
2025-09-15 04:38:10,SGD_lr0.01_m0.9,SGD,2,openwebtext-3%,87,train_eval,10.790124893188477,2.6386806596701646e-05,6.740191463977021,
2025-09-15 04:38:10,SGD_lr0.01_m0.9,SGD,2,openwebtext-3%,87,val_eval,10.787287712097168,2.6386806596701646e-05,6.740191463977021,
2025-09-15 04:38:17,SGD_lr0.01_m0.9,SGD,2,openwebtext-3%,87,train_iter,10.787705183029175,2.6386806596701646e-05,6.749171477028858,19715.86298942566
2025-09-15 04:38:30,SGD_lr0.01_m0.9,SGD,2,openwebtext-3%,88,train_eval,10.782578468322754,2.6686656671664167e-05,6.749171477028858,
2025-09-15 04:38:30,SGD_lr0.01_m0.9,SGD,2,openwebtext-3%,88,val_eval,10.784409523010254,2.6686656671664167e-05,6.749171477028858,
2025-09-15 04:38:37,SGD_lr0.01_m0.9,SGD,2,openwebtext-3%,88,train_iter,10.785614252090454,2.6686656671664167e-05,6.75626970272045,19744.30251121521
2025-09-15 04:38:49,SGD_lr0.01_m0.9,SGD,2,openwebtext-3%,89,train_eval,10.781842231750488,2.6986506746626685e-05,6.75626970272045,
2025-09-15 04:38:49,SGD_lr0.01_m0.9,SGD,2,openwebtext-3%,89,val_eval,10.779898643493652,2.6986506746626685e-05,6.75626970272045,
2025-09-15 04:38:57,SGD_lr0.01_m0.9,SGD,2,openwebtext-3%,89,train_iter,10.792455673217773,2.6986506746626685e-05,6.756363972592704,19928.21455001831
2025-09-15 04:39:09,SGD_lr0.01_m0.9,SGD,2,openwebtext-3%,90,train_eval,10.777515411376953,2.7286356821589202e-05,6.756363972592704,
2025-09-15 04:39:09,SGD_lr0.01_m0.9,SGD,2,openwebtext-3%,90,val_eval,10.77729606628418,2.7286356821589202e-05,6.756363972592704,
2025-09-15 04:39:16,SGD_lr0.01_m0.9,SGD,2,openwebtext-3%,90,train_iter,10.78358769416809,2.7286356821589202e-05,6.7615178344788776,19779.83331680298
2025-09-15 04:39:29,SGD_lr0.01_m0.9,SGD,2,openwebtext-3%,91,train_eval,10.771648406982422,2.758620689655172e-05,6.7615178344788776,
2025-09-15 04:39:29,SGD_lr0.01_m0.9,SGD,2,openwebtext-3%,91,val_eval,10.773848533630371,2.758620689655172e-05,6.7615178344788776,
2025-09-15 04:39:36,SGD_lr0.01_m0.9,SGD,2,openwebtext-3%,91,train_iter,10.777084827423096,2.758620689655172e-05,6.768117949808662,19723.003149032593
2025-09-15 04:39:49,SGD_lr0.01_m0.9,SGD,2,openwebtext-3%,92,train_eval,10.769875526428223,2.788605697151424e-05,6.768117949808662,
2025-09-15 04:39:49,SGD_lr0.01_m0.9,SGD,2,openwebtext-3%,92,val_eval,10.770626068115234,2.788605697151424e-05,6.768117949808662,
2025-09-15 04:39:56,SGD_lr0.01_m0.9,SGD,2,openwebtext-3%,92,train_iter,10.77638864517212,2.788605697151424e-05,6.766971092922002,19929.875135421753
2025-09-15 04:40:09,SGD_lr0.01_m0.9,SGD,2,openwebtext-3%,93,train_eval,10.768022537231445,2.818590704647676e-05,6.766971092922002,
2025-09-15 04:40:09,SGD_lr0.01_m0.9,SGD,2,openwebtext-3%,93,val_eval,10.765629768371582,2.818590704647676e-05,6.766971092922002,
2025-09-15 04:40:16,SGD_lr0.01_m0.9,SGD,2,openwebtext-3%,93,train_iter,10.774596929550171,2.818590704647676e-05,6.773352111340572,19713.58370780945
2025-09-15 04:40:28,SGD_lr0.01_m0.9,SGD,2,openwebtext-3%,94,train_eval,10.762709617614746,2.8485757121439276e-05,6.773352111340572,
2025-09-15 04:40:28,SGD_lr0.01_m0.9,SGD,2,openwebtext-3%,94,val_eval,10.762617111206055,2.8485757121439276e-05,6.773352111340572,
2025-09-15 04:40:36,SGD_lr0.01_m0.9,SGD,2,openwebtext-3%,94,train_iter,10.768499374389648,2.8485757121439276e-05,6.7683371814385715,20029.022216796875
2025-09-15 04:40:48,SGD_lr0.01_m0.9,SGD,2,openwebtext-3%,95,train_eval,10.758186340332031,2.8785607196401797e-05,6.7683371814385715,
2025-09-15 04:40:48,SGD_lr0.01_m0.9,SGD,2,openwebtext-3%,95,val_eval,10.759864807128906,2.8785607196401797e-05,6.7683371814385715,
2025-09-15 04:40:55,SGD_lr0.01_m0.9,SGD,2,openwebtext-3%,95,train_iter,10.77002763748169,2.8785607196401797e-05,6.775252507982565,19694.2400932312
2025-09-15 04:41:08,SGD_lr0.01_m0.9,SGD,2,openwebtext-3%,96,train_eval,10.754912376403809,2.9085457271364315e-05,6.775252507982565,
2025-09-15 04:41:08,SGD_lr0.01_m0.9,SGD,2,openwebtext-3%,96,val_eval,10.754607200622559,2.9085457271364315e-05,6.775252507982565,
2025-09-15 04:41:16,SGD_lr0.01_m0.9,SGD,2,openwebtext-3%,96,train_iter,10.756663084030151,2.9085457271364315e-05,6.763291743959752,20232.32626914978
2025-09-15 04:41:28,SGD_lr0.01_m0.9,SGD,2,openwebtext-3%,97,train_eval,10.752416610717773,2.9385307346326836e-05,6.763291743959752,
2025-09-15 04:41:28,SGD_lr0.01_m0.9,SGD,2,openwebtext-3%,97,val_eval,10.7523832321167,2.9385307346326836e-05,6.763291743959752,
2025-09-15 04:41:35,SGD_lr0.01_m0.9,SGD,2,openwebtext-3%,97,train_iter,10.750625133514404,2.9385307346326836e-05,6.770032353530708,19713.82451057434
2025-09-15 04:41:48,SGD_lr0.01_m0.9,SGD,2,openwebtext-3%,98,train_eval,10.749293327331543,2.9685157421289354e-05,6.770032353530708,
2025-09-15 04:41:48,SGD_lr0.01_m0.9,SGD,2,openwebtext-3%,98,val_eval,10.747281074523926,2.9685157421289354e-05,6.770032353530708,
2025-09-15 04:41:55,SGD_lr0.01_m0.9,SGD,2,openwebtext-3%,98,train_iter,10.763411521911621,2.9685157421289354e-05,6.776964464959451,19688.875436782837
2025-09-15 04:42:08,SGD_lr0.01_m0.9,SGD,2,openwebtext-3%,99,train_eval,10.743188858032227,2.998500749625187e-05,6.776964464959451,
2025-09-15 04:42:08,SGD_lr0.01_m0.9,SGD,2,openwebtext-3%,99,val_eval,10.743821144104004,2.998500749625187e-05,6.776964464959451,
2025-09-15 04:42:15,SGD_lr0.01_m0.9,SGD,2,openwebtext-3%,99,train_iter,10.744154453277588,2.998500749625187e-05,6.782816368603963,19700.02245903015
2025-09-15 04:42:27,SGD_lr0.01_m0.9,SGD,2,openwebtext-3%,100,train_eval,10.740936279296875,3.028485757121439e-05,6.782816368603963,
2025-09-15 04:42:27,SGD_lr0.01_m0.9,SGD,2,openwebtext-3%,100,val_eval,10.740741729736328,3.028485757121439e-05,6.782816368603963,
2025-09-15 04:43:11,SGD_lr0.01_m0.9,SGD,2,openwebtext-3%,100,train_iter,10.752360820770264,3.028485757121439e-05,6.341766259667045,56762.76659965515
2025-09-15 04:43:24,SGD_lr0.01_m0.9,SGD,2,openwebtext-3%,101,train_eval,10.736791610717773,3.058470764617691e-05,6.341766259667045,
2025-09-15 04:43:24,SGD_lr0.01_m0.9,SGD,2,openwebtext-3%,101,val_eval,10.73645305633545,3.058470764617691e-05,6.341766259667045,
2025-09-15 04:43:31,SGD_lr0.01_m0.9,SGD,2,openwebtext-3%,101,train_iter,10.720995664596558,3.058470764617691e-05,6.400978764494841,19420.43399810791
2025-09-15 04:43:44,SGD_lr0.01_m0.9,SGD,2,openwebtext-3%,102,train_eval,10.731978416442871,3.0884557721139424e-05,6.400978764494841,
2025-09-15 04:43:44,SGD_lr0.01_m0.9,SGD,2,openwebtext-3%,102,val_eval,10.733231544494629,3.0884557721139424e-05,6.400978764494841,
2025-09-15 04:43:51,SGD_lr0.01_m0.9,SGD,2,openwebtext-3%,102,train_iter,10.7518470287323,3.0884557721139424e-05,6.436867791842936,19920.382738113403
2025-09-15 04:44:04,SGD_lr0.01_m0.9,SGD,2,openwebtext-3%,103,train_eval,10.728569030761719,3.1184407796101945e-05,6.436867791842936,
2025-09-15 04:44:04,SGD_lr0.01_m0.9,SGD,2,openwebtext-3%,103,val_eval,10.727995872497559,3.1184407796101945e-05,6.436867791842936,
2025-09-15 04:44:11,SGD_lr0.01_m0.9,SGD,2,openwebtext-3%,103,train_iter,10.719512701034546,3.1184407796101945e-05,6.47640269293969,19709.441661834717
2025-09-15 04:44:23,SGD_lr0.01_m0.9,SGD,2,openwebtext-3%,104,train_eval,10.725024223327637,3.1484257871064466e-05,6.47640269293969,
2025-09-15 04:44:23,SGD_lr0.01_m0.9,SGD,2,openwebtext-3%,104,val_eval,10.724323272705078,3.1484257871064466e-05,6.47640269293969,
2025-09-15 04:44:30,SGD_lr0.01_m0.9,SGD,2,openwebtext-3%,104,train_iter,10.702093839645386,3.1484257871064466e-05,6.511636138757246,19719.48480606079
2025-09-15 04:44:43,SGD_lr0.01_m0.9,SGD,2,openwebtext-3%,105,train_eval,10.718823432922363,3.178410794602698e-05,6.511636138757246,
2025-09-15 04:44:43,SGD_lr0.01_m0.9,SGD,2,openwebtext-3%,105,val_eval,10.721999168395996,3.178410794602698e-05,6.511636138757246,
2025-09-15 04:44:50,SGD_lr0.01_m0.9,SGD,2,openwebtext-3%,105,train_iter,10.736372470855713,3.178410794602698e-05,6.542448337001954,19745.447874069214
2025-09-15 04:45:03,SGD_lr0.01_m0.9,SGD,2,openwebtext-3%,106,train_eval,10.717329025268555,3.20839580209895e-05,6.542448337001954,
2025-09-15 04:45:03,SGD_lr0.01_m0.9,SGD,2,openwebtext-3%,106,val_eval,10.71661376953125,3.20839580209895e-05,6.542448337001954,
2025-09-15 04:45:10,SGD_lr0.01_m0.9,SGD,2,openwebtext-3%,106,train_iter,10.7119882106781,3.20839580209895e-05,6.562804857446223,19961.296796798706
2025-09-15 04:45:23,SGD_lr0.01_m0.9,SGD,2,openwebtext-3%,107,train_eval,10.712737083435059,3.238380809595202e-05,6.562804857446223,
2025-09-15 04:45:23,SGD_lr0.01_m0.9,SGD,2,openwebtext-3%,107,val_eval,10.710968971252441,3.238380809595202e-05,6.562804857446223,
2025-09-15 04:45:30,SGD_lr0.01_m0.9,SGD,2,openwebtext-3%,107,train_iter,10.688234567642212,3.238380809595202e-05,6.590154713252691,19697.659730911255
2025-09-15 04:45:42,SGD_lr0.01_m0.9,SGD,2,openwebtext-3%,108,train_eval,10.708161354064941,3.2683658170914544e-05,6.590154713252691,
2025-09-15 04:45:42,SGD_lr0.01_m0.9,SGD,2,openwebtext-3%,108,val_eval,10.707921028137207,3.2683658170914544e-05,6.590154713252691,
2025-09-15 04:45:49,SGD_lr0.01_m0.9,SGD,2,openwebtext-3%,108,train_iter,10.72150707244873,3.2683658170914544e-05,6.6139969567242645,19719.94686126709
2025-09-15 04:46:02,SGD_lr0.01_m0.9,SGD,2,openwebtext-3%,109,train_eval,10.702845573425293,3.298350824587706e-05,6.6139969567242645,
2025-09-15 04:46:02,SGD_lr0.01_m0.9,SGD,2,openwebtext-3%,109,val_eval,10.705026626586914,3.298350824587706e-05,6.6139969567242645,
2025-09-15 04:46:09,SGD_lr0.01_m0.9,SGD,2,openwebtext-3%,109,train_iter,10.724976062774658,3.298350824587706e-05,6.635889264689737,19707.41319656372
2025-09-15 04:46:22,SGD_lr0.01_m0.9,SGD,2,openwebtext-3%,110,train_eval,10.698552131652832,3.328335832083958e-05,6.635889264689737,
2025-09-15 04:46:22,SGD_lr0.01_m0.9,SGD,2,openwebtext-3%,110,val_eval,10.699710845947266,3.328335832083958e-05,6.635889264689737,
2025-09-15 04:46:29,SGD_lr0.01_m0.9,SGD,2,openwebtext-3%,110,train_iter,10.70249080657959,3.328335832083958e-05,6.654686108750234,19733.585357666016
2025-09-15 04:46:42,SGD_lr0.01_m0.9,SGD,2,openwebtext-3%,111,train_eval,10.69625473022461,3.35832083958021e-05,6.654686108750234,
2025-09-15 04:46:42,SGD_lr0.01_m0.9,SGD,2,openwebtext-3%,111,val_eval,10.69437026977539,3.35832083958021e-05,6.654686108750234,
2025-09-15 04:46:49,SGD_lr0.01_m0.9,SGD,2,openwebtext-3%,111,train_iter,10.691347122192383,3.35832083958021e-05,6.671472881901069,19737.356662750244
2025-09-15 04:47:01,SGD_lr0.01_m0.9,SGD,2,openwebtext-3%,112,train_eval,10.69148063659668,3.3883058470764614e-05,6.671472881901069,
2025-09-15 04:47:01,SGD_lr0.01_m0.9,SGD,2,openwebtext-3%,112,val_eval,10.691242218017578,3.3883058470764614e-05,6.671472881901069,
2025-09-15 04:47:08,SGD_lr0.01_m0.9,SGD,2,openwebtext-3%,112,train_iter,10.686619281768799,3.3883058470764614e-05,6.685485150143772,19769.10948753357
2025-09-15 04:47:21,SGD_lr0.01_m0.9,SGD,2,openwebtext-3%,113,train_eval,10.687236785888672,3.418290854572713e-05,6.685485150143772,
2025-09-15 04:47:21,SGD_lr0.01_m0.9,SGD,2,openwebtext-3%,113,val_eval,10.686624526977539,3.418290854572713e-05,6.685485150143772,
2025-09-15 04:47:28,SGD_lr0.01_m0.9,SGD,2,openwebtext-3%,113,train_iter,10.672858953475952,3.418290854572713e-05,6.699823585329947,19719.10262107849
2025-09-15 04:47:41,SGD_lr0.01_m0.9,SGD,2,openwebtext-3%,114,train_eval,10.683050155639648,3.448275862068965e-05,6.699823585329947,
2025-09-15 04:47:41,SGD_lr0.01_m0.9,SGD,2,openwebtext-3%,114,val_eval,10.682845115661621,3.448275862068965e-05,6.699823585329947,
2025-09-15 04:47:48,SGD_lr0.01_m0.9,SGD,2,openwebtext-3%,114,train_iter,10.694856643676758,3.448275862068965e-05,6.703877533223201,19978.03044319153
2025-09-15 04:48:01,SGD_lr0.01_m0.9,SGD,2,openwebtext-3%,115,train_eval,10.678081512451172,3.478260869565217e-05,6.703877533223201,
2025-09-15 04:48:01,SGD_lr0.01_m0.9,SGD,2,openwebtext-3%,115,val_eval,10.677909851074219,3.478260869565217e-05,6.703877533223201,
2025-09-15 04:48:08,SGD_lr0.01_m0.9,SGD,2,openwebtext-3%,115,train_iter,10.706576108932495,3.478260869565217e-05,6.716873561254294,19704.766511917114
2025-09-15 04:48:20,SGD_lr0.01_m0.9,SGD,2,openwebtext-3%,116,train_eval,10.673653602600098,3.508245877061469e-05,6.716873561254294,
2025-09-15 04:48:20,SGD_lr0.01_m0.9,SGD,2,openwebtext-3%,116,val_eval,10.675629615783691,3.508245877061469e-05,6.716873561254294,
2025-09-15 04:48:28,SGD_lr0.01_m0.9,SGD,2,openwebtext-3%,116,train_iter,10.674899816513062,3.508245877061469e-05,6.720834412046149,19930.368661880493
2025-09-15 04:48:40,SGD_lr0.01_m0.9,SGD,2,openwebtext-3%,117,train_eval,10.671043395996094,3.5382308845577206e-05,6.720834412046149,
2025-09-15 04:48:40,SGD_lr0.01_m0.9,SGD,2,openwebtext-3%,117,val_eval,10.670187950134277,3.5382308845577206e-05,6.720834412046149,
2025-09-15 04:48:47,SGD_lr0.01_m0.9,SGD,2,openwebtext-3%,117,train_iter,10.683737993240356,3.5382308845577206e-05,6.732670035636196,19689.34416770935
2025-09-15 04:49:00,SGD_lr0.01_m0.9,SGD,2,openwebtext-3%,118,train_eval,10.66632080078125,3.568215892053973e-05,6.732670035636196,
2025-09-15 04:49:00,SGD_lr0.01_m0.9,SGD,2,openwebtext-3%,118,val_eval,10.665383338928223,3.568215892053973e-05,6.732670035636196,
2025-09-15 04:49:07,SGD_lr0.01_m0.9,SGD,2,openwebtext-3%,118,train_iter,10.647914409637451,3.568215892053973e-05,6.742714305249807,19706.857442855835
2025-09-15 04:49:20,SGD_lr0.01_m0.9,SGD,2,openwebtext-3%,119,train_eval,10.662215232849121,3.598200899550225e-05,6.742714305249807,
2025-09-15 04:49:20,SGD_lr0.01_m0.9,SGD,2,openwebtext-3%,119,val_eval,10.662008285522461,3.598200899550225e-05,6.742714305249807,
2025-09-15 04:49:27,SGD_lr0.01_m0.9,SGD,2,openwebtext-3%,119,train_iter,10.63740849494934,3.598200899550225e-05,6.74347582910669,19948.53401184082
2025-09-15 04:49:40,SGD_lr0.01_m0.9,SGD,2,openwebtext-3%,120,train_eval,10.6571683883667,3.628185907046477e-05,6.74347582910669,
2025-09-15 04:49:40,SGD_lr0.01_m0.9,SGD,2,openwebtext-3%,120,val_eval,10.656026840209961,3.628185907046477e-05,6.74347582910669,
2025-09-15 04:49:47,SGD_lr0.01_m0.9,SGD,2,openwebtext-3%,120,train_iter,10.653098821640015,3.628185907046477e-05,6.752347405751016,19709.514379501343
2025-09-15 04:49:59,SGD_lr0.01_m0.9,SGD,2,openwebtext-3%,121,train_eval,10.652783393859863,3.658170914542728e-05,6.752347405751016,
2025-09-15 04:49:59,SGD_lr0.01_m0.9,SGD,2,openwebtext-3%,121,val_eval,10.652425765991211,3.658170914542728e-05,6.752347405751016,
2025-09-15 04:50:06,SGD_lr0.01_m0.9,SGD,2,openwebtext-3%,121,train_iter,10.67079782485962,3.658170914542728e-05,6.760686611733874,19699.28479194641
2025-09-15 04:50:19,SGD_lr0.01_m0.9,SGD,2,openwebtext-3%,122,train_eval,10.647656440734863,3.68815592203898e-05,6.760686611733874,
2025-09-15 04:50:19,SGD_lr0.01_m0.9,SGD,2,openwebtext-3%,122,val_eval,10.647622108459473,3.68815592203898e-05,6.760686611733874,
2025-09-15 04:50:26,SGD_lr0.01_m0.9,SGD,2,openwebtext-3%,122,train_iter,10.633763074874878,3.68815592203898e-05,6.7677749408480565,19711.308002471924
2025-09-15 04:50:39,SGD_lr0.01_m0.9,SGD,2,openwebtext-3%,123,train_eval,10.644372940063477,3.718140929535232e-05,6.7677749408480565,
2025-09-15 04:50:39,SGD_lr0.01_m0.9,SGD,2,openwebtext-3%,123,val_eval,10.647003173828125,3.718140929535232e-05,6.7677749408480565,
2025-09-15 04:50:46,SGD_lr0.01_m0.9,SGD,2,openwebtext-3%,123,train_iter,10.647029876708984,3.718140929535232e-05,6.774137060107141,19711.809396743774
2025-09-15 04:50:59,SGD_lr0.01_m0.9,SGD,2,openwebtext-3%,124,train_eval,10.641059875488281,3.748125937031484e-05,6.774137060107141,
2025-09-15 04:50:59,SGD_lr0.01_m0.9,SGD,2,openwebtext-3%,124,val_eval,10.637338638305664,3.748125937031484e-05,6.774137060107141,
2025-09-15 04:51:06,SGD_lr0.01_m0.9,SGD,2,openwebtext-3%,124,train_iter,10.606975555419922,3.748125937031484e-05,6.771909154913554,19944.018125534058
2025-09-15 04:51:19,SGD_lr0.01_m0.9,SGD,2,openwebtext-3%,125,train_eval,10.634675025939941,3.7781109445277354e-05,6.771909154913554,
2025-09-15 04:51:19,SGD_lr0.01_m0.9,SGD,2,openwebtext-3%,125,val_eval,10.634441375732422,3.7781109445277354e-05,6.771909154913554,
2025-09-15 04:51:26,SGD_lr0.01_m0.9,SGD,2,openwebtext-3%,125,train_iter,10.663354396820068,3.7781109445277354e-05,6.777613636239072,19718.85871887207
2025-09-15 04:51:38,SGD_lr0.01_m0.9,SGD,2,openwebtext-3%,126,train_eval,10.630263328552246,3.8080959520239875e-05,6.777613636239072,
2025-09-15 04:51:38,SGD_lr0.01_m0.9,SGD,2,openwebtext-3%,126,val_eval,10.628291130065918,3.8080959520239875e-05,6.777613636239072,
2025-09-15 04:51:45,SGD_lr0.01_m0.9,SGD,2,openwebtext-3%,126,train_iter,10.625122785568237,3.8080959520239875e-05,6.782951805852496,19712.965965270996
2025-09-15 04:51:58,SGD_lr0.01_m0.9,SGD,2,openwebtext-3%,127,train_eval,10.628199577331543,3.8380809595202396e-05,6.782951805852496,
2025-09-15 04:51:58,SGD_lr0.01_m0.9,SGD,2,openwebtext-3%,127,val_eval,10.626506805419922,3.8380809595202396e-05,6.782951805852496,
2025-09-15 04:52:05,SGD_lr0.01_m0.9,SGD,2,openwebtext-3%,127,train_iter,10.606235265731812,3.8380809595202396e-05,6.7876839584311215,19715.049743652344
2025-09-15 04:52:18,SGD_lr0.01_m0.9,SGD,2,openwebtext-3%,128,train_eval,10.62152099609375,3.868065967016492e-05,6.7876839584311215,
2025-09-15 04:52:18,SGD_lr0.01_m0.9,SGD,2,openwebtext-3%,128,val_eval,10.621784210205078,3.868065967016492e-05,6.7876839584311215,
2025-09-15 04:52:25,SGD_lr0.01_m0.9,SGD,2,openwebtext-3%,128,train_iter,10.63764214515686,3.868065967016492e-05,6.791054211460866,19740.734338760376
2025-09-15 04:52:37,SGD_lr0.01_m0.9,SGD,2,openwebtext-3%,129,train_eval,10.616777420043945,3.898050974512744e-05,6.791054211460866,
2025-09-15 04:52:37,SGD_lr0.01_m0.9,SGD,2,openwebtext-3%,129,val_eval,10.616656303405762,3.898050974512744e-05,6.791054211460866,
2025-09-15 04:52:44,SGD_lr0.01_m0.9,SGD,2,openwebtext-3%,129,train_iter,10.619174242019653,3.898050974512744e-05,6.794877670154345,19717.891931533813
2025-09-15 04:52:57,SGD_lr0.01_m0.9,SGD,2,openwebtext-3%,130,train_eval,10.610223770141602,3.928035982008995e-05,6.794877670154345,
2025-09-15 04:52:57,SGD_lr0.01_m0.9,SGD,2,openwebtext-3%,130,val_eval,10.61216926574707,3.928035982008995e-05,6.794877670154345,
2025-09-15 04:53:04,SGD_lr0.01_m0.9,SGD,2,openwebtext-3%,130,train_iter,10.595306158065796,3.928035982008995e-05,6.7984437271656954,19714.285135269165
2025-09-15 04:53:17,SGD_lr0.01_m0.9,SGD,2,openwebtext-3%,131,train_eval,10.607614517211914,3.958020989505247e-05,6.7984437271656954,
2025-09-15 04:53:17,SGD_lr0.01_m0.9,SGD,2,openwebtext-3%,131,val_eval,10.609148979187012,3.958020989505247e-05,6.7984437271656954,
2025-09-15 04:53:24,SGD_lr0.01_m0.9,SGD,2,openwebtext-3%,131,train_iter,10.613011121749878,3.958020989505247e-05,6.79364978409639,19948.017597198486
2025-09-15 04:53:37,SGD_lr0.01_m0.9,SGD,2,openwebtext-3%,132,train_eval,10.600627899169922,3.988005997001499e-05,6.79364978409639,
2025-09-15 04:53:37,SGD_lr0.01_m0.9,SGD,2,openwebtext-3%,132,val_eval,10.602831840515137,3.988005997001499e-05,6.79364978409639,
2025-09-15 04:53:44,SGD_lr0.01_m0.9,SGD,2,openwebtext-3%,132,train_iter,10.603315830230713,3.988005997001499e-05,6.797215493950712,19717.83971786499
2025-09-15 04:53:57,SGD_lr0.01_m0.9,SGD,2,openwebtext-3%,133,train_eval,10.595314979553223,4.017991004497751e-05,6.797215493950712,
2025-09-15 04:53:57,SGD_lr0.01_m0.9,SGD,2,openwebtext-3%,133,val_eval,10.598834037780762,4.017991004497751e-05,6.797215493950712,
2025-09-15 04:54:04,SGD_lr0.01_m0.9,SGD,2,openwebtext-3%,133,train_iter,10.588282346725464,4.017991004497751e-05,6.800387698270467,19718.90616416931
2025-09-15 04:54:16,SGD_lr0.01_m0.9,SGD,2,openwebtext-3%,134,train_eval,10.594594955444336,4.0479760119940023e-05,6.800387698270467,
2025-09-15 04:54:16,SGD_lr0.01_m0.9,SGD,2,openwebtext-3%,134,val_eval,10.592978477478027,4.0479760119940023e-05,6.800387698270467,
2025-09-15 04:54:23,SGD_lr0.01_m0.9,SGD,2,openwebtext-3%,134,train_iter,10.58253526687622,4.0479760119940023e-05,6.803643130952795,19707.34977722168
2025-09-15 04:54:36,SGD_lr0.01_m0.9,SGD,2,openwebtext-3%,135,train_eval,10.58981704711914,4.0779610194902544e-05,6.803643130952795,
2025-09-15 04:54:36,SGD_lr0.01_m0.9,SGD,2,openwebtext-3%,135,val_eval,10.588600158691406,4.0779610194902544e-05,6.803643130952795,
2025-09-15 04:54:43,SGD_lr0.01_m0.9,SGD,2,openwebtext-3%,135,train_iter,10.604774951934814,4.0779610194902544e-05,6.798457967877991,19944.214582443237
2025-09-15 04:54:56,SGD_lr0.01_m0.9,SGD,2,openwebtext-3%,136,train_eval,10.585335731506348,4.1079460269865066e-05,6.798457967877991,
2025-09-15 04:54:56,SGD_lr0.01_m0.9,SGD,2,openwebtext-3%,136,val_eval,10.585177421569824,4.1079460269865066e-05,6.798457967877991,
2025-09-15 04:55:03,SGD_lr0.01_m0.9,SGD,2,openwebtext-3%,136,train_iter,10.55760383605957,4.1079460269865066e-05,6.800850586609402,19737.847566604614
2025-09-15 04:55:16,SGD_lr0.01_m0.9,SGD,2,openwebtext-3%,137,train_eval,10.579061508178711,4.1379310344827587e-05,6.800850586609402,
2025-09-15 04:55:16,SGD_lr0.01_m0.9,SGD,2,openwebtext-3%,137,val_eval,10.581748962402344,4.1379310344827587e-05,6.800850586609402,
2025-09-15 04:55:23,SGD_lr0.01_m0.9,SGD,2,openwebtext-3%,137,train_iter,10.580867528915405,4.1379310344827587e-05,6.796007526770888,19942.358255386353
2025-09-15 04:55:36,SGD_lr0.01_m0.9,SGD,2,openwebtext-3%,138,train_eval,10.575416564941406,4.16791604197901e-05,6.796007526770888,
2025-09-15 04:55:36,SGD_lr0.01_m0.9,SGD,2,openwebtext-3%,138,val_eval,10.575688362121582,4.16791604197901e-05,6.796007526770888,
2025-09-15 04:55:43,SGD_lr0.01_m0.9,SGD,2,openwebtext-3%,138,train_iter,10.559215545654297,4.16791604197901e-05,6.799404116497018,19715.91544151306
2025-09-15 04:55:55,SGD_lr0.01_m0.9,SGD,2,openwebtext-3%,139,train_eval,10.571768760681152,4.197901049475262e-05,6.799404116497018,
2025-09-15 04:55:55,SGD_lr0.01_m0.9,SGD,2,openwebtext-3%,139,val_eval,10.571327209472656,4.197901049475262e-05,6.799404116497018,
2025-09-15 04:56:02,SGD_lr0.01_m0.9,SGD,2,openwebtext-3%,139,train_iter,10.59926152229309,4.197901049475262e-05,6.802233216716294,19722.49436378479
2025-09-15 04:56:15,SGD_lr0.01_m0.9,SGD,2,openwebtext-3%,140,train_eval,10.566337585449219,4.227886056971514e-05,6.802233216716294,
2025-09-15 04:56:15,SGD_lr0.01_m0.9,SGD,2,openwebtext-3%,140,val_eval,10.566976547241211,4.227886056971514e-05,6.802233216716294,
2025-09-15 04:56:22,SGD_lr0.01_m0.9,SGD,2,openwebtext-3%,140,train_iter,10.554285049438477,4.227886056971514e-05,6.796851019859449,19954.204559326172
2025-09-15 04:56:35,SGD_lr0.01_m0.9,SGD,2,openwebtext-3%,141,train_eval,10.564047813415527,4.257871064467766e-05,6.796851019859449,
2025-09-15 04:56:35,SGD_lr0.01_m0.9,SGD,2,openwebtext-3%,141,val_eval,10.563394546508789,4.257871064467766e-05,6.796851019859449,
2025-09-15 04:56:42,SGD_lr0.01_m0.9,SGD,2,openwebtext-3%,141,train_iter,10.557411909103394,4.257871064467766e-05,6.79958193879608,19732.710599899292
2025-09-15 04:56:55,SGD_lr0.01_m0.9,SGD,2,openwebtext-3%,142,train_eval,10.556156158447266,4.287856071964017e-05,6.79958193879608,
2025-09-15 04:56:55,SGD_lr0.01_m0.9,SGD,2,openwebtext-3%,142,val_eval,10.555742263793945,4.287856071964017e-05,6.79958193879608,
2025-09-15 04:57:02,SGD_lr0.01_m0.9,SGD,2,openwebtext-3%,142,train_iter,10.526427030563354,4.287856071964017e-05,6.802119341547885,19730.409860610962
2025-09-15 04:57:14,SGD_lr0.01_m0.9,SGD,2,openwebtext-3%,143,train_eval,10.551475524902344,4.317841079460269e-05,6.802119341547885,
2025-09-15 04:57:14,SGD_lr0.01_m0.9,SGD,2,openwebtext-3%,143,val_eval,10.552663803100586,4.317841079460269e-05,6.802119341547885,
2025-09-15 04:57:21,SGD_lr0.01_m0.9,SGD,2,openwebtext-3%,143,train_iter,10.539053678512573,4.317841079460269e-05,6.804128715160795,19738.34252357483
2025-09-15 04:57:34,SGD_lr0.01_m0.9,SGD,2,openwebtext-3%,144,train_eval,10.547791481018066,4.3478260869565214e-05,6.804128715160795,
2025-09-15 04:57:34,SGD_lr0.01_m0.9,SGD,2,openwebtext-3%,144,val_eval,10.547935485839844,4.3478260869565214e-05,6.804128715160795,
2025-09-15 04:57:42,SGD_lr0.01_m0.9,SGD,2,openwebtext-3%,144,train_iter,10.554056167602539,4.3478260869565214e-05,6.790162750593106,20205.53731918335
2025-09-15 04:57:54,SGD_lr0.01_m0.9,SGD,2,openwebtext-3%,145,train_eval,10.540990829467773,4.3778110944527735e-05,6.790162750593106,
2025-09-15 04:57:54,SGD_lr0.01_m0.9,SGD,2,openwebtext-3%,145,val_eval,10.54228401184082,4.3778110944527735e-05,6.790162750593106,
2025-09-15 04:58:01,SGD_lr0.01_m0.9,SGD,2,openwebtext-3%,145,train_iter,10.5454421043396,4.3778110944527735e-05,6.796011104067389,19662.15991973877
2025-09-15 04:58:14,SGD_lr0.01_m0.9,SGD,2,openwebtext-3%,146,train_eval,10.537517547607422,4.407796101949025e-05,6.796011104067389,
2025-09-15 04:58:14,SGD_lr0.01_m0.9,SGD,2,openwebtext-3%,146,val_eval,10.539237022399902,4.407796101949025e-05,6.796011104067389,
2025-09-15 04:58:22,SGD_lr0.01_m0.9,SGD,2,openwebtext-3%,146,train_iter,10.544860363006592,4.407796101949025e-05,6.777818265303391,20359.463930130005
2025-09-15 04:58:34,SGD_lr0.01_m0.9,SGD,2,openwebtext-3%,147,train_eval,10.53349494934082,4.437781109445277e-05,6.777818265303391,
2025-09-15 04:58:34,SGD_lr0.01_m0.9,SGD,2,openwebtext-3%,147,val_eval,10.533954620361328,4.437781109445277e-05,6.777818265303391,
2025-09-15 04:58:42,SGD_lr0.01_m0.9,SGD,2,openwebtext-3%,147,train_iter,10.532699823379517,4.437781109445277e-05,6.748828888589112,20755.35535812378
2025-09-15 04:58:55,SGD_lr0.01_m0.9,SGD,2,openwebtext-3%,148,train_eval,10.527281761169434,4.467766116941529e-05,6.748828888589112,
2025-09-15 04:58:55,SGD_lr0.01_m0.9,SGD,2,openwebtext-3%,148,val_eval,10.527957916259766,4.467766116941529e-05,6.748828888589112,
2025-09-15 04:59:03,SGD_lr0.01_m0.9,SGD,2,openwebtext-3%,148,train_iter,10.562880039215088,4.467766116941529e-05,6.7255498268337846,20665.805339813232
2025-09-15 04:59:16,SGD_lr0.01_m0.9,SGD,2,openwebtext-3%,149,train_eval,10.523175239562988,4.497751124437781e-05,6.7255498268337846,
2025-09-15 04:59:16,SGD_lr0.01_m0.9,SGD,2,openwebtext-3%,149,val_eval,10.525989532470703,4.497751124437781e-05,6.7255498268337846,
2025-09-15 04:59:24,SGD_lr0.01_m0.9,SGD,2,openwebtext-3%,149,train_iter,10.530786514282227,4.497751124437781e-05,6.696334568113861,20931.270599365234
2025-09-15 04:59:37,SGD_lr0.01_m0.9,SGD,2,openwebtext-3%,150,train_eval,10.518567085266113,4.527736131934032e-05,6.696334568113861,
2025-09-15 04:59:37,SGD_lr0.01_m0.9,SGD,2,openwebtext-3%,150,val_eval,10.519721984863281,4.527736131934032e-05,6.696334568113861,
2025-09-15 04:59:45,SGD_lr0.01_m0.9,SGD,2,openwebtext-3%,150,train_iter,10.522185564041138,4.527736131934032e-05,6.675882439319379,20742.92230606079
2025-09-15 04:59:58,SGD_lr0.01_m0.9,SGD,2,openwebtext-3%,151,train_eval,10.513886451721191,4.557721139430284e-05,6.675882439319379,
2025-09-15 04:59:58,SGD_lr0.01_m0.9,SGD,2,openwebtext-3%,151,val_eval,10.513768196105957,4.557721139430284e-05,6.675882439319379,
2025-09-15 05:00:06,SGD_lr0.01_m0.9,SGD,2,openwebtext-3%,151,train_iter,10.516690015792847,4.557721139430284e-05,6.648686159336473,21027.618408203125
2025-09-15 05:00:19,SGD_lr0.01_m0.9,SGD,2,openwebtext-3%,152,train_eval,10.505793571472168,4.587706146926536e-05,6.648686159336473,
2025-09-15 05:00:19,SGD_lr0.01_m0.9,SGD,2,openwebtext-3%,152,val_eval,10.510416030883789,4.587706146926536e-05,6.648686159336473,
2025-09-15 05:00:27,SGD_lr0.01_m0.9,SGD,2,openwebtext-3%,152,train_iter,10.512166023254395,4.587706146926536e-05,6.631790825456258,20781.594276428223
2025-09-15 05:00:39,SGD_lr0.01_m0.9,SGD,2,openwebtext-3%,153,train_eval,10.504473686218262,4.617691154422788e-05,6.631790825456258,
2025-09-15 05:00:39,SGD_lr0.01_m0.9,SGD,2,openwebtext-3%,153,val_eval,10.50469970703125,4.617691154422788e-05,6.631790825456258,
2025-09-15 05:00:47,SGD_lr0.01_m0.9,SGD,2,openwebtext-3%,153,train_iter,10.509439706802368,4.617691154422788e-05,6.615274492441844,20823.710441589355
2025-09-15 05:01:00,SGD_lr0.01_m0.9,SGD,2,openwebtext-3%,154,train_eval,10.499384880065918,4.64767616191904e-05,6.615274492441844,
2025-09-15 05:01:00,SGD_lr0.01_m0.9,SGD,2,openwebtext-3%,154,val_eval,10.501620292663574,4.64767616191904e-05,6.615274492441844,
2025-09-15 05:01:08,SGD_lr0.01_m0.9,SGD,2,openwebtext-3%,154,train_iter,10.527688264846802,4.64767616191904e-05,6.602931736446238,20742.814779281616
2025-09-15 05:01:21,SGD_lr0.01_m0.9,SGD,2,openwebtext-3%,155,train_eval,10.497790336608887,4.677661169415292e-05,6.602931736446238,
2025-09-15 05:01:21,SGD_lr0.01_m0.9,SGD,2,openwebtext-3%,155,val_eval,10.49551773071289,4.677661169415292e-05,6.602931736446238,
2025-09-15 05:01:29,SGD_lr0.01_m0.9,SGD,2,openwebtext-3%,155,train_iter,10.500491857528687,4.677661169415292e-05,6.5836614307338825,21006.922721862793
2025-09-15 05:01:42,SGD_lr0.01_m0.9,SGD,2,openwebtext-3%,156,train_eval,10.492118835449219,4.707646176911544e-05,6.5836614307338825,
2025-09-15 05:01:42,SGD_lr0.01_m0.9,SGD,2,openwebtext-3%,156,val_eval,10.4912691116333,4.707646176911544e-05,6.5836614307338825,
2025-09-15 05:01:50,SGD_lr0.01_m0.9,SGD,2,openwebtext-3%,156,train_iter,10.478389263153076,4.707646176911544e-05,6.568851443317672,20924.23129081726
2025-09-15 05:02:03,SGD_lr0.01_m0.9,SGD,2,openwebtext-3%,157,train_eval,10.4851655960083,4.737631184407796e-05,6.568851443317672,
2025-09-15 05:02:03,SGD_lr0.01_m0.9,SGD,2,openwebtext-3%,157,val_eval,10.484821319580078,4.737631184407796e-05,6.568851443317672,
2025-09-15 05:02:11,SGD_lr0.01_m0.9,SGD,2,openwebtext-3%,157,train_iter,10.46710729598999,4.737631184407796e-05,6.558241043803889,20836.212396621704
2025-09-15 05:02:24,SGD_lr0.01_m0.9,SGD,2,openwebtext-3%,158,train_eval,10.48095417022705,4.7676161919040474e-05,6.558241043803889,
2025-09-15 05:02:24,SGD_lr0.01_m0.9,SGD,2,openwebtext-3%,158,val_eval,10.479131698608398,4.7676161919040474e-05,6.558241043803889,
2025-09-15 05:02:32,SGD_lr0.01_m0.9,SGD,2,openwebtext-3%,158,train_iter,10.488756895065308,4.7676161919040474e-05,6.544315975073378,20978.249073028564
2025-09-15 05:02:45,SGD_lr0.01_m0.9,SGD,2,openwebtext-3%,159,train_eval,10.477089881896973,4.7976011994002995e-05,6.544315975073378,
2025-09-15 05:02:45,SGD_lr0.01_m0.9,SGD,2,openwebtext-3%,159,val_eval,10.477203369140625,4.7976011994002995e-05,6.544315975073378,
2025-09-15 05:02:53,SGD_lr0.01_m0.9,SGD,2,openwebtext-3%,159,train_iter,10.495964288711548,4.7976011994002995e-05,6.532701498437488,20948.28748703003
2025-09-15 05:03:06,SGD_lr0.01_m0.9,SGD,2,openwebtext-3%,160,train_eval,10.470807075500488,4.827586206896551e-05,6.532701498437488,
2025-09-15 05:03:06,SGD_lr0.01_m0.9,SGD,2,openwebtext-3%,160,val_eval,10.471711158752441,4.827586206896551e-05,6.532701498437488,
2025-09-15 05:03:14,SGD_lr0.01_m0.9,SGD,2,openwebtext-3%,160,train_iter,10.553797483444214,4.827586206896551e-05,6.527510841710761,20778.188467025757
2025-09-15 05:03:26,SGD_lr0.01_m0.9,SGD,2,openwebtext-3%,161,train_eval,10.467568397521973,4.857571214392803e-05,6.527510841710761,
2025-09-15 05:03:26,SGD_lr0.01_m0.9,SGD,2,openwebtext-3%,161,val_eval,10.468096733093262,4.857571214392803e-05,6.527510841710761,
2025-09-15 05:03:34,SGD_lr0.01_m0.9,SGD,2,openwebtext-3%,161,train_iter,10.428009033203125,4.857571214392803e-05,6.524229443063691,20733.712673187256
2025-09-15 05:03:47,SGD_lr0.01_m0.9,SGD,2,openwebtext-3%,162,train_eval,10.460844993591309,4.887556221889055e-05,6.524229443063691,
2025-09-15 05:03:47,SGD_lr0.01_m0.9,SGD,2,openwebtext-3%,162,val_eval,10.46286392211914,4.887556221889055e-05,6.524229443063691,
2025-09-15 05:03:55,SGD_lr0.01_m0.9,SGD,2,openwebtext-3%,162,train_iter,10.49504280090332,4.887556221889055e-05,6.5175684004982,20852.759838104248
2025-09-15 05:04:08,SGD_lr0.01_m0.9,SGD,2,openwebtext-3%,163,train_eval,10.4579439163208,4.9175412293853066e-05,6.5175684004982,
2025-09-15 05:04:08,SGD_lr0.01_m0.9,SGD,2,openwebtext-3%,163,val_eval,10.457690238952637,4.9175412293853066e-05,6.5175684004982,
2025-09-15 05:04:16,SGD_lr0.01_m0.9,SGD,2,openwebtext-3%,163,train_iter,10.432833433151245,4.9175412293853066e-05,6.516110343608274,20707.27825164795
2025-09-15 05:04:29,SGD_lr0.01_m0.9,SGD,2,openwebtext-3%,164,train_eval,10.451088905334473,4.947526236881559e-05,6.516110343608274,
2025-09-15 05:04:29,SGD_lr0.01_m0.9,SGD,2,openwebtext-3%,164,val_eval,10.454388618469238,4.947526236881559e-05,6.516110343608274,
2025-09-15 05:04:37,SGD_lr0.01_m0.9,SGD,2,openwebtext-3%,164,train_iter,10.467031002044678,4.947526236881559e-05,6.515541840148237,20683.622360229492
2025-09-15 05:04:49,SGD_lr0.01_m0.9,SGD,2,openwebtext-3%,165,train_eval,10.448559761047363,4.977511244377811e-05,6.515541840148237,
2025-09-15 05:04:49,SGD_lr0.01_m0.9,SGD,2,openwebtext-3%,165,val_eval,10.446202278137207,4.977511244377811e-05,6.515541840148237,
2025-09-15 05:04:57,SGD_lr0.01_m0.9,SGD,2,openwebtext-3%,165,train_iter,10.443226099014282,4.977511244377811e-05,6.512635055983138,20759.99665260315
2025-09-15 05:05:10,SGD_lr0.01_m0.9,SGD,2,openwebtext-3%,166,train_eval,10.441740989685059,5.007496251874063e-05,6.512635055983138,
2025-09-15 05:05:10,SGD_lr0.01_m0.9,SGD,2,openwebtext-3%,166,val_eval,10.4436616897583,5.007496251874063e-05,6.512635055983138,
2025-09-15 05:05:18,SGD_lr0.01_m0.9,SGD,2,openwebtext-3%,166,train_iter,10.439764261245728,5.007496251874063e-05,6.5092020878756625,20786.173343658447
2025-09-15 05:05:31,SGD_lr0.01_m0.9,SGD,2,openwebtext-3%,167,train_eval,10.43799114227295,5.0374812593703144e-05,6.5092020878756625,
2025-09-15 05:05:31,SGD_lr0.01_m0.9,SGD,2,openwebtext-3%,167,val_eval,10.438345909118652,5.0374812593703144e-05,6.5092020878756625,
2025-09-15 05:05:39,SGD_lr0.01_m0.9,SGD,2,openwebtext-3%,167,train_iter,10.457385778427124,5.0374812593703144e-05,6.507384667583234,20745.432138442993
2025-09-15 05:05:52,SGD_lr0.01_m0.9,SGD,2,openwebtext-3%,168,train_eval,10.433079719543457,5.0674662668665665e-05,6.507384667583234,
2025-09-15 05:05:52,SGD_lr0.01_m0.9,SGD,2,openwebtext-3%,168,val_eval,10.433398246765137,5.0674662668665665e-05,6.507384667583234,
2025-09-15 05:06:00,SGD_lr0.01_m0.9,SGD,2,openwebtext-3%,168,train_iter,10.398904085159302,5.0674662668665665e-05,6.506791663574113,20712.161540985107
2025-09-15 05:06:12,SGD_lr0.01_m0.9,SGD,2,openwebtext-3%,169,train_eval,10.430577278137207,5.0974512743628186e-05,6.506791663574113,
2025-09-15 05:06:12,SGD_lr0.01_m0.9,SGD,2,openwebtext-3%,169,val_eval,10.428959846496582,5.0974512743628186e-05,6.506791663574113,
2025-09-15 05:06:21,SGD_lr0.01_m0.9,SGD,2,openwebtext-3%,169,train_iter,10.407339334487915,5.0974512743628186e-05,6.497953169227618,20980.156660079956
2025-09-15 05:06:33,SGD_lr0.01_m0.9,SGD,2,openwebtext-3%,170,train_eval,10.423453330993652,5.12743628185907e-05,6.497953169227618,
2025-09-15 05:06:33,SGD_lr0.01_m0.9,SGD,2,openwebtext-3%,170,val_eval,10.423954963684082,5.12743628185907e-05,6.497953169227618,
2025-09-15 05:06:41,SGD_lr0.01_m0.9,SGD,2,openwebtext-3%,170,train_iter,10.414870977401733,5.12743628185907e-05,6.494324197131468,20839.707851409912
2025-09-15 05:06:54,SGD_lr0.01_m0.9,SGD,2,openwebtext-3%,171,train_eval,10.419530868530273,5.1574212893553214e-05,6.494324197131468,
2025-09-15 05:06:54,SGD_lr0.01_m0.9,SGD,2,openwebtext-3%,171,val_eval,10.418664932250977,5.1574212893553214e-05,6.494324197131468,
2025-09-15 05:07:02,SGD_lr0.01_m0.9,SGD,2,openwebtext-3%,171,train_iter,10.401222705841064,5.1574212893553214e-05,6.492756943601924,20785.062313079834
2025-09-15 05:07:15,SGD_lr0.01_m0.9,SGD,2,openwebtext-3%,172,train_eval,10.412209510803223,5.1874062968515735e-05,6.492756943601924,
2025-09-15 05:07:15,SGD_lr0.01_m0.9,SGD,2,openwebtext-3%,172,val_eval,10.417084693908691,5.1874062968515735e-05,6.492756943601924,
2025-09-15 05:07:23,SGD_lr0.01_m0.9,SGD,2,openwebtext-3%,172,train_iter,10.38965106010437,5.1874062968515735e-05,6.492357128253323,20752.686738967896
2025-09-15 05:07:36,SGD_lr0.01_m0.9,SGD,2,openwebtext-3%,173,train_eval,10.408775329589844,5.2173913043478256e-05,6.492357128253323,
2025-09-15 05:07:36,SGD_lr0.01_m0.9,SGD,2,openwebtext-3%,173,val_eval,10.407639503479004,5.2173913043478256e-05,6.492357128253323,
2025-09-15 05:07:44,SGD_lr0.01_m0.9,SGD,2,openwebtext-3%,173,train_iter,10.422344207763672,5.2173913043478256e-05,6.490843572691165,20789.65139389038
2025-09-15 05:07:56,SGD_lr0.01_m0.9,SGD,2,openwebtext-3%,174,train_eval,10.406620979309082,5.247376311844078e-05,6.490843572691165,
2025-09-15 05:07:56,SGD_lr0.01_m0.9,SGD,2,openwebtext-3%,174,val_eval,10.40365219116211,5.247376311844078e-05,6.490843572691165,
2025-09-15 05:08:04,SGD_lr0.01_m0.9,SGD,2,openwebtext-3%,174,train_iter,10.393656492233276,5.247376311844078e-05,6.4911397416548775,20736.55939102173
2025-09-15 05:08:17,SGD_lr0.01_m0.9,SGD,2,openwebtext-3%,175,train_eval,10.39892292022705,5.277361319340329e-05,6.4911397416548775,
2025-09-15 05:08:17,SGD_lr0.01_m0.9,SGD,2,openwebtext-3%,175,val_eval,10.396821022033691,5.277361319340329e-05,6.4911397416548775,
2025-09-15 05:08:25,SGD_lr0.01_m0.9,SGD,2,openwebtext-3%,175,train_iter,10.3757643699646,5.277361319340329e-05,6.488203556147411,20839.338779449463
2025-09-15 05:08:38,SGD_lr0.01_m0.9,SGD,2,openwebtext-3%,176,train_eval,10.392651557922363,5.307346326836581e-05,6.488203556147411,
2025-09-15 05:08:38,SGD_lr0.01_m0.9,SGD,2,openwebtext-3%,176,val_eval,10.396834373474121,5.307346326836581e-05,6.488203556147411,
2025-09-15 05:08:46,SGD_lr0.01_m0.9,SGD,2,openwebtext-3%,176,train_iter,10.416399240493774,5.307346326836581e-05,6.487712957006861,20770.1678276062
2025-09-15 05:08:59,SGD_lr0.01_m0.9,SGD,2,openwebtext-3%,177,train_eval,10.390690803527832,5.3373313343328334e-05,6.487712957006861,
2025-09-15 05:08:59,SGD_lr0.01_m0.9,SGD,2,openwebtext-3%,177,val_eval,10.391535758972168,5.3373313343328334e-05,6.487712957006861,
2025-09-15 05:09:07,SGD_lr0.01_m0.9,SGD,2,openwebtext-3%,177,train_iter,10.404055118560791,5.3373313343328334e-05,6.488351538703012,20735.62216758728
2025-09-15 05:09:20,SGD_lr0.01_m0.9,SGD,2,openwebtext-3%,178,train_eval,10.383925437927246,5.3673163418290855e-05,6.488351538703012,
2025-09-15 05:09:20,SGD_lr0.01_m0.9,SGD,2,openwebtext-3%,178,val_eval,10.384288787841797,5.3673163418290855e-05,6.488351538703012,
2025-09-15 05:09:28,SGD_lr0.01_m0.9,SGD,2,openwebtext-3%,178,train_iter,10.379294157028198,5.3673163418290855e-05,6.486303439913289,20819.708347320557
2025-09-15 05:09:40,SGD_lr0.01_m0.9,SGD,2,openwebtext-3%,179,train_eval,10.380611419677734,5.397301349325337e-05,6.486303439913289,
2025-09-15 05:09:40,SGD_lr0.01_m0.9,SGD,2,openwebtext-3%,179,val_eval,10.38158893585205,5.397301349325337e-05,6.486303439913289,
2025-09-15 05:09:49,SGD_lr0.01_m0.9,SGD,2,openwebtext-3%,179,train_iter,10.372425317764282,5.397301349325337e-05,6.482804639009249,20873.135089874268
2025-09-15 05:10:01,SGD_lr0.01_m0.9,SGD,2,openwebtext-3%,180,train_eval,10.376779556274414,5.427286356821588e-05,6.482804639009249,
2025-09-15 05:10:01,SGD_lr0.01_m0.9,SGD,2,openwebtext-3%,180,val_eval,10.376869201660156,5.427286356821588e-05,6.482804639009249,
2025-09-15 05:10:09,SGD_lr0.01_m0.9,SGD,2,openwebtext-3%,180,train_iter,10.397140979766846,5.427286356821588e-05,6.481588583141183,20810.784339904785
2025-09-15 05:10:22,SGD_lr0.01_m0.9,SGD,2,openwebtext-3%,181,train_eval,10.369505882263184,5.4572713643178404e-05,6.481588583141183,
2025-09-15 05:10:22,SGD_lr0.01_m0.9,SGD,2,openwebtext-3%,181,val_eval,10.371901512145996,5.4572713643178404e-05,6.481588583141183,
2025-09-15 05:10:30,SGD_lr0.01_m0.9,SGD,2,openwebtext-3%,181,train_iter,10.303598642349243,5.4572713643178404e-05,6.483199976792499,20724.121809005737
2025-09-15 05:10:43,SGD_lr0.01_m0.9,SGD,2,openwebtext-3%,182,train_eval,10.367088317871094,5.4872563718140925e-05,6.483199976792499,
2025-09-15 05:10:43,SGD_lr0.01_m0.9,SGD,2,openwebtext-3%,182,val_eval,10.366424560546875,5.4872563718140925e-05,6.483199976792499,
2025-09-15 05:10:51,SGD_lr0.01_m0.9,SGD,2,openwebtext-3%,182,train_iter,10.430748462677002,5.4872563718140925e-05,6.478295300176325,20928.8113117218
2025-09-15 05:11:04,SGD_lr0.01_m0.9,SGD,2,openwebtext-3%,183,train_eval,10.362338066101074,5.517241379310344e-05,6.478295300176325,
2025-09-15 05:11:04,SGD_lr0.01_m0.9,SGD,2,openwebtext-3%,183,val_eval,10.361506462097168,5.517241379310344e-05,6.478295300176325,
2025-09-15 05:11:12,SGD_lr0.01_m0.9,SGD,2,openwebtext-3%,183,train_iter,10.372052192687988,5.517241379310344e-05,6.481818129913195,20673.783779144287
2025-09-15 05:11:24,SGD_lr0.01_m0.9,SGD,2,openwebtext-3%,184,train_eval,10.357552528381348,5.547226386806596e-05,6.481818129913195,
2025-09-15 05:11:24,SGD_lr0.01_m0.9,SGD,2,openwebtext-3%,184,val_eval,10.357898712158203,5.547226386806596e-05,6.481818129913195,
2025-09-15 05:11:32,SGD_lr0.01_m0.9,SGD,2,openwebtext-3%,184,train_iter,10.407410860061646,5.547226386806596e-05,6.4820694905565714,20766.855239868164
2025-09-15 05:11:45,SGD_lr0.01_m0.9,SGD,2,openwebtext-3%,185,train_eval,10.35403823852539,5.577211394302848e-05,6.4820694905565714,
2025-09-15 05:11:45,SGD_lr0.01_m0.9,SGD,2,openwebtext-3%,185,val_eval,10.351795196533203,5.577211394302848e-05,6.4820694905565714,
2025-09-15 05:11:53,SGD_lr0.01_m0.9,SGD,2,openwebtext-3%,185,train_iter,10.327233076095581,5.577211394302848e-05,6.484399810346561,20699.687004089355
2025-09-15 05:12:06,SGD_lr0.01_m0.9,SGD,2,openwebtext-3%,186,train_eval,10.346424102783203,5.6071964017991e-05,6.484399810346561,
2025-09-15 05:12:06,SGD_lr0.01_m0.9,SGD,2,openwebtext-3%,186,val_eval,10.345227241516113,5.6071964017991e-05,6.484399810346561,
2025-09-15 05:12:14,SGD_lr0.01_m0.9,SGD,2,openwebtext-3%,186,train_iter,10.367014408111572,5.6071964017991e-05,6.484201631987689,20772.98593521118
2025-09-15 05:12:27,SGD_lr0.01_m0.9,SGD,2,openwebtext-3%,187,train_eval,10.343308448791504,5.637181409295352e-05,6.484201631987689,
2025-09-15 05:12:27,SGD_lr0.01_m0.9,SGD,2,openwebtext-3%,187,val_eval,10.343271255493164,5.637181409295352e-05,6.484201631987689,
2025-09-15 05:12:35,SGD_lr0.01_m0.9,SGD,2,openwebtext-3%,187,train_iter,10.30422329902649,5.637181409295352e-05,6.483274993530152,20796.992301940918
2025-09-15 05:12:47,SGD_lr0.01_m0.9,SGD,2,openwebtext-3%,188,train_eval,10.336834907531738,5.667166416791604e-05,6.483274993530152,
2025-09-15 05:12:47,SGD_lr0.01_m0.9,SGD,2,openwebtext-3%,188,val_eval,10.338807106018066,5.667166416791604e-05,6.483274993530152,
2025-09-15 05:12:56,SGD_lr0.01_m0.9,SGD,2,openwebtext-3%,188,train_iter,10.328867435455322,5.667166416791604e-05,6.4824005665118785,20798.29168319702
2025-09-15 05:13:08,SGD_lr0.01_m0.9,SGD,2,openwebtext-3%,189,train_eval,10.334943771362305,5.697151424287855e-05,6.4824005665118785,
2025-09-15 05:13:08,SGD_lr0.01_m0.9,SGD,2,openwebtext-3%,189,val_eval,10.332222938537598,5.697151424287855e-05,6.4824005665118785,
2025-09-15 05:13:16,SGD_lr0.01_m0.9,SGD,2,openwebtext-3%,189,train_iter,10.31283974647522,5.697151424287855e-05,6.484705249188692,20699.44930076599
2025-09-15 05:13:29,SGD_lr0.01_m0.9,SGD,2,openwebtext-3%,190,train_eval,10.3259916305542,5.7271364317841074e-05,6.484705249188692,
2025-09-15 05:13:29,SGD_lr0.01_m0.9,SGD,2,openwebtext-3%,190,val_eval,10.331159591674805,5.7271364317841074e-05,6.484705249188692,
2025-09-15 05:13:37,SGD_lr0.01_m0.9,SGD,2,openwebtext-3%,190,train_iter,10.363928079605103,5.7271364317841074e-05,6.486045786005857,20722.820281982422
2025-09-15 05:13:50,SGD_lr0.01_m0.9,SGD,2,openwebtext-3%,191,train_eval,10.326101303100586,5.7571214392803595e-05,6.486045786005857,
2025-09-15 05:13:50,SGD_lr0.01_m0.9,SGD,2,openwebtext-3%,191,val_eval,10.324363708496094,5.7571214392803595e-05,6.486045786005857,
2025-09-15 05:13:58,SGD_lr0.01_m0.9,SGD,2,openwebtext-3%,191,train_iter,10.260703563690186,5.7571214392803595e-05,6.4831437752269645,20854.676008224487
2025-09-15 05:14:10,SGD_lr0.01_m0.9,SGD,2,openwebtext-3%,192,train_eval,10.315873146057129,5.787106446776611e-05,6.4831437752269645,
2025-09-15 05:14:10,SGD_lr0.01_m0.9,SGD,2,openwebtext-3%,192,val_eval,10.318476676940918,5.787106446776611e-05,6.4831437752269645,
2025-09-15 05:14:19,SGD_lr0.01_m0.9,SGD,2,openwebtext-3%,192,train_iter,10.305991172790527,5.787106446776611e-05,6.48383846650413,20748.427867889404
2025-09-15 05:14:31,SGD_lr0.01_m0.9,SGD,2,openwebtext-3%,193,train_eval,10.316036224365234,5.817091454272863e-05,6.48383846650413,
2025-09-15 05:14:31,SGD_lr0.01_m0.9,SGD,2,openwebtext-3%,193,val_eval,10.311601638793945,5.817091454272863e-05,6.48383846650413,
2025-09-15 05:14:39,SGD_lr0.01_m0.9,SGD,2,openwebtext-3%,193,train_iter,10.360369682312012,5.817091454272863e-05,6.483440071475336,20781.203985214233
2025-09-15 05:14:52,SGD_lr0.01_m0.9,SGD,2,openwebtext-3%,194,train_eval,10.309884071350098,5.847076461769115e-05,6.483440071475336,
2025-09-15 05:14:52,SGD_lr0.01_m0.9,SGD,2,openwebtext-3%,194,val_eval,10.307575225830078,5.847076461769115e-05,6.483440071475336,
2025-09-15 05:15:00,SGD_lr0.01_m0.9,SGD,2,openwebtext-3%,194,train_iter,10.370677709579468,5.847076461769115e-05,6.4797929899085505,20887.20655441284
2025-09-15 05:15:13,SGD_lr0.01_m0.9,SGD,2,openwebtext-3%,195,train_eval,10.301972389221191,5.877061469265367e-05,6.4797929899085505,
2025-09-15 05:15:13,SGD_lr0.01_m0.9,SGD,2,openwebtext-3%,195,val_eval,10.305009841918945,5.877061469265367e-05,6.4797929899085505,
2025-09-15 05:15:21,SGD_lr0.01_m0.9,SGD,2,openwebtext-3%,195,train_iter,10.28947114944458,5.877061469265367e-05,6.481574494346693,20724.42317008972
2025-09-15 05:15:34,SGD_lr0.01_m0.9,SGD,2,openwebtext-3%,196,train_eval,10.300853729248047,5.9070464767616186e-05,6.481574494346693,
2025-09-15 05:15:34,SGD_lr0.01_m0.9,SGD,2,openwebtext-3%,196,val_eval,10.300873756408691,5.9070464767616186e-05,6.481574494346693,
2025-09-15 05:15:42,SGD_lr0.01_m0.9,SGD,2,openwebtext-3%,196,train_iter,10.332536697387695,5.9070464767616186e-05,6.478320020450076,20880.53297996521
2025-09-15 05:15:55,SGD_lr0.01_m0.9,SGD,2,openwebtext-3%,197,train_eval,10.298864364624023,5.937031484257871e-05,6.478320020450076,
2025-09-15 05:15:55,SGD_lr0.01_m0.9,SGD,2,openwebtext-3%,197,val_eval,10.292813301086426,5.937031484257871e-05,6.478320020450076,
2025-09-15 05:16:03,SGD_lr0.01_m0.9,SGD,2,openwebtext-3%,197,train_iter,10.303257703781128,5.937031484257871e-05,6.479252953888497,20756.235599517822
2025-09-15 05:16:15,SGD_lr0.01_m0.9,SGD,2,openwebtext-3%,198,train_eval,10.293537139892578,5.967016491754123e-05,6.479252953888497,
2025-09-15 05:16:15,SGD_lr0.01_m0.9,SGD,2,openwebtext-3%,198,val_eval,10.288987159729004,5.967016491754123e-05,6.479252953888497,
2025-09-15 05:16:23,SGD_lr0.01_m0.9,SGD,2,openwebtext-3%,198,train_iter,10.271667242050171,5.967016491754123e-05,6.479819596769499,20764.973402023315
2025-09-15 05:16:36,SGD_lr0.01_m0.9,SGD,2,openwebtext-3%,199,train_eval,10.290099143981934,5.997001499250374e-05,6.479819596769499,
2025-09-15 05:16:36,SGD_lr0.01_m0.9,SGD,2,openwebtext-3%,199,val_eval,10.286023139953613,5.997001499250374e-05,6.479819596769499,
2025-09-15 05:16:44,SGD_lr0.01_m0.9,SGD,2,openwebtext-3%,199,train_iter,10.244169235229492,5.997001499250374e-05,6.476956137549826,20873.557090759277
2025-09-15 05:16:57,SGD_lr0.01_m0.9,SGD,2,openwebtext-3%,200,train_eval,10.282304763793945,6.026986506746626e-05,6.476956137549826,
2025-09-15 05:16:57,SGD_lr0.01_m0.9,SGD,2,openwebtext-3%,200,val_eval,10.283673286437988,6.026986506746626e-05,6.476956137549826,
2025-09-15 05:17:43,SGD_lr0.01_m0.9,SGD,2,openwebtext-3%,200,train_iter,10.287007093429565,6.026986506746626e-05,6.058083951760676,58848.51026535034
2025-09-15 05:18:04,SGD_lr0.01_m0.95,SGD,2,openwebtext-3%,0,train_eval,10.945842742919922,2.998500749625187e-07,,
2025-09-15 05:18:04,SGD_lr0.01_m0.95,SGD,2,openwebtext-3%,0,val_eval,10.944282531738281,2.998500749625187e-07,,
2025-09-15 05:18:53,SGD_lr0.01_m0.95,SGD,2,openwebtext-3%,0,train_iter,10.945987701416016,2.998500749625187e-07,,62717.44394302368
2025-09-15 05:19:05,SGD_lr0.01_m0.95,SGD,2,openwebtext-3%,1,train_eval,10.946183204650879,5.997001499250374e-07,,
2025-09-15 05:19:05,SGD_lr0.01_m0.95,SGD,2,openwebtext-3%,1,val_eval,10.94624137878418,5.997001499250374e-07,,
2025-09-15 05:19:12,SGD_lr0.01_m0.95,SGD,2,openwebtext-3%,1,train_iter,10.938998460769653,5.997001499250374e-07,,19599.74503517151
2025-09-15 05:19:25,SGD_lr0.01_m0.95,SGD,2,openwebtext-3%,2,train_eval,10.94705581665039,8.995502248875562e-07,,
2025-09-15 05:19:25,SGD_lr0.01_m0.95,SGD,2,openwebtext-3%,2,val_eval,10.944670677185059,8.995502248875562e-07,,
2025-09-15 05:19:32,SGD_lr0.01_m0.95,SGD,2,openwebtext-3%,2,train_iter,10.945178270339966,8.995502248875562e-07,,19676.79190635681
2025-09-15 05:19:45,SGD_lr0.01_m0.95,SGD,2,openwebtext-3%,3,train_eval,10.946040153503418,1.1994002998500749e-06,,
2025-09-15 05:19:45,SGD_lr0.01_m0.95,SGD,2,openwebtext-3%,3,val_eval,10.945988655090332,1.1994002998500749e-06,,
2025-09-15 05:19:52,SGD_lr0.01_m0.95,SGD,2,openwebtext-3%,3,train_iter,10.94766616821289,1.1994002998500749e-06,,19680.346965789795
2025-09-15 05:20:04,SGD_lr0.01_m0.95,SGD,2,openwebtext-3%,4,train_eval,10.946218490600586,1.4992503748125936e-06,,
2025-09-15 05:20:04,SGD_lr0.01_m0.95,SGD,2,openwebtext-3%,4,val_eval,10.946423530578613,1.4992503748125936e-06,,
2025-09-15 05:20:12,SGD_lr0.01_m0.95,SGD,2,openwebtext-3%,4,train_iter,10.933226346969604,1.4992503748125936e-06,,19971.275091171265
2025-09-15 05:20:24,SGD_lr0.01_m0.95,SGD,2,openwebtext-3%,5,train_eval,10.945025444030762,1.7991004497751123e-06,,
2025-09-15 05:20:24,SGD_lr0.01_m0.95,SGD,2,openwebtext-3%,5,val_eval,10.94510269165039,1.7991004497751123e-06,,
2025-09-15 05:20:31,SGD_lr0.01_m0.95,SGD,2,openwebtext-3%,5,train_iter,10.939396619796753,1.7991004497751123e-06,6.840790527779811,19684.739351272583
2025-09-15 05:20:44,SGD_lr0.01_m0.95,SGD,2,openwebtext-3%,6,train_eval,10.945572853088379,2.0989505247376313e-06,6.840790527779811,
2025-09-15 05:20:44,SGD_lr0.01_m0.95,SGD,2,openwebtext-3%,6,val_eval,10.945308685302734,2.0989505247376313e-06,6.840790527779811,
2025-09-15 05:20:51,SGD_lr0.01_m0.95,SGD,2,openwebtext-3%,6,train_iter,10.978598594665527,2.0989505247376313e-06,6.840157681932235,19702.966690063477
2025-09-15 05:21:04,SGD_lr0.01_m0.95,SGD,2,openwebtext-3%,7,train_eval,10.945609092712402,2.3988005997001498e-06,6.840157681932235,
2025-09-15 05:21:04,SGD_lr0.01_m0.95,SGD,2,openwebtext-3%,7,val_eval,10.945945739746094,2.3988005997001498e-06,6.840157681932235,
2025-09-15 05:21:11,SGD_lr0.01_m0.95,SGD,2,openwebtext-3%,7,train_iter,10.936282873153687,2.3988005997001498e-06,6.835180226174787,19830.86609840393
2025-09-15 05:21:24,SGD_lr0.01_m0.95,SGD,2,openwebtext-3%,8,train_eval,10.944886207580566,2.6986506746626683e-06,6.835180226174787,
2025-09-15 05:21:24,SGD_lr0.01_m0.95,SGD,2,openwebtext-3%,8,val_eval,10.94386100769043,2.6986506746626683e-06,6.835180226174787,
2025-09-15 05:21:31,SGD_lr0.01_m0.95,SGD,2,openwebtext-3%,8,train_iter,10.935910940170288,2.6986506746626683e-06,6.834106110973659,19731.90426826477
2025-09-15 05:21:43,SGD_lr0.01_m0.95,SGD,2,openwebtext-3%,9,train_eval,10.94396686553955,2.9985007496251872e-06,6.834106110973659,
2025-09-15 05:21:43,SGD_lr0.01_m0.95,SGD,2,openwebtext-3%,9,val_eval,10.944034576416016,2.9985007496251872e-06,6.834106110973659,
2025-09-15 05:21:50,SGD_lr0.01_m0.95,SGD,2,openwebtext-3%,9,train_iter,10.94511866569519,2.9985007496251872e-06,6.832318387198019,19755.671501159668
2025-09-15 05:22:03,SGD_lr0.01_m0.95,SGD,2,openwebtext-3%,10,train_eval,10.944581031799316,3.2983508245877057e-06,6.832318387198019,
2025-09-15 05:22:03,SGD_lr0.01_m0.95,SGD,2,openwebtext-3%,10,val_eval,10.944331169128418,3.2983508245877057e-06,6.832318387198019,
2025-09-15 05:22:10,SGD_lr0.01_m0.95,SGD,2,openwebtext-3%,10,train_iter,10.945667028427124,3.2983508245877057e-06,6.831631128443,19728.993892669678
2025-09-15 05:22:23,SGD_lr0.01_m0.95,SGD,2,openwebtext-3%,11,train_eval,10.945270538330078,3.5982008995502247e-06,6.831631128443,
2025-09-15 05:22:23,SGD_lr0.01_m0.95,SGD,2,openwebtext-3%,11,val_eval,10.944361686706543,3.5982008995502247e-06,6.831631128443,
2025-09-15 05:22:30,SGD_lr0.01_m0.95,SGD,2,openwebtext-3%,11,train_iter,10.944836139678955,3.5982008995502247e-06,6.831410132665745,19717.509746551514
2025-09-15 05:22:43,SGD_lr0.01_m0.95,SGD,2,openwebtext-3%,12,train_eval,10.9435453414917,3.898050974512743e-06,6.831410132665745,
2025-09-15 05:22:43,SGD_lr0.01_m0.95,SGD,2,openwebtext-3%,12,val_eval,10.943459510803223,3.898050974512743e-06,6.831410132665745,
2025-09-15 05:22:50,SGD_lr0.01_m0.95,SGD,2,openwebtext-3%,12,train_iter,10.961449146270752,3.898050974512743e-06,6.824725506713486,19906.557321548462
2025-09-15 05:23:03,SGD_lr0.01_m0.95,SGD,2,openwebtext-3%,13,train_eval,10.94237995147705,4.1979010494752625e-06,6.824725506713486,
2025-09-15 05:23:03,SGD_lr0.01_m0.95,SGD,2,openwebtext-3%,13,val_eval,10.942645072937012,4.1979010494752625e-06,6.824725506713486,
2025-09-15 05:23:09,SGD_lr0.01_m0.95,SGD,2,openwebtext-3%,13,train_iter,10.94262957572937,4.1979010494752625e-06,6.826644878318118,19675.740480422974
2025-09-15 05:23:22,SGD_lr0.01_m0.95,SGD,2,openwebtext-3%,14,train_eval,10.942302703857422,4.497751124437781e-06,6.826644878318118,
2025-09-15 05:23:22,SGD_lr0.01_m0.95,SGD,2,openwebtext-3%,14,val_eval,10.942760467529297,4.497751124437781e-06,6.826644878318118,
2025-09-15 05:23:29,SGD_lr0.01_m0.95,SGD,2,openwebtext-3%,14,train_iter,10.948597192764282,4.497751124437781e-06,6.820154773091248,19914.859533309937
2025-09-15 05:23:42,SGD_lr0.01_m0.95,SGD,2,openwebtext-3%,15,train_eval,10.941514015197754,4.7976011994002995e-06,6.820154773091248,
2025-09-15 05:23:42,SGD_lr0.01_m0.95,SGD,2,openwebtext-3%,15,val_eval,10.941153526306152,4.7976011994002995e-06,6.820154773091248,
2025-09-15 05:23:49,SGD_lr0.01_m0.95,SGD,2,openwebtext-3%,15,train_iter,10.951189994812012,4.7976011994002995e-06,6.822164124511136,19686.299800872803
2025-09-15 05:24:02,SGD_lr0.01_m0.95,SGD,2,openwebtext-3%,16,train_eval,10.940690040588379,5.097451274362818e-06,6.822164124511136,
2025-09-15 05:24:02,SGD_lr0.01_m0.95,SGD,2,openwebtext-3%,16,val_eval,10.941246032714844,5.097451274362818e-06,6.822164124511136,
2025-09-15 05:24:09,SGD_lr0.01_m0.95,SGD,2,openwebtext-3%,16,train_iter,10.94516396522522,5.097451274362818e-06,6.823262854156082,19706.745862960815
2025-09-15 05:24:22,SGD_lr0.01_m0.95,SGD,2,openwebtext-3%,17,train_eval,10.940688133239746,5.3973013493253366e-06,6.823262854156082,
2025-09-15 05:24:22,SGD_lr0.01_m0.95,SGD,2,openwebtext-3%,17,val_eval,10.939245223999023,5.3973013493253366e-06,6.823262854156082,
2025-09-15 05:24:29,SGD_lr0.01_m0.95,SGD,2,openwebtext-3%,17,train_iter,10.943111181259155,5.3973013493253366e-06,6.817032502857409,19917.17028617859
2025-09-15 05:24:41,SGD_lr0.01_m0.95,SGD,2,openwebtext-3%,18,train_eval,10.93945598602295,5.697151424287855e-06,6.817032502857409,
2025-09-15 05:24:41,SGD_lr0.01_m0.95,SGD,2,openwebtext-3%,18,val_eval,10.938568115234375,5.697151424287855e-06,6.817032502857409,
2025-09-15 05:24:48,SGD_lr0.01_m0.95,SGD,2,openwebtext-3%,18,train_iter,10.937519073486328,5.697151424287855e-06,6.818701689555367,19705.09362220764
2025-09-15 05:25:01,SGD_lr0.01_m0.95,SGD,2,openwebtext-3%,19,train_eval,10.938848495483398,5.9970014992503744e-06,6.818701689555367,
2025-09-15 05:25:01,SGD_lr0.01_m0.95,SGD,2,openwebtext-3%,19,val_eval,10.937137603759766,5.9970014992503744e-06,6.818701689555367,
2025-09-15 05:25:08,SGD_lr0.01_m0.95,SGD,2,openwebtext-3%,19,train_iter,10.928069353103638,5.9970014992503744e-06,6.820192431692757,19705.42597770691
2025-09-15 05:25:21,SGD_lr0.01_m0.95,SGD,2,openwebtext-3%,20,train_eval,10.936054229736328,6.296851574212893e-06,6.820192431692757,
2025-09-15 05:25:21,SGD_lr0.01_m0.95,SGD,2,openwebtext-3%,20,val_eval,10.935785293579102,6.296851574212893e-06,6.820192431692757,
2025-09-15 05:25:28,SGD_lr0.01_m0.95,SGD,2,openwebtext-3%,20,train_iter,10.949931144714355,6.296851574212893e-06,6.815109496483418,19892.444372177124
2025-09-15 05:25:41,SGD_lr0.01_m0.95,SGD,2,openwebtext-3%,21,train_eval,10.935848236083984,6.5967016491754115e-06,6.815109496483418,
2025-09-15 05:25:41,SGD_lr0.01_m0.95,SGD,2,openwebtext-3%,21,val_eval,10.936326026916504,6.5967016491754115e-06,6.815109496483418,
2025-09-15 05:25:48,SGD_lr0.01_m0.95,SGD,2,openwebtext-3%,21,train_iter,10.939857959747314,6.5967016491754115e-06,6.817547840757415,19688.47393989563
2025-09-15 05:26:00,SGD_lr0.01_m0.95,SGD,2,openwebtext-3%,22,train_eval,10.934680938720703,6.89655172413793e-06,6.817547840757415,
2025-09-15 05:26:00,SGD_lr0.01_m0.95,SGD,2,openwebtext-3%,22,val_eval,10.933616638183594,6.89655172413793e-06,6.817547840757415,
2025-09-15 05:26:08,SGD_lr0.01_m0.95,SGD,2,openwebtext-3%,22,train_iter,10.939970016479492,6.89655172413793e-06,6.812254775049658,19906.400442123413
2025-09-15 05:26:20,SGD_lr0.01_m0.95,SGD,2,openwebtext-3%,23,train_eval,10.932281494140625,7.196401799100449e-06,6.812254775049658,
2025-09-15 05:26:20,SGD_lr0.01_m0.95,SGD,2,openwebtext-3%,23,val_eval,10.933758735656738,7.196401799100449e-06,6.812254775049658,
2025-09-15 05:26:28,SGD_lr0.01_m0.95,SGD,2,openwebtext-3%,23,train_iter,10.936400890350342,7.196401799100449e-06,6.806739721147087,19928.53355407715
2025-09-15 05:26:40,SGD_lr0.01_m0.95,SGD,2,openwebtext-3%,24,train_eval,10.93071174621582,7.496251874062968e-06,6.806739721147087,
2025-09-15 05:26:40,SGD_lr0.01_m0.95,SGD,2,openwebtext-3%,24,val_eval,10.930305480957031,7.496251874062968e-06,6.806739721147087,
2025-09-15 05:26:47,SGD_lr0.01_m0.95,SGD,2,openwebtext-3%,24,train_iter,10.93091607093811,7.496251874062968e-06,6.80349206781849,19878.055334091187
2025-09-15 05:27:00,SGD_lr0.01_m0.95,SGD,2,openwebtext-3%,25,train_eval,10.929876327514648,7.796101949025486e-06,6.80349206781849,
2025-09-15 05:27:00,SGD_lr0.01_m0.95,SGD,2,openwebtext-3%,25,val_eval,10.92957878112793,7.796101949025486e-06,6.80349206781849,
2025-09-15 05:27:07,SGD_lr0.01_m0.95,SGD,2,openwebtext-3%,25,train_iter,10.92727541923523,7.796101949025486e-06,6.80107014503743,19863.36612701416
2025-09-15 05:27:20,SGD_lr0.01_m0.95,SGD,2,openwebtext-3%,26,train_eval,10.928837776184082,8.095952023988006e-06,6.80107014503743,
2025-09-15 05:27:20,SGD_lr0.01_m0.95,SGD,2,openwebtext-3%,26,val_eval,10.92753791809082,8.095952023988006e-06,6.80107014503743,
2025-09-15 05:27:27,SGD_lr0.01_m0.95,SGD,2,openwebtext-3%,26,train_iter,10.940428972244263,8.095952023988006e-06,6.8053167079301975,19676.84292793274
2025-09-15 05:27:40,SGD_lr0.01_m0.95,SGD,2,openwebtext-3%,27,train_eval,10.92669677734375,8.395802098950525e-06,6.8053167079301975,
2025-09-15 05:27:40,SGD_lr0.01_m0.95,SGD,2,openwebtext-3%,27,val_eval,10.926447868347168,8.395802098950525e-06,6.8053167079301975,
2025-09-15 05:27:47,SGD_lr0.01_m0.95,SGD,2,openwebtext-3%,27,train_iter,10.943278074264526,8.395802098950525e-06,6.808746895568025,19688.112258911133
2025-09-15 05:27:59,SGD_lr0.01_m0.95,SGD,2,openwebtext-3%,28,train_eval,10.924155235290527,8.695652173913043e-06,6.808746895568025,
2025-09-15 05:27:59,SGD_lr0.01_m0.95,SGD,2,openwebtext-3%,28,val_eval,10.924803733825684,8.695652173913043e-06,6.808746895568025,
2025-09-15 05:28:06,SGD_lr0.01_m0.95,SGD,2,openwebtext-3%,28,train_iter,10.928142070770264,8.695652173913043e-06,6.812196347672293,19677.68931388855
2025-09-15 05:28:19,SGD_lr0.01_m0.95,SGD,2,openwebtext-3%,29,train_eval,10.924247741699219,8.995502248875562e-06,6.812196347672293,
2025-09-15 05:28:19,SGD_lr0.01_m0.95,SGD,2,openwebtext-3%,29,val_eval,10.923260688781738,8.995502248875562e-06,6.812196347672293,
2025-09-15 05:28:26,SGD_lr0.01_m0.95,SGD,2,openwebtext-3%,29,train_iter,10.926272869110107,8.995502248875562e-06,6.815381008623976,19675.384759902954
2025-09-15 05:28:39,SGD_lr0.01_m0.95,SGD,2,openwebtext-3%,30,train_eval,10.920463562011719,9.29535232383808e-06,6.815381008623976,
2025-09-15 05:28:39,SGD_lr0.01_m0.95,SGD,2,openwebtext-3%,30,val_eval,10.920374870300293,9.29535232383808e-06,6.815381008623976,
2025-09-15 05:28:46,SGD_lr0.01_m0.95,SGD,2,openwebtext-3%,30,train_iter,10.921162366867065,9.29535232383808e-06,6.817327655713087,19701.855659484863
2025-09-15 05:28:58,SGD_lr0.01_m0.95,SGD,2,openwebtext-3%,31,train_eval,10.919088363647461,9.595202398800599e-06,6.817327655713087,
2025-09-15 05:28:58,SGD_lr0.01_m0.95,SGD,2,openwebtext-3%,31,val_eval,10.918944358825684,9.595202398800599e-06,6.817327655713087,
2025-09-15 05:29:05,SGD_lr0.01_m0.95,SGD,2,openwebtext-3%,31,train_iter,10.926249027252197,9.595202398800599e-06,6.81971412977012,19683.58302116394
2025-09-15 05:29:18,SGD_lr0.01_m0.95,SGD,2,openwebtext-3%,32,train_eval,10.91558837890625,9.895052473763117e-06,6.81971412977012,
2025-09-15 05:29:18,SGD_lr0.01_m0.95,SGD,2,openwebtext-3%,32,val_eval,10.91670036315918,9.895052473763117e-06,6.81971412977012,
2025-09-15 05:29:25,SGD_lr0.01_m0.95,SGD,2,openwebtext-3%,32,train_iter,10.914357900619507,9.895052473763117e-06,6.821448009575895,19695.500373840332
2025-09-15 05:29:38,SGD_lr0.01_m0.95,SGD,2,openwebtext-3%,33,train_eval,10.91421127319336,1.0194902548725636e-05,6.821448009575895,
2025-09-15 05:29:38,SGD_lr0.01_m0.95,SGD,2,openwebtext-3%,33,val_eval,10.913768768310547,1.0194902548725636e-05,6.821448009575895,
2025-09-15 05:29:45,SGD_lr0.01_m0.95,SGD,2,openwebtext-3%,33,train_iter,10.90047001838684,1.0194902548725636e-05,6.823871328758238,19670.676231384277
2025-09-15 05:29:57,SGD_lr0.01_m0.95,SGD,2,openwebtext-3%,34,train_eval,10.911140441894531,1.0494752623688155e-05,6.823871328758238,
2025-09-15 05:29:57,SGD_lr0.01_m0.95,SGD,2,openwebtext-3%,34,val_eval,10.912423133850098,1.0494752623688155e-05,6.823871328758238,
2025-09-15 05:30:04,SGD_lr0.01_m0.95,SGD,2,openwebtext-3%,34,train_iter,10.917041301727295,1.0494752623688155e-05,6.8244626085417215,19716.461896896362
2025-09-15 05:30:17,SGD_lr0.01_m0.95,SGD,2,openwebtext-3%,35,train_eval,10.908988952636719,1.0794602698650673e-05,6.8244626085417215,
2025-09-15 05:30:17,SGD_lr0.01_m0.95,SGD,2,openwebtext-3%,35,val_eval,10.909306526184082,1.0794602698650673e-05,6.8244626085417215,
2025-09-15 05:30:24,SGD_lr0.01_m0.95,SGD,2,openwebtext-3%,35,train_iter,10.901492834091187,1.0794602698650673e-05,6.821431841437392,19819.856882095337
2025-09-15 05:30:37,SGD_lr0.01_m0.95,SGD,2,openwebtext-3%,36,train_eval,10.906266212463379,1.1094452773613192e-05,6.821431841437392,
2025-09-15 05:30:37,SGD_lr0.01_m0.95,SGD,2,openwebtext-3%,36,val_eval,10.905753135681152,1.1094452773613192e-05,6.821431841437392,
2025-09-15 05:30:44,SGD_lr0.01_m0.95,SGD,2,openwebtext-3%,36,train_iter,10.903631448745728,1.1094452773613192e-05,6.82391302954067,19669.059991836548
2025-09-15 05:30:57,SGD_lr0.01_m0.95,SGD,2,openwebtext-3%,37,train_eval,10.90451431274414,1.139430284857571e-05,6.82391302954067,
2025-09-15 05:30:57,SGD_lr0.01_m0.95,SGD,2,openwebtext-3%,37,val_eval,10.904104232788086,1.139430284857571e-05,6.82391302954067,
2025-09-15 05:31:04,SGD_lr0.01_m0.95,SGD,2,openwebtext-3%,37,train_iter,10.903124809265137,1.139430284857571e-05,6.826006817289219,19673.062324523926
2025-09-15 05:31:16,SGD_lr0.01_m0.95,SGD,2,openwebtext-3%,38,train_eval,10.90077018737793,1.169415292353823e-05,6.826006817289219,
2025-09-15 05:31:16,SGD_lr0.01_m0.95,SGD,2,openwebtext-3%,38,val_eval,10.900036811828613,1.169415292353823e-05,6.826006817289219,
2025-09-15 05:31:23,SGD_lr0.01_m0.95,SGD,2,openwebtext-3%,38,train_iter,10.88807463645935,1.169415292353823e-05,6.8275334131253125,19683.351755142212
2025-09-15 05:31:36,SGD_lr0.01_m0.95,SGD,2,openwebtext-3%,39,train_eval,10.897998809814453,1.1994002998500749e-05,6.8275334131253125,
2025-09-15 05:31:36,SGD_lr0.01_m0.95,SGD,2,openwebtext-3%,39,val_eval,10.897778511047363,1.1994002998500749e-05,6.8275334131253125,
2025-09-15 05:31:43,SGD_lr0.01_m0.95,SGD,2,openwebtext-3%,39,train_iter,10.903716087341309,1.1994002998500749e-05,6.8290381291082465,19679.58974838257
2025-09-15 05:31:56,SGD_lr0.01_m0.95,SGD,2,openwebtext-3%,40,train_eval,10.894591331481934,1.2293853073463267e-05,6.8290381291082465,
2025-09-15 05:31:56,SGD_lr0.01_m0.95,SGD,2,openwebtext-3%,40,val_eval,10.896092414855957,1.2293853073463267e-05,6.8290381291082465,
2025-09-15 05:32:03,SGD_lr0.01_m0.95,SGD,2,openwebtext-3%,40,train_iter,10.89667558670044,1.2293853073463267e-05,6.827674212566577,19758.077144622803
2025-09-15 05:32:15,SGD_lr0.01_m0.95,SGD,2,openwebtext-3%,41,train_eval,10.892043113708496,1.2593703148425786e-05,6.827674212566577,
2025-09-15 05:32:15,SGD_lr0.01_m0.95,SGD,2,openwebtext-3%,41,val_eval,10.891757011413574,1.2593703148425786e-05,6.827674212566577,
2025-09-15 05:32:22,SGD_lr0.01_m0.95,SGD,2,openwebtext-3%,41,train_iter,10.88624358177185,1.2593703148425786e-05,6.828592146801419,19696.074724197388
2025-09-15 05:32:35,SGD_lr0.01_m0.95,SGD,2,openwebtext-3%,42,train_eval,10.889135360717773,1.2893553223388304e-05,6.828592146801419,
2025-09-15 05:32:35,SGD_lr0.01_m0.95,SGD,2,openwebtext-3%,42,val_eval,10.8892822265625,1.2893553223388304e-05,6.828592146801419,
2025-09-15 05:32:42,SGD_lr0.01_m0.95,SGD,2,openwebtext-3%,42,train_iter,10.883468389511108,1.2893553223388304e-05,6.827668594735689,19746.610403060913
2025-09-15 05:32:55,SGD_lr0.01_m0.95,SGD,2,openwebtext-3%,43,train_eval,10.886096000671387,1.3193403298350823e-05,6.827668594735689,
2025-09-15 05:32:55,SGD_lr0.01_m0.95,SGD,2,openwebtext-3%,43,val_eval,10.885759353637695,1.3193403298350823e-05,6.827668594735689,
2025-09-15 05:33:02,SGD_lr0.01_m0.95,SGD,2,openwebtext-3%,43,train_iter,10.885008573532104,1.3193403298350823e-05,6.812441651219081,20172.4534034729
2025-09-15 05:33:16,SGD_lr0.01_m0.95,SGD,2,openwebtext-3%,44,train_eval,10.881616592407227,1.3493253373313342e-05,6.812441651219081,
2025-09-15 05:33:16,SGD_lr0.01_m0.95,SGD,2,openwebtext-3%,44,val_eval,10.883981704711914,1.3493253373313342e-05,6.812441651219081,
2025-09-15 05:33:24,SGD_lr0.01_m0.95,SGD,2,openwebtext-3%,44,train_iter,10.884455442428589,1.3493253373313342e-05,6.741150008422732,22076.993465423584
2025-09-15 05:33:38,SGD_lr0.01_m0.95,SGD,2,openwebtext-3%,45,train_eval,10.879234313964844,1.379310344827586e-05,6.741150008422732,
2025-09-15 05:33:38,SGD_lr0.01_m0.95,SGD,2,openwebtext-3%,45,val_eval,10.877540588378906,1.379310344827586e-05,6.741150008422732,
2025-09-15 05:33:46,SGD_lr0.01_m0.95,SGD,2,openwebtext-3%,45,train_iter,10.870929956436157,1.379310344827586e-05,6.691265490315203,21572.028636932373
2025-09-15 05:34:00,SGD_lr0.01_m0.95,SGD,2,openwebtext-3%,46,train_eval,10.875401496887207,1.409295352323838e-05,6.691265490315203,
2025-09-15 05:34:00,SGD_lr0.01_m0.95,SGD,2,openwebtext-3%,46,val_eval,10.875212669372559,1.409295352323838e-05,6.691265490315203,
2025-09-15 05:34:08,SGD_lr0.01_m0.95,SGD,2,openwebtext-3%,46,train_iter,10.87934136390686,1.409295352323838e-05,6.627917905711733,22229.09450531006
2025-09-15 05:34:22,SGD_lr0.01_m0.95,SGD,2,openwebtext-3%,47,train_eval,10.8720703125,1.4392803598200899e-05,6.627917905711733,
2025-09-15 05:34:22,SGD_lr0.01_m0.95,SGD,2,openwebtext-3%,47,val_eval,10.871604919433594,1.4392803598200899e-05,6.627917905711733,
2025-09-15 05:34:29,SGD_lr0.01_m0.95,SGD,2,openwebtext-3%,47,train_iter,10.880292654037476,1.4392803598200899e-05,6.599747711468977,21218.814373016357
2025-09-15 05:34:43,SGD_lr0.01_m0.95,SGD,2,openwebtext-3%,48,train_eval,10.868766784667969,1.4692653673163418e-05,6.599747711468977,
2025-09-15 05:34:43,SGD_lr0.01_m0.95,SGD,2,openwebtext-3%,48,val_eval,10.867694854736328,1.4692653673163418e-05,6.599747711468977,
2025-09-15 05:34:52,SGD_lr0.01_m0.95,SGD,2,openwebtext-3%,48,train_iter,10.86854338645935,1.4692653673163418e-05,6.543186629703659,22316.22862815857
2025-09-15 05:35:06,SGD_lr0.01_m0.95,SGD,2,openwebtext-3%,49,train_eval,10.864607810974121,1.4992503748125936e-05,6.543186629703659,
2025-09-15 05:35:06,SGD_lr0.01_m0.95,SGD,2,openwebtext-3%,49,val_eval,10.864890098571777,1.4992503748125936e-05,6.543186629703659,
2025-09-15 05:35:14,SGD_lr0.01_m0.95,SGD,2,openwebtext-3%,49,train_iter,10.867103338241577,1.4992503748125936e-05,6.4930497717368265,22287.85729408264
2025-09-15 05:35:28,SGD_lr0.01_m0.95,SGD,2,openwebtext-3%,50,train_eval,10.860411643981934,1.5292353823088455e-05,6.4930497717368265,
2025-09-15 05:35:28,SGD_lr0.01_m0.95,SGD,2,openwebtext-3%,50,val_eval,10.86056137084961,1.5292353823088455e-05,6.4930497717368265,
2025-09-15 05:35:36,SGD_lr0.01_m0.95,SGD,2,openwebtext-3%,50,train_iter,10.856348276138306,1.5292353823088455e-05,6.4463006497045505,22347.999334335327
2025-09-15 05:35:51,SGD_lr0.01_m0.95,SGD,2,openwebtext-3%,51,train_eval,10.855796813964844,1.5592203898050973e-05,6.4463006497045505,
2025-09-15 05:35:51,SGD_lr0.01_m0.95,SGD,2,openwebtext-3%,51,val_eval,10.856122970581055,1.5592203898050973e-05,6.4463006497045505,
2025-09-15 05:36:00,SGD_lr0.01_m0.95,SGD,2,openwebtext-3%,51,train_iter,10.860741138458252,1.5592203898050973e-05,6.362225608730101,24022.472858428955
2025-09-15 05:36:14,SGD_lr0.01_m0.95,SGD,2,openwebtext-3%,52,train_eval,10.851082801818848,1.589205397301349e-05,6.362225608730101,
2025-09-15 05:36:14,SGD_lr0.01_m0.95,SGD,2,openwebtext-3%,52,val_eval,10.852500915527344,1.589205397301349e-05,6.362225608730101,
2025-09-15 05:36:22,SGD_lr0.01_m0.95,SGD,2,openwebtext-3%,52,train_iter,10.859459638595581,1.589205397301349e-05,6.364360100064323,21094.648838043213
2025-09-15 05:36:36,SGD_lr0.01_m0.95,SGD,2,openwebtext-3%,53,train_eval,10.848358154296875,1.619190404797601e-05,6.364360100064323,
2025-09-15 05:36:36,SGD_lr0.01_m0.95,SGD,2,openwebtext-3%,53,val_eval,10.847764015197754,1.619190404797601e-05,6.364360100064323,
2025-09-15 05:36:45,SGD_lr0.01_m0.95,SGD,2,openwebtext-3%,53,train_iter,10.832942724227905,1.619190404797601e-05,6.3139941017859895,22976.63688659668
2025-09-15 05:36:59,SGD_lr0.01_m0.95,SGD,2,openwebtext-3%,54,train_eval,10.844603538513184,1.649175412293853e-05,6.3139941017859895,
2025-09-15 05:36:59,SGD_lr0.01_m0.95,SGD,2,openwebtext-3%,54,val_eval,10.8449068069458,1.649175412293853e-05,6.3139941017859895,
2025-09-15 05:37:08,SGD_lr0.01_m0.95,SGD,2,openwebtext-3%,54,train_iter,10.843298435211182,1.649175412293853e-05,6.258992293312551,23362.203121185303
2025-09-15 05:37:21,SGD_lr0.01_m0.95,SGD,2,openwebtext-3%,55,train_eval,10.838356971740723,1.679160419790105e-05,6.258992293312551,
2025-09-15 05:37:21,SGD_lr0.01_m0.95,SGD,2,openwebtext-3%,55,val_eval,10.839513778686523,1.679160419790105e-05,6.258992293312551,
2025-09-15 05:37:30,SGD_lr0.01_m0.95,SGD,2,openwebtext-3%,55,train_iter,10.858837366104126,1.679160419790105e-05,6.255531511347277,21634.135723114014
2025-09-15 05:37:44,SGD_lr0.01_m0.95,SGD,2,openwebtext-3%,56,train_eval,10.835829734802246,1.7091454272863564e-05,6.255531511347277,
2025-09-15 05:37:44,SGD_lr0.01_m0.95,SGD,2,openwebtext-3%,56,val_eval,10.836819648742676,1.7091454272863564e-05,6.255531511347277,
2025-09-15 05:37:53,SGD_lr0.01_m0.95,SGD,2,openwebtext-3%,56,train_iter,10.837568044662476,1.7091454272863564e-05,6.1941174734269095,23869.853258132935
2025-09-15 05:38:10,SGD_lr0.01_m0.95,SGD,2,openwebtext-3%,57,train_eval,10.831159591674805,1.7391304347826085e-05,6.1941174734269095,
2025-09-15 05:38:10,SGD_lr0.01_m0.95,SGD,2,openwebtext-3%,57,val_eval,10.83126449584961,1.7391304347826085e-05,6.1941174734269095,
2025-09-15 05:38:18,SGD_lr0.01_m0.95,SGD,2,openwebtext-3%,57,train_iter,10.850505828857422,1.7391304347826085e-05,6.114810832282657,24932.032108306885
2025-09-15 05:38:35,SGD_lr0.01_m0.95,SGD,2,openwebtext-3%,58,train_eval,10.82658576965332,1.7691154422788603e-05,6.114810832282657,
2025-09-15 05:38:35,SGD_lr0.01_m0.95,SGD,2,openwebtext-3%,58,val_eval,10.826623916625977,1.7691154422788603e-05,6.114810832282657,
2025-09-15 05:38:43,SGD_lr0.01_m0.95,SGD,2,openwebtext-3%,58,train_iter,10.820895433425903,1.7691154422788603e-05,6.047627302732135,24739.99333381653
2025-09-15 05:38:59,SGD_lr0.01_m0.95,SGD,2,openwebtext-3%,59,train_eval,10.82052230834961,1.7991004497751124e-05,6.047627302732135,
2025-09-15 05:38:59,SGD_lr0.01_m0.95,SGD,2,openwebtext-3%,59,val_eval,10.821930885314941,1.7991004497751124e-05,6.047627302732135,
2025-09-15 05:39:08,SGD_lr0.01_m0.95,SGD,2,openwebtext-3%,59,train_iter,10.832544565200806,1.7991004497751124e-05,5.982106046793137,24971.962451934814
2025-09-15 05:39:23,SGD_lr0.01_m0.95,SGD,2,openwebtext-3%,60,train_eval,10.817439079284668,1.829085457271364e-05,5.982106046793137,
2025-09-15 05:39:23,SGD_lr0.01_m0.95,SGD,2,openwebtext-3%,60,val_eval,10.817917823791504,1.829085457271364e-05,5.982106046793137,
2025-09-15 05:39:32,SGD_lr0.01_m0.95,SGD,2,openwebtext-3%,60,train_iter,10.800279378890991,1.829085457271364e-05,5.952871046426622,23666.951179504395
2025-09-15 05:39:48,SGD_lr0.01_m0.95,SGD,2,openwebtext-3%,61,train_eval,10.811312675476074,1.859070464767616e-05,5.952871046426622,
2025-09-15 05:39:48,SGD_lr0.01_m0.95,SGD,2,openwebtext-3%,61,val_eval,10.8115816116333,1.859070464767616e-05,5.952871046426622,
2025-09-15 05:39:57,SGD_lr0.01_m0.95,SGD,2,openwebtext-3%,61,train_iter,10.813907384872437,1.859070464767616e-05,5.880539538624664,25749.63903427124
2025-09-15 05:40:14,SGD_lr0.01_m0.95,SGD,2,openwebtext-3%,62,train_eval,10.80783462524414,1.8890554722638677e-05,5.880539538624664,
2025-09-15 05:40:14,SGD_lr0.01_m0.95,SGD,2,openwebtext-3%,62,val_eval,10.807063102722168,1.8890554722638677e-05,5.880539538624664,
2025-09-15 05:40:23,SGD_lr0.01_m0.95,SGD,2,openwebtext-3%,62,train_iter,10.807104110717773,1.8890554722638677e-05,5.819822658987786,25535.693407058716
2025-09-15 05:40:40,SGD_lr0.01_m0.95,SGD,2,openwebtext-3%,63,train_eval,10.802762031555176,1.9190404797601198e-05,5.819822658987786,
2025-09-15 05:40:40,SGD_lr0.01_m0.95,SGD,2,openwebtext-3%,63,val_eval,10.802128791809082,1.9190404797601198e-05,5.819822658987786,
2025-09-15 05:40:49,SGD_lr0.01_m0.95,SGD,2,openwebtext-3%,63,train_iter,10.822410583496094,1.9190404797601198e-05,5.7611435979358046,25732.534646987915
2025-09-15 05:41:04,SGD_lr0.01_m0.95,SGD,2,openwebtext-3%,64,train_eval,10.798837661743164,1.949025487256372e-05,5.7611435979358046,
2025-09-15 05:41:04,SGD_lr0.01_m0.95,SGD,2,openwebtext-3%,64,val_eval,10.79738998413086,1.949025487256372e-05,5.7611435979358046,
2025-09-15 05:41:12,SGD_lr0.01_m0.95,SGD,2,openwebtext-3%,64,train_iter,10.804694890975952,1.949025487256372e-05,5.7519832098984836,23751.34229660034
2025-09-15 05:41:29,SGD_lr0.01_m0.95,SGD,2,openwebtext-3%,65,train_eval,10.792998313903809,1.9790104947526234e-05,5.7519832098984836,
2025-09-15 05:41:29,SGD_lr0.01_m0.95,SGD,2,openwebtext-3%,65,val_eval,10.792712211608887,1.9790104947526234e-05,5.7519832098984836,
2025-09-15 05:41:39,SGD_lr0.01_m0.95,SGD,2,openwebtext-3%,65,train_iter,10.808032751083374,1.9790104947526234e-05,5.687479976043792,26367.823362350464
2025-09-15 05:41:56,SGD_lr0.01_m0.95,SGD,2,openwebtext-3%,66,train_eval,10.788819313049316,2.0089955022488755e-05,5.687479976043792,
2025-09-15 05:41:56,SGD_lr0.01_m0.95,SGD,2,openwebtext-3%,66,val_eval,10.788073539733887,2.0089955022488755e-05,5.687479976043792,
2025-09-15 05:42:05,SGD_lr0.01_m0.95,SGD,2,openwebtext-3%,66,train_iter,10.791457891464233,2.0089955022488755e-05,5.630503503484148,26312.36243247986
2025-09-15 05:42:21,SGD_lr0.01_m0.95,SGD,2,openwebtext-3%,67,train_eval,10.782614707946777,2.0389805097451272e-05,5.630503503484148,
2025-09-15 05:42:21,SGD_lr0.01_m0.95,SGD,2,openwebtext-3%,67,val_eval,10.783242225646973,2.0389805097451272e-05,5.630503503484148,
2025-09-15 05:42:29,SGD_lr0.01_m0.95,SGD,2,openwebtext-3%,67,train_iter,10.805331468582153,2.0389805097451272e-05,5.642911376298853,23400.339603424072
2025-09-15 05:42:42,SGD_lr0.01_m0.95,SGD,2,openwebtext-3%,68,train_eval,10.775981903076172,2.0689655172413793e-05,5.642911376298853,
2025-09-15 05:42:42,SGD_lr0.01_m0.95,SGD,2,openwebtext-3%,68,val_eval,10.776755332946777,2.0689655172413793e-05,5.642911376298853,
2025-09-15 05:42:50,SGD_lr0.01_m0.95,SGD,2,openwebtext-3%,68,train_iter,10.771582126617432,2.0689655172413793e-05,5.69867530441838,21717.29350090027
2025-09-15 05:43:04,SGD_lr0.01_m0.95,SGD,2,openwebtext-3%,69,train_eval,10.772103309631348,2.098950524737631e-05,5.69867530441838,
2025-09-15 05:43:04,SGD_lr0.01_m0.95,SGD,2,openwebtext-3%,69,val_eval,10.771933555603027,2.098950524737631e-05,5.69867530441838,
2025-09-15 05:43:12,SGD_lr0.01_m0.95,SGD,2,openwebtext-3%,69,train_iter,10.754072666168213,2.098950524737631e-05,5.749298809786717,21702.03447341919
2025-09-15 05:43:26,SGD_lr0.01_m0.95,SGD,2,openwebtext-3%,70,train_eval,10.766971588134766,2.128935532233883e-05,5.749298809786717,
2025-09-15 05:43:26,SGD_lr0.01_m0.95,SGD,2,openwebtext-3%,70,val_eval,10.76618766784668,2.128935532233883e-05,5.749298809786717,
2025-09-15 05:43:35,SGD_lr0.01_m0.95,SGD,2,openwebtext-3%,70,train_iter,10.752521753311157,2.128935532233883e-05,5.76035406265293,22979.96497154236
2025-09-15 05:43:49,SGD_lr0.01_m0.95,SGD,2,openwebtext-3%,71,train_eval,10.76102066040039,2.1589205397301346e-05,5.76035406265293,
2025-09-15 05:43:49,SGD_lr0.01_m0.95,SGD,2,openwebtext-3%,71,val_eval,10.760056495666504,2.1589205397301346e-05,5.76035406265293,
2025-09-15 05:43:57,SGD_lr0.01_m0.95,SGD,2,openwebtext-3%,71,train_iter,10.767107009887695,2.1589205397301346e-05,5.803496700422748,21748.05450439453
2025-09-15 05:44:10,SGD_lr0.01_m0.95,SGD,2,openwebtext-3%,72,train_eval,10.756689071655273,2.1889055472263867e-05,5.803496700422748,
2025-09-15 05:44:10,SGD_lr0.01_m0.95,SGD,2,openwebtext-3%,72,val_eval,10.75678825378418,2.1889055472263867e-05,5.803496700422748,
2025-09-15 05:44:18,SGD_lr0.01_m0.95,SGD,2,openwebtext-3%,72,train_iter,10.747673511505127,2.1889055472263867e-05,5.848377055849105,21537.54186630249
2025-09-15 05:44:32,SGD_lr0.01_m0.95,SGD,2,openwebtext-3%,73,train_eval,10.750680923461914,2.2188905547226385e-05,5.848377055849105,
2025-09-15 05:44:32,SGD_lr0.01_m0.95,SGD,2,openwebtext-3%,73,val_eval,10.749703407287598,2.2188905547226385e-05,5.848377055849105,
2025-09-15 05:44:39,SGD_lr0.01_m0.95,SGD,2,openwebtext-3%,73,train_iter,10.750290155410767,2.2188905547226385e-05,5.899681808848438,21168.08533668518
2025-09-15 05:44:53,SGD_lr0.01_m0.95,SGD,2,openwebtext-3%,74,train_eval,10.746328353881836,2.2488755622188906e-05,5.899681808848438,
2025-09-15 05:44:53,SGD_lr0.01_m0.95,SGD,2,openwebtext-3%,74,val_eval,10.742395401000977,2.2488755622188906e-05,5.899681808848438,
2025-09-15 05:45:01,SGD_lr0.01_m0.95,SGD,2,openwebtext-3%,74,train_iter,10.74992060661316,2.2488755622188906e-05,5.929433133671573,21729.052782058716
2025-09-15 05:45:17,SGD_lr0.01_m0.95,SGD,2,openwebtext-3%,75,train_eval,10.739123344421387,2.278860569715142e-05,5.929433133671573,
2025-09-15 05:45:17,SGD_lr0.01_m0.95,SGD,2,openwebtext-3%,75,val_eval,10.739480018615723,2.278860569715142e-05,5.929433133671573,
2025-09-15 05:45:26,SGD_lr0.01_m0.95,SGD,2,openwebtext-3%,75,train_iter,10.702036619186401,2.278860569715142e-05,5.871321091582958,25177.88052558899
2025-09-15 05:45:43,SGD_lr0.01_m0.95,SGD,2,openwebtext-3%,76,train_eval,10.73486614227295,2.308845577211394e-05,5.871321091582958,
2025-09-15 05:45:43,SGD_lr0.01_m0.95,SGD,2,openwebtext-3%,76,val_eval,10.735023498535156,2.308845577211394e-05,5.871321091582958,
2025-09-15 05:45:52,SGD_lr0.01_m0.95,SGD,2,openwebtext-3%,76,train_iter,10.719177722930908,2.308845577211394e-05,5.808590266200173,25678.651571273804
2025-09-15 05:46:09,SGD_lr0.01_m0.95,SGD,2,openwebtext-3%,77,train_eval,10.727712631225586,2.338830584707646e-05,5.808590266200173,
2025-09-15 05:46:09,SGD_lr0.01_m0.95,SGD,2,openwebtext-3%,77,val_eval,10.726859092712402,2.338830584707646e-05,5.808590266200173,
2025-09-15 05:46:17,SGD_lr0.01_m0.95,SGD,2,openwebtext-3%,77,train_iter,10.734362602233887,2.338830584707646e-05,5.771963695396426,24742.952585220337
2025-09-15 05:46:33,SGD_lr0.01_m0.95,SGD,2,openwebtext-3%,78,train_eval,10.7195463180542,2.368815592203898e-05,5.771963695396426,
2025-09-15 05:46:33,SGD_lr0.01_m0.95,SGD,2,openwebtext-3%,78,val_eval,10.7210054397583,2.368815592203898e-05,5.771963695396426,
2025-09-15 05:46:42,SGD_lr0.01_m0.95,SGD,2,openwebtext-3%,78,train_iter,10.70309042930603,2.368815592203898e-05,5.724353633997323,25427.239418029785
2025-09-15 05:46:59,SGD_lr0.01_m0.95,SGD,2,openwebtext-3%,79,train_eval,10.714957237243652,2.3988005997001498e-05,5.724353633997323,
2025-09-15 05:46:59,SGD_lr0.01_m0.95,SGD,2,openwebtext-3%,79,val_eval,10.716802597045898,2.3988005997001498e-05,5.724353633997323,
2025-09-15 05:47:08,SGD_lr0.01_m0.95,SGD,2,openwebtext-3%,79,train_iter,10.706489086151123,2.3988005997001498e-05,5.665834681648848,26202.544927597046
2025-09-15 05:47:25,SGD_lr0.01_m0.95,SGD,2,openwebtext-3%,80,train_eval,10.708396911621094,2.4287856071964015e-05,5.665834681648848,
2025-09-15 05:47:25,SGD_lr0.01_m0.95,SGD,2,openwebtext-3%,80,val_eval,10.710816383361816,2.4287856071964015e-05,5.665834681648848,
2025-09-15 05:47:35,SGD_lr0.01_m0.95,SGD,2,openwebtext-3%,80,train_iter,10.721625089645386,2.4287856071964015e-05,5.612448387412998,26239.267349243164
2025-09-15 05:47:51,SGD_lr0.01_m0.95,SGD,2,openwebtext-3%,81,train_eval,10.70483112335205,2.4587706146926533e-05,5.612448387412998,
2025-09-15 05:47:51,SGD_lr0.01_m0.95,SGD,2,openwebtext-3%,81,val_eval,10.702788352966309,2.4587706146926533e-05,5.612448387412998,
2025-09-15 05:48:00,SGD_lr0.01_m0.95,SGD,2,openwebtext-3%,81,train_iter,10.698331594467163,2.4587706146926533e-05,5.58327445081081,25308.502674102783
2025-09-15 05:48:17,SGD_lr0.01_m0.95,SGD,2,openwebtext-3%,82,train_eval,10.697277069091797,2.4887556221889054e-05,5.58327445081081,
2025-09-15 05:48:17,SGD_lr0.01_m0.95,SGD,2,openwebtext-3%,82,val_eval,10.697558403015137,2.4887556221889054e-05,5.58327445081081,
2025-09-15 05:48:25,SGD_lr0.01_m0.95,SGD,2,openwebtext-3%,82,train_iter,10.696638822555542,2.4887556221889054e-05,5.555969250586607,25358.481645584106
2025-09-15 05:48:40,SGD_lr0.01_m0.95,SGD,2,openwebtext-3%,83,train_eval,10.692928314208984,2.5187406296851572e-05,5.555969250586607,
2025-09-15 05:48:40,SGD_lr0.01_m0.95,SGD,2,openwebtext-3%,83,val_eval,10.692336082458496,2.5187406296851572e-05,5.555969250586607,
2025-09-15 05:48:47,SGD_lr0.01_m0.95,SGD,2,openwebtext-3%,83,train_iter,10.69642186164856,2.5187406296851572e-05,5.631713596252493,21329.063177108765
2025-09-15 05:48:59,SGD_lr0.01_m0.95,SGD,2,openwebtext-3%,84,train_eval,10.686366081237793,2.5487256371814093e-05,5.631713596252493,
2025-09-15 05:48:59,SGD_lr0.01_m0.95,SGD,2,openwebtext-3%,84,val_eval,10.684679985046387,2.5487256371814093e-05,5.631713596252493,
2025-09-15 05:49:07,SGD_lr0.01_m0.95,SGD,2,openwebtext-3%,84,train_iter,10.66707968711853,2.5487256371814093e-05,5.737130154365403,20140.833377838135
2025-09-15 05:49:20,SGD_lr0.01_m0.95,SGD,2,openwebtext-3%,85,train_eval,10.682969093322754,2.5787106446776607e-05,5.737130154365403,
2025-09-15 05:49:20,SGD_lr0.01_m0.95,SGD,2,openwebtext-3%,85,val_eval,10.678681373596191,2.5787106446776607e-05,5.737130154365403,
2025-09-15 05:49:27,SGD_lr0.01_m0.95,SGD,2,openwebtext-3%,85,train_iter,10.678551197052002,2.5787106446776607e-05,5.839668708910619,19912.586450576782
2025-09-15 05:49:39,SGD_lr0.01_m0.95,SGD,2,openwebtext-3%,86,train_eval,10.67279052734375,2.6086956521739128e-05,5.839668708910619,
2025-09-15 05:49:39,SGD_lr0.01_m0.95,SGD,2,openwebtext-3%,86,val_eval,10.674415588378906,2.6086956521739128e-05,5.839668708910619,
2025-09-15 05:49:46,SGD_lr0.01_m0.95,SGD,2,openwebtext-3%,86,train_iter,10.607761144638062,2.6086956521739128e-05,5.94019305070866,19672.88637161255
2025-09-15 05:49:59,SGD_lr0.01_m0.95,SGD,2,openwebtext-3%,87,train_eval,10.66955280303955,2.6386806596701646e-05,5.94019305070866,
2025-09-15 05:49:59,SGD_lr0.01_m0.95,SGD,2,openwebtext-3%,87,val_eval,10.665750503540039,2.6386806596701646e-05,5.94019305070866,
2025-09-15 05:50:06,SGD_lr0.01_m0.95,SGD,2,openwebtext-3%,87,train_iter,10.67664384841919,2.6386806596701646e-05,6.030363220015122,19681.562423706055
2025-09-15 05:50:19,SGD_lr0.01_m0.95,SGD,2,openwebtext-3%,88,train_eval,10.658177375793457,2.6686656671664167e-05,6.030363220015122,
2025-09-15 05:50:19,SGD_lr0.01_m0.95,SGD,2,openwebtext-3%,88,val_eval,10.660660743713379,2.6686656671664167e-05,6.030363220015122,
2025-09-15 05:50:26,SGD_lr0.01_m0.95,SGD,2,openwebtext-3%,88,train_iter,10.662825107574463,2.6686656671664167e-05,6.111567356519483,19680.095911026
2025-09-15 05:50:38,SGD_lr0.01_m0.95,SGD,2,openwebtext-3%,89,train_eval,10.65600299835205,2.6986506746626685e-05,6.111567356519483,
2025-09-15 05:50:38,SGD_lr0.01_m0.95,SGD,2,openwebtext-3%,89,val_eval,10.65283489227295,2.6986506746626685e-05,6.111567356519483,
2025-09-15 05:50:45,SGD_lr0.01_m0.95,SGD,2,openwebtext-3%,89,train_iter,10.667967796325684,2.6986506746626685e-05,6.18475853479765,19677.005767822266
2025-09-15 05:50:58,SGD_lr0.01_m0.95,SGD,2,openwebtext-3%,90,train_eval,10.648110389709473,2.7286356821589202e-05,6.18475853479765,
2025-09-15 05:50:58,SGD_lr0.01_m0.95,SGD,2,openwebtext-3%,90,val_eval,10.648723602294922,2.7286356821589202e-05,6.18475853479765,
2025-09-15 05:51:05,SGD_lr0.01_m0.95,SGD,2,openwebtext-3%,90,train_iter,10.656378269195557,2.7286356821589202e-05,6.250502292688119,19680.69553375244
2025-09-15 05:51:18,SGD_lr0.01_m0.95,SGD,2,openwebtext-3%,91,train_eval,10.639479637145996,2.758620689655172e-05,6.250502292688119,
2025-09-15 05:51:18,SGD_lr0.01_m0.95,SGD,2,openwebtext-3%,91,val_eval,10.642553329467773,2.758620689655172e-05,6.250502292688119,
2025-09-15 05:51:25,SGD_lr0.01_m0.95,SGD,2,openwebtext-3%,91,train_iter,10.648969411849976,2.758620689655172e-05,6.31076878002205,19649.189233779907
2025-09-15 05:51:37,SGD_lr0.01_m0.95,SGD,2,openwebtext-3%,92,train_eval,10.635274887084961,2.788605697151424e-05,6.31076878002205,
2025-09-15 05:51:37,SGD_lr0.01_m0.95,SGD,2,openwebtext-3%,92,val_eval,10.636374473571777,2.788605697151424e-05,6.31076878002205,
2025-09-15 05:51:44,SGD_lr0.01_m0.95,SGD,2,openwebtext-3%,92,train_iter,10.643798112869263,2.788605697151424e-05,6.364712616020393,19657.679796218872
2025-09-15 05:51:57,SGD_lr0.01_m0.95,SGD,2,openwebtext-3%,93,train_eval,10.630814552307129,2.818590704647676e-05,6.364712616020393,
2025-09-15 05:51:57,SGD_lr0.01_m0.95,SGD,2,openwebtext-3%,93,val_eval,10.628012657165527,2.818590704647676e-05,6.364712616020393,
2025-09-15 05:52:04,SGD_lr0.01_m0.95,SGD,2,openwebtext-3%,93,train_iter,10.636634826660156,2.818590704647676e-05,6.412636942238699,19675.63509941101
2025-09-15 05:52:17,SGD_lr0.01_m0.95,SGD,2,openwebtext-3%,94,train_eval,10.622810363769531,2.8485757121439276e-05,6.412636942238699,
2025-09-15 05:52:17,SGD_lr0.01_m0.95,SGD,2,openwebtext-3%,94,val_eval,10.622900009155273,2.8485757121439276e-05,6.412636942238699,
2025-09-15 05:52:24,SGD_lr0.01_m0.95,SGD,2,openwebtext-3%,94,train_iter,10.628074407577515,2.8485757121439276e-05,6.4561517530825245,19664.63279724121
2025-09-15 05:52:37,SGD_lr0.01_m0.95,SGD,2,openwebtext-3%,95,train_eval,10.616389274597168,2.8785607196401797e-05,6.4561517530825245,
2025-09-15 05:52:37,SGD_lr0.01_m0.95,SGD,2,openwebtext-3%,95,val_eval,10.617837905883789,2.8785607196401797e-05,6.4561517530825245,
2025-09-15 05:52:44,SGD_lr0.01_m0.95,SGD,2,openwebtext-3%,95,train_iter,10.634615421295166,2.8785607196401797e-05,6.468305045138751,20472.124338150024
2025-09-15 05:52:57,SGD_lr0.01_m0.95,SGD,2,openwebtext-3%,96,train_eval,10.610163688659668,2.9085457271364315e-05,6.468305045138751,
2025-09-15 05:52:57,SGD_lr0.01_m0.95,SGD,2,openwebtext-3%,96,val_eval,10.609489440917969,2.9085457271364315e-05,6.468305045138751,
2025-09-15 05:53:05,SGD_lr0.01_m0.95,SGD,2,openwebtext-3%,96,train_iter,10.608038902282715,2.9085457271364315e-05,6.470870029571889,20736.08160018921
2025-09-15 05:53:18,SGD_lr0.01_m0.95,SGD,2,openwebtext-3%,97,train_eval,10.604670524597168,2.9385307346326836e-05,6.470870029571889,
2025-09-15 05:53:18,SGD_lr0.01_m0.95,SGD,2,openwebtext-3%,97,val_eval,10.605449676513672,2.9385307346326836e-05,6.470870029571889,
2025-09-15 05:53:25,SGD_lr0.01_m0.95,SGD,2,openwebtext-3%,97,train_iter,10.604852437973022,2.9385307346326836e-05,6.48990014539906,20215.540885925293
2025-09-15 05:53:38,SGD_lr0.01_m0.95,SGD,2,openwebtext-3%,98,train_eval,10.600093841552734,2.9685157421289354e-05,6.48990014539906,
2025-09-15 05:53:38,SGD_lr0.01_m0.95,SGD,2,openwebtext-3%,98,val_eval,10.597062110900879,2.9685157421289354e-05,6.48990014539906,
2025-09-15 05:53:45,SGD_lr0.01_m0.95,SGD,2,openwebtext-3%,98,train_iter,10.615341663360596,2.9685157421289354e-05,6.507228685172761,20209.429502487183
2025-09-15 05:53:58,SGD_lr0.01_m0.95,SGD,2,openwebtext-3%,99,train_eval,10.589944839477539,2.998500749625187e-05,6.507228685172761,
2025-09-15 05:53:58,SGD_lr0.01_m0.95,SGD,2,openwebtext-3%,99,val_eval,10.591643333435059,2.998500749625187e-05,6.507228685172761,
2025-09-15 05:54:06,SGD_lr0.01_m0.95,SGD,2,openwebtext-3%,99,train_iter,10.590709447860718,2.998500749625187e-05,6.517879599868012,20360.525608062744
2025-09-15 05:54:18,SGD_lr0.01_m0.95,SGD,2,openwebtext-3%,100,train_eval,10.586136817932129,3.028485757121439e-05,6.517879599868012,
2025-09-15 05:54:18,SGD_lr0.01_m0.95,SGD,2,openwebtext-3%,100,val_eval,10.586081504821777,3.028485757121439e-05,6.517879599868012,
2025-09-15 06:13:26,SGD_lr0.01_m0.95,SGD,2,openwebtext-3%,100,train_iter,10.609023571014404,3.028485757121439e-05,5.877695349928212,1160483.8275909424
2025-09-15 06:13:39,SGD_lr0.01_m0.95,SGD,2,openwebtext-3%,101,train_eval,10.579440116882324,3.058470764617691e-05,5.877695349928212,
2025-09-15 06:13:39,SGD_lr0.01_m0.95,SGD,2,openwebtext-3%,101,val_eval,10.578741073608398,3.058470764617691e-05,5.877695349928212,
2025-09-15 06:13:48,SGD_lr0.01_m0.95,SGD,2,openwebtext-3%,101,train_iter,10.555782318115234,3.058470764617691e-05,5.916544063272413,21489.827156066895
2025-09-15 06:14:01,SGD_lr0.01_m0.95,SGD,2,openwebtext-3%,102,train_eval,10.571532249450684,3.0884557721139424e-05,5.916544063272413,
2025-09-15 06:14:01,SGD_lr0.01_m0.95,SGD,2,openwebtext-3%,102,val_eval,10.572975158691406,3.0884557721139424e-05,5.916544063272413,
2025-09-15 06:14:09,SGD_lr0.01_m0.95,SGD,2,openwebtext-3%,102,train_iter,10.599743127822876,3.0884557721139424e-05,5.967892506497117,20942.23666191101
2025-09-15 06:14:22,SGD_lr0.01_m0.95,SGD,2,openwebtext-3%,103,train_eval,10.566374778747559,3.1184407796101945e-05,5.967892506497117,
2025-09-15 06:14:22,SGD_lr0.01_m0.95,SGD,2,openwebtext-3%,103,val_eval,10.56469440460205,3.1184407796101945e-05,5.967892506497117,
2025-09-15 06:14:30,SGD_lr0.01_m0.95,SGD,2,openwebtext-3%,103,train_iter,10.554567575454712,3.1184407796101945e-05,6.005442871689418,21228.246688842773
2025-09-15 06:14:43,SGD_lr0.01_m0.95,SGD,2,openwebtext-3%,104,train_eval,10.560127258300781,3.1484257871064466e-05,6.005442871689418,
2025-09-15 06:14:43,SGD_lr0.01_m0.95,SGD,2,openwebtext-3%,104,val_eval,10.558618545532227,3.1484257871064466e-05,6.005442871689418,
2025-09-15 06:14:52,SGD_lr0.01_m0.95,SGD,2,openwebtext-3%,104,train_iter,10.531622171401978,3.1484257871064466e-05,6.019644080577699,21904.866218566895
2025-09-15 06:15:04,SGD_lr0.01_m0.95,SGD,2,openwebtext-3%,105,train_eval,10.550859451293945,3.178410794602698e-05,6.019644080577699,
2025-09-15 06:15:04,SGD_lr0.01_m0.95,SGD,2,openwebtext-3%,105,val_eval,10.554625511169434,3.178410794602698e-05,6.019644080577699,
2025-09-15 06:15:12,SGD_lr0.01_m0.95,SGD,2,openwebtext-3%,105,train_iter,10.571669340133667,3.178410794602698e-05,6.092900682771063,19942.978143692017
2025-09-15 06:15:24,SGD_lr0.01_m0.95,SGD,2,openwebtext-3%,106,train_eval,10.547286033630371,3.20839580209895e-05,6.092900682771063,
2025-09-15 06:15:24,SGD_lr0.01_m0.95,SGD,2,openwebtext-3%,106,val_eval,10.546355247497559,3.20839580209895e-05,6.092900682771063,
2025-09-15 06:15:31,SGD_lr0.01_m0.95,SGD,2,openwebtext-3%,106,train_iter,10.542091131210327,3.20839580209895e-05,6.163763791369066,19798.360586166382
2025-09-15 06:15:44,SGD_lr0.01_m0.95,SGD,2,openwebtext-3%,107,train_eval,10.5402193069458,3.238380809595202e-05,6.163763791369066,
2025-09-15 06:15:44,SGD_lr0.01_m0.95,SGD,2,openwebtext-3%,107,val_eval,10.537812232971191,3.238380809595202e-05,6.163763791369066,
2025-09-15 06:15:53,SGD_lr0.01_m0.95,SGD,2,openwebtext-3%,107,train_iter,10.511358976364136,3.238380809595202e-05,6.170619961296347,21606.57024383545
2025-09-15 06:16:07,SGD_lr0.01_m0.95,SGD,2,openwebtext-3%,108,train_eval,10.533598899841309,3.2683658170914544e-05,6.170619961296347,
2025-09-15 06:16:07,SGD_lr0.01_m0.95,SGD,2,openwebtext-3%,108,val_eval,10.533319473266602,3.2683658170914544e-05,6.170619961296347,
2025-09-15 06:16:16,SGD_lr0.01_m0.95,SGD,2,openwebtext-3%,108,train_iter,10.556936264038086,3.2683658170914544e-05,6.144021137841655,22805.686235427856
2025-09-15 06:16:29,SGD_lr0.01_m0.95,SGD,2,openwebtext-3%,109,train_eval,10.524670600891113,3.298350824587706e-05,6.144021137841655,
2025-09-15 06:16:29,SGD_lr0.01_m0.95,SGD,2,openwebtext-3%,109,val_eval,10.527812957763672,3.298350824587706e-05,6.144021137841655,
2025-09-15 06:16:39,SGD_lr0.01_m0.95,SGD,2,openwebtext-3%,109,train_iter,10.549010038375854,3.298350824587706e-05,6.110284970016129,23190.472841262817
2025-09-15 06:16:53,SGD_lr0.01_m0.95,SGD,2,openwebtext-3%,110,train_eval,10.517861366271973,3.328335832083958e-05,6.110284970016129,
2025-09-15 06:16:53,SGD_lr0.01_m0.95,SGD,2,openwebtext-3%,110,val_eval,10.519983291625977,3.328335832083958e-05,6.110284970016129,
2025-09-15 06:17:02,SGD_lr0.01_m0.95,SGD,2,openwebtext-3%,110,train_iter,10.523828268051147,3.328335832083958e-05,6.08595901743048,22951.865434646606
2025-09-15 06:17:15,SGD_lr0.01_m0.95,SGD,2,openwebtext-3%,111,train_eval,10.514446258544922,3.35832083958021e-05,6.08595901743048,
2025-09-15 06:17:15,SGD_lr0.01_m0.95,SGD,2,openwebtext-3%,111,val_eval,10.511723518371582,3.35832083958021e-05,6.08595901743048,
2025-09-15 06:17:24,SGD_lr0.01_m0.95,SGD,2,openwebtext-3%,111,train_iter,10.501078367233276,3.35832083958021e-05,6.08947897447226,21998.969078063965
2025-09-15 06:17:37,SGD_lr0.01_m0.95,SGD,2,openwebtext-3%,112,train_eval,10.507153511047363,3.3883058470764614e-05,6.08947897447226,
2025-09-15 06:17:37,SGD_lr0.01_m0.95,SGD,2,openwebtext-3%,112,val_eval,10.5067138671875,3.3883058470764614e-05,6.08947897447226,
2025-09-15 06:17:46,SGD_lr0.01_m0.95,SGD,2,openwebtext-3%,112,train_iter,10.498346090316772,3.3883058470764614e-05,6.083675345648794,22326.197147369385
2025-09-15 06:18:00,SGD_lr0.01_m0.95,SGD,2,openwebtext-3%,113,train_eval,10.500300407409668,3.418290854572713e-05,6.083675345648794,
2025-09-15 06:18:00,SGD_lr0.01_m0.95,SGD,2,openwebtext-3%,113,val_eval,10.499567985534668,3.418290854572713e-05,6.083675345648794,
2025-09-15 06:18:09,SGD_lr0.01_m0.95,SGD,2,openwebtext-3%,113,train_iter,10.47672152519226,3.418290854572713e-05,6.0704036728887925,22628.149032592773
2025-09-15 06:18:22,SGD_lr0.01_m0.95,SGD,2,openwebtext-3%,114,train_eval,10.493718147277832,3.448275862068965e-05,6.0704036728887925,
2025-09-15 06:18:22,SGD_lr0.01_m0.95,SGD,2,openwebtext-3%,114,val_eval,10.493084907531738,3.448275862068965e-05,6.0704036728887925,
2025-09-15 06:18:31,SGD_lr0.01_m0.95,SGD,2,openwebtext-3%,114,train_iter,10.505331754684448,3.448275862068965e-05,6.067932827259003,22273.563861846924
2025-09-15 06:18:45,SGD_lr0.01_m0.95,SGD,2,openwebtext-3%,115,train_eval,10.48623275756836,3.478260869565217e-05,6.067932827259003,
2025-09-15 06:18:45,SGD_lr0.01_m0.95,SGD,2,openwebtext-3%,115,val_eval,10.485721588134766,3.478260869565217e-05,6.067932827259003,
2025-09-15 06:18:55,SGD_lr0.01_m0.95,SGD,2,openwebtext-3%,115,train_iter,10.528993606567383,3.478260869565217e-05,6.037794188679841,23351.789474487305
2025-09-15 06:19:08,SGD_lr0.01_m0.95,SGD,2,openwebtext-3%,116,train_eval,10.480426788330078,3.508245877061469e-05,6.037794188679841,
2025-09-15 06:19:08,SGD_lr0.01_m0.95,SGD,2,openwebtext-3%,116,val_eval,10.481889724731445,3.508245877061469e-05,6.037794188679841,
2025-09-15 06:19:19,SGD_lr0.01_m0.95,SGD,2,openwebtext-3%,116,train_iter,10.478676557540894,3.508245877061469e-05,5.996765322659457,23928.75099182129
2025-09-15 06:19:32,SGD_lr0.01_m0.95,SGD,2,openwebtext-3%,117,train_eval,10.474712371826172,3.5382308845577206e-05,5.996765322659457,
2025-09-15 06:19:32,SGD_lr0.01_m0.95,SGD,2,openwebtext-3%,117,val_eval,10.473377227783203,3.5382308845577206e-05,5.996765322659457,
2025-09-15 06:19:41,SGD_lr0.01_m0.95,SGD,2,openwebtext-3%,117,train_iter,10.48432469367981,3.5382308845577206e-05,5.996272939947525,22473.75512123108
2025-09-15 06:19:54,SGD_lr0.01_m0.95,SGD,2,openwebtext-3%,118,train_eval,10.467942237854004,3.568215892053973e-05,5.996272939947525,
2025-09-15 06:19:54,SGD_lr0.01_m0.95,SGD,2,openwebtext-3%,118,val_eval,10.4663724899292,3.568215892053973e-05,5.996272939947525,
2025-09-15 06:20:04,SGD_lr0.01_m0.95,SGD,2,openwebtext-3%,118,train_iter,10.44062614440918,3.568215892053973e-05,5.992586347990422,22596.070051193237
2025-09-15 06:20:17,SGD_lr0.01_m0.95,SGD,2,openwebtext-3%,119,train_eval,10.461930274963379,3.598200899550225e-05,5.992586347990422,
2025-09-15 06:20:17,SGD_lr0.01_m0.95,SGD,2,openwebtext-3%,119,val_eval,10.46121597290039,3.598200899550225e-05,5.992586347990422,
2025-09-15 06:20:26,SGD_lr0.01_m0.95,SGD,2,openwebtext-3%,119,train_iter,10.424463748931885,3.598200899550225e-05,5.98183629426247,22881.42991065979
2025-09-15 06:20:40,SGD_lr0.01_m0.95,SGD,2,openwebtext-3%,120,train_eval,10.454097747802734,3.628185907046477e-05,5.98183629426247,
2025-09-15 06:20:40,SGD_lr0.01_m0.95,SGD,2,openwebtext-3%,120,val_eval,10.451943397521973,3.628185907046477e-05,5.98183629426247,
2025-09-15 06:20:49,SGD_lr0.01_m0.95,SGD,2,openwebtext-3%,120,train_iter,10.443874597549438,3.628185907046477e-05,5.990153095857866,22202.651739120483
2025-09-15 06:21:02,SGD_lr0.01_m0.95,SGD,2,openwebtext-3%,121,train_eval,10.448646545410156,3.658170914542728e-05,5.990153095857866,
2025-09-15 06:21:02,SGD_lr0.01_m0.95,SGD,2,openwebtext-3%,121,val_eval,10.447266578674316,3.658170914542728e-05,5.990153095857866,
2025-09-15 06:21:11,SGD_lr0.01_m0.95,SGD,2,openwebtext-3%,121,train_iter,10.472338199615479,3.658170914542728e-05,5.992648121595809,22386.84368133545
2025-09-15 06:21:25,SGD_lr0.01_m0.95,SGD,2,openwebtext-3%,122,train_eval,10.43859577178955,3.68815592203898e-05,5.992648121595809,
2025-09-15 06:21:25,SGD_lr0.01_m0.95,SGD,2,openwebtext-3%,122,val_eval,10.439104080200195,3.68815592203898e-05,5.992648121595809,
2025-09-15 06:21:35,SGD_lr0.01_m0.95,SGD,2,openwebtext-3%,122,train_iter,10.413798093795776,3.68815592203898e-05,5.963559020196977,23617.13695526123
2025-09-15 06:21:48,SGD_lr0.01_m0.95,SGD,2,openwebtext-3%,123,train_eval,10.434871673583984,3.718140929535232e-05,5.963559020196977,
2025-09-15 06:21:48,SGD_lr0.01_m0.95,SGD,2,openwebtext-3%,123,val_eval,10.438892364501953,3.718140929535232e-05,5.963559020196977,
2025-09-15 06:21:58,SGD_lr0.01_m0.95,SGD,2,openwebtext-3%,123,train_iter,10.432770252227783,3.718140929535232e-05,5.945381535366238,23290.24648666382
2025-09-15 06:22:12,SGD_lr0.01_m0.95,SGD,2,openwebtext-3%,124,train_eval,10.430381774902344,3.748125937031484e-05,5.945381535366238,
2025-09-15 06:22:12,SGD_lr0.01_m0.95,SGD,2,openwebtext-3%,124,val_eval,10.42462158203125,3.748125937031484e-05,5.945381535366238,
2025-09-15 06:22:20,SGD_lr0.01_m0.95,SGD,2,openwebtext-3%,124,train_iter,10.372132062911987,3.748125937031484e-05,5.962104273702386,22029.738903045654
2025-09-15 06:22:33,SGD_lr0.01_m0.95,SGD,2,openwebtext-3%,125,train_eval,10.420910835266113,3.7781109445277354e-05,5.962104273702386,
2025-09-15 06:22:33,SGD_lr0.01_m0.95,SGD,2,openwebtext-3%,125,val_eval,10.420292854309082,3.7781109445277354e-05,5.962104273702386,
2025-09-15 06:22:43,SGD_lr0.01_m0.95,SGD,2,openwebtext-3%,125,train_iter,10.462483167648315,3.7781109445277354e-05,5.953308699232954,22924.033641815186
2025-09-15 06:22:57,SGD_lr0.01_m0.95,SGD,2,openwebtext-3%,126,train_eval,10.414080619812012,3.8080959520239875e-05,5.953308699232954,
2025-09-15 06:22:57,SGD_lr0.01_m0.95,SGD,2,openwebtext-3%,126,val_eval,10.411208152770996,3.8080959520239875e-05,5.953308699232954,
2025-09-15 06:23:07,SGD_lr0.01_m0.95,SGD,2,openwebtext-3%,126,train_iter,10.409445762634277,3.8080959520239875e-05,5.908706668883832,24451.085329055786
2025-09-15 06:23:21,SGD_lr0.01_m0.95,SGD,2,openwebtext-3%,127,train_eval,10.41090202331543,3.8380809595202396e-05,5.908706668883832,
2025-09-15 06:23:21,SGD_lr0.01_m0.95,SGD,2,openwebtext-3%,127,val_eval,10.408696174621582,3.8380809595202396e-05,5.908706668883832,
2025-09-15 06:23:30,SGD_lr0.01_m0.95,SGD,2,openwebtext-3%,127,train_iter,10.374685525894165,3.8380809595202396e-05,5.917015765528744,22473.91963005066
2025-09-15 06:23:44,SGD_lr0.01_m0.95,SGD,2,openwebtext-3%,128,train_eval,10.401579856872559,3.868065967016492e-05,5.917015765528744,
2025-09-15 06:23:44,SGD_lr0.01_m0.95,SGD,2,openwebtext-3%,128,val_eval,10.401424407958984,3.868065967016492e-05,5.917015765528744,
2025-09-15 06:23:53,SGD_lr0.01_m0.95,SGD,2,openwebtext-3%,128,train_iter,10.42434573173523,3.868065967016492e-05,5.911732439593933,22962.992429733276
2025-09-15 06:24:06,SGD_lr0.01_m0.95,SGD,2,openwebtext-3%,129,train_eval,10.393942832946777,3.898050974512744e-05,5.911732439593933,
2025-09-15 06:24:06,SGD_lr0.01_m0.95,SGD,2,openwebtext-3%,129,val_eval,10.394221305847168,3.898050974512744e-05,5.911732439593933,
2025-09-15 06:24:15,SGD_lr0.01_m0.95,SGD,2,openwebtext-3%,129,train_iter,10.398967266082764,3.898050974512744e-05,5.925799202171807,22248.889207839966
2025-09-15 06:24:29,SGD_lr0.01_m0.95,SGD,2,openwebtext-3%,130,train_eval,10.385235786437988,3.928035982008995e-05,5.925799202171807,
2025-09-15 06:24:29,SGD_lr0.01_m0.95,SGD,2,openwebtext-3%,130,val_eval,10.388199806213379,3.928035982008995e-05,5.925799202171807,
2025-09-15 06:24:38,SGD_lr0.01_m0.95,SGD,2,openwebtext-3%,130,train_iter,10.358383655548096,3.928035982008995e-05,5.922594321962718,22847.79119491577
2025-09-15 06:24:52,SGD_lr0.01_m0.95,SGD,2,openwebtext-3%,131,train_eval,10.381119728088379,3.958020989505247e-05,5.922594321962718,
2025-09-15 06:24:52,SGD_lr0.01_m0.95,SGD,2,openwebtext-3%,131,val_eval,10.383610725402832,3.958020989505247e-05,5.922594321962718,
2025-09-15 06:25:01,SGD_lr0.01_m0.95,SGD,2,openwebtext-3%,131,train_iter,10.37612795829773,3.958020989505247e-05,5.916871454019745,22958.36043357849
2025-09-15 06:25:15,SGD_lr0.01_m0.95,SGD,2,openwebtext-3%,132,train_eval,10.370980262756348,3.988005997001499e-05,5.916871454019745,
2025-09-15 06:25:15,SGD_lr0.01_m0.95,SGD,2,openwebtext-3%,132,val_eval,10.373827934265137,3.988005997001499e-05,5.916871454019745,
2025-09-15 06:25:25,SGD_lr0.01_m0.95,SGD,2,openwebtext-3%,132,train_iter,10.377517938613892,3.988005997001499e-05,5.880125582030717,24265.482664108276
2025-09-15 06:25:38,SGD_lr0.01_m0.95,SGD,2,openwebtext-3%,133,train_eval,10.364323616027832,4.017991004497751e-05,5.880125582030717,
2025-09-15 06:25:38,SGD_lr0.01_m0.95,SGD,2,openwebtext-3%,133,val_eval,10.367966651916504,4.017991004497751e-05,5.880125582030717,
2025-09-15 06:25:48,SGD_lr0.01_m0.95,SGD,2,openwebtext-3%,133,train_iter,10.351070165634155,4.017991004497751e-05,5.886033326966024,22672.937393188477
2025-09-15 06:26:01,SGD_lr0.01_m0.95,SGD,2,openwebtext-3%,134,train_eval,10.36230182647705,4.0479760119940023e-05,5.886033326966024,
2025-09-15 06:26:01,SGD_lr0.01_m0.95,SGD,2,openwebtext-3%,134,val_eval,10.360067367553711,4.0479760119940023e-05,5.886033326966024,
2025-09-15 06:26:10,SGD_lr0.01_m0.95,SGD,2,openwebtext-3%,134,train_iter,10.347884893417358,4.0479760119940023e-05,5.906927014478604,22093.49250793457
2025-09-15 06:26:24,SGD_lr0.01_m0.95,SGD,2,openwebtext-3%,135,train_eval,10.355903625488281,4.0779610194902544e-05,5.906927014478604,
2025-09-15 06:26:24,SGD_lr0.01_m0.95,SGD,2,openwebtext-3%,135,val_eval,10.354265213012695,4.0779610194902544e-05,5.906927014478604,
2025-09-15 06:26:34,SGD_lr0.01_m0.95,SGD,2,openwebtext-3%,135,train_iter,10.383411645889282,4.0779610194902544e-05,5.8716894066906,24243.036031723022
2025-09-15 06:26:48,SGD_lr0.01_m0.95,SGD,2,openwebtext-3%,136,train_eval,10.349695205688477,4.1079460269865066e-05,5.8716894066906,
2025-09-15 06:26:48,SGD_lr0.01_m0.95,SGD,2,openwebtext-3%,136,val_eval,10.349339485168457,4.1079460269865066e-05,5.8716894066906,
2025-09-15 06:26:58,SGD_lr0.01_m0.95,SGD,2,openwebtext-3%,136,train_iter,10.31787395477295,4.1079460269865066e-05,5.847402972950803,23923.141479492188
2025-09-15 06:27:11,SGD_lr0.01_m0.95,SGD,2,openwebtext-3%,137,train_eval,10.340658187866211,4.1379310344827587e-05,5.847402972950803,
2025-09-15 06:27:11,SGD_lr0.01_m0.95,SGD,2,openwebtext-3%,137,val_eval,10.344714164733887,4.1379310344827587e-05,5.847402972950803,
2025-09-15 06:27:21,SGD_lr0.01_m0.95,SGD,2,openwebtext-3%,137,train_iter,10.354756116867065,4.1379310344827587e-05,5.84152211493665,23262.845754623413
2025-09-15 06:27:35,SGD_lr0.01_m0.95,SGD,2,openwebtext-3%,138,train_eval,10.335709571838379,4.16791604197901e-05,5.84152211493665,
2025-09-15 06:27:35,SGD_lr0.01_m0.95,SGD,2,openwebtext-3%,138,val_eval,10.335850715637207,4.16791604197901e-05,5.84152211493665,
2025-09-15 06:27:44,SGD_lr0.01_m0.95,SGD,2,openwebtext-3%,138,train_iter,10.31171441078186,4.16791604197901e-05,5.858207715675132,22411.901473999023
2025-09-15 06:27:58,SGD_lr0.01_m0.95,SGD,2,openwebtext-3%,139,train_eval,10.330765724182129,4.197901049475262e-05,5.858207715675132,
2025-09-15 06:27:58,SGD_lr0.01_m0.95,SGD,2,openwebtext-3%,139,val_eval,10.330273628234863,4.197901049475262e-05,5.858207715675132,
2025-09-15 06:28:07,SGD_lr0.01_m0.95,SGD,2,openwebtext-3%,139,train_iter,10.374845266342163,4.197901049475262e-05,5.850685867897557,23285.393238067627
2025-09-15 06:28:21,SGD_lr0.01_m0.95,SGD,2,openwebtext-3%,140,train_eval,10.322659492492676,4.227886056971514e-05,5.850685867897557,
2025-09-15 06:28:21,SGD_lr0.01_m0.95,SGD,2,openwebtext-3%,140,val_eval,10.324134826660156,4.227886056971514e-05,5.850685867897557,
2025-09-15 06:28:30,SGD_lr0.01_m0.95,SGD,2,openwebtext-3%,140,train_iter,10.30557632446289,4.227886056971514e-05,5.840821038443525,23410.691738128662
2025-09-15 06:28:44,SGD_lr0.01_m0.95,SGD,2,openwebtext-3%,141,train_eval,10.31970500946045,4.257871064467766e-05,5.840821038443525,
2025-09-15 06:28:44,SGD_lr0.01_m0.95,SGD,2,openwebtext-3%,141,val_eval,10.319635391235352,4.257871064467766e-05,5.840821038443525,
2025-09-15 06:28:53,SGD_lr0.01_m0.95,SGD,2,openwebtext-3%,141,train_iter,10.300359725952148,4.257871064467766e-05,5.850879788585011,22664.520978927612
2025-09-15 06:29:08,SGD_lr0.01_m0.95,SGD,2,openwebtext-3%,142,train_eval,10.308606147766113,4.287856071964017e-05,5.850879788585011,
2025-09-15 06:29:08,SGD_lr0.01_m0.95,SGD,2,openwebtext-3%,142,val_eval,10.308401107788086,4.287856071964017e-05,5.850879788585011,
2025-09-15 06:29:17,SGD_lr0.01_m0.95,SGD,2,openwebtext-3%,142,train_iter,10.268051624298096,4.287856071964017e-05,5.831981904951833,23783.38646888733
2025-09-15 06:29:32,SGD_lr0.01_m0.95,SGD,2,openwebtext-3%,143,train_eval,10.302831649780273,4.317841079460269e-05,5.831981904951833,
2025-09-15 06:29:32,SGD_lr0.01_m0.95,SGD,2,openwebtext-3%,143,val_eval,10.304553985595703,4.317841079460269e-05,5.831981904951833,
2025-09-15 06:29:41,SGD_lr0.01_m0.95,SGD,2,openwebtext-3%,143,train_iter,10.280576944351196,4.317841079460269e-05,5.810199827698035,23985.6276512146
2025-09-15 06:29:55,SGD_lr0.01_m0.95,SGD,2,openwebtext-3%,144,train_eval,10.297222137451172,4.3478260869565214e-05,5.810199827698035,
2025-09-15 06:29:55,SGD_lr0.01_m0.95,SGD,2,openwebtext-3%,144,val_eval,10.298242568969727,4.3478260869565214e-05,5.810199827698035,
2025-09-15 06:30:04,SGD_lr0.01_m0.95,SGD,2,openwebtext-3%,144,train_iter,10.313796997070312,4.3478260869565214e-05,5.8010819060367,23545.845985412598
2025-09-15 06:30:19,SGD_lr0.01_m0.95,SGD,2,openwebtext-3%,145,train_eval,10.287991523742676,4.3778110944527735e-05,5.8010819060367,
2025-09-15 06:30:19,SGD_lr0.01_m0.95,SGD,2,openwebtext-3%,145,val_eval,10.290556907653809,4.3778110944527735e-05,5.8010819060367,
2025-09-15 06:30:28,SGD_lr0.01_m0.95,SGD,2,openwebtext-3%,145,train_iter,10.296781063079834,4.3778110944527735e-05,5.797119887199454,23372.398376464844
2025-09-15 06:30:42,SGD_lr0.01_m0.95,SGD,2,openwebtext-3%,146,train_eval,10.28370475769043,4.407796101949025e-05,5.797119887199454,
2025-09-15 06:30:42,SGD_lr0.01_m0.95,SGD,2,openwebtext-3%,146,val_eval,10.286224365234375,4.407796101949025e-05,5.797119887199454,
2025-09-15 06:30:52,SGD_lr0.01_m0.95,SGD,2,openwebtext-3%,146,train_iter,10.285507440567017,4.407796101949025e-05,5.782392676644946,23834.12504196167
2025-09-15 06:31:06,SGD_lr0.01_m0.95,SGD,2,openwebtext-3%,147,train_eval,10.278151512145996,4.437781109445277e-05,5.782392676644946,
2025-09-15 06:31:06,SGD_lr0.01_m0.95,SGD,2,openwebtext-3%,147,val_eval,10.279150009155273,4.437781109445277e-05,5.782392676644946,
2025-09-15 06:31:16,SGD_lr0.01_m0.95,SGD,2,openwebtext-3%,147,train_iter,10.269837379455566,4.437781109445277e-05,5.753396642255047,24517.221212387085
2025-09-15 06:31:31,SGD_lr0.01_m0.95,SGD,2,openwebtext-3%,148,train_eval,10.270313262939453,4.467766116941529e-05,5.753396642255047,
2025-09-15 06:31:31,SGD_lr0.01_m0.95,SGD,2,openwebtext-3%,148,val_eval,10.27047348022461,4.467766116941529e-05,5.753396642255047,
2025-09-15 06:31:39,SGD_lr0.01_m0.95,SGD,2,openwebtext-3%,148,train_iter,10.31764030456543,4.467766116941529e-05,5.757957715065659,23221.073865890503
2025-09-15 06:31:54,SGD_lr0.01_m0.95,SGD,2,openwebtext-3%,149,train_eval,10.264517784118652,4.497751124437781e-05,5.757957715065659,
2025-09-15 06:31:54,SGD_lr0.01_m0.95,SGD,2,openwebtext-3%,149,val_eval,10.267995834350586,4.497751124437781e-05,5.757957715065659,
2025-09-15 06:32:02,SGD_lr0.01_m0.95,SGD,2,openwebtext-3%,149,train_iter,10.274620056152344,4.497751124437781e-05,5.777029897452577,22636.818408966064
2025-09-15 06:32:16,SGD_lr0.01_m0.95,SGD,2,openwebtext-3%,150,train_eval,10.257452011108398,4.527736131934032e-05,5.777029897452577,
2025-09-15 06:32:16,SGD_lr0.01_m0.95,SGD,2,openwebtext-3%,150,val_eval,10.259356498718262,4.527736131934032e-05,5.777029897452577,
2025-09-15 06:32:25,SGD_lr0.01_m0.95,SGD,2,openwebtext-3%,150,train_iter,10.270925760269165,4.527736131934032e-05,5.7939159963896705,22647.435188293457
2025-09-15 06:32:39,SGD_lr0.01_m0.95,SGD,2,openwebtext-3%,151,train_eval,10.251867294311523,4.557721139430284e-05,5.7939159963896705,
2025-09-15 06:32:39,SGD_lr0.01_m0.95,SGD,2,openwebtext-3%,151,val_eval,10.251747131347656,4.557721139430284e-05,5.7939159963896705,
2025-09-15 06:32:48,SGD_lr0.01_m0.95,SGD,2,openwebtext-3%,151,train_iter,10.253511667251587,4.557721139430284e-05,5.790297485479498,23387.542963027954
2025-09-15 06:33:02,SGD_lr0.01_m0.95,SGD,2,openwebtext-3%,152,train_eval,10.240362167358398,4.587706146926536e-05,5.790297485479498,
2025-09-15 06:33:02,SGD_lr0.01_m0.95,SGD,2,openwebtext-3%,152,val_eval,10.247406005859375,4.587706146926536e-05,5.790297485479498,
2025-09-15 06:33:11,SGD_lr0.01_m0.95,SGD,2,openwebtext-3%,152,train_iter,10.252535343170166,4.587706146926536e-05,5.788074402750389,23345.634937286377
2025-09-15 06:33:25,SGD_lr0.01_m0.95,SGD,2,openwebtext-3%,153,train_eval,10.239056587219238,4.617691154422788e-05,5.788074402750389,
2025-09-15 06:33:25,SGD_lr0.01_m0.95,SGD,2,openwebtext-3%,153,val_eval,10.239891052246094,4.617691154422788e-05,5.788074402750389,
2025-09-15 06:33:34,SGD_lr0.01_m0.95,SGD,2,openwebtext-3%,153,train_iter,10.233689546585083,4.617691154422788e-05,5.8137073754043,22278.321504592896
2025-09-15 06:33:47,SGD_lr0.01_m0.95,SGD,2,openwebtext-3%,154,train_eval,10.232195854187012,4.64767616191904e-05,5.8137073754043,
2025-09-15 06:33:47,SGD_lr0.01_m0.95,SGD,2,openwebtext-3%,154,val_eval,10.235995292663574,4.64767616191904e-05,5.8137073754043,
2025-09-15 06:33:56,SGD_lr0.01_m0.95,SGD,2,openwebtext-3%,154,train_iter,10.269970893859863,4.64767616191904e-05,5.834544939746071,22360.897064208984
2025-09-15 06:34:10,SGD_lr0.01_m0.95,SGD,2,openwebtext-3%,155,train_eval,10.231025695800781,4.677661169415292e-05,5.834544939746071,
2025-09-15 06:34:10,SGD_lr0.01_m0.95,SGD,2,openwebtext-3%,155,val_eval,10.22780990600586,4.677661169415292e-05,5.834544939746071,
2025-09-15 06:34:19,SGD_lr0.01_m0.95,SGD,2,openwebtext-3%,155,train_iter,10.238523483276367,4.677661169415292e-05,5.833288893101981,23129.42934036255
2025-09-15 06:34:33,SGD_lr0.01_m0.95,SGD,2,openwebtext-3%,156,train_eval,10.223223686218262,4.707646176911544e-05,5.833288893101981,
2025-09-15 06:34:33,SGD_lr0.01_m0.95,SGD,2,openwebtext-3%,156,val_eval,10.222572326660156,4.707646176911544e-05,5.833288893101981,
2025-09-15 06:34:43,SGD_lr0.01_m0.95,SGD,2,openwebtext-3%,156,train_iter,10.198252201080322,4.707646176911544e-05,5.81003026842465,24043.265104293823
2025-09-15 06:34:57,SGD_lr0.01_m0.95,SGD,2,openwebtext-3%,157,train_eval,10.214324951171875,4.737631184407796e-05,5.81003026842465,
2025-09-15 06:34:57,SGD_lr0.01_m0.95,SGD,2,openwebtext-3%,157,val_eval,10.213325500488281,4.737631184407796e-05,5.81003026842465,
2025-09-15 06:35:07,SGD_lr0.01_m0.95,SGD,2,openwebtext-3%,157,train_iter,10.188989639282227,4.737631184407796e-05,5.799654119783629,23598.464012145996
2025-09-15 06:35:21,SGD_lr0.01_m0.95,SGD,2,openwebtext-3%,158,train_eval,10.2086820602417,4.7676161919040474e-05,5.799654119783629,
2025-09-15 06:35:21,SGD_lr0.01_m0.95,SGD,2,openwebtext-3%,158,val_eval,10.206798553466797,4.7676161919040474e-05,5.799654119783629,
2025-09-15 06:35:29,SGD_lr0.01_m0.95,SGD,2,openwebtext-3%,158,train_iter,10.21518588066101,4.7676161919040474e-05,5.813019886189504,22695.449590682983
2025-09-15 06:35:44,SGD_lr0.01_m0.95,SGD,2,openwebtext-3%,159,train_eval,10.203302383422852,4.7976011994002995e-05,5.813019886189504,
2025-09-15 06:35:44,SGD_lr0.01_m0.95,SGD,2,openwebtext-3%,159,val_eval,10.203834533691406,4.7976011994002995e-05,5.813019886189504,
2025-09-15 06:35:52,SGD_lr0.01_m0.95,SGD,2,openwebtext-3%,159,train_iter,10.23349404335022,4.7976011994002995e-05,5.818626216642445,22943.81833076477
2025-09-15 06:36:07,SGD_lr0.01_m0.95,SGD,2,openwebtext-3%,160,train_eval,10.194236755371094,4.827586206896551e-05,5.818626216642445,
2025-09-15 06:36:07,SGD_lr0.01_m0.95,SGD,2,openwebtext-3%,160,val_eval,10.197368621826172,4.827586206896551e-05,5.818626216642445,
2025-09-15 06:36:17,SGD_lr0.01_m0.95,SGD,2,openwebtext-3%,160,train_iter,10.328974723815918,4.827586206896551e-05,5.792785840535571,24218.307733535767
2025-09-15 06:36:31,SGD_lr0.01_m0.95,SGD,2,openwebtext-3%,161,train_eval,10.191637992858887,4.857571214392803e-05,5.792785840535571,
2025-09-15 06:36:31,SGD_lr0.01_m0.95,SGD,2,openwebtext-3%,161,val_eval,10.192381858825684,4.857571214392803e-05,5.792785840535571,
2025-09-15 06:36:39,SGD_lr0.01_m0.95,SGD,2,openwebtext-3%,161,train_iter,10.140466690063477,4.857571214392803e-05,5.828096923834939,21910.420179367065
2025-09-15 06:36:53,SGD_lr0.01_m0.95,SGD,2,openwebtext-3%,162,train_eval,10.182758331298828,4.887556221889055e-05,5.828096923834939,
2025-09-15 06:36:53,SGD_lr0.01_m0.95,SGD,2,openwebtext-3%,162,val_eval,10.184664726257324,4.887556221889055e-05,5.828096923834939,
2025-09-15 06:37:04,SGD_lr0.01_m0.95,SGD,2,openwebtext-3%,162,train_iter,10.248615741729736,4.887556221889055e-05,5.782873428950376,25048.853397369385
2025-09-15 06:37:17,SGD_lr0.01_m0.95,SGD,2,openwebtext-3%,163,train_eval,10.179447174072266,4.9175412293853066e-05,5.782873428950376,
2025-09-15 06:37:17,SGD_lr0.01_m0.95,SGD,2,openwebtext-3%,163,val_eval,10.179678916931152,4.9175412293853066e-05,5.782873428950376,
2025-09-15 06:37:26,SGD_lr0.01_m0.95,SGD,2,openwebtext-3%,163,train_iter,10.151780843734741,4.9175412293853066e-05,5.802882030904219,22507.118701934814
2025-09-15 06:37:40,SGD_lr0.01_m0.95,SGD,2,openwebtext-3%,164,train_eval,10.170083999633789,4.947526236881559e-05,5.802882030904219,
2025-09-15 06:37:40,SGD_lr0.01_m0.95,SGD,2,openwebtext-3%,164,val_eval,10.17473030090332,4.947526236881559e-05,5.802882030904219,
2025-09-15 06:37:50,SGD_lr0.01_m0.95,SGD,2,openwebtext-3%,164,train_iter,10.186049938201904,4.947526236881559e-05,5.797206829857133,23434.760093688965
2025-09-15 06:38:04,SGD_lr0.01_m0.95,SGD,2,openwebtext-3%,165,train_eval,10.167726516723633,4.977511244377811e-05,5.797206829857133,
2025-09-15 06:38:04,SGD_lr0.01_m0.95,SGD,2,openwebtext-3%,165,val_eval,10.163610458374023,4.977511244377811e-05,5.797206829857133,
2025-09-15 06:38:11,SGD_lr0.01_m0.95,SGD,2,openwebtext-3%,165,train_iter,10.16039252281189,4.977511244377811e-05,5.841679066125363,21573.32682609558
2025-09-15 06:38:25,SGD_lr0.01_m0.95,SGD,2,openwebtext-3%,166,train_eval,10.158686637878418,5.007496251874063e-05,5.841679066125363,
2025-09-15 06:38:25,SGD_lr0.01_m0.95,SGD,2,openwebtext-3%,166,val_eval,10.161452293395996,5.007496251874063e-05,5.841679066125363,
2025-09-15 06:38:36,SGD_lr0.01_m0.95,SGD,2,openwebtext-3%,166,train_iter,10.145368576049805,5.007496251874063e-05,5.80229410195998,24717.950582504272
2025-09-15 06:38:50,SGD_lr0.01_m0.95,SGD,2,openwebtext-3%,167,train_eval,10.154460906982422,5.0374812593703144e-05,5.80229410195998,
2025-09-15 06:38:50,SGD_lr0.01_m0.95,SGD,2,openwebtext-3%,167,val_eval,10.154720306396484,5.0374812593703144e-05,5.80229410195998,
2025-09-15 06:38:58,SGD_lr0.01_m0.95,SGD,2,openwebtext-3%,167,train_iter,10.176218748092651,5.0374812593703144e-05,5.827214015332502,22252.223253250122
2025-09-15 06:39:12,SGD_lr0.01_m0.95,SGD,2,openwebtext-3%,168,train_eval,10.147564888000488,5.0674662668665665e-05,5.827214015332502,
2025-09-15 06:39:12,SGD_lr0.01_m0.95,SGD,2,openwebtext-3%,168,val_eval,10.148783683776855,5.0674662668665665e-05,5.827214015332502,
2025-09-15 06:39:22,SGD_lr0.01_m0.95,SGD,2,openwebtext-3%,168,train_iter,10.11206865310669,5.0674662668665665e-05,5.80655175707107,23958.186626434326
2025-09-15 06:39:36,SGD_lr0.01_m0.95,SGD,2,openwebtext-3%,169,train_eval,10.145221710205078,5.0974512743628186e-05,5.80655175707107,
2025-09-15 06:39:36,SGD_lr0.01_m0.95,SGD,2,openwebtext-3%,169,val_eval,10.143399238586426,5.0974512743628186e-05,5.80655175707107,
2025-09-15 06:39:46,SGD_lr0.01_m0.95,SGD,2,openwebtext-3%,169,train_iter,10.109013319015503,5.0974512743628186e-05,5.792533983551293,23764.61172103882
2025-09-15 06:40:00,SGD_lr0.01_m0.95,SGD,2,openwebtext-3%,170,train_eval,10.135915756225586,5.12743628185907e-05,5.792533983551293,
2025-09-15 06:40:00,SGD_lr0.01_m0.95,SGD,2,openwebtext-3%,170,val_eval,10.137176513671875,5.12743628185907e-05,5.792533983551293,
2025-09-15 06:40:09,SGD_lr0.01_m0.95,SGD,2,openwebtext-3%,170,train_iter,10.124907493591309,5.12743628185907e-05,5.788772165809244,23398.983240127563
2025-09-15 06:40:24,SGD_lr0.01_m0.95,SGD,2,openwebtext-3%,171,train_eval,10.130867004394531,5.1574212893553214e-05,5.788772165809244,
2025-09-15 06:40:24,SGD_lr0.01_m0.95,SGD,2,openwebtext-3%,171,val_eval,10.12967300415039,5.1574212893553214e-05,5.788772165809244,
2025-09-15 06:40:35,SGD_lr0.01_m0.95,SGD,2,openwebtext-3%,171,train_iter,10.105658769607544,5.1574212893553214e-05,5.740944590070763,25357.173442840576
2025-09-15 06:40:48,SGD_lr0.01_m0.95,SGD,2,openwebtext-3%,172,train_eval,10.121752738952637,5.1874062968515735e-05,5.740944590070763,
2025-09-15 06:40:48,SGD_lr0.01_m0.95,SGD,2,openwebtext-3%,172,val_eval,10.129464149475098,5.1874062968515735e-05,5.740944590070763,
2025-09-15 06:40:56,SGD_lr0.01_m0.95,SGD,2,openwebtext-3%,172,train_iter,10.081207752227783,5.1874062968515735e-05,5.782823125827806,21861.214637756348
2025-09-15 06:41:11,SGD_lr0.01_m0.95,SGD,2,openwebtext-3%,173,train_eval,10.118663787841797,5.2173913043478256e-05,5.782823125827806,
2025-09-15 06:41:11,SGD_lr0.01_m0.95,SGD,2,openwebtext-3%,173,val_eval,10.11605167388916,5.2173913043478256e-05,5.782823125827806,
2025-09-15 06:41:19,SGD_lr0.01_m0.95,SGD,2,openwebtext-3%,173,train_iter,10.137662887573242,5.2173913043478256e-05,5.789076865921938,23036.932945251465
2025-09-15 06:41:33,SGD_lr0.01_m0.95,SGD,2,openwebtext-3%,174,train_eval,10.116037368774414,5.247376311844078e-05,5.789076865921938,
2025-09-15 06:41:33,SGD_lr0.01_m0.95,SGD,2,openwebtext-3%,174,val_eval,10.111632347106934,5.247376311844078e-05,5.789076865921938,
2025-09-15 06:41:43,SGD_lr0.01_m0.95,SGD,2,openwebtext-3%,174,train_iter,10.09363055229187,5.247376311844078e-05,5.791259018808522,23173.555850982666
2025-09-15 06:41:56,SGD_lr0.01_m0.95,SGD,2,openwebtext-3%,175,train_eval,10.10641098022461,5.277361319340329e-05,5.791259018808522,
2025-09-15 06:41:56,SGD_lr0.01_m0.95,SGD,2,openwebtext-3%,175,val_eval,10.103524208068848,5.277361319340329e-05,5.791259018808522,
2025-09-15 06:42:06,SGD_lr0.01_m0.95,SGD,2,openwebtext-3%,175,train_iter,10.073721408843994,5.277361319340329e-05,5.784102302659928,23543.08271408081
2025-09-15 06:42:21,SGD_lr0.01_m0.95,SGD,2,openwebtext-3%,176,train_eval,10.097953796386719,5.307346326836581e-05,5.784102302659928,
2025-09-15 06:42:21,SGD_lr0.01_m0.95,SGD,2,openwebtext-3%,176,val_eval,10.104736328125,5.307346326836581e-05,5.784102302659928,
2025-09-15 06:42:30,SGD_lr0.01_m0.95,SGD,2,openwebtext-3%,176,train_iter,10.126993656158447,5.307346326836581e-05,5.774268673424732,23683.55965614319
2025-09-15 06:42:44,SGD_lr0.01_m0.95,SGD,2,openwebtext-3%,177,train_eval,10.096563339233398,5.3373313343328334e-05,5.774268673424732,
2025-09-15 06:42:44,SGD_lr0.01_m0.95,SGD,2,openwebtext-3%,177,val_eval,10.097768783569336,5.3373313343328334e-05,5.774268673424732,
2025-09-15 06:42:55,SGD_lr0.01_m0.95,SGD,2,openwebtext-3%,177,train_iter,10.113706588745117,5.3373313343328334e-05,5.731204676072065,25199.950456619263
2025-09-15 06:43:09,SGD_lr0.01_m0.95,SGD,2,openwebtext-3%,178,train_eval,10.08754825592041,5.3673163418290855e-05,5.731204676072065,
2025-09-15 06:43:09,SGD_lr0.01_m0.95,SGD,2,openwebtext-3%,178,val_eval,10.088601112365723,5.3673163418290855e-05,5.731204676072065,
2025-09-15 06:43:18,SGD_lr0.01_m0.95,SGD,2,openwebtext-3%,178,train_iter,10.072447061538696,5.3673163418290855e-05,5.757515699969784,22464.481830596924
2025-09-15 06:43:32,SGD_lr0.01_m0.95,SGD,2,openwebtext-3%,179,train_eval,10.084718704223633,5.397301349325337e-05,5.757515699969784,
2025-09-15 06:43:32,SGD_lr0.01_m0.95,SGD,2,openwebtext-3%,179,val_eval,10.085790634155273,5.397301349325337e-05,5.757515699969784,
2025-09-15 06:43:41,SGD_lr0.01_m0.95,SGD,2,openwebtext-3%,179,train_iter,10.078239440917969,5.397301349325337e-05,5.749621865630022,23713.541269302368
2025-09-15 06:43:55,SGD_lr0.01_m0.95,SGD,2,openwebtext-3%,180,train_eval,10.079702377319336,5.427286356821588e-05,5.749621865630022,
2025-09-15 06:43:55,SGD_lr0.01_m0.95,SGD,2,openwebtext-3%,180,val_eval,10.079922676086426,5.427286356821588e-05,5.749621865630022,
2025-09-15 06:44:03,SGD_lr0.01_m0.95,SGD,2,openwebtext-3%,180,train_iter,10.099036693572998,5.427286356821588e-05,5.785898919440352,22030.519247055054
2025-09-15 06:44:17,SGD_lr0.01_m0.95,SGD,2,openwebtext-3%,181,train_eval,10.071361541748047,5.4572713643178404e-05,5.785898919440352,
2025-09-15 06:44:17,SGD_lr0.01_m0.95,SGD,2,openwebtext-3%,181,val_eval,10.074320793151855,5.4572713643178404e-05,5.785898919440352,
2025-09-15 06:44:27,SGD_lr0.01_m0.95,SGD,2,openwebtext-3%,181,train_iter,9.967838525772095,5.4572713643178404e-05,5.784751295211555,23319.93794441223
2025-09-15 06:44:40,SGD_lr0.01_m0.95,SGD,2,openwebtext-3%,182,train_eval,10.067708969116211,5.4872563718140925e-05,5.784751295211555,
2025-09-15 06:44:40,SGD_lr0.01_m0.95,SGD,2,openwebtext-3%,182,val_eval,10.067601203918457,5.4872563718140925e-05,5.784751295211555,
2025-09-15 06:44:49,SGD_lr0.01_m0.95,SGD,2,openwebtext-3%,182,train_iter,10.156877040863037,5.4872563718140925e-05,5.8129743500731115,22195.414781570435
2025-09-15 06:45:03,SGD_lr0.01_m0.95,SGD,2,openwebtext-3%,183,train_eval,10.063770294189453,5.517241379310344e-05,5.8129743500731115,
2025-09-15 06:45:03,SGD_lr0.01_m0.95,SGD,2,openwebtext-3%,183,val_eval,10.061912536621094,5.517241379310344e-05,5.8129743500731115,
2025-09-15 06:45:13,SGD_lr0.01_m0.95,SGD,2,openwebtext-3%,183,train_iter,10.06619930267334,5.517241379310344e-05,5.789718486720898,24130.671501159668
2025-09-15 06:45:26,SGD_lr0.01_m0.95,SGD,2,openwebtext-3%,184,train_eval,10.057557106018066,5.547226386806596e-05,5.789718486720898,
2025-09-15 06:45:26,SGD_lr0.01_m0.95,SGD,2,openwebtext-3%,184,val_eval,10.057616233825684,5.547226386806596e-05,5.789718486720898,
2025-09-15 06:45:34,SGD_lr0.01_m0.95,SGD,2,openwebtext-3%,184,train_iter,10.135641098022461,5.547226386806596e-05,5.861967630287938,20677.95419692993
2025-09-15 06:45:47,SGD_lr0.01_m0.95,SGD,2,openwebtext-3%,185,train_eval,10.05282974243164,5.577211394302848e-05,5.861967630287938,
2025-09-15 06:45:47,SGD_lr0.01_m0.95,SGD,2,openwebtext-3%,185,val_eval,10.050225257873535,5.577211394302848e-05,5.861967630287938,
2025-09-15 06:45:55,SGD_lr0.01_m0.95,SGD,2,openwebtext-3%,185,train_iter,10.013036727905273,5.577211394302848e-05,5.89171730767962,21862.157106399536
2025-09-15 06:46:10,SGD_lr0.01_m0.95,SGD,2,openwebtext-3%,186,train_eval,10.04373836517334,5.6071964017991e-05,5.89171730767962,
2025-09-15 06:46:10,SGD_lr0.01_m0.95,SGD,2,openwebtext-3%,186,val_eval,10.041900634765625,5.6071964017991e-05,5.89171730767962,
2025-09-15 06:46:20,SGD_lr0.01_m0.95,SGD,2,openwebtext-3%,186,train_iter,10.066919326782227,5.6071964017991e-05,5.846076702176138,24774.878978729248
2025-09-15 06:46:34,SGD_lr0.01_m0.95,SGD,2,openwebtext-3%,187,train_eval,10.040888786315918,5.637181409295352e-05,5.846076702176138,
2025-09-15 06:46:34,SGD_lr0.01_m0.95,SGD,2,openwebtext-3%,187,val_eval,10.04037094116211,5.637181409295352e-05,5.846076702176138,
2025-09-15 06:46:43,SGD_lr0.01_m0.95,SGD,2,openwebtext-3%,187,train_iter,9.990480542182922,5.637181409295352e-05,5.86329971217462,22374.927520751953
2025-09-15 06:46:57,SGD_lr0.01_m0.95,SGD,2,openwebtext-3%,188,train_eval,10.03232192993164,5.667166416791604e-05,5.86329971217462,
2025-09-15 06:46:57,SGD_lr0.01_m0.95,SGD,2,openwebtext-3%,188,val_eval,10.035504341125488,5.667166416791604e-05,5.86329971217462,
2025-09-15 06:47:06,SGD_lr0.01_m0.95,SGD,2,openwebtext-3%,188,train_iter,10.014890432357788,5.667166416791604e-05,5.861101584909827,23052.874088287354
2025-09-15 06:47:19,SGD_lr0.01_m0.95,SGD,2,openwebtext-3%,189,train_eval,10.030863761901855,5.697151424287855e-05,5.861101584909827,
2025-09-15 06:47:19,SGD_lr0.01_m0.95,SGD,2,openwebtext-3%,189,val_eval,10.026789665222168,5.697151424287855e-05,5.861101584909827,
2025-09-15 06:47:29,SGD_lr0.01_m0.95,SGD,2,openwebtext-3%,189,train_iter,10.000953674316406,5.697151424287855e-05,5.849105168433876,23455.13939857483
2025-09-15 06:47:44,SGD_lr0.01_m0.95,SGD,2,openwebtext-3%,190,train_eval,10.020362854003906,5.7271364317841074e-05,5.849105168433876,
2025-09-15 06:47:44,SGD_lr0.01_m0.95,SGD,2,openwebtext-3%,190,val_eval,10.026895523071289,5.7271364317841074e-05,5.849105168433876,
2025-09-15 06:47:52,SGD_lr0.01_m0.95,SGD,2,openwebtext-3%,190,train_iter,10.06266474723816,5.7271364317841074e-05,5.851327645088763,22935.038566589355
2025-09-15 06:48:06,SGD_lr0.01_m0.95,SGD,2,openwebtext-3%,191,train_eval,10.020562171936035,5.7571214392803595e-05,5.851327645088763,
2025-09-15 06:48:06,SGD_lr0.01_m0.95,SGD,2,openwebtext-3%,191,val_eval,10.018037796020508,5.7571214392803595e-05,5.851327645088763,
2025-09-15 06:48:15,SGD_lr0.01_m0.95,SGD,2,openwebtext-3%,191,train_iter,9.93127167224884,5.7571214392803595e-05,5.84717789232726,23177.81686782837
2025-09-15 06:48:29,SGD_lr0.01_m0.95,SGD,2,openwebtext-3%,192,train_eval,10.007534980773926,5.787106446776611e-05,5.84717789232726,
2025-09-15 06:48:29,SGD_lr0.01_m0.95,SGD,2,openwebtext-3%,192,val_eval,10.011699676513672,5.787106446776611e-05,5.84717789232726,
2025-09-15 06:48:39,SGD_lr0.01_m0.95,SGD,2,openwebtext-3%,192,train_iter,9.989015460014343,5.787106446776611e-05,5.83130634132394,23672.333478927612
2025-09-15 06:48:54,SGD_lr0.01_m0.95,SGD,2,openwebtext-3%,193,train_eval,10.009164810180664,5.817091454272863e-05,5.83130634132394,
2025-09-15 06:48:54,SGD_lr0.01_m0.95,SGD,2,openwebtext-3%,193,val_eval,10.003344535827637,5.817091454272863e-05,5.83130634132394,
2025-09-15 06:49:03,SGD_lr0.01_m0.95,SGD,2,openwebtext-3%,193,train_iter,10.069659948348999,5.817091454272863e-05,5.809097426797774,24006.768465042114
2025-09-15 06:49:17,SGD_lr0.01_m0.95,SGD,2,openwebtext-3%,194,train_eval,10.002376556396484,5.847076461769115e-05,5.809097426797774,
2025-09-15 06:49:17,SGD_lr0.01_m0.95,SGD,2,openwebtext-3%,194,val_eval,9.998808860778809,5.847076461769115e-05,5.809097426797774,
2025-09-15 06:49:26,SGD_lr0.01_m0.95,SGD,2,openwebtext-3%,194,train_iter,10.100600719451904,5.847076461769115e-05,5.7993576921698615,23576.024055480957
2025-09-15 06:49:40,SGD_lr0.01_m0.95,SGD,2,openwebtext-3%,195,train_eval,9.991375923156738,5.877061469265367e-05,5.7993576921698615,
2025-09-15 06:49:40,SGD_lr0.01_m0.95,SGD,2,openwebtext-3%,195,val_eval,9.997049331665039,5.877061469265367e-05,5.7993576921698615,
2025-09-15 06:49:47,SGD_lr0.01_m0.95,SGD,2,openwebtext-3%,195,train_iter,9.96936321258545,5.877061469265367e-05,5.863757175611166,20898.93078804016
2025-09-15 06:50:01,SGD_lr0.01_m0.95,SGD,2,openwebtext-3%,196,train_eval,9.991183280944824,5.9070464767616186e-05,5.863757175611166,
2025-09-15 06:50:01,SGD_lr0.01_m0.95,SGD,2,openwebtext-3%,196,val_eval,9.991393089294434,5.9070464767616186e-05,5.863757175611166,
2025-09-15 06:50:10,SGD_lr0.01_m0.95,SGD,2,openwebtext-3%,196,train_iter,10.033797025680542,5.9070464767616186e-05,5.870153550804407,22716.85528755188
2025-09-15 06:50:24,SGD_lr0.01_m0.95,SGD,2,openwebtext-3%,197,train_eval,9.989717483520508,5.937031484257871e-05,5.870153550804407,
2025-09-15 06:50:24,SGD_lr0.01_m0.95,SGD,2,openwebtext-3%,197,val_eval,9.981151580810547,5.937031484257871e-05,5.870153550804407,
2025-09-15 06:50:31,SGD_lr0.01_m0.95,SGD,2,openwebtext-3%,197,train_iter,9.992031455039978,5.937031484257871e-05,5.920842324146398,21116.246938705444
2025-09-15 06:50:45,SGD_lr0.01_m0.95,SGD,2,openwebtext-3%,198,train_eval,9.983757019042969,5.967016491754123e-05,5.920842324146398,
2025-09-15 06:50:45,SGD_lr0.01_m0.95,SGD,2,openwebtext-3%,198,val_eval,9.977387428283691,5.967016491754123e-05,5.920842324146398,
2025-09-15 06:50:53,SGD_lr0.01_m0.95,SGD,2,openwebtext-3%,198,train_iter,9.940954446792603,5.967016491754123e-05,5.941942822915836,21960.62159538269
2025-09-15 06:51:07,SGD_lr0.01_m0.95,SGD,2,openwebtext-3%,199,train_eval,9.98032283782959,5.997001499250374e-05,5.941942822915836,
2025-09-15 06:51:07,SGD_lr0.01_m0.95,SGD,2,openwebtext-3%,199,val_eval,9.97425651550293,5.997001499250374e-05,5.941942822915836,
2025-09-15 06:51:15,SGD_lr0.01_m0.95,SGD,2,openwebtext-3%,199,train_iter,9.92721974849701,5.997001499250374e-05,5.971839747287503,21576.84278488159
2025-09-15 06:51:29,SGD_lr0.01_m0.95,SGD,2,openwebtext-3%,200,train_eval,9.970111846923828,6.026986506746626e-05,5.971839747287503,
2025-09-15 06:51:29,SGD_lr0.01_m0.95,SGD,2,openwebtext-3%,200,val_eval,9.972073554992676,6.026986506746626e-05,5.971839747287503,
2025-09-15 07:15:07,SGD_lr0.01_m0.95,SGD,2,openwebtext-3%,200,train_iter,9.977371096611023,6.026986506746626e-05,5.384057247579277,1432319.6966648102
2025-09-15 07:15:35,SGD_lr0.001_m0.0,SGD,2,openwebtext-3%,0,train_eval,10.945842742919922,2.998500749625187e-07,,
2025-09-15 07:15:35,SGD_lr0.001_m0.0,SGD,2,openwebtext-3%,0,val_eval,10.944282531738281,2.998500749625187e-07,,
2025-09-15 07:41:34,SGD_lr0.001_m0.0,SGD,2,openwebtext-3%,0,train_iter,10.945987701416016,2.998500749625187e-07,,1574443.04561615
2025-09-15 07:42:22,SGD_lr0.001_m0.0,SGD,2,openwebtext-3%,10,train_eval,10.94638442993164,3.2983508245877057e-06,,
2025-09-15 07:42:22,SGD_lr0.001_m0.0,SGD,2,openwebtext-3%,10,val_eval,10.944450378417969,3.2983508245877057e-06,,
2025-09-15 07:42:28,SGD_lr0.001_m0.0,SGD,2,openwebtext-3%,10,train_iter,10.931193828582764,3.2983508245877057e-06,6.72832202884766,20013.78321647644
2025-09-15 07:43:17,SGD_lr0.001_m0.0,SGD,2,openwebtext-3%,20,train_eval,10.945320129394531,6.296851574212893e-06,6.72832202884766,
2025-09-15 07:43:17,SGD_lr0.001_m0.0,SGD,2,openwebtext-3%,20,val_eval,10.945125579833984,6.296851574212893e-06,6.72832202884766,
2025-09-15 07:43:23,SGD_lr0.001_m0.0,SGD,2,openwebtext-3%,20,train_iter,10.909621715545654,6.296851574212893e-06,6.734907583607547,19819.790840148926
2025-09-15 07:44:11,SGD_lr0.001_m0.0,SGD,2,openwebtext-3%,30,train_eval,10.943612098693848,9.29535232383808e-06,6.734907583607547,
2025-09-15 07:44:11,SGD_lr0.001_m0.0,SGD,2,openwebtext-3%,30,val_eval,10.943737983703613,9.29535232383808e-06,6.734907583607547,
2025-09-15 07:44:17,SGD_lr0.001_m0.0,SGD,2,openwebtext-3%,30,train_iter,10.950968265533447,9.29535232383808e-06,6.731339429116079,20100.706815719604
2025-09-15 07:45:06,SGD_lr0.001_m0.0,SGD,2,openwebtext-3%,40,train_eval,10.941511154174805,1.2293853073463267e-05,6.731339429116079,
2025-09-15 07:45:06,SGD_lr0.001_m0.0,SGD,2,openwebtext-3%,40,val_eval,10.942978858947754,1.2293853073463267e-05,6.731339429116079,
2025-09-15 07:45:13,SGD_lr0.001_m0.0,SGD,2,openwebtext-3%,40,train_iter,10.925029516220093,1.2293853073463267e-05,6.683711804955698,21528.02848815918
2025-09-15 07:46:02,SGD_lr0.001_m0.0,SGD,2,openwebtext-3%,50,train_eval,10.939977645874023,1.5292353823088455e-05,6.683711804955698,
2025-09-15 07:46:02,SGD_lr0.001_m0.0,SGD,2,openwebtext-3%,50,val_eval,10.939613342285156,1.5292353823088455e-05,6.683711804955698,
2025-09-15 07:46:09,SGD_lr0.001_m0.0,SGD,2,openwebtext-3%,50,train_iter,10.939406156539917,1.5292353823088455e-05,6.659532570605014,20903.57995033264
2025-09-15 07:46:58,SGD_lr0.001_m0.0,SGD,2,openwebtext-3%,60,train_eval,10.937952041625977,1.829085457271364e-05,6.659532570605014,
2025-09-15 07:46:58,SGD_lr0.001_m0.0,SGD,2,openwebtext-3%,60,val_eval,10.937639236450195,1.829085457271364e-05,6.659532570605014,
2025-09-15 07:47:05,SGD_lr0.001_m0.0,SGD,2,openwebtext-3%,60,train_iter,10.929663181304932,1.829085457271364e-05,6.62639383860011,21279.407024383545
2025-09-15 07:47:53,SGD_lr0.001_m0.0,SGD,2,openwebtext-3%,70,train_eval,10.935507774353027,2.128935532233883e-05,6.62639383860011,
2025-09-15 07:47:53,SGD_lr0.001_m0.0,SGD,2,openwebtext-3%,70,val_eval,10.936203956604004,2.128935532233883e-05,6.62639383860011,
2025-09-15 07:47:59,SGD_lr0.001_m0.0,SGD,2,openwebtext-3%,70,train_iter,10.939449071884155,2.128935532233883e-05,6.642894340117622,19827.900171279907
2025-09-15 07:48:48,SGD_lr0.001_m0.0,SGD,2,openwebtext-3%,80,train_eval,10.933344841003418,2.4287856071964015e-05,6.642894340117622,
2025-09-15 07:48:48,SGD_lr0.001_m0.0,SGD,2,openwebtext-3%,80,val_eval,10.93327522277832,2.4287856071964015e-05,6.642894340117622,
2025-09-15 07:48:55,SGD_lr0.001_m0.0,SGD,2,openwebtext-3%,80,train_iter,10.939998626708984,2.4287856071964015e-05,6.599946045099505,21672.34230041504
2025-09-15 07:49:43,SGD_lr0.001_m0.0,SGD,2,openwebtext-3%,90,train_eval,10.929235458374023,2.7286356821589202e-05,6.599946045099505,
2025-09-15 07:49:43,SGD_lr0.001_m0.0,SGD,2,openwebtext-3%,90,val_eval,10.927696228027344,2.7286356821589202e-05,6.599946045099505,
2025-09-15 07:49:50,SGD_lr0.001_m0.0,SGD,2,openwebtext-3%,90,train_iter,10.936073064804077,2.7286356821589202e-05,6.612432589977796,20024.23095703125
2025-09-15 07:50:38,SGD_lr0.001_m0.0,SGD,2,openwebtext-3%,100,train_eval,10.923004150390625,3.028485757121439e-05,6.612432589977796,
2025-09-15 07:50:38,SGD_lr0.001_m0.0,SGD,2,openwebtext-3%,100,val_eval,10.923649787902832,3.028485757121439e-05,6.612432589977796,
2025-09-15 08:19:48,SGD_lr0.001_m0.0,SGD,2,openwebtext-3%,100,train_iter,10.932544469833374,3.028485757121439e-05,5.958827317741539,1763019.270658493
2025-09-15 08:20:36,SGD_lr0.001_m0.0,SGD,2,openwebtext-3%,110,train_eval,10.919833183288574,3.328335832083958e-05,5.958827317741539,
2025-09-15 08:20:36,SGD_lr0.001_m0.0,SGD,2,openwebtext-3%,110,val_eval,10.919804573059082,3.328335832083958e-05,5.958827317741539,
2025-09-15 08:20:43,SGD_lr0.001_m0.0,SGD,2,openwebtext-3%,110,train_iter,10.928218364715576,3.328335832083958e-05,5.998173437959438,21198.529958724976
2025-09-15 08:21:32,SGD_lr0.001_m0.0,SGD,2,openwebtext-3%,120,train_eval,10.91413688659668,3.628185907046477e-05,5.998173437959438,
2025-09-15 08:21:32,SGD_lr0.001_m0.0,SGD,2,openwebtext-3%,120,val_eval,10.914251327514648,3.628185907046477e-05,5.998173437959438,
2025-09-15 08:21:38,SGD_lr0.001_m0.0,SGD,2,openwebtext-3%,120,train_iter,10.921729803085327,3.628185907046477e-05,6.054913842134776,20509.875774383545
2025-09-15 08:22:27,SGD_lr0.001_m0.0,SGD,2,openwebtext-3%,130,train_eval,10.908988952636719,3.928035982008995e-05,6.054913842134776,
2025-09-15 08:22:27,SGD_lr0.001_m0.0,SGD,2,openwebtext-3%,130,val_eval,10.909401893615723,3.928035982008995e-05,6.054913842134776,
2025-09-15 08:22:33,SGD_lr0.001_m0.0,SGD,2,openwebtext-3%,130,train_iter,10.903218984603882,3.928035982008995e-05,6.104186711667457,20566.055297851562
2025-09-15 08:23:22,SGD_lr0.001_m0.0,SGD,2,openwebtext-3%,140,train_eval,10.904574394226074,4.227886056971514e-05,6.104186711667457,
2025-09-15 08:23:22,SGD_lr0.001_m0.0,SGD,2,openwebtext-3%,140,val_eval,10.903156280517578,4.227886056971514e-05,6.104186711667457,
2025-09-15 08:23:29,SGD_lr0.001_m0.0,SGD,2,openwebtext-3%,140,train_iter,10.919864177703857,4.227886056971514e-05,6.121207227058323,21461.70997619629
2025-09-15 08:24:18,SGD_lr0.001_m0.0,SGD,2,openwebtext-3%,150,train_eval,10.897687911987305,4.527736131934032e-05,6.121207227058323,
2025-09-15 08:24:18,SGD_lr0.001_m0.0,SGD,2,openwebtext-3%,150,val_eval,10.896873474121094,4.527736131934032e-05,6.121207227058323,
2025-09-15 08:24:24,SGD_lr0.001_m0.0,SGD,2,openwebtext-3%,150,train_iter,10.888969898223877,4.527736131934032e-05,6.167996407373404,20436.660289764404
2025-09-15 08:25:13,SGD_lr0.001_m0.0,SGD,2,openwebtext-3%,160,train_eval,10.890793800354004,4.827586206896551e-05,6.167996407373404,
2025-09-15 08:25:13,SGD_lr0.001_m0.0,SGD,2,openwebtext-3%,160,val_eval,10.889883995056152,4.827586206896551e-05,6.167996407373404,
2025-09-15 08:25:20,SGD_lr0.001_m0.0,SGD,2,openwebtext-3%,160,train_iter,10.896732807159424,4.827586206896551e-05,6.178389282982016,21470.15070915222
2025-09-15 08:26:08,SGD_lr0.001_m0.0,SGD,2,openwebtext-3%,170,train_eval,10.883277893066406,5.12743628185907e-05,6.178389282982016,
2025-09-15 08:26:08,SGD_lr0.001_m0.0,SGD,2,openwebtext-3%,170,val_eval,10.883379936218262,5.12743628185907e-05,6.178389282982016,
2025-09-15 08:26:14,SGD_lr0.001_m0.0,SGD,2,openwebtext-3%,170,train_iter,10.874989032745361,5.12743628185907e-05,6.272547094083524,18912.89258003235
2025-09-15 08:27:02,SGD_lr0.001_m0.0,SGD,2,openwebtext-3%,180,train_eval,10.876803398132324,5.427286356821588e-05,6.272547094083524,
2025-09-15 08:27:02,SGD_lr0.001_m0.0,SGD,2,openwebtext-3%,180,val_eval,10.876603126525879,5.427286356821588e-05,6.272547094083524,
2025-09-15 08:27:08,SGD_lr0.001_m0.0,SGD,2,openwebtext-3%,180,train_iter,10.871676206588745,5.427286356821588e-05,6.348031594472314,19162.041425704956
2025-09-15 08:27:56,SGD_lr0.001_m0.0,SGD,2,openwebtext-3%,190,train_eval,10.86775016784668,5.7271364317841074e-05,6.348031594472314,
2025-09-15 08:27:56,SGD_lr0.001_m0.0,SGD,2,openwebtext-3%,190,val_eval,10.867783546447754,5.7271364317841074e-05,6.348031594472314,
2025-09-15 08:28:01,SGD_lr0.001_m0.0,SGD,2,openwebtext-3%,190,train_iter,10.86804747581482,5.7271364317841074e-05,6.412244625625002,19264.100074768066
2025-09-15 08:28:49,SGD_lr0.001_m0.0,SGD,2,openwebtext-3%,200,train_eval,10.859753608703613,6.026986506746626e-05,6.412244625625002,
2025-09-15 08:28:49,SGD_lr0.001_m0.0,SGD,2,openwebtext-3%,200,val_eval,10.85997200012207,6.026986506746626e-05,6.412244625625002,
2025-09-15 08:57:40,SGD_lr0.001_m0.0,SGD,2,openwebtext-3%,200,train_iter,10.863564014434814,6.026986506746626e-05,5.778739443420509,1744452.4910449982
2025-09-15 08:58:15,SGD_lr0.001_m0.9,SGD,2,openwebtext-3%,0,train_eval,10.945842742919922,2.998500749625187e-07,,
2025-09-15 08:58:15,SGD_lr0.001_m0.9,SGD,2,openwebtext-3%,0,val_eval,10.944282531738281,2.998500749625187e-07,,
2025-09-15 09:25:11,SGD_lr0.001_m0.9,SGD,2,openwebtext-3%,0,train_iter,10.945987701416016,2.998500749625187e-07,,1633860.846042633
2025-09-15 09:26:00,SGD_lr0.001_m0.9,SGD,2,openwebtext-3%,10,train_eval,10.9454345703125,3.2983508245877057e-06,,
2025-09-15 09:26:00,SGD_lr0.001_m0.9,SGD,2,openwebtext-3%,10,val_eval,10.943498611450195,3.2983508245877057e-06,,
2025-09-15 09:26:10,SGD_lr0.001_m0.9,SGD,2,openwebtext-3%,10,train_iter,10.930207967758179,3.2983508245877057e-06,5.490897719411072,24524.073362350464
2025-09-15 09:26:59,SGD_lr0.001_m0.9,SGD,2,openwebtext-3%,20,train_eval,10.939618110656738,6.296851574212893e-06,5.490897719411072,
2025-09-15 09:26:59,SGD_lr0.001_m0.9,SGD,2,openwebtext-3%,20,val_eval,10.939444541931152,6.296851574212893e-06,5.490897719411072,
2025-09-15 09:27:09,SGD_lr0.001_m0.9,SGD,2,openwebtext-3%,20,train_iter,10.903609991073608,6.296851574212893e-06,5.504852279048472,23916.265726089478
2025-09-15 09:27:57,SGD_lr0.001_m0.9,SGD,2,openwebtext-3%,30,train_eval,10.928698539733887,9.29535232383808e-06,5.504852279048472,
2025-09-15 09:27:57,SGD_lr0.001_m0.9,SGD,2,openwebtext-3%,30,val_eval,10.928794860839844,9.29535232383808e-06,5.504852279048472,
2025-09-15 09:28:07,SGD_lr0.001_m0.9,SGD,2,openwebtext-3%,30,train_iter,10.936182737350464,9.29535232383808e-06,5.519073728365539,23845.86262702942
2025-09-15 09:28:56,SGD_lr0.001_m0.9,SGD,2,openwebtext-3%,40,train_eval,10.9134521484375,1.2293853073463267e-05,5.519073728365539,
2025-09-15 09:28:56,SGD_lr0.001_m0.9,SGD,2,openwebtext-3%,40,val_eval,10.914875030517578,1.2293853073463267e-05,5.519073728365539,
2025-09-15 09:29:05,SGD_lr0.001_m0.9,SGD,2,openwebtext-3%,40,train_iter,10.897579193115234,1.2293853073463267e-05,5.533631373367507,23771.843671798706
2025-09-15 09:29:54,SGD_lr0.001_m0.9,SGD,2,openwebtext-3%,50,train_eval,10.894408226013184,1.5292353823088455e-05,5.533631373367507,
2025-09-15 09:29:54,SGD_lr0.001_m0.9,SGD,2,openwebtext-3%,50,val_eval,10.893991470336914,1.5292353823088455e-05,5.533631373367507,
2025-09-15 09:30:04,SGD_lr0.001_m0.9,SGD,2,openwebtext-3%,50,train_iter,10.891770124435425,1.5292353823088455e-05,5.527264046916616,24617.95425415039
2025-09-15 09:30:53,SGD_lr0.001_m0.9,SGD,2,openwebtext-3%,60,train_eval,10.871284484863281,1.829085457271364e-05,5.527264046916616,
2025-09-15 09:30:53,SGD_lr0.001_m0.9,SGD,2,openwebtext-3%,60,val_eval,10.870662689208984,1.829085457271364e-05,5.527264046916616,
2025-09-15 09:31:01,SGD_lr0.001_m0.9,SGD,2,openwebtext-3%,60,train_iter,10.860774517059326,1.829085457271364e-05,5.596261457758421,21659.002780914307
2025-09-15 09:31:50,SGD_lr0.001_m0.9,SGD,2,openwebtext-3%,70,train_eval,10.843911170959473,2.128935532233883e-05,5.596261457758421,
2025-09-15 09:31:50,SGD_lr0.001_m0.9,SGD,2,openwebtext-3%,70,val_eval,10.844721794128418,2.128935532233883e-05,5.596261457758421,
2025-09-15 09:32:00,SGD_lr0.001_m0.9,SGD,2,openwebtext-3%,70,train_iter,10.8522367477417,2.128935532233883e-05,5.584991120385915,24556.89835548401
2025-09-15 09:32:48,SGD_lr0.001_m0.9,SGD,2,openwebtext-3%,80,train_eval,10.81428337097168,2.4287856071964015e-05,5.584991120385915,
2025-09-15 09:32:48,SGD_lr0.001_m0.9,SGD,2,openwebtext-3%,80,val_eval,10.814620018005371,2.4287856071964015e-05,5.584991120385915,
2025-09-15 09:32:58,SGD_lr0.001_m0.9,SGD,2,openwebtext-3%,80,train_iter,10.827343463897705,2.4287856071964015e-05,5.5805353039300405,24304.811477661133
2025-09-15 09:33:48,SGD_lr0.001_m0.9,SGD,2,openwebtext-3%,90,train_eval,10.779041290283203,2.7286356821589202e-05,5.5805353039300405,
2025-09-15 09:33:48,SGD_lr0.001_m0.9,SGD,2,openwebtext-3%,90,val_eval,10.777705192565918,2.7286356821589202e-05,5.5805353039300405,
2025-09-15 09:33:59,SGD_lr0.001_m0.9,SGD,2,openwebtext-3%,90,train_iter,10.785932540893555,2.7286356821589202e-05,5.545678802373717,25737.756729125977
2025-09-15 09:34:48,SGD_lr0.001_m0.9,SGD,2,openwebtext-3%,100,train_eval,10.73910140991211,3.028485757121439e-05,5.545678802373717,
2025-09-15 09:34:48,SGD_lr0.001_m0.9,SGD,2,openwebtext-3%,100,val_eval,10.739747047424316,3.028485757121439e-05,5.545678802373717,
2025-09-15 10:09:20,SGD_lr0.001_m0.9,SGD,2,openwebtext-3%,100,train_iter,10.75540542602539,3.028485757121439e-05,4.9975633424784665,2086956.0778141022
2025-09-15 10:10:09,SGD_lr0.001_m0.9,SGD,2,openwebtext-3%,110,train_eval,10.700199127197266,3.328335832083958e-05,4.9975633424784665,
2025-09-15 10:10:09,SGD_lr0.001_m0.9,SGD,2,openwebtext-3%,110,val_eval,10.699816703796387,3.328335832083958e-05,4.9975633424784665,
2025-09-15 10:10:17,SGD_lr0.001_m0.9,SGD,2,openwebtext-3%,110,train_iter,10.730472803115845,3.328335832083958e-05,5.080513874232656,23109.248638153076
2025-09-15 10:11:07,SGD_lr0.001_m0.9,SGD,2,openwebtext-3%,120,train_eval,10.656254768371582,3.628185907046477e-05,5.080513874232656,
2025-09-15 10:11:07,SGD_lr0.001_m0.9,SGD,2,openwebtext-3%,120,val_eval,10.656944274902344,3.628185907046477e-05,5.080513874232656,
2025-09-15 10:11:16,SGD_lr0.001_m0.9,SGD,2,openwebtext-3%,120,train_iter,10.662720203399658,3.628185907046477e-05,5.133885430677971,23985.33582687378
2025-09-15 10:12:05,SGD_lr0.001_m0.9,SGD,2,openwebtext-3%,130,train_eval,10.613092422485352,3.928035982008995e-05,5.133885430677971,
2025-09-15 10:12:05,SGD_lr0.001_m0.9,SGD,2,openwebtext-3%,130,val_eval,10.611815452575684,3.928035982008995e-05,5.133885430677971,
2025-09-15 10:12:15,SGD_lr0.001_m0.9,SGD,2,openwebtext-3%,130,train_iter,10.609157085418701,3.928035982008995e-05,5.159680546672676,24974.640130996704
2025-09-15 10:13:05,SGD_lr0.001_m0.9,SGD,2,openwebtext-3%,140,train_eval,10.56784439086914,4.227886056971514e-05,5.159680546672676,
2025-09-15 10:13:05,SGD_lr0.001_m0.9,SGD,2,openwebtext-3%,140,val_eval,10.565699577331543,4.227886056971514e-05,5.159680546672676,
2025-09-15 10:13:15,SGD_lr0.001_m0.9,SGD,2,openwebtext-3%,140,train_iter,10.610736608505249,4.227886056971514e-05,5.191269975862746,24592.70167350769
2025-09-15 10:14:04,SGD_lr0.001_m0.9,SGD,2,openwebtext-3%,150,train_eval,10.519448280334473,4.527736131934032e-05,5.191269975862746,
2025-09-15 10:14:04,SGD_lr0.001_m0.9,SGD,2,openwebtext-3%,150,val_eval,10.518763542175293,4.527736131934032e-05,5.191269975862746,
2025-09-15 10:14:15,SGD_lr0.001_m0.9,SGD,2,openwebtext-3%,150,train_iter,10.490630865097046,4.527736131934032e-05,5.194966288518739,25756.15429878235
2025-09-15 10:15:04,SGD_lr0.001_m0.9,SGD,2,openwebtext-3%,160,train_eval,10.472029685974121,4.827586206896551e-05,5.194966288518739,
2025-09-15 10:15:04,SGD_lr0.001_m0.9,SGD,2,openwebtext-3%,160,val_eval,10.471400260925293,4.827586206896551e-05,5.194966288518739,
2025-09-15 10:15:14,SGD_lr0.001_m0.9,SGD,2,openwebtext-3%,160,train_iter,10.480669736862183,4.827586206896551e-05,5.232594478648632,24170.37868499756
2025-09-15 10:16:03,SGD_lr0.001_m0.9,SGD,2,openwebtext-3%,170,train_eval,10.425823211669922,5.12743628185907e-05,5.232594478648632,
2025-09-15 10:16:03,SGD_lr0.001_m0.9,SGD,2,openwebtext-3%,170,val_eval,10.422303199768066,5.12743628185907e-05,5.232594478648632,
2025-09-15 10:16:14,SGD_lr0.001_m0.9,SGD,2,openwebtext-3%,170,train_iter,10.407534837722778,5.12743628185907e-05,5.22291167724619,26219.879627227783
2025-09-15 10:17:04,SGD_lr0.001_m0.9,SGD,2,openwebtext-3%,180,train_eval,10.376021385192871,5.427286356821588e-05,5.22291167724619,
2025-09-15 10:17:04,SGD_lr0.001_m0.9,SGD,2,openwebtext-3%,180,val_eval,10.37472915649414,5.427286356821588e-05,5.22291167724619,
2025-09-15 10:17:14,SGD_lr0.001_m0.9,SGD,2,openwebtext-3%,180,train_iter,10.36702275276184,5.427286356821588e-05,5.237606938255552,25076.830863952637
2025-09-15 10:18:03,SGD_lr0.001_m0.9,SGD,2,openwebtext-3%,190,train_eval,10.327719688415527,5.7271364317841074e-05,5.237606938255552,
2025-09-15 10:18:03,SGD_lr0.001_m0.9,SGD,2,openwebtext-3%,190,val_eval,10.327801704406738,5.7271364317841074e-05,5.237606938255552,
2025-09-15 10:18:14,SGD_lr0.001_m0.9,SGD,2,openwebtext-3%,190,train_iter,10.323938131332397,5.7271364317841074e-05,5.238842955310804,25649.52802658081
2025-09-15 10:19:03,SGD_lr0.001_m0.9,SGD,2,openwebtext-3%,200,train_eval,10.283276557922363,6.026986506746626e-05,5.238842955310804,
2025-09-15 10:19:03,SGD_lr0.001_m0.9,SGD,2,openwebtext-3%,200,val_eval,10.280555725097656,6.026986506746626e-05,5.238842955310804,
2025-09-15 10:52:27,SGD_lr0.001_m0.9,SGD,2,openwebtext-3%,200,train_iter,10.300825834274292,6.026986506746626e-05,4.721629854017448,2018516.8306827545
2025-09-15 10:53:15,SGD_lr0.001_m0.95,SGD,2,openwebtext-3%,0,train_eval,10.945842742919922,2.998500749625187e-07,,
2025-09-15 10:53:15,SGD_lr0.001_m0.95,SGD,2,openwebtext-3%,0,val_eval,10.944282531738281,2.998500749625187e-07,,
2025-09-15 11:31:00,SGD_lr0.001_m0.95,SGD,2,openwebtext-3%,0,train_iter,10.945987701416016,2.998500749625187e-07,,2287662.8806591034
2025-09-15 11:31:49,SGD_lr0.001_m0.95,SGD,2,openwebtext-3%,10,train_eval,10.945223808288574,3.2983508245877057e-06,,
2025-09-15 11:31:49,SGD_lr0.001_m0.95,SGD,2,openwebtext-3%,10,val_eval,10.943285942077637,3.2983508245877057e-06,,
2025-09-15 11:32:00,SGD_lr0.001_m0.95,SGD,2,openwebtext-3%,10,train_iter,10.929960012435913,3.2983508245877057e-06,5.070201917034618,26558.938026428223
2025-09-15 11:32:50,SGD_lr0.001_m0.95,SGD,2,openwebtext-3%,20,train_eval,10.937363624572754,6.296851574212893e-06,5.070201917034618,
2025-09-15 11:32:50,SGD_lr0.001_m0.95,SGD,2,openwebtext-3%,20,val_eval,10.937195777893066,6.296851574212893e-06,5.070201917034618,
2025-09-15 11:33:02,SGD_lr0.001_m0.95,SGD,2,openwebtext-3%,20,train_iter,10.90122103691101,6.296851574212893e-06,5.0659852354443,26781.670331954956
2025-09-15 11:33:51,SGD_lr0.001_m0.95,SGD,2,openwebtext-3%,30,train_eval,10.920583724975586,9.29535232383808e-06,5.0659852354443,
2025-09-15 11:33:51,SGD_lr0.001_m0.95,SGD,2,openwebtext-3%,30,val_eval,10.92066764831543,9.29535232383808e-06,5.0659852354443,
2025-09-15 11:34:03,SGD_lr0.001_m0.95,SGD,2,openwebtext-3%,30,train_iter,10.928159952163696,9.29535232383808e-06,5.066835028525492,26536.53073310852
2025-09-15 11:34:52,SGD_lr0.001_m0.95,SGD,2,openwebtext-3%,40,train_eval,10.894889831542969,1.2293853073463267e-05,5.066835028525492,
2025-09-15 11:34:52,SGD_lr0.001_m0.95,SGD,2,openwebtext-3%,40,val_eval,10.896293640136719,1.2293853073463267e-05,5.066835028525492,
2025-09-15 11:35:02,SGD_lr0.001_m0.95,SGD,2,openwebtext-3%,40,train_iter,10.879524946212769,1.2293853073463267e-05,5.108243226059162,24568.731546401978
