iter,block,param_type,value
0,0,ln1,0.010464256629347801
0,0,attn_qkv,0.5000836253166199
0,0,attn_proj,2.546194553375244
0,0,ln2,0.011367756873369217
0,0,mlp_fc,0.5618844032287598
0,0,mlp_proj,5.347293376922607
0,1,ln1,0.014756135642528534
0,1,attn_qkv,0.7133631110191345
0,1,attn_proj,3.5315794944763184
0,1,ln2,0.014655533246695995
0,1,mlp_fc,0.7187979221343994
0,1,mlp_proj,4.4367241859436035
0,2,ln1,0.013081898912787437
0,2,attn_qkv,0.6680988669395447
0,2,attn_proj,3.3073384761810303
0,2,ln2,0.013005350716412067
0,2,mlp_fc,0.6874903440475464
0,2,mlp_proj,3.9754772186279297
0,3,ln1,0.011779991909861565
0,3,attn_qkv,0.585881769657135
0,3,attn_proj,2.7724990844726562
0,3,ln2,0.012456306256353855
0,3,mlp_fc,0.5906046032905579
0,3,mlp_proj,3.3932182788848877
0,4,ln1,0.010165024548768997
0,4,attn_qkv,0.5042020678520203
0,4,attn_proj,2.5089356899261475
0,4,ln2,0.010413732379674911
0,4,mlp_fc,0.5693209767341614
0,4,mlp_proj,3.15224027633667
0,5,ln1,0.009679396636784077
0,5,attn_qkv,0.4794747829437256
0,5,attn_proj,2.4723005294799805
0,5,ln2,0.009534426964819431
0,5,mlp_fc,0.5402221083641052
0,5,mlp_proj,2.876101493835449
0,6,ln1,0.00893497746437788
0,6,attn_qkv,0.4692121148109436
0,6,attn_proj,2.233280897140503
0,6,ln2,0.00996386632323265
0,6,mlp_fc,0.4998788833618164
0,6,mlp_proj,2.637782096862793
0,7,ln1,0.009387838654220104
0,7,attn_qkv,0.45425745844841003
0,7,attn_proj,2.0102169513702393
0,7,ln2,0.010322664864361286
0,7,mlp_fc,0.4714708626270294
0,7,mlp_proj,2.5405900478363037
0,8,ln1,0.00855435524135828
0,8,attn_qkv,0.41282713413238525
0,8,attn_proj,1.9995222091674805
0,8,ln2,0.008505232632160187
0,8,mlp_fc,0.4396336078643799
0,8,mlp_proj,2.3436012268066406
0,9,ln1,0.008251200430095196
0,9,attn_qkv,0.3894535303115845
0,9,attn_proj,1.887097954750061
0,9,ln2,0.008169429376721382
0,9,mlp_fc,0.4213966727256775
0,9,mlp_proj,2.2531983852386475
0,10,ln1,0.007461043074727058
0,10,attn_qkv,0.36563441157341003
0,10,attn_proj,1.8797940015792847
0,10,ln2,0.008242245763540268
0,10,mlp_fc,0.4103279709815979
0,10,mlp_proj,2.1822028160095215
0,11,ln1,0.007224583998322487
0,11,attn_qkv,0.35464391112327576
0,11,attn_proj,1.6562845706939697
0,11,ln2,0.007211736869066954
0,11,mlp_fc,0.3966793417930603
0,11,mlp_proj,2.110100507736206
100,0,ln1,0.0014486412983387709
100,0,attn_qkv,0.07191146165132523
100,0,attn_proj,0.3449881076812744
100,0,ln2,0.0019947648979723454
100,0,mlp_fc,0.06603668630123138
100,0,mlp_proj,0.4371834099292755
100,1,ln1,0.0011950761545449495
100,1,attn_qkv,0.059324152767658234
100,1,attn_proj,0.2710261046886444
100,1,ln2,0.0014562112046405673
100,1,mlp_fc,0.052377644926309586
100,1,mlp_proj,0.26289495825767517
100,2,ln1,0.0007924383389763534
100,2,attn_qkv,0.03833092376589775
100,2,attn_proj,0.16819767653942108
100,2,ln2,0.0009689896833151579
100,2,mlp_fc,0.03470097854733467
100,2,mlp_proj,0.17285816371440887
100,3,ln1,0.0004637782112695277
100,3,attn_qkv,0.0236903578042984
100,3,attn_proj,0.10321018099784851
100,3,ln2,0.0006276952917687595
100,3,mlp_fc,0.024193014949560165
100,3,mlp_proj,0.12302614003419876
100,4,ln1,0.0003252931055612862
100,4,attn_qkv,0.015165561810135841
100,4,attn_proj,0.0700361579656601
100,4,ln2,0.0004922065418213606
100,4,mlp_fc,0.01858712173998356
100,4,mlp_proj,0.09441665560007095
100,5,ln1,0.00026336245355196297
100,5,attn_qkv,0.012428466230630875
100,5,attn_proj,0.05914665386080742
100,5,ln2,0.0004155926581006497
100,5,mlp_fc,0.016017386689782143
100,5,mlp_proj,0.07957366853952408
100,6,ln1,0.00022648641606792808
100,6,attn_qkv,0.011208130046725273
100,6,attn_proj,0.053034473210573196
100,6,ln2,0.0003242075035814196
100,6,mlp_fc,0.01421341486275196
100,6,mlp_proj,0.07055576145648956
100,7,ln1,0.00021250577992759645
100,7,attn_qkv,0.010797248221933842
100,7,attn_proj,0.05036778748035431
100,7,ln2,0.0003030486695934087
100,7,mlp_fc,0.013436319306492805
100,7,mlp_proj,0.06520979851484299
100,8,ln1,0.00019682079437188804
100,8,attn_qkv,0.009659715928137302
100,8,attn_proj,0.04786660149693489
100,8,ln2,0.0003185562090948224
100,8,mlp_fc,0.012972774915397167
100,8,mlp_proj,0.06454610079526901
100,9,ln1,0.00021776763605885208
100,9,attn_qkv,0.010571162216365337
100,9,attn_proj,0.049918171018362045
100,9,ln2,0.000312816264340654
100,9,mlp_fc,0.013011272996664047
100,9,mlp_proj,0.06342919915914536
100,10,ln1,0.000208422658033669
100,10,attn_qkv,0.01034710742533207
100,10,attn_proj,0.04846644401550293
100,10,ln2,0.00028837102581746876
100,10,mlp_fc,0.01269917469471693
100,10,mlp_proj,0.06175217777490616
100,11,ln1,0.00022184892441146076
100,11,attn_qkv,0.010568160563707352
100,11,attn_proj,0.051204510033130646
100,11,ln2,0.00030498503474518657
100,11,mlp_fc,0.012918268330395222
100,11,mlp_proj,0.06215130537748337
200,0,ln1,0.0027605080977082253
200,0,attn_qkv,0.13389962911605835
200,0,attn_proj,0.45867305994033813
200,0,ln2,0.002596904058009386
200,0,mlp_fc,0.08388528227806091
200,0,mlp_proj,0.5114147067070007
200,1,ln1,0.0009648512932471931
200,1,attn_qkv,0.04605453833937645
200,1,attn_proj,0.16538166999816895
200,1,ln2,0.0014154525706544518
200,1,mlp_fc,0.05537203699350357
200,1,mlp_proj,0.28487923741340637
200,2,ln1,0.0006096014985814691
200,2,attn_qkv,0.02670854516327381
200,2,attn_proj,0.10042545199394226
200,2,ln2,0.0011353202862665057
200,2,mlp_fc,0.04272768646478653
200,2,mlp_proj,0.21239465475082397
200,3,ln1,0.0004217543755657971
200,3,attn_qkv,0.01870126463472843
200,3,attn_proj,0.07249955832958221
200,3,ln2,0.000896847399417311
200,3,mlp_fc,0.03516719862818718
200,3,mlp_proj,0.17624223232269287
200,4,ln1,0.00032486754935234785
200,4,attn_qkv,0.015029193833470345
200,4,attn_proj,0.05609598383307457
200,4,ln2,0.0008177034906111658
200,4,mlp_fc,0.030482372269034386
200,4,mlp_proj,0.15102219581604004
200,5,ln1,0.00026356152375228703
200,5,attn_qkv,0.012598775327205658
200,5,attn_proj,0.047684114426374435
200,5,ln2,0.0006696605123579502
200,5,mlp_fc,0.026127943769097328
200,5,mlp_proj,0.1272897869348526
200,6,ln1,0.0002352576411794871
200,6,attn_qkv,0.010726441629230976
200,6,attn_proj,0.04440494626760483
200,6,ln2,0.0005925302975811064
200,6,mlp_fc,0.02353709004819393
200,6,mlp_proj,0.11612078547477722
200,7,ln1,0.00021950178779661655
200,7,attn_qkv,0.010116140358150005
200,7,attn_proj,0.0440632663667202
200,7,ln2,0.0005521269049495459
200,7,mlp_fc,0.022132668644189835
200,7,mlp_proj,0.10710649937391281
200,8,ln1,0.00023838377092033625
200,8,attn_qkv,0.011102104559540749
200,8,attn_proj,0.04354362562298775
200,8,ln2,0.0005273406859487295
200,8,mlp_fc,0.021080678328871727
200,8,mlp_proj,0.10254092514514923
200,9,ln1,0.00022225083375815302
200,9,attn_qkv,0.010918393731117249
200,9,attn_proj,0.0478900782763958
200,9,ln2,0.0004994785413146019
200,9,mlp_fc,0.02083536610007286
200,9,mlp_proj,0.10004629194736481
200,10,ln1,0.0002412525354884565
200,10,attn_qkv,0.012039768509566784
200,10,attn_proj,0.05797405540943146
200,10,ln2,0.0005020599928684533
200,10,mlp_fc,0.02071143314242363
200,10,mlp_proj,0.1019275039434433
200,11,ln1,0.0002931668423116207
200,11,attn_qkv,0.014494744129478931
200,11,attn_proj,0.07796373963356018
200,11,ln2,0.0005276863230392337
200,11,mlp_fc,0.022135023027658463
200,11,mlp_proj,0.10773050785064697
0,0,ln1,0.010464191436767578
0,0,attn_qkv,0.5000802278518677
0,0,attn_proj,2.5461769104003906
0,0,ln2,0.01136747281998396
0,0,mlp_fc,0.5618867874145508
0,0,mlp_proj,5.3473100662231445
0,1,ln1,0.01475625578314066
0,1,attn_qkv,0.7133671045303345
0,1,attn_proj,3.531602621078491
0,1,ln2,0.014655771665275097
0,1,mlp_fc,0.718798816204071
0,1,mlp_proj,4.436731338500977
0,2,ln1,0.013081839308142662
0,2,attn_qkv,0.6680963635444641
0,2,attn_proj,3.3073298931121826
0,2,ln2,0.013005339540541172
0,2,mlp_fc,0.6874904036521912
0,2,mlp_proj,3.975476026535034
0,3,ln1,0.01177993230521679
0,3,attn_qkv,0.5858824253082275
0,3,attn_proj,2.772498607635498
0,3,ln2,0.012456411495804787
0,3,mlp_fc,0.5906025171279907
0,3,mlp_proj,3.393213987350464
0,4,ln1,0.010165005922317505
0,4,attn_qkv,0.504202663898468
0,4,attn_proj,2.5089399814605713
0,4,ln2,0.0104137621819973
0,4,mlp_fc,0.5693216323852539
0,4,mlp_proj,3.1522393226623535
0,5,ln1,0.009679475799202919
0,5,attn_qkv,0.4794767498970032
0,5,attn_proj,2.4723024368286133
0,5,ln2,0.00953435804694891
0,5,mlp_fc,0.5402225852012634
0,5,mlp_proj,2.876103639602661
0,6,ln1,0.008934978395700455
0,6,attn_qkv,0.469211220741272
0,6,attn_proj,2.23327898979187
0,6,ln2,0.009963813237845898
0,6,mlp_fc,0.49987778067588806
0,6,mlp_proj,2.6377789974212646
0,7,ln1,0.009387854486703873
0,7,attn_qkv,0.4542577862739563
0,7,attn_proj,2.01021671295166
0,7,ln2,0.01032266952097416
0,7,mlp_fc,0.4714702069759369
0,7,mlp_proj,2.5405895709991455
0,8,ln1,0.008554346859455109
0,8,attn_qkv,0.41282758116722107
0,8,attn_proj,1.9995226860046387
0,8,ln2,0.00850525964051485
0,8,mlp_fc,0.43963363766670227
0,8,mlp_proj,2.343600034713745
0,9,ln1,0.00825121346861124
0,9,attn_qkv,0.38945335149765015
0,9,attn_proj,1.8870980739593506
0,9,ln2,0.008169444277882576
0,9,mlp_fc,0.4213965833187103
0,9,mlp_proj,2.2531983852386475
0,10,ln1,0.007461043074727058
0,10,attn_qkv,0.3656344413757324
0,10,attn_proj,1.8797940015792847
0,10,ln2,0.008242245763540268
0,10,mlp_fc,0.4103279411792755
0,10,mlp_proj,2.1822028160095215
0,11,ln1,0.007224583998322487
0,11,attn_qkv,0.35464391112327576
0,11,attn_proj,1.6562845706939697
0,11,ln2,0.007211736869066954
0,11,mlp_fc,0.3966793417930603
0,11,mlp_proj,2.110100507736206
100,0,ln1,0.0025195202324539423
100,0,attn_qkv,0.12361014634370804
100,0,attn_proj,0.5766558647155762
100,0,ln2,0.00280177709646523
100,0,mlp_fc,0.09630469977855682
100,0,mlp_proj,0.698509693145752
100,1,ln1,0.0019227408338338137
100,1,attn_qkv,0.0929439589381218
100,1,attn_proj,0.43075838685035706
100,1,ln2,0.00231857318431139
100,1,mlp_fc,0.08091916888952255
100,1,mlp_proj,0.400431364774704
100,2,ln1,0.0011440969537943602
100,2,attn_qkv,0.059874504804611206
100,2,attn_proj,0.2576536238193512
100,2,ln2,0.0015362593112513423
100,2,mlp_fc,0.053085729479789734
100,2,mlp_proj,0.25893935561180115
100,3,ln1,0.0007390944520011544
100,3,attn_qkv,0.035475216805934906
100,3,attn_proj,0.15347261726856232
100,3,ln2,0.0009363277931697667
100,3,mlp_fc,0.03545413166284561
100,3,mlp_proj,0.1818421632051468
100,4,ln1,0.0004749381623696536
100,4,attn_qkv,0.02350848913192749
100,4,attn_proj,0.10441580414772034
100,4,ln2,0.0007080401410348713
100,4,mlp_fc,0.02712230570614338
100,4,mlp_proj,0.13587409257888794
100,5,ln1,0.00035963288974016905
100,5,attn_qkv,0.018113063648343086
100,5,attn_proj,0.08260028064250946
100,5,ln2,0.0005830842419527471
100,5,mlp_fc,0.02283789962530136
100,5,mlp_proj,0.11012399196624756
100,6,ln1,0.0003161163767799735
100,6,attn_qkv,0.015120611526072025
100,6,attn_proj,0.07356920838356018
100,6,ln2,0.00048131676157936454
100,6,mlp_fc,0.02018868178129196
100,6,mlp_proj,0.09701281785964966
100,7,ln1,0.0002991456422023475
100,7,attn_qkv,0.014555634930729866
100,7,attn_proj,0.0699157565832138
100,7,ln2,0.0004571939934976399
100,7,mlp_fc,0.018999174237251282
100,7,mlp_proj,0.08910883963108063
100,8,ln1,0.0002959329285658896
100,8,attn_qkv,0.013952760957181454
100,8,attn_proj,0.064980648458004
100,8,ln2,0.0004356855934020132
100,8,mlp_fc,0.017711719498038292
100,8,mlp_proj,0.08634492754936218
100,9,ln1,0.0002791458391584456
100,9,attn_qkv,0.013761269859969616
100,9,attn_proj,0.06653259694576263
100,9,ln2,0.00045611397945322096
100,9,mlp_fc,0.01772727072238922
100,9,mlp_proj,0.08320049196481705
100,10,ln1,0.0002837396168615669
100,10,attn_qkv,0.013306215405464172
100,10,attn_proj,0.06385096162557602
100,10,ln2,0.0004052417352795601
100,10,mlp_fc,0.01666703075170517
100,10,mlp_proj,0.0809992104768753
100,11,ln1,0.0003127079107798636
100,11,attn_qkv,0.014238214120268822
100,11,attn_proj,0.06720830500125885
100,11,ln2,0.0004020376072730869
100,11,mlp_fc,0.016898924484848976
100,11,mlp_proj,0.08062130212783813
200,0,ln1,0.0023226039484143257
200,0,attn_qkv,0.10980411618947983
200,0,attn_proj,0.3849455416202545
200,0,ln2,0.002259570639580488
200,0,mlp_fc,0.07083798199892044
200,0,mlp_proj,0.409467875957489
200,1,ln1,0.0007532861200161278
200,1,attn_qkv,0.03791692480444908
200,1,attn_proj,0.13644246757030487
200,1,ln2,0.0013193727936595678
200,1,mlp_fc,0.047821421176195145
200,1,mlp_proj,0.23659750819206238
200,2,ln1,0.00047222667490132153
200,2,attn_qkv,0.021973004564642906
200,2,attn_proj,0.08384614437818527
200,2,ln2,0.0010174460476264358
200,2,mlp_fc,0.03705279156565666
200,2,mlp_proj,0.18018940091133118
200,3,ln1,0.0003583896323107183
200,3,attn_qkv,0.016078807413578033
200,3,attn_proj,0.061213746666908264
200,3,ln2,0.0008172808447852731
200,3,mlp_fc,0.029788268730044365
200,3,mlp_proj,0.14538735151290894
200,4,ln1,0.00027062976732850075
200,4,attn_qkv,0.012160996906459332
200,4,attn_proj,0.046272777020931244
200,4,ln2,0.0006267759017646313
200,4,mlp_fc,0.024863392114639282
200,4,mlp_proj,0.12187554687261581
200,5,ln1,0.0001909549901029095
200,5,attn_qkv,0.00936736911535263
200,5,attn_proj,0.03765834867954254
200,5,ln2,0.0005276435404084623
200,5,mlp_fc,0.021129107102751732
200,5,mlp_proj,0.10253322869539261
200,6,ln1,0.0001833080023061484
200,6,attn_qkv,0.008015702478587627
200,6,attn_proj,0.03447224944829941
200,6,ln2,0.0004680165438912809
200,6,mlp_fc,0.01820286735892296
200,6,mlp_proj,0.09120114892721176
200,7,ln1,0.00016744120512157679
200,7,attn_qkv,0.007781676482409239
200,7,attn_proj,0.03304539620876312
200,7,ln2,0.0004268888442311436
200,7,mlp_fc,0.016970884054899216
200,7,mlp_proj,0.08226759731769562
200,8,ln1,0.00025378615828230977
200,8,attn_qkv,0.01012236438691616
200,8,attn_proj,0.034629322588443756
200,8,ln2,0.00041031657019630075
200,8,mlp_fc,0.01577642187476158
200,8,mlp_proj,0.07828116416931152
200,9,ln1,0.00021371965704020113
200,9,attn_qkv,0.00872028712183237
200,9,attn_proj,0.03749135509133339
200,9,ln2,0.0003760452673304826
200,9,mlp_fc,0.015600656159222126
200,9,mlp_proj,0.07580402493476868
200,10,ln1,0.00023543488350696862
200,10,attn_qkv,0.009822273626923561
200,10,attn_proj,0.04446234181523323
200,10,ln2,0.00039013056084513664
200,10,mlp_fc,0.01566522940993309
200,10,mlp_proj,0.07691361755132675
200,11,ln1,0.00026460346998646855
200,11,attn_qkv,0.011483833193778992
200,11,attn_proj,0.05820191279053688
200,11,ln2,0.00041247563785873353
200,11,mlp_fc,0.016226693987846375
200,11,mlp_proj,0.08070041984319687
0,0,ln1,0.010464126244187355
0,0,attn_qkv,0.5000821352005005
0,0,attn_proj,2.5461745262145996
0,0,ln2,0.011367522180080414
0,0,mlp_fc,0.5618864893913269
0,0,mlp_proj,5.347298622131348
0,1,ln1,0.014756175689399242
0,1,attn_qkv,0.7133659720420837
0,1,attn_proj,3.531576156616211
0,1,ln2,0.014655478298664093
0,1,mlp_fc,0.7187957167625427
0,1,mlp_proj,4.436718463897705
0,2,ln1,0.01308180671185255
0,2,attn_qkv,0.6680939793586731
0,2,attn_proj,3.307332992553711
0,2,ln2,0.013005261309444904
0,2,mlp_fc,0.6874890327453613
0,2,mlp_proj,3.9754600524902344
0,3,ln1,0.011779937893152237
0,3,attn_qkv,0.5858824849128723
0,3,attn_proj,2.772495746612549
0,3,ln2,0.012456504628062248
0,3,mlp_fc,0.5906038880348206
0,3,mlp_proj,3.393214225769043
0,4,ln1,0.010164991952478886
0,4,attn_qkv,0.5041992664337158
0,4,attn_proj,2.508939743041992
0,4,ln2,0.010413758456707
0,4,mlp_fc,0.5693208575248718
0,4,mlp_proj,3.152237892150879
0,5,ln1,0.009679467417299747
0,5,attn_qkv,0.4794737994670868
0,5,attn_proj,2.472292900085449
0,5,ln2,0.009534328244626522
0,5,mlp_fc,0.5402217507362366
0,5,mlp_proj,2.876098394393921
0,6,ln1,0.008934943936765194
0,6,attn_qkv,0.4692113399505615
0,6,attn_proj,2.2332780361175537
0,6,ln2,0.009963893331587315
0,6,mlp_fc,0.4998784363269806
0,6,mlp_proj,2.637777328491211
0,7,ln1,0.009387833997607231
0,7,attn_qkv,0.4542577266693115
0,7,attn_proj,2.01021671295166
0,7,ln2,0.010322671383619308
0,7,mlp_fc,0.47147053480148315
0,7,mlp_proj,2.5405900478363037
0,8,ln1,0.008554347790777683
0,8,attn_qkv,0.41282686591148376
0,8,attn_proj,1.9995208978652954
0,8,ln2,0.008505230769515038
0,8,mlp_fc,0.4396337568759918
0,8,mlp_proj,2.3436005115509033
0,9,ln1,0.008251208811998367
0,9,attn_qkv,0.38945338129997253
0,9,attn_proj,1.8870985507965088
0,9,ln2,0.008169430308043957
0,9,mlp_fc,0.42139652371406555
0,9,mlp_proj,2.2531986236572266
0,10,ln1,0.0074610416777431965
0,10,attn_qkv,0.36563438177108765
0,10,attn_proj,1.8797940015792847
0,10,ln2,0.008242245763540268
0,10,mlp_fc,0.4103279411792755
0,10,mlp_proj,2.1822028160095215
0,11,ln1,0.007224583998322487
0,11,attn_qkv,0.35464391112327576
0,11,attn_proj,1.6562845706939697
0,11,ln2,0.007211736869066954
0,11,mlp_fc,0.3966793417930603
0,11,mlp_proj,2.110100507736206
100,0,ln1,0.0014800309436395764
100,0,attn_qkv,0.07333562523126602
100,0,attn_proj,0.35105693340301514
100,0,ln2,0.002009863033890724
100,0,mlp_fc,0.0667436346411705
100,0,mlp_proj,0.4429965019226074
100,1,ln1,0.0012138135498389602
100,1,attn_qkv,0.060212958604097366
100,1,attn_proj,0.2747690677642822
100,1,ln2,0.001484438544139266
100,1,mlp_fc,0.05307714641094208
100,1,mlp_proj,0.26525622606277466
100,2,ln1,0.0008034722413867712
100,2,attn_qkv,0.03863143548369408
100,2,attn_proj,0.16964930295944214
100,2,ln2,0.0009835020173341036
100,2,mlp_fc,0.035150185227394104
100,2,mlp_proj,0.17420649528503418
100,3,ln1,0.0004670692142099142
100,3,attn_qkv,0.02386440522968769
100,3,attn_proj,0.10394617170095444
100,3,ln2,0.0006354251527227461
100,3,mlp_fc,0.024447007104754448
100,3,mlp_proj,0.12399362772703171
100,4,ln1,0.0003282535180915147
100,4,attn_qkv,0.015268078073859215
100,4,attn_proj,0.07058560103178024
100,4,ln2,0.0005006839637644589
100,4,mlp_fc,0.01881755329668522
100,4,mlp_proj,0.09515005350112915
100,5,ln1,0.0002656816504895687
100,5,attn_qkv,0.012525377795100212
100,5,attn_proj,0.05945828557014465
100,5,ln2,0.0004213533247821033
100,5,mlp_fc,0.016200950369238853
100,5,mlp_proj,0.08009187132120132
100,6,ln1,0.00022654460917692631
100,6,attn_qkv,0.011245832778513432
100,6,attn_proj,0.05332060903310776
100,6,ln2,0.00032814365113154054
100,6,mlp_fc,0.014352438040077686
100,6,mlp_proj,0.07098516076803207
100,7,ln1,0.00021387160813901573
100,7,attn_qkv,0.01083881501108408
100,7,attn_proj,0.0505976602435112
100,7,ln2,0.0003065266355406493
100,7,mlp_fc,0.01357656717300415
100,7,mlp_proj,0.06561264395713806
100,8,ln1,0.0001977804786292836
100,8,attn_qkv,0.009699979797005653
100,8,attn_proj,0.04809517413377762
100,8,ln2,0.00032322207698598504
100,8,mlp_fc,0.013098949566483498
100,8,mlp_proj,0.06487196683883667
100,9,ln1,0.0002187225327361375
100,9,attn_qkv,0.010590926744043827
100,9,attn_proj,0.05013205483555794
100,9,ln2,0.0003167650429531932
100,9,mlp_fc,0.01313166506588459
100,9,mlp_proj,0.06374666094779968
100,10,ln1,0.0002094481751555577
100,10,attn_qkv,0.010378719307482243
100,10,attn_proj,0.048684656620025635
100,10,ln2,0.00029221823206171393
100,10,mlp_fc,0.012814126908779144
100,10,mlp_proj,0.06208362057805061
100,11,ln1,0.00022396074200514704
100,11,attn_qkv,0.010638101026415825
100,11,attn_proj,0.0514369010925293
100,11,ln2,0.00030801480170339346
100,11,mlp_fc,0.013017533347010612
100,11,mlp_proj,0.06243167445063591
200,0,ln1,0.0037309578619897366
200,0,attn_qkv,0.17746523022651672
200,0,attn_proj,0.558660089969635
200,0,ln2,0.0029992563650012016
200,0,mlp_fc,0.09451472759246826
200,0,mlp_proj,0.5985705256462097
200,1,ln1,0.0011722075287252665
200,1,attn_qkv,0.057620611041784286
200,1,attn_proj,0.20097453892230988
200,1,ln2,0.001759442500770092
200,1,mlp_fc,0.06308303028345108
200,1,mlp_proj,0.3378205895423889
200,2,ln1,0.0006525149219669402
200,2,attn_qkv,0.032858554273843765
200,2,attn_proj,0.12280119210481644
200,2,ln2,0.001340901362709701
200,2,mlp_fc,0.049329355359077454
200,2,mlp_proj,0.26502928137779236
200,3,ln1,0.0005296951276250184
200,3,attn_qkv,0.02490667626261711
200,3,attn_proj,0.09335505217313766
200,3,ln2,0.001106792944483459
200,3,mlp_fc,0.040470633655786514
200,3,mlp_proj,0.22006890177726746
200,4,ln1,0.0004176305956207216
200,4,attn_qkv,0.02008439041674137
200,4,attn_proj,0.07512170076370239
200,4,ln2,0.0008805688703432679
200,4,mlp_fc,0.03399592638015747
200,4,mlp_proj,0.18997062742710114
200,5,ln1,0.00035464411485008895
200,5,attn_qkv,0.01686040870845318
200,5,attn_proj,0.06081775203347206
200,5,ln2,0.0007519930368289351
200,5,mlp_fc,0.028327083215117455
200,5,mlp_proj,0.1577073484659195
200,6,ln1,0.00028199024382047355
200,6,attn_qkv,0.013747199438512325
200,6,attn_proj,0.056282833218574524
200,6,ln2,0.0006565354997292161
200,6,mlp_fc,0.02525302581489086
200,6,mlp_proj,0.14260800182819366
200,7,ln1,0.0002967416075989604
200,7,attn_qkv,0.013764387927949429
200,7,attn_proj,0.05460699275135994
200,7,ln2,0.0005540396668948233
200,7,mlp_fc,0.022166572511196136
200,7,mlp_proj,0.12305676192045212
200,8,ln1,0.00029583589639514685
200,8,attn_qkv,0.013843908905982971
200,8,attn_proj,0.0563800185918808
200,8,ln2,0.0005742281791754067
200,8,mlp_fc,0.021400107070803642
200,8,mlp_proj,0.11445203423500061
200,9,ln1,0.0003768203314393759
200,9,attn_qkv,0.015323838219046593
200,9,attn_proj,0.060036081820726395
200,9,ln2,0.0005609369254671037
200,9,mlp_fc,0.02144039422273636
200,9,mlp_proj,0.10720286518335342
200,10,ln1,0.00039693780126981437
200,10,attn_qkv,0.016692249104380608
200,10,attn_proj,0.06757277250289917
200,10,ln2,0.0005991299985907972
200,10,mlp_fc,0.021629689261317253
200,10,mlp_proj,0.10495240241289139
200,11,ln1,0.0005440957611426711
200,11,attn_qkv,0.0202581025660038
200,11,attn_proj,0.0842210203409195
200,11,ln2,0.0006935330457054079
200,11,mlp_fc,0.023561278358101845
200,11,mlp_proj,0.1067817285656929
0,0,ln1,0.010464299470186234
0,0,attn_qkv,0.5000873804092407
0,0,attn_proj,2.546194314956665
0,0,ln2,0.011367455124855042
0,0,mlp_fc,0.5618877410888672
0,0,mlp_proj,5.347326278686523
0,1,ln1,0.014756264165043831
0,1,attn_qkv,0.71336829662323
0,1,attn_proj,3.5316109657287598
0,1,ln2,0.01465580053627491
0,1,mlp_fc,0.7187996506690979
0,1,mlp_proj,4.436733245849609
0,2,ln1,0.013081801123917103
0,2,attn_qkv,0.6680969595909119
0,2,attn_proj,3.30734920501709
0,2,ln2,0.013005390763282776
0,2,mlp_fc,0.6874921917915344
0,2,mlp_proj,3.9754817485809326
0,3,ln1,0.01177998911589384
0,3,attn_qkv,0.5858837962150574
0,3,attn_proj,2.7725002765655518
0,3,ln2,0.01245631743222475
0,3,mlp_fc,0.5906046628952026
0,3,mlp_proj,3.3932220935821533
0,4,ln1,0.010165096260607243
0,4,attn_qkv,0.504203736782074
0,4,attn_proj,2.5089426040649414
0,4,ln2,0.010413694195449352
0,4,mlp_fc,0.5693222284317017
0,4,mlp_proj,3.1522419452667236
0,5,ln1,0.009679396636784077
0,5,attn_qkv,0.47947636246681213
0,5,attn_proj,2.4723010063171387
0,5,ln2,0.009534355252981186
0,5,mlp_fc,0.54022216796875
0,5,mlp_proj,2.8761026859283447
0,6,ln1,0.008934972807765007
0,6,attn_qkv,0.4692114293575287
0,6,attn_proj,2.23327898979187
0,6,ln2,0.009963867254555225
0,6,mlp_fc,0.49987876415252686
0,6,mlp_proj,2.6377811431884766
0,7,ln1,0.00938789639621973
0,7,attn_qkv,0.4542570412158966
0,7,attn_proj,2.010218620300293
0,7,ln2,0.010322695598006248
0,7,mlp_fc,0.4714714586734772
0,7,mlp_proj,2.540592908859253
0,8,ln1,0.008554360829293728
0,8,attn_qkv,0.41282740235328674
0,8,attn_proj,1.9995237588882446
0,8,ln2,0.008505251258611679
0,8,mlp_fc,0.4396336078643799
0,8,mlp_proj,2.3436007499694824
0,9,ln1,0.008251216262578964
0,9,attn_qkv,0.38945379853248596
0,9,attn_proj,1.8870986700057983
0,9,ln2,0.00816943496465683
0,9,mlp_fc,0.42139679193496704
0,9,mlp_proj,2.2531983852386475
0,10,ln1,0.007461044006049633
0,10,attn_qkv,0.3656344413757324
0,10,attn_proj,1.8797940015792847
0,10,ln2,0.008242245763540268
0,10,mlp_fc,0.4103279411792755
0,10,mlp_proj,2.1822028160095215
0,11,ln1,0.007224583998322487
0,11,attn_qkv,0.35464391112327576
0,11,attn_proj,1.6562845706939697
0,11,ln2,0.007211736869066954
0,11,mlp_fc,0.3966793417930603
0,11,mlp_proj,2.110100507736206
100,0,ln1,0.0013862128835171461
100,0,attn_qkv,0.06937623023986816
100,0,attn_proj,0.3309767246246338
100,0,ln2,0.001931012375280261
100,0,mlp_fc,0.06449703127145767
100,0,mlp_proj,0.42905497550964355
100,1,ln1,0.0011655627749860287
100,1,attn_qkv,0.05835568904876709
100,1,attn_proj,0.2641824781894684
100,1,ln2,0.0014157068217173219
100,1,mlp_fc,0.05127716436982155
100,1,mlp_proj,0.2595691978931427
100,2,ln1,0.0007852113340049982
100,2,attn_qkv,0.037409134209156036
100,2,attn_proj,0.16432860493659973
100,2,ln2,0.0009448506752960384
100,2,mlp_fc,0.03422906994819641
100,2,mlp_proj,0.17151205241680145
100,3,ln1,0.00045089711784385145
100,3,attn_qkv,0.02328229509294033
100,3,attn_proj,0.10182349383831024
100,3,ln2,0.0006223924574442208
100,3,mlp_fc,0.02412954904139042
100,3,mlp_proj,0.12256796658039093
100,4,ln1,0.0003173097502440214
100,4,attn_qkv,0.01479148119688034
100,4,attn_proj,0.06924869120121002
100,4,ln2,0.0004958049976266921
100,4,mlp_fc,0.018628422170877457
100,4,mlp_proj,0.0944802388548851
100,5,ln1,0.0002617119753267616
100,5,attn_qkv,0.01225514430552721
100,5,attn_proj,0.05881888046860695
100,5,ln2,0.0004148957086727023
100,5,mlp_fc,0.016063790768384933
100,5,mlp_proj,0.07997158914804459
100,6,ln1,0.0002247567317681387
100,6,attn_qkv,0.011171556077897549
100,6,attn_proj,0.0528118722140789
100,6,ln2,0.00032218723208643496
100,6,mlp_fc,0.014316195622086525
100,6,mlp_proj,0.07108189910650253
100,7,ln1,0.00021299814397934824
100,7,attn_qkv,0.010844780132174492
100,7,attn_proj,0.050331905484199524
100,7,ln2,0.00030338423675857484
100,7,mlp_fc,0.01349195558577776
100,7,mlp_proj,0.06596062332391739
100,8,ln1,0.00019404721388127655
100,8,attn_qkv,0.009589679539203644
100,8,attn_proj,0.048092469573020935
100,8,ln2,0.00032178725814446807
100,8,mlp_fc,0.013154655694961548
100,8,mlp_proj,0.06552112847566605
100,9,ln1,0.00021741946693509817
100,9,attn_qkv,0.010560843162238598
100,9,attn_proj,0.05037384852766991
100,9,ln2,0.0003114168648608029
100,9,mlp_fc,0.013198571279644966
100,9,mlp_proj,0.0645013377070427
100,10,ln1,0.00020905147539451718
100,10,attn_qkv,0.010437392629683018
100,10,attn_proj,0.04897527024149895
100,10,ln2,0.0002914801880251616
100,10,mlp_fc,0.012923751026391983
100,10,mlp_proj,0.06287631392478943
100,11,ln1,0.00022047122183721513
100,11,attn_qkv,0.010592403821647167
100,11,attn_proj,0.051851965487003326
100,11,ln2,0.0003078867157455534
100,11,mlp_fc,0.013095713220536709
100,11,mlp_proj,0.0633675828576088
200,0,ln1,0.0024317747447639704
200,0,attn_qkv,0.1186150312423706
200,0,attn_proj,0.4302721619606018
200,0,ln2,0.0025840625166893005
200,0,mlp_fc,0.08641084283590317
200,0,mlp_proj,0.522854745388031
200,1,ln1,0.000999964657239616
200,1,attn_qkv,0.04751591756939888
200,1,attn_proj,0.16665154695510864
200,1,ln2,0.001578882453031838
200,1,mlp_fc,0.057702988386154175
200,1,mlp_proj,0.2995244860649109
200,2,ln1,0.0005606834893114865
200,2,attn_qkv,0.028287479653954506
200,2,attn_proj,0.105135478079319
200,2,ln2,0.001159291947260499
200,2,mlp_fc,0.0446496345102787
200,2,mlp_proj,0.2301911860704422
200,3,ln1,0.00044919009087607265
200,3,attn_qkv,0.019894259050488472
200,3,attn_proj,0.07778017222881317
200,3,ln2,0.0009220973588526249
200,3,mlp_fc,0.03570038080215454
200,3,mlp_proj,0.18371501564979553
200,4,ln1,0.0003458724240772426
200,4,attn_qkv,0.01567377708852291
200,4,attn_proj,0.059616416692733765
200,4,ln2,0.0007596939103677869
200,4,mlp_fc,0.02964555285871029
200,4,mlp_proj,0.15195554494857788
200,5,ln1,0.00027844702708534896
200,5,attn_qkv,0.012463544495403767
200,5,attn_proj,0.04827117919921875
200,5,ln2,0.0006772405467927456
200,5,mlp_fc,0.025134669616818428
200,5,mlp_proj,0.12530826032161713
200,6,ln1,0.00023309564858209342
200,6,attn_qkv,0.010266924276947975
200,6,attn_proj,0.043047863990068436
200,6,ln2,0.000551455479580909
200,6,mlp_fc,0.022103602066636086
200,6,mlp_proj,0.110939621925354
200,7,ln1,0.000233525424846448
200,7,attn_qkv,0.010062028653919697
200,7,attn_proj,0.04185941815376282
200,7,ln2,0.0005034901550970972
200,7,mlp_fc,0.02001907490193844
200,7,mlp_proj,0.09910335391759872
200,8,ln1,0.0003215343749616295
200,8,attn_qkv,0.012184463441371918
200,8,attn_proj,0.04291645437479019
200,8,ln2,0.000491012295242399
200,8,mlp_fc,0.01878674142062664
200,8,mlp_proj,0.09179198741912842
200,9,ln1,0.00022185491980053484
200,9,attn_qkv,0.010171592235565186
200,9,attn_proj,0.045161616057157516
200,9,ln2,0.00046974082943052053
200,9,mlp_fc,0.018019963055849075
200,9,mlp_proj,0.08868326991796494
200,10,ln1,0.00025257133529521525
200,10,attn_qkv,0.011850502341985703
200,10,attn_proj,0.0540597066283226
200,10,ln2,0.00045497584505937994
200,10,mlp_fc,0.01827646605670452
200,10,mlp_proj,0.08923592418432236
200,11,ln1,0.00031466467771679163
200,11,attn_qkv,0.014560427516698837
200,11,attn_proj,0.06957119703292847
200,11,ln2,0.0004628741298802197
200,11,mlp_fc,0.018575306981801987
200,11,mlp_proj,0.09310395270586014
0,0,ln1,0.010464174672961235
0,0,attn_qkv,0.5000831484794617
0,0,attn_proj,2.546187162399292
0,0,ln2,0.011367620900273323
0,0,mlp_fc,0.561886191368103
0,0,mlp_proj,5.347318172454834
0,1,ln1,0.014756147749722004
0,1,attn_qkv,0.7133679389953613
0,1,attn_proj,3.5315957069396973
0,1,ln2,0.014655539765954018
0,1,mlp_fc,0.7187975645065308
0,1,mlp_proj,4.436729431152344
0,2,ln1,0.013081802986562252
0,2,attn_qkv,0.6680963039398193
0,2,attn_proj,3.3073461055755615
0,2,ln2,0.013005328364670277
0,2,mlp_fc,0.6874937415122986
0,2,mlp_proj,3.9754865169525146
0,3,ln1,0.011779947206377983
0,3,attn_qkv,0.5858859419822693
0,3,attn_proj,2.7725088596343994
0,3,ln2,0.012456406839191914
0,3,mlp_fc,0.590604305267334
0,3,mlp_proj,3.3932225704193115
0,4,ln1,0.010165105573832989
0,4,attn_qkv,0.5042040944099426
0,4,attn_proj,2.508936643600464
0,4,ln2,0.010413803160190582
0,4,mlp_fc,0.5693215131759644
0,4,mlp_proj,3.1522436141967773
0,5,ln1,0.009679463692009449
0,5,attn_qkv,0.4794774055480957
0,5,attn_proj,2.4722979068756104
0,5,ln2,0.009534347802400589
0,5,mlp_fc,0.5402218699455261
0,5,mlp_proj,2.8761019706726074
0,6,ln1,0.008934910409152508
0,6,attn_qkv,0.469210147857666
0,6,attn_proj,2.2332777976989746
0,6,ln2,0.00996385607868433
0,6,mlp_fc,0.4998789131641388
0,6,mlp_proj,2.637784481048584
0,7,ln1,0.009387821890413761
0,7,attn_qkv,0.45425596833229065
0,7,attn_proj,2.0102179050445557
0,7,ln2,0.01032266765832901
0,7,mlp_fc,0.4714713394641876
0,7,mlp_proj,2.54059100151062
0,8,ln1,0.008554363623261452
0,8,attn_qkv,0.4128277599811554
0,8,attn_proj,1.9995230436325073
0,8,ln2,0.00850524939596653
0,8,mlp_fc,0.43963420391082764
0,8,mlp_proj,2.3436009883880615
0,9,ln1,0.008251205086708069
0,9,attn_qkv,0.38945358991622925
0,9,attn_proj,1.887099027633667
0,9,ln2,0.008169430308043957
0,9,mlp_fc,0.42139676213264465
0,9,mlp_proj,2.2531983852386475
0,10,ln1,0.007461044937372208
0,10,attn_qkv,0.36563438177108765
0,10,attn_proj,1.8797940015792847
0,10,ln2,0.008242246694862843
0,10,mlp_fc,0.4103279411792755
0,10,mlp_proj,2.1822028160095215
0,11,ln1,0.007224583998322487
0,11,attn_qkv,0.35464391112327576
0,11,attn_proj,1.6562845706939697
0,11,ln2,0.007211736869066954
0,11,mlp_fc,0.3966793417930603
0,11,mlp_proj,2.110100507736206
100,0,ln1,0.010539671406149864
100,0,attn_qkv,0.501336932182312
100,0,attn_proj,2.5492970943450928
100,0,ln2,0.011545366607606411
100,0,mlp_fc,0.5662858486175537
100,0,mlp_proj,5.351797580718994
100,1,ln1,0.014807548373937607
100,1,attn_qkv,0.7106345295906067
100,1,attn_proj,3.5249013900756836
100,1,ln2,0.014526505023241043
100,1,mlp_fc,0.7171605229377747
100,1,mlp_proj,4.433321475982666
100,2,ln1,0.013087315484881401
100,2,attn_qkv,0.6649876832962036
100,2,attn_proj,3.299170970916748
100,2,ln2,0.01302382629364729
100,2,mlp_fc,0.6883901953697205
100,2,mlp_proj,3.972496509552002
100,3,ln1,0.011711428873240948
100,3,attn_qkv,0.5848410129547119
100,3,attn_proj,2.7708687782287598
100,3,ln2,0.012446270324289799
100,3,mlp_fc,0.5905113816261292
100,3,mlp_proj,3.3947806358337402
100,4,ln1,0.010190731845796108
100,4,attn_qkv,0.5042685270309448
100,4,attn_proj,2.510953664779663
100,4,ln2,0.010418619960546494
100,4,mlp_fc,0.5709986090660095
100,4,mlp_proj,3.1580421924591064
100,5,ln1,0.00968235358595848
100,5,attn_qkv,0.4795774221420288
100,5,attn_proj,2.469834327697754
100,5,ln2,0.009569177404046059
100,5,mlp_fc,0.5419996380805969
100,5,mlp_proj,2.8792829513549805
100,6,ln1,0.008972298353910446
100,6,attn_qkv,0.4690786600112915
100,6,attn_proj,2.2350101470947266
100,6,ln2,0.00999398622661829
100,6,mlp_fc,0.5018629431724548
100,6,mlp_proj,2.6429452896118164
100,7,ln1,0.009425009600818157
100,7,attn_qkv,0.45527875423431396
100,7,attn_proj,2.0091469287872314
100,7,ln2,0.01038451213389635
100,7,mlp_fc,0.47364699840545654
100,7,mlp_proj,2.5483498573303223
100,8,ln1,0.00850839726626873
100,8,attn_qkv,0.4129771590232849
100,8,attn_proj,2.004976511001587
100,8,ln2,0.008530945517122746
100,8,mlp_fc,0.4403308629989624
100,8,mlp_proj,2.3446712493896484
100,9,ln1,0.008294611237943172
100,9,attn_qkv,0.3899537920951843
100,9,attn_proj,1.890977382659912
100,9,ln2,0.008208954706788063
100,9,mlp_fc,0.42193603515625
100,9,mlp_proj,2.256897449493408
100,10,ln1,0.007444792427122593
100,10,attn_qkv,0.36571115255355835
100,10,attn_proj,1.8781955242156982
100,10,ln2,0.008281717076897621
100,10,mlp_fc,0.41134360432624817
100,10,mlp_proj,2.1875343322753906
100,11,ln1,0.007233026437461376
100,11,attn_qkv,0.3543091118335724
100,11,attn_proj,1.6613222360610962
100,11,ln2,0.007263940759003162
100,11,mlp_fc,0.3986082077026367
100,11,mlp_proj,2.1185619831085205
200,0,ln1,0.010117652826011181
200,0,attn_qkv,0.48353108763694763
200,0,attn_proj,2.4496772289276123
200,0,ln2,0.011136011220514774
200,0,mlp_fc,0.5449586510658264
200,0,mlp_proj,5.148017883300781
200,1,ln1,0.014254379086196423
200,1,attn_qkv,0.6837383508682251
200,1,attn_proj,3.4039669036865234
200,1,ln2,0.014060473069548607
200,1,mlp_fc,0.694499135017395
200,1,mlp_proj,4.300841808319092
200,2,ln1,0.01268839556723833
200,2,attn_qkv,0.6477649211883545
200,2,attn_proj,3.206766366958618
200,2,ln2,0.012831545434892178
200,2,mlp_fc,0.6700780391693115
200,2,mlp_proj,3.8668737411499023
200,3,ln1,0.011537615209817886
200,3,attn_qkv,0.5702170133590698
200,3,attn_proj,2.686490774154663
200,3,ln2,0.012176374904811382
200,3,mlp_fc,0.5734646916389465
200,3,mlp_proj,3.304945945739746
200,4,ln1,0.00997668132185936
200,4,attn_qkv,0.492108553647995
200,4,attn_proj,2.4525599479675293
200,4,ln2,0.010156129486858845
200,4,mlp_fc,0.5582748055458069
200,4,mlp_proj,3.0867254734039307
200,5,ln1,0.00957396812736988
200,5,attn_qkv,0.4696480929851532
200,5,attn_proj,2.4128496646881104
200,5,ln2,0.009307997301220894
200,5,mlp_fc,0.5303511619567871
200,5,mlp_proj,2.817304849624634
200,6,ln1,0.008828524500131607
200,6,attn_qkv,0.46050986647605896
200,6,attn_proj,2.186304807662964
200,6,ln2,0.009784088470041752
200,6,mlp_fc,0.49413883686065674
200,6,mlp_proj,2.593824863433838
200,7,ln1,0.009280804544687271
200,7,attn_qkv,0.44714704155921936
200,7,attn_proj,1.970312237739563
200,7,ln2,0.01023853663355112
200,7,mlp_fc,0.46843454241752625
200,7,mlp_proj,2.506160259246826
200,8,ln1,0.008386174216866493
200,8,attn_qkv,0.4072893559932709
200,8,attn_proj,1.9751017093658447
200,8,ln2,0.008470415137708187
200,8,mlp_fc,0.4344744086265564
200,8,mlp_proj,2.3006744384765625
200,9,ln1,0.00822703167796135
200,9,attn_qkv,0.3844960927963257
200,9,attn_proj,1.8628196716308594
200,9,ln2,0.008043646812438965
200,9,mlp_fc,0.41668662428855896
200,9,mlp_proj,2.228520631790161
200,10,ln1,0.007360286079347134
200,10,attn_qkv,0.3639088273048401
200,10,attn_proj,1.8544931411743164
200,10,ln2,0.008100020699203014
200,10,mlp_fc,0.4076583981513977
200,10,mlp_proj,2.1599819660186768
200,11,ln1,0.007174121681600809
200,11,attn_qkv,0.3503563702106476
200,11,attn_proj,1.657979130744934
200,11,ln2,0.007260688114911318
200,11,mlp_fc,0.3963747024536133
200,11,mlp_proj,2.1142430305480957
0,0,ln1,0.010464230552315712
0,0,attn_qkv,0.5000802278518677
0,0,attn_proj,2.546175718307495
0,0,ln2,0.011367620900273323
0,0,mlp_fc,0.5618851780891418
0,0,mlp_proj,5.347279071807861
0,1,ln1,0.014756113290786743
0,1,attn_qkv,0.7133643627166748
0,1,attn_proj,3.53157114982605
0,1,ln2,0.014655480161309242
0,1,mlp_fc,0.7187951803207397
0,1,mlp_proj,4.436713695526123
0,2,ln1,0.013081722892820835
0,2,attn_qkv,0.6680943965911865
0,2,attn_proj,3.30733060836792
0,2,ln2,0.013005277141928673
0,2,mlp_fc,0.6874885559082031
0,2,mlp_proj,3.9754621982574463
0,3,ln1,0.011779967695474625
0,3,attn_qkv,0.5858836770057678
0,3,attn_proj,2.7725014686584473
0,3,ln2,0.012456378899514675
0,3,mlp_fc,0.590604841709137
0,3,mlp_proj,3.3932137489318848
0,4,ln1,0.010164976119995117
0,4,attn_qkv,0.504202127456665
0,4,attn_proj,2.508929491043091
0,4,ln2,0.010413714684545994
0,4,mlp_fc,0.5693208575248718
0,4,mlp_proj,3.1522412300109863
0,5,ln1,0.009679467417299747
0,5,attn_qkv,0.4794764220714569
0,5,attn_proj,2.472303628921509
0,5,ln2,0.009534372016787529
0,5,mlp_fc,0.5402218103408813
0,5,mlp_proj,2.876101493835449
0,6,ln1,0.0089349877089262
0,6,attn_qkv,0.46921131014823914
0,6,attn_proj,2.2332780361175537
0,6,ln2,0.009963794611394405
0,6,mlp_fc,0.4998782277107239
0,6,mlp_proj,2.63777756690979
0,7,ln1,0.009387868456542492
0,7,attn_qkv,0.4542560577392578
0,7,attn_proj,2.0102171897888184
0,7,ln2,0.010322660207748413
0,7,mlp_fc,0.4714702367782593
0,7,mlp_proj,2.54058837890625
0,8,ln1,0.008554358035326004
0,8,attn_qkv,0.4128272235393524
0,8,attn_proj,1.9995219707489014
0,8,ln2,0.008505229838192463
0,8,mlp_fc,0.4396331012248993
0,8,mlp_proj,2.343599796295166
0,9,ln1,0.008251202292740345
0,9,attn_qkv,0.3894534409046173
0,9,attn_proj,1.887098789215088
0,9,ln2,0.00816942285746336
0,9,mlp_fc,0.42139679193496704
0,9,mlp_proj,2.2531986236572266
0,10,ln1,0.00746104447171092
0,10,attn_qkv,0.36563441157341003
0,10,attn_proj,1.8797940015792847
0,10,ln2,0.008242246694862843
0,10,mlp_fc,0.4103279709815979
0,10,mlp_proj,2.1822028160095215
0,11,ln1,0.007224583998322487
0,11,attn_qkv,0.35464391112327576
0,11,attn_proj,1.6562845706939697
0,11,ln2,0.007211736869066954
0,11,mlp_fc,0.3966793417930603
0,11,mlp_proj,2.110100507736206
100,0,ln1,0.009418273344635963
100,0,attn_qkv,0.4374695122241974
100,0,attn_proj,2.1989328861236572
100,0,ln2,0.010491949506103992
100,0,mlp_fc,0.5023385286331177
100,0,mlp_proj,4.637374401092529
100,1,ln1,0.012849630787968636
100,1,attn_qkv,0.6108916997909546
100,1,attn_proj,3.065669536590576
100,1,ln2,0.012674176134169102
100,1,mlp_fc,0.6331180930137634
100,1,mlp_proj,3.9190833568573
100,2,ln1,0.01166591141372919
100,2,attn_qkv,0.5909978151321411
100,2,attn_proj,2.9282524585723877
100,2,ln2,0.01189634669572115
100,2,mlp_fc,0.6181904077529907
100,2,mlp_proj,3.550128221511841
100,3,ln1,0.010709662921726704
100,3,attn_qkv,0.5272396802902222
100,3,attn_proj,2.4715981483459473
100,3,ln2,0.011404457502067089
100,3,mlp_fc,0.5333999395370483
100,3,mlp_proj,3.07511043548584
100,4,ln1,0.00931021198630333
100,4,attn_qkv,0.4576818645000458
100,4,attn_proj,2.3002676963806152
100,4,ln2,0.009557795710861683
100,4,mlp_fc,0.5286864638328552
100,4,mlp_proj,2.9081485271453857
100,5,ln1,0.009020968340337276
100,5,attn_qkv,0.4429300129413605
100,5,attn_proj,2.2738025188446045
100,5,ln2,0.008968495763838291
100,5,mlp_fc,0.5039973258972168
100,5,mlp_proj,2.665985584259033
100,6,ln1,0.008448848500847816
100,6,attn_qkv,0.4381830096244812
100,6,attn_proj,2.078857660293579
100,6,ln2,0.009302706457674503
100,6,mlp_fc,0.47678667306900024
100,6,mlp_proj,2.473924160003662
100,7,ln1,0.00889576319605112
100,7,attn_qkv,0.42880624532699585
100,7,attn_proj,1.882338047027588
100,7,ln2,0.009930326603353024
100,7,mlp_fc,0.45546045899391174
100,7,mlp_proj,2.4141347408294678
100,8,ln1,0.00799927581101656
100,8,attn_qkv,0.39251819252967834
100,8,attn_proj,1.909598708152771
100,8,ln2,0.008314121514558792
100,8,mlp_fc,0.42210447788238525
100,8,mlp_proj,2.2189671993255615
100,9,ln1,0.008066359907388687
100,9,attn_qkv,0.372540146112442
100,9,attn_proj,1.8051612377166748
100,9,ln2,0.007800661958754063
100,9,mlp_fc,0.4097423553466797
100,9,mlp_proj,2.175654888153076
100,10,ln1,0.007104348391294479
100,10,attn_qkv,0.3565061390399933
100,10,attn_proj,1.7993698120117188
100,10,ln2,0.007932436652481556
100,10,mlp_fc,0.40349259972572327
100,10,mlp_proj,2.1146340370178223
100,11,ln1,0.007087633013725281
100,11,attn_qkv,0.3448818027973175
100,11,attn_proj,1.6607778072357178
100,11,ln2,0.007216861937195063
100,11,mlp_fc,0.39543822407722473
100,11,mlp_proj,2.1051156520843506
200,0,ln1,0.004657306708395481
200,0,attn_qkv,0.2063535898923874
200,0,attn_proj,0.9856648445129395
200,0,ln2,0.0064855217933654785
200,0,mlp_fc,0.28194236755371094
200,0,mlp_proj,2.1808156967163086
200,1,ln1,0.006177171133458614
200,1,attn_qkv,0.27133139967918396
200,1,attn_proj,1.3929672241210938
200,1,ln2,0.006485944613814354
200,1,mlp_fc,0.3217940628528595
200,1,mlp_proj,1.8850631713867188
200,2,ln1,0.0057204910553991795
200,2,attn_qkv,0.2936270236968994
200,2,attn_proj,1.429551601409912
200,2,ln2,0.006634761579334736
200,2,mlp_fc,0.3200885057449341
200,2,mlp_proj,1.7556310892105103
200,3,ln1,0.0057632941752672195
200,3,attn_qkv,0.27511003613471985
200,3,attn_proj,1.2659039497375488
200,3,ln2,0.006214488297700882
200,3,mlp_fc,0.2932659983634949
200,3,mlp_proj,1.6354570388793945
200,4,ln1,0.005076893605291843
200,4,attn_qkv,0.2523546516895294
200,4,attn_proj,1.2758725881576538
200,4,ln2,0.005685126408934593
200,4,mlp_fc,0.3098377287387848
200,4,mlp_proj,1.638546109199524
200,5,ln1,0.005438143853098154
200,5,attn_qkv,0.267191618680954
200,5,attn_proj,1.3302851915359497
200,5,ln2,0.00589133333414793
200,5,mlp_fc,0.30419492721557617
200,5,mlp_proj,1.5889806747436523
200,6,ln1,0.0052929408848285675
200,6,attn_qkv,0.27216836810112
200,6,attn_proj,1.310387372970581
200,6,ln2,0.005948546342551708
200,6,mlp_fc,0.3117600381374359
200,6,mlp_proj,1.5567355155944824
200,7,ln1,0.005663094576448202
200,7,attn_qkv,0.27853161096572876
200,7,attn_proj,1.255757451057434
200,7,ln2,0.006672323681414127
200,7,mlp_fc,0.31594207882881165
200,7,mlp_proj,1.5916907787322998
200,8,ln1,0.005469698924571276
200,8,attn_qkv,0.2734522819519043
200,8,attn_proj,1.3223721981048584
200,8,ln2,0.006185936275869608
200,8,mlp_fc,0.30894026160240173
200,8,mlp_proj,1.5614292621612549
200,9,ln1,0.005774147808551788
200,9,attn_qkv,0.2701709568500519
200,9,attn_proj,1.2850468158721924
200,9,ln2,0.0057903556153178215
200,9,mlp_fc,0.3192017376422882
200,9,mlp_proj,1.623062252998352
200,10,ln1,0.0052468907088041306
200,10,attn_qkv,0.27156370878219604
200,10,attn_proj,1.3395075798034668
200,10,ln2,0.006346998270601034
200,10,mlp_fc,0.3242500424385071
200,10,mlp_proj,1.5826133489608765
200,11,ln1,0.00578088965266943
200,11,attn_qkv,0.2817155122756958
200,11,attn_proj,1.397667646408081
200,11,ln2,0.006186265032738447
200,11,mlp_fc,0.3317934572696686
200,11,mlp_proj,1.6952705383300781
0,0,ln1,0.010464080609381199
0,0,attn_qkv,0.5000818371772766
0,0,attn_proj,2.54618763923645
0,0,ln2,0.01136757805943489
0,0,mlp_fc,0.5618869066238403
0,0,mlp_proj,5.347324371337891
0,1,ln1,0.01475630421191454
0,1,attn_qkv,0.7133694887161255
0,1,attn_proj,3.5316002368927
0,1,ln2,0.014655757695436478
0,1,mlp_fc,0.7187998294830322
0,1,mlp_proj,4.436739444732666
0,2,ln1,0.013081940822303295
0,2,attn_qkv,0.6680978536605835
0,2,attn_proj,3.3073508739471436
0,2,ln2,0.013005351647734642
0,2,mlp_fc,0.687490701675415
0,2,mlp_proj,3.9754695892333984
0,3,ln1,0.011779929511249065
0,3,attn_qkv,0.5858842730522156
0,3,attn_proj,2.772498607635498
0,3,ln2,0.012456427328288555
0,3,mlp_fc,0.5906010270118713
0,3,mlp_proj,3.3932106494903564
0,4,ln1,0.01016500685364008
0,4,attn_qkv,0.5042011737823486
0,4,attn_proj,2.50893497467041
0,4,ln2,0.01041366159915924
0,4,mlp_fc,0.5693193078041077
0,4,mlp_proj,3.152233600616455
0,5,ln1,0.009679409675300121
0,5,attn_qkv,0.479475200176239
0,5,attn_proj,2.4722981452941895
0,5,ln2,0.009534330107271671
0,5,mlp_fc,0.5402229428291321
0,5,mlp_proj,2.8761041164398193
0,6,ln1,0.00893496721982956
0,6,attn_qkv,0.46921098232269287
0,6,attn_proj,2.2332780361175537
0,6,ln2,0.009963896125555038
0,6,mlp_fc,0.49987903237342834
0,6,mlp_proj,2.6377813816070557
0,7,ln1,0.009387876838445663
0,7,attn_qkv,0.4542572498321533
0,7,attn_proj,2.010218858718872
0,7,ln2,0.01032269187271595
0,7,mlp_fc,0.4714701473712921
0,7,mlp_proj,2.5405893325805664
0,8,ln1,0.008554340340197086
0,8,attn_qkv,0.41282764077186584
0,8,attn_proj,1.9995243549346924
0,8,ln2,0.008505234494805336
0,8,mlp_fc,0.4396338164806366
0,8,mlp_proj,2.3436014652252197
0,9,ln1,0.008251187391579151
0,9,attn_qkv,0.38945361971855164
0,9,attn_proj,1.8870984315872192
0,9,ln2,0.008169428445398808
0,9,mlp_fc,0.42139673233032227
0,9,mlp_proj,2.2531986236572266
0,10,ln1,0.007461043540388346
0,10,attn_qkv,0.3656344413757324
0,10,attn_proj,1.8797940015792847
0,10,ln2,0.008242245763540268
0,10,mlp_fc,0.4103279709815979
0,10,mlp_proj,2.1822028160095215
0,11,ln1,0.007224583998322487
0,11,attn_qkv,0.35464391112327576
0,11,attn_proj,1.6562845706939697
0,11,ln2,0.007211736869066954
0,11,mlp_fc,0.3966793417930603
0,11,mlp_proj,2.110100507736206
100,0,ln1,0.007581907324492931
100,0,attn_qkv,0.3425602912902832
100,0,attn_proj,1.6908009052276611
100,0,ln2,0.008786598220467567
100,0,mlp_fc,0.4108642041683197
100,0,mlp_proj,3.6027185916900635
100,1,ln1,0.009934316389262676
100,1,attn_qkv,0.4659464955329895
100,1,attn_proj,2.3803634643554688
100,1,ln2,0.009956630878150463
100,1,mlp_fc,0.5085518956184387
100,1,mlp_proj,3.1262621879577637
100,2,ln1,0.009400986135005951
100,2,attn_qkv,0.4755069315433502
100,2,attn_proj,2.3514537811279297
100,2,ln2,0.01001645252108574
100,2,mlp_fc,0.5060650706291199
100,2,mlp_proj,2.875540018081665
100,3,ln1,0.008871205151081085
100,3,attn_qkv,0.433584064245224
100,3,attn_proj,2.018202781677246
100,3,ln2,0.009472099132835865
100,3,mlp_fc,0.44420623779296875
100,3,mlp_proj,2.556734800338745
100,4,ln1,0.007768161594867706
100,4,attn_qkv,0.3822007477283478
100,4,attn_proj,1.9404258728027344
100,4,ln2,0.008186443708837032
100,4,mlp_fc,0.4540502429008484
100,4,mlp_proj,2.472423553466797
100,5,ln1,0.007814694195985794
100,5,attn_qkv,0.3828281760215759
100,5,attn_proj,1.9495590925216675
100,5,ln2,0.008080563507974148
100,5,mlp_fc,0.4376595616340637
100,5,mlp_proj,2.3065807819366455
100,6,ln1,0.007458447478711605
100,6,attn_qkv,0.38400760293006897
100,6,attn_proj,1.8275153636932373
100,6,ln2,0.008188178762793541
100,6,mlp_fc,0.42715445160865784
100,6,mlp_proj,2.1813416481018066
100,7,ln1,0.007869377732276917
100,7,attn_qkv,0.38229602575302124
100,7,attn_proj,1.6857168674468994
100,7,ln2,0.00897027924656868
100,7,mlp_fc,0.416414737701416
100,7,mlp_proj,2.1661202907562256
100,8,ln1,0.007196168415248394
100,8,attn_qkv,0.3570350408554077
100,8,attn_proj,1.7418410778045654
100,8,ln2,0.007794075179845095
100,8,mlp_fc,0.3906617760658264
100,8,mlp_proj,2.0281174182891846
100,9,ln1,0.007468466181308031
100,9,attn_qkv,0.3443385362625122
100,9,attn_proj,1.6633847951889038
100,9,ln2,0.007155387196689844
100,9,mlp_fc,0.38828080892562866
100,9,mlp_proj,2.0318174362182617
100,10,ln1,0.006606503389775753
100,10,attn_qkv,0.3363603353500366
100,10,attn_proj,1.6755685806274414
100,10,ln2,0.007568777538836002
100,10,mlp_fc,0.3877248764038086
100,10,mlp_proj,1.9822620153427124
100,11,ln1,0.00677740853279829
100,11,attn_qkv,0.3309563994407654
100,11,attn_proj,1.6257808208465576
100,11,ln2,0.007060875650495291
100,11,mlp_fc,0.3852631747722626
100,11,mlp_proj,2.0281736850738525
200,0,ln1,0.0019200782990083098
200,0,attn_qkv,0.0882408544421196
200,0,attn_proj,0.41142332553863525
200,0,ln2,0.00444113090634346
200,0,mlp_fc,0.182677760720253
200,0,mlp_proj,1.096473217010498
200,1,ln1,0.0027560198213905096
200,1,attn_qkv,0.11496833711862564
200,1,attn_proj,0.5832641124725342
200,1,ln2,0.0036918935365974903
200,1,mlp_fc,0.16412939131259918
200,1,mlp_proj,0.864886462688446
200,2,ln1,0.002421280601993203
200,2,attn_qkv,0.12226636707782745
200,2,attn_proj,0.5915235877037048
200,2,ln2,0.0031635870691388845
200,2,mlp_fc,0.1546994298696518
200,2,mlp_proj,0.797156035900116
200,3,ln1,0.002649016445502639
200,3,attn_qkv,0.12242260575294495
200,3,attn_proj,0.5697813034057617
200,3,ln2,0.0032244424801319838
200,3,mlp_fc,0.15384021401405334
200,3,mlp_proj,0.7895164489746094
200,4,ln1,0.00227509718388319
200,4,attn_qkv,0.12000969052314758
200,4,attn_proj,0.6179091334342957
200,4,ln2,0.003250631270930171
200,4,mlp_fc,0.1644657552242279
200,4,mlp_proj,0.822484016418457
200,5,ln1,0.002806529402732849
200,5,attn_qkv,0.1368934065103531
200,5,attn_proj,0.6761338114738464
200,5,ln2,0.003237870056182146
200,5,mlp_fc,0.16371208429336548
200,5,mlp_proj,0.835741400718689
200,6,ln1,0.002901369472965598
200,6,attn_qkv,0.14545993506908417
200,6,attn_proj,0.7108373641967773
200,6,ln2,0.0032351319678127766
200,6,mlp_fc,0.17280656099319458
200,6,mlp_proj,0.8604493737220764
200,7,ln1,0.0030952254310250282
200,7,attn_qkv,0.15393462777137756
200,7,attn_proj,0.7153069972991943
200,7,ln2,0.003909678664058447
200,7,mlp_fc,0.1882082223892212
200,7,mlp_proj,0.9056624174118042
200,8,ln1,0.0032681270968168974
200,8,attn_qkv,0.16031505167484283
200,8,attn_proj,0.775776207447052
200,8,ln2,0.003996027167886496
200,8,mlp_fc,0.19176051020622253
200,8,mlp_proj,0.9441069960594177
200,9,ln1,0.0034604815300554037
200,9,attn_qkv,0.1648007482290268
200,9,attn_proj,0.7767664194107056
200,9,ln2,0.003859973046928644
200,9,mlp_fc,0.20642518997192383
200,9,mlp_proj,1.018363356590271
200,10,ln1,0.00351465935818851
200,10,attn_qkv,0.1712048202753067
200,10,attn_proj,0.8541261553764343
200,10,ln2,0.0043344353325665
200,10,mlp_fc,0.21739040315151215
200,10,mlp_proj,1.0200347900390625
200,11,ln1,0.004111031536012888
200,11,attn_qkv,0.19184112548828125
200,11,attn_proj,0.929733157157898
200,11,ln2,0.004478712100535631
200,11,mlp_fc,0.22811654210090637
200,11,mlp_proj,1.1302359104156494
0,0,ln1,0.010464279912412167
0,0,attn_qkv,0.5000831484794617
0,0,attn_proj,2.5461745262145996
0,0,ln2,0.011367480270564556
0,0,mlp_fc,0.5618846416473389
0,0,mlp_proj,5.347283363342285
0,1,ln1,0.014756078831851482
0,1,attn_qkv,0.7133597135543823
0,1,attn_proj,3.531578302383423
0,1,ln2,0.01465548761188984
0,1,mlp_fc,0.7187952995300293
0,1,mlp_proj,4.436723232269287
0,2,ln1,0.01308179646730423
0,2,attn_qkv,0.6680915951728821
0,2,attn_proj,3.307321786880493
0,2,ln2,0.013005346059799194
0,2,mlp_fc,0.6874909400939941
0,2,mlp_proj,3.975470542907715
0,3,ln1,0.011779789812862873
0,3,attn_qkv,0.5858815908432007
0,3,attn_proj,2.7724945545196533
0,3,ln2,0.012456431053578854
0,3,mlp_fc,0.5906022787094116
0,3,mlp_proj,3.3932125568389893
0,4,ln1,0.010165099054574966
0,4,attn_qkv,0.5042029023170471
0,4,attn_proj,2.5089352130889893
0,4,ln2,0.010413656942546368
0,4,mlp_fc,0.5693206787109375
0,4,mlp_proj,3.152233600616455
0,5,ln1,0.009679393842816353
0,5,attn_qkv,0.4794752597808838
0,5,attn_proj,2.4722981452941895
0,5,ln2,0.009534377604722977
0,5,mlp_fc,0.54022216796875
0,5,mlp_proj,2.8761041164398193
0,6,ln1,0.00893500167876482
0,6,attn_qkv,0.4692116975784302
0,6,attn_proj,2.2332823276519775
0,6,ln2,0.00996389426290989
0,6,mlp_fc,0.499879390001297
0,6,mlp_proj,2.637782573699951
0,7,ln1,0.009387885220348835
0,7,attn_qkv,0.45425793528556824
0,7,attn_proj,2.0102202892303467
0,7,ln2,0.010322649963200092
0,7,mlp_fc,0.4714708924293518
0,7,mlp_proj,2.5405893325805664
0,8,ln1,0.008554348722100258
0,8,attn_qkv,0.4128275513648987
0,8,attn_proj,1.999523401260376
0,8,ln2,0.008505258709192276
0,8,mlp_fc,0.4396337568759918
0,8,mlp_proj,2.3436009883880615
0,9,ln1,0.008251200430095196
0,9,attn_qkv,0.3894535303115845
0,9,attn_proj,1.8870986700057983
0,9,ln2,0.008169443346560001
0,9,mlp_fc,0.4213966131210327
0,9,mlp_proj,2.2531983852386475
0,10,ln1,0.00746104447171092
0,10,attn_qkv,0.3656344413757324
0,10,attn_proj,1.8797938823699951
0,10,ln2,0.008242245763540268
0,10,mlp_fc,0.4103279709815979
0,10,mlp_proj,2.1822028160095215
0,11,ln1,0.007224583998322487
0,11,attn_qkv,0.35464391112327576
0,11,attn_proj,1.6562845706939697
0,11,ln2,0.007211736869066954
0,11,mlp_fc,0.3966793417930603
0,11,mlp_proj,2.110100507736206
100,0,ln1,0.010539563372731209
100,0,attn_qkv,0.5013335943222046
100,0,attn_proj,2.5492775440216064
100,0,ln2,0.01154562458395958
100,0,mlp_fc,0.5662815570831299
100,0,mlp_proj,5.3517680168151855
100,1,ln1,0.014807757921516895
100,1,attn_qkv,0.7106353044509888
100,1,attn_proj,3.524887800216675
100,1,ln2,0.014526274055242538
100,1,mlp_fc,0.7171545028686523
100,1,mlp_proj,4.433295249938965
100,2,ln1,0.013087294064462185
100,2,attn_qkv,0.6649852991104126
100,2,attn_proj,3.299163818359375
100,2,ln2,0.013023990206420422
100,2,mlp_fc,0.6883885860443115
100,2,mlp_proj,3.972496271133423
100,3,ln1,0.011711468920111656
100,3,attn_qkv,0.584843635559082
100,3,attn_proj,2.7708709239959717
100,3,ln2,0.012446032837033272
100,3,mlp_fc,0.5905118584632874
100,3,mlp_proj,3.39477276802063
100,4,ln1,0.010190906934440136
100,4,attn_qkv,0.5042701363563538
100,4,attn_proj,2.51096248626709
100,4,ln2,0.010418564081192017
100,4,mlp_fc,0.5709976553916931
100,4,mlp_proj,3.1580381393432617
100,5,ln1,0.009682298637926579
100,5,attn_qkv,0.4795728921890259
100,5,attn_proj,2.469827651977539
100,5,ln2,0.009569103829562664
100,5,mlp_fc,0.5419988632202148
100,5,mlp_proj,2.879284143447876
100,6,ln1,0.008972274139523506
100,6,attn_qkv,0.4690765142440796
100,6,attn_proj,2.235018253326416
100,6,ln2,0.009994045831263065
100,6,mlp_fc,0.5018649101257324
100,6,mlp_proj,2.6429426670074463
100,7,ln1,0.009425046853721142
100,7,attn_qkv,0.4552755355834961
100,7,attn_proj,2.009143829345703
100,7,ln2,0.01038439106196165
100,7,mlp_fc,0.47364503145217896
100,7,mlp_proj,2.5483481884002686
100,8,ln1,0.008508414030075073
100,8,attn_qkv,0.4129762649536133
100,8,attn_proj,2.0049734115600586
100,8,ln2,0.008530918508768082
100,8,mlp_fc,0.44032952189445496
100,8,mlp_proj,2.344663143157959
100,9,ln1,0.008294579572975636
100,9,attn_qkv,0.38995110988616943
100,9,attn_proj,1.8909668922424316
100,9,ln2,0.008208860643208027
100,9,mlp_fc,0.42193666100502014
100,9,mlp_proj,2.256894111633301
100,10,ln1,0.007444793824106455
100,10,attn_qkv,0.3657121956348419
100,10,attn_proj,1.8781934976577759
100,10,ln2,0.008281753398478031
100,10,mlp_fc,0.4113422632217407
100,10,mlp_proj,2.187535524368286
100,11,ln1,0.007232968229800463
100,11,attn_qkv,0.35430750250816345
100,11,attn_proj,1.6613235473632812
100,11,ln2,0.007263996172696352
100,11,mlp_fc,0.39860862493515015
100,11,mlp_proj,2.118562936782837
200,0,ln1,0.010117894969880581
200,0,attn_qkv,0.4835394620895386
200,0,attn_proj,2.4497103691101074
200,0,ln2,0.011136084794998169
200,0,mlp_fc,0.5449618101119995
200,0,mlp_proj,5.148013114929199
200,1,ln1,0.014254292473196983
200,1,attn_qkv,0.6837323904037476
200,1,attn_proj,3.403934955596924
200,1,ln2,0.01406058855354786
200,1,mlp_fc,0.6944936513900757
200,1,mlp_proj,4.300788402557373
200,2,ln1,0.012688527815043926
200,2,attn_qkv,0.647758960723877
200,2,attn_proj,3.20672869682312
200,2,ln2,0.012831469997763634
200,2,mlp_fc,0.6700708270072937
200,2,mlp_proj,3.8668174743652344
200,3,ln1,0.011537335813045502
200,3,attn_qkv,0.5702107548713684
200,3,attn_proj,2.6864655017852783
200,3,ln2,0.012176254764199257
200,3,mlp_fc,0.5734626054763794
200,3,mlp_proj,3.3049368858337402
200,4,ln1,0.009976641274988651
200,4,attn_qkv,0.49210622906684875
200,4,attn_proj,2.4525444507598877
200,4,ln2,0.010156170465052128
200,4,mlp_fc,0.55827397108078
200,4,mlp_proj,3.086738348007202
200,5,ln1,0.009574073366820812
200,5,attn_qkv,0.46964970231056213
200,5,attn_proj,2.412848711013794
200,5,ln2,0.00930806528776884
200,5,mlp_fc,0.5303528308868408
200,5,mlp_proj,2.8173139095306396
200,6,ln1,0.008828530088067055
200,6,attn_qkv,0.46051186323165894
200,6,attn_proj,2.1863086223602295
200,6,ln2,0.009784163907170296
200,6,mlp_fc,0.49414125084877014
200,6,mlp_proj,2.5938432216644287
200,7,ln1,0.009280902333557606
200,7,attn_qkv,0.44714781641960144
200,7,attn_proj,1.9703221321105957
200,7,ln2,0.010238460265100002
200,7,mlp_fc,0.4684372544288635
200,7,mlp_proj,2.5061657428741455
200,8,ln1,0.008386307395994663
200,8,attn_qkv,0.4072944223880768
200,8,attn_proj,1.9751155376434326
200,8,ln2,0.008470437489449978
200,8,mlp_fc,0.43447577953338623
200,8,mlp_proj,2.300671100616455
200,9,ln1,0.008226966485381126
200,9,attn_qkv,0.3844950795173645
200,9,attn_proj,1.8628137111663818
200,9,ln2,0.00804353691637516
200,9,mlp_fc,0.4166868031024933
200,9,mlp_proj,2.2285189628601074
200,10,ln1,0.007360310759395361
200,10,attn_qkv,0.3639088571071625
200,10,attn_proj,1.8544933795928955
200,10,ln2,0.008099834434688091
200,10,mlp_fc,0.40765854716300964
200,10,mlp_proj,2.1599769592285156
200,11,ln1,0.007174106780439615
200,11,attn_qkv,0.3503563106060028
200,11,attn_proj,1.657975673675537
200,11,ln2,0.007260610349476337
200,11,mlp_fc,0.39637506008148193
200,11,mlp_proj,2.1142396926879883
0,0,ln1,0.010464297607541084
0,0,attn_qkv,0.5000845193862915
0,0,attn_proj,2.546190023422241
0,0,ln2,0.011367643252015114
0,0,mlp_fc,0.5618871450424194
0,0,mlp_proj,5.347324848175049
0,1,ln1,0.014756333082914352
0,1,attn_qkv,0.7133665680885315
0,1,attn_proj,3.5315890312194824
0,1,ln2,0.014655700884759426
0,1,mlp_fc,0.7187981009483337
0,1,mlp_proj,4.4367356300354
0,2,ln1,0.013081790879368782
0,2,attn_qkv,0.6680968403816223
0,2,attn_proj,3.3073477745056152
0,2,ln2,0.013005470857024193
0,2,mlp_fc,0.6874908208847046
0,2,mlp_proj,3.9754796028137207
0,3,ln1,0.011780042201280594
0,3,attn_qkv,0.5858849287033081
0,3,attn_proj,2.7724990844726562
0,3,ln2,0.01245640404522419
0,3,mlp_fc,0.5906039476394653
0,3,mlp_proj,3.3932178020477295
0,4,ln1,0.010165027342736721
0,4,attn_qkv,0.5042018890380859
0,4,attn_proj,2.5089292526245117
0,4,ln2,0.010413775220513344
0,4,mlp_fc,0.5693212151527405
0,4,mlp_proj,3.152240037918091
0,5,ln1,0.009679374285042286
0,5,attn_qkv,0.4794754087924957
0,5,attn_proj,2.4723002910614014
0,5,ln2,0.009534363634884357
0,5,mlp_fc,0.5402229428291321
0,5,mlp_proj,2.8761050701141357
0,6,ln1,0.008934970013797283
0,6,attn_qkv,0.4692104756832123
0,6,attn_proj,2.233281373977661
0,6,ln2,0.009963810443878174
0,6,mlp_fc,0.4998793601989746
0,6,mlp_proj,2.637782573699951
0,7,ln1,0.009387879632413387
0,7,attn_qkv,0.45425817370414734
0,7,attn_proj,2.010220527648926
0,7,ln2,0.010322646237909794
0,7,mlp_fc,0.47147059440612793
0,7,mlp_proj,2.5405900478363037
0,8,ln1,0.00855435524135828
0,8,attn_qkv,0.41282781958580017
0,8,attn_proj,1.99952232837677
0,8,ln2,0.008505239151418209
0,8,mlp_fc,0.43963390588760376
0,8,mlp_proj,2.3436007499694824
0,9,ln1,0.00825121533125639
0,9,attn_qkv,0.389454185962677
0,9,attn_proj,1.887097954750061
0,9,ln2,0.008169443346560001
0,9,mlp_fc,0.4213966429233551
0,9,mlp_proj,2.2531986236572266
0,10,ln1,0.007461043540388346
0,10,attn_qkv,0.36563438177108765
0,10,attn_proj,1.8797941207885742
0,10,ln2,0.008242246694862843
0,10,mlp_fc,0.4103279709815979
0,10,mlp_proj,2.1822028160095215
0,11,ln1,0.007224583998322487
0,11,attn_qkv,0.35464391112327576
0,11,attn_proj,1.6562845706939697
0,11,ln2,0.007211736869066954
0,11,mlp_fc,0.3966793417930603
0,11,mlp_proj,2.110100507736206
100,0,ln1,0.009418648667633533
100,0,attn_qkv,0.4374791085720062
100,0,attn_proj,2.198976755142212
100,0,ln2,0.010491963475942612
100,0,mlp_fc,0.50234454870224
100,0,mlp_proj,4.637436389923096
100,1,ln1,0.012849971652030945
100,1,attn_qkv,0.6109009385108948
100,1,attn_proj,3.0657095909118652
100,1,ln2,0.012674468569457531
100,1,mlp_fc,0.6331222057342529
100,1,mlp_proj,3.9191195964813232
100,2,ln1,0.011665983125567436
100,2,attn_qkv,0.5910085439682007
100,2,attn_proj,2.9282901287078857
100,2,ln2,0.011896788142621517
100,2,mlp_fc,0.618195652961731
100,2,mlp_proj,3.5501863956451416
100,3,ln1,0.01070970855653286
100,3,attn_qkv,0.5272412300109863
100,3,attn_proj,2.471614122390747
100,3,ln2,0.011404674500226974
100,3,mlp_fc,0.5334051847457886
100,3,mlp_proj,3.0751404762268066
100,4,ln1,0.009310299530625343
100,4,attn_qkv,0.4576858580112457
100,4,attn_proj,2.300288677215576
100,4,ln2,0.00955771654844284
100,4,mlp_fc,0.5286909341812134
100,4,mlp_proj,2.9081759452819824
100,5,ln1,0.009021079167723656
100,5,attn_qkv,0.44293561577796936
100,5,attn_proj,2.2738215923309326
100,5,ln2,0.008968555368483067
100,5,mlp_fc,0.5039992332458496
100,5,mlp_proj,2.6659979820251465
100,6,ln1,0.008448979817330837
100,6,attn_qkv,0.43818601965904236
100,6,attn_proj,2.0788705348968506
100,6,ln2,0.009302758611738682
100,6,mlp_fc,0.47678887844085693
100,6,mlp_proj,2.473940372467041
100,7,ln1,0.008895752020180225
100,7,attn_qkv,0.42880624532699585
100,7,attn_proj,1.8823459148406982
100,7,ln2,0.009930352680385113
100,7,mlp_fc,0.4554630219936371
100,7,mlp_proj,2.4141504764556885
100,8,ln1,0.007999327965080738
100,8,attn_qkv,0.3925193250179291
100,8,attn_proj,1.9096019268035889
100,8,ln2,0.008314186707139015
100,8,mlp_fc,0.42210426926612854
100,8,mlp_proj,2.2189559936523438
100,9,ln1,0.008066320791840553
100,9,attn_qkv,0.372539758682251
100,9,attn_proj,1.8051639795303345
100,9,ln2,0.007800640072673559
100,9,mlp_fc,0.4097403585910797
100,9,mlp_proj,2.1756508350372314
100,10,ln1,0.007104383781552315
100,10,attn_qkv,0.3565063774585724
100,10,attn_proj,1.7993732690811157
100,10,ln2,0.007932554930448532
100,10,mlp_fc,0.40349337458610535
100,10,mlp_proj,2.1146278381347656
100,11,ln1,0.007087572477757931
100,11,attn_qkv,0.3448801040649414
100,11,attn_proj,1.6607722043991089
100,11,ln2,0.007216891273856163
100,11,mlp_fc,0.39543840289115906
100,11,mlp_proj,2.1051113605499268
200,0,ln1,0.004657745361328125
200,0,attn_qkv,0.20636321604251862
200,0,attn_proj,0.9856993556022644
200,0,ln2,0.006485514342784882
200,0,mlp_fc,0.2819456160068512
200,0,mlp_proj,2.1808574199676514
200,1,ln1,0.006177293136715889
200,1,attn_qkv,0.2713373303413391
200,1,attn_proj,1.3929823637008667
200,1,ln2,0.006485901307314634
200,1,mlp_fc,0.32179296016693115
200,1,mlp_proj,1.8850641250610352
200,2,ln1,0.0057203746400773525
200,2,attn_qkv,0.29362961649894714
200,2,attn_proj,1.429564118385315
200,2,ln2,0.006634753197431564
200,2,mlp_fc,0.32009127736091614
200,2,mlp_proj,1.7556419372558594
200,3,ln1,0.005763381719589233
200,3,attn_qkv,0.2751156687736511
200,3,attn_proj,1.265917420387268
200,3,ln2,0.006214425899088383
200,3,mlp_fc,0.29326751828193665
200,3,mlp_proj,1.6354715824127197
200,4,ln1,0.00507709477096796
200,4,attn_qkv,0.2523578107357025
200,4,attn_proj,1.2758779525756836
200,4,ln2,0.00568510452285409
200,4,mlp_fc,0.3098367750644684
200,4,mlp_proj,1.6385482549667358
200,5,ln1,0.005438137333840132
200,5,attn_qkv,0.26719287037849426
200,5,attn_proj,1.3302867412567139
200,5,ln2,0.005891386419534683
200,5,mlp_fc,0.30419719219207764
200,5,mlp_proj,1.5889828205108643
200,6,ln1,0.005292967893183231
200,6,attn_qkv,0.2721686065196991
200,6,attn_proj,1.310394287109375
200,6,ln2,0.005948485806584358
200,6,mlp_fc,0.3117569386959076
200,6,mlp_proj,1.55673086643219
200,7,ln1,0.005663138348609209
200,7,attn_qkv,0.278531938791275
200,7,attn_proj,1.2557477951049805
200,7,ln2,0.006672373972833157
200,7,mlp_fc,0.31594154238700867
200,7,mlp_proj,1.5916924476623535
200,8,ln1,0.005469632335007191
200,8,attn_qkv,0.2734513580799103
200,8,attn_proj,1.3223642110824585
200,8,ln2,0.006185939535498619
200,8,mlp_fc,0.30893993377685547
200,8,mlp_proj,1.5614292621612549
200,9,ln1,0.005774057004600763
200,9,attn_qkv,0.2701704204082489
200,9,attn_proj,1.2850486040115356
200,9,ln2,0.005790405906736851
200,9,mlp_fc,0.31920337677001953
200,9,mlp_proj,1.623067021369934
200,10,ln1,0.005246897228062153
200,10,attn_qkv,0.27156585454940796
200,10,attn_proj,1.3395097255706787
200,10,ln2,0.006347032729536295
200,10,mlp_fc,0.3242514431476593
200,10,mlp_proj,1.5826151371002197
200,11,ln1,0.005780852399766445
200,11,attn_qkv,0.2817153036594391
200,11,attn_proj,1.3976644277572632
200,11,ln2,0.006186247803270817
200,11,mlp_fc,0.33179280161857605
200,11,mlp_proj,1.6952736377716064
0,0,ln1,0.01046424638479948
0,0,attn_qkv,0.5000823736190796
0,0,attn_proj,2.5461835861206055
0,0,ln2,0.011367515660822392
0,0,mlp_fc,0.5618860721588135
0,0,mlp_proj,5.347304344177246
0,1,ln1,0.014756194315850735
0,1,attn_qkv,0.7133662700653076
0,1,attn_proj,3.531590223312378
0,1,ln2,0.014655597507953644
0,1,mlp_fc,0.718799352645874
0,1,mlp_proj,4.436744689941406
0,2,ln1,0.013081911951303482
0,2,attn_qkv,0.668097734451294
0,2,attn_proj,3.3073506355285645
0,2,ln2,0.013005271553993225
0,2,mlp_fc,0.6874921917915344
0,2,mlp_proj,3.97548246383667
0,3,ln1,0.011780018918216228
0,3,attn_qkv,0.58588707447052
0,3,attn_proj,2.772507667541504
0,3,ln2,0.012456540949642658
0,3,mlp_fc,0.5906051993370056
0,3,mlp_proj,3.3932273387908936
0,4,ln1,0.010165058076381683
0,4,attn_qkv,0.5042037963867188
0,4,attn_proj,2.508941411972046
0,4,ln2,0.01041373796761036
0,4,mlp_fc,0.5693226456642151
0,4,mlp_proj,3.152242422103882
0,5,ln1,0.009679440408945084
0,5,attn_qkv,0.47947606444358826
0,5,attn_proj,2.472302198410034
0,5,ln2,0.009534372948110104
0,5,mlp_fc,0.5402228832244873
0,5,mlp_proj,2.8761062622070312
0,6,ln1,0.008934997022151947
0,6,attn_qkv,0.469211220741272
0,6,attn_proj,2.2332794666290283
0,6,ln2,0.009963908232748508
0,6,mlp_fc,0.4998796284198761
0,6,mlp_proj,2.637784004211426
0,7,ln1,0.009387875907123089
0,7,attn_qkv,0.4542574882507324
0,7,attn_proj,2.010218858718872
0,7,ln2,0.010322649963200092
0,7,mlp_fc,0.4714704751968384
0,7,mlp_proj,2.5405890941619873
0,8,ln1,0.008554385975003242
0,8,attn_qkv,0.4128277897834778
0,8,attn_proj,1.9995238780975342
0,8,ln2,0.008505256846547127
0,8,mlp_fc,0.4396335780620575
0,8,mlp_proj,2.343600273132324
0,9,ln1,0.008251206018030643
0,9,attn_qkv,0.389453649520874
0,9,attn_proj,1.8870996236801147
0,9,ln2,0.008169442415237427
0,9,mlp_fc,0.4213966131210327
0,9,mlp_proj,2.2531983852386475
0,10,ln1,0.007461043540388346
0,10,attn_qkv,0.36563441157341003
0,10,attn_proj,1.8797940015792847
0,10,ln2,0.008242246694862843
0,10,mlp_fc,0.4103279411792755
0,10,mlp_proj,2.1822028160095215
0,11,ln1,0.007224583998322487
0,11,attn_qkv,0.35464391112327576
0,11,attn_proj,1.6562845706939697
0,11,ln2,0.007211736869066954
0,11,mlp_fc,0.3966793417930603
0,11,mlp_proj,2.110100507736206
100,0,ln1,0.007478697225451469
100,0,attn_qkv,0.3379175364971161
100,0,attn_proj,1.668052077293396
100,0,ln2,0.00856861099600792
100,0,mlp_fc,0.40272486209869385
100,0,mlp_proj,3.560059070587158
100,1,ln1,0.009783214889466763
100,1,attn_qkv,0.46231207251548767
100,1,attn_proj,2.3608224391937256
100,1,ln2,0.009915459901094437
100,1,mlp_fc,0.5040345191955566
100,1,mlp_proj,3.096679449081421
100,2,ln1,0.00925811380147934
100,2,attn_qkv,0.47365593910217285
100,2,attn_proj,2.335524082183838
100,2,ln2,0.009962212294340134
100,2,mlp_fc,0.5017340779304504
100,2,mlp_proj,2.8618106842041016
100,3,ln1,0.008896669372916222
100,3,attn_qkv,0.4317326843738556
100,3,attn_proj,2.0049796104431152
100,3,ln2,0.009372550062835217
100,3,mlp_fc,0.44069916009902954
100,3,mlp_proj,2.5400516986846924
100,4,ln1,0.00773207563906908
100,4,attn_qkv,0.38043129444122314
100,4,attn_proj,1.9305150508880615
100,4,ln2,0.008110595867037773
100,4,mlp_fc,0.4497453570365906
100,4,mlp_proj,2.456632137298584
100,5,ln1,0.007819799706339836
100,5,attn_qkv,0.38102009892463684
100,5,attn_proj,1.9386944770812988
100,5,ln2,0.008015785366296768
100,5,mlp_fc,0.43322232365608215
100,5,mlp_proj,2.28855562210083
100,6,ln1,0.00740659236907959
100,6,attn_qkv,0.3818846642971039
100,6,attn_proj,1.8142017126083374
100,6,ln2,0.008053848519921303
100,6,mlp_fc,0.4239667057991028
100,6,mlp_proj,2.1673874855041504
100,7,ln1,0.007840964011847973
100,7,attn_qkv,0.3799952268600464
100,7,attn_proj,1.6789796352386475
100,7,ln2,0.008921106345951557
100,7,mlp_fc,0.4139019548892975
100,7,mlp_proj,2.1533422470092773
100,8,ln1,0.007229309994727373
100,8,attn_qkv,0.35607367753982544
100,8,attn_proj,1.7323637008666992
100,8,ln2,0.0077789849601686
100,8,mlp_fc,0.38856667280197144
100,8,mlp_proj,2.0147602558135986
100,9,ln1,0.007401874288916588
100,9,attn_qkv,0.34224650263786316
100,9,attn_proj,1.6555500030517578
100,9,ln2,0.0070685651153326035
100,9,mlp_fc,0.38610726594924927
100,9,mlp_proj,2.0195565223693848
100,10,ln1,0.006601682398468256
100,10,attn_qkv,0.3360625207424164
100,10,attn_proj,1.6672981977462769
100,10,ln2,0.007469494361430407
100,10,mlp_fc,0.385834664106369
100,10,mlp_proj,1.967141032218933
100,11,ln1,0.006732285022735596
100,11,attn_qkv,0.329399973154068
100,11,attn_proj,1.6184972524642944
100,11,ln2,0.007019778247922659
100,11,mlp_fc,0.38174349069595337
100,11,mlp_proj,2.01537823677063
200,0,ln1,0.001983655383810401
200,0,attn_qkv,0.08915037661790848
200,0,attn_proj,0.41609689593315125
200,0,ln2,0.004467785358428955
200,0,mlp_fc,0.1852388083934784
200,0,mlp_proj,1.1081637144088745
200,1,ln1,0.002771912142634392
200,1,attn_qkv,0.11514738202095032
200,1,attn_proj,0.5843446850776672
200,1,ln2,0.0037101111374795437
200,1,mlp_fc,0.16457390785217285
200,1,mlp_proj,0.8655936121940613
200,2,ln1,0.0023430984001606703
200,2,attn_qkv,0.121455118060112
200,2,attn_proj,0.5873348116874695
200,2,ln2,0.0031270652543753386
200,2,mlp_fc,0.15522411465644836
200,2,mlp_proj,0.8000699281692505
200,3,ln1,0.0026086396537721157
200,3,attn_qkv,0.12179075926542282
200,3,attn_proj,0.569453775882721
200,3,ln2,0.0032542983535677195
200,3,mlp_fc,0.1542694866657257
200,3,mlp_proj,0.7927210927009583
200,4,ln1,0.0022538555786013603
200,4,attn_qkv,0.11947623640298843
200,4,attn_proj,0.6191399693489075
200,4,ln2,0.003239417215809226
200,4,mlp_fc,0.1656091958284378
200,4,mlp_proj,0.8245010375976562
200,5,ln1,0.002800266956910491
200,5,attn_qkv,0.13730062544345856
200,5,attn_proj,0.6764577627182007
200,5,ln2,0.0032440959475934505
200,5,mlp_fc,0.16450977325439453
200,5,mlp_proj,0.8371158242225647
200,6,ln1,0.002882285276427865
200,6,attn_qkv,0.14543850719928741
200,6,attn_proj,0.7130833864212036
200,6,ln2,0.0033030009362846613
200,6,mlp_fc,0.17402656376361847
200,6,mlp_proj,0.8652728199958801
200,7,ln1,0.003085765987634659
200,7,attn_qkv,0.15392039716243744
200,7,attn_proj,0.7167491316795349
200,7,ln2,0.0039039021357893944
200,7,mlp_fc,0.188622385263443
200,7,mlp_proj,0.9092806577682495
200,8,ln1,0.003265662118792534
200,8,attn_qkv,0.16089652478694916
200,8,attn_proj,0.7761515974998474
200,8,ln2,0.004021568223834038
200,8,mlp_fc,0.19187554717063904
200,8,mlp_proj,0.9459924697875977
200,9,ln1,0.0034645446576178074
200,9,attn_qkv,0.1645345538854599
200,9,attn_proj,0.7779695987701416
200,9,ln2,0.0038729761727154255
200,9,mlp_fc,0.2065337896347046
200,9,mlp_proj,1.0187426805496216
200,10,ln1,0.0034978336188942194
200,10,attn_qkv,0.1708618849515915
200,10,attn_proj,0.8530016541481018
200,10,ln2,0.004315569996833801
200,10,mlp_fc,0.2174379974603653
200,10,mlp_proj,1.0223759412765503
200,11,ln1,0.004131652414798737
200,11,attn_qkv,0.19215263426303864
200,11,attn_proj,0.9306122660636902
200,11,ln2,0.004490414168685675
200,11,mlp_fc,0.22804562747478485
200,11,mlp_proj,1.1324422359466553
0,0,ln1,0.010464002378284931
0,0,attn_qkv,0.5000810027122498
0,0,attn_proj,2.5461785793304443
0,0,ln2,0.011367389932274818
0,0,mlp_fc,0.5618858933448792
0,0,mlp_proj,5.347292900085449
0,1,ln1,0.014756246469914913
0,1,attn_qkv,0.7133632302284241
0,1,attn_proj,3.5315773487091064
0,1,ln2,0.01465564500540495
0,1,mlp_fc,0.7187965512275696
0,1,mlp_proj,4.436723232269287
0,2,ln1,0.013081983663141727
0,2,attn_qkv,0.6680929064750671
0,2,attn_proj,3.307326316833496
0,2,ln2,0.01300529483705759
0,2,mlp_fc,0.6874901056289673
0,2,mlp_proj,3.9754745960235596
0,3,ln1,0.01177985966205597
0,3,attn_qkv,0.5858822464942932
0,3,attn_proj,2.7725026607513428
0,3,ln2,0.01245640404522419
0,3,mlp_fc,0.5906035304069519
0,3,mlp_proj,3.3932201862335205
0,4,ln1,0.010164998471736908
0,4,attn_qkv,0.5042022466659546
0,4,attn_proj,2.5089399814605713
0,4,ln2,0.010413669981062412
0,4,mlp_fc,0.569320559501648
0,4,mlp_proj,3.1522421836853027
0,5,ln1,0.009679456241428852
0,5,attn_qkv,0.47947633266448975
0,5,attn_proj,2.472304105758667
0,5,ln2,0.009534432552754879
0,5,mlp_fc,0.5402228832244873
0,5,mlp_proj,2.8761041164398193
0,6,ln1,0.008934986777603626
0,6,attn_qkv,0.46921077370643616
0,6,attn_proj,2.2332823276519775
0,6,ln2,0.009963844902813435
0,6,mlp_fc,0.4998787045478821
0,6,mlp_proj,2.637777805328369
0,7,ln1,0.009387876838445663
0,7,attn_qkv,0.4542582929134369
0,7,attn_proj,2.010218381881714
0,7,ln2,0.010322622023522854
0,7,mlp_fc,0.4714706540107727
0,7,mlp_proj,2.5405917167663574
0,8,ln1,0.00855433102697134
0,8,attn_qkv,0.41282716393470764
0,8,attn_proj,1.9995229244232178
0,8,ln2,0.008505245670676231
0,8,mlp_fc,0.43963393568992615
0,8,mlp_proj,2.3436009883880615
0,9,ln1,0.00825120136141777
0,9,attn_qkv,0.38945329189300537
0,9,attn_proj,1.8870983123779297
0,9,ln2,0.008169448934495449
0,9,mlp_fc,0.4213966429233551
0,9,mlp_proj,2.2531981468200684
0,10,ln1,0.007461043540388346
0,10,attn_qkv,0.36563441157341003
0,10,attn_proj,1.8797940015792847
0,10,ln2,0.008242246694862843
0,10,mlp_fc,0.4103279411792755
0,10,mlp_proj,2.1822028160095215
0,11,ln1,0.007224583998322487
0,11,attn_qkv,0.35464391112327576
0,11,attn_proj,1.6562845706939697
0,11,ln2,0.007211736869066954
0,11,mlp_fc,0.3966793417930603
0,11,mlp_proj,2.110100507736206
100,0,ln1,0.010337761603295803
100,0,attn_qkv,0.4932984709739685
100,0,attn_proj,2.512568950653076
100,0,ln2,0.011268151924014091
100,0,mlp_fc,0.5559049248695374
100,0,mlp_proj,5.284432411193848
100,1,ln1,0.014519794844090939
100,1,attn_qkv,0.7029712200164795
100,1,attn_proj,3.4896657466888428
100,1,ln2,0.014405938796699047
100,1,mlp_fc,0.7099822759628296
100,1,mlp_proj,4.387264728546143
100,2,ln1,0.01293561328202486
100,2,attn_qkv,0.6609900593757629
100,2,attn_proj,3.271507978439331
100,2,ln2,0.012961013242602348
100,2,mlp_fc,0.6821539402008057
100,2,mlp_proj,3.944984197616577
100,3,ln1,0.011714555323123932
100,3,attn_qkv,0.580538272857666
100,3,attn_proj,2.7481064796447754
100,3,ln2,0.012322034686803818
100,3,mlp_fc,0.5851883292198181
100,3,mlp_proj,3.368598461151123
100,4,ln1,0.01010719034820795
100,4,attn_qkv,0.5006604194641113
100,4,attn_proj,2.4952564239501953
100,4,ln2,0.010300813242793083
100,4,mlp_fc,0.5653219819068909
100,4,mlp_proj,3.134397268295288
100,5,ln1,0.00966208428144455
100,5,attn_qkv,0.47640663385391235
100,5,attn_proj,2.452554941177368
100,5,ln2,0.009471419267356396
100,5,mlp_fc,0.5365947484970093
100,5,mlp_proj,2.8564016819000244
100,6,ln1,0.008893377147614956
100,6,attn_qkv,0.46629390120506287
100,6,attn_proj,2.2174696922302246
100,6,ln2,0.009887110441923141
100,6,mlp_fc,0.4982497990131378
100,6,mlp_proj,2.6256120204925537
100,7,ln1,0.00938426237553358
100,7,attn_qkv,0.45250436663627625
100,7,attn_proj,2.0013673305511475
100,7,ln2,0.010295484215021133
100,7,mlp_fc,0.4710904657840729
100,7,mlp_proj,2.532639980316162
100,8,ln1,0.008528635837137699
100,8,attn_qkv,0.4112517237663269
100,8,attn_proj,1.992894172668457
100,8,ln2,0.008533896878361702
100,8,mlp_fc,0.43777576088905334
100,8,mlp_proj,2.329676866531372
100,9,ln1,0.008236823603510857
100,9,attn_qkv,0.38764435052871704
100,9,attn_proj,1.8820796012878418
100,9,ln2,0.008113591000437737
100,9,mlp_fc,0.41947832703590393
100,9,mlp_proj,2.243161201477051
100,10,ln1,0.007449828553944826
100,10,attn_qkv,0.3651069104671478
100,10,attn_proj,1.8708457946777344
100,10,ln2,0.008184495382010937
100,10,mlp_fc,0.409238338470459
100,10,mlp_proj,2.1722311973571777
100,11,ln1,0.007165712304413319
100,11,attn_qkv,0.352664053440094
100,11,attn_proj,1.6530262231826782
100,11,ln2,0.007227703928947449
100,11,mlp_fc,0.3951248824596405
100,11,mlp_proj,2.1058952808380127
200,0,ln1,0.010341628454625607
200,0,attn_qkv,0.49015456438064575
200,0,attn_proj,2.4793176651000977
200,0,ln2,0.01124410331249237
200,0,mlp_fc,0.5529329180717468
200,0,mlp_proj,5.225803852081299
200,1,ln1,0.014449927024543285
200,1,attn_qkv,0.6931815147399902
200,1,attn_proj,3.444819688796997
200,1,ln2,0.014213316142559052
200,1,mlp_fc,0.7027274370193481
200,1,mlp_proj,4.342219352722168
200,2,ln1,0.012781631201505661
200,2,attn_qkv,0.6517916917800903
200,2,attn_proj,3.236490488052368
200,2,ln2,0.01289052702486515
200,2,mlp_fc,0.6765157580375671
200,2,mlp_proj,3.9075851440429688
200,3,ln1,0.011625625193119049
200,3,attn_qkv,0.5767602324485779
200,3,attn_proj,2.7171759605407715
200,3,ln2,0.012314952909946442
200,3,mlp_fc,0.5807974934577942
200,3,mlp_proj,3.3429336547851562
200,4,ln1,0.010065066628158092
200,4,attn_qkv,0.4979132413864136
200,4,attn_proj,2.482755184173584
200,4,ln2,0.010260779410600662
200,4,mlp_fc,0.5657687783241272
200,4,mlp_proj,3.123138427734375
200,5,ln1,0.009626155719161034
200,5,attn_qkv,0.47507593035697937
200,5,attn_proj,2.439445734024048
200,5,ln2,0.009490595199167728
200,5,mlp_fc,0.5367966294288635
200,5,mlp_proj,2.846728801727295
200,6,ln1,0.008914005011320114
200,6,attn_qkv,0.4665418565273285
200,6,attn_proj,2.210885763168335
200,6,ln2,0.009925742633640766
200,6,mlp_fc,0.4995865821838379
200,6,mlp_proj,2.6213693618774414
200,7,ln1,0.009376497939229012
200,7,attn_qkv,0.45177778601646423
200,7,attn_proj,1.9900115728378296
200,7,ln2,0.010375251062214375
200,7,mlp_fc,0.47271254658699036
200,7,mlp_proj,2.5321452617645264
200,8,ln1,0.008440360426902771
200,8,attn_qkv,0.4113159477710724
200,8,attn_proj,1.9942768812179565
200,8,ln2,0.008576604537665844
200,8,mlp_fc,0.43784475326538086
200,8,mlp_proj,2.320594549179077
200,9,ln1,0.008271263912320137
200,9,attn_qkv,0.3871400058269501
200,9,attn_proj,1.8786977529525757
200,9,ln2,0.008112717419862747
200,9,mlp_fc,0.42025622725486755
200,9,mlp_proj,2.2461471557617188
200,10,ln1,0.0073912860825657845
200,10,attn_qkv,0.3658430278301239
200,10,attn_proj,1.8657222986221313
200,10,ln2,0.008186816237866879
200,10,mlp_fc,0.4109218716621399
200,10,mlp_proj,2.1779019832611084
200,11,ln1,0.0071985977701842785
200,11,attn_qkv,0.3525974452495575
200,11,attn_proj,1.6694210767745972
200,11,ln2,0.007315112743526697
200,11,mlp_fc,0.3987174332141876
200,11,mlp_proj,2.128572463989258
0,0,ln1,0.01046429481357336
0,0,attn_qkv,0.5000801682472229
0,0,attn_proj,2.5461559295654297
0,0,ln2,0.011367554776370525
0,0,mlp_fc,0.5618817210197449
0,0,mlp_proj,5.347263336181641
0,1,ln1,0.014755993150174618
0,1,attn_qkv,0.7133569121360779
0,1,attn_proj,3.5315568447113037
0,1,ln2,0.014655590057373047
0,1,mlp_fc,0.7187919020652771
0,1,mlp_proj,4.43669319152832
0,2,ln1,0.01308186911046505
0,2,attn_qkv,0.6680927276611328
0,2,attn_proj,3.3073325157165527
0,2,ln2,0.013005276210606098
0,2,mlp_fc,0.6874870657920837
0,2,mlp_proj,3.9754528999328613
0,3,ln1,0.01177981961518526
0,3,attn_qkv,0.585879385471344
0,3,attn_proj,2.772490978240967
0,3,ln2,0.012456315569579601
0,3,mlp_fc,0.5906012654304504
0,3,mlp_proj,3.3932061195373535
0,4,ln1,0.010165001265704632
0,4,attn_qkv,0.5042001008987427
0,4,attn_proj,2.50892972946167
0,4,ln2,0.010413723066449165
0,4,mlp_fc,0.5693213939666748
0,4,mlp_proj,3.152235269546509
0,5,ln1,0.009679366834461689
0,5,attn_qkv,0.4794740080833435
0,5,attn_proj,2.472294330596924
0,5,ln2,0.009534386917948723
0,5,mlp_fc,0.5402215123176575
0,5,mlp_proj,2.8761024475097656
0,6,ln1,0.008934997022151947
0,6,attn_qkv,0.4692115783691406
0,6,attn_proj,2.2332777976989746
0,6,ln2,0.0099638681858778
0,6,mlp_fc,0.4998787045478821
0,6,mlp_proj,2.637782335281372
0,7,ln1,0.009387854486703873
0,7,attn_qkv,0.454257071018219
0,7,attn_proj,2.010218620300293
0,7,ln2,0.010322648100554943
0,7,mlp_fc,0.47147074341773987
0,7,mlp_proj,2.54059100151062
0,8,ln1,0.008554349653422832
0,8,attn_qkv,0.41282686591148376
0,8,attn_proj,1.9995217323303223
0,8,ln2,0.008505232632160187
0,8,mlp_fc,0.4396333694458008
0,8,mlp_proj,2.343600273132324
0,9,ln1,0.008251211605966091
0,9,attn_qkv,0.38945361971855164
0,9,attn_proj,1.8870986700057983
0,9,ln2,0.008169434033334255
0,9,mlp_fc,0.4213966131210327
0,9,mlp_proj,2.2531983852386475
0,10,ln1,0.007461043074727058
0,10,attn_qkv,0.36563438177108765
0,10,attn_proj,1.8797938823699951
0,10,ln2,0.008242245763540268
0,10,mlp_fc,0.4103279411792755
0,10,mlp_proj,2.1822028160095215
0,11,ln1,0.007224583998322487
0,11,attn_qkv,0.35464391112327576
0,11,attn_proj,1.6562845706939697
0,11,ln2,0.007211736869066954
0,11,mlp_fc,0.3966793417930603
0,11,mlp_proj,2.110100507736206
100,0,ln1,0.009418527595698833
100,0,attn_qkv,0.4374810755252838
100,0,attn_proj,2.198972702026367
100,0,ln2,0.010492144152522087
100,0,mlp_fc,0.5023475289344788
100,0,mlp_proj,4.637470245361328
100,1,ln1,0.012850032187998295
100,1,attn_qkv,0.610908567905426
100,1,attn_proj,3.065735101699829
100,1,ln2,0.01267419382929802
100,1,mlp_fc,0.6331261396408081
100,1,mlp_proj,3.9191482067108154
100,2,ln1,0.0116659477353096
100,2,attn_qkv,0.5910102128982544
100,2,attn_proj,2.9283287525177
100,2,ln2,0.011896846815943718
100,2,mlp_fc,0.6182019710540771
100,2,mlp_proj,3.5502114295959473
100,3,ln1,0.010709941387176514
100,3,attn_qkv,0.527250349521637
100,3,attn_proj,2.4716477394104004
100,3,ln2,0.011404700577259064
100,3,mlp_fc,0.5334088802337646
100,3,mlp_proj,3.0751614570617676
100,4,ln1,0.009310311637818813
100,4,attn_qkv,0.45768994092941284
100,4,attn_proj,2.300295829772949
100,4,ln2,0.00955766811966896
100,4,mlp_fc,0.5286917686462402
100,4,mlp_proj,2.9081919193267822
100,5,ln1,0.00902108196169138
100,5,attn_qkv,0.44293731451034546
100,5,attn_proj,2.2738306522369385
100,5,ln2,0.00896857213228941
100,5,mlp_fc,0.503999650478363
100,5,mlp_proj,2.666001319885254
100,6,ln1,0.008448994718492031
100,6,attn_qkv,0.4381867051124573
100,6,attn_proj,2.07887601852417
100,6,ln2,0.009302756749093533
100,6,mlp_fc,0.47679072618484497
100,6,mlp_proj,2.473940134048462
100,7,ln1,0.008895708248019218
100,7,attn_qkv,0.4288060665130615
100,7,attn_proj,1.882349967956543
100,7,ln2,0.009930324740707874
100,7,mlp_fc,0.45546117424964905
100,7,mlp_proj,2.414142608642578
100,8,ln1,0.007999387569725513
100,8,attn_qkv,0.39252039790153503
100,8,attn_proj,1.909608006477356
100,8,ln2,0.008314265869557858
100,8,mlp_fc,0.42210447788238525
100,8,mlp_proj,2.2189650535583496
100,9,ln1,0.008066385984420776
100,9,attn_qkv,0.37254148721694946
100,9,attn_proj,1.8051663637161255
100,9,ln2,0.007800596300512552
100,9,mlp_fc,0.40974175930023193
100,9,mlp_proj,2.1756513118743896
100,10,ln1,0.007104402873665094
100,10,attn_qkv,0.35650524497032166
100,10,attn_proj,1.7993688583374023
100,10,ln2,0.007932431995868683
100,10,mlp_fc,0.4034923017024994
100,10,mlp_proj,2.114630937576294
100,11,ln1,0.007087641395628452
100,11,attn_qkv,0.3448822796344757
100,11,attn_proj,1.6607747077941895
100,11,ln2,0.007216820027679205
100,11,mlp_fc,0.39543822407722473
100,11,mlp_proj,2.1051130294799805
200,0,ln1,0.004657441284507513
200,0,attn_qkv,0.20635826885700226
200,0,attn_proj,0.9856850504875183
200,0,ln2,0.006485528778284788
200,0,mlp_fc,0.28194624185562134
200,0,mlp_proj,2.180851459503174
200,1,ln1,0.006177350878715515
200,1,attn_qkv,0.27133914828300476
200,1,attn_proj,1.392997145652771
200,1,ln2,0.006485956721007824
200,1,mlp_fc,0.3217945992946625
200,1,mlp_proj,1.8850767612457275
200,2,ln1,0.005720552988350391
200,2,attn_qkv,0.2936345040798187
200,2,attn_proj,1.4295772314071655
200,2,ln2,0.006634608842432499
200,2,mlp_fc,0.32009559869766235
200,2,mlp_proj,1.7556586265563965
200,3,ln1,0.005763448309153318
200,3,attn_qkv,0.27511829137802124
200,3,attn_proj,1.2659252882003784
200,3,ln2,0.006214583292603493
200,3,mlp_fc,0.2932700514793396
200,3,mlp_proj,1.6354838609695435
200,4,ln1,0.0050771827809512615
200,4,attn_qkv,0.252360999584198
200,4,attn_proj,1.2758917808532715
200,4,ln2,0.005685247480869293
200,4,mlp_fc,0.3098403215408325
200,4,mlp_proj,1.6385667324066162
200,5,ln1,0.005438147112727165
200,5,attn_qkv,0.2671929597854614
200,5,attn_proj,1.3302959203720093
200,5,ln2,0.005891262553632259
200,5,mlp_fc,0.30419737100601196
200,5,mlp_proj,1.5889934301376343
200,6,ln1,0.005292982328683138
200,6,attn_qkv,0.27216970920562744
200,6,attn_proj,1.3104017972946167
200,6,ln2,0.005948629695922136
200,6,mlp_fc,0.31176167726516724
200,6,mlp_proj,1.5567429065704346
200,7,ln1,0.005663075018674135
200,7,attn_qkv,0.27853304147720337
200,7,attn_proj,1.2557538747787476
200,7,ln2,0.006672256160527468
200,7,mlp_fc,0.31594181060791016
200,7,mlp_proj,1.5916893482208252
200,8,ln1,0.005469686817377806
200,8,attn_qkv,0.27345308661460876
200,8,attn_proj,1.3223737478256226
200,8,ln2,0.006186007987707853
200,8,mlp_fc,0.30894091725349426
200,8,mlp_proj,1.5614386796951294
200,9,ln1,0.005774168763309717
200,9,attn_qkv,0.27017173171043396
200,9,attn_proj,1.2850550413131714
200,9,ln2,0.005790436174720526
200,9,mlp_fc,0.31920433044433594
200,9,mlp_proj,1.6230740547180176
200,10,ln1,0.0052468921057879925
200,10,attn_qkv,0.2715666592121124
200,10,attn_proj,1.3395164012908936
200,10,ln2,0.006347062066197395
200,10,mlp_fc,0.3242513835430145
200,10,mlp_proj,1.5826208591461182
200,11,ln1,0.005780945997685194
200,11,attn_qkv,0.28171682357788086
200,11,attn_proj,1.397671103477478
200,11,ln2,0.006186194717884064
200,11,mlp_fc,0.3317944407463074
200,11,mlp_proj,1.6952805519104004
0,0,ln1,0.010464140214025974
0,0,attn_qkv,0.5000826716423035
0,0,attn_proj,2.5461885929107666
0,0,ln2,0.011367562226951122
0,0,mlp_fc,0.5618876218795776
0,0,mlp_proj,5.347326278686523
0,1,ln1,0.014756298623979092
0,1,attn_qkv,0.7133683562278748
0,1,attn_proj,3.531602382659912
0,1,ln2,0.014655640348792076
0,1,mlp_fc,0.7187995910644531
0,1,mlp_proj,4.436739444732666
0,2,ln1,0.013081807643175125
0,2,attn_qkv,0.6680951714515686
0,2,attn_proj,3.3073413372039795
0,2,ln2,0.013005333952605724
0,2,mlp_fc,0.687492847442627
0,2,mlp_proj,3.9754765033721924
0,3,ln1,0.01177991647273302
0,3,attn_qkv,0.5858850479125977
0,3,attn_proj,2.7724997997283936
0,3,ln2,0.01245645061135292
0,3,mlp_fc,0.5906051397323608
0,3,mlp_proj,3.3932175636291504
0,4,ln1,0.010164985433220863
0,4,attn_qkv,0.504200279712677
0,4,attn_proj,2.5089304447174072
0,4,ln2,0.010413739830255508
0,4,mlp_fc,0.5693204402923584
0,4,mlp_proj,3.152235507965088
0,5,ln1,0.00967945996671915
0,5,attn_qkv,0.4794759750366211
0,5,attn_proj,2.472299337387085
0,5,ln2,0.009534347802400589
0,5,mlp_fc,0.5402222871780396
0,5,mlp_proj,2.8761086463928223
0,6,ln1,0.0089349877089262
0,6,attn_qkv,0.46921107172966003
0,6,attn_proj,2.233279228210449
0,6,ln2,0.009963851422071457
0,6,mlp_fc,0.49987903237342834
0,6,mlp_proj,2.637781858444214
0,7,ln1,0.009387879632413387
0,7,attn_qkv,0.4542591869831085
0,7,attn_proj,2.010221481323242
0,7,ln2,0.010322637856006622
0,7,mlp_fc,0.47147080302238464
0,7,mlp_proj,2.5405936241149902
0,8,ln1,0.008554389700293541
0,8,attn_qkv,0.4128282368183136
0,8,attn_proj,1.9995249509811401
0,8,ln2,0.008505193516612053
0,8,mlp_fc,0.4396333694458008
0,8,mlp_proj,2.3436007499694824
0,9,ln1,0.008251209743320942
0,9,attn_qkv,0.389453649520874
0,9,attn_proj,1.887098789215088
0,9,ln2,0.008169452659785748
0,9,mlp_fc,0.42139655351638794
0,9,mlp_proj,2.2531991004943848
0,10,ln1,0.007461044006049633
0,10,attn_qkv,0.36563438177108765
0,10,attn_proj,1.8797940015792847
0,10,ln2,0.008242245763540268
0,10,mlp_fc,0.4103279411792755
0,10,mlp_proj,2.1822028160095215
0,11,ln1,0.007224583998322487
0,11,attn_qkv,0.35464391112327576
0,11,attn_proj,1.6562845706939697
0,11,ln2,0.007211736869066954
0,11,mlp_fc,0.3966793417930603
0,11,mlp_proj,2.110100507736206
100,0,ln1,0.007581896148622036
100,0,attn_qkv,0.3425632417201996
100,0,attn_proj,1.690801739692688
100,0,ln2,0.00878678448498249
100,0,mlp_fc,0.41086483001708984
100,0,mlp_proj,3.6027348041534424
100,1,ln1,0.009934505447745323
100,1,attn_qkv,0.465943843126297
100,1,attn_proj,2.3803555965423584
100,1,ln2,0.00995676126331091
100,1,mlp_fc,0.5085561275482178
100,1,mlp_proj,3.126271963119507
100,2,ln1,0.009401299059391022
100,2,attn_qkv,0.47551319003105164
100,2,attn_proj,2.351480484008789
100,2,ln2,0.010016662068665028
100,2,mlp_fc,0.5060704946517944
100,2,mlp_proj,2.875558614730835
100,3,ln1,0.00887116976082325
100,3,attn_qkv,0.4335814416408539
100,3,attn_proj,2.0182032585144043
100,3,ln2,0.009472181089222431
100,3,mlp_fc,0.44420814514160156
100,3,mlp_proj,2.556739568710327
100,4,ln1,0.007768245879560709
100,4,attn_qkv,0.38220199942588806
100,4,attn_proj,1.9404315948486328
100,4,ln2,0.008186446502804756
100,4,mlp_fc,0.45405009388923645
100,4,mlp_proj,2.4724085330963135
100,5,ln1,0.007814595475792885
100,5,attn_qkv,0.3828237056732178
100,5,attn_proj,1.9495511054992676
100,5,ln2,0.008080603554844856
100,5,mlp_fc,0.43765848875045776
100,5,mlp_proj,2.3065714836120605
100,6,ln1,0.007458393462002277
100,6,attn_qkv,0.384003609418869
100,6,attn_proj,1.8274987936019897
100,6,ln2,0.00818813405930996
100,6,mlp_fc,0.4271514117717743
100,6,mlp_proj,2.1813302040100098
100,7,ln1,0.00786939263343811
100,7,attn_qkv,0.38229602575302124
100,7,attn_proj,1.6857162714004517
100,7,ln2,0.00897025316953659
100,7,mlp_fc,0.4164140820503235
100,7,mlp_proj,2.166114330291748
100,8,ln1,0.007196147460490465
100,8,attn_qkv,0.35703229904174805
100,8,attn_proj,1.7418290376663208
100,8,ln2,0.007794066332280636
100,8,mlp_fc,0.3906601667404175
100,8,mlp_proj,2.0281012058258057
100,9,ln1,0.007468475494533777
100,9,attn_qkv,0.34433746337890625
100,9,attn_proj,1.6633784770965576
100,9,ln2,0.007155267987400293
100,9,mlp_fc,0.3882773816585541
100,9,mlp_proj,2.031804084777832
100,10,ln1,0.00660640699788928
100,10,attn_qkv,0.33635708689689636
100,10,attn_proj,1.6755568981170654
100,10,ln2,0.007568742614239454
100,10,mlp_fc,0.3877224326133728
100,10,mlp_proj,1.9822499752044678
100,11,ln1,0.00677739130333066
100,11,attn_qkv,0.3309568166732788
100,11,attn_proj,1.6257768869400024
100,11,ln2,0.007060755975544453
100,11,mlp_fc,0.3852601647377014
100,11,mlp_proj,2.028165340423584
200,0,ln1,0.0019200696842744946
200,0,attn_qkv,0.088236965239048
200,0,attn_proj,0.41141554713249207
200,0,ln2,0.004441316705197096
200,0,mlp_fc,0.18267804384231567
200,0,mlp_proj,1.0964553356170654
200,1,ln1,0.002755975816398859
200,1,attn_qkv,0.11496727168560028
200,1,attn_proj,0.5832476019859314
200,1,ln2,0.003691847436130047
200,1,mlp_fc,0.1641281247138977
200,1,mlp_proj,0.8648725152015686
200,2,ln1,0.0024212216958403587
200,2,attn_qkv,0.1222633346915245
200,2,attn_proj,0.5915120244026184
200,2,ln2,0.0031635991763323545
200,2,mlp_fc,0.15470127761363983
200,2,mlp_proj,0.7971622943878174
200,3,ln1,0.0026489421725273132
200,3,attn_qkv,0.12242363393306732
200,3,attn_proj,0.5697807669639587
200,3,ln2,0.003224525600671768
200,3,mlp_fc,0.1538417786359787
200,3,mlp_proj,0.789516806602478
200,4,ln1,0.00227508507668972
200,4,attn_qkv,0.12000925838947296
200,4,attn_proj,0.6179094314575195
200,4,ln2,0.003250694368034601
200,4,mlp_fc,0.1644672155380249
200,4,mlp_proj,0.8224831819534302
200,5,ln1,0.002806613454595208
200,5,attn_qkv,0.13689416646957397
200,5,attn_proj,0.6761272549629211
200,5,ln2,0.003237880067899823
200,5,mlp_fc,0.16371169686317444
200,5,mlp_proj,0.8357362151145935
200,6,ln1,0.00290133454836905
200,6,attn_qkv,0.14545795321464539
200,6,attn_proj,0.7108258008956909
200,6,ln2,0.00323510286398232
200,6,mlp_fc,0.17280498147010803
200,6,mlp_proj,0.8604437708854675
200,7,ln1,0.0030952186789363623
200,7,attn_qkv,0.1539350003004074
200,7,attn_proj,0.7153052687644958
200,7,ln2,0.0039096674881875515
200,7,mlp_fc,0.18820887804031372
200,7,mlp_proj,0.9056624174118042
200,8,ln1,0.0032681829761713743
200,8,attn_qkv,0.1603156179189682
200,8,attn_proj,0.7757739424705505
200,8,ln2,0.00399608351290226
200,8,mlp_fc,0.1917598843574524
200,8,mlp_proj,0.9441080689430237
200,9,ln1,0.0034604049287736416
200,9,attn_qkv,0.16479939222335815
200,9,attn_proj,0.7767643928527832
200,9,ln2,0.0038598906248807907
200,9,mlp_fc,0.20642653107643127
200,9,mlp_proj,1.0183688402175903
200,10,ln1,0.0035145855508744717
200,10,attn_qkv,0.17120254039764404
200,10,attn_proj,0.8541274070739746
200,10,ln2,0.004334276542067528
200,10,mlp_fc,0.21738965809345245
200,10,mlp_proj,1.020036220550537
200,11,ln1,0.004111064597964287
200,11,attn_qkv,0.19183991849422455
200,11,attn_proj,0.9297360181808472
200,11,ln2,0.0044786883518099785
200,11,mlp_fc,0.22811558842658997
200,11,mlp_proj,1.1302361488342285
0,0,ln1,0.010464292950928211
0,0,attn_qkv,0.5000859498977661
0,0,attn_proj,2.546199321746826
0,0,ln2,0.011367692612111568
0,0,mlp_fc,0.5618864893913269
0,0,mlp_proj,5.347304344177246
0,1,ln1,0.014756271615624428
0,1,attn_qkv,0.7133661508560181
0,1,attn_proj,3.5315892696380615
0,1,ln2,0.01465562917292118
0,1,mlp_fc,0.7187972664833069
0,1,mlp_proj,4.436725616455078
0,2,ln1,0.013081825338304043
0,2,attn_qkv,0.668097734451294
0,2,attn_proj,3.307340145111084
0,2,ln2,0.013005279935896397
0,2,mlp_fc,0.6874922513961792
0,2,mlp_proj,3.975478172302246
0,3,ln1,0.011779967695474625
0,3,attn_qkv,0.5858860015869141
0,3,attn_proj,2.772503614425659
0,3,ln2,0.012456453405320644
0,3,mlp_fc,0.5906040072441101
0,3,mlp_proj,3.3932197093963623
0,4,ln1,0.010165087878704071
0,4,attn_qkv,0.5042027831077576
0,4,attn_proj,2.5089290142059326
0,4,ln2,0.01041372586041689
0,4,mlp_fc,0.5693211555480957
0,4,mlp_proj,3.1522395610809326
0,5,ln1,0.009679420851171017
0,5,attn_qkv,0.4794752299785614
0,5,attn_proj,2.472304582595825
0,5,ln2,0.009534274227917194
0,5,mlp_fc,0.5402217507362366
0,5,mlp_proj,2.876100778579712
0,6,ln1,0.008934962563216686
0,6,attn_qkv,0.46921083331108093
0,6,attn_proj,2.2332842350006104
0,6,ln2,0.009963848628103733
0,6,mlp_fc,0.4998788833618164
0,6,mlp_proj,2.6377837657928467
0,7,ln1,0.009387854486703873
0,7,attn_qkv,0.4542577266693115
0,7,attn_proj,2.010219097137451
0,7,ln2,0.010322680696845055
0,7,mlp_fc,0.4714708626270294
0,7,mlp_proj,2.540590524673462
0,8,ln1,0.008554372936487198
0,8,attn_qkv,0.41282784938812256
0,8,attn_proj,1.9995232820510864
0,8,ln2,0.00850522331893444
0,8,mlp_fc,0.4396335184574127
0,8,mlp_proj,2.343600034713745
0,9,ln1,0.00825121533125639
0,9,attn_qkv,0.3894537091255188
0,9,attn_proj,1.8870989084243774
0,9,ln2,0.00816943496465683
0,9,mlp_fc,0.42139673233032227
0,9,mlp_proj,2.2531983852386475
0,10,ln1,0.007461043540388346
0,10,attn_qkv,0.36563441157341003
0,10,attn_proj,1.8797940015792847
0,10,ln2,0.008242245763540268
0,10,mlp_fc,0.4103279411792755
0,10,mlp_proj,2.1822028160095215
0,11,ln1,0.007224583998322487
0,11,attn_qkv,0.35464391112327576
0,11,attn_proj,1.6562845706939697
0,11,ln2,0.007211736869066954
0,11,mlp_fc,0.3966793417930603
0,11,mlp_proj,2.110100507736206
100,0,ln1,0.010450152680277824
100,0,attn_qkv,0.5017738342285156
100,0,attn_proj,2.5501809120178223
100,0,ln2,0.011472199112176895
100,0,mlp_fc,0.5690084099769592
100,0,mlp_proj,5.3496599197387695
100,1,ln1,0.014816692098975182
100,1,attn_qkv,0.7102846503257751
100,1,attn_proj,3.5178728103637695
100,1,ln2,0.014523126184940338
100,1,mlp_fc,0.7189791798591614
100,1,mlp_proj,4.433842658996582
100,2,ln1,0.013070827350020409
100,2,attn_qkv,0.6653169989585876
100,2,attn_proj,3.300990104675293
100,2,ln2,0.01311841793358326
100,2,mlp_fc,0.6894516348838806
100,2,mlp_proj,3.9803006649017334
100,3,ln1,0.011799565516412258
100,3,attn_qkv,0.5848483443260193
100,3,attn_proj,2.768441677093506
100,3,ln2,0.012449194677174091
100,3,mlp_fc,0.5908374786376953
100,3,mlp_proj,3.3948357105255127
100,4,ln1,0.010192779824137688
100,4,attn_qkv,0.5039809942245483
100,4,attn_proj,2.5063769817352295
100,4,ln2,0.010420975275337696
100,4,mlp_fc,0.5697779655456543
100,4,mlp_proj,3.156514883041382
100,5,ln1,0.009727496653795242
100,5,attn_qkv,0.4795994162559509
100,5,attn_proj,2.463792085647583
100,5,ln2,0.009556392207741737
100,5,mlp_fc,0.5409377217292786
100,5,mlp_proj,2.875981330871582
100,6,ln1,0.008910581469535828
100,6,attn_qkv,0.4691648781299591
100,6,attn_proj,2.227994441986084
100,6,ln2,0.009962544776499271
100,6,mlp_fc,0.5008015036582947
100,6,mlp_proj,2.64016056060791
100,7,ln1,0.009396952576935291
100,7,attn_qkv,0.45290589332580566
100,7,attn_proj,2.0090744495391846
100,7,ln2,0.010363991372287273
100,7,mlp_fc,0.473159521818161
100,7,mlp_proj,2.5458779335021973
100,8,ln1,0.00855114683508873
100,8,attn_qkv,0.41311776638031006
100,8,attn_proj,2.0019891262054443
100,8,ln2,0.00854672584682703
100,8,mlp_fc,0.44106510281562805
100,8,mlp_proj,2.342406749725342
100,9,ln1,0.008299051783978939
100,9,attn_qkv,0.3890101909637451
100,9,attn_proj,1.8881618976593018
100,9,ln2,0.008183403871953487
100,9,mlp_fc,0.4221738874912262
100,9,mlp_proj,2.2575347423553467
100,10,ln1,0.007417720276862383
100,10,attn_qkv,0.3658408224582672
100,10,attn_proj,1.8789148330688477
100,10,ln2,0.00826150830835104
100,10,mlp_fc,0.4115969240665436
100,10,mlp_proj,2.183645725250244
100,11,ln1,0.007216023281216621
100,11,attn_qkv,0.35406872630119324
100,11,attn_proj,1.6599571704864502
100,11,ln2,0.007246959488838911
100,11,mlp_fc,0.39805009961128235
100,11,mlp_proj,2.1184029579162598
200,0,ln1,0.010296676307916641
200,0,attn_qkv,0.48804107308387756
200,0,attn_proj,2.4670190811157227
200,0,ln2,0.01121096033602953
200,0,mlp_fc,0.5504151582717896
200,0,mlp_proj,5.182372570037842
200,1,ln1,0.014376094564795494
200,1,attn_qkv,0.6880236864089966
200,1,attn_proj,3.418400764465332
200,1,ln2,0.014074270613491535
200,1,mlp_fc,0.6972566843032837
200,1,mlp_proj,4.310149669647217
200,2,ln1,0.0127340629696846
200,2,attn_qkv,0.6494566202163696
200,2,attn_proj,3.2160165309906006
200,2,ln2,0.012815175577998161
200,2,mlp_fc,0.6722878217697144
200,2,mlp_proj,3.880866289138794
200,3,ln1,0.011658691801130772
200,3,attn_qkv,0.57364422082901
200,3,attn_proj,2.7010130882263184
200,3,ln2,0.012314972467720509
200,3,mlp_fc,0.5777177214622498
200,3,mlp_proj,3.320868730545044
200,4,ln1,0.010025623254477978
200,4,attn_qkv,0.49483901262283325
200,4,attn_proj,2.4662952423095703
200,4,ln2,0.010189774446189404
200,4,mlp_fc,0.5612619519233704
200,4,mlp_proj,3.103804111480713
200,5,ln1,0.009566823951900005
200,5,attn_qkv,0.4721314013004303
200,5,attn_proj,2.426521062850952
200,5,ln2,0.009410514496266842
200,5,mlp_fc,0.5328549742698669
200,5,mlp_proj,2.8305273056030273
200,6,ln1,0.008861694484949112
200,6,attn_qkv,0.4628438949584961
200,6,attn_proj,2.196173667907715
200,6,ln2,0.009798090904951096
200,6,mlp_fc,0.4959357678890228
200,6,mlp_proj,2.600531816482544
200,7,ln1,0.009301171638071537
200,7,attn_qkv,0.44821491837501526
200,7,attn_proj,1.9763435125350952
200,7,ln2,0.01026416290551424
200,7,mlp_fc,0.46850448846817017
200,7,mlp_proj,2.513772487640381
200,8,ln1,0.008429409004747868
200,8,attn_qkv,0.40869104862213135
200,8,attn_proj,1.9825549125671387
200,8,ln2,0.00852734874933958
200,8,mlp_fc,0.43563681840896606
200,8,mlp_proj,2.307454824447632
200,9,ln1,0.008239015005528927
200,9,attn_qkv,0.38561657071113586
200,9,attn_proj,1.869205117225647
200,9,ln2,0.008067772723734379
200,9,mlp_fc,0.4181065261363983
200,9,mlp_proj,2.235245704650879
200,10,ln1,0.007363952696323395
200,10,attn_qkv,0.3640997111797333
200,10,attn_proj,1.859081745147705
200,10,ln2,0.008136389777064323
200,10,mlp_fc,0.40918073058128357
200,10,mlp_proj,2.1661880016326904
200,11,ln1,0.007170332130044699
200,11,attn_qkv,0.35117053985595703
200,11,attn_proj,1.6613351106643677
200,11,ln2,0.007236326579004526
200,11,mlp_fc,0.39682650566101074
200,11,mlp_proj,2.1170406341552734
0,0,ln1,0.010464295744895935
0,0,attn_qkv,0.5000824928283691
0,0,attn_proj,2.5461812019348145
0,0,ln2,0.011367558501660824
0,0,mlp_fc,0.5618851780891418
0,0,mlp_proj,5.347308158874512
0,1,ln1,0.014756247401237488
0,1,attn_qkv,0.7133671045303345
0,1,attn_proj,3.53159236907959
0,1,ln2,0.014655730687081814
0,1,mlp_fc,0.718799352645874
0,1,mlp_proj,4.436732292175293
0,2,ln1,0.013081836514174938
0,2,attn_qkv,0.6680943965911865
0,2,attn_proj,3.3073410987854004
0,2,ln2,0.013005290180444717
0,2,mlp_fc,0.6874915957450867
0,2,mlp_proj,3.9754867553710938
0,3,ln1,0.011780004017055035
0,3,attn_qkv,0.585884690284729
0,3,attn_proj,2.77250599861145
0,3,ln2,0.012456447817385197
0,3,mlp_fc,0.5906039476394653
0,3,mlp_proj,3.393221139907837
0,4,ln1,0.010165018029510975
0,4,attn_qkv,0.5042022466659546
0,4,attn_proj,2.5089385509490967
0,4,ln2,0.010413752868771553
0,4,mlp_fc,0.5693215727806091
0,4,mlp_proj,3.152238368988037
0,5,ln1,0.009679451584815979
0,5,attn_qkv,0.4794767200946808
0,5,attn_proj,2.472299575805664
0,5,ln2,0.009534361772239208
0,5,mlp_fc,0.5402221083641052
0,5,mlp_proj,2.876103639602661
0,6,ln1,0.008934948593378067
0,6,attn_qkv,0.4692095220088959
0,6,attn_proj,2.2332763671875
0,6,ln2,0.009963829070329666
0,6,mlp_fc,0.49987807869911194
0,6,mlp_proj,2.6377816200256348
0,7,ln1,0.009387865662574768
0,7,attn_qkv,0.4542570114135742
0,7,attn_proj,2.010218381881714
0,7,ln2,0.010322650894522667
0,7,mlp_fc,0.47147035598754883
0,7,mlp_proj,2.54058837890625
0,8,ln1,0.008554358035326004
0,8,attn_qkv,0.4128267168998718
0,8,attn_proj,1.9995214939117432
0,8,ln2,0.008505187928676605
0,8,mlp_fc,0.4396333694458008
0,8,mlp_proj,2.343599557876587
0,9,ln1,0.00825120322406292
0,9,attn_qkv,0.3894535005092621
0,9,attn_proj,1.8870995044708252
0,9,ln2,0.008169431239366531
0,9,mlp_fc,0.42139649391174316
0,9,mlp_proj,2.2531981468200684
0,10,ln1,0.007461043540388346
0,10,attn_qkv,0.36563441157341003
0,10,attn_proj,1.8797938823699951
0,10,ln2,0.008242245763540268
0,10,mlp_fc,0.4103279411792755
0,10,mlp_proj,2.1822028160095215
0,11,ln1,0.007224583998322487
0,11,attn_qkv,0.35464391112327576
0,11,attn_proj,1.6562845706939697
0,11,ln2,0.007211736869066954
0,11,mlp_fc,0.3966793417930603
0,11,mlp_proj,2.110100507736206
100,0,ln1,0.0093589648604393
100,0,attn_qkv,0.4382966160774231
100,0,attn_proj,2.199676752090454
100,0,ln2,0.01042288076132536
100,0,mlp_fc,0.5048363208770752
100,0,mlp_proj,4.634099960327148
100,1,ln1,0.01286853477358818
100,1,attn_qkv,0.6103942394256592
100,1,attn_proj,3.058124303817749
100,1,ln2,0.012659248895943165
100,1,mlp_fc,0.6345011591911316
100,1,mlp_proj,3.9165914058685303
100,2,ln1,0.01164067629724741
100,2,attn_qkv,0.5908540487289429
100,2,attn_proj,2.928218126296997
100,2,ln2,0.011987141333520412
100,2,mlp_fc,0.6187014579772949
100,2,mlp_proj,3.5550997257232666
100,3,ln1,0.010784910060465336
100,3,attn_qkv,0.5270385146141052
100,3,attn_proj,2.4679598808288574
100,3,ln2,0.01140417531132698
100,3,mlp_fc,0.5335589051246643
100,3,mlp_proj,3.0734384059906006
100,4,ln1,0.009319889359176159
100,4,attn_qkv,0.4573420584201813
100,4,attn_proj,2.2942464351654053
100,4,ln2,0.009553867392241955
100,4,mlp_fc,0.5272301435470581
100,4,mlp_proj,2.905778408050537
100,5,ln1,0.009055332280695438
100,5,attn_qkv,0.4425979554653168
100,5,attn_proj,2.267392158508301
100,5,ln2,0.008949794806540012
100,5,mlp_fc,0.5025116801261902
100,5,mlp_proj,2.661255359649658
100,6,ln1,0.00839305855333805
100,6,attn_qkv,0.43810340762138367
100,6,attn_proj,2.0718841552734375
100,6,ln2,0.009258884005248547
100,6,mlp_fc,0.4755497872829437
100,6,mlp_proj,2.469601631164551
100,7,ln1,0.008860327303409576
100,7,attn_qkv,0.42633548378944397
100,7,attn_proj,1.8812974691390991
100,7,ln2,0.009907870553433895
100,7,mlp_fc,0.454706609249115
100,7,mlp_proj,2.410569429397583
100,8,ln1,0.008040309883654118
100,8,attn_qkv,0.39251431822776794
100,8,attn_proj,1.9064565896987915
100,8,ln2,0.008314831182360649
100,8,mlp_fc,0.42265239357948303
100,8,mlp_proj,2.2163190841674805
100,9,ln1,0.008069027215242386
100,9,attn_qkv,0.37155282497406006
100,9,attn_proj,1.802436351776123
100,9,ln2,0.007767354603856802
100,9,mlp_fc,0.40991902351379395
100,9,mlp_proj,2.1754684448242188
100,10,ln1,0.007086682599037886
100,10,attn_qkv,0.3566204309463501
100,10,attn_proj,1.799269676208496
100,10,ln2,0.00791005790233612
100,10,mlp_fc,0.40365609526634216
100,10,mlp_proj,2.1091573238372803
100,11,ln1,0.007074621971696615
100,11,attn_qkv,0.34447330236434937
100,11,attn_proj,1.6590036153793335
100,11,ln2,0.007194167468696833
100,11,mlp_fc,0.3947831094264984
100,11,mlp_proj,2.104180097579956
200,0,ln1,0.004770790226757526
200,0,attn_qkv,0.2088586986064911
200,0,attn_proj,0.9947738647460938
200,0,ln2,0.006570806261152029
200,0,mlp_fc,0.2858579456806183
200,0,mlp_proj,2.206270456314087
200,1,ln1,0.00623652059584856
200,1,attn_qkv,0.27458077669143677
200,1,attn_proj,1.3988864421844482
200,1,ln2,0.00651070149615407
200,1,mlp_fc,0.32352957129478455
200,1,mlp_proj,1.8905309438705444
200,2,ln1,0.005722429137676954
200,2,attn_qkv,0.2943413555622101
200,2,attn_proj,1.431986927986145
200,2,ln2,0.006635390222072601
200,2,mlp_fc,0.3207731246948242
200,2,mlp_proj,1.7597589492797852
200,3,ln1,0.005792698357254267
200,3,attn_qkv,0.27588969469070435
200,3,attn_proj,1.2698456048965454
200,3,ln2,0.006273370701819658
200,3,mlp_fc,0.2952352464199066
200,3,mlp_proj,1.643886685371399
200,4,ln1,0.005118106957525015
200,4,attn_qkv,0.25358885526657104
200,4,attn_proj,1.2825629711151123
200,4,ln2,0.005714277271181345
200,4,mlp_fc,0.31097477674484253
200,4,mlp_proj,1.6459929943084717
200,5,ln1,0.0054336730390787125
200,5,attn_qkv,0.26813289523124695
200,5,attn_proj,1.334842562675476
200,5,ln2,0.005944038741290569
200,5,mlp_fc,0.3047563135623932
200,5,mlp_proj,1.590617060661316
200,6,ln1,0.00532185286283493
200,6,attn_qkv,0.27235355973243713
200,6,attn_proj,1.3115657567977905
200,6,ln2,0.005938621703535318
200,6,mlp_fc,0.31228989362716675
200,6,mlp_proj,1.5577912330627441
200,7,ln1,0.005637237336486578
200,7,attn_qkv,0.27829810976982117
200,7,attn_proj,1.2557002305984497
200,7,ln2,0.006636170670390129
200,7,mlp_fc,0.31511956453323364
200,7,mlp_proj,1.592995285987854
200,8,ln1,0.005442772526293993
200,8,attn_qkv,0.2735373079776764
200,8,attn_proj,1.3229962587356567
200,8,ln2,0.006196271628141403
200,8,mlp_fc,0.3090730607509613
200,8,mlp_proj,1.562082290649414
200,9,ln1,0.005802840460091829
200,9,attn_qkv,0.27049580216407776
200,9,attn_proj,1.2853786945343018
200,9,ln2,0.005797676742076874
200,9,mlp_fc,0.31914106011390686
200,9,mlp_proj,1.6218383312225342
200,10,ln1,0.00524101173505187
200,10,attn_qkv,0.2707105576992035
200,10,attn_proj,1.3379038572311401
200,10,ln2,0.006370865274220705
200,10,mlp_fc,0.32458221912384033
200,10,mlp_proj,1.5844475030899048
200,11,ln1,0.005771056283265352
200,11,attn_qkv,0.28174617886543274
200,11,attn_proj,1.3970669507980347
200,11,ln2,0.006121880374848843
200,11,mlp_fc,0.3309198021888733
200,11,mlp_proj,1.6937965154647827
0,0,ln1,0.010464195162057877
0,0,attn_qkv,0.5000798106193542
0,0,attn_proj,2.546163558959961
0,0,ln2,0.011367597617208958
0,0,mlp_fc,0.5618850588798523
0,0,mlp_proj,5.34727668762207
0,1,ln1,0.014756125397980213
0,1,attn_qkv,0.7133591771125793
0,1,attn_proj,3.531567335128784
0,1,ln2,0.01465567760169506
0,1,mlp_fc,0.7187950015068054
0,1,mlp_proj,4.436709880828857
0,2,ln1,0.013081761077046394
0,2,attn_qkv,0.668091356754303
0,2,attn_proj,3.307326316833496
0,2,ln2,0.0130051514133811
0,2,mlp_fc,0.687488317489624
0,2,mlp_proj,3.9754562377929688
0,3,ln1,0.011779861524701118
0,3,attn_qkv,0.5858818292617798
0,3,attn_proj,2.772489070892334
0,3,ln2,0.012456412427127361
0,3,mlp_fc,0.5906035304069519
0,3,mlp_proj,3.3932154178619385
0,4,ln1,0.010165046900510788
0,4,attn_qkv,0.5042020678520203
0,4,attn_proj,2.508925676345825
0,4,ln2,0.010413754731416702
0,4,mlp_fc,0.5693208575248718
0,4,mlp_proj,3.1522376537323
0,5,ln1,0.009679398499429226
0,5,attn_qkv,0.4794735312461853
0,5,attn_proj,2.472291946411133
0,5,ln2,0.009534327313303947
0,5,mlp_fc,0.540221631526947
0,5,mlp_proj,2.876093864440918
0,6,ln1,0.00893493928015232
0,6,attn_qkv,0.46920886635780334
0,6,attn_proj,2.2332723140716553
0,6,ln2,0.00996381975710392
0,6,mlp_fc,0.49987831711769104
0,6,mlp_proj,2.6377789974212646
0,7,ln1,0.009387882426381111
0,7,attn_qkv,0.4542579650878906
0,7,attn_proj,2.010216474533081
0,7,ln2,0.01032266765832901
0,7,mlp_fc,0.47147029638290405
0,7,mlp_proj,2.540590286254883
0,8,ln1,0.00855434499680996
0,8,attn_qkv,0.4128274619579315
0,8,attn_proj,1.9995224475860596
0,8,ln2,0.008505232632160187
0,8,mlp_fc,0.4396336078643799
0,8,mlp_proj,2.343599796295166
0,9,ln1,0.008251192048192024
0,9,attn_qkv,0.3894532322883606
0,9,attn_proj,1.8870993852615356
0,9,ln2,0.008169436827301979
0,9,mlp_fc,0.42139679193496704
0,9,mlp_proj,2.2531988620758057
0,10,ln1,0.007461044006049633
0,10,attn_qkv,0.36563438177108765
0,10,attn_proj,1.8797941207885742
0,10,ln2,0.008242245763540268
0,10,mlp_fc,0.4103279709815979
0,10,mlp_proj,2.1822028160095215
0,11,ln1,0.007224583998322487
0,11,attn_qkv,0.35464391112327576
0,11,attn_proj,1.6562845706939697
0,11,ln2,0.007211736869066954
0,11,mlp_fc,0.3966793417930603
0,11,mlp_proj,2.110100507736206
