timestamp,run_name,optimizer_name,seed,dataset,iter,split,loss,lr,mfu_percent,dt_ms
2025-09-15 03:20:54,ADAM_lr0.0003,ADAM,2,openwebtext-3%,0,train_eval,10.945842742919922,2.998500749625187e-07,,
2025-09-15 03:20:54,ADAM_lr0.0003,ADAM,2,openwebtext-3%,0,val_eval,10.944282531738281,2.998500749625187e-07,,
2025-09-15 03:43:29,ADAM_lr0.0003,ADAM,2,openwebtext-3%,0,train_iter,10.945987701416016,2.998500749625187e-07,,1373877.839565277
2025-09-15 03:43:43,ADAM_lr0.0003,ADAM,2,openwebtext-3%,1,train_eval,10.928659439086914,5.997001499250374e-07,,
2025-09-15 03:43:43,ADAM_lr0.0003,ADAM,2,openwebtext-3%,1,val_eval,10.928653717041016,5.997001499250374e-07,,
2025-09-15 03:43:54,ADAM_lr0.0003,ADAM,2,openwebtext-3%,1,train_iter,10.921186208724976,5.997001499250374e-07,,24475.605964660645
2025-09-15 03:44:08,ADAM_lr0.0003,ADAM,2,openwebtext-3%,2,train_eval,10.894747734069824,8.995502248875562e-07,,
2025-09-15 03:44:08,ADAM_lr0.0003,ADAM,2,openwebtext-3%,2,val_eval,10.892071723937988,8.995502248875562e-07,,
2025-09-15 03:44:18,ADAM_lr0.0003,ADAM,2,openwebtext-3%,2,train_iter,10.892515182495117,8.995502248875562e-07,,24329.44655418396
2025-09-15 03:44:31,ADAM_lr0.0003,ADAM,2,openwebtext-3%,3,train_eval,10.842094421386719,1.1994002998500749e-06,,
2025-09-15 03:44:31,ADAM_lr0.0003,ADAM,2,openwebtext-3%,3,val_eval,10.841872215270996,1.1994002998500749e-06,,
2025-09-15 03:44:42,ADAM_lr0.0003,ADAM,2,openwebtext-3%,3,train_iter,10.842300653457642,1.1994002998500749e-06,,23839.81490135193
2025-09-15 03:44:55,ADAM_lr0.0003,ADAM,2,openwebtext-3%,4,train_eval,10.775097846984863,1.4992503748125936e-06,,
2025-09-15 03:44:55,ADAM_lr0.0003,ADAM,2,openwebtext-3%,4,val_eval,10.775118827819824,1.4992503748125936e-06,,
2025-09-15 03:45:07,ADAM_lr0.0003,ADAM,2,openwebtext-3%,4,train_iter,10.752215385437012,1.4992503748125936e-06,,25255.165815353394
2025-09-15 03:45:21,ADAM_lr0.0003,ADAM,2,openwebtext-3%,5,train_eval,10.695478439331055,1.7991004497751123e-06,,
2025-09-15 03:45:21,ADAM_lr0.0003,ADAM,2,openwebtext-3%,5,val_eval,10.694960594177246,1.7991004497751123e-06,,
2025-09-15 03:45:32,ADAM_lr0.0003,ADAM,2,openwebtext-3%,5,train_iter,10.686028003692627,1.7991004497751123e-06,5.4485564620566596,24714.65229988098
2025-09-15 03:45:45,ADAM_lr0.0003,ADAM,2,openwebtext-3%,6,train_eval,10.608707427978516,2.0989505247376313e-06,5.4485564620566596,
2025-09-15 03:45:45,ADAM_lr0.0003,ADAM,2,openwebtext-3%,6,val_eval,10.60837173461914,2.0989505247376313e-06,5.4485564620566596,
2025-09-15 03:45:56,ADAM_lr0.0003,ADAM,2,openwebtext-3%,6,train_iter,10.692939758300781,2.0989505247376313e-06,5.475323213970368,23557.365655899048
2025-09-15 03:46:09,ADAM_lr0.0003,ADAM,2,openwebtext-3%,7,train_eval,10.521751403808594,2.3988005997001498e-06,5.475323213970368,
2025-09-15 03:46:09,ADAM_lr0.0003,ADAM,2,openwebtext-3%,7,val_eval,10.521618843078613,2.3988005997001498e-06,5.475323213970368,
2025-09-15 03:46:20,ADAM_lr0.0003,ADAM,2,openwebtext-3%,7,train_iter,10.542682409286499,2.3988005997001498e-06,5.480579773923095,24359.965085983276
2025-09-15 03:46:33,ADAM_lr0.0003,ADAM,2,openwebtext-3%,8,train_eval,10.436836242675781,2.6986506746626683e-06,5.480579773923095,
2025-09-15 03:46:33,ADAM_lr0.0003,ADAM,2,openwebtext-3%,8,val_eval,10.432140350341797,2.6986506746626683e-06,5.480579773923095,
2025-09-15 03:46:44,ADAM_lr0.0003,ADAM,2,openwebtext-3%,8,train_iter,10.408495664596558,2.6986506746626683e-06,5.492149208353157,24062.291383743286
2025-09-15 03:46:57,ADAM_lr0.0003,ADAM,2,openwebtext-3%,9,train_eval,10.347943305969238,2.9985007496251872e-06,5.492149208353157,
2025-09-15 03:46:57,ADAM_lr0.0003,ADAM,2,openwebtext-3%,9,val_eval,10.346096992492676,2.9985007496251872e-06,5.492149208353157,
2025-09-15 03:47:08,ADAM_lr0.0003,ADAM,2,openwebtext-3%,9,train_iter,10.372985601425171,2.9985007496251872e-06,5.509802409953524,23754.939317703247
2025-09-15 03:47:21,ADAM_lr0.0003,ADAM,2,openwebtext-3%,10,train_eval,10.26767349243164,3.2983508245877057e-06,5.509802409953524,
2025-09-15 03:47:21,ADAM_lr0.0003,ADAM,2,openwebtext-3%,10,val_eval,10.268980979919434,3.2983508245877057e-06,5.509802409953524,
2025-09-15 03:47:30,ADAM_lr0.0003,ADAM,2,openwebtext-3%,10,train_iter,10.271251201629639,3.2983508245877057e-06,5.561303406756026,22350.767135620117
2025-09-15 03:47:44,ADAM_lr0.0003,ADAM,2,openwebtext-3%,11,train_eval,10.196553230285645,3.5982008995502247e-06,5.561303406756026,
2025-09-15 03:47:44,ADAM_lr0.0003,ADAM,2,openwebtext-3%,11,val_eval,10.190937042236328,3.5982008995502247e-06,5.561303406756026,
2025-09-15 03:47:55,ADAM_lr0.0003,ADAM,2,openwebtext-3%,11,train_iter,10.173490047454834,3.5982008995502247e-06,5.543543689710074,25012.356281280518
2025-09-15 03:48:08,ADAM_lr0.0003,ADAM,2,openwebtext-3%,12,train_eval,10.122044563293457,3.898050974512743e-06,5.543543689710074,
2025-09-15 03:48:08,ADAM_lr0.0003,ADAM,2,openwebtext-3%,12,val_eval,10.124208450317383,3.898050974512743e-06,5.543543689710074,
2025-09-15 03:48:20,ADAM_lr0.0003,ADAM,2,openwebtext-3%,12,train_iter,10.180279016494751,3.898050974512743e-06,5.52161831688923,25291.481018066406
2025-09-15 03:48:34,ADAM_lr0.0003,ADAM,2,openwebtext-3%,13,train_eval,10.063101768493652,4.1979010494752625e-06,5.52161831688923,
2025-09-15 03:48:34,ADAM_lr0.0003,ADAM,2,openwebtext-3%,13,val_eval,10.059329986572266,4.1979010494752625e-06,5.52161831688923,
2025-09-15 03:48:45,ADAM_lr0.0003,ADAM,2,openwebtext-3%,13,train_iter,10.064383745193481,4.1979010494752625e-06,5.514804729907874,24692.328214645386
2025-09-15 03:48:59,ADAM_lr0.0003,ADAM,2,openwebtext-3%,14,train_eval,9.998656272888184,4.497751124437781e-06,5.514804729907874,
2025-09-15 03:48:59,ADAM_lr0.0003,ADAM,2,openwebtext-3%,14,val_eval,10.003931045532227,4.497751124437781e-06,5.514804729907874,
2025-09-15 03:49:10,ADAM_lr0.0003,ADAM,2,openwebtext-3%,14,train_iter,9.983434677124023,4.497751124437781e-06,5.5093874387140955,24659.99960899353
2025-09-15 03:49:24,ADAM_lr0.0003,ADAM,2,openwebtext-3%,15,train_eval,9.94385814666748,4.7976011994002995e-06,5.5093874387140955,
2025-09-15 03:49:24,ADAM_lr0.0003,ADAM,2,openwebtext-3%,15,val_eval,9.943263053894043,4.7976011994002995e-06,5.5093874387140955,
2025-09-15 03:49:36,ADAM_lr0.0003,ADAM,2,openwebtext-3%,15,train_iter,9.92576539516449,4.7976011994002995e-06,5.478099923514098,25913.376331329346
2025-09-15 03:49:49,ADAM_lr0.0003,ADAM,2,openwebtext-3%,16,train_eval,9.891253471374512,5.097451274362818e-06,5.478099923514098,
2025-09-15 03:49:49,ADAM_lr0.0003,ADAM,2,openwebtext-3%,16,val_eval,9.89489459991455,5.097451274362818e-06,5.478099923514098,
2025-09-15 03:50:00,ADAM_lr0.0003,ADAM,2,openwebtext-3%,16,train_iter,9.876310229301453,5.097451274362818e-06,5.477968420172341,24587.268114089966
2025-09-15 03:50:14,ADAM_lr0.0003,ADAM,2,openwebtext-3%,17,train_eval,9.848114967346191,5.3973013493253366e-06,5.477968420172341,
2025-09-15 03:50:14,ADAM_lr0.0003,ADAM,2,openwebtext-3%,17,val_eval,9.840737342834473,5.3973013493253366e-06,5.477968420172341,
2025-09-15 03:50:26,ADAM_lr0.0003,ADAM,2,openwebtext-3%,17,train_iter,9.814058542251587,5.3973013493253366e-06,5.452609549245817,25775.15149116516
2025-09-15 03:50:39,ADAM_lr0.0003,ADAM,2,openwebtext-3%,18,train_eval,9.805438995361328,5.697151424287855e-06,5.452609549245817,
2025-09-15 03:50:39,ADAM_lr0.0003,ADAM,2,openwebtext-3%,18,val_eval,9.795060157775879,5.697151424287855e-06,5.452609549245817,
2025-09-15 03:50:51,ADAM_lr0.0003,ADAM,2,openwebtext-3%,18,train_iter,9.828306436538696,5.697151424287855e-06,5.452061326742852,24721.136569976807
2025-09-15 03:51:04,ADAM_lr0.0003,ADAM,2,openwebtext-3%,19,train_eval,9.755910873413086,5.9970014992503744e-06,5.452061326742852,
2025-09-15 03:51:04,ADAM_lr0.0003,ADAM,2,openwebtext-3%,19,val_eval,9.747762680053711,5.9970014992503744e-06,5.452061326742852,
2025-09-15 03:51:14,ADAM_lr0.0003,ADAM,2,openwebtext-3%,19,train_iter,9.75883662700653,5.9970014992503744e-06,5.488345592545815,23157.5927734375
2025-09-15 03:51:27,ADAM_lr0.0003,ADAM,2,openwebtext-3%,20,train_eval,9.717467308044434,6.296851574212893e-06,5.488345592545815,
2025-09-15 03:51:27,ADAM_lr0.0003,ADAM,2,openwebtext-3%,20,val_eval,9.719497680664062,6.296851574212893e-06,5.488345592545815,
2025-09-15 03:51:37,ADAM_lr0.0003,ADAM,2,openwebtext-3%,20,train_iter,9.817385077476501,6.296851574212893e-06,5.525153755723358,22993.400812149048
2025-09-15 03:51:51,ADAM_lr0.0003,ADAM,2,openwebtext-3%,21,train_eval,9.685635566711426,6.5967016491754115e-06,5.525153755723358,
2025-09-15 03:51:51,ADAM_lr0.0003,ADAM,2,openwebtext-3%,21,val_eval,9.68806266784668,6.5967016491754115e-06,5.525153755723358,
2025-09-15 03:52:02,ADAM_lr0.0003,ADAM,2,openwebtext-3%,21,train_iter,9.717603921890259,6.5967016491754115e-06,5.519147031483848,24639.898777008057
2025-09-15 03:52:16,ADAM_lr0.0003,ADAM,2,openwebtext-3%,22,train_eval,9.651045799255371,6.89655172413793e-06,5.519147031483848,
2025-09-15 03:52:16,ADAM_lr0.0003,ADAM,2,openwebtext-3%,22,val_eval,9.653271675109863,6.89655172413793e-06,5.519147031483848,
2025-09-15 03:52:26,ADAM_lr0.0003,ADAM,2,openwebtext-3%,22,train_iter,9.774017333984375,6.89655172413793e-06,5.521641563561394,24288.769006729126
2025-09-15 03:52:40,ADAM_lr0.0003,ADAM,2,openwebtext-3%,23,train_eval,9.625776290893555,7.196401799100449e-06,5.521641563561394,
2025-09-15 03:52:40,ADAM_lr0.0003,ADAM,2,openwebtext-3%,23,val_eval,9.632535934448242,7.196401799100449e-06,5.521641563561394,
2025-09-15 03:52:51,ADAM_lr0.0003,ADAM,2,openwebtext-3%,23,train_iter,9.577030539512634,7.196401799100449e-06,5.505729366520558,25111.17696762085
2025-09-15 03:53:06,ADAM_lr0.0003,ADAM,2,openwebtext-3%,24,train_eval,9.599507331848145,7.496251874062968e-06,5.505729366520558,
2025-09-15 03:53:06,ADAM_lr0.0003,ADAM,2,openwebtext-3%,24,val_eval,9.604148864746094,7.496251874062968e-06,5.505729366520558,
2025-09-15 03:53:18,ADAM_lr0.0003,ADAM,2,openwebtext-3%,24,train_iter,9.544362425804138,7.496251874062968e-06,5.463379439682522,26496.08063697815
2025-09-15 03:53:31,ADAM_lr0.0003,ADAM,2,openwebtext-3%,25,train_eval,9.576614379882812,7.796101949025486e-06,5.463379439682522,
2025-09-15 03:53:31,ADAM_lr0.0003,ADAM,2,openwebtext-3%,25,val_eval,9.576396942138672,7.796101949025486e-06,5.463379439682522,
2025-09-15 03:53:44,ADAM_lr0.0003,ADAM,2,openwebtext-3%,25,train_iter,9.548014998435974,7.796101949025486e-06,5.4322662651969535,26136.006355285645
2025-09-15 03:53:57,ADAM_lr0.0003,ADAM,2,openwebtext-3%,26,train_eval,9.559002876281738,8.095952023988006e-06,5.4322662651969535,
2025-09-15 03:53:57,ADAM_lr0.0003,ADAM,2,openwebtext-3%,26,val_eval,9.549043655395508,8.095952023988006e-06,5.4322662651969535,
2025-09-15 03:54:10,ADAM_lr0.0003,ADAM,2,openwebtext-3%,26,train_iter,9.50853943824768,8.095952023988006e-06,5.401602272474744,26271.750926971436
2025-09-15 03:54:24,ADAM_lr0.0003,ADAM,2,openwebtext-3%,27,train_eval,9.533723831176758,8.395802098950525e-06,5.401602272474744,
2025-09-15 03:54:24,ADAM_lr0.0003,ADAM,2,openwebtext-3%,27,val_eval,9.525195121765137,8.395802098950525e-06,5.401602272474744,
2025-09-15 03:54:35,ADAM_lr0.0003,ADAM,2,openwebtext-3%,27,train_iter,9.642459750175476,8.395802098950525e-06,5.40072308777547,24970.13020515442
2025-09-15 03:54:49,ADAM_lr0.0003,ADAM,2,openwebtext-3%,28,train_eval,9.495711326599121,8.695652173913043e-06,5.40072308777547,
2025-09-15 03:54:49,ADAM_lr0.0003,ADAM,2,openwebtext-3%,28,val_eval,9.500432014465332,8.695652173913043e-06,5.40072308777547,
2025-09-15 03:54:59,ADAM_lr0.0003,ADAM,2,openwebtext-3%,28,train_iter,9.545879364013672,8.695652173913043e-06,5.41122124175883,24458.11891555786
2025-09-15 03:55:12,ADAM_lr0.0003,ADAM,2,openwebtext-3%,29,train_eval,9.476325988769531,8.995502248875562e-06,5.41122124175883,
2025-09-15 03:55:12,ADAM_lr0.0003,ADAM,2,openwebtext-3%,29,val_eval,9.47408390045166,8.995502248875562e-06,5.41122124175883,
2025-09-15 03:55:24,ADAM_lr0.0003,ADAM,2,openwebtext-3%,29,train_iter,9.427120089530945,8.995502248875562e-06,5.419237417603831,24521.90613746643
2025-09-15 03:55:37,ADAM_lr0.0003,ADAM,2,openwebtext-3%,30,train_eval,9.452775001525879,9.29535232383808e-06,5.419237417603831,
2025-09-15 03:55:37,ADAM_lr0.0003,ADAM,2,openwebtext-3%,30,val_eval,9.461097717285156,9.29535232383808e-06,5.419237417603831,
2025-09-15 03:55:49,ADAM_lr0.0003,ADAM,2,openwebtext-3%,30,train_iter,9.425562024116516,9.29535232383808e-06,5.407269936182035,25409.489154815674
2025-09-15 03:56:02,ADAM_lr0.0003,ADAM,2,openwebtext-3%,31,train_eval,9.434857368469238,9.595202398800599e-06,5.407269936182035,
2025-09-15 03:56:02,ADAM_lr0.0003,ADAM,2,openwebtext-3%,31,val_eval,9.44507884979248,9.595202398800599e-06,5.407269936182035,
2025-09-15 03:56:13,ADAM_lr0.0003,ADAM,2,openwebtext-3%,31,train_iter,9.441196322441101,9.595202398800599e-06,5.429153673008076,23934.69786643982
2025-09-15 03:56:26,ADAM_lr0.0003,ADAM,2,openwebtext-3%,32,train_eval,9.410510063171387,9.895052473763117e-06,5.429153673008076,
2025-09-15 03:56:26,ADAM_lr0.0003,ADAM,2,openwebtext-3%,32,val_eval,9.413396835327148,9.895052473763117e-06,5.429153673008076,
2025-09-15 03:56:36,ADAM_lr0.0003,ADAM,2,openwebtext-3%,32,train_iter,9.3951815366745,9.895052473763117e-06,5.4847441105593715,22499.226808547974
2025-09-15 03:56:49,ADAM_lr0.0003,ADAM,2,openwebtext-3%,33,train_eval,9.39515495300293,1.0194902548725636e-05,5.4847441105593715,
2025-09-15 03:56:49,ADAM_lr0.0003,ADAM,2,openwebtext-3%,33,val_eval,9.3970365524292,1.0194902548725636e-05,5.4847441105593715,
2025-09-15 03:57:00,ADAM_lr0.0003,ADAM,2,openwebtext-3%,33,train_iter,9.278709292411804,1.0194902548725636e-05,5.498691908972982,23942.720651626587
2025-09-15 03:57:13,ADAM_lr0.0003,ADAM,2,openwebtext-3%,34,train_eval,9.372617721557617,1.0494752623688155e-05,5.498691908972982,
2025-09-15 03:57:13,ADAM_lr0.0003,ADAM,2,openwebtext-3%,34,val_eval,9.3728609085083,1.0494752623688155e-05,5.498691908972982,
2025-09-15 03:57:23,ADAM_lr0.0003,ADAM,2,openwebtext-3%,34,train_iter,9.413153529167175,1.0494752623688155e-05,5.515567850502768,23760.09440422058
2025-09-15 03:57:37,ADAM_lr0.0003,ADAM,2,openwebtext-3%,35,train_eval,9.35354232788086,1.0794602698650673e-05,5.515567850502768,
2025-09-15 03:57:37,ADAM_lr0.0003,ADAM,2,openwebtext-3%,35,val_eval,9.34670639038086,1.0794602698650673e-05,5.515567850502768,
2025-09-15 03:57:46,ADAM_lr0.0003,ADAM,2,openwebtext-3%,35,train_iter,9.340144395828247,1.0794602698650673e-05,5.569715326711428,22231.836080551147
2025-09-15 03:57:59,ADAM_lr0.0003,ADAM,2,openwebtext-3%,36,train_eval,9.327604293823242,1.1094452773613192e-05,5.569715326711428,
2025-09-15 03:57:59,ADAM_lr0.0003,ADAM,2,openwebtext-3%,36,val_eval,9.319853782653809,1.1094452773613192e-05,5.569715326711428,
2025-09-15 03:58:10,ADAM_lr0.0003,ADAM,2,openwebtext-3%,36,train_iter,9.266511797904968,1.1094452773613192e-05,5.564717133450866,24395.956993103027
2025-09-15 03:58:24,ADAM_lr0.0003,ADAM,2,openwebtext-3%,37,train_eval,9.291470527648926,1.139430284857571e-05,5.564717133450866,
2025-09-15 03:58:24,ADAM_lr0.0003,ADAM,2,openwebtext-3%,37,val_eval,9.29645824432373,1.139430284857571e-05,5.564717133450866,
2025-09-15 03:58:36,ADAM_lr0.0003,ADAM,2,openwebtext-3%,37,train_iter,9.467121362686157,1.139430284857571e-05,5.522131536120176,26204.089641571045
2025-09-15 03:58:51,ADAM_lr0.0003,ADAM,2,openwebtext-3%,38,train_eval,9.261104583740234,1.169415292353823e-05,5.522131536120176,
2025-09-15 03:58:51,ADAM_lr0.0003,ADAM,2,openwebtext-3%,38,val_eval,9.273685455322266,1.169415292353823e-05,5.522131536120176,
2025-09-15 03:59:02,ADAM_lr0.0003,ADAM,2,openwebtext-3%,38,train_iter,9.351707696914673,1.169415292353823e-05,5.488705913386736,25956.517934799194
2025-09-15 03:59:16,ADAM_lr0.0003,ADAM,2,openwebtext-3%,39,train_eval,9.241952896118164,1.1994002998500749e-05,5.488705913386736,
2025-09-15 03:59:16,ADAM_lr0.0003,ADAM,2,openwebtext-3%,39,val_eval,9.243437767028809,1.1994002998500749e-05,5.488705913386736,
2025-09-15 03:59:26,ADAM_lr0.0003,ADAM,2,openwebtext-3%,39,train_iter,9.195308685302734,1.1994002998500749e-05,5.505833129035464,23791.46647453308
2025-09-15 03:59:40,ADAM_lr0.0003,ADAM,2,openwebtext-3%,40,train_eval,9.211845397949219,1.2293853073463267e-05,5.505833129035464,
2025-09-15 03:59:40,ADAM_lr0.0003,ADAM,2,openwebtext-3%,40,val_eval,9.222237586975098,1.2293853073463267e-05,5.505833129035464,
2025-09-15 03:59:50,ADAM_lr0.0003,ADAM,2,openwebtext-3%,40,train_iter,9.292280077934265,1.2293853073463267e-05,5.511414674177118,24212.09764480591
2025-09-15 04:00:04,ADAM_lr0.0003,ADAM,2,openwebtext-3%,41,train_eval,9.198417663574219,1.2593703148425786e-05,5.511414674177118,
2025-09-15 04:00:04,ADAM_lr0.0003,ADAM,2,openwebtext-3%,41,val_eval,9.190258026123047,1.2593703148425786e-05,5.511414674177118,
2025-09-15 04:00:16,ADAM_lr0.0003,ADAM,2,openwebtext-3%,41,train_iter,9.180712699890137,1.2593703148425786e-05,5.492353226556428,25308.068990707397
2025-09-15 04:00:29,ADAM_lr0.0003,ADAM,2,openwebtext-3%,42,train_eval,9.171771049499512,1.2893553223388304e-05,5.492353226556428,
2025-09-15 04:00:29,ADAM_lr0.0003,ADAM,2,openwebtext-3%,42,val_eval,9.17689037322998,1.2893553223388304e-05,5.492353226556428,
2025-09-15 04:00:40,ADAM_lr0.0003,ADAM,2,openwebtext-3%,42,train_iter,9.12088394165039,1.2893553223388304e-05,5.503266465649849,24039.904356002808
2025-09-15 04:00:53,ADAM_lr0.0003,ADAM,2,openwebtext-3%,43,train_eval,9.143913269042969,1.3193403298350823e-05,5.503266465649849,
2025-09-15 04:00:53,ADAM_lr0.0003,ADAM,2,openwebtext-3%,43,val_eval,9.145700454711914,1.3193403298350823e-05,5.503266465649849,
2025-09-15 04:01:04,ADAM_lr0.0003,ADAM,2,openwebtext-3%,43,train_iter,9.156326651573181,1.3193403298350823e-05,5.504552403516117,24411.911964416504
2025-09-15 04:01:17,ADAM_lr0.0003,ADAM,2,openwebtext-3%,44,train_eval,9.11662483215332,1.3493253373313342e-05,5.504552403516117,
2025-09-15 04:01:17,ADAM_lr0.0003,ADAM,2,openwebtext-3%,44,val_eval,9.134970664978027,1.3493253373313342e-05,5.504552403516117,
2025-09-15 04:01:27,ADAM_lr0.0003,ADAM,2,openwebtext-3%,44,train_iter,9.077757000923157,1.3493253373313342e-05,5.530054556915911,23380.059003829956
2025-09-15 04:01:40,ADAM_lr0.0003,ADAM,2,openwebtext-3%,45,train_eval,9.087896347045898,1.379310344827586e-05,5.530054556915911,
2025-09-15 04:01:40,ADAM_lr0.0003,ADAM,2,openwebtext-3%,45,val_eval,9.099688529968262,1.379310344827586e-05,5.530054556915911,
2025-09-15 04:01:51,ADAM_lr0.0003,ADAM,2,openwebtext-3%,45,train_iter,9.042808413505554,1.379310344827586e-05,5.550459931378804,23483.89172554016
2025-09-15 04:02:04,ADAM_lr0.0003,ADAM,2,openwebtext-3%,46,train_eval,9.071674346923828,1.409295352323838e-05,5.550459931378804,
2025-09-15 04:02:04,ADAM_lr0.0003,ADAM,2,openwebtext-3%,46,val_eval,9.078237533569336,1.409295352323838e-05,5.550459931378804,
2025-09-15 04:02:13,ADAM_lr0.0003,ADAM,2,openwebtext-3%,46,train_iter,9.103832244873047,1.409295352323838e-05,5.592393730743749,22556.739807128906
2025-09-15 04:02:27,ADAM_lr0.0003,ADAM,2,openwebtext-3%,47,train_eval,9.046259880065918,1.4392803598200899e-05,5.592393730743749,
2025-09-15 04:02:27,ADAM_lr0.0003,ADAM,2,openwebtext-3%,47,val_eval,9.039856910705566,1.4392803598200899e-05,5.592393730743749,
2025-09-15 04:02:39,ADAM_lr0.0003,ADAM,2,openwebtext-3%,47,train_iter,9.036051630973816,1.4392803598200899e-05,5.556782383417383,25716.572046279907
2025-09-15 04:02:53,ADAM_lr0.0003,ADAM,2,openwebtext-3%,48,train_eval,9.024441719055176,1.4692653673163418e-05,5.556782383417383,
2025-09-15 04:02:53,ADAM_lr0.0003,ADAM,2,openwebtext-3%,48,val_eval,9.027144432067871,1.4692653673163418e-05,5.556782383417383,
2025-09-15 04:03:06,ADAM_lr0.0003,ADAM,2,openwebtext-3%,48,train_iter,9.065905809402466,1.4692653673163418e-05,5.508151506144562,26557.514905929565
2025-09-15 04:03:20,ADAM_lr0.0003,ADAM,2,openwebtext-3%,49,train_eval,9.000282287597656,1.4992503748125936e-05,5.508151506144562,
2025-09-15 04:03:20,ADAM_lr0.0003,ADAM,2,openwebtext-3%,49,val_eval,9.01052474975586,1.4992503748125936e-05,5.508151506144562,
2025-09-15 04:03:33,ADAM_lr0.0003,ADAM,2,openwebtext-3%,49,train_iter,9.139818549156189,1.4992503748125936e-05,5.454345085623609,27093.926191329956
2025-09-15 04:03:47,ADAM_lr0.0003,ADAM,2,openwebtext-3%,50,train_eval,8.973592758178711,1.5292353823088455e-05,5.454345085623609,
2025-09-15 04:03:47,ADAM_lr0.0003,ADAM,2,openwebtext-3%,50,val_eval,8.974847793579102,1.5292353823088455e-05,5.454345085623609,
2025-09-15 04:03:57,ADAM_lr0.0003,ADAM,2,openwebtext-3%,50,train_iter,8.888515830039978,1.5292353823088455e-05,5.475523802858031,23765.625715255737
2025-09-15 04:04:11,ADAM_lr0.0003,ADAM,2,openwebtext-3%,51,train_eval,8.93872356414795,1.5592203898050973e-05,5.475523802858031,
2025-09-15 04:04:11,ADAM_lr0.0003,ADAM,2,openwebtext-3%,51,val_eval,8.94797420501709,1.5592203898050973e-05,5.475523802858031,
2025-09-15 04:04:21,ADAM_lr0.0003,ADAM,2,openwebtext-3%,51,train_iter,8.926963210105896,1.5592203898050973e-05,5.468457744111517,24914.44706916809
2025-09-15 04:04:35,ADAM_lr0.0003,ADAM,2,openwebtext-3%,52,train_eval,8.917071342468262,1.589205397301349e-05,5.468457744111517,
2025-09-15 04:04:35,ADAM_lr0.0003,ADAM,2,openwebtext-3%,52,val_eval,8.922250747680664,1.589205397301349e-05,5.468457744111517,
2025-09-15 04:04:47,ADAM_lr0.0003,ADAM,2,openwebtext-3%,52,train_iter,8.934168219566345,1.589205397301349e-05,5.439367323902312,26008.26382637024
2025-09-15 04:05:01,ADAM_lr0.0003,ADAM,2,openwebtext-3%,53,train_eval,8.893099784851074,1.619190404797601e-05,5.439367323902312,
2025-09-15 04:05:01,ADAM_lr0.0003,ADAM,2,openwebtext-3%,53,val_eval,8.901135444641113,1.619190404797601e-05,5.439367323902312,
2025-09-15 04:05:16,ADAM_lr0.0003,ADAM,2,openwebtext-3%,53,train_iter,8.855159878730774,1.619190404797601e-05,5.3683578018835405,28473.552703857422
2025-09-15 04:05:29,ADAM_lr0.0003,ADAM,2,openwebtext-3%,54,train_eval,8.875885963439941,1.649175412293853e-05,5.3683578018835405,
2025-09-15 04:05:29,ADAM_lr0.0003,ADAM,2,openwebtext-3%,54,val_eval,8.888113021850586,1.649175412293853e-05,5.3683578018835405,
2025-09-15 04:05:40,ADAM_lr0.0003,ADAM,2,openwebtext-3%,54,train_iter,8.875324130058289,1.649175412293853e-05,5.398895445078401,23733.78324508667
2025-09-15 04:05:53,ADAM_lr0.0003,ADAM,2,openwebtext-3%,55,train_eval,8.83731746673584,1.679160419790105e-05,5.398895445078401,
2025-09-15 04:05:53,ADAM_lr0.0003,ADAM,2,openwebtext-3%,55,val_eval,8.831747055053711,1.679160419790105e-05,5.398895445078401,
2025-09-15 04:06:05,ADAM_lr0.0003,ADAM,2,openwebtext-3%,55,train_iter,8.888425827026367,1.679160419790105e-05,5.386236297540823,25540.860176086426
2025-09-15 04:06:20,ADAM_lr0.0003,ADAM,2,openwebtext-3%,56,train_eval,8.82985782623291,1.7091454272863564e-05,5.386236297540823,
2025-09-15 04:06:20,ADAM_lr0.0003,ADAM,2,openwebtext-3%,56,val_eval,8.833066940307617,1.7091454272863564e-05,5.386236297540823,
2025-09-15 04:06:32,ADAM_lr0.0003,ADAM,2,openwebtext-3%,56,train_iter,8.836590647697449,1.7091454272863564e-05,5.353191941952219,26634.631872177124
2025-09-15 04:06:46,ADAM_lr0.0003,ADAM,2,openwebtext-3%,57,train_eval,8.801102638244629,1.7391304347826085e-05,5.353191941952219,
2025-09-15 04:06:46,ADAM_lr0.0003,ADAM,2,openwebtext-3%,57,val_eval,8.806974411010742,1.7391304347826085e-05,5.353191941952219,
2025-09-15 04:06:58,ADAM_lr0.0003,ADAM,2,openwebtext-3%,57,train_iter,8.756279349327087,1.7391304347826085e-05,5.3413495587957796,25724.000692367554
2025-09-15 04:07:12,ADAM_lr0.0003,ADAM,2,openwebtext-3%,58,train_eval,8.783191680908203,1.7691154422788603e-05,5.3413495587957796,
2025-09-15 04:07:12,ADAM_lr0.0003,ADAM,2,openwebtext-3%,58,val_eval,8.784832954406738,1.7691154422788603e-05,5.3413495587957796,
2025-09-15 04:07:25,ADAM_lr0.0003,ADAM,2,openwebtext-3%,58,train_iter,8.777503967285156,1.7691154422788603e-05,5.303892328636897,27111.982583999634
2025-09-15 04:07:38,ADAM_lr0.0003,ADAM,2,openwebtext-3%,59,train_eval,8.755785942077637,1.7991004497751124e-05,5.303892328636897,
2025-09-15 04:07:38,ADAM_lr0.0003,ADAM,2,openwebtext-3%,59,val_eval,8.771025657653809,1.7991004497751124e-05,5.303892328636897,
2025-09-15 04:07:48,ADAM_lr0.0003,ADAM,2,openwebtext-3%,59,train_iter,8.847363591194153,1.7991004497751124e-05,5.34246683549654,23667.444705963135
2025-09-15 04:08:02,ADAM_lr0.0003,ADAM,2,openwebtext-3%,60,train_eval,8.738053321838379,1.829085457271364e-05,5.34246683549654,
2025-09-15 04:08:02,ADAM_lr0.0003,ADAM,2,openwebtext-3%,60,val_eval,8.748708724975586,1.829085457271364e-05,5.34246683549654,
2025-09-15 04:08:11,ADAM_lr0.0003,ADAM,2,openwebtext-3%,60,train_iter,8.710153698921204,1.829085457271364e-05,5.394292359066409,22976.550817489624
2025-09-15 04:08:25,ADAM_lr0.0003,ADAM,2,openwebtext-3%,61,train_eval,8.713990211486816,1.859070464767616e-05,5.394292359066409,
2025-09-15 04:08:25,ADAM_lr0.0003,ADAM,2,openwebtext-3%,61,val_eval,8.724376678466797,1.859070464767616e-05,5.394292359066409,
2025-09-15 04:08:34,ADAM_lr0.0003,ADAM,2,openwebtext-3%,61,train_iter,8.77473771572113,1.859070464767616e-05,5.449146199647682,22659.09695625305
2025-09-15 04:08:47,ADAM_lr0.0003,ADAM,2,openwebtext-3%,62,train_eval,8.701473236083984,1.8890554722638677e-05,5.449146199647682,
2025-09-15 04:08:47,ADAM_lr0.0003,ADAM,2,openwebtext-3%,62,val_eval,8.703664779663086,1.8890554722638677e-05,5.449146199647682,
2025-09-15 04:08:58,ADAM_lr0.0003,ADAM,2,openwebtext-3%,62,train_iter,8.725166320800781,1.8890554722638677e-05,5.476279134088497,23539.857387542725
2025-09-15 04:09:10,ADAM_lr0.0003,ADAM,2,openwebtext-3%,63,train_eval,8.6735258102417,1.9190404797601198e-05,5.476279134088497,
2025-09-15 04:09:10,ADAM_lr0.0003,ADAM,2,openwebtext-3%,63,val_eval,8.680187225341797,1.9190404797601198e-05,5.476279134088497,
2025-09-15 04:09:20,ADAM_lr0.0003,ADAM,2,openwebtext-3%,63,train_iter,8.785752654075623,1.9190404797601198e-05,5.537072859656331,22132.542610168457
2025-09-15 04:09:32,ADAM_lr0.0003,ADAM,2,openwebtext-3%,64,train_eval,8.648295402526855,1.949025487256372e-05,5.537072859656331,
2025-09-15 04:09:32,ADAM_lr0.0003,ADAM,2,openwebtext-3%,64,val_eval,8.656864166259766,1.949025487256372e-05,5.537072859656331,
2025-09-15 04:09:42,ADAM_lr0.0003,ADAM,2,openwebtext-3%,64,train_iter,8.819767236709595,1.949025487256372e-05,5.599531772685601,21854.3598651886
2025-09-15 04:09:54,ADAM_lr0.0003,ADAM,2,openwebtext-3%,65,train_eval,8.630334854125977,1.9790104947526234e-05,5.599531772685601,
2025-09-15 04:09:54,ADAM_lr0.0003,ADAM,2,openwebtext-3%,65,val_eval,8.64038372039795,1.9790104947526234e-05,5.599531772685601,
2025-09-15 04:10:04,ADAM_lr0.0003,ADAM,2,openwebtext-3%,65,train_iter,8.758276104927063,1.9790104947526234e-05,5.647006024305218,22168.768167495728
2025-09-15 04:10:17,ADAM_lr0.0003,ADAM,2,openwebtext-3%,66,train_eval,8.615005493164062,2.0089955022488755e-05,5.647006024305218,
2025-09-15 04:10:17,ADAM_lr0.0003,ADAM,2,openwebtext-3%,66,val_eval,8.61129379272461,2.0089955022488755e-05,5.647006024305218,
2025-09-15 04:10:28,ADAM_lr0.0003,ADAM,2,openwebtext-3%,66,train_iter,8.584575653076172,2.0089955022488755e-05,5.629272749509578,24619.23623085022
2025-09-15 04:10:42,ADAM_lr0.0003,ADAM,2,openwebtext-3%,67,train_eval,8.580757141113281,2.0389805097451272e-05,5.629272749509578,
2025-09-15 04:10:42,ADAM_lr0.0003,ADAM,2,openwebtext-3%,67,val_eval,8.588177680969238,2.0389805097451272e-05,5.629272749509578,
2025-09-15 04:10:53,ADAM_lr0.0003,ADAM,2,openwebtext-3%,67,train_iter,8.626558184623718,2.0389805097451272e-05,5.61899042485147,24366.30940437317
2025-09-15 04:11:06,ADAM_lr0.0003,ADAM,2,openwebtext-3%,68,train_eval,8.563803672790527,2.0689655172413793e-05,5.61899042485147,
2025-09-15 04:11:06,ADAM_lr0.0003,ADAM,2,openwebtext-3%,68,val_eval,8.56181812286377,2.0689655172413793e-05,5.61899042485147,
2025-09-15 04:11:16,ADAM_lr0.0003,ADAM,2,openwebtext-3%,68,train_iter,8.6212557554245,2.0689655172413793e-05,5.635322113946701,23288.13934326172
2025-09-15 04:11:29,ADAM_lr0.0003,ADAM,2,openwebtext-3%,69,train_eval,8.541297912597656,2.098950524737631e-05,5.635322113946701,
2025-09-15 04:11:29,ADAM_lr0.0003,ADAM,2,openwebtext-3%,69,val_eval,8.543418884277344,2.098950524737631e-05,5.635322113946701,
2025-09-15 04:11:40,ADAM_lr0.0003,ADAM,2,openwebtext-3%,69,train_iter,8.417863249778748,2.098950524737631e-05,5.63501238862479,23908.700704574585
2025-09-15 04:11:53,ADAM_lr0.0003,ADAM,2,openwebtext-3%,70,train_eval,8.525521278381348,2.128935532233883e-05,5.63501238862479,
2025-09-15 04:11:53,ADAM_lr0.0003,ADAM,2,openwebtext-3%,70,val_eval,8.522480010986328,2.128935532233883e-05,5.63501238862479,
2025-09-15 04:12:02,ADAM_lr0.0003,ADAM,2,openwebtext-3%,70,train_iter,8.6637681722641,2.128935532233883e-05,5.672107400497728,22420.915603637695
2025-09-15 04:12:15,ADAM_lr0.0003,ADAM,2,openwebtext-3%,71,train_eval,8.491854667663574,2.1589205397301346e-05,5.672107400497728,
2025-09-15 04:12:15,ADAM_lr0.0003,ADAM,2,openwebtext-3%,71,val_eval,8.487639427185059,2.1589205397301346e-05,5.672107400497728,
2025-09-15 04:12:24,ADAM_lr0.0003,ADAM,2,openwebtext-3%,71,train_iter,8.492963910102844,2.1589205397301346e-05,5.728540696309296,21592.31400489807
2025-09-15 04:12:37,ADAM_lr0.0003,ADAM,2,openwebtext-3%,72,train_eval,8.48340129852295,2.1889055472263867e-05,5.728540696309296,
2025-09-15 04:12:37,ADAM_lr0.0003,ADAM,2,openwebtext-3%,72,val_eval,8.482315063476562,2.1889055472263867e-05,5.728540696309296,
2025-09-15 04:12:46,ADAM_lr0.0003,ADAM,2,openwebtext-3%,72,train_iter,8.45291793346405,2.1889055472263867e-05,5.767136897266558,22022.915840148926
2025-09-15 04:12:59,ADAM_lr0.0003,ADAM,2,openwebtext-3%,73,train_eval,8.452057838439941,2.2188905547226385e-05,5.767136897266558,
2025-09-15 04:12:59,ADAM_lr0.0003,ADAM,2,openwebtext-3%,73,val_eval,8.455883979797363,2.2188905547226385e-05,5.767136897266558,
2025-09-15 04:13:08,ADAM_lr0.0003,ADAM,2,openwebtext-3%,73,train_iter,8.409444093704224,2.2188905547226385e-05,5.800593597918455,22069.11063194275
2025-09-15 04:13:21,ADAM_lr0.0003,ADAM,2,openwebtext-3%,74,train_eval,8.441624641418457,2.2488755622188906e-05,5.800593597918455,
2025-09-15 04:13:21,ADAM_lr0.0003,ADAM,2,openwebtext-3%,74,val_eval,8.429791450500488,2.2488755622188906e-05,5.800593597918455,
2025-09-15 04:13:31,ADAM_lr0.0003,ADAM,2,openwebtext-3%,74,train_iter,8.374747633934021,2.2488755622188906e-05,5.818138234565508,22533.17904472351
2025-09-15 04:13:44,ADAM_lr0.0003,ADAM,2,openwebtext-3%,75,train_eval,8.419493675231934,2.278860569715142e-05,5.818138234565508,
2025-09-15 04:13:44,ADAM_lr0.0003,ADAM,2,openwebtext-3%,75,val_eval,8.417773246765137,2.278860569715142e-05,5.818138234565508,
2025-09-15 04:13:56,ADAM_lr0.0003,ADAM,2,openwebtext-3%,75,train_iter,8.265447616577148,2.278860569715142e-05,5.76978721618393,25242.468118667603
2025-09-15 04:14:09,ADAM_lr0.0003,ADAM,2,openwebtext-3%,76,train_eval,8.386651992797852,2.308845577211394e-05,5.76978721618393,
2025-09-15 04:14:09,ADAM_lr0.0003,ADAM,2,openwebtext-3%,76,val_eval,8.399852752685547,2.308845577211394e-05,5.76978721618393,
2025-09-15 04:14:19,ADAM_lr0.0003,ADAM,2,openwebtext-3%,76,train_iter,8.381752371788025,2.308845577211394e-05,5.77539797379806,23113.90495300293
2025-09-15 04:14:32,ADAM_lr0.0003,ADAM,2,openwebtext-3%,77,train_eval,8.376364707946777,2.338830584707646e-05,5.77539797379806,
2025-09-15 04:14:32,ADAM_lr0.0003,ADAM,2,openwebtext-3%,77,val_eval,8.373807907104492,2.338830584707646e-05,5.77539797379806,
2025-09-15 04:14:42,ADAM_lr0.0003,ADAM,2,openwebtext-3%,77,train_iter,8.526963591575623,2.338830584707646e-05,5.777882658768846,23216.11976623535
2025-09-15 04:14:55,ADAM_lr0.0003,ADAM,2,openwebtext-3%,78,train_eval,8.339003562927246,2.368815592203898e-05,5.777882658768846,
2025-09-15 04:14:55,ADAM_lr0.0003,ADAM,2,openwebtext-3%,78,val_eval,8.357095718383789,2.368815592203898e-05,5.777882658768846,
2025-09-15 04:15:05,ADAM_lr0.0003,ADAM,2,openwebtext-3%,78,train_iter,8.211120963096619,2.368815592203898e-05,5.793196652267821,22704.209327697754
2025-09-15 04:15:18,ADAM_lr0.0003,ADAM,2,openwebtext-3%,79,train_eval,8.312397003173828,2.3988005997001498e-05,5.793196652267821,
2025-09-15 04:15:18,ADAM_lr0.0003,ADAM,2,openwebtext-3%,79,val_eval,8.323735237121582,2.3988005997001498e-05,5.793196652267821,
2025-09-15 04:15:27,ADAM_lr0.0003,ADAM,2,openwebtext-3%,79,train_iter,8.305587768554688,2.3988005997001498e-05,5.806775809438297,22711.999654769897
2025-09-15 04:15:41,ADAM_lr0.0003,ADAM,2,openwebtext-3%,80,train_eval,8.291890144348145,2.4287856071964015e-05,5.806775809438297,
2025-09-15 04:15:41,ADAM_lr0.0003,ADAM,2,openwebtext-3%,80,val_eval,8.30997371673584,2.4287856071964015e-05,5.806775809438297,
2025-09-15 04:15:50,ADAM_lr0.0003,ADAM,2,openwebtext-3%,80,train_iter,8.33719551563263,2.4287856071964015e-05,5.8269342063047525,22411.969900131226
2025-09-15 04:16:03,ADAM_lr0.0003,ADAM,2,openwebtext-3%,81,train_eval,8.287284851074219,2.4587706146926533e-05,5.8269342063047525,
2025-09-15 04:16:03,ADAM_lr0.0003,ADAM,2,openwebtext-3%,81,val_eval,8.2777738571167,2.4587706146926533e-05,5.8269342063047525,
2025-09-15 04:16:13,ADAM_lr0.0003,ADAM,2,openwebtext-3%,81,train_iter,8.206693530082703,2.4587706146926533e-05,5.839360249263292,22627.251625061035
2025-09-15 04:16:26,ADAM_lr0.0003,ADAM,2,openwebtext-3%,82,train_eval,8.250805854797363,2.4887556221889054e-05,5.839360249263292,
2025-09-15 04:16:26,ADAM_lr0.0003,ADAM,2,openwebtext-3%,82,val_eval,8.251737594604492,2.4887556221889054e-05,5.839360249263292,
2025-09-15 04:16:36,ADAM_lr0.0003,ADAM,2,openwebtext-3%,82,train_iter,8.287559747695923,2.4887556221889054e-05,5.82214828169543,23760.97798347473
2025-09-15 04:16:49,ADAM_lr0.0003,ADAM,2,openwebtext-3%,83,train_eval,8.228446006774902,2.5187406296851572e-05,5.82214828169543,
2025-09-15 04:16:49,ADAM_lr0.0003,ADAM,2,openwebtext-3%,83,val_eval,8.2305269241333,2.5187406296851572e-05,5.82214828169543,
2025-09-15 04:17:01,ADAM_lr0.0003,ADAM,2,openwebtext-3%,83,train_iter,8.223134875297546,2.5187406296851572e-05,5.791320046470784,24421.91743850708
2025-09-15 04:17:13,ADAM_lr0.0003,ADAM,2,openwebtext-3%,84,train_eval,8.209367752075195,2.5487256371814093e-05,5.791320046470784,
2025-09-15 04:17:13,ADAM_lr0.0003,ADAM,2,openwebtext-3%,84,val_eval,8.219249725341797,2.5487256371814093e-05,5.791320046470784,
2025-09-15 04:17:23,ADAM_lr0.0003,ADAM,2,openwebtext-3%,84,train_iter,8.121647238731384,2.5487256371814093e-05,5.816314179000086,22289.911031723022
2025-09-15 04:17:36,ADAM_lr0.0003,ADAM,2,openwebtext-3%,85,train_eval,8.184057235717773,2.5787106446776607e-05,5.816314179000086,
2025-09-15 04:17:36,ADAM_lr0.0003,ADAM,2,openwebtext-3%,85,val_eval,8.186994552612305,2.5787106446776607e-05,5.816314179000086,
2025-09-15 04:17:44,ADAM_lr0.0003,ADAM,2,openwebtext-3%,85,train_iter,8.009951710700989,2.5787106446776607e-05,5.868371313605174,21250.056982040405
2025-09-15 04:17:57,ADAM_lr0.0003,ADAM,2,openwebtext-3%,86,train_eval,8.149980545043945,2.6086956521739128e-05,5.868371313605174,
2025-09-15 04:17:57,ADAM_lr0.0003,ADAM,2,openwebtext-3%,86,val_eval,8.161462783813477,2.6086956521739128e-05,5.868371313605174,
2025-09-15 04:18:06,ADAM_lr0.0003,ADAM,2,openwebtext-3%,86,train_iter,8.043449521064758,2.6086956521739128e-05,5.887211714912481,22232.81717300415
2025-09-15 04:18:20,ADAM_lr0.0003,ADAM,2,openwebtext-3%,87,train_eval,8.144250869750977,2.6386806596701646e-05,5.887211714912481,
2025-09-15 04:18:20,ADAM_lr0.0003,ADAM,2,openwebtext-3%,87,val_eval,8.14664363861084,2.6386806596701646e-05,5.887211714912481,
2025-09-15 04:18:30,ADAM_lr0.0003,ADAM,2,openwebtext-3%,87,train_iter,8.443259596824646,2.6386806596701646e-05,5.876202119921261,23309.067010879517
2025-09-15 04:18:43,ADAM_lr0.0003,ADAM,2,openwebtext-3%,88,train_eval,8.09953498840332,2.6686656671664167e-05,5.876202119921261,
2025-09-15 04:18:43,ADAM_lr0.0003,ADAM,2,openwebtext-3%,88,val_eval,8.126949310302734,2.6686656671664167e-05,5.876202119921261,
2025-09-15 04:18:53,ADAM_lr0.0003,ADAM,2,openwebtext-3%,88,train_iter,8.145572543144226,2.6686656671664167e-05,5.856954924455569,23692.0428276062
2025-09-15 04:19:07,ADAM_lr0.0003,ADAM,2,openwebtext-3%,89,train_eval,8.10001277923584,2.6986506746626685e-05,5.856954924455569,
2025-09-15 04:19:07,ADAM_lr0.0003,ADAM,2,openwebtext-3%,89,val_eval,8.102771759033203,2.6986506746626685e-05,5.856954924455569,
2025-09-15 04:19:17,ADAM_lr0.0003,ADAM,2,openwebtext-3%,89,train_iter,8.110350966453552,2.6986506746626685e-05,5.839000801630774,23718.401670455933
2025-09-15 04:19:30,ADAM_lr0.0003,ADAM,2,openwebtext-3%,90,train_eval,8.06302547454834,2.7286356821589202e-05,5.839000801630774,
2025-09-15 04:19:30,ADAM_lr0.0003,ADAM,2,openwebtext-3%,90,val_eval,8.082062721252441,2.7286356821589202e-05,5.839000801630774,
2025-09-15 04:19:39,ADAM_lr0.0003,ADAM,2,openwebtext-3%,90,train_iter,8.016921281814575,2.7286356821589202e-05,5.876015296037364,21687.231063842773
2025-09-15 04:19:52,ADAM_lr0.0003,ADAM,2,openwebtext-3%,91,train_eval,8.032286643981934,2.758620689655172e-05,5.876015296037364,
2025-09-15 04:19:52,ADAM_lr0.0003,ADAM,2,openwebtext-3%,91,val_eval,8.057302474975586,2.758620689655172e-05,5.876015296037364,
2025-09-15 04:20:00,ADAM_lr0.0003,ADAM,2,openwebtext-3%,91,train_iter,7.996156215667725,2.758620689655172e-05,5.9211963376798025,21280.481576919556
2025-09-15 04:20:13,ADAM_lr0.0003,ADAM,2,openwebtext-3%,92,train_eval,8.016666412353516,2.788605697151424e-05,5.9211963376798025,
2025-09-15 04:20:13,ADAM_lr0.0003,ADAM,2,openwebtext-3%,92,val_eval,8.037188529968262,2.788605697151424e-05,5.9211963376798025,
2025-09-15 04:20:22,ADAM_lr0.0003,ADAM,2,openwebtext-3%,92,train_iter,8.05673599243164,2.788605697151424e-05,5.939029779556757,22076.97343826294
2025-09-15 04:20:35,ADAM_lr0.0003,ADAM,2,openwebtext-3%,93,train_eval,7.9942779541015625,2.818590704647676e-05,5.939029779556757,
2025-09-15 04:20:35,ADAM_lr0.0003,ADAM,2,openwebtext-3%,93,val_eval,8.003334045410156,2.818590704647676e-05,5.939029779556757,
2025-09-15 04:20:44,ADAM_lr0.0003,ADAM,2,openwebtext-3%,93,train_iter,7.994258403778076,2.818590704647676e-05,5.969906026042969,21553.08198928833
2025-09-15 04:20:57,ADAM_lr0.0003,ADAM,2,openwebtext-3%,94,train_eval,7.9777374267578125,2.8485757121439276e-05,5.969906026042969,
2025-09-15 04:20:57,ADAM_lr0.0003,ADAM,2,openwebtext-3%,94,val_eval,7.984903335571289,2.8485757121439276e-05,5.969906026042969,
2025-09-15 04:21:06,ADAM_lr0.0003,ADAM,2,openwebtext-3%,94,train_iter,7.924773097038269,2.8485757121439276e-05,5.985342890886296,21987.775802612305
2025-09-15 04:21:19,ADAM_lr0.0003,ADAM,2,openwebtext-3%,95,train_eval,7.966108322143555,2.8785607196401797e-05,5.985342890886296,
2025-09-15 04:21:19,ADAM_lr0.0003,ADAM,2,openwebtext-3%,95,val_eval,7.962977409362793,2.8785607196401797e-05,5.985342890886296,
2025-09-15 04:21:28,ADAM_lr0.0003,ADAM,2,openwebtext-3%,95,train_iter,7.93093204498291,2.8785607196401797e-05,5.989041984858289,22359.965801239014
2025-09-15 04:21:41,ADAM_lr0.0003,ADAM,2,openwebtext-3%,96,train_eval,7.936120986938477,2.9085457271364315e-05,5.989041984858289,
2025-09-15 04:21:41,ADAM_lr0.0003,ADAM,2,openwebtext-3%,96,val_eval,7.944902420043945,2.9085457271364315e-05,5.989041984858289,
2025-09-15 04:21:53,ADAM_lr0.0003,ADAM,2,openwebtext-3%,96,train_iter,7.845067381858826,2.9085457271364315e-05,5.938243752050588,24568.092107772827
2025-09-15 04:22:06,ADAM_lr0.0003,ADAM,2,openwebtext-3%,97,train_eval,7.90843391418457,2.9385307346326836e-05,5.938243752050588,
2025-09-15 04:22:06,ADAM_lr0.0003,ADAM,2,openwebtext-3%,97,val_eval,7.918234825134277,2.9385307346326836e-05,5.938243752050588,
2025-09-15 04:22:15,ADAM_lr0.0003,ADAM,2,openwebtext-3%,97,train_iter,7.828044891357422,2.9385307346326836e-05,5.960208714534914,21867.734670639038
2025-09-15 04:22:27,ADAM_lr0.0003,ADAM,2,openwebtext-3%,98,train_eval,7.903534412384033,2.9685157421289354e-05,5.960208714534914,
2025-09-15 04:22:27,ADAM_lr0.0003,ADAM,2,openwebtext-3%,98,val_eval,7.895036697387695,2.9685157421289354e-05,5.960208714534914,
2025-09-15 04:22:35,ADAM_lr0.0003,ADAM,2,openwebtext-3%,98,train_iter,7.913757562637329,2.9685157421289354e-05,6.012018246820539,20786.17763519287
2025-09-15 04:22:48,ADAM_lr0.0003,ADAM,2,openwebtext-3%,99,train_eval,7.851032733917236,2.998500749625187e-05,6.012018246820539,
2025-09-15 04:22:48,ADAM_lr0.0003,ADAM,2,openwebtext-3%,99,val_eval,7.8800153732299805,2.998500749625187e-05,6.012018246820539,
2025-09-15 04:22:56,ADAM_lr0.0003,ADAM,2,openwebtext-3%,99,train_iter,7.753732204437256,2.998500749625187e-05,6.057257775001612,20830.84225654602
2025-09-15 04:23:09,ADAM_lr0.0003,ADAM,2,openwebtext-3%,100,train_eval,7.844347953796387,3.028485757121439e-05,6.057257775001612,
2025-09-15 04:23:09,ADAM_lr0.0003,ADAM,2,openwebtext-3%,100,val_eval,7.850764274597168,3.028485757121439e-05,6.057257775001612,
2025-09-15 04:23:55,ADAM_lr0.0003,ADAM,2,openwebtext-3%,100,train_iter,7.99228310585022,3.028485757121439e-05,5.681438230328616,58571.34747505188
2025-09-15 04:24:07,ADAM_lr0.0003,ADAM,2,openwebtext-3%,101,train_eval,7.828390121459961,3.058470764617691e-05,5.681438230328616,
2025-09-15 04:24:07,ADAM_lr0.0003,ADAM,2,openwebtext-3%,101,val_eval,7.833552837371826,3.058470764617691e-05,5.681438230328616,
2025-09-15 04:24:15,ADAM_lr0.0003,ADAM,2,openwebtext-3%,101,train_iter,7.683483362197876,3.058470764617691e-05,5.778638452202312,20239.0296459198
2025-09-15 04:24:28,ADAM_lr0.0003,ADAM,2,openwebtext-3%,102,train_eval,7.790715217590332,3.0884557721139424e-05,5.778638452202312,
2025-09-15 04:24:28,ADAM_lr0.0003,ADAM,2,openwebtext-3%,102,val_eval,7.812661647796631,3.0884557721139424e-05,5.778638452202312,
2025-09-15 04:24:36,ADAM_lr0.0003,ADAM,2,openwebtext-3%,102,train_iter,7.7943092584609985,3.0884557721139424e-05,5.849952569802199,20743.029832839966
2025-09-15 04:24:48,ADAM_lr0.0003,ADAM,2,openwebtext-3%,103,train_eval,7.775335788726807,3.1184407796101945e-05,5.849952569802199,
2025-09-15 04:24:48,ADAM_lr0.0003,ADAM,2,openwebtext-3%,103,val_eval,7.768951416015625,3.1184407796101945e-05,5.849952569802199,
2025-09-15 04:24:55,ADAM_lr0.0003,ADAM,2,openwebtext-3%,103,train_iter,7.716273665428162,3.1184407796101945e-05,5.949313029590365,19676.78141593933
2025-09-15 04:25:08,ADAM_lr0.0003,ADAM,2,openwebtext-3%,104,train_eval,7.759449005126953,3.1484257871064466e-05,5.949313029590365,
2025-09-15 04:25:08,ADAM_lr0.0003,ADAM,2,openwebtext-3%,104,val_eval,7.75547981262207,3.1484257871064466e-05,5.949313029590365,
2025-09-15 04:25:15,ADAM_lr0.0003,ADAM,2,openwebtext-3%,104,train_iter,7.783296704292297,3.1484257871064466e-05,6.036858610994667,19730.950832366943
2025-09-15 04:25:28,ADAM_lr0.0003,ADAM,2,openwebtext-3%,105,train_eval,7.731741905212402,3.178410794602698e-05,6.036858610994667,
2025-09-15 04:25:28,ADAM_lr0.0003,ADAM,2,openwebtext-3%,105,val_eval,7.736242771148682,3.178410794602698e-05,6.036858610994667,
2025-09-15 04:25:35,ADAM_lr0.0003,ADAM,2,openwebtext-3%,105,train_iter,7.67911434173584,3.178410794602698e-05,6.116335218689241,19711.14993095398
2025-09-15 04:25:48,ADAM_lr0.0003,ADAM,2,openwebtext-3%,106,train_eval,7.715250015258789,3.20839580209895e-05,6.116335218689241,
2025-09-15 04:25:48,ADAM_lr0.0003,ADAM,2,openwebtext-3%,106,val_eval,7.712753772735596,3.20839580209895e-05,6.116335218689241,
2025-09-15 04:25:55,ADAM_lr0.0003,ADAM,2,openwebtext-3%,106,train_iter,7.733516693115234,3.20839580209895e-05,6.187529625618877,19720.80707550049
2025-09-15 04:26:07,ADAM_lr0.0003,ADAM,2,openwebtext-3%,107,train_eval,7.701046943664551,3.238380809595202e-05,6.187529625618877,
2025-09-15 04:26:07,ADAM_lr0.0003,ADAM,2,openwebtext-3%,107,val_eval,7.685614109039307,3.238380809595202e-05,6.187529625618877,
2025-09-15 04:26:14,ADAM_lr0.0003,ADAM,2,openwebtext-3%,107,train_iter,7.586891055107117,3.238380809595202e-05,6.25190788157979,19712.05163002014
2025-09-15 04:26:27,ADAM_lr0.0003,ADAM,2,openwebtext-3%,108,train_eval,7.676973819732666,3.2683658170914544e-05,6.25190788157979,
2025-09-15 04:26:27,ADAM_lr0.0003,ADAM,2,openwebtext-3%,108,val_eval,7.675237655639648,3.2683658170914544e-05,6.25190788157979,
2025-09-15 04:26:35,ADAM_lr0.0003,ADAM,2,openwebtext-3%,108,train_iter,7.775520086288452,3.2683658170914544e-05,6.27826050074844,20667.72174835205
2025-09-15 04:26:48,ADAM_lr0.0003,ADAM,2,openwebtext-3%,109,train_eval,7.650921821594238,3.298350824587706e-05,6.27826050074844,
2025-09-15 04:26:48,ADAM_lr0.0003,ADAM,2,openwebtext-3%,109,val_eval,7.653411865234375,3.298350824587706e-05,6.27826050074844,
2025-09-15 04:26:55,ADAM_lr0.0003,ADAM,2,openwebtext-3%,109,train_iter,7.6327890157699585,3.298350824587706e-05,6.325303741407476,19953.37176322937
2025-09-15 04:27:08,ADAM_lr0.0003,ADAM,2,openwebtext-3%,110,train_eval,7.6188063621521,3.328335832083958e-05,6.325303741407476,
2025-09-15 04:27:08,ADAM_lr0.0003,ADAM,2,openwebtext-3%,110,val_eval,7.635789394378662,3.328335832083958e-05,6.325303741407476,
2025-09-15 04:27:15,ADAM_lr0.0003,ADAM,2,openwebtext-3%,110,train_iter,7.595970034599304,3.328335832083958e-05,6.367056746435989,19970.710039138794
2025-09-15 04:27:28,ADAM_lr0.0003,ADAM,2,openwebtext-3%,111,train_eval,7.612262725830078,3.35832083958021e-05,6.367056746435989,
2025-09-15 04:27:28,ADAM_lr0.0003,ADAM,2,openwebtext-3%,111,val_eval,7.601992130279541,3.35832083958021e-05,6.367056746435989,
2025-09-15 04:27:35,ADAM_lr0.0003,ADAM,2,openwebtext-3%,111,train_iter,7.62029767036438,3.35832083958021e-05,6.413199160342177,19720.224857330322
2025-09-15 04:27:47,ADAM_lr0.0003,ADAM,2,openwebtext-3%,112,train_eval,7.580111503601074,3.3883058470764614e-05,6.413199160342177,
2025-09-15 04:27:47,ADAM_lr0.0003,ADAM,2,openwebtext-3%,112,val_eval,7.601065635681152,3.3883058470764614e-05,6.413199160342177,
2025-09-15 04:27:54,ADAM_lr0.0003,ADAM,2,openwebtext-3%,112,train_iter,7.566155791282654,3.3883058470764614e-05,6.4552120120331065,19706.23755455017
2025-09-15 04:28:07,ADAM_lr0.0003,ADAM,2,openwebtext-3%,113,train_eval,7.562441825866699,3.418290854572713e-05,6.4552120120331065,
2025-09-15 04:28:07,ADAM_lr0.0003,ADAM,2,openwebtext-3%,113,val_eval,7.5711164474487305,3.418290854572713e-05,6.4552120120331065,
2025-09-15 04:28:14,ADAM_lr0.0003,ADAM,2,openwebtext-3%,113,train_iter,7.508248686790466,3.418290854572713e-05,6.492457029460335,19722.58949279785
2025-09-15 04:28:27,ADAM_lr0.0003,ADAM,2,openwebtext-3%,114,train_eval,7.543834686279297,3.448275862068965e-05,6.492457029460335,
2025-09-15 04:28:27,ADAM_lr0.0003,ADAM,2,openwebtext-3%,114,val_eval,7.558770179748535,3.448275862068965e-05,6.492457029460335,
2025-09-15 04:28:34,ADAM_lr0.0003,ADAM,2,openwebtext-3%,114,train_iter,7.4843209981918335,3.448275862068965e-05,6.527692120278261,19673.1858253479
2025-09-15 04:28:46,ADAM_lr0.0003,ADAM,2,openwebtext-3%,115,train_eval,7.517165660858154,3.478260869565217e-05,6.527692120278261,
2025-09-15 04:28:46,ADAM_lr0.0003,ADAM,2,openwebtext-3%,115,val_eval,7.532684326171875,3.478260869565217e-05,6.527692120278261,
2025-09-15 04:28:53,ADAM_lr0.0003,ADAM,2,openwebtext-3%,115,train_iter,7.783294916152954,3.478260869565217e-05,6.557894069741306,19716.671228408813
2025-09-15 04:29:06,ADAM_lr0.0003,ADAM,2,openwebtext-3%,116,train_eval,7.515468120574951,3.508245877061469e-05,6.557894069741306,
2025-09-15 04:29:06,ADAM_lr0.0003,ADAM,2,openwebtext-3%,116,val_eval,7.510486602783203,3.508245877061469e-05,6.557894069741306,
2025-09-15 04:29:13,ADAM_lr0.0003,ADAM,2,openwebtext-3%,116,train_iter,7.513222098350525,3.508245877061469e-05,6.586016448124571,19689.55373764038
2025-09-15 04:29:26,ADAM_lr0.0003,ADAM,2,openwebtext-3%,117,train_eval,7.491309642791748,3.5382308845577206e-05,6.586016448124571,
2025-09-15 04:29:26,ADAM_lr0.0003,ADAM,2,openwebtext-3%,117,val_eval,7.4854912757873535,3.5382308845577206e-05,6.586016448124571,
2025-09-15 04:29:33,ADAM_lr0.0003,ADAM,2,openwebtext-3%,117,train_iter,7.457420229911804,3.5382308845577206e-05,6.611565209643403,19682.68632888794
2025-09-15 04:29:45,ADAM_lr0.0003,ADAM,2,openwebtext-3%,118,train_eval,7.468303680419922,3.568215892053973e-05,6.611565209643403,
2025-09-15 04:29:45,ADAM_lr0.0003,ADAM,2,openwebtext-3%,118,val_eval,7.472919940948486,3.568215892053973e-05,6.611565209643403,
2025-09-15 04:29:52,ADAM_lr0.0003,ADAM,2,openwebtext-3%,118,train_iter,7.3561155796051025,3.568215892053973e-05,6.634316548670434,19689.666748046875
2025-09-15 04:30:05,ADAM_lr0.0003,ADAM,2,openwebtext-3%,119,train_eval,7.447137355804443,3.598200899550225e-05,6.634316548670434,
2025-09-15 04:30:05,ADAM_lr0.0003,ADAM,2,openwebtext-3%,119,val_eval,7.454034328460693,3.598200899550225e-05,6.634316548670434,
2025-09-15 04:30:13,ADAM_lr0.0003,ADAM,2,openwebtext-3%,119,train_iter,7.342931628227234,3.598200899550225e-05,6.642388454804571,20053.382635116577
2025-09-15 04:30:25,ADAM_lr0.0003,ADAM,2,openwebtext-3%,120,train_eval,7.429816246032715,3.628185907046477e-05,6.642388454804571,
2025-09-15 04:30:25,ADAM_lr0.0003,ADAM,2,openwebtext-3%,120,val_eval,7.41879940032959,3.628185907046477e-05,6.642388454804571,
2025-09-15 04:30:33,ADAM_lr0.0003,ADAM,2,openwebtext-3%,120,train_iter,7.230761647224426,3.628185907046477e-05,6.650848144214362,20017.760038375854
2025-09-15 04:30:45,ADAM_lr0.0003,ADAM,2,openwebtext-3%,121,train_eval,7.417140007019043,3.658170914542728e-05,6.650848144214362,
2025-09-15 04:30:45,ADAM_lr0.0003,ADAM,2,openwebtext-3%,121,val_eval,7.417791366577148,3.658170914542728e-05,6.650848144214362,
2025-09-15 04:30:53,ADAM_lr0.0003,ADAM,2,openwebtext-3%,121,train_iter,7.4834126234054565,3.658170914542728e-05,6.657458528803242,20047.661304473877
2025-09-15 04:31:05,ADAM_lr0.0003,ADAM,2,openwebtext-3%,122,train_eval,7.37811279296875,3.68815592203898e-05,6.657458528803242,
2025-09-15 04:31:05,ADAM_lr0.0003,ADAM,2,openwebtext-3%,122,val_eval,7.403607368469238,3.68815592203898e-05,6.657458528803242,
2025-09-15 04:31:13,ADAM_lr0.0003,ADAM,2,openwebtext-3%,122,train_iter,7.20603883266449,3.68815592203898e-05,6.668276413465637,19903.398752212524
2025-09-15 04:31:25,ADAM_lr0.0003,ADAM,2,openwebtext-3%,123,train_eval,7.376349925994873,3.718140929535232e-05,6.668276413465637,
2025-09-15 04:31:25,ADAM_lr0.0003,ADAM,2,openwebtext-3%,123,val_eval,7.399562835693359,3.718140929535232e-05,6.668276413465637,
2025-09-15 04:31:33,ADAM_lr0.0003,ADAM,2,openwebtext-3%,123,train_iter,7.382475733757019,3.718140929535232e-05,6.672726767387108,20060.121059417725
2025-09-15 04:31:45,ADAM_lr0.0003,ADAM,2,openwebtext-3%,124,train_eval,7.370419979095459,3.748125937031484e-05,6.672726767387108,
2025-09-15 04:31:45,ADAM_lr0.0003,ADAM,2,openwebtext-3%,124,val_eval,7.357701301574707,3.748125937031484e-05,6.672726767387108,
2025-09-15 04:31:53,ADAM_lr0.0003,ADAM,2,openwebtext-3%,124,train_iter,7.223309874534607,3.748125937031484e-05,6.674332634846822,20132.082223892212
2025-09-15 04:32:05,ADAM_lr0.0003,ADAM,2,openwebtext-3%,125,train_eval,7.336429595947266,3.7781109445277354e-05,6.674332634846822,
2025-09-15 04:32:05,ADAM_lr0.0003,ADAM,2,openwebtext-3%,125,val_eval,7.347102165222168,3.7781109445277354e-05,6.674332634846822,
2025-09-15 04:32:13,ADAM_lr0.0003,ADAM,2,openwebtext-3%,125,train_iter,7.559259533882141,3.7781109445277354e-05,6.673268812660882,20207.88621902466
2025-09-15 04:32:26,ADAM_lr0.0003,ADAM,2,openwebtext-3%,126,train_eval,7.316715717315674,3.8080959520239875e-05,6.673268812660882,
2025-09-15 04:32:26,ADAM_lr0.0003,ADAM,2,openwebtext-3%,126,val_eval,7.328674793243408,3.8080959520239875e-05,6.673268812660882,
2025-09-15 04:32:34,ADAM_lr0.0003,ADAM,2,openwebtext-3%,126,train_iter,7.28676438331604,3.8080959520239875e-05,6.655001567428334,20746.811389923096
2025-09-15 04:32:46,ADAM_lr0.0003,ADAM,2,openwebtext-3%,127,train_eval,7.3117756843566895,3.8380809595202396e-05,6.655001567428334,
2025-09-15 04:32:46,ADAM_lr0.0003,ADAM,2,openwebtext-3%,127,val_eval,7.314696788787842,3.8380809595202396e-05,6.655001567428334,
2025-09-15 04:32:54,ADAM_lr0.0003,ADAM,2,openwebtext-3%,127,train_iter,7.126189470291138,3.8380809595202396e-05,6.64436128154893,20563.05241584778
2025-09-15 04:33:07,ADAM_lr0.0003,ADAM,2,openwebtext-3%,128,train_eval,7.282174110412598,3.868065967016492e-05,6.64436128154893,
2025-09-15 04:33:07,ADAM_lr0.0003,ADAM,2,openwebtext-3%,128,val_eval,7.296514987945557,3.868065967016492e-05,6.64436128154893,
2025-09-15 04:33:14,ADAM_lr0.0003,ADAM,2,openwebtext-3%,128,train_iter,7.374144792556763,3.868065967016492e-05,6.663885785998855,19688.14754486084
2025-09-15 04:33:27,ADAM_lr0.0003,ADAM,2,openwebtext-3%,129,train_eval,7.267373561859131,3.898050974512744e-05,6.663885785998855,
2025-09-15 04:33:27,ADAM_lr0.0003,ADAM,2,openwebtext-3%,129,val_eval,7.270666599273682,3.898050974512744e-05,6.663885785998855,
2025-09-15 04:33:34,ADAM_lr0.0003,ADAM,2,openwebtext-3%,129,train_iter,7.277026176452637,3.898050974512744e-05,6.673597115305132,19917.05322265625
2025-09-15 04:33:47,ADAM_lr0.0003,ADAM,2,openwebtext-3%,130,train_eval,7.263700008392334,3.928035982008995e-05,6.673597115305132,
2025-09-15 04:33:47,ADAM_lr0.0003,ADAM,2,openwebtext-3%,130,val_eval,7.270409107208252,3.928035982008995e-05,6.673597115305132,
2025-09-15 04:33:54,ADAM_lr0.0003,ADAM,2,openwebtext-3%,130,train_iter,7.066327333450317,3.928035982008995e-05,6.670638936719941,20267.740488052368
2025-09-15 04:34:07,ADAM_lr0.0003,ADAM,2,openwebtext-3%,131,train_eval,7.238492965698242,3.958020989505247e-05,6.670638936719941,
2025-09-15 04:34:07,ADAM_lr0.0003,ADAM,2,openwebtext-3%,131,val_eval,7.249056816101074,3.958020989505247e-05,6.670638936719941,
2025-09-15 04:34:15,ADAM_lr0.0003,ADAM,2,openwebtext-3%,131,train_iter,7.225281596183777,3.958020989505247e-05,6.66008661942943,20511.31820678711
2025-09-15 04:34:27,ADAM_lr0.0003,ADAM,2,openwebtext-3%,132,train_eval,7.214189052581787,3.988005997001499e-05,6.66008661942943,
2025-09-15 04:34:27,ADAM_lr0.0003,ADAM,2,openwebtext-3%,132,val_eval,7.239488124847412,3.988005997001499e-05,6.66008661942943,
2025-09-15 04:34:35,ADAM_lr0.0003,ADAM,2,openwebtext-3%,132,train_iter,7.314171195030212,3.988005997001499e-05,6.668365353566447,19970.591068267822
2025-09-15 04:34:47,ADAM_lr0.0003,ADAM,2,openwebtext-3%,133,train_eval,7.206475734710693,4.017991004497751e-05,6.668365353566447,
2025-09-15 04:34:47,ADAM_lr0.0003,ADAM,2,openwebtext-3%,133,val_eval,7.201562404632568,4.017991004497751e-05,6.668365353566447,
2025-09-15 04:34:55,ADAM_lr0.0003,ADAM,2,openwebtext-3%,133,train_iter,7.274641990661621,4.017991004497751e-05,6.673592419007685,20036.67187690735
2025-09-15 04:35:07,ADAM_lr0.0003,ADAM,2,openwebtext-3%,134,train_eval,7.196918964385986,4.0479760119940023e-05,6.673592419007685,
2025-09-15 04:35:07,ADAM_lr0.0003,ADAM,2,openwebtext-3%,134,val_eval,7.197957992553711,4.0479760119940023e-05,6.673592419007685,
2025-09-15 04:35:14,ADAM_lr0.0003,ADAM,2,openwebtext-3%,134,train_iter,7.18209445476532,4.0479760119940023e-05,6.687760145486113,19758.45193862915
2025-09-15 04:35:27,ADAM_lr0.0003,ADAM,2,openwebtext-3%,135,train_eval,7.182787895202637,4.0779610194902544e-05,6.687760145486113,
2025-09-15 04:35:27,ADAM_lr0.0003,ADAM,2,openwebtext-3%,135,val_eval,7.188173294067383,4.0779610194902544e-05,6.687760145486113,
2025-09-15 04:35:35,ADAM_lr0.0003,ADAM,2,openwebtext-3%,135,train_iter,7.368590235710144,4.0779610194902544e-05,6.683729902916323,20257.24482536316
2025-09-15 04:35:47,ADAM_lr0.0003,ADAM,2,openwebtext-3%,136,train_eval,7.166697978973389,4.1079460269865066e-05,6.683729902916323,
2025-09-15 04:35:47,ADAM_lr0.0003,ADAM,2,openwebtext-3%,136,val_eval,7.1782965660095215,4.1079460269865066e-05,6.683729902916323,
2025-09-15 04:35:55,ADAM_lr0.0003,ADAM,2,openwebtext-3%,136,train_iter,7.181548476219177,4.1079460269865066e-05,6.688676892930238,19999.284505844116
2025-09-15 04:36:07,ADAM_lr0.0003,ADAM,2,openwebtext-3%,137,train_eval,7.149207592010498,4.1379310344827587e-05,6.688676892930238,
2025-09-15 04:36:07,ADAM_lr0.0003,ADAM,2,openwebtext-3%,137,val_eval,7.1803178787231445,4.1379310344827587e-05,6.688676892930238,
2025-09-15 04:36:14,ADAM_lr0.0003,ADAM,2,openwebtext-3%,137,train_iter,7.1992093324661255,4.1379310344827587e-05,6.699324674570222,19816.940784454346
2025-09-15 04:36:27,ADAM_lr0.0003,ADAM,2,openwebtext-3%,138,train_eval,7.142271041870117,4.16791604197901e-05,6.699324674570222,
2025-09-15 04:36:27,ADAM_lr0.0003,ADAM,2,openwebtext-3%,138,val_eval,7.143160820007324,4.16791604197901e-05,6.699324674570222,
2025-09-15 04:36:34,ADAM_lr0.0003,ADAM,2,openwebtext-3%,138,train_iter,7.065374255180359,4.16791604197901e-05,6.7057344587427625,19909.916639328003
2025-09-15 04:36:47,ADAM_lr0.0003,ADAM,2,openwebtext-3%,139,train_eval,7.131306171417236,4.197901049475262e-05,6.7057344587427625,
2025-09-15 04:36:47,ADAM_lr0.0003,ADAM,2,openwebtext-3%,139,val_eval,7.131444931030273,4.197901049475262e-05,6.7057344587427625,
2025-09-15 04:36:54,ADAM_lr0.0003,ADAM,2,openwebtext-3%,139,train_iter,7.254583239555359,4.197901049475262e-05,6.707161675494665,20038.548469543457
2025-09-15 04:37:07,ADAM_lr0.0003,ADAM,2,openwebtext-3%,140,train_eval,7.091140270233154,4.227886056971514e-05,6.707161675494665,
2025-09-15 04:37:07,ADAM_lr0.0003,ADAM,2,openwebtext-3%,140,val_eval,7.128215789794922,4.227886056971514e-05,6.707161675494665,
2025-09-15 04:37:14,ADAM_lr0.0003,ADAM,2,openwebtext-3%,140,train_iter,6.899885535240173,4.227886056971514e-05,6.719749911419394,19707.05556869507
2025-09-15 04:37:27,ADAM_lr0.0003,ADAM,2,openwebtext-3%,141,train_eval,7.100067138671875,4.257871064467766e-05,6.719749911419394,
2025-09-15 04:37:27,ADAM_lr0.0003,ADAM,2,openwebtext-3%,141,val_eval,7.117794990539551,4.257871064467766e-05,6.719749911419394,
2025-09-15 04:37:34,ADAM_lr0.0003,ADAM,2,openwebtext-3%,141,train_iter,6.887618899345398,4.257871064467766e-05,6.714113606763814,20208.818912506104
2025-09-15 04:37:47,ADAM_lr0.0003,ADAM,2,openwebtext-3%,142,train_eval,7.056542873382568,4.287856071964017e-05,6.714113606763814,
2025-09-15 04:37:47,ADAM_lr0.0003,ADAM,2,openwebtext-3%,142,val_eval,7.080338001251221,4.287856071964017e-05,6.714113606763814,
2025-09-15 04:37:54,ADAM_lr0.0003,ADAM,2,openwebtext-3%,142,train_iter,6.912103295326233,4.287856071964017e-05,6.726667434148996,19688.016414642334
2025-09-15 04:38:07,ADAM_lr0.0003,ADAM,2,openwebtext-3%,143,train_eval,7.070242881774902,4.317841079460269e-05,6.726667434148996,
2025-09-15 04:38:07,ADAM_lr0.0003,ADAM,2,openwebtext-3%,143,val_eval,7.071906089782715,4.317841079460269e-05,6.726667434148996,
2025-09-15 04:38:14,ADAM_lr0.0003,ADAM,2,openwebtext-3%,143,train_iter,6.977090239524841,4.317841079460269e-05,6.736043399005425,19743.511199951172
2025-09-15 04:38:26,ADAM_lr0.0003,ADAM,2,openwebtext-3%,144,train_eval,7.0457634925842285,4.3478260869565214e-05,6.736043399005425,
2025-09-15 04:38:26,ADAM_lr0.0003,ADAM,2,openwebtext-3%,144,val_eval,7.068320274353027,4.3478260869565214e-05,6.736043399005425,
2025-09-15 04:38:33,ADAM_lr0.0003,ADAM,2,openwebtext-3%,144,train_iter,6.964579820632935,4.3478260869565214e-05,6.744609436012036,19739.816188812256
2025-09-15 04:38:46,ADAM_lr0.0003,ADAM,2,openwebtext-3%,145,train_eval,7.022022724151611,4.3778110944527735e-05,6.744609436012036,
2025-09-15 04:38:46,ADAM_lr0.0003,ADAM,2,openwebtext-3%,145,val_eval,7.048972129821777,4.3778110944527735e-05,6.744609436012036,
2025-09-15 04:38:53,ADAM_lr0.0003,ADAM,2,openwebtext-3%,145,train_iter,7.01704740524292,4.3778110944527735e-05,6.752850495114976,19724.44462776184
2025-09-15 04:39:06,ADAM_lr0.0003,ADAM,2,openwebtext-3%,146,train_eval,7.013134956359863,4.407796101949025e-05,6.752850495114976,
2025-09-15 04:39:06,ADAM_lr0.0003,ADAM,2,openwebtext-3%,146,val_eval,7.042313098907471,4.407796101949025e-05,6.752850495114976,
2025-09-15 04:39:13,ADAM_lr0.0003,ADAM,2,openwebtext-3%,146,train_iter,7.0292359590530396,4.407796101949025e-05,6.753799453787093,19913.103580474854
2025-09-15 04:39:26,ADAM_lr0.0003,ADAM,2,openwebtext-3%,147,train_eval,7.01899528503418,4.437781109445277e-05,6.753799453787093,
2025-09-15 04:39:26,ADAM_lr0.0003,ADAM,2,openwebtext-3%,147,val_eval,7.04029655456543,4.437781109445277e-05,6.753799453787093,
2025-09-15 04:39:33,ADAM_lr0.0003,ADAM,2,openwebtext-3%,147,train_iter,7.0030564069747925,4.437781109445277e-05,6.759186192570859,19780.518293380737
2025-09-15 04:39:46,ADAM_lr0.0003,ADAM,2,openwebtext-3%,148,train_eval,6.988450527191162,4.467766116941529e-05,6.759186192570859,
2025-09-15 04:39:46,ADAM_lr0.0003,ADAM,2,openwebtext-3%,148,val_eval,7.0118303298950195,4.467766116941529e-05,6.759186192570859,
2025-09-15 04:39:53,ADAM_lr0.0003,ADAM,2,openwebtext-3%,148,train_iter,7.118322253227234,4.467766116941529e-05,6.7663107908363465,19714.59126472473
2025-09-15 04:40:05,ADAM_lr0.0003,ADAM,2,openwebtext-3%,149,train_eval,6.976222515106201,4.497751124437781e-05,6.7663107908363465,
2025-09-15 04:40:05,ADAM_lr0.0003,ADAM,2,openwebtext-3%,149,val_eval,7.003899097442627,4.497751124437781e-05,6.7663107908363465,
2025-09-15 04:40:13,ADAM_lr0.0003,ADAM,2,openwebtext-3%,149,train_iter,7.04842746257782,4.497751124437781e-05,6.765367347376613,19929.205656051636
2025-09-15 04:40:25,ADAM_lr0.0003,ADAM,2,openwebtext-3%,150,train_eval,6.969921112060547,4.527736131934032e-05,6.765367347376613,
2025-09-15 04:40:25,ADAM_lr0.0003,ADAM,2,openwebtext-3%,150,val_eval,6.989582538604736,4.527736131934032e-05,6.765367347376613,
2025-09-15 04:40:32,ADAM_lr0.0003,ADAM,2,openwebtext-3%,150,train_iter,7.110962271690369,4.527736131934032e-05,6.771166194374471,19735.036849975586
2025-09-15 04:40:45,ADAM_lr0.0003,ADAM,2,openwebtext-3%,151,train_eval,6.957965850830078,4.557721139430284e-05,6.771166194374471,
2025-09-15 04:40:45,ADAM_lr0.0003,ADAM,2,openwebtext-3%,151,val_eval,6.973659515380859,4.557721139430284e-05,6.771166194374471,
2025-09-15 04:40:52,ADAM_lr0.0003,ADAM,2,openwebtext-3%,151,train_iter,6.9340163469314575,4.557721139430284e-05,6.766816812388788,20015.715837478638
2025-09-15 04:41:05,ADAM_lr0.0003,ADAM,2,openwebtext-3%,152,train_eval,6.936495780944824,4.587706146926536e-05,6.766816812388788,
2025-09-15 04:41:05,ADAM_lr0.0003,ADAM,2,openwebtext-3%,152,val_eval,6.966778755187988,4.587706146926536e-05,6.766816812388788,
2025-09-15 04:41:12,ADAM_lr0.0003,ADAM,2,openwebtext-3%,152,train_iter,7.095145583152771,4.587706146926536e-05,6.774251909715821,19683.653831481934
2025-09-15 04:41:25,ADAM_lr0.0003,ADAM,2,openwebtext-3%,153,train_eval,6.95120906829834,4.617691154422788e-05,6.774251909715821,
2025-09-15 04:41:25,ADAM_lr0.0003,ADAM,2,openwebtext-3%,153,val_eval,6.946416854858398,4.617691154422788e-05,6.774251909715821,
2025-09-15 04:41:32,ADAM_lr0.0003,ADAM,2,openwebtext-3%,153,train_iter,6.7891305685043335,4.617691154422788e-05,6.7621811881482685,20238.712549209595
2025-09-15 04:41:45,ADAM_lr0.0003,ADAM,2,openwebtext-3%,154,train_eval,6.919191360473633,4.64767616191904e-05,6.7621811881482685,
2025-09-15 04:41:45,ADAM_lr0.0003,ADAM,2,openwebtext-3%,154,val_eval,6.953713417053223,4.64767616191904e-05,6.7621811881482685,
2025-09-15 04:41:52,ADAM_lr0.0003,ADAM,2,openwebtext-3%,154,train_iter,6.916813254356384,4.64767616191904e-05,6.769300284945441,19706.109285354614
2025-09-15 04:42:05,ADAM_lr0.0003,ADAM,2,openwebtext-3%,155,train_eval,6.923828125,4.677661169415292e-05,6.769300284945441,
2025-09-15 04:42:05,ADAM_lr0.0003,ADAM,2,openwebtext-3%,155,val_eval,6.928163051605225,4.677661169415292e-05,6.769300284945441,
2025-09-15 04:42:12,ADAM_lr0.0003,ADAM,2,openwebtext-3%,155,train_iter,6.914579272270203,4.677661169415292e-05,6.77599907547973,19697.70359992981
2025-09-15 04:42:24,ADAM_lr0.0003,ADAM,2,openwebtext-3%,156,train_eval,6.904749870300293,4.707646176911544e-05,6.77599907547973,
2025-09-15 04:42:24,ADAM_lr0.0003,ADAM,2,openwebtext-3%,156,val_eval,6.92283821105957,4.707646176911544e-05,6.77599907547973,
2025-09-15 04:42:31,ADAM_lr0.0003,ADAM,2,openwebtext-3%,156,train_iter,6.812068223953247,4.707646176911544e-05,6.7819196487814075,19700.825691223145
2025-09-15 04:42:44,ADAM_lr0.0003,ADAM,2,openwebtext-3%,157,train_eval,6.902773857116699,4.737631184407796e-05,6.7819196487814075,
2025-09-15 04:42:44,ADAM_lr0.0003,ADAM,2,openwebtext-3%,157,val_eval,6.902193069458008,4.737631184407796e-05,6.7819196487814075,
2025-09-15 04:42:53,ADAM_lr0.0003,ADAM,2,openwebtext-3%,157,train_iter,6.794670224189758,4.737631184407796e-05,6.718166955685574,21915.783166885376
2025-09-15 04:43:06,ADAM_lr0.0003,ADAM,2,openwebtext-3%,158,train_eval,6.880606651306152,4.7676161919040474e-05,6.718166955685574,
2025-09-15 04:43:06,ADAM_lr0.0003,ADAM,2,openwebtext-3%,158,val_eval,6.888903617858887,4.7676161919040474e-05,6.718166955685574,
2025-09-15 04:43:16,ADAM_lr0.0003,ADAM,2,openwebtext-3%,158,train_iter,6.8136245012283325,4.7676161919040474e-05,6.648092801861767,22378.204822540283
2025-09-15 04:43:28,ADAM_lr0.0003,ADAM,2,openwebtext-3%,159,train_eval,6.8739447593688965,4.7976011994002995e-05,6.648092801861767,
2025-09-15 04:43:28,ADAM_lr0.0003,ADAM,2,openwebtext-3%,159,val_eval,6.893789768218994,4.7976011994002995e-05,6.648092801861767,
2025-09-15 04:43:37,ADAM_lr0.0003,ADAM,2,openwebtext-3%,159,train_iter,7.041378021240234,4.7976011994002995e-05,6.6089204275715,21523.535013198853
2025-09-15 04:43:50,ADAM_lr0.0003,ADAM,2,openwebtext-3%,160,train_eval,6.859851837158203,4.827586206896551e-05,6.6089204275715,
2025-09-15 04:43:50,ADAM_lr0.0003,ADAM,2,openwebtext-3%,160,val_eval,6.879763126373291,4.827586206896551e-05,6.6089204275715,
2025-09-15 04:43:58,ADAM_lr0.0003,ADAM,2,openwebtext-3%,160,train_iter,7.294593453407288,4.827586206896551e-05,6.583778146014856,21181.16068840027
2025-09-15 04:44:11,ADAM_lr0.0003,ADAM,2,openwebtext-3%,161,train_eval,6.8590803146362305,4.857571214392803e-05,6.583778146014856,
2025-09-15 04:44:11,ADAM_lr0.0003,ADAM,2,openwebtext-3%,161,val_eval,6.874394416809082,4.857571214392803e-05,6.583778146014856,
2025-09-15 04:44:20,ADAM_lr0.0003,ADAM,2,openwebtext-3%,161,train_iter,6.753656268119812,4.857571214392803e-05,6.561207675828889,21179.242372512817
2025-09-15 04:44:32,ADAM_lr0.0003,ADAM,2,openwebtext-3%,162,train_eval,6.841641426086426,4.887556221889055e-05,6.561207675828889,
2025-09-15 04:44:32,ADAM_lr0.0003,ADAM,2,openwebtext-3%,162,val_eval,6.846412181854248,4.887556221889055e-05,6.561207675828889,
2025-09-15 04:44:41,ADAM_lr0.0003,ADAM,2,openwebtext-3%,162,train_iter,7.2394102811813354,4.887556221889055e-05,6.539537805235581,21224.523305892944
2025-09-15 04:44:53,ADAM_lr0.0003,ADAM,2,openwebtext-3%,163,train_eval,6.833953380584717,4.9175412293853066e-05,6.539537805235581,
2025-09-15 04:44:53,ADAM_lr0.0003,ADAM,2,openwebtext-3%,163,val_eval,6.863386154174805,4.9175412293853066e-05,6.539537805235581,
2025-09-15 04:45:02,ADAM_lr0.0003,ADAM,2,openwebtext-3%,163,train_iter,6.813047528266907,4.9175412293853066e-05,6.512564925704988,21477.397203445435
2025-09-15 04:45:15,ADAM_lr0.0003,ADAM,2,openwebtext-3%,164,train_eval,6.829596519470215,4.947526236881559e-05,6.512564925704988,
2025-09-15 04:45:15,ADAM_lr0.0003,ADAM,2,openwebtext-3%,164,val_eval,6.829566478729248,4.947526236881559e-05,6.512564925704988,
2025-09-15 04:45:24,ADAM_lr0.0003,ADAM,2,openwebtext-3%,164,train_iter,6.802828907966614,4.947526236881559e-05,6.488640122239572,21465.38758277893
2025-09-15 04:45:36,ADAM_lr0.0003,ADAM,2,openwebtext-3%,165,train_eval,6.8292555809021,4.977511244377811e-05,6.488640122239572,
2025-09-15 04:45:36,ADAM_lr0.0003,ADAM,2,openwebtext-3%,165,val_eval,6.833162307739258,4.977511244377811e-05,6.488640122239572,
2025-09-15 04:45:45,ADAM_lr0.0003,ADAM,2,openwebtext-3%,165,train_iter,6.875615119934082,4.977511244377811e-05,6.478017102496751,21098.484754562378
2025-09-15 04:45:57,ADAM_lr0.0003,ADAM,2,openwebtext-3%,166,train_eval,6.7907915115356445,5.007496251874063e-05,6.478017102496751,
2025-09-15 04:45:57,ADAM_lr0.0003,ADAM,2,openwebtext-3%,166,val_eval,6.823713302612305,5.007496251874063e-05,6.478017102496751,
2025-09-15 04:46:06,ADAM_lr0.0003,ADAM,2,openwebtext-3%,166,train_iter,6.634157299995422,5.007496251874063e-05,6.464751516929409,21221.672534942627
2025-09-15 04:46:19,ADAM_lr0.0003,ADAM,2,openwebtext-3%,167,train_eval,6.806413650512695,5.0374812593703144e-05,6.464751516929409,
2025-09-15 04:46:19,ADAM_lr0.0003,ADAM,2,openwebtext-3%,167,val_eval,6.82624626159668,5.0374812593703144e-05,6.464751516929409,
2025-09-15 04:46:26,ADAM_lr0.0003,ADAM,2,openwebtext-3%,167,train_iter,6.823232173919678,5.0374812593703144e-05,6.5001099709111525,19749.566078186035
2025-09-15 04:46:38,ADAM_lr0.0003,ADAM,2,openwebtext-3%,168,train_eval,6.792316913604736,5.0674662668665665e-05,6.5001099709111525,
2025-09-15 04:46:38,ADAM_lr0.0003,ADAM,2,openwebtext-3%,168,val_eval,6.813331127166748,5.0674662668665665e-05,6.5001099709111525,
2025-09-15 04:46:45,ADAM_lr0.0003,ADAM,2,openwebtext-3%,168,train_iter,6.67380690574646,5.0674662668665665e-05,6.53257265848002,19731.043338775635
2025-09-15 04:46:58,ADAM_lr0.0003,ADAM,2,openwebtext-3%,169,train_eval,6.784005165100098,5.0974512743628186e-05,6.53257265848002,
2025-09-15 04:46:58,ADAM_lr0.0003,ADAM,2,openwebtext-3%,169,val_eval,6.804060459136963,5.0974512743628186e-05,6.53257265848002,
2025-09-15 04:47:05,ADAM_lr0.0003,ADAM,2,openwebtext-3%,169,train_iter,6.7570531368255615,5.0974512743628186e-05,6.561995519618985,19725.07667541504
2025-09-15 04:47:18,ADAM_lr0.0003,ADAM,2,openwebtext-3%,170,train_eval,6.779195785522461,5.12743628185907e-05,6.561995519618985,
2025-09-15 04:47:18,ADAM_lr0.0003,ADAM,2,openwebtext-3%,170,val_eval,6.782618999481201,5.12743628185907e-05,6.561995519618985,
2025-09-15 04:47:25,ADAM_lr0.0003,ADAM,2,openwebtext-3%,170,train_iter,6.661950349807739,5.12743628185907e-05,6.587389176606216,19756.531715393066
2025-09-15 04:47:38,ADAM_lr0.0003,ADAM,2,openwebtext-3%,171,train_eval,6.765108585357666,5.1574212893553214e-05,6.587389176606216,
2025-09-15 04:47:38,ADAM_lr0.0003,ADAM,2,openwebtext-3%,171,val_eval,6.767357349395752,5.1574212893553214e-05,6.587389176606216,
2025-09-15 04:47:45,ADAM_lr0.0003,ADAM,2,openwebtext-3%,171,train_iter,6.484739184379578,5.1574212893553214e-05,6.611664640667472,19715.423583984375
2025-09-15 04:47:57,ADAM_lr0.0003,ADAM,2,openwebtext-3%,172,train_eval,6.752027988433838,5.1874062968515735e-05,6.611664640667472,
2025-09-15 04:47:57,ADAM_lr0.0003,ADAM,2,openwebtext-3%,172,val_eval,6.7852702140808105,5.1874062968515735e-05,6.611664640667472,
2025-09-15 04:48:05,ADAM_lr0.0003,ADAM,2,openwebtext-3%,172,train_iter,6.791253089904785,5.1874062968515735e-05,6.625262080961523,19956.488132476807
2025-09-15 04:48:17,ADAM_lr0.0003,ADAM,2,openwebtext-3%,173,train_eval,6.763894081115723,5.2173913043478256e-05,6.625262080961523,
2025-09-15 04:48:17,ADAM_lr0.0003,ADAM,2,openwebtext-3%,173,val_eval,6.7493743896484375,5.2173913043478256e-05,6.625262080961523,
2025-09-15 04:48:24,ADAM_lr0.0003,ADAM,2,openwebtext-3%,173,train_iter,6.699898838996887,5.2173913043478256e-05,6.64542685089102,19724.76315498352
2025-09-15 04:48:37,ADAM_lr0.0003,ADAM,2,openwebtext-3%,174,train_eval,6.7469162940979,5.247376311844078e-05,6.64542685089102,
2025-09-15 04:48:37,ADAM_lr0.0003,ADAM,2,openwebtext-3%,174,val_eval,6.739834785461426,5.247376311844078e-05,6.64542685089102,
2025-09-15 04:48:44,ADAM_lr0.0003,ADAM,2,openwebtext-3%,174,train_iter,6.835731267929077,5.247376311844078e-05,6.657308455143644,19907.501935958862
2025-09-15 04:48:57,ADAM_lr0.0003,ADAM,2,openwebtext-3%,175,train_eval,6.737577438354492,5.277361319340329e-05,6.657308455143644,
2025-09-15 04:48:57,ADAM_lr0.0003,ADAM,2,openwebtext-3%,175,val_eval,6.747342586517334,5.277361319340329e-05,6.657308455143644,
2025-09-15 04:49:04,ADAM_lr0.0003,ADAM,2,openwebtext-3%,175,train_iter,6.52167022228241,5.277361319340329e-05,6.674469621169164,19718.956470489502
2025-09-15 04:49:17,ADAM_lr0.0003,ADAM,2,openwebtext-3%,176,train_eval,6.716975688934326,5.307346326836581e-05,6.674469621169164,
2025-09-15 04:49:17,ADAM_lr0.0003,ADAM,2,openwebtext-3%,176,val_eval,6.7428412437438965,5.307346326836581e-05,6.674469621169164,
2025-09-15 04:49:24,ADAM_lr0.0003,ADAM,2,openwebtext-3%,176,train_iter,6.835004687309265,5.307346326836581e-05,6.6906634267531935,19697.359323501587
2025-09-15 04:49:36,ADAM_lr0.0003,ADAM,2,openwebtext-3%,177,train_eval,6.730854511260986,5.3373313343328334e-05,6.6906634267531935,
2025-09-15 04:49:36,ADAM_lr0.0003,ADAM,2,openwebtext-3%,177,val_eval,6.722308158874512,5.3373313343328334e-05,6.6906634267531935,
2025-09-15 04:49:44,ADAM_lr0.0003,ADAM,2,openwebtext-3%,177,train_iter,6.7251259088516235,5.3373313343328334e-05,6.696942083042723,19939.316749572754
2025-09-15 04:49:56,ADAM_lr0.0003,ADAM,2,openwebtext-3%,178,train_eval,6.720776557922363,5.3673163418290855e-05,6.696942083042723,
2025-09-15 04:49:56,ADAM_lr0.0003,ADAM,2,openwebtext-3%,178,val_eval,6.727316379547119,5.3673163418290855e-05,6.696942083042723,
2025-09-15 04:50:03,ADAM_lr0.0003,ADAM,2,openwebtext-3%,178,train_iter,6.727575659751892,5.3673163418290855e-05,6.710570953215372,19706.516981124878
2025-09-15 04:50:16,ADAM_lr0.0003,ADAM,2,openwebtext-3%,179,train_eval,6.70088005065918,5.397301349325337e-05,6.710570953215372,
2025-09-15 04:50:16,ADAM_lr0.0003,ADAM,2,openwebtext-3%,179,val_eval,6.708853244781494,5.397301349325337e-05,6.710570953215372,
2025-09-15 04:50:23,ADAM_lr0.0003,ADAM,2,openwebtext-3%,179,train_iter,6.757895350456238,5.397301349325337e-05,6.722071140527648,19728.62672805786
2025-09-15 04:50:36,ADAM_lr0.0003,ADAM,2,openwebtext-3%,180,train_eval,6.707525253295898,5.427286356821588e-05,6.722071140527648,
2025-09-15 04:50:36,ADAM_lr0.0003,ADAM,2,openwebtext-3%,180,val_eval,6.731177806854248,5.427286356821588e-05,6.722071140527648,
2025-09-15 04:50:43,ADAM_lr0.0003,ADAM,2,openwebtext-3%,180,train_iter,6.7002564668655396,5.427286356821588e-05,6.733204929412448,19706.002950668335
2025-09-15 04:50:55,ADAM_lr0.0003,ADAM,2,openwebtext-3%,181,train_eval,6.690573692321777,5.4572713643178404e-05,6.733204929412448,
2025-09-15 04:50:55,ADAM_lr0.0003,ADAM,2,openwebtext-3%,181,val_eval,6.7082953453063965,5.4572713643178404e-05,6.733204929412448,
2025-09-15 04:51:02,ADAM_lr0.0003,ADAM,2,openwebtext-3%,181,train_iter,6.384034752845764,5.4572713643178404e-05,6.743630368844612,19694.329738616943
2025-09-15 04:51:15,ADAM_lr0.0003,ADAM,2,openwebtext-3%,182,train_eval,6.699990272521973,5.4872563718140925e-05,6.743630368844612,
2025-09-15 04:51:15,ADAM_lr0.0003,ADAM,2,openwebtext-3%,182,val_eval,6.699951171875,5.4872563718140925e-05,6.743630368844612,
2025-09-15 04:51:22,ADAM_lr0.0003,ADAM,2,openwebtext-3%,182,train_iter,6.5656983852386475,5.4872563718140925e-05,6.743483010443331,19972.715377807617
2025-09-15 04:51:35,ADAM_lr0.0003,ADAM,2,openwebtext-3%,183,train_eval,6.688817024230957,5.517241379310344e-05,6.743483010443331,
2025-09-15 04:51:35,ADAM_lr0.0003,ADAM,2,openwebtext-3%,183,val_eval,6.692397594451904,5.517241379310344e-05,6.743483010443331,
2025-09-15 04:51:42,ADAM_lr0.0003,ADAM,2,openwebtext-3%,183,train_iter,6.802539825439453,5.517241379310344e-05,6.752755146402283,19697.94511795044
2025-09-15 04:51:55,ADAM_lr0.0003,ADAM,2,openwebtext-3%,184,train_eval,6.674935340881348,5.547226386806596e-05,6.752755146402283,
2025-09-15 04:51:55,ADAM_lr0.0003,ADAM,2,openwebtext-3%,184,val_eval,6.676185131072998,5.547226386806596e-05,6.752755146402283,
2025-09-15 04:52:02,ADAM_lr0.0003,ADAM,2,openwebtext-3%,184,train_iter,6.871616244316101,5.547226386806596e-05,6.760613304261411,19711.98081970215
2025-09-15 04:52:15,ADAM_lr0.0003,ADAM,2,openwebtext-3%,185,train_eval,6.68132209777832,5.577211394302848e-05,6.760613304261411,
2025-09-15 04:52:15,ADAM_lr0.0003,ADAM,2,openwebtext-3%,185,val_eval,6.678987979888916,5.577211394302848e-05,6.760613304261411,
2025-09-15 04:52:22,ADAM_lr0.0003,ADAM,2,openwebtext-3%,185,train_iter,6.707901954650879,5.577211394302848e-05,6.767245006583133,19724.703788757324
2025-09-15 04:52:34,ADAM_lr0.0003,ADAM,2,openwebtext-3%,186,train_eval,6.665249824523926,5.6071964017991e-05,6.767245006583133,
2025-09-15 04:52:34,ADAM_lr0.0003,ADAM,2,openwebtext-3%,186,val_eval,6.665291786193848,5.6071964017991e-05,6.767245006583133,
2025-09-15 04:52:41,ADAM_lr0.0003,ADAM,2,openwebtext-3%,186,train_iter,6.69897735118866,5.6071964017991e-05,6.77293998985988,19732.61046409607
2025-09-15 04:52:54,ADAM_lr0.0003,ADAM,2,openwebtext-3%,187,train_eval,6.658899307250977,5.637181409295352e-05,6.77293998985988,
2025-09-15 04:52:54,ADAM_lr0.0003,ADAM,2,openwebtext-3%,187,val_eval,6.664063930511475,5.637181409295352e-05,6.77293998985988,
2025-09-15 04:53:01,ADAM_lr0.0003,ADAM,2,openwebtext-3%,187,train_iter,6.414519548416138,5.637181409295352e-05,6.7781147193515645,19731.186628341675
2025-09-15 04:53:14,ADAM_lr0.0003,ADAM,2,openwebtext-3%,188,train_eval,6.642792224884033,5.667166416791604e-05,6.7781147193515645,
2025-09-15 04:53:14,ADAM_lr0.0003,ADAM,2,openwebtext-3%,188,val_eval,6.6533660888671875,5.667166416791604e-05,6.7781147193515645,
2025-09-15 04:53:21,ADAM_lr0.0003,ADAM,2,openwebtext-3%,188,train_iter,6.393380761146545,5.667166416791604e-05,6.783137285104787,19720.630645751953
2025-09-15 04:53:33,ADAM_lr0.0003,ADAM,2,openwebtext-3%,189,train_eval,6.642569065093994,5.697151424287855e-05,6.783137285104787,
2025-09-15 04:53:33,ADAM_lr0.0003,ADAM,2,openwebtext-3%,189,val_eval,6.643474102020264,5.697151424287855e-05,6.783137285104787,
2025-09-15 04:53:41,ADAM_lr0.0003,ADAM,2,openwebtext-3%,189,train_iter,6.622999310493469,5.697151424287855e-05,6.780597962893148,19926.64670944214
2025-09-15 04:53:53,ADAM_lr0.0003,ADAM,2,openwebtext-3%,190,train_eval,6.623075485229492,5.7271364317841074e-05,6.780597962893148,
2025-09-15 04:53:53,ADAM_lr0.0003,ADAM,2,openwebtext-3%,190,val_eval,6.648514270782471,5.7271364317841074e-05,6.780597962893148,
2025-09-15 04:54:00,ADAM_lr0.0003,ADAM,2,openwebtext-3%,190,train_iter,6.697281002998352,5.7271364317841074e-05,6.78559550968376,19714.183568954468
2025-09-15 04:54:13,ADAM_lr0.0003,ADAM,2,openwebtext-3%,191,train_eval,6.613427639007568,5.7571214392803595e-05,6.78559550968376,
2025-09-15 04:54:13,ADAM_lr0.0003,ADAM,2,openwebtext-3%,191,val_eval,6.6345415115356445,5.7571214392803595e-05,6.78559550968376,
2025-09-15 04:54:20,ADAM_lr0.0003,ADAM,2,openwebtext-3%,191,train_iter,6.508078575134277,5.7571214392803595e-05,6.789182121205525,19740.516901016235
2025-09-15 04:54:33,ADAM_lr0.0003,ADAM,2,openwebtext-3%,192,train_eval,6.594649791717529,5.787106446776611e-05,6.789182121205525,
2025-09-15 04:54:33,ADAM_lr0.0003,ADAM,2,openwebtext-3%,192,val_eval,6.625161170959473,5.787106446776611e-05,6.789182121205525,
2025-09-15 04:54:40,ADAM_lr0.0003,ADAM,2,openwebtext-3%,192,train_iter,6.438498497009277,5.787106446776611e-05,6.794235905596831,19687.820434570312
2025-09-15 04:54:53,ADAM_lr0.0003,ADAM,2,openwebtext-3%,193,train_eval,6.607553482055664,5.817091454272863e-05,6.794235905596831,
2025-09-15 04:54:53,ADAM_lr0.0003,ADAM,2,openwebtext-3%,193,val_eval,6.620840549468994,5.817091454272863e-05,6.794235905596831,
2025-09-15 04:55:00,ADAM_lr0.0003,ADAM,2,openwebtext-3%,193,train_iter,6.850102543830872,5.817091454272863e-05,6.789367567504456,19962.661027908325
2025-09-15 04:55:12,ADAM_lr0.0003,ADAM,2,openwebtext-3%,194,train_eval,6.6015729904174805,5.847076461769115e-05,6.789367567504456,
2025-09-15 04:55:12,ADAM_lr0.0003,ADAM,2,openwebtext-3%,194,val_eval,6.611932277679443,5.847076461769115e-05,6.789367567504456,
2025-09-15 04:55:19,ADAM_lr0.0003,ADAM,2,openwebtext-3%,194,train_iter,6.617196798324585,5.847076461769115e-05,6.793245341654007,19721.19402885437
2025-09-15 04:55:32,ADAM_lr0.0003,ADAM,2,openwebtext-3%,195,train_eval,6.5856032371521,5.877061469265367e-05,6.793245341654007,
2025-09-15 04:55:32,ADAM_lr0.0003,ADAM,2,openwebtext-3%,195,val_eval,6.604578971862793,5.877061469265367e-05,6.793245341654007,
2025-09-15 04:55:39,ADAM_lr0.0003,ADAM,2,openwebtext-3%,195,train_iter,6.409791111946106,5.877061469265367e-05,6.788777196278635,19953.753232955933
2025-09-15 04:55:52,ADAM_lr0.0003,ADAM,2,openwebtext-3%,196,train_eval,6.580541610717773,5.9070464767616186e-05,6.788777196278635,
2025-09-15 04:55:52,ADAM_lr0.0003,ADAM,2,openwebtext-3%,196,val_eval,6.599909782409668,5.9070464767616186e-05,6.788777196278635,
2025-09-15 04:55:59,ADAM_lr0.0003,ADAM,2,openwebtext-3%,196,train_iter,6.69110894203186,5.9070464767616186e-05,6.7929073745763,19715.61074256897
2025-09-15 04:56:12,ADAM_lr0.0003,ADAM,2,openwebtext-3%,197,train_eval,6.5778913497924805,5.937031484257871e-05,6.7929073745763,
2025-09-15 04:56:12,ADAM_lr0.0003,ADAM,2,openwebtext-3%,197,val_eval,6.580117225646973,5.937031484257871e-05,6.7929073745763,
2025-09-15 04:56:19,ADAM_lr0.0003,ADAM,2,openwebtext-3%,197,train_iter,6.6559261083602905,5.937031484257871e-05,6.796665876517935,19714.417457580566
2025-09-15 04:56:32,ADAM_lr0.0003,ADAM,2,openwebtext-3%,198,train_eval,6.581085681915283,5.967016491754123e-05,6.796665876517935,
2025-09-15 04:56:32,ADAM_lr0.0003,ADAM,2,openwebtext-3%,198,val_eval,6.571314811706543,5.967016491754123e-05,6.796665876517935,
2025-09-15 04:56:39,ADAM_lr0.0003,ADAM,2,openwebtext-3%,198,train_iter,6.361424922943115,5.967016491754123e-05,6.792052227732443,19947.943449020386
2025-09-15 04:56:52,ADAM_lr0.0003,ADAM,2,openwebtext-3%,199,train_eval,6.569433689117432,5.997001499250374e-05,6.792052227732443,
2025-09-15 04:56:52,ADAM_lr0.0003,ADAM,2,openwebtext-3%,199,val_eval,6.574884414672852,5.997001499250374e-05,6.792052227732443,
2025-09-15 04:56:59,ADAM_lr0.0003,ADAM,2,openwebtext-3%,199,train_iter,6.450614929199219,5.997001499250374e-05,6.794254683966774,19761.910915374756
2025-09-15 04:57:11,ADAM_lr0.0003,ADAM,2,openwebtext-3%,200,train_eval,6.56137228012085,6.026986506746626e-05,6.794254683966774,
2025-09-15 04:57:11,ADAM_lr0.0003,ADAM,2,openwebtext-3%,200,val_eval,6.563851356506348,6.026986506746626e-05,6.794254683966774,
2025-09-15 04:57:41,ADAM_lr0.0003,ADAM,2,openwebtext-3%,200,train_iter,6.501993536949158,6.026986506746626e-05,6.4311827401474035,42566.04337692261
2025-09-15 04:58:03,ADAM_lr0.001,ADAM,2,openwebtext-3%,0,train_eval,10.945842742919922,2.998500749625187e-07,,
2025-09-15 04:58:03,ADAM_lr0.001,ADAM,2,openwebtext-3%,0,val_eval,10.944282531738281,2.998500749625187e-07,,
2025-09-15 04:58:22,ADAM_lr0.001,ADAM,2,openwebtext-3%,0,train_iter,10.945987701416016,2.998500749625187e-07,,34024.22618865967
2025-09-15 04:58:35,ADAM_lr0.001,ADAM,2,openwebtext-3%,1,train_eval,10.928659439086914,5.997001499250374e-07,,
2025-09-15 04:58:35,ADAM_lr0.001,ADAM,2,openwebtext-3%,1,val_eval,10.928654670715332,5.997001499250374e-07,,
2025-09-15 04:58:42,ADAM_lr0.001,ADAM,2,openwebtext-3%,1,train_iter,10.921156406402588,5.997001499250374e-07,,20030.304670333862
2025-09-15 04:58:55,ADAM_lr0.001,ADAM,2,openwebtext-3%,2,train_eval,10.894749641418457,8.995502248875562e-07,,
2025-09-15 04:58:55,ADAM_lr0.001,ADAM,2,openwebtext-3%,2,val_eval,10.892067909240723,8.995502248875562e-07,,
2025-09-15 04:59:03,ADAM_lr0.001,ADAM,2,openwebtext-3%,2,train_iter,10.892473459243774,8.995502248875562e-07,,20668.920755386353
2025-09-15 04:59:16,ADAM_lr0.001,ADAM,2,openwebtext-3%,3,train_eval,10.842096328735352,1.1994002998500749e-06,,
2025-09-15 04:59:16,ADAM_lr0.001,ADAM,2,openwebtext-3%,3,val_eval,10.84187126159668,1.1994002998500749e-06,,
2025-09-15 04:59:24,ADAM_lr0.001,ADAM,2,openwebtext-3%,3,train_iter,10.842293500900269,1.1994002998500749e-06,,20940.290451049805
2025-09-15 04:59:37,ADAM_lr0.001,ADAM,2,openwebtext-3%,4,train_eval,10.77509880065918,1.4992503748125936e-06,,
2025-09-15 04:59:37,ADAM_lr0.001,ADAM,2,openwebtext-3%,4,val_eval,10.775118827819824,1.4992503748125936e-06,,
2025-09-15 04:59:45,ADAM_lr0.001,ADAM,2,openwebtext-3%,4,train_iter,10.752158164978027,1.4992503748125936e-06,,20779.04963493347
2025-09-15 04:59:57,ADAM_lr0.001,ADAM,2,openwebtext-3%,5,train_eval,10.695478439331055,1.7991004497751123e-06,,
2025-09-15 04:59:57,ADAM_lr0.001,ADAM,2,openwebtext-3%,5,val_eval,10.694965362548828,1.7991004497751123e-06,,
2025-09-15 05:00:06,ADAM_lr0.001,ADAM,2,openwebtext-3%,5,train_iter,10.685971975326538,1.7991004497751123e-06,6.413982459787025,20994.62842941284
2025-09-15 05:00:18,ADAM_lr0.001,ADAM,2,openwebtext-3%,6,train_eval,10.608709335327148,2.0989505247376313e-06,6.413982459787025,
2025-09-15 05:00:18,ADAM_lr0.001,ADAM,2,openwebtext-3%,6,val_eval,10.608375549316406,2.0989505247376313e-06,6.413982459787025,
2025-09-15 05:00:27,ADAM_lr0.001,ADAM,2,openwebtext-3%,6,train_iter,10.692886114120483,2.0989505247376313e-06,6.420503931407046,20783.31232070923
2025-09-15 05:00:39,ADAM_lr0.001,ADAM,2,openwebtext-3%,7,train_eval,10.521754264831543,2.3988005997001498e-06,6.420503931407046,
2025-09-15 05:00:39,ADAM_lr0.001,ADAM,2,openwebtext-3%,7,val_eval,10.52161979675293,2.3988005997001498e-06,6.420503931407046,
2025-09-15 05:00:47,ADAM_lr0.001,ADAM,2,openwebtext-3%,7,train_iter,10.54275393486023,2.3988005997001498e-06,6.425320981218968,20817.121028900146
2025-09-15 05:01:00,ADAM_lr0.001,ADAM,2,openwebtext-3%,8,train_eval,10.4368314743042,2.6986506746626683e-06,6.425320981218968,
2025-09-15 05:01:00,ADAM_lr0.001,ADAM,2,openwebtext-3%,8,val_eval,10.432141304016113,2.6986506746626683e-06,6.425320981218968,
2025-09-15 05:01:08,ADAM_lr0.001,ADAM,2,openwebtext-3%,8,train_iter,10.408477783203125,2.6986506746626683e-06,6.431919699522693,20744.53639984131
2025-09-15 05:01:21,ADAM_lr0.001,ADAM,2,openwebtext-3%,9,train_eval,10.347939491271973,2.9985007496251872e-06,6.431919699522693,
2025-09-15 05:01:21,ADAM_lr0.001,ADAM,2,openwebtext-3%,9,val_eval,10.346099853515625,2.9985007496251872e-06,6.431919699522693,
2025-09-15 05:01:29,ADAM_lr0.001,ADAM,2,openwebtext-3%,9,train_iter,10.372997522354126,2.9985007496251872e-06,6.429231452405988,21023.94938468933
2025-09-15 05:01:42,ADAM_lr0.001,ADAM,2,openwebtext-3%,10,train_eval,10.267675399780273,3.2983508245877057e-06,6.429231452405988,
2025-09-15 05:01:42,ADAM_lr0.001,ADAM,2,openwebtext-3%,10,val_eval,10.268982887268066,3.2983508245877057e-06,6.429231452405988,
2025-09-15 05:01:50,ADAM_lr0.001,ADAM,2,openwebtext-3%,10,train_iter,10.271300077438354,3.2983508245877057e-06,6.431467455207729,20872.241973876953
2025-09-15 05:02:03,ADAM_lr0.001,ADAM,2,openwebtext-3%,11,train_eval,10.196554183959961,3.5982008995502247e-06,6.431467455207729,
2025-09-15 05:02:03,ADAM_lr0.001,ADAM,2,openwebtext-3%,11,val_eval,10.190940856933594,3.5982008995502247e-06,6.431467455207729,
2025-09-15 05:02:11,ADAM_lr0.001,ADAM,2,openwebtext-3%,11,train_iter,10.173476934432983,3.5982008995502247e-06,6.432619041960934,20900.12836456299
2025-09-15 05:02:24,ADAM_lr0.001,ADAM,2,openwebtext-3%,12,train_eval,10.122053146362305,3.898050974512743e-06,6.432619041960934,
2025-09-15 05:02:24,ADAM_lr0.001,ADAM,2,openwebtext-3%,12,val_eval,10.124205589294434,3.898050974512743e-06,6.432619041960934,
2025-09-15 05:02:32,ADAM_lr0.001,ADAM,2,openwebtext-3%,12,train_iter,10.180259943008423,3.898050974512743e-06,6.431699100891085,20963.783502578735
2025-09-15 05:02:45,ADAM_lr0.001,ADAM,2,openwebtext-3%,13,train_eval,10.063103675842285,4.1979010494752625e-06,6.431699100891085,
2025-09-15 05:02:45,ADAM_lr0.001,ADAM,2,openwebtext-3%,13,val_eval,10.059327125549316,4.1979010494752625e-06,6.431699100891085,
2025-09-15 05:02:53,ADAM_lr0.001,ADAM,2,openwebtext-3%,13,train_iter,10.064407587051392,4.1979010494752625e-06,6.431441903278744,20945.172786712646
2025-09-15 05:03:06,ADAM_lr0.001,ADAM,2,openwebtext-3%,14,train_eval,9.99866008758545,4.497751124437781e-06,6.431441903278744,
2025-09-15 05:03:06,ADAM_lr0.001,ADAM,2,openwebtext-3%,14,val_eval,10.003931999206543,4.497751124437781e-06,6.431441903278744,
2025-09-15 05:03:14,ADAM_lr0.001,ADAM,2,openwebtext-3%,14,train_iter,9.983410835266113,4.497751124437781e-06,6.435553361028942,20804.635524749756
2025-09-15 05:03:26,ADAM_lr0.001,ADAM,2,openwebtext-3%,15,train_eval,9.94385814666748,4.7976011994002995e-06,6.435553361028942,
2025-09-15 05:03:26,ADAM_lr0.001,ADAM,2,openwebtext-3%,15,val_eval,9.943263053894043,4.7976011994002995e-06,6.435553361028942,
2025-09-15 05:03:34,ADAM_lr0.001,ADAM,2,openwebtext-3%,15,train_iter,9.925752878189087,4.7976011994002995e-06,6.44242122725814,20703.317165374756
2025-09-15 05:03:47,ADAM_lr0.001,ADAM,2,openwebtext-3%,16,train_eval,9.891256332397461,5.097451274362818e-06,6.44242122725814,
2025-09-15 05:03:47,ADAM_lr0.001,ADAM,2,openwebtext-3%,16,val_eval,9.894896507263184,5.097451274362818e-06,6.44242122725814,
2025-09-15 05:03:55,ADAM_lr0.001,ADAM,2,openwebtext-3%,16,train_iter,9.876324534416199,5.097451274362818e-06,6.444645029806935,20830.050468444824
2025-09-15 05:04:08,ADAM_lr0.001,ADAM,2,openwebtext-3%,17,train_eval,9.848114967346191,5.3973013493253366e-06,6.444645029806935,
2025-09-15 05:04:08,ADAM_lr0.001,ADAM,2,openwebtext-3%,17,val_eval,9.840737342834473,5.3973013493253366e-06,6.444645029806935,
2025-09-15 05:04:16,ADAM_lr0.001,ADAM,2,openwebtext-3%,17,train_iter,9.814115762710571,5.3973013493253366e-06,6.450285594250849,20713.448524475098
2025-09-15 05:04:29,ADAM_lr0.001,ADAM,2,openwebtext-3%,18,train_eval,9.805438995361328,5.697151424287855e-06,6.450285594250849,
2025-09-15 05:04:29,ADAM_lr0.001,ADAM,2,openwebtext-3%,18,val_eval,9.795060157775879,5.697151424287855e-06,6.450285594250849,
2025-09-15 05:04:37,ADAM_lr0.001,ADAM,2,openwebtext-3%,18,train_iter,9.828329086303711,5.697151424287855e-06,6.456095911781536,20690.094470977783
2025-09-15 05:04:49,ADAM_lr0.001,ADAM,2,openwebtext-3%,19,train_eval,9.755910873413086,5.9970014992503744e-06,6.456095911781536,
2025-09-15 05:04:49,ADAM_lr0.001,ADAM,2,openwebtext-3%,19,val_eval,9.747767448425293,5.9970014992503744e-06,6.456095911781536,
2025-09-15 05:04:57,ADAM_lr0.001,ADAM,2,openwebtext-3%,19,train_iter,9.758793115615845,5.9970014992503744e-06,6.458142633862709,20791.764974594116
2025-09-15 05:05:10,ADAM_lr0.001,ADAM,2,openwebtext-3%,20,train_eval,9.717469215393066,6.296851574212893e-06,6.458142633862709,
2025-09-15 05:05:10,ADAM_lr0.001,ADAM,2,openwebtext-3%,20,val_eval,9.719501495361328,6.296851574212893e-06,6.458142633862709,
2025-09-15 05:05:18,ADAM_lr0.001,ADAM,2,openwebtext-3%,20,train_iter,9.817396998405457,6.296851574212893e-06,6.460246757624827,20783.354997634888
2025-09-15 05:05:31,ADAM_lr0.001,ADAM,2,openwebtext-3%,21,train_eval,9.685635566711426,6.5967016491754115e-06,6.460246757624827,
2025-09-15 05:05:31,ADAM_lr0.001,ADAM,2,openwebtext-3%,21,val_eval,9.688063621520996,6.5967016491754115e-06,6.460246757624827,
2025-09-15 05:05:39,ADAM_lr0.001,ADAM,2,openwebtext-3%,21,train_iter,9.717656970024109,6.5967016491754115e-06,6.464554672311482,20706.201791763306
2025-09-15 05:05:52,ADAM_lr0.001,ADAM,2,openwebtext-3%,22,train_eval,9.651047706604004,6.89655172413793e-06,6.464554672311482,
2025-09-15 05:05:52,ADAM_lr0.001,ADAM,2,openwebtext-3%,22,val_eval,9.65327262878418,6.89655172413793e-06,6.464554672311482,
2025-09-15 05:06:00,ADAM_lr0.001,ADAM,2,openwebtext-3%,22,train_iter,9.774040579795837,6.89655172413793e-06,6.4677801629054175,20726.970195770264
2025-09-15 05:06:12,ADAM_lr0.001,ADAM,2,openwebtext-3%,23,train_eval,9.625781059265137,7.196401799100449e-06,6.4677801629054175,
2025-09-15 05:06:12,ADAM_lr0.001,ADAM,2,openwebtext-3%,23,val_eval,9.632535934448242,7.196401799100449e-06,6.4677801629054175,
2025-09-15 05:06:21,ADAM_lr0.001,ADAM,2,openwebtext-3%,23,train_iter,9.576990008354187,7.196401799100449e-06,6.4624706090959005,20992.330312728882
2025-09-15 05:06:33,ADAM_lr0.001,ADAM,2,openwebtext-3%,24,train_eval,9.599507331848145,7.496251874062968e-06,6.4624706090959005,
2025-09-15 05:06:33,ADAM_lr0.001,ADAM,2,openwebtext-3%,24,val_eval,9.60415267944336,7.496251874062968e-06,6.4624706090959005,
2025-09-15 05:06:41,ADAM_lr0.001,ADAM,2,openwebtext-3%,24,train_iter,9.544381499290466,7.496251874062968e-06,6.463012662345617,20819.642066955566
2025-09-15 05:06:54,ADAM_lr0.001,ADAM,2,openwebtext-3%,25,train_eval,9.576616287231445,7.796101949025486e-06,6.463012662345617,
2025-09-15 05:06:54,ADAM_lr0.001,ADAM,2,openwebtext-3%,25,val_eval,9.576395034790039,7.796101949025486e-06,6.463012662345617,
2025-09-15 05:07:02,ADAM_lr0.001,ADAM,2,openwebtext-3%,25,train_iter,9.54802691936493,7.796101949025486e-06,6.463665938597036,20814.318418502808
2025-09-15 05:07:15,ADAM_lr0.001,ADAM,2,openwebtext-3%,26,train_eval,9.55900764465332,8.095952023988006e-06,6.463665938597036,
2025-09-15 05:07:15,ADAM_lr0.001,ADAM,2,openwebtext-3%,26,val_eval,9.549042701721191,8.095952023988006e-06,6.463665938597036,
2025-09-15 05:07:23,ADAM_lr0.001,ADAM,2,openwebtext-3%,26,train_iter,9.50856328010559,8.095952023988006e-06,6.466314290268242,20748.239994049072
2025-09-15 05:07:36,ADAM_lr0.001,ADAM,2,openwebtext-3%,27,train_eval,9.533727645874023,8.395802098950525e-06,6.466314290268242,
2025-09-15 05:07:36,ADAM_lr0.001,ADAM,2,openwebtext-3%,27,val_eval,9.525199890136719,8.395802098950525e-06,6.466314290268242,
2025-09-15 05:07:44,ADAM_lr0.001,ADAM,2,openwebtext-3%,27,train_iter,9.642457365989685,8.395802098950525e-06,6.46796878665523,20771.57211303711
2025-09-15 05:07:56,ADAM_lr0.001,ADAM,2,openwebtext-3%,28,train_eval,9.495713233947754,8.695652173913043e-06,6.46796878665523,
2025-09-15 05:07:56,ADAM_lr0.001,ADAM,2,openwebtext-3%,28,val_eval,9.500431060791016,8.695652173913043e-06,6.46796878665523,
2025-09-15 05:08:05,ADAM_lr0.001,ADAM,2,openwebtext-3%,28,train_iter,9.545828104019165,8.695652173913043e-06,6.469481645807999,20770.809173583984
2025-09-15 05:08:17,ADAM_lr0.001,ADAM,2,openwebtext-3%,29,train_eval,9.47632884979248,8.995502248875562e-06,6.469481645807999,
2025-09-15 05:08:17,ADAM_lr0.001,ADAM,2,openwebtext-3%,29,val_eval,9.47408390045166,8.995502248875562e-06,6.469481645807999,
2025-09-15 05:08:25,ADAM_lr0.001,ADAM,2,openwebtext-3%,29,train_iter,9.42710816860199,8.995502248875562e-06,6.469727918709775,20806.60319328308
2025-09-15 05:08:38,ADAM_lr0.001,ADAM,2,openwebtext-3%,30,train_eval,9.452776908874512,9.29535232383808e-06,6.469727918709775,
2025-09-15 05:08:38,ADAM_lr0.001,ADAM,2,openwebtext-3%,30,val_eval,9.461099624633789,9.29535232383808e-06,6.469727918709775,
2025-09-15 05:08:46,ADAM_lr0.001,ADAM,2,openwebtext-3%,30,train_iter,9.425532221794128,9.29535232383808e-06,6.471530950028023,20755.887269973755
2025-09-15 05:08:59,ADAM_lr0.001,ADAM,2,openwebtext-3%,31,train_eval,9.434857368469238,9.595202398800599e-06,6.471530950028023,
2025-09-15 05:08:59,ADAM_lr0.001,ADAM,2,openwebtext-3%,31,val_eval,9.445079803466797,9.595202398800599e-06,6.471530950028023,
2025-09-15 05:09:07,ADAM_lr0.001,ADAM,2,openwebtext-3%,31,train_iter,9.441202282905579,9.595202398800599e-06,6.473592687680076,20741.851806640625
2025-09-15 05:09:19,ADAM_lr0.001,ADAM,2,openwebtext-3%,32,train_eval,9.410507202148438,9.895052473763117e-06,6.473592687680076,
2025-09-15 05:09:19,ADAM_lr0.001,ADAM,2,openwebtext-3%,32,val_eval,9.4133939743042,9.895052473763117e-06,6.473592687680076,
2025-09-15 05:09:28,ADAM_lr0.001,ADAM,2,openwebtext-3%,32,train_iter,9.39517617225647,9.895052473763117e-06,6.472481919921093,20837.058544158936
2025-09-15 05:09:40,ADAM_lr0.001,ADAM,2,openwebtext-3%,33,train_eval,9.395149230957031,1.0194902548725636e-05,6.472481919921093,
2025-09-15 05:09:40,ADAM_lr0.001,ADAM,2,openwebtext-3%,33,val_eval,9.397027969360352,1.0194902548725636e-05,6.472481919921093,
2025-09-15 05:09:49,ADAM_lr0.001,ADAM,2,openwebtext-3%,33,train_iter,9.278697967529297,1.0194902548725636e-05,6.471036712818728,20851.433277130127
2025-09-15 05:10:01,ADAM_lr0.001,ADAM,2,openwebtext-3%,34,train_eval,9.372613906860352,1.0494752623688155e-05,6.471036712818728,
2025-09-15 05:10:01,ADAM_lr0.001,ADAM,2,openwebtext-3%,34,val_eval,9.3728609085083,1.0494752623688155e-05,6.471036712818728,
2025-09-15 05:10:09,ADAM_lr0.001,ADAM,2,openwebtext-3%,34,train_iter,9.413067102432251,1.0494752623688155e-05,6.470994514000165,20810.87875366211
2025-09-15 05:10:22,ADAM_lr0.001,ADAM,2,openwebtext-3%,35,train_eval,9.35353946685791,1.0794602698650673e-05,6.470994514000165,
2025-09-15 05:10:22,ADAM_lr0.001,ADAM,2,openwebtext-3%,35,val_eval,9.346704483032227,1.0794602698650673e-05,6.470994514000165,
2025-09-15 05:10:30,ADAM_lr0.001,ADAM,2,openwebtext-3%,35,train_iter,9.340144991874695,1.0794602698650673e-05,6.473032168297676,20744.335412979126
2025-09-15 05:10:43,ADAM_lr0.001,ADAM,2,openwebtext-3%,36,train_eval,9.327600479125977,1.1094452773613192e-05,6.473032168297676,
2025-09-15 05:10:43,ADAM_lr0.001,ADAM,2,openwebtext-3%,36,val_eval,9.319847106933594,1.1094452773613192e-05,6.473032168297676,
2025-09-15 05:10:51,ADAM_lr0.001,ADAM,2,openwebtext-3%,36,train_iter,9.266430735588074,1.1094452773613192e-05,6.4701064880515355,20897.55940437317
2025-09-15 05:11:04,ADAM_lr0.001,ADAM,2,openwebtext-3%,37,train_eval,9.291467666625977,1.139430284857571e-05,6.4701064880515355,
2025-09-15 05:11:04,ADAM_lr0.001,ADAM,2,openwebtext-3%,37,val_eval,9.296455383300781,1.139430284857571e-05,6.4701064880515355,
2025-09-15 05:11:12,ADAM_lr0.001,ADAM,2,openwebtext-3%,37,train_iter,9.467077255249023,1.139430284857571e-05,6.474077971878223,20685.54139137268
2025-09-15 05:11:24,ADAM_lr0.001,ADAM,2,openwebtext-3%,38,train_eval,9.261102676391602,1.169415292353823e-05,6.474077971878223,
2025-09-15 05:11:24,ADAM_lr0.001,ADAM,2,openwebtext-3%,38,val_eval,9.273685455322266,1.169415292353823e-05,6.474077971878223,
2025-09-15 05:11:32,ADAM_lr0.001,ADAM,2,openwebtext-3%,38,train_iter,9.351752400398254,1.169415292353823e-05,6.475005043934005,20770.00403404236
2025-09-15 05:11:45,ADAM_lr0.001,ADAM,2,openwebtext-3%,39,train_eval,9.241955757141113,1.1994002998500749e-05,6.475005043934005,
2025-09-15 05:11:45,ADAM_lr0.001,ADAM,2,openwebtext-3%,39,val_eval,9.243439674377441,1.1994002998500749e-05,6.475005043934005,
2025-09-15 05:11:53,ADAM_lr0.001,ADAM,2,openwebtext-3%,39,train_iter,9.195305705070496,1.1994002998500749e-05,6.478183439570085,20695.181369781494
2025-09-15 05:12:06,ADAM_lr0.001,ADAM,2,openwebtext-3%,40,train_eval,9.211844444274902,1.2293853073463267e-05,6.478183439570085,
2025-09-15 05:12:06,ADAM_lr0.001,ADAM,2,openwebtext-3%,40,val_eval,9.222234725952148,1.2293853073463267e-05,6.478183439570085,
2025-09-15 05:12:14,ADAM_lr0.001,ADAM,2,openwebtext-3%,40,train_iter,9.292234778404236,1.2293853073463267e-05,6.478748596013369,20768.44620704651
2025-09-15 05:12:27,ADAM_lr0.001,ADAM,2,openwebtext-3%,41,train_eval,9.198416709899902,1.2593703148425786e-05,6.478748596013369,
2025-09-15 05:12:27,ADAM_lr0.001,ADAM,2,openwebtext-3%,41,val_eval,9.190256118774414,1.2593703148425786e-05,6.478748596013369,
2025-09-15 05:12:35,ADAM_lr0.001,ADAM,2,openwebtext-3%,41,train_iter,9.180673956871033,1.2593703148425786e-05,6.477924912353313,20811.20991706848
2025-09-15 05:12:47,ADAM_lr0.001,ADAM,2,openwebtext-3%,42,train_eval,9.171772003173828,1.2893553223388304e-05,6.477924912353313,
2025-09-15 05:12:47,ADAM_lr0.001,ADAM,2,openwebtext-3%,42,val_eval,9.176888465881348,1.2893553223388304e-05,6.477924912353313,
2025-09-15 05:12:55,ADAM_lr0.001,ADAM,2,openwebtext-3%,42,train_iter,9.12087857723236,1.2893553223388304e-05,6.477829152764601,20790.467500686646
2025-09-15 05:13:08,ADAM_lr0.001,ADAM,2,openwebtext-3%,43,train_eval,9.143911361694336,1.3193403298350823e-05,6.477829152764601,
2025-09-15 05:13:08,ADAM_lr0.001,ADAM,2,openwebtext-3%,43,val_eval,9.14570140838623,1.3193403298350823e-05,6.477829152764601,
2025-09-15 05:13:16,ADAM_lr0.001,ADAM,2,openwebtext-3%,43,train_iter,9.156286120414734,1.3193403298350823e-05,6.47997584034056,20719.040632247925
2025-09-15 05:13:29,ADAM_lr0.001,ADAM,2,openwebtext-3%,44,train_eval,9.116620063781738,1.3493253373313342e-05,6.47997584034056,
2025-09-15 05:13:29,ADAM_lr0.001,ADAM,2,openwebtext-3%,44,val_eval,9.134970664978027,1.3493253373313342e-05,6.47997584034056,
2025-09-15 05:13:37,ADAM_lr0.001,ADAM,2,openwebtext-3%,44,train_iter,9.077761769294739,1.3493253373313342e-05,6.482459595647737,20701.46679878235
2025-09-15 05:13:50,ADAM_lr0.001,ADAM,2,openwebtext-3%,45,train_eval,9.087896347045898,1.379310344827586e-05,6.482459595647737,
2025-09-15 05:13:50,ADAM_lr0.001,ADAM,2,openwebtext-3%,45,val_eval,9.099687576293945,1.379310344827586e-05,6.482459595647737,
2025-09-15 05:13:58,ADAM_lr0.001,ADAM,2,openwebtext-3%,45,train_iter,9.042845964431763,1.379310344827586e-05,6.479849788246975,20856.821298599243
2025-09-15 05:14:10,ADAM_lr0.001,ADAM,2,openwebtext-3%,46,train_eval,9.071674346923828,1.409295352323838e-05,6.479849788246975,
2025-09-15 05:14:10,ADAM_lr0.001,ADAM,2,openwebtext-3%,46,val_eval,9.078241348266602,1.409295352323838e-05,6.479849788246975,
2025-09-15 05:14:19,ADAM_lr0.001,ADAM,2,openwebtext-3%,46,train_iter,9.103845953941345,1.409295352323838e-05,6.480400993851146,20763.556718826294
2025-09-15 05:14:31,ADAM_lr0.001,ADAM,2,openwebtext-3%,47,train_eval,9.0462646484375,1.4392803598200899e-05,6.480400993851146,
2025-09-15 05:14:31,ADAM_lr0.001,ADAM,2,openwebtext-3%,47,val_eval,9.039856910705566,1.4392803598200899e-05,6.480400993851146,
2025-09-15 05:14:39,ADAM_lr0.001,ADAM,2,openwebtext-3%,47,train_iter,9.036033749580383,1.4392803598200899e-05,6.480916709383547,20762.928247451782
2025-09-15 05:14:52,ADAM_lr0.001,ADAM,2,openwebtext-3%,48,train_eval,9.024441719055176,1.4692653673163418e-05,6.480916709383547,
2025-09-15 05:14:52,ADAM_lr0.001,ADAM,2,openwebtext-3%,48,val_eval,9.027148246765137,1.4692653673163418e-05,6.480916709383547,
2025-09-15 05:15:00,ADAM_lr0.001,ADAM,2,openwebtext-3%,48,train_iter,9.06587541103363,1.4692653673163418e-05,6.4777597234015465,20879.5063495636
2025-09-15 05:15:13,ADAM_lr0.001,ADAM,2,openwebtext-3%,49,train_eval,9.000286102294922,1.4992503748125936e-05,6.4777597234015465,
2025-09-15 05:15:13,ADAM_lr0.001,ADAM,2,openwebtext-3%,49,val_eval,9.010528564453125,1.4992503748125936e-05,6.4777597234015465,
2025-09-15 05:15:21,ADAM_lr0.001,ADAM,2,openwebtext-3%,49,train_iter,9.139882922172546,1.4992503748125936e-05,6.478715712663233,20757.290601730347
2025-09-15 05:15:34,ADAM_lr0.001,ADAM,2,openwebtext-3%,50,train_eval,8.973594665527344,1.5292353823088455e-05,6.478715712663233,
2025-09-15 05:15:34,ADAM_lr0.001,ADAM,2,openwebtext-3%,50,val_eval,8.974849700927734,1.5292353823088455e-05,6.478715712663233,
2025-09-15 05:15:42,ADAM_lr0.001,ADAM,2,openwebtext-3%,50,train_iter,8.888495564460754,1.5292353823088455e-05,6.476823361695342,20845.744609832764
2025-09-15 05:15:54,ADAM_lr0.001,ADAM,2,openwebtext-3%,51,train_eval,8.938730239868164,1.5592203898050973e-05,6.476823361695342,
2025-09-15 05:15:54,ADAM_lr0.001,ADAM,2,openwebtext-3%,51,val_eval,8.947983741760254,1.5592203898050973e-05,6.476823361695342,
2025-09-15 05:16:03,ADAM_lr0.001,ADAM,2,openwebtext-3%,51,train_iter,8.927017450332642,1.5592203898050973e-05,6.477192209638195,20779.096126556396
2025-09-15 05:16:15,ADAM_lr0.001,ADAM,2,openwebtext-3%,52,train_eval,8.917082786560059,1.589205397301349e-05,6.477192209638195,
2025-09-15 05:16:15,ADAM_lr0.001,ADAM,2,openwebtext-3%,52,val_eval,8.92225456237793,1.589205397301349e-05,6.477192209638195,
2025-09-15 05:16:23,ADAM_lr0.001,ADAM,2,openwebtext-3%,52,train_iter,8.934163451194763,1.589205397301349e-05,6.476663317681519,20806.735277175903
2025-09-15 05:16:36,ADAM_lr0.001,ADAM,2,openwebtext-3%,53,train_eval,8.893111228942871,1.619190404797601e-05,6.476663317681519,
2025-09-15 05:16:36,ADAM_lr0.001,ADAM,2,openwebtext-3%,53,val_eval,8.901151657104492,1.619190404797601e-05,6.476663317681519,
2025-09-15 05:16:44,ADAM_lr0.001,ADAM,2,openwebtext-3%,53,train_iter,8.855194449424744,1.619190404797601e-05,6.47603518232871,20811.62738800049
2025-09-15 05:16:57,ADAM_lr0.001,ADAM,2,openwebtext-3%,54,train_eval,8.875898361206055,1.649175412293853e-05,6.47603518232871,
2025-09-15 05:16:57,ADAM_lr0.001,ADAM,2,openwebtext-3%,54,val_eval,8.888130187988281,1.649175412293853e-05,6.47603518232871,
2025-09-15 05:17:05,ADAM_lr0.001,ADAM,2,openwebtext-3%,54,train_iter,8.875389099121094,1.649175412293853e-05,6.474331433602977,20848.308801651
2025-09-15 05:17:18,ADAM_lr0.001,ADAM,2,openwebtext-3%,55,train_eval,8.837342262268066,1.679160419790105e-05,6.474331433602977,
2025-09-15 05:17:18,ADAM_lr0.001,ADAM,2,openwebtext-3%,55,val_eval,8.831769943237305,1.679160419790105e-05,6.474331433602977,
2025-09-15 05:17:28,ADAM_lr0.001,ADAM,2,openwebtext-3%,55,train_iter,8.888522982597351,1.679160419790105e-05,6.4170221172807045,22818.800449371338
2025-09-15 05:17:41,ADAM_lr0.001,ADAM,2,openwebtext-3%,56,train_eval,8.829875946044922,1.7091454272863564e-05,6.4170221172807045,
2025-09-15 05:17:41,ADAM_lr0.001,ADAM,2,openwebtext-3%,56,val_eval,8.833086013793945,1.7091454272863564e-05,6.4170221172807045,
2025-09-15 05:17:50,ADAM_lr0.001,ADAM,2,openwebtext-3%,56,train_iter,8.836588263511658,1.7091454272863564e-05,6.384478179556187,22105.778455734253
2025-09-15 05:18:03,ADAM_lr0.001,ADAM,2,openwebtext-3%,57,train_eval,8.801115989685059,1.7391304347826085e-05,6.384478179556187,
2025-09-15 05:18:03,ADAM_lr0.001,ADAM,2,openwebtext-3%,57,val_eval,8.806990623474121,1.7391304347826085e-05,6.384478179556187,
2025-09-15 05:18:11,ADAM_lr0.001,ADAM,2,openwebtext-3%,57,train_iter,8.756247758865356,1.7391304347826085e-05,6.381401339965151,21193.788051605225
2025-09-15 05:18:24,ADAM_lr0.001,ADAM,2,openwebtext-3%,58,train_eval,8.783231735229492,1.7691154422788603e-05,6.381401339965151,
2025-09-15 05:18:24,ADAM_lr0.001,ADAM,2,openwebtext-3%,58,val_eval,8.784856796264648,1.7691154422788603e-05,6.381401339965151,
2025-09-15 05:18:33,ADAM_lr0.001,ADAM,2,openwebtext-3%,58,train_iter,8.777593970298767,1.7691154422788603e-05,6.346631808982704,22317.822217941284
2025-09-15 05:18:46,ADAM_lr0.001,ADAM,2,openwebtext-3%,59,train_eval,8.755867958068848,1.7991004497751124e-05,6.346631808982704,
2025-09-15 05:18:46,ADAM_lr0.001,ADAM,2,openwebtext-3%,59,val_eval,8.771113395690918,1.7991004497751124e-05,6.346631808982704,
2025-09-15 05:18:56,ADAM_lr0.001,ADAM,2,openwebtext-3%,59,train_iter,8.847495913505554,1.7991004497751124e-05,6.304723979851548,22717.496871948242
2025-09-15 05:19:09,ADAM_lr0.001,ADAM,2,openwebtext-3%,60,train_eval,8.738068580627441,1.829085457271364e-05,6.304723979851548,
2025-09-15 05:19:09,ADAM_lr0.001,ADAM,2,openwebtext-3%,60,val_eval,8.748730659484863,1.829085457271364e-05,6.304723979851548,
2025-09-15 05:19:18,ADAM_lr0.001,ADAM,2,openwebtext-3%,60,train_iter,8.710136413574219,1.829085457271364e-05,6.3006441798185335,21497.568607330322
2025-09-15 05:19:30,ADAM_lr0.001,ADAM,2,openwebtext-3%,61,train_eval,8.713994979858398,1.859070464767616e-05,6.3006441798185335,
2025-09-15 05:19:30,ADAM_lr0.001,ADAM,2,openwebtext-3%,61,val_eval,8.724372863769531,1.859070464767616e-05,6.3006441798185335,
2025-09-15 05:19:39,ADAM_lr0.001,ADAM,2,openwebtext-3%,61,train_iter,8.774730563163757,1.859070464767616e-05,6.307102167840773,21155.449867248535
2025-09-15 05:19:52,ADAM_lr0.001,ADAM,2,openwebtext-3%,62,train_eval,8.701481819152832,1.8890554722638677e-05,6.307102167840773,
2025-09-15 05:19:52,ADAM_lr0.001,ADAM,2,openwebtext-3%,62,val_eval,8.703678131103516,1.8890554722638677e-05,6.307102167840773,
2025-09-15 05:20:00,ADAM_lr0.001,ADAM,2,openwebtext-3%,62,train_iter,8.725183606147766,1.8890554722638677e-05,6.313418788618379,21138.697862625122
2025-09-15 05:20:13,ADAM_lr0.001,ADAM,2,openwebtext-3%,63,train_eval,8.673519134521484,1.9190404797601198e-05,6.313418788618379,
2025-09-15 05:20:13,ADAM_lr0.001,ADAM,2,openwebtext-3%,63,val_eval,8.680180549621582,1.9190404797601198e-05,6.313418788618379,
2025-09-15 05:20:21,ADAM_lr0.001,ADAM,2,openwebtext-3%,63,train_iter,8.785781860351562,1.9190404797601198e-05,6.308977592444302,21480.14545440674
2025-09-15 05:20:34,ADAM_lr0.001,ADAM,2,openwebtext-3%,64,train_eval,8.648299217224121,1.949025487256372e-05,6.308977592444302,
2025-09-15 05:20:34,ADAM_lr0.001,ADAM,2,openwebtext-3%,64,val_eval,8.656861305236816,1.949025487256372e-05,6.308977592444302,
2025-09-15 05:20:43,ADAM_lr0.001,ADAM,2,openwebtext-3%,64,train_iter,8.819713592529297,1.949025487256372e-05,6.304376389695329,21500.86522102356
2025-09-15 05:20:56,ADAM_lr0.001,ADAM,2,openwebtext-3%,65,train_eval,8.630356788635254,1.9790104947526234e-05,6.304376389695329,
2025-09-15 05:20:56,ADAM_lr0.001,ADAM,2,openwebtext-3%,65,val_eval,8.640403747558594,1.9790104947526234e-05,6.304376389695329,
2025-09-15 05:21:04,ADAM_lr0.001,ADAM,2,openwebtext-3%,65,train_iter,8.758280873298645,1.9790104947526234e-05,6.302214929865323,21433.11858177185
2025-09-15 05:21:17,ADAM_lr0.001,ADAM,2,openwebtext-3%,66,train_eval,8.615020751953125,2.0089955022488755e-05,6.302214929865323,
2025-09-15 05:21:17,ADAM_lr0.001,ADAM,2,openwebtext-3%,66,val_eval,8.611310958862305,2.0089955022488755e-05,6.302214929865323,
2025-09-15 05:21:26,ADAM_lr0.001,ADAM,2,openwebtext-3%,66,train_iter,8.584579825401306,2.0089955022488755e-05,6.295135634147342,21609.703063964844
2025-09-15 05:21:39,ADAM_lr0.001,ADAM,2,openwebtext-3%,67,train_eval,8.580759048461914,2.0389805097451272e-05,6.295135634147342,
2025-09-15 05:21:39,ADAM_lr0.001,ADAM,2,openwebtext-3%,67,val_eval,8.588177680969238,2.0389805097451272e-05,6.295135634147342,
2025-09-15 05:21:47,ADAM_lr0.001,ADAM,2,openwebtext-3%,67,train_iter,8.62658143043518,2.0389805097451272e-05,6.2987353253211475,21269.36650276184
2025-09-15 05:22:00,ADAM_lr0.001,ADAM,2,openwebtext-3%,68,train_eval,8.563817977905273,2.0689655172413793e-05,6.2987353253211475,
2025-09-15 05:22:00,ADAM_lr0.001,ADAM,2,openwebtext-3%,68,val_eval,8.561836242675781,2.0689655172413793e-05,6.2987353253211475,
2025-09-15 05:22:07,ADAM_lr0.001,ADAM,2,openwebtext-3%,68,train_iter,8.621242642402649,2.0689655172413793e-05,6.349909694289331,19772.350549697876
2025-09-15 05:22:20,ADAM_lr0.001,ADAM,2,openwebtext-3%,69,train_eval,8.541338920593262,2.098950524737631e-05,6.349909694289331,
2025-09-15 05:22:20,ADAM_lr0.001,ADAM,2,openwebtext-3%,69,val_eval,8.543457984924316,2.098950524737631e-05,6.349909694289331,
2025-09-15 05:22:27,ADAM_lr0.001,ADAM,2,openwebtext-3%,69,train_iter,8.417949676513672,2.098950524737631e-05,6.3970234656512,19741.715669631958
2025-09-15 05:22:39,ADAM_lr0.001,ADAM,2,openwebtext-3%,70,train_eval,8.525663375854492,2.128935532233883e-05,6.3970234656512,
2025-09-15 05:22:39,ADAM_lr0.001,ADAM,2,openwebtext-3%,70,val_eval,8.52262020111084,2.128935532233883e-05,6.3970234656512,
2025-09-15 05:22:46,ADAM_lr0.001,ADAM,2,openwebtext-3%,70,train_iter,8.664045333862305,2.128935532233883e-05,6.440682360902161,19705.416440963745
2025-09-15 05:22:59,ADAM_lr0.001,ADAM,2,openwebtext-3%,71,train_eval,8.491918563842773,2.1589205397301346e-05,6.440682360902161,
2025-09-15 05:22:59,ADAM_lr0.001,ADAM,2,openwebtext-3%,71,val_eval,8.487699508666992,2.1589205397301346e-05,6.440682360902161,
2025-09-15 05:23:06,ADAM_lr0.001,ADAM,2,openwebtext-3%,71,train_iter,8.493027091026306,2.1589205397301346e-05,6.47339619273658,19896.97790145874
2025-09-15 05:23:19,ADAM_lr0.001,ADAM,2,openwebtext-3%,72,train_eval,8.483381271362305,2.1889055472263867e-05,6.47339619273658,
2025-09-15 05:23:19,ADAM_lr0.001,ADAM,2,openwebtext-3%,72,val_eval,8.482287406921387,2.1889055472263867e-05,6.47339619273658,
2025-09-15 05:23:26,ADAM_lr0.001,ADAM,2,openwebtext-3%,72,train_iter,8.45288097858429,2.1889055472263867e-05,6.51066525327198,19669.51084136963
2025-09-15 05:23:39,ADAM_lr0.001,ADAM,2,openwebtext-3%,73,train_eval,8.452127456665039,2.2188905547226385e-05,6.51066525327198,
2025-09-15 05:23:39,ADAM_lr0.001,ADAM,2,openwebtext-3%,73,val_eval,8.455951690673828,2.2188905547226385e-05,6.51066525327198,
2025-09-15 05:23:46,ADAM_lr0.001,ADAM,2,openwebtext-3%,73,train_iter,8.409412503242493,2.2188905547226385e-05,6.536090019792895,19905.530214309692
2025-09-15 05:23:59,ADAM_lr0.001,ADAM,2,openwebtext-3%,74,train_eval,8.441659927368164,2.2488755622188906e-05,6.536090019792895,
2025-09-15 05:23:59,ADAM_lr0.001,ADAM,2,openwebtext-3%,74,val_eval,8.429815292358398,2.2488755622188906e-05,6.536090019792895,
2025-09-15 05:24:06,ADAM_lr0.001,ADAM,2,openwebtext-3%,74,train_iter,8.37479293346405,2.2488755622188906e-05,6.566291428891496,19692.47269630432
2025-09-15 05:24:18,ADAM_lr0.001,ADAM,2,openwebtext-3%,75,train_eval,8.419475555419922,2.278860569715142e-05,6.566291428891496,
2025-09-15 05:24:18,ADAM_lr0.001,ADAM,2,openwebtext-3%,75,val_eval,8.417757034301758,2.278860569715142e-05,6.566291428891496,
2025-09-15 05:24:25,ADAM_lr0.001,ADAM,2,openwebtext-3%,75,train_iter,8.265318274497986,2.278860569715142e-05,6.592708419454696,19714.50710296631
2025-09-15 05:24:38,ADAM_lr0.001,ADAM,2,openwebtext-3%,76,train_eval,8.386351585388184,2.308845577211394e-05,6.592708419454696,
2025-09-15 05:24:38,ADAM_lr0.001,ADAM,2,openwebtext-3%,76,val_eval,8.399558067321777,2.308845577211394e-05,6.592708419454696,
2025-09-15 05:24:45,ADAM_lr0.001,ADAM,2,openwebtext-3%,76,train_iter,8.381472826004028,2.308845577211394e-05,6.609142132191207,19928.706645965576
2025-09-15 05:24:58,ADAM_lr0.001,ADAM,2,openwebtext-3%,77,train_eval,8.376002311706543,2.338830584707646e-05,6.609142132191207,
2025-09-15 05:24:58,ADAM_lr0.001,ADAM,2,openwebtext-3%,77,val_eval,8.373432159423828,2.338830584707646e-05,6.609142132191207,
2025-09-15 05:25:05,ADAM_lr0.001,ADAM,2,openwebtext-3%,77,train_iter,8.526739478111267,2.338830584707646e-05,6.632002426104916,19693.506717681885
2025-09-15 05:25:18,ADAM_lr0.001,ADAM,2,openwebtext-3%,78,train_eval,8.339075088500977,2.368815592203898e-05,6.632002426104916,
2025-09-15 05:25:18,ADAM_lr0.001,ADAM,2,openwebtext-3%,78,val_eval,8.357181549072266,2.368815592203898e-05,6.632002426104916,
2025-09-15 05:25:25,ADAM_lr0.001,ADAM,2,openwebtext-3%,78,train_iter,8.211308717727661,2.368815592203898e-05,6.6521853198954375,19704.785108566284
2025-09-15 05:25:37,ADAM_lr0.001,ADAM,2,openwebtext-3%,79,train_eval,8.312211036682129,2.3988005997001498e-05,6.6521853198954375,
2025-09-15 05:25:37,ADAM_lr0.001,ADAM,2,openwebtext-3%,79,val_eval,8.32353687286377,2.3988005997001498e-05,6.6521853198954375,
2025-09-15 05:25:45,ADAM_lr0.001,ADAM,2,openwebtext-3%,79,train_iter,8.305250406265259,2.3988005997001498e-05,6.6634361870278145,19906.174421310425
2025-09-15 05:25:57,ADAM_lr0.001,ADAM,2,openwebtext-3%,80,train_eval,8.291680335998535,2.4287856071964015e-05,6.6634361870278145,
2025-09-15 05:25:57,ADAM_lr0.001,ADAM,2,openwebtext-3%,80,val_eval,8.309772491455078,2.4287856071964015e-05,6.6634361870278145,
2025-09-15 05:26:04,ADAM_lr0.001,ADAM,2,openwebtext-3%,80,train_iter,8.33705723285675,2.4287856071964015e-05,6.682005906228509,19660.76159477234
2025-09-15 05:26:17,ADAM_lr0.001,ADAM,2,openwebtext-3%,81,train_eval,8.286998748779297,2.4587706146926533e-05,6.682005906228509,
2025-09-15 05:26:17,ADAM_lr0.001,ADAM,2,openwebtext-3%,81,val_eval,8.27748966217041,2.4587706146926533e-05,6.682005906228509,
2025-09-15 05:26:24,ADAM_lr0.001,ADAM,2,openwebtext-3%,81,train_iter,8.206405639648438,2.4587706146926533e-05,6.689343481127044,19933.61520767212
2025-09-15 05:26:37,ADAM_lr0.001,ADAM,2,openwebtext-3%,82,train_eval,8.250641822814941,2.4887556221889054e-05,6.689343481127044,
2025-09-15 05:26:37,ADAM_lr0.001,ADAM,2,openwebtext-3%,82,val_eval,8.251577377319336,2.4887556221889054e-05,6.689343481127044,
2025-09-15 05:26:44,ADAM_lr0.001,ADAM,2,openwebtext-3%,82,train_iter,8.287477493286133,2.4887556221889054e-05,6.697072066906032,19900.48098564148
2025-09-15 05:26:57,ADAM_lr0.001,ADAM,2,openwebtext-3%,83,train_eval,8.228272438049316,2.5187406296851572e-05,6.697072066906032,
2025-09-15 05:26:57,ADAM_lr0.001,ADAM,2,openwebtext-3%,83,val_eval,8.230351448059082,2.5187406296851572e-05,6.697072066906032,
2025-09-15 05:27:04,ADAM_lr0.001,ADAM,2,openwebtext-3%,83,train_iter,8.222927451133728,2.5187406296851572e-05,6.701298814559661,19981.064558029175
2025-09-15 05:27:17,ADAM_lr0.001,ADAM,2,openwebtext-3%,84,train_eval,8.209213256835938,2.5487256371814093e-05,6.701298814559661,
2025-09-15 05:27:17,ADAM_lr0.001,ADAM,2,openwebtext-3%,84,val_eval,8.219078063964844,2.5487256371814093e-05,6.701298814559661,
2025-09-15 05:27:24,ADAM_lr0.001,ADAM,2,openwebtext-3%,84,train_iter,8.121520280838013,2.5487256371814093e-05,6.7127556440844245,19756.720066070557
2025-09-15 05:27:37,ADAM_lr0.001,ADAM,2,openwebtext-3%,85,train_eval,8.183693885803223,2.5787106446776607e-05,6.7127556440844245,
2025-09-15 05:27:37,ADAM_lr0.001,ADAM,2,openwebtext-3%,85,val_eval,8.18659782409668,2.5787106446776607e-05,6.7127556440844245,
2025-09-15 05:27:43,ADAM_lr0.001,ADAM,2,openwebtext-3%,85,train_iter,8.009340167045593,2.5787106446776607e-05,6.726157642274212,19667.531967163086
2025-09-15 05:27:56,ADAM_lr0.001,ADAM,2,openwebtext-3%,86,train_eval,8.149251937866211,2.6086956521739128e-05,6.726157642274212,
2025-09-15 05:27:56,ADAM_lr0.001,ADAM,2,openwebtext-3%,86,val_eval,8.160726547241211,2.6086956521739128e-05,6.726157642274212,
2025-09-15 05:28:03,ADAM_lr0.001,ADAM,2,openwebtext-3%,86,train_iter,8.042736053466797,2.6086956521739128e-05,6.737051109247768,19701.149940490723
2025-09-15 05:28:16,ADAM_lr0.001,ADAM,2,openwebtext-3%,87,train_eval,8.144506454467773,2.6386806596701646e-05,6.737051109247768,
2025-09-15 05:28:16,ADAM_lr0.001,ADAM,2,openwebtext-3%,87,val_eval,8.146915435791016,2.6386806596701646e-05,6.737051109247768,
2025-09-15 05:28:23,ADAM_lr0.001,ADAM,2,openwebtext-3%,87,train_iter,8.443616032600403,2.6386806596701646e-05,6.747703083301333,19676.74207687378
2025-09-15 05:28:36,ADAM_lr0.001,ADAM,2,openwebtext-3%,88,train_eval,8.099275588989258,2.6686656671664167e-05,6.747703083301333,
2025-09-15 05:28:36,ADAM_lr0.001,ADAM,2,openwebtext-3%,88,val_eval,8.126667022705078,2.6686656671664167e-05,6.747703083301333,
2025-09-15 05:28:43,ADAM_lr0.001,ADAM,2,openwebtext-3%,88,train_iter,8.145377039909363,2.6686656671664167e-05,6.75728656796272,19676.836729049683
2025-09-15 05:28:55,ADAM_lr0.001,ADAM,2,openwebtext-3%,89,train_eval,8.09974479675293,2.6986506746626685e-05,6.75728656796272,
2025-09-15 05:28:55,ADAM_lr0.001,ADAM,2,openwebtext-3%,89,val_eval,8.102517127990723,2.6986506746626685e-05,6.75728656796272,
2025-09-15 05:29:02,ADAM_lr0.001,ADAM,2,openwebtext-3%,89,train_iter,8.11013638973236,2.6986506746626685e-05,6.764609826989436,19714.340209960938
2025-09-15 05:29:15,ADAM_lr0.001,ADAM,2,openwebtext-3%,90,train_eval,8.062835693359375,2.7286356821589202e-05,6.764609826989436,
2025-09-15 05:29:15,ADAM_lr0.001,ADAM,2,openwebtext-3%,90,val_eval,8.081875801086426,2.7286356821589202e-05,6.764609826989436,
2025-09-15 05:29:22,ADAM_lr0.001,ADAM,2,openwebtext-3%,90,train_iter,8.016685843467712,2.7286356821589202e-05,6.772876783090149,19666.08500480652
2025-09-15 05:29:35,ADAM_lr0.001,ADAM,2,openwebtext-3%,91,train_eval,8.032173156738281,2.758620689655172e-05,6.772876783090149,
2025-09-15 05:29:35,ADAM_lr0.001,ADAM,2,openwebtext-3%,91,val_eval,8.057185173034668,2.758620689655172e-05,6.772876783090149,
2025-09-15 05:29:42,ADAM_lr0.001,ADAM,2,openwebtext-3%,91,train_iter,7.995980978012085,2.758620689655172e-05,6.778800065906582,19709.75089073181
2025-09-15 05:29:54,ADAM_lr0.001,ADAM,2,openwebtext-3%,92,train_eval,8.016524314880371,2.788605697151424e-05,6.778800065906582,
2025-09-15 05:29:54,ADAM_lr0.001,ADAM,2,openwebtext-3%,92,val_eval,8.03704833984375,2.788605697151424e-05,6.778800065906582,
2025-09-15 05:30:01,ADAM_lr0.001,ADAM,2,openwebtext-3%,92,train_iter,8.056601881980896,2.788605697151424e-05,6.7852689517005915,19676.97763442993
2025-09-15 05:30:14,ADAM_lr0.001,ADAM,2,openwebtext-3%,93,train_eval,7.994109630584717,2.818590704647676e-05,6.7852689517005915,
2025-09-15 05:30:14,ADAM_lr0.001,ADAM,2,openwebtext-3%,93,val_eval,8.003168106079102,2.818590704647676e-05,6.7852689517005915,
2025-09-15 05:30:21,ADAM_lr0.001,ADAM,2,openwebtext-3%,93,train_iter,7.993997931480408,2.818590704647676e-05,6.788004183114274,19766.133069992065
2025-09-15 05:30:34,ADAM_lr0.001,ADAM,2,openwebtext-3%,94,train_eval,7.977541446685791,2.8485757121439276e-05,6.788004183114274,
2025-09-15 05:30:34,ADAM_lr0.001,ADAM,2,openwebtext-3%,94,val_eval,7.984687328338623,2.8485757121439276e-05,6.788004183114274,
2025-09-15 05:30:41,ADAM_lr0.001,ADAM,2,openwebtext-3%,94,train_iter,7.92450487613678,2.8485757121439276e-05,6.790725058837518,19758.61644744873
2025-09-15 05:30:54,ADAM_lr0.001,ADAM,2,openwebtext-3%,95,train_eval,7.9658522605896,2.8785607196401797e-05,6.790725058837518,
2025-09-15 05:30:54,ADAM_lr0.001,ADAM,2,openwebtext-3%,95,val_eval,7.962707042694092,2.8785607196401797e-05,6.790725058837518,
2025-09-15 05:31:00,ADAM_lr0.001,ADAM,2,openwebtext-3%,95,train_iter,7.930650115013123,2.8785607196401797e-05,6.796521940000222,19662.023305892944
2025-09-15 05:31:13,ADAM_lr0.001,ADAM,2,openwebtext-3%,96,train_eval,7.935911655426025,2.9085457271364315e-05,6.796521940000222,
2025-09-15 05:31:13,ADAM_lr0.001,ADAM,2,openwebtext-3%,96,val_eval,7.944692611694336,2.9085457271364315e-05,6.796521940000222,
2025-09-15 05:31:20,ADAM_lr0.001,ADAM,2,openwebtext-3%,96,train_iter,7.845270037651062,2.9085457271364315e-05,6.800763726788651,19690.06633758545
2025-09-15 05:31:33,ADAM_lr0.001,ADAM,2,openwebtext-3%,97,train_eval,7.908539295196533,2.9385307346326836e-05,6.800763726788651,
2025-09-15 05:31:33,ADAM_lr0.001,ADAM,2,openwebtext-3%,97,val_eval,7.9183430671691895,2.9385307346326836e-05,6.800763726788651,
2025-09-15 05:31:40,ADAM_lr0.001,ADAM,2,openwebtext-3%,97,train_iter,7.828155755996704,2.9385307346326836e-05,6.80521779822484,19671.758890151978
2025-09-15 05:31:53,ADAM_lr0.001,ADAM,2,openwebtext-3%,98,train_eval,7.903661727905273,2.9685157421289354e-05,6.80521779822484,
2025-09-15 05:31:53,ADAM_lr0.001,ADAM,2,openwebtext-3%,98,val_eval,7.895198345184326,2.9685157421289354e-05,6.80521779822484,
2025-09-15 05:32:00,ADAM_lr0.001,ADAM,2,openwebtext-3%,98,train_iter,7.913426756858826,2.9685157421289354e-05,6.809092460416282,19675.610542297363
2025-09-15 05:32:12,ADAM_lr0.001,ADAM,2,openwebtext-3%,99,train_eval,7.851677417755127,2.998500749625187e-05,6.809092460416282,
2025-09-15 05:32:12,ADAM_lr0.001,ADAM,2,openwebtext-3%,99,val_eval,7.880667686462402,2.998500749625187e-05,6.809092460416282,
2025-09-15 05:32:19,ADAM_lr0.001,ADAM,2,openwebtext-3%,99,train_iter,7.754868865013123,2.998500749625187e-05,6.809314134898874,19769.940614700317
2025-09-15 05:32:32,ADAM_lr0.001,ADAM,2,openwebtext-3%,100,train_eval,7.845996856689453,3.028485757121439e-05,6.809314134898874,
2025-09-15 05:32:32,ADAM_lr0.001,ADAM,2,openwebtext-3%,100,val_eval,7.852541446685791,3.028485757121439e-05,6.809314134898874,
